data,apr_lido_pct,apr_direto_estimado_pct,spread_pct,fonte
2022-05-03,3.6,4.0,0.3999999999999999,derivado_lido
2022-05-04,3.6,4.0,0.3999999999999999,derivado_lido
2022-05-05,3.6,4.0,0.3999999999999999,derivado_lido
2022-05-06,3.5,3.888888888888889,0.38888888888888884,derivado_lido
2022-05-07,3.5,3.888888888888889,0.38888888888888884,derivado_lido
2022-05-08,3.6,4.0,0.3999999999999999,derivado_lido
2022-05-09,3.5,3.888888888888889,0.38888888888888884,derivado_lido
2022-05-10,3.6,4.0,0.3999999999999999,derivado_lido
2022-05-11,3.6,4.0,0.3999999999999999,derivado_lido
2022-05-12,3.6,4.0,0.3999999999999999,derivado_lido
2022-05-13,3.6,4.0,0.3999999999999999,derivado_lido
2022-05-14,3.6,4.0,0.3999999999999999,derivado_lido
2022-05-15,3.7,4.111111111111112,0.4111111111111114,derivado_lido
2022-05-16,3.7,4.111111111111112,0.4111111111111114,derivado_lido
2022-05-17,3.7,4.111111111111112,0.4111111111111114,derivado_lido
2022-05-18,3.8,4.222222222222222,0.4222222222222225,derivado_lido
2022-05-19,3.8,4.222222222222222,0.4222222222222225,derivado_lido
2022-05-20,3.8,4.222222222222222,0.4222222222222225,derivado_lido
2022-05-21,3.8,4.222222222222222,0.4222222222222225,derivado_lido
2022-05-22,3.9,4.333333333333333,0.4333333333333331,derivado_lido
2022-05-23,3.9,4.333333333333333,0.4333333333333331,derivado_lido
2022-05-24,4.0,4.444444444444445,0.44444444444444464,derivado_lido
2022-05-25,4.0,4.444444444444445,0.44444444444444464,derivado_lido
2022-05-26,4.0,4.444444444444445,0.44444444444444464,derivado_lido
2022-05-27,4.0,4.444444444444445,0.44444444444444464,derivado_lido
2022-05-28,4.0,4.444444444444445,0.44444444444444464,derivado_lido
2022-05-29,4.0,4.444444444444445,0.44444444444444464,derivado_lido
2022-05-30,4.0,4.444444444444445,0.44444444444444464,derivado_lido
2022-05-31,4.0,4.444444444444445,0.44444444444444464,derivado_lido
2022-06-01,4.0,4.444444444444445,0.44444444444444464,derivado_lido
2022-06-02,4.0,4.444444444444445,0.44444444444444464,derivado_lido
2022-06-03,4.0,4.444444444444445,0.44444444444444464,derivado_lido
2022-06-04,4.0,4.444444444444445,0.44444444444444464,derivado_lido
2022-06-05,4.0,4.444444444444445,0.44444444444444464,derivado_lido
2022-06-06,4.0,4.444444444444445,0.44444444444444464,derivado_lido
2022-06-07,4.0,4.444444444444445,0.44444444444444464,derivado_lido
2022-06-08,4.0,4.444444444444445,0.44444444444444464,derivado_lido
2022-06-09,4.0,4.444444444444445,0.44444444444444464,derivado_lido
2022-06-10,4.0,4.444444444444445,0.44444444444444464,derivado_lido
2022-06-11,4.0,4.444444444444445,0.44444444444444464,derivado_lido
2022-06-12,4.0,4.444444444444445,0.44444444444444464,derivado_lido
2022-06-13,4.0,4.444444444444445,0.44444444444444464,derivado_lido
2022-06-14,4.0,4.444444444444445,0.44444444444444464,derivado_lido
2022-06-15,4.0,4.444444444444445,0.44444444444444464,derivado_lido
2022-06-16,4.0,4.444444444444445,0.44444444444444464,derivado_lido
2022-06-17,4.0,4.444444444444445,0.44444444444444464,derivado_lido
2022-06-18,4.0,4.444444444444445,0.44444444444444464,derivado_lido
2022-06-19,3.9,4.333333333333333,0.4333333333333331,derivado_lido
2022-06-20,4.0,4.444444444444445,0.44444444444444464,derivado_lido
2022-06-21,4.0,4.444444444444445,0.44444444444444464,derivado_lido
2022-06-22,4.0,4.444444444444445,0.44444444444444464,derivado_lido
2022-06-23,4.0,4.444444444444445,0.44444444444444464,derivado_lido
2022-06-24,4.0,4.444444444444445,0.44444444444444464,derivado_lido
2022-06-25,4.0,4.444444444444445,0.44444444444444464,derivado_lido
2022-06-26,4.0,4.444444444444445,0.44444444444444464,derivado_lido
2022-06-27,3.9,4.333333333333333,0.4333333333333331,derivado_lido
2022-06-28,4.0,4.444444444444445,0.44444444444444464,derivado_lido
2022-06-29,4.0,4.444444444444445,0.44444444444444464,derivado_lido
2022-06-30,4.0,4.444444444444445,0.44444444444444464,derivado_lido
2022-07-01,3.9,4.333333333333333,0.4333333333333331,derivado_lido
2022-07-02,4.0,4.444444444444445,0.44444444444444464,derivado_lido
2022-07-03,3.9,4.333333333333333,0.4333333333333331,derivado_lido
2022-07-04,3.9,4.333333333333333,0.4333333333333331,derivado_lido
2022-07-05,3.9,4.333333333333333,0.4333333333333331,derivado_lido
2022-07-06,3.9,4.333333333333333,0.4333333333333331,derivado_lido
2022-07-07,4.0,4.444444444444445,0.44444444444444464,derivado_lido
2022-07-08,4.0,4.444444444444445,0.44444444444444464,derivado_lido
2022-07-09,4.0,4.444444444444445,0.44444444444444464,derivado_lido
2022-07-10,4.0,4.444444444444445,0.44444444444444464,derivado_lido
2022-07-11,4.0,4.444444444444445,0.44444444444444464,derivado_lido
2022-07-12,4.0,4.444444444444445,0.44444444444444464,derivado_lido
2022-07-13,3.9,4.333333333333333,0.4333333333333331,derivado_lido
2022-07-14,3.9,4.333333333333333,0.4333333333333331,derivado_lido
2022-07-15,3.9,4.333333333333333,0.4333333333333331,derivado_lido
2022-07-16,4.0,4.444444444444445,0.44444444444444464,derivado_lido
2022-07-17,3.9,4.333333333333333,0.4333333333333331,derivado_lido
2022-07-18,3.9,4.333333333333333,0.4333333333333331,derivado_lido
2022-07-19,3.9,4.333333333333333,0.4333333333333331,derivado_lido
2022-07-20,3.9,4.333333333333333,0.4333333333333331,derivado_lido
2022-07-21,3.9,4.333333333333333,0.4333333333333331,derivado_lido
2022-07-22,3.9,4.333333333333333,0.4333333333333331,derivado_lido
2022-07-23,3.9,4.333333333333333,0.4333333333333331,derivado_lido
2022-07-24,3.9,4.333333333333333,0.4333333333333331,derivado_lido
2022-07-25,3.9,4.333333333333333,0.4333333333333331,derivado_lido
2022-07-26,4.0,4.444444444444445,0.44444444444444464,derivado_lido
2022-07-27,3.9,4.333333333333333,0.4333333333333331,derivado_lido
2022-07-28,4.0,4.444444444444445,0.44444444444444464,derivado_lido
2022-07-29,3.9,4.333333333333333,0.4333333333333331,derivado_lido
2022-07-30,3.9,4.333333333333333,0.4333333333333331,derivado_lido
2022-07-31,3.9,4.333333333333333,0.4333333333333331,derivado_lido
2022-08-01,3.9,4.333333333333333,0.4333333333333331,derivado_lido
2022-08-02,3.9,4.333333333333333,0.4333333333333331,derivado_lido
2022-08-03,3.9,4.333333333333333,0.4333333333333331,derivado_lido
2022-08-04,3.9,4.333333333333333,0.4333333333333331,derivado_lido
2022-08-05,3.9,4.333333333333333,0.4333333333333331,derivado_lido
2022-08-06,3.9,4.333333333333333,0.4333333333333331,derivado_lido
2022-08-07,3.9,4.333333333333333,0.4333333333333331,derivado_lido
2022-08-08,3.9,4.333333333333333,0.4333333333333331,derivado_lido
2022-08-09,3.9,4.333333333333333,0.4333333333333331,derivado_lido
2022-08-10,3.9,4.333333333333333,0.4333333333333331,derivado_lido
2022-08-11,3.9,4.333333333333333,0.4333333333333331,derivado_lido
2022-08-12,3.9,4.333333333333333,0.4333333333333331,derivado_lido
2022-08-13,3.9,4.333333333333333,0.4333333333333331,derivado_lido
2022-08-14,3.9,4.333333333333333,0.4333333333333331,derivado_lido
2022-08-15,3.9,4.333333333333333,0.4333333333333331,derivado_lido
2022-08-16,3.9,4.333333333333333,0.4333333333333331,derivado_lido
2022-08-17,3.9,4.333333333333333,0.4333333333333331,derivado_lido
2022-08-18,3.9,4.333333333333333,0.4333333333333331,derivado_lido
2022-08-19,3.9,4.333333333333333,0.4333333333333331,derivado_lido
2022-08-20,3.9,4.333333333333333,0.4333333333333331,derivado_lido
2022-08-21,3.9,4.333333333333333,0.4333333333333331,derivado_lido
2022-08-22,3.9,4.333333333333333,0.4333333333333331,derivado_lido
2022-08-23,3.9,4.333333333333333,0.4333333333333331,derivado_lido
2022-08-24,3.9,4.333333333333333,0.4333333333333331,derivado_lido
2022-08-25,3.9,4.333333333333333,0.4333333333333331,derivado_lido
2022-08-26,3.8,4.222222222222222,0.4222222222222225,derivado_lido
2022-08-27,3.9,4.333333333333333,0.4333333333333331,derivado_lido
2022-08-28,3.9,4.333333333333333,0.4333333333333331,derivado_lido
2022-08-29,3.9,4.333333333333333,0.4333333333333331,derivado_lido
2022-08-30,3.9,4.333333333333333,0.4333333333333331,derivado_lido
2022-08-31,3.9,4.333333333333333,0.4333333333333331,derivado_lido
2022-09-01,3.9,4.333333333333333,0.4333333333333331,derivado_lido
2022-09-02,3.9,4.333333333333333,0.4333333333333331,derivado_lido
2022-09-03,3.9,4.333333333333333,0.4333333333333331,derivado_lido
2022-09-04,3.9,4.333333333333333,0.4333333333333331,derivado_lido
2022-09-05,3.9,4.333333333333333,0.4333333333333331,derivado_lido
2022-09-06,3.8,4.222222222222222,0.4222222222222225,derivado_lido
2022-09-07,3.5,3.888888888888889,0.38888888888888884,derivado_lido
2022-09-08,3.8,4.222222222222222,0.4222222222222225,derivado_lido
2022-09-09,3.8,4.222222222222222,0.4222222222222225,derivado_lido
2022-09-10,3.8,4.222222222222222,0.4222222222222225,derivado_lido
2022-09-11,3.8,4.222222222222222,0.4222222222222225,derivado_lido
2022-09-12,3.8,4.222222222222222,0.4222222222222225,derivado_lido
2022-09-13,3.8,4.222222222222222,0.4222222222222225,derivado_lido
2022-09-14,3.8,4.222222222222222,0.4222222222222225,derivado_lido
2022-09-15,4.0,4.444444444444445,0.44444444444444464,derivado_lido
2022-09-16,5.5,6.111111111111111,0.6111111111111107,derivado_lido
2022-09-17,4.8,5.333333333333333,0.5333333333333332,derivado_lido
2022-09-18,4.6,5.111111111111111,0.5111111111111111,derivado_lido
2022-09-19,5.3,5.888888888888888,0.5888888888888886,derivado_lido
2022-09-20,4.9,5.444444444444445,0.5444444444444443,derivado_lido
2022-09-21,5.3,5.888888888888888,0.5888888888888886,derivado_lido
2022-09-22,5.2,5.777777777777778,0.5777777777777775,derivado_lido
2022-09-23,5.0,5.555555555555555,0.5555555555555554,derivado_lido
2022-09-24,5.0,5.555555555555555,0.5555555555555554,derivado_lido
2022-09-25,4.7,5.222222222222222,0.5222222222222221,derivado_lido
2022-09-26,5.1,5.666666666666666,0.5666666666666664,derivado_lido
2022-09-27,5.5,6.111111111111111,0.6111111111111107,derivado_lido
2022-09-28,5.6,6.222222222222221,0.6222222222222218,derivado_lido
2022-09-29,5.4,6.0,0.5999999999999996,derivado_lido
2022-09-30,5.6,6.222222222222221,0.6222222222222218,derivado_lido
2022-10-01,5.4,6.0,0.5999999999999996,derivado_lido
2022-10-02,5.1,5.666666666666666,0.5666666666666664,derivado_lido
2022-10-03,5.2,5.777777777777778,0.5777777777777775,derivado_lido
2022-10-04,5.0,5.555555555555555,0.5555555555555554,derivado_lido
2022-10-05,5.3,5.888888888888888,0.5888888888888886,derivado_lido
2022-10-06,5.7,6.333333333333333,0.6333333333333329,derivado_lido
2022-10-07,5.0,5.555555555555555,0.5555555555555554,derivado_lido
2022-10-08,5.8,6.444444444444444,0.6444444444444439,derivado_lido
2022-10-09,4.7,5.222222222222222,0.5222222222222221,derivado_lido
2022-10-10,5.0,5.555555555555555,0.5555555555555554,derivado_lido
2022-10-11,5.2,5.777777777777778,0.5777777777777775,derivado_lido
2022-10-12,4.9,5.444444444444445,0.5444444444444443,derivado_lido
2022-10-13,5.1,5.666666666666666,0.5666666666666664,derivado_lido
2022-10-14,6.2,6.888888888888889,0.6888888888888891,derivado_lido
2022-10-15,5.0,5.555555555555555,0.5555555555555554,derivado_lido
2022-10-16,5.0,5.555555555555555,0.5555555555555554,derivado_lido
2022-10-17,5.0,5.555555555555555,0.5555555555555554,derivado_lido
2022-10-18,5.9,6.555555555555555,0.655555555555555,derivado_lido
2022-10-19,5.5,6.111111111111111,0.6111111111111107,derivado_lido
2022-10-20,6.3,7.0,0.7000000000000002,derivado_lido
2022-10-21,5.7,6.333333333333333,0.6333333333333329,derivado_lido
2022-10-22,5.6,6.222222222222221,0.6222222222222218,derivado_lido
2022-10-23,5.0,5.555555555555555,0.5555555555555554,derivado_lido
2022-10-24,5.0,5.555555555555555,0.5555555555555554,derivado_lido
2022-10-25,5.0,5.555555555555555,0.5555555555555554,derivado_lido
2022-10-26,6.1,6.777777777777777,0.6777777777777771,derivado_lido
2022-10-27,5.8,6.444444444444444,0.6444444444444439,derivado_lido
2022-10-28,5.4,6.0,0.5999999999999996,derivado_lido
2022-10-29,5.3,5.888888888888888,0.5888888888888886,derivado_lido
2022-10-30,5.3,5.888888888888888,0.5888888888888886,derivado_lido
2022-10-31,5.0,5.555555555555555,0.5555555555555554,derivado_lido
2022-11-01,5.3,5.888888888888888,0.5888888888888886,derivado_lido
2022-11-02,5.3,5.888888888888888,0.5888888888888886,derivado_lido
2022-11-03,5.8,6.444444444444444,0.6444444444444439,derivado_lido
2022-11-04,6.2,6.888888888888889,0.6888888888888891,derivado_lido
2022-11-05,5.3,5.888888888888888,0.5888888888888886,derivado_lido
2022-11-06,4.6,5.111111111111111,0.5111111111111111,derivado_lido
2022-11-07,5.0,5.555555555555555,0.5555555555555554,derivado_lido
2022-11-08,5.9,6.555555555555555,0.655555555555555,derivado_lido
2022-11-09,5.9,6.555555555555555,0.655555555555555,derivado_lido
2022-11-10,6.9,7.666666666666667,0.7666666666666666,derivado_lido
2022-11-11,6.9,7.666666666666667,0.7666666666666666,derivado_lido
2022-11-12,6.9,7.666666666666667,0.7666666666666666,derivado_lido
2022-11-13,10.2,11.333333333333332,1.1333333333333329,derivado_lido
2022-11-14,10.2,11.333333333333332,1.1333333333333329,derivado_lido
2022-11-15,10.1,11.222222222222221,1.1222222222222218,derivado_lido
2022-11-16,9.7,10.777777777777777,1.0777777777777775,derivado_lido
2022-11-17,5.5,6.111111111111111,0.6111111111111107,derivado_lido
2022-11-18,5.2,5.777777777777778,0.5777777777777775,derivado_lido
2022-11-19,4.8,5.333333333333333,0.5333333333333332,derivado_lido
2022-11-20,5.3,5.888888888888888,0.5888888888888886,derivado_lido
2022-11-21,5.3,5.888888888888888,0.5888888888888886,derivado_lido
2022-11-22,5.4,6.0,0.5999999999999996,derivado_lido
2022-11-23,6.3,7.0,0.7000000000000002,derivado_lido
2022-11-24,4.9,5.444444444444445,0.5444444444444443,derivado_lido
2022-11-25,4.9,5.444444444444445,0.5444444444444443,derivado_lido
2022-11-26,7.7,8.555555555555555,0.8555555555555552,derivado_lido
2022-11-27,4.4,4.888888888888889,0.48888888888888893,derivado_lido
2022-11-28,5.0,5.555555555555555,0.5555555555555554,derivado_lido
2022-11-29,4.8,5.333333333333333,0.5333333333333332,derivado_lido
2022-11-30,4.7,5.222222222222222,0.5222222222222221,derivado_lido
2022-12-01,4.8,5.333333333333333,0.5333333333333332,derivado_lido
2022-12-02,5.0,5.555555555555555,0.5555555555555554,derivado_lido
2022-12-03,4.6,5.111111111111111,0.5111111111111111,derivado_lido
2022-12-04,4.6,5.111111111111111,0.5111111111111111,derivado_lido
2022-12-05,4.4,4.888888888888889,0.48888888888888893,derivado_lido
2022-12-06,4.5,5.0,0.5,derivado_lido
2022-12-07,4.7,5.222222222222222,0.5222222222222221,derivado_lido
2022-12-08,5.0,5.555555555555555,0.5555555555555554,derivado_lido
2022-12-09,4.8,5.333333333333333,0.5333333333333332,derivado_lido
2022-12-10,4.5,5.0,0.5,derivado_lido
2022-12-11,4.1,4.555555555555555,0.4555555555555557,derivado_lido
2022-12-12,4.7,5.222222222222222,0.5222222222222221,derivado_lido
2022-12-13,4.8,5.333333333333333,0.5333333333333332,derivado_lido
2022-12-14,4.9,5.444444444444445,0.5444444444444443,derivado_lido
2022-12-15,4.7,5.222222222222222,0.5222222222222221,derivado_lido
2022-12-16,5.0,5.555555555555555,0.5555555555555554,derivado_lido
2022-12-17,5.4,6.0,0.5999999999999996,derivado_lido
2022-12-18,4.6,5.111111111111111,0.5111111111111111,derivado_lido
2022-12-19,4.3,4.777777777777778,0.47777777777777786,derivado_lido
2022-12-20,4.9,5.444444444444445,0.5444444444444443,derivado_lido
2022-12-21,4.5,5.0,0.5,derivado_lido
2022-12-22,4.8,5.333333333333333,0.5333333333333332,derivado_lido
2022-12-23,5.4,6.0,0.5999999999999996,derivado_lido
2022-12-24,4.3,4.777777777777778,0.47777777777777786,derivado_lido
2022-12-25,4.0,4.444444444444445,0.44444444444444464,derivado_lido
2022-12-26,4.4,4.888888888888889,0.48888888888888893,derivado_lido
2022-12-27,4.4,4.888888888888889,0.48888888888888893,derivado_lido
2022-12-28,4.6,5.111111111111111,0.5111111111111111,derivado_lido
2022-12-29,4.3,4.777777777777778,0.47777777777777786,derivado_lido
2022-12-30,4.3,4.777777777777778,0.47777777777777786,derivado_lido
2022-12-31,4.5,5.0,0.5,derivado_lido
2023-01-01,4.2,4.666666666666667,0.4666666666666668,derivado_lido
2023-01-02,4.4,4.888888888888889,0.48888888888888893,derivado_lido
2023-01-03,4.6,5.111111111111111,0.5111111111111111,derivado_lido
2023-01-04,4.9,5.444444444444445,0.5444444444444443,derivado_lido
2023-01-05,5.5,6.111111111111111,0.6111111111111107,derivado_lido
2023-01-06,4.5,5.0,0.5,derivado_lido
2023-01-07,4.5,5.0,0.5,derivado_lido
2023-01-08,4.2,4.666666666666667,0.4666666666666668,derivado_lido
2023-01-09,5.2,5.777777777777778,0.5777777777777775,derivado_lido
2023-01-10,4.7,5.222222222222222,0.5222222222222221,derivado_lido
2023-01-11,4.4,4.888888888888889,0.48888888888888893,derivado_lido
2023-01-12,5.3,5.888888888888888,0.5888888888888886,derivado_lido
2023-01-13,5.5,6.111111111111111,0.6111111111111107,derivado_lido
2023-01-14,6.0,6.666666666666666,0.6666666666666661,derivado_lido
2023-01-15,4.8,5.333333333333333,0.5333333333333332,derivado_lido
2023-01-16,5.0,5.555555555555555,0.5555555555555554,derivado_lido
2023-01-17,5.0,5.555555555555555,0.5555555555555554,derivado_lido
2023-01-18,4.9,5.444444444444445,0.5444444444444443,derivado_lido
2023-01-19,5.5,6.111111111111111,0.6111111111111107,derivado_lido
2023-01-20,4.5,5.0,0.5,derivado_lido
2023-01-21,5.3,5.888888888888888,0.5888888888888886,derivado_lido
2023-01-22,4.6,5.111111111111111,0.5111111111111111,derivado_lido
2023-01-23,4.6,5.111111111111111,0.5111111111111111,derivado_lido
2023-01-24,5.0,5.555555555555555,0.5555555555555554,derivado_lido
2023-01-25,5.4,6.0,0.5999999999999996,derivado_lido
2023-01-26,5.0,5.555555555555555,0.5555555555555554,derivado_lido
2023-01-27,5.7,6.333333333333333,0.6333333333333329,derivado_lido
2023-01-28,4.6,5.111111111111111,0.5111111111111111,derivado_lido
2023-01-29,4.4,4.888888888888889,0.48888888888888893,derivado_lido
2023-01-30,4.6,5.111111111111111,0.5111111111111111,derivado_lido
2023-01-31,4.8,5.333333333333333,0.5333333333333332,derivado_lido
2023-02-01,4.7,5.222222222222222,0.5222222222222221,derivado_lido
2023-02-02,5.1,5.666666666666666,0.5666666666666664,derivado_lido
2023-02-03,5.0,5.555555555555555,0.5555555555555554,derivado_lido
2023-02-04,5.0,5.555555555555555,0.5555555555555554,derivado_lido
2023-02-05,4.6,5.111111111111111,0.5111111111111111,derivado_lido
2023-02-06,4.6,5.111111111111111,0.5111111111111111,derivado_lido
2023-02-07,5.0,5.555555555555555,0.5555555555555554,derivado_lido
2023-02-08,5.1,5.666666666666666,0.5666666666666664,derivado_lido
2023-02-09,5.4,6.0,0.5999999999999996,derivado_lido
2023-02-10,5.1,5.666666666666666,0.5666666666666664,derivado_lido
2023-02-11,4.8,5.333333333333333,0.5333333333333332,derivado_lido
2023-02-12,4.4,4.888888888888889,0.48888888888888893,derivado_lido
2023-02-13,5.0,5.555555555555555,0.5555555555555554,derivado_lido
2023-02-14,4.8,5.333333333333333,0.5333333333333332,derivado_lido
2023-02-15,6.5,7.222222222222222,0.7222222222222223,derivado_lido
2023-02-16,5.3,5.888888888888888,0.5888888888888886,derivado_lido
2023-02-17,5.0,5.555555555555555,0.5555555555555554,derivado_lido
2023-02-18,5.4,6.0,0.5999999999999996,derivado_lido
2023-02-19,5.0,5.555555555555555,0.5555555555555554,derivado_lido
2023-02-20,4.9,5.444444444444445,0.5444444444444443,derivado_lido
2023-02-21,5.0,5.555555555555555,0.5555555555555554,derivado_lido
2023-02-22,5.3,5.888888888888888,0.5888888888888886,derivado_lido
2023-02-23,5.0,5.555555555555555,0.5555555555555554,derivado_lido
2023-02-24,4.7,5.222222222222222,0.5222222222222221,derivado_lido
2023-02-25,4.5,5.0,0.5,derivado_lido
2023-02-26,4.1,4.555555555555555,0.4555555555555557,derivado_lido
2023-02-27,4.0,4.444444444444445,0.44444444444444464,derivado_lido
2023-02-28,4.6,5.111111111111111,0.5111111111111111,derivado_lido
2023-03-01,4.4,4.888888888888889,0.48888888888888893,derivado_lido
2023-03-02,4.8,5.333333333333333,0.5333333333333332,derivado_lido
2023-03-03,5.2,5.777777777777778,0.5777777777777775,derivado_lido
2023-03-04,4.4,4.888888888888889,0.48888888888888893,derivado_lido
2023-03-05,4.4,4.888888888888889,0.48888888888888893,derivado_lido
2023-03-06,4.2,4.666666666666667,0.4666666666666668,derivado_lido
2023-03-07,5.0,5.555555555555555,0.5555555555555554,derivado_lido
2023-03-08,4.6,5.111111111111111,0.5111111111111111,derivado_lido
2023-03-09,4.5,5.0,0.5,derivado_lido
2023-03-10,5.4,6.0,0.5999999999999996,derivado_lido
2023-03-11,6.2,6.888888888888889,0.6888888888888891,derivado_lido
2023-03-12,6.2,6.888888888888889,0.6888888888888891,derivado_lido
2023-03-13,6.7,7.444444444444445,0.7444444444444445,derivado_lido
2023-03-14,6.6,7.333333333333333,0.7333333333333334,derivado_lido
2023-03-15,6.6,7.333333333333333,0.7333333333333334,derivado_lido
2023-03-16,6.7,7.444444444444445,0.7444444444444445,derivado_lido
2023-03-17,7.1,7.888888888888888,0.7888888888888888,derivado_lido
2023-03-18,6.4,7.111111111111112,0.7111111111111112,derivado_lido
2023-03-19,5.6,6.222222222222221,0.6222222222222218,derivado_lido
2023-03-20,5.9,6.555555555555555,0.655555555555555,derivado_lido
2023-03-21,5.5,6.111111111111111,0.6111111111111107,derivado_lido
2023-03-22,5.4,6.0,0.5999999999999996,derivado_lido
2023-03-23,5.3,5.888888888888888,0.5888888888888886,derivado_lido
2023-03-24,5.2,5.777777777777778,0.5777777777777775,derivado_lido
2023-03-25,5.0,5.555555555555555,0.5555555555555554,derivado_lido
2023-03-26,5.0,5.555555555555555,0.5555555555555554,derivado_lido
2023-03-27,4.4,4.888888888888889,0.48888888888888893,derivado_lido
2023-03-28,4.5,5.0,0.5,derivado_lido
2023-03-29,4.5,5.0,0.5,derivado_lido
2023-03-30,4.5,5.0,0.5,derivado_lido
2023-03-31,4.5,5.0,0.5,derivado_lido
2023-04-01,4.5,5.0,0.5,derivado_lido
2023-04-02,4.5,5.0,0.5,derivado_lido
2023-04-03,4.4,4.888888888888889,0.48888888888888893,derivado_lido
2023-04-04,4.3,4.777777777777778,0.47777777777777786,derivado_lido
2023-04-05,4.3,4.777777777777778,0.47777777777777786,derivado_lido
2023-04-06,4.2,4.666666666666667,0.4666666666666668,derivado_lido
2023-04-07,4.2,4.666666666666667,0.4666666666666668,derivado_lido
2023-04-08,4.1,4.555555555555555,0.4555555555555557,derivado_lido
2023-04-09,4.7,5.222222222222222,0.5222222222222221,derivado_lido
2023-04-10,4.7,5.222222222222222,0.5222222222222221,derivado_lido
2023-04-11,4.7,5.222222222222222,0.5222222222222221,derivado_lido
2023-04-12,4.8,5.333333333333333,0.5333333333333332,derivado_lido
2023-04-13,4.7,5.222222222222222,0.5222222222222221,derivado_lido
2023-04-14,4.9,5.444444444444445,0.5444444444444443,derivado_lido
2023-04-15,4.8,5.333333333333333,0.5333333333333332,derivado_lido
2023-04-16,4.3,4.777777777777778,0.47777777777777786,derivado_lido
2023-04-17,4.3,4.777777777777778,0.47777777777777786,derivado_lido
2023-04-18,4.4,4.888888888888889,0.48888888888888893,derivado_lido
2023-04-19,4.6,5.111111111111111,0.5111111111111111,derivado_lido
2023-04-20,4.8,5.333333333333333,0.5333333333333332,derivado_lido
2023-04-21,5.0,5.555555555555555,0.5555555555555554,derivado_lido
2023-04-22,5.0,5.555555555555555,0.5555555555555554,derivado_lido
2023-04-23,5.0,5.555555555555555,0.5555555555555554,derivado_lido
2023-04-24,5.1,5.666666666666666,0.5666666666666664,derivado_lido
2023-04-25,5.1,5.666666666666666,0.5666666666666664,derivado_lido
2023-04-26,5.0,5.555555555555555,0.5555555555555554,derivado_lido
2023-04-27,4.8,5.333333333333333,0.5333333333333332,derivado_lido
2023-04-28,4.7,5.222222222222222,0.5222222222222221,derivado_lido
2023-04-29,4.7,5.222222222222222,0.5222222222222221,derivado_lido
2023-04-30,4.6,5.111111111111111,0.5111111111111111,derivado_lido
2023-05-01,4.8,5.333333333333333,0.5333333333333332,derivado_lido
2023-05-02,5.0,5.555555555555555,0.5555555555555554,derivado_lido
2023-05-03,5.2,5.777777777777778,0.5777777777777775,derivado_lido
2023-05-04,5.3,5.888888888888888,0.5888888888888886,derivado_lido
2023-05-05,5.4,6.0,0.5999999999999996,derivado_lido
2023-05-06,5.9,6.555555555555555,0.655555555555555,derivado_lido
2023-05-07,6.2,6.888888888888889,0.6888888888888891,derivado_lido
2023-05-08,6.6,7.333333333333333,0.7333333333333334,derivado_lido
2023-05-09,6.7,7.444444444444445,0.7444444444444445,derivado_lido
2023-05-10,6.7,7.444444444444445,0.7444444444444445,derivado_lido
2023-05-11,6.8,7.555555555555555,0.7555555555555555,derivado_lido
2023-05-12,7.0,7.777777777777778,0.7777777777777777,derivado_lido
2023-05-13,6.7,7.444444444444445,0.7444444444444445,derivado_lido
2023-05-14,6.4,7.111111111111112,0.7111111111111112,derivado_lido
2023-05-15,6.0,6.666666666666666,0.6666666666666661,derivado_lido
2023-05-16,5.9,6.555555555555555,0.655555555555555,derivado_lido
2023-05-17,5.7,6.333333333333333,0.6333333333333329,derivado_lido
2023-05-18,5.4,6.0,0.5999999999999996,derivado_lido
2023-05-19,5.2,5.777777777777778,0.5777777777777775,derivado_lido
2023-05-20,5.1,5.666666666666666,0.5666666666666664,derivado_lido
2023-05-21,5.0,5.555555555555555,0.5555555555555554,derivado_lido
2023-05-22,5.0,5.555555555555555,0.5555555555555554,derivado_lido
2023-05-23,5.0,5.555555555555555,0.5555555555555554,derivado_lido
2023-05-24,4.9,5.444444444444445,0.5444444444444443,derivado_lido
2023-05-25,4.9,5.444444444444445,0.5444444444444443,derivado_lido
2023-05-26,4.9,5.444444444444445,0.5444444444444443,derivado_lido
2023-05-27,4.8,5.333333333333333,0.5333333333333332,derivado_lido
2023-05-28,4.8,5.333333333333333,0.5333333333333332,derivado_lido
2023-05-29,4.9,5.444444444444445,0.5444444444444443,derivado_lido
2023-05-30,4.8,5.333333333333333,0.5333333333333332,derivado_lido
2023-05-31,4.8,5.333333333333333,0.5333333333333332,derivado_lido
2023-06-01,4.7,5.222222222222222,0.5222222222222221,derivado_lido
2023-06-02,4.7,5.222222222222222,0.5222222222222221,derivado_lido
2023-06-03,4.5,5.0,0.5,derivado_lido
2023-06-04,4.4,4.888888888888889,0.48888888888888893,derivado_lido
2023-06-05,4.3,4.777777777777778,0.47777777777777786,derivado_lido
2023-06-06,4.3,4.777777777777778,0.47777777777777786,derivado_lido
2023-06-07,4.2,4.666666666666667,0.4666666666666668,derivado_lido
2023-06-08,4.1,4.555555555555555,0.4555555555555557,derivado_lido
2023-06-09,4.0,4.444444444444445,0.44444444444444464,derivado_lido
2023-06-10,4.1,4.555555555555555,0.4555555555555557,derivado_lido
2023-06-11,4.1,4.555555555555555,0.4555555555555557,derivado_lido
2023-06-12,4.0,4.444444444444445,0.44444444444444464,derivado_lido
2023-06-13,4.0,4.444444444444445,0.44444444444444464,derivado_lido
2023-06-14,3.9,4.333333333333333,0.4333333333333331,derivado_lido
2023-06-15,3.9,4.333333333333333,0.4333333333333331,derivado_lido
2023-06-16,3.9,4.333333333333333,0.4333333333333331,derivado_lido
2023-06-17,3.9,4.333333333333333,0.4333333333333331,derivado_lido
2023-06-18,3.8,4.222222222222222,0.4222222222222225,derivado_lido
2023-06-19,3.8,4.222222222222222,0.4222222222222225,derivado_lido
2023-06-20,3.8,4.222222222222222,0.4222222222222225,derivado_lido
2023-06-21,3.8,4.222222222222222,0.4222222222222225,derivado_lido
2023-06-22,3.8,4.222222222222222,0.4222222222222225,derivado_lido
2023-06-23,3.8,4.222222222222222,0.4222222222222225,derivado_lido
2023-06-24,3.8,4.222222222222222,0.4222222222222225,derivado_lido
2023-06-25,3.8,4.222222222222222,0.4222222222222225,derivado_lido
2023-06-26,3.8,4.222222222222222,0.4222222222222225,derivado_lido
2023-06-27,3.8,4.222222222222222,0.4222222222222225,derivado_lido
2023-06-28,3.8,4.222222222222222,0.4222222222222225,derivado_lido
2023-06-29,3.8,4.222222222222222,0.4222222222222225,derivado_lido
2023-06-30,3.8,4.222222222222222,0.4222222222222225,derivado_lido
2023-07-01,3.9,4.333333333333333,0.4333333333333331,derivado_lido
2023-07-02,3.9,4.333333333333333,0.4333333333333331,derivado_lido
2023-07-03,4.0,4.444444444444445,0.44444444444444464,derivado_lido
2023-07-04,4.0,4.444444444444445,0.44444444444444464,derivado_lido
2023-07-05,4.0,4.444444444444445,0.44444444444444464,derivado_lido
2023-07-06,4.0,4.444444444444445,0.44444444444444464,derivado_lido
2023-07-07,4.0,4.444444444444445,0.44444444444444464,derivado_lido
2023-07-08,3.9,4.333333333333333,0.4333333333333331,derivado_lido
2023-07-09,3.8,4.222222222222222,0.4222222222222225,derivado_lido
2023-07-10,3.9,4.333333333333333,0.4333333333333331,derivado_lido
2023-07-11,3.9,4.333333333333333,0.4333333333333331,derivado_lido
2023-07-12,3.9,4.333333333333333,0.4333333333333331,derivado_lido
2023-07-13,3.9,4.333333333333333,0.4333333333333331,derivado_lido
2023-07-14,3.9,4.333333333333333,0.4333333333333331,derivado_lido
2023-07-15,3.8,4.222222222222222,0.4222222222222225,derivado_lido
2023-07-16,3.8,4.222222222222222,0.4222222222222225,derivado_lido
2023-07-17,3.9,4.333333333333333,0.4333333333333331,derivado_lido
2023-07-18,3.8,4.222222222222222,0.4222222222222225,derivado_lido
2023-07-19,3.9,4.333333333333333,0.4333333333333331,derivado_lido
2023-07-20,3.9,4.333333333333333,0.4333333333333331,derivado_lido
2023-07-21,3.9,4.333333333333333,0.4333333333333331,derivado_lido
2023-07-22,3.9,4.333333333333333,0.4333333333333331,derivado_lido
2023-07-23,3.9,4.333333333333333,0.4333333333333331,derivado_lido
2023-07-24,4.0,4.444444444444445,0.44444444444444464,derivado_lido
2023-07-25,4.0,4.444444444444445,0.44444444444444464,derivado_lido
2023-07-26,4.0,4.444444444444445,0.44444444444444464,derivado_lido
2023-07-27,4.0,4.444444444444445,0.44444444444444464,derivado_lido
2023-07-28,4.0,4.444444444444445,0.44444444444444464,derivado_lido
2023-07-29,4.0,4.444444444444445,0.44444444444444464,derivado_lido
2023-07-30,4.0,4.444444444444445,0.44444444444444464,derivado_lido
2023-07-31,4.2,4.666666666666667,0.4666666666666668,derivado_lido
2023-08-01,4.2,4.666666666666667,0.4666666666666668,derivado_lido
2023-08-02,4.2,4.666666666666667,0.4666666666666668,derivado_lido
2023-08-03,4.1,4.555555555555555,0.4555555555555557,derivado_lido
2023-08-04,4.1,4.555555555555555,0.4555555555555557,derivado_lido
2023-08-05,4.1,4.555555555555555,0.4555555555555557,derivado_lido
2023-08-06,4.0,4.444444444444445,0.44444444444444464,derivado_lido
2023-08-07,4.1,4.555555555555555,0.4555555555555557,derivado_lido
2023-08-08,3.8,4.222222222222222,0.4222222222222225,derivado_lido
2023-08-09,3.8,4.222222222222222,0.4222222222222225,derivado_lido
2023-08-10,3.8,4.222222222222222,0.4222222222222225,derivado_lido
2023-08-11,3.8,4.222222222222222,0.4222222222222225,derivado_lido
2023-08-12,3.8,4.222222222222222,0.4222222222222225,derivado_lido
2023-08-13,3.8,4.222222222222222,0.4222222222222225,derivado_lido
2023-08-14,3.8,4.222222222222222,0.4222222222222225,derivado_lido
2023-08-15,3.8,4.222222222222222,0.4222222222222225,derivado_lido
2023-08-16,3.8,4.222222222222222,0.4222222222222225,derivado_lido
2023-08-17,3.8,4.222222222222222,0.4222222222222225,derivado_lido
2023-08-18,4.0,4.444444444444445,0.44444444444444464,derivado_lido
2023-08-19,4.0,4.444444444444445,0.44444444444444464,derivado_lido
2023-08-20,4.0,4.444444444444445,0.44444444444444464,derivado_lido
2023-08-21,4.1,4.555555555555555,0.4555555555555557,derivado_lido
2023-08-22,4.0,4.444444444444445,0.44444444444444464,derivado_lido
2023-08-23,4.0,4.444444444444445,0.44444444444444464,derivado_lido
2023-08-24,4.0,4.444444444444445,0.44444444444444464,derivado_lido
2023-08-25,4.0,4.444444444444445,0.44444444444444464,derivado_lido
2023-08-26,3.8,4.222222222222222,0.4222222222222225,derivado_lido
2023-08-27,3.7,4.111111111111112,0.4111111111111114,derivado_lido
2023-08-28,3.8,4.222222222222222,0.4222222222222225,derivado_lido
2023-08-29,3.8,4.222222222222222,0.4222222222222225,derivado_lido
2023-08-30,3.8,4.222222222222222,0.4222222222222225,derivado_lido
2023-08-31,3.8,4.222222222222222,0.4222222222222225,derivado_lido
2023-09-01,3.8,4.222222222222222,0.4222222222222225,derivado_lido
2023-09-02,3.7,4.111111111111112,0.4111111111111114,derivado_lido
2023-09-03,3.7,4.111111111111112,0.4111111111111114,derivado_lido
2023-09-04,3.7,4.111111111111112,0.4111111111111114,derivado_lido
2023-09-05,3.7,4.111111111111112,0.4111111111111114,derivado_lido
2023-09-06,3.6,4.0,0.3999999999999999,derivado_lido
2023-09-07,3.6,4.0,0.3999999999999999,derivado_lido
2023-09-08,3.6,4.0,0.3999999999999999,derivado_lido
2023-09-09,3.6,4.0,0.3999999999999999,derivado_lido
2023-09-10,3.7,4.111111111111112,0.4111111111111114,derivado_lido
2023-09-11,3.7,4.111111111111112,0.4111111111111114,derivado_lido
2023-09-12,3.8,4.222222222222222,0.4222222222222225,derivado_lido
2023-09-13,3.8,4.222222222222222,0.4222222222222225,derivado_lido
2023-09-14,3.7,4.111111111111112,0.4111111111111114,derivado_lido
2023-09-15,3.7,4.111111111111112,0.4111111111111114,derivado_lido
2023-09-16,3.6,4.0,0.3999999999999999,derivado_lido
2023-09-17,3.6,4.0,0.3999999999999999,derivado_lido
2023-09-18,3.6,4.0,0.3999999999999999,derivado_lido
2023-09-19,3.6,4.0,0.3999999999999999,derivado_lido
2023-09-20,3.6,4.0,0.3999999999999999,derivado_lido
2023-09-21,3.6,4.0,0.3999999999999999,derivado_lido
2023-09-22,3.6,4.0,0.3999999999999999,derivado_lido
2023-09-23,3.6,4.0,0.3999999999999999,derivado_lido
2023-09-24,3.5,3.888888888888889,0.38888888888888884,derivado_lido
2023-09-25,3.6,4.0,0.3999999999999999,derivado_lido
2023-09-26,3.6,4.0,0.3999999999999999,derivado_lido
2023-09-27,3.6,4.0,0.3999999999999999,derivado_lido
2023-09-28,3.5,3.888888888888889,0.38888888888888884,derivado_lido
2023-09-29,3.5,3.888888888888889,0.38888888888888884,derivado_lido
2023-09-30,3.5,3.888888888888889,0.38888888888888884,derivado_lido
2023-10-01,3.5,3.888888888888889,0.38888888888888884,derivado_lido
2023-10-02,3.5,3.888888888888889,0.38888888888888884,derivado_lido
2023-10-03,3.6,4.0,0.3999999999999999,derivado_lido
2023-10-04,3.6,4.0,0.3999999999999999,derivado_lido
2023-10-05,3.6,4.0,0.3999999999999999,derivado_lido
2023-10-06,3.6,4.0,0.3999999999999999,derivado_lido
2023-10-07,3.5,3.888888888888889,0.38888888888888884,derivado_lido
2023-10-08,3.5,3.888888888888889,0.38888888888888884,derivado_lido
2023-10-09,3.4,3.7777777777777777,0.37777777777777777,derivado_lido
2023-10-10,3.4,3.7777777777777777,0.37777777777777777,derivado_lido
2023-10-11,3.3,3.6666666666666665,0.3666666666666667,derivado_lido
2023-10-12,3.3,3.6666666666666665,0.3666666666666667,derivado_lido
2023-10-13,3.3,3.6666666666666665,0.3666666666666667,derivado_lido
2023-10-14,3.3,3.6666666666666665,0.3666666666666667,derivado_lido
2023-10-15,3.3,3.6666666666666665,0.3666666666666667,derivado_lido
2023-10-16,3.3,3.6666666666666665,0.3666666666666667,derivado_lido
2023-10-17,3.4,3.7777777777777777,0.37777777777777777,derivado_lido
2023-10-18,3.5,3.888888888888889,0.38888888888888884,derivado_lido
2023-10-19,3.6,4.0,0.3999999999999999,derivado_lido
2023-10-20,3.6,4.0,0.3999999999999999,derivado_lido
2023-10-21,3.6,4.0,0.3999999999999999,derivado_lido
2023-10-22,3.7,4.111111111111112,0.4111111111111114,derivado_lido
2023-10-23,3.7,4.111111111111112,0.4111111111111114,derivado_lido
2023-10-24,3.8,4.222222222222222,0.4222222222222225,derivado_lido
2023-10-25,3.6,4.0,0.3999999999999999,derivado_lido
2023-10-26,3.7,4.111111111111112,0.4111111111111114,derivado_lido
2023-10-27,3.7,4.111111111111112,0.4111111111111114,derivado_lido
2023-10-28,3.8,4.222222222222222,0.4222222222222225,derivado_lido
2023-10-29,3.8,4.222222222222222,0.4222222222222225,derivado_lido
2023-10-30,3.8,4.222222222222222,0.4222222222222225,derivado_lido
2023-10-31,3.8,4.222222222222222,0.4222222222222225,derivado_lido
2023-11-01,3.8,4.222222222222222,0.4222222222222225,derivado_lido
2023-11-02,3.8,4.222222222222222,0.4222222222222225,derivado_lido
2023-11-03,3.8,4.222222222222222,0.4222222222222225,derivado_lido
2023-11-04,3.7,4.111111111111112,0.4111111111111114,derivado_lido
2023-11-05,3.7,4.111111111111112,0.4111111111111114,derivado_lido
2023-11-06,3.7,4.111111111111112,0.4111111111111114,derivado_lido
2023-11-07,3.7,4.111111111111112,0.4111111111111114,derivado_lido
2023-11-08,3.7,4.111111111111112,0.4111111111111114,derivado_lido
2023-11-09,3.6,4.0,0.3999999999999999,derivado_lido
2023-11-10,3.8,4.222222222222222,0.4222222222222225,derivado_lido
2023-11-11,3.8,4.222222222222222,0.4222222222222225,derivado_lido
2023-11-12,3.9,4.333333333333333,0.4333333333333331,derivado_lido
2023-11-13,3.9,4.333333333333333,0.4333333333333331,derivado_lido
2023-11-14,4.0,4.444444444444445,0.44444444444444464,derivado_lido
2023-11-15,4.0,4.444444444444445,0.44444444444444464,derivado_lido
2023-11-16,4.0,4.444444444444445,0.44444444444444464,derivado_lido
2023-11-17,3.9,4.333333333333333,0.4333333333333331,derivado_lido
2023-11-18,3.8,4.222222222222222,0.4222222222222225,derivado_lido
2023-11-19,3.8,4.222222222222222,0.4222222222222225,derivado_lido
2023-11-20,3.7,4.111111111111112,0.4111111111111114,derivado_lido
2023-11-21,3.7,4.111111111111112,0.4111111111111114,derivado_lido
2023-11-22,3.6,4.0,0.3999999999999999,derivado_lido
2023-11-23,3.6,4.0,0.3999999999999999,derivado_lido
2023-11-24,3.6,4.0,0.3999999999999999,derivado_lido
2023-11-25,3.6,4.0,0.3999999999999999,derivado_lido
2023-11-26,3.6,4.0,0.3999999999999999,derivado_lido
2023-11-27,3.6,4.0,0.3999999999999999,derivado_lido
2023-11-28,3.6,4.0,0.3999999999999999,derivado_lido
2023-11-29,3.7,4.111111111111112,0.4111111111111114,derivado_lido
2023-11-30,3.6,4.0,0.3999999999999999,derivado_lido
2023-12-01,3.6,4.0,0.3999999999999999,derivado_lido
2023-12-02,3.6,4.0,0.3999999999999999,derivado_lido
2023-12-03,3.6,4.0,0.3999999999999999,derivado_lido
2023-12-11,3.8,4.222222222222222,0.4222222222222225,derivado_lido
2023-12-13,3.8,4.222222222222222,0.4222222222222225,derivado_lido
2023-12-18,3.8,4.222222222222222,0.4222222222222225,derivado_lido
2023-12-19,3.8,4.222222222222222,0.4222222222222225,derivado_lido
2023-12-20,3.8,4.222222222222222,0.4222222222222225,derivado_lido
2023-12-21,3.8,4.222222222222222,0.4222222222222225,derivado_lido
2023-12-26,3.6,4.0,0.3999999999999999,derivado_lido
2024-01-07,3.1,3.4444444444444446,0.34444444444444455,derivado_lido
2024-01-08,3.3,3.6666666666666665,0.3666666666666667,derivado_lido
2024-01-09,3.5,3.888888888888889,0.38888888888888884,derivado_lido
2024-01-10,4.0,4.444444444444445,0.44444444444444464,derivado_lido
2024-01-11,3.9,4.333333333333333,0.4333333333333331,derivado_lido
2024-01-12,3.3,3.6666666666666665,0.3666666666666667,derivado_lido
2024-01-13,3.5,3.888888888888889,0.38888888888888884,derivado_lido
2024-01-14,3.3,3.6666666666666665,0.3666666666666667,derivado_lido
2024-01-15,3.3,3.6666666666666665,0.3666666666666667,derivado_lido
2024-01-16,3.6,4.0,0.3999999999999999,derivado_lido
2024-01-17,3.5,3.888888888888889,0.38888888888888884,derivado_lido
2024-01-18,3.4,3.7777777777777777,0.37777777777777777,derivado_lido
2024-01-19,4.5,5.0,0.5,derivado_lido
2024-01-20,3.3,3.6666666666666665,0.3666666666666667,derivado_lido
2024-01-21,3.1,3.4444444444444446,0.34444444444444455,derivado_lido
2024-01-22,3.2,3.555555555555556,0.3555555555555556,derivado_lido
2024-01-23,3.8,4.222222222222222,0.4222222222222225,derivado_lido
2024-01-24,3.2,3.555555555555556,0.3555555555555556,derivado_lido
2024-01-25,3.3,3.6666666666666665,0.3666666666666667,derivado_lido
2024-01-26,3.6,4.0,0.3999999999999999,derivado_lido
2024-01-27,3.5,3.888888888888889,0.38888888888888884,derivado_lido
2024-01-28,3.2,3.555555555555556,0.3555555555555556,derivado_lido
2024-01-29,3.1,3.4444444444444446,0.34444444444444455,derivado_lido
2024-01-30,3.3,3.6666666666666665,0.3666666666666667,derivado_lido
2024-01-31,3.5,3.888888888888889,0.38888888888888884,derivado_lido
2024-02-01,3.5,3.888888888888889,0.38888888888888884,derivado_lido
2024-02-02,3.3,3.6666666666666665,0.3666666666666667,derivado_lido
2024-02-03,3.5,3.888888888888889,0.38888888888888884,derivado_lido
2024-02-04,3.0,3.333333333333333,0.33333333333333304,derivado_lido
2024-02-05,3.0,3.333333333333333,0.33333333333333304,derivado_lido
2024-02-06,3.3,3.6666666666666665,0.3666666666666667,derivado_lido
2024-02-07,3.443,3.8255555555555554,0.3825555555555553,derivado_lido
2024-02-08,3.792,4.213333333333333,0.4213333333333331,derivado_lido
2024-02-09,3.88,4.311111111111111,0.431111111111111,derivado_lido
2024-02-10,3.641,4.045555555555556,0.40455555555555556,derivado_lido
2024-02-11,3.336,3.7066666666666666,0.3706666666666667,derivado_lido
2024-02-12,3.352,3.724444444444444,0.37244444444444413,derivado_lido
2024-02-13,4.275,4.75,0.47499999999999964,derivado_lido
2024-02-14,3.562,3.9577777777777774,0.39577777777777756,derivado_lido
2024-02-15,3.279,3.643333333333333,0.3643333333333332,derivado_lido
2024-02-16,3.778,4.197777777777778,0.4197777777777776,derivado_lido
2024-02-17,3.126,3.473333333333333,0.34733333333333327,derivado_lido
2024-02-18,3.127,3.474444444444444,0.3474444444444442,derivado_lido
2024-02-19,3.263,3.625555555555555,0.3625555555555553,derivado_lido
2024-02-20,3.363,3.7366666666666664,0.37366666666666637,derivado_lido
2024-02-21,3.466,3.8511111111111114,0.3851111111111112,derivado_lido
2024-02-22,3.468,3.853333333333333,0.3853333333333331,derivado_lido
2024-02-23,3.415,3.7944444444444443,0.37944444444444425,derivado_lido
2024-02-24,3.467,3.852222222222222,0.38522222222222213,derivado_lido
2024-02-25,3.148,3.497777777777778,0.34977777777777774,derivado_lido
2024-02-26,3.262,3.6244444444444444,0.36244444444444435,derivado_lido
2024-02-27,3.472,3.8577777777777778,0.3857777777777778,derivado_lido
2024-02-28,3.426,3.8066666666666666,0.3806666666666665,derivado_lido
2024-02-29,3.7,4.111111111111112,0.4111111111111114,derivado_lido
2024-03-01,3.336,3.7066666666666666,0.3706666666666667,derivado_lido
2024-03-02,3.49,3.8777777777777778,0.38777777777777755,derivado_lido
2024-03-03,3.294,3.66,0.3660000000000001,derivado_lido
2024-03-04,3.449,3.8322222222222218,0.3832222222222219,derivado_lido
2024-03-05,3.836,4.262222222222222,0.4262222222222225,derivado_lido
2024-03-06,4.13,4.588888888888889,0.4588888888888887,derivado_lido
2024-03-07,3.904,4.337777777777777,0.4337777777777774,derivado_lido
2024-03-08,3.523,3.9144444444444444,0.39144444444444426,derivado_lido
2024-03-09,3.521,3.912222222222222,0.3912222222222219,derivado_lido
2024-03-10,3.404,3.782222222222222,0.378222222222222,derivado_lido
2024-03-11,3.586,3.9844444444444442,0.3984444444444444,derivado_lido
2024-03-12,3.677,4.085555555555556,0.40855555555555556,derivado_lido
2024-03-13,3.644,4.0488888888888885,0.4048888888888884,derivado_lido
2024-03-14,3.438,3.8200000000000003,0.3820000000000001,derivado_lido
2024-03-15,3.691,4.101111111111111,0.4101111111111111,derivado_lido
2024-03-16,3.225,3.5833333333333335,0.3583333333333334,derivado_lido
2024-03-17,3.311,3.678888888888889,0.36788888888888893,derivado_lido
2024-03-18,3.125,3.4722222222222223,0.3472222222222223,derivado_lido
2024-03-19,3.954,4.3933333333333335,0.43933333333333335,derivado_lido
2024-03-20,3.415,3.7944444444444443,0.37944444444444425,derivado_lido
2024-03-21,3.422,3.8022222222222224,0.38022222222222224,derivado_lido
2024-03-22,3.219,3.576666666666666,0.35766666666666636,derivado_lido
2024-03-23,3.345,3.716666666666667,0.3716666666666666,derivado_lido
2024-03-24,3.015,3.35,0.33499999999999996,derivado_lido
2024-03-25,3.165,3.5166666666666666,0.35166666666666657,derivado_lido
2024-03-26,3.467,3.852222222222222,0.38522222222222213,derivado_lido
2024-03-27,3.255,3.6166666666666663,0.36166666666666636,derivado_lido
2024-03-28,3.186,3.54,0.3540000000000001,derivado_lido
2024-03-29,3.299,3.6655555555555552,0.3665555555555553,derivado_lido
2024-03-30,3.119,3.4655555555555555,0.3465555555555553,derivado_lido
2024-03-31,3.07,3.411111111111111,0.34111111111111114,derivado_lido
2024-04-01,3.127,3.474444444444444,0.3474444444444442,derivado_lido
2024-04-02,3.501,3.8899999999999997,0.3889999999999998,derivado_lido
2024-04-03,3.413,3.7922222222222217,0.3792222222222219,derivado_lido
2024-04-04,3.384,3.76,0.3759999999999999,derivado_lido
2024-04-05,3.489,3.8766666666666665,0.3876666666666666,derivado_lido
2024-04-06,3.347,3.718888888888889,0.37188888888888894,derivado_lido
2024-04-07,3.041,3.3788888888888886,0.3378888888888887,derivado_lido
2024-04-08,3.148,3.497777777777778,0.34977777777777774,derivado_lido
2024-04-09,3.22,3.577777777777778,0.35777777777777775,derivado_lido
2024-04-10,3.36,3.733333333333333,0.3733333333333331,derivado_lido
2024-04-11,3.45,3.8333333333333335,0.3833333333333333,derivado_lido
2024-04-12,3.146,3.4955555555555553,0.3495555555555554,derivado_lido
2024-04-13,4.31,4.788888888888889,0.47888888888888914,derivado_lido
2024-04-14,4.436,4.928888888888888,0.4928888888888885,derivado_lido
2024-04-15,3.101,3.4455555555555555,0.3445555555555555,derivado_lido
2024-04-16,3.551,3.9455555555555555,0.3945555555555553,derivado_lido
2024-04-17,3.191,3.545555555555555,0.3545555555555553,derivado_lido
2024-04-18,3.237,3.5966666666666667,0.3596666666666666,derivado_lido
2024-04-19,3.295,3.661111111111111,0.36611111111111105,derivado_lido
2024-04-20,3.173,3.5255555555555556,0.3525555555555555,derivado_lido
2024-04-21,2.94,3.2666666666666666,0.32666666666666666,derivado_lido
2024-04-22,3.058,3.3977777777777773,0.3397777777777775,derivado_lido
2024-04-23,3.098,3.442222222222222,0.3442222222222222,derivado_lido
2024-04-24,3.742,4.157777777777778,0.4157777777777776,derivado_lido
2024-04-25,3.293,3.658888888888889,0.3658888888888887,derivado_lido
2024-04-26,3.058,3.3977777777777773,0.3397777777777775,derivado_lido
2024-04-27,3.004,3.3377777777777777,0.33377777777777773,derivado_lido
2024-04-28,2.942,3.268888888888889,0.326888888888889,derivado_lido
2024-04-29,3.031,3.367777777777778,0.33677777777777784,derivado_lido
2024-04-30,3.046,3.384444444444444,0.3384444444444443,derivado_lido
2024-05-01,3.31,3.6777777777777776,0.36777777777777754,derivado_lido
2024-05-02,3.103,3.447777777777778,0.34477777777777785,derivado_lido
2024-05-03,2.934,3.2600000000000002,0.32600000000000007,derivado_lido
2024-05-04,2.999,3.332222222222222,0.3332222222222221,derivado_lido
2024-05-05,2.829,3.1433333333333335,0.31433333333333335,derivado_lido
2024-05-06,2.887,3.207777777777778,0.32077777777777783,derivado_lido
2024-05-07,2.922,3.2466666666666666,0.32466666666666644,derivado_lido
2024-05-08,2.955,3.283333333333333,0.32833333333333314,derivado_lido
2024-05-09,2.91,3.2333333333333334,0.32333333333333325,derivado_lido
2024-05-10,2.934,3.2600000000000002,0.32600000000000007,derivado_lido
2024-05-11,2.894,3.2155555555555555,0.3215555555555554,derivado_lido
2024-05-12,2.812,3.1244444444444444,0.3124444444444445,derivado_lido
2024-05-13,2.888,3.2088888888888887,0.3208888888888888,derivado_lido
2024-05-14,3.087,3.43,0.34299999999999997,derivado_lido
2024-05-15,2.997,3.3299999999999996,0.33299999999999974,derivado_lido
2024-05-16,3.043,3.381111111111111,0.33811111111111103,derivado_lido
2024-05-17,2.906,3.228888888888889,0.322888888888889,derivado_lido
2024-05-18,2.776,3.0844444444444443,0.3084444444444445,derivado_lido
2024-05-19,2.853,3.17,0.3169999999999997,derivado_lido
2024-05-20,2.88,3.1999999999999997,0.31999999999999984,derivado_lido
2024-05-21,3.936,4.373333333333333,0.43733333333333313,derivado_lido
2024-05-22,3.183,3.536666666666666,0.35366666666666635,derivado_lido
2024-05-23,3.191,3.545555555555555,0.3545555555555553,derivado_lido
2024-05-24,4.24,4.711111111111111,0.47111111111111104,derivado_lido
2024-05-25,3.022,3.3577777777777773,0.3357777777777775,derivado_lido
2024-05-26,2.959,3.287777777777778,0.32877777777777784,derivado_lido
2024-05-27,3.103,3.447777777777778,0.34477777777777785,derivado_lido
2024-05-28,3.222,3.58,0.3580000000000001,derivado_lido
2024-05-29,3.151,3.501111111111111,0.35011111111111104,derivado_lido
2024-05-30,3.237,3.5966666666666667,0.3596666666666666,derivado_lido
2024-05-31,3.275,3.638888888888889,0.36388888888888893,derivado_lido
2024-06-01,3.131,3.4788888888888887,0.3478888888888889,derivado_lido
2024-06-02,3.15,3.5,0.3500000000000001,derivado_lido
2024-06-03,3.266,3.6288888888888886,0.3628888888888886,derivado_lido
2024-06-04,3.179,3.532222222222222,0.3532222222222221,derivado_lido
2024-06-05,3.258,3.62,0.3620000000000001,derivado_lido
2024-06-06,3.499,3.887777777777778,0.3887777777777779,derivado_lido
2024-06-07,3.372,3.7466666666666666,0.3746666666666667,derivado_lido
2024-06-08,3.319,3.687777777777778,0.36877777777777787,derivado_lido
2024-06-09,3.044,3.382222222222222,0.338222222222222,derivado_lido
2024-06-10,3.242,3.602222222222222,0.3602222222222222,derivado_lido
2024-06-11,3.577,3.9744444444444444,0.3974444444444445,derivado_lido
2024-06-12,3.263,3.625555555555555,0.3625555555555553,derivado_lido
2024-06-13,3.674,4.082222222222222,0.4082222222222218,derivado_lido
2024-06-14,3.073,3.4144444444444444,0.34144444444444444,derivado_lido
2024-06-15,3.126,3.473333333333333,0.34733333333333327,derivado_lido
2024-06-16,2.956,3.2844444444444445,0.32844444444444454,derivado_lido
2024-06-17,2.945,3.272222222222222,0.3272222222222223,derivado_lido
2024-06-18,3.203,3.5588888888888888,0.3558888888888889,derivado_lido
2024-06-19,3.005,3.3388888888888886,0.3338888888888887,derivado_lido
2024-06-20,3.096,3.44,0.34399999999999986,derivado_lido
2024-06-21,2.989,3.3211111111111107,0.3321111111111108,derivado_lido
2024-06-22,2.88,3.1999999999999997,0.31999999999999984,derivado_lido
2024-06-23,2.947,3.2744444444444443,0.3274444444444442,derivado_lido
2024-06-24,3.007,3.341111111111111,0.334111111111111,derivado_lido
2024-06-25,3.044,3.382222222222222,0.338222222222222,derivado_lido
2024-06-26,2.966,3.2955555555555556,0.3295555555555554,derivado_lido
2024-06-27,2.979,3.31,0.33099999999999996,derivado_lido
2024-06-28,3.133,3.481111111111111,0.3481111111111108,derivado_lido
2024-06-29,2.822,3.1355555555555554,0.31355555555555537,derivado_lido
2024-06-30,2.788,3.0977777777777775,0.3097777777777777,derivado_lido
2024-07-01,2.997,3.3299999999999996,0.33299999999999974,derivado_lido
2024-07-02,2.975,3.3055555555555554,0.33055555555555527,derivado_lido
2024-07-03,3.04,3.3777777777777778,0.33777777777777773,derivado_lido
2024-07-04,3.401,3.7788888888888885,0.3778888888888887,derivado_lido
2024-07-05,4.085,4.538888888888889,0.4538888888888888,derivado_lido
2024-07-06,3.033,3.3699999999999997,0.33699999999999974,derivado_lido
2024-07-07,2.836,3.1511111111111108,0.3151111111111109,derivado_lido
2024-07-08,2.92,3.2444444444444445,0.32444444444444454,derivado_lido
2024-07-09,2.969,3.2988888888888885,0.3298888888888887,derivado_lido
2024-07-10,3.051,3.39,0.33899999999999997,derivado_lido
2024-07-11,2.999,3.332222222222222,0.3332222222222221,derivado_lido
2024-07-12,3.055,3.3944444444444444,0.3394444444444442,derivado_lido
2024-07-13,2.901,3.223333333333333,0.32233333333333336,derivado_lido
2024-07-14,2.912,3.2355555555555555,0.3235555555555556,derivado_lido
2024-07-15,2.916,3.2399999999999998,0.32399999999999984,derivado_lido
2024-07-16,3.067,3.407777777777778,0.34077777777777785,derivado_lido
2024-07-17,3.141,3.4899999999999998,0.34899999999999975,derivado_lido
2024-07-18,3.337,3.707777777777778,0.37077777777777765,derivado_lido
2024-07-19,3.144,3.493333333333333,0.34933333333333305,derivado_lido
2024-07-20,2.886,3.2066666666666666,0.32066666666666643,derivado_lido
2024-07-21,2.83,3.1444444444444444,0.3144444444444443,derivado_lido
2024-07-22,3.118,3.464444444444444,0.34644444444444433,derivado_lido
2024-07-23,2.994,3.3266666666666667,0.33266666666666644,derivado_lido
2024-07-24,2.951,3.278888888888889,0.3278888888888889,derivado_lido
2024-07-25,2.995,3.327777777777778,0.33277777777777784,derivado_lido
2024-07-26,2.933,3.2588888888888885,0.3258888888888887,derivado_lido
2024-07-27,2.812,3.1244444444444444,0.3124444444444445,derivado_lido
2024-07-28,3.023,3.358888888888889,0.3358888888888889,derivado_lido
2024-07-29,2.811,3.123333333333333,0.31233333333333313,derivado_lido
2024-07-30,2.913,3.2366666666666664,0.32366666666666655,derivado_lido
2024-07-31,2.993,3.3255555555555554,0.3325555555555555,derivado_lido
2024-08-01,3.034,3.371111111111111,0.33711111111111114,derivado_lido
2024-08-02,3.005,3.3388888888888886,0.3338888888888887,derivado_lido
2024-08-03,3.049,3.3877777777777776,0.3387777777777776,derivado_lido
2024-08-04,2.925,3.2499999999999996,0.32499999999999973,derivado_lido
2024-08-05,9.908,11.008888888888889,1.100888888888889,derivado_lido
2024-08-06,3.574,3.971111111111111,0.3971111111111112,derivado_lido
2024-08-07,3.022,3.3577777777777773,0.3357777777777775,derivado_lido
2024-08-08,3.074,3.4155555555555552,0.3415555555555554,derivado_lido
2024-08-09,3.078,3.42,0.3420000000000001,derivado_lido
2024-08-10,2.918,3.2422222222222223,0.3242222222222222,derivado_lido
2024-08-11,2.75,3.0555555555555554,0.30555555555555536,derivado_lido
2024-08-12,2.987,3.318888888888889,0.3318888888888889,derivado_lido
2024-08-13,3.016,3.351111111111111,0.3351111111111109,derivado_lido
2024-08-14,2.951,3.278888888888889,0.3278888888888889,derivado_lido
2024-08-15,2.998,3.3311111111111114,0.33311111111111114,derivado_lido
2024-08-16,2.921,3.2455555555555553,0.3245555555555555,derivado_lido
2024-08-17,2.741,3.0455555555555556,0.30455555555555547,derivado_lido
2024-08-18,2.759,3.065555555555555,0.30655555555555525,derivado_lido
2024-08-19,2.778,3.0866666666666664,0.3086666666666664,derivado_lido
2024-08-20,2.866,3.1844444444444444,0.3184444444444443,derivado_lido
2024-08-21,2.779,3.0877777777777777,0.3087777777777778,derivado_lido
2024-08-22,2.949,3.2766666666666664,0.32766666666666655,derivado_lido
2024-08-23,2.744,3.048888888888889,0.30488888888888876,derivado_lido
2024-08-24,2.825,3.138888888888889,0.31388888888888866,derivado_lido
2024-08-25,2.715,3.0166666666666666,0.30166666666666675,derivado_lido
2024-08-26,2.731,3.034444444444444,0.3034444444444442,derivado_lido
2024-08-27,2.785,3.0944444444444446,0.3094444444444444,derivado_lido
2024-08-28,3.13,3.4777777777777774,0.3477777777777775,derivado_lido
2024-08-29,2.773,3.0811111111111114,0.3081111111111112,derivado_lido
2024-08-30,2.88,3.1999999999999997,0.31999999999999984,derivado_lido
2024-08-31,2.683,2.981111111111111,0.298111111111111,derivado_lido
2024-09-01,2.674,2.971111111111111,0.2971111111111111,derivado_lido
2024-09-02,2.751,3.0566666666666666,0.30566666666666675,derivado_lido
2024-09-03,2.972,3.302222222222222,0.330222222222222,derivado_lido
2024-09-04,2.906,3.228888888888889,0.322888888888889,derivado_lido
2024-09-05,3.019,3.3544444444444443,0.3354444444444442,derivado_lido
2024-09-06,2.948,3.2755555555555556,0.3275555555555556,derivado_lido
2024-09-07,3.943,4.381111111111111,0.4381111111111111,derivado_lido
2024-09-08,2.755,3.061111111111111,0.306111111111111,derivado_lido
2024-09-09,2.904,3.2266666666666666,0.32266666666666666,derivado_lido
2024-09-10,3.022,3.3577777777777773,0.3357777777777775,derivado_lido
2024-09-11,3.017,3.352222222222222,0.3352222222222223,derivado_lido
2024-09-12,2.896,3.2177777777777776,0.3217777777777777,derivado_lido
2024-09-13,2.875,3.194444444444444,0.3194444444444442,derivado_lido
2024-09-14,2.859,3.1766666666666667,0.31766666666666676,derivado_lido
2024-09-15,2.811,3.123333333333333,0.31233333333333313,derivado_lido
2024-09-16,3.155,3.505555555555555,0.3505555555555553,derivado_lido
2024-09-17,2.939,3.2655555555555553,0.32655555555555527,derivado_lido
2024-09-18,3.113,3.4588888888888887,0.3458888888888887,derivado_lido
2024-09-19,3.261,3.6233333333333335,0.3623333333333334,derivado_lido
2024-09-20,3.278,3.6422222222222222,0.3642222222222222,derivado_lido
2024-09-21,3.302,3.6688888888888886,0.3668888888888886,derivado_lido
2024-09-22,3.173,3.5255555555555556,0.3525555555555555,derivado_lido
2024-09-23,3.19,3.5444444444444443,0.35444444444444434,derivado_lido
2024-09-24,3.209,3.5655555555555556,0.3565555555555555,derivado_lido
2024-09-25,3.171,3.523333333333333,0.35233333333333317,derivado_lido
2024-09-26,3.124,3.471111111111111,0.3471111111111109,derivado_lido
2024-09-27,3.233,3.5922222222222224,0.35922222222222233,derivado_lido
2024-09-28,2.968,3.2977777777777777,0.3297777777777777,derivado_lido
2024-09-29,2.877,3.1966666666666663,0.31966666666666654,derivado_lido
2024-09-30,2.959,3.287777777777778,0.32877777777777784,derivado_lido
2024-10-01,3.025,3.3611111111111107,0.3361111111111108,derivado_lido
2024-10-02,3.063,3.4033333333333333,0.34033333333333315,derivado_lido
2024-10-03,3.021,3.3566666666666665,0.33566666666666656,derivado_lido
2024-10-04,2.949,3.2766666666666664,0.32766666666666655,derivado_lido
2024-10-05,2.882,3.2022222222222223,0.3202222222222222,derivado_lido
2024-10-06,2.976,3.3066666666666666,0.33066666666666666,derivado_lido
2024-10-07,3.051,3.39,0.33899999999999997,derivado_lido
2024-10-08,3.358,3.7311111111111113,0.37311111111111117,derivado_lido
2024-10-09,3.431,3.812222222222222,0.38122222222222213,derivado_lido
2024-10-10,3.149,3.4988888888888887,0.3498888888888887,derivado_lido
2024-10-11,3.188,3.542222222222222,0.354222222222222,derivado_lido
2024-10-12,3.062,3.402222222222222,0.3402222222222222,derivado_lido
2024-10-13,3.085,3.4277777777777776,0.3427777777777776,derivado_lido
2024-10-14,3.183,3.536666666666666,0.35366666666666635,derivado_lido
2024-10-15,3.08,3.422222222222222,0.342222222222222,derivado_lido
2024-10-16,3.018,3.353333333333333,0.33533333333333326,derivado_lido
2024-10-17,2.977,3.3077777777777775,0.3307777777777776,derivado_lido
2024-10-18,2.975,3.3055555555555554,0.33055555555555527,derivado_lido
2024-10-19,2.894,3.2155555555555555,0.3215555555555554,derivado_lido
2024-10-20,2.833,3.147777777777778,0.3147777777777776,derivado_lido
2024-10-21,2.835,3.15,0.31499999999999995,derivado_lido
2024-10-22,2.974,3.3044444444444445,0.3304444444444443,derivado_lido
2024-10-23,2.934,3.2600000000000002,0.32600000000000007,derivado_lido
2024-10-24,2.95,3.2777777777777777,0.3277777777777775,derivado_lido
2024-10-25,2.97,3.3000000000000003,0.33000000000000007,derivado_lido
2024-10-26,2.925,3.2499999999999996,0.32499999999999973,derivado_lido
2024-10-27,2.818,3.131111111111111,0.3131111111111111,derivado_lido
2024-10-28,2.769,3.0766666666666667,0.30766666666666653,derivado_lido
2024-10-29,2.946,3.2733333333333334,0.32733333333333325,derivado_lido
2024-10-30,2.994,3.3266666666666667,0.33266666666666644,derivado_lido
2024-10-31,2.916,3.2399999999999998,0.32399999999999984,derivado_lido
2024-11-01,3.176,3.528888888888889,0.3528888888888888,derivado_lido
2024-11-02,2.836,3.1511111111111108,0.3151111111111109,derivado_lido
2024-11-03,2.868,3.1866666666666665,0.31866666666666665,derivado_lido
2024-11-04,2.868,3.1866666666666665,0.31866666666666665,derivado_lido
2024-11-05,2.933,3.2588888888888885,0.3258888888888887,derivado_lido
2024-11-06,3.217,3.5744444444444445,0.35744444444444445,derivado_lido
2024-11-07,3.002,3.335555555555555,0.3335555555555554,derivado_lido
2024-11-08,3.031,3.367777777777778,0.33677777777777784,derivado_lido
2024-11-09,3.103,3.447777777777778,0.34477777777777785,derivado_lido
2024-11-10,2.923,3.247777777777778,0.32477777777777783,derivado_lido
2024-11-11,3.057,3.3966666666666665,0.33966666666666656,derivado_lido
2024-11-12,3.47,3.8555555555555556,0.38555555555555543,derivado_lido
2024-11-13,3.142,3.491111111111111,0.34911111111111115,derivado_lido
2024-11-14,3.524,3.9155555555555557,0.39155555555555566,derivado_lido
2024-11-15,3.218,3.5755555555555554,0.3575555555555554,derivado_lido
2024-11-16,3.027,3.3633333333333333,0.33633333333333315,derivado_lido
2024-11-17,2.923,3.247777777777778,0.32477777777777783,derivado_lido
2024-11-18,2.915,3.238888888888889,0.3238888888888889,derivado_lido
2024-11-19,3.033,3.3699999999999997,0.33699999999999974,derivado_lido
2024-11-20,3.033,3.3699999999999997,0.33699999999999974,derivado_lido
2024-11-21,2.985,3.3166666666666664,0.33166666666666655,derivado_lido
2024-11-22,3.044,3.382222222222222,0.338222222222222,derivado_lido
2024-11-23,2.978,3.308888888888889,0.330888888888889,derivado_lido
2024-11-24,3.01,3.344444444444444,0.3344444444444443,derivado_lido
2024-11-25,2.905,3.2277777777777774,0.3227777777777776,derivado_lido
2024-11-26,2.996,3.328888888888889,0.3328888888888888,derivado_lido
2024-11-27,2.96,3.2888888888888888,0.3288888888888888,derivado_lido
2024-11-28,2.909,3.232222222222222,0.3232222222222223,derivado_lido
2024-11-29,2.807,3.118888888888889,0.3118888888888889,derivado_lido
2024-11-30,2.804,3.1155555555555554,0.3115555555555556,derivado_lido
2024-12-01,2.793,3.1033333333333335,0.31033333333333335,derivado_lido
2024-12-02,2.946,3.2733333333333334,0.32733333333333325,derivado_lido
2024-12-03,3.113,3.4588888888888887,0.3458888888888887,derivado_lido
2024-12-04,3.145,3.4944444444444445,0.34944444444444445,derivado_lido
2024-12-05,2.996,3.328888888888889,0.3328888888888888,derivado_lido
2024-12-06,3.34,3.711111111111111,0.37111111111111095,derivado_lido
2024-12-07,2.894,3.2155555555555555,0.3215555555555554,derivado_lido
2024-12-08,2.781,3.09,0.3089999999999997,derivado_lido
2024-12-09,2.857,3.1744444444444446,0.3174444444444444,derivado_lido
2024-12-10,3.413,3.7922222222222217,0.3792222222222219,derivado_lido
2024-12-11,3.037,3.3744444444444444,0.33744444444444444,derivado_lido
2024-12-12,2.925,3.2499999999999996,0.32499999999999973,derivado_lido
2024-12-13,2.898,3.22,0.32200000000000006,derivado_lido
2024-12-14,2.797,3.1077777777777778,0.3107777777777776,derivado_lido
2024-12-15,2.762,3.068888888888889,0.306888888888889,derivado_lido
2024-12-16,2.856,3.173333333333333,0.317333333333333,derivado_lido
2024-12-17,2.868,3.1866666666666665,0.31866666666666665,derivado_lido
2024-12-18,2.858,3.1755555555555555,0.31755555555555537,derivado_lido
2024-12-19,2.97,3.3000000000000003,0.33000000000000007,derivado_lido
2024-12-20,3.278,3.6422222222222222,0.3642222222222222,derivado_lido
2024-12-21,2.926,3.2511111111111113,0.32511111111111113,derivado_lido
2024-12-22,2.899,3.221111111111111,0.322111111111111,derivado_lido
2024-12-23,2.861,3.178888888888889,0.31788888888888867,derivado_lido
2024-12-24,2.824,3.1377777777777776,0.3137777777777777,derivado_lido
2024-12-25,2.743,3.0477777777777777,0.3047777777777778,derivado_lido
2024-12-26,2.752,3.0577777777777775,0.3057777777777777,derivado_lido
2024-12-27,2.821,3.1344444444444446,0.3134444444444444,derivado_lido
2024-12-28,2.762,3.068888888888889,0.306888888888889,derivado_lido
2024-12-29,2.743,3.0477777777777777,0.3047777777777778,derivado_lido
2024-12-30,2.753,3.0588888888888888,0.30588888888888865,derivado_lido
2024-12-31,2.963,3.292222222222222,0.3292222222222221,derivado_lido
2025-01-01,2.849,3.1655555555555557,0.3165555555555555,derivado_lido
2025-01-02,2.991,3.3233333333333333,0.33233333333333315,derivado_lido
2025-01-03,2.904,3.2266666666666666,0.32266666666666666,derivado_lido
2025-01-04,2.872,3.191111111111111,0.3191111111111109,derivado_lido
2025-01-05,2.808,3.1199999999999997,0.31199999999999983,derivado_lido
2025-01-06,2.85,3.1666666666666665,0.31666666666666643,derivado_lido
2025-01-07,2.926,3.2511111111111113,0.32511111111111113,derivado_lido
2025-01-08,3.017,3.352222222222222,0.3352222222222223,derivado_lido
2025-01-09,2.954,3.2822222222222224,0.3282222222222222,derivado_lido
2025-01-10,2.931,3.256666666666667,0.32566666666666677,derivado_lido
2025-01-11,2.759,3.065555555555555,0.30655555555555525,derivado_lido
2025-01-12,2.7,3.0,0.2999999999999998,derivado_lido
2025-01-13,3.113,3.4588888888888887,0.3458888888888887,derivado_lido
2025-01-14,2.984,3.3155555555555556,0.3315555555555556,derivado_lido
2025-01-15,2.857,3.1744444444444446,0.3174444444444444,derivado_lido
2025-01-16,2.898,3.22,0.32200000000000006,derivado_lido
2025-01-17,2.892,3.213333333333333,0.321333333333333,derivado_lido
2025-01-18,2.981,3.312222222222222,0.3312222222222223,derivado_lido
2025-01-19,3.164,3.5155555555555558,0.3515555555555556,derivado_lido
2025-01-20,3.472,3.8577777777777778,0.3857777777777778,derivado_lido
2025-01-21,3.428,3.8088888888888888,0.38088888888888883,derivado_lido
2025-01-22,2.919,3.243333333333333,0.32433333333333314,derivado_lido
2025-01-23,2.843,3.158888888888889,0.3158888888888889,derivado_lido
2025-01-24,4.191,4.656666666666666,0.46566666666666645,derivado_lido
2025-01-25,2.803,3.114444444444444,0.3114444444444442,derivado_lido
2025-01-26,2.735,3.0388888888888888,0.3038888888888889,derivado_lido
2025-01-27,3.075,3.416666666666667,0.3416666666666668,derivado_lido
2025-01-28,2.906,3.228888888888889,0.322888888888889,derivado_lido
2025-01-29,2.799,3.11,0.31099999999999994,derivado_lido
2025-01-30,2.881,3.2011111111111106,0.3201111111111108,derivado_lido
2025-01-31,2.797,3.1077777777777778,0.3107777777777776,derivado_lido
2025-02-01,2.825,3.138888888888889,0.31388888888888866,derivado_lido
2025-02-02,2.768,3.0755555555555554,0.3075555555555556,derivado_lido
2025-02-03,11.773,13.08111111111111,1.30811111111111,derivado_lido
2025-02-04,3.31,3.6777777777777776,0.36777777777777754,derivado_lido
2025-02-05,3.032,3.368888888888889,0.3368888888888888,derivado_lido
2025-02-06,2.817,3.13,0.3129999999999997,derivado_lido
2025-02-07,2.922,3.2466666666666666,0.32466666666666644,derivado_lido
2025-02-08,2.848,3.1644444444444444,0.31644444444444453,derivado_lido
2025-02-09,2.706,3.0066666666666664,0.3006666666666664,derivado_lido
2025-02-10,2.857,3.1744444444444446,0.3174444444444444,derivado_lido
2025-02-11,2.807,3.118888888888889,0.3118888888888889,derivado_lido
2025-02-12,2.813,3.1255555555555556,0.3125555555555555,derivado_lido
2025-02-13,2.956,3.2844444444444445,0.32844444444444454,derivado_lido
2025-02-14,2.851,3.167777777777778,0.3167777777777778,derivado_lido
2025-02-15,2.688,2.986666666666667,0.29866666666666664,derivado_lido
2025-02-16,2.65,2.944444444444444,0.2944444444444443,derivado_lido
2025-02-17,2.765,3.0722222222222224,0.3072222222222223,derivado_lido
2025-02-18,2.944,3.271111111111111,0.3271111111111109,derivado_lido
2025-02-19,2.785,3.0944444444444446,0.3094444444444444,derivado_lido
2025-02-20,2.722,3.0244444444444443,0.3024444444444443,derivado_lido
2025-02-21,2.739,3.043333333333333,0.3043333333333331,derivado_lido
2025-02-22,3.013,3.3477777777777775,0.3347777777777776,derivado_lido
2025-02-23,2.737,3.0411111111111113,0.3041111111111112,derivado_lido
2025-02-24,2.792,3.1022222222222218,0.31022222222222195,derivado_lido
2025-02-25,4.108,4.564444444444444,0.4564444444444442,derivado_lido
2025-02-26,2.982,3.3133333333333335,0.33133333333333326,derivado_lido
2025-02-27,3.14,3.488888888888889,0.3488888888888888,derivado_lido
2025-02-28,4.079,4.532222222222222,0.4532222222222222,derivado_lido
2025-03-01,2.849,3.1655555555555557,0.3165555555555555,derivado_lido
2025-03-02,2.764,3.0711111111111107,0.3071111111111109,derivado_lido
2025-03-03,3.33,3.7,0.3700000000000001,derivado_lido
2025-03-04,3.615,4.016666666666667,0.4016666666666664,derivado_lido
2025-03-05,3.112,3.457777777777778,0.34577777777777774,derivado_lido
2025-03-06,2.875,3.194444444444444,0.3194444444444442,derivado_lido
2025-03-07,3.053,3.3922222222222222,0.3392222222222223,derivado_lido
2025-03-08,2.95,3.2777777777777777,0.3277777777777775,derivado_lido
2025-03-09,2.718,3.02,0.30200000000000005,derivado_lido
2025-03-10,3.064,3.4044444444444446,0.34044444444444455,derivado_lido
2025-03-11,4.851,5.39,0.5389999999999997,derivado_lido
2025-03-12,3.602,4.002222222222222,0.4002222222222218,derivado_lido
2025-03-13,2.825,3.138888888888889,0.31388888888888866,derivado_lido
2025-03-14,2.811,3.123333333333333,0.31233333333333313,derivado_lido
2025-03-15,2.794,3.1044444444444443,0.3104444444444443,derivado_lido
2025-03-16,2.714,3.0155555555555553,0.30155555555555535,derivado_lido
2025-03-17,2.688,2.986666666666667,0.29866666666666664,derivado_lido
2025-03-18,2.793,3.1033333333333335,0.31033333333333335,derivado_lido
2025-03-19,2.873,3.1922222222222225,0.3192222222222223,derivado_lido
2025-03-20,2.93,3.2555555555555555,0.3255555555555554,derivado_lido
2025-03-21,2.741,3.0455555555555556,0.30455555555555547,derivado_lido
2025-03-22,2.668,2.9644444444444447,0.2964444444444445,derivado_lido
2025-03-23,2.664,2.96,0.2959999999999998,derivado_lido
2025-03-24,2.669,2.9655555555555555,0.29655555555555546,derivado_lido
2025-03-25,2.704,3.0044444444444447,0.3004444444444445,derivado_lido
2025-03-26,2.689,2.9877777777777776,0.2987777777777776,derivado_lido
2025-03-27,2.749,3.0544444444444445,0.3054444444444444,derivado_lido
2025-03-28,3.019,3.3544444444444443,0.3354444444444442,derivado_lido
2025-03-29,2.812,3.1244444444444444,0.3124444444444445,derivado_lido
2025-03-30,2.765,3.0722222222222224,0.3072222222222223,derivado_lido
2025-03-31,2.743,3.0477777777777777,0.3047777777777778,derivado_lido
2025-04-01,2.787,3.0966666666666667,0.30966666666666676,derivado_lido
2025-04-02,2.761,3.0677777777777777,0.3067777777777776,derivado_lido
2025-04-03,2.993,3.3255555555555554,0.3325555555555555,derivado_lido
2025-04-04,2.852,3.1688888888888886,0.3168888888888888,derivado_lido
2025-04-05,2.782,3.091111111111111,0.3091111111111111,derivado_lido
2025-04-06,2.663,2.9588888888888887,0.29588888888888887,derivado_lido
2025-04-07,7.349,8.165555555555555,0.8165555555555546,derivado_lido
2025-04-08,3.122,3.4688888888888885,0.3468888888888886,derivado_lido
2025-04-09,3.293,3.658888888888889,0.3658888888888887,derivado_lido
2025-04-10,3.337,3.707777777777778,0.37077777777777765,derivado_lido
2025-04-11,3.161,3.5122222222222224,0.3512222222222223,derivado_lido
2025-04-12,2.886,3.2066666666666666,0.32066666666666643,derivado_lido
2025-04-13,2.843,3.158888888888889,0.3158888888888889,derivado_lido
2025-04-14,2.976,3.3066666666666666,0.33066666666666666,derivado_lido
2025-04-15,2.832,3.1466666666666665,0.31466666666666665,derivado_lido
2025-04-16,2.836,3.1511111111111108,0.3151111111111109,derivado_lido
2025-04-17,2.787,3.0966666666666667,0.30966666666666676,derivado_lido
2025-04-18,2.722,3.0244444444444443,0.3024444444444443,derivado_lido
2025-04-19,2.667,2.963333333333333,0.2963333333333331,derivado_lido
2025-04-20,2.684,2.9822222222222226,0.2982222222222224,derivado_lido
2025-04-21,2.749,3.0544444444444445,0.3054444444444444,derivado_lido
2025-04-22,2.814,3.1266666666666665,0.3126666666666664,derivado_lido
2025-04-23,3.161,3.5122222222222224,0.3512222222222223,derivado_lido
2025-04-24,2.913,3.2366666666666664,0.32366666666666655,derivado_lido
2025-04-25,2.801,3.1122222222222224,0.3112222222222223,derivado_lido
2025-04-26,2.763,3.07,0.30699999999999994,derivado_lido
2025-04-27,2.692,2.991111111111111,0.2991111111111109,derivado_lido
2025-04-28,2.705,3.0055555555555555,0.30055555555555546,derivado_lido
2025-04-29,2.825,3.138888888888889,0.31388888888888866,derivado_lido
2025-04-30,2.825,3.138888888888889,0.31388888888888866,derivado_lido
2025-05-02,2.733,3.0366666666666666,0.30366666666666653,derivado_lido
2025-05-03,2.672,2.968888888888889,0.29688888888888876,derivado_lido
2025-05-04,2.649,2.9433333333333334,0.29433333333333334,derivado_lido
2025-05-05,2.698,2.997777777777778,0.2997777777777779,derivado_lido
2025-05-06,2.718,3.02,0.30200000000000005,derivado_lido
2025-05-07,2.689,2.9877777777777776,0.2987777777777776,derivado_lido
2025-05-08,2.709,3.01,0.3009999999999997,derivado_lido
2025-05-09,3.479,3.8655555555555554,0.3865555555555553,derivado_lido
2025-05-10,2.993,3.3255555555555554,0.3325555555555555,derivado_lido
2025-05-11,3.138,3.4866666666666664,0.34866666666666646,derivado_lido
2025-05-12,2.929,3.2544444444444443,0.3254444444444444,derivado_lido
2025-05-13,2.932,3.2577777777777777,0.3257777777777777,derivado_lido
2025-05-14,2.902,3.2244444444444444,0.3224444444444443,derivado_lido
2025-05-15,2.813,3.1255555555555556,0.3125555555555555,derivado_lido
2025-05-16,2.865,3.1833333333333336,0.31833333333333336,derivado_lido
2025-05-17,2.757,3.0633333333333335,0.30633333333333335,derivado_lido
2025-05-18,2.625,2.9166666666666665,0.2916666666666665,derivado_lido
2025-05-19,3.06,3.4,0.33999999999999986,derivado_lido
2025-05-20,2.931,3.256666666666667,0.32566666666666677,derivado_lido
2025-05-21,2.786,3.0955555555555554,0.30955555555555536,derivado_lido
2025-05-22,2.94,3.2666666666666666,0.32666666666666666,derivado_lido
2025-05-23,2.941,3.2677777777777774,0.3267777777777776,derivado_lido
2025-05-24,2.801,3.1122222222222224,0.3112222222222223,derivado_lido
2025-05-25,2.68,2.977777777777778,0.2977777777777777,derivado_lido
2025-05-26,2.722,3.0244444444444443,0.3024444444444443,derivado_lido
2025-05-27,2.744,3.048888888888889,0.30488888888888876,derivado_lido
2025-05-28,2.83,3.1444444444444444,0.3144444444444443,derivado_lido
2025-05-29,2.871,3.19,0.31899999999999995,derivado_lido
2025-05-30,2.905,3.2277777777777774,0.3227777777777776,derivado_lido
2025-05-31,2.887,3.207777777777778,0.32077777777777783,derivado_lido
2025-06-01,2.709,3.01,0.3009999999999997,derivado_lido
2025-06-02,2.727,3.03,0.30299999999999994,derivado_lido
2025-06-03,2.789,3.098888888888889,0.30988888888888866,derivado_lido
2025-06-04,2.8,3.1111111111111107,0.3111111111111109,derivado_lido
2025-06-05,2.765,3.0722222222222224,0.3072222222222223,derivado_lido
2025-06-06,2.878,3.1977777777777776,0.3197777777777775,derivado_lido
2025-06-07,2.743,3.0477777777777777,0.3047777777777778,derivado_lido
2025-06-08,2.681,2.9788888888888887,0.29788888888888865,derivado_lido
2025-06-09,2.68,2.977777777777778,0.2977777777777777,derivado_lido
2025-06-10,2.804,3.1155555555555554,0.3115555555555556,derivado_lido
2025-06-11,2.804,3.1155555555555554,0.3115555555555556,derivado_lido
2025-06-12,2.834,3.148888888888889,0.314888888888889,derivado_lido
2025-06-13,2.899,3.221111111111111,0.322111111111111,derivado_lido
2025-06-14,2.637,2.93,0.29300000000000015,derivado_lido
2025-06-15,2.566,2.851111111111111,0.2851111111111111,derivado_lido
2025-06-16,2.654,2.948888888888889,0.294888888888889,derivado_lido
2025-06-19,2.747,3.052222222222222,0.30522222222222206,derivado_lido
2025-06-20,2.678,2.9755555555555553,0.29755555555555535,derivado_lido
2025-06-21,2.697,2.9966666666666666,0.2996666666666665,derivado_lido
2025-06-22,2.966,3.2955555555555556,0.3295555555555554,derivado_lido
2025-06-23,2.986,3.3177777777777777,0.3317777777777775,derivado_lido
2025-06-24,2.867,3.1855555555555553,0.31855555555555526,derivado_lido
2025-06-25,2.756,3.0622222222222217,0.30622222222222195,derivado_lido
2025-06-26,2.735,3.0388888888888888,0.3038888888888889,derivado_lido
2025-06-27,2.741,3.0455555555555556,0.30455555555555547,derivado_lido
2025-06-28,2.631,2.923333333333333,0.2923333333333331,derivado_lido
2025-06-29,2.644,2.937777777777778,0.2937777777777777,derivado_lido
2025-06-30,2.655,2.9499999999999997,0.29499999999999993,derivado_lido
2025-07-01,2.685,2.9833333333333334,0.29833333333333334,derivado_lido
2025-07-02,2.686,2.9844444444444442,0.2984444444444443,derivado_lido
2025-07-03,2.702,3.002222222222222,0.30022222222222217,derivado_lido
2025-07-04,2.697,2.9966666666666666,0.2996666666666665,derivado_lido
2025-07-05,2.608,2.897777777777778,0.2897777777777777,derivado_lido
2025-07-06,2.622,2.913333333333333,0.2913333333333332,derivado_lido
2025-07-07,2.66,2.9555555555555557,0.29555555555555557,derivado_lido
2025-07-08,2.675,2.972222222222222,0.29722222222222205,derivado_lido
2025-07-09,2.684,2.9822222222222226,0.2982222222222224,derivado_lido
2025-07-10,2.811,3.123333333333333,0.31233333333333313,derivado_lido
2025-07-11,2.896,3.2177777777777776,0.3217777777777777,derivado_lido
2025-07-12,2.7,3.0,0.2999999999999998,derivado_lido
2025-07-13,2.617,2.9077777777777776,0.2907777777777776,derivado_lido
2025-07-14,2.749,3.0544444444444445,0.3054444444444444,derivado_lido
2025-07-15,2.733,3.0366666666666666,0.30366666666666653,derivado_lido
2025-07-16,2.802,3.1133333333333333,0.31133333333333324,derivado_lido
2025-07-17,2.88,3.1999999999999997,0.31999999999999984,derivado_lido
2025-07-18,2.84,3.1555555555555554,0.3155555555555556,derivado_lido
2025-07-19,2.672,2.968888888888889,0.29688888888888876,derivado_lido
2025-07-20,2.677,2.9744444444444444,0.2974444444444444,derivado_lido
2025-07-21,2.81,3.1222222222222222,0.3122222222222222,derivado_lido
2025-07-22,2.761,3.0677777777777777,0.3067777777777776,derivado_lido
2025-07-23,2.651,2.9455555555555555,0.2945555555555557,derivado_lido
2025-07-24,2.817,3.13,0.3129999999999997,derivado_lido
2025-07-25,2.768,3.0755555555555554,0.3075555555555556,derivado_lido
2025-07-26,2.659,2.954444444444444,0.2954444444444442,derivado_lido
2025-07-27,2.682,2.98,0.29800000000000004,derivado_lido
2025-07-28,2.602,2.891111111111111,0.2891111111111111,derivado_lido
2025-07-29,2.664,2.96,0.2959999999999998,derivado_lido
2025-07-30,2.717,3.0188888888888887,0.30188888888888865,derivado_lido
2025-07-31,2.678,2.9755555555555553,0.29755555555555535,derivado_lido
2025-08-01,2.688,2.986666666666667,0.29866666666666664,derivado_lido
2025-08-02,2.632,2.9244444444444446,0.2924444444444445,derivado_lido
2025-08-03,2.788,3.0977777777777775,0.3097777777777777,derivado_lido
2025-08-04,2.642,2.9355555555555553,0.29355555555555535,derivado_lido
2025-08-05,2.649,2.9433333333333334,0.29433333333333334,derivado_lido
2025-08-06,2.67,2.9666666666666663,0.2966666666666664,derivado_lido
2025-08-07,2.624,2.9155555555555557,0.29155555555555557,derivado_lido
2025-08-08,2.65,2.944444444444444,0.2944444444444443,derivado_lido
2025-08-09,2.68,2.977777777777778,0.2977777777777777,derivado_lido
2025-08-10,2.628,2.92,0.2919999999999998,derivado_lido
2025-08-11,2.67,2.9666666666666663,0.2966666666666664,derivado_lido
2025-08-12,2.699,2.9988888888888887,0.29988888888888887,derivado_lido
2025-08-13,2.902,3.2244444444444444,0.3224444444444443,derivado_lido
2025-08-14,2.764,3.0711111111111107,0.3071111111111109,derivado_lido
2025-08-15,3.088,3.431111111111111,0.3431111111111109,derivado_lido
2025-08-16,2.704,3.0044444444444447,0.3004444444444445,derivado_lido
2025-08-17,2.638,2.931111111111111,0.2931111111111111,derivado_lido
2025-08-18,2.659,2.954444444444444,0.2954444444444442,derivado_lido
2025-08-19,2.648,2.9422222222222225,0.2942222222222224,derivado_lido
2025-08-20,2.613,2.9033333333333333,0.29033333333333333,derivado_lido
2025-08-21,2.659,2.954444444444444,0.2954444444444442,derivado_lido
2025-08-22,2.76,3.0666666666666664,0.30666666666666664,derivado_lido
2025-08-23,2.841,3.1566666666666667,0.31566666666666654,derivado_lido
2025-08-24,2.598,2.8866666666666663,0.2886666666666664,derivado_lido
2025-08-25,2.727,3.03,0.30299999999999994,derivado_lido
2025-08-26,2.798,3.108888888888889,0.310888888888889,derivado_lido
2025-08-27,2.618,2.908888888888889,0.290888888888889,derivado_lido
2025-08-28,2.658,2.953333333333333,0.2953333333333332,derivado_lido
2025-08-29,2.615,2.905555555555556,0.2905555555555557,derivado_lido
2025-08-30,2.632,2.9244444444444446,0.2924444444444445,derivado_lido
2025-08-31,2.736,3.04,0.3039999999999998,derivado_lido
2025-09-01,2.783,3.092222222222222,0.30922222222222207,derivado_lido
2025-09-02,2.774,3.082222222222222,0.3082222222222222,derivado_lido
2025-09-03,2.719,3.021111111111111,0.302111111111111,derivado_lido
2025-09-04,2.594,2.882222222222222,0.28822222222222216,derivado_lido
2025-09-05,2.709,3.01,0.3009999999999997,derivado_lido
2025-09-06,2.616,2.9066666666666667,0.29066666666666663,derivado_lido
2025-09-07,2.575,2.861111111111111,0.286111111111111,derivado_lido
2025-09-08,2.576,2.8622222222222224,0.2862222222222224,derivado_lido
2025-09-09,2.602,2.891111111111111,0.2891111111111111,derivado_lido
2025-09-10,2.725,3.0277777777777777,0.3027777777777776,derivado_lido
2025-09-11,2.633,2.9255555555555555,0.29255555555555546,derivado_lido
2025-09-12,2.631,2.923333333333333,0.2923333333333331,derivado_lido
2025-09-13,2.642,2.9355555555555553,0.29355555555555535,derivado_lido
2025-09-14,2.599,2.887777777777778,0.2887777777777778,derivado_lido
2025-09-15,2.593,2.881111111111111,0.2881111111111112,derivado_lido
2025-09-16,2.599,2.887777777777778,0.2887777777777778,derivado_lido
2025-09-17,2.582,2.868888888888889,0.28688888888888897,derivado_lido
2025-09-18,2.645,2.9388888888888887,0.29388888888888864,derivado_lido
2025-09-19,2.73,3.033333333333333,0.30333333333333323,derivado_lido
2025-09-20,2.654,2.948888888888889,0.294888888888889,derivado_lido
2025-09-21,2.538,2.82,0.28200000000000003,derivado_lido
2025-09-22,2.645,2.9388888888888887,0.29388888888888864,derivado_lido
2025-09-23,2.667,2.963333333333333,0.2963333333333331,derivado_lido
2025-09-24,2.649,2.9433333333333334,0.29433333333333334,derivado_lido
2025-09-25,2.562,2.8466666666666662,0.2846666666666664,derivado_lido
2025-09-26,2.619,2.91,0.2909999999999999,derivado_lido
2025-09-27,2.787,3.0966666666666667,0.30966666666666676,derivado_lido
2025-09-28,2.548,2.831111111111111,0.28311111111111087,derivado_lido
2025-09-29,2.545,2.8277777777777775,0.2827777777777776,derivado_lido
2025-09-30,2.598,2.8866666666666663,0.2886666666666664,derivado_lido
2025-10-01,2.559,2.8433333333333333,0.2843333333333331,derivado_lido
2025-10-02,2.575,2.861111111111111,0.286111111111111,derivado_lido
2025-10-03,2.57,2.855555555555555,0.28555555555555534,derivado_lido
2025-10-04,2.582,2.868888888888889,0.28688888888888897,derivado_lido
2025-10-05,2.562,2.8466666666666662,0.2846666666666664,derivado_lido
2025-10-06,2.551,2.8344444444444448,0.2834444444444446,derivado_lido
2025-10-07,3.153,3.5033333333333334,0.3503333333333334,derivado_lido
2025-10-08,2.614,2.904444444444444,0.2904444444444443,derivado_lido
2025-10-09,2.601,2.89,0.28900000000000015,derivado_lido
2025-10-10,2.643,2.9366666666666665,0.29366666666666674,derivado_lido
2025-10-11,7.051,7.834444444444444,0.7834444444444442,derivado_lido
2025-10-12,2.624,2.9155555555555557,0.29155555555555557,derivado_lido
2025-10-13,2.673,2.97,0.29700000000000015,derivado_lido
2025-10-14,2.657,2.9522222222222223,0.2952222222222223,derivado_lido
2025-10-15,2.632,2.9244444444444446,0.2924444444444445,derivado_lido
2025-10-16,2.595,2.8833333333333333,0.2883333333333331,derivado_lido
2025-10-17,2.674,2.971111111111111,0.2971111111111111,derivado_lido
2025-10-18,2.594,2.882222222222222,0.28822222222222216,derivado_lido
2025-10-19,2.572,2.8577777777777778,0.2857777777777777,derivado_lido
2025-10-20,2.57,2.855555555555555,0.28555555555555534,derivado_lido
2025-10-21,2.591,2.878888888888889,0.28788888888888886,derivado_lido
2025-10-22,2.651,2.9455555555555555,0.2945555555555557,derivado_lido
2025-10-23,2.555,2.838888888888889,0.28388888888888886,derivado_lido
2025-10-24,2.539,2.821111111111111,0.282111111111111,derivado_lido
2025-10-25,2.544,2.8266666666666667,0.2826666666666666,derivado_lido
2025-10-26,2.511,2.79,0.2789999999999999,derivado_lido
2025-10-27,2.581,2.8677777777777775,0.2867777777777776,derivado_lido
2025-10-28,2.529,2.81,0.28100000000000014,derivado_lido
2025-10-29,2.529,2.81,0.28100000000000014,derivado_lido
2025-10-30,2.569,2.8544444444444443,0.2854444444444444,derivado_lido
2025-10-31,2.568,2.8533333333333335,0.28533333333333344,derivado_lido
2025-11-01,2.534,2.815555555555555,0.28155555555555534,derivado_lido
2025-11-02,2.496,2.7733333333333334,0.27733333333333343,derivado_lido
2025-11-03,2.79,3.1,0.31000000000000005,derivado_lido
2025-11-04,2.671,2.9677777777777776,0.2967777777777778,derivado_lido
2025-11-05,2.969,3.2988888888888885,0.3298888888888887,derivado_lido
2025-11-06,2.562,2.8466666666666662,0.2846666666666664,derivado_lido
2025-11-07,2.651,2.9455555555555555,0.2945555555555557,derivado_lido
2025-11-08,2.598,2.8866666666666663,0.2886666666666664,derivado_lido
2025-11-09,2.508,2.7866666666666666,0.2786666666666666,derivado_lido
2025-11-10,2.58,2.8666666666666667,0.2866666666666666,derivado_lido
2025-11-11,2.624,2.9155555555555557,0.29155555555555557,derivado_lido
2025-11-12,2.537,2.8188888888888886,0.28188888888888863,derivado_lido
2025-11-13,2.55,2.833333333333333,0.2833333333333332,derivado_lido
2025-11-14,2.766,3.0733333333333333,0.30733333333333324,derivado_lido
2025-11-15,2.618,2.908888888888889,0.290888888888889,derivado_lido
2025-11-16,2.545,2.8277777777777775,0.2827777777777776,derivado_lido
2025-11-17,2.657,2.9522222222222223,0.2952222222222223,derivado_lido
2025-11-18,2.768,3.0755555555555554,0.3075555555555556,derivado_lido
2025-11-19,2.598,2.8866666666666663,0.2886666666666664,derivado_lido
2025-11-20,2.988,3.32,0.33199999999999985,derivado_lido
2025-11-21,3.498,3.8866666666666667,0.3886666666666665,derivado_lido
2025-11-22,2.697,2.9966666666666666,0.2996666666666665,derivado_lido
2025-11-23,2.544,2.8266666666666667,0.2826666666666666,derivado_lido
2025-11-24,2.545,2.8277777777777775,0.2827777777777776,derivado_lido
2025-11-25,2.555,2.838888888888889,0.28388888888888886,derivado_lido
2025-11-26,2.556,2.84,0.2839999999999998,derivado_lido
2025-11-27,2.649,2.9433333333333334,0.29433333333333334,derivado_lido
2025-11-28,2.576,2.8622222222222224,0.2862222222222224,derivado_lido
2025-11-29,2.567,2.852222222222222,0.28522222222222204,derivado_lido
2025-11-30,2.531,2.812222222222222,0.28122222222222204,derivado_lido
2025-12-01,2.628,2.92,0.2919999999999998,derivado_lido
2025-12-02,2.613,2.9033333333333333,0.29033333333333333,derivado_lido
2025-12-03,2.654,2.948888888888889,0.294888888888889,derivado_lido
2025-12-04,2.364,2.6266666666666665,0.2626666666666666,derivado_lido
2025-12-05,2.546,2.828888888888889,0.28288888888888897,derivado_lido
2025-12-06,2.52,2.8,0.2799999999999998,derivado_lido
2025-12-07,2.519,2.798888888888889,0.27988888888888885,derivado_lido
2025-12-08,2.573,2.8588888888888886,0.28588888888888864,derivado_lido
2025-12-09,2.53,2.811111111111111,0.2811111111111111,derivado_lido
2025-12-10,2.558,2.842222222222222,0.28422222222222215,derivado_lido
2025-12-11,2.538,2.82,0.28200000000000003,derivado_lido
2025-12-12,2.525,2.8055555555555554,0.28055555555555545,derivado_lido
2025-12-13,2.534,2.815555555555555,0.28155555555555534,derivado_lido
2025-12-14,2.499,2.776666666666667,0.27766666666666673,derivado_lido
2025-12-15,2.506,2.784444444444444,0.2784444444444443,derivado_lido
2025-12-16,2.572,2.8577777777777778,0.2857777777777777,derivado_lido
2025-12-17,2.54,2.8222222222222224,0.2822222222222224,derivado_lido
2025-12-18,2.569,2.8544444444444443,0.2854444444444444,derivado_lido
2025-12-19,2.784,3.093333333333333,0.309333333333333,derivado_lido
2025-12-20,2.563,2.847777777777778,0.2847777777777778,derivado_lido
2025-12-21,2.529,2.81,0.28100000000000014,derivado_lido
2025-12-22,2.55,2.833333333333333,0.2833333333333332,derivado_lido
2025-12-23,2.56,2.8444444444444446,0.2844444444444445,derivado_lido
2025-12-24,2.54,2.8222222222222224,0.2822222222222224,derivado_lido
2025-12-25,2.552,2.8355555555555556,0.28355555555555556,derivado_lido
2025-12-26,2.556,2.84,0.2839999999999998,derivado_lido
2025-12-27,2.531,2.812222222222222,0.28122222222222204,derivado_lido
2025-12-28,2.531,2.812222222222222,0.28122222222222204,derivado_lido
2025-12-29,2.545,2.8277777777777775,0.2827777777777776,derivado_lido
2025-12-30,2.544,2.8266666666666667,0.2826666666666666,derivado_lido
2025-12-31,2.572,2.8577777777777778,0.2857777777777777,derivado_lido
2026-01-01,2.545,2.8277777777777775,0.2827777777777776,derivado_lido
2026-01-02,2.549,2.832222222222222,0.28322222222222226,derivado_lido
2026-01-03,2.549,2.832222222222222,0.28322222222222226,derivado_lido
2026-01-04,2.503,2.781111111111111,0.278111111111111,derivado_lido
2026-01-05,2.509,2.7877777777777775,0.27877777777777757,derivado_lido
2026-01-06,2.538,2.82,0.28200000000000003,derivado_lido
2026-01-07,2.54,2.8222222222222224,0.2822222222222224,derivado_lido
2026-01-08,2.512,2.791111111111111,0.27911111111111087,derivado_lido
2026-01-09,2.512,2.791111111111111,0.27911111111111087,derivado_lido
2026-01-10,2.501,2.7788888888888885,0.27788888888888863,derivado_lido
2026-01-11,2.462,2.7355555555555555,0.27355555555555533,derivado_lido
2026-01-12,2.462,2.7355555555555555,0.27355555555555533,derivado_lido
2026-01-13,2.473,2.7477777777777774,0.27477777777777757,derivado_lido
2026-01-14,2.488,2.7644444444444445,0.2764444444444445,derivado_lido
2026-01-15,2.47,2.7444444444444445,0.27444444444444427,derivado_lido
2026-01-16,2.455,2.727777777777778,0.2727777777777778,derivado_lido
2026-01-17,2.45,2.7222222222222223,0.27222222222222214,derivado_lido
2026-01-18,2.433,2.703333333333333,0.2703333333333333,derivado_lido
2026-01-19,2.471,2.7455555555555557,0.27455555555555566,derivado_lido
2026-01-20,2.427,2.6966666666666668,0.2696666666666667,derivado_lido
2026-01-21,2.43,2.7,0.27,derivado_lido
2026-01-22,2.4,2.6666666666666665,0.2666666666666666,derivado_lido
2026-01-23,2.357,2.6188888888888893,0.26188888888888906,derivado_lido
2026-01-24,2.327,2.5855555555555556,0.25855555555555565,derivado_lido
2026-01-25,2.344,2.6044444444444443,0.2604444444444445,derivado_lido
2026-01-26,2.386,2.651111111111111,0.2651111111111111,derivado_lido
2026-01-27,2.352,2.6133333333333333,0.2613333333333334,derivado_lido
2026-01-28,2.313,2.5700000000000003,0.2570000000000001,derivado_lido
2026-01-29,2.299,2.5544444444444445,0.2554444444444446,derivado_lido
2026-01-30,2.431,2.701111111111111,0.27011111111111097,derivado_lido
2026-01-31,2.386,2.651111111111111,0.2651111111111111,derivado_lido
2026-02-01,3.617,4.018888888888889,0.4018888888888892,derivado_lido
2026-02-02,2.569,2.8544444444444443,0.2854444444444444,derivado_lido
2026-02-03,2.331,2.59,0.2589999999999999,derivado_lido
2026-02-04,2.454,2.726666666666667,0.27266666666666683,derivado_lido
2026-02-05,2.575,2.861111111111111,0.286111111111111,derivado_lido
2026-02-06,3.878,4.308888888888889,0.4308888888888891,derivado_lido
2026-02-07,2.456,2.7288888888888887,0.27288888888888874,derivado_lido
2026-02-08,2.462,2.7355555555555555,0.27355555555555533,derivado_lido
2026-02-09,2.326,2.5844444444444443,0.25844444444444425,derivado_lido
2026-02-10,2.311,2.5677777777777777,0.25677777777777777,derivado_lido
2026-02-11,2.351,2.612222222222222,0.261222222222222,derivado_lido
2026-02-12,2.379,2.643333333333333,0.2643333333333331,derivado_lido
2026-02-13,2.326,2.5844444444444443,0.25844444444444425,derivado_lido
2026-02-14,2.356,2.6177777777777775,0.26177777777777766,derivado_lido
2026-02-15,2.283,2.5366666666666666,0.2536666666666667,derivado_lido
2026-02-16,2.389,2.654444444444444,0.26544444444444437,derivado_lido
2026-02-17,2.306,2.562222222222222,0.25622222222222213,derivado_lido
2026-02-18,2.316,2.5733333333333333,0.2573333333333334,derivado_lido
2026-02-19,2.319,2.5766666666666667,0.2576666666666667,derivado_lido
2026-02-20,2.339,2.598888888888889,0.25988888888888884,derivado_lido
2026-02-21,2.306,2.562222222222222,0.25622222222222213,derivado_lido
2026-02-22,2.302,2.557777777777778,0.2557777777777779,derivado_lido
2026-02-23,2.32,2.5777777777777775,0.25777777777777766,derivado_lido
2026-02-24,2.367,2.63,0.2629999999999999,derivado_lido
2026-02-25,2.334,2.5933333333333333,0.2593333333333332,derivado_lido
2026-02-26,2.393,2.6588888888888884,0.2658888888888886,derivado_lido
2026-02-27,2.326,2.5844444444444443,0.25844444444444425,derivado_lido
2026-02-28,2.363,2.6255555555555556,0.26255555555555565,derivado_lido
2026-03-01,2.356,2.6177777777777775,0.26177777777777766,derivado_lido
2026-03-02,2.379,2.643333333333333,0.2643333333333331,derivado_lido
2026-03-03,2.501,2.7788888888888885,0.27788888888888863,derivado_lido
2026-03-04,2.519,2.798888888888889,0.27988888888888885,derivado_lido
2026-03-05,2.438,2.708888888888889,0.27088888888888896,derivado_lido
2026-03-06,2.34,2.5999999999999996,0.2599999999999998,derivado_lido
2026-03-07,2.332,2.5911111111111107,0.25911111111111085,derivado_lido
2026-03-08,2.338,2.597777777777778,0.2597777777777779,derivado_lido
2026-03-09,2.371,2.6344444444444446,0.2634444444444446,derivado_lido
2026-03-10,2.384,2.6488888888888886,0.26488888888888873,derivado_lido
2026-03-11,2.43,2.7,0.27,derivado_lido
2026-03-12,2.464,2.7377777777777776,0.2737777777777777,derivado_lido
2026-03-13,4.568,5.075555555555555,0.5075555555555553,derivado_lido
2026-03-14,2.412,2.6799999999999997,0.2679999999999998,derivado_lido
2026-03-15,2.372,2.6355555555555554,0.26355555555555554,derivado_lido
2026-03-16,2.512,2.791111111111111,0.27911111111111087,derivado_lido
2026-03-17,2.408,2.6755555555555555,0.26755555555555555,derivado_lido
2026-03-18,2.387,2.652222222222222,0.265222222222222,derivado_lido
2026-03-19,2.456,2.7288888888888887,0.27288888888888874,derivado_lido
2026-03-20,2.447,2.718888888888889,0.27188888888888885,derivado_lido
2026-03-21,2.382,2.646666666666667,0.2646666666666668,derivado_lido
2026-03-22,2.928,3.253333333333333,0.32533333333333303,derivado_lido
2026-03-23,2.499,2.776666666666667,0.27766666666666673,derivado_lido
2026-03-24,2.443,2.7144444444444447,0.2714444444444446,derivado_lido
2026-03-25,2.425,2.694444444444444,0.2694444444444444,derivado_lido
2026-03-26,2.455,2.727777777777778,0.2727777777777778,derivado_lido
2026-03-27,2.462,2.7355555555555555,0.27355555555555533,derivado_lido
2026-03-28,2.406,2.6733333333333333,0.2673333333333332,derivado_lido
2026-03-29,2.384,2.6488888888888886,0.26488888888888873,derivado_lido
2026-03-30,2.41,2.677777777777778,0.2677777777777779,derivado_lido
2026-03-31,2.421,2.69,0.26900000000000013,derivado_lido
2026-04-01,2.434,2.7044444444444444,0.27044444444444427,derivado_lido
2026-04-02,2.521,2.801111111111111,0.2801111111111112,derivado_lido
2026-04-03,2.412,2.6799999999999997,0.2679999999999998,derivado_lido
2026-04-04,2.367,2.63,0.2629999999999999,derivado_lido
2026-04-05,2.366,2.628888888888889,0.26288888888888895,derivado_lido
2026-04-06,2.383,2.647777777777778,0.2647777777777778,derivado_lido
2026-04-07,2.401,2.6677777777777774,0.26677777777777756,derivado_lido
2026-04-08,2.423,2.692222222222222,0.26922222222222203,derivado_lido
2026-04-09,2.358,2.62,0.262,derivado_lido
2026-04-10,2.378,2.6422222222222222,0.26422222222222214,derivado_lido
2026-04-11,2.367,2.63,0.2629999999999999,derivado_lido
2026-04-12,2.359,2.621111111111111,0.26211111111111096,derivado_lido
2026-04-13,2.392,2.6577777777777776,0.26577777777777767,derivado_lido
2026-04-14,2.411,2.678888888888889,0.26788888888888884,derivado_lido
2026-04-15,2.373,2.6366666666666667,0.2636666666666665,derivado_lido
2026-04-16,2.374,2.637777777777778,0.2637777777777779,derivado_lido
2026-04-17,2.446,2.717777777777778,0.2717777777777779,derivado_lido
2026-04-18,2.459,2.732222222222222,0.27322222222222203,derivado_lido
2026-04-19,2.665,2.9611111111111112,0.2961111111111112,derivado_lido
2026-04-20,2.829,3.1433333333333335,0.31433333333333335,derivado_lido
2026-04-21,2.626,2.917777777777778,0.2917777777777779,derivado_lido
2026-04-22,2.586,2.873333333333333,0.2873333333333332,derivado_lido
2026-04-23,2.613,2.9033333333333333,0.29033333333333333,derivado_lido
2026-04-24,2.639,2.932222222222222,0.29322222222222205,derivado_lido
2026-04-25,2.482,2.757777777777778,0.2757777777777779,derivado_lido
2026-04-26,2.523,2.8033333333333332,0.2803333333333331,derivado_lido
2026-04-27,2.508,2.7866666666666666,0.2786666666666666,derivado_lido
2026-04-28,2.543,2.825555555555556,0.28255555555555567,derivado_lido
2026-04-29,2.8,3.1111111111111107,0.3111111111111109,derivado_lido
2026-04-30,2.674,2.971111111111111,0.2971111111111111,derivado_lido
2026-05-01,2.557,2.841111111111111,0.2841111111111112,derivado_lido
2026-05-02,2.448,2.7199999999999998,0.2719999999999998,derivado_lido
2026-05-03,2.375,2.638888888888889,0.26388888888888884,derivado_lido
2026-05-04,2.44,2.711111111111111,0.27111111111111086,derivado_lido
2026-05-05,2.43,2.7,0.27,derivado_lido
2026-05-06,2.535,2.816666666666667,0.28166666666666673,derivado_lido
2026-05-07,3.232,3.591111111111111,0.35911111111111094,derivado_lido
2026-05-08,2.599,2.887777777777778,0.2887777777777778,derivado_lido
2026-05-09,2.533,2.8144444444444443,0.2814444444444444,derivado_lido
2026-05-10,2.421,2.69,0.26900000000000013,derivado_lido
2026-05-11,2.481,2.7566666666666664,0.2756666666666665,derivado_lido
2026-05-12,2.506,2.784444444444444,0.2784444444444443,derivado_lido
2026-05-13,2.452,2.7244444444444444,0.2724444444444445,derivado_lido
2026-05-14,2.47,2.7444444444444445,0.27444444444444427,derivado_lido
2026-05-15,2.41,2.677777777777778,0.2677777777777779,derivado_lido
2026-05-16,2.427,2.6966666666666668,0.2696666666666667,derivado_lido
2026-05-17,2.369,2.6322222222222225,0.26322222222222225,derivado_lido
2026-05-18,2.426,2.6955555555555555,0.2695555555555553,derivado_lido
2026-05-19,2.393,2.6588888888888884,0.2658888888888886,derivado_lido
2026-05-20,2.379,2.643333333333333,0.2643333333333331,derivado_lido
2026-05-21,2.412,2.6799999999999997,0.2679999999999998,derivado_lido
2026-05-22,2.345,2.6055555555555556,0.26055555555555543,derivado_lido
2026-05-23,2.355,2.6166666666666667,0.2616666666666667,derivado_lido
2026-05-24,2.363,2.6255555555555556,0.26255555555555565,derivado_lido
2026-05-25,2.358,2.62,0.262,derivado_lido
2026-05-26,2.368,2.6311111111111107,0.26311111111111085,derivado_lido
2026-05-27,2.393,2.6588888888888884,0.2658888888888886,derivado_lido
2026-05-28,2.464,2.7377777777777776,0.2737777777777777,derivado_lido
2026-05-29,2.403,2.67,0.2669999999999999,derivado_lido
2026-05-30,2.391,2.6566666666666667,0.2656666666666667,derivado_lido
2026-05-31,2.365,2.6277777777777778,0.26277777777777755,derivado_lido
2026-06-01,2.388,2.6533333333333333,0.2653333333333334,derivado_lido
2026-06-02,2.412,2.6799999999999997,0.2679999999999998,derivado_lido
2026-06-03,2.513,2.792222222222222,0.27922222222222226,derivado_lido
2026-06-04,2.562,2.8466666666666662,0.2846666666666664,derivado_lido
2026-06-05,2.719,3.021111111111111,0.302111111111111,derivado_lido
2026-06-06,3.115,3.4611111111111112,0.34611111111111104,derivado_lido
2026-06-07,2.377,2.641111111111111,0.2641111111111112,derivado_lido
2026-06-08,2.584,2.871111111111111,0.2871111111111109,derivado_lido
2026-06-09,2.569,2.8544444444444443,0.2854444444444444,derivado_lido
2026-06-10,2.394,2.66,0.266,derivado_lido
2026-06-11,2.408,2.6755555555555555,0.26755555555555555,derivado_lido
2026-06-12,2.378,2.6422222222222222,0.26422222222222214,derivado_lido
2026-06-13,2.35,2.611111111111111,0.26111111111111107,derivado_lido
2026-06-14,2.313,2.5700000000000003,0.2570000000000001,derivado_lido
2026-06-15,2.337,2.5966666666666667,0.2596666666666665,derivado_lido
2026-06-16,2.39,2.6555555555555554,0.2655555555555553,derivado_lido
2026-06-17,2.386,2.651111111111111,0.2651111111111111,derivado_lido
2026-06-18,2.386,2.651111111111111,0.2651111111111111,derivado_lido
2026-06-19,2.387,2.652222222222222,0.265222222222222,derivado_lido
2026-06-20,2.303,2.5588888888888888,0.25588888888888883,derivado_lido
2026-06-21,2.284,2.5377777777777775,0.25377777777777766,derivado_lido
2026-06-22,2.327,2.5855555555555556,0.25855555555555565,derivado_lido
2026-06-23,2.373,2.6366666666666667,0.2636666666666665,derivado_lido
2026-06-24,2.283,2.5366666666666666,0.2536666666666667,derivado_lido
2026-06-25,2.379,2.643333333333333,0.2643333333333331,derivado_lido
2026-06-26,2.634,2.9266666666666663,0.2926666666666664,derivado_lido
2026-06-27,2.321,2.5788888888888892,0.25788888888888906,derivado_lido
2026-06-28,2.238,2.486666666666667,0.2486666666666668,derivado_lido
2026-06-29,2.261,2.5122222222222224,0.25122222222222224,derivado_lido
2026-06-30,2.317,2.5744444444444445,0.25744444444444436,derivado_lido
2026-07-01,2.284,2.5377777777777775,0.25377777777777766,derivado_lido
2026-07-02,2.324,2.582222222222222,0.25822222222222235,derivado_lido
2026-07-03,2.282,2.5355555555555553,0.2535555555555553,derivado_lido
2026-07-04,2.244,2.4933333333333336,0.2493333333333334,derivado_lido
2026-07-05,2.223,2.4699999999999998,0.2469999999999999,derivado_lido
2026-07-06,2.205,2.45,0.2450000000000001,derivado_lido
2026-07-07,2.261,2.5122222222222224,0.25122222222222224,derivado_lido
2026-07-08,2.262,2.513333333333333,0.2513333333333332,derivado_lido
2026-07-09,2.23,2.477777777777778,0.24777777777777787,derivado_lido
2026-07-10,2.208,2.4533333333333336,0.2453333333333334,derivado_lido
2026-07-11,2.201,2.4455555555555555,0.24455555555555542,derivado_lido
2026-07-12,2.185,2.4277777777777776,0.24277777777777754,derivado_lido
2026-07-13,2.201,2.4455555555555555,0.24455555555555542,derivado_lido
2026-07-14,2.226,2.473333333333333,0.24733333333333318,derivado_lido
2026-07-15,2.202,2.4466666666666668,0.2446666666666668,derivado_lido
2026-07-16,2.203,2.4477777777777776,0.24477777777777776,derivado_lido
2026-07-17,2.207,2.452222222222222,0.245222222222222,derivado_lido
2026-07-18,2.218,2.464444444444444,0.24644444444444424,derivado_lido
2026-07-19,2.151,2.3899999999999997,0.23899999999999988,derivado_lido
2026-07-20,2.207,2.452222222222222,0.245222222222222,derivado_lido
2026-07-21,2.197,2.4411111111111112,0.24411111111111117,derivado_lido
2026-07-22,2.209,2.4544444444444444,0.24544444444444435,derivado_lido
2026-07-23,2.163,2.403333333333333,0.24033333333333307,derivado_lido
2026-07-24,2.182,2.424444444444444,0.24244444444444424,derivado_lido
2026-07-25,2.045,2.272222222222222,0.22722222222222221,derivado_lido
2026-07-26,2.292,2.5466666666666664,0.2546666666666666,derivado_lido
2026-07-27,2.292,2.5466666666666664,0.2546666666666666,derivado_lido
