Date,preco_eth_usd,preco_steth_usd,preco_steth_eth,liquid_staking_basis,depeg_pct,retorno_log_eth,retorno_log_steth,volatilidade_7d_anual_eth,volatilidade_30d_anual_eth,volatilidade_7d_anual_steth,volatilidade_30d_anual_steth
2022-04-01,3449.55,3436.34,0.996171,-0.003829,-0.3829,,,,,,
2022-04-02,3445.06,3444.96,0.999972,-2.8e-05,-0.0028,-0.001303,0.002505,,,,
2022-04-03,3522.83,3519.41,0.999028,-0.000972,-0.0972,0.022325,0.02138,,,,
2022-04-04,3521.24,3503.97,0.995095,-0.004905,-0.4905,-0.000452,-0.004396,,,,
2022-04-05,3411.79,3397.02,0.995671,-0.004329,-0.4329,-0.031576,-0.030997,,,,
2022-04-06,3171.69,3162.53,0.997111,-0.002889,-0.2889,-0.072973,-0.071527,,,,
2022-04-07,3233.27,3229.68,0.998889,-0.001111,-0.1111,0.01923,0.021011,,,,
2022-04-08,3192.07,3190.04,0.999364,-0.000636,-0.0636,-0.012825,-0.012349,0.628673,,0.622181,
2022-04-09,3261.92,3254.5,0.997727,-0.002273,-0.2273,0.021644,0.020004,0.670812,,0.65653,
2022-04-10,3211.87,3203.27,0.997322,-0.002678,-0.2678,-0.015462,-0.015868,0.621231,,0.607999,
2022-04-11,2981.05,2977.59,0.998839,-0.001161,-0.1161,-0.074576,-0.073056,0.746617,,0.734763,
2022-04-12,3030.38,3016.85,0.995537,-0.004463,-0.4463,0.016411,0.013099,0.795019,,0.774421,
2022-04-13,3118.34,3103.36,0.995196,-0.004804,-0.4804,0.028615,0.028273,0.691063,,0.675606,
2022-04-14,3019.91,3019.63,0.999909,-9.1e-05,-0.0091,-0.032075,-0.027352,0.692573,,0.662492,
2022-04-15,3040.92,3033.47,0.99755,-0.00245,-0.245,0.006932,0.004571,0.701873,,0.669461,
2022-04-16,3062.31,3057.58,0.998455,-0.001545,-0.1545,0.007011,0.007918,0.672992,,0.644829,
2022-04-17,2993.4,2987.47,0.998017,-0.001983,-0.1983,-0.022759,-0.023198,0.679273,,0.651771,
2022-04-18,3057.61,3054.89,0.999113,-0.000887,-0.0887,0.021222,0.022319,0.433605,,0.408645,
2022-04-19,3104.11,3097.31,0.997812,-0.002188,-0.2188,0.015093,0.013791,0.431341,,0.409646,
2022-04-20,3077.75,3048.78,0.990589,-0.009411,-0.9411,-0.008528,-0.015793,0.379732,,0.370998,
2022-04-21,2987.48,2964.11,0.992178,-0.007822,-0.7822,-0.029767,-0.028164,0.368771,,0.374336,
2022-04-22,2964.84,2956.54,0.997202,-0.002798,-0.2798,-0.007609,-0.002559,0.363351,,0.369478,
2022-04-23,2938.11,2936.02,0.999287,-0.000713,-0.0713,-0.009054,-0.006965,0.353134,,0.356486,
2022-04-24,2922.73,2916.73,0.997947,-0.002053,-0.2053,-0.005249,-0.006591,0.323738,,0.326039,
2022-04-25,3009.39,3002.08,0.997571,-0.002429,-0.2429,0.02922,0.028843,0.363474,,0.359102,
2022-04-26,2808.3,2799.36,0.996818,-0.003182,-0.3182,-0.06916,-0.069915,0.569439,,0.573133,
2022-04-27,2888.93,2883.19,0.998013,-0.001987,-0.1987,0.028307,0.029506,0.648775,,0.654271,
2022-04-28,2936.94,2928.58,0.997154,-0.002846,-0.2846,0.016482,0.015622,0.644854,,0.64846,
2022-04-29,2815.6,2804.66,0.996112,-0.003888,-0.3888,-0.042193,-0.043238,0.707079,,0.714789,
2022-04-30,2730.19,2720.02,0.996277,-0.003723,-0.3723,-0.030806,-0.030641,0.727371,,0.733834,
2022-05-01,2827.76,2828.92,1.000412,0.000412,0.0412,0.035113,0.039255,0.799831,0.588506,0.819899,0.585487
2022-05-02,2857.41,2851.12,0.9978,-0.0022,-0.22,0.010432,0.007819,0.761943,0.591259,0.781238,0.586806
2022-05-03,2783.48,2773.49,0.996411,-0.003589,-0.3589,-0.026215,-0.027608,0.595019,0.585968,0.617839,0.582578
2022-05-04,2940.64,2913.22,0.990673,-0.009327,-0.9327,0.054928,0.049153,0.697704,0.625292,0.689603,0.615679
2022-05-05,2749.21,2730.36,0.993144,-0.006856,-0.6856,-0.067314,-0.064823,0.843048,0.655387,0.821328,0.643533
2022-05-06,2694.98,2687.43,0.997198,-0.002802,-0.2802,-0.019924,-0.01585,0.804885,0.613137,0.776516,0.601507
2022-05-07,2636.09,2625.69,0.996055,-0.003945,-0.3945,-0.022093,-0.023239,0.791058,0.609149,0.764025,0.596813
2022-05-08,2517.46,2497.32,0.991999,-0.008001,-0.8001,-0.046047,-0.050128,0.756992,0.624119,0.720135,0.615411
2022-05-09,2245.43,2228.75,0.992573,-0.007427,-0.7427,-0.114353,-0.113774,0.987164,0.716493,0.954127,0.708257
2022-05-10,2343.51,2322.29,0.990943,-0.009057,-0.9057,0.042753,0.04111,1.136423,0.741739,1.104491,0.73244
2022-05-11,2072.11,2065.02,0.99658,-0.00342,-0.342,-0.123083,-0.117411,1.105352,0.810578,1.075366,0.793727
2022-05-12,1961.7,1911.84,0.974585,-0.025415,-2.5415,-0.054755,-0.077073,1.09708,0.81703,1.089762,0.819455
2022-05-13,2014.42,1950.68,0.968359,-0.031641,-3.1641,0.026518,0.020109,1.214868,0.815669,1.186758,0.814483
2022-05-14,2056.27,2016.44,0.980628,-0.019372,-1.9372,0.020565,0.033156,1.293031,0.822087,1.314853,0.830566
2022-05-15,2145.71,2111.3,0.983963,-0.016037,-1.6037,0.042573,0.045968,1.4027,0.842019,1.437092,0.854096
2022-05-16,2022.73,1985.29,0.981493,-0.018507,-1.8507,-0.059023,-0.061536,1.229248,0.855029,1.279402,0.867876
2022-05-17,2090.41,2031.4,0.971771,-0.028229,-2.8229,0.032914,0.022959,1.202936,0.869634,1.235626,0.87687
2022-05-18,1916.66,1879.14,0.980428,-0.019572,-1.9572,-0.086778,-0.07791,1.021872,0.898857,1.06571,0.895755
2022-05-19,2018.34,1989.54,0.985734,-0.014266,-1.4266,0.051691,0.057089,1.034504,0.923302,1.017924,0.926213
2022-05-20,1961.32,1932.66,0.985388,-0.014612,-1.4612,-0.028658,-0.029008,1.038373,0.924374,1.037208,0.927546
2022-05-21,1974.52,1925.22,0.975035,-0.024965,-2.4965,0.006709,-0.003854,1.023292,0.925805,0.995969,0.927143
2022-05-22,2043.17,1994.96,0.976406,-0.023594,-2.3594,0.034178,0.035584,1.000698,0.940678,0.964959,0.942682
2022-05-23,1972.18,1929.03,0.978119,-0.021881,-2.1881,-0.035362,-0.033609,0.938517,0.943967,0.888953,0.945073
2022-05-24,1978.98,1930.15,0.975323,-0.024677,-2.4677,0.003442,0.000579,0.891696,0.945384,0.861775,0.946111
2022-05-25,1944.83,1898.44,0.976146,-0.023854,-2.3854,-0.017409,-0.016566,0.616188,0.933087,0.641802,0.933549
2022-05-26,1803.91,1761.27,0.97636,-0.02364,-2.364,-0.075215,-0.074996,0.673436,0.937775,0.653933,0.937452
2022-05-27,1724.92,1674.0,0.970479,-0.029521,-2.9521,-0.044776,-0.050818,0.701283,0.930154,0.69513,0.93082
2022-05-28,1757.94,1754.23,0.997887,-0.002113,-0.2113,0.018961,0.046811,0.732787,0.931323,0.848423,0.951186
2022-05-29,1812.03,1769.73,0.976655,-0.023345,-2.3345,0.030305,0.008798,0.71682,0.941026,0.773281,0.950494
2022-05-30,1996.44,1954.13,0.978808,-0.021192,-2.1192,0.096918,0.09912,1.064485,1.015971,1.11812,1.028761
2022-05-31,1942.33,1901.57,0.979014,-0.020986,-2.0986,-0.027479,-0.027268,1.084714,1.004042,1.137946,1.013902
2022-06-01,1823.57,1784.91,0.9788,-0.0212,-2.12,-0.063092,-0.06331,1.169331,1.015574,1.221044,1.025596
2022-06-02,1834.15,1792.18,0.977116,-0.022884,-2.2884,0.005786,0.004064,1.028997,1.017248,1.086379,1.026882
2022-06-03,1775.08,1735.81,0.977877,-0.022123,-2.2123,-0.032737,-0.031959,0.998663,0.98813,1.037526,1.002225
2022-06-04,1801.61,1760.2,0.977014,-0.022986,-2.2986,0.014836,0.013953,0.995366,0.976782,0.983018,0.992793
2022-06-05,1805.2,1766.12,0.978348,-0.021652,-2.1652,0.001994,0.003358,0.969657,0.978125,0.981002,0.994756
2022-06-06,1859.29,1813.79,0.975527,-0.024473,-2.4473,0.02952,0.026632,0.614767,0.988833,0.599671,1.004088
2022-06-07,1814.05,1774.35,0.978114,-0.021886,-2.1886,-0.024634,-0.021984,0.61022,0.982253,0.591926,0.995516
2022-06-08,1793.57,1743.58,0.972126,-0.027874,-2.7874,-0.011352,-0.017493,0.419807,0.908695,0.402567,0.925042
2022-06-09,1789.83,1733.32,0.968428,-0.031572,-3.1572,-0.002091,-0.005902,0.414316,0.890774,0.39781,0.907887
2022-06-10,1665.04,1574.48,0.945609,-0.054391,-5.4391,-0.072268,-0.096114,0.627523,0.823981,0.764909,0.87867
2022-06-11,1529.66,1470.48,0.961307,-0.038693,-3.8693,-0.084803,-0.068338,0.787893,0.851958,0.811766,0.870649
2022-06-12,1445.22,1391.47,0.962811,-0.037189,-3.7189,-0.056789,-0.055225,0.787088,0.858644,0.794269,0.878836
2022-06-13,1204.58,1151.9,0.956266,-0.043734,-4.3734,-0.182126,-0.188947,1.173399,1.037168,1.209245,1.060285
2022-06-14,1211.66,1151.99,0.950753,-0.049247,-4.9247,0.00586,7.9e-05,1.250607,1.017987,1.265994,1.036902
2022-06-15,1233.21,1155.19,0.936737,-0.063263,-6.3263,0.017624,0.002772,1.330798,1.015209,1.316496,1.028862
2022-06-16,1067.73,1006.15,0.942328,-0.057672,-5.7672,-0.144082,-0.138131,1.390666,1.091635,1.33928,1.099086
2022-06-17,1086.52,1023.43,0.941934,-0.058066,-5.8066,0.017444,0.017026,1.539579,1.074668,1.485822,1.089692
2022-06-18,993.64,931.39,0.937352,-0.062648,-6.2648,-0.089363,-0.094239,1.544216,1.070638,1.504686,1.082322
2022-06-19,1127.66,1056.49,0.936888,-0.063112,-6.3112,0.126525,0.126029,2.060304,1.191465,2.048889,1.203907
2022-06-20,1127.64,1065.32,0.944729,-0.055271,-5.5271,-1.2e-05,0.008323,1.650505,1.189908,1.623721,1.206725
2022-06-21,1124.82,1062.25,0.944367,-0.055633,-5.5633,-0.002502,-0.002886,1.646893,1.176202,1.622614,1.191902
2022-06-22,1051.42,995.94,0.947231,-0.052769,-5.2769,-0.067484,-0.064456,1.672557,1.186807,1.658642,1.20083
2022-06-23,1143.39,1090.67,0.953895,-0.046105,-4.6105,0.083851,0.090862,1.463754,1.239589,1.492409,1.261966
2022-06-24,1226.84,1177.94,0.960141,-0.039859,-3.9859,0.070451,0.076977,1.529219,1.27767,1.566791,1.305686
2022-06-25,1243.45,1200.8,0.965705,-0.034295,-3.4295,0.013442,0.01922,1.246923,1.26273,1.24414,1.293322
2022-06-26,1199.83,1157.18,0.964449,-0.035551,-3.5551,-0.035706,-0.037008,1.030619,1.260197,1.07421,1.289099
2022-06-27,1193.68,1151.0,0.964241,-0.035759,-3.5759,-0.00514,-0.005355,1.033965,1.255515,1.082346,1.271712
2022-06-28,1144.58,1097.7,0.959046,-0.040954,-4.0954,-0.042004,-0.047407,1.096152,1.249514,1.162032,1.274114
2022-06-29,1098.94,1057.35,0.962152,-0.037848,-3.7848,-0.040687,-0.037454,1.005421,1.184445,1.077578,1.206154
2022-06-30,1067.3,1028.61,0.963752,-0.036248,-3.6248,-0.029219,-0.027557,0.781573,1.184601,0.840491,1.206175
2022-07-01,1059.77,1021.74,0.964115,-0.035885,-3.5885,-0.007082,-0.006706,0.40857,1.175004,0.450141,1.197003
2022-07-02,1066.51,1029.73,0.965512,-0.034488,-3.4488,0.006345,0.007793,0.374021,1.175148,0.393013,1.197962
2022-07-03,1073.77,1040.7,0.969205,-0.030795,-3.0795,0.006779,0.010596,0.403468,1.177024,0.430634,1.201124
2022-07-04,1151.06,1117.43,0.970787,-0.029213,-2.9213,0.069509,0.07114,0.742093,1.210468,0.762739,1.235768
2022-07-05,1134.54,1099.65,0.969245,-0.030755,-3.0755,-0.014454,-0.016044,0.683296,1.208932,0.684321,1.233963
2022-07-06,1186.97,1154.85,0.972934,-0.027066,-2.7066,0.045179,0.048978,0.662893,1.217472,0.679196,1.246035
2022-07-07,1237.59,1206.63,0.974977,-0.025023,-2.5023,0.041761,0.043859,0.595597,1.232762,0.615084,1.26248
2022-07-08,1222.51,1187.25,0.971159,-0.028841,-2.8841,-0.012266,-0.01619,0.611508,1.232753,0.645807,1.262427
2022-07-09,1216.98,1182.88,0.971985,-0.028015,-2.8015,-0.004532,-0.003682,0.631444,1.232517,0.665581,1.262604
2022-07-10,1168.4,1135.29,0.971658,-0.028342,-2.8342,-0.040734,-0.041071,0.765661,1.218211,0.800064,1.231059
2022-07-11,1097.24,1065.78,0.971335,-0.028665,-2.8665,-0.062842,-0.063174,0.758039,1.203973,0.788237,1.228155
2022-07-12,1038.19,997.49,0.960794,-0.039206,-3.9206,-0.055314,-0.066226,0.836376,1.20328,0.899613,1.233758
2022-07-13,1113.59,1073.39,0.963906,-0.036094,-3.6094,0.070106,0.07334,0.952572,1.065633,1.013267,1.088537
2022-07-14,1191.53,1151.89,0.966737,-0.033263,-3.3263,0.067649,0.070582,1.05004,1.093257,1.113782,1.117902
2022-07-15,1233.13,1194.77,0.968891,-0.031109,-3.1109,0.03432,0.036545,1.084869,1.098292,1.150737,1.125141
2022-07-16,1352.63,1316.74,0.973469,-0.026531,-2.6531,0.092493,0.097207,1.2648,1.014478,1.341145,1.055858
2022-07-17,1338.64,1306.27,0.975824,-0.024176,-2.4176,-0.010397,-0.007982,1.200681,1.015823,1.276229,1.057058
2022-07-18,1578.72,1539.23,0.974988,-0.025012,-2.5012,0.164962,0.164105,1.366489,1.096459,1.421665,1.124122
2022-07-19,1542.98,1508.95,0.977945,-0.022055,-2.2055,-0.022901,-0.019872,1.224322,1.027628,1.209767,1.058904
2022-07-20,1520.2,1487.75,0.978656,-0.021344,-2.1344,-0.01487,-0.014143,1.317535,1.030834,1.308196,1.062747
2022-07-21,1576.75,1523.66,0.966327,-0.033673,-3.3673,0.036523,0.023845,1.303311,1.03388,1.299656,1.062399
2022-07-22,1537.41,1495.6,0.972806,-0.027194,-2.7194,-0.025269,-0.018587,1.387476,1.003452,1.367658,1.032465
2022-07-23,1549.3,1522.93,0.982982,-0.017018,-1.7018,0.007706,0.018112,1.292596,0.970058,1.252988,0.994385
2022-07-24,1599.48,1571.57,0.982553,-0.017447,-1.7447,0.031875,0.031438,1.269159,0.948968,1.23006,0.968787
2022-07-25,1445.38,1415.89,0.979595,-0.020405,-2.0405,-0.101302,-0.104316,0.887343,1.023445,0.879335,1.046109
2022-07-26,1441.81,1416.86,0.9827,-0.0173,-1.73,-0.002478,0.000687,0.885181,1.013317,0.880573,1.035038
2022-07-27,1636.23,1603.9,0.980239,-0.019761,-1.9761,0.126499,0.123992,1.317765,1.095592,1.297629,1.111508
2022-07-28,1725.47,1684.33,0.976158,-0.023842,-2.3842,0.053102,0.04893,1.342875,1.088414,1.325388,1.098445
2022-07-29,1727.41,1681.37,0.973347,-0.026653,-2.6653,0.001123,-0.001761,1.310399,1.07177,1.305391,1.084254
2022-07-30,1695.97,1653.05,0.974691,-0.025309,-2.5309,-0.018367,-0.016987,1.334523,1.066782,1.32754,1.079593
2022-07-31,1681.52,1640.54,0.975631,-0.024369,-2.4369,-0.008558,-0.007595,1.331525,1.067187,1.322167,1.079831
2022-08-01,1635.2,1595.32,0.975615,-0.024385,-2.4385,-0.027934,-0.02795,1.041915,1.077492,1.012906,1.090307
2022-08-02,1632.95,1594.17,0.976257,-0.023743,-2.3743,-0.001377,-0.000719,1.040653,1.078578,1.014338,1.091542
2022-08-03,1618.87,1577.04,0.974158,-0.025842,-2.5842,-0.008654,-0.010806,0.497739,1.062258,0.468055,1.075055
2022-08-04,1608.21,1564.43,0.972777,-0.027223,-2.7223,-0.006612,-0.008031,0.191853,1.060209,0.180105,1.072833
2022-08-05,1732.25,1679.93,0.969794,-0.030206,-3.0206,0.074305,0.071233,0.644655,1.076551,0.623152,1.085289
2022-08-06,1691.66,1630.95,0.964112,-0.035888,-3.5888,-0.023715,-0.029591,0.655197,1.078452,0.649973,1.088806
2022-08-07,1699.35,1637.93,0.963856,-0.036144,-3.6144,0.004537,0.004272,0.65205,1.075593,0.649322,1.084933
2022-08-08,1775.52,1714.87,0.96584,-0.03416,-3.416,0.043845,0.045901,0.660838,1.08004,0.675952,1.090416
2022-08-09,1703.03,1641.62,0.963945,-0.036055,-3.6055,-0.041685,-0.043649,0.765413,1.080635,0.781463,1.092043
2022-08-10,1851.74,1785.73,0.964353,-0.035647,-3.5647,0.083721,0.084144,0.930629,1.07282,0.952651,1.084779
2022-08-11,1881.22,1824.74,0.969976,-0.030024,-3.0024,0.015796,0.021609,0.906578,1.040301,0.927559,1.042184
2022-08-12,1957.25,1898.73,0.970103,-0.029897,-2.9897,0.039616,0.039747,0.815823,1.027101,0.850535,1.027075
2022-08-13,1981.34,1931.25,0.97472,-0.02528,-2.528,0.012233,0.016981,0.743593,1.012006,0.754804,1.010078
2022-08-14,1936.8,1887.38,0.974481,-0.025519,-2.5519,-0.022733,-0.022978,0.807202,1.019223,0.821178,1.017063
2022-08-15,1904.23,1849.76,0.971394,-0.028606,-2.8606,-0.016961,-0.020134,0.811314,0.985495,0.834043,0.97971
2022-08-16,1878.14,1825.47,0.971959,-0.028041,-2.8041,-0.013795,-0.013214,0.723474,0.986511,0.73637,0.981177
2022-08-17,1833.0,1783.44,0.972961,-0.027039,-2.7039,-0.024328,-0.023297,0.464086,0.822742,0.492402,0.817603
2022-08-18,1847.01,1797.95,0.973439,-0.026561,-2.6561,0.007613,0.008104,0.449105,0.816589,0.464932,0.81274
2022-08-19,1612.99,1567.68,0.971912,-0.028088,-2.8088,-0.135479,-0.13705,0.948944,0.952443,0.972406,0.951927
2022-08-20,1577.0,1533.14,0.972185,-0.027815,-2.7815,-0.022561,-0.02228,0.89154,0.947754,0.902272,0.952045
2022-08-21,1619.32,1573.74,0.971854,-0.028146,-2.8146,0.026479,0.026139,0.990071,0.947573,0.999824,0.953713
2022-08-22,1622.51,1581.65,0.974819,-0.025181,-2.5181,0.001966,0.005012,1.009336,0.947329,1.024914,0.951968
2022-08-23,1662.77,1616.0,0.971869,-0.028131,-2.8131,0.024513,0.021483,1.066577,0.944707,1.073252,0.948624
2022-08-24,1657.06,1618.97,0.977012,-0.022988,-2.2988,-0.00344,0.001837,1.068985,0.869629,1.080193,0.869343
2022-08-25,1696.46,1652.9,0.974324,-0.025676,-2.5676,0.023498,0.020742,1.094741,0.871702,1.099482,0.871058
2022-08-26,1507.78,1465.26,0.971795,-0.028205,-2.8205,-0.117902,-0.120501,0.975096,0.861227,0.985595,0.868637
2022-08-27,1491.4,1447.4,0.970504,-0.029496,-2.9496,-0.010928,-0.012258,0.969317,0.837622,0.980427,0.848573
2022-08-28,1430.55,1386.72,0.969361,-0.030639,-3.0639,-0.041655,-0.042834,0.946591,0.847014,0.959665,0.858602
2022-08-29,1553.04,1512.57,0.973945,-0.026055,-2.6055,0.082155,0.086874,1.193008,0.899891,1.224874,0.916962
2022-08-30,1523.84,1482.17,0.972654,-0.027346,-2.7346,-0.01898,-0.020306,1.165809,0.901443,1.20404,0.91884
2022-08-31,1553.68,1510.69,0.972326,-0.027674,-2.7674,0.019397,0.019059,1.188014,0.900269,1.222662,0.917652
2022-09-01,1586.18,1540.62,0.971278,-0.028722,-2.8722,0.020697,0.01962,1.183489,0.903657,1.220977,0.920695
2022-09-02,1577.22,1527.07,0.968205,-0.031795,-3.1795,-0.005662,-0.008831,0.760663,0.903397,0.800229,0.92046
2022-09-03,1556.87,1508.05,0.968637,-0.031363,-3.1363,-0.012985,-0.012539,0.763658,0.90418,0.800619,0.921023
2022-09-04,1577.64,1525.95,0.967233,-0.032767,-3.2767,0.013252,0.011801,0.648921,0.864312,0.687705,0.884793
2022-09-05,1617.18,1563.29,0.966672,-0.033328,-3.3328,0.024755,0.024174,0.341753,0.866306,0.345659,0.884487
2022-09-06,1561.75,1496.89,0.958471,-0.041529,-4.1529,-0.03488,-0.043399,0.421757,0.873727,0.46645,0.896184
2022-09-07,1629.91,1566.21,0.960921,-0.039079,-3.9079,0.042717,0.045269,0.501306,0.872977,0.55648,0.895752
2022-09-08,1635.35,1577.71,0.964758,-0.035242,-3.5242,0.003333,0.007318,0.487605,0.861824,0.543979,0.884225
2022-09-09,1719.09,1667.03,0.969721,-0.030279,-3.0279,0.049937,0.055069,0.575449,0.827211,0.643225,0.854158
2022-09-10,1776.2,1726.47,0.972001,-0.027999,-2.7999,0.032686,0.035034,0.547157,0.833978,0.621821,0.860149
2022-09-11,1761.8,1715.56,0.973753,-0.026247,-2.6247,-0.008142,-0.006342,0.581174,0.820574,0.648405,0.847022
2022-09-12,1713.77,1668.01,0.973299,-0.026701,-2.6701,-0.027643,-0.028109,0.65089,0.822732,0.71807,0.84798
2022-09-13,1580.79,1532.43,0.969407,-0.030593,-3.0593,-0.080769,-0.084776,0.880041,0.862563,0.932743,0.890888
2022-09-14,1634.76,1588.06,0.971439,-0.028561,-2.8561,0.03357,0.035664,0.856284,0.872994,0.908754,0.901685
2022-09-15,1471.69,1454.52,0.988332,-0.011668,-1.1668,-0.105079,-0.087839,1.143548,0.939953,1.111835,0.946605
2022-09-16,1432.45,1416.32,0.98874,-0.01126,-1.126,-0.027029,-0.026616,1.003948,0.940586,0.959885,0.94737
2022-09-17,1469.74,1457.79,0.991871,-0.008129,-0.8129,0.025702,0.028863,0.980071,0.946516,0.93786,0.954464
2022-09-18,1335.33,1324.19,0.991659,-0.008341,-0.8341,-0.095909,-0.096122,1.077139,0.887458,1.051281,0.892967
2022-09-19,1377.54,1363.96,0.990138,-0.009862,-0.9862,0.031123,0.029587,1.194046,0.8948,1.158065,0.899099
2022-09-20,1324.39,1316.26,0.993862,-0.006138,-0.6138,-0.03935,-0.035596,1.124898,0.895569,1.063947,0.898927
2022-09-21,1252.61,1243.19,0.992485,-0.007515,-0.7515,-0.055723,-0.05711,1.020678,0.911014,0.965934,0.915354
2022-09-22,1327.68,1319.77,0.99404,-0.00596,-0.596,0.058206,0.059772,1.04888,0.933736,1.058197,0.940293
2022-09-23,1328.26,1321.17,0.994662,-0.005338,-0.5338,0.000436,0.001062,1.048008,0.934046,1.056819,0.940208
2022-09-24,1317.99,1310.54,0.994346,-0.005654,-0.5654,-0.007759,-0.008077,1.004066,0.927383,1.0068,0.93495
2022-09-25,1294.22,1288.99,0.995958,-0.004042,-0.4042,-0.018205,-0.016585,0.750627,0.840357,0.748691,0.842937
2022-09-26,1335.32,1325.49,0.99264,-0.00736,-0.736,0.031265,0.027928,0.75104,0.849506,0.744266,0.849773
2022-09-27,1330.13,1324.59,0.995839,-0.004161,-0.4161,-0.003896,-0.000679,0.692134,0.838401,0.695446,0.837493
2022-09-28,1337.41,1329.92,0.994397,-0.005603,-0.5603,0.005461,0.004012,0.504818,0.781786,0.497035,0.774946
2022-09-29,1335.65,1330.46,0.99611,-0.00389,-0.389,-0.001316,0.000406,0.292971,0.780232,0.26205,0.772923
2022-09-30,1327.98,1323.51,0.996636,-0.003364,-0.3364,-0.005762,-0.005235,0.296902,0.775498,0.266095,0.768592
2022-10-01,1311.64,1308.21,0.997382,-0.002618,-0.2618,-0.012376,-0.011628,0.305949,0.770141,0.273976,0.764011
2022-10-02,1276.09,1271.59,0.996472,-0.003528,-0.3528,-0.027478,-0.028391,0.343293,0.773653,0.325254,0.768136
2022-10-03,1323.44,1316.46,0.994726,-0.005274,-0.5274,0.03643,0.034677,0.374372,0.78796,0.364267,0.780709
2022-10-04,1362.13,1354.87,0.994673,-0.005327,-0.5327,0.028813,0.02876,0.430719,0.794443,0.423021,0.787386
2022-10-05,1352.84,1344.8,0.994057,-0.005943,-0.5943,-0.006843,-0.007462,0.436258,0.787212,0.429788,0.780862
2022-10-06,1351.71,1345.55,0.995443,-0.004557,-0.4557,-0.000834,0.000559,0.436074,0.780392,0.429764,0.768626
2022-10-07,1332.52,1321.87,0.992012,-0.007988,-0.7988,-0.0143,-0.017753,0.449134,0.761804,0.450883,0.749438
2022-10-08,1315.5,1307.09,0.993605,-0.006395,-0.6395,-0.012852,-0.011248,0.449976,0.761209,0.450304,0.74819
2022-10-09,1322.6,1312.22,0.992147,-0.007853,-0.7853,0.005386,0.003917,0.383729,0.734472,0.382206,0.715988
2022-10-10,1291.34,1283.64,0.994037,-0.005963,-0.5963,-0.023924,-0.022021,0.327457,0.720699,0.324784,0.700336
2022-10-11,1279.58,1272.07,0.994136,-0.005864,-0.5864,-0.00915,-0.00905,0.181905,0.720664,0.17645,0.700228
2022-10-12,1294.91,1287.03,0.993914,-0.006086,-0.6086,0.01191,0.011687,0.237046,0.722137,0.232069,0.701011
2022-10-13,1288.12,1282.03,0.995265,-0.004735,-0.4735,-0.005252,-0.003893,0.233016,0.674601,0.22625,0.644982
2022-10-14,1297.42,1289.8,0.994127,-0.005873,-0.5873,0.007192,0.006048,0.242874,0.660856,0.222091,0.629009
2022-10-15,1274.87,1269.73,0.995964,-0.004036,-0.4036,-0.017534,-0.015687,0.255498,0.561595,0.233522,0.558613
2022-10-16,1306.3,1300.3,0.995412,-0.004588,-0.4588,0.024351,0.023796,0.326805,0.56457,0.307622,0.561196
2022-10-17,1331.71,1324.4,0.994505,-0.005495,-0.5495,0.01927,0.018359,0.296096,0.560878,0.279048,0.554885
2022-10-18,1310.45,1304.21,0.995241,-0.004759,-0.4759,-0.016098,-0.015359,0.318816,0.453876,0.300528,0.445357
2022-10-19,1285.74,1277.64,0.993695,-0.006305,-0.6305,-0.019031,-0.020585,0.345756,0.443309,0.335754,0.436993
2022-10-20,1283.2,1277.84,0.995821,-0.004179,-0.4179,-0.00198,0.000158,0.34412,0.422683,0.334937,0.420048
2022-10-21,1299.95,1293.19,0.994805,-0.005195,-0.5195,0.012965,0.011944,0.35439,0.376214,0.344484,0.370002
2022-10-22,1314.3,1309.51,0.996357,-0.003643,-0.3643,0.010981,0.012539,0.325877,0.317723,0.324117,0.307475
2022-10-23,1363.45,1361.77,0.998772,-0.001228,-0.1228,0.036712,0.039134,0.379794,0.343024,0.391791,0.336814
2022-10-24,1345.0,1338.28,0.995007,-0.004993,-0.4993,-0.013623,-0.0174,0.384736,0.345482,0.411109,0.341516
2022-10-25,1461.67,1453.53,0.994435,-0.005565,-0.5565,0.083184,0.082609,0.671121,0.442989,0.684565,0.439535
2022-10-26,1566.57,1564.7,0.998811,-0.001189,-0.1189,0.06931,0.073701,0.696493,0.489803,0.719992,0.496232
2022-10-27,1514.37,1509.84,0.997005,-0.002995,-0.2995,-0.033884,-0.035693,0.809571,0.507747,0.843217,0.516367
2022-10-28,1555.48,1551.78,0.99762,-0.00238,-0.238,0.02678,0.027396,0.804596,0.513758,0.837325,0.522572
2022-10-29,1619.7,1614.01,0.996485,-0.003515,-0.3515,0.040457,0.039319,0.800073,0.527731,0.833377,0.535597
2022-10-30,1590.78,1587.79,0.998117,-0.001883,-0.1883,-0.018013,-0.016377,0.866358,0.532997,0.890281,0.540046
2022-10-31,1572.71,1570.44,0.998556,-0.001444,-0.1444,-0.011423,-0.010984,0.86098,0.532593,0.874094,0.539785
2022-11-01,1579.7,1577.31,0.998484,-0.001516,-0.1516,0.004435,0.004363,0.694072,0.51876,0.717225,0.525348
2022-11-02,1519.71,1520.44,1.000481,0.000481,0.0481,-0.038717,-0.036719,0.57017,0.531379,0.562927,0.53721
2022-11-03,1531.54,1528.99,0.998331,-0.001669,-0.1669,0.007754,0.005603,0.515575,0.524336,0.497062,0.530239
2022-11-04,1645.09,1643.24,0.998873,-0.001127,-0.1127,0.071522,0.072065,0.71219,0.573095,0.700155,0.578875
2022-11-05,1627.97,1627.48,0.999701,-0.000299,-0.0299,-0.010465,-0.009636,0.66434,0.57563,0.655531,0.581319
2022-11-06,1572.23,1571.97,0.999828,-0.000172,-0.0172,-0.034835,-0.034707,0.703176,0.589131,0.697434,0.593053
2022-11-07,1568.59,1560.86,0.995071,-0.004929,-0.4929,-0.00232,-0.007089,0.698556,0.586136,0.694751,0.591727
2022-11-08,1332.84,1316.7,0.987894,-0.012106,-1.2106,-0.162869,-0.170109,1.359996,0.830676,1.399552,0.852852
2022-11-09,1100.17,1073.91,0.976132,-0.023868,-2.3868,-0.191844,-0.203821,1.827917,1.065504,1.907028,1.109404
2022-11-10,1299.46,1271.88,0.978775,-0.021225,-2.1225,0.166488,0.169192,2.386658,1.222204,2.476345,1.266249
2022-11-11,1287.22,1272.46,0.988534,-0.011466,-1.1466,-0.009467,0.000455,2.25878,1.221969,2.354285,1.26555
2022-11-12,1255.27,1192.88,0.950302,-0.049698,-4.9698,-0.025136,-0.06458,2.25154,1.224969,2.349528,1.285221
2022-11-13,1221.82,1188.2,0.972487,-0.027513,-2.7513,-0.027008,-0.003932,2.252737,1.227944,2.367675,1.284867
2022-11-14,1241.6,1212.65,0.976679,-0.023321,-2.3321,0.016063,0.020365,2.273285,1.228187,2.398972,1.286445
2022-11-15,1251.74,1235.19,0.986779,-0.013221,-1.3221,0.008127,0.018415,1.99971,1.225293,2.129234,1.285248
2022-11-16,1215.6,1188.69,0.977865,-0.022135,-2.2135,-0.029292,-0.038367,1.326593,1.226678,1.428934,1.289322
2022-11-17,1200.81,1171.68,0.975741,-0.024259,-2.4259,-0.012245,-0.014418,0.339288,1.226236,0.586679,1.289219
2022-11-18,1212.3,1179.28,0.972761,-0.027239,-2.7239,0.009524,0.006465,0.371633,1.225556,0.595803,1.288178
2022-11-19,1218.43,1205.02,0.988999,-0.011001,-1.1001,0.005041,0.021596,0.353212,1.2258,0.423105,1.290938
2022-11-20,1142.47,1130.05,0.989135,-0.010865,-1.0865,-0.064371,-0.064233,0.548613,1.243684,0.638812,1.307849
2022-11-21,1108.35,1102.22,0.994471,-0.005529,-0.5529,-0.030315,-0.024934,0.518036,1.245636,0.602769,1.308238
2022-11-22,1135.17,1113.03,0.980495,-0.019505,-1.9505,0.02391,0.009757,0.572801,1.240944,0.577472,1.299538
2022-11-23,1183.2,1154.82,0.976013,-0.023987,-2.3987,0.041437,0.036855,0.676051,1.251563,0.643066,1.307682
2022-11-24,1203.98,1169.78,0.971593,-0.028407,-2.8407,0.017413,0.012874,0.687497,1.214186,0.646692,1.271047
2022-11-25,1198.93,1179.56,0.983847,-0.016153,-1.6153,-0.004209,0.008324,0.683522,1.183122,0.648001,1.238693
2022-11-26,1205.9,1176.29,0.975451,-0.024549,-2.4549,0.005798,-0.002772,0.683991,1.180676,0.622046,1.235222
2022-11-27,1195.13,1168.34,0.977586,-0.022414,-2.2414,-0.008972,-0.006786,0.451611,1.174143,0.366283,1.228517
2022-11-28,1170.09,1153.94,0.986202,-0.013798,-1.3798,-0.021175,-0.012399,0.409195,1.16122,0.311561,1.215851
2022-11-29,1216.9,1184.92,0.973723,-0.026277,-2.6277,0.03923,0.026496,0.458053,1.173866,0.343817,1.222724
2022-11-30,1295.69,1247.54,0.962839,-0.037161,-3.7161,0.062735,0.051494,0.561339,1.200091,0.4232,1.241214
2022-12-01,1276.27,1245.38,0.975791,-0.024209,-2.4209,-0.015097,-0.001736,0.593848,1.199793,0.432383,1.240652
2022-12-02,1294.3,1266.71,0.978684,-0.021316,-2.1316,0.014028,0.016989,0.584958,1.196406,0.436136,1.23908
2022-12-03,1243.33,1234.79,0.993125,-0.006875,-0.6875,-0.040175,-0.025528,0.693626,1.201468,0.503076,1.240141
2022-12-04,1280.26,1245.36,0.972746,-0.027254,-2.7254,0.029263,0.008529,0.70377,1.17549,0.489645,1.208476
2022-12-05,1259.68,1243.45,0.98712,-0.01288,-1.288,-0.016205,-0.001536,0.691255,1.17579,0.46633,1.208773
2022-12-06,1271.65,1249.24,0.982374,-0.017626,-1.7626,0.009463,0.004643,0.648173,1.173476,0.447542,1.206018
2022-12-07,1232.44,1202.66,0.975839,-0.024161,-2.4161,-0.031324,-0.037998,0.485248,1.176355,0.373412,1.210644
2022-12-08,1281.12,1246.17,0.972721,-0.027279,-2.7279,0.038738,0.035537,0.578387,1.045265,0.477222,1.069855
2022-12-09,1264.28,1233.86,0.975936,-0.024064,-2.4064,-0.013225,-0.009925,0.573184,0.790002,0.458451,0.784949
2022-12-10,1266.38,1240.5,0.979558,-0.020442,-2.0442,0.001659,0.005364,0.48205,0.532073,0.422019,0.51385
2022-12-11,1263.87,1245.41,0.985396,-0.014604,-1.4604,-0.001988,0.003953,0.426624,0.531189,0.418103,0.514105
2022-12-12,1274.62,1239.34,0.972321,-0.027679,-2.7679,0.00847,-0.004888,0.413074,0.524552,0.419553,0.460103
2022-12-13,1320.55,1279.23,0.968708,-0.031292,-3.1292,0.0354,0.031678,0.47985,0.5285,0.480589,0.471654
2022-12-14,1309.33,1283.09,0.979963,-0.020037,-2.0037,-0.008533,0.003019,0.394379,0.52757,0.334892,0.467226
2022-12-15,1266.35,1243.31,0.981807,-0.018193,-1.8193,-0.033373,-0.031494,0.403315,0.540966,0.363374,0.477321
2022-12-16,1168.26,1163.42,0.995856,-0.004144,-0.4144,-0.080627,-0.066419,0.703152,0.602543,0.603677,0.514448
2022-12-17,1188.15,1176.43,0.990137,-0.009863,-0.9863,0.016882,0.011124,0.72834,0.604461,0.613025,0.513599
2022-12-18,1184.72,1160.51,0.979566,-0.020434,-2.0434,-0.002895,-0.013629,0.727831,0.603458,0.606018,0.515262
2022-12-19,1167.61,1151.42,0.986136,-0.013864,-1.3864,-0.014544,-0.007859,0.712578,0.604951,0.604845,0.50955
2022-12-20,1217.7,1192.32,0.979155,-0.020845,-2.0845,0.042008,0.034904,0.740658,0.57886,0.618818,0.471918
2022-12-21,1213.6,1173.11,0.966639,-0.033361,-3.3361,-0.003376,-0.016241,0.742883,0.567371,0.609633,0.466667
2022-12-22,1218.18,1190.63,0.977384,-0.022616,-2.2616,0.003769,0.014823,0.722503,0.562366,0.614964,0.468049
2022-12-23,1220.16,1189.71,0.975047,-0.024953,-2.4953,0.001622,-0.000772,0.351232,0.544399,0.349001,0.451127
2022-12-24,1221.15,1197.52,0.980647,-0.019353,-1.9353,0.00081,0.006537,0.340533,0.54118,0.344199,0.449565
2022-12-25,1218.96,1190.28,0.976472,-0.023528,-2.3528,-0.001792,-0.006059,0.339283,0.540982,0.326453,0.449327
2022-12-26,1226.97,1196.56,0.975212,-0.024788,-2.4788,0.006552,0.00526,0.3009,0.541081,0.311809,0.449509
2022-12-27,1212.79,1174.53,0.968452,-0.031548,-3.1548,-0.011626,-0.018583,0.112449,0.541749,0.234535,0.453801
2022-12-28,1189.99,1162.33,0.976756,-0.023244,-2.3244,-0.018983,-0.010446,0.1751,0.540699,0.216382,0.45317
2022-12-29,1201.6,1176.56,0.979163,-0.020837,-2.0837,0.009709,0.01217,0.193008,0.523663,0.204883,0.445413
2022-12-30,1199.23,1175.73,0.980403,-0.019597,-1.9597,-0.001968,-0.000702,0.190684,0.47148,0.204903,0.40444
2022-12-31,1196.77,1177.54,0.983928,-0.016072,-1.6072,-0.002055,0.001534,0.188797,0.469311,0.195662,0.404625
2023-01-01,1200.96,1180.91,0.983302,-0.016698,-1.6698,0.003498,0.002862,0.194433,0.466171,0.196127,0.399304
2023-01-02,1214.66,1186.03,0.976433,-0.023567,-2.3567,0.011336,0.004325,0.209878,0.44804,0.194382,0.390974
2023-01-03,1214.78,1185.23,0.975672,-0.024328,-2.4328,0.000101,-0.000679,0.19154,0.434781,0.129501,0.389363
2023-01-04,1256.53,1236.88,0.984364,-0.015636,-1.5636,0.033789,0.042659,0.2419,0.448612,0.296583,0.41892
2023-01-05,1250.44,1236.93,0.9892,-0.0108,-1.08,-0.004857,4.4e-05,0.257192,0.447556,0.301292,0.418561
2023-01-06,1269.38,1229.84,0.968855,-0.031145,-3.1145,0.015033,-0.005747,0.255684,0.436525,0.311325,0.39657
2023-01-07,1264.27,1236.38,0.977939,-0.022061,-2.2061,-0.004033,0.005299,0.26082,0.414926,0.308903,0.376709
2023-01-08,1287.36,1259.11,0.978057,-0.021943,-2.1943,0.018098,0.018219,0.267268,0.417158,0.316307,0.380397
2023-01-09,1321.54,1291.09,0.976958,-0.023042,-2.3042,0.026204,0.025079,0.292425,0.426618,0.332116,0.38956
2023-01-10,1336.59,1315.64,0.984327,-0.015673,-1.5673,0.011322,0.018836,0.275258,0.427804,0.315847,0.394251
2023-01-11,1387.93,1347.88,0.971145,-0.028855,-2.8855,0.037697,0.024214,0.293491,0.445274,0.235017,0.401021
2023-01-12,1417.94,1393.51,0.982773,-0.017227,-1.7227,0.021389,0.033292,0.247331,0.43494,0.251763,0.402521
2023-01-13,1451.61,1422.38,0.979862,-0.020138,-2.0138,0.023473,0.020506,0.248763,0.439147,0.163025,0.407206
2023-01-14,1550.71,1502.73,0.969064,-0.030936,-3.0936,0.066034,0.054953,0.346589,0.470068,0.248244,0.425124
2023-01-15,1552.48,1518.44,0.978073,-0.021927,-2.1927,0.001142,0.010397,0.397445,0.34994,0.272034,0.33448
2023-01-16,1576.83,1542.8,0.978417,-0.021583,-2.1583,0.015565,0.015917,0.405676,0.349619,0.283278,0.335302
2023-01-17,1567.85,1534.08,0.978463,-0.021537,-2.1537,-0.005716,-0.005668,0.456665,0.351007,0.362298,0.329631
2023-01-18,1515.51,1507.78,0.994903,-0.005097,-0.5097,-0.033953,-0.01729,0.588512,0.373441,0.457842,0.337362
2023-01-19,1552.56,1537.32,0.990189,-0.009811,-0.9811,0.024153,0.019403,0.591366,0.358278,0.436444,0.326534
2023-01-20,1659.75,1629.58,0.98182,-0.01818,-1.818,0.066767,0.058279,0.709111,0.409834,0.542807,0.357536
2023-01-21,1627.12,1614.92,0.992503,-0.007497,-0.7497,-0.019859,-0.009037,0.630467,0.422755,0.481213,0.363917
2023-01-22,1628.38,1603.18,0.984521,-0.015479,-1.5479,0.000776,-0.007299,0.630675,0.422968,0.497648,0.367083
2023-01-23,1628.25,1612.58,0.990373,-0.009627,-0.9627,-8e-05,0.005846,0.627587,0.423212,0.492894,0.367172
2023-01-24,1556.6,1557.04,1.000281,0.000281,0.0281,-0.045,-0.035045,0.723576,0.462821,0.575143,0.395849
2023-01-25,1611.71,1598.0,0.991492,-0.008508,-0.8508,0.03479,0.025964,0.703273,0.471983,0.571126,0.399984
2023-01-26,1603.11,1574.07,0.981887,-0.018113,-1.8113,-0.005353,-0.015089,0.696309,0.469015,0.584492,0.397056
2023-01-27,1598.16,1577.78,0.987253,-0.012747,-1.2747,-0.003092,0.002358,0.459063,0.460145,0.362122,0.391325
2023-01-28,1572.44,1558.85,0.991362,-0.008638,-0.8638,-0.016225,-0.012072,0.452809,0.469038,0.365029,0.398842
2023-01-29,1646.16,1631.45,0.991067,-0.008933,-0.8933,0.045817,0.04552,0.584665,0.484382,0.514053,0.416341
2023-01-30,1567.33,1554.28,0.991674,-0.008326,-0.8326,-0.049071,-0.048459,0.690438,0.525784,0.629203,0.464283
2023-01-31,1586.54,1569.14,0.989035,-0.010965,-1.0965,0.012181,0.009517,0.609944,0.525515,0.58134,0.46371
2023-02-01,1641.79,1606.3,0.97838,-0.02162,-2.162,0.034236,0.023404,0.608184,0.532664,0.574938,0.465814
2023-02-02,1643.24,1630.41,0.992191,-0.007809,-0.7809,0.000882,0.0149,0.604855,0.532487,0.565416,0.46444
2023-02-03,1664.75,1651.25,0.991894,-0.008106,-0.8106,0.013001,0.012702,0.605296,0.525727,0.567379,0.449967
2023-02-04,1667.06,1649.31,0.989355,-0.010645,-1.0645,0.001389,-0.001174,0.579043,0.524047,0.550894,0.450314
2023-02-05,1631.65,1614.51,0.989497,-0.010503,-1.0503,-0.021472,-0.021329,0.514422,0.534634,0.481471,0.460165
2023-02-06,1616.25,1607.05,0.994307,-0.005693,-0.5693,-0.009482,-0.004633,0.340712,0.536559,0.285528,0.462488
2023-02-07,1672.0,1641.23,0.981594,-0.018406,-1.8406,0.033916,0.021048,0.401644,0.543034,0.308415,0.463322
2023-02-08,1650.72,1631.05,0.988084,-0.011916,-1.1916,-0.012813,-0.006223,0.35167,0.54427,0.282235,0.462373
2023-02-09,1546.44,1540.13,0.995923,-0.004077,-0.4077,-0.065255,-0.057354,0.592356,0.600036,0.489993,0.513062
2023-02-10,1514.87,1506.99,0.994797,-0.005203,-0.5203,-0.020625,-0.021756,0.566717,0.594324,0.463291,0.516721
2023-02-11,1539.93,1523.61,0.989406,-0.010594,-1.0594,0.016406,0.010971,0.600074,0.592627,0.48979,0.506405
2023-02-12,1515.03,1507.98,0.995341,-0.004659,-0.4659,-0.016297,-0.010316,0.595903,0.591359,0.482508,0.504384
2023-02-13,1507.17,1474.76,0.978496,-0.021504,-2.1504,-0.005207,-0.022275,0.597187,0.543683,0.48791,0.473207
2023-02-14,1556.88,1526.8,0.980681,-0.019319,-1.9319,0.03245,0.03468,0.590689,0.556026,0.550463,0.487686
2023-02-15,1673.75,1642.27,0.981194,-0.018806,-1.8806,0.072384,0.072907,0.836791,0.608744,0.817918,0.547653
2023-02-16,1640.07,1628.86,0.993166,-0.006834,-0.6834,-0.020327,-0.008199,0.661777,0.613189,0.66792,0.548175
2023-02-17,1694.78,1671.56,0.986297,-0.013703,-1.3703,0.032817,0.025877,0.631001,0.608813,0.626074,0.549734
2023-02-18,1691.82,1673.98,0.989454,-0.010546,-1.0546,-0.00175,0.001446,0.643837,0.604564,0.633359,0.546731
2023-02-19,1681.44,1667.24,0.99156,-0.00844,-0.844,-0.006156,-0.004031,0.619032,0.559369,0.62051,0.509111
2023-02-20,1702.68,1674.01,0.983164,-0.016836,-1.6836,0.012552,0.004049,0.596849,0.555985,0.551256,0.507986
2023-02-21,1658.04,1642.2,0.990448,-0.009552,-0.9552,-0.026567,-0.019185,0.655706,0.564555,0.588678,0.512163
2023-02-22,1643.23,1619.1,0.985314,-0.014686,-1.4686,-0.008969,-0.014166,0.384208,0.565541,0.282459,0.514434
2023-02-23,1651.07,1645.52,0.996638,-0.003362,-0.3362,0.004761,0.016188,0.355546,0.541492,0.30412,0.501206
2023-02-24,1608.37,1596.73,0.992762,-0.007238,-0.7238,-0.026203,-0.030099,0.281518,0.536727,0.299227,0.505377
2023-02-25,1594.91,1593.82,0.999311,-0.000689,-0.0689,-0.008403,-0.001828,0.277355,0.53721,0.294812,0.502512
2023-02-26,1640.82,1625.83,0.990866,-0.009134,-0.9134,0.028374,0.019887,0.385531,0.546193,0.354137,0.507064
2023-02-27,1634.33,1625.0,0.994294,-0.005706,-0.5706,-0.003964,-0.00051,0.361407,0.543026,0.349653,0.504911
2023-02-28,1605.9,1605.51,0.999758,-0.000242,-0.0242,-0.017549,-0.012069,0.334857,0.522207,0.334608,0.480943
2023-03-01,1663.43,1654.11,0.994394,-0.005606,-0.5606,0.035203,0.029822,0.436116,0.506716,0.392833,0.459811
2023-03-02,1647.32,1634.48,0.992208,-0.007792,-0.7792,-0.009735,-0.011936,0.442533,0.506932,0.388106,0.461526
2023-03-03,1569.17,1564.2,0.996834,-0.003166,-0.3166,-0.048604,-0.043952,0.540861,0.521243,0.457977,0.480447
2023-03-04,1566.92,1560.42,0.995851,-0.004149,-0.4149,-0.001431,-0.002418,0.539377,0.521172,0.45791,0.477071
2023-03-05,1564.47,1556.13,0.994669,-0.005331,-0.5331,-0.001568,-0.002755,0.474443,0.518511,0.416288,0.474334
2023-03-06,1567.4,1561.54,0.996264,-0.003736,-0.3736,0.001871,0.003473,0.478424,0.518554,0.420605,0.474709
2023-03-07,1561.93,1552.76,0.994124,-0.005876,-0.5876,-0.003493,-0.005643,0.468396,0.513851,0.417224,0.469724
2023-03-08,1534.09,1522.33,0.992335,-0.007665,-0.7665,-0.017988,-0.019789,0.336813,0.516374,0.305937,0.474033
2023-03-09,1438.66,1437.47,0.99917,-0.00083,-0.083,-0.064224,-0.057359,0.506093,0.543821,0.448997,0.504379
2023-03-10,1429.16,1432.91,1.002622,0.002622,0.2622,-0.006627,-0.003178,0.445638,0.543132,0.401589,0.504354
2023-03-11,1482.62,1478.07,0.996933,-0.003067,-0.3067,0.036723,0.031033,0.574312,0.516081,0.510636,0.481061
2023-03-12,1590.29,1569.03,0.986628,-0.013372,-1.3372,0.07011,0.059719,0.808057,0.567984,0.708658,0.519977
2023-03-13,1680.31,1659.49,0.987609,-0.012391,-1.2391,0.055059,0.056054,0.892995,0.595963,0.813039,0.553199
2023-03-14,1703.51,1692.82,0.993726,-0.006274,-0.6274,0.013711,0.019886,0.885868,0.592976,0.806532,0.554183
2023-03-15,1656.18,1638.49,0.989318,-0.010682,-1.0682,-0.028175,-0.032621,0.909852,0.602751,0.842161,0.56145
2023-03-16,1677.22,1662.73,0.991363,-0.008637,-0.8637,0.012621,0.014685,0.658032,0.594529,0.620506,0.551726
2023-03-17,1792.49,1770.73,0.987861,-0.012139,-1.2139,0.066468,0.06293,0.676569,0.586073,0.64813,0.536672
2023-03-18,1761.66,1762.07,1.000231,0.000231,0.0231,-0.017347,-0.004903,0.76255,0.584716,0.695661,0.535967
2023-03-19,1785.58,1783.2,0.998672,-0.001328,-0.1328,0.013485,0.011925,0.659836,0.575873,0.633867,0.530529
2023-03-20,1735.32,1733.6,0.999009,-0.000991,-0.0991,-0.028549,-0.028211,0.638834,0.585424,0.620291,0.54101
2023-03-21,1806.76,1791.49,0.991546,-0.008454,-0.8454,0.040343,0.032845,0.688917,0.600693,0.644229,0.551735
2023-03-22,1737.72,1728.44,0.994664,-0.005336,-0.5336,-0.038963,-0.035824,0.727112,0.616401,0.656835,0.567535
2023-03-23,1816.41,1800.82,0.991418,-0.008582,-0.8582,0.044287,0.041019,0.776629,0.626447,0.700128,0.579226
2023-03-24,1752.04,1746.69,0.996943,-0.003057,-0.3057,-0.036076,-0.030519,0.681377,0.639977,0.599682,0.588093
2023-03-25,1743.76,1739.1,0.997325,-0.002675,-0.2675,-0.004737,-0.004354,0.671531,0.640344,0.599531,0.58645
2023-03-26,1775.68,1771.58,0.997692,-0.002308,-0.2308,0.018135,0.018503,0.678628,0.634572,0.610522,0.577567
2023-03-27,1715.46,1713.9,0.999089,-0.000911,-0.0911,-0.0345,-0.0331,0.694607,0.647036,0.624667,0.59131
2023-03-28,1772.79,1758.34,0.991851,-0.008149,-0.8149,0.03287,0.025599,0.668743,0.64949,0.602123,0.593764
2023-03-29,1793.0,1786.82,0.996554,-0.003446,-0.3446,0.011339,0.016069,0.597739,0.649744,0.541877,0.595481
2023-03-30,1792.74,1772.42,0.988667,-0.011333,-1.1333,-0.000148,-0.008093,0.494982,0.645609,0.45017,0.594361
2023-03-31,1822.02,1807.98,0.992291,-0.007709,-0.7709,0.016203,0.019862,0.412277,0.637276,0.402309,0.589764
2023-04-01,1813.86,1796.33,0.990337,-0.009663,-0.9663,-0.004489,-0.00646,0.411903,0.636215,0.405539,0.588331
2023-04-02,1795.71,1789.78,0.996696,-0.003304,-0.3304,-0.010058,-0.003658,0.410141,0.610386,0.390708,0.564016
2023-04-03,1810.3,1790.99,0.989334,-0.010666,-1.0666,0.008092,0.000678,0.275179,0.610127,0.26479,0.563642
2023-04-04,1871.01,1852.09,0.989891,-0.010109,-1.0109,0.032985,0.033548,0.275816,0.617439,0.303457,0.571849
2023-04-05,1909.11,1903.86,0.997248,-0.002752,-0.2752,0.020163,0.027568,0.289894,0.619207,0.333287,0.576768
2023-04-06,1872.92,1866.38,0.996509,-0.003491,-0.3491,-0.019139,-0.019881,0.351993,0.624788,0.378062,0.582681
2023-04-07,1865.64,1858.66,0.996261,-0.003739,-0.3739,-0.003898,-0.004148,0.347315,0.619878,0.369495,0.576444
2023-04-08,1849.5,1845.06,0.997599,-0.002401,-0.2401,-0.008688,-0.007345,0.354353,0.568219,0.371063,0.53116
2023-04-09,1859.39,1838.28,0.988648,-0.011352,-1.1352,0.005333,-0.00368,0.337459,0.565771,0.37109,0.5313
2023-04-10,1911.21,1886.68,0.987165,-0.012835,-1.2835,0.027488,0.025986,0.37529,0.560925,0.401785,0.528869
2023-04-11,1892.19,1880.17,0.993649,-0.006351,-0.6351,-0.010001,-0.003453,0.32436,0.51808,0.33951,0.496215
2023-04-12,1920.68,1902.67,0.990624,-0.009376,-0.9376,0.014946,0.011896,0.307977,0.488096,0.282147,0.462978
2023-04-13,2012.63,1996.61,0.992039,-0.007961,-0.7961,0.046764,0.048192,0.40117,0.509146,0.396631,0.484788
2023-04-14,2101.64,2087.34,0.9932,-0.0068,-0.68,0.043271,0.044441,0.442265,0.510555,0.446022,0.483031
2023-04-15,2092.47,2077.51,0.992852,-0.007148,-0.7148,-0.004372,-0.004723,0.42787,0.512032,0.437793,0.484428
2023-04-16,2120.01,2113.28,0.996826,-0.003174,-0.3174,0.013075,0.01707,0.417867,0.466302,0.402526,0.442924
2023-04-17,2076.24,2072.88,0.998381,-0.001619,-0.1619,-0.020859,-0.019301,0.495003,0.468632,0.485303,0.45013
2023-04-18,2104.54,2092.86,0.994453,-0.005547,-0.5547,0.013536,0.009594,0.459775,0.468643,0.466444,0.449779
2023-04-19,1936.4,1927.99,0.995653,-0.004347,-0.4347,-0.083263,-0.082057,0.846926,0.550377,0.84668,0.532024
2023-04-20,1943.1,1935.31,0.99599,-0.00401,-0.401,0.003451,0.00379,0.758159,0.534231,0.754666,0.52143
2023-04-21,1850.0,1843.77,0.996635,-0.003365,-0.3365,-0.049098,-0.048451,0.690614,0.545171,0.683257,0.534821
2023-04-22,1874.23,1868.39,0.996886,-0.003114,-0.3114,0.013012,0.013264,0.72249,0.525251,0.715656,0.51793
2023-04-23,1862.06,1859.05,0.998384,-0.001616,-0.1616,-0.006513,-0.005011,0.687995,0.50882,0.671574,0.505751
2023-04-24,1842.76,1834.96,0.995768,-0.004232,-0.4232,-0.010421,-0.013045,0.689974,0.510156,0.672531,0.508046
2023-04-25,1866.75,1857.71,0.995156,-0.004844,-0.4844,0.012938,0.012323,0.688374,0.508386,0.679454,0.50594
2023-04-26,1866.56,1857.31,0.995041,-0.004959,-0.4959,-0.000101,-0.000217,0.406587,0.491463,0.404204,0.490328
2023-04-27,1908.79,1894.54,0.992537,-0.007463,-0.7463,0.022368,0.019849,0.451656,0.484697,0.4412,0.487346
2023-04-28,1892.51,1887.25,0.997217,-0.002783,-0.2783,-0.008562,-0.003859,0.245114,0.485082,0.227986,0.485309
2023-04-29,1908.92,1899.48,0.995054,-0.004946,-0.4946,0.008631,0.00646,0.236381,0.485604,0.214866,0.48422
2023-04-30,1876.92,1876.07,0.999543,-0.000457,-0.0457,-0.016902,-0.0124,0.270272,0.487223,0.235878,0.482573
2023-05-01,1831.95,1833.38,1.000779,0.000779,0.0779,-0.024251,-0.023015,0.320102,0.494837,0.279685,0.489303
2023-05-02,1870.79,1861.83,0.99521,-0.00479,-0.479,0.020977,0.015397,0.345414,0.498463,0.288739,0.491684
2023-05-03,1904.65,1890.87,0.992765,-0.007235,-0.7235,0.017939,0.015478,0.367941,0.501311,0.308539,0.494147
2023-05-04,1877.7,1873.93,0.99799,-0.00201,-0.201,-0.014249,-0.009,0.344237,0.491174,0.279114,0.481885
2023-05-05,1995.06,1977.89,0.991391,-0.008609,-0.8609,0.060625,0.053991,0.561932,0.530647,0.486049,0.508708
2023-05-06,1900.22,1900.46,1.000125,0.000125,0.0125,-0.048704,-0.039933,0.692499,0.554578,0.591469,0.523787
2023-05-07,1873.08,1877.37,1.002291,0.002291,0.2291,-0.014388,-0.012224,0.689142,0.556823,0.591244,0.525464
2023-05-08,1849.04,1839.7,0.994947,-0.005053,-0.5053,-0.012914,-0.020269,0.669756,0.55786,0.585012,0.529757
2023-05-09,1848.6,1836.84,0.993638,-0.006362,-0.6362,-0.000238,-0.001554,0.649092,0.557527,0.571385,0.529628
2023-05-10,1842.4,1837.39,0.997282,-0.002718,-0.2718,-0.00336,0.0003,0.627751,0.548561,0.553485,0.521262
2023-05-11,1796.49,1795.14,0.999245,-0.000755,-0.0755,-0.025235,-0.023268,0.642701,0.554174,0.570499,0.527042
2023-05-12,1808.02,1804.82,0.998232,-0.001768,-0.1768,0.006397,0.005382,0.353186,0.551733,0.305082,0.525439
2023-05-13,1796.11,1794.06,0.998856,-0.001144,-0.1144,-0.006606,-0.005981,0.199306,0.523003,0.205572,0.493633
2023-05-14,1800.5,1796.77,0.997927,-0.002073,-0.2073,0.002439,0.001508,0.203738,0.495421,0.213121,0.462837
2023-05-15,1817.55,1810.43,0.996082,-0.003918,-0.3918,0.009424,0.007574,0.218572,0.498025,0.196006,0.464911
2023-05-16,1824.12,1808.74,0.991567,-0.008433,-0.8433,0.003609,-0.000934,0.222671,0.494859,0.196199,0.458553
2023-05-17,1821.86,1809.24,0.993071,-0.006929,-0.6929,-0.001241,0.000274,0.222354,0.491672,0.196179,0.456047
2023-05-18,1801.73,1791.09,0.994094,-0.005906,-0.5906,-0.011111,-0.010081,0.138681,0.487885,0.117317,0.453532
2023-05-19,1812.59,1799.9,0.993002,-0.006998,-0.6998,0.00601,0.00491,0.13769,0.399402,0.115963,0.359774
2023-05-20,1820.48,1803.93,0.990908,-0.009092,-0.9092,0.004343,0.002232,0.126209,0.399573,0.106665,0.359483
2023-05-21,1804.53,1798.07,0.996421,-0.003579,-0.3579,-0.008798,-0.00325,0.147681,0.363064,0.110175,0.318786
2023-05-22,1817.53,1805.31,0.993272,-0.006728,-0.6728,0.00718,0.004015,0.139951,0.360828,0.097796,0.31525
2023-05-23,1854.38,1840.13,0.992316,-0.007684,-0.7684,0.02007,0.019106,0.202348,0.367589,0.170921,0.322663
2023-05-24,1800.1,1796.37,0.997929,-0.002071,-0.2071,-0.029709,-0.024068,0.309257,0.380316,0.258029,0.330326
2023-05-25,1805.95,1791.92,0.992232,-0.007768,-0.7768,0.003247,-0.002479,0.299963,0.377407,0.247408,0.326994
2023-05-26,1828.69,1817.96,0.994133,-0.005867,-0.5867,0.012511,0.014426,0.310918,0.380381,0.267469,0.331507
2023-05-27,1831.12,1816.29,0.991903,-0.008097,-0.8097,0.001327,-0.000919,0.309862,0.371304,0.267859,0.323101
2023-05-28,1910.91,1909.97,0.999507,-0.000493,-0.0493,0.042655,0.050292,0.416856,0.40066,0.440114,0.369767
2023-05-29,1893.08,1885.66,0.996082,-0.003918,-0.3918,-0.009378,-0.012811,0.435987,0.400884,0.466797,0.371895
2023-05-30,1901.03,1897.07,0.997918,-0.002082,-0.2082,0.00419,0.006032,0.419163,0.396604,0.454221,0.369863
2023-05-31,1874.13,1864.18,0.994691,-0.005309,-0.5309,-0.014249,-0.017488,0.354409,0.390255,0.431071,0.365947
2023-06-01,1862.2,1850.22,0.993565,-0.006435,-0.6435,-0.006385,-0.007519,0.365221,0.384035,0.438078,0.362967
2023-06-02,1907.26,1903.46,0.998011,-0.001989,-0.1989,0.023907,0.028372,0.389138,0.388116,0.46773,0.372638
2023-06-03,1892.41,1889.26,0.998333,-0.001667,-0.1667,-0.007813,-0.007491,0.401239,0.385774,0.476454,0.372205
2023-06-04,1890.51,1881.47,0.995215,-0.004785,-0.4785,-0.001004,-0.004132,0.242469,0.318411,0.292743,0.317872
2023-06-05,1811.83,1804.97,0.996213,-0.003787,-0.3787,-0.042512,-0.04151,0.384267,0.307474,0.407281,0.3203
2023-06-06,1884.49,1872.41,0.99359,-0.00641,-0.641,0.039323,0.036687,0.506678,0.335162,0.510565,0.34462
2023-06-07,1832.4,1824.89,0.995901,-0.004099,-0.4099,-0.028035,-0.025712,0.537066,0.346566,0.528989,0.349125
2023-06-08,1846.3,1832.0,0.992253,-0.007747,-0.7747,0.00756,0.00389,0.541484,0.34765,0.529533,0.34939
2023-06-09,1840.23,1830.5,0.994715,-0.005285,-0.5285,-0.003297,-0.000819,0.498612,0.347642,0.468028,0.349396
2023-06-10,1752.38,1741.97,0.994059,-0.005941,-0.5941,-0.04891,-0.049569,0.591771,0.377744,0.56669,0.381859
2023-06-11,1753.42,1746.11,0.995834,-0.004166,-0.4166,0.000588,0.002371,0.593513,0.376888,0.573801,0.381369
2023-06-12,1742.53,1733.9,0.995049,-0.004951,-0.4951,-0.006228,-0.007017,0.529821,0.37682,0.511706,0.381553
2023-06-13,1739.04,1736.11,0.998315,-0.001685,-0.1685,-0.002005,0.001272,0.379511,0.376627,0.380054,0.381533
2023-06-14,1650.52,1649.78,0.999553,-0.000447,-0.0447,-0.052242,-0.051003,0.472603,0.414352,0.472954,0.417682
2023-06-15,1665.52,1669.42,1.002341,0.002341,0.2341,0.009047,0.011833,0.47701,0.415911,0.49463,0.420876
2023-06-16,1716.67,1714.59,0.998787,-0.001213,-0.1213,0.030248,0.026696,0.576923,0.431817,0.57082,0.433116
2023-06-17,1727.2,1720.54,0.99614,-0.00386,-0.386,0.006118,0.003465,0.479322,0.431414,0.461464,0.432429
2023-06-18,1720.58,1720.96,1.000223,0.000223,0.0223,-0.003844,0.000246,0.478896,0.43065,0.460558,0.431886
2023-06-19,1737.66,1731.99,0.996736,-0.003264,-0.3264,0.009879,0.006387,0.485754,0.432064,0.461973,0.43258
2023-06-20,1792.12,1779.18,0.992782,-0.007218,-0.7218,0.03086,0.026885,0.534657,0.445625,0.502077,0.443552
2023-06-21,1891.01,1877.37,0.992789,-0.007211,-0.7211,0.05371,0.053718,0.377352,0.483324,0.359811,0.481931
2023-06-22,1872.94,1873.83,1.000474,0.000474,0.0474,-0.009599,-0.001888,0.429046,0.479906,0.387744,0.477716
2023-06-23,1892.86,1887.93,0.997394,-0.002606,-0.2606,0.010579,0.007496,0.41472,0.468606,0.381775,0.46982
2023-06-24,1876.06,1868.18,0.995799,-0.004201,-0.4201,-0.008916,-0.010517,0.445105,0.470011,0.41648,0.471544
2023-06-25,1900.51,1893.63,0.996382,-0.003618,-0.3618,0.012947,0.013532,0.425253,0.470145,0.405026,0.471243
2023-06-26,1859.43,1848.26,0.99399,-0.00601,-0.601,-0.021849,-0.024253,0.500043,0.477018,0.490007,0.479617
2023-06-27,1889.7,1884.01,0.996988,-0.003012,-0.3012,0.016148,0.01916,0.472663,0.456042,0.476103,0.450408
2023-06-28,1827.97,1818.46,0.994796,-0.005204,-0.5204,-0.033213,-0.035414,0.359814,0.469351,0.383506,0.46488
2023-06-29,1852.23,1841.46,0.994185,-0.005815,-0.5815,0.013182,0.012568,0.378611,0.471685,0.403317,0.466717
2023-06-30,1933.19,1920.21,0.993287,-0.006713,-0.6713,0.042782,0.041878,0.49507,0.492796,0.515826,0.485852
2023-07-01,1924.57,1917.23,0.996189,-0.003811,-0.3811,-0.004471,-0.001554,0.489564,0.492478,0.506118,0.484982
2023-07-02,1937.44,1923.41,0.992758,-0.007242,-0.7242,0.006666,0.003217,0.48438,0.486058,0.499368,0.47507
2023-07-03,1955.39,1938.42,0.991319,-0.008681,-0.8681,0.009223,0.007773,0.438149,0.486013,0.446837,0.474884
2023-07-04,1936.63,1934.6,0.998951,-0.001049,-0.1049,-0.009638,-0.001969,0.445573,0.487412,0.437239,0.474658
2023-07-05,1910.59,1906.61,0.99792,-0.00208,-0.208,-0.01354,-0.014573,0.361705,0.464966,0.338273,0.453158
2023-07-06,1848.64,1838.78,0.994666,-0.005334,-0.5334,-0.032963,-0.036229,0.450895,0.459819,0.4518,0.453931
2023-07-07,1870.6,1859.21,0.99391,-0.00609,-0.609,0.011812,0.011052,0.301779,0.450858,0.309556,0.446388
2023-07-08,1865.54,1842.6,0.987706,-0.012294,-1.2294,-0.00271,-0.008972,0.302128,0.450311,0.309733,0.447456
2023-07-09,1863.01,1855.87,0.99617,-0.00383,-0.383,-0.001357,0.007176,0.28946,0.450164,0.317857,0.448097
2023-07-10,1880.56,1875.29,0.997201,-0.002799,-0.2799,0.009374,0.010409,0.289934,0.414268,0.324849,0.411128
2023-07-11,1878.34,1873.67,0.997514,-0.002486,-0.2486,-0.001181,-0.000868,0.289154,0.414409,0.325515,0.411292
2023-07-12,1872.11,1870.12,0.998936,-0.001064,-0.1064,-0.003318,-0.001894,0.278656,0.413779,0.314507,0.41021
2023-07-13,2006.51,1994.98,0.994252,-0.005748,-0.5748,0.069329,0.06463,0.499184,0.474585,0.467596,0.463811
2023-07-14,1939.35,1934.22,0.997354,-0.002646,-0.2646,-0.034046,-0.030931,0.598544,0.450718,0.559995,0.438077
2023-07-15,1931.47,1925.22,0.996767,-0.003233,-0.3233,-0.004072,-0.004661,0.599712,0.451694,0.55398,0.43876
2023-07-16,1923.68,1919.41,0.99778,-0.00222,-0.222,-0.004039,-0.003023,0.60174,0.443267,0.557842,0.43225
2023-07-17,1911.65,1905.49,0.996782,-0.003218,-0.3218,-0.006276,-0.007277,0.604756,0.444556,0.561647,0.433963
2023-07-18,1897.6,1894.93,0.998591,-0.001409,-0.1409,-0.007375,-0.005562,0.608594,0.445448,0.564266,0.434967
2023-07-19,1889.01,1888.84,0.999913,-8.7e-05,-0.0087,-0.004538,-0.003215,0.609239,0.445592,0.564845,0.435373
2023-07-20,1890.97,1888.98,0.998949,-0.001051,-0.1051,0.001038,7.3e-05,0.221293,0.433931,0.199768,0.426734
2023-07-21,1892.08,1889.88,0.998836,-0.001164,-0.1164,0.000587,0.000475,0.061271,0.391409,0.054314,0.38376
2023-07-22,1864.91,1860.31,0.997534,-0.002466,-0.2466,-0.014463,-0.015767,0.100376,0.393277,0.105844,0.387753
2023-07-23,1889.19,1884.69,0.997618,-0.002382,-0.2382,0.012935,0.013019,0.164629,0.39417,0.168177,0.389614
2023-07-24,1850.0,1846.36,0.998031,-0.001969,-0.1969,-0.020962,-0.020549,0.212003,0.399774,0.21215,0.394544
2023-07-25,1857.74,1856.07,0.999098,-0.000902,-0.0902,0.004175,0.005244,0.219357,0.397233,0.222947,0.391913
2023-07-26,1872.16,1869.19,0.998416,-0.001584,-0.1584,0.007731,0.007048,0.231774,0.390814,0.234263,0.383319
2023-07-27,1860.36,1857.05,0.998224,-0.001776,-0.1776,-0.006324,-0.006517,0.233387,0.387135,0.236406,0.377907
2023-07-28,1874.74,1872.74,0.998931,-0.001069,-0.1069,0.007704,0.008412,0.244209,0.369556,0.248964,0.357272
2023-07-29,1881.07,1874.43,0.996471,-0.003529,-0.3529,0.003368,0.000902,0.218387,0.367008,0.217105,0.354818
2023-07-30,1861.64,1858.94,0.998549,-0.001451,-0.1451,-0.01038,-0.008297,0.20698,0.335437,0.19966,0.323079
2023-07-31,1856.16,1852.29,0.997911,-0.002089,-0.2089,-0.002949,-0.003588,0.135712,0.335296,0.128511,0.323194
2023-08-01,1871.79,1864.35,0.996024,-0.003976,-0.3976,0.008385,0.006492,0.14573,0.335857,0.131617,0.323952
2023-08-02,1839.09,1834.35,0.997423,-0.002577,-0.2577,-0.017626,-0.016222,0.185022,0.338468,0.165542,0.326538
2023-08-03,1835.14,1825.91,0.994975,-0.005025,-0.5025,-0.002152,-0.004609,0.182271,0.337359,0.163417,0.326681
2023-08-04,1827.71,1821.1,0.99638,-0.00362,-0.362,-0.004053,-0.002642,0.163159,0.334815,0.136066,0.323504
2023-08-05,1834.99,1831.72,0.998218,-0.001782,-0.1782,0.003972,0.005815,0.164787,0.31532,0.150665,0.299062
2023-08-06,1827.46,1822.67,0.997378,-0.002622,-0.2622,-0.00411,-0.004952,0.154884,0.312534,0.145762,0.296732
2023-08-07,1826.94,1822.17,0.997392,-0.002608,-0.2608,-0.000286,-0.000272,0.155759,0.31246,0.146657,0.295214
2023-08-08,1855.81,1853.02,0.998497,-0.001503,-0.1503,0.015678,0.016785,0.191013,0.317614,0.195177,0.300167
2023-08-09,1854.3,1849.0,0.997142,-0.002858,-0.2858,-0.000814,-0.002172,0.132957,0.31576,0.148816,0.297847
2023-08-10,1850.75,1848.36,0.998705,-0.001295,-0.1295,-0.001913,-0.000346,0.132604,0.315791,0.141823,0.297844
2023-08-11,1847.12,1845.36,0.999043,-0.000957,-0.0957,-0.001963,-0.001624,0.128346,0.315674,0.140087,0.297829
2023-08-12,1848.89,1845.47,0.998153,-0.001847,-0.1847,0.000955,6.4e-05,0.126662,0.190873,0.136392,0.183462
2023-08-13,1839.28,1838.94,0.999814,-0.000186,-0.0186,-0.005211,-0.003548,0.129621,0.154323,0.132957,0.15248
2023-08-14,1844.19,1841.27,0.998417,-0.001583,-0.1583,0.002664,0.001266,0.1297,0.154844,0.132335,0.152425
2023-08-15,1826.93,1816.76,0.994433,-0.005567,-0.5567,-0.009399,-0.013398,0.076642,0.157046,0.094048,0.157938
2023-08-16,1805.66,1803.01,0.998534,-0.001466,-0.1466,-0.011713,-0.007597,0.100878,0.160145,0.09975,0.158081
2023-08-17,1684.93,1686.07,1.000676,0.000676,0.0676,-0.0692,-0.067057,0.480445,0.284024,0.464339,0.27705
2023-08-18,1660.95,1664.89,1.002373,0.002373,0.2373,-0.014339,-0.012644,0.470721,0.286322,0.454444,0.278707
2023-08-19,1669.47,1667.65,0.998908,-0.001092,-0.1092,0.005121,0.001657,0.480269,0.287629,0.457728,0.279068
2023-08-20,1684.85,1684.11,0.999558,-0.000442,-0.0442,0.00917,0.009821,0.50778,0.290948,0.486423,0.282897
2023-08-21,1667.27,1670.2,1.00176,0.00176,0.176,-0.010491,-0.00829,0.492494,0.289454,0.474646,0.280119
2023-08-22,1633.89,1632.52,0.999158,-0.000842,-0.0842,-0.020222,-0.022823,0.491999,0.288524,0.478865,0.281262
2023-08-23,1679.27,1678.35,0.999449,-0.000551,-0.0551,0.027397,0.027688,0.584804,0.303435,0.572013,0.29712
2023-08-24,1659.94,1660.96,1.000609,0.000609,0.0609,-0.011578,-0.010418,0.320412,0.303573,0.320796,0.296553
2023-08-25,1652.94,1651.35,0.99904,-0.00096,-0.096,-0.004232,-0.005801,0.30493,0.300732,0.31082,0.294066
2023-08-26,1646.31,1642.02,0.997398,-0.002602,-0.2602,-0.004018,-0.005664,0.301456,0.300629,0.311269,0.293994
2023-08-27,1657.51,1655.96,0.999064,-0.000936,-0.0936,0.006784,0.008453,0.29653,0.300192,0.308195,0.294016
2023-08-28,1652.46,1651.68,0.999531,-0.000469,-0.0469,-0.003055,-0.002587,0.288854,0.299014,0.3043,0.29352
2023-08-29,1729.73,1724.97,0.99725,-0.00275,-0.275,0.045699,0.043414,0.397575,0.345132,0.387656,0.336715
2023-08-30,1705.11,1698.77,0.996281,-0.003719,-0.3719,-0.014332,-0.015303,0.388727,0.347614,0.378136,0.339662
2023-08-31,1645.64,1646.83,1.000722,0.000722,0.0722,-0.035502,-0.031055,0.47011,0.363154,0.442367,0.351654
2023-09-01,1628.49,1621.65,0.995796,-0.004204,-0.4204,-0.010475,-0.015409,0.474669,0.360698,0.453716,0.351314
2023-09-02,1637.03,1631.86,0.996843,-0.003157,-0.3157,0.005227,0.006277,0.477118,0.362103,0.456981,0.353166
2023-09-03,1636.12,1632.09,0.99754,-0.00246,-0.246,-0.000555,0.000144,0.47294,0.362279,0.450543,0.353409
2023-09-04,1629.66,1625.15,0.997233,-0.002767,-0.2767,-0.003958,-0.004265,0.473124,0.361222,0.450822,0.351755
2023-09-05,1633.63,1629.76,0.997632,-0.002368,-0.2368,0.002436,0.002835,0.265417,0.361907,0.251672,0.352534
2023-09-06,1632.25,1627.88,0.997323,-0.002677,-0.2677,-0.000843,-0.001152,0.264222,0.361846,0.247785,0.352439
2023-09-07,1647.6,1640.45,0.995659,-0.004341,-0.4341,0.009358,0.007688,0.122586,0.358227,0.14827,0.347154
2023-09-08,1636.14,1633.27,0.998249,-0.001751,-0.1751,-0.00698,-0.004383,0.105537,0.358189,0.091623,0.347088
2023-09-09,1635.16,1631.45,0.99773,-0.00227,-0.227,-0.000596,-0.001116,0.098372,0.358323,0.080725,0.346993
2023-09-10,1616.83,1613.64,0.99803,-0.00197,-0.197,-0.011275,-0.010975,0.127206,0.359086,0.112782,0.347665
2023-09-11,1551.64,1551.21,0.999727,-0.000273,-0.0273,-0.041156,-0.039457,0.313967,0.380527,0.297665,0.367914
2023-09-12,1592.43,1591.5,0.999418,-0.000582,-0.0582,0.02595,0.02564,0.392968,0.396371,0.376885,0.383892
2023-09-13,1607.99,1603.91,0.997465,-0.002535,-0.2535,0.009723,0.007768,0.404787,0.398802,0.385517,0.385854
2023-09-14,1626.97,1622.64,0.997334,-0.002666,-0.2666,0.011738,0.011607,0.409241,0.402379,0.392557,0.388526
2023-09-15,1641.64,1640.19,0.999114,-0.000886,-0.0886,0.008974,0.010757,0.413151,0.403768,0.401064,0.391512
2023-09-16,1635.22,1635.1,0.999926,-7.4e-05,-0.0074,-0.003918,-0.003105,0.414372,0.326159,0.401839,0.316497
2023-09-17,1622.9,1621.79,0.99932,-0.00068,-0.068,-0.007566,-0.008173,0.40906,0.323517,0.397535,0.314811
2023-09-18,1637.35,1635.22,0.998701,-0.001299,-0.1299,0.008865,0.008246,0.209929,0.324637,0.208594,0.316312
2023-09-19,1643.54,1648.74,1.003162,0.003162,0.3162,0.003778,0.008235,0.142904,0.323126,0.144798,0.315699
2023-09-20,1622.89,1624.23,1.000823,0.000823,0.0823,-0.012646,-0.014981,0.179819,0.324023,0.201053,0.318572
2023-09-21,1584.31,1591.67,1.004645,0.004645,0.4645,-0.024062,-0.020251,0.231896,0.327167,0.235209,0.316466
2023-09-22,1593.27,1597.58,1.002709,0.002709,0.2709,0.00564,0.003711,0.221756,0.311818,0.215244,0.299873
2023-09-23,1593.86,1594.64,1.000488,0.000488,0.0488,0.00037,-0.001847,0.22432,0.309859,0.215668,0.298203
2023-09-24,1580.85,1581.48,1.000395,0.000395,0.0395,-0.008193,-0.008286,0.225029,0.310629,0.215816,0.298794
2023-09-25,1588.32,1587.63,0.999563,-0.000437,-0.0437,0.004714,0.003882,0.212523,0.311226,0.203181,0.298951
2023-09-26,1593.42,1591.25,0.998639,-0.001361,-0.1361,0.003202,0.002278,0.211221,0.31032,0.184678,0.297233
2023-09-27,1597.49,1597.86,1.000228,0.000228,0.0228,0.002553,0.004143,0.20361,0.31054,0.173543,0.297801
2023-09-28,1652.88,1647.45,0.996711,-0.003289,-0.3289,0.034086,0.030564,0.251945,0.290495,0.23241,0.276214
2023-09-29,1667.94,1666.05,0.998864,-0.001136,-0.1136,0.009071,0.011228,0.252819,0.288964,0.236336,0.275066
2023-09-30,1671.16,1674.55,1.002028,0.002028,0.2028,0.001927,0.005091,0.250747,0.260361,0.227476,0.252768
2023-10-01,1733.81,1733.53,0.999841,-0.000159,-0.0159,0.036802,0.034617,0.294196,0.286191,0.260782,0.27246
2023-10-02,1663.63,1664.81,1.00071,0.00071,0.071,-0.041321,-0.040452,0.494518,0.323404,0.469359,0.309895
2023-10-03,1656.69,1656.06,0.999625,-0.000375,-0.0375,-0.004181,-0.005266,0.500459,0.323806,0.476863,0.310583
2023-10-04,1647.84,1645.83,0.998782,-0.001218,-0.1218,-0.005355,-0.006199,0.506572,0.32408,0.484705,0.311028
2023-10-05,1611.48,1613.36,1.001168,0.001168,0.1168,-0.022313,-0.019927,0.467971,0.333456,0.453952,0.318841
2023-10-06,1645.83,1644.46,0.999167,-0.000833,-0.0833,0.021095,0.019094,0.495083,0.34181,0.472126,0.325931
2023-10-07,1634.51,1637.63,1.001909,0.001909,0.1909,-0.006902,-0.004161,0.495029,0.341077,0.46855,0.325188
2023-10-08,1633.55,1633.65,1.000061,6.1e-05,0.0061,-0.000589,-0.002436,0.368943,0.340221,0.347437,0.324933
2023-10-09,1579.81,1578.05,0.998888,-0.001112,-0.1112,-0.033452,-0.034626,0.328534,0.35963,0.315937,0.346686
2023-10-10,1567.71,1572.81,1.003251,0.003251,0.3251,-0.007685,-0.003326,0.327428,0.358574,0.317134,0.344969
2023-10-11,1566.25,1564.76,0.999048,-0.000952,-0.0952,-0.000931,-0.005128,0.331047,0.328071,0.317469,0.316202
2023-10-12,1539.61,1535.46,0.997303,-0.002697,-0.2697,-0.017157,-0.018905,0.318638,0.32003,0.315057,0.309355
2023-10-13,1552.09,1550.16,0.998756,-0.001244,-0.1244,0.008071,0.009527,0.258112,0.319376,0.271254,0.310057
2023-10-14,1555.26,1553.91,0.999135,-0.000865,-0.0865,0.002039,0.002418,0.269063,0.316215,0.281529,0.306945
2023-10-15,1558.07,1558.4,1.000213,0.000213,0.0213,0.001807,0.002886,0.273116,0.314208,0.289848,0.304223
2023-10-16,1600.53,1597.4,0.998044,-0.001956,-0.1956,0.02689,0.024719,0.261678,0.329525,0.257447,0.317789
2023-10-17,1565.44,1566.69,1.000801,0.000801,0.0801,-0.022171,-0.019412,0.310231,0.337195,0.299483,0.323449
2023-10-18,1563.75,1564.76,1.000649,0.000649,0.0649,-0.00108,-0.001232,0.310255,0.335237,0.297178,0.321668
2023-10-19,1567.46,1567.14,0.9998,-0.0002,-0.02,0.002368,0.001519,0.275542,0.334992,0.251172,0.319967
2023-10-20,1604.67,1601.82,0.998227,-0.001773,-0.1773,0.023462,0.021886,0.313994,0.343546,0.284589,0.326471
2023-10-21,1629.3,1630.88,1.000964,0.000964,0.0964,0.015237,0.017976,0.321414,0.336725,0.298871,0.324532
2023-10-22,1663.43,1659.4,0.997578,-0.002422,-0.2422,0.020728,0.017339,0.332924,0.343425,0.3052,0.329508
2023-10-23,1765.38,1759.35,0.996582,-0.003418,-0.3418,0.059486,0.058487,0.485602,0.398588,0.46616,0.384887
2023-10-24,1784.44,1786.21,1.000996,0.000996,0.0996,0.010736,0.015155,0.383979,0.397121,0.374101,0.384708
2023-10-25,1787.4,1785.62,0.999005,-0.000995,-0.0995,0.001657,-0.000333,0.375821,0.397198,0.371226,0.385013
2023-10-26,1804.04,1801.26,0.998461,-0.001539,-0.1539,0.009268,0.008723,0.360112,0.39762,0.353999,0.385324
2023-10-27,1780.05,1772.94,0.996009,-0.003991,-0.3991,-0.013389,-0.015848,0.430509,0.402281,0.436346,0.391576
2023-10-28,1776.62,1774.29,0.998691,-0.001309,-0.1309,-0.001927,0.000762,0.447016,0.387271,0.445611,0.379221
2023-10-29,1795.55,1792.41,0.998252,-0.001748,-0.1748,0.010598,0.010157,0.441438,0.387638,0.443428,0.378928
2023-10-30,1810.09,1806.02,0.997754,-0.002246,-0.2246,0.008067,0.007568,0.169972,0.388124,0.194224,0.379245
2023-10-31,1816.46,1806.42,0.994473,-0.005527,-0.5527,0.003513,0.00022,0.15911,0.368123,0.169153,0.361151
2023-11-01,1847.09,1838.17,0.995173,-0.004827,-0.4827,0.016722,0.017426,0.188496,0.337435,0.202153,0.33204
2023-11-02,1800.62,1800.44,0.999901,-9.9e-05,-0.0099,-0.02548,-0.020739,0.281331,0.351415,0.264032,0.341322
2023-11-03,1832.8,1826.41,0.996516,-0.003484,-0.3484,0.017711,0.014319,0.28274,0.353898,0.243385,0.342026
2023-11-04,1857.7,1849.97,0.99584,-0.00416,-0.416,0.013496,0.012818,0.284431,0.342835,0.24841,0.332779
2023-11-05,1894.16,1887.83,0.996659,-0.003341,-0.3341,0.019436,0.020257,0.299189,0.341886,0.268656,0.333442
2023-11-06,1899.84,1892.41,0.99609,-0.00391,-0.391,0.002994,0.002423,0.300984,0.339398,0.27103,0.332053
2023-11-07,1888.12,1876.7,0.993948,-0.006052,-0.6052,-0.006184,-0.008337,0.315447,0.341118,0.289819,0.334306
2023-11-08,1889.32,1884.72,0.997564,-0.002436,-0.2436,0.000634,0.004266,0.301813,0.312493,0.271762,0.302884
2023-11-09,2120.56,2108.23,0.994187,-0.005813,-0.5813,0.115462,0.112072,0.79661,0.489748,0.775077,0.47634
2023-11-10,2078.29,2076.21,0.998999,-0.001001,-0.1001,-0.020135,-0.015307,0.857499,0.499658,0.82229,0.48164
2023-11-11,2052.71,2048.66,0.998027,-0.001973,-0.1973,-0.012383,-0.013356,0.885592,0.49673,0.854039,0.477906
2023-11-12,2045.19,2043.14,0.998999,-0.001001,-0.1001,-0.003674,-0.0027,0.893067,0.498866,0.860808,0.479832
2023-11-13,2055.27,2050.7,0.997779,-0.002221,-0.2221,0.004916,0.003695,0.892131,0.498447,0.86006,0.479626
2023-11-14,1979.05,1980.24,1.000598,0.000598,0.0598,-0.037787,-0.034966,0.956528,0.524388,0.916988,0.503521
2023-11-15,2060.41,2051.97,0.995904,-0.004096,-0.4096,0.040286,0.035583,0.983653,0.53249,0.937565,0.509456
2023-11-16,1960.88,1958.51,0.998793,-0.001207,-0.1207,-0.04951,-0.046613,0.563674,0.560081,0.512637,0.536241
2023-11-17,1961.28,1949.7,0.994096,-0.005904,-0.5904,0.000204,-0.00451,0.563158,0.559851,0.512437,0.53703
2023-11-18,1963.29,1957.2,0.996899,-0.003101,-0.3101,0.001021,0.003837,0.565528,0.560028,0.51851,0.536775
2023-11-19,2013.2,2000.02,0.99345,-0.00655,-0.655,0.025109,0.021643,0.610276,0.560647,0.557745,0.536693
2023-11-20,2022.24,2020.9,0.999337,-0.000663,-0.0663,0.004478,0.010386,0.609971,0.560049,0.564715,0.535462
2023-11-21,1937.07,1944.66,1.003921,0.003921,0.3921,-0.043031,-0.038454,0.629388,0.584299,0.577484,0.557027
2023-11-22,2064.43,2061.88,0.998767,-0.001233,-0.1233,0.063677,0.05853,0.740289,0.589372,0.683752,0.557078
2023-11-23,2062.21,2054.02,0.996029,-0.003971,-0.3971,-0.001073,-0.003818,0.613964,0.589419,0.562784,0.55678
2023-11-24,2081.15,2079.36,0.999141,-0.000859,-0.0859,0.009143,0.012263,0.611156,0.589492,0.555258,0.557092
2023-11-25,2084.41,2076.11,0.996016,-0.003984,-0.3984,0.001566,-0.001567,0.610764,0.589414,0.559785,0.557401
2023-11-26,2063.29,2058.11,0.997491,-0.002509,-0.2509,-0.010187,-0.008707,0.605719,0.588274,0.559093,0.554632
2023-11-27,2027.42,2021.34,0.997001,-0.002999,-0.2999,-0.017537,-0.018029,0.62416,0.593062,0.576992,0.560271
2023-11-28,2049.34,2044.8,0.997788,-0.002212,-0.2212,0.010754,0.011542,0.5064,0.593082,0.478706,0.560473
2023-11-29,2029.93,2027.64,0.998873,-0.001127,-0.1127,-0.009516,-0.008429,0.201007,0.594885,0.21109,0.562107
2023-11-30,2052.56,2045.65,0.996636,-0.003364,-0.3364,0.011085,0.008844,0.223797,0.595422,0.225215,0.562209
2023-12-01,2087.14,2080.59,0.996863,-0.003137,-0.3137,0.016709,0.016936,0.249205,0.595418,0.243236,0.562066
2023-12-02,2165.7,2158.36,0.99661,-0.00339,-0.339,0.036951,0.036698,0.36382,0.596239,0.357523,0.565774
2023-12-03,2193.69,2197.22,1.001608,0.001608,0.1608,0.01284,0.017843,0.340824,0.595292,0.34427,0.566556
2023-12-04,2243.22,2236.03,0.996795,-0.003205,-0.3205,0.022325,0.017508,0.267395,0.597485,0.256951,0.567485
2023-12-05,2293.84,2282.88,0.99522,-0.00478,-0.478,0.022318,0.020736,0.27069,0.598368,0.259254,0.567635
2023-12-06,2231.66,2227.77,0.998255,-0.001745,-0.1745,-0.027482,-0.024437,0.382229,0.609871,0.357258,0.577608
2023-12-07,2357.58,2347.47,0.99571,-0.00429,-0.429,0.054889,0.052336,0.482797,0.632113,0.449344,0.597813
2023-12-08,2358.73,2348.76,0.995772,-0.004228,-0.4228,0.000489,0.000551,0.502889,0.632133,0.470466,0.598203
2023-12-09,2341.18,2331.83,0.996009,-0.003991,-0.3991,-0.007471,-0.007233,0.500534,0.499049,0.467326,0.46528
2023-12-10,2352.46,2341.3,0.995256,-0.004744,-0.4744,0.00481,0.004053,0.502221,0.491839,0.465726,0.460378
2023-12-11,2224.58,2215.95,0.99612,-0.00388,-0.388,-0.055895,-0.055028,0.673643,0.532004,0.645611,0.501286
2023-12-12,2202.04,2193.42,0.996084,-0.003916,-0.3916,-0.010184,-0.01022,0.644912,0.533466,0.619539,0.502973
2023-12-13,2260.65,2245.42,0.993262,-0.006738,-0.6738,0.026268,0.023431,0.651917,0.539862,0.627891,0.508313
2023-12-14,2316.58,2305.86,0.995372,-0.004628,-0.4628,0.02444,0.026561,0.526141,0.523832,0.517976,0.495583
2023-12-15,2219.34,2225.91,1.002961,0.002961,0.2961,-0.042883,-0.035287,0.599254,0.534047,0.567209,0.502279
2023-12-16,2226.93,2222.69,0.998098,-0.001902,-0.1902,0.003414,-0.001448,0.605734,0.500026,0.569019,0.470132
2023-12-17,2196.48,2201.25,1.002169,0.002169,0.2169,-0.013766,-0.009694,0.598233,0.503805,0.561608,0.471688
2023-12-18,2217.27,2214.63,0.998807,-0.001193,-0.1193,0.009422,0.006061,0.462638,0.504079,0.408037,0.47174
2023-12-19,2177.87,2172.51,0.997539,-0.002461,-0.2461,-0.01793,-0.0192,0.475728,0.503809,0.426347,0.474149
2023-12-20,2201.91,2187.78,0.993582,-0.006418,-0.6418,0.010977,0.007002,0.432094,0.50462,0.38246,0.473611
2023-12-21,2239.54,2231.7,0.996498,-0.003502,-0.3502,0.016946,0.019876,0.404872,0.478704,0.35211,0.453164
2023-12-22,2326.52,2318.61,0.996598,-0.003402,-0.3402,0.038104,0.038205,0.361917,0.44636,0.363106,0.427535
2023-12-23,2309.05,2290.05,0.991772,-0.008228,-0.8228,-0.007541,-0.012396,0.376394,0.44785,0.384432,0.430524
2023-12-24,2265.69,2264.36,0.999411,-0.000589,-0.0589,-0.018954,-0.011282,0.393741,0.454283,0.388092,0.432407
2023-12-25,2272.56,2260.56,0.99472,-0.00528,-0.528,0.003027,-0.001677,0.391512,0.454261,0.389658,0.432422
2023-12-26,2231.47,2216.87,0.99346,-0.00654,-0.654,-0.018249,-0.019517,0.392582,0.458034,0.390757,0.437666
2023-12-27,2378.74,2363.56,0.993618,-0.006382,-0.6382,0.063912,0.064071,0.590393,0.499198,0.592524,0.480814
2023-12-28,2347.57,2355.55,1.003402,0.003402,0.3402,-0.013192,-0.003393,0.61176,0.502895,0.595233,0.481162
2023-12-29,2300.69,2305.59,1.002131,0.002131,0.2131,-0.02017,-0.021438,0.573476,0.507987,0.564397,0.487729
2023-12-30,2292.07,2292.93,1.000379,0.000379,0.0379,-0.003756,-0.005505,0.571738,0.508083,0.557944,0.488607
2023-12-31,2281.47,2280.13,0.999411,-0.000589,-0.0589,-0.004633,-0.005602,0.553524,0.506646,0.552325,0.487306
2024-01-01,2352.33,2340.83,0.995112,-0.004888,-0.4888,0.030585,0.026275,0.593981,0.501735,0.580282,0.479543
2024-01-02,2355.84,2357.48,1.000696,0.000696,0.0696,0.00149,0.007086,0.563442,0.500423,0.542519,0.476729
2024-01-03,2210.76,2215.62,1.0022,0.0022,0.22,-0.063559,-0.062057,0.541922,0.545013,0.524819,0.523381
2024-01-04,2269.04,2262.05,0.996919,-0.003081,-0.3081,0.026019,0.020736,0.600686,0.547111,0.568275,0.52338
2024-01-05,2268.65,2254.77,0.993885,-0.006115,-0.6115,-0.000172,-0.00322,0.58688,0.538295,0.552767,0.516252
2024-01-06,2241.62,2233.49,0.996369,-0.003631,-0.3631,-0.011983,-0.009487,0.591364,0.502688,0.554529,0.481867
2024-01-07,2222.87,2219.83,0.998634,-0.001366,-0.1366,-0.008404,-0.006133,0.592553,0.503161,0.55465,0.482045
2024-01-08,2333.03,2318.53,0.993783,-0.006217,-0.6217,0.048372,0.043503,0.664717,0.532344,0.621459,0.506805
2024-01-09,2344.83,2336.02,0.996245,-0.003755,-0.3755,0.005043,0.007517,0.666077,0.532371,0.621822,0.507314
2024-01-10,2582.1,2588.41,1.002444,0.002444,0.2444,0.096393,0.102596,0.744196,0.593066,0.763724,0.584476
2024-01-11,2619.62,2616.35,0.998751,-0.001249,-0.1249,0.014425,0.010733,0.745268,0.591362,0.768305,0.582093
2024-01-12,2524.46,2529.94,1.00217,0.00217,0.217,-0.037002,-0.033584,0.847875,0.604811,0.852676,0.594297
2024-01-13,2576.6,2568.03,0.996676,-0.003324,-0.3324,0.020443,0.014946,0.816227,0.603242,0.825279,0.590108
2024-01-14,2472.24,2475.81,1.001443,0.001443,0.1443,-0.041345,-0.036573,0.914454,0.601775,0.908825,0.591191
2024-01-15,2511.36,2511.92,1.000223,0.000223,0.0223,0.015701,0.014482,0.871772,0.603252,0.878252,0.592108
2024-01-16,2587.69,2586.76,0.99964,-0.00036,-0.036,0.02994,0.029357,0.880744,0.606301,0.886431,0.596328
2024-01-17,2528.37,2525.9,0.999023,-0.000977,-0.0977,-0.023191,-0.023809,0.568999,0.614241,0.51484,0.604938
2024-01-18,2467.02,2462.63,0.998221,-0.001779,-0.1779,-0.024564,-0.025366,0.565992,0.617699,0.520124,0.608337
2024-01-19,2489.5,2489.74,1.000098,9.8e-05,0.0098,0.009071,0.010949,0.521228,0.61747,0.488712,0.608723
2024-01-20,2469.59,2468.65,0.999621,-0.000379,-0.0379,-0.00803,-0.008507,0.486037,0.617072,0.467274,0.607638
2024-01-21,2453.91,2453.4,0.99979,-0.00021,-0.021,-0.006368,-0.0062,0.387126,0.604841,0.390038,0.595205
2024-01-22,2310.83,2308.69,0.999077,-0.000923,-0.0923,-0.060079,-0.060792,0.542898,0.641668,0.550502,0.632583
2024-01-23,2240.69,2238.4,0.99898,-0.00102,-0.102,-0.030823,-0.03092,0.42193,0.647397,0.434534,0.640753
2024-01-24,2233.56,2229.93,0.998375,-0.001625,-0.1625,-0.003185,-0.00379,0.438763,0.647349,0.449504,0.640849
2024-01-25,2217.71,2217.86,1.000066,6.6e-05,0.0066,-0.007122,-0.00543,0.440265,0.644684,0.452144,0.63745
2024-01-26,2267.2,2266.41,0.999651,-0.000349,-0.0349,0.02207,0.021655,0.49098,0.60777,0.494119,0.599865
2024-01-27,2267.89,2264.75,0.998618,-0.001382,-0.1382,0.000303,-0.000731,0.500087,0.606352,0.501957,0.599825
2024-01-28,2257.21,2250.87,0.99719,-0.00281,-0.281,-0.004719,-0.00615,0.501392,0.602636,0.501994,0.595725
2024-01-29,2317.06,2286.87,0.986968,-0.013032,-1.3032,0.026172,0.015868,0.366192,0.609686,0.325917,0.59826
2024-01-30,2344.49,2355.23,1.00458,0.00458,0.458,0.011768,0.029456,0.258777,0.610678,0.281306,0.606632
2024-01-31,2282.54,2282.31,0.999898,-0.000102,-0.0102,-0.026779,-0.03145,0.351719,0.608367,0.395271,0.609864
2024-02-01,2303.82,2301.57,0.999019,-0.000981,-0.0981,0.00928,0.0084,0.342544,0.609375,0.389223,0.610096
2024-02-02,2308.04,2305.04,0.998702,-0.001298,-0.1298,0.001827,0.001509,0.31265,0.565656,0.364075,0.568648
2024-02-03,2296.04,2298.37,1.001017,0.001017,0.1017,-0.005213,-0.002897,0.31756,0.559024,0.365547,0.564451
2024-02-04,2289.55,2292.39,1.00124,0.00124,0.124,-0.002832,-0.002608,0.315503,0.559135,0.361554,0.564403
2024-02-05,2298.89,2297.1,0.999223,-0.000777,-0.0777,0.004072,0.002056,0.245155,0.557496,0.34408,0.563255
2024-02-06,2372.2,2365.69,0.997254,-0.002746,-0.2746,0.031393,0.02942,0.333116,0.5664,0.343897,0.571234
2024-02-07,2423.75,2424.39,1.000265,0.000265,0.0265,0.021495,0.02451,0.255618,0.546204,0.251234,0.557596
2024-02-08,2419.91,2424.92,1.00207,0.00207,0.207,-0.001585,0.000217,0.265639,0.546117,0.258526,0.557183
2024-02-09,2487.52,2488.03,1.000207,0.000207,0.0207,0.027556,0.025695,0.298021,0.436678,0.282543,0.43152
2024-02-10,2501.23,2498.17,0.998776,-0.001224,-0.1224,0.005497,0.004066,0.272149,0.433747,0.265817,0.4298
2024-02-11,2507.57,2506.97,0.999761,-0.000239,-0.0239,0.002532,0.003518,0.256392,0.414564,0.248586,0.414185
2024-02-12,2658.12,2659.51,1.000525,0.000525,0.0525,0.058303,0.059067,0.400275,0.457164,0.396063,0.46062
2024-02-13,2642.19,2637.45,0.998208,-0.001792,-0.1792,-0.006011,-0.008329,0.429767,0.431847,0.438367,0.441638
2024-02-14,2777.9,2776.77,0.999591,-0.000409,-0.0409,0.05009,0.051474,0.498544,0.461035,0.509432,0.472457
2024-02-15,2824.38,2823.68,0.999754,-0.000246,-0.0246,0.016592,0.016755,0.468167,0.453642,0.484986,0.46572
2024-02-16,2803.69,2803.52,0.99994,-6e-05,-0.006,-0.007352,-0.007165,0.509374,0.445459,0.52511,0.457238
2024-02-17,2786.67,2785.21,0.999474,-0.000526,-0.0526,-0.006089,-0.006555,0.531796,0.435385,0.546266,0.446894
2024-02-18,2879.0,2878.84,0.999944,-5.6e-05,-0.0056,0.032594,0.033065,0.53172,0.446384,0.548379,0.457685
2024-02-19,2943.57,2947.17,1.001221,0.001221,0.1221,0.022182,0.023459,0.425737,0.447853,0.443325,0.45953
2024-02-20,3013.5,3014.02,1.000172,0.000172,0.0172,0.023479,0.022431,0.390826,0.449699,0.399741,0.460887
2024-02-21,2970.36,2967.06,0.998892,-0.001108,-0.1108,-0.014422,-0.015703,0.352199,0.388167,0.360864,0.400458
2024-02-22,2971.01,2978.48,1.002514,0.002514,0.2514,0.000219,0.003839,0.352182,0.363005,0.357033,0.375093
2024-02-23,2921.66,2922.44,1.000268,0.000268,0.0268,-0.01675,-0.018993,0.381197,0.371901,0.395032,0.385488
2024-02-24,2992.39,2987.89,0.998499,-0.001501,-0.1501,0.02392,0.02215,0.385409,0.370774,0.394202,0.384483
2024-02-25,3112.7,3110.03,0.999142,-0.000858,-0.0858,0.039419,0.040062,0.411805,0.382639,0.421372,0.396712
2024-02-26,3178.99,3175.19,0.998804,-0.001196,-0.1196,0.021075,0.020737,0.410075,0.382487,0.416925,0.396097
2024-02-27,3244.52,3241.53,0.99908,-0.00092,-0.092,0.020403,0.020678,0.404946,0.379304,0.414095,0.392288
2024-02-28,3385.7,3378.06,0.997743,-0.002257,-0.2257,0.042595,0.041256,0.40031,0.391117,0.399723,0.405096
2024-02-29,3341.92,3343.39,1.000439,0.000439,0.0439,-0.013016,-0.010318,0.446249,0.401237,0.442198,0.408508
2024-03-01,3435.05,3430.62,0.99871,-0.00129,-0.129,0.027487,0.025757,0.347236,0.379604,0.326583,0.380249
2024-03-02,3422.05,3414.36,0.997752,-0.002248,-0.2248,-0.003793,-0.004752,0.397419,0.384198,0.383223,0.385241
2024-03-03,3490.99,3476.48,0.995844,-0.004156,-0.4156,0.019947,0.018032,0.360186,0.38265,0.340402,0.383265
2024-03-04,3630.43,3627.27,0.999129,-0.000871,-0.0871,0.039166,0.04246,0.396386,0.3862,0.391444,0.391121
2024-03-05,3554.96,3554.02,0.999735,-0.000265,-0.0265,-0.021007,-0.020401,0.489198,0.401812,0.482609,0.405964
2024-03-06,3819.23,3819.76,1.000141,0.000141,0.0141,0.071703,0.072108,0.622987,0.446168,0.622939,0.449849
2024-03-07,3874.35,3864.73,0.997516,-0.002484,-0.2484,0.014329,0.011702,0.571429,0.443162,0.581946,0.447909
2024-03-08,3892.06,3893.19,1.00029,0.00029,0.029,0.004562,0.007338,0.579805,0.444622,0.587385,0.447982
2024-03-09,3915.42,3911.35,0.998962,-0.001038,-0.1038,0.005983,0.004655,0.561624,0.441674,0.568783,0.446305
2024-03-10,3881.19,3868.16,0.996643,-0.003357,-0.3357,-0.00878,-0.011104,0.596642,0.447891,0.61047,0.454559
2024-03-11,4066.45,4063.71,0.999327,-0.000673,-0.0673,0.046627,0.049316,0.617006,0.45992,0.630731,0.468414
2024-03-12,3980.27,3965.28,0.996233,-0.003767,-0.3767,-0.021419,-0.024519,0.618521,0.476179,0.645803,0.48779
2024-03-13,4006.46,3999.39,0.998237,-0.001763,-0.1763,0.006557,0.008566,0.404346,0.451045,0.437104,0.461854
2024-03-14,3883.14,3880.17,0.999236,-0.000764,-0.0764,-0.031263,-0.030263,0.47992,0.472984,0.506613,0.480906
2024-03-15,3735.22,3720.07,0.995944,-0.004056,-0.4056,-0.038837,-0.042137,0.553314,0.486346,0.586132,0.496908
2024-03-16,3522.86,3516.28,0.998132,-0.001868,-0.1868,-0.058534,-0.05634,0.655825,0.540822,0.674369,0.546836
2024-03-17,3642.41,3649.17,1.001854,0.001854,0.1854,0.033373,0.037096,0.745074,0.545508,0.774598,0.553837
2024-03-18,3517.99,3522.48,1.001277,0.001277,0.1277,-0.034758,-0.035334,0.590759,0.564153,0.616425,0.572649
2024-03-19,3157.62,3157.17,0.999859,-0.000141,-0.0141,-0.10807,-0.109488,0.864938,0.686366,0.893768,0.696138
2024-03-20,3513.39,3509.11,0.99878,-0.00122,-0.122,0.106764,0.105685,1.324731,0.77383,1.332871,0.78042
2024-03-21,3492.99,3485.44,0.997837,-0.002163,-0.2163,-0.005824,-0.006768,1.322861,0.7722,1.33125,0.779242
2024-03-22,3333.69,3313.53,0.993954,-0.006046,-0.6046,-0.046679,-0.050579,1.332587,0.790354,1.342938,0.800035
2024-03-23,3336.59,3324.98,0.996519,-0.003481,-0.3481,0.000871,0.003449,1.286144,0.79032,1.303959,0.800035
2024-03-24,3454.64,3449.03,0.998378,-0.001622,-0.1622,0.034767,0.03663,1.288892,0.793825,1.302983,0.803722
2024-03-25,3590.88,3588.54,0.999348,-0.000652,-0.0652,0.038681,0.039653,1.303633,0.799763,1.319892,0.810569
2024-03-26,3587.5,3588.96,1.000405,0.000405,0.0405,-0.000941,0.000115,0.922551,0.790928,0.934387,0.801431
2024-03-27,3500.12,3496.45,0.998954,-0.001046,-0.1046,-0.024661,-0.026112,0.579776,0.795111,0.614637,0.806332
2024-03-28,3561.29,3553.25,0.997743,-0.002257,-0.2257,0.017328,0.016115,0.590938,0.794346,0.622637,0.805244
2024-03-29,3511.81,3505.39,0.998174,-0.001826,-0.1826,-0.013993,-0.013562,0.456378,0.783387,0.4679,0.795156
2024-03-30,3507.94,3495.46,0.996442,-0.003558,-0.3558,-0.0011,-0.002837,0.458321,0.781763,0.473817,0.794216
2024-03-31,3647.86,3635.16,0.99652,-0.00348,-0.348,0.03911,0.039188,0.475007,0.787633,0.483754,0.800737
2024-04-01,3505.03,3497.17,0.997757,-0.002243,-0.2243,-0.039941,-0.0387,0.502301,0.80096,0.497697,0.812965
2024-04-02,3277.23,3274.77,0.999248,-0.000752,-0.0752,-0.067199,-0.065707,0.678924,0.831824,0.665719,0.842556
2024-04-03,3311.44,3311.45,1.000002,2e-06,0.0002,0.010384,0.011139,0.689149,0.819822,0.675653,0.828727
2024-04-04,3330.04,3321.48,0.997429,-0.002571,-0.2571,0.005601,0.003024,0.667891,0.817744,0.653764,0.826575
2024-04-05,3318.89,3317.54,0.999594,-0.000406,-0.0406,-0.003356,-0.001188,0.668043,0.773083,0.655348,0.781911
2024-04-06,3354.18,3361.63,1.002221,0.002221,0.2221,0.01058,0.013205,0.680662,0.772032,0.672844,0.782325
2024-04-07,3453.49,3444.86,0.997499,-0.002501,-0.2501,0.029178,0.024456,0.643001,0.78052,0.619517,0.787885
2024-04-08,3695.29,3688.4,0.998135,-0.001865,-0.1865,0.067673,0.06831,0.77251,0.819141,0.75964,0.827077
2024-04-09,3505.16,3499.34,0.99834,-0.00166,-0.166,-0.052823,-0.052618,0.690506,0.837967,0.685009,0.84533
2024-04-10,3543.74,3537.6,0.998268,-0.001732,-0.1732,0.010945,0.010873,0.690557,0.820212,0.684972,0.825596
2024-04-11,3505.25,3500.74,0.998713,-0.001287,-0.1287,-0.010921,-0.010475,0.70662,0.818316,0.699445,0.822784
2024-04-12,3243.03,3233.88,0.997178,-0.002822,-0.2822,-0.077752,-0.07929,0.940526,0.85628,0.943362,0.861832
2024-04-13,3004.9,3000.47,0.998526,-0.001474,-0.1474,-0.076265,-0.074914,1.063564,0.886164,1.055524,0.890542
2024-04-14,3156.94,3149.7,0.997705,-0.002295,-0.2295,0.049359,0.048536,1.123664,0.901487,1.124095,0.903593
2024-04-15,3101.6,3095.45,0.998015,-0.001985,-0.1985,-0.017686,-0.017374,0.89807,0.882359,0.894918,0.886078
2024-04-16,3084.92,3078.09,0.997787,-0.002213,-0.2213,-0.005392,-0.005621,0.873723,0.871856,0.870829,0.873429
2024-04-17,2984.73,2977.61,0.997614,-0.002386,-0.2386,-0.033017,-0.033191,0.841453,0.871142,0.838486,0.872544
2024-04-18,3066.03,3064.06,0.999359,-0.000641,-0.0641,0.026874,0.028622,0.919284,0.794956,0.921976,0.795134
2024-04-19,3059.28,3058.99,0.999905,-9.5e-05,-0.0095,-0.002204,-0.001657,0.777056,0.693454,0.771461,0.695819
2024-04-20,3157.63,3153.13,0.998575,-0.001425,-0.1425,0.031642,0.030311,0.564891,0.704851,0.56134,0.70629
2024-04-21,3147.29,3147.08,0.999933,-6.7e-05,-0.0067,-0.00328,-0.00192,0.439117,0.687321,0.439787,0.685413
2024-04-22,3201.65,3209.46,1.002438,0.002438,0.2438,0.017126,0.019627,0.427737,0.690483,0.432574,0.68926
2024-04-23,3219.91,3216.3,0.998878,-0.001122,-0.1122,0.005687,0.002129,0.419496,0.678674,0.424358,0.675815
2024-04-24,3139.81,3131.21,0.997263,-0.002737,-0.2737,-0.025193,-0.026812,0.376715,0.666537,0.389319,0.663502
2024-04-25,3156.51,3156.97,1.000145,0.000145,0.0145,0.005306,0.008192,0.338581,0.66731,0.346484,0.664812
2024-04-26,3130.16,3127.98,0.999303,-0.000697,-0.0697,-0.008381,-0.009224,0.348434,0.663452,0.358456,0.660426
2024-04-27,3252.17,3249.77,0.999264,-0.000736,-0.0736,0.038236,0.038197,0.382669,0.675698,0.397192,0.673139
2024-04-28,3262.77,3262.16,0.999812,-0.000188,-0.0188,0.003256,0.003805,0.377762,0.674852,0.393864,0.672427
2024-04-29,3215.43,3212.97,0.999236,-0.000764,-0.0764,-0.014617,-0.015193,0.385986,0.676157,0.396152,0.673908
2024-04-30,3012.29,3015.34,1.001014,0.001014,0.1014,-0.065261,-0.063484,0.606349,0.692349,0.604706,0.68838
2024-05-01,2969.78,2970.73,1.000318,0.000318,0.0318,-0.01421,-0.014905,0.594145,0.682397,0.589554,0.679197
2024-05-02,2988.17,2983.79,0.998535,-0.001465,-0.1465,0.006171,0.004387,0.595351,0.645951,0.584,0.644008
2024-05-03,3103.54,3101.37,0.9993,-0.0007,-0.07,0.037883,0.038649,0.6804,0.66013,0.673631,0.658647
2024-05-04,3117.58,3115.7,0.999397,-0.000603,-0.0603,0.004512,0.004609,0.600294,0.65998,0.592891,0.658828
2024-05-05,3137.25,3135.75,0.999524,-0.000476,-0.0476,0.00629,0.006417,0.603543,0.660624,0.595817,0.659498
2024-05-06,3062.73,3063.7,1.000318,0.000318,0.0318,-0.02404,-0.023246,0.615814,0.663439,0.606409,0.661259
2024-05-07,3006.58,3006.18,0.999867,-0.000133,-0.0133,-0.018504,-0.018955,0.401878,0.655099,0.404973,0.65581
2024-05-08,2973.66,2971.24,0.999189,-0.000811,-0.0811,-0.01101,-0.011688,0.395743,0.601077,0.398596,0.601039
2024-05-09,3036.02,3035.82,0.999932,-6.8e-05,-0.0068,0.020755,0.021499,0.422282,0.585439,0.428053,0.58597
2024-05-10,2909.79,2910.25,1.000156,0.000156,0.0156,-0.042466,-0.042243,0.408416,0.596903,0.410302,0.59734
2024-05-11,2911.6,2910.13,0.999495,-0.000505,-0.0505,0.000622,-3.9e-05,0.401372,0.597202,0.402155,0.597576
2024-05-12,2928.7,2929.62,1.000315,0.000315,0.0315,0.005856,0.006676,0.400325,0.539517,0.402792,0.537362
2024-05-13,2949.36,2946.83,0.999141,-0.000859,-0.0859,0.007029,0.005855,0.396062,0.47192,0.398104,0.471714
2024-05-14,2881.16,2879.04,0.999265,-0.000735,-0.0735,-0.023396,-0.023272,0.407332,0.442237,0.40804,0.443204
2024-05-15,3037.06,3033.31,0.998766,-0.001234,-0.1234,0.052697,0.052198,0.582568,0.479488,0.580039,0.479726
2024-05-16,2945.13,2941.89,0.998898,-0.001102,-0.1102,-0.030736,-0.030603,0.605382,0.490628,0.600359,0.490755
2024-05-17,3094.12,3089.43,0.998484,-0.001516,-0.1516,0.04935,0.048935,0.616585,0.507943,0.612465,0.50735
2024-05-18,3122.95,3119.94,0.999037,-0.000963,-0.0963,0.009275,0.009828,0.61278,0.5004,0.608191,0.49874
2024-05-19,3071.84,3071.33,0.999832,-0.000168,-0.0168,-0.0165,-0.015704,0.642542,0.503885,0.63633,0.501938
2024-05-20,3663.86,3655.36,0.997681,-0.002319,-0.2319,0.176238,0.174085,1.382088,0.789276,1.364677,0.78272
2024-05-21,3789.31,3786.21,0.999182,-0.000818,-0.0818,0.033669,0.035172,1.304751,0.794925,1.286892,0.789302
2024-05-22,3737.22,3736.94,0.999925,-7.5e-05,-0.0075,-0.013843,-0.0131,1.350372,0.796899,1.332142,0.790529
2024-05-23,3776.93,3771.7,0.998615,-0.001385,-0.1385,0.010569,0.009258,1.268492,0.797122,1.250801,0.790586
2024-05-24,3726.93,3726.12,0.999782,-0.000218,-0.0218,-0.013325,-0.012156,1.30712,0.792466,1.288108,0.784723
2024-05-25,3749.24,3748.69,0.999853,-0.000147,-0.0147,0.005966,0.006037,1.310001,0.792465,1.291427,0.784676
2024-05-26,3825.9,3823.55,0.999387,-0.000613,-0.0613,0.020241,0.019774,1.263334,0.792336,1.24596,0.784242
2024-05-27,3892.01,3894.82,1.000722,0.000722,0.0722,0.017132,0.018468,0.333831,0.785147,0.334159,0.777254
2024-05-28,3840.26,3838.24,0.999475,-0.000525,-0.0525,-0.013386,-0.014633,0.289046,0.788016,0.287755,0.780574
2024-05-29,3763.2,3762.79,0.999891,-0.000109,-0.0109,-0.02027,-0.019854,0.313079,0.790071,0.312326,0.78229
2024-05-30,3746.85,3747.19,1.00009,9e-05,0.009,-0.004353,-0.004155,0.303705,0.749166,0.305659,0.743054
2024-05-31,3760.03,3760.79,1.000204,0.000204,0.0204,0.003511,0.003625,0.286465,0.74531,0.291309,0.738902
2024-06-01,3813.2,3812.14,0.999723,-0.000277,-0.0277,0.014042,0.013561,0.300141,0.74559,0.303527,0.739052
2024-06-02,3780.9,3780.66,0.999938,-6.2e-05,-0.0062,-0.008507,-0.008293,0.266149,0.739825,0.271786,0.732795
2024-06-03,3766.39,3765.66,0.999807,-0.000193,-0.0193,-0.003844,-0.003975,0.213874,0.740692,0.212848,0.733699
2024-06-04,3812.52,3812.27,0.999936,-6.4e-05,-0.0064,0.012173,0.012301,0.22968,0.740975,0.225758,0.733997
2024-06-05,3864.26,3857.81,0.998331,-0.001669,-0.1669,0.013481,0.011875,0.182116,0.733028,0.174813,0.726258
2024-06-06,3811.61,3811.18,0.999888,-0.000112,-0.0112,-0.01372,-0.012161,0.216832,0.731059,0.20352,0.723503
2024-06-07,3678.63,3676.22,0.999344,-0.000656,-0.0656,-0.03551,-0.036055,0.348376,0.74392,0.343068,0.736682
2024-06-08,3680.95,3680.14,0.99978,-0.00022,-0.022,0.000631,0.001067,0.320514,0.742579,0.31667,0.7351
2024-06-09,3705.9,3702.81,0.999164,-0.000836,-0.0836,0.006756,0.00614,0.329307,0.721338,0.324685,0.713857
2024-06-10,3666.72,3665.02,0.999536,-0.000464,-0.0464,-0.01063,-0.010258,0.334149,0.723862,0.329007,0.716197
2024-06-11,3498.33,3499.06,1.000208,0.000208,0.0208,-0.047011,-0.046339,0.423151,0.74861,0.414934,0.740596
2024-06-12,3559.62,3558.39,0.999655,-0.000345,-0.0345,0.017367,0.016814,0.438209,0.74967,0.433521,0.74157
2024-06-13,3469.28,3465.78,0.998991,-0.001009,-0.1009,-0.025706,-0.02637,0.449909,0.750862,0.446697,0.743201
2024-06-14,3480.27,3478.95,0.99962,-0.00038,-0.038,0.003163,0.003792,0.420206,0.731888,0.41633,0.724422
2024-06-15,3565.55,3564.14,0.999603,-0.000397,-0.0397,0.024208,0.024191,0.479668,0.723602,0.475796,0.716103
2024-06-16,3620.56,3619.01,0.99957,-0.00043,-0.043,0.015311,0.015278,0.495648,0.707723,0.492595,0.700389
2024-06-17,3511.38,3510.58,0.999773,-0.000227,-0.0227,-0.030621,-0.030418,0.533165,0.718458,0.530076,0.711082
2024-06-18,3483.68,3482.87,0.999768,-0.000232,-0.0232,-0.007919,-0.007924,0.412029,0.71601,0.412425,0.708892
2024-06-19,3559.35,3555.64,0.99896,-0.00104,-0.104,0.021488,0.020678,0.423863,0.365847,0.423189,0.364407
2024-06-20,3511.09,3510.12,0.999726,-0.000274,-0.0274,-0.013652,-0.012885,0.38672,0.34617,0.381429,0.342385
2024-06-21,3516.08,3515.37,0.9998,-0.0002,-0.02,0.00142,0.001494,0.386527,0.343986,0.381065,0.34049
2024-06-22,3494.81,3496.1,1.000369,0.000369,0.0369,-0.006065,-0.005497,0.336768,0.341197,0.330399,0.338212
2024-06-23,3418.61,3419.52,1.000267,0.000267,0.0267,-0.022045,-0.022147,0.321834,0.345974,0.316373,0.343544
2024-06-24,3350.26,3348.64,0.999518,-0.000482,-0.0482,-0.020198,-0.020947,0.284268,0.349573,0.281161,0.347616
2024-06-25,3395.03,3392.94,0.999385,-0.000615,-0.0615,0.013275,0.013142,0.317985,0.344362,0.31492,0.342699
2024-06-26,3369.48,3366.77,0.999196,-0.000804,-0.0804,-0.007555,-0.007743,0.236973,0.335975,0.238466,0.33315
2024-06-27,3444.8,3443.47,0.999615,-0.000385,-0.0385,0.022108,0.022527,0.31227,0.34719,0.316756,0.344448
2024-06-28,3373.64,3372.81,0.999754,-0.000246,-0.0246,-0.020875,-0.020735,0.334953,0.347561,0.338604,0.344984
2024-06-29,3372.97,3372.39,0.999828,-0.000172,-0.0172,-0.000198,-0.000125,0.337455,0.347756,0.341219,0.345195
2024-06-30,3432.89,3433.67,1.000228,0.000228,0.0228,0.017609,0.018009,0.337591,0.354742,0.342715,0.352507
2024-07-01,3440.34,3439.3,0.999698,-0.000302,-0.0302,0.002169,0.001639,0.288911,0.349933,0.291329,0.347866
2024-07-02,3416.35,3415.22,0.999667,-0.000333,-0.0333,-0.006997,-0.007028,0.285489,0.349697,0.288443,0.347671
2024-07-03,3292.92,3295.19,1.000691,0.000691,0.0691,-0.0368,-0.035777,0.395179,0.36863,0.392144,0.365581
2024-07-04,3054.52,3066.88,1.004046,0.004046,0.4046,-0.075151,-0.071803,0.590709,0.438249,0.569192,0.429242
2024-07-05,2981.6,2980.2,0.999532,-0.000468,-0.0468,-0.024163,-0.02867,0.592436,0.435348,0.575592,0.429801
2024-07-06,3069.38,3063.23,0.997996,-0.002004,-0.2004,0.029015,0.027478,0.676387,0.454188,0.655733,0.447544
2024-07-07,2929.39,2932.37,1.001018,0.001018,0.1018,-0.046682,-0.043659,0.655658,0.464501,0.624581,0.45443
2024-07-08,3018.73,3014.5,0.998599,-0.001401,-0.1401,0.030044,0.027624,0.744717,0.482052,0.708358,0.469935
2024-07-09,3064.03,3062.37,0.999457,-0.000543,-0.0543,0.014895,0.015755,0.781474,0.485715,0.749372,0.474404
2024-07-10,3102.22,3100.17,0.999339,-0.000661,-0.0661,0.012386,0.012267,0.780816,0.489773,0.7509,0.478544
2024-07-11,3100.33,3100.15,0.999941,-5.9e-05,-0.0059,-0.000609,-6e-06,0.543264,0.466554,0.530613,0.455615
2024-07-12,3134.16,3132.36,0.999428,-0.000572,-0.0572,0.010852,0.010338,0.497057,0.463336,0.46638,0.452434
2024-07-13,3177.2,3183.32,1.001928,0.001928,0.1928,0.013639,0.016138,0.467385,0.460715,0.442854,0.450569
2024-07-14,3244.08,3252.04,1.002455,0.002455,0.2455,0.020832,0.021357,0.179323,0.467725,0.166499,0.457925
2024-07-15,3489.55,3492.8,1.000931,0.000931,0.0931,0.072942,0.071421,0.45699,0.529371,0.442914,0.517947
2024-07-16,3443.51,3446.14,1.000762,0.000762,0.0762,-0.013281,-0.01345,0.519763,0.527867,0.509333,0.516502
2024-07-17,3388.75,3393.94,1.001531,0.001531,0.1531,-0.01603,-0.015263,0.571931,0.520193,0.560664,0.508515
2024-07-18,3426.26,3428.09,1.000533,0.000533,0.0533,0.011007,0.01001,0.561644,0.521297,0.551186,0.509344
2024-07-19,3505.73,3505.32,0.999883,-0.000117,-0.0117,0.022931,0.022281,0.563927,0.522089,0.552623,0.510214
2024-07-20,3519.3,3520.54,1.000353,0.000353,0.0353,0.003861,0.004331,0.570803,0.520109,0.559075,0.508474
2024-07-21,3536.61,3533.07,0.999001,-0.000999,-0.0999,0.004907,0.003554,0.571824,0.520364,0.560346,0.508596
2024-07-22,3440.42,3438.17,0.999346,-0.000654,-0.0654,-0.027574,-0.027228,0.335557,0.528958,0.32607,0.517218
2024-07-23,3482.0,3482.51,1.000146,0.000146,0.0146,0.012012,0.012812,0.333646,0.52484,0.326351,0.51321
2024-07-24,3336.34,3336.02,0.999903,-9.7e-05,-0.0097,-0.042731,-0.042975,0.453574,0.5417,0.450629,0.530322
2024-07-25,3174.43,3170.3,0.998701,-0.001299,-0.1299,-0.049747,-0.05095,0.54806,0.566112,0.551681,0.556608
2024-07-26,3275.95,3277.39,1.000438,0.000438,0.0438,0.031481,0.033219,0.582563,0.577754,0.595906,0.569715
2024-07-27,3247.61,3249.0,1.00043,0.00043,0.043,-0.00869,-0.008698,0.571761,0.572252,0.584691,0.563939
2024-07-28,3271.46,3271.41,0.999982,-1.8e-05,-0.0018,0.007319,0.006872,0.576214,0.568967,0.59034,0.560568
2024-07-29,3320.54,3323.61,1.000926,0.000926,0.0926,0.014889,0.015832,0.58404,0.57167,0.600105,0.563643
2024-07-30,3278.67,3276.56,0.999358,-0.000642,-0.0642,-0.01269,-0.014258,0.56709,0.569339,0.583261,0.56155
2024-07-31,3231.3,3229.97,0.999591,-0.000409,-0.0409,-0.014554,-0.01432,0.495948,0.570957,0.513364,0.563162
2024-08-01,3201.56,3201.03,0.999834,-0.000166,-0.0166,-0.009244,-0.009,0.329967,0.571254,0.344695,0.563422
2024-08-02,2986.01,2983.1,0.999025,-0.000975,-0.0975,-0.0697,-0.070511,0.519737,0.606782,0.527274,0.601262
2024-08-03,2903.39,2902.11,0.999561,-0.000439,-0.0439,-0.028062,-0.027524,0.528179,0.556731,0.534449,0.55591
2024-08-04,2686.4,2679.64,0.997484,-0.002516,-0.2516,-0.077676,-0.079757,0.643783,0.612421,0.659174,0.61261
2024-08-05,2417.21,2425.75,1.003534,0.003534,0.3534,-0.105589,-0.099542,0.735161,0.696715,0.711488,0.687314
2024-08-06,2458.72,2454.46,0.998266,-0.001734,-0.1734,0.01703,0.011767,0.839433,0.687532,0.799268,0.678023
2024-08-07,2336.59,2334.71,0.999196,-0.000804,-0.0804,-0.05095,-0.050019,0.810006,0.692356,0.766962,0.683725
2024-08-08,2683.35,2682.74,0.999772,-0.000228,-0.0228,0.138375,0.138951,1.567845,0.858896,1.549932,0.852884
2024-08-09,2599.6,2600.73,1.000437,0.000437,0.0437,-0.03171,-0.031045,1.525719,0.861802,1.505356,0.8556
2024-08-10,2610.02,2606.0,0.99846,-0.00154,-0.154,0.004002,0.002024,1.532706,0.862308,1.511,0.855804
2024-08-11,2553.25,2557.01,1.001472,0.001472,0.1472,-0.021991,-0.018979,1.444892,0.861964,1.41409,0.85496
2024-08-12,2724.43,2725.31,1.000323,0.000323,0.0323,0.064892,0.063745,1.250477,0.895184,1.243103,0.886554
2024-08-13,2703.67,2703.01,0.999755,-0.000245,-0.0245,-0.007649,-0.008217,1.263186,0.890289,1.25617,0.8814
2024-08-14,2662.91,2665.68,1.001037,0.001037,0.1037,-0.015189,-0.013908,1.175421,0.843694,1.168612,0.835945
2024-08-15,2570.09,2571.33,1.000483,0.000483,0.0483,-0.035481,-0.036035,0.652492,0.848647,0.638134,0.841151
2024-08-16,2593.19,2592.44,0.999711,-0.000289,-0.0289,0.008947,0.008176,0.620933,0.850791,0.606792,0.843192
2024-08-17,2614.55,2611.44,0.998813,-0.001187,-0.1187,0.008203,0.007304,0.623461,0.85002,0.609298,0.842477
2024-08-18,2613.36,2621.04,1.002939,0.002939,0.2939,-0.000455,0.003668,0.595498,0.842843,0.587258,0.836238
2024-08-19,2637.31,2628.58,0.996692,-0.003308,-0.3308,0.009122,0.002874,0.314703,0.844114,0.303563,0.835946
2024-08-20,2573.11,2584.79,1.004541,0.004541,0.4541,-0.024644,-0.0168,0.346863,0.844008,0.31493,0.834887
2024-08-21,2631.4,2629.52,0.999287,-0.000713,-0.0713,0.0224,0.017156,0.396057,0.849344,0.347966,0.837987
2024-08-22,2622.95,2622.92,0.999987,-1.3e-05,-0.0013,-0.003214,-0.002514,0.280241,0.846272,0.201651,0.834679
2024-08-23,2764.45,2763.93,0.999814,-0.000186,-0.0186,0.05254,0.052368,0.457879,0.864163,0.413757,0.852539
2024-08-24,2769.39,2770.49,1.000399,0.000399,0.0399,0.001786,0.002371,0.461009,0.85011,0.41662,0.837523
2024-08-25,2749.16,2747.89,0.999537,-0.000463,-0.0463,-0.007332,-0.008194,0.471438,0.840126,0.433364,0.826437
2024-08-26,2681.34,2681.52,1.000065,6.5e-05,0.0065,-0.024978,-0.02445,0.524465,0.842738,0.489514,0.828937
2024-08-27,2458.73,2458.49,0.999903,-9.7e-05,-0.0097,-0.086673,-0.086836,0.824335,0.886152,0.81413,0.87331
2024-08-28,2528.42,2529.87,1.000575,0.000575,0.0575,0.027949,0.028621,0.837044,0.891833,0.838794,0.879103
2024-08-29,2528.79,2527.11,0.999336,-0.000664,-0.0664,0.000149,-0.001089,0.838004,0.892304,0.839168,0.87933
2024-08-30,2525.82,2525.12,0.999721,-0.000279,-0.0279,-0.001175,-0.000791,0.689346,0.892411,0.69172,0.879499
2024-08-31,2513.39,2512.82,0.999771,-0.000229,-0.0229,-0.004933,-0.004883,0.682312,0.892475,0.683911,0.87957
2024-09-01,2427.9,2426.72,0.999513,-0.000487,-0.0487,-0.034606,-0.034864,0.694758,0.870085,0.69725,0.856197
2024-09-02,2538.19,2537.61,0.999773,-0.000227,-0.0227,0.044422,0.044682,0.820256,0.884508,0.824047,0.871197
2024-09-03,2420.6,2422.9,1.000947,0.000947,0.0947,-0.047433,-0.046259,0.613786,0.85893,0.612465,0.842114
2024-09-04,2448.98,2447.94,0.999578,-0.000422,-0.0422,0.011653,0.010285,0.5751,0.776935,0.569337,0.768113
2024-09-05,2367.74,2367.52,0.999907,-9.3e-05,-0.0093,-0.033736,-0.033406,0.609256,0.783439,0.603651,0.775751
2024-09-06,2223.88,2220.78,0.998606,-0.001394,-0.1394,-0.062683,-0.063985,0.711972,0.793806,0.712078,0.788242
2024-09-07,2274.11,2270.2,0.998284,-0.001716,-0.1716,0.022336,0.022013,0.767887,0.620443,0.767354,0.611368
2024-09-08,2297.29,2294.93,0.998972,-0.001028,-0.1028,0.010144,0.010833,0.763852,0.615358,0.764543,0.606835
2024-09-09,2358.48,2358.85,1.000157,0.000157,0.0157,0.026287,0.027473,0.696542,0.62391,0.699796,0.616519
2024-09-10,2389.58,2382.65,0.997099,-0.002901,-0.2901,0.0131,0.010037,0.635733,0.622739,0.640001,0.615551
2024-09-11,2339.84,2341.53,1.00072,0.00072,0.072,-0.021035,-0.01741,0.637336,0.576627,0.637869,0.569213
2024-09-12,2361.78,2360.17,0.999318,-0.000682,-0.0682,0.009333,0.007932,0.600223,0.578711,0.599916,0.57087
2024-09-13,2441.61,2442.92,1.000538,0.000538,0.0538,0.03324,0.03446,0.335701,0.591962,0.322761,0.585599
2024-09-14,2418.6,2417.15,0.999402,-0.000598,-0.0598,-0.009469,-0.010605,0.361448,0.580786,0.355448,0.574099
2024-09-15,2320.9,2319.17,0.999258,-0.000742,-0.0742,-0.041233,-0.041378,0.509785,0.595053,0.506542,0.588809
2024-09-16,2295.28,2291.13,0.99819,-0.00181,-0.181,-0.011097,-0.012167,0.468864,0.594002,0.4618,0.58814
2024-09-17,2341.71,2336.42,0.997744,-0.002256,-0.2256,0.020024,0.019577,0.486454,0.599954,0.484236,0.593468
2024-09-18,2369.73,2360.91,0.99628,-0.00372,-0.372,0.011895,0.010427,0.469562,0.600775,0.474767,0.595124
2024-09-19,2464.75,2464.1,0.999734,-0.000266,-0.0266,0.039316,0.042776,0.542949,0.613813,0.563334,0.614435
2024-09-20,2561.07,2556.1,0.998058,-0.001942,-0.1942,0.038335,0.036657,0.559439,0.624032,0.57023,0.625589
2024-09-21,2615.86,2617.14,1.000492,0.000492,0.0492,0.021166,0.023602,0.548797,0.628672,0.561349,0.631369
2024-09-22,2582.86,2580.93,0.999253,-0.000747,-0.0747,-0.012694,-0.013932,0.401971,0.600482,0.422256,0.603811
2024-09-23,2648.55,2648.27,0.999896,-0.000104,-0.0104,0.025113,0.025755,0.337271,0.607929,0.355899,0.611539
2024-09-24,2654.35,2656.96,1.000981,0.000981,0.0981,0.002191,0.003275,0.362298,0.607684,0.377806,0.611269
2024-09-25,2579.39,2577.82,0.99939,-0.00061,-0.061,-0.028649,-0.03024,0.4966,0.609627,0.517928,0.614376
2024-09-26,2632.2,2632.22,1.000006,6e-06,0.0006,0.020268,0.020884,0.449981,0.530042,0.461245,0.535479
2024-09-27,2695.9,2695.8,0.999964,-3.6e-05,-0.0036,0.023912,0.02387,0.403161,0.527762,0.422982,0.532787
2024-09-28,2677.54,2672.63,0.998167,-0.001833,-0.1833,-0.006834,-0.008633,0.395326,0.528655,0.412729,0.534007
2024-09-29,2659.35,2656.69,0.998999,-0.001001,-0.1001,-0.006818,-0.005984,0.382921,0.529435,0.39657,0.534639
2024-09-30,2603.06,2602.73,0.999871,-0.000129,-0.0129,-0.021392,-0.020519,0.37536,0.535119,0.383648,0.539816
2024-10-01,2448.92,2449.16,1.000099,9.9e-05,0.0099,-0.061041,-0.060814,0.559897,0.5645,0.56258,0.568449
2024-10-02,2365.23,2366.61,1.000582,0.000582,0.0582,-0.034772,-0.034288,0.572894,0.554059,0.571415,0.557492
2024-10-03,2349.79,2348.48,0.999443,-0.000557,-0.0557,-0.006549,-0.007688,0.509096,0.530022,0.504016,0.535016
2024-10-04,2414.79,2414.41,0.999841,-0.000159,-0.0159,0.027287,0.027686,0.525595,0.537469,0.522911,0.543035
2024-10-05,2415.63,2414.23,0.999421,-0.000579,-0.0579,0.000347,-7.4e-05,0.535455,0.523894,0.533542,0.529869
2024-10-06,2439.96,2437.52,0.999,-0.001,-0.1,0.01002,0.009599,0.563607,0.472055,0.559931,0.476354
2024-10-07,2421.8,2424.61,1.001163,0.001163,0.1163,-0.007471,-0.005308,0.558891,0.468194,0.557114,0.472219
2024-10-08,2439.84,2443.5,1.001499,0.001499,0.1499,0.007423,0.007758,0.366333,0.467702,0.364252,0.471632
2024-10-09,2368.28,2366.69,0.999329,-0.000671,-0.0671,-0.029767,-0.031937,0.338613,0.471926,0.351073,0.476887
2024-10-10,2383.86,2378.94,0.997938,-0.002062,-0.2062,0.006555,0.005162,0.335971,0.470212,0.34617,0.475912
2024-10-11,2436.51,2435.91,0.999752,-0.000248,-0.0248,0.021848,0.023664,0.312604,0.46995,0.328682,0.478614
2024-10-12,2476.52,2476.46,0.999974,-2.6e-05,-0.0026,0.016288,0.01651,0.330398,0.472059,0.34593,0.481035
2024-10-13,2467.68,2465.36,0.999063,-0.000937,-0.0937,-0.003578,-0.00449,0.328803,0.458247,0.346114,0.466516
2024-10-14,2628.9,2628.4,0.999811,-0.000189,-0.0189,0.063288,0.064036,0.539419,0.506365,0.558621,0.514707
2024-10-15,2606.02,2602.86,0.998788,-0.001212,-0.1212,-0.008741,-0.009764,0.559509,0.482962,0.579747,0.491866
2024-10-16,2611.1,2610.06,0.9996,-0.0004,-0.04,0.001947,0.00276,0.46294,0.480011,0.475351,0.488494
2024-10-17,2604.27,2601.4,0.998898,-0.001102,-0.1102,-0.002619,-0.003321,0.476391,0.477163,0.488686,0.486031
2024-10-18,2641.55,2640.74,0.999693,-0.000307,-0.0307,0.014213,0.015009,0.470562,0.477741,0.480884,0.487104
2024-10-19,2648.66,2649.08,1.000158,0.000158,0.0158,0.002686,0.003151,0.472465,0.460052,0.482149,0.466295
2024-10-20,2746.36,2743.87,0.999092,-0.000908,-0.0908,0.036225,0.035159,0.491951,0.458032,0.496331,0.464937
2024-10-21,2665.71,2666.29,1.000215,0.000215,0.0215,-0.029807,-0.028683,0.38758,0.466084,0.380406,0.47061
2024-10-22,2620.2,2618.42,0.999323,-0.000677,-0.0677,-0.017222,-0.018114,0.406248,0.467977,0.400424,0.472459
2024-10-23,2509.1,2508.86,0.999906,-9.4e-05,-0.0094,-0.043326,-0.042744,0.515224,0.48327,0.507681,0.486543
2024-10-24,2534.5,2532.32,0.99914,-0.00086,-0.086,0.010072,0.009306,0.527826,0.484869,0.519259,0.487789
2024-10-25,2435.93,2428.26,0.99685,-0.00315,-0.315,-0.039666,-0.04196,0.558,0.494057,0.555138,0.498055
2024-10-26,2479.6,2479.62,1.000007,7e-06,0.0007,0.017768,0.020931,0.591098,0.49272,0.597831,0.498082
2024-10-27,2505.94,2507.42,1.00059,0.00059,0.059,0.010566,0.011148,0.491144,0.486043,0.507116,0.491704
2024-10-28,2565.35,2565.08,0.999894,-0.000106,-0.0106,0.02343,0.022733,0.529822,0.493995,0.544166,0.498832
2024-10-29,2637.96,2634.83,0.998815,-0.001185,-0.1185,0.027911,0.026832,0.567857,0.503976,0.57674,0.508058
2024-10-30,2657.37,2656.14,0.999534,-0.000466,-0.0466,0.007333,0.008052,0.428123,0.498756,0.444399,0.503484
2024-10-31,2515.8,2514.96,0.999664,-0.000336,-0.0336,-0.054747,-0.054617,0.622593,0.489346,0.633684,0.494339
2024-11-01,2511.89,2512.1,1.000084,8.4e-05,0.0084,-0.001557,-0.001137,0.533237,0.472291,0.533785,0.477903
2024-11-02,2491.07,2489.24,0.999266,-0.000734,-0.0734,-0.008322,-0.00914,0.526646,0.472735,0.522723,0.4783
2024-11-03,2456.43,2455.12,0.999471,-0.000529,-0.0529,-0.014005,-0.0138,0.528413,0.466779,0.523004,0.472043
2024-11-04,2397.03,2395.39,0.999318,-0.000682,-0.0682,-0.024478,-0.024631,0.495692,0.47489,0.492091,0.480158
2024-11-05,2422.65,2423.9,1.000516,0.000516,0.0516,0.010633,0.011832,0.426879,0.475062,0.432522,0.480798
2024-11-06,2724.17,2721.42,0.998989,-0.001011,-0.1011,0.117301,0.115774,1.036166,0.626399,1.026596,0.627639
2024-11-07,2895.59,2895.17,0.999856,-0.000144,-0.0144,0.061024,0.061891,0.975403,0.657309,0.968669,0.659477
2024-11-08,2962.3,2959.97,0.999214,-0.000786,-0.0786,0.022778,0.022135,0.958234,0.647089,0.952046,0.647548
2024-11-09,3131.14,3131.31,1.000053,5.3e-05,0.0053,0.055434,0.056273,0.939597,0.66834,0.932864,0.66944
2024-11-10,3191.33,3189.3,0.999363,-0.000637,-0.0637,0.01904,0.018349,0.867255,0.667737,0.86135,0.668246
2024-11-11,3374.81,3374.68,0.99996,-4e-05,-0.004,0.055902,0.056499,0.695685,0.687195,0.68781,0.688176
2024-11-12,3246.26,3249.97,1.001143,0.001143,0.1143,-0.038837,-0.037655,0.917469,0.70689,0.907936,0.706632
2024-11-13,3192.6,3187.38,0.998366,-0.001634,-0.1634,-0.016668,-0.019447,0.739631,0.684466,0.749882,0.684768
2024-11-14,3058.95,3052.01,0.997732,-0.002268,-0.2268,-0.042763,-0.043398,0.790176,0.703995,0.797972,0.704542
2024-11-15,3103.04,3096.16,0.997781,-0.002219,-0.2219,0.014311,0.01436,0.78277,0.704565,0.791265,0.705176
2024-11-16,3133.27,3131.72,0.999505,-0.000495,-0.0495,0.009696,0.011422,0.670995,0.704032,0.677481,0.704679
2024-11-17,3075.66,3075.17,0.999839,-0.000161,-0.0161,-0.018558,-0.018224,0.661281,0.708582,0.668702,0.708962
2024-11-18,3207.86,3205.97,0.999413,-0.000587,-0.0587,0.042083,0.041657,0.586852,0.720143,0.589254,0.720278
2024-11-19,3111.38,3110.56,0.999736,-0.000264,-0.0264,-0.030535,-0.030212,0.562212,0.72297,0.56802,0.723466
2024-11-20,3072.19,3069.8,0.999222,-0.000778,-0.0778,-0.012678,-0.013192,0.558358,0.715269,0.560939,0.716594
2024-11-21,3361.05,3360.17,0.999737,-0.000263,-0.0263,0.089865,0.09038,0.792176,0.769387,0.793013,0.770987
2024-11-22,3331.6,3327.94,0.998902,-0.001098,-0.1098,-0.008802,-0.009638,0.808077,0.749394,0.810612,0.751802
2024-11-23,3396.22,3396.68,1.000135,0.000135,0.0135,0.019211,0.020444,0.810667,0.750167,0.813974,0.752785
2024-11-24,3363.66,3360.26,0.998989,-0.001011,-0.1011,-0.009634,-0.01078,0.792896,0.732368,0.799019,0.733414
2024-11-25,3413.54,3418.66,1.0015,0.0015,0.15,0.014721,0.017232,0.755113,0.732078,0.763797,0.732886
2024-11-26,3326.52,3325.9,0.999816,-0.000184,-0.0184,-0.025825,-0.027509,0.740787,0.743056,0.755521,0.744897
2024-11-27,3657.25,3660.12,1.000785,0.000785,0.0785,0.094785,0.095754,0.92752,0.799503,0.942388,0.802635
2024-11-28,3579.81,3580.14,1.000092,9.2e-05,0.0092,-0.021401,-0.022093,0.791466,0.805492,0.809176,0.809256
2024-11-29,3593.49,3592.69,0.999776,-0.000224,-0.0224,0.003815,0.003499,0.779346,0.805742,0.796167,0.809565
2024-11-30,3705.71,3708.57,1.000773,0.000773,0.0773,0.030749,0.031746,0.791273,0.773744,0.808466,0.778152
2024-12-01,3711.17,3710.36,0.999784,-0.000216,-0.0216,0.001472,0.000483,0.776332,0.773103,0.79263,0.777803
2024-12-02,3644.2,3637.07,0.998045,-0.001955,-0.1955,-0.018209,-0.01995,0.810264,0.777295,0.828521,0.782575
2024-12-03,3620.71,3623.76,1.000841,0.000841,0.0841,-0.006466,-0.003668,0.770221,0.774477,0.781428,0.779057
2024-12-04,3841.33,3837.7,0.999053,-0.000947,-0.0947,0.059148,0.05736,0.548616,0.778556,0.545379,0.781728
2024-12-05,3811.01,3810.38,0.999836,-0.000164,-0.0164,-0.007925,-0.007142,0.513671,0.782761,0.50655,0.785704
2024-12-06,4005.81,4006.65,1.00021,0.00021,0.021,0.049852,0.050226,0.587929,0.703239,0.582849,0.709548
2024-12-07,4002.69,4002.0,0.999827,-0.000173,-0.0173,-0.000779,-0.001161,0.582293,0.682697,0.575718,0.68852
2024-12-08,4005.7,4005.91,1.000052,5.2e-05,0.0052,0.000752,0.000977,0.583033,0.682153,0.575186,0.688088
2024-12-09,3718.69,3719.81,1.000301,0.000301,0.0301,-0.074348,-0.074099,0.838542,0.722511,0.829032,0.727108
2024-12-10,3631.83,3630.82,0.99972,-0.00028,-0.028,-0.023634,-0.024215,0.859107,0.727931,0.852355,0.732952
2024-12-11,3832.82,3828.72,0.998929,-0.001071,-0.1071,0.053864,0.053072,0.837718,0.726145,0.835277,0.729973
2024-12-12,3883.1,3881.64,0.999624,-0.000376,-0.0376,0.013033,0.013728,0.839806,0.70977,0.838518,0.714729
2024-12-13,3911.21,3904.51,0.998288,-0.001712,-0.1712,0.007211,0.005875,0.745212,0.705055,0.740906,0.70885
2024-12-14,3868.41,3861.75,0.99828,-0.00172,-0.172,-0.011003,-0.011011,0.746668,0.685403,0.742274,0.688721
2024-12-15,3951.94,3955.46,1.00089,0.00089,0.089,0.021365,0.023975,0.770571,0.686683,0.771714,0.690679
2024-12-16,3987.48,3982.92,0.998856,-0.001144,-0.1144,0.008953,0.006919,0.470801,0.686666,0.4746,0.690591
2024-12-17,3886.77,3878.92,0.997982,-0.002018,-0.2018,-0.025582,-0.026457,0.479392,0.690516,0.484538,0.69511
2024-12-18,3618.79,3620.03,1.000342,0.000342,0.0342,-0.071437,-0.069076,0.612433,0.731875,0.603631,0.733365
2024-12-19,3417.93,3419.62,1.000496,0.000496,0.0496,-0.057106,-0.056951,0.671059,0.753221,0.661777,0.754708
2024-12-20,3472.55,3466.17,0.998162,-0.001838,-0.1838,0.015856,0.013521,0.693521,0.752258,0.680664,0.753174
2024-12-21,3337.22,3333.27,0.998815,-0.001185,-0.1185,-0.039751,-0.039097,0.709304,0.700295,0.695651,0.6999
2024-12-22,3277.54,3271.85,0.998264,-0.001736,-0.1736,-0.018047,-0.018599,0.616832,0.702457,0.587669,0.702104
2024-12-23,3415.79,3409.9,0.998276,-0.001724,-0.1724,0.041316,0.041328,0.758682,0.714412,0.741306,0.713654
2024-12-24,3492.05,3490.39,0.999524,-0.000476,-0.0476,0.022081,0.023331,0.820918,0.71748,0.808049,0.717001
2024-12-25,3493.24,3492.96,0.999921,-7.9e-05,-0.0079,0.000339,0.000736,0.672524,0.715833,0.669642,0.714683
2024-12-26,3331.23,3326.85,0.998687,-0.001313,-0.1313,-0.047488,-0.048724,0.629439,0.729814,0.632494,0.728918
2024-12-27,3328.92,3326.52,0.999281,-0.000719,-0.0719,-0.000693,-9.8e-05,0.609228,0.644861,0.617095,0.641942
2024-12-28,3397.9,3397.04,0.999746,-0.000254,-0.0254,0.020511,0.020976,0.559742,0.646488,0.571103,0.643552
2024-12-29,3349.51,3353.07,1.001063,0.001063,0.1063,-0.014343,-0.013027,0.552026,0.647626,0.559762,0.644436
2024-12-30,3356.39,3355.43,0.999714,-0.000286,-0.0286,0.002052,0.000703,0.450083,0.636816,0.460904,0.632786
2024-12-31,3332.53,3333.16,1.000187,0.000187,0.0187,-0.007134,-0.006661,0.399605,0.636712,0.407195,0.632734
2025-01-01,3353.5,3351.81,0.999495,-0.000505,-0.0505,0.006274,0.005581,0.408152,0.635361,0.413941,0.630681
2025-01-02,3451.39,3445.52,0.998299,-0.001701,-0.1701,0.028772,0.027575,0.28867,0.644603,0.278023,0.639446
2025-01-03,3605.01,3602.48,0.999299,-0.000701,-0.0701,0.043547,0.044548,0.39294,0.628187,0.391791,0.625976
2025-01-04,3657.71,3656.95,0.999794,-0.000206,-0.0206,0.014512,0.015007,0.386802,0.630446,0.385217,0.628497
2025-01-05,3634.1,3634.29,1.000052,5.2e-05,0.0052,-0.006474,-0.006216,0.359214,0.602859,0.362336,0.600385
2025-01-06,3688.61,3684.19,0.998801,-0.001199,-0.1199,0.014888,0.013635,0.350195,0.606134,0.350731,0.603245
2025-01-07,3381.58,3376.74,0.998569,-0.001431,-0.1431,-0.086908,-0.08714,0.809057,0.673216,0.810368,0.670886
2025-01-08,3326.33,3323.94,0.999283,-0.000717,-0.0717,-0.016473,-0.015759,0.818515,0.627601,0.819006,0.625334
2025-01-09,3219.43,3216.93,0.999223,-0.000777,-0.0777,-0.032665,-0.032724,0.801889,0.631984,0.805797,0.629529
2025-01-10,3267.49,3267.85,1.00011,0.00011,0.011,0.014818,0.015705,0.706477,0.600884,0.70848,0.59965
2025-01-11,3282.22,3279.61,0.999206,-0.000794,-0.0794,0.004497,0.003592,0.685234,0.598335,0.68451,0.59664
2025-01-12,3265.95,3264.96,0.999697,-0.000303,-0.0303,-0.004968,-0.004477,0.686522,0.596557,0.686067,0.595222
2025-01-13,3135.5,3133.36,0.999316,-0.000684,-0.0684,-0.040762,-0.041143,0.654738,0.608602,0.65897,0.607589
2025-01-14,3223.68,3221.76,0.999405,-0.000595,-0.0595,0.027736,0.027825,0.474882,0.612732,0.477653,0.6102
2025-01-15,3450.54,3446.86,0.998934,-0.001066,-0.1066,0.068005,0.067534,0.706068,0.66428,0.705849,0.661845
2025-01-16,3308.35,3300.98,0.997774,-0.002226,-0.2226,-0.042082,-0.043244,0.739312,0.673204,0.743315,0.671276
2025-01-17,3474.11,3474.12,1.000003,3e-06,0.0003,0.048889,0.051121,0.807716,0.655171,0.818362,0.658528
2025-01-18,3305.79,3303.01,0.99916,-0.00084,-0.084,-0.049662,-0.050506,0.912928,0.647671,0.925326,0.652033
2025-01-19,3208.96,3207.25,0.999465,-0.000535,-0.0535,-0.029727,-0.029421,0.939918,0.652142,0.951495,0.657051
2025-01-20,3278.04,3269.32,0.997341,-0.002659,-0.2659,0.021296,0.019168,0.891893,0.643109,0.901,0.647667
2025-01-21,3327.41,3316.99,0.99687,-0.00313,-0.313,0.014949,0.014477,0.877911,0.642138,0.88643,0.646402
2025-01-22,3240.22,3236.26,0.998775,-0.001225,-0.1225,-0.02655,-0.024641,0.711774,0.631392,0.719772,0.634754
2025-01-23,3334.71,3333.45,0.999622,-0.000378,-0.0378,0.028744,0.029592,0.694966,0.634976,0.700921,0.638233
2025-01-24,3309.55,3304.29,0.998409,-0.001591,-0.1591,-0.007573,-0.008787,0.5667,0.635282,0.562149,0.638671
2025-01-25,3317.27,3311.8,0.99835,-0.00165,-0.165,0.002328,0.002269,0.437952,0.613583,0.427685,0.615931
2025-01-26,3236.13,3232.59,0.998904,-0.001096,-0.1096,-0.024763,-0.024207,0.418129,0.619571,0.406728,0.62162
2025-01-27,3178.92,3169.81,0.997135,-0.002865,-0.2865,-0.017838,-0.019611,0.398779,0.617293,0.398382,0.619715
2025-01-28,3077.11,3072.76,0.998584,-0.001416,-0.1416,-0.03255,-0.031097,0.406115,0.625012,0.402806,0.626814
2025-01-29,3113.0,3110.54,0.99921,-0.00079,-0.079,0.011595,0.012221,0.411616,0.626834,0.414241,0.628933
2025-01-30,3247.78,3245.32,0.999241,-0.000759,-0.0759,0.042385,0.042417,0.48614,0.645748,0.48495,0.647884
2025-01-31,3298.27,3293.48,0.998549,-0.001451,-0.1451,0.015425,0.014732,0.503268,0.647805,0.499829,0.649818
2025-02-01,3118.33,3114.4,0.998739,-0.001261,-0.1261,-0.056099,-0.055909,0.641298,0.666812,0.637918,0.669239
2025-02-02,2868.69,2848.86,0.993086,-0.006914,-0.6914,-0.083441,-0.089118,0.839349,0.700587,0.865146,0.709953
2025-02-03,2884.57,2871.39,0.995431,-0.004569,-0.4569,0.005518,0.007877,0.855096,0.697708,0.884682,0.707499
2025-02-04,2735.05,2725.47,0.996497,-0.003503,-0.3503,-0.053224,-0.052154,0.894671,0.715327,0.921553,0.723945
2025-02-05,2787.78,2783.54,0.998481,-0.001519,-0.1519,0.019095,0.021084,0.910666,0.717278,0.940748,0.72741
2025-02-06,2688.4,2681.82,0.997554,-0.002446,-0.2446,-0.036299,-0.037227,0.771668,0.668449,0.806838,0.67948
2025-02-07,2622.21,2618.87,0.998728,-0.001272,-0.1272,-0.024929,-0.023753,0.687074,0.670502,0.729154,0.681246
2025-02-08,2632.31,2631.14,0.999555,-0.000445,-0.0445,0.003843,0.004671,0.699481,0.665625,0.743156,0.676599
2025-02-09,2628.72,2628.79,1.000027,2.7e-05,0.0027,-0.001364,-0.000892,0.499011,0.661417,0.51002,0.672144
2025-02-10,2661.17,2657.65,0.998677,-0.001323,-0.1323,0.012267,0.010917,0.515913,0.663705,0.517459,0.674114
2025-02-11,2602.78,2600.19,0.999006,-0.000994,-0.0994,-0.022184,-0.021855,0.398609,0.665758,0.405107,0.676015
2025-02-12,2736.9,2737.08,1.000066,6.6e-05,0.0066,0.050246,0.051306,0.555603,0.684071,0.560343,0.694908
2025-02-13,2675.9,2673.83,0.999226,-0.000774,-0.0774,-0.02254,-0.02338,0.512062,0.67666,0.515086,0.687839
2025-02-14,2726.09,2722.61,0.998725,-0.001275,-0.1275,0.018582,0.01808,0.482162,0.628697,0.487689,0.641148
2025-02-15,2693.56,2692.26,0.999516,-0.000484,-0.0484,-0.012005,-0.011213,0.498867,0.616728,0.502687,0.628511
2025-02-16,2663.32,2661.47,0.999309,-0.000691,-0.0691,-0.011292,-0.011499,0.509533,0.583073,0.513757,0.592825
2025-02-17,2743.2,2741.67,0.999444,-0.000556,-0.0556,0.029553,0.029689,0.545047,0.578755,0.550656,0.58793
2025-02-18,2669.34,2666.79,0.999044,-0.000956,-0.0956,-0.027294,-0.027695,0.561184,0.577572,0.568935,0.587102
2025-02-19,2715.77,2716.36,1.000218,0.000218,0.0218,0.017245,0.01842,0.429483,0.575318,0.435026,0.586702
2025-02-20,2740.39,2739.57,0.999701,-0.000299,-0.0299,0.009023,0.008507,0.392551,0.572934,0.39468,0.584422
2025-02-21,2659.66,2653.44,0.997662,-0.002338,-0.2338,-0.029902,-0.031944,0.432576,0.574529,0.444222,0.58784
2025-02-22,2764.03,2757.73,0.99772,-0.00228,-0.228,0.038493,0.038551,0.517673,0.583017,0.529936,0.595566
2025-02-23,2821.31,2816.88,0.998429,-0.001571,-0.1571,0.020512,0.021222,0.512599,0.590403,0.526513,0.603151
2025-02-24,2513.82,2508.53,0.997894,-0.002106,-0.2106,-0.115397,-0.115933,0.991118,0.703229,1.000287,0.714984
2025-02-25,2493.59,2498.61,1.002011,0.002011,0.2011,-0.00808,-0.003962,0.983322,0.700999,0.993296,0.713142
2025-02-26,2331.45,2327.31,0.998225,-0.001775,-0.1775,-0.067233,-0.071019,1.030433,0.7297,1.049781,0.744979
2025-02-27,2305.48,2302.25,0.998597,-0.001403,-0.1403,-0.011201,-0.010828,1.003634,0.725306,1.024488,0.741202
2025-02-28,2237.91,2232.11,0.99741,-0.00259,-0.259,-0.029751,-0.03094,1.003587,0.724419,1.02409,0.740481
2025-03-01,2216.64,2210.44,0.9972,-0.0028,-0.28,-0.009546,-0.009757,0.870848,0.698431,0.89369,0.71498
2025-03-02,2519.69,2515.02,0.998144,-0.001856,-0.1856,0.128144,0.12909,1.429651,0.849873,1.448671,0.865774
2025-03-03,2145.57,2146.78,1.00056,0.00056,0.056,-0.160731,-0.158313,1.642697,0.989746,1.645167,0.999049
2025-03-04,2170.02,2173.55,1.001628,0.001628,0.1628,0.011327,0.012394,1.659048,0.958929,1.660395,0.963038
2025-03-05,2241.98,2241.78,0.99991,-9e-05,-0.009,0.032624,0.030907,1.642188,0.968813,1.632428,0.971437
2025-03-06,2202.48,2205.93,1.001568,0.001568,0.1568,-0.017776,-0.016119,1.64424,0.955976,1.633954,0.958992
2025-03-07,2138.99,2137.62,0.999359,-0.000641,-0.0641,-0.02925,-0.031458,1.643813,0.954098,1.634437,0.957102
2025-03-08,2201.51,2200.38,0.999487,-0.000513,-0.0513,0.028811,0.028939,1.662657,0.957529,1.653064,0.960189
2025-03-09,2015.51,2015.91,1.0002,0.0002,0.02,-0.088272,-0.087558,1.34414,0.9974,1.326723,0.999526
2025-03-10,1861.15,1870.11,1.004816,0.004816,0.4816,-0.079677,-0.075072,0.93742,1.026233,0.915537,1.024468
2025-03-11,1919.84,1916.96,0.998499,-0.001501,-0.1501,0.031049,0.024743,0.987404,1.036462,0.945723,1.031648
2025-03-12,1908.98,1905.02,0.997927,-0.002073,-0.2073,-0.005674,-0.006247,0.904376,1.033392,0.863444,1.028891
2025-03-13,1862.97,1860.69,0.998775,-0.001225,-0.1225,-0.024399,-0.023549,0.903326,1.03372,0.861374,1.029131
2025-03-14,1909.47,1910.0,1.000278,0.000278,0.0278,0.024653,0.026156,0.965669,1.018329,0.930041,1.01354
2025-03-15,1937.39,1936.83,0.99971,-0.00029,-0.029,0.01452,0.013952,0.929987,1.021701,0.8914,1.016621
2025-03-16,1887.44,1886.03,0.999253,-0.000747,-0.0747,-0.026125,-0.026583,0.732713,1.01743,0.688549,1.012609
2025-03-17,1927.0,1926.3,0.999635,-0.000365,-0.0365,0.020747,0.021129,0.451458,1.023924,0.435138,1.019283
2025-03-18,1932.54,1929.36,0.998351,-0.001649,-0.1649,0.002871,0.001585,0.394713,1.025093,0.399386,1.020249
2025-03-19,2057.75,2056.09,0.999193,-0.000807,-0.0807,0.062776,0.06362,0.587376,1.047807,0.594229,1.043759
2025-03-20,1982.1,1979.6,0.998738,-0.001262,-0.1262,-0.037456,-0.037912,0.640071,1.050565,0.651204,1.046594
2025-03-21,1964.85,1964.15,0.999643,-0.000357,-0.0357,-0.008742,-0.007836,0.635338,1.046007,0.64245,1.041637
2025-03-22,1980.04,1975.32,0.997616,-0.002384,-0.2384,0.007701,0.005671,0.630414,1.045702,0.637404,1.041022
2025-03-23,2005.3,2000.43,0.997574,-0.002426,-0.2426,0.012677,0.012635,0.5813,1.046476,0.588413,1.041294
2025-03-24,2077.48,2072.74,0.997717,-0.002283,-0.2283,0.035362,0.035505,0.608729,1.044728,0.615831,1.039581
2025-03-25,2067.76,2064.77,0.99855,-0.00145,-0.145,-0.004687,-0.003852,0.617064,1.039295,0.621824,1.033913
2025-03-26,2009.19,2000.95,0.995899,-0.004101,-0.4101,-0.028737,-0.031395,0.475463,0.970756,0.483704,0.965013
2025-03-27,2002.36,2000.28,0.998964,-0.001036,-0.1036,-0.003406,-0.000333,0.381423,0.970855,0.389901,0.965266
2025-03-28,1895.5,1895.61,1.000056,5.6e-05,0.0056,-0.054841,-0.053749,0.559885,0.962153,0.560366,0.952742
2025-03-29,1827.32,1825.38,0.998938,-0.001062,-0.1062,-0.036634,-0.037752,0.588841,0.967657,0.596289,0.95877
2025-03-30,1806.22,1803.59,0.998543,-0.001457,-0.1457,-0.011615,-0.01201,0.553304,0.96453,0.561721,0.955271
2025-03-31,1823.48,1824.07,1.000326,0.000326,0.0326,0.009511,0.011295,0.427543,0.966221,0.444883,0.957356
2025-04-01,1905.49,1904.23,0.999337,-0.000663,-0.0663,0.043993,0.043005,0.62365,0.857036,0.62811,0.844442
2025-04-02,1795.31,1796.47,1.000646,0.000646,0.0646,-0.05956,-0.058252,0.708847,0.688061,0.704936,0.677865
2025-04-03,1815.64,1812.05,0.998023,-0.001977,-0.1977,0.011257,0.008632,0.732314,0.688038,0.719417,0.676711
2025-04-04,1815.34,1812.74,0.998568,-0.001432,-0.1432,-0.000166,0.00038,0.64836,0.674273,0.639798,0.663977
2025-04-05,1805.97,1803.59,0.998683,-0.001317,-0.1317,-0.00517,-0.005055,0.596143,0.673179,0.583361,0.663203
2025-04-06,1576.73,1569.91,0.995674,-0.004326,-0.4326,-0.135748,-0.138765,1.144081,0.807365,1.156223,0.804226
2025-04-07,1555.24,1556.98,1.001119,0.001119,0.1119,-0.013721,-0.008268,1.120406,0.795059,1.132582,0.791759
2025-04-08,1472.55,1470.47,0.998588,-0.001412,-0.1412,-0.054633,-0.057164,0.98074,0.7622,1.003086,0.761546
2025-04-09,1668.04,1662.42,0.99663,-0.00337,-0.337,0.124652,0.122689,1.490506,0.856101,1.497956,0.856981
2025-04-10,1522.52,1522.01,0.999663,-0.000337,-0.0337,-0.091283,-0.088245,1.580626,0.898959,1.581428,0.899002
2025-04-11,1567.15,1565.58,0.999001,-0.000999,-0.0999,0.028892,0.028231,1.621958,0.907994,1.620828,0.9077
2025-04-12,1643.53,1643.86,1.000201,0.000201,0.0201,0.047587,0.048787,1.696319,0.924774,1.697734,0.925534
2025-04-13,1596.69,1595.58,0.999309,-0.000691,-0.0691,-0.028915,-0.029807,1.372292,0.922629,1.355507,0.923067
2025-04-14,1622.77,1623.91,1.000704,0.000704,0.0704,0.016204,0.017599,1.368715,0.923118,1.356088,0.924146
2025-04-15,1588.63,1590.44,1.001136,0.001136,0.1136,-0.021261,-0.02083,1.298066,0.921932,1.276138,0.92274
2025-04-16,1578.11,1576.08,0.998714,-0.001286,-0.1286,-0.006649,-0.009071,0.875083,0.916963,0.864038,0.917695
2025-04-17,1582.55,1581.05,0.999055,-0.000945,-0.0945,0.002811,0.003153,0.522541,0.916955,0.534395,0.917889
2025-04-18,1588.92,1587.81,0.9993,-0.0007,-0.07,0.004021,0.004266,0.484347,0.88324,0.499066,0.88341
2025-04-19,1612.92,1615.18,1.001402,0.001402,0.1402,0.01499,0.017092,0.330284,0.880629,0.347967,0.881283
2025-04-20,1587.51,1584.56,0.998138,-0.001862,-0.1862,-0.015879,-0.019144,0.276306,0.881171,0.302659,0.882335
2025-04-21,1579.73,1577.41,0.998528,-0.001472,-0.1472,-0.004913,-0.004522,0.236326,0.8796,0.259009,0.881185
2025-04-22,1757.33,1756.03,0.999262,-0.000738,-0.0738,0.10654,0.107275,0.797882,0.963654,0.814144,0.966139
2025-04-23,1796.1,1798.91,1.001565,0.001565,0.1565,0.021823,0.024125,0.778402,0.957762,0.791521,0.961033
2025-04-24,1769.83,1766.57,0.998155,-0.001845,-0.1845,-0.014736,-0.018145,0.809584,0.958381,0.83123,0.962162
2025-04-25,1786.63,1785.71,0.999483,-0.000517,-0.0517,0.009449,0.010778,0.805646,0.955823,0.82703,0.958951
2025-04-26,1821.88,1820.15,0.999051,-0.000949,-0.0949,0.019536,0.019104,0.805709,0.95932,0.827204,0.962224
2025-04-27,1792.86,1791.99,0.99951,-0.00049,-0.049,-0.016055,-0.015595,0.806153,0.942406,0.8181,0.946037
2025-04-28,1798.85,1798.05,0.999556,-0.000444,-0.0444,0.003334,0.003379,0.794395,0.934117,0.807032,0.937242
2025-04-29,1799.18,1793.55,0.996871,-0.003129,-0.3129,0.00018,-0.002509,0.287012,0.93326,0.310957,0.936359
2025-04-30,1793.78,1792.5,0.999288,-0.000712,-0.0712,-0.003006,-0.000585,0.242386,0.932653,0.255108,0.935442
2025-05-01,1839.22,1838.02,0.999349,-0.000651,-0.0651,0.02502,0.025082,0.266053,0.923552,0.264133,0.926982
2025-05-02,1842.71,1840.49,0.998797,-0.001203,-0.1203,0.001894,0.00134,0.264811,0.899214,0.2618,0.903819
2025-05-03,1833.84,1833.36,0.999736,-0.000264,-0.0264,-0.004824,-0.003884,0.237173,0.898625,0.233957,0.903509
2025-05-04,1808.59,1807.31,0.999292,-0.000708,-0.0708,-0.013862,-0.014306,0.227968,0.89999,0.228506,0.904962
2025-05-05,1819.7,1818.18,0.999167,-0.000833,-0.0833,0.00612,0.005995,0.230394,0.900054,0.230781,0.905022
2025-05-06,1815.09,1815.16,1.000041,4.1e-05,0.0041,-0.002537,-0.001663,0.232273,0.754954,0.229945,0.75361
2025-05-07,1811.61,1815.11,1.001932,0.001932,0.1932,-0.00192,-3e-05,0.23119,0.752449,0.229643,0.752354
2025-05-08,2206.51,2204.31,0.998999,-0.001001,-0.1001,0.1972,0.194268,1.446999,0.979395,1.422925,0.970067
2025-05-09,2345.51,2343.03,0.998942,-0.001058,-0.1058,0.061088,0.061031,1.450112,0.911314,1.425377,0.904325
2025-05-10,2582.42,2585.21,1.00108,0.00108,0.108,0.096226,0.098364,1.46704,0.879647,1.448962,0.879334
2025-05-11,2510.24,2506.3,0.998432,-0.001568,-0.1568,-0.02835,-0.031,1.507909,0.892968,1.497595,0.894511
2025-05-12,2496.4,2490.21,0.997523,-0.002477,-0.2477,-0.005529,-0.006439,1.529238,0.888306,1.520673,0.889517
2025-05-13,2680.13,2680.33,1.000075,7.5e-05,0.0075,0.071016,0.073571,1.481133,0.895992,1.476845,0.898707
2025-05-14,2610.06,2607.8,0.999133,-0.000867,-0.0867,-0.026491,-0.027433,1.548359,0.908911,1.551118,0.912138
2025-05-15,2546.86,2538.44,0.996694,-0.003306,-0.3306,-0.024514,-0.026959,1.023856,0.910652,1.059398,0.915479
2025-05-16,2536.3,2542.06,1.002274,0.002274,0.2274,-0.004155,0.001428,0.973648,0.909922,1.005583,0.912649
2025-05-17,2475.75,2472.54,0.998703,-0.001297,-0.1297,-0.02416,-0.027729,0.676684,0.919585,0.714069,0.924374
2025-05-18,2498.23,2489.89,0.996661,-0.003339,-0.3339,0.009039,0.006992,0.655164,0.919004,0.686506,0.924028
2025-05-19,2529.17,2526.51,0.99895,-0.00105,-0.105,0.012306,0.014601,0.659784,0.919055,0.693031,0.923998
2025-05-20,2524.17,2518.09,0.997591,-0.002409,-0.2409,-0.001976,-0.003338,0.314631,0.914445,0.34588,0.918293
2025-05-21,2552.35,2551.17,0.999538,-0.000462,-0.0462,0.0111,0.01305,0.301144,0.911656,0.337495,0.915526
2025-05-22,2664.16,2657.7,0.997575,-0.002425,-0.2425,0.042874,0.040909,0.390741,0.857508,0.396696,0.859846
2025-05-23,2526.44,2517.81,0.996583,-0.003417,-0.3417,-0.053076,-0.054071,0.583512,0.888019,0.593818,0.890748
2025-05-24,2530.65,2527.82,0.998884,-0.001116,-0.1116,0.001663,0.003969,0.548724,0.883782,0.550774,0.884897
2025-05-25,2551.76,2549.34,0.999051,-0.000949,-0.0949,0.00831,0.008477,0.548272,0.883831,0.551507,0.884972
2025-05-26,2564.14,2558.3,0.997725,-0.002275,-0.2275,0.004838,0.00351,0.543213,0.883716,0.543526,0.885039
2025-05-27,2663.07,2662.62,0.999831,-0.000169,-0.0169,0.037857,0.039966,0.59894,0.882649,0.605146,0.884969
2025-05-28,2682.21,2675.78,0.997602,-0.002398,-0.2398,0.007163,0.00493,0.598236,0.882212,0.603841,0.884769
2025-05-29,2632.65,2628.46,0.998407,-0.001593,-0.1593,-0.018649,-0.017842,0.536092,0.888165,0.548531,0.889809
2025-05-30,2529.94,2526.23,0.998532,-0.001468,-0.1468,-0.039796,-0.039671,0.462148,0.90545,0.468758,0.907445
2025-05-31,2529.09,2528.21,0.999651,-0.000349,-0.0349,-0.000338,0.000782,0.461988,0.904992,0.467878,0.906805
2025-06-01,2536.27,2533.27,0.998817,-0.001183,-0.1183,0.002835,0.002,0.457604,0.904883,0.46307,0.906723
2025-06-02,2607.1,2607.92,1.000317,0.000317,0.0317,0.027544,0.029045,0.502051,0.904961,0.512,0.907355
2025-06-03,2593.28,2590.12,0.998783,-0.001217,-0.1217,-0.005314,-0.006848,0.403559,0.902406,0.405479,0.905029
2025-06-04,2608.64,2608.59,0.999979,-2.1e-05,-0.0021,0.005907,0.007103,0.401581,0.902424,0.408663,0.904945
2025-06-05,2416.29,2418.3,1.000834,0.000834,0.0834,-0.076599,-0.075744,0.663208,0.953004,0.664772,0.954587
2025-06-06,2477.19,2477.13,0.999973,-2.7e-05,-0.0027,0.024895,0.024035,0.664278,0.953537,0.662065,0.955234
2025-06-07,2526.51,2521.42,0.997987,-0.002013,-0.2013,0.01971,0.017722,0.684647,0.676798,0.678736,0.688771
2025-06-08,2510.79,2508.54,0.999105,-0.000895,-0.0895,-0.006241,-0.00512,0.685379,0.646008,0.679162,0.658391
2025-06-09,2681.52,2678.25,0.998781,-0.001219,-0.1219,0.065786,0.065462,0.825149,0.597166,0.815665,0.60586
2025-06-10,2813.52,2807.72,0.997939,-0.002061,-0.2061,0.048053,0.047209,0.876792,0.608843,0.864662,0.614927
2025-06-11,2773.53,2775.15,1.000584,0.000584,0.0584,-0.014315,-0.011668,0.896774,0.611304,0.88097,0.61629
2025-06-12,2651.8,2650.5,0.99951,-0.00049,-0.049,-0.044884,-0.045958,0.726152,0.583245,0.718209,0.585784
2025-06-13,2579.49,2577.37,0.99918,-0.00082,-0.082,-0.027647,-0.027977,0.77268,0.58391,0.766597,0.586103
2025-06-14,2533.44,2528.37,0.997999,-0.002001,-0.2001,-0.018011,-0.019193,0.779293,0.580962,0.77755,0.582286
2025-06-15,2546.84,2547.05,1.000085,8.5e-05,0.0085,0.005273,0.00736,0.777766,0.58108,0.777389,0.582853
2025-06-16,2540.6,2547.37,1.002663,0.002663,0.2663,-0.00245,0.000125,0.564313,0.574551,0.569081,0.574168
2025-06-17,2510.76,2510.62,0.999943,-5.7e-05,-0.0057,-0.011816,-0.014533,0.314888,0.57542,0.337977,0.576243
2025-06-18,2524.3,2531.95,1.003029,0.003029,0.3029,0.005378,0.00846,0.352204,0.574086,0.381979,0.574718
2025-06-19,2521.65,2531.07,1.003733,0.003733,0.3733,-0.00105,-0.000348,0.237907,0.574057,0.268436,0.574589
2025-06-20,2407.3,2405.78,0.999368,-0.000632,-0.0632,-0.046407,-0.050766,0.348781,0.594694,0.398051,0.599177
2025-06-21,2300.5,2284.4,0.993003,-0.006997,-0.6997,-0.045383,-0.051772,0.433394,0.590633,0.500852,0.602925
2025-06-22,2228.21,2227.04,0.999474,-0.000526,-0.0526,-0.031925,-0.025429,0.416839,0.573268,0.468744,0.581509
2025-06-23,2421.82,2415.7,0.997472,-0.002528,-0.2528,0.083321,0.081316,0.855006,0.649453,0.868417,0.653171
2025-06-24,2448.01,2445.1,0.998813,-0.001187,-0.1187,0.010754,0.012097,0.862515,0.649972,0.876701,0.653989
2025-06-25,2419.31,2417.14,0.999103,-0.000897,-0.0897,-0.011792,-0.011503,0.860533,0.650556,0.871586,0.654669
2025-06-26,2416.15,2426.76,1.004392,0.004392,0.4392,-0.001308,0.003971,0.860443,0.634549,0.874034,0.637518
2025-06-27,2423.87,2420.67,0.998681,-0.001319,-0.1319,0.00319,-0.002512,0.790844,0.63388,0.789052,0.636867
2025-06-28,2437.11,2435.59,0.999375,-0.000625,-0.0625,0.005448,0.006143,0.688066,0.632143,0.653059,0.635486
2025-06-29,2500.96,2504.07,1.001244,0.001244,0.1244,0.025862,0.02773,0.604286,0.624927,0.591741,0.629379
2025-06-30,2486.46,2485.66,0.999676,-0.000324,-0.0324,-0.005813,-0.00738,0.23396,0.625213,0.252192,0.629847
2025-07-01,2405.79,2404.55,0.999485,-0.000515,-0.0515,-0.032982,-0.033173,0.34246,0.635164,0.355379,0.639912
2025-07-02,2571.34,2581.28,1.003866,0.003866,0.3866,0.066546,0.070919,0.590393,0.67135,0.623799,0.680638
2025-07-03,2591.01,2589.61,0.999461,-0.000539,-0.0539,0.007621,0.003224,0.584672,0.671689,0.624217,0.680333
2025-07-04,2508.52,2507.15,0.999455,-0.000545,-0.0545,-0.032354,-0.032361,0.661129,0.680632,0.692044,0.689013
2025-07-05,2517.28,2515.63,0.999346,-0.000654,-0.0654,0.003487,0.003378,0.661182,0.624103,0.692058,0.63457
2025-07-06,2571.24,2571.46,1.000087,8.7e-05,0.0087,0.021208,0.02195,0.65289,0.622484,0.681492,0.633672
2025-07-07,2543.01,2541.82,0.999531,-0.000469,-0.0469,-0.011037,-0.011593,0.658711,0.620237,0.686356,0.632327
2025-07-08,2615.51,2614.65,0.999673,-0.000327,-0.0327,0.028108,0.02825,0.599562,0.627268,0.629325,0.639421
2025-07-09,2770.78,2770.98,1.000073,7.3e-05,0.0073,0.05767,0.058071,0.55192,0.617337,0.55902,0.630557
2025-07-10,2954.85,2952.7,0.999275,-0.000725,-0.0725,0.064318,0.06352,0.671706,0.635257,0.671866,0.647886
2025-07-11,2957.89,2956.97,0.99969,-0.00031,-0.031,0.001029,0.001443,0.549222,0.632658,0.548451,0.646098
2025-07-12,2942.91,2938.33,0.998443,-0.001557,-0.1557,-0.005075,-0.006324,0.571277,0.610254,0.57406,0.623373
2025-07-13,2973.36,2970.4,0.999006,-0.000994,-0.0994,0.010293,0.010857,0.577965,0.60017,0.579899,0.613379
2025-07-14,3013.35,3011.77,0.999475,-0.000525,-0.0525,0.01336,0.01383,0.520289,0.595159,0.519995,0.607959
2025-07-15,3139.89,3132.52,0.997652,-0.002348,-0.2348,0.041135,0.039309,0.534486,0.607784,0.531201,0.619082
2025-07-16,3371.51,3364.08,0.997797,-0.002203,-0.2203,0.071172,0.071317,0.589096,0.646433,0.585926,0.65787
2025-07-17,3476.78,3470.67,0.99824,-0.00176,-0.176,0.030748,0.031193,0.507538,0.645873,0.506898,0.656379
2025-07-18,3549.02,3538.48,0.99703,-0.00297,-0.297,0.020563,0.01935,0.474035,0.646425,0.475926,0.656991
2025-07-19,3595.27,3581.35,0.996126,-0.003874,-0.3874,0.01295,0.012042,0.41646,0.644886,0.415515,0.65568
2025-07-20,3759.47,3752.29,0.998091,-0.001909,-0.1909,0.044658,0.046629,0.398073,0.619104,0.404457,0.626498
2025-07-21,3763.37,3751.34,0.996803,-0.003197,-0.3197,0.001037,-0.000254,0.443392,0.582335,0.455447,0.581754
2025-07-22,3749.15,3732.64,0.995596,-0.004404,-0.4404,-0.003787,-0.004998,0.500536,0.560816,0.516716,0.567393
2025-07-23,3629.7,3619.97,0.997319,-0.002681,-0.2681,-0.032377,-0.030648,0.481817,0.534066,0.48478,0.542026
2025-07-24,3708.01,3697.72,0.997227,-0.002773,-0.2773,0.021343,0.021251,0.46221,0.534661,0.463793,0.542672
2025-07-25,3727.27,3720.1,0.998077,-0.001923,-0.1923,0.005181,0.006032,0.452446,0.527651,0.455706,0.53579
2025-07-26,3741.4,3738.18,0.999139,-0.000861,-0.0861,0.003784,0.004848,0.449948,0.526038,0.453966,0.535584
2025-07-27,3875.25,3867.65,0.99804,-0.00196,-0.196,0.03515,0.03405,0.402605,0.529135,0.39031,0.536235
2025-07-28,3787.43,3784.24,0.999158,-0.000842,-0.0842,-0.022923,-0.021803,0.449035,0.545029,0.434238,0.551106
2025-07-29,3793.45,3785.25,0.997838,-0.002162,-0.2162,0.001591,0.000269,0.447289,0.545346,0.431285,0.551251
2025-07-30,3808.2,3797.89,0.997292,-0.002708,-0.2708,0.00388,0.003332,0.344071,0.541977,0.333525,0.547329
2025-07-31,3696.71,3693.86,0.99923,-0.00077,-0.077,-0.029714,-0.027773,0.40538,0.538504,0.38818,0.541751
2025-08-01,3488.37,3482.39,0.998288,-0.001712,-0.1712,-0.058009,-0.058952,0.573895,0.561239,0.567455,0.560035
2025-08-02,3392.74,3398.64,1.001737,0.001737,0.1737,-0.027795,-0.024346,0.574856,0.576645,0.561892,0.572343
2025-08-03,3497.38,3500.98,1.00103,0.00103,0.103,0.030376,0.029669,0.550554,0.561352,0.539748,0.556517
2025-08-04,3718.99,3709.05,0.997329,-0.002671,-0.2671,0.061437,0.057733,0.767689,0.587284,0.740196,0.578835
2025-08-05,3611.9,3607.17,0.998691,-0.001309,-0.1309,-0.029217,-0.027852,0.789373,0.604509,0.760524,0.594923
2025-08-06,3683.92,3674.53,0.997451,-0.002549,-0.2549,0.019744,0.018501,0.810705,0.599691,0.780545,0.589597
2025-08-07,3914.33,3898.08,0.99585,-0.00415,-0.415,0.060666,0.059059,0.899193,0.620836,0.871105,0.609553
2025-08-08,4009.85,4007.38,0.999384,-0.000616,-0.0616,0.02411,0.027653,0.706368,0.601477,0.669135,0.590373
2025-08-09,4263.6,4259.18,0.998963,-0.001037,-0.1037,0.06136,0.060939,0.629309,0.598339,0.605174,0.587617
2025-08-10,4254.22,4245.06,0.997848,-0.002152,-0.2152,-0.002203,-0.00332,0.678487,0.599205,0.658265,0.588949
2025-08-11,4226.97,4223.89,0.999271,-0.000729,-0.0729,-0.006426,-0.005001,0.651369,0.599711,0.638748,0.588447
2025-08-12,4590.92,4581.65,0.99798,-0.00202,-0.202,0.082597,0.081304,0.655663,0.648094,0.642486,0.635965
2025-08-13,4756.28,4757.77,1.000313,0.000313,0.0313,0.035383,0.037718,0.64422,0.652155,0.628831,0.641112
2025-08-14,4548.17,4548.44,1.000061,6.1e-05,0.0061,-0.044741,-0.044993,0.827296,0.677493,0.82434,0.668145
2025-08-15,4439.99,4425.99,0.996846,-0.003154,-0.3154,-0.024072,-0.027292,0.888718,0.654478,0.894121,0.646959
2025-08-16,4426.18,4416.23,0.997751,-0.002249,-0.2249,-0.003115,-0.002207,0.799645,0.65108,0.80513,0.643111
2025-08-17,4473.27,4474.14,1.000193,0.000193,0.0193,0.010583,0.013028,0.79763,0.649595,0.803292,0.642088
2025-08-18,4312.5,4307.25,0.998782,-0.001218,-0.1218,-0.036601,-0.038013,0.856514,0.66732,0.867378,0.661393
2025-08-19,4073.46,4062.9,0.997405,-0.002595,-0.2595,-0.057025,-0.058405,0.628986,0.687259,0.659967,0.681649
2025-08-20,4334.5,4324.06,0.997591,-0.002409,-0.2409,0.062113,0.062298,0.776854,0.71777,0.794478,0.712515
2025-08-21,4223.21,4208.24,0.996455,-0.003545,-0.3545,-0.026011,-0.02715,0.741666,0.725228,0.761423,0.720469
2025-08-22,4831.35,4815.05,0.996626,-0.003374,-0.3374,0.13453,0.134702,1.26552,0.843913,1.276353,0.841139
2025-08-23,4776.09,4761.59,0.996964,-0.003036,-0.3036,-0.011503,-0.011164,1.27307,0.845902,1.284049,0.843041
2025-08-24,4779.65,4774.68,0.998961,-0.001039,-0.1039,0.000745,0.002745,1.275185,0.846259,1.285089,0.843236
2025-08-25,4372.99,4370.86,0.999513,-0.000487,-0.0487,-0.08892,-0.088368,1.435985,0.911718,1.43995,0.908246
2025-08-26,4600.43,4592.47,0.99827,-0.00173,-0.173,0.050703,0.049458,1.376112,0.919727,1.373376,0.915961
2025-08-27,4503.39,4499.63,0.999164,-0.000836,-0.0836,-0.021318,-0.020423,1.342594,0.919115,1.338703,0.915451
2025-08-28,4507.18,4495.4,0.997388,-0.002612,-0.2612,0.00084,-0.000939,1.318082,0.919161,1.312721,0.915552
2025-08-29,4360.15,4351.37,0.997985,-0.002015,-0.2015,-0.033164,-0.032566,0.805326,0.929136,0.79544,0.925247
2025-08-30,4374.15,4361.48,0.997104,-0.002896,-0.2896,0.003206,0.002322,0.81577,0.920933,0.804752,0.917947
2025-08-31,4390.02,4378.07,0.997278,-0.002722,-0.2722,0.003621,0.003795,0.818882,0.891983,0.806,0.88807
2025-09-01,4314.47,4298.48,0.996294,-0.003706,-0.3706,-0.017359,-0.018346,0.518807,0.887493,0.507938,0.885594
2025-09-02,4325.37,4315.27,0.997665,-0.002335,-0.2335,0.002522,0.003898,0.285841,0.883969,0.280822,0.88215
2025-09-03,4450.39,4446.05,0.999026,-0.000974,-0.0974,0.028495,0.029858,0.367787,0.865755,0.374376,0.867193
2025-09-04,4298.74,4300.89,1.000499,0.000499,0.0499,-0.034669,-0.033195,0.435977,0.868749,0.43747,0.870017
2025-09-05,4306.99,4297.46,0.997788,-0.002212,-0.2212,0.001916,-0.000797,0.376253,0.867373,0.377568,0.869092
2025-09-06,4274.24,4273.08,0.999729,-0.000271,-0.0271,-0.007632,-0.005689,0.375704,0.844834,0.376702,0.847689
2025-09-07,4305.35,4309.98,1.001077,0.001077,0.1077,0.007251,0.008599,0.380654,0.841555,0.383451,0.843326
2025-09-08,4308.07,4300.71,0.998292,-0.001708,-0.1708,0.000633,-0.002153,0.360372,0.814192,0.35913,0.816518
2025-09-09,4309.04,4304.94,0.999049,-0.000951,-0.0951,0.000225,0.000983,0.359693,0.81414,0.357856,0.816414
2025-09-10,4349.15,4339.09,0.997688,-0.002312,-0.2312,0.009264,0.007902,0.284127,0.814318,0.269304,0.816567
2025-09-11,4461.23,4455.15,0.998637,-0.001363,-0.1363,0.025446,0.026396,0.199096,0.765109,0.205521,0.769628
2025-09-12,4715.25,4699.19,0.996594,-0.003406,-0.3406,0.055376,0.053328,0.408226,0.780092,0.395717,0.781331
2025-09-13,4668.18,4654.84,0.997143,-0.002857,-0.2857,-0.010032,-0.009481,0.415878,0.764436,0.407255,0.765487
2025-09-14,4609.6,4615.09,1.001192,0.001192,0.1192,-0.012629,-0.008577,0.454407,0.76077,0.43453,0.759613
2025-09-15,4526.82,4520.46,0.998596,-0.001404,-0.1404,-0.018121,-0.020717,0.495618,0.763649,0.483444,0.763452
2025-09-16,4503.56,4501.65,0.999574,-0.000426,-0.0426,-0.005151,-0.004171,0.501622,0.763071,0.488826,0.762334
2025-09-17,4592.73,4587.33,0.998823,-0.001177,-0.1177,0.019606,0.018855,0.510805,0.754062,0.497224,0.752192
2025-09-18,4589.92,4588.44,0.999678,-0.000322,-0.0322,-0.000613,0.000243,0.490242,0.723444,0.47349,0.719942
2025-09-19,4470.92,4464.83,0.998639,-0.001361,-0.1361,-0.026269,-0.027309,0.279635,0.699338,0.28525,0.696156
2025-09-20,4482.27,4477.4,0.998914,-0.001086,-0.1086,0.002535,0.002811,0.2876,0.692499,0.293253,0.688675
2025-09-21,4451.33,4448.9,0.999454,-0.000546,-0.0546,-0.006926,-0.006386,0.282269,0.50104,0.292303,0.495383
2025-09-22,4202.88,4198.49,0.998957,-0.001043,-0.1043,-0.057433,-0.05793,0.472293,0.535583,0.477207,0.531086
2025-09-23,4165.5,4164.13,0.99967,-0.00033,-0.033,-0.008932,-0.008218,0.470421,0.535509,0.474802,0.530659
2025-09-24,4153.47,4149.21,0.998974,-0.001026,-0.1026,-0.002893,-0.00359,0.404359,0.440659,0.412082,0.436113
2025-09-25,3868.33,3862.44,0.998477,-0.001523,-0.1523,-0.07112,-0.071618,0.552069,0.462596,0.558192,0.461007
2025-09-26,4035.89,4029.68,0.998461,-0.001539,-0.1539,0.042402,0.042387,0.731671,0.488332,0.736165,0.487195
2025-09-27,4018.66,4018.97,1.000077,7.7e-05,0.0077,-0.004278,-0.002661,0.72356,0.488066,0.729298,0.48711
2025-09-28,4141.48,4138.22,0.999213,-0.000787,-0.0787,0.030104,0.02924,0.796308,0.490085,0.798287,0.48877
2025-09-29,4217.34,4218.11,1.000182,0.000182,0.0182,0.018153,0.019123,0.706134,0.494725,0.707609,0.493984
2025-09-30,4145.96,4141.19,0.99885,-0.00115,-0.115,-0.017071,-0.018405,0.71513,0.497435,0.719118,0.497266
2025-10-01,4351.11,4339.11,0.997243,-0.002757,-0.2757,0.048298,0.046687,0.796378,0.523786,0.794862,0.521279
2025-10-02,4487.92,4479.77,0.998183,-0.001817,-0.1817,0.030959,0.031901,0.460205,0.534597,0.456113,0.532729
2025-10-03,4514.87,4514.73,0.99997,-3e-05,-0.003,0.005986,0.007775,0.432554,0.525841,0.425687,0.523287
2025-10-04,4489.2,4485.75,0.999232,-0.000768,-0.0768,-0.005703,-0.00644,0.436722,0.510969,0.436628,0.509743
2025-10-05,4515.42,4513.15,0.999497,-0.000503,-0.0503,0.005825,0.00609,0.423394,0.511196,0.424788,0.509935
2025-10-06,4687.77,4687.06,0.999848,-0.000152,-0.0152,0.037458,0.03781,0.46079,0.524983,0.462559,0.524441
2025-10-07,4451.15,4448.98,0.999511,-0.000489,-0.0489,-0.051794,-0.052131,0.641202,0.558411,0.640775,0.558102
2025-10-08,4527.65,4527.65,1.000001,1e-06,0.0001,0.01704,0.017529,0.563025,0.56116,0.57064,0.560892
2025-10-09,4369.14,4368.12,0.999766,-0.000234,-0.0234,-0.035636,-0.035871,0.586035,0.576055,0.593448,0.576023
2025-10-10,3843.01,3845.24,1.000581,0.000581,0.0581,-0.128311,-0.127496,1.059931,0.729133,1.057831,0.727718
2025-10-11,3750.61,3746.8,0.998984,-0.001016,-0.1016,-0.024337,-0.025934,1.049907,0.724384,1.048671,0.723059
2025-10-12,4164.43,4156.66,0.998134,-0.001866,-0.1866,0.10466,0.103809,1.410848,0.793825,1.405614,0.793043
2025-10-13,4245.47,4244.81,0.999845,-0.000155,-0.0155,0.019273,0.020986,1.378144,0.79766,1.374429,0.797544
2025-10-14,4125.41,4125.45,1.00001,1e-05,0.001,-0.028686,-0.028521,1.349558,0.802013,1.345006,0.802296
2025-10-15,3987.46,3983.19,0.998929,-0.001071,-0.1071,-0.034012,-0.035093,1.33564,0.807506,1.331221,0.807674
2025-10-16,3894.75,3887.35,0.998099,-0.001901,-0.1901,-0.023524,-0.024355,1.32884,0.810308,1.324556,0.810722
2025-10-17,3832.56,3829.77,0.999271,-0.000729,-0.0729,-0.016098,-0.014924,0.945923,0.80631,0.947183,0.806822
2025-10-18,3890.35,3886.2,0.998934,-0.001066,-0.1066,0.014965,0.014628,0.927794,0.809453,0.926177,0.809782
2025-10-19,3984.65,3978.46,0.998447,-0.001553,-0.1553,0.023951,0.023463,0.473343,0.812194,0.480265,0.811963
2025-10-20,3980.76,3978.49,0.99943,-0.00057,-0.057,-0.000977,8e-06,0.427106,0.811939,0.429023,0.811732
2025-10-21,3876.76,3881.9,1.001325,0.001325,0.1325,-0.026472,-0.024578,0.421218,0.815693,0.41908,0.814897
2025-10-22,3808.12,3798.27,0.997414,-0.002586,-0.2586,-0.017865,-0.021779,0.376363,0.79485,0.376969,0.794592
2025-10-23,3856.03,3857.28,1.000325,0.000325,0.0325,0.012501,0.015416,0.367462,0.796449,0.373618,0.797038
2025-10-24,3934.57,3933.27,0.99967,-0.00033,-0.033,0.020164,0.019509,0.37265,0.800383,0.378864,0.800723
2025-10-25,3953.47,3953.91,1.000112,0.000112,0.0112,0.004793,0.005235,0.361091,0.760442,0.368476,0.760206
2025-10-26,4157.99,4159.73,1.00042,0.00042,0.042,0.050438,0.050745,0.486559,0.766477,0.494242,0.766497
2025-10-27,4120.12,4121.07,1.000229,0.000229,0.0229,-0.009149,-0.009339,0.497234,0.767087,0.506024,0.767259
2025-10-28,3982.26,3982.15,0.999971,-2.9e-05,-0.0029,-0.034033,-0.034291,0.528295,0.768901,0.54403,0.769655
2025-10-29,3903.35,3899.6,0.999038,-0.000962,-0.0962,-0.020014,-0.020947,0.533865,0.768269,0.541695,0.768975
2025-10-30,3804.38,3803.05,0.999651,-0.000349,-0.0349,-0.025684,-0.025071,0.565116,0.770897,0.567007,0.771046
2025-10-31,3847.08,3847.11,1.000008,8e-06,0.0008,0.011163,0.01152,0.547165,0.750488,0.551267,0.752141
2025-11-01,3874.19,3871.61,0.999334,-0.000666,-0.0666,0.007022,0.006347,0.549381,0.740997,0.552356,0.741997
2025-11-02,3911.06,3911.78,1.000183,0.000183,0.0183,0.009473,0.010322,0.351445,0.741742,0.354892,0.742596
2025-11-03,3602.31,3603.64,1.00037,0.00037,0.037,-0.082234,-0.082047,0.636881,0.789436,0.637611,0.790039
2025-11-04,3292.57,3286.01,0.998007,-0.001993,-0.1993,-0.089905,-0.09227,0.818114,0.838445,0.829771,0.841856
2025-11-05,3425.17,3423.48,0.999507,-0.000493,-0.0493,0.039482,0.040983,0.951668,0.839931,0.968247,0.844221
2025-11-06,3312.26,3306.13,0.99815,-0.00185,-0.185,-0.033521,-0.034879,0.956851,0.830984,0.974801,0.835607
2025-11-07,3435.3,3430.56,0.99862,-0.00138,-0.138,0.036474,0.036945,1.021905,0.841597,1.039932,0.846303
2025-11-08,3400.38,3397.33,0.999105,-0.000895,-0.0895,-0.010219,-0.009733,1.005553,0.836202,1.024936,0.840848
2025-11-09,3582.62,3576.88,0.998398,-0.001602,-0.1602,0.052209,0.051501,1.11916,0.742039,1.133207,0.748414
2025-11-10,3568.46,3566.07,0.99933,-0.00067,-0.067,-0.003961,-0.003027,0.952982,0.737828,0.971525,0.743603
2025-11-11,3415.28,3415.79,1.000149,0.000149,0.0149,-0.043874,-0.043056,0.722983,0.644432,0.725689,0.652307
2025-11-12,3413.09,3407.43,0.998339,-0.001661,-0.1661,-0.000641,-0.002452,0.662894,0.638077,0.661558,0.644938
2025-11-13,3232.76,3237.76,1.001548,0.001548,0.1548,-0.054284,-0.051075,0.738451,0.654913,0.720236,0.658914
2025-11-14,3103.79,3099.97,0.99877,-0.00123,-0.123,-0.040713,-0.04349,0.693427,0.658653,0.682147,0.66388
2025-11-15,3166.63,3166.22,0.999871,-0.000129,-0.0129,0.020046,0.021147,0.737805,0.663535,0.729978,0.669031
2025-11-16,3092.85,3089.56,0.998936,-0.001064,-0.1064,-0.023576,-0.024512,0.518297,0.66535,0.514564,0.671321
2025-11-17,3024.54,3020.29,0.998596,-0.001404,-0.1404,-0.022334,-0.022674,0.49814,0.662461,0.492062,0.668687
2025-11-18,3122.98,3118.49,0.998564,-0.001436,-0.1436,0.032029,0.031997,0.601294,0.668001,0.599475,0.674443
2025-11-19,3023.07,3018.48,0.99848,-0.00152,-0.152,-0.032514,-0.032598,0.606173,0.672795,0.606661,0.679072
2025-11-20,2831.78,2829.53,0.999206,-0.000794,-0.0794,-0.065368,-0.064642,0.650908,0.698569,0.6583,0.704394
2025-11-21,2765.7,2758.78,0.9975,-0.0025,-0.25,-0.023611,-0.02532,0.627363,0.699621,0.630075,0.705213
2025-11-22,2767.61,2767.14,0.999831,-0.000169,-0.0169,0.00069,0.003024,0.571938,0.695903,0.575118,0.700757
2025-11-23,2801.68,2798.08,0.998717,-0.001283,-0.1283,0.012235,0.01112,0.612448,0.691964,0.611666,0.696749
2025-11-24,2952.71,2949.8,0.999014,-0.000986,-0.0986,0.052507,0.052805,0.769677,0.725166,0.770049,0.729967
2025-11-25,2957.94,2953.6,0.998533,-0.001467,-0.1467,0.001767,0.001285,0.713855,0.693522,0.714138,0.698053
2025-11-26,3027.81,3026.14,0.999449,-0.000551,-0.0551,0.023348,0.024265,0.709957,0.704005,0.711873,0.709065
2025-11-27,3014.54,3013.04,0.999501,-0.000499,-0.0499,-0.004392,-0.004341,0.459669,0.698986,0.468461,0.703985
2025-11-28,3032.3,3027.8,0.998515,-0.001485,-0.1485,0.005875,0.004888,0.373996,0.699814,0.375478,0.704371
2025-11-29,2991.69,2989.74,0.999348,-0.000652,-0.0652,-0.013486,-0.012652,0.414531,0.697315,0.416389,0.702007
2025-11-30,2992.11,2993.08,1.000323,0.000323,0.0323,0.000143,0.001118,0.421691,0.694556,0.422511,0.699295
2025-12-01,2800.19,2800.97,1.000278,0.000278,0.0278,-0.066293,-0.066337,0.539065,0.720683,0.541059,0.725512
2025-12-02,2997.94,2997.64,0.9999,-0.0001,-0.01,0.068238,0.06786,0.772366,0.769039,0.770824,0.772803
2025-12-03,3191.57,3193.97,1.00075,0.00075,0.075,0.062588,0.063438,0.882691,0.761,0.883038,0.766004
2025-12-04,3134.32,3133.61,0.999775,-0.000225,-0.0225,-0.018102,-0.019077,0.899346,0.697598,0.901492,0.699536
2025-12-05,3024.43,3023.86,0.999812,-0.000188,-0.0188,-0.035688,-0.03565,0.947278,0.691068,0.949692,0.691874
2025-12-06,3040.21,3039.15,0.999651,-0.000349,-0.0349,0.005202,0.005041,0.941131,0.683511,0.944142,0.68351
2025-12-07,3061.3,3057.13,0.998637,-0.001363,-0.1363,0.006914,0.005899,0.941457,0.66974,0.944396,0.669213
2025-12-08,3125.2,3122.84,0.999245,-0.000755,-0.0755,0.020657,0.021267,0.73804,0.674681,0.743476,0.674493
2025-12-09,3321.11,3320.55,0.999829,-0.000171,-0.0171,0.060803,0.061387,0.707139,0.684103,0.716757,0.685308
2025-12-10,3325.39,3325.92,1.000159,0.000159,0.0159,0.001286,0.001616,0.581607,0.684209,0.588043,0.685452
2025-12-11,3237.06,3237.96,1.000278,0.000278,0.0278,-0.026922,-0.026803,0.606667,0.673736,0.610144,0.67557
2025-12-12,3084.17,3084.02,0.999951,-4.9e-05,-0.0049,-0.048381,-0.048708,0.662328,0.693017,0.667263,0.695131
2025-12-13,3116.7,3115.33,0.999562,-0.000438,-0.0438,0.01049,0.010101,0.664594,0.669565,0.669287,0.67469
2025-12-14,3060.59,3060.94,1.000114,0.000114,0.0114,-0.018164,-0.017612,0.681331,0.657332,0.685574,0.660198
2025-12-15,2964.18,2961.68,0.999154,-0.000846,-0.0846,-0.032008,-0.032968,0.690117,0.661947,0.695868,0.664913
2025-12-16,2964.18,2962.22,0.99934,-0.00066,-0.066,-1e-06,0.000185,0.40414,0.657459,0.407518,0.660057
2025-12-17,2831.4,2829.02,0.999157,-0.000843,-0.0843,-0.045828,-0.046011,0.422602,0.671817,0.424803,0.674387
2025-12-18,2827.07,2827.68,1.000217,0.000217,0.0217,-0.001532,-0.000471,0.447223,0.660398,0.45255,0.663091
2025-12-19,2977.97,2976.87,0.999629,-0.000371,-0.0371,0.052002,0.051414,0.608956,0.678909,0.608223,0.680827
2025-12-20,2977.58,2974.15,0.998846,-0.001154,-0.1154,-0.00013,-0.000914,0.597232,0.637318,0.596619,0.640299
2025-12-21,3001.61,3002.1,1.000162,0.000162,0.0162,0.008038,0.009355,0.596133,0.631044,0.598185,0.633293
2025-12-22,3006.07,3001.93,0.998623,-0.001377,-0.1377,0.001485,-5.5e-05,0.542922,0.631018,0.541661,0.633371
2025-12-23,2963.37,2961.67,0.999424,-0.000576,-0.0576,-0.014306,-0.013504,0.555811,0.632788,0.553238,0.63508
2025-12-24,2945.59,2946.22,1.000213,0.000213,0.0213,-0.006019,-0.00523,0.412046,0.606214,0.405746,0.608218
2025-12-25,2903.58,2901.17,0.99917,-0.00083,-0.083,-0.014365,-0.015409,0.435408,0.608204,0.433198,0.610544
2025-12-26,2925.75,2924.51,0.999577,-0.000423,-0.0423,0.007605,0.008013,0.179086,0.602851,0.183699,0.604818
2025-12-27,2948.0,2947.92,0.999972,-2.8e-05,-0.0028,0.007577,0.007973,0.193435,0.603485,0.199038,0.605523
2025-12-28,2948.57,2947.27,0.99956,-0.00044,-0.044,0.000193,-0.000219,0.177743,0.603025,0.178955,0.605188
2025-12-29,2934.54,2933.69,0.999712,-0.000288,-0.0288,-0.00477,-0.004617,0.174826,0.601506,0.177986,0.603872
2025-12-30,2971.42,2969.22,0.999261,-0.000739,-0.0739,0.012489,0.012037,0.180495,0.603248,0.184224,0.605469
2025-12-31,2967.04,2965.78,0.999575,-0.000425,-0.0425,-0.001475,-0.001161,0.173532,0.55429,0.178976,0.556666
2026-01-01,3000.39,2997.65,0.999084,-0.000916,-0.0916,0.01118,0.010689,0.12756,0.501606,0.124973,0.504706
2026-01-02,3124.42,3121.52,0.999071,-0.000929,-0.0929,0.040506,0.040493,0.290517,0.471981,0.289524,0.473806
2026-01-03,3125.92,3124.2,0.99945,-0.00055,-0.055,0.000478,0.000857,0.297641,0.467794,0.296016,0.469189
2026-01-04,3140.71,3137.82,0.99908,-0.00092,-0.092,0.004721,0.004352,0.291811,0.449986,0.289791,0.451453
2026-01-05,3226.13,3227.31,1.000366,0.000366,0.0366,0.026834,0.028121,0.290202,0.458616,0.292957,0.46098
2026-01-06,3295.95,3295.62,0.9999,-0.0001,-0.01,0.02141,0.020944,0.295353,0.463343,0.297048,0.465545
2026-01-07,3166.84,3163.35,0.998898,-0.001102,-0.1102,-0.039958,-0.040961,0.490603,0.481275,0.498601,0.484205
2026-01-08,3104.38,3106.91,1.000813,0.000813,0.0813,-0.019921,-0.018005,0.532965,0.433881,0.535148,0.435108
2026-01-09,3083.05,3082.56,0.999842,-0.000158,-0.0158,-0.006896,-0.007867,0.442356,0.43398,0.4474,0.435314
2026-01-10,3082.4,3081.16,0.999599,-0.000401,-0.0401,-0.000211,-0.000455,0.442158,0.424986,0.447028,0.426435
2026-01-11,3118.89,3117.03,0.999406,-0.000594,-0.0594,0.011768,0.011576,0.451507,0.392235,0.456203,0.393267
2026-01-12,3092.33,3090.22,0.999319,-0.000681,-0.0681,-0.008552,-0.008639,0.386435,0.391677,0.385443,0.392854
2026-01-13,3322.1,3320.37,0.99948,-0.00052,-0.052,0.071672,0.071834,0.670071,0.459476,0.672068,0.461115
2026-01-14,3354.72,3356.67,1.000581,0.000581,0.0581,0.009773,0.010874,0.573893,0.442515,0.571586,0.443437
2026-01-15,3317.1,3315.18,0.999419,-0.000581,-0.0581,-0.011278,-0.012439,0.551038,0.445576,0.557131,0.447037
2026-01-16,3295.48,3295.09,0.999881,-0.000119,-0.0119,-0.006539,-0.006077,0.550397,0.410227,0.553923,0.411364
2026-01-17,3308.86,3306.18,0.99919,-0.00081,-0.081,0.004053,0.003361,0.54666,0.40956,0.550415,0.41093
2026-01-18,3281.16,3281.58,1.000128,0.000128,0.0128,-0.008409,-0.007471,0.562173,0.375552,0.564254,0.377579
2026-01-19,3186.62,3188.71,1.000656,0.000656,0.0656,-0.029235,-0.028707,0.614898,0.392185,0.615157,0.393543
2026-01-20,2935.61,2935.56,0.999983,-1.7e-05,-0.0017,-0.082047,-0.08272,0.591624,0.489333,0.597883,0.491652
2026-01-21,2978.9,2977.2,0.99943,-0.00057,-0.057,0.014641,0.014087,0.606222,0.49223,0.607564,0.49437
2026-01-22,2949.63,2947.42,0.99925,-0.00075,-0.075,-0.009874,-0.010054,0.607109,0.490883,0.608929,0.493354
2026-01-23,2953.26,2952.75,0.999828,-0.000172,-0.0172,0.001228,0.001806,0.617573,0.490444,0.619931,0.493054
2026-01-24,2948.74,2949.73,1.000336,0.000336,0.0336,-0.00153,-0.001022,0.607972,0.48772,0.612509,0.489912
2026-01-25,2815.9,2813.2,0.99904,-0.00096,-0.096,-0.046095,-0.047391,0.637782,0.513197,0.644511,0.516679
2026-01-26,2926.46,2927.04,1.000198,0.000198,0.0198,0.03851,0.039668,0.764955,0.530948,0.776773,0.535325
2026-01-27,3022.21,3023.12,1.000302,0.000302,0.0302,0.032196,0.0323,0.542578,0.542881,0.553891,0.547223
2026-01-28,3006.61,3006.16,0.99985,-0.00015,-0.015,-0.005176,-0.005629,0.538129,0.542935,0.550767,0.547362
2026-01-29,2818.23,2817.53,0.999749,-0.000251,-0.0251,-0.064702,-0.064803,0.721819,0.587008,0.731996,0.591381
2026-01-30,2702.38,2700.31,0.999237,-0.000763,-0.0763,-0.041979,-0.042491,0.760057,0.603526,0.770521,0.608198
2026-01-31,2445.09,2444.03,0.999567,-0.000433,-0.0433,-0.100048,-0.099718,0.974732,0.689017,0.980097,0.69269
2026-02-01,2267.96,2266.22,0.999232,-0.000768,-0.0768,-0.0752,-0.075535,1.030898,0.706953,1.035457,0.710961
2026-02-02,2344.36,2343.69,0.999717,-0.000283,-0.0283,0.033128,0.033613,1.009358,0.722442,1.01099,0.726655
2026-02-03,2227.56,2226.66,0.999597,-0.000403,-0.0403,-0.051105,-0.051225,0.856279,0.734662,0.857299,0.738996
2026-02-04,2143.5,2145.78,1.001061,0.001061,0.1061,-0.038464,-0.037,0.797147,0.7271,0.800642,0.729979
2026-02-05,1821.68,1828.8,1.003907,0.003907,0.3907,-0.162681,-0.159843,1.153721,0.8824,1.142099,0.879373
2026-02-06,2063.39,2059.84,0.998283,-0.001717,-0.1717,0.124588,0.11897,1.786139,1.012129,1.744111,0.999311
2026-02-07,2090.55,2087.92,0.998743,-0.001257,-0.1257,0.013078,0.013539,1.735228,1.01635,1.694002,1.003886
2026-02-08,2088.76,2089.28,1.00025,0.00025,0.025,-0.000855,0.000652,1.679715,1.017038,1.637277,1.0049
2026-02-09,2103.57,2101.06,0.998808,-0.001192,-0.1192,0.007063,0.005621,1.64758,1.018503,1.602344,1.006075
2026-02-10,2019.5,2017.19,0.998856,-0.001144,-0.1144,-0.040786,-0.040738,1.635649,1.019085,1.589907,1.006695
2026-02-11,1940.62,1938.03,0.998667,-0.001333,-0.1333,-0.03984,-0.04003,1.636931,1.022629,1.592708,1.01034
2026-02-12,1946.94,1945.22,0.999118,-0.000882,-0.0882,0.003251,0.003703,1.057221,0.97598,1.019949,0.963013
2026-02-13,2048.53,2047.48,0.999491,-0.000509,-0.0509,0.050862,0.051235,0.607289,1.000804,0.60971,0.988114
2026-02-14,2086.01,2086.02,1.000006,6e-06,0.0006,0.018132,0.018647,0.615474,1.007946,0.618106,0.995634
2026-02-15,1966.04,1961.79,0.997835,-0.002165,-0.2165,-0.05923,-0.061404,0.748572,1.018773,0.759573,1.007714
2026-02-16,1997.92,1995.96,0.999018,-0.000982,-0.0982,0.016083,0.017268,0.762788,1.022791,0.777648,1.012457
2026-02-17,1992.19,1990.97,0.999384,-0.000616,-0.0616,-0.002869,-0.002503,0.708953,1.023546,0.724955,1.013183
2026-02-18,1953.97,1951.37,0.998666,-0.001334,-0.1334,-0.019371,-0.020089,0.655809,1.022595,0.673579,1.012338
2026-02-19,1948.2,1945.78,0.998758,-0.001242,-0.1242,-0.002959,-0.002867,0.656033,0.995448,0.673634,0.984398
2026-02-20,1969.02,1966.71,0.998826,-0.001174,-0.1174,0.010631,0.010699,0.516013,0.99411,0.535706,0.983264
2026-02-21,1973.74,1971.98,0.999112,-0.000888,-0.0888,0.002392,0.002678,0.483358,0.99564,0.502867,0.984879
2026-02-22,1957.81,1954.58,0.998354,-0.001646,-0.1646,-0.008104,-0.008863,0.22508,0.994446,0.235867,0.983509
2026-02-23,1855.5,1852.36,0.998306,-0.001694,-0.1694,-0.053669,-0.053717,0.403454,1.003006,0.405833,0.992062
2026-02-24,1852.97,1853.58,1.000327,0.000327,0.0327,-0.001366,0.000656,0.405339,0.997922,0.410315,0.986769
2026-02-25,2054.63,2051.98,0.998713,-0.001287,-0.1287,0.103305,0.10169,0.902425,1.064187,0.891821,1.05079
2026-02-26,2026.79,2026.02,0.999618,-0.000382,-0.0382,-0.01364,-0.012735,0.912957,1.052285,0.90138,1.038652
2026-02-27,1930.76,1928.79,0.998979,-0.001021,-0.1021,-0.04854,-0.049179,0.990047,1.058912,0.981606,1.045667
2026-02-28,1965.05,1962.51,0.998709,-0.001291,-0.1291,0.017603,0.017332,1.000936,1.048928,0.99221,1.035422
2026-03-01,1939.07,1936.84,0.99885,-0.00115,-0.115,-0.013311,-0.013169,1.004002,1.043374,0.994853,1.029608
2026-03-02,2027.27,2031.74,1.002204,0.002204,0.2204,0.044483,0.047834,0.941201,1.009475,0.938013,0.997872
2026-03-03,1982.77,1983.06,1.000146,0.000146,0.0146,-0.022195,-0.024251,0.971594,0.980418,0.974803,0.9686
2026-03-04,2126.51,2125.16,0.999369,-0.000631,-0.0631,0.069986,0.069209,0.788863,1.0063,0.80094,0.993835
2026-03-05,2071.61,2072.26,1.000318,0.000318,0.0318,-0.026156,-0.025207,0.811618,0.995068,0.822519,0.982106
2026-03-06,1978.75,1981.22,1.001249,0.001249,0.1249,-0.045858,-0.044928,0.801399,0.998766,0.806458,0.986003
2026-03-07,1969.46,1968.78,0.999659,-0.000341,-0.0341,-0.004709,-0.006297,0.793684,0.815383,0.800422,0.807166
2026-03-08,1936.6,1939.98,1.001745,0.001745,0.1745,-0.016821,-0.014737,0.797744,0.688411,0.802123,0.690566
2026-03-09,1992.94,1993.73,1.000395,0.000395,0.0395,0.028674,0.027325,0.750679,0.694862,0.739291,0.696122
2026-03-10,2037.12,2035.55,0.99923,-0.00077,-0.077,0.021927,0.020762,0.747649,0.699694,0.730866,0.700439
2026-03-11,2051.57,2052.55,1.000478,0.000478,0.0478,0.00707,0.008318,0.509147,0.699695,0.492362,0.700817
2026-03-12,2073.14,2075.91,1.00134,0.00134,0.134,0.010456,0.011317,0.485223,0.685556,0.471204,0.686842
2026-03-13,2092.56,2087.52,0.997588,-0.002412,-0.2412,0.009327,0.005573,0.292626,0.670081,0.278249,0.670823
2026-03-14,2097.09,2096.18,0.999568,-0.000432,-0.0432,0.002159,0.004141,0.27835,0.670076,0.256173,0.670835
2026-03-15,2177.48,2173.74,0.998284,-0.001716,-0.1716,0.037617,0.036333,0.247352,0.659549,0.23323,0.659118
2026-03-16,2351.18,2349.18,0.999151,-0.000849,-0.0849,0.076749,0.077617,0.501456,0.707503,0.504015,0.708142
2026-03-17,2318.05,2318.84,1.000338,0.000338,0.0338,-0.014188,-0.013,0.571738,0.673473,0.569612,0.671065
2026-03-18,2203.67,2202.61,0.999518,-0.000482,-0.0482,-0.050603,-0.051424,0.761717,0.699921,0.765114,0.698223
2026-03-19,2137.42,2141.22,1.001776,0.001776,0.1776,-0.030524,-0.028267,0.816447,0.709554,0.813106,0.706643
2026-03-20,2146.5,2146.97,1.000222,0.000222,0.0222,0.004236,0.002684,0.81539,0.705224,0.813125,0.70196
2026-03-21,2076.69,2099.22,1.010851,0.010851,1.0851,-0.033062,-0.022491,0.85783,0.716228,0.835308,0.707406
2026-03-22,2053.05,2053.8,1.000364,0.000364,0.0364,-0.01145,-0.021878,0.792783,0.71707,0.786495,0.711784
2026-03-23,2152.15,2151.76,0.999819,-0.000181,-0.0181,0.04714,0.046595,0.606178,0.734627,0.587531,0.729017
2026-03-24,2155.7,2157.7,1.000927,0.000927,0.0927,0.001652,0.00276,0.614445,0.733577,0.597713,0.727781
2026-03-25,2168.02,2167.1,0.999575,-0.000425,-0.0425,0.005697,0.004346,0.516963,0.704284,0.49023,0.698107
2026-03-26,2059.58,2058.15,0.999306,-0.000694,-0.0694,-0.051314,-0.051583,0.600919,0.731171,0.585043,0.725653
2026-03-27,1991.27,1990.92,0.999825,-0.000175,-0.0175,-0.033728,-0.033208,0.626265,0.647213,0.610773,0.643828
2026-03-28,1992.69,1992.86,1.000081,8.1e-05,0.0081,0.000714,0.00097,0.599913,0.645632,0.60689,0.642459
2026-03-29,1982.56,1984.14,1.000796,0.000796,0.0796,-0.005099,-0.004384,0.598088,0.622367,0.594574,0.618331
2026-03-30,2023.51,2023.11,0.999802,-0.000198,-0.0198,0.020447,0.019453,0.474932,0.623406,0.470942,0.619083
2026-03-31,2104.71,2102.95,0.999163,-0.000837,-0.0837,0.039341,0.038702,0.589554,0.635159,0.582859,0.63046
2026-04-01,2138.74,2138.94,1.000097,9.7e-05,0.0097,0.016039,0.016973,0.603839,0.619174,0.600298,0.611586
2026-04-02,2056.85,2056.66,0.999905,-9.5e-05,-0.0095,-0.039039,-0.039231,0.546574,0.630076,0.541845,0.621738
2026-04-03,2053.39,2053.0,0.999814,-0.000186,-0.0186,-0.001687,-0.001778,0.470671,0.579168,0.467455,0.571287
2026-04-04,2065.35,2064.19,0.999436,-0.000564,-0.0564,0.005811,0.005432,0.469689,0.572503,0.466581,0.565011
2026-04-05,2109.0,2109.05,1.000028,2.8e-05,0.0028,0.020911,0.021504,0.472819,0.552353,0.47224,0.54591
2026-04-06,2107.76,2106.3,0.999308,-0.000692,-0.0692,-0.000585,-0.001306,0.465726,0.551898,0.467309,0.545223
2026-04-07,2241.81,2242.12,1.000139,0.000139,0.0139,0.061656,0.062486,0.577801,0.584656,0.585843,0.580346
2026-04-08,2190.34,2191.33,1.000452,0.000452,0.0452,-0.023227,-0.022914,0.617004,0.586096,0.623078,0.582284
2026-04-09,2189.14,2189.57,1.000196,0.000196,0.0196,-0.000544,-0.0008,0.509091,0.582262,0.515408,0.578923
2026-04-10,2245.15,2245.33,1.000082,8.2e-05,0.0082,0.025261,0.025147,0.512164,0.587532,0.517991,0.584031
2026-04-11,2285.39,2285.82,1.000186,0.000186,0.0186,0.017765,0.017869,0.509573,0.58925,0.515017,0.585651
2026-04-12,2192.2,2192.54,1.000154,0.000154,0.0154,-0.041631,-0.041662,0.643854,0.609107,0.648073,0.606073
2026-04-13,2370.71,2373.42,1.00114,0.00114,0.114,0.078285,0.079271,0.824771,0.665347,0.831489,0.66388
2026-04-14,2323.31,2319.61,0.99841,-0.00159,-0.159,-0.020199,-0.022931,0.763445,0.65921,0.774395,0.659881
2026-04-15,2359.44,2361.91,1.001049,0.001049,0.1049,0.015431,0.018071,0.726314,0.604297,0.740816,0.604554
2026-04-16,2348.65,2350.46,1.000772,0.000772,0.0772,-0.004584,-0.004861,0.730666,0.602361,0.745222,0.602986
2026-04-17,2421.07,2420.83,0.9999,-0.0001,-0.01,0.030372,0.0295,0.738034,0.581875,0.751197,0.581029
2026-04-18,2351.1,2339.58,0.9951,-0.0049,-0.49,-0.029327,-0.034139,0.787585,0.581018,0.812584,0.58537
2026-04-19,2264.92,2252.37,0.994459,-0.005541,-0.5541,-0.037345,-0.037989,0.772937,0.597921,0.800558,0.602545
2026-04-20,2315.21,2300.57,0.993676,-0.006324,-0.6324,0.021963,0.021176,0.508262,0.58828,0.532686,0.599818
2026-04-21,2327.97,2317.19,0.995371,-0.004629,-0.4629,0.005495,0.0072,0.490091,0.585779,0.513183,0.593145
2026-04-22,2376.09,2371.17,0.997931,-0.002069,-0.2069,0.020459,0.023027,0.500771,0.568288,0.524999,0.57734
2026-04-23,2331.51,2321.37,0.995649,-0.004351,-0.4351,-0.018938,-0.021227,0.52084,0.573553,0.548071,0.583618
2026-04-24,2315.69,2308.53,0.99691,-0.00309,-0.309,-0.00681,-0.005544,0.448592,0.574365,0.480681,0.58423
2026-04-25,2318.83,2311.79,0.996966,-0.003034,-0.3034,0.001355,0.001411,0.405682,0.541019,0.422661,0.551244
2026-04-26,2369.73,2368.98,0.999684,-0.000316,-0.0316,0.021713,0.024436,0.303794,0.526795,0.32599,0.538972
2026-04-27,2303.06,2292.47,0.995399,-0.004601,-0.4601,-0.028535,-0.032831,0.360588,0.540062,0.408164,0.555425
2026-04-28,2289.42,2279.98,0.995877,-0.004123,-0.4123,-0.005942,-0.005462,0.357983,0.540265,0.403843,0.555659
2026-04-29,2253.42,2251.73,0.999251,-0.000749,-0.0749,-0.015851,-0.012469,0.309804,0.541864,0.345475,0.556098
2026-04-30,2256.25,2253.98,0.998992,-0.001008,-0.1008,0.001257,0.000997,0.298864,0.526295,0.32814,0.541477
2026-05-01,2295.09,2286.88,0.996419,-0.003581,-0.3581,0.017069,0.014491,0.335985,0.526646,0.354049,0.540699
2026-05-02,2316.23,2314.53,0.999265,-0.000735,-0.0735,0.009168,0.01202,0.34434,0.505374,0.367122,0.520409
2026-05-03,2321.64,2319.37,0.999025,-0.000975,-0.0975,0.00233,0.00209,0.29424,0.505004,0.30796,0.520049
2026-05-04,2346.4,2342.59,0.998378,-0.001622,-0.1622,0.010609,0.009962,0.211006,0.505486,0.187436,0.520439
2026-05-05,2361.18,2358.85,0.999011,-0.000989,-0.0989,0.006282,0.006915,0.198789,0.501981,0.173903,0.516815
2026-05-06,2350.8,2344.49,0.997313,-0.002687,-0.2687,-0.004406,-0.006108,0.134667,0.502575,0.137632,0.517675
2026-05-07,2291.11,2288.93,0.99905,-0.00095,-0.095,-0.025721,-0.023981,0.267953,0.466755,0.256848,0.480331
2026-05-08,2306.97,2305.26,0.999257,-0.000743,-0.0743,0.006901,0.007108,0.242452,0.459063,0.240357,0.473124
2026-05-09,2326.73,2325.39,0.999426,-0.000574,-0.0574,0.008527,0.008696,0.241136,0.459588,0.23227,0.473655
2026-05-10,2369.04,2372.88,1.001619,0.001619,0.1619,0.018024,0.020216,0.272406,0.45566,0.272423,0.470927
2026-05-11,2339.36,2339.6,1.000104,0.000104,0.0104,-0.012609,-0.014123,0.283729,0.454573,0.291234,0.470444
2026-05-12,2274.64,2278.6,1.001738,0.001738,0.1738,-0.028054,-0.026421,0.337554,0.440893,0.337605,0.455919
2026-05-13,2257.58,2257.53,0.999979,-2.1e-05,-0.0021,-0.007532,-0.009289,0.337785,0.342831,0.33905,0.359761
2026-05-14,2280.93,2288.21,1.00319,0.00319,0.319,0.010294,0.0135,0.307174,0.338515,0.321666,0.355074
2026-05-15,2223.33,2223.26,0.999969,-3.1e-05,-0.0031,-0.02558,-0.028796,0.345809,0.344227,0.373418,0.361865
2026-05-16,2179.75,2180.55,1.000367,0.000367,0.0367,-0.019794,-0.019397,0.337412,0.349719,0.364945,0.366821
2026-05-17,2127.65,2127.0,0.999697,-0.000303,-0.0303,-0.024195,-0.024865,0.257536,0.336743,0.279077,0.355983
2026-05-18,2128.52,2128.77,1.00012,0.00012,0.012,0.000409,0.000832,0.281972,0.324693,0.303783,0.339629
2026-05-19,2109.96,2110.78,1.000385,0.000385,0.0385,-0.008754,-0.008489,0.254438,0.301462,0.284325,0.316327
2026-05-20,2126.98,2125.4,0.999255,-0.000745,-0.0745,0.008034,0.006903,0.288861,0.291051,0.312639,0.306848
2026-05-21,2131.41,2132.8,1.000652,0.000652,0.0652,0.002079,0.003477,0.261083,0.290063,0.275704,0.305618
2026-05-22,2064.64,2064.59,0.999979,-2.1e-05,-0.0021,-0.03183,-0.032502,0.286857,0.294284,0.291862,0.308006
2026-05-23,2115.95,2116.4,1.000213,0.000213,0.0213,0.02455,0.024784,0.367562,0.306608,0.373571,0.318409
2026-05-24,2097.99,2099.32,1.000634,0.000634,0.0634,-0.008523,-0.008102,0.33146,0.306917,0.334953,0.318783
2026-05-25,2111.37,2109.87,0.999291,-0.000709,-0.0709,0.006356,0.005012,0.336832,0.308362,0.338348,0.31968
2026-05-26,2070.86,2070.6,0.999877,-0.000123,-0.0123,-0.019374,-0.018788,0.359381,0.299897,0.359236,0.30826
2026-05-27,2022.2,2021.18,0.999497,-0.000503,-0.0503,-0.023778,-0.024157,0.374813,0.295524,0.378013,0.299585
2026-05-28,2007.55,2005.86,0.999158,-0.000842,-0.0842,-0.007269,-0.007608,0.366699,0.295651,0.367322,0.299792
2026-05-29,2011.98,2010.07,0.999051,-0.000949,-0.0949,0.002202,0.002095,0.313812,0.293533,0.312128,0.299082
2026-05-30,2019.46,2020.13,1.000335,0.000335,0.0335,0.003711,0.004995,0.222528,0.294187,0.221283,0.300209
2026-05-31,2004.34,2003.43,0.999543,-0.000457,-0.0457,-0.007514,-0.008305,0.222135,0.284691,0.221369,0.293322
