Date,tvl_lido_total_usd,tvl_lido_ethereum_usd,apy_lido_pct,apy_base_pct,apy_reward_pct,tvl_yield_pool_usd,tvl_pool_curve_usd,fonte_tvl_curve,apr_lido_liquido_pct,apr_base_nominal_pct,reserva_eth_curve,reserva_steth_curve,ratio_reserva_steth_pct,volume_diario_curve_usd,fonte_reserva_curve
2022-04-01,18766260162.0,9795394002.0,3.6,3.6,0.0,,5406493297.0,defillama_pool_historico,3.5369,3.5369,19546.37,21393.95,52.26,0.0,snapshot_atual_constante_NAO_historico
2022-04-02,19461202817.0,10348167956.0,3.6,3.6,0.0,,5465586070.0,defillama_pool_historico,3.5369,3.5369,19546.37,21393.95,52.26,0.0,snapshot_atual_constante_NAO_historico
2022-04-03,20366963551.0,10414828069.0,3.6,3.6,0.0,,5636336220.0,defillama_pool_historico,3.5369,3.5369,19546.37,21393.95,52.26,0.0,snapshot_atual_constante_NAO_historico
2022-04-04,20323921629.0,10654227953.0,3.6,3.6,0.0,,5600607862.0,defillama_pool_historico,3.5369,3.5369,19546.37,21393.95,52.26,0.0,snapshot_atual_constante_NAO_historico
2022-04-05,20834599651.0,10796533533.0,3.6,3.6,0.0,,5506450072.0,defillama_pool_historico,3.5369,3.5369,19546.37,21393.95,52.26,0.0,snapshot_atual_constante_NAO_historico
2022-04-06,20404782354.0,10322768256.0,3.6,3.6,0.0,,5136423915.0,defillama_pool_historico,3.5369,3.5369,19546.37,21393.95,52.26,0.0,snapshot_atual_constante_NAO_historico
2022-04-07,19247409681.0,9949961061.0,3.6,3.6,0.0,,5201168445.0,defillama_pool_historico,3.5369,3.5369,19546.37,21393.95,52.26,0.0,snapshot_atual_constante_NAO_historico
2022-04-08,19241404990.0,10214644479.0,3.6,3.6,0.0,,5147544332.0,defillama_pool_historico,3.5369,3.5369,19546.37,21393.95,52.26,0.0,snapshot_atual_constante_NAO_historico
2022-04-09,18508106396.0,10212984841.0,3.6,3.6,0.0,,5212087991.0,defillama_pool_historico,3.5369,3.5369,19546.37,21393.95,52.26,0.0,snapshot_atual_constante_NAO_historico
2022-04-10,18855775492.0,10447519681.0,3.6,3.6,0.0,,5177250163.0,defillama_pool_historico,3.5369,3.5369,19546.37,21393.95,52.26,0.0,snapshot_atual_constante_NAO_historico
2022-04-11,18489885366.0,10392641447.0,3.6,3.6,0.0,,4859294934.0,defillama_pool_historico,3.5369,3.5369,19546.37,21393.95,52.26,0.0,snapshot_atual_constante_NAO_historico
2022-04-12,17057217092.0,9666592516.0,3.6,3.6,0.0,,4867692290.0,defillama_pool_historico,3.5369,3.5369,19546.37,21393.95,52.26,0.0,snapshot_atual_constante_NAO_historico
2022-04-13,17244116893.0,9878793225.0,3.6,3.6,0.0,,5053688503.0,defillama_pool_historico,3.5369,3.5369,19546.37,21393.95,52.26,0.0,snapshot_atual_constante_NAO_historico
2022-04-14,18020403754.0,10326992381.0,3.6,3.6,0.0,,4880517661.0,defillama_pool_historico,3.5369,3.5369,19546.37,21393.95,52.26,0.0,snapshot_atual_constante_NAO_historico
2022-04-15,17220771341.0,10031102627.0,3.6,3.6,0.0,,4842887011.0,defillama_pool_historico,3.5369,3.5369,19546.37,21393.95,52.26,0.0,snapshot_atual_constante_NAO_historico
2022-04-16,17344732324.0,10269052610.0,3.6,3.6,0.0,,4896010672.0,defillama_pool_historico,3.5369,3.5369,19546.37,21393.95,52.26,0.0,snapshot_atual_constante_NAO_historico
2022-04-17,17489537674.0,10393316728.0,3.6,3.6,0.0,,4872919935.0,defillama_pool_historico,3.5369,3.5369,19546.37,21393.95,52.26,0.0,snapshot_atual_constante_NAO_historico
2022-04-18,17038773731.0,10173068443.0,3.6,3.6,0.0,,4889866403.0,defillama_pool_historico,3.5369,3.5369,19546.37,21393.95,52.26,0.0,snapshot_atual_constante_NAO_historico
2022-04-19,18541770155.0,10520780138.0,3.6,3.6,0.0,,4926287608.0,defillama_pool_historico,3.5369,3.5369,19546.37,21393.95,52.26,0.0,snapshot_atual_constante_NAO_historico
2022-04-20,18937764937.0,10625994051.0,3.6,3.6,0.0,,4903199944.0,defillama_pool_historico,3.5369,3.5369,19546.37,21393.95,52.26,0.0,snapshot_atual_constante_NAO_historico
2022-04-21,19006589703.0,10673920490.0,3.6,3.6,0.0,,4685602892.0,defillama_pool_historico,3.5369,3.5369,19546.37,21393.95,52.26,0.0,snapshot_atual_constante_NAO_historico
2022-04-22,18337634424.0,10377636251.0,3.6,3.6,0.0,,4821846486.0,defillama_pool_historico,3.5369,3.5369,19546.37,21393.95,52.26,0.0,snapshot_atual_constante_NAO_historico
2022-04-23,18644919567.0,10446330714.0,3.6,3.6,0.0,,4794654087.0,defillama_pool_historico,3.5369,3.5369,19546.37,21393.95,52.26,0.0,snapshot_atual_constante_NAO_historico
2022-04-24,18257074794.0,10394664168.0,3.6,3.6,0.0,,4752900162.0,defillama_pool_historico,3.5369,3.5369,19546.37,21393.95,52.26,0.0,snapshot_atual_constante_NAO_historico
2022-04-25,17960566117.0,10162183435.0,3.6,3.6,0.0,,4861445132.0,defillama_pool_historico,3.5369,3.5369,19546.37,21393.95,52.26,0.0,snapshot_atual_constante_NAO_historico
2022-04-26,19336725140.0,10731677893.0,3.6,3.6,0.0,,4551907313.0,defillama_pool_historico,3.5369,3.5369,19546.37,21393.95,52.26,0.0,snapshot_atual_constante_NAO_historico
2022-04-27,18037373061.0,10217111596.0,3.6,3.6,0.0,,4772382320.0,defillama_pool_historico,3.5369,3.5369,19546.37,21393.95,52.26,0.0,snapshot_atual_constante_NAO_historico
2022-04-28,18561743211.0,10627398127.0,3.6,3.6,0.0,,4822712224.0,defillama_pool_historico,3.5369,3.5369,19546.37,21393.95,52.26,0.0,snapshot_atual_constante_NAO_historico
2022-04-29,18736501192.0,10892593742.0,3.6,3.6,0.0,,4635147917.0,defillama_pool_historico,3.5369,3.5369,19546.37,21393.95,52.26,0.0,snapshot_atual_constante_NAO_historico
2022-04-30,18112355454.0,10555971424.0,3.6,3.6,0.0,,4594600036.0,defillama_pool_historico,3.5369,3.5369,19546.37,21393.95,52.26,0.0,snapshot_atual_constante_NAO_historico
2022-05-01,17603473301.0,10429755857.0,3.6,3.6,0.0,,4533127903.0,defillama_pool_historico,3.5369,3.5369,19546.37,21393.95,52.26,0.0,snapshot_atual_constante_NAO_historico
2022-05-02,18174952115.0,10826883596.0,3.6,3.6,0.0,,4696750398.0,defillama_pool_historico,3.5369,3.5369,19546.37,21393.95,52.26,0.0,snapshot_atual_constante_NAO_historico
2022-05-03,18660027954.0,11242991444.0,3.6,3.6,0.0,11074372760.0,4569127762.0,defillama_pool_historico,3.5369,3.5369,19546.37,21393.95,52.26,0.0,snapshot_atual_constante_NAO_historico
2022-05-04,18347590202.0,11087229092.0,3.6,3.6,0.0,11744709791.0,4802347464.0,defillama_pool_historico,3.5369,3.5369,19546.37,21393.95,52.26,0.0,snapshot_atual_constante_NAO_historico
2022-05-05,19390293831.0,11806079759.0,3.6,3.6,0.0,11008298772.0,4489330623.0,defillama_pool_historico,3.5369,3.5369,19546.37,21393.95,52.26,0.0,snapshot_atual_constante_NAO_historico
2022-05-06,18410137617.0,11050154700.0,3.5,3.5,0.0,10974211995.0,4398784722.0,defillama_pool_historico,3.4403,3.4403,19546.37,21393.95,52.26,0.0,snapshot_atual_constante_NAO_historico
2022-05-07,17882792425.0,10962254587.0,3.5,3.5,0.0,10736517627.0,4313489208.0,defillama_pool_historico,3.4403,3.4403,19546.37,21393.95,52.26,0.0,snapshot_atual_constante_NAO_historico
2022-05-08,16633736902.0,10701405802.0,3.6,3.6,0.0,10375445969.0,3993007887.0,defillama_pool_historico,3.5369,3.5369,19546.37,21393.95,52.26,0.0,snapshot_atual_constante_NAO_historico
2022-05-09,16061352956.0,10328908697.0,3.5,3.5,0.0,9406769875.0,3817176629.0,defillama_pool_historico,3.4403,3.4403,19546.37,21393.95,52.26,0.0,snapshot_atual_constante_NAO_historico
2022-05-10,12333464844.0,9403806783.0,3.6,3.6,0.0,9506069560.0,3825661053.0,defillama_pool_historico,3.5369,3.5369,19546.37,21393.95,52.26,0.0,snapshot_atual_constante_NAO_historico
2022-05-11,11595676249.0,9869325479.0,3.6,3.6,0.0,8714550420.0,3266958611.0,defillama_pool_historico,3.5369,3.5369,19546.37,21393.95,52.26,0.0,snapshot_atual_constante_NAO_historico
2022-05-12,9244719849.0,8979837839.0,3.6,3.6,0.0,7857787286.0,1844849676.0,defillama_pool_historico,3.5369,3.5369,19546.37,21393.95,52.26,0.0,snapshot_atual_constante_NAO_historico
2022-05-13,8387947914.0,8253462893.0,3.6,3.6,0.0,8459868374.0,1794385849.0,defillama_pool_historico,3.5369,3.5369,19546.37,21393.95,52.26,0.0,snapshot_atual_constante_NAO_historico
2022-05-14,8675786007.0,8524511570.0,3.6,3.6,0.0,8307436489.0,1750152602.0,defillama_pool_historico,3.5369,3.5369,19546.37,21393.95,52.26,0.0,snapshot_atual_constante_NAO_historico
2022-05-15,8770075827.0,8619700893.0,3.7,3.7,0.0,8869252957.0,1816086621.0,defillama_pool_historico,3.6334,3.6334,19546.37,21393.95,52.26,0.0,snapshot_atual_constante_NAO_historico
2022-05-16,9065756551.0,8902368057.0,3.7,3.7,0.0,8406513502.0,1768572816.0,defillama_pool_historico,3.6334,3.6334,19546.37,21393.95,52.26,0.0,snapshot_atual_constante_NAO_historico
2022-05-17,8756006520.0,8600481847.0,3.7,3.7,0.0,8601108016.0,1808100424.0,defillama_pool_historico,3.6334,3.6334,19546.37,21393.95,52.26,0.0,snapshot_atual_constante_NAO_historico
2022-05-18,8954138495.0,8791537974.0,3.8,3.8,0.0,8072321130.0,1674146858.0,defillama_pool_historico,3.7298,3.7298,19546.37,21393.95,52.26,0.0,snapshot_atual_constante_NAO_historico
2022-05-19,8269482693.0,8128044989.0,3.8,3.8,0.0,8305322669.0,2023447097.0,defillama_pool_historico,3.7298,3.7298,19546.37,21393.95,52.26,0.0,snapshot_atual_constante_NAO_historico
2022-05-20,8586515306.0,8446207487.0,3.8,3.8,0.0,8110663532.0,1975790499.0,defillama_pool_historico,3.7298,3.7298,19546.37,21393.95,52.26,0.0,snapshot_atual_constante_NAO_historico
2022-05-21,8336123918.0,8209681743.0,3.8,3.8,0.0,8093785039.0,1994089692.0,defillama_pool_historico,3.7298,3.7298,19546.37,21393.95,52.26,0.0,snapshot_atual_constante_NAO_historico
2022-05-22,8450807298.0,8323498299.0,3.9,3.9,0.0,8299480469.0,2059318457.0,defillama_pool_historico,3.8261,3.8261,19546.37,21393.95,52.26,0.0,snapshot_atual_constante_NAO_historico
2022-05-23,8723384540.0,8592418729.0,3.9,3.9,0.0,8130648910.0,1997672316.0,defillama_pool_historico,3.8261,3.8261,19546.37,21393.95,52.26,0.0,snapshot_atual_constante_NAO_historico
2022-05-24,8489747534.0,8366183619.0,4.0,4.0,0.0,8144177342.0,2005902429.0,defillama_pool_historico,3.9223,3.9223,19546.37,21393.95,52.26,0.0,snapshot_atual_constante_NAO_historico
2022-05-25,8435880883.0,8313516524.0,4.0,4.0,0.0,8076696769.0,1981533877.0,defillama_pool_historico,3.9223,3.9223,19546.37,21393.95,52.26,0.0,snapshot_atual_constante_NAO_historico
2022-05-26,8372244522.0,8254407441.0,4.0,4.0,0.0,7549047867.0,1829762736.0,defillama_pool_historico,3.9223,3.9223,19546.37,21393.95,52.26,0.0,snapshot_atual_constante_NAO_historico
2022-05-27,7626610155.0,7522479256.0,4.0,4.0,0.0,7162858310.0,1747817165.0,defillama_pool_historico,3.9223,3.9223,19546.37,21393.95,52.26,0.0,snapshot_atual_constante_NAO_historico
2022-05-28,7396396879.0,7297062963.0,4.0,4.0,0.0,7329191226.0,1798354819.0,defillama_pool_historico,3.9223,3.9223,19546.37,21393.95,52.26,0.0,snapshot_atual_constante_NAO_historico
2022-05-29,7655743615.0,7549423385.0,4.0,4.0,0.0,7403372675.0,1756401963.0,defillama_pool_historico,3.9223,3.9223,19546.37,21393.95,52.26,0.0,snapshot_atual_constante_NAO_historico
2022-05-30,7722267485.0,7617422048.0,4.0,4.0,0.0,8190730072.0,1953130248.0,defillama_pool_historico,3.9223,3.9223,19546.37,21393.95,52.26,0.0,snapshot_atual_constante_NAO_historico
2022-05-31,8503163677.0,8391690211.0,4.0,4.0,0.0,8040565588.0,1914991640.0,defillama_pool_historico,3.9223,3.9223,19546.37,21393.95,52.26,0.0,snapshot_atual_constante_NAO_historico
2022-06-01,8328413791.0,8219973304.0,4.0,4.0,0.0,7457563960.0,1784482212.0,defillama_pool_historico,3.9223,3.9223,19546.37,21393.95,52.26,0.0,snapshot_atual_constante_NAO_historico
2022-06-02,7816033676.0,7721200701.0,4.0,4.0,0.0,7529727017.0,1802303311.0,defillama_pool_historico,3.9223,3.9223,19546.37,21393.95,52.26,0.0,snapshot_atual_constante_NAO_historico
2022-06-03,7825744721.0,7726910733.0,4.0,4.0,0.0,7361895607.0,1748955885.0,defillama_pool_historico,3.9223,3.9223,19546.37,21393.95,52.26,0.0,snapshot_atual_constante_NAO_historico
2022-06-04,7573441179.0,7481093433.0,4.0,4.0,0.0,7371970157.0,1768915619.0,defillama_pool_historico,3.9223,3.9223,19546.37,21393.95,52.26,0.0,snapshot_atual_constante_NAO_historico
2022-06-05,7708021983.0,7613213745.0,4.0,4.0,0.0,7462010533.0,1784991921.0,defillama_pool_historico,3.9223,3.9223,19546.37,21393.95,52.26,0.0,snapshot_atual_constante_NAO_historico
2022-06-06,7717543079.0,7623950830.0,4.0,4.0,0.0,7693058781.0,1839278835.0,defillama_pool_historico,3.9223,3.9223,19546.37,21393.95,52.26,0.0,snapshot_atual_constante_NAO_historico
2022-06-07,7525619669.0,7429150696.0,4.0,4.0,0.0,7602537682.0,1565449434.0,defillama_pool_historico,3.9223,3.9223,19546.37,21393.95,52.26,0.0,snapshot_atual_constante_NAO_historico
2022-06-08,7762697038.0,7666111318.0,4.0,4.0,0.0,7423014605.0,1606333943.0,defillama_pool_historico,3.9223,3.9223,19546.37,21393.95,52.26,0.0,snapshot_atual_constante_NAO_historico
2022-06-09,7659488944.0,7564873596.0,4.0,4.0,0.0,7365761144.0,1594887698.0,defillama_pool_historico,3.9223,3.9223,19546.37,21393.95,52.26,0.0,snapshot_atual_constante_NAO_historico
2022-06-10,7611214821.0,7514319517.0,4.0,4.0,0.0,6693572071.0,1117065557.0,defillama_pool_historico,3.9223,3.9223,19546.37,21393.95,52.26,0.0,snapshot_atual_constante_NAO_historico
2022-06-11,7183613869.0,7090968576.0,4.0,4.0,0.0,6292245541.0,1024173163.0,defillama_pool_historico,3.9223,3.9223,19546.37,21393.95,52.26,0.0,snapshot_atual_constante_NAO_historico
2022-06-12,6556186722.0,6470754045.0,4.0,4.0,0.0,6013418620.0,972253207.0,defillama_pool_historico,3.9223,3.9223,19546.37,21393.95,52.26,0.0,snapshot_atual_constante_NAO_historico
2022-06-13,6059700637.0,5983765530.0,4.0,4.0,0.0,5020855492.0,727404475.0,defillama_pool_historico,3.9223,3.9223,19546.37,21393.95,52.26,0.0,snapshot_atual_constante_NAO_historico
2022-06-14,5146394959.0,5079457341.0,4.0,4.0,0.0,4739191219.0,710433008.0,defillama_pool_historico,3.9223,3.9223,19546.37,21393.95,52.26,0.0,snapshot_atual_constante_NAO_historico
2022-06-15,5150083485.0,5078431748.0,4.0,4.0,0.0,4881295771.0,732344074.0,defillama_pool_historico,3.9223,3.9223,19546.37,21393.95,52.26,0.0,snapshot_atual_constante_NAO_historico
2022-06-16,5273903360.0,5189396973.0,4.0,4.0,0.0,4394576092.0,646844126.0,defillama_pool_historico,3.9223,3.9223,19546.37,21393.95,52.26,0.0,snapshot_atual_constante_NAO_historico
2022-06-17,4569780460.0,4503151238.0,4.0,4.0,0.0,4282944265.0,657329345.0,defillama_pool_historico,3.9223,3.9223,19546.37,21393.95,52.26,0.0,snapshot_atual_constante_NAO_historico
2022-06-18,4688303994.0,4618150213.0,4.0,4.0,0.0,3874088251.0,606090437.0,defillama_pool_historico,3.9223,3.9223,19546.37,21393.95,52.26,0.0,snapshot_atual_constante_NAO_historico
2022-06-19,4273604850.0,4203531633.0,3.9,3.9,0.0,4520906774.0,704369119.0,defillama_pool_historico,3.8261,3.8261,19546.37,21393.95,52.26,0.0,snapshot_atual_constante_NAO_historico
2022-06-20,4695024018.0,4626533265.0,4.0,4.0,0.0,4367053109.0,683790937.0,defillama_pool_historico,3.9223,3.9223,19546.37,21393.95,52.26,0.0,snapshot_atual_constante_NAO_historico
2022-06-21,4815495582.0,4747966047.0,4.0,4.0,0.0,4507593430.0,717628052.0,defillama_pool_historico,3.9223,3.9223,19546.37,21393.95,52.26,0.0,snapshot_atual_constante_NAO_historico
2022-06-22,4796390172.0,4727146332.0,4.0,4.0,0.0,4217562775.0,666861149.0,defillama_pool_historico,3.9223,3.9223,19546.37,21393.95,52.26,0.0,snapshot_atual_constante_NAO_historico
2022-06-23,4624109086.0,4561504833.0,4.0,4.0,0.0,4567417615.0,713329696.0,defillama_pool_historico,3.9223,3.9223,19546.37,21393.95,52.26,0.0,snapshot_atual_constante_NAO_historico
2022-06-24,4914782963.0,4846220000.0,4.0,4.0,0.0,5021163436.0,764756556.0,defillama_pool_historico,3.9223,3.9223,19546.37,21393.95,52.26,0.0,snapshot_atual_constante_NAO_historico
2022-06-25,5247660857.0,5172969634.0,4.0,4.0,0.0,5081069509.0,769238358.0,defillama_pool_historico,3.9223,3.9223,19546.37,21393.95,52.26,0.0,snapshot_atual_constante_NAO_historico
2022-06-26,5336156445.0,5257068984.0,4.0,4.0,0.0,5004523357.0,751164290.0,defillama_pool_historico,3.9223,3.9223,19546.37,21393.95,52.26,0.0,snapshot_atual_constante_NAO_historico
2022-06-27,5172116610.0,5095596618.0,3.9,3.9,0.0,4955876828.0,745493905.0,defillama_pool_historico,3.8261,3.8261,19546.37,21393.95,52.26,0.0,snapshot_atual_constante_NAO_historico
2022-06-28,5083594153.0,5008892380.0,4.0,4.0,0.0,4732321593.0,713682181.0,defillama_pool_historico,3.9223,3.9223,19546.37,21393.95,52.26,0.0,snapshot_atual_constante_NAO_historico
2022-06-29,4935169566.0,4864519319.0,4.0,4.0,0.0,4539445148.0,690849374.0,defillama_pool_historico,3.9223,3.9223,19546.37,21393.95,52.26,0.0,snapshot_atual_constante_NAO_historico
2022-06-30,4712977381.0,4642023112.0,4.0,4.0,0.0,4210439330.0,628458379.0,defillama_pool_historico,3.9223,3.9223,19546.37,21393.95,52.26,0.0,snapshot_atual_constante_NAO_historico
2022-07-01,4763831875.0,4690277643.0,3.9,3.9,0.0,4359975792.0,652148213.0,defillama_pool_historico,3.8261,3.8261,19546.37,21393.95,52.26,0.0,snapshot_atual_constante_NAO_historico
2022-07-02,4582057974.0,4511389437.0,4.0,4.0,0.0,4380939233.0,663854746.0,defillama_pool_historico,3.9223,3.9223,19546.37,21393.95,52.26,0.0,snapshot_atual_constante_NAO_historico
2022-07-03,4581471448.0,4509949483.0,3.9,3.9,0.0,4409746992.0,668008872.0,defillama_pool_historico,3.8261,3.8261,19546.37,21393.95,52.26,0.0,snapshot_atual_constante_NAO_historico
2022-07-04,4624675259.0,4552169505.0,3.9,3.9,0.0,4680798883.0,711017698.0,defillama_pool_historico,3.8261,3.8261,19546.37,21393.95,52.26,0.0,snapshot_atual_constante_NAO_historico
2022-07-05,4984983055.0,4906230442.0,3.9,3.9,0.0,4713828842.0,720589526.0,defillama_pool_historico,3.8261,3.8261,19546.37,21393.95,52.26,0.0,snapshot_atual_constante_NAO_historico
2022-07-06,4974559493.0,4897201607.0,3.9,3.9,0.0,4837109739.0,757150917.0,defillama_pool_historico,3.8261,3.8261,19546.37,21393.95,52.26,0.0,snapshot_atual_constante_NAO_historico
2022-07-07,5133736448.0,5052894486.0,4.0,4.0,0.0,5106471304.0,746576652.0,defillama_pool_historico,3.9223,3.9223,19546.37,21393.95,52.26,0.0,snapshot_atual_constante_NAO_historico
2022-07-08,5344081527.0,5260061358.0,4.0,4.0,0.0,5099925900.0,761697080.0,defillama_pool_historico,3.9223,3.9223,19546.37,21393.95,52.26,0.0,snapshot_atual_constante_NAO_historico
2022-07-09,5250407031.0,5165865902.0,4.0,4.0,0.0,5033724248.0,769195280.0,defillama_pool_historico,3.9223,3.9223,19546.37,21393.95,52.26,0.0,snapshot_atual_constante_NAO_historico
2022-07-10,5250360556.0,5167578774.0,4.0,4.0,0.0,4808943414.0,741990094.0,defillama_pool_historico,3.9223,3.9223,19546.37,21393.95,52.26,0.0,snapshot_atual_constante_NAO_historico
2022-07-11,5061484195.0,4980936372.0,4.0,4.0,0.0,4591925326.0,698320120.0,defillama_pool_historico,3.9223,3.9223,19546.37,21393.95,52.26,0.0,snapshot_atual_constante_NAO_historico
2022-07-12,4746412145.0,4671514105.0,4.0,4.0,0.0,4263669067.0,659005545.0,defillama_pool_historico,3.9223,3.9223,19546.37,21393.95,52.26,0.0,snapshot_atual_constante_NAO_historico
2022-07-13,4517909382.0,4443660314.0,3.9,3.9,0.0,4443090874.0,696560618.0,defillama_pool_historico,3.8261,3.8261,19546.37,21393.95,52.26,0.0,snapshot_atual_constante_NAO_historico
2022-07-14,4813719763.0,4734544614.0,3.9,3.9,0.0,4842711111.0,764540399.0,defillama_pool_historico,3.8261,3.8261,19546.37,21393.95,52.26,0.0,snapshot_atual_constante_NAO_historico
2022-07-15,5145157261.0,5057423071.0,3.9,3.9,0.0,5139344218.0,809259722.0,defillama_pool_historico,3.8261,3.8261,19546.37,21393.95,52.26,0.0,snapshot_atual_constante_NAO_historico
2022-07-16,5287333312.0,5198758392.0,4.0,4.0,0.0,5555425744.0,877001557.0,defillama_pool_historico,3.9223,3.9223,19546.37,21393.95,52.26,0.0,snapshot_atual_constante_NAO_historico
2022-07-17,5897920265.0,5800398898.0,3.9,3.9,0.0,5625899824.0,907949726.0,defillama_pool_historico,3.8261,3.8261,19546.37,21393.95,52.26,0.0,snapshot_atual_constante_NAO_historico
2022-07-18,5848335028.0,5753443236.0,3.9,3.9,0.0,6263863454.0,1073043443.0,defillama_pool_historico,3.8261,3.8261,19546.37,21393.95,52.26,0.0,snapshot_atual_constante_NAO_historico
2022-07-19,6818774574.0,6708494572.0,3.9,3.9,0.0,6518463985.0,1092290296.0,defillama_pool_historico,3.8261,3.8261,19546.37,21393.95,52.26,0.0,snapshot_atual_constante_NAO_historico
2022-07-20,6678884086.0,6567650880.0,3.9,3.9,0.0,6472259510.0,1052208431.0,defillama_pool_historico,3.8261,3.8261,19546.37,21393.95,52.26,0.0,snapshot_atual_constante_NAO_historico
2022-07-21,6612586502.0,6497456919.0,3.9,3.9,0.0,6607042649.0,1084394456.0,defillama_pool_historico,3.8261,3.8261,19546.37,21393.95,52.26,0.0,snapshot_atual_constante_NAO_historico
2022-07-22,6765439728.0,6645748565.0,3.9,3.9,0.0,6416905210.0,1171515730.0,defillama_pool_historico,3.8261,3.8261,19546.37,21393.95,52.26,0.0,snapshot_atual_constante_NAO_historico
2022-07-23,6951636984.0,6836885848.0,3.9,3.9,0.0,6353671405.0,1174120095.0,defillama_pool_historico,3.8261,3.8261,19546.37,21393.95,52.26,0.0,snapshot_atual_constante_NAO_historico
2022-07-24,6809638843.0,6695880551.0,3.9,3.9,0.0,6761689534.0,1235720629.0,defillama_pool_historico,3.8261,3.8261,19546.37,21393.95,52.26,0.0,snapshot_atual_constante_NAO_historico
2022-07-25,6815380955.0,6694784258.0,3.9,3.9,0.0,6240665157.0,1139639876.0,defillama_pool_historico,3.8261,3.8261,19546.37,21393.95,52.26,0.0,snapshot_atual_constante_NAO_historico
2022-07-26,6333162243.0,6216767798.0,4.0,4.0,0.0,5865846166.0,1064612078.0,defillama_pool_historico,3.9223,3.9223,19546.37,21393.95,52.26,0.0,snapshot_atual_constante_NAO_historico
2022-07-27,6270641475.0,6161696380.0,3.9,3.9,0.0,6777984956.0,1303037411.0,defillama_pool_historico,3.8261,3.8261,19546.37,21393.95,52.26,0.0,snapshot_atual_constante_NAO_historico
2022-07-28,7036221468.0,6915553350.0,4.0,4.0,0.0,7232897604.0,1397432120.0,defillama_pool_historico,3.9223,3.9223,19546.37,21393.95,52.26,0.0,snapshot_atual_constante_NAO_historico
2022-07-29,7514351432.0,7383859695.0,3.9,3.9,0.0,7174806109.0,1396795533.0,defillama_pool_historico,3.8261,3.8261,19546.37,21393.95,52.26,0.0,snapshot_atual_constante_NAO_historico
2022-07-30,7519984075.0,7390675278.0,3.9,3.9,0.0,6977484593.0,1367771996.0,defillama_pool_historico,3.8261,3.8261,19546.37,21393.95,52.26,0.0,snapshot_atual_constante_NAO_historico
2022-07-31,7421914302.0,7287852644.0,3.9,3.9,0.0,7014586564.0,1352283481.0,defillama_pool_historico,3.8261,3.8261,19546.37,21393.95,52.26,0.0,snapshot_atual_constante_NAO_historico
2022-08-01,7332208984.0,7199082637.0,3.9,3.9,0.0,6724669519.0,1319305661.0,defillama_pool_historico,3.8261,3.8261,19546.37,21393.95,52.26,0.0,snapshot_atual_constante_NAO_historico
2022-08-02,7166254107.0,7035706202.0,3.9,3.9,0.0,6890613466.0,1326583772.0,defillama_pool_historico,3.8261,3.8261,19546.37,21393.95,52.26,0.0,snapshot_atual_constante_NAO_historico
2022-08-03,6967295709.0,6846938034.0,3.9,3.9,0.0,6776873887.0,1318764915.0,defillama_pool_historico,3.8261,3.8261,19546.37,21393.95,52.26,0.0,snapshot_atual_constante_NAO_historico
2022-08-04,7164465654.0,7039653229.0,3.9,3.9,0.0,6713444566.0,1298168163.0,defillama_pool_historico,3.8261,3.8261,19546.37,21393.95,52.26,0.0,snapshot_atual_constante_NAO_historico
2022-08-05,7042199984.0,6908542490.0,3.9,3.9,0.0,6908542490.0,1390282741.0,defillama_pool_historico,3.8261,3.8261,19546.37,21393.95,52.26,0.0,snapshot_atual_constante_NAO_historico
2022-08-06,7597604210.0,7458717544.0,3.9,3.9,0.0,7458717544.0,1391287099.0,defillama_pool_historico,3.8261,3.8261,19546.37,21393.95,52.26,0.0,snapshot_atual_constante_NAO_historico
2022-08-07,7353034058.0,7217877591.0,3.9,3.9,0.0,7217877591.0,1371327986.0,defillama_pool_historico,3.8261,3.8261,19546.37,21393.95,52.26,0.0,snapshot_atual_constante_NAO_historico
2022-08-08,7462437135.0,7322777958.0,3.9,3.9,0.0,7304205552.0,1421992277.0,defillama_pool_historico,3.8261,3.8261,19546.37,21393.95,52.26,0.0,snapshot_atual_constante_NAO_historico
2022-08-09,7778249085.0,7634132299.0,3.9,3.9,0.0,6995633859.0,1335962665.0,defillama_pool_historico,3.8261,3.8261,19546.37,21393.95,52.26,0.0,snapshot_atual_constante_NAO_historico
2022-08-10,7320949328.0,7183086972.0,3.9,3.9,0.0,7634852552.0,1456330412.0,defillama_pool_historico,3.8261,3.8261,19546.37,21393.95,52.26,0.0,snapshot_atual_constante_NAO_historico
2022-08-11,8216727289.0,8061746286.0,3.9,3.9,0.0,7843828625.0,1504688490.0,defillama_pool_historico,3.8261,3.8261,19546.37,21393.95,52.26,0.0,snapshot_atual_constante_NAO_historico
2022-08-12,8281475110.0,8123461672.0,3.9,3.9,0.0,8011739284.0,1452249281.0,defillama_pool_historico,3.8261,3.8261,19546.37,21393.95,52.26,0.0,snapshot_atual_constante_NAO_historico
2022-08-13,8575456826.0,8394396805.0,3.9,3.9,0.0,8303910199.0,1488724177.0,defillama_pool_historico,3.8261,3.8261,19546.37,21393.95,52.26,0.0,snapshot_atual_constante_NAO_historico
2022-08-14,8743865696.0,8561384060.0,3.9,3.9,0.0,8098077400.0,1463000065.0,defillama_pool_historico,3.8261,3.8261,19546.37,21393.95,52.26,0.0,snapshot_atual_constante_NAO_historico
2022-08-15,8574273209.0,8396821130.0,3.9,3.9,0.0,7960091878.0,1432369124.0,defillama_pool_historico,3.8261,3.8261,19546.37,21393.95,52.26,0.0,snapshot_atual_constante_NAO_historico
2022-08-16,8332835790.0,8160719407.0,3.9,3.9,0.0,7812960907.0,1438821155.0,defillama_pool_historico,3.8261,3.8261,19546.37,21393.95,52.26,0.0,snapshot_atual_constante_NAO_historico
2022-08-17,8346242557.0,8158193287.0,3.9,3.9,0.0,7684345027.0,1409801309.0,defillama_pool_historico,3.8261,3.8261,19546.37,21393.95,52.26,0.0,snapshot_atual_constante_NAO_historico
2022-08-18,8124104533.0,7946287262.0,3.9,3.9,0.0,7788872430.0,1435261984.0,defillama_pool_historico,3.8261,3.8261,19546.37,21393.95,52.26,0.0,snapshot_atual_constante_NAO_historico
2022-08-19,8026214614.0,7856514657.0,3.9,3.9,0.0,6860332450.0,1266322959.0,defillama_pool_historico,3.8261,3.8261,19546.37,21393.95,52.26,0.0,snapshot_atual_constante_NAO_historico
2022-08-20,7177379844.0,7015854373.0,3.9,3.9,0.0,6583547617.0,1223378177.0,defillama_pool_historico,3.8261,3.8261,19546.37,21393.95,52.26,0.0,snapshot_atual_constante_NAO_historico
2022-08-21,6953288173.0,6796982708.0,3.9,3.9,0.0,6683229695.0,1262602811.0,defillama_pool_historico,3.8261,3.8261,19546.37,21393.95,52.26,0.0,snapshot_atual_constante_NAO_historico
2022-08-22,7107710810.0,6946586041.0,3.9,3.9,0.0,6580044165.0,1256857293.0,defillama_pool_historico,3.8261,3.8261,19546.37,21393.95,52.26,0.0,snapshot_atual_constante_NAO_historico
2022-08-23,7136494471.0,6979463981.0,3.9,3.9,0.0,6909594160.0,1305574774.0,defillama_pool_historico,3.8261,3.8261,19546.37,21393.95,52.26,0.0,snapshot_atual_constante_NAO_historico
2022-08-24,7221021240.0,7063522970.0,3.9,3.9,0.0,6948100964.0,1311965526.0,defillama_pool_historico,3.8261,3.8261,19546.37,21393.95,52.26,0.0,snapshot_atual_constante_NAO_historico
2022-08-25,7355750573.0,7194254012.0,3.9,3.9,0.0,7123541693.0,1337633594.0,defillama_pool_historico,3.8261,3.8261,19546.37,21393.95,52.26,0.0,snapshot_atual_constante_NAO_historico
2022-08-26,7412282386.0,7247639088.0,3.8,3.8,0.0,6488054486.0,1217220838.0,defillama_pool_historico,3.7298,3.7298,19546.37,21393.95,52.26,0.0,snapshot_atual_constante_NAO_historico
2022-08-27,6656172160.0,6505944213.0,3.9,3.9,0.0,6177416420.0,1165045413.0,defillama_pool_historico,3.8261,3.8261,19546.37,21393.95,52.26,0.0,snapshot_atual_constante_NAO_historico
2022-08-28,6602312335.0,6452061027.0,3.9,3.9,0.0,6114311812.0,1149749400.0,defillama_pool_historico,3.8261,3.8261,19546.37,21393.95,52.26,0.0,snapshot_atual_constante_NAO_historico
2022-08-29,6321823604.0,6190625016.0,3.9,3.9,0.0,6443174944.0,1211244995.0,defillama_pool_historico,3.8261,3.8261,19546.37,21393.95,52.26,0.0,snapshot_atual_constante_NAO_historico
2022-08-30,6800958642.0,6659513028.0,3.9,3.9,0.0,6427031104.0,1209108807.0,defillama_pool_historico,3.8261,3.8261,19546.37,21393.95,52.26,0.0,snapshot_atual_constante_NAO_historico
2022-08-31,6826349841.0,6688298949.0,3.9,3.9,0.0,6576566695.0,1227605559.0,defillama_pool_historico,3.8261,3.8261,19546.37,21393.95,52.26,0.0,snapshot_atual_constante_NAO_historico
2022-09-01,6788495389.0,6652296216.0,3.9,3.9,0.0,6612139651.0,1222062661.0,defillama_pool_historico,3.8261,3.8261,19546.37,21393.95,52.26,0.0,snapshot_atual_constante_NAO_historico
2022-09-02,6956941901.0,6820863074.0,3.9,3.9,0.0,6580468626.0,1154120306.0,defillama_pool_historico,3.8261,3.8261,19546.37,21393.95,52.26,0.0,snapshot_atual_constante_NAO_historico
2022-09-03,6964664592.0,6821189876.0,3.9,3.9,0.0,6469124569.0,1137690265.0,defillama_pool_historico,3.8261,3.8261,19546.37,21393.95,52.26,0.0,snapshot_atual_constante_NAO_historico
2022-09-04,6890989681.0,6746659345.0,3.9,3.9,0.0,6542640230.0,1142248515.0,defillama_pool_historico,3.8261,3.8261,19546.37,21393.95,52.26,0.0,snapshot_atual_constante_NAO_historico
2022-09-05,6960908357.0,6811352005.0,3.9,3.9,0.0,6643226253.0,1169222239.0,defillama_pool_historico,3.8261,3.8261,19546.37,21393.95,52.26,0.0,snapshot_atual_constante_NAO_historico
2022-09-06,7307764880.0,7153406325.0,3.8,3.8,0.0,6520763538.0,1050500464.0,defillama_pool_historico,3.7298,3.7298,19546.37,21393.95,52.26,0.0,snapshot_atual_constante_NAO_historico
2022-09-07,6779710272.0,6635529319.0,3.5,3.5,0.0,6763332373.0,1085413176.0,defillama_pool_historico,3.4403,3.4403,19546.37,21393.95,52.26,0.0,snapshot_atual_constante_NAO_historico
2022-09-08,7174881004.0,7024234667.0,3.8,3.8,0.0,6786851272.0,1088790744.0,defillama_pool_historico,3.7298,3.7298,19546.37,21393.95,52.26,0.0,snapshot_atual_constante_NAO_historico
2022-09-09,7246058695.0,7088128363.0,3.8,3.8,0.0,7168583666.0,1143088530.0,defillama_pool_historico,3.7298,3.7298,19546.37,21393.95,52.26,0.0,snapshot_atual_constante_NAO_historico
2022-09-10,7577008327.0,7417402231.0,3.8,3.8,0.0,7351359379.0,1177018924.0,defillama_pool_historico,3.7298,3.7298,19546.37,21393.95,52.26,0.0,snapshot_atual_constante_NAO_historico
2022-09-11,7836801192.0,7675051919.0,3.8,3.8,0.0,7286655809.0,1160589472.0,defillama_pool_historico,3.7298,3.7298,19546.37,21393.95,52.26,0.0,snapshot_atual_constante_NAO_historico
2022-09-12,7723269787.0,7562725461.0,3.8,3.8,0.0,7192081392.0,1073185111.0,defillama_pool_historico,3.7298,3.7298,19546.37,21393.95,52.26,0.0,snapshot_atual_constante_NAO_historico
2022-09-13,7600990361.0,7429915336.0,3.8,3.8,0.0,6632054366.0,880313847.0,defillama_pool_historico,3.7298,3.7298,19546.37,21393.95,52.26,0.0,snapshot_atual_constante_NAO_historico
2022-09-14,6962239660.0,6809530840.0,3.8,3.8,0.0,6698034102.0,853111372.0,defillama_pool_historico,3.7298,3.7298,19546.37,21393.95,52.26,0.0,snapshot_atual_constante_NAO_historico
2022-09-15,7241352891.0,7084421894.0,4.0,4.0,0.0,6383348324.0,840415328.0,defillama_pool_historico,3.9223,3.9223,19546.37,21393.95,52.26,0.0,snapshot_atual_constante_NAO_historico
2022-09-16,6543087896.0,6394625252.0,5.5,5.5,0.0,6152550787.0,919573362.0,defillama_pool_historico,5.3545,5.3545,19546.37,21393.95,52.26,0.0,snapshot_atual_constante_NAO_historico
2022-09-17,6407712565.0,6259532679.0,4.8,4.8,0.0,6248868873.0,980881503.0,defillama_pool_historico,4.6887,4.6887,19546.37,21393.95,52.26,0.0,snapshot_atual_constante_NAO_historico
2022-09-18,6464727999.0,6312012539.0,4.6,4.6,0.0,5723155462.0,996890288.0,defillama_pool_historico,4.4976,4.4976,19546.37,21393.95,52.26,0.0,snapshot_atual_constante_NAO_historico
2022-09-19,5988159357.0,5845514789.0,5.3,5.3,0.0,5932865782.0,1077261321.0,defillama_pool_historico,5.1647,5.1647,19546.37,21393.95,52.26,0.0,snapshot_atual_constante_NAO_historico
2022-09-20,6100922345.0,5953705525.0,4.9,4.9,0.0,5697552372.0,1379282418.0,defillama_pool_historico,4.784,4.784,19546.37,21393.95,52.26,0.0,snapshot_atual_constante_NAO_historico
2022-09-21,5967551614.0,5823322433.0,5.3,5.3,0.0,5300665049.0,1285632469.0,defillama_pool_historico,5.1647,5.1647,19546.37,21393.95,52.26,0.0,snapshot_atual_constante_NAO_historico
2022-09-22,5570634133.0,5430948500.0,5.2,5.2,0.0,5677021743.0,1383918377.0,defillama_pool_historico,5.0697,5.0697,19546.37,21393.95,52.26,0.0,snapshot_atual_constante_NAO_historico
2022-09-23,5954843556.0,5807080738.0,5.0,5.0,0.0,5762440019.0,1419904484.0,defillama_pool_historico,4.8793,4.8793,19546.37,21393.95,52.26,0.0,snapshot_atual_constante_NAO_historico
2022-09-24,5926674373.0,5771149997.0,5.0,5.0,0.0,5715230579.0,1425466457.0,defillama_pool_historico,4.8793,4.8793,19546.37,21393.95,52.26,0.0,snapshot_atual_constante_NAO_historico
2022-09-25,5938835079.0,5783579069.0,4.7,4.7,0.0,5616952047.0,1422560207.0,defillama_pool_historico,4.5932,4.5932,19546.37,21393.95,52.26,0.0,snapshot_atual_constante_NAO_historico
2022-09-26,5875016866.0,5724110674.0,5.1,5.1,0.0,5749704257.0,1657012416.0,defillama_pool_historico,4.9745,4.9745,19546.37,21393.95,52.26,0.0,snapshot_atual_constante_NAO_historico
2022-09-27,6077935159.0,5922650983.0,5.5,5.5,0.0,5776603773.0,1717139829.0,defillama_pool_historico,5.3545,5.3545,19546.37,21393.95,52.26,0.0,snapshot_atual_constante_NAO_historico
2022-09-28,6068803098.0,5915319264.0,5.6,5.6,0.0,5843639254.0,1732116774.0,defillama_pool_historico,5.4492,5.4492,19546.37,21393.95,52.26,0.0,snapshot_atual_constante_NAO_historico
2022-09-29,6050701284.0,5893607577.0,5.4,5.4,0.0,5843185343.0,1723461785.0,defillama_pool_historico,5.2596,5.2596,19546.37,21393.95,52.26,0.0,snapshot_atual_constante_NAO_historico
2022-09-30,6054258476.0,5891058064.0,5.6,5.6,0.0,5801648031.0,1726029304.0,defillama_pool_historico,5.4492,5.4492,19546.37,21393.95,52.26,0.0,snapshot_atual_constante_NAO_historico
2022-10-01,6028799812.0,5871272054.0,5.4,5.4,0.0,5751410711.0,1717735728.0,defillama_pool_historico,5.2596,5.2596,19546.37,21393.95,52.26,0.0,snapshot_atual_constante_NAO_historico
2022-10-02,5963070844.0,5805704245.0,5.1,5.1,0.0,5716507295.0,1694136991.0,defillama_pool_historico,4.9745,4.9745,19546.37,21393.95,52.26,0.0,snapshot_atual_constante_NAO_historico
2022-10-03,5827759009.0,5675489887.0,5.2,5.2,0.0,5773325745.0,1722531651.0,defillama_pool_historico,5.0697,5.0697,19546.37,21393.95,52.26,0.0,snapshot_atual_constante_NAO_historico
2022-10-04,6028385658.0,5871482589.0,5.0,5.0,0.0,5952964141.0,1779166803.0,defillama_pool_historico,4.8793,4.8793,19546.37,21393.95,52.26,0.0,snapshot_atual_constante_NAO_historico
2022-10-05,6168139745.0,6006183281.0,5.3,5.3,0.0,5920188192.0,1697783050.0,defillama_pool_historico,5.1647,5.1647,19546.37,21393.95,52.26,0.0,snapshot_atual_constante_NAO_historico
2022-10-06,6208059044.0,6047610516.0,5.7,5.7,0.0,5943018896.0,1695941423.0,defillama_pool_historico,5.5439,5.5439,19546.37,21393.95,52.26,0.0,snapshot_atual_constante_NAO_historico
2022-10-07,6187567958.0,6027893086.0,5.0,5.0,0.0,5854806263.0,1671920628.0,defillama_pool_historico,4.8793,4.8793,19546.37,21393.95,52.26,0.0,snapshot_atual_constante_NAO_historico
2022-10-08,6091152486.0,5934422392.0,5.8,5.8,0.0,5760214894.0,1643750385.0,defillama_pool_historico,5.6385,5.6385,19546.37,21393.95,52.26,0.0,snapshot_atual_constante_NAO_historico
2022-10-09,6000948217.0,5845497638.0,4.7,4.7,0.0,5805945106.0,1652584324.0,defillama_pool_historico,4.5932,4.5932,19546.37,21393.95,52.26,0.0,snapshot_atual_constante_NAO_historico
2022-10-10,6073998879.0,5915679579.0,5.0,5.0,0.0,5682810416.0,1617915821.0,defillama_pool_historico,4.8793,4.8793,19546.37,21393.95,52.26,0.0,snapshot_atual_constante_NAO_historico
2022-10-11,5865086505.0,5713880629.0,5.2,5.2,0.0,5634787546.0,1597425845.0,defillama_pool_historico,5.0697,5.0697,19546.37,21393.95,52.26,0.0,snapshot_atual_constante_NAO_historico
2022-10-12,5889584121.0,5739905134.0,4.9,4.9,0.0,5726380785.0,1612208118.0,defillama_pool_historico,4.784,4.784,19546.37,21393.95,52.26,0.0,snapshot_atual_constante_NAO_historico
2022-10-13,5991392050.0,5842056416.0,5.1,5.1,0.0,5702727849.0,1579928734.0,defillama_pool_historico,4.9745,4.9745,19546.37,21393.95,52.26,0.0,snapshot_atual_constante_NAO_historico
2022-10-14,5897564725.0,5752247894.0,6.2,6.2,0.0,5696341566.0,1603351062.0,defillama_pool_historico,6.0159,6.0159,19546.37,21393.95,52.26,0.0,snapshot_atual_constante_NAO_historico
2022-10-15,5933377378.0,5790577355.0,5.0,5.0,0.0,5630081851.0,1581727499.0,defillama_pool_historico,4.8793,4.8793,19546.37,21393.95,52.26,0.0,snapshot_atual_constante_NAO_historico
2022-10-16,5850489385.0,5709656700.0,5.0,5.0,0.0,5785844872.0,1626354190.0,defillama_pool_historico,4.8793,4.8793,19546.37,21393.95,52.26,0.0,snapshot_atual_constante_NAO_historico
2022-10-17,5972254990.0,5830383584.0,5.0,5.0,0.0,5874054170.0,1652533217.0,defillama_pool_historico,4.8793,4.8793,19546.37,21393.95,52.26,0.0,snapshot_atual_constante_NAO_historico
2022-10-18,6110460901.0,5964553598.0,5.9,5.9,0.0,5811321656.0,1627779532.0,defillama_pool_historico,5.733,5.733,19546.37,21393.95,52.26,0.0,snapshot_atual_constante_NAO_historico
2022-10-19,5979875670.0,5841768808.0,5.5,5.5,0.0,5743039452.0,1572943128.0,defillama_pool_historico,5.3545,5.3545,19546.37,21393.95,52.26,0.0,snapshot_atual_constante_NAO_historico
2022-10-20,5877232360.0,5744785617.0,6.3,6.3,0.0,5700698685.0,1568347318.0,defillama_pool_historico,6.11,6.11,19546.37,21393.95,52.26,0.0,snapshot_atual_constante_NAO_historico
2022-10-21,5890087141.0,5763221461.0,5.7,5.7,0.0,5785676210.0,1590906713.0,defillama_pool_historico,5.5439,5.5439,19546.37,21393.95,52.26,0.0,snapshot_atual_constante_NAO_historico
2022-10-22,6009014505.0,5882536182.0,5.6,5.6,0.0,5863410016.0,1613926165.0,defillama_pool_historico,5.4492,5.4492,19546.37,21393.95,52.26,0.0,snapshot_atual_constante_NAO_historico
2022-10-23,6038833639.0,5911730739.0,5.0,5.0,0.0,6018734656.0,1678290276.0,defillama_pool_historico,4.8793,4.8793,19546.37,21393.95,52.26,0.0,snapshot_atual_constante_NAO_historico
2022-10-24,6280910756.0,6145081533.0,5.0,5.0,0.0,6022969192.0,1650996197.0,defillama_pool_historico,4.8793,4.8793,19546.37,21393.95,52.26,0.0,snapshot_atual_constante_NAO_historico
2022-10-25,6196801225.0,6065421559.0,5.0,5.0,0.0,6625011130.0,1783064689.0,defillama_pool_historico,4.8793,4.8793,19546.37,21393.95,52.26,0.0,snapshot_atual_constante_NAO_historico
2022-10-26,6810434687.0,6666847257.0,6.1,6.1,0.0,7016639524.0,1925908666.0,defillama_pool_historico,5.9217,5.9217,19546.37,21393.95,52.26,0.0,snapshot_atual_constante_NAO_historico
2022-10-27,7254349800.0,7109610986.0,5.8,5.8,0.0,6923039371.0,1866397075.0,defillama_pool_historico,5.6385,5.6385,19546.37,21393.95,52.26,0.0,snapshot_atual_constante_NAO_historico
2022-10-28,7113693210.0,6971842772.0,5.4,5.4,0.0,7102693764.0,1899478223.0,defillama_pool_historico,5.2596,5.2596,19546.37,21393.95,52.26,0.0,snapshot_atual_constante_NAO_historico
2022-10-29,7268928086.0,7120329506.0,5.3,5.3,0.0,7467958839.0,1960147648.0,defillama_pool_historico,5.1647,5.1647,19546.37,21393.95,52.26,0.0,snapshot_atual_constante_NAO_historico
2022-10-30,7609382455.0,7458109920.0,5.3,5.3,0.0,7351125624.0,1923528215.0,defillama_pool_historico,5.1647,5.1647,19546.37,21393.95,52.26,0.0,snapshot_atual_constante_NAO_historico
2022-10-31,7501819224.0,7349917574.0,5.0,5.0,0.0,7210064108.0,1888481288.0,defillama_pool_historico,4.8793,4.8793,19546.37,21393.95,52.26,0.0,snapshot_atual_constante_NAO_historico
2022-11-01,7474286123.0,7323220853.0,5.3,5.3,0.0,7325844573.0,1896978740.0,defillama_pool_historico,5.1647,5.1647,19546.37,21393.95,52.26,0.0,snapshot_atual_constante_NAO_historico
2022-11-02,7591802624.0,7429803453.0,5.3,5.3,0.0,7054992160.0,1803060263.0,defillama_pool_historico,5.1647,5.1647,19546.37,21393.95,52.26,0.0,snapshot_atual_constante_NAO_historico
2022-11-03,7384757339.0,7226800242.0,5.8,5.8,0.0,7159502067.0,1829526975.0,defillama_pool_historico,5.6385,5.6385,19546.37,21393.95,52.26,0.0,snapshot_atual_constante_NAO_historico
2022-11-04,7411328033.0,7252483978.0,6.2,6.2,0.0,7673028495.0,1967465073.0,defillama_pool_historico,6.0159,6.0159,19546.37,21393.95,52.26,0.0,snapshot_atual_constante_NAO_historico
2022-11-05,7958186988.0,7783924722.0,5.3,5.3,0.0,7645207753.0,1921554823.0,defillama_pool_historico,5.1647,5.1647,19546.37,21393.95,52.26,0.0,snapshot_atual_constante_NAO_historico
2022-11-06,7887740418.0,7704804459.0,4.6,4.6,0.0,7535123379.0,1884297647.0,defillama_pool_historico,4.4976,4.4976,19546.37,21393.95,52.26,0.0,snapshot_atual_constante_NAO_historico
2022-11-07,7624889840.0,7460769441.0,5.0,5.0,0.0,7438152760.0,1221753893.0,defillama_pool_historico,4.8793,4.8793,19546.37,21393.95,52.26,0.0,snapshot_atual_constante_NAO_historico
2022-11-08,7594177929.0,7444416556.0,5.9,5.9,0.0,6202171997.0,1016254775.0,defillama_pool_historico,5.733,5.733,19546.37,21393.95,52.26,0.0,snapshot_atual_constante_NAO_historico
2022-11-09,6399103082.0,6283300004.0,5.9,5.9,0.0,5180491530.0,779844055.0,defillama_pool_historico,5.733,5.733,19546.37,21393.95,52.26,0.0,snapshot_atual_constante_NAO_historico
2022-11-10,5468354993.0,5397212606.0,6.9,6.9,0.0,6177737971.0,914506003.0,defillama_pool_historico,6.673,6.673,19546.37,21393.95,52.26,0.0,snapshot_atual_constante_NAO_historico
2022-11-11,6214169999.0,6145920652.0,6.9,6.9,0.0,5916676591.0,888590275.0,defillama_pool_historico,6.673,6.673,19546.37,21393.95,52.26,0.0,snapshot_atual_constante_NAO_historico
2022-11-12,6133909714.0,6072252789.0,6.9,6.9,0.0,5847547893.0,850696819.0,defillama_pool_historico,6.673,6.673,19546.37,21393.95,52.26,0.0,snapshot_atual_constante_NAO_historico
2022-11-13,6035233262.0,5980480703.0,10.2,10.2,0.0,5705998188.0,830523074.0,defillama_pool_historico,9.714,9.714,19546.37,21393.95,52.26,0.0,snapshot_atual_constante_NAO_historico
2022-11-14,5804399095.0,5754964475.0,10.2,10.2,0.0,5718763865.0,809248759.0,defillama_pool_historico,9.714,9.714,19546.37,21393.95,52.26,0.0,snapshot_atual_constante_NAO_historico
2022-11-15,5978998668.0,5926996331.0,10.1,10.1,0.0,5830867018.0,872908853.0,defillama_pool_historico,9.6232,9.6232,19546.37,21393.95,52.26,0.0,snapshot_atual_constante_NAO_historico
2022-11-16,6031112792.0,5980630108.0,9.7,9.7,0.0,5660194496.0,848489154.0,defillama_pool_historico,9.2591,9.2591,19546.37,21393.95,52.26,0.0,snapshot_atual_constante_NAO_historico
2022-11-17,5882952218.0,5832310756.0,5.5,5.5,0.0,5667059854.0,871640581.0,defillama_pool_historico,5.3545,5.3545,19546.37,21393.95,52.26,0.0,snapshot_atual_constante_NAO_historico
2022-11-18,5826362532.0,5778139963.0,5.2,5.2,0.0,5662140339.0,859408908.0,defillama_pool_historico,5.0697,5.0697,19546.37,21393.95,52.26,0.0,snapshot_atual_constante_NAO_historico
2022-11-19,5830238013.0,5783584648.0,4.8,4.8,0.0,5732534871.0,871263682.0,defillama_pool_historico,4.6887,4.6887,19546.37,21393.95,52.26,0.0,snapshot_atual_constante_NAO_historico
2022-11-20,5888825007.0,5842816175.0,5.3,5.3,0.0,5419250524.0,816144744.0,defillama_pool_historico,5.1647,5.1647,19546.37,21393.95,52.26,0.0,snapshot_atual_constante_NAO_historico
2022-11-21,5500653742.0,5456803799.0,5.3,5.3,0.0,5274056690.0,793061821.0,defillama_pool_historico,5.1647,5.1647,19546.37,21393.95,52.26,0.0,snapshot_atual_constante_NAO_historico
2022-11-22,5371790230.0,5328888056.0,5.4,5.4,0.0,5293241478.0,782652755.0,defillama_pool_historico,5.2596,5.2596,19546.37,21393.95,52.26,0.0,snapshot_atual_constante_NAO_historico
2022-11-23,5496181373.0,5451067093.0,6.3,6.3,0.0,5481722310.0,777412140.0,defillama_pool_historico,6.11,6.11,19546.37,21393.95,52.26,0.0,snapshot_atual_constante_NAO_historico
2022-11-24,5722361917.0,5673251319.0,4.9,4.9,0.0,5578991151.0,690385458.0,defillama_pool_historico,4.784,4.784,19546.37,21393.95,52.26,0.0,snapshot_atual_constante_NAO_historico
2022-11-25,5797427588.0,5748597417.0,4.9,4.9,0.0,5617013869.0,694710117.0,defillama_pool_historico,4.784,4.784,19546.37,21393.95,52.26,0.0,snapshot_atual_constante_NAO_historico
2022-11-26,5837284788.0,5788299490.0,7.7,7.7,0.0,5666576564.0,700457592.0,defillama_pool_historico,7.4187,7.4187,19546.37,21393.95,52.26,0.0,snapshot_atual_constante_NAO_historico
2022-11-27,5834590243.0,5785589031.0,4.4,4.4,0.0,5702807364.0,718218719.0,defillama_pool_historico,4.3062,4.3062,19546.37,21393.95,52.26,0.0,snapshot_atual_constante_NAO_historico
2022-11-28,5805209272.0,5756300525.0,5.0,5.0,0.0,5517604288.0,694339198.0,defillama_pool_historico,4.8793,4.8793,19546.37,21393.95,52.26,0.0,snapshot_atual_constante_NAO_historico
2022-11-29,5649099738.0,5602335430.0,4.8,4.8,0.0,5759108457.0,724767913.0,defillama_pool_historico,4.6887,4.6887,19546.37,21393.95,52.26,0.0,snapshot_atual_constante_NAO_historico
2022-11-30,6189278062.0,6140027358.0,4.7,4.7,0.0,6084415198.0,773598212.0,defillama_pool_historico,4.5932,4.5932,19546.37,21393.95,52.26,0.0,snapshot_atual_constante_NAO_historico
2022-12-01,6275577816.0,6225722799.0,4.8,4.8,0.0,6026474714.0,757701145.0,defillama_pool_historico,4.6887,4.6887,19546.37,21393.95,52.26,0.0,snapshot_atual_constante_NAO_historico
2022-12-02,6226843844.0,6177781499.0,5.0,5.0,0.0,6101101000.0,762985926.0,defillama_pool_historico,4.8793,4.8793,19546.37,21393.95,52.26,0.0,snapshot_atual_constante_NAO_historico
2022-12-03,6261320348.0,6212080046.0,4.6,4.6,0.0,5882960738.0,733028173.0,defillama_pool_historico,4.4976,4.4976,19546.37,21393.95,52.26,0.0,snapshot_atual_constante_NAO_historico
2022-12-04,6076854257.0,6028616030.0,4.6,4.6,0.0,6036426806.0,754324622.0,defillama_pool_historico,4.4976,4.4976,19546.37,21393.95,52.26,0.0,snapshot_atual_constante_NAO_historico
2022-12-05,6278000898.0,6228166645.0,4.4,4.4,0.0,5944511613.0,743200960.0,defillama_pool_historico,4.3062,4.3062,19546.37,21393.95,52.26,0.0,snapshot_atual_constante_NAO_historico
2022-12-06,6143950848.0,6094643033.0,4.5,4.5,0.0,5923663119.0,734938010.0,defillama_pool_historico,4.402,4.402,19546.37,21393.95,52.26,0.0,snapshot_atual_constante_NAO_historico
2022-12-07,6160919509.0,6111075157.0,4.7,4.7,0.0,5827050199.0,741581595.0,defillama_pool_historico,4.5932,4.5932,19546.37,21393.95,52.26,0.0,snapshot_atual_constante_NAO_historico
2022-12-08,5991080970.0,5943392387.0,5.0,5.0,0.0,6049820121.0,769798855.0,defillama_pool_historico,4.8793,4.8793,19546.37,21393.95,52.26,0.0,snapshot_atual_constante_NAO_historico
2022-12-09,6203167461.0,6154698900.0,4.8,4.8,0.0,5974703310.0,811022419.0,defillama_pool_historico,4.6887,4.6887,19546.37,21393.95,52.26,0.0,snapshot_atual_constante_NAO_historico
2022-12-10,6146347601.0,6098437698.0,4.5,4.5,0.0,6028613481.0,815916176.0,defillama_pool_historico,4.402,4.402,19546.37,21393.95,52.26,0.0,snapshot_atual_constante_NAO_historico
2022-12-11,6166249166.0,6117749291.0,4.1,4.1,0.0,6012390465.0,811526008.0,defillama_pool_historico,4.0184,4.0184,19546.37,21393.95,52.26,0.0,snapshot_atual_constante_NAO_historico
2022-12-12,6109663500.0,6062143993.0,4.7,4.7,0.0,6053352028.0,817858902.0,defillama_pool_historico,4.5932,4.5932,19546.37,21393.95,52.26,0.0,snapshot_atual_constante_NAO_historico
2022-12-13,6190291737.0,6143026225.0,4.8,4.8,0.0,6265841246.0,851456932.0,defillama_pool_historico,4.6887,4.6887,19546.37,21393.95,52.26,0.0,snapshot_atual_constante_NAO_historico
2022-12-14,6449735465.0,6400503429.0,4.9,4.9,0.0,6225856615.0,849619387.0,defillama_pool_historico,4.784,4.784,19546.37,21393.95,52.26,0.0,snapshot_atual_constante_NAO_historico
2022-12-15,6372157606.0,6322574459.0,4.7,4.7,0.0,6023963845.0,825278840.0,defillama_pool_historico,4.5932,4.5932,19546.37,21393.95,52.26,0.0,snapshot_atual_constante_NAO_historico
2022-12-16,6208809734.0,6159226446.0,5.0,5.0,0.0,5685196904.0,776866784.0,defillama_pool_historico,4.8793,4.8793,19546.37,21393.95,52.26,0.0,snapshot_atual_constante_NAO_historico
2022-12-17,5725216905.0,5681387262.0,5.4,5.4,0.0,5607159373.0,772325788.0,defillama_pool_historico,5.2596,5.2596,19546.37,21393.95,52.26,0.0,snapshot_atual_constante_NAO_historico
2022-12-18,5791000792.0,5746709464.0,4.6,4.6,0.0,5631285759.0,780562798.0,defillama_pool_historico,4.4976,4.4976,19546.37,21393.95,52.26,0.0,snapshot_atual_constante_NAO_historico
2022-12-19,5813017465.0,5768933537.0,4.3,4.3,0.0,5605513021.0,761925256.0,defillama_pool_historico,4.2104,4.2104,19546.37,21393.95,52.26,0.0,snapshot_atual_constante_NAO_historico
2022-12-20,5726797913.0,5684224845.0,4.9,4.9,0.0,5795643490.0,801200557.0,defillama_pool_historico,4.784,4.784,19546.37,21393.95,52.26,0.0,snapshot_atual_constante_NAO_historico
2022-12-21,5909156016.0,5866020297.0,4.5,4.5,0.0,5793974294.0,797192361.0,defillama_pool_historico,4.402,4.402,19546.37,21393.95,52.26,0.0,snapshot_atual_constante_NAO_historico
2022-12-22,5954880389.0,5912066494.0,4.8,4.8,0.0,5798852544.0,803764830.0,defillama_pool_historico,4.6887,4.6887,19546.37,21393.95,52.26,0.0,snapshot_atual_constante_NAO_historico
2022-12-23,5957193084.0,5914835920.0,5.4,5.4,0.0,5826358459.0,818753594.0,defillama_pool_historico,5.2596,5.2596,19546.37,21393.95,52.26,0.0,snapshot_atual_constante_NAO_historico
2022-12-24,5979812531.0,5936965863.0,4.3,4.3,0.0,5824037691.0,803045660.0,defillama_pool_historico,4.2104,4.2104,19546.37,21393.95,52.26,0.0,snapshot_atual_constante_NAO_historico
2022-12-25,5985090951.0,5942959444.0,4.0,4.0,0.0,5800184754.0,800659609.0,defillama_pool_historico,3.9223,3.9223,19546.37,21393.95,52.26,0.0,snapshot_atual_constante_NAO_historico
2022-12-26,5968719080.0,5926961245.0,4.4,4.4,0.0,5819302332.0,796346723.0,defillama_pool_historico,4.3062,4.3062,19546.37,21393.95,52.26,0.0,snapshot_atual_constante_NAO_historico
2022-12-27,6002289008.0,5960296488.0,4.4,4.4,0.0,5789730094.0,786714956.0,defillama_pool_historico,4.3062,4.3062,19546.37,21393.95,52.26,0.0,snapshot_atual_constante_NAO_historico
2022-12-28,5929278814.0,5888152184.0,4.6,4.6,0.0,5669249698.0,769946082.0,defillama_pool_historico,4.4976,4.4976,19546.37,21393.95,52.26,0.0,snapshot_atual_constante_NAO_historico
2022-12-29,5848598663.0,5811172605.0,4.3,4.3,0.0,5718227732.0,777991031.0,defillama_pool_historico,4.2104,4.2104,19546.37,21393.95,52.26,0.0,snapshot_atual_constante_NAO_historico
2022-12-30,5888326526.0,5850889786.0,4.3,4.3,0.0,5737019199.0,757985783.0,defillama_pool_historico,4.2104,4.2104,19546.37,21393.95,52.26,0.0,snapshot_atual_constante_NAO_historico
2022-12-31,5877772406.0,5840727043.0,4.5,4.5,0.0,5722356688.0,760804570.0,defillama_pool_historico,4.402,4.402,19546.37,21393.95,52.26,0.0,snapshot_atual_constante_NAO_historico
2023-01-01,5865784383.0,5828964644.0,4.2,4.2,0.0,5741314254.0,765396616.0,defillama_pool_historico,4.1144,4.1144,19546.37,21393.95,52.26,0.0,snapshot_atual_constante_NAO_historico
2023-01-02,5877675394.0,5841189710.0,4.4,4.4,0.0,5832839417.0,776354801.0,defillama_pool_historico,4.3062,4.3062,19546.37,21393.95,52.26,0.0,snapshot_atual_constante_NAO_historico
2023-01-03,5978870818.0,5939103647.0,4.6,4.6,0.0,5798284845.0,772959395.0,defillama_pool_historico,4.4976,4.4976,19546.37,21393.95,52.26,0.0,snapshot_atual_constante_NAO_historico
2023-01-04,5971446273.0,5926454976.0,4.9,4.9,0.0,5998752856.0,808910343.0,defillama_pool_historico,4.784,4.784,19546.37,21393.95,52.26,0.0,snapshot_atual_constante_NAO_historico
2023-01-05,6177010336.0,6132609824.0,5.5,5.5,0.0,6002995483.0,812734050.0,defillama_pool_historico,5.3545,5.3545,19546.37,21393.95,52.26,0.0,snapshot_atual_constante_NAO_historico
2023-01-06,6178432119.0,6133240724.0,4.5,4.5,0.0,6072713110.0,833970153.0,defillama_pool_historico,4.402,4.402,19546.37,21393.95,52.26,0.0,snapshot_atual_constante_NAO_historico
2023-01-07,6251891607.0,6206539552.0,4.5,4.5,0.0,6083815367.0,832985885.0,defillama_pool_historico,4.402,4.402,19546.37,21393.95,52.26,0.0,snapshot_atual_constante_NAO_historico
2023-01-08,6216768015.0,6172751295.0,4.2,4.2,0.0,6101687202.0,840929408.0,defillama_pool_historico,4.1144,4.1144,19546.37,21393.95,52.26,0.0,snapshot_atual_constante_NAO_historico
2023-01-09,6367278290.0,6317862863.0,5.2,5.2,0.0,6371375334.0,961576880.0,defillama_pool_historico,5.0697,5.0697,19546.37,21393.95,52.26,0.0,snapshot_atual_constante_NAO_historico
2023-01-10,6540307659.0,6486651651.0,4.7,4.7,0.0,6450965311.0,973849013.0,defillama_pool_historico,4.5932,4.5932,19546.37,21393.95,52.26,0.0,snapshot_atual_constante_NAO_historico
2023-01-11,6607654982.0,6554245704.0,4.4,4.4,0.0,6481266893.0,979546538.0,defillama_pool_historico,4.3062,4.3062,19546.37,21393.95,52.26,0.0,snapshot_atual_constante_NAO_historico
2023-01-12,6957810563.0,6901670527.0,5.3,5.3,0.0,6850557186.0,1065907845.0,defillama_pool_historico,5.1647,5.1647,19546.37,21393.95,52.26,0.0,snapshot_atual_constante_NAO_historico
2023-01-13,6965692285.0,6910456156.0,5.5,5.5,0.0,6985216931.0,1149792829.0,defillama_pool_historico,5.3545,5.3545,19546.37,21393.95,52.26,0.0,snapshot_atual_constante_NAO_historico
2023-01-14,7632798212.0,7567873840.0,6.0,6.0,0.0,7415052776.0,1215884064.0,defillama_pool_historico,5.8274,5.8274,19546.37,21393.95,52.26,0.0,snapshot_atual_constante_NAO_historico
2023-01-15,7586496588.0,7512131152.0,4.8,4.8,0.0,7515309583.0,1233863369.0,defillama_pool_historico,4.6887,4.6887,19546.37,21393.95,52.26,0.0,snapshot_atual_constante_NAO_historico
2023-01-16,7673741330.0,7600631508.0,5.0,5.0,0.0,7662579723.0,1255957665.0,defillama_pool_historico,4.8793,4.8793,19546.37,21393.95,52.26,0.0,snapshot_atual_constante_NAO_historico
2023-01-17,7780131820.0,7707883071.0,5.0,5.0,0.0,7671843598.0,1293871200.0,defillama_pool_historico,4.8793,4.8793,19546.37,21393.95,52.26,0.0,snapshot_atual_constante_NAO_historico
2023-01-18,7809191232.0,7737048870.0,4.9,4.9,0.0,7437888933.0,1255361529.0,defillama_pool_historico,4.784,4.784,19546.37,21393.95,52.26,0.0,snapshot_atual_constante_NAO_historico
2023-01-19,7542156346.0,7474740273.0,5.5,5.5,0.0,7570885159.0,1276315493.0,defillama_pool_historico,5.3545,5.3545,19546.37,21393.95,52.26,0.0,snapshot_atual_constante_NAO_historico
2023-01-20,7736681153.0,7668797814.0,4.5,4.5,0.0,8081665298.0,1406336323.0,defillama_pool_historico,4.402,4.402,19546.37,21393.95,52.26,0.0,snapshot_atual_constante_NAO_historico
2023-01-21,8274947307.0,8196030030.0,5.3,5.3,0.0,8089146659.0,1405466499.0,defillama_pool_historico,5.1647,5.1647,19546.37,21393.95,52.26,0.0,snapshot_atual_constante_NAO_historico
2023-01-22,8178015434.0,8099691027.0,4.6,4.6,0.0,7966751218.0,1380804802.0,defillama_pool_historico,4.4976,4.4976,19546.37,21393.95,52.26,0.0,snapshot_atual_constante_NAO_historico
2023-01-23,8196166621.0,8119040949.0,4.6,4.6,0.0,8125797506.0,1383070916.0,defillama_pool_historico,4.4976,4.4976,19546.37,21393.95,52.26,0.0,snapshot_atual_constante_NAO_historico
2023-01-24,8257377782.0,8179803734.0,5.0,5.0,0.0,7787599145.0,1550040875.0,defillama_pool_historico,4.8793,4.8793,19546.37,21393.95,52.26,0.0,snapshot_atual_constante_NAO_historico
2023-01-25,7860942579.0,7787439177.0,5.4,5.4,0.0,8036826105.0,1545085338.0,defillama_pool_historico,5.2596,5.2596,19546.37,21393.95,52.26,0.0,snapshot_atual_constante_NAO_historico
2023-01-26,8214929842.0,8136103097.0,5.0,5.0,0.0,7990514125.0,1574862881.0,defillama_pool_historico,4.8793,4.8793,19546.37,21393.95,52.26,0.0,snapshot_atual_constante_NAO_historico
2023-01-27,8105353129.0,8028783864.0,5.7,5.7,0.0,7980089286.0,1566769556.0,defillama_pool_historico,5.5439,5.5439,19546.37,21393.95,52.26,0.0,snapshot_atual_constante_NAO_historico
2023-01-28,8170358688.0,8091100051.0,4.6,4.6,0.0,7825398568.0,1542329477.0,defillama_pool_historico,4.4976,4.4976,19546.37,21393.95,52.26,0.0,snapshot_atual_constante_NAO_historico
2023-01-29,8090291824.0,8012036540.0,4.4,4.4,0.0,8222577842.0,1616563685.0,defillama_pool_historico,4.3062,4.3062,19546.37,21393.95,52.26,0.0,snapshot_atual_constante_NAO_historico
2023-01-30,8397851251.0,8314711589.0,4.6,4.6,0.0,7788301946.0,1542021906.0,defillama_pool_historico,4.4976,4.4976,19546.37,21393.95,52.26,0.0,snapshot_atual_constante_NAO_historico
2023-01-31,8022423607.0,7946000022.0,4.8,4.8,0.0,7888142136.0,1569664618.0,defillama_pool_historico,4.6887,4.6887,19546.37,21393.95,52.26,0.0,snapshot_atual_constante_NAO_historico
2023-02-01,8115827973.0,8039291883.0,4.7,4.7,0.0,8215408628.0,1620376038.0,defillama_pool_historico,4.5932,4.5932,19546.37,21393.95,52.26,0.0,snapshot_atual_constante_NAO_historico
2023-02-02,8617130977.0,8535224157.0,5.1,5.1,0.0,8306017890.0,1644260355.0,defillama_pool_historico,4.9745,4.9745,19546.37,21393.95,52.26,0.0,snapshot_atual_constante_NAO_historico
2023-02-03,8452819125.0,8373698850.0,5.0,5.0,0.0,8321479253.0,1650352012.0,defillama_pool_historico,4.8793,4.8793,19546.37,21393.95,52.26,0.0,snapshot_atual_constante_NAO_historico
2023-02-04,8549030272.0,8467806233.0,5.0,5.0,0.0,8455770307.0,1664329520.0,defillama_pool_historico,4.8793,4.8793,19546.37,21393.95,52.26,0.0,snapshot_atual_constante_NAO_historico
2023-02-05,8562793255.0,8483219266.0,4.6,4.6,0.0,8259229000.0,1612137925.0,defillama_pool_historico,4.4976,4.4976,19546.37,21393.95,52.26,0.0,snapshot_atual_constante_NAO_historico
2023-02-06,8447541188.0,8369179136.0,4.6,4.6,0.0,8299876201.0,1611088168.0,defillama_pool_historico,4.4976,4.4976,19546.37,21393.95,52.26,0.0,snapshot_atual_constante_NAO_historico
2023-02-07,8366392538.0,8291196516.0,5.0,5.0,0.0,8426802837.0,1641712736.0,defillama_pool_historico,4.8793,4.8793,19546.37,21393.95,52.26,0.0,snapshot_atual_constante_NAO_historico
2023-02-08,8690052411.0,8610421720.0,5.1,5.1,0.0,8334264841.0,1630460905.0,defillama_pool_historico,4.9745,4.9745,19546.37,21393.95,52.26,0.0,snapshot_atual_constante_NAO_historico
2023-02-09,8542928906.0,8466450810.0,5.4,5.4,0.0,7839454933.0,1514634676.0,defillama_pool_historico,5.2596,5.2596,19546.37,21393.95,52.26,0.0,snapshot_atual_constante_NAO_historico
2023-02-10,8023060718.0,7954950421.0,5.1,5.1,0.0,7681386223.0,1497645992.0,defillama_pool_historico,4.9745,4.9745,19546.37,21393.95,52.26,0.0,snapshot_atual_constante_NAO_historico
2023-02-11,7859431410.0,7791264243.0,4.8,4.8,0.0,7769949290.0,1521430062.0,defillama_pool_historico,4.6887,4.6887,19546.37,21393.95,52.26,0.0,snapshot_atual_constante_NAO_historico
2023-02-12,7987098943.0,7918021544.0,4.4,4.4,0.0,7657049802.0,1524403452.0,defillama_pool_historico,4.3062,4.3062,19546.37,21393.95,52.26,0.0,snapshot_atual_constante_NAO_historico
2023-02-13,7878311523.0,7807991831.0,5.0,5.0,0.0,7574235205.0,1460216887.0,defillama_pool_historico,4.8793,4.8793,19546.37,21393.95,52.26,0.0,snapshot_atual_constante_NAO_historico
2023-02-14,7828716249.0,7760411512.0,4.8,4.8,0.0,7916797626.0,1553149603.0,defillama_pool_historico,4.6887,4.6887,19546.37,21393.95,52.26,0.0,snapshot_atual_constante_NAO_historico
2023-02-15,8094204866.0,8023488922.0,6.5,6.5,0.0,8504350968.0,1661514104.0,defillama_pool_historico,6.298,6.298,19546.37,21393.95,52.26,0.0,snapshot_atual_constante_NAO_historico
2023-02-16,8828021852.0,8751260418.0,5.3,5.3,0.0,8610763753.0,1652098020.0,defillama_pool_historico,5.1647,5.1647,19546.37,21393.95,52.26,0.0,snapshot_atual_constante_NAO_historico
2023-02-17,8670649255.0,8596728960.0,5.0,5.0,0.0,8626600457.0,1691994145.0,defillama_pool_historico,4.8793,4.8793,19546.37,21393.95,52.26,0.0,snapshot_atual_constante_NAO_historico
2023-02-18,8921567312.0,8842640157.0,5.4,5.4,0.0,8695335093.0,1684013039.0,defillama_pool_historico,5.2596,5.2596,19546.37,21393.95,52.26,0.0,snapshot_atual_constante_NAO_historico
2023-02-19,8938626175.0,8858545567.0,5.0,5.0,0.0,8689677236.0,1679012935.0,defillama_pool_historico,4.8793,4.8793,19546.37,21393.95,52.26,0.0,snapshot_atual_constante_NAO_historico
2023-02-20,8856689609.0,8773461425.0,4.9,4.9,0.0,8805981338.0,1691070211.0,defillama_pool_historico,4.784,4.784,19546.37,21393.95,52.26,0.0,snapshot_atual_constante_NAO_historico
2023-02-21,9034278122.0,8945698340.0,5.0,5.0,0.0,8518937163.0,1636871087.0,defillama_pool_historico,4.8793,4.8793,19546.37,21393.95,52.26,0.0,snapshot_atual_constante_NAO_historico
2023-02-22,8796116232.0,8712571509.0,5.3,5.3,0.0,8433148902.0,1632143646.0,defillama_pool_historico,5.1647,5.1647,19546.37,21393.95,52.26,0.0,snapshot_atual_constante_NAO_historico
2023-02-23,8716993448.0,8637134669.0,5.0,5.0,0.0,8543493058.0,1644501586.0,defillama_pool_historico,4.8793,4.8793,19546.37,21393.95,52.26,0.0,snapshot_atual_constante_NAO_historico
2023-02-24,8763753873.0,8684516652.0,4.7,4.7,0.0,8334585062.0,1603065907.0,defillama_pool_historico,4.5932,4.5932,19546.37,21393.95,52.26,0.0,snapshot_atual_constante_NAO_historico
2023-02-25,8534063544.0,8458180562.0,4.5,4.5,0.0,8501429801.0,1585755368.0,defillama_pool_historico,4.402,4.402,19546.37,21393.95,52.26,0.0,snapshot_atual_constante_NAO_historico
2023-02-26,8785443412.0,8711764082.0,4.1,4.1,0.0,8975443870.0,1631517441.0,defillama_pool_historico,4.0184,4.0184,19546.37,21393.95,52.26,0.0,snapshot_atual_constante_NAO_historico
2023-02-27,9147403554.0,9071533823.0,4.0,4.0,0.0,9157302947.0,1623398414.0,defillama_pool_historico,3.9223,3.9223,19546.37,21393.95,52.26,0.0,snapshot_atual_constante_NAO_historico
2023-02-28,9369689599.0,9294069212.0,4.6,4.6,0.0,9119343201.0,1691595377.0,defillama_pool_historico,4.4976,4.4976,19546.37,21393.95,52.26,0.0,snapshot_atual_constante_NAO_historico
2023-03-01,9296825148.0,9223785930.0,4.4,4.4,0.0,9392012530.0,1749475058.0,defillama_pool_historico,4.3062,4.3062,19546.37,21393.95,52.26,0.0,snapshot_atual_constante_NAO_historico
2023-03-02,9620593714.0,9545076720.0,4.8,4.8,0.0,9357036499.0,1784141979.0,defillama_pool_historico,4.6887,4.6887,19546.37,21393.95,52.26,0.0,snapshot_atual_constante_NAO_historico
2023-03-03,9557902329.0,9483236350.0,5.2,5.2,0.0,8892671081.0,1692888014.0,defillama_pool_historico,5.0697,5.0697,19546.37,21393.95,52.26,0.0,snapshot_atual_constante_NAO_historico
2023-03-04,9153048248.0,9080209347.0,4.4,4.4,0.0,8893195751.0,1687275069.0,defillama_pool_historico,4.3062,4.3062,19546.37,21393.95,52.26,0.0,snapshot_atual_constante_NAO_historico
2023-03-05,9137117452.0,9065150337.0,4.4,4.4,0.0,8949243946.0,1690468596.0,defillama_pool_historico,4.3062,4.3062,19546.37,21393.95,52.26,0.0,snapshot_atual_constante_NAO_historico
2023-03-06,9147314197.0,9070411084.0,4.2,4.2,0.0,8951541051.0,1692669690.0,defillama_pool_historico,4.1144,4.1144,19546.37,21393.95,52.26,0.0,snapshot_atual_constante_NAO_historico
2023-03-07,9127026748.0,9050953704.0,5.0,5.0,0.0,8854505893.0,1650315880.0,defillama_pool_historico,4.8793,4.8793,19546.37,21393.95,52.26,0.0,snapshot_atual_constante_NAO_historico
2023-03-08,9173596299.0,9098521815.0,4.6,4.6,0.0,8887470447.0,1649500320.0,defillama_pool_historico,4.4976,4.4976,19546.37,21393.95,52.26,0.0,snapshot_atual_constante_NAO_historico
2023-03-09,8969852117.0,8900073423.0,4.5,4.5,0.0,8296217480.0,1540592335.0,defillama_pool_historico,4.402,4.402,19546.37,21393.95,52.26,0.0,snapshot_atual_constante_NAO_historico
2023-03-10,8374692207.0,8310514624.0,5.4,5.4,0.0,8156017042.0,1518476445.0,defillama_pool_historico,5.2596,5.2596,19546.37,21393.95,52.26,0.0,snapshot_atual_constante_NAO_historico
2023-03-11,8448997878.0,8381550725.0,6.2,6.2,0.0,8444113663.0,1219518624.0,defillama_pool_historico,6.0159,6.0159,19546.37,21393.95,52.26,0.0,snapshot_atual_constante_NAO_historico
2023-03-12,8622372276.0,8556182153.0,6.2,6.2,0.0,8901295766.0,1300877208.0,defillama_pool_historico,6.0159,6.0159,19546.37,21393.95,52.26,0.0,snapshot_atual_constante_NAO_historico
2023-03-13,9520656812.0,9446366487.0,6.7,6.7,0.0,9668155721.0,1428298229.0,defillama_pool_historico,6.4857,6.4857,19546.37,21393.95,52.26,0.0,snapshot_atual_constante_NAO_historico
2023-03-14,9891676011.0,9816987222.0,6.6,6.6,0.0,9817252564.0,1444230008.0,defillama_pool_historico,6.3919,6.3919,19546.37,21393.95,52.26,0.0,snapshot_atual_constante_NAO_historico
2023-03-15,10064792571.0,9988454159.0,6.6,6.6,0.0,9584519671.0,1413595427.0,defillama_pool_historico,6.3919,6.3919,19546.37,21393.95,52.26,0.0,snapshot_atual_constante_NAO_historico
2023-03-16,9788876042.0,9717978273.0,6.7,6.7,0.0,9677336666.0,1426485651.0,defillama_pool_historico,6.4857,6.4857,19546.37,21393.95,52.26,0.0,snapshot_atual_constante_NAO_historico
2023-03-17,9900397520.0,9828332890.0,7.1,7.1,0.0,10229989095.0,1509757535.0,defillama_pool_historico,6.8599,6.8599,19546.37,21393.95,52.26,0.0,snapshot_atual_constante_NAO_historico
2023-03-18,10655292075.0,10574998361.0,6.4,6.4,0.0,10353695377.0,1502837669.0,defillama_pool_historico,6.2041,6.2041,19546.37,21393.95,52.26,0.0,snapshot_atual_constante_NAO_historico
2023-03-19,10571024285.0,10492851155.0,5.6,5.6,0.0,10516009677.0,1528632357.0,defillama_pool_historico,5.4492,5.4492,19546.37,21393.95,52.26,0.0,snapshot_atual_constante_NAO_historico
2023-03-20,10585485878.0,10507305636.0,5.9,5.9,0.0,10243387759.0,1695710448.0,defillama_pool_historico,5.733,5.733,19546.37,21393.95,52.26,0.0,snapshot_atual_constante_NAO_historico
2023-03-21,10481967474.0,10403644940.0,5.5,5.5,0.0,10485051230.0,1728478835.0,defillama_pool_historico,5.3545,5.3545,19546.37,21393.95,52.26,0.0,snapshot_atual_constante_NAO_historico
2023-03-22,10692277198.0,10614755662.0,5.4,5.4,0.0,10071707518.0,1657642640.0,defillama_pool_historico,5.2596,5.2596,19546.37,21393.95,52.26,0.0,snapshot_atual_constante_NAO_historico
2023-03-23,10415577735.0,10340521694.0,5.3,5.3,0.0,10630295091.0,1740900984.0,defillama_pool_historico,5.1647,5.1647,19546.37,21393.95,52.26,0.0,snapshot_atual_constante_NAO_historico
2023-03-24,10782514766.0,10704953033.0,5.2,5.2,0.0,10226382797.0,1676245503.0,defillama_pool_historico,5.0697,5.0697,19546.37,21393.95,52.26,0.0,snapshot_atual_constante_NAO_historico
2023-03-25,10512456268.0,10439549436.0,5.0,5.0,0.0,10168213566.0,1673681279.0,defillama_pool_historico,4.8793,4.8793,19546.37,21393.95,52.26,0.0,snapshot_atual_constante_NAO_historico
2023-03-26,10462997085.0,10389578498.0,5.0,5.0,0.0,10323628746.0,1698248225.0,defillama_pool_historico,4.8793,4.8793,19546.37,21393.95,52.26,0.0,snapshot_atual_constante_NAO_historico
2023-03-27,10626234935.0,10551195373.0,4.4,4.4,0.0,10061552075.0,1652734626.0,defillama_pool_historico,4.3062,4.3062,19546.37,21393.95,52.26,0.0,snapshot_atual_constante_NAO_historico
2023-03-28,10517427391.0,10444231270.0,4.5,4.5,0.0,10389190920.0,1699624764.0,defillama_pool_historico,4.402,4.402,19546.37,21393.95,52.26,0.0,snapshot_atual_constante_NAO_historico
2023-03-29,10613089441.0,10539402396.0,4.5,4.5,0.0,10601059651.0,1719645095.0,defillama_pool_historico,4.402,4.402,19546.37,21393.95,52.26,0.0,snapshot_atual_constante_NAO_historico
2023-03-30,10731866826.0,10656210827.0,4.5,4.5,0.0,10547319332.0,1709778645.0,defillama_pool_historico,4.402,4.402,19546.37,21393.95,52.26,0.0,snapshot_atual_constante_NAO_historico
2023-03-31,10815594771.0,10741299235.0,4.5,4.5,0.0,10747720943.0,1734361289.0,defillama_pool_historico,4.402,4.402,19546.37,21393.95,52.26,0.0,snapshot_atual_constante_NAO_historico
2023-04-01,10922627300.0,10846154469.0,4.5,4.5,0.0,10730333898.0,1731589450.0,defillama_pool_historico,4.402,4.402,19546.37,21393.95,52.26,0.0,snapshot_atual_constante_NAO_historico
2023-04-02,10886658031.0,10810973548.0,4.5,4.5,0.0,10521211443.0,1690859505.0,defillama_pool_historico,4.402,4.402,19546.37,21393.95,52.26,0.0,snapshot_atual_constante_NAO_historico
2023-04-03,10737547005.0,10663603877.0,4.4,4.4,0.0,10644717155.0,1697154669.0,defillama_pool_historico,4.3062,4.3062,19546.37,21393.95,52.26,0.0,snapshot_atual_constante_NAO_historico
2023-04-04,10843923673.0,10769634815.0,4.3,4.3,0.0,11061158560.0,1747037045.0,defillama_pool_historico,4.2104,4.2104,19546.37,21393.95,52.26,0.0,snapshot_atual_constante_NAO_historico
2023-04-05,11425885344.0,11348682337.0,4.3,4.3,0.0,11281430579.0,1786002985.0,defillama_pool_historico,4.2104,4.2104,19546.37,21393.95,52.26,0.0,snapshot_atual_constante_NAO_historico
2023-04-06,11410804306.0,11335273757.0,4.2,4.2,0.0,11015495421.0,1744523307.0,defillama_pool_historico,4.1144,4.1144,19546.37,21393.95,52.26,0.0,snapshot_atual_constante_NAO_historico
2023-04-07,11306862801.0,11229897229.0,4.2,4.2,0.0,10972797807.0,1740230620.0,defillama_pool_historico,4.1144,4.1144,19546.37,21393.95,52.26,0.0,snapshot_atual_constante_NAO_historico
2023-04-08,11169270827.0,11103060931.0,4.1,4.1,0.0,10956038463.0,1698241800.0,defillama_pool_historico,4.0184,4.0184,19546.37,21393.95,52.26,0.0,snapshot_atual_constante_NAO_historico
2023-04-09,11174909539.0,11109272268.0,4.7,4.7,0.0,10990326485.0,1695737720.0,defillama_pool_historico,4.5932,4.5932,19546.37,21393.95,52.26,0.0,snapshot_atual_constante_NAO_historico
2023-04-10,11210286648.0,11143920803.0,4.7,4.7,0.0,11164927923.0,1728904274.0,defillama_pool_historico,4.5932,4.5932,19546.37,21393.95,52.26,0.0,snapshot_atual_constante_NAO_historico
2023-04-11,11514657448.0,11446482208.0,4.7,4.7,0.0,11215594575.0,1711410693.0,defillama_pool_historico,4.5932,4.5932,19546.37,21393.95,52.26,0.0,snapshot_atual_constante_NAO_historico
2023-04-12,11415894400.0,11340831661.0,4.8,4.8,0.0,11325762663.0,1715556314.0,defillama_pool_historico,4.6887,4.6887,19546.37,21393.95,52.26,0.0,snapshot_atual_constante_NAO_historico
2023-04-13,11519570041.0,11443416769.0,4.7,4.7,0.0,11939247779.0,1713922185.0,defillama_pool_historico,4.5932,4.5932,19546.37,21393.95,52.26,0.0,snapshot_atual_constante_NAO_historico
2023-04-14,12679153302.0,12600650482.0,4.9,4.9,0.0,12548948812.0,1775731531.0,defillama_pool_historico,4.784,4.784,19546.37,21393.95,52.26,0.0,snapshot_atual_constante_NAO_historico
2023-04-15,12661382654.0,12584518863.0,4.8,4.8,0.0,12487763395.0,1768701238.0,defillama_pool_historico,4.6887,4.6887,19546.37,21393.95,52.26,0.0,snapshot_atual_constante_NAO_historico
2023-04-16,12713971704.0,12637554521.0,4.3,4.3,0.0,12775329334.0,1717422161.0,defillama_pool_historico,4.2104,4.2104,19546.37,21393.95,52.26,0.0,snapshot_atual_constante_NAO_historico
2023-04-17,12711652053.0,12633564200.0,4.3,4.3,0.0,12503331778.0,1625425787.0,defillama_pool_historico,4.2104,4.2104,19546.37,21393.95,52.26,0.0,snapshot_atual_constante_NAO_historico
2023-04-18,12670156316.0,12593289887.0,4.4,4.4,0.0,12625056127.0,1633406067.0,defillama_pool_historico,4.3062,4.3062,19546.37,21393.95,52.26,0.0,snapshot_atual_constante_NAO_historico
2023-04-19,12866240351.0,12788625761.0,4.6,4.6,0.0,11943749104.0,1539368775.0,defillama_pool_historico,4.4976,4.4976,19546.37,21393.95,52.26,0.0,snapshot_atual_constante_NAO_historico
2023-04-20,11965670376.0,11893493545.0,4.8,4.8,0.0,11805390053.0,1523523769.0,defillama_pool_historico,4.6887,4.6887,19546.37,21393.95,52.26,0.0,snapshot_atual_constante_NAO_historico
2023-04-21,12036087665.0,11966051414.0,5.0,5.0,0.0,11206169357.0,1442427558.0,defillama_pool_historico,4.8793,4.8793,19546.37,21393.95,52.26,0.0,snapshot_atual_constante_NAO_historico
2023-04-22,11408312026.0,11341700537.0,5.0,5.0,0.0,11469532739.0,1457709406.0,defillama_pool_historico,4.8793,4.8793,19546.37,21393.95,52.26,0.0,snapshot_atual_constante_NAO_historico
2023-04-23,11523294153.0,11455366521.0,5.0,5.0,0.0,11301073938.0,1447908141.0,defillama_pool_historico,4.8793,4.8793,19546.37,21393.95,52.26,0.0,snapshot_atual_constante_NAO_historico
2023-04-24,11562133755.0,11494099339.0,5.1,5.1,0.0,11250425168.0,1425861077.0,defillama_pool_historico,4.9745,4.9745,19546.37,21393.95,52.26,0.0,snapshot_atual_constante_NAO_historico
2023-04-25,11451796785.0,11384573767.0,5.1,5.1,0.0,11476878109.0,1383386328.0,defillama_pool_historico,4.9745,4.9745,19546.37,21393.95,52.26,0.0,snapshot_atual_constante_NAO_historico
2023-04-26,11663921340.0,11594950453.0,5.0,5.0,0.0,11522541503.0,1370388978.0,defillama_pool_historico,4.8793,4.8793,19546.37,21393.95,52.26,0.0,snapshot_atual_constante_NAO_historico
2023-04-27,12026426601.0,11957187247.0,4.8,4.8,0.0,11811904152.0,1402782804.0,defillama_pool_historico,4.6887,4.6887,19546.37,21393.95,52.26,0.0,snapshot_atual_constante_NAO_historico
2023-04-28,11926934833.0,11856146414.0,4.7,4.7,0.0,11734602500.0,1317028711.0,defillama_pool_historico,4.5932,4.5932,19546.37,21393.95,52.26,0.0,snapshot_atual_constante_NAO_historico
2023-04-29,11866400136.0,11793302217.0,4.7,4.7,0.0,11809665804.0,1318472076.0,defillama_pool_historico,4.5932,4.5932,19546.37,21393.95,52.26,0.0,snapshot_atual_constante_NAO_historico
2023-04-30,11969869690.0,11897124912.0,4.6,4.6,0.0,11754875552.0,1306109160.0,defillama_pool_historico,4.4976,4.4976,19546.37,21393.95,52.26,0.0,snapshot_atual_constante_NAO_historico
2023-05-01,11862722689.0,11791245486.0,4.8,4.8,0.0,11344653069.0,1242624965.0,defillama_pool_historico,4.6887,4.6887,19546.37,21393.95,52.26,0.0,snapshot_atual_constante_NAO_historico
2023-05-02,11554574210.0,11485621234.0,5.0,5.0,0.0,11687973403.0,1283639677.0,defillama_pool_historico,4.8793,4.8793,19546.37,21393.95,52.26,0.0,snapshot_atual_constante_NAO_historico
2023-05-03,11807514210.0,11738047323.0,5.2,5.2,0.0,11969580364.0,1307941206.0,defillama_pool_historico,5.0697,5.0697,19546.37,21393.95,52.26,0.0,snapshot_atual_constante_NAO_historico
2023-05-04,12146280670.0,12075844941.0,5.3,5.3,0.0,11794145002.0,1285814596.0,defillama_pool_historico,5.1647,5.1647,19546.37,21393.95,52.26,0.0,snapshot_atual_constante_NAO_historico
2023-05-05,12010112399.0,11941178624.0,5.4,5.4,0.0,12532452557.0,1371524657.0,defillama_pool_historico,5.2596,5.2596,19546.37,21393.95,52.26,0.0,snapshot_atual_constante_NAO_historico
2023-05-06,12820678837.0,12748236264.0,5.9,5.9,0.0,11998718795.0,1302550717.0,defillama_pool_historico,5.733,5.733,19546.37,21393.95,52.26,0.0,snapshot_atual_constante_NAO_historico
2023-05-07,12231194803.0,12161703499.0,6.2,6.2,0.0,12201079873.0,1311057615.0,defillama_pool_historico,6.0159,6.0159,19546.37,21393.95,52.26,0.0,snapshot_atual_constante_NAO_historico
2023-05-08,12093641806.0,12026816486.0,6.6,6.6,0.0,11769283018.0,1265339726.0,defillama_pool_historico,6.3919,6.3919,19546.37,21393.95,52.26,0.0,snapshot_atual_constante_NAO_historico
2023-05-09,11964929826.0,11900286616.0,6.7,6.7,0.0,11825891141.0,1259627421.0,defillama_pool_historico,6.4857,6.4857,19546.37,21393.95,52.26,0.0,snapshot_atual_constante_NAO_historico
2023-05-10,12061916616.0,11996348784.0,6.7,6.7,0.0,11953720722.0,1278334382.0,defillama_pool_historico,6.4857,6.4857,19546.37,21393.95,52.26,0.0,snapshot_atual_constante_NAO_historico
2023-05-11,12020341153.0,11954934004.0,6.8,6.8,0.0,11656973663.0,1234946071.0,defillama_pool_historico,6.5794,6.5794,19546.37,21393.95,52.26,0.0,snapshot_atual_constante_NAO_historico
2023-05-12,11857648505.0,11793834301.0,7.0,7.0,0.0,11926857913.0,1237970062.0,defillama_pool_historico,6.7665,6.7665,19546.37,21393.95,52.26,0.0,snapshot_atual_constante_NAO_historico
2023-05-13,12094459159.0,12028744875.0,6.7,6.7,0.0,11947345907.0,1219335450.0,defillama_pool_historico,6.4857,6.4857,19546.37,21393.95,52.26,0.0,snapshot_atual_constante_NAO_historico
2023-05-14,12086630471.0,12021378408.0,6.4,6.4,0.0,11960230620.0,1220155085.0,defillama_pool_historico,6.2041,6.2041,19546.37,21393.95,52.26,0.0,snapshot_atual_constante_NAO_historico
2023-05-15,12050111288.0,11985264498.0,6.0,6.0,0.0,12186064417.0,1226104451.0,defillama_pool_historico,5.8274,5.8274,19546.37,21393.95,52.26,0.0,snapshot_atual_constante_NAO_historico
2023-05-16,12336485682.0,12270864410.0,5.9,5.9,0.0,12271773774.0,1217167918.0,defillama_pool_historico,5.733,5.733,19546.37,21393.95,52.26,0.0,snapshot_atual_constante_NAO_historico
2023-05-17,12428309490.0,12363078631.0,5.7,5.7,0.0,11509657914.0,1212949382.0,defillama_pool_historico,5.5439,5.5439,19546.37,21393.95,52.26,0.0,snapshot_atual_constante_NAO_historico
2023-05-18,11676220680.0,11610343762.0,5.4,5.4,0.0,11512913999.0,1201689419.0,defillama_pool_historico,5.2596,5.2596,19546.37,21393.95,52.26,0.0,snapshot_atual_constante_NAO_historico
2023-05-19,11659889154.0,11595768891.0,5.2,5.2,0.0,11622635652.0,1197842374.0,defillama_pool_historico,5.0697,5.0697,19546.37,21393.95,52.26,0.0,snapshot_atual_constante_NAO_historico
2023-05-20,11761640910.0,11698012908.0,5.1,5.1,0.0,11683964977.0,1205084994.0,defillama_pool_historico,4.9745,4.9745,19546.37,21393.95,52.26,0.0,snapshot_atual_constante_NAO_historico
2023-05-21,11932759672.0,11868593042.0,5.0,5.0,0.0,11707397228.0,1192165918.0,defillama_pool_historico,4.8793,4.8793,19546.37,21393.95,52.26,0.0,snapshot_atual_constante_NAO_historico
2023-05-22,11859851377.0,11798205080.0,5.0,5.0,0.0,11884917368.0,1205895647.0,defillama_pool_historico,4.8793,4.8793,19546.37,21393.95,52.26,0.0,snapshot_atual_constante_NAO_historico
2023-05-23,12038781498.0,11976903464.0,5.0,5.0,0.0,12299306752.0,1220039129.0,defillama_pool_historico,4.8793,4.8793,19546.37,21393.95,52.26,0.0,snapshot_atual_constante_NAO_historico
2023-05-24,12483581476.0,12420434955.0,4.9,4.9,0.0,12012717117.0,1176394343.0,defillama_pool_historico,4.784,4.784,19546.37,21393.95,52.26,0.0,snapshot_atual_constante_NAO_historico
2023-05-25,12152063015.0,12091406014.0,4.9,4.9,0.0,12094563155.0,1183282454.0,defillama_pool_historico,4.784,4.784,19546.37,21393.95,52.26,0.0,snapshot_atual_constante_NAO_historico
2023-05-26,12261662791.0,12200667802.0,4.9,4.9,0.0,12354788390.0,1199310461.0,defillama_pool_historico,4.784,4.784,19546.37,21393.95,52.26,0.0,snapshot_atual_constante_NAO_historico
2023-05-27,12525164678.0,12463782538.0,4.8,4.8,0.0,12394229250.0,1200785600.0,defillama_pool_historico,4.6887,4.6887,19546.37,21393.95,52.26,0.0,snapshot_atual_constante_NAO_historico
2023-05-28,12699895191.0,12634657123.0,4.8,4.8,0.0,12906011156.0,1244475419.0,defillama_pool_historico,4.6887,4.6887,19546.37,21393.95,52.26,0.0,snapshot_atual_constante_NAO_historico
2023-05-29,13265641840.0,13199768147.0,4.9,4.9,0.0,12910780073.0,1235112952.0,defillama_pool_historico,4.784,4.784,19546.37,21393.95,52.26,0.0,snapshot_atual_constante_NAO_historico
2023-05-30,13128479176.0,13063680527.0,4.8,4.8,0.0,13128762485.0,1169489075.0,defillama_pool_historico,4.6887,4.6887,19546.37,21393.95,52.26,0.0,snapshot_atual_constante_NAO_historico
2023-05-31,13320264442.0,13254232285.0,4.8,4.8,0.0,12955174289.0,1137432983.0,defillama_pool_historico,4.6887,4.6887,19546.37,21393.95,52.26,0.0,snapshot_atual_constante_NAO_historico
2023-06-01,13186075636.0,13121635128.0,4.7,4.7,0.0,13071758573.0,1135334629.0,defillama_pool_historico,4.5932,4.5932,19546.37,21393.95,52.26,0.0,snapshot_atual_constante_NAO_historico
2023-06-02,13213209957.0,13151235588.0,4.7,4.7,0.0,13406397464.0,1160362873.0,defillama_pool_historico,4.5932,4.5932,19546.37,21393.95,52.26,0.0,snapshot_atual_constante_NAO_historico
2023-06-03,13581630491.0,13517618917.0,4.5,4.5,0.0,13329420114.0,1150232265.0,defillama_pool_historico,4.402,4.402,19546.37,21393.95,52.26,0.0,snapshot_atual_constante_NAO_historico
2023-06-04,13534596887.0,13470833829.0,4.4,4.4,0.0,13436235271.0,1155742501.0,defillama_pool_historico,4.3062,4.3062,19546.37,21393.95,52.26,0.0,snapshot_atual_constante_NAO_historico
2023-06-05,13499806835.0,13433505636.0,4.3,4.3,0.0,12777545228.0,1087811976.0,defillama_pool_historico,4.2104,4.2104,19546.37,21393.95,52.26,0.0,snapshot_atual_constante_NAO_historico
2023-06-06,12994647709.0,12934316874.0,4.3,4.3,0.0,13330807337.0,1131263107.0,defillama_pool_historico,4.2104,4.2104,19546.37,21393.95,52.26,0.0,snapshot_atual_constante_NAO_historico
2023-06-07,13608689123.0,13544636428.0,4.2,4.2,0.0,13116024434.0,1063466504.0,defillama_pool_historico,4.1144,4.1144,19546.37,21393.95,52.26,0.0,snapshot_atual_constante_NAO_historico
2023-06-08,13279517051.0,13220827423.0,4.1,4.1,0.0,13244774774.0,1072949991.0,defillama_pool_historico,4.0184,4.0184,19546.37,21393.95,52.26,0.0,snapshot_atual_constante_NAO_historico
2023-06-09,13374801947.0,13316097999.0,4.0,4.0,0.0,13143672743.0,1063706106.0,defillama_pool_historico,3.9223,3.9223,19546.37,21393.95,52.26,0.0,snapshot_atual_constante_NAO_historico
2023-06-10,13298497149.0,13245478411.0,4.1,4.1,0.0,12479075978.0,1007516411.0,defillama_pool_historico,4.0184,4.0184,19546.37,21393.95,52.26,0.0,snapshot_atual_constante_NAO_historico
2023-06-11,12658806802.0,12610464915.0,4.1,4.1,0.0,12650513614.0,1009882093.0,defillama_pool_historico,4.0184,4.0184,19546.37,21393.95,52.26,0.0,snapshot_atual_constante_NAO_historico
2023-06-12,12664068776.0,12615789642.0,4.0,4.0,0.0,12478581646.0,992666236.0,defillama_pool_historico,3.9223,3.9223,19546.37,21393.95,52.26,0.0,snapshot_atual_constante_NAO_historico
2023-06-13,12565609249.0,12518601778.0,4.0,4.0,0.0,12498252783.0,980980379.0,defillama_pool_historico,3.9223,3.9223,19546.37,21393.95,52.26,0.0,snapshot_atual_constante_NAO_historico
2023-06-14,12659197483.0,12612231993.0,3.9,3.9,0.0,11866758375.0,892935212.0,defillama_pool_historico,3.8261,3.8261,19546.37,21393.95,52.26,0.0,snapshot_atual_constante_NAO_historico
2023-06-15,12659197483.0,12612231993.0,3.9,3.9,0.0,12010401879.0,898302478.0,defillama_pool_historico,3.8261,3.8261,19546.37,21393.95,52.26,0.0,snapshot_atual_constante_NAO_historico
2023-06-16,12748691975.0,12699621224.0,3.9,3.9,0.0,12418632612.0,915615010.0,defillama_pool_historico,3.8261,3.8261,19546.37,21393.95,52.26,0.0,snapshot_atual_constante_NAO_historico
2023-06-17,12748691975.0,12699621224.0,3.9,3.9,0.0,12505620867.0,919673448.0,defillama_pool_historico,3.8261,3.8261,19546.37,21393.95,52.26,0.0,snapshot_atual_constante_NAO_historico
2023-06-18,12623114008.0,12575062214.0,3.8,3.8,0.0,12493032406.0,917211633.0,defillama_pool_historico,3.7298,3.7298,19546.37,21393.95,52.26,0.0,snapshot_atual_constante_NAO_historico
2023-06-19,12619107113.0,12571372274.0,3.8,3.8,0.0,12621688752.0,826675978.0,defillama_pool_historico,3.7298,3.7298,19546.37,21393.95,52.26,0.0,snapshot_atual_constante_NAO_historico
2023-06-20,12830378845.0,12780885413.0,3.8,3.8,0.0,12984451451.0,831282504.0,defillama_pool_historico,3.7298,3.7298,19546.37,21393.95,52.26,0.0,snapshot_atual_constante_NAO_historico
2023-06-21,13261343754.0,13210114398.0,3.8,3.8,0.0,13752738422.0,877154051.0,defillama_pool_historico,3.7298,3.7298,19546.37,21393.95,52.26,0.0,snapshot_atual_constante_NAO_historico
2023-06-22,14181059656.0,14128056011.0,3.8,3.8,0.0,13834205696.0,870595215.0,defillama_pool_historico,3.7298,3.7298,19546.37,21393.95,52.26,0.0,snapshot_atual_constante_NAO_historico
2023-06-23,13959826701.0,13909310009.0,3.8,3.8,0.0,14065085143.0,871014399.0,defillama_pool_historico,3.7298,3.7298,19546.37,21393.95,52.26,0.0,snapshot_atual_constante_NAO_historico
2023-06-24,14054834324.0,14002006323.0,3.8,3.8,0.0,13825125038.0,879734948.0,defillama_pool_historico,3.7298,3.7298,19546.37,21393.95,52.26,0.0,snapshot_atual_constante_NAO_historico
2023-06-25,13986640824.0,13936047145.0,3.8,3.8,0.0,14016611414.0,887627957.0,defillama_pool_historico,3.7298,3.7298,19546.37,21393.95,52.26,0.0,snapshot_atual_constante_NAO_historico
2023-06-26,14157655736.0,14106383349.0,3.8,3.8,0.0,13746433412.0,861984562.0,defillama_pool_historico,3.7298,3.7298,19546.37,21393.95,52.26,0.0,snapshot_atual_constante_NAO_historico
2023-06-27,13964783717.0,13915160289.0,3.8,3.8,0.0,14054944171.0,873284590.0,defillama_pool_historico,3.7298,3.7298,19546.37,21393.95,52.26,0.0,snapshot_atual_constante_NAO_historico
2023-06-28,14050708812.0,14000996098.0,3.8,3.8,0.0,13631640138.0,844157804.0,defillama_pool_historico,3.7298,3.7298,19546.37,21393.95,52.26,0.0,snapshot_atual_constante_NAO_historico
2023-06-29,13758006694.0,13709414929.0,3.8,3.8,0.0,13797869759.0,856651817.0,defillama_pool_historico,3.7298,3.7298,19546.37,21393.95,52.26,0.0,snapshot_atual_constante_NAO_historico
2023-06-30,13951078500.0,13896350522.0,3.8,3.8,0.0,14446229235.0,890781256.0,defillama_pool_historico,3.7298,3.7298,19546.37,21393.95,52.26,0.0,snapshot_atual_constante_NAO_historico
2023-07-01,14635473026.0,14579625925.0,3.9,3.9,0.0,14437758759.0,884793059.0,defillama_pool_historico,3.8261,3.8261,19546.37,21393.95,52.26,0.0,snapshot_atual_constante_NAO_historico
2023-07-02,14618052475.0,14560212178.0,3.9,3.9,0.0,14480416884.0,889546224.0,defillama_pool_historico,3.8261,3.8261,19546.37,21393.95,52.26,0.0,snapshot_atual_constante_NAO_historico
2023-07-03,14753808923.0,14694392433.0,4.0,4.0,0.0,14759097741.0,839702133.0,defillama_pool_historico,3.9223,3.9223,19546.37,21393.95,52.26,0.0,snapshot_atual_constante_NAO_historico
2023-07-04,14903732389.0,14844251469.0,4.0,4.0,0.0,14634764718.0,814866073.0,defillama_pool_historico,3.9223,3.9223,19546.37,21393.95,52.26,0.0,snapshot_atual_constante_NAO_historico
2023-07-05,14785171275.0,14726616766.0,4.0,4.0,0.0,14432378897.0,765813165.0,defillama_pool_historico,3.9223,3.9223,19546.37,21393.95,52.26,0.0,snapshot_atual_constante_NAO_historico
2023-07-06,14537272522.0,14478458266.0,4.0,4.0,0.0,14198927725.0,750124159.0,defillama_pool_historico,3.9223,3.9223,19546.37,21393.95,52.26,0.0,snapshot_atual_constante_NAO_historico
2023-07-07,14136026935.0,14075115761.0,4.0,4.0,0.0,14216155100.0,748918477.0,defillama_pool_historico,3.9223,3.9223,19546.37,21393.95,52.26,0.0,snapshot_atual_constante_NAO_historico
2023-07-08,14373006487.0,14308097476.0,3.9,3.9,0.0,14121987232.0,736500133.0,defillama_pool_historico,3.8261,3.8261,19546.37,21393.95,52.26,0.0,snapshot_atual_constante_NAO_historico
2023-07-09,14355126150.0,14289354485.0,3.8,3.8,0.0,14203080552.0,739340914.0,defillama_pool_historico,3.7298,3.7298,19546.37,21393.95,52.26,0.0,snapshot_atual_constante_NAO_historico
2023-07-10,14328936409.0,14267715255.0,3.9,3.9,0.0,14243286678.0,740994688.0,defillama_pool_historico,3.8261,3.8261,19546.37,21393.95,52.26,0.0,snapshot_atual_constante_NAO_historico
2023-07-11,14468614213.0,14407017636.0,3.9,3.9,0.0,14305730228.0,740449548.0,defillama_pool_historico,3.8261,3.8261,19546.37,21393.95,52.26,0.0,snapshot_atual_constante_NAO_historico
2023-07-12,14501856695.0,14438087500.0,3.9,3.9,0.0,14340151412.0,736247799.0,defillama_pool_historico,3.8261,3.8261,19546.37,21393.95,52.26,0.0,snapshot_atual_constante_NAO_historico
2023-07-13,14523842175.0,14461194730.0,3.9,3.9,0.0,15192588065.0,619020539.0,defillama_pool_historico,3.8261,3.8261,19546.37,21393.95,52.26,0.0,snapshot_atual_constante_NAO_historico
2023-07-14,15702768872.0,15619703066.0,3.9,3.9,0.0,14830794114.0,596308022.0,defillama_pool_historico,3.8261,3.8261,19546.37,21393.95,52.26,0.0,snapshot_atual_constante_NAO_historico
2023-07-15,15102160467.0,15024591817.0,3.8,3.8,0.0,14925024548.0,594591779.0,defillama_pool_historico,3.7298,3.7298,19546.37,21393.95,52.26,0.0,snapshot_atual_constante_NAO_historico
2023-07-16,15137251266.0,15059533081.0,3.8,3.8,0.0,14965006791.0,594366572.0,defillama_pool_historico,3.7298,3.7298,19546.37,21393.95,52.26,0.0,snapshot_atual_constante_NAO_historico
2023-07-17,15058473484.0,14980509920.0,3.9,3.9,0.0,14839930668.0,585399685.0,defillama_pool_historico,3.8261,3.8261,19546.37,21393.95,52.26,0.0,snapshot_atual_constante_NAO_historico
2023-07-18,15005023017.0,14929530181.0,3.8,3.8,0.0,14712713056.0,579709358.0,defillama_pool_historico,3.7298,3.7298,19546.37,21393.95,52.26,0.0,snapshot_atual_constante_NAO_historico
2023-07-19,14967740891.0,14896094473.0,3.9,3.9,0.0,14660569996.0,574777620.0,defillama_pool_historico,3.8261,3.8261,19546.37,21393.95,52.26,0.0,snapshot_atual_constante_NAO_historico
2023-07-20,14843258799.0,14770575704.0,3.9,3.9,0.0,14710232209.0,575721605.0,defillama_pool_historico,3.8261,3.8261,19546.37,21393.95,52.26,0.0,snapshot_atual_constante_NAO_historico
2023-07-21,14860776832.0,14791015348.0,3.9,3.9,0.0,14718966304.0,568458865.0,defillama_pool_historico,3.8261,3.8261,19546.37,21393.95,52.26,0.0,snapshot_atual_constante_NAO_historico
2023-07-22,14907017459.0,14835391791.0,3.9,3.9,0.0,14675034133.0,542323059.0,defillama_pool_historico,3.8261,3.8261,19546.37,21393.95,52.26,0.0,snapshot_atual_constante_NAO_historico
2023-07-23,14652662515.0,14585929515.0,3.9,3.9,0.0,14711605371.0,539204767.0,defillama_pool_historico,3.8261,3.8261,19546.37,21393.95,52.26,0.0,snapshot_atual_constante_NAO_historico
2023-07-24,14917151372.0,14849261849.0,4.0,4.0,0.0,14457906517.0,528045582.0,defillama_pool_historico,3.9223,3.9223,19546.37,21393.95,52.26,0.0,snapshot_atual_constante_NAO_historico
2023-07-25,14636086245.0,14571846866.0,4.0,4.0,0.0,14602116521.0,520555074.0,defillama_pool_historico,3.9223,3.9223,19546.37,21393.95,52.26,0.0,snapshot_atual_constante_NAO_historico
2023-07-26,14721066651.0,14656750184.0,4.0,4.0,0.0,14690398972.0,522174008.0,defillama_pool_historico,3.9223,3.9223,19546.37,21393.95,52.26,0.0,snapshot_atual_constante_NAO_historico
2023-07-27,14837123633.0,14767455923.0,4.0,4.0,0.0,14638936418.0,517981801.0,defillama_pool_historico,3.9223,3.9223,19546.37,21393.95,52.26,0.0,snapshot_atual_constante_NAO_historico
2023-07-28,14832020828.0,14761837012.0,4.0,4.0,0.0,14814675532.0,522898997.0,defillama_pool_historico,3.9223,3.9223,19546.37,21393.95,52.26,0.0,snapshot_atual_constante_NAO_historico
2023-07-29,14966842576.0,14897392843.0,4.0,4.0,0.0,14875188675.0,523473171.0,defillama_pool_historico,3.9223,3.9223,19546.37,21393.95,52.26,0.0,snapshot_atual_constante_NAO_historico
2023-07-30,15041003840.0,14971148558.0,4.0,4.0,0.0,14726044189.0,429428903.0,defillama_pool_historico,3.9223,3.9223,19546.37,21393.95,52.26,0.0,snapshot_atual_constante_NAO_historico
2023-07-31,15009087732.0,14940895402.0,4.2,4.2,0.0,14750409517.0,406746134.0,defillama_pool_historico,4.1144,4.1144,19546.37,21393.95,52.26,0.0,snapshot_atual_constante_NAO_historico
2023-08-01,14948825222.0,14882143286.0,4.2,4.2,0.0,14700687625.0,386672768.0,sem_dado,4.1144,4.1144,19546.37,21393.95,52.26,0.0,snapshot_atual_constante_NAO_historico
2023-08-02,14995249670.0,14928173217.0,4.2,4.2,0.0,14655377239.0,366599402.0,defillama_pool_historico,4.1144,4.1144,19546.37,21393.95,52.26,0.0,snapshot_atual_constante_NAO_historico
2023-08-03,14794566483.0,14730980518.0,4.1,4.1,0.0,14600270151.0,365251538.0,defillama_pool_historico,4.0184,4.0184,19546.37,21393.95,52.26,0.0,snapshot_atual_constante_NAO_historico
2023-08-04,14769826320.0,14707725035.0,4.1,4.1,0.0,14610943720.0,363511195.0,defillama_pool_historico,4.0184,4.0184,19546.37,21393.95,52.26,0.0,snapshot_atual_constante_NAO_historico
2023-08-05,14771520320.0,14709372880.0,4.1,4.1,0.0,14641436248.0,386207439.0,defillama_pool_historico,4.0184,4.0184,19546.37,21393.95,52.26,0.0,snapshot_atual_constante_NAO_historico
2023-08-06,14804465591.0,14742381090.0,4.0,4.0,0.0,14591279620.0,384262296.0,defillama_pool_historico,3.9223,3.9223,19546.37,21393.95,52.26,0.0,snapshot_atual_constante_NAO_historico
2023-08-07,14749835989.0,14686714595.0,4.1,4.1,0.0,14573818750.0,386700802.0,defillama_pool_historico,4.0184,4.0184,19546.37,21393.95,52.26,0.0,snapshot_atual_constante_NAO_historico
2023-08-08,14792749824.0,14729398750.0,3.8,3.8,0.0,14882313505.0,392602454.0,defillama_pool_historico,3.7298,3.7298,19546.37,21393.95,52.26,0.0,snapshot_atual_constante_NAO_historico
2023-08-09,15019361315.0,14953235952.0,3.8,3.8,0.0,14841597468.0,405878202.0,defillama_pool_historico,3.7298,3.7298,19546.37,21393.95,52.26,0.0,snapshot_atual_constante_NAO_historico
2023-08-10,15020386163.0,14955167067.0,3.8,3.8,0.0,14893548365.0,403877088.0,defillama_pool_historico,3.7298,3.7298,19546.37,21393.95,52.26,0.0,snapshot_atual_constante_NAO_historico
2023-08-11,15054618397.0,14988136260.0,3.8,3.8,0.0,14862647590.0,401263118.0,defillama_pool_historico,3.7298,3.7298,19546.37,21393.95,52.26,0.0,snapshot_atual_constante_NAO_historico
2023-08-12,15093337060.0,15026716547.0,3.8,3.8,0.0,14939188588.0,384860766.0,defillama_pool_historico,3.7298,3.7298,19546.37,21393.95,52.26,0.0,snapshot_atual_constante_NAO_historico
2023-08-13,15119680283.0,15052674938.0,3.8,3.8,0.0,14992833491.0,382001502.0,defillama_pool_historico,3.7298,3.7298,19546.37,21393.95,52.26,0.0,snapshot_atual_constante_NAO_historico
2023-08-14,15061323935.0,14995678171.0,3.8,3.8,0.0,14934294403.0,381041636.0,defillama_pool_historico,3.7298,3.7298,19546.37,21393.95,52.26,0.0,snapshot_atual_constante_NAO_historico
2023-08-15,15122349121.0,15054282572.0,3.8,3.8,0.0,14851919166.0,368818925.0,defillama_pool_historico,3.7298,3.7298,19546.37,21393.95,52.26,0.0,snapshot_atual_constante_NAO_historico
2023-08-16,15024942432.0,14960350483.0,3.8,3.8,0.0,14700077357.0,365549213.0,defillama_pool_historico,3.7298,3.7298,19546.37,21393.95,52.26,0.0,snapshot_atual_constante_NAO_historico
2023-08-17,14736689562.0,14674011705.0,3.8,3.8,0.0,13374099524.0,332928728.0,defillama_pool_historico,3.7298,3.7298,19546.37,21393.95,52.26,0.0,snapshot_atual_constante_NAO_historico
2023-08-18,13952101446.0,13892150386.0,4.0,4.0,0.0,13578011052.0,334619247.0,defillama_pool_historico,3.9223,3.9223,19546.37,21393.95,52.26,0.0,snapshot_atual_constante_NAO_historico
2023-08-19,13781757091.0,13723079024.0,4.0,4.0,0.0,13679202464.0,334820865.0,defillama_pool_historico,3.9223,3.9223,19546.37,21393.95,52.26,0.0,snapshot_atual_constante_NAO_historico
2023-08-20,13869936895.0,13810142866.0,4.0,4.0,0.0,13815533540.0,344916647.0,defillama_pool_historico,3.9223,3.9223,19546.37,21393.95,52.26,0.0,snapshot_atual_constante_NAO_historico
2023-08-21,13953283644.0,13894456590.0,4.1,4.1,0.0,13803739456.0,341037534.0,defillama_pool_historico,4.0184,4.0184,19546.37,21393.95,52.26,0.0,snapshot_atual_constante_NAO_historico
2023-08-22,13911579924.0,13853810633.0,4.0,4.0,0.0,13395928704.0,329203822.0,defillama_pool_historico,3.9223,3.9223,19546.37,21393.95,52.26,0.0,snapshot_atual_constante_NAO_historico
2023-08-23,13721661318.0,13665781398.0,4.0,4.0,0.0,13672815226.0,340808686.0,defillama_pool_historico,3.9223,3.9223,19546.37,21393.95,52.26,0.0,snapshot_atual_constante_NAO_historico
2023-08-24,14174833566.0,14115933749.0,4.0,4.0,0.0,13824935039.0,339406901.0,defillama_pool_historico,3.9223,3.9223,19546.37,21393.95,52.26,0.0,snapshot_atual_constante_NAO_historico
2023-08-25,14008061745.0,13951774288.0,4.0,4.0,0.0,13822755099.0,339287702.0,defillama_pool_historico,3.9223,3.9223,19546.37,21393.95,52.26,0.0,snapshot_atual_constante_NAO_historico
2023-08-26,13960004405.0,13904980776.0,3.8,3.8,0.0,13836636769.0,334963334.0,defillama_pool_historico,3.7298,3.7298,19546.37,21393.95,52.26,0.0,snapshot_atual_constante_NAO_historico
2023-08-27,13945644933.0,13892071393.0,3.7,3.7,0.0,13881530102.0,336219919.0,defillama_pool_historico,3.6334,3.6334,19546.37,21393.95,52.26,0.0,snapshot_atual_constante_NAO_historico
2023-08-28,14050995724.0,13996170119.0,3.8,3.8,0.0,13934257171.0,334208607.0,defillama_pool_historico,3.7298,3.7298,19546.37,21393.95,52.26,0.0,snapshot_atual_constante_NAO_historico
2023-08-29,14120269928.0,14065820510.0,3.8,3.8,0.0,14722074923.0,349094591.0,defillama_pool_historico,3.7298,3.7298,19546.37,21393.95,52.26,0.0,snapshot_atual_constante_NAO_historico
2023-08-30,14875506624.0,14818178497.0,3.8,3.8,0.0,14513329111.0,342935095.0,defillama_pool_historico,3.7298,3.7298,19546.37,21393.95,52.26,0.0,snapshot_atual_constante_NAO_historico
2023-08-31,14687616085.0,14632852178.0,3.8,3.8,0.0,14032180979.0,329515249.0,defillama_pool_historico,3.7298,3.7298,19546.37,21393.95,52.26,0.0,snapshot_atual_constante_NAO_historico
2023-09-01,14214115207.0,14161203291.0,3.8,3.8,0.0,13876886142.0,325037214.0,defillama_pool_historico,3.7298,3.7298,19546.37,21393.95,52.26,0.0,snapshot_atual_constante_NAO_historico
2023-09-02,14070700565.0,14018954976.0,3.7,3.7,0.0,13958824315.0,326574483.0,defillama_pool_historico,3.6334,3.6334,19546.37,21393.95,52.26,0.0,snapshot_atual_constante_NAO_historico
2023-09-03,14091118194.0,14038986031.0,3.7,3.7,0.0,13975919695.0,326080836.0,defillama_pool_historico,3.6334,3.6334,19546.37,21393.95,52.26,0.0,snapshot_atual_constante_NAO_historico
2023-09-04,14066324892.0,14013865167.0,3.7,3.7,0.0,13866748080.0,323187520.0,defillama_pool_historico,3.6334,3.6334,19546.37,21393.95,52.26,0.0,snapshot_atual_constante_NAO_historico
2023-09-05,14033622762.0,13981701011.0,3.7,3.7,0.0,13967571000.0,278166310.0,defillama_pool_historico,3.6334,3.6334,19546.37,21393.95,52.26,0.0,snapshot_atual_constante_NAO_historico
2023-09-06,14135866825.0,14082196584.0,3.6,3.6,0.0,13970318633.0,277985503.0,defillama_pool_historico,3.5369,3.5369,19546.37,21393.95,52.26,0.0,snapshot_atual_constante_NAO_historico
2023-09-07,14139557452.0,14089082773.0,3.6,3.6,0.0,14169315704.0,281618430.0,defillama_pool_historico,3.5369,3.5369,19546.37,21393.95,52.26,0.0,snapshot_atual_constante_NAO_historico
2023-09-08,14295779260.0,14244332943.0,3.6,3.6,0.0,14045647489.0,278663753.0,defillama_pool_historico,3.5369,3.5369,19546.37,21393.95,52.26,0.0,snapshot_atual_constante_NAO_historico
2023-09-09,14174578650.0,14124166056.0,3.6,3.6,0.0,14049050925.0,279255023.0,defillama_pool_historico,3.5369,3.5369,19546.37,21393.95,52.26,0.0,snapshot_atual_constante_NAO_historico
2023-09-10,14156014355.0,14106249580.0,3.7,3.7,0.0,13955271543.0,276094997.0,defillama_pool_historico,3.6334,3.6334,19546.37,21393.95,52.26,0.0,snapshot_atual_constante_NAO_historico
2023-09-11,14039589319.0,13992737330.0,3.7,3.7,0.0,13343453068.0,247371697.0,defillama_pool_historico,3.6334,3.6334,19546.37,21393.95,52.26,0.0,snapshot_atual_constante_NAO_historico
2023-09-12,13521924580.0,13473928153.0,3.8,3.8,0.0,13785248596.0,255145173.0,defillama_pool_historico,3.7298,3.7298,19546.37,21393.95,52.26,0.0,snapshot_atual_constante_NAO_historico
2023-09-13,13877754211.0,13828797192.0,3.8,3.8,0.0,13879950122.0,256123043.0,defillama_pool_historico,3.7298,3.7298,19546.37,21393.95,52.26,0.0,snapshot_atual_constante_NAO_historico
2023-09-14,13981684198.0,13931333485.0,3.7,3.7,0.0,14057594564.0,259485554.0,defillama_pool_historico,3.6334,3.6334,19546.37,21393.95,52.26,0.0,snapshot_atual_constante_NAO_historico
2023-09-15,14159981628.0,14109138368.0,3.7,3.7,0.0,14114960131.0,262564241.0,defillama_pool_historico,3.6334,3.6334,19546.37,21393.95,52.26,0.0,snapshot_atual_constante_NAO_historico
2023-09-16,14374482463.0,14322751503.0,3.6,3.6,0.0,14153368317.0,260163622.0,defillama_pool_historico,3.5369,3.5369,19546.37,21393.95,52.26,0.0,snapshot_atual_constante_NAO_historico
2023-09-17,14197370777.0,14146399904.0,3.6,3.6,0.0,13981493703.0,257453288.0,defillama_pool_historico,3.5369,3.5369,19546.37,21393.95,52.26,0.0,snapshot_atual_constante_NAO_historico
2023-09-18,14114247897.0,14061708871.0,3.6,3.6,0.0,14215283214.0,260983771.0,defillama_pool_historico,3.5369,3.5369,19546.37,21393.95,52.26,0.0,snapshot_atual_constante_NAO_historico
2023-09-19,14290920992.0,14233812972.0,3.6,3.6,0.0,14264640206.0,260808059.0,defillama_pool_historico,3.5369,3.5369,19546.37,21393.95,52.26,0.0,snapshot_atual_constante_NAO_historico
2023-09-20,14395790735.0,14337817257.0,3.6,3.6,0.0,14128241306.0,257846295.0,defillama_pool_historico,3.5369,3.5369,19546.37,21393.95,52.26,0.0,snapshot_atual_constante_NAO_historico
2023-09-21,14233920760.0,14178108458.0,3.6,3.6,0.0,13789892101.0,251658430.0,defillama_pool_historico,3.5369,3.5369,19546.37,21393.95,52.26,0.0,snapshot_atual_constante_NAO_historico
2023-09-22,13915328318.0,13861890872.0,3.6,3.6,0.0,13884326230.0,252766040.0,defillama_pool_historico,3.5369,3.5369,19546.37,21393.95,52.26,0.0,snapshot_atual_constante_NAO_historico
2023-09-23,14049287880.0,13992785576.0,3.6,3.6,0.0,13895682649.0,252205334.0,defillama_pool_historico,3.5369,3.5369,19546.37,21393.95,52.26,0.0,snapshot_atual_constante_NAO_historico
2023-09-24,14029510174.0,13972998792.0,3.5,3.5,0.0,13851150619.0,252037165.0,defillama_pool_historico,3.4403,3.4403,19546.37,21393.95,52.26,0.0,snapshot_atual_constante_NAO_historico
2023-09-25,13860335259.0,13804525917.0,3.6,3.6,0.0,13835568829.0,251117901.0,defillama_pool_historico,3.5369,3.5369,19546.37,21393.95,52.26,0.0,snapshot_atual_constante_NAO_historico
2023-09-26,13981409106.0,13925369228.0,3.6,3.6,0.0,13885590804.0,251377529.0,defillama_pool_historico,3.5369,3.5369,19546.37,21393.95,52.26,0.0,snapshot_atual_constante_NAO_historico
2023-09-27,14035074429.0,13979772336.0,3.6,3.6,0.0,13949989210.0,250799977.0,defillama_pool_historico,3.5369,3.5369,19546.37,21393.95,52.26,0.0,snapshot_atual_constante_NAO_historico
2023-09-28,14129637730.0,14073985978.0,3.5,3.5,0.0,14428202205.0,257061075.0,defillama_pool_historico,3.4403,3.4403,19546.37,21393.95,52.26,0.0,snapshot_atual_constante_NAO_historico
2023-09-29,14625611622.0,14568050691.0,3.5,3.5,0.0,14605671694.0,214340836.0,defillama_pool_historico,3.4403,3.4403,19546.37,21393.95,52.26,0.0,snapshot_atual_constante_NAO_historico
2023-09-30,14758254437.0,14699628202.0,3.5,3.5,0.0,14719874125.0,215239297.0,defillama_pool_historico,3.4403,3.4403,19546.37,21393.95,52.26,0.0,snapshot_atual_constante_NAO_historico
2023-10-01,14855335923.0,14794067778.0,3.5,3.5,0.0,14734203793.0,221999256.0,defillama_pool_historico,3.4403,3.4403,19546.37,21393.95,52.26,0.0,snapshot_atual_constante_NAO_historico
2023-10-02,15337824048.0,15273100330.0,3.5,3.5,0.0,14542703895.0,212718896.0,defillama_pool_historico,3.4403,3.4403,19546.37,21393.95,52.26,0.0,snapshot_atual_constante_NAO_historico
2023-10-03,14766535283.0,14703082974.0,3.6,3.6,0.0,14533845697.0,212014645.0,defillama_pool_historico,3.5369,3.5369,19546.37,21393.95,52.26,0.0,snapshot_atual_constante_NAO_historico
2023-10-04,14629015965.0,14568822544.0,3.6,3.6,0.0,14510015876.0,211030878.0,defillama_pool_historico,3.5369,3.5369,19546.37,21393.95,52.26,0.0,snapshot_atual_constante_NAO_historico
2023-10-05,14647885045.0,14590550707.0,3.6,3.6,0.0,14270638483.0,206825171.0,defillama_pool_historico,3.5369,3.5369,19546.37,21393.95,52.26,0.0,snapshot_atual_constante_NAO_historico
2023-10-06,14397217191.0,14340866345.0,3.6,3.6,0.0,14579420437.0,210596224.0,defillama_pool_historico,3.5369,3.5369,19546.37,21393.95,52.26,0.0,snapshot_atual_constante_NAO_historico
2023-10-07,14646932763.0,14589176908.0,3.5,3.5,0.0,14398705958.0,208679731.0,defillama_pool_historico,3.4403,3.4403,19546.37,21393.95,52.26,0.0,snapshot_atual_constante_NAO_historico
2023-10-08,14535946314.0,14478716837.0,3.5,3.5,0.0,14447474416.0,208127182.0,defillama_pool_historico,3.4403,3.4403,19546.37,21393.95,52.26,0.0,snapshot_atual_constante_NAO_historico
2023-10-09,14549809854.0,14492860943.0,3.4,3.4,0.0,13935228582.0,201370229.0,defillama_pool_historico,3.3436,3.3436,19546.37,21393.95,52.26,0.0,snapshot_atual_constante_NAO_historico
2023-10-10,14100544991.0,14046334237.0,3.4,3.4,0.0,13815001735.0,199062792.0,defillama_pool_historico,3.3436,3.3436,19546.37,21393.95,52.26,0.0,snapshot_atual_constante_NAO_historico
2023-10-11,13901118413.0,13846647164.0,3.3,3.3,0.0,13785380058.0,198718489.0,defillama_pool_historico,3.2469,3.2469,19546.37,21393.95,52.26,0.0,snapshot_atual_constante_NAO_historico
2023-10-12,13898495823.0,13845183787.0,3.3,3.3,0.0,13560728740.0,195295698.0,defillama_pool_historico,3.2469,3.2469,19546.37,21393.95,52.26,0.0,snapshot_atual_constante_NAO_historico
2023-10-13,13726279754.0,13673722414.0,3.3,3.3,0.0,13757708256.0,198125996.0,defillama_pool_historico,3.2469,3.2469,19546.37,21393.95,52.26,0.0,snapshot_atual_constante_NAO_historico
2023-10-14,13818388474.0,13764658107.0,3.3,3.3,0.0,13744564559.0,197406098.0,defillama_pool_historico,3.2469,3.2469,19546.37,21393.95,52.26,0.0,snapshot_atual_constante_NAO_historico
2023-10-15,13836524177.0,13782971623.0,3.3,3.3,0.0,13767392070.0,197331405.0,defillama_pool_historico,3.2469,3.2469,19546.37,21393.95,52.26,0.0,snapshot_atual_constante_NAO_historico
2023-10-16,13854541047.0,13800603220.0,3.3,3.3,0.0,14056132064.0,202314587.0,defillama_pool_historico,3.2469,3.2469,19546.37,21393.95,52.26,0.0,snapshot_atual_constante_NAO_historico
2023-10-17,14259747155.0,14201710937.0,3.4,3.4,0.0,13782074757.0,196567587.0,defillama_pool_historico,3.3436,3.3436,19546.37,21393.95,52.26,0.0,snapshot_atual_constante_NAO_historico
2023-10-18,13939930131.0,13883921204.0,3.5,3.5,0.0,13774496019.0,196902294.0,defillama_pool_historico,3.4403,3.4403,19546.37,21393.95,52.26,0.0,snapshot_atual_constante_NAO_historico
2023-10-19,13936871415.0,13882647750.0,3.6,3.6,0.0,13816376626.0,196974692.0,defillama_pool_historico,3.5369,3.5369,19546.37,21393.95,52.26,0.0,snapshot_atual_constante_NAO_historico
2023-10-20,13954548987.0,13898075691.0,3.6,3.6,0.0,14204594946.0,201630216.0,defillama_pool_historico,3.5369,3.5369,19546.37,21393.95,52.26,0.0,snapshot_atual_constante_NAO_historico
2023-10-21,14302646422.0,14242316334.0,3.6,3.6,0.0,14407011457.0,197737903.0,defillama_pool_historico,3.5369,3.5369,19546.37,21393.95,52.26,0.0,snapshot_atual_constante_NAO_historico
2023-10-22,14584836718.0,14520194233.0,3.7,3.7,0.0,14472835509.0,201824916.0,defillama_pool_historico,3.6334,3.6334,19546.37,21393.95,52.26,0.0,snapshot_atual_constante_NAO_historico
2023-10-23,14820927134.0,14757657882.0,3.7,3.7,0.0,15112944899.0,213950647.0,defillama_pool_historico,3.6334,3.6334,19546.37,21393.95,52.26,0.0,snapshot_atual_constante_NAO_historico
2023-10-24,15839864584.0,15771543236.0,3.8,3.8,0.0,15623606476.0,216361283.0,defillama_pool_historico,3.7298,3.7298,19546.37,21393.95,52.26,0.0,snapshot_atual_constante_NAO_historico
2023-10-25,15773371295.0,15710634976.0,3.6,3.6,0.0,15746769109.0,215835679.0,defillama_pool_historico,3.5369,3.5369,19546.37,21393.95,52.26,0.0,snapshot_atual_constante_NAO_historico
2023-10-26,15898100727.0,15830940050.0,3.7,3.7,0.0,15859313343.0,217346493.0,defillama_pool_historico,3.6334,3.6334,19546.37,21393.95,52.26,0.0,snapshot_atual_constante_NAO_historico
2023-10-27,15965292483.0,15898409995.0,3.7,3.7,0.0,15637891985.0,214717063.0,defillama_pool_historico,3.6334,3.6334,19546.37,21393.95,52.26,0.0,snapshot_atual_constante_NAO_historico
2023-10-28,15815256493.0,15750224000.0,3.8,3.8,0.0,15651387910.0,214565730.0,defillama_pool_historico,3.7298,3.7298,19546.37,21393.95,52.26,0.0,snapshot_atual_constante_NAO_historico
2023-10-29,15764172804.0,15699911296.0,3.8,3.8,0.0,15843353945.0,219976012.0,defillama_pool_historico,3.7298,3.7298,19546.37,21393.95,52.26,0.0,snapshot_atual_constante_NAO_historico
2023-10-30,15963129244.0,15896360515.0,3.8,3.8,0.0,15917609456.0,218687773.0,defillama_pool_historico,3.7298,3.7298,19546.37,21393.95,52.26,0.0,snapshot_atual_constante_NAO_historico
2023-10-31,16306961418.0,16230886612.0,3.8,3.8,0.0,15931207535.0,218969387.0,defillama_pool_historico,3.7298,3.7298,19546.37,21393.95,52.26,0.0,snapshot_atual_constante_NAO_historico
2023-11-01,16201928397.0,16125202288.0,3.8,3.8,0.0,16279550913.0,222484759.0,defillama_pool_historico,3.7298,3.7298,19546.37,21393.95,52.26,0.0,snapshot_atual_constante_NAO_historico
2023-11-02,16466391784.0,16383782249.0,3.8,3.8,0.0,15988110784.0,216536121.0,defillama_pool_historico,3.7298,3.7298,19546.37,21393.95,52.26,0.0,snapshot_atual_constante_NAO_historico
2023-11-03,16391026801.0,16312195986.0,3.8,3.8,0.0,16175225139.0,220405681.0,defillama_pool_historico,3.7298,3.7298,19546.37,21393.95,52.26,0.0,snapshot_atual_constante_NAO_historico
2023-11-04,16482794639.0,16402337881.0,3.7,3.7,0.0,16326288774.0,223579542.0,defillama_pool_historico,3.6334,3.6334,19546.37,21393.95,52.26,0.0,snapshot_atual_constante_NAO_historico
2023-11-05,16978112256.0,16898450489.0,3.7,3.7,0.0,16675754548.0,226537036.0,defillama_pool_historico,3.6334,3.6334,19546.37,21393.95,52.26,0.0,snapshot_atual_constante_NAO_historico
2023-11-06,17091136315.0,17014429893.0,3.7,3.7,0.0,16899011451.0,229228043.0,defillama_pool_historico,3.6334,3.6334,19546.37,21393.95,52.26,0.0,snapshot_atual_constante_NAO_historico
2023-11-07,16945073276.0,16867881999.0,3.7,3.7,0.0,16809888837.0,214888845.0,defillama_pool_historico,3.6334,3.6334,19546.37,21393.95,52.26,0.0,snapshot_atual_constante_NAO_historico
2023-11-08,17086595532.0,17005190460.0,3.7,3.7,0.0,16903230076.0,216324465.0,defillama_pool_historico,3.6334,3.6334,19546.37,21393.95,52.26,0.0,snapshot_atual_constante_NAO_historico
2023-11-09,17310832823.0,17229465910.0,3.6,3.6,0.0,18640962840.0,239216749.0,defillama_pool_historico,3.5369,3.5369,19546.37,21393.95,52.26,0.0,snapshot_atual_constante_NAO_historico
2023-11-10,18954686142.0,18869125699.0,3.8,3.8,0.0,18713957645.0,237323659.0,defillama_pool_historico,3.7298,3.7298,19546.37,21393.95,52.26,0.0,snapshot_atual_constante_NAO_historico
2023-11-11,18682568282.0,18588017072.0,3.8,3.8,0.0,18273188666.0,231922281.0,defillama_pool_historico,3.7298,3.7298,19546.37,21393.95,52.26,0.0,snapshot_atual_constante_NAO_historico
2023-11-12,18579274517.0,18478188684.0,3.9,3.9,0.0,18443652875.0,233115754.0,defillama_pool_historico,3.8261,3.8261,19546.37,21393.95,52.26,0.0,snapshot_atual_constante_NAO_historico
2023-11-13,18643119720.0,18544993190.0,3.9,3.9,0.0,18457953119.0,223023355.0,defillama_pool_historico,3.8261,3.8261,19546.37,21393.95,52.26,0.0,snapshot_atual_constante_NAO_historico
2023-11-14,18469180601.0,18380164692.0,4.0,4.0,0.0,17697307875.0,214592476.0,defillama_pool_historico,3.9223,3.9223,19546.37,21393.95,52.26,0.0,snapshot_atual_constante_NAO_historico
2023-11-15,18190306894.0,18086162211.0,4.0,4.0,0.0,18335659005.0,220332144.0,defillama_pool_historico,3.9223,3.9223,19546.37,21393.95,52.26,0.0,snapshot_atual_constante_NAO_historico
2023-11-16,18505458842.0,18397367052.0,4.0,4.0,0.0,17513987382.0,211086463.0,defillama_pool_historico,3.9223,3.9223,19546.37,21393.95,52.26,0.0,snapshot_atual_constante_NAO_historico
2023-11-17,17823214548.0,17728052099.0,3.9,3.9,0.0,17376767659.0,210796256.0,defillama_pool_historico,3.8261,3.8261,19546.37,21393.95,52.26,0.0,snapshot_atual_constante_NAO_historico
2023-11-18,17549241321.0,17490737763.0,3.8,3.8,0.0,17570301953.0,210406269.0,defillama_pool_historico,3.7298,3.7298,19546.37,21393.95,52.26,0.0,snapshot_atual_constante_NAO_historico
2023-11-19,17793180107.0,17731622128.0,3.8,3.8,0.0,17820820683.0,212400783.0,defillama_pool_historico,3.7298,3.7298,19546.37,21393.95,52.26,0.0,snapshot_atual_constante_NAO_historico
2023-11-20,18507484832.0,18445755904.0,3.7,3.7,0.0,18196890837.0,216374015.0,defillama_pool_historico,3.6334,3.6334,19546.37,21393.95,52.26,0.0,snapshot_atual_constante_NAO_historico
2023-11-21,18327786533.0,18271047978.0,3.7,3.7,0.0,17814285819.0,210259476.0,defillama_pool_historico,3.6334,3.6334,19546.37,21393.95,52.26,0.0,snapshot_atual_constante_NAO_historico
2023-11-22,18465548894.0,18411297955.0,3.6,3.6,0.0,19035437320.0,221733726.0,defillama_pool_historico,3.5369,3.5369,19546.37,21393.95,52.26,0.0,snapshot_atual_constante_NAO_historico
2023-11-23,18976798491.0,18934503709.0,3.6,3.6,0.0,19007306629.0,220794769.0,defillama_pool_historico,3.5369,3.5369,19546.37,21393.95,52.26,0.0,snapshot_atual_constante_NAO_historico
2023-11-24,19519463230.0,19477030095.0,3.6,3.6,0.0,19008647949.0,219896499.0,defillama_pool_historico,3.5369,3.5369,19546.37,21393.95,52.26,0.0,snapshot_atual_constante_NAO_historico
2023-11-25,19232545059.0,19176600847.0,3.6,3.6,0.0,19173980973.0,221942792.0,defillama_pool_historico,3.5369,3.5369,19546.37,21393.95,52.26,0.0,snapshot_atual_constante_NAO_historico
2023-11-26,19394338929.0,19338093164.0,3.6,3.6,0.0,19086277361.0,220758288.0,defillama_pool_historico,3.5369,3.5369,19546.37,21393.95,52.26,0.0,snapshot_atual_constante_NAO_historico
2023-11-27,18811997451.0,18758986693.0,3.6,3.6,0.0,18601498706.0,214698227.0,defillama_pool_historico,3.5369,3.5369,19546.37,21393.95,52.26,0.0,snapshot_atual_constante_NAO_historico
2023-11-28,18827650342.0,18773684071.0,3.6,3.6,0.0,19044134257.0,217377176.0,defillama_pool_historico,3.5369,3.5369,19546.37,21393.95,52.26,0.0,snapshot_atual_constante_NAO_historico
2023-11-29,19130877796.0,19073050761.0,3.7,3.7,0.0,18785240361.0,215843127.0,defillama_pool_historico,3.6334,3.6334,19546.37,21393.95,52.26,0.0,snapshot_atual_constante_NAO_historico
2023-11-30,18989258739.0,18931657114.0,3.6,3.6,0.0,18977490523.0,217326473.0,defillama_pool_historico,3.5369,3.5369,19546.37,21393.95,52.26,0.0,snapshot_atual_constante_NAO_historico
2023-12-01,19580790056.0,19522626144.0,3.6,3.6,0.0,19400421889.0,221356044.0,defillama_pool_historico,3.5369,3.5369,19546.37,21393.95,52.26,0.0,snapshot_atual_constante_NAO_historico
2023-12-02,19692269706.0,19633534825.0,3.6,3.6,0.0,19993358398.0,228267686.0,defillama_pool_historico,3.5369,3.5369,19546.37,21393.95,52.26,0.0,snapshot_atual_constante_NAO_historico
2023-12-03,20288333559.0,20228206799.0,3.6,3.6,0.0,19999059999.0,232602287.0,defillama_pool_historico,3.5369,3.5369,19546.37,21393.95,52.26,0.0,snapshot_atual_constante_NAO_historico
2023-12-04,21029960298.0,20971879566.0,3.7,3.7,0.0,20971879566.0,234682765.0,defillama_pool_historico,3.6334,3.6334,19546.37,21393.95,52.26,0.0,snapshot_atual_constante_NAO_historico
2023-12-05,20649515030.0,20593446445.0,4.0,4.0,0.0,20593446445.0,240768363.0,defillama_pool_historico,3.9223,3.9223,19546.37,21393.95,52.26,0.0,snapshot_atual_constante_NAO_historico
2023-12-06,21331001450.0,21271900517.0,4.0,4.0,0.0,21271900517.0,236950030.0,defillama_pool_historico,3.9223,3.9223,19546.37,21393.95,52.26,0.0,snapshot_atual_constante_NAO_historico
2023-12-07,20877082092.0,20818520476.0,4.0,4.0,0.0,20818520476.0,248578722.0,defillama_pool_historico,3.9223,3.9223,19546.37,21393.95,52.26,0.0,snapshot_atual_constante_NAO_historico
2023-12-08,21948528820.0,21882569405.0,4.0,4.0,0.0,21882569405.0,247719267.0,defillama_pool_historico,3.9223,3.9223,19546.37,21393.95,52.26,0.0,snapshot_atual_constante_NAO_historico
2023-12-09,21959468720.0,21889779990.0,3.9,3.9,0.0,21889779990.0,245235806.0,defillama_pool_historico,3.8261,3.8261,19546.37,21393.95,52.26,0.0,snapshot_atual_constante_NAO_historico
2023-12-10,21802994563.0,21738139244.0,3.3,3.3,0.0,21738139244.0,245998785.0,defillama_pool_historico,3.2469,3.2469,19546.37,21393.95,52.26,0.0,snapshot_atual_constante_NAO_historico
2023-12-11,20898098230.0,20835772031.0,3.8,3.8,0.0,19898974103.0,230050230.0,defillama_pool_historico,3.7298,3.7298,19546.37,21393.95,52.26,0.0,snapshot_atual_constante_NAO_historico
2023-12-12,20638101676.0,20574248307.0,4.0,4.0,0.0,20574248307.0,227125287.0,defillama_pool_historico,3.9223,3.9223,19546.37,21393.95,52.26,0.0,snapshot_atual_constante_NAO_historico
2023-12-13,20216591081.0,20157620655.0,3.8,3.8,0.0,19996427138.0,225720690.0,defillama_pool_historico,3.7298,3.7298,19546.37,21393.95,52.26,0.0,snapshot_atual_constante_NAO_historico
2023-12-14,21275160925.0,21210624182.0,3.6,3.6,0.0,21210624182.0,226327651.8,sem_dado,3.5369,3.5369,19546.37,21393.95,52.26,0.0,snapshot_atual_constante_NAO_historico
2023-12-15,21102822948.0,21032839211.0,4.1,4.1,0.0,21032839211.0,226934613.6,sem_dado,4.0184,4.0184,19546.37,21393.95,52.26,0.0,snapshot_atual_constante_NAO_historico
2023-12-16,20835168526.0,20769115893.0,3.8,3.8,0.0,20769115893.0,227541575.4,sem_dado,3.7298,3.7298,19546.37,21393.95,52.26,0.0,snapshot_atual_constante_NAO_historico
2023-12-17,20548834635.0,20484342411.0,4.0,4.0,0.0,20484342411.0,228148537.2,sem_dado,3.9223,3.9223,19546.37,21393.95,52.26,0.0,snapshot_atual_constante_NAO_historico
2023-12-18,19715918971.0,19657033873.0,3.8,3.8,0.0,19981707761.0,228755499.0,defillama_pool_historico,3.7298,3.7298,19546.37,21393.95,52.26,0.0,snapshot_atual_constante_NAO_historico
2023-12-19,20953205333.0,20888736627.0,3.8,3.8,0.0,19957938936.0,224368291.0,defillama_pool_historico,3.7298,3.7298,19546.37,21393.95,52.26,0.0,snapshot_atual_constante_NAO_historico
2023-12-20,20414245225.0,20348017152.0,3.8,3.8,0.0,19936499423.0,226332676.0,defillama_pool_historico,3.7298,3.7298,19546.37,21393.95,52.26,0.0,snapshot_atual_constante_NAO_historico
2023-12-21,20595670089.0,20521757427.0,3.8,3.8,0.0,19989978863.0,231671663.0,defillama_pool_historico,3.7298,3.7298,19546.37,21393.95,52.26,0.0,snapshot_atual_constante_NAO_historico
2023-12-22,21300697580.0,21222146897.0,3.6,3.6,0.0,21222146897.0,239367828.0,defillama_pool_historico,3.5369,3.5369,19546.37,21393.95,52.26,0.0,snapshot_atual_constante_NAO_historico
2023-12-23,21231078538.0,21165343604.0,3.6,3.6,0.0,21165343604.0,232773203.67,sem_dado,3.5369,3.5369,19546.37,21393.95,52.26,0.0,snapshot_atual_constante_NAO_historico
2023-12-24,21179534179.0,21141196015.0,3.4,3.4,0.0,21141196015.0,226178579.33,sem_dado,3.3436,3.3436,19546.37,21393.95,52.26,0.0,snapshot_atual_constante_NAO_historico
2023-12-25,20854931920.0,20816948603.0,3.6,3.6,0.0,20816948603.0,219583955.0,defillama_pool_historico,3.5369,3.5369,19546.37,21393.95,52.26,0.0,snapshot_atual_constante_NAO_historico
2023-12-26,20420437750.0,20381916298.0,3.6,3.6,0.0,19972627403.0,214232460.0,defillama_pool_historico,3.5369,3.5369,19546.37,21393.95,52.26,0.0,snapshot_atual_constante_NAO_historico
2023-12-27,20614965165.0,20577264543.0,3.4,3.4,0.0,20577264543.0,226146794.0,defillama_pool_historico,3.3436,3.3436,19546.37,21393.95,52.26,0.0,snapshot_atual_constante_NAO_historico
2023-12-28,22087788382.0,22053161805.0,3.8,3.8,0.0,22053161805.0,225854472.0,defillama_pool_historico,3.7298,3.7298,19546.37,21393.95,52.26,0.0,snapshot_atual_constante_NAO_historico
2023-12-29,21803585147.0,21768905603.0,3.6,3.6,0.0,21768905603.0,218754927.0,defillama_pool_historico,3.5369,3.5369,19546.37,21393.95,52.26,0.0,snapshot_atual_constante_NAO_historico
2023-12-30,21143871129.0,21111175833.0,3.2,3.2,0.0,21111175833.0,224439345.0,defillama_pool_historico,3.15,3.15,19546.37,21393.95,52.26,0.0,snapshot_atual_constante_NAO_historico
2023-12-31,21439380980.0,21406486278.0,3.2,3.2,0.0,21406486278.0,224421683.0,defillama_pool_historico,3.15,3.15,19546.37,21393.95,52.26,0.0,snapshot_atual_constante_NAO_historico
2024-01-01,21373948242.0,21341075867.0,3.1,3.1,0.0,21341075867.0,228662512.0,defillama_pool_historico,3.053,3.053,19546.37,21393.95,52.26,0.0,snapshot_atual_constante_NAO_historico
2024-01-02,22389928473.0,22353941458.0,3.2,3.2,0.0,22353941458.0,231568806.0,defillama_pool_historico,3.15,3.15,19546.37,21393.95,52.26,0.0,snapshot_atual_constante_NAO_historico
2024-01-03,22162193305.0,22128787922.0,3.3,3.3,0.0,22128787922.0,217811762.0,defillama_pool_historico,3.2469,3.2469,19546.37,21393.95,52.26,0.0,snapshot_atual_constante_NAO_historico
2024-01-04,20638462604.0,20607960908.0,5.2,5.2,0.0,20607960908.0,222631560.0,defillama_pool_historico,5.0697,5.0697,19546.37,21393.95,52.26,0.0,snapshot_atual_constante_NAO_historico
2024-01-05,21029057517.0,20998170269.0,3.4,3.4,0.0,20998170269.0,219182185.0,defillama_pool_historico,3.3436,3.3436,19546.37,21393.95,52.26,0.0,snapshot_atual_constante_NAO_historico
2024-01-06,20820181419.0,20791222318.0,3.2,3.2,0.0,20791222318.0,219613935.0,defillama_pool_historico,3.15,3.15,19546.37,21393.95,52.26,0.0,snapshot_atual_constante_NAO_historico
2024-01-07,20804825994.0,20776041170.0,3.1,3.1,0.0,20603031243.0,217861584.0,defillama_pool_historico,3.053,3.053,19546.37,21393.95,52.26,0.0,snapshot_atual_constante_NAO_historico
2024-01-08,20691353367.0,20663713223.0,3.3,3.3,0.0,21702077217.0,218119156.0,defillama_pool_historico,3.2469,3.2469,19546.37,21393.95,52.26,0.0,snapshot_atual_constante_NAO_historico
2024-01-09,21239757026.0,21209242069.0,3.5,3.5,0.0,21511050786.0,218193099.0,defillama_pool_historico,3.4403,3.4403,19546.37,21393.95,52.26,0.0,snapshot_atual_constante_NAO_historico
2024-01-10,22623810399.0,22594258150.0,4.0,4.0,0.0,23494154968.0,234712596.0,defillama_pool_historico,3.9223,3.9223,19546.37,21393.95,52.26,0.0,snapshot_atual_constante_NAO_historico
2024-01-11,24775778019.0,24745150830.0,3.9,3.9,0.0,24326480765.0,244781953.0,defillama_pool_historico,3.8261,3.8261,19546.37,21393.95,52.26,0.0,snapshot_atual_constante_NAO_historico
2024-01-12,24609756907.0,24580539412.0,3.3,3.3,0.0,23120204457.0,235858168.0,defillama_pool_historico,3.2469,3.2469,19546.37,21393.95,52.26,0.0,snapshot_atual_constante_NAO_historico
2024-01-13,23715374940.0,23688274124.0,3.5,3.5,0.0,23924527266.0,241783757.0,defillama_pool_historico,3.4403,3.4403,19546.37,21393.95,52.26,0.0,snapshot_atual_constante_NAO_historico
2024-01-14,23949880390.0,23921211378.0,3.3,3.3,0.0,23471325505.0,236541704.0,defillama_pool_historico,3.2469,3.2469,19546.37,21393.95,52.26,0.0,snapshot_atual_constante_NAO_historico
2024-01-15,23775704642.0,23747675031.0,3.3,3.3,0.0,23531312308.0,236414074.0,defillama_pool_historico,3.2469,3.2469,19546.37,21393.95,52.26,0.0,snapshot_atual_constante_NAO_historico
2024-01-16,23768163948.0,23739579011.0,3.6,3.6,0.0,24254117547.0,237797774.0,defillama_pool_historico,3.5369,3.5369,19546.37,21393.95,52.26,0.0,snapshot_atual_constante_NAO_historico
2024-01-17,23767514937.0,23737680828.0,3.5,3.5,0.0,23424673089.0,235693768.0,defillama_pool_historico,3.4403,3.4403,19546.37,21393.95,52.26,0.0,snapshot_atual_constante_NAO_historico
2024-01-18,23657190172.0,23628419948.0,3.4,3.4,0.0,22893966753.0,230635287.0,defillama_pool_historico,3.3436,3.3436,19546.37,21393.95,52.26,0.0,snapshot_atual_constante_NAO_historico
2024-01-19,23372917350.0,23345145231.0,4.5,4.5,0.0,23159085894.0,231285855.0,defillama_pool_historico,4.402,4.402,19546.37,21393.95,52.26,0.0,snapshot_atual_constante_NAO_historico
2024-01-20,23175971359.0,23149080334.0,3.3,3.3,0.0,22987318068.0,229370115.0,defillama_pool_historico,3.2469,3.2469,19546.37,21393.95,52.26,0.0,snapshot_atual_constante_NAO_historico
2024-01-21,23235261397.0,23208038959.0,3.1,3.1,0.0,23036834477.0,227856370.0,defillama_pool_historico,3.053,3.053,19546.37,21393.95,52.26,0.0,snapshot_atual_constante_NAO_historico
2024-01-22,22361621728.0,22335837014.0,3.2,3.2,0.0,21763237201.0,214146752.0,defillama_pool_historico,3.15,3.15,19546.37,21393.95,52.26,0.0,snapshot_atual_constante_NAO_historico
2024-01-23,20961483686.0,20939964150.0,3.8,3.8,0.0,20616051080.0,201843414.0,defillama_pool_historico,3.7298,3.7298,19546.37,21393.95,52.26,0.0,snapshot_atual_constante_NAO_historico
2024-01-24,21199716485.0,21176249145.0,3.2,3.2,0.0,20752318830.0,201835676.0,defillama_pool_historico,3.15,3.15,19546.37,21393.95,52.26,0.0,snapshot_atual_constante_NAO_historico
2024-01-25,20905164760.0,20881321017.0,3.3,3.3,0.0,20815494202.0,203126411.0,defillama_pool_historico,3.2469,3.2469,19546.37,21393.95,52.26,0.0,snapshot_atual_constante_NAO_historico
2024-01-26,21239365069.0,21216164956.0,3.6,3.6,0.0,21119276969.0,208579335.0,defillama_pool_historico,3.5369,3.5369,19546.37,21393.95,52.26,0.0,snapshot_atual_constante_NAO_historico
2024-01-27,21326349338.0,21303202161.0,3.5,3.5,0.0,21259147600.0,207474952.0,defillama_pool_historico,3.4403,3.4403,19546.37,21393.95,52.26,0.0,snapshot_atual_constante_NAO_historico
2024-01-28,21600788468.0,21575916412.0,3.2,3.2,0.0,21205990693.0,206551153.0,defillama_pool_historico,3.15,3.15,19546.37,21393.95,52.26,0.0,snapshot_atual_constante_NAO_historico
2024-01-29,21408839842.0,21384511902.0,3.1,3.1,0.0,21678645386.0,209350041.0,defillama_pool_historico,3.053,3.053,19546.37,21393.95,52.26,0.0,snapshot_atual_constante_NAO_historico
2024-01-30,21865158723.0,21839361432.0,3.3,3.3,0.0,22331470467.0,216540798.0,defillama_pool_historico,3.2469,3.2469,19546.37,21393.95,52.26,0.0,snapshot_atual_constante_NAO_historico
2024-01-31,21691562309.0,21667401429.0,3.5,3.5,0.0,21403505916.0,207238637.0,defillama_pool_historico,3.4403,3.4403,19546.37,21393.95,52.26,0.0,snapshot_atual_constante_NAO_historico
2024-02-01,21495539729.0,21472294981.0,3.5,3.5,0.0,21752922635.0,211291343.0,defillama_pool_historico,3.4403,3.4403,19546.37,21393.95,52.26,0.0,snapshot_atual_constante_NAO_historico
2024-02-02,22017698740.0,21998762012.0,3.3,3.3,0.0,21805522279.0,213111957.0,defillama_pool_historico,3.2469,3.2469,19546.37,21393.95,52.26,0.0,snapshot_atual_constante_NAO_historico
2024-02-03,22062151002.0,22044363259.0,3.5,3.5,0.0,21800358025.0,212289142.0,defillama_pool_historico,3.4403,3.4403,19546.37,21393.95,52.26,0.0,snapshot_atual_constante_NAO_historico
2024-02-04,21969031353.0,21951601745.0,3.0,3.0,0.0,21839623933.0,210649379.0,defillama_pool_historico,2.956,2.956,19546.37,21393.95,52.26,0.0,snapshot_atual_constante_NAO_historico
2024-02-05,22201593586.0,22184052597.0,3.0,3.0,0.0,21732987500.0,211224465.0,defillama_pool_historico,2.956,2.956,19546.37,21393.95,52.26,0.0,snapshot_atual_constante_NAO_historico
2024-02-06,22222462618.0,22205624362.0,3.3,3.3,0.0,22646544525.0,218801965.0,defillama_pool_historico,3.2469,3.2469,19546.37,21393.95,52.26,0.0,snapshot_atual_constante_NAO_historico
2024-02-07,22570978126.0,22554061468.0,3.443,3.443,0.0,23175974515.0,217199819.0,defillama_pool_historico,3.3852,3.3852,19546.37,21393.95,52.26,0.0,snapshot_atual_constante_NAO_historico
2024-02-08,23272659130.0,23254987192.0,3.792,3.792,0.0,23182873437.0,222244114.0,defillama_pool_historico,3.7221,3.7221,19546.37,21393.95,52.26,0.0,snapshot_atual_constante_NAO_historico
2024-02-09,23819885882.0,23801899892.0,3.88,3.88,0.0,24068585114.0,228596671.0,defillama_pool_historico,3.8068,3.8068,19546.37,21393.95,52.26,0.0,snapshot_atual_constante_NAO_historico
2024-02-10,23970134012.0,23951610586.0,3.641,3.641,0.0,24053720528.0,230867479.0,defillama_pool_historico,3.5765,3.5765,19546.37,21393.95,52.26,0.0,snapshot_atual_constante_NAO_historico
2024-02-11,24363525270.0,24344765068.0,3.336,3.336,0.0,24053730354.0,229965438.0,defillama_pool_historico,3.2817,3.2817,19546.37,21393.95,52.26,0.0,snapshot_atual_constante_NAO_historico
2024-02-12,24000159813.0,23982462225.0,3.352,3.352,0.0,25451982026.0,243400234.0,defillama_pool_historico,3.2972,3.2972,19546.37,21393.95,52.26,0.0,snapshot_atual_constante_NAO_historico
2024-02-13,25695718025.0,25676314550.0,4.275,4.275,0.0,25424531525.0,239950264.0,defillama_pool_historico,4.1864,4.1864,19546.37,21393.95,52.26,0.0,snapshot_atual_constante_NAO_historico
2024-02-14,26681482527.0,26662004791.0,3.562,3.562,0.0,27049017481.0,252370045.0,defillama_pool_historico,3.5002,3.5002,19546.37,21393.95,52.26,0.0,snapshot_atual_constante_NAO_historico
2024-02-15,27309904622.0,27290156478.0,3.279,3.279,0.0,27309705308.0,257929883.0,defillama_pool_historico,3.2265,3.2265,19546.37,21393.95,52.26,0.0,snapshot_atual_constante_NAO_historico
2024-02-16,27729975845.0,27712447674.0,3.778,3.778,0.0,27263988634.0,251987573.0,defillama_pool_historico,3.7086,3.7086,19546.37,21393.95,52.26,0.0,snapshot_atual_constante_NAO_historico
2024-02-17,27250752381.0,27233727008.0,3.126,3.126,0.0,27294369118.0,250282028.0,defillama_pool_historico,3.0783,3.0783,19546.37,21393.95,52.26,0.0,snapshot_atual_constante_NAO_historico
2024-02-18,27592849919.0,27575468933.0,3.127,3.127,0.0,27997797029.0,259137855.0,defillama_pool_historico,3.0792,3.0792,19546.37,21393.95,52.26,0.0,snapshot_atual_constante_NAO_historico
2024-02-19,28590904790.0,28573487804.0,3.263,3.263,0.0,29065348699.0,266529204.0,defillama_pool_historico,3.211,3.211,19546.37,21393.95,52.26,0.0,snapshot_atual_constante_NAO_historico
2024-02-20,28596157764.0,28579156598.0,3.363,3.363,0.0,29251788734.0,268991857.0,defillama_pool_historico,3.3078,3.3078,19546.37,21393.95,52.26,0.0,snapshot_atual_constante_NAO_historico
2024-02-21,28573359818.0,28557366548.0,3.466,3.466,0.0,28614502893.0,262684601.0,defillama_pool_historico,3.4074,3.4074,19546.37,21393.95,52.26,0.0,snapshot_atual_constante_NAO_historico
2024-02-22,29255801847.0,29239442014.0,3.468,3.468,0.0,29230175612.0,265215662.0,defillama_pool_historico,3.4094,3.4094,19546.37,21393.95,52.26,0.0,snapshot_atual_constante_NAO_historico
2024-02-23,29083209519.0,29067401909.0,3.415,3.415,0.0,28829373369.0,259611352.0,defillama_pool_historico,3.3581,3.3581,19546.37,21393.95,52.26,0.0,snapshot_atual_constante_NAO_historico
2024-02-24,29352938741.0,29337166919.0,3.467,3.467,0.0,29277853064.0,265707805.0,defillama_pool_historico,3.4084,3.4084,19546.37,21393.95,52.26,0.0,snapshot_atual_constante_NAO_historico
2024-02-25,29765721779.0,29749880307.0,3.148,3.148,0.0,30502625248.0,271283791.0,defillama_pool_historico,3.0996,3.0996,19546.37,21393.95,52.26,0.0,snapshot_atual_constante_NAO_historico
2024-02-26,30192952043.0,30177326331.0,3.262,3.262,0.0,31196506470.0,278124369.0,defillama_pool_historico,3.2101,3.2101,19546.37,21393.95,52.26,0.0,snapshot_atual_constante_NAO_historico
2024-02-27,32151806830.0,32135902223.0,3.472,3.472,0.0,31861958743.0,284425455.0,defillama_pool_historico,3.4132,3.4132,19546.37,21393.95,52.26,0.0,snapshot_atual_constante_NAO_historico
2024-02-28,32956243612.0,32939980391.0,3.426,3.426,0.0,32724017868.0,288612241.0,defillama_pool_historico,3.3688,3.3688,19546.37,21393.95,52.26,0.0,snapshot_atual_constante_NAO_historico
2024-02-29,34471170343.0,34451411943.0,3.7,3.7,0.0,32738825734.0,273977988.0,defillama_pool_historico,3.6334,3.6334,19546.37,21393.95,52.26,0.0,snapshot_atual_constante_NAO_historico
2024-03-01,33856353045.0,33836172965.0,3.336,3.336,0.0,33744163658.0,282452071.0,defillama_pool_historico,3.2817,3.2817,19546.37,21393.95,52.26,0.0,snapshot_atual_constante_NAO_historico
2024-03-02,33676062555.0,33656614781.0,3.49,3.49,0.0,33521374470.0,280198114.0,defillama_pool_historico,3.4306,3.4306,19546.37,21393.95,52.26,0.0,snapshot_atual_constante_NAO_historico
2024-03-03,33654309879.0,33634889054.0,3.294,3.294,0.0,34165505427.0,285212788.0,defillama_pool_historico,3.2411,3.2411,19546.37,21393.95,52.26,0.0,snapshot_atual_constante_NAO_historico
2024-03-04,34579559522.0,34559769766.0,3.449,3.449,0.0,34789324383.0,292919339.0,defillama_pool_historico,3.391,3.391,19546.37,21393.95,52.26,0.0,snapshot_atual_constante_NAO_historico
2024-03-05,36890064680.0,36870254278.0,3.836,3.836,0.0,34181903127.0,286747305.0,defillama_pool_historico,3.7644,3.7644,19546.37,21393.95,52.26,0.0,snapshot_atual_constante_NAO_historico
2024-03-06,38029548131.0,38009904555.0,4.13,4.13,0.0,37810693355.0,314129345.0,defillama_pool_historico,4.0472,4.0472,19546.37,21393.95,52.26,0.0,snapshot_atual_constante_NAO_historico
2024-03-07,37566475300.0,37545220962.0,3.904,3.904,0.0,38177828703.0,316288953.0,defillama_pool_historico,3.8299,3.8299,19546.37,21393.95,52.26,0.0,snapshot_atual_constante_NAO_historico
2024-03-08,38973097399.0,38951175513.0,3.523,3.523,0.0,38509199913.0,319708271.0,defillama_pool_historico,3.4625,3.4625,19546.37,21393.95,52.26,0.0,snapshot_atual_constante_NAO_historico
2024-03-09,38782184813.0,38760259255.0,3.521,3.521,0.0,38499907781.0,315660772.0,defillama_pool_historico,3.4606,3.4606,19546.37,21393.95,52.26,0.0,snapshot_atual_constante_NAO_historico
2024-03-10,39075696233.0,39054027669.0,3.404,3.404,0.0,38092100891.0,309625315.0,defillama_pool_historico,3.3475,3.3475,19546.37,21393.95,52.26,0.0,snapshot_atual_constante_NAO_historico
2024-03-11,39894470648.0,39872378568.0,3.586,3.586,0.0,40127551638.0,326657397.0,defillama_pool_historico,3.5234,3.5234,19546.37,21393.95,52.26,0.0,snapshot_atual_constante_NAO_historico
2024-03-12,39773410851.0,39750996068.0,3.677,3.677,0.0,38802967969.0,313325208.0,defillama_pool_historico,3.6112,3.6112,19546.37,21393.95,52.26,0.0,snapshot_atual_constante_NAO_historico
2024-03-13,40166366166.0,40143486560.0,3.644,3.644,0.0,39231372318.0,315681870.0,defillama_pool_historico,3.5794,3.5794,19546.37,21393.95,52.26,0.0,snapshot_atual_constante_NAO_historico
2024-03-14,39113924177.0,39088675722.0,3.438,3.438,0.0,37938616956.0,306985786.0,defillama_pool_historico,3.3804,3.3804,19546.37,21393.95,52.26,0.0,snapshot_atual_constante_NAO_historico
2024-03-15,38410537211.0,38384392883.0,3.691,3.691,0.0,36154873244.0,293267070.0,defillama_pool_historico,3.6247,3.6247,19546.37,21393.95,52.26,0.0,snapshot_atual_constante_NAO_historico
2024-03-16,37222495938.0,37196372888.0,3.225,3.225,0.0,34614117838.0,282003903.0,defillama_pool_historico,3.1742,3.1742,19546.37,21393.95,52.26,0.0,snapshot_atual_constante_NAO_historico
2024-03-17,34871200857.0,34844540753.0,3.311,3.311,0.0,35562183841.0,289068966.0,defillama_pool_historico,3.2575,3.2575,19546.37,21393.95,52.26,0.0,snapshot_atual_constante_NAO_historico
2024-03-18,35583205198.0,35554873365.0,3.125,3.125,0.0,34388397375.0,275308605.0,defillama_pool_historico,3.0773,3.0773,19546.37,21393.95,52.26,0.0,snapshot_atual_constante_NAO_historico
2024-03-19,34584367357.0,34556943839.0,3.954,3.954,0.0,31527947352.0,250823265.0,defillama_pool_historico,3.878,3.878,19546.37,21393.95,52.26,0.0,snapshot_atual_constante_NAO_historico
2024-03-20,31341635834.0,31317429699.0,3.415,3.415,0.0,34346162385.0,273181602.0,defillama_pool_historico,3.3581,3.3581,19546.37,21393.95,52.26,0.0,snapshot_atual_constante_NAO_historico
2024-03-21,34655417262.0,34629134325.0,3.422,3.422,0.0,34243203973.0,272123473.0,defillama_pool_historico,3.3649,3.3649,19546.37,21393.95,52.26,0.0,snapshot_atual_constante_NAO_historico
2024-03-22,34386569238.0,34362256395.0,3.219,3.219,0.0,32076695829.0,256096001.0,defillama_pool_historico,3.1684,3.1684,19546.37,21393.95,52.26,0.0,snapshot_atual_constante_NAO_historico
2024-03-23,32672576578.0,32648805288.0,3.345,3.345,0.0,32991205180.0,263093936.0,defillama_pool_historico,3.2904,3.2904,19546.37,21393.95,52.26,0.0,snapshot_atual_constante_NAO_historico
2024-03-24,32895477965.0,32871391203.0,3.015,3.015,0.0,33454878812.0,263952589.0,defillama_pool_historico,2.9706,2.9706,19546.37,21393.95,52.26,0.0,snapshot_atual_constante_NAO_historico
2024-03-25,33742922378.0,33718069551.0,3.165,3.165,0.0,34915326033.0,276655908.0,defillama_pool_historico,3.1161,3.1161,19546.37,21393.95,52.26,0.0,snapshot_atual_constante_NAO_historico
2024-03-26,35168489397.0,35142580853.0,3.467,3.467,0.0,34702003833.0,275136557.0,defillama_pool_historico,3.4084,3.4084,19546.37,21393.95,52.26,0.0,snapshot_atual_constante_NAO_historico
2024-03-27,34998655460.0,34972799671.0,3.255,3.255,0.0,33885814744.0,268312490.0,defillama_pool_historico,3.2033,3.2033,19546.37,21393.95,52.26,0.0,snapshot_atual_constante_NAO_historico
2024-03-28,34115167499.0,34090093675.0,3.186,3.186,0.0,34427611674.0,271725274.0,defillama_pool_historico,3.1364,3.1364,19546.37,21393.95,52.26,0.0,snapshot_atual_constante_NAO_historico
2024-03-29,34731970105.0,34706250520.0,3.299,3.299,0.0,33672616598.0,262456512.0,defillama_pool_historico,3.2459,3.2459,19546.37,21393.95,52.26,0.0,snapshot_atual_constante_NAO_historico
2024-03-30,34225204264.0,34199244924.0,3.119,3.119,0.0,33907787038.0,260834639.0,defillama_pool_historico,3.0715,3.0715,19546.37,21393.95,52.26,0.0,snapshot_atual_constante_NAO_historico
2024-03-31,34146351588.0,34119918636.0,3.07,3.07,0.0,35114644706.0,269660002.0,defillama_pool_historico,3.0239,3.0239,19546.37,21393.95,52.26,0.0,snapshot_atual_constante_NAO_historico
2024-04-01,35364279318.0,35337304537.0,3.127,3.127,0.0,33670763638.0,260700185.0,defillama_pool_historico,3.0792,3.0792,19546.37,21393.95,52.26,0.0,snapshot_atual_constante_NAO_historico
2024-04-02,33911638933.0,33885614776.0,3.501,3.501,0.0,31175779818.0,243586520.0,defillama_pool_historico,3.4413,3.4413,19546.37,21393.95,52.26,0.0,snapshot_atual_constante_NAO_historico
2024-04-03,31435308653.0,31410342941.0,3.413,3.413,0.0,31442373725.0,245472281.0,defillama_pool_historico,3.3562,3.3562,19546.37,21393.95,52.26,0.0,snapshot_atual_constante_NAO_historico
2024-04-04,31799605014.0,31774552410.0,3.384,3.384,0.0,31769947323.0,244639317.0,defillama_pool_historico,3.3282,3.3282,19546.37,21393.95,52.26,0.0,snapshot_atual_constante_NAO_historico
2024-04-05,31787123597.0,31762583975.0,3.489,3.489,0.0,31829397101.0,245303754.0,defillama_pool_historico,3.4297,3.4297,19546.37,21393.95,52.26,0.0,snapshot_atual_constante_NAO_historico
2024-04-06,31916194901.0,31892721654.0,3.347,3.347,0.0,31913090574.0,247796258.0,defillama_pool_historico,3.2924,3.2924,19546.37,21393.95,52.26,0.0,snapshot_atual_constante_NAO_historico
2024-04-07,32201264034.0,32177435883.0,3.041,3.041,0.0,32443916249.0,252127576.0,defillama_pool_historico,2.9958,2.9958,19546.37,21393.95,52.26,0.0,snapshot_atual_constante_NAO_historico
2024-04-08,32677916889.0,32654130164.0,3.148,3.148,0.0,35126869237.0,272295924.0,defillama_pool_historico,3.0996,3.0996,19546.37,21393.95,52.26,0.0,snapshot_atual_constante_NAO_historico
2024-04-09,35316854023.0,35292643350.0,3.22,3.22,0.0,33276151304.0,258551481.0,defillama_pool_historico,3.1694,3.1694,19546.37,21393.95,52.26,0.0,snapshot_atual_constante_NAO_historico
2024-04-10,33534602536.0,33511373066.0,3.36,3.36,0.0,33065845586.0,260823855.0,defillama_pool_historico,3.3049,3.3049,19546.37,21393.95,52.26,0.0,snapshot_atual_constante_NAO_historico
2024-04-11,33254541423.0,33231483014.0,3.45,3.45,0.0,32973417956.0,257546062.0,defillama_pool_historico,3.392,3.392,19546.37,21393.95,52.26,0.0,snapshot_atual_constante_NAO_historico
2024-04-12,33152124654.0,33129053313.0,3.146,3.146,0.0,30223893379.0,235539943.0,defillama_pool_historico,3.0977,3.0977,19546.37,21393.95,52.26,0.0,snapshot_atual_constante_NAO_historico
2024-04-13,30431414219.0,30411140204.0,4.31,4.31,0.0,27507790373.0,220128117.0,defillama_pool_historico,4.2199,4.2199,19546.37,21393.95,52.26,0.0,snapshot_atual_constante_NAO_historico
2024-04-14,27656598384.0,27638433659.0,4.436,4.436,0.0,29603525849.0,230378966.0,defillama_pool_historico,4.3407,4.3407,19546.37,21393.95,52.26,0.0,snapshot_atual_constante_NAO_historico
2024-04-15,28846473466.0,28827798632.0,3.101,3.101,0.0,29020898814.0,227545528.0,defillama_pool_historico,3.054,3.054,19546.37,21393.95,52.26,0.0,snapshot_atual_constante_NAO_historico
2024-04-16,29239640244.0,29221288033.0,3.551,3.551,0.0,29035947410.0,225645986.0,defillama_pool_historico,3.4896,3.4896,19546.37,21393.95,52.26,0.0,snapshot_atual_constante_NAO_historico
2024-04-17,29084866926.0,29066732648.0,3.191,3.191,0.0,28211076305.0,219023437.0,defillama_pool_historico,3.1413,3.1413,19546.37,21393.95,52.26,0.0,snapshot_atual_constante_NAO_historico
2024-04-18,28207455597.0,28189570487.0,3.237,3.237,0.0,28674723530.0,223717365.0,defillama_pool_historico,3.1859,3.1859,19546.37,21393.95,52.26,0.0,snapshot_atual_constante_NAO_historico
2024-04-19,28789243984.0,28770380339.0,3.295,3.295,0.0,28811666039.0,224596941.0,defillama_pool_historico,3.242,3.242,19546.37,21393.95,52.26,0.0,snapshot_atual_constante_NAO_historico
2024-04-20,28976699752.0,28957664955.0,3.173,3.173,0.0,29433218852.0,229350851.0,defillama_pool_historico,3.1238,3.1238,19546.37,21393.95,52.26,0.0,snapshot_atual_constante_NAO_historico
2024-04-21,29539456458.0,29519650952.0,2.94,2.94,0.0,29335706943.0,230384907.0,defillama_pool_historico,2.8977,2.8977,19546.37,21393.95,52.26,0.0,snapshot_atual_constante_NAO_historico
2024-04-22,29530677241.0,29511110376.0,3.058,3.058,0.0,29906775524.0,233817150.0,defillama_pool_historico,3.0123,3.0123,19546.37,21393.95,52.26,0.0,snapshot_atual_constante_NAO_historico
2024-04-23,30154858878.0,30134181170.0,3.098,3.098,0.0,30004411402.0,233050066.0,defillama_pool_historico,3.0511,3.0511,19546.37,21393.95,52.26,0.0,snapshot_atual_constante_NAO_historico
2024-04-24,30048783130.0,30028309785.0,3.742,3.742,0.0,29366085501.0,226543023.0,defillama_pool_historico,3.6739,3.6739,19546.37,21393.95,52.26,0.0,snapshot_atual_constante_NAO_historico
2024-04-25,29490952687.0,29471575776.0,3.293,3.293,0.0,29750078559.0,229122808.0,defillama_pool_historico,3.2401,3.2401,19546.37,21393.95,52.26,0.0,snapshot_atual_constante_NAO_historico
2024-04-26,29790195286.0,29770957981.0,3.058,3.058,0.0,29399844844.0,226748676.0,defillama_pool_historico,3.0123,3.0123,19546.37,21393.95,52.26,0.0,snapshot_atual_constante_NAO_historico
2024-04-27,29421686981.0,29403328506.0,3.004,3.004,0.0,30259833329.0,234690160.0,defillama_pool_historico,2.9599,2.9599,19546.37,21393.95,52.26,0.0,snapshot_atual_constante_NAO_historico
2024-04-28,30448779049.0,30430440989.0,2.942,2.942,0.0,30888607086.0,238019038.0,defillama_pool_historico,2.8997,2.8997,19546.37,21393.95,52.26,0.0,snapshot_atual_constante_NAO_historico
2024-04-29,30960637333.0,30942129491.0,3.031,3.031,0.0,29863072008.0,232361030.0,defillama_pool_historico,2.9861,2.9861,19546.37,21393.95,52.26,0.0,snapshot_atual_constante_NAO_historico
2024-04-30,30141577695.0,30123508193.0,3.046,3.046,0.0,27877082840.0,217006116.0,defillama_pool_historico,3.0007,3.0007,19546.37,21393.95,52.26,0.0,snapshot_atual_constante_NAO_historico
2024-05-01,28106092971.0,28089598516.0,3.31,3.31,0.0,27684411734.0,214261884.0,defillama_pool_historico,3.2565,3.2565,19546.37,21393.95,52.26,0.0,snapshot_atual_constante_NAO_historico
2024-05-02,27843013292.0,27825628679.0,3.103,3.103,0.0,28080831828.0,216906448.0,defillama_pool_historico,3.056,3.056,19546.37,21393.95,52.26,0.0,snapshot_atual_constante_NAO_historico
2024-05-03,28111786878.0,28093830035.0,2.934,2.934,0.0,29054286667.0,224641658.0,defillama_pool_historico,2.8919,2.8919,19546.37,21393.95,52.26,0.0,snapshot_atual_constante_NAO_historico
2024-05-04,29186307371.0,29167713772.0,2.999,2.999,0.0,29190217620.0,224270352.0,defillama_pool_historico,2.955,2.955,19546.37,21393.95,52.26,0.0,snapshot_atual_constante_NAO_historico
2024-05-05,29243052623.0,29224107127.0,2.829,2.829,0.0,29277399792.0,224384968.0,defillama_pool_historico,2.7898,2.7898,19546.37,21393.95,52.26,0.0,snapshot_atual_constante_NAO_historico
2024-05-06,29434973139.0,29416117349.0,2.887,2.887,0.0,28826959941.0,220946201.0,defillama_pool_historico,2.8462,2.8462,19546.37,21393.95,52.26,0.0,snapshot_atual_constante_NAO_historico
2024-05-07,28976851756.0,28956754727.0,2.922,2.922,0.0,28483572707.0,217048668.0,defillama_pool_historico,2.8802,2.8802,19546.37,21393.95,52.26,0.0,snapshot_atual_constante_NAO_historico
2024-05-08,28606102207.0,28586657349.0,2.955,2.955,0.0,27771200544.0,211111858.0,defillama_pool_historico,2.9123,2.9123,19546.37,21393.95,52.26,0.0,snapshot_atual_constante_NAO_historico
2024-05-09,27916439525.0,27898068991.0,2.91,2.91,0.0,28263829653.0,216970162.0,defillama_pool_historico,2.8686,2.8686,19546.37,21393.95,52.26,0.0,snapshot_atual_constante_NAO_historico
2024-05-10,28391470109.0,28371974133.0,2.934,2.934,0.0,27131548445.0,206392345.0,defillama_pool_historico,2.8919,2.8919,19546.37,21393.95,52.26,0.0,snapshot_atual_constante_NAO_historico
2024-05-11,27315884494.0,27296978198.0,2.894,2.894,0.0,27325475523.0,206974451.0,defillama_pool_historico,2.853,2.853,19546.37,21393.95,52.26,0.0,snapshot_atual_constante_NAO_historico
2024-05-12,27438816479.0,27419974276.0,2.812,2.812,0.0,27368608800.0,208061900.0,defillama_pool_historico,2.7733,2.7733,19546.37,21393.95,52.26,0.0,snapshot_atual_constante_NAO_historico
2024-05-13,27536833000.0,27518270892.0,2.888,2.888,0.0,27635739808.0,208835949.0,defillama_pool_historico,2.8472,2.8472,19546.37,21393.95,52.26,0.0,snapshot_atual_constante_NAO_historico
2024-05-14,27740589299.0,27721463226.0,3.087,3.087,0.0,27107555090.0,205051128.0,defillama_pool_historico,3.0404,3.0404,19546.37,21393.95,52.26,0.0,snapshot_atual_constante_NAO_historico
2024-05-15,27161347277.0,27142837446.0,2.997,2.997,0.0,28237127744.0,214070221.0,defillama_pool_historico,2.9531,2.9531,19546.37,21393.95,52.26,0.0,snapshot_atual_constante_NAO_historico
2024-05-16,28324665695.0,28304477567.0,3.043,3.043,0.0,27494295812.0,208223631.0,defillama_pool_historico,2.9977,2.9977,19546.37,21393.95,52.26,0.0,snapshot_atual_constante_NAO_historico
2024-05-17,27523743823.0,27503284092.0,2.906,2.906,0.0,28917923715.0,219208500.0,defillama_pool_historico,2.8647,2.8647,19546.37,21393.95,52.26,0.0,snapshot_atual_constante_NAO_historico
2024-05-18,29018415379.0,28996742225.0,2.776,2.776,0.0,29119269053.0,221361647.0,defillama_pool_historico,2.7383,2.7383,19546.37,21393.95,52.26,0.0,snapshot_atual_constante_NAO_historico
2024-05-19,29266218398.0,29243920320.0,2.853,2.853,0.0,28579330260.0,217772050.0,defillama_pool_historico,2.8132,2.8132,19546.37,21393.95,52.26,0.0,snapshot_atual_constante_NAO_historico
2024-05-20,28712603282.0,28690646027.0,2.88,2.88,0.0,34170060889.0,256876069.0,defillama_pool_historico,2.8394,2.8394,19546.37,21393.95,52.26,0.0,snapshot_atual_constante_NAO_historico
2024-05-21,34106380391.0,34082480643.0,3.936,3.936,0.0,35021996587.0,268573445.0,defillama_pool_historico,3.8607,3.8607,19546.37,21393.95,52.26,0.0,snapshot_atual_constante_NAO_historico
2024-05-22,35311622169.0,35288645949.0,3.183,3.183,0.0,34959045610.0,264990857.0,defillama_pool_historico,3.1335,3.1335,19546.37,21393.95,52.26,0.0,snapshot_atual_constante_NAO_historico
2024-05-23,35111299740.0,35088250274.0,3.191,3.191,0.0,35401832827.0,270176280.0,defillama_pool_historico,3.1413,3.1413,19546.37,21393.95,52.26,0.0,snapshot_atual_constante_NAO_historico
2024-05-24,35548518516.0,35525799914.0,4.24,4.24,0.0,34713288127.0,264677500.0,defillama_pool_historico,4.1528,4.1528,19546.37,21393.95,52.26,0.0,snapshot_atual_constante_NAO_historico
2024-05-25,34845958155.0,34824359786.0,3.022,3.022,0.0,34745485827.0,265339027.0,defillama_pool_historico,2.9774,2.9774,19546.37,21393.95,52.26,0.0,snapshot_atual_constante_NAO_historico
2024-05-26,34907968628.0,34886367750.0,2.959,2.959,0.0,35702895399.0,271420154.0,defillama_pool_historico,2.9162,2.9162,19546.37,21393.95,52.26,0.0,snapshot_atual_constante_NAO_historico
2024-05-27,35835746945.0,35814658258.0,3.103,3.103,0.0,36093901178.0,274424553.0,defillama_pool_historico,3.056,3.056,19546.37,21393.95,52.26,0.0,snapshot_atual_constante_NAO_historico
2024-05-28,36270152684.0,36248123445.0,3.222,3.222,0.0,36232785916.0,272705483.0,defillama_pool_historico,3.1713,3.1713,19546.37,21393.95,52.26,0.0,snapshot_atual_constante_NAO_historico
2024-05-29,36507655562.0,36485751258.0,3.151,3.151,0.0,35742418096.0,266795156.0,defillama_pool_historico,3.1025,3.1025,19546.37,21393.95,52.26,0.0,snapshot_atual_constante_NAO_historico
2024-05-30,35985925689.0,35964055230.0,3.237,3.237,0.0,35585717621.0,264662793.0,defillama_pool_historico,3.1859,3.1859,19546.37,21393.95,52.26,0.0,snapshot_atual_constante_NAO_historico
2024-05-31,35709394441.0,35687820290.0,3.275,3.275,0.0,35918322227.0,265546752.0,defillama_pool_historico,3.2227,3.2227,19546.37,21393.95,52.26,0.0,snapshot_atual_constante_NAO_historico
2024-06-01,36003173962.0,35981676313.0,3.131,3.131,0.0,36097095928.0,269026612.0,defillama_pool_historico,3.0831,3.0831,19546.37,21393.95,52.26,0.0,snapshot_atual_constante_NAO_historico
2024-06-02,36297562606.0,36275983380.0,3.15,3.15,0.0,35927306227.0,266056191.0,defillama_pool_historico,3.1015,3.1015,19546.37,21393.95,52.26,0.0,snapshot_atual_constante_NAO_historico
2024-06-03,36000901646.0,35979855707.0,3.266,3.266,0.0,35796738203.0,265601716.0,defillama_pool_historico,3.2139,3.2139,19546.37,21393.95,52.26,0.0,snapshot_atual_constante_NAO_historico
2024-06-04,35944065900.0,35922675711.0,3.179,3.179,0.0,36265529170.0,268521655.0,defillama_pool_historico,3.1296,3.1296,19546.37,21393.95,52.26,0.0,snapshot_atual_constante_NAO_historico
2024-06-05,36399082679.0,36377093354.0,3.258,3.258,0.0,36717862224.0,270997309.0,defillama_pool_historico,3.2062,3.2062,19546.37,21393.95,52.26,0.0,snapshot_atual_constante_NAO_historico
2024-06-06,36727843961.0,36705421064.0,3.499,3.499,0.0,36146875321.0,267605774.0,defillama_pool_historico,3.4393,3.4393,19546.37,21393.95,52.26,0.0,snapshot_atual_constante_NAO_historico
2024-06-07,36299693986.0,36277676021.0,3.372,3.372,0.0,35111188709.0,259267442.0,defillama_pool_historico,3.3165,3.3165,19546.37,21393.95,52.26,0.0,snapshot_atual_constante_NAO_historico
2024-06-08,35202933184.0,35181945390.0,3.319,3.319,0.0,34985076582.0,258558920.0,defillama_pool_historico,3.2653,3.2653,19546.37,21393.95,52.26,0.0,snapshot_atual_constante_NAO_historico
2024-06-09,34953965915.0,34933639937.0,3.044,3.044,0.0,35269566359.0,260792226.0,defillama_pool_historico,2.9987,2.9987,19546.37,21393.95,52.26,0.0,snapshot_atual_constante_NAO_historico
2024-06-10,35597308815.0,35576446833.0,3.242,3.242,0.0,34867335185.0,258106653.0,defillama_pool_historico,3.1907,3.1907,19546.37,21393.95,52.26,0.0,snapshot_atual_constante_NAO_historico
2024-06-11,35008046698.0,34987471388.0,3.577,3.577,0.0,33191496875.0,246281917.0,defillama_pool_historico,3.5147,3.5147,19546.37,21393.95,52.26,0.0,snapshot_atual_constante_NAO_historico
2024-06-12,33350658525.0,33331401484.0,3.263,3.263,0.0,33937043617.0,251271519.0,defillama_pool_historico,3.211,3.211,19546.37,21393.95,52.26,0.0,snapshot_atual_constante_NAO_historico
2024-06-13,33956429886.0,33936378132.0,3.674,3.674,0.0,33064632708.0,244688578.0,defillama_pool_historico,3.6083,3.6083,19546.37,21393.95,52.26,0.0,snapshot_atual_constante_NAO_historico
2024-06-14,33186313631.0,33167242923.0,3.073,3.073,0.0,33233388091.0,244186990.0,defillama_pool_historico,3.0269,3.0269,19546.37,21393.95,52.26,0.0,snapshot_atual_constante_NAO_historico
2024-06-15,33197893407.0,33179470716.0,3.126,3.126,0.0,33920186365.0,249800142.0,defillama_pool_historico,3.0783,3.0783,19546.37,21393.95,52.26,0.0,snapshot_atual_constante_NAO_historico
2024-06-16,34047373923.0,34028631741.0,2.956,2.956,0.0,34676399878.0,254234216.0,defillama_pool_historico,2.9133,2.9133,19546.37,21393.95,52.26,0.0,snapshot_atual_constante_NAO_historico
2024-06-17,34358500125.0,34339202761.0,2.945,2.945,0.0,33655561943.0,247205306.0,defillama_pool_historico,2.9026,2.9026,19546.37,21393.95,52.26,0.0,snapshot_atual_constante_NAO_historico
2024-06-18,33685640195.0,33667123192.0,3.203,3.203,0.0,33087509211.0,244071913.0,defillama_pool_historico,3.1529,3.1529,19546.37,21393.95,52.26,0.0,snapshot_atual_constante_NAO_historico
2024-06-19,33215741714.0,33198101614.0,3.005,3.005,0.0,34056850368.0,250175166.0,defillama_pool_historico,2.9609,2.9609,19546.37,21393.95,52.26,0.0,snapshot_atual_constante_NAO_historico
2024-06-20,34005128053.0,33987899659.0,3.096,3.096,0.0,33694429852.0,246533270.0,defillama_pool_historico,3.0492,3.0492,19546.37,21393.95,52.26,0.0,snapshot_atual_constante_NAO_historico
2024-06-21,33721466506.0,33704215998.0,2.989,2.989,0.0,33631149101.0,246791998.0,defillama_pool_historico,2.9453,2.9453,19546.37,21393.95,52.26,0.0,snapshot_atual_constante_NAO_historico
2024-06-22,33786598870.0,33769310036.0,2.88,2.88,0.0,33641774470.0,245192512.0,defillama_pool_historico,2.8394,2.8394,19546.37,21393.95,52.26,0.0,snapshot_atual_constante_NAO_historico
2024-06-23,33733516672.0,33716203476.0,2.947,2.947,0.0,32931721024.0,239438238.0,defillama_pool_historico,2.9045,2.9045,19546.37,21393.95,52.26,0.0,snapshot_atual_constante_NAO_historico
2024-06-24,33064859052.0,33048024995.0,3.007,3.007,0.0,32245121469.0,233780587.0,defillama_pool_historico,2.9628,2.9628,19546.37,21393.95,52.26,0.0,snapshot_atual_constante_NAO_historico
2024-06-25,32297108455.0,32280214771.0,3.044,3.044,0.0,32929269169.0,238253430.0,defillama_pool_historico,2.9987,2.9987,19546.37,21393.95,52.26,0.0,snapshot_atual_constante_NAO_historico
2024-06-26,33031318275.0,33013545739.0,2.966,2.966,0.0,32610176370.0,236685512.0,defillama_pool_historico,2.923,2.923,19546.37,21393.95,52.26,0.0,snapshot_atual_constante_NAO_historico
2024-06-27,32836414989.0,32818645534.0,2.979,2.979,0.0,33385636816.0,241370617.0,defillama_pool_historico,2.9356,2.9356,19546.37,21393.95,52.26,0.0,snapshot_atual_constante_NAO_historico
2024-06-28,33525241598.0,33505914212.0,3.133,3.133,0.0,32815057609.0,236091599.0,defillama_pool_historico,3.0851,3.0851,19546.37,21393.95,52.26,0.0,snapshot_atual_constante_NAO_historico
2024-06-29,32927498439.0,32909413392.0,2.822,2.822,0.0,32852223529.0,236603016.0,defillama_pool_historico,2.783,2.783,19546.37,21393.95,52.26,0.0,snapshot_atual_constante_NAO_historico
2024-06-30,32933751631.0,32915695746.0,2.788,2.788,0.0,33153014476.0,241206016.0,defillama_pool_historico,2.7499,2.7499,19546.37,21393.95,52.26,0.0,snapshot_atual_constante_NAO_historico
2024-07-01,33255412787.0,33236794111.0,2.997,2.997,0.0,33592760514.0,240745025.0,defillama_pool_historico,2.9531,2.9531,19546.37,21393.95,52.26,0.0,snapshot_atual_constante_NAO_historico
2024-07-02,33728112518.0,33709091358.0,2.975,2.975,0.0,33207938753.0,238663090.0,defillama_pool_historico,2.9317,2.9317,19546.37,21393.95,52.26,0.0,snapshot_atual_constante_NAO_historico
2024-07-03,33291882493.0,33272082903.0,3.04,3.04,0.0,32155306107.0,230593835.0,defillama_pool_historico,2.9948,2.9948,19546.37,21393.95,52.26,0.0,snapshot_atual_constante_NAO_historico
2024-07-04,32206182988.0,32188028290.0,3.401,3.401,0.0,30575326637.0,218763891.0,defillama_pool_historico,3.3446,3.3446,19546.37,21393.95,52.26,0.0,snapshot_atual_constante_NAO_historico
2024-07-05,30723000488.0,30705779642.0,4.085,4.085,0.0,28946851048.0,207613529.0,defillama_pool_historico,4.004,4.004,19546.37,21393.95,52.26,0.0,snapshot_atual_constante_NAO_historico
2024-07-06,29175642844.0,29158219560.0,3.033,3.033,0.0,29829267656.0,213263701.0,defillama_pool_historico,2.988,2.988,19546.37,21393.95,52.26,0.0,snapshot_atual_constante_NAO_historico
2024-07-07,29926773319.0,29908305851.0,2.836,2.836,0.0,28707713574.0,205776372.0,defillama_pool_historico,2.7966,2.7966,19546.37,21393.95,52.26,0.0,snapshot_atual_constante_NAO_historico
2024-07-08,28797598786.0,28780163797.0,2.92,2.92,0.0,29320772502.0,210434821.0,defillama_pool_historico,2.8783,2.8783,19546.37,21393.95,52.26,0.0,snapshot_atual_constante_NAO_historico
2024-07-09,29446677384.0,29428590763.0,2.969,2.969,0.0,29708773971.0,213861425.0,defillama_pool_historico,2.9259,2.9259,19546.37,21393.95,52.26,0.0,snapshot_atual_constante_NAO_historico
2024-07-10,29788094413.0,29769779667.0,3.051,3.051,0.0,30098156877.0,215856714.0,defillama_pool_historico,3.0055,3.0055,19546.37,21393.95,52.26,0.0,snapshot_atual_constante_NAO_historico
2024-07-11,30165920472.0,30147739910.0,2.999,2.999,0.0,30083038990.0,215231263.0,defillama_pool_historico,2.955,2.955,19546.37,21393.95,52.26,0.0,snapshot_atual_constante_NAO_historico
2024-07-12,30323918209.0,30306306596.0,3.055,3.055,0.0,30256851311.0,213944109.0,defillama_pool_historico,3.0094,3.0094,19546.37,21393.95,52.26,0.0,snapshot_atual_constante_NAO_historico
2024-07-13,30335958554.0,30318144550.0,2.901,2.901,0.0,30746685796.0,217544867.0,defillama_pool_historico,2.8598,2.8598,19546.37,21393.95,52.26,0.0,snapshot_atual_constante_NAO_historico
2024-07-14,30775544799.0,30757461211.0,2.912,2.912,0.0,31559879989.0,222097187.0,defillama_pool_historico,2.8705,2.8705,19546.37,21393.95,52.26,0.0,snapshot_atual_constante_NAO_historico
2024-07-15,31658633094.0,31639530898.0,2.916,2.916,0.0,33708952986.0,237883262.0,defillama_pool_historico,2.8744,2.8744,19546.37,21393.95,52.26,0.0,snapshot_atual_constante_NAO_historico
2024-07-16,33398502676.0,33378472214.0,3.067,3.067,0.0,33545418897.0,234963092.0,defillama_pool_historico,3.021,3.021,19546.37,21393.95,52.26,0.0,snapshot_atual_constante_NAO_historico
2024-07-17,33547335618.0,33526759687.0,3.141,3.141,0.0,33267405570.0,232525446.0,defillama_pool_historico,3.0928,3.0928,19546.37,21393.95,52.26,0.0,snapshot_atual_constante_NAO_historico
2024-07-18,33330916037.0,33310867080.0,3.337,3.337,0.0,33315420925.0,235014240.0,defillama_pool_historico,3.2827,3.2827,19546.37,21393.95,52.26,0.0,snapshot_atual_constante_NAO_historico
2024-07-19,33412716758.0,33392492315.0,3.144,3.144,0.0,34329444700.0,240012244.0,defillama_pool_historico,3.0957,3.0957,19546.37,21393.95,52.26,0.0,snapshot_atual_constante_NAO_historico
2024-07-20,34395495449.0,34373944722.0,2.886,2.886,0.0,34349451980.0,238905284.0,defillama_pool_historico,2.8453,2.8453,19546.37,21393.95,52.26,0.0,snapshot_atual_constante_NAO_historico
2024-07-21,34434622621.0,34412457399.0,2.83,2.83,0.0,34657037998.0,239973118.0,defillama_pool_historico,2.7908,2.7908,19546.37,21393.95,52.26,0.0,snapshot_atual_constante_NAO_historico
2024-07-22,34629528389.0,34606157040.0,3.118,3.118,0.0,33863421471.0,234465036.0,defillama_pool_historico,3.0705,3.0705,19546.37,21393.95,52.26,0.0,snapshot_atual_constante_NAO_historico
2024-07-23,33947676179.0,33924737910.0,2.994,2.994,0.0,34011347816.0,236123202.0,defillama_pool_historico,2.9502,2.9502,19546.37,21393.95,52.26,0.0,snapshot_atual_constante_NAO_historico
2024-07-24,34166282741.0,34144225994.0,2.951,2.951,0.0,32727809648.0,226277008.0,defillama_pool_historico,2.9084,2.9084,19546.37,21393.95,52.26,0.0,snapshot_atual_constante_NAO_historico
2024-07-25,32851219268.0,32828445121.0,2.995,2.995,0.0,31148432962.0,215628593.0,defillama_pool_historico,2.9511,2.9511,19546.37,21393.95,52.26,0.0,snapshot_atual_constante_NAO_historico
2024-07-26,31189537200.0,31167676875.0,2.933,2.933,0.0,32184436314.0,223319651.0,defillama_pool_historico,2.8909,2.8909,19546.37,21393.95,52.26,0.0,snapshot_atual_constante_NAO_historico
2024-07-27,32248611433.0,32225357374.0,2.812,2.812,0.0,32273494149.0,223053209.0,defillama_pool_historico,2.7733,2.7733,19546.37,21393.95,52.26,0.0,snapshot_atual_constante_NAO_historico
2024-07-28,32290918843.0,32267249770.0,3.023,3.023,0.0,31966780834.0,221783794.0,defillama_pool_historico,2.9783,2.9783,19546.37,21393.95,52.26,0.0,snapshot_atual_constante_NAO_historico
2024-07-29,32113582815.0,32090124560.0,2.811,2.811,0.0,32731678257.0,226964836.0,defillama_pool_historico,2.7723,2.7723,19546.37,21393.95,52.26,0.0,snapshot_atual_constante_NAO_historico
2024-07-30,33055789526.0,33032469934.0,2.913,2.913,0.0,32188713549.0,222886009.0,defillama_pool_historico,2.8715,2.8715,19546.37,21393.95,52.26,0.0,snapshot_atual_constante_NAO_historico
2024-07-31,32360387368.0,32337589772.0,2.993,2.993,0.0,31753650141.0,220674885.0,defillama_pool_historico,2.9492,2.9492,19546.37,21393.95,52.26,0.0,snapshot_atual_constante_NAO_historico
2024-08-01,31759335121.0,31737441448.0,3.034,3.034,0.0,31248706790.0,218157843.0,defillama_pool_historico,2.989,2.989,19546.37,21393.95,52.26,0.0,snapshot_atual_constante_NAO_historico
2024-08-02,31285526869.0,31264376755.0,3.005,3.005,0.0,29510514082.0,202486099.0,defillama_pool_historico,2.9609,2.9609,19546.37,21393.95,52.26,0.0,snapshot_atual_constante_NAO_historico
2024-08-03,29633810158.0,29613919490.0,3.049,3.049,0.0,28571203677.0,197753974.0,defillama_pool_historico,3.0036,3.0036,19546.37,21393.95,52.26,0.0,snapshot_atual_constante_NAO_historico
2024-08-04,28671795988.0,28653554895.0,2.925,2.925,0.0,26863039524.0,185371249.0,defillama_pool_historico,2.8832,2.8832,19546.37,21393.95,52.26,0.0,snapshot_atual_constante_NAO_historico
2024-08-05,26864536013.0,26846693061.0,9.908,9.908,0.0,23855331817.0,166668481.0,defillama_pool_historico,9.4486,9.4486,19546.37,21393.95,52.26,0.0,snapshot_atual_constante_NAO_historico
2024-08-06,23928717169.0,23912371445.0,3.574,3.574,0.0,24430382356.0,168488347.0,defillama_pool_historico,3.5118,3.5118,19546.37,21393.95,52.26,0.0,snapshot_atual_constante_NAO_historico
2024-08-07,24478105509.0,24460006392.0,3.022,3.022,0.0,22954418642.0,159951295.0,defillama_pool_historico,2.9774,2.9774,19546.37,21393.95,52.26,0.0,snapshot_atual_constante_NAO_historico
2024-08-08,23065549671.0,23050358331.0,3.074,3.074,0.0,25962923466.0,182914917.0,defillama_pool_historico,3.0278,3.0278,19546.37,21393.95,52.26,0.0,snapshot_atual_constante_NAO_historico
2024-08-09,25313848539.0,25297458691.0,3.078,3.078,0.0,25538757180.0,176834161.0,defillama_pool_historico,3.0317,3.0317,19546.37,21393.95,52.26,0.0,snapshot_atual_constante_NAO_historico
2024-08-10,25528755542.0,25513438891.0,2.918,2.918,0.0,25611210981.0,177555485.0,defillama_pool_historico,2.8764,2.8764,19546.37,21393.95,52.26,0.0,snapshot_atual_constante_NAO_historico
2024-08-11,25615018971.0,25599593019.0,2.75,2.75,0.0,25419838600.0,175090025.0,defillama_pool_historico,2.713,2.713,19546.37,21393.95,52.26,0.0,snapshot_atual_constante_NAO_historico
2024-08-12,25156632780.0,25142351815.0,2.987,2.987,0.0,26396528905.0,183552418.0,defillama_pool_historico,2.9434,2.9434,19546.37,21393.95,52.26,0.0,snapshot_atual_constante_NAO_historico
2024-08-13,26343873223.0,26329570706.0,3.016,3.016,0.0,26677412367.0,184747597.0,defillama_pool_historico,2.9715,2.9715,19546.37,21393.95,52.26,0.0,snapshot_atual_constante_NAO_historico
2024-08-14,26731002069.0,26716361661.0,2.951,2.951,0.0,25897682010.0,181486474.0,defillama_pool_historico,2.9084,2.9084,19546.37,21393.95,52.26,0.0,snapshot_atual_constante_NAO_historico
2024-08-15,26208793587.0,26194516625.0,2.998,2.998,0.0,25184241819.0,175495453.0,defillama_pool_historico,2.9541,2.9541,19546.37,21393.95,52.26,0.0,snapshot_atual_constante_NAO_historico
2024-08-16,25253278667.0,25239281117.0,2.921,2.921,0.0,25556007698.0,176896429.0,defillama_pool_historico,2.8793,2.8793,19546.37,21393.95,52.26,0.0,snapshot_atual_constante_NAO_historico
2024-08-17,25659832877.0,25645967637.0,2.741,2.741,0.0,25662766301.0,177693568.0,defillama_pool_historico,2.7042,2.7042,19546.37,21393.95,52.26,0.0,snapshot_atual_constante_NAO_historico
2024-08-18,25678331711.0,25664410204.0,2.759,2.759,0.0,26064274337.0,180357158.0,defillama_pool_historico,2.7217,2.7217,19546.37,21393.95,52.26,0.0,snapshot_atual_constante_NAO_historico
2024-08-19,26096339670.0,26082092041.0,2.778,2.778,0.0,25744523870.0,178388770.0,defillama_pool_historico,2.7402,2.7402,19546.37,21393.95,52.26,0.0,snapshot_atual_constante_NAO_historico
2024-08-20,25771239215.0,25757164861.0,2.866,2.866,0.0,25377600560.0,176252322.0,defillama_pool_historico,2.8258,2.8258,19546.37,21393.95,52.26,0.0,snapshot_atual_constante_NAO_historico
2024-08-21,25483913610.0,25469897092.0,2.779,2.779,0.0,25879206560.0,179350193.0,defillama_pool_historico,2.7412,2.7412,19546.37,21393.95,52.26,0.0,snapshot_atual_constante_NAO_historico
2024-08-22,26011559234.0,25997527309.0,2.949,2.949,0.0,25747953553.0,178557530.0,defillama_pool_historico,2.9065,2.9065,19546.37,21393.95,52.26,0.0,snapshot_atual_constante_NAO_historico
2024-08-23,25836294001.0,25822271967.0,2.744,2.744,0.0,27343519292.0,188863215.0,defillama_pool_historico,2.7071,2.7071,19546.37,21393.95,52.26,0.0,snapshot_atual_constante_NAO_historico
2024-08-24,27419587357.0,27404634608.0,2.825,2.825,0.0,26912370857.0,187403187.0,defillama_pool_historico,2.7859,2.7859,19546.37,21393.95,52.26,0.0,snapshot_atual_constante_NAO_historico
2024-08-25,27028886242.0,27013482442.0,2.715,2.715,0.0,27231964611.0,188458875.0,defillama_pool_historico,2.6789,2.6789,19546.37,21393.95,52.26,0.0,snapshot_atual_constante_NAO_historico
2024-08-26,27273823637.0,27258186688.0,2.731,2.731,0.0,26268489415.0,182989390.0,defillama_pool_historico,2.6945,2.6945,19546.37,21393.95,52.26,0.0,snapshot_atual_constante_NAO_historico
2024-08-27,26423834824.0,26408536193.0,2.785,2.785,0.0,23919155785.0,167419619.0,defillama_pool_historico,2.747,2.747,19546.37,21393.95,52.26,0.0,snapshot_atual_constante_NAO_historico
2024-08-28,23986438395.0,23972260695.0,3.13,3.13,0.0,24701735332.0,171970107.0,defillama_pool_historico,3.0821,3.0821,19546.37,21393.95,52.26,0.0,snapshot_atual_constante_NAO_historico
2024-08-29,24817962962.0,24804019786.0,2.773,2.773,0.0,24748840465.0,172020031.0,defillama_pool_historico,2.7354,2.7354,19546.37,21393.95,52.26,0.0,snapshot_atual_constante_NAO_historico
2024-08-30,24794890429.0,24781443594.0,2.88,2.88,0.0,24711796261.0,171890123.0,defillama_pool_historico,2.8394,2.8394,19546.37,21393.95,52.26,0.0,snapshot_atual_constante_NAO_historico
2024-08-31,24809519821.0,24796210661.0,2.683,2.683,0.0,24648430075.0,171293863.0,defillama_pool_historico,2.6477,2.6477,19546.37,21393.95,52.26,0.0,snapshot_atual_constante_NAO_historico
2024-09-01,24738657426.0,24725545006.0,2.674,2.674,0.0,23767039406.0,165432796.0,defillama_pool_historico,2.639,2.639,19546.37,21393.95,52.26,0.0,snapshot_atual_constante_NAO_historico
2024-09-02,23796670701.0,23784003195.0,2.751,2.751,0.0,24914851835.0,173002712.0,defillama_pool_historico,2.7139,2.7139,19546.37,21393.95,52.26,0.0,snapshot_atual_constante_NAO_historico
2024-09-03,25031175169.0,25018179145.0,2.972,2.972,0.0,24087711312.0,164543986.0,defillama_pool_historico,2.9288,2.9288,19546.37,21393.95,52.26,0.0,snapshot_atual_constante_NAO_historico
2024-09-04,24157217263.0,24144683952.0,2.906,2.906,0.0,24164509872.0,164891145.0,defillama_pool_historico,2.8647,2.8647,19546.37,21393.95,52.26,0.0,snapshot_atual_constante_NAO_historico
2024-09-05,24266617812.0,24253647389.0,3.019,3.019,0.0,23290537236.0,158732711.0,defillama_pool_historico,2.9744,2.9744,19546.37,21393.95,52.26,0.0,snapshot_atual_constante_NAO_historico
2024-09-06,23335281529.0,23322781133.0,2.948,2.948,0.0,21680185840.0,148768910.0,defillama_pool_historico,2.9055,2.9055,19546.37,21393.95,52.26,0.0,snapshot_atual_constante_NAO_historico
2024-09-07,21792695355.0,21780685610.0,3.943,3.943,0.0,22250182735.0,151985934.0,defillama_pool_historico,3.8675,3.8675,19546.37,21393.95,52.26,0.0,snapshot_atual_constante_NAO_historico
2024-09-08,22282659954.0,22270456899.0,2.755,2.755,0.0,22631599038.0,154302250.0,defillama_pool_historico,2.7178,2.7178,19546.37,21393.95,52.26,0.0,snapshot_atual_constante_NAO_historico
2024-09-09,22780109140.0,22767513839.0,2.904,2.904,0.0,23115283807.0,158089091.0,defillama_pool_historico,2.8627,2.8627,19546.37,21393.95,52.26,0.0,snapshot_atual_constante_NAO_historico
2024-09-10,23232076486.0,23219104263.0,3.022,3.022,0.0,23344514453.0,159969154.0,defillama_pool_historico,2.9774,2.9774,19546.37,21393.95,52.26,0.0,snapshot_atual_constante_NAO_historico
2024-09-11,23382501236.0,23369450565.0,3.017,3.017,0.0,22861589904.0,157111699.0,defillama_pool_historico,2.9725,2.9725,19546.37,21393.95,52.26,0.0,snapshot_atual_constante_NAO_historico
2024-09-12,22987148148.0,22974422769.0,2.896,2.896,0.0,22957976116.0,158567745.0,defillama_pool_historico,2.855,2.855,19546.37,21393.95,52.26,0.0,snapshot_atual_constante_NAO_historico
2024-09-13,23012754762.0,22999740209.0,2.875,2.875,0.0,23937247640.0,164511414.0,defillama_pool_historico,2.8346,2.8346,19546.37,21393.95,52.26,0.0,snapshot_atual_constante_NAO_historico
2024-09-14,23983464337.0,23970133850.0,2.859,2.859,0.0,23615098451.0,162178407.0,defillama_pool_historico,2.819,2.819,19546.37,21393.95,52.26,0.0,snapshot_atual_constante_NAO_historico
2024-09-15,23650990812.0,23637919744.0,2.811,2.811,0.0,22939025457.0,157395201.0,defillama_pool_historico,2.7723,2.7723,19546.37,21393.95,52.26,0.0,snapshot_atual_constante_NAO_historico
2024-09-16,22973435505.0,22960830183.0,3.155,3.155,0.0,22286481674.0,153325255.0,defillama_pool_historico,3.1064,3.1064,19546.37,21393.95,52.26,0.0,snapshot_atual_constante_NAO_historico
2024-09-17,22394237084.0,22381764515.0,2.939,2.939,0.0,22830699435.0,157094388.0,defillama_pool_historico,2.8968,2.8968,19546.37,21393.95,52.26,0.0,snapshot_atual_constante_NAO_historico
2024-09-18,22966378279.0,22953792108.0,3.113,3.113,0.0,22815692912.0,156870069.0,defillama_pool_historico,3.0657,3.0657,19546.37,21393.95,52.26,0.0,snapshot_atual_constante_NAO_historico
2024-09-19,22977005056.0,22964429739.0,3.261,3.261,0.0,24005713552.0,165729980.0,defillama_pool_historico,3.2091,3.2091,19546.37,21393.95,52.26,0.0,snapshot_atual_constante_NAO_historico
2024-09-20,24024139607.0,24010685583.0,3.278,3.278,0.0,24874676396.0,171194971.0,defillama_pool_historico,3.2256,3.2256,19546.37,21393.95,52.26,0.0,snapshot_atual_constante_NAO_historico
2024-09-21,24885407032.0,24871381387.0,3.302,3.302,0.0,25005163960.0,172332480.0,defillama_pool_historico,3.2488,3.2488,19546.37,21393.95,52.26,0.0,snapshot_atual_constante_NAO_historico
2024-09-22,25039488709.0,25025398644.0,3.173,3.173,0.0,25130250992.0,173264212.0,defillama_pool_historico,3.1238,3.1238,19546.37,21393.95,52.26,0.0,snapshot_atual_constante_NAO_historico
2024-09-23,24806398390.0,24792867937.0,3.19,3.19,0.0,25844049999.0,177458992.0,defillama_pool_historico,3.1403,3.1403,19546.37,21393.95,52.26,0.0,snapshot_atual_constante_NAO_historico
2024-09-24,25931134151.0,25917397836.0,3.209,3.209,0.0,25992362970.0,177923393.0,defillama_pool_historico,3.1587,3.1587,19546.37,21393.95,52.26,0.0,snapshot_atual_constante_NAO_historico
2024-09-25,26059716938.0,26045367579.0,3.171,3.171,0.0,25223942683.0,172341674.0,defillama_pool_historico,3.1219,3.1219,19546.37,21393.95,52.26,0.0,snapshot_atual_constante_NAO_historico
2024-09-26,25272383218.0,25258239362.0,3.124,3.124,0.0,25882496914.0,176662861.0,defillama_pool_historico,3.0763,3.0763,19546.37,21393.95,52.26,0.0,snapshot_atual_constante_NAO_historico
2024-09-27,26028702714.0,26013879974.0,3.233,3.233,0.0,26516820363.0,181458505.0,defillama_pool_historico,3.182,3.182,19546.37,21393.95,52.26,0.0,snapshot_atual_constante_NAO_historico
2024-09-28,26491533877.0,26477465460.0,2.968,2.968,0.0,26222189293.0,179371227.0,defillama_pool_historico,2.9249,2.9249,19546.37,21393.95,52.26,0.0,snapshot_atual_constante_NAO_historico
2024-09-29,26225790628.0,26211845383.0,2.877,2.877,0.0,25985543935.0,177856853.0,defillama_pool_historico,2.8365,2.8365,19546.37,21393.95,52.26,0.0,snapshot_atual_constante_NAO_historico
2024-09-30,26122497002.0,26108254734.0,2.959,2.959,0.0,25560791739.0,174504375.0,defillama_pool_historico,2.9162,2.9162,19546.37,21393.95,52.26,0.0,snapshot_atual_constante_NAO_historico
2024-10-01,25647883490.0,25634051973.0,3.025,3.025,0.0,24082372334.0,164396686.0,defillama_pool_historico,2.9803,2.9803,19546.37,21393.95,52.26,0.0,snapshot_atual_constante_NAO_historico
2024-10-02,24283825320.0,24270873562.0,3.063,3.063,0.0,23357199334.0,159005193.0,defillama_pool_historico,3.0172,3.0172,19546.37,21393.95,52.26,0.0,snapshot_atual_constante_NAO_historico
2024-10-03,23274742851.0,23262335979.0,3.021,3.021,0.0,23014324628.0,156799979.0,defillama_pool_historico,2.9764,2.9764,19546.37,21393.95,52.26,0.0,snapshot_atual_constante_NAO_historico
2024-10-04,23058641619.0,23046489004.0,2.949,2.949,0.0,23745044916.0,161317403.0,defillama_pool_historico,2.9065,2.9065,19546.37,21393.95,52.26,0.0,snapshot_atual_constante_NAO_historico
2024-10-05,23804764998.0,23792072813.0,2.882,2.882,0.0,23630402140.0,161051381.0,defillama_pool_historico,2.8414,2.8414,19546.37,21393.95,52.26,0.0,snapshot_atual_constante_NAO_historico
2024-10-06,23715639000.0,23702996817.0,2.976,2.976,0.0,23787873333.0,161895162.0,defillama_pool_historico,2.9327,2.9327,19546.37,21393.95,52.26,0.0,snapshot_atual_constante_NAO_historico
2024-10-07,23897295453.0,23884412475.0,3.051,3.051,0.0,23644264006.0,162683739.0,defillama_pool_historico,3.0055,3.0055,19546.37,21393.95,52.26,0.0,snapshot_atual_constante_NAO_historico
2024-10-08,23956659285.0,23943695024.0,3.358,3.358,0.0,23840952331.0,162824193.0,defillama_pool_historico,3.303,3.303,19546.37,21393.95,52.26,0.0,snapshot_atual_constante_NAO_historico
2024-10-09,23890849699.0,23878124615.0,3.431,3.431,0.0,23043001012.0,157937421.0,defillama_pool_historico,3.3736,3.3736,19546.37,21393.95,52.26,0.0,snapshot_atual_constante_NAO_historico
2024-10-10,23130595568.0,23118238927.0,3.149,3.149,0.0,23094808364.0,158449727.0,defillama_pool_historico,3.1006,3.1006,19546.37,21393.95,52.26,0.0,snapshot_atual_constante_NAO_historico
2024-10-11,23172178694.0,23159927310.0,3.188,3.188,0.0,23816397990.0,162691732.0,defillama_pool_historico,3.1384,3.1384,19546.37,21393.95,52.26,0.0,snapshot_atual_constante_NAO_historico
2024-10-12,23864849038.0,23851920273.0,3.062,3.062,0.0,24129105261.0,165494015.0,defillama_pool_historico,3.0162,3.0162,19546.37,21393.95,52.26,0.0,snapshot_atual_constante_NAO_historico
2024-10-13,24175295704.0,24162287432.0,3.085,3.085,0.0,24066158590.0,164345989.0,defillama_pool_historico,3.0385,3.0385,19546.37,21393.95,52.26,0.0,snapshot_atual_constante_NAO_historico
2024-10-14,24092024196.0,24078961303.0,3.183,3.183,0.0,25707294338.0,175716555.0,defillama_pool_historico,3.1335,3.1335,19546.37,21393.95,52.26,0.0,snapshot_atual_constante_NAO_historico
2024-10-15,25625912286.0,25612101786.0,3.08,3.08,0.0,25389227061.0,172947636.0,defillama_pool_historico,3.0336,3.0336,19546.37,21393.95,52.26,0.0,snapshot_atual_constante_NAO_historico
2024-10-16,25339074029.0,25325453883.0,3.018,3.018,0.0,25637911080.0,174601756.0,defillama_pool_historico,2.9735,2.9735,19546.37,21393.95,52.26,0.0,snapshot_atual_constante_NAO_historico
2024-10-17,25630602256.0,25616922426.0,2.977,2.977,0.0,25414333486.0,169666881.0,defillama_pool_historico,2.9337,2.9337,19546.37,21393.95,52.26,0.0,snapshot_atual_constante_NAO_historico
2024-10-18,25460127241.0,25446791490.0,2.975,2.975,0.0,25758078603.0,171132811.0,defillama_pool_historico,2.9317,2.9317,19546.37,21393.95,52.26,0.0,snapshot_atual_constante_NAO_historico
2024-10-19,25830888848.0,25817246516.0,2.894,2.894,0.0,25788468831.0,172028649.0,defillama_pool_historico,2.853,2.853,19546.37,21393.95,52.26,0.0,snapshot_atual_constante_NAO_historico
2024-10-20,25837402801.0,25823480758.0,2.833,2.833,0.0,26623435589.0,178708703.0,defillama_pool_historico,2.7937,2.7937,19546.37,21393.95,52.26,0.0,snapshot_atual_constante_NAO_historico
2024-10-21,26721674456.0,26707226368.0,2.835,2.835,0.0,26137349445.0,173966793.0,defillama_pool_historico,2.7957,2.7957,19546.37,21393.95,52.26,0.0,snapshot_atual_constante_NAO_historico
2024-10-22,26097700542.0,26083073160.0,2.974,2.974,0.0,25719663412.0,171588671.0,defillama_pool_historico,2.9308,2.9308,19546.37,21393.95,52.26,0.0,snapshot_atual_constante_NAO_historico
2024-10-23,25743720229.0,25729024049.0,2.934,2.934,0.0,24426217585.0,163062796.0,defillama_pool_historico,2.8919,2.8919,19546.37,21393.95,52.26,0.0,snapshot_atual_constante_NAO_historico
2024-10-24,24469936797.0,24454953841.0,2.95,2.95,0.0,24782171015.0,164416442.0,defillama_pool_historico,2.9074,2.9074,19546.37,21393.95,52.26,0.0,snapshot_atual_constante_NAO_historico
2024-10-25,24843997806.0,24828452394.0,2.97,2.97,0.0,23973588131.0,161443074.0,defillama_pool_historico,2.9269,2.9269,19546.37,21393.95,52.26,0.0,snapshot_atual_constante_NAO_historico
2024-10-26,24266901522.0,24252518082.0,2.925,2.925,0.0,24204811508.0,130998764.0,defillama_pool_historico,2.8832,2.8832,19546.37,21393.95,52.26,0.0,snapshot_atual_constante_NAO_historico
2024-10-27,24256230372.0,24241413021.0,2.818,2.818,0.0,24534483012.0,132543305.0,defillama_pool_historico,2.7791,2.7791,19546.37,21393.95,52.26,0.0,snapshot_atual_constante_NAO_historico
2024-10-28,24531759741.0,24516429277.0,2.769,2.769,0.0,25058243871.0,135072006.0,defillama_pool_historico,2.7315,2.7315,19546.37,21393.95,52.26,0.0,snapshot_atual_constante_NAO_historico
2024-10-29,25074321946.0,25058836133.0,2.946,2.946,0.0,25646894445.0,139442204.0,defillama_pool_historico,2.9036,2.9036,19546.37,21393.95,52.26,0.0,snapshot_atual_constante_NAO_historico
2024-10-30,25697403370.0,25681914507.0,2.994,2.994,0.0,25931084451.0,139974642.0,defillama_pool_historico,2.9502,2.9502,19546.37,21393.95,52.26,0.0,snapshot_atual_constante_NAO_historico
2024-10-31,26066656377.0,26051439297.0,2.916,2.916,0.0,24561133828.0,132817837.0,defillama_pool_historico,2.8744,2.8744,19546.37,21393.95,52.26,0.0,snapshot_atual_constante_NAO_historico
2024-11-01,24604977179.0,24590382744.0,3.176,3.176,0.0,24459410999.0,132294547.0,defillama_pool_historico,3.1267,3.1267,19546.37,21393.95,52.26,0.0,snapshot_atual_constante_NAO_historico
2024-11-02,24580968604.0,24566593062.0,2.836,2.836,0.0,24323422289.0,131324731.0,defillama_pool_historico,2.7966,2.7966,19546.37,21393.95,52.26,0.0,snapshot_atual_constante_NAO_historico
2024-11-03,24306081312.0,24291767182.0,2.868,2.868,0.0,24063736030.0,129992535.0,defillama_pool_historico,2.8278,2.8278,19546.37,21393.95,52.26,0.0,snapshot_atual_constante_NAO_historico
2024-11-04,24040506684.0,24026416939.0,2.868,2.868,0.0,23347094296.0,126487901.0,defillama_pool_historico,2.8278,2.8278,19546.37,21393.95,52.26,0.0,snapshot_atual_constante_NAO_historico
2024-11-05,23364394755.0,23350761551.0,2.933,2.933,0.0,23668012636.0,128292814.0,defillama_pool_historico,2.8909,2.8909,19546.37,21393.95,52.26,0.0,snapshot_atual_constante_NAO_historico
2024-11-06,23709038611.0,23694590849.0,3.217,3.217,0.0,26520046509.0,143996191.0,defillama_pool_historico,3.1665,3.1665,19546.37,21393.95,52.26,0.0,snapshot_atual_constante_NAO_historico
2024-11-07,26695560093.0,26679296450.0,3.002,3.002,0.0,28021205364.0,151621029.0,defillama_pool_historico,2.9579,2.9579,19546.37,21393.95,52.26,0.0,snapshot_atual_constante_NAO_historico
2024-11-08,28244683207.0,28227782329.0,3.031,3.031,0.0,29086536614.0,155165297.0,defillama_pool_historico,2.9861,2.9861,19546.37,21393.95,52.26,0.0,snapshot_atual_constante_NAO_historico
2024-11-09,29048499088.0,29031344504.0,3.103,3.103,0.0,30478858199.0,162640052.0,defillama_pool_historico,3.056,3.056,19546.37,21393.95,52.26,0.0,snapshot_atual_constante_NAO_historico
2024-11-10,30649483970.0,30632276360.0,2.923,2.923,0.0,31191231893.0,166125836.0,defillama_pool_historico,2.8812,2.8812,19546.37,21393.95,52.26,0.0,snapshot_atual_constante_NAO_historico
2024-11-11,31311407693.0,31293299931.0,3.057,3.057,0.0,32597301109.0,174565793.0,defillama_pool_historico,3.0113,3.0113,19546.37,21393.95,52.26,0.0,snapshot_atual_constante_NAO_historico
2024-11-12,32779761208.0,32760777857.0,3.47,3.47,0.0,31966821903.0,172051358.0,defillama_pool_historico,3.4113,3.4113,19546.37,21393.95,52.26,0.0,snapshot_atual_constante_NAO_historico
2024-11-13,32174168690.0,32155796979.0,3.142,3.142,0.0,31152381971.0,166284490.0,defillama_pool_historico,3.0938,3.0938,19546.37,21393.95,52.26,0.0,snapshot_atual_constante_NAO_historico
2024-11-14,31340772806.0,31322360985.0,3.524,3.524,0.0,30289196741.0,162931474.0,defillama_pool_historico,3.4635,3.4635,19546.37,21393.95,52.26,0.0,snapshot_atual_constante_NAO_historico
2024-11-15,30073599744.0,30055713691.0,3.218,3.218,0.0,30204008073.0,161988558.0,defillama_pool_historico,3.1674,3.1674,19546.37,21393.95,52.26,0.0,snapshot_atual_constante_NAO_historico
2024-11-16,30380966978.0,30362286258.0,3.027,3.027,0.0,30864520874.0,164613962.0,defillama_pool_historico,2.9822,2.9822,19546.37,21393.95,52.26,0.0,snapshot_atual_constante_NAO_historico
2024-11-17,30826322141.0,30807928879.0,2.923,2.923,0.0,30155667996.0,160546642.0,defillama_pool_historico,2.8812,2.8812,19546.37,21393.95,52.26,0.0,snapshot_atual_constante_NAO_historico
2024-11-18,30122126036.0,30102022624.0,2.915,2.915,0.0,30945709395.0,164859347.0,defillama_pool_historico,2.8734,2.8734,19546.37,21393.95,52.26,0.0,snapshot_atual_constante_NAO_historico
2024-11-19,31032297183.0,31011909037.0,3.033,3.033,0.0,30310831925.0,161220247.0,defillama_pool_historico,2.988,2.988,19546.37,21393.95,52.26,0.0,snapshot_atual_constante_NAO_historico
2024-11-20,30515873075.0,30495758235.0,3.033,3.033,0.0,30113280218.0,169586099.0,defillama_pool_historico,2.988,2.988,19546.37,21393.95,52.26,0.0,snapshot_atual_constante_NAO_historico
2024-11-21,30115257205.0,30095278866.0,2.985,2.985,0.0,33070140729.0,186074192.0,defillama_pool_historico,2.9414,2.9414,19546.37,21393.95,52.26,0.0,snapshot_atual_constante_NAO_historico
2024-11-22,33045145729.0,33023510644.0,3.044,3.044,0.0,32432798258.0,182745146.0,defillama_pool_historico,2.9987,2.9987,19546.37,21393.95,52.26,0.0,snapshot_atual_constante_NAO_historico
2024-11-23,32637781508.0,32616181376.0,2.978,2.978,0.0,33394590359.0,187906994.0,defillama_pool_historico,2.9346,2.9346,19546.37,21393.95,52.26,0.0,snapshot_atual_constante_NAO_historico
2024-11-24,33404283056.0,33382645521.0,3.01,3.01,0.0,32849261119.0,184508535.0,defillama_pool_historico,2.9657,2.9657,19546.37,21393.95,52.26,0.0,snapshot_atual_constante_NAO_historico
2024-11-25,32891432832.0,32870024400.0,2.905,2.905,0.0,33637513072.0,187755443.0,defillama_pool_historico,2.8637,2.8637,19546.37,21393.95,52.26,0.0,snapshot_atual_constante_NAO_historico
2024-11-26,33300288971.0,33280427632.0,2.996,2.996,0.0,32623884592.0,182623490.0,defillama_pool_historico,2.9521,2.9521,19546.37,21393.95,52.26,0.0,snapshot_atual_constante_NAO_historico
2024-11-27,32625423209.0,32606044727.0,2.96,2.96,0.0,35903173735.0,200550372.0,defillama_pool_historico,2.9172,2.9172,19546.37,21393.95,52.26,0.0,snapshot_atual_constante_NAO_historico
2024-11-28,36008302091.0,35988036855.0,2.909,2.909,0.0,35133585056.0,196534461.0,defillama_pool_historico,2.8676,2.8676,19546.37,21393.95,52.26,0.0,snapshot_atual_constante_NAO_historico
2024-11-29,35270700663.0,35250757469.0,2.807,2.807,0.0,35281699273.0,196901749.0,defillama_pool_historico,2.7684,2.7684,19546.37,21393.95,52.26,0.0,snapshot_atual_constante_NAO_historico
2024-11-30,35345326398.0,35324816608.0,2.804,2.804,0.0,36403092741.0,194409131.0,defillama_pool_historico,2.7655,2.7655,19546.37,21393.95,52.26,0.0,snapshot_atual_constante_NAO_historico
2024-12-01,36656161747.0,36636153194.0,2.793,2.793,0.0,36647561588.0,195332450.0,defillama_pool_historico,2.7548,2.7548,19546.37,21393.95,52.26,0.0,snapshot_atual_constante_NAO_historico
2024-12-02,36693035529.0,36673033115.0,2.946,2.946,0.0,35450104491.0,189504218.0,defillama_pool_historico,2.9036,2.9036,19546.37,21393.95,52.26,0.0,snapshot_atual_constante_NAO_historico
2024-12-03,35723030177.0,35704183423.0,3.113,3.113,0.0,35553300143.0,189422780.0,defillama_pool_historico,3.0657,3.0657,19546.37,21393.95,52.26,0.0,snapshot_atual_constante_NAO_historico
2024-12-04,35724961964.0,35705324187.0,3.145,3.145,0.0,38042144489.0,202526844.0,defillama_pool_historico,3.0967,3.0967,19546.37,21393.95,52.26,0.0,snapshot_atual_constante_NAO_historico
2024-12-05,37877726009.0,37858539658.0,2.996,2.996,0.0,37506409249.0,199697109.0,defillama_pool_historico,2.9521,2.9521,19546.37,21393.95,52.26,0.0,snapshot_atual_constante_NAO_historico
2024-12-06,37590949522.0,37571519068.0,3.34,3.34,0.0,39648039924.0,210305377.0,defillama_pool_historico,3.2856,3.2856,19546.37,21393.95,52.26,0.0,snapshot_atual_constante_NAO_historico
2024-12-07,39296828174.0,39277136683.0,2.894,2.894,0.0,39392112943.0,208263934.0,defillama_pool_historico,2.853,2.853,19546.37,21393.95,52.26,0.0,snapshot_atual_constante_NAO_historico
2024-12-08,39389918530.0,39369952948.0,2.781,2.781,0.0,39300530029.0,207893271.0,defillama_pool_historico,2.7431,2.7431,19546.37,21393.95,52.26,0.0,snapshot_atual_constante_NAO_historico
2024-12-09,39485468735.0,39465760656.0,2.857,2.857,0.0,36556593528.0,193052411.0,defillama_pool_historico,2.8171,2.8171,19546.37,21393.95,52.26,0.0,snapshot_atual_constante_NAO_historico
2024-12-10,36553397407.0,36535226909.0,3.413,3.413,0.0,35862802728.0,189373405.0,defillama_pool_historico,3.3562,3.3562,19546.37,21393.95,52.26,0.0,snapshot_atual_constante_NAO_historico
2024-12-11,35921462926.0,35903707468.0,3.037,3.037,0.0,37667315223.0,198137178.0,defillama_pool_historico,2.9919,2.9919,19546.37,21393.95,52.26,0.0,snapshot_atual_constante_NAO_historico
2024-12-12,37893350514.0,37874515168.0,2.925,2.925,0.0,37806016613.0,200984796.0,defillama_pool_historico,2.8832,2.8832,19546.37,21393.95,52.26,0.0,snapshot_atual_constante_NAO_historico
2024-12-13,38111406555.0,38092637609.0,2.898,2.898,0.0,38211965632.0,202036118.0,defillama_pool_historico,2.8569,2.8569,19546.37,21393.95,52.26,0.0,snapshot_atual_constante_NAO_historico
2024-12-14,38383561942.0,38365011417.0,2.797,2.797,0.0,37858056582.0,199767015.0,defillama_pool_historico,2.7587,2.7587,19546.37,21393.95,52.26,0.0,snapshot_atual_constante_NAO_historico
2024-12-15,37936189998.0,37918227543.0,2.762,2.762,0.0,38024218511.0,200969651.0,defillama_pool_historico,2.7246,2.7246,19546.37,21393.95,52.26,0.0,snapshot_atual_constante_NAO_historico
2024-12-16,38185981171.0,38167906949.0,2.856,2.856,0.0,39661401692.0,209041734.0,defillama_pool_historico,2.8161,2.8161,19546.37,21393.95,52.26,0.0,snapshot_atual_constante_NAO_historico
2024-12-17,39145886404.0,39128067642.0,2.868,2.868,0.0,37834965753.0,200381803.0,defillama_pool_historico,2.8278,2.8278,19546.37,21393.95,52.26,0.0,snapshot_atual_constante_NAO_historico
2024-12-18,37926226560.0,37907811551.0,2.858,2.858,0.0,36005647146.0,190453229.0,defillama_pool_historico,2.818,2.818,19546.37,21393.95,52.26,0.0,snapshot_atual_constante_NAO_historico
2024-12-19,35849196825.0,35832228251.0,2.97,2.97,0.0,33702040259.0,177056362.0,defillama_pool_historico,2.9269,2.9269,19546.37,21393.95,52.26,0.0,snapshot_atual_constante_NAO_historico
2024-12-20,33538481237.0,33522536181.0,3.278,3.278,0.0,33783903759.0,179311790.0,defillama_pool_historico,3.2256,3.2256,19546.37,21393.95,52.26,0.0,snapshot_atual_constante_NAO_historico
2024-12-21,33933080037.0,33917270525.0,2.926,2.926,0.0,32438677834.0,172078397.0,defillama_pool_historico,2.8841,2.8841,19546.37,21393.95,52.26,0.0,snapshot_atual_constante_NAO_historico
2024-12-22,32424583619.0,32409760511.0,2.899,2.899,0.0,31784266531.0,168850202.0,defillama_pool_historico,2.8579,2.8579,19546.37,21393.95,52.26,0.0,snapshot_atual_constante_NAO_historico
2024-12-23,31930188766.0,31915321653.0,2.861,2.861,0.0,33370048723.0,177529890.0,defillama_pool_historico,2.8209,2.8209,19546.37,21393.95,52.26,0.0,snapshot_atual_constante_NAO_historico
2024-12-24,33368141028.0,33352392937.0,2.824,2.824,0.0,33759610053.0,179819006.0,defillama_pool_historico,2.785,2.785,19546.37,21393.95,52.26,0.0,snapshot_atual_constante_NAO_historico
2024-12-25,33973999131.0,33957797243.0,2.743,2.743,0.0,33508349138.0,179165005.0,defillama_pool_historico,2.7062,2.7062,19546.37,21393.95,52.26,0.0,snapshot_atual_constante_NAO_historico
2024-12-26,33775372131.0,33759169135.0,2.752,2.752,0.0,32266644788.0,171858912.0,defillama_pool_historico,2.7149,2.7149,19546.37,21393.95,52.26,0.0,snapshot_atual_constante_NAO_historico
2024-12-27,32131545612.0,32116137242.0,2.821,2.821,0.0,32111611770.0,170940788.0,defillama_pool_historico,2.782,2.782,19546.37,21393.95,52.26,0.0,snapshot_atual_constante_NAO_historico
2024-12-28,32105636156.0,32090564053.0,2.762,2.762,0.0,32950731845.0,175089594.0,defillama_pool_historico,2.7246,2.7246,19546.37,21393.95,52.26,0.0,snapshot_atual_constante_NAO_historico
2024-12-29,32902105888.0,32886123303.0,2.743,2.743,0.0,32132479266.0,172185933.0,defillama_pool_historico,2.7062,2.7062,19546.37,21393.95,52.26,0.0,snapshot_atual_constante_NAO_historico
2024-12-30,32449251404.0,32433698012.0,2.753,2.753,0.0,32316292712.0,172828280.0,defillama_pool_historico,2.7159,2.7159,19546.37,21393.95,52.26,0.0,snapshot_atual_constante_NAO_historico
2024-12-31,32519760519.0,32504105165.0,2.963,2.963,0.0,32219799673.0,171897789.0,defillama_pool_historico,2.9201,2.9201,19546.37,21393.95,52.26,0.0,snapshot_atual_constante_NAO_historico
2025-01-01,32205543613.0,32189937513.0,2.849,2.849,0.0,32398716256.0,173051632.0,defillama_pool_historico,2.8093,2.8093,19546.37,21393.95,52.26,0.0,snapshot_atual_constante_NAO_historico
2025-01-02,32448919351.0,32432990568.0,2.991,2.991,0.0,33172489450.0,177434992.0,defillama_pool_historico,2.9473,2.9473,19546.37,21393.95,52.26,0.0,snapshot_atual_constante_NAO_historico
2025-01-03,33281495401.0,33264526852.0,2.904,2.904,0.0,34840087743.0,185402926.0,defillama_pool_historico,2.8627,2.8627,19546.37,21393.95,52.26,0.0,snapshot_atual_constante_NAO_historico
2025-01-04,34862579908.0,34844808984.0,2.872,2.872,0.0,35203568526.0,187509248.0,defillama_pool_historico,2.8316,2.8316,19546.37,21393.95,52.26,0.0,snapshot_atual_constante_NAO_historico
2025-01-05,35310944583.0,35293255892.0,2.808,2.808,0.0,35068959951.0,186722953.0,defillama_pool_historico,2.7694,2.7694,19546.37,21393.95,52.26,0.0,snapshot_atual_constante_NAO_historico
2025-01-06,35195997570.0,35178496023.0,2.85,2.85,0.0,35437930296.0,186838624.0,defillama_pool_historico,2.8103,2.8103,19546.37,21393.95,52.26,0.0,snapshot_atual_constante_NAO_historico
2025-01-07,35553060974.0,35535240542.0,2.926,2.926,0.0,32668055293.0,181596075.0,defillama_pool_historico,2.8841,2.8841,19546.37,21393.95,52.26,0.0,snapshot_atual_constante_NAO_historico
2025-01-08,32636977298.0,32620508488.0,3.017,3.017,0.0,31884772772.0,169941430.0,defillama_pool_historico,2.9725,2.9725,19546.37,21393.95,52.26,0.0,snapshot_atual_constante_NAO_historico
2025-01-09,32079352802.0,32063334666.0,2.954,2.954,0.0,30890782392.0,164415571.0,defillama_pool_historico,2.9113,2.9113,19546.37,21393.95,52.26,0.0,snapshot_atual_constante_NAO_historico
2025-01-10,30977410323.0,30962408760.0,2.931,2.931,0.0,31456620529.0,168045206.0,defillama_pool_historico,2.889,2.889,19546.37,21393.95,52.26,0.0,snapshot_atual_constante_NAO_historico
2025-01-11,31467526279.0,31452514298.0,2.759,2.759,0.0,31610835967.0,168099399.0,defillama_pool_historico,2.7217,2.7217,19546.37,21393.95,52.26,0.0,snapshot_atual_constante_NAO_historico
2025-01-12,31648363733.0,31633257245.0,2.7,2.7,0.0,31118082148.0,166362161.0,defillama_pool_historico,2.6643,2.6643,19546.37,21393.95,52.26,0.0,snapshot_atual_constante_NAO_historico
2025-01-13,31165002463.0,31150030867.0,3.113,3.113,0.0,29926823038.0,156931934.0,defillama_pool_historico,3.0657,3.0657,19546.37,21393.95,52.26,0.0,snapshot_atual_constante_NAO_historico
2025-01-14,30120490969.0,30105809473.0,2.984,2.984,0.0,30959407039.0,163849253.0,defillama_pool_historico,2.9405,2.9405,19546.37,21393.95,52.26,0.0,snapshot_atual_constante_NAO_historico
2025-01-15,31079806687.0,31064755017.0,2.857,2.857,0.0,32902268917.0,167320741.0,defillama_pool_historico,2.8171,2.8171,19546.37,21393.95,52.26,0.0,snapshot_atual_constante_NAO_historico
2025-01-16,33036360580.0,33019939714.0,2.898,2.898,0.0,31545466064.0,169476017.0,defillama_pool_historico,2.8569,2.8569,19546.37,21393.95,52.26,0.0,snapshot_atual_constante_NAO_historico
2025-01-17,31794137280.0,31777333765.0,2.892,2.892,0.0,33453282301.0,177081188.0,defillama_pool_historico,2.8511,2.8511,19546.37,21393.95,52.26,0.0,snapshot_atual_constante_NAO_historico
2025-01-18,33480781149.0,33463344246.0,2.981,2.981,0.0,31441520141.0,168390684.0,defillama_pool_historico,2.9376,2.9376,19546.37,21393.95,52.26,0.0,snapshot_atual_constante_NAO_historico
2025-01-19,31545077591.0,31524950201.0,3.164,3.164,0.0,30962794807.0,167358665.0,defillama_pool_historico,3.1151,3.1151,19546.37,21393.95,52.26,0.0,snapshot_atual_constante_NAO_historico
2025-01-20,30853578523.0,30833862969.0,3.472,3.472,0.0,31492388452.0,168467538.0,defillama_pool_historico,3.4132,3.4132,19546.37,21393.95,52.26,0.0,snapshot_atual_constante_NAO_historico
2025-01-21,31507679289.0,31488857615.0,3.428,3.428,0.0,31803851247.0,168795405.0,defillama_pool_historico,3.3707,3.3707,19546.37,21393.95,52.26,0.0,snapshot_atual_constante_NAO_historico
2025-01-22,31883899272.0,31864518428.0,2.919,2.919,0.0,31125511344.0,166248204.0,defillama_pool_historico,2.8773,2.8773,19546.37,21393.95,52.26,0.0,snapshot_atual_constante_NAO_historico
2025-01-23,31060369403.0,31040359004.0,2.843,2.843,0.0,31707919901.0,166383834.0,defillama_pool_historico,2.8034,2.8034,19546.37,21393.95,52.26,0.0,snapshot_atual_constante_NAO_historico
2025-01-24,31962017436.0,31942283399.0,4.191,4.191,0.0,31783590197.0,170337603.0,defillama_pool_historico,4.1058,4.1058,19546.37,21393.95,52.26,0.0,snapshot_atual_constante_NAO_historico
2025-01-25,31634574220.0,31614810723.0,2.803,2.803,0.0,31914833616.0,169536127.0,defillama_pool_historico,2.7645,2.7645,19546.37,21393.95,52.26,0.0,snapshot_atual_constante_NAO_historico
2025-01-26,31919422812.0,31899299843.0,2.735,2.735,0.0,31428284943.0,168205822.0,defillama_pool_historico,2.6984,2.6984,19546.37,21393.95,52.26,0.0,snapshot_atual_constante_NAO_historico
2025-01-27,31229856805.0,31210889842.0,3.075,3.075,0.0,30149637527.0,160542856.0,defillama_pool_historico,3.0288,3.0288,19546.37,21393.95,52.26,0.0,snapshot_atual_constante_NAO_historico
2025-01-28,30247394377.0,30229116137.0,2.906,2.906,0.0,29300827813.0,156059406.0,defillama_pool_historico,2.8647,2.8647,19546.37,21393.95,52.26,0.0,snapshot_atual_constante_NAO_historico
2025-01-29,29346346812.0,29328798810.0,2.799,2.799,0.0,29817112754.0,159772405.0,defillama_pool_historico,2.7606,2.7606,19546.37,21393.95,52.26,0.0,snapshot_atual_constante_NAO_historico
2025-01-30,29826852785.0,29808894942.0,2.881,2.881,0.0,30987994022.0,165070691.0,defillama_pool_historico,2.8404,2.8404,19546.37,21393.95,52.26,0.0,snapshot_atual_constante_NAO_historico
2025-01-31,30867377610.0,30848825540.0,2.797,2.797,0.0,31143457798.0,167606694.0,defillama_pool_historico,2.7587,2.7587,19546.37,21393.95,52.26,0.0,snapshot_atual_constante_NAO_historico
2025-02-01,31354907312.0,31336894454.0,2.825,2.825,0.0,29708656417.0,159620475.0,defillama_pool_historico,2.7859,2.7859,19546.37,21393.95,52.26,0.0,snapshot_atual_constante_NAO_historico
2025-02-02,29627454957.0,29610765607.0,2.768,2.768,0.0,27113145524.0,148259017.0,defillama_pool_historico,2.7305,2.7305,19546.37,21393.95,52.26,0.0,snapshot_atual_constante_NAO_historico
2025-02-03,26681941000.0,26666780705.0,11.773,11.773,0.0,27033316297.0,139071072.0,defillama_pool_historico,11.1317,11.1317,19546.37,21393.95,52.26,0.0,snapshot_atual_constante_NAO_historico
2025-02-04,27138226613.0,27121288547.0,3.31,3.31,0.0,25531413448.0,136159912.0,defillama_pool_historico,3.2565,3.2565,19546.37,21393.95,52.26,0.0,snapshot_atual_constante_NAO_historico
2025-02-05,25926745906.0,25910714194.0,3.032,3.032,0.0,26206613015.0,140112535.0,defillama_pool_historico,2.9871,2.9871,19546.37,21393.95,52.26,0.0,snapshot_atual_constante_NAO_historico
2025-02-06,26419882854.0,26404521043.0,2.817,2.817,0.0,25330796824.0,136901139.0,defillama_pool_historico,2.7782,2.7782,19546.37,21393.95,52.26,0.0,snapshot_atual_constante_NAO_historico
2025-02-07,25427211850.0,25412465066.0,2.922,2.922,0.0,24275250806.0,131652979.0,defillama_pool_historico,2.8802,2.8802,19546.37,21393.95,52.26,0.0,snapshot_atual_constante_NAO_historico
2025-02-08,25078376937.0,25063412375.0,2.848,2.848,0.0,24749917962.0,136096576.0,defillama_pool_historico,2.8083,2.8083,19546.37,21393.95,52.26,0.0,snapshot_atual_constante_NAO_historico
2025-02-09,24927919212.0,24912340027.0,2.706,2.706,0.0,24559063187.0,133747990.0,defillama_pool_historico,2.6701,2.6701,19546.37,21393.95,52.26,0.0,snapshot_atual_constante_NAO_historico
2025-02-10,24981679224.0,24965904554.0,2.857,2.857,0.0,25060988395.0,137444804.0,defillama_pool_historico,2.8171,2.8171,19546.37,21393.95,52.26,0.0,snapshot_atual_constante_NAO_historico
2025-02-11,25048852502.0,25033309511.0,2.807,2.807,0.0,24260932113.0,135560786.0,defillama_pool_historico,2.7684,2.7684,19546.37,21393.95,52.26,0.0,snapshot_atual_constante_NAO_historico
2025-02-12,24500683648.0,24488670855.0,2.813,2.813,0.0,25781716831.0,142165959.0,defillama_pool_historico,2.7743,2.7743,19546.37,21393.95,52.26,0.0,snapshot_atual_constante_NAO_historico
2025-02-13,25690424588.0,25678527600.0,2.956,2.956,0.0,25070054895.0,137870966.0,defillama_pool_historico,2.9133,2.9133,19546.37,21393.95,52.26,0.0,snapshot_atual_constante_NAO_historico
2025-02-14,25201734618.0,25189933502.0,2.851,2.851,0.0,25546959431.0,140509458.0,defillama_pool_historico,2.8112,2.8112,19546.37,21393.95,52.26,0.0,snapshot_atual_constante_NAO_historico
2025-02-15,25570912385.0,25558922089.0,2.688,2.688,0.0,25265227220.0,139017937.0,defillama_pool_historico,2.6526,2.6526,19546.37,21393.95,52.26,0.0,snapshot_atual_constante_NAO_historico
2025-02-16,25325713682.0,25313910213.0,2.65,2.65,0.0,25119239869.0,138068669.0,defillama_pool_historico,2.6156,2.6156,19546.37,21393.95,52.26,0.0,snapshot_atual_constante_NAO_historico
2025-02-17,25049285865.0,25037846514.0,2.765,2.765,0.0,25831733442.0,141805639.0,defillama_pool_historico,2.7276,2.7276,19546.37,21393.95,52.26,0.0,snapshot_atual_constante_NAO_historico
2025-02-18,25630798912.0,25620083507.0,2.944,2.944,0.0,25052336028.0,137182159.0,defillama_pool_historico,2.9016,2.9016,19546.37,21393.95,52.26,0.0,snapshot_atual_constante_NAO_historico
2025-02-19,25152989716.0,25142645476.0,2.785,2.785,0.0,25502091882.0,139902136.0,defillama_pool_historico,2.747,2.747,19546.37,21393.95,52.26,0.0,snapshot_atual_constante_NAO_historico
2025-02-20,25571162213.0,25560874478.0,2.722,2.722,0.0,25696853697.0,140816173.0,defillama_pool_historico,2.6857,2.6857,19546.37,21393.95,52.26,0.0,snapshot_atual_constante_NAO_historico
2025-02-21,25848531668.0,25837809919.0,2.739,2.739,0.0,24939857710.0,135092638.0,defillama_pool_historico,2.7023,2.7023,19546.37,21393.95,52.26,0.0,snapshot_atual_constante_NAO_historico
2025-02-22,25084769060.0,25074390575.0,3.013,3.013,0.0,26019595555.0,141360683.0,defillama_pool_historico,2.9686,2.9686,19546.37,21393.95,52.26,0.0,snapshot_atual_constante_NAO_historico
2025-02-23,26044117218.0,26033659586.0,2.737,2.737,0.0,26257774676.0,143419012.0,defillama_pool_historico,2.7003,2.7003,19546.37,21393.95,52.26,0.0,snapshot_atual_constante_NAO_historico
2025-02-24,26661829084.0,26651598001.0,2.792,2.792,0.0,23594781685.0,132771613.0,defillama_pool_historico,2.7538,2.7538,19546.37,21393.95,52.26,0.0,snapshot_atual_constante_NAO_historico
2025-02-25,23571649957.0,23562929580.0,4.108,4.108,0.0,23637489715.0,125203379.0,defillama_pool_historico,4.0261,4.0261,19546.37,21393.95,52.26,0.0,snapshot_atual_constante_NAO_historico
2025-02-26,23391616117.0,23382820747.0,2.982,2.982,0.0,22242318413.0,119353988.0,defillama_pool_historico,2.9385,2.9385,19546.37,21393.95,52.26,0.0,snapshot_atual_constante_NAO_historico
2025-02-27,21896492505.0,21888228864.0,3.14,3.14,0.0,21334863382.0,115958413.0,defillama_pool_historico,3.0918,3.0918,19546.37,21393.95,52.26,0.0,snapshot_atual_constante_NAO_historico
2025-02-28,21637428528.0,21629021029.0,4.079,4.079,0.0,20886541385.0,114138181.0,defillama_pool_historico,3.9982,3.9982,19546.37,21393.95,52.26,0.0,snapshot_atual_constante_NAO_historico
2025-03-01,20925003105.0,20916049392.0,2.849,2.849,0.0,20869805736.0,113666288.0,defillama_pool_historico,2.8093,2.8093,19546.37,21393.95,52.26,0.0,snapshot_atual_constante_NAO_historico
2025-03-02,20898469215.0,20889697133.0,2.764,2.764,0.0,23662814664.0,127145763.0,defillama_pool_historico,2.7266,2.7266,19546.37,21393.95,52.26,0.0,snapshot_atual_constante_NAO_historico
2025-03-03,23624236934.0,23613362593.0,3.33,3.33,0.0,20249116194.0,109697455.0,defillama_pool_historico,3.2759,3.2759,19546.37,21393.95,52.26,0.0,snapshot_atual_constante_NAO_historico
2025-03-04,20290133754.0,20281414378.0,3.615,3.615,0.0,20468588674.0,111410612.0,defillama_pool_historico,3.5514,3.5514,19546.37,21393.95,52.26,0.0,snapshot_atual_constante_NAO_historico
2025-03-05,20306332184.0,20297545555.0,3.112,3.112,0.0,20982072782.0,114313071.0,defillama_pool_historico,3.0647,3.0647,19546.37,21393.95,52.26,0.0,snapshot_atual_constante_NAO_historico
2025-03-06,21252454407.0,21243447967.0,2.875,2.875,0.0,20808405705.0,113491331.0,defillama_pool_historico,2.8346,2.8346,19546.37,21393.95,52.26,0.0,snapshot_atual_constante_NAO_historico
2025-03-07,20044381079.0,20036077134.0,3.053,3.053,0.0,19934083061.0,110621741.0,defillama_pool_historico,3.0074,3.0074,19546.37,21393.95,52.26,0.0,snapshot_atual_constante_NAO_historico
2025-03-08,19971771916.0,19963240780.0,2.95,2.95,0.0,20627774763.0,113404478.0,defillama_pool_historico,2.9074,2.9074,19546.37,21393.95,52.26,0.0,snapshot_atual_constante_NAO_historico
2025-03-09,20590046352.0,20581685190.0,2.718,2.718,0.0,18876325587.0,104458487.0,defillama_pool_historico,2.6818,2.6818,19546.37,21393.95,52.26,0.0,snapshot_atual_constante_NAO_historico
2025-03-10,18994852078.0,18987058951.0,3.064,3.064,0.0,17539127202.0,96843197.0,defillama_pool_historico,3.0181,3.0181,19546.37,21393.95,52.26,0.0,snapshot_atual_constante_NAO_historico
2025-03-11,17550933967.0,17543666377.0,4.851,4.851,0.0,18198547493.0,99549049.0,defillama_pool_historico,4.7373,4.7373,19546.37,21393.95,52.26,0.0,snapshot_atual_constante_NAO_historico
2025-03-12,17956725487.0,17949055899.0,3.602,3.602,0.0,17872120380.0,97858188.0,defillama_pool_historico,3.5388,3.5388,19546.37,21393.95,52.26,0.0,snapshot_atual_constante_NAO_historico
2025-03-13,17855783042.0,17848022072.0,2.825,2.825,0.0,17422495242.0,96078252.0,defillama_pool_historico,2.7859,2.7859,19546.37,21393.95,52.26,0.0,snapshot_atual_constante_NAO_historico
2025-03-14,17457347491.0,17449754327.0,2.811,2.811,0.0,17946296370.0,98910013.0,defillama_pool_historico,2.7723,2.7723,19546.37,21393.95,52.26,0.0,snapshot_atual_constante_NAO_historico
2025-03-15,17913617805.0,17905432007.0,2.794,2.794,0.0,18164216941.0,98916015.0,defillama_pool_historico,2.7558,2.7558,19546.37,21393.95,52.26,0.0,snapshot_atual_constante_NAO_historico
2025-03-16,18107934626.0,18099632203.0,2.714,2.714,0.0,17497436401.0,98916015.0,defillama_pool_historico,2.6779,2.6779,19546.37,21393.95,52.26,0.0,snapshot_atual_constante_NAO_historico
2025-03-17,17694862441.0,17687064353.0,2.688,2.688,0.0,18032973845.0,98916015.0,defillama_pool_historico,2.6526,2.6526,19546.37,21393.95,52.26,0.0,snapshot_atual_constante_NAO_historico
2025-03-18,17940217823.0,17932435659.0,2.793,2.793,0.0,17872525625.0,97922384.0,defillama_pool_historico,2.7548,2.7548,19546.37,21393.95,52.26,0.0,snapshot_atual_constante_NAO_historico
2025-03-19,18035671359.0,18027982057.0,2.873,2.873,0.0,19006836697.0,104618693.0,defillama_pool_historico,2.8326,2.8326,19546.37,21393.95,52.26,0.0,snapshot_atual_constante_NAO_historico
2025-03-20,19225032625.0,19216729988.0,2.93,2.93,0.0,18435321289.0,101388562.0,defillama_pool_historico,2.888,2.888,19546.37,21393.95,52.26,0.0,snapshot_atual_constante_NAO_historico
2025-03-21,18599161419.0,18591305175.0,2.741,2.741,0.0,18316718570.0,100915852.0,defillama_pool_historico,2.7042,2.7042,19546.37,21393.95,52.26,0.0,snapshot_atual_constante_NAO_historico
2025-03-22,18368907425.0,18361044662.0,2.668,2.668,0.0,18527091642.0,101872458.0,defillama_pool_historico,2.6331,2.6331,19546.37,21393.95,52.26,0.0,snapshot_atual_constante_NAO_historico
2025-03-23,18497386089.0,18489511873.0,2.664,2.664,0.0,18643354885.0,102272018.0,defillama_pool_historico,2.6292,2.6292,19546.37,21393.95,52.26,0.0,snapshot_atual_constante_NAO_historico
2025-03-24,18790164072.0,18781940436.0,2.669,2.669,0.0,19433883314.0,106407580.0,defillama_pool_historico,2.6341,2.6341,19546.37,21393.95,52.26,0.0,snapshot_atual_constante_NAO_historico
2025-03-25,19561977868.0,19553301376.0,2.704,2.704,0.0,19270593654.0,105731437.0,defillama_pool_historico,2.6682,2.6682,19546.37,21393.95,52.26,0.0,snapshot_atual_constante_NAO_historico
2025-03-26,19320477240.0,19311701121.0,2.689,2.689,0.0,18766002009.0,102566767.0,defillama_pool_historico,2.6536,2.6536,19546.37,21393.95,52.26,0.0,snapshot_atual_constante_NAO_historico
2025-03-27,19009551468.0,19001118130.0,2.749,2.749,0.0,18799065658.0,103476930.0,defillama_pool_historico,2.712,2.712,19546.37,21393.95,52.26,0.0,snapshot_atual_constante_NAO_historico
2025-03-28,18735696520.0,18727270345.0,3.019,3.019,0.0,17711261719.0,96946712.0,defillama_pool_historico,2.9744,2.9744,19546.37,21393.95,52.26,0.0,snapshot_atual_constante_NAO_historico
2025-03-29,17876625208.0,17868657583.0,2.812,2.812,0.0,17025405314.0,93875612.0,defillama_pool_historico,2.7733,2.7733,19546.37,21393.95,52.26,0.0,snapshot_atual_constante_NAO_historico
2025-03-30,17117355083.0,17109743296.0,2.765,2.765,0.0,16846136448.0,92303401.0,defillama_pool_historico,2.7276,2.7276,19546.37,21393.95,52.26,0.0,snapshot_atual_constante_NAO_historico
2025-03-31,16901782336.0,16894170868.0,2.743,2.743,0.0,17094090195.0,93561359.0,defillama_pool_historico,2.7062,2.7062,19546.37,21393.95,52.26,0.0,snapshot_atual_constante_NAO_historico
2025-04-01,17114913327.0,17107291963.0,2.787,2.787,0.0,17952621396.0,98136877.0,defillama_pool_historico,2.749,2.749,19546.37,21393.95,52.26,0.0,snapshot_atual_constante_NAO_historico
2025-04-02,17840828505.0,17833076304.0,2.761,2.761,0.0,16759164866.0,94435006.0,defillama_pool_historico,2.7237,2.7237,19546.37,21393.95,52.26,0.0,snapshot_atual_constante_NAO_historico
2025-04-03,16841336395.0,16834125074.0,2.993,2.993,0.0,16971584814.0,92842972.0,defillama_pool_historico,2.9492,2.9492,19546.37,21393.95,52.26,0.0,snapshot_atual_constante_NAO_historico
2025-04-04,17060660906.0,17053480490.0,2.852,2.852,0.0,17058197117.0,93076547.0,defillama_pool_historico,2.8122,2.8122,19546.37,21393.95,52.26,0.0,snapshot_atual_constante_NAO_historico
2025-04-05,17045602463.0,17038117597.0,2.782,2.782,0.0,16802467043.0,91728094.0,defillama_pool_historico,2.7441,2.7441,19546.37,21393.95,52.26,0.0,snapshot_atual_constante_NAO_historico
2025-04-06,16965508210.0,16958142613.0,2.663,2.663,0.0,14727451380.0,82931433.0,defillama_pool_historico,2.6283,2.6283,19546.37,21393.95,52.26,0.0,snapshot_atual_constante_NAO_historico
2025-04-07,14756977166.0,14750542318.0,7.349,7.349,0.0,14767720006.0,80313304.0,defillama_pool_historico,7.0922,7.0922,19546.37,21393.95,52.26,0.0,snapshot_atual_constante_NAO_historico
2025-04-08,14652039118.0,14645440865.0,3.122,3.122,0.0,13684256040.0,75460973.0,defillama_pool_historico,3.0744,3.0744,19546.37,21393.95,52.26,0.0,snapshot_atual_constante_NAO_historico
2025-04-09,13779794667.0,13773346948.0,3.293,3.293,0.0,15634304535.0,83727367.0,defillama_pool_historico,3.2401,3.2401,19546.37,21393.95,52.26,0.0,snapshot_atual_constante_NAO_historico
2025-04-10,15430675899.0,15423474815.0,3.337,3.337,0.0,14329384980.0,77924373.0,defillama_pool_historico,3.2827,3.2827,19546.37,21393.95,52.26,0.0,snapshot_atual_constante_NAO_historico
2025-04-11,14428100688.0,14421171715.0,3.161,3.161,0.0,14686609500.0,80165753.0,defillama_pool_historico,3.1122,3.1122,19546.37,21393.95,52.26,0.0,snapshot_atual_constante_NAO_historico
2025-04-12,14691027879.0,14683610355.0,2.886,2.886,0.0,15371179852.0,84375582.0,defillama_pool_historico,2.8453,2.8453,19546.37,21393.95,52.26,0.0,snapshot_atual_constante_NAO_historico
2025-04-13,15328792669.0,15320779880.0,2.843,2.843,0.0,14800445038.0,79705591.0,defillama_pool_historico,2.8034,2.8034,19546.37,21393.95,52.26,0.0,snapshot_atual_constante_NAO_historico
2025-04-14,14783410798.0,14775688367.0,2.976,2.976,0.0,15095512407.0,81125627.0,defillama_pool_historico,2.9327,2.9327,19546.37,21393.95,52.26,0.0,snapshot_atual_constante_NAO_historico
2025-04-15,15107944468.0,15100173438.0,2.832,2.832,0.0,14824285212.0,79996910.0,defillama_pool_historico,2.7927,2.7927,19546.37,21393.95,52.26,0.0,snapshot_atual_constante_NAO_historico
2025-04-16,14841878256.0,14834246792.0,2.836,2.836,0.0,14746875760.0,79403473.0,defillama_pool_historico,2.7966,2.7966,19546.37,21393.95,52.26,0.0,snapshot_atual_constante_NAO_historico
2025-04-17,14688865983.0,14680931465.0,2.787,2.787,0.0,14772271388.0,79549129.0,defillama_pool_historico,2.749,2.749,19546.37,21393.95,52.26,0.0,snapshot_atual_constante_NAO_historico
2025-04-18,14728004690.0,14719870904.0,2.722,2.722,0.0,14811149359.0,79716579.0,defillama_pool_historico,2.6857,2.6857,19546.37,21393.95,52.26,0.0,snapshot_atual_constante_NAO_historico
2025-04-19,14778751782.0,14770671600.0,2.667,2.667,0.0,15007587965.0,80784131.0,defillama_pool_historico,2.6322,2.6322,19546.37,21393.95,52.26,0.0,snapshot_atual_constante_NAO_historico
2025-04-20,14955922933.0,14947431575.0,2.684,2.684,0.0,14642724500.0,78978641.0,defillama_pool_historico,2.6487,2.6487,19546.37,21393.95,52.26,0.0,snapshot_atual_constante_NAO_historico
2025-04-21,14878199097.0,14869667799.0,2.749,2.749,0.0,14605475291.0,78853834.0,defillama_pool_historico,2.712,2.712,19546.37,21393.95,52.26,0.0,snapshot_atual_constante_NAO_historico
2025-04-22,14599768447.0,14591536849.0,2.814,2.814,0.0,16137659160.0,86883716.0,defillama_pool_historico,2.7752,2.7752,19546.37,21393.95,52.26,0.0,snapshot_atual_constante_NAO_historico
2025-04-23,16273201917.0,16264226003.0,3.161,3.161,0.0,16562611106.0,89657366.0,defillama_pool_historico,3.1122,3.1122,19546.37,21393.95,52.26,0.0,snapshot_atual_constante_NAO_historico
2025-04-24,16629598563.0,16620501976.0,2.913,2.913,0.0,16292327561.0,88057005.0,defillama_pool_historico,2.8715,2.8715,19546.37,21393.95,52.26,0.0,snapshot_atual_constante_NAO_historico
2025-04-25,16407426588.0,16398253508.0,2.801,2.801,0.0,16622848035.0,89872548.0,defillama_pool_historico,2.7626,2.7626,19546.37,21393.95,52.26,0.0,snapshot_atual_constante_NAO_historico
2025-04-26,16551204914.0,16542096625.0,2.763,2.763,0.0,16820457231.0,90565450.0,defillama_pool_historico,2.7256,2.7256,19546.37,21393.95,52.26,0.0,snapshot_atual_constante_NAO_historico
2025-04-27,17033277319.0,17024254048.0,2.692,2.692,0.0,16497553881.0,89241308.0,defillama_pool_historico,2.6565,2.6565,19546.37,21393.95,52.26,0.0,snapshot_atual_constante_NAO_historico
2025-04-28,16592870321.0,16584004566.0,2.705,2.705,0.0,16561024422.0,89210575.0,defillama_pool_historico,2.6692,2.6692,19546.37,21393.95,52.26,0.0,snapshot_atual_constante_NAO_historico
2025-04-29,16649672726.0,16640813465.0,2.825,2.825,0.0,16583597249.0,89303722.0,defillama_pool_historico,2.7859,2.7859,19546.37,21393.95,52.26,0.0,snapshot_atual_constante_NAO_historico
2025-04-30,16630227105.0,16621419384.0,2.825,2.825,0.0,16689319174.0,89188367.0,defillama_pool_historico,2.7859,2.7859,19546.37,21393.95,52.26,0.0,snapshot_atual_constante_NAO_historico
2025-05-01,16569438128.0,16560574228.0,2.786,2.786,0.0,16560574228.0,91631992.0,defillama_pool_historico,2.748,2.748,19546.37,21393.95,52.26,0.0,snapshot_atual_constante_NAO_historico
2025-05-02,16945190375.0,16936134286.0,2.733,2.733,0.0,16884915209.0,91259914.0,defillama_pool_historico,2.6964,2.6964,19546.37,21393.95,52.26,0.0,snapshot_atual_constante_NAO_historico
2025-05-03,16941398958.0,16932506673.0,2.672,2.672,0.0,16888061269.0,91466399.0,defillama_pool_historico,2.637,2.637,19546.37,21393.95,52.26,0.0,snapshot_atual_constante_NAO_historico
2025-05-04,16878045766.0,16869240122.0,2.649,2.649,0.0,16733181589.0,90417035.0,defillama_pool_historico,2.6146,2.6146,19546.37,21393.95,52.26,0.0,snapshot_atual_constante_NAO_historico
2025-05-05,16589440413.0,16580812691.0,2.698,2.698,0.0,16796502633.0,89943077.0,defillama_pool_historico,2.6623,2.6623,19546.37,21393.95,52.26,0.0,snapshot_atual_constante_NAO_historico
2025-05-06,16698451494.0,16689674118.0,2.718,2.718,0.0,16511829502.0,89126271.0,defillama_pool_historico,2.6818,2.6818,19546.37,21393.95,52.26,0.0,snapshot_atual_constante_NAO_historico
2025-05-07,16858372775.0,16849460383.0,2.689,2.689,0.0,16576706945.0,91361239.0,defillama_pool_historico,2.6536,2.6536,19546.37,21393.95,52.26,0.0,snapshot_atual_constante_NAO_historico
2025-05-08,16714481730.0,16705529727.0,2.709,2.709,0.0,19989462963.0,106475950.0,defillama_pool_historico,2.6731,2.6731,19546.37,21393.95,52.26,0.0,snapshot_atual_constante_NAO_historico
2025-05-09,20171118029.0,20161301508.0,3.479,3.479,0.0,21425260240.0,114773695.0,defillama_pool_historico,3.42,3.42,19546.37,21393.95,52.26,0.0,snapshot_atual_constante_NAO_historico
2025-05-10,21684208093.0,21673861235.0,2.993,2.993,0.0,23407629041.0,128939297.0,defillama_pool_historico,2.9492,2.9492,19546.37,21393.95,52.26,0.0,snapshot_atual_constante_NAO_historico
2025-05-11,23247906315.0,23237255770.0,3.138,3.138,0.0,22755457736.0,131244363.0,defillama_pool_historico,3.0899,3.0899,19546.37,21393.95,52.26,0.0,snapshot_atual_constante_NAO_historico
2025-05-12,23164234168.0,23153755473.0,2.929,2.929,0.0,22749588131.0,126946140.0,defillama_pool_historico,2.887,2.887,19546.37,21393.95,52.26,0.0,snapshot_atual_constante_NAO_historico
2025-05-13,22632781380.0,22622389132.0,2.932,2.932,0.0,24582906678.0,139510493.0,defillama_pool_historico,2.89,2.89,19546.37,21393.95,52.26,0.0,snapshot_atual_constante_NAO_historico
2025-05-14,24565108436.0,24554152176.0,2.902,2.902,0.0,23694465110.0,135993093.0,defillama_pool_historico,2.8608,2.8608,19546.37,21393.95,52.26,0.0,snapshot_atual_constante_NAO_historico
2025-05-15,23887234854.0,23876608811.0,2.813,2.813,0.0,23205854850.0,132235570.0,defillama_pool_historico,2.7743,2.7743,19546.37,21393.95,52.26,0.0,snapshot_atual_constante_NAO_historico
2025-05-16,23235660527.0,23225524336.0,2.865,2.865,0.0,23299795926.0,134043017.0,defillama_pool_historico,2.8248,2.8248,19546.37,21393.95,52.26,0.0,snapshot_atual_constante_NAO_historico
2025-05-17,23320532254.0,23310507242.0,2.757,2.757,0.0,22430903537.0,128935047.0,defillama_pool_historico,2.7198,2.7198,19546.37,21393.95,52.26,0.0,snapshot_atual_constante_NAO_historico
2025-05-18,22620649586.0,22610709484.0,2.625,2.625,0.0,22383100321.0,124914215.0,defillama_pool_historico,2.5912,2.5912,19546.37,21393.95,52.26,0.0,snapshot_atual_constante_NAO_historico
2025-05-19,22321593292.0,22311383123.0,3.06,3.06,0.0,22656274747.0,130932352.0,defillama_pool_historico,3.0142,3.0142,19546.37,21393.95,52.26,0.0,snapshot_atual_constante_NAO_historico
2025-05-20,22968337420.0,22958371735.0,2.931,2.931,0.0,22568218222.0,130844223.0,defillama_pool_historico,2.889,2.889,19546.37,21393.95,52.26,0.0,snapshot_atual_constante_NAO_historico
2025-05-21,22810598214.0,22800534932.0,2.786,2.786,0.0,22724516883.0,130517932.0,defillama_pool_historico,2.748,2.748,19546.37,21393.95,52.26,0.0,snapshot_atual_constante_NAO_historico
2025-05-22,23140141635.0,23129773829.0,2.94,2.94,0.0,23894953566.0,137917231.0,defillama_pool_historico,2.8977,2.8977,19546.37,21393.95,52.26,0.0,snapshot_atual_constante_NAO_historico
2025-05-23,24007687451.0,23996935668.0,2.941,2.941,0.0,22843342637.0,131228142.0,defillama_pool_historico,2.8987,2.8987,19546.37,21393.95,52.26,0.0,snapshot_atual_constante_NAO_historico
2025-05-24,22825754058.0,22815356379.0,2.801,2.801,0.0,22770887648.0,130519804.0,defillama_pool_historico,2.7626,2.7626,19546.37,21393.95,52.26,0.0,snapshot_atual_constante_NAO_historico
2025-05-25,22715264957.0,22704929422.0,2.68,2.68,0.0,22898189858.0,130087964.0,defillama_pool_historico,2.6448,2.6448,19546.37,21393.95,52.26,0.0,snapshot_atual_constante_NAO_historico
2025-05-26,22971934221.0,22961772431.0,2.722,2.722,0.0,23086669677.0,125087896.0,defillama_pool_historico,2.6857,2.6857,19546.37,21393.95,52.26,0.0,snapshot_atual_constante_NAO_historico
2025-05-27,23058695473.0,23048612418.0,2.744,2.744,0.0,23965373899.0,128043015.0,defillama_pool_historico,2.7071,2.7071,19546.37,21393.95,52.26,0.0,snapshot_atual_constante_NAO_historico
2025-05-28,23872194401.0,23862007060.0,2.83,2.83,0.0,23782788446.0,127575554.0,defillama_pool_historico,2.7908,2.7908,19546.37,21393.95,52.26,0.0,snapshot_atual_constante_NAO_historico
2025-05-29,24303108599.0,24293181967.0,2.871,2.871,0.0,23851451859.0,127811076.0,defillama_pool_historico,2.8307,2.8307,19546.37,21393.95,52.26,0.0,snapshot_atual_constante_NAO_historico
2025-05-30,23361868891.0,23352451643.0,2.905,2.905,0.0,22706151510.0,124305382.0,defillama_pool_historico,2.8637,2.8637,19546.37,21393.95,52.26,0.0,snapshot_atual_constante_NAO_historico
2025-05-31,22691942168.0,22682922264.0,2.887,2.887,0.0,22771797993.0,122589960.0,defillama_pool_historico,2.8462,2.8462,19546.37,21393.95,52.26,0.0,snapshot_atual_constante_NAO_historico
2025-06-01,22610133573.0,22601119325.0,2.709,2.709,0.0,22784786834.0,122483215.0,defillama_pool_historico,2.6731,2.6731,19546.37,21393.95,52.26,0.0,snapshot_atual_constante_NAO_historico
2025-06-02,22777295889.0,22768204040.0,2.727,2.727,0.0,23127121598.0,122120588.0,defillama_pool_historico,2.6906,2.6906,19546.37,21393.95,52.26,0.0,snapshot_atual_constante_NAO_historico
2025-06-03,23476761187.0,23467697211.0,2.789,2.789,0.0,23373393902.0,124875711.0,defillama_pool_historico,2.7509,2.7509,19546.37,21393.95,52.26,0.0,snapshot_atual_constante_NAO_historico
2025-06-04,23295526858.0,23286592638.0,2.8,2.8,0.0,23376013285.0,125496473.0,defillama_pool_historico,2.7616,2.7616,19546.37,21393.95,52.26,0.0,snapshot_atual_constante_NAO_historico
2025-06-05,23416675130.0,23407832266.0,2.765,2.765,0.0,21672098517.0,116740459.0,defillama_pool_historico,2.7276,2.7276,19546.37,21393.95,52.26,0.0,snapshot_atual_constante_NAO_historico
2025-06-06,21717171088.0,21708846759.0,2.878,2.878,0.0,22253377763.0,119300875.0,defillama_pool_historico,2.8375,2.8375,19546.37,21393.95,52.26,0.0,snapshot_atual_constante_NAO_historico
2025-06-07,22282229224.0,22273708053.0,2.743,2.743,0.0,22765211512.0,120568150.0,defillama_pool_historico,2.7062,2.7062,19546.37,21393.95,52.26,0.0,snapshot_atual_constante_NAO_historico
2025-06-08,22646375186.0,22637727324.0,2.681,2.681,0.0,22500962145.0,120663679.0,defillama_pool_historico,2.6458,2.6458,19546.37,21393.95,52.26,0.0,snapshot_atual_constante_NAO_historico
2025-06-09,22518165347.0,22509379895.0,2.68,2.68,0.0,23924565205.0,125739722.0,defillama_pool_historico,2.6448,2.6448,19546.37,21393.95,52.26,0.0,snapshot_atual_constante_NAO_historico
2025-06-10,24177781271.0,24168509867.0,2.804,2.804,0.0,25269157459.0,132712382.0,defillama_pool_historico,2.7655,2.7655,19546.37,21393.95,52.26,0.0,snapshot_atual_constante_NAO_historico
2025-06-11,25494775321.0,25485245335.0,2.804,2.804,0.0,25101613880.0,133796292.0,defillama_pool_historico,2.7655,2.7655,19546.37,21393.95,52.26,0.0,snapshot_atual_constante_NAO_historico
2025-06-12,25143134872.0,25133878005.0,2.834,2.834,0.0,23947529547.0,126322538.0,defillama_pool_historico,2.7947,2.7947,19546.37,21393.95,52.26,0.0,snapshot_atual_constante_NAO_historico
2025-06-13,23213996312.0,23205454631.0,2.899,2.899,0.0,23339676914.0,122199308.0,defillama_pool_historico,2.8579,2.8579,19546.37,21393.95,52.26,0.0,snapshot_atual_constante_NAO_historico
2025-06-14,23315709198.0,23307276303.0,2.637,2.637,0.0,22957549197.0,120524174.0,defillama_pool_historico,2.6029,2.6029,19546.37,21393.95,52.26,0.0,snapshot_atual_constante_NAO_historico
2025-06-15,23034258809.0,23026024609.0,2.566,2.566,0.0,23056611262.0,121140662.0,defillama_pool_historico,2.5337,2.5337,19546.37,21393.95,52.26,0.0,snapshot_atual_constante_NAO_historico
2025-06-16,23183848341.0,23175267126.0,2.654,2.654,0.0,23757154063.0,126121891.0,defillama_pool_historico,2.6195,2.6195,19546.37,21393.95,52.26,0.0,snapshot_atual_constante_NAO_historico
2025-06-17,23142194565.0,23133818406.0,2.755,2.755,0.0,23133818406.0,120130544.0,defillama_pool_historico,2.7178,2.7178,19546.37,21393.95,52.26,0.0,snapshot_atual_constante_NAO_historico
2025-06-18,22961965706.0,22953681258.0,2.661,2.661,0.0,22953681258.0,120404248.0,defillama_pool_historico,2.6263,2.6263,19546.37,21393.95,52.26,0.0,snapshot_atual_constante_NAO_historico
2025-06-19,22994614748.0,22986378436.0,2.747,2.747,0.0,23057071650.0,119803285.0,defillama_pool_historico,2.71,2.71,19546.37,21393.95,52.26,0.0,snapshot_atual_constante_NAO_historico
2025-06-20,23109878112.0,23101625399.0,2.678,2.678,0.0,22032096228.0,115246545.0,defillama_pool_historico,2.6429,2.6429,19546.37,21393.95,52.26,0.0,snapshot_atual_constante_NAO_historico
2025-06-21,21990069339.0,21982211852.0,2.697,2.697,0.0,21055638426.0,109683260.0,defillama_pool_historico,2.6614,2.6614,19546.37,21393.95,52.26,0.0,snapshot_atual_constante_NAO_historico
2025-06-22,20562258014.0,20554662746.0,2.966,2.966,0.0,20443323846.0,105200467.0,defillama_pool_historico,2.923,2.923,19546.37,21393.95,52.26,0.0,snapshot_atual_constante_NAO_historico
2025-06-23,20603792260.0,20596319681.0,2.986,2.986,0.0,22117791195.0,113091232.0,defillama_pool_historico,2.9424,2.9424,19546.37,21393.95,52.26,0.0,snapshot_atual_constante_NAO_historico
2025-06-24,22220070689.0,22211935671.0,2.867,2.867,0.0,22304928242.0,116007905.0,defillama_pool_historico,2.8268,2.8268,19546.37,21393.95,52.26,0.0,snapshot_atual_constante_NAO_historico
2025-06-25,22403447692.0,22395257540.0,2.756,2.756,0.0,22164963106.0,116321600.0,defillama_pool_historico,2.7188,2.7188,19546.37,21393.95,52.26,0.0,snapshot_atual_constante_NAO_historico
2025-06-26,22156514883.0,22148449127.0,2.735,2.735,0.0,22018854777.0,115243536.0,defillama_pool_historico,2.6984,2.6984,19546.37,21393.95,52.26,0.0,snapshot_atual_constante_NAO_historico
2025-06-27,22051279578.0,22043484864.0,2.741,2.741,0.0,22067800220.0,115579313.0,defillama_pool_historico,2.7042,2.7042,19546.37,21393.95,52.26,0.0,snapshot_atual_constante_NAO_historico
2025-06-28,22047490228.0,22039567899.0,2.631,2.631,0.0,22214008671.0,116211478.0,defillama_pool_historico,2.5971,2.5971,19546.37,21393.95,52.26,0.0,snapshot_atual_constante_NAO_historico
2025-06-29,22216234181.0,22207827944.0,2.644,2.644,0.0,22709263855.0,116073673.0,defillama_pool_historico,2.6097,2.6097,19546.37,21393.95,52.26,0.0,snapshot_atual_constante_NAO_historico
2025-06-30,22776902359.0,22768355353.0,2.655,2.655,0.0,22638053628.0,118605278.0,defillama_pool_historico,2.6205,2.6205,19546.37,21393.95,52.26,0.0,snapshot_atual_constante_NAO_historico
2025-07-01,22710642481.0,22702027785.0,2.685,2.685,0.0,21945024770.0,114932917.0,defillama_pool_historico,2.6497,2.6497,19546.37,21393.95,52.26,0.0,snapshot_atual_constante_NAO_historico
2025-07-02,21935554385.0,21927362721.0,2.686,2.686,0.0,23619106217.0,123510875.0,defillama_pool_historico,2.6507,2.6507,19546.37,21393.95,52.26,0.0,snapshot_atual_constante_NAO_historico
2025-07-03,23458588779.0,23450120936.0,2.702,2.702,0.0,23631216293.0,123198201.0,defillama_pool_historico,2.6662,2.6662,19546.37,21393.95,52.26,0.0,snapshot_atual_constante_NAO_historico
2025-07-04,23612901179.0,23604408334.0,2.697,2.697,0.0,22745954285.0,119230388.0,defillama_pool_historico,2.6614,2.6614,19546.37,21393.95,52.26,0.0,snapshot_atual_constante_NAO_historico
2025-07-05,22925583275.0,22917330613.0,2.608,2.608,0.0,22890543537.0,119517073.0,defillama_pool_historico,2.5747,2.5747,19546.37,21393.95,52.26,0.0,snapshot_atual_constante_NAO_historico
2025-07-06,22922721559.0,22914518640.0,2.622,2.622,0.0,23580920219.0,122622964.0,defillama_pool_historico,2.5883,2.5883,19546.37,21393.95,52.26,0.0,snapshot_atual_constante_NAO_historico
2025-07-07,23413166529.0,23404747542.0,2.66,2.66,0.0,23135058400.0,120557054.0,defillama_pool_historico,2.6253,2.6253,19546.37,21393.95,52.26,0.0,snapshot_atual_constante_NAO_historico
2025-07-08,23188714479.0,23180432284.0,2.675,2.675,0.0,23812017278.0,123399095.0,defillama_pool_historico,2.6399,2.6399,19546.37,21393.95,52.26,0.0,snapshot_atual_constante_NAO_historico
2025-07-09,23869512664.0,23861093374.0,2.684,2.684,0.0,25203176450.0,130550140.0,defillama_pool_historico,2.6487,2.6487,19546.37,21393.95,52.26,0.0,snapshot_atual_constante_NAO_historico
2025-07-10,25283949974.0,25275246160.0,2.811,2.811,0.0,27126596599.0,138320929.0,defillama_pool_historico,2.7723,2.7723,19546.37,21393.95,52.26,0.0,snapshot_atual_constante_NAO_historico
2025-07-11,26812777918.0,26803732468.0,2.896,2.896,0.0,26784113686.0,140818607.0,defillama_pool_historico,2.855,2.855,19546.37,21393.95,52.26,0.0,snapshot_atual_constante_NAO_historico
2025-07-12,27014373324.0,27005367163.0,2.7,2.7,0.0,26781729652.0,139150915.0,defillama_pool_historico,2.6643,2.6643,19546.37,21393.95,52.26,0.0,snapshot_atual_constante_NAO_historico
2025-07-13,26909911377.0,26900983710.0,2.617,2.617,0.0,27084985724.0,140082730.0,defillama_pool_historico,2.5834,2.5834,19546.37,21393.95,52.26,0.0,snapshot_atual_constante_NAO_historico
2025-07-14,27079258987.0,27070335560.0,2.749,2.749,0.0,27506789075.0,142220458.0,defillama_pool_historico,2.712,2.712,19546.37,21393.95,52.26,0.0,snapshot_atual_constante_NAO_historico
2025-07-15,27557561438.0,27548587777.0,2.733,2.733,0.0,28438775260.0,143888626.0,defillama_pool_historico,2.6964,2.6964,19546.37,21393.95,52.26,0.0,snapshot_atual_constante_NAO_historico
2025-07-16,28618315633.0,28609189406.0,2.802,2.802,0.0,30786232400.0,158765936.0,defillama_pool_historico,2.7636,2.7636,19546.37,21393.95,52.26,0.0,snapshot_atual_constante_NAO_historico
2025-07-17,30867121166.0,30857492943.0,2.88,2.88,0.0,31695137047.0,163921889.0,defillama_pool_historico,2.8394,2.8394,19546.37,21393.95,52.26,0.0,snapshot_atual_constante_NAO_historico
2025-07-18,31765191334.0,31755408053.0,2.84,2.84,0.0,32465247547.0,168003982.0,defillama_pool_historico,2.8005,2.8005,19546.37,21393.95,52.26,0.0,snapshot_atual_constante_NAO_historico
2025-07-19,32386910824.0,32377197720.0,2.672,2.672,0.0,32423164681.0,167684624.0,defillama_pool_historico,2.637,2.637,19546.37,21393.95,52.26,0.0,snapshot_atual_constante_NAO_historico
2025-07-20,32667909107.0,32658195982.0,2.677,2.677,0.0,33848577986.0,175014688.0,defillama_pool_historico,2.6419,2.6419,19546.37,21393.95,52.26,0.0,snapshot_atual_constante_NAO_historico
2025-07-21,34050356452.0,34040431857.0,2.81,2.81,0.0,34247712215.0,177096387.0,defillama_pool_historico,2.7713,2.7713,19546.37,21393.95,52.26,0.0,snapshot_atual_constante_NAO_historico
2025-07-22,34374039965.0,34363185453.0,2.761,2.761,0.0,33776810092.0,174428760.0,defillama_pool_historico,2.7237,2.7237,19546.37,21393.95,52.26,0.0,snapshot_atual_constante_NAO_historico
2025-07-23,34019620157.0,34008476788.0,2.651,2.651,0.0,32836779376.0,170957923.0,defillama_pool_historico,2.6166,2.6166,19546.37,21393.95,52.26,0.0,snapshot_atual_constante_NAO_historico
2025-07-24,33073008373.0,33062688523.0,2.817,2.817,0.0,33587199286.0,174751261.0,defillama_pool_historico,2.7782,2.7782,19546.37,21393.95,52.26,0.0,snapshot_atual_constante_NAO_historico
2025-07-25,32873395352.0,32863741618.0,2.768,2.768,0.0,33448784156.0,175455704.0,defillama_pool_historico,2.7305,2.7305,19546.37,21393.95,52.26,0.0,snapshot_atual_constante_NAO_historico
2025-07-26,33602188907.0,33592042374.0,2.659,2.659,0.0,33710476570.0,177706993.0,defillama_pool_historico,2.6244,2.6244,19546.37,21393.95,52.26,0.0,snapshot_atual_constante_NAO_historico
2025-07-27,33897495501.0,33887439917.0,2.682,2.682,0.0,34518932343.0,180642583.0,defillama_pool_historico,2.6468,2.6468,19546.37,21393.95,52.26,0.0,snapshot_atual_constante_NAO_historico
2025-07-28,34813073588.0,34802737297.0,2.602,2.602,0.0,34106539190.0,179609418.0,defillama_pool_historico,2.5688,2.5688,19546.37,21393.95,52.26,0.0,snapshot_atual_constante_NAO_historico
2025-07-29,34197750262.0,34187736293.0,2.664,2.664,0.0,33830291899.0,178038234.0,defillama_pool_historico,2.6292,2.6292,19546.37,21393.95,52.26,0.0,snapshot_atual_constante_NAO_historico
2025-07-30,33972965395.0,33963114910.0,2.717,2.717,0.0,33726852924.0,177625620.0,defillama_pool_historico,2.6808,2.6808,19546.37,21393.95,52.26,0.0,snapshot_atual_constante_NAO_historico
2025-07-31,34143656347.0,34133988656.0,2.678,2.678,0.0,33292928839.0,177203156.0,defillama_pool_historico,2.6429,2.6429,19546.37,21393.95,52.26,0.0,snapshot_atual_constante_NAO_historico
2025-08-01,33144849657.0,33135546429.0,2.688,2.688,0.0,30950224959.0,167518990.0,defillama_pool_historico,2.6526,2.6526,19546.37,21393.95,52.26,0.0,snapshot_atual_constante_NAO_historico
2025-08-02,31315680777.0,31306725570.0,2.632,2.632,0.0,30443264595.0,160512503.0,defillama_pool_historico,2.5981,2.5981,19546.37,21393.95,52.26,0.0,snapshot_atual_constante_NAO_historico
2025-08-03,30451987350.0,30443353307.0,2.788,2.788,0.0,31061520555.0,164998749.0,defillama_pool_historico,2.7499,2.7499,19546.37,21393.95,52.26,0.0,snapshot_atual_constante_NAO_historico
2025-08-04,31297917189.0,31289052742.0,2.642,2.642,0.0,33077498057.0,175465027.0,defillama_pool_historico,2.6078,2.6078,19546.37,21393.95,52.26,0.0,snapshot_atual_constante_NAO_historico
2025-08-05,32850119959.0,32840905143.0,2.649,2.649,0.0,31853925612.0,169853705.0,defillama_pool_historico,2.6146,2.6146,19546.37,21393.95,52.26,0.0,snapshot_atual_constante_NAO_historico
2025-08-06,31943280242.0,31934363141.0,2.67,2.67,0.0,32675115384.0,173785505.0,defillama_pool_historico,2.6351,2.6351,19546.37,21393.95,52.26,0.0,snapshot_atual_constante_NAO_historico
2025-08-07,32707070293.0,32697916439.0,2.624,2.624,0.0,34596384973.0,183226825.0,defillama_pool_historico,2.5903,2.5903,19546.37,21393.95,52.26,0.0,snapshot_atual_constante_NAO_historico
2025-08-08,34757959573.0,34748415812.0,2.65,2.65,0.0,35674338081.0,190319875.0,defillama_pool_historico,2.6156,2.6156,19546.37,21393.95,52.26,0.0,snapshot_atual_constante_NAO_historico
2025-08-09,35680292925.0,35670624267.0,2.68,2.68,0.0,38035358220.0,201102706.0,defillama_pool_historico,2.6448,2.6448,19546.37,21393.95,52.26,0.0,snapshot_atual_constante_NAO_historico
2025-08-10,38174275100.0,38164349569.0,2.628,2.628,0.0,37465271387.0,198796416.0,defillama_pool_historico,2.5942,2.5942,19546.37,21393.95,52.26,0.0,snapshot_atual_constante_NAO_historico
2025-08-11,37774675596.0,37764738673.0,2.67,2.67,0.0,37333879288.0,198052319.0,defillama_pool_historico,2.6351,2.6351,19546.37,21393.95,52.26,0.0,snapshot_atual_constante_NAO_historico
2025-08-12,37553393535.0,37543872593.0,2.699,2.699,0.0,40364975323.0,214868048.0,defillama_pool_historico,2.6633,2.6633,19546.37,21393.95,52.26,0.0,snapshot_atual_constante_NAO_historico
2025-08-13,40846502922.0,40836061889.0,2.902,2.902,0.0,42035081155.0,220203939.0,defillama_pool_historico,2.8608,2.8608,19546.37,21393.95,52.26,0.0,snapshot_atual_constante_NAO_historico
2025-08-14,41996380123.0,41985398122.0,2.764,2.764,0.0,39871809707.0,212438263.0,defillama_pool_historico,2.7266,2.7266,19546.37,21393.95,52.26,0.0,snapshot_atual_constante_NAO_historico
2025-08-15,40466700881.0,40456209842.0,3.088,3.088,0.0,39393948759.0,208200736.0,defillama_pool_historico,3.0414,3.0414,19546.37,21393.95,52.26,0.0,snapshot_atual_constante_NAO_historico
2025-08-16,39543558254.0,39533405431.0,2.704,2.704,0.0,38927097363.0,207781162.0,defillama_pool_historico,2.6682,2.6682,19546.37,21393.95,52.26,0.0,snapshot_atual_constante_NAO_historico
2025-08-17,39044363361.0,39034133944.0,2.638,2.638,0.0,39808694940.0,212489122.0,defillama_pool_historico,2.6039,2.6039,19546.37,21393.95,52.26,0.0,snapshot_atual_constante_NAO_historico
2025-08-18,39271348851.0,39261040916.0,2.659,2.659,0.0,38579205794.0,205449977.0,defillama_pool_historico,2.6244,2.6244,19546.37,21393.95,52.26,0.0,snapshot_atual_constante_NAO_historico
2025-08-19,38140766274.0,38130829937.0,2.648,2.648,0.0,36437883738.0,195075990.0,defillama_pool_historico,2.6136,2.6136,19546.37,21393.95,52.26,0.0,snapshot_atual_constante_NAO_historico
2025-08-20,36237168339.0,36227580081.0,2.613,2.613,0.0,38245331447.0,204205745.0,defillama_pool_historico,2.5795,2.5795,19546.37,21393.95,52.26,0.0,snapshot_atual_constante_NAO_historico
2025-08-21,38337346198.0,38327189832.0,2.659,2.659,0.0,37373119182.0,199910653.0,defillama_pool_historico,2.6244,2.6244,19546.37,21393.95,52.26,0.0,snapshot_atual_constante_NAO_historico
2025-08-22,37500398830.0,37490566286.0,2.76,2.76,0.0,42441513059.0,225608107.0,defillama_pool_historico,2.7227,2.7227,19546.37,21393.95,52.26,0.0,snapshot_atual_constante_NAO_historico
2025-08-23,42520243901.0,42509416858.0,2.841,2.841,0.0,41634215940.0,223028663.0,defillama_pool_historico,2.8015,2.8015,19546.37,21393.95,52.26,0.0,snapshot_atual_constante_NAO_historico
2025-08-24,42048201995.0,42037069909.0,2.598,2.598,0.0,41445697460.0,222888154.0,defillama_pool_historico,2.5649,2.5649,19546.37,21393.95,52.26,0.0,snapshot_atual_constante_NAO_historico
2025-08-25,41095111623.0,41084123340.0,2.727,2.727,0.0,38363340938.0,206218907.0,defillama_pool_historico,2.6906,2.6906,19546.37,21393.95,52.26,0.0,snapshot_atual_constante_NAO_historico
2025-08-26,38353234496.0,38343125115.0,2.798,2.798,0.0,40136530454.0,214646652.0,defillama_pool_historico,2.7597,2.7597,19546.37,21393.95,52.26,0.0,snapshot_atual_constante_NAO_historico
2025-08-27,40180740353.0,40170192141.0,2.618,2.618,0.0,39561012990.0,211351638.0,defillama_pool_historico,2.5844,2.5844,19546.37,21393.95,52.26,0.0,snapshot_atual_constante_NAO_historico
2025-08-28,39514578742.0,39503553218.0,2.658,2.658,0.0,39184519025.0,210798248.0,defillama_pool_historico,2.6234,2.6234,19546.37,21393.95,52.26,0.0,snapshot_atual_constante_NAO_historico
2025-08-29,39472356822.0,39460763976.0,2.615,2.615,0.0,37969130880.0,203355580.0,defillama_pool_historico,2.5815,2.5815,19546.37,21393.95,52.26,0.0,snapshot_atual_constante_NAO_historico
2025-08-30,38081925572.0,38070909356.0,2.632,2.632,0.0,38075142811.0,203058282.0,defillama_pool_historico,2.5981,2.5981,19546.37,21393.95,52.26,0.0,snapshot_atual_constante_NAO_historico
2025-08-31,38449491207.0,38438528898.0,2.736,2.736,0.0,38683077568.0,208594301.0,defillama_pool_historico,2.6993,2.6993,19546.37,21393.95,52.26,0.0,snapshot_atual_constante_NAO_historico
2025-09-01,38441349946.0,38430554950.0,2.783,2.783,0.0,37110426917.0,203687329.0,defillama_pool_historico,2.7451,2.7451,19546.37,21393.95,52.26,0.0,snapshot_atual_constante_NAO_historico
2025-09-02,37440868326.0,37430226934.0,2.774,2.774,0.0,37532415195.0,201699785.0,defillama_pool_historico,2.7363,2.7363,19546.37,21393.95,52.26,0.0,snapshot_atual_constante_NAO_historico
2025-09-03,37443404616.0,37432190753.0,2.719,2.719,0.0,38655729077.0,207798444.0,defillama_pool_historico,2.6828,2.6828,19546.37,21393.95,52.26,0.0,snapshot_atual_constante_NAO_historico
2025-09-04,38859993231.0,38848608144.0,2.594,2.594,0.0,37474500276.0,201484208.0,defillama_pool_historico,2.561,2.561,19546.37,21393.95,52.26,0.0,snapshot_atual_constante_NAO_historico
2025-09-05,37401245701.0,37390346441.0,2.709,2.709,0.0,37326699665.0,200990029.0,defillama_pool_historico,2.6731,2.6731,19546.37,21393.95,52.26,0.0,snapshot_atual_constante_NAO_historico
2025-09-06,37566525756.0,37555542412.0,2.616,2.616,0.0,36990779425.0,199014129.0,defillama_pool_historico,2.5825,2.5825,19546.37,21393.95,52.26,0.0,snapshot_atual_constante_NAO_historico
2025-09-07,37121091517.0,37110281507.0,2.575,2.575,0.0,37320808672.0,200173157.0,defillama_pool_historico,2.5425,2.5425,19546.37,21393.95,52.26,0.0,snapshot_atual_constante_NAO_historico
2025-09-08,37476831564.0,37465691798.0,2.576,2.576,0.0,37402557149.0,200884992.0,defillama_pool_historico,2.5435,2.5435,19546.37,21393.95,52.26,0.0,snapshot_atual_constante_NAO_historico
2025-09-09,37289515156.0,37278033224.0,2.602,2.602,0.0,37362860871.0,200719845.0,defillama_pool_historico,2.5688,2.5688,19546.37,21393.95,52.26,0.0,snapshot_atual_constante_NAO_historico
2025-09-10,37408519738.0,37396828771.0,2.725,2.725,0.0,37465954267.0,202231783.0,defillama_pool_historico,2.6886,2.6886,19546.37,21393.95,52.26,0.0,snapshot_atual_constante_NAO_historico
2025-09-11,37554680642.0,37542652668.0,2.633,2.633,0.0,38275003618.0,206439930.0,defillama_pool_historico,2.599,2.599,19546.37,21393.95,52.26,0.0,snapshot_atual_constante_NAO_historico
2025-09-12,38563734898.0,38551407318.0,2.631,2.631,0.0,40678579241.0,218043596.0,defillama_pool_historico,2.5971,2.5971,19546.37,21393.95,52.26,0.0,snapshot_atual_constante_NAO_historico
2025-09-13,40551405872.0,40538417950.0,2.642,2.642,0.0,40018529436.0,221168262.0,defillama_pool_historico,2.6078,2.6078,19546.37,21393.95,52.26,0.0,snapshot_atual_constante_NAO_historico
2025-09-14,40228472823.0,40215477770.0,2.599,2.599,0.0,39742646814.0,219614263.0,defillama_pool_historico,2.5659,2.5659,19546.37,21393.95,52.26,0.0,snapshot_atual_constante_NAO_historico
2025-09-15,39734945808.0,39722012496.0,2.593,2.593,0.0,38814366250.0,214860085.0,defillama_pool_historico,2.56,2.56,19546.37,21393.95,52.26,0.0,snapshot_atual_constante_NAO_historico
2025-09-16,38937975267.0,38925445006.0,2.599,2.599,0.0,38797632691.0,213147725.0,defillama_pool_historico,2.5659,2.5659,19546.37,21393.95,52.26,0.0,snapshot_atual_constante_NAO_historico
2025-09-17,38782956799.0,38770278431.0,2.582,2.582,0.0,39289200014.0,216032399.0,defillama_pool_historico,2.5493,2.5493,19546.37,21393.95,52.26,0.0,snapshot_atual_constante_NAO_historico
2025-09-18,39660668762.0,39647526457.0,2.645,2.645,0.0,39454698418.0,217868258.0,defillama_pool_historico,2.6107,2.6107,19546.37,21393.95,52.26,0.0,snapshot_atual_constante_NAO_historico
2025-09-19,39502273515.0,39489062274.0,2.73,2.73,0.0,38329527825.0,212289670.0,defillama_pool_historico,2.6935,2.6935,19546.37,21393.95,52.26,0.0,snapshot_atual_constante_NAO_historico
2025-09-20,38381071426.0,38368334203.0,2.654,2.654,0.0,38368813120.0,212960790.0,defillama_pool_historico,2.6195,2.6195,19546.37,21393.95,52.26,0.0,snapshot_atual_constante_NAO_historico
2025-09-21,38370729354.0,38357963979.0,2.538,2.538,0.0,38144499411.0,211724107.0,defillama_pool_historico,2.5064,2.5064,19546.37,21393.95,52.26,0.0,snapshot_atual_constante_NAO_historico
2025-09-22,37372718265.0,37360286469.0,2.645,2.645,0.0,35785105082.0,198499140.0,defillama_pool_historico,2.6107,2.6107,19546.37,21393.95,52.26,0.0,snapshot_atual_constante_NAO_historico
2025-09-23,35924947593.0,35913197194.0,2.667,2.667,0.0,35706192442.0,198004143.0,defillama_pool_historico,2.6322,2.6322,19546.37,21393.95,52.26,0.0,snapshot_atual_constante_NAO_historico
2025-09-24,35605657808.0,35594254119.0,2.649,2.649,0.0,35454099306.0,197242255.0,defillama_pool_historico,2.6146,2.6146,19546.37,21393.95,52.26,0.0,snapshot_atual_constante_NAO_historico
2025-09-25,35513492048.0,35502175798.0,2.562,2.562,0.0,33168663350.0,186439516.0,defillama_pool_historico,2.5298,2.5298,19546.37,21393.95,52.26,0.0,snapshot_atual_constante_NAO_historico
2025-09-26,33299962934.0,33289556931.0,2.619,2.619,0.0,35044684596.0,190903650.0,defillama_pool_historico,2.5854,2.5854,19546.37,21393.95,52.26,0.0,snapshot_atual_constante_NAO_historico
2025-09-27,35021212393.0,35010275100.0,2.787,2.787,0.0,34408453096.0,190482280.0,defillama_pool_historico,2.749,2.749,19546.37,21393.95,52.26,0.0,snapshot_atual_constante_NAO_historico
2025-09-28,34462033315.0,34451203570.0,2.548,2.548,0.0,35100607582.0,194315024.0,defillama_pool_historico,2.5162,2.5162,19546.37,21393.95,52.26,0.0,snapshot_atual_constante_NAO_historico
2025-09-29,35430611177.0,35419375941.0,2.545,2.545,0.0,36052891003.0,199229498.0,defillama_pool_historico,2.5132,2.5132,19546.37,21393.95,52.26,0.0,snapshot_atual_constante_NAO_historico
2025-09-30,36006915312.0,35995533886.0,2.598,2.598,0.0,35373741194.0,196859345.0,defillama_pool_historico,2.5649,2.5649,19546.37,21393.95,52.26,0.0,snapshot_atual_constante_NAO_historico
2025-10-01,35406427268.0,35395346204.0,2.559,2.559,0.0,36761103514.0,204074095.0,defillama_pool_historico,2.5269,2.5269,19546.37,21393.95,52.26,0.0,snapshot_atual_constante_NAO_historico
2025-10-02,37080272912.0,37068497233.0,2.575,2.575,0.0,38046198156.0,210504910.0,defillama_pool_historico,2.5425,2.5425,19546.37,21393.95,52.26,0.0,snapshot_atual_constante_NAO_historico
2025-10-03,38230648376.0,38218241377.0,2.57,2.57,0.0,38592759202.0,213085713.0,defillama_pool_historico,2.5376,2.5376,19546.37,21393.95,52.26,0.0,snapshot_atual_constante_NAO_historico
2025-10-04,38383850159.0,38371519408.0,2.582,2.582,0.0,38232676279.0,211235176.0,defillama_pool_historico,2.5493,2.5493,19546.37,21393.95,52.26,0.0,snapshot_atual_constante_NAO_historico
2025-10-05,38286940686.0,38274797876.0,2.562,2.562,0.0,38461007494.0,212214127.0,defillama_pool_historico,2.5298,2.5298,19546.37,21393.95,52.26,0.0,snapshot_atual_constante_NAO_historico
2025-10-06,38547018514.0,38534837233.0,2.551,2.551,0.0,40003469986.0,220786357.0,defillama_pool_historico,2.5191,2.5191,19546.37,21393.95,52.26,0.0,snapshot_atual_constante_NAO_historico
2025-10-07,39927385613.0,39915025456.0,3.153,3.153,0.0,38341273318.0,211143871.0,defillama_pool_historico,3.1044,3.1044,19546.37,21393.95,52.26,0.0,snapshot_atual_constante_NAO_historico
2025-10-08,38027129060.0,38015406844.0,2.614,2.614,0.0,38602886397.0,212637246.0,defillama_pool_historico,2.5805,2.5805,19546.37,21393.95,52.26,0.0,snapshot_atual_constante_NAO_historico
2025-10-09,38582334275.0,38570167516.0,2.601,2.601,0.0,37170197003.0,205228163.0,defillama_pool_historico,2.5678,2.5678,19546.37,21393.95,52.26,0.0,snapshot_atual_constante_NAO_historico
2025-10-10,37156434409.0,37144690749.0,2.643,2.643,0.0,32690720846.0,182908128.0,defillama_pool_historico,2.6088,2.6088,19546.37,21393.95,52.26,0.0,snapshot_atual_constante_NAO_historico
2025-10-11,32903697855.0,32893642686.0,7.051,7.051,0.0,31714688410.0,175051982.0,defillama_pool_historico,6.8142,6.8142,19546.37,21393.95,52.26,0.0,snapshot_atual_constante_NAO_historico
2025-10-12,31865313101.0,31855856841.0,2.624,2.624,0.0,35153335096.0,193228910.0,defillama_pool_historico,2.5903,2.5903,19546.37,21393.95,52.26,0.0,snapshot_atual_constante_NAO_historico
2025-10-13,35360768886.0,35350259642.0,2.673,2.673,0.0,36190773979.0,198806036.0,defillama_pool_historico,2.638,2.638,19546.37,21393.95,52.26,0.0,snapshot_atual_constante_NAO_historico
2025-10-14,36060987752.0,36049866307.0,2.657,2.657,0.0,34953239533.0,191688928.0,defillama_pool_historico,2.6224,2.6224,19546.37,21393.95,52.26,0.0,snapshot_atual_constante_NAO_historico
2025-10-15,34754797743.0,34744011844.0,2.632,2.632,0.0,33601774576.0,185257397.0,defillama_pool_historico,2.5981,2.5981,19546.37,21393.95,52.26,0.0,snapshot_atual_constante_NAO_historico
2025-10-16,33839877600.0,33829542350.0,2.595,2.595,0.0,32835312989.0,180636677.0,defillama_pool_historico,2.562,2.562,19546.37,21393.95,52.26,0.0,snapshot_atual_constante_NAO_historico
2025-10-17,33314779989.0,33304882900.0,2.674,2.674,0.0,32826883903.0,180488847.0,defillama_pool_historico,2.639,2.639,19546.37,21393.95,52.26,0.0,snapshot_atual_constante_NAO_historico
2025-10-18,32621313470.0,32611560316.0,2.594,2.594,0.0,33008634002.0,181335163.0,defillama_pool_historico,2.561,2.561,19546.37,21393.95,52.26,0.0,snapshot_atual_constante_NAO_historico
2025-10-19,33028481181.0,33018502420.0,2.572,2.572,0.0,34130781600.0,186670383.0,defillama_pool_historico,2.5396,2.5396,19546.37,21393.95,52.26,0.0,snapshot_atual_constante_NAO_historico
2025-10-20,33840526902.0,33830529233.0,2.57,2.57,0.0,33710719906.0,185762240.0,defillama_pool_historico,2.5376,2.5376,19546.37,21393.95,52.26,0.0,snapshot_atual_constante_NAO_historico
2025-10-21,33749508412.0,33739413168.0,2.591,2.591,0.0,33164735768.0,183166743.0,defillama_pool_historico,2.5581,2.5581,19546.37,21393.95,52.26,0.0,snapshot_atual_constante_NAO_historico
2025-10-22,32856301516.0,32846438865.0,2.651,2.651,0.0,31888007929.0,174892971.0,defillama_pool_historico,2.6166,2.6166,19546.37,21393.95,52.26,0.0,snapshot_atual_constante_NAO_historico
2025-10-23,32379983381.0,32370370446.0,2.555,2.555,0.0,32641983586.0,179228595.0,defillama_pool_historico,2.523,2.523,19546.37,21393.95,52.26,0.0,snapshot_atual_constante_NAO_historico
2025-10-24,32736909558.0,32726733008.0,2.539,2.539,0.0,33787930710.0,183251867.0,defillama_pool_historico,2.5074,2.5074,19546.37,21393.95,52.26,0.0,snapshot_atual_constante_NAO_historico
2025-10-25,33820417575.0,33810141865.0,2.544,2.544,0.0,33925852750.0,183697006.0,defillama_pool_historico,2.5123,2.5123,19546.37,21393.95,52.26,0.0,snapshot_atual_constante_NAO_historico
2025-10-26,33946530563.0,33936232429.0,2.511,2.511,0.0,35813182164.0,192282738.0,defillama_pool_historico,2.4801,2.4801,19546.37,21393.95,52.26,0.0,snapshot_atual_constante_NAO_historico
2025-10-27,35822389252.0,35811658004.0,2.581,2.581,0.0,35441457875.0,192555485.0,defillama_pool_historico,2.5483,2.5483,19546.37,21393.95,52.26,0.0,snapshot_atual_constante_NAO_historico
2025-10-28,35367869568.0,35357251709.0,2.529,2.529,0.0,34231758934.0,185748543.0,defillama_pool_historico,2.4976,2.4976,19546.37,21393.95,52.26,0.0,snapshot_atual_constante_NAO_historico
2025-10-29,34265831930.0,34255484839.0,2.529,2.529,0.0,33905176035.0,183910213.0,defillama_pool_historico,2.4976,2.4976,19546.37,21393.95,52.26,0.0,snapshot_atual_constante_NAO_historico
2025-10-30,33631549660.0,33621243628.0,2.569,2.569,0.0,32444290216.0,175687168.0,defillama_pool_historico,2.5366,2.5366,19546.37,21393.95,52.26,0.0,snapshot_atual_constante_NAO_historico
2025-10-31,32634669745.0,32624858714.0,2.568,2.568,0.0,33153029598.0,179820574.0,defillama_pool_historico,2.5357,2.5357,19546.37,21393.95,52.26,0.0,snapshot_atual_constante_NAO_historico
2025-11-01,33122172813.0,33112212012.0,2.534,2.534,0.0,33173687996.0,180080218.0,defillama_pool_historico,2.5025,2.5025,19546.37,21393.95,52.26,0.0,snapshot_atual_constante_NAO_historico
2025-11-02,33200889327.0,33191041971.0,2.496,2.496,0.0,33154154257.0,179792497.0,defillama_pool_historico,2.4654,2.4654,19546.37,21393.95,52.26,0.0,snapshot_atual_constante_NAO_historico
2025-11-03,33101166826.0,33091233850.0,2.79,2.79,0.0,30838337796.0,168229352.0,defillama_pool_historico,2.7519,2.7519,19546.37,21393.95,52.26,0.0,snapshot_atual_constante_NAO_historico
2025-11-04,30889305235.0,30880496792.0,2.671,2.671,0.0,27859529316.0,151336863.0,defillama_pool_historico,2.636,2.636,19546.37,21393.95,52.26,0.0,snapshot_atual_constante_NAO_historico
2025-11-05,28288390752.0,28280107009.0,2.969,2.969,0.0,29646213918.0,159110833.0,defillama_pool_historico,2.9259,2.9259,19546.37,21393.95,52.26,0.0,snapshot_atual_constante_NAO_historico
2025-11-06,29527626256.0,29519008585.0,2.562,2.562,0.0,28569979158.0,153690236.0,defillama_pool_historico,2.5298,2.5298,19546.37,21393.95,52.26,0.0,snapshot_atual_constante_NAO_historico
2025-11-07,28742486566.0,28734127533.0,2.651,2.651,0.0,29764680664.0,159539829.0,defillama_pool_historico,2.6166,2.6166,19546.37,21393.95,52.26,0.0,snapshot_atual_constante_NAO_historico
2025-11-08,29629451403.0,29620807745.0,2.598,2.598,0.0,29312767255.0,157399519.0,defillama_pool_historico,2.5649,2.5649,19546.37,21393.95,52.26,0.0,snapshot_atual_constante_NAO_historico
2025-11-09,29339506059.0,29331066015.0,2.508,2.508,0.0,30858958148.0,165322246.0,defillama_pool_historico,2.4771,2.4771,19546.37,21393.95,52.26,0.0,snapshot_atual_constante_NAO_historico
2025-11-10,31343080912.0,31334158075.0,2.58,2.58,0.0,30667169586.0,163872285.0,defillama_pool_historico,2.5474,2.5474,19546.37,21393.95,52.26,0.0,snapshot_atual_constante_NAO_historico
2025-11-11,30721585865.0,30712695928.0,2.624,2.624,0.0,29629300927.0,157402823.0,defillama_pool_historico,2.5903,2.5903,19546.37,21393.95,52.26,0.0,snapshot_atual_constante_NAO_historico
2025-11-12,29513724269.0,29505460236.0,2.537,2.537,0.0,29458035874.0,157818767.0,defillama_pool_historico,2.5054,2.5054,19546.37,21393.95,52.26,0.0,snapshot_atual_constante_NAO_historico
2025-11-13,29456160632.0,29447988835.0,2.55,2.55,0.0,27737219994.0,148865407.0,defillama_pool_historico,2.5181,2.5181,19546.37,21393.95,52.26,0.0,snapshot_atual_constante_NAO_historico
2025-11-14,27574485533.0,27566819867.0,2.766,2.766,0.0,27340172593.0,145100718.0,defillama_pool_historico,2.7285,2.7285,19546.37,21393.95,52.26,0.0,snapshot_atual_constante_NAO_historico
2025-11-15,27114350510.0,27106812300.0,2.618,2.618,0.0,27358729047.0,145543666.0,defillama_pool_historico,2.5844,2.5844,19546.37,21393.95,52.26,0.0,snapshot_atual_constante_NAO_historico
2025-11-16,27392520883.0,27385064206.0,2.545,2.545,0.0,26649050241.0,141649218.0,defillama_pool_historico,2.5132,2.5132,19546.37,21393.95,52.26,0.0,snapshot_atual_constante_NAO_historico
2025-11-17,26923026340.0,26915660148.0,2.657,2.657,0.0,26028572158.0,138935006.0,defillama_pool_historico,2.6224,2.6224,19546.37,21393.95,52.26,0.0,snapshot_atual_constante_NAO_historico
2025-11-18,26141620431.0,26134605890.0,2.768,2.768,0.0,26888972133.0,143600440.0,defillama_pool_historico,2.7305,2.7305,19546.37,21393.95,52.26,0.0,snapshot_atual_constante_NAO_historico
2025-11-19,26624796649.0,26617316782.0,2.598,2.598,0.0,25562021647.0,137011011.0,defillama_pool_historico,2.5649,2.5649,19546.37,21393.95,52.26,0.0,snapshot_atual_constante_NAO_historico
2025-11-20,26105966390.0,26098646040.0,2.988,2.988,0.0,24968339502.0,132253088.0,defillama_pool_historico,2.9443,2.9443,19546.37,21393.95,52.26,0.0,snapshot_atual_constante_NAO_historico
2025-11-21,24645798345.0,24638624127.0,3.498,3.498,0.0,23463883416.0,126207530.0,defillama_pool_historico,3.4384,3.4384,19546.37,21393.95,52.26,0.0,snapshot_atual_constante_NAO_historico
2025-11-22,23881095913.0,23874235252.0,2.697,2.697,0.0,24113964136.0,127035941.0,defillama_pool_historico,2.6614,2.6614,19546.37,21393.95,52.26,0.0,snapshot_atual_constante_NAO_historico
2025-11-23,24057154724.0,24050310244.0,2.544,2.544,0.0,24430964577.0,130243838.0,defillama_pool_historico,2.5123,2.5123,19546.37,21393.95,52.26,0.0,snapshot_atual_constante_NAO_historico
2025-11-24,24211648588.0,24204673917.0,2.545,2.545,0.0,25667734292.0,136106476.0,defillama_pool_historico,2.5132,2.5132,19546.37,21393.95,52.26,0.0,snapshot_atual_constante_NAO_historico
2025-11-25,25377356235.0,25370010155.0,2.555,2.555,0.0,25627609170.0,135501292.0,defillama_pool_historico,2.523,2.523,19546.37,21393.95,52.26,0.0,snapshot_atual_constante_NAO_historico
2025-11-26,25520309102.0,25512903014.0,2.556,2.556,0.0,26082024487.0,135787244.0,defillama_pool_historico,2.524,2.524,19546.37,21393.95,52.26,0.0,snapshot_atual_constante_NAO_historico
2025-11-27,26037888453.0,26030325045.0,2.649,2.649,0.0,26101588736.0,135295019.0,defillama_pool_historico,2.6146,2.6146,19546.37,21393.95,52.26,0.0,snapshot_atual_constante_NAO_historico
2025-11-28,26050087951.0,26042591743.0,2.576,2.576,0.0,26104922000.0,136315111.0,defillama_pool_historico,2.5435,2.5435,19546.37,21393.95,52.26,0.0,snapshot_atual_constante_NAO_historico
2025-11-29,26200613956.0,26193310832.0,2.567,2.567,0.0,25783141341.0,134059349.0,defillama_pool_historico,2.5347,2.5347,19546.37,21393.95,52.26,0.0,snapshot_atual_constante_NAO_historico
2025-11-30,25882628596.0,25875410189.0,2.531,2.531,0.0,26140036491.0,135857943.0,defillama_pool_historico,2.4996,2.4996,19546.37,21393.95,52.26,0.0,snapshot_atual_constante_NAO_historico
2025-12-01,25788980108.0,25781960262.0,2.628,2.628,0.0,24266045201.0,125675448.0,defillama_pool_historico,2.5942,2.5942,19546.37,21393.95,52.26,0.0,snapshot_atual_constante_NAO_historico
2025-12-02,24184394859.0,24177634260.0,2.613,2.613,0.0,26076624899.0,134431165.0,defillama_pool_historico,2.5795,2.5795,19546.37,21393.95,52.26,0.0,snapshot_atual_constante_NAO_historico
2025-12-03,25967421077.0,25960073583.0,2.654,2.654,0.0,27538013593.0,141988443.0,defillama_pool_historico,2.6195,2.6195,19546.37,21393.95,52.26,0.0,snapshot_atual_constante_NAO_historico
2025-12-04,27658243253.0,27650564664.0,2.364,2.364,0.0,27218749901.0,141004950.0,defillama_pool_historico,2.3366,2.3366,19546.37,21393.95,52.26,0.0,snapshot_atual_constante_NAO_historico
2025-12-05,27100328126.0,27092946707.0,2.546,2.546,0.0,26241030112.0,135865410.0,defillama_pool_historico,2.5142,2.5142,19546.37,21393.95,52.26,0.0,snapshot_atual_constante_NAO_historico
2025-12-06,26141320479.0,26134239273.0,2.52,2.52,0.0,26374745386.0,136706702.0,defillama_pool_historico,2.4889,2.4889,19546.37,21393.95,52.26,0.0,snapshot_atual_constante_NAO_historico
2025-12-07,26339685200.0,26332654202.0,2.519,2.519,0.0,26448109090.0,136728978.0,defillama_pool_historico,2.4879,2.4879,19546.37,21393.95,52.26,0.0,snapshot_atual_constante_NAO_historico
2025-12-08,26510765126.0,26503744199.0,2.573,2.573,0.0,27230130748.0,140386405.0,defillama_pool_historico,2.5405,2.5405,19546.37,21393.95,52.26,0.0,snapshot_atual_constante_NAO_historico
2025-12-09,27315525174.0,27308431237.0,2.53,2.53,0.0,29118157411.0,148475488.0,defillama_pool_historico,2.4986,2.4986,19546.37,21393.95,52.26,0.0,snapshot_atual_constante_NAO_historico
2025-12-10,29048323130.0,29040973278.0,2.558,2.558,0.0,29159140538.0,149112022.0,defillama_pool_historico,2.5259,2.5259,19546.37,21393.95,52.26,0.0,snapshot_atual_constante_NAO_historico
2025-12-11,29040122551.0,29032880445.0,2.538,2.538,0.0,28406526897.0,145378889.0,defillama_pool_historico,2.5064,2.5064,19546.37,21393.95,52.26,0.0,snapshot_atual_constante_NAO_historico
2025-12-12,28360668737.0,28353720267.0,2.525,2.525,0.0,27063847112.0,138660290.0,defillama_pool_historico,2.4937,2.4937,19546.37,21393.95,52.26,0.0,snapshot_atual_constante_NAO_historico
2025-12-13,27017964206.0,27011210317.0,2.534,2.534,0.0,27225348497.0,139605839.0,defillama_pool_historico,2.5025,2.5025,19546.37,21393.95,52.26,0.0,snapshot_atual_constante_NAO_historico
2025-12-14,27328348243.0,27321555342.0,2.499,2.499,0.0,26983186934.0,137647858.0,defillama_pool_historico,2.4684,2.4684,19546.37,21393.95,52.26,0.0,snapshot_atual_constante_NAO_historico
2025-12-15,26969933558.0,26963315785.0,2.506,2.506,0.0,25784180548.0,131859891.0,defillama_pool_historico,2.4752,2.4752,19546.37,21393.95,52.26,0.0,snapshot_atual_constante_NAO_historico
2025-12-16,26040051674.0,26033552809.0,2.572,2.572,0.0,25911760027.0,132482062.0,defillama_pool_historico,2.5396,2.5396,19546.37,21393.95,52.26,0.0,snapshot_atual_constante_NAO_historico
2025-12-17,25931483877.0,25924964864.0,2.54,2.54,0.0,24806562536.0,126791089.0,defillama_pool_historico,2.5084,2.5084,19546.37,21393.95,52.26,0.0,snapshot_atual_constante_NAO_historico
2025-12-18,24863479799.0,24857220288.0,2.569,2.569,0.0,24792991816.0,126649976.0,defillama_pool_historico,2.5366,2.5366,19546.37,21393.95,52.26,0.0,snapshot_atual_constante_NAO_historico
2025-12-19,24834807142.0,24828751481.0,2.784,2.784,0.0,26090945582.0,133857015.0,defillama_pool_historico,2.7461,2.7461,19546.37,21393.95,52.26,0.0,snapshot_atual_constante_NAO_historico
2025-12-20,26100119862.0,26093731868.0,2.563,2.563,0.0,26069898424.0,133356892.0,defillama_pool_historico,2.5308,2.5308,19546.37,21393.95,52.26,0.0,snapshot_atual_constante_NAO_historico
2025-12-21,26089173880.0,26082801578.0,2.529,2.529,0.0,26100437633.0,133826845.0,defillama_pool_historico,2.4976,2.4976,19546.37,21393.95,52.26,0.0,snapshot_atual_constante_NAO_historico
2025-12-22,26542091330.0,26535662636.0,2.55,2.55,0.0,26459353469.0,133857161.0,defillama_pool_historico,2.5181,2.5181,19546.37,21393.95,52.26,0.0,snapshot_atual_constante_NAO_historico
2025-12-23,26415569672.0,26409202027.0,2.56,2.56,0.0,26015256157.0,132722280.0,defillama_pool_historico,2.5279,2.5279,19546.37,21393.95,52.26,0.0,snapshot_atual_constante_NAO_historico
2025-12-24,26004751520.0,25998489737.0,2.54,2.54,0.0,25947240863.0,131596602.0,defillama_pool_historico,2.5084,2.5084,19546.37,21393.95,52.26,0.0,snapshot_atual_constante_NAO_historico
2025-12-25,25867664909.0,25861472429.0,2.552,2.552,0.0,25740184420.0,131734403.0,defillama_pool_historico,2.5201,2.5201,19546.37,21393.95,52.26,0.0,snapshot_atual_constante_NAO_historico
2025-12-26,25665780433.0,25659678362.0,2.556,2.556,0.0,25684338500.0,131020557.0,defillama_pool_historico,2.524,2.524,19546.37,21393.95,52.26,0.0,snapshot_atual_constante_NAO_historico
2025-12-27,25728454954.0,25722285056.0,2.531,2.531,0.0,25748098148.0,131787294.0,defillama_pool_historico,2.4996,2.4996,19546.37,21393.95,52.26,0.0,snapshot_atual_constante_NAO_historico
2025-12-28,25873869987.0,25867575807.0,2.531,2.531,0.0,25790012028.0,131633692.0,defillama_pool_historico,2.4996,2.4996,19546.37,21393.95,52.26,0.0,snapshot_atual_constante_NAO_historico
2025-12-29,25950070625.0,25943734623.0,2.545,2.545,0.0,25817937700.0,131453615.0,defillama_pool_historico,2.5132,2.5132,19546.37,21393.95,52.26,0.0,snapshot_atual_constante_NAO_historico
2025-12-30,25810834242.0,25804616612.0,2.544,2.544,0.0,26116659097.0,132719119.0,defillama_pool_historico,2.5123,2.5123,19546.37,21393.95,52.26,0.0,snapshot_atual_constante_NAO_historico
2025-12-31,26091672725.0,26085368796.0,2.572,2.572,0.0,26190298274.0,133519075.0,defillama_pool_historico,2.5396,2.5396,19546.37,21393.95,52.26,0.0,snapshot_atual_constante_NAO_historico
2026-01-01,26203169488.0,26196864364.0,2.545,2.545,0.0,26403576808.0,133910292.0,defillama_pool_historico,2.5132,2.5132,19546.37,21393.95,52.26,0.0,snapshot_atual_constante_NAO_historico
2026-01-02,26477778323.0,26471371895.0,2.549,2.549,0.0,27679953237.0,140203326.0,defillama_pool_historico,2.5171,2.5171,19546.37,21393.95,52.26,0.0,snapshot_atual_constante_NAO_historico
2026-01-03,27667195525.0,27660476423.0,2.549,2.549,0.0,27569469165.0,139607108.0,defillama_pool_historico,2.5171,2.5171,19546.37,21393.95,52.26,0.0,snapshot_atual_constante_NAO_historico
2026-01-04,27794390579.0,27787618577.0,2.503,2.503,0.0,27747134849.0,140676261.0,defillama_pool_historico,2.4723,2.4723,19546.37,21393.95,52.26,0.0,snapshot_atual_constante_NAO_historico
2026-01-05,27887010135.0,27880221358.0,2.509,2.509,0.0,28714044884.0,144998654.0,defillama_pool_historico,2.4781,2.4781,19546.37,21393.95,52.26,0.0,snapshot_atual_constante_NAO_historico
2026-01-06,28422227166.0,28415312108.0,2.538,2.538,0.0,29030844981.0,146444333.0,defillama_pool_historico,2.5064,2.5064,19546.37,21393.95,52.26,0.0,snapshot_atual_constante_NAO_historico
2026-01-07,28947240293.0,28940170879.0,2.54,2.54,0.0,27919771802.0,140937784.0,defillama_pool_historico,2.5084,2.5084,19546.37,21393.95,52.26,0.0,snapshot_atual_constante_NAO_historico
2026-01-08,28081124611.0,28074221141.0,2.512,2.512,0.0,27738340529.0,139262806.0,defillama_pool_historico,2.4811,2.4811,19546.37,21393.95,52.26,0.0,snapshot_atual_constante_NAO_historico
2026-01-09,27667339617.0,27660326619.0,2.512,2.512,0.0,27419195610.0,137408894.0,defillama_pool_historico,2.4811,2.4811,19546.37,21393.95,52.26,0.0,snapshot_atual_constante_NAO_historico
2026-01-10,27489301646.0,27482425159.0,2.501,2.501,0.0,27490833584.0,137730203.0,defillama_pool_historico,2.4703,2.4703,19546.37,21393.95,52.26,0.0,snapshot_atual_constante_NAO_historico
2026-01-11,27477892018.0,27471030657.0,2.462,2.462,0.0,27717855529.0,138488598.0,defillama_pool_historico,2.4323,2.4323,19546.37,21393.95,52.26,0.0,snapshot_atual_constante_NAO_historico
2026-01-12,27818256501.0,27811227029.0,2.462,2.462,0.0,27651395785.0,137898656.0,defillama_pool_historico,2.4323,2.4323,19546.37,21393.95,52.26,0.0,snapshot_atual_constante_NAO_historico
2026-01-13,27603662635.0,27596632540.0,2.473,2.473,0.0,29516236822.0,146470487.0,defillama_pool_historico,2.443,2.443,19546.37,21393.95,52.26,0.0,snapshot_atual_constante_NAO_historico
2026-01-14,29713729061.0,29706410142.0,2.488,2.488,0.0,30022626379.0,149775970.0,defillama_pool_historico,2.4576,2.4576,19546.37,21393.95,52.26,0.0,snapshot_atual_constante_NAO_historico
2026-01-15,29816023320.0,29808663536.0,2.47,2.47,0.0,29542296780.0,146996496.0,defillama_pool_historico,2.4401,2.4401,19546.37,21393.95,52.26,0.0,snapshot_atual_constante_NAO_historico
2026-01-16,29633488380.0,29626310631.0,2.455,2.455,0.0,29433694645.0,146440369.0,defillama_pool_historico,2.4254,2.4254,19546.37,21393.95,52.26,0.0,snapshot_atual_constante_NAO_historico
2026-01-17,29462348444.0,29455072741.0,2.45,2.45,0.0,29689064107.0,147476980.0,defillama_pool_historico,2.4205,2.4205,19546.37,21393.95,52.26,0.0,snapshot_atual_constante_NAO_historico
2026-01-18,29693261082.0,29686038442.0,2.433,2.433,0.0,30131145687.0,149048275.0,defillama_pool_historico,2.404,2.404,19546.37,21393.95,52.26,0.0,snapshot_atual_constante_NAO_historico
2026-01-19,28982804284.0,28976070655.0,2.471,2.471,0.0,29113694251.0,142989399.0,defillama_pool_historico,2.441,2.441,19546.37,21393.95,52.26,0.0,snapshot_atual_constante_NAO_historico
2026-01-20,29074391063.0,29067641909.0,2.427,2.427,0.0,27043461562.0,132930307.0,defillama_pool_historico,2.3981,2.3981,19546.37,21393.95,52.26,0.0,snapshot_atual_constante_NAO_historico
2026-01-21,26926177671.0,26919803527.0,2.43,2.43,0.0,28027036631.0,135361872.0,defillama_pool_historico,2.401,2.401,19546.37,21393.95,52.26,0.0,snapshot_atual_constante_NAO_historico
2026-01-22,27528984249.0,27522425716.0,2.4,2.4,0.0,27483361533.0,131411782.0,defillama_pool_historico,2.3717,2.3717,19546.37,21393.95,52.26,0.0,snapshot_atual_constante_NAO_historico
2026-01-23,27508988372.0,27502494293.0,2.357,2.357,0.0,27586760688.0,131432629.0,defillama_pool_historico,2.3297,2.3297,19546.37,21393.95,52.26,0.0,snapshot_atual_constante_NAO_historico
2026-01-24,27635076733.0,27628630226.0,2.327,2.327,0.0,27704695386.0,131671001.0,defillama_pool_historico,2.3004,2.3004,19546.37,21393.95,52.26,0.0,snapshot_atual_constante_NAO_historico
2026-01-25,27641753018.0,27635317228.0,2.344,2.344,0.0,26448027293.0,125062730.0,defillama_pool_historico,2.317,2.317,19546.37,21393.95,52.26,0.0,snapshot_atual_constante_NAO_historico
2026-01-26,26649771928.0,26643716678.0,2.386,2.386,0.0,27575465792.0,130179523.0,defillama_pool_historico,2.3581,2.3581,19546.37,21393.95,52.26,0.0,snapshot_atual_constante_NAO_historico
2026-01-27,27495401950.0,27489120287.0,2.352,2.352,0.0,28440779078.0,133772464.0,defillama_pool_historico,2.3248,2.3248,19546.37,21393.95,52.26,0.0,snapshot_atual_constante_NAO_historico
2026-01-28,28551817399.0,28545387751.0,2.313,2.313,0.0,28589572430.0,134060930.0,defillama_pool_historico,2.2867,2.2867,19546.37,21393.95,52.26,0.0,snapshot_atual_constante_NAO_historico
2026-01-29,28543082749.0,28536777663.0,2.299,2.299,0.0,26905181820.0,125221941.0,defillama_pool_historico,2.273,2.273,19546.37,21393.95,52.26,0.0,snapshot_atual_constante_NAO_historico
2026-01-30,27049924851.0,27043982313.0,2.431,2.431,0.0,25849834003.0,119699054.0,defillama_pool_historico,2.402,2.402,19546.37,21393.95,52.26,0.0,snapshot_atual_constante_NAO_historico
2026-01-31,25945545528.0,25939613956.0,2.386,2.386,0.0,23152356381.0,107016006.0,defillama_pool_historico,2.3581,2.3581,19546.37,21393.95,52.26,0.0,snapshot_atual_constante_NAO_historico
2026-02-01,23722662579.0,23717284548.0,3.617,3.617,0.0,22231466677.0,102983460.0,defillama_pool_historico,3.5533,3.5533,19546.37,21393.95,52.26,0.0,snapshot_atual_constante_NAO_historico
2026-02-02,22124035742.0,22118848237.0,2.569,2.569,0.0,22489535437.0,103447263.0,defillama_pool_historico,2.5366,2.5366,19546.37,21393.95,52.26,0.0,snapshot_atual_constante_NAO_historico
2026-02-03,22422901673.0,22417620584.0,2.331,2.331,0.0,21575519453.0,100374441.0,defillama_pool_historico,2.3043,2.3043,19546.37,21393.95,52.26,0.0,snapshot_atual_constante_NAO_historico
2026-02-04,21432785743.0,21427815388.0,2.454,2.454,0.0,20332473382.0,93727782.0,defillama_pool_historico,2.4245,2.4245,19546.37,21393.95,52.26,0.0,snapshot_atual_constante_NAO_historico
2026-02-05,20578432033.0,20573749629.0,2.575,2.575,0.0,17987969919.0,82251128.0,defillama_pool_historico,2.5425,2.5425,19546.37,21393.95,52.26,0.0,snapshot_atual_constante_NAO_historico
2026-02-06,17021668592.0,17017877207.0,3.878,3.878,0.0,19839754263.0,91155135.0,defillama_pool_historico,3.8049,3.8049,19546.37,21393.95,52.26,0.0,snapshot_atual_constante_NAO_historico
2026-02-07,19744031006.0,19739540277.0,2.456,2.456,0.0,20022018681.0,92648408.0,defillama_pool_historico,2.4264,2.4264,19546.37,21393.95,52.26,0.0,snapshot_atual_constante_NAO_historico
2026-02-08,19976782143.0,19972321411.0,2.462,2.462,0.0,20029998886.0,92988165.0,defillama_pool_historico,2.4323,2.4323,19546.37,21393.95,52.26,0.0,snapshot_atual_constante_NAO_historico
2026-02-09,19929141311.0,19924708883.0,2.326,2.326,0.0,20164931177.0,93727205.0,defillama_pool_historico,2.2994,2.2994,19546.37,21393.95,52.26,0.0,snapshot_atual_constante_NAO_historico
2026-02-10,20115342366.0,20110929695.0,2.311,2.311,0.0,19323305448.0,89208968.0,defillama_pool_historico,2.2848,2.2848,19546.37,21393.95,52.26,0.0,snapshot_atual_constante_NAO_historico
2026-02-11,19397045120.0,19392820110.0,2.351,2.351,0.0,18697051768.0,86923263.0,defillama_pool_historico,2.3239,2.3239,19546.37,21393.95,52.26,0.0,snapshot_atual_constante_NAO_historico
2026-02-12,18629554631.0,18625493966.0,2.379,2.379,0.0,18550762032.0,85349529.0,defillama_pool_historico,2.3512,2.3512,19546.37,21393.95,52.26,0.0,snapshot_atual_constante_NAO_historico
2026-02-13,18594744318.0,18590729209.0,2.326,2.326,0.0,19566998359.0,90544233.0,defillama_pool_historico,2.2994,2.2994,19546.37,21393.95,52.26,0.0,snapshot_atual_constante_NAO_historico
2026-02-14,19571083055.0,19566784785.0,2.356,2.356,0.0,19910900407.0,92367180.0,defillama_pool_historico,2.3287,2.3287,19546.37,21393.95,52.26,0.0,snapshot_atual_constante_NAO_historico
2026-02-15,19886517559.0,19882019740.0,2.283,2.283,0.0,18616693844.0,86824011.0,defillama_pool_historico,2.2574,2.2574,19546.37,21393.95,52.26,0.0,snapshot_atual_constante_NAO_historico
2026-02-16,18701008432.0,18696631996.0,2.389,2.389,0.0,18913263436.0,88126888.0,defillama_pool_historico,2.361,2.361,19546.37,21393.95,52.26,0.0,snapshot_atual_constante_NAO_historico
2026-02-17,18946769414.0,18942372800.0,2.306,2.306,0.0,18924478031.0,88447566.0,defillama_pool_historico,2.2799,2.2799,19546.37,21393.95,52.26,0.0,snapshot_atual_constante_NAO_historico
2026-02-18,18904869556.0,18900577731.0,2.316,2.316,0.0,18391332987.0,86144475.0,defillama_pool_historico,2.2897,2.2897,19546.37,21393.95,52.26,0.0,snapshot_atual_constante_NAO_historico
2026-02-19,18526525601.0,18522410898.0,2.319,2.319,0.0,18396776323.0,86115175.0,defillama_pool_historico,2.2926,2.2926,19546.37,21393.95,52.26,0.0,snapshot_atual_constante_NAO_historico
2026-02-20,18469475515.0,18465317570.0,2.339,2.339,0.0,18630671295.0,87039264.0,defillama_pool_historico,2.3121,2.3121,19546.37,21393.95,52.26,0.0,snapshot_atual_constante_NAO_historico
2026-02-21,18639761626.0,18635494166.0,2.306,2.306,0.0,18750315920.0,87198346.0,defillama_pool_historico,2.2799,2.2799,19546.37,21393.95,52.26,0.0,snapshot_atual_constante_NAO_historico
2026-02-22,18695553919.0,18691270113.0,2.302,2.302,0.0,18425585415.0,86187474.0,defillama_pool_historico,2.276,2.276,19546.37,21393.95,52.26,0.0,snapshot_atual_constante_NAO_historico
2026-02-23,18494244937.0,18490087387.0,2.32,2.32,0.0,17569402070.0,82393448.0,defillama_pool_historico,2.2936,2.2936,19546.37,21393.95,52.26,0.0,snapshot_atual_constante_NAO_historico
2026-02-24,17590287119.0,17586335836.0,2.367,2.367,0.0,17508778309.0,80484041.0,defillama_pool_historico,2.3395,2.3395,19546.37,21393.95,52.26,0.0,snapshot_atual_constante_NAO_historico
2026-02-25,17484371341.0,17480379458.0,2.334,2.334,0.0,19675878702.0,90592600.0,defillama_pool_historico,2.3073,2.3073,19546.37,21393.95,52.26,0.0,snapshot_atual_constante_NAO_historico
2026-02-26,19396423891.0,19391972714.0,2.393,2.393,0.0,19120221727.0,87370214.0,defillama_pool_historico,2.3649,2.3649,19546.37,21393.95,52.26,0.0,snapshot_atual_constante_NAO_historico
2026-02-27,19114056392.0,19109720345.0,2.326,2.326,0.0,18100072658.0,82892034.0,defillama_pool_historico,2.2994,2.2994,19546.37,21393.95,52.26,0.0,snapshot_atual_constante_NAO_historico
2026-02-28,18174505188.0,18170379372.0,2.363,2.363,0.0,18505994790.0,84800172.0,defillama_pool_historico,2.3356,2.3356,19546.37,21393.95,52.26,0.0,snapshot_atual_constante_NAO_historico
2026-03-01,18456216069.0,18451939373.0,2.356,2.356,0.0,18213439986.0,83150269.0,defillama_pool_historico,2.3287,2.3287,19546.37,21393.95,52.26,0.0,snapshot_atual_constante_NAO_historico
2026-03-02,18299842898.0,18295632398.0,2.379,2.379,0.0,19254649842.0,88220778.0,defillama_pool_historico,2.3512,2.3512,19546.37,21393.95,52.26,0.0,snapshot_atual_constante_NAO_historico
2026-03-03,19117128438.0,19112767527.0,2.501,2.501,0.0,18527131258.0,85262777.0,defillama_pool_historico,2.4703,2.4703,19546.37,21393.95,52.26,0.0,snapshot_atual_constante_NAO_historico
2026-03-04,18499092314.0,18494716002.0,2.519,2.519,0.0,19812278879.0,92763833.0,defillama_pool_historico,2.4879,2.4879,19546.37,21393.95,52.26,0.0,snapshot_atual_constante_NAO_historico
2026-03-05,19762266803.0,19757694950.0,2.438,2.438,0.0,19226712087.0,89730989.0,defillama_pool_historico,2.4088,2.4088,19546.37,21393.95,52.26,0.0,snapshot_atual_constante_NAO_historico
2026-03-06,19189911209.0,19185450693.0,2.34,2.34,0.0,18302451735.0,85559047.0,defillama_pool_historico,2.3131,2.3131,19546.37,21393.95,52.26,0.0,snapshot_atual_constante_NAO_historico
2026-03-07,18277609683.0,18273353793.0,2.332,2.332,0.0,18177090725.0,85673960.0,defillama_pool_historico,2.3053,2.3053,19546.37,21393.95,52.26,0.0,snapshot_atual_constante_NAO_historico
2026-03-08,18193395444.0,18189209393.0,2.338,2.338,0.0,17961033353.0,86092008.33,sem_dado,2.3112,2.3112,19546.37,21393.95,52.26,0.0,snapshot_atual_constante_NAO_historico
2026-03-09,17978656961.0,17974495567.0,2.371,2.371,0.0,18459971862.0,86510056.67,sem_dado,2.3434,2.3434,19546.37,21393.95,52.26,0.0,snapshot_atual_constante_NAO_historico
2026-03-10,18473289181.0,18468996646.0,2.384,2.384,0.0,18678517241.0,86928105.0,defillama_pool_historico,2.3561,2.3561,19546.37,21393.95,52.26,0.0,snapshot_atual_constante_NAO_historico
2026-03-11,18836554697.0,18832236115.0,2.43,2.43,0.0,19027269889.0,88469863.0,defillama_pool_historico,2.401,2.401,19546.37,21393.95,52.26,0.0,snapshot_atual_constante_NAO_historico
2026-03-12,18944391298.0,18940033241.0,2.464,2.464,0.0,18977173557.0,88354654.0,defillama_pool_historico,2.4342,2.4342,19546.37,21393.95,52.26,0.0,snapshot_atual_constante_NAO_historico
2026-03-13,19347154063.0,19342664719.0,4.568,4.568,0.0,19169047136.0,89178131.0,defillama_pool_historico,4.467,4.467,19546.37,21393.95,52.26,0.0,snapshot_atual_constante_NAO_historico
2026-03-14,19259126693.0,19254707141.0,2.412,2.412,0.0,19152262698.0,89201657.0,defillama_pool_historico,2.3834,2.3834,19546.37,21393.95,52.26,0.0,snapshot_atual_constante_NAO_historico
2026-03-15,19213325544.0,19208912307.0,2.372,2.372,0.0,19962892307.0,92262327.0,defillama_pool_historico,2.3444,2.3444,19546.37,21393.95,52.26,0.0,snapshot_atual_constante_NAO_historico
2026-03-16,19946945318.0,19942334427.0,2.512,2.512,0.0,21711206042.0,100865195.0,defillama_pool_historico,2.4811,2.4811,19546.37,21393.95,52.26,0.0,snapshot_atual_constante_NAO_historico
2026-03-17,21663118328.0,21658293903.0,2.408,2.408,0.0,21352820748.0,99573096.0,defillama_pool_historico,2.3795,2.3795,19546.37,21393.95,52.26,0.0,snapshot_atual_constante_NAO_historico
2026-03-18,21345683804.0,21340912878.0,2.387,2.387,0.0,20199105328.0,94119539.0,defillama_pool_historico,2.359,2.359,19546.37,21393.95,52.26,0.0,snapshot_atual_constante_NAO_historico
2026-03-19,20389041084.0,20384523526.0,2.456,2.456,0.0,19786603356.0,91774424.0,defillama_pool_historico,2.4264,2.4264,19546.37,21393.95,52.26,0.0,snapshot_atual_constante_NAO_historico
2026-03-20,19738092918.0,19733612449.0,2.447,2.447,0.0,19852582547.0,91958687.0,defillama_pool_historico,2.4176,2.4176,19546.37,21393.95,52.26,0.0,snapshot_atual_constante_NAO_historico
2026-03-21,19778104090.0,19773593922.0,2.382,2.382,0.0,19743823926.0,91770966.0,defillama_pool_historico,2.3541,2.3541,19546.37,21393.95,52.26,0.0,snapshot_atual_constante_NAO_historico
2026-03-22,19135445843.0,19131083885.0,2.928,2.928,0.0,18763094759.0,87483368.0,defillama_pool_historico,2.8861,2.8861,19546.37,21393.95,52.26,0.0,snapshot_atual_constante_NAO_historico
2026-03-23,18855135858.0,18850808128.0,2.499,2.499,0.0,19761025070.0,91689621.0,defillama_pool_historico,2.4684,2.4684,19546.37,21393.95,52.26,0.0,snapshot_atual_constante_NAO_historico
2026-03-24,19697635615.0,19693061744.0,2.443,2.443,0.0,19717508855.0,91706365.0,defillama_pool_historico,2.4137,2.4137,19546.37,21393.95,52.26,0.0,snapshot_atual_constante_NAO_historico
2026-03-25,19864241938.0,19859657228.0,2.425,2.425,0.0,19842698181.0,92449394.0,defillama_pool_historico,2.3961,2.3961,19546.37,21393.95,52.26,0.0,snapshot_atual_constante_NAO_historico
2026-03-26,19875845066.0,19871257950.0,2.455,2.455,0.0,18955321206.0,88024520.0,defillama_pool_historico,2.4254,2.4254,19546.37,21393.95,52.26,0.0,snapshot_atual_constante_NAO_historico
2026-03-27,18827443963.0,18823125185.0,2.462,2.462,0.0,18238284039.0,84642195.0,defillama_pool_historico,2.4323,2.4323,19546.37,21393.95,52.26,0.0,snapshot_atual_constante_NAO_historico
2026-03-28,18311443686.0,18307283325.0,2.406,2.406,0.0,18451341645.0,86046509.0,defillama_pool_historico,2.3776,2.3776,19546.37,21393.95,52.26,0.0,snapshot_atual_constante_NAO_historico
2026-03-29,18328731186.0,18324608857.0,2.384,2.384,0.0,18131957303.0,85386376.0,defillama_pool_historico,2.3561,2.3561,19546.37,21393.95,52.26,0.0,snapshot_atual_constante_NAO_historico
2026-03-30,18235284778.0,18231193439.0,2.41,2.41,0.0,18726113839.0,86319770.0,defillama_pool_historico,2.3815,2.3815,19546.37,21393.95,52.26,0.0,snapshot_atual_constante_NAO_historico
2026-03-31,18609641628.0,18605507730.0,2.421,2.421,0.0,19331329288.0,88930651.0,defillama_pool_historico,2.3922,2.3922,19546.37,21393.95,52.26,0.0,snapshot_atual_constante_NAO_historico
2026-04-01,19385379185.0,19381197656.0,2.434,2.434,0.0,19831173985.0,90937058.0,defillama_pool_historico,2.4049,2.4049,19546.37,21393.95,52.26,0.0,snapshot_atual_constante_NAO_historico
2026-04-02,19784016607.0,19779927292.0,2.521,2.521,0.0,19076234220.0,87471818.0,defillama_pool_historico,2.4898,2.4898,19546.37,21393.95,52.26,0.0,snapshot_atual_constante_NAO_historico
2026-04-03,19014927904.0,19010936793.0,2.412,2.412,0.0,19017515514.0,87086917.0,defillama_pool_historico,2.3834,2.3834,19546.37,21393.95,52.26,0.0,snapshot_atual_constante_NAO_historico
2026-04-04,19047673754.0,19043623764.0,2.367,2.367,0.0,19232967738.0,87448525.0,defillama_pool_historico,2.3395,2.3395,19546.37,21393.95,52.26,0.0,snapshot_atual_constante_NAO_historico
2026-04-05,19193132001.0,19189061194.0,2.366,2.366,0.0,19346858310.0,87417734.0,defillama_pool_historico,2.3385,2.3385,19546.37,21393.95,52.26,0.0,snapshot_atual_constante_NAO_historico
2026-04-06,19795123847.0,19790964500.0,2.383,2.383,0.0,19740314124.0,90649354.0,defillama_pool_historico,2.3551,2.3551,19546.37,21393.95,52.26,0.0,snapshot_atual_constante_NAO_historico
2026-04-07,19737038477.0,19733014265.0,2.401,2.401,0.0,20715088078.0,92089311.0,defillama_pool_historico,2.3727,2.3727,19546.37,21393.95,52.26,0.0,snapshot_atual_constante_NAO_historico
2026-04-08,20901391598.0,20897128910.0,2.423,2.423,0.0,20542820790.0,93100948.0,defillama_pool_historico,2.3942,2.3942,19546.37,21393.95,52.26,0.0,snapshot_atual_constante_NAO_historico
2026-04-09,20469602429.0,20465462415.0,2.358,2.358,0.0,20883508263.0,93440746.0,defillama_pool_historico,2.3307,2.3307,19546.37,21393.95,52.26,0.0,snapshot_atual_constante_NAO_historico
2026-04-10,20647874307.0,20643692086.0,2.378,2.378,0.0,21085535262.0,94684611.0,defillama_pool_historico,2.3502,2.3502,19546.37,21393.95,52.26,0.0,snapshot_atual_constante_NAO_historico
2026-04-11,21076937862.0,21072673536.0,2.367,2.367,0.0,21509974947.0,97140377.0,defillama_pool_historico,2.3395,2.3395,19546.37,21393.95,52.26,0.0,snapshot_atual_constante_NAO_historico
2026-04-12,21484367870.0,21480111929.0,2.359,2.359,0.0,20591041646.0,92942959.0,defillama_pool_historico,2.3317,2.3317,19546.37,21393.95,52.26,0.0,snapshot_atual_constante_NAO_historico
2026-04-13,20779074593.0,20774946598.0,2.392,2.392,0.0,22147232348.0,98334614.0,defillama_pool_historico,2.3639,2.3639,19546.37,21393.95,52.26,0.0,snapshot_atual_constante_NAO_historico
2026-04-14,22370824465.0,22366494343.0,2.411,2.411,0.0,21893434948.0,97945017.0,defillama_pool_historico,2.3825,2.3825,19546.37,21393.95,52.26,0.0,snapshot_atual_constante_NAO_historico
2026-04-15,22012225671.0,22008015990.0,2.373,2.373,0.0,22428279587.0,99974408.0,defillama_pool_historico,2.3454,2.3454,19546.37,21393.95,52.26,0.0,snapshot_atual_constante_NAO_historico
2026-04-16,22264434722.0,22260178625.0,2.374,2.374,0.0,22067983214.0,98823507.0,defillama_pool_historico,2.3463,2.3463,19546.37,21393.95,52.26,0.0,snapshot_atual_constante_NAO_historico
2026-04-17,22101841329.0,22097381490.0,2.446,2.446,0.0,22888695246.0,102867710.0,defillama_pool_historico,2.4166,2.4166,19546.37,21393.95,52.26,0.0,snapshot_atual_constante_NAO_historico
2026-04-18,22816462859.0,22812029218.0,2.459,2.459,0.0,22130557281.0,99187344.0,defillama_pool_historico,2.4293,2.4293,19546.37,21393.95,52.26,0.0,snapshot_atual_constante_NAO_historico
2026-04-19,22143077220.0,22138773233.0,2.665,2.665,0.0,21230675911.0,95662271.0,defillama_pool_historico,2.6302,2.6302,19546.37,21393.95,52.26,0.0,snapshot_atual_constante_NAO_historico
2026-04-20,21401249344.0,21397073331.0,2.829,2.829,0.0,21729203244.0,97184535.0,defillama_pool_historico,2.7898,2.7898,19546.37,21393.95,52.26,0.0,snapshot_atual_constante_NAO_historico
2026-04-21,21833714841.0,21829437049.0,2.626,2.626,0.0,21602140175.0,96637830.0,defillama_pool_historico,2.5922,2.5922,19546.37,21393.95,52.26,0.0,snapshot_atual_constante_NAO_historico
2026-04-22,21801017652.0,21796705556.0,2.586,2.586,0.0,22397742893.0,100094669.0,defillama_pool_historico,2.5532,2.5532,19546.37,21393.95,52.26,0.0,snapshot_atual_constante_NAO_historico
2026-04-23,22211076930.0,22206736474.0,2.613,2.613,0.0,21758150863.0,97567721.0,defillama_pool_historico,2.5795,2.5795,19546.37,21393.95,52.26,0.0,snapshot_atual_constante_NAO_historico
2026-04-24,21871793896.0,21867482466.0,2.639,2.639,0.0,21609650652.0,96774488.0,defillama_pool_historico,2.6049,2.6049,19546.37,21393.95,52.26,0.0,snapshot_atual_constante_NAO_historico
2026-04-25,21684192309.0,21679883703.0,2.482,2.482,0.0,21619974358.0,96886187.0,defillama_pool_historico,2.4518,2.4518,19546.37,21393.95,52.26,0.0,snapshot_atual_constante_NAO_historico
2026-04-26,21656804884.0,21652504124.0,2.523,2.523,0.0,21976270313.0,98593150.0,defillama_pool_historico,2.4918,2.4918,19546.37,21393.95,52.26,0.0,snapshot_atual_constante_NAO_historico
2026-04-27,22160224251.0,22155889591.0,2.508,2.508,0.0,21364493936.0,95786676.0,defillama_pool_historico,2.4771,2.4771,19546.37,21393.95,52.26,0.0,snapshot_atual_constante_NAO_historico
2026-04-28,21546181742.0,21541951034.0,2.543,2.543,0.0,21308071762.0,95843866.0,defillama_pool_historico,2.5113,2.5113,19546.37,21393.95,52.26,0.0,snapshot_atual_constante_NAO_historico
2026-04-29,21361830662.0,21357629031.0,2.8,2.8,0.0,20720864868.0,94065115.0,defillama_pool_historico,2.7616,2.7616,19546.37,21393.95,52.26,0.0,snapshot_atual_constante_NAO_historico
2026-04-30,20915932502.0,20911736886.0,2.674,2.674,0.0,20548748101.0,94588818.0,defillama_pool_historico,2.639,2.639,19546.37,21393.95,52.26,0.0,snapshot_atual_constante_NAO_historico
2026-05-01,20612767051.0,20608608628.0,2.557,2.557,0.0,20836085149.0,95921032.0,defillama_pool_historico,2.5249,2.5249,19546.37,21393.95,52.26,0.0,snapshot_atual_constante_NAO_historico
2026-05-02,20823231009.0,20819047197.0,2.448,2.448,0.0,21027995759.0,97014143.0,defillama_pool_historico,2.4186,2.4186,19546.37,21393.95,52.26,0.0,snapshot_atual_constante_NAO_historico
2026-05-03,21024351160.0,21020134159.0,2.375,2.375,0.0,21234150325.0,97832201.0,defillama_pool_historico,2.3473,2.3473,19546.37,21393.95,52.26,0.0,snapshot_atual_constante_NAO_historico
2026-05-04,21072424497.0,21068230154.0,2.44,2.44,0.0,21315690812.0,98580731.0,defillama_pool_historico,2.4108,2.4108,19546.37,21393.95,52.26,0.0,snapshot_atual_constante_NAO_historico
2026-05-05,21304100288.0,21299893210.0,2.43,2.43,0.0,21331552268.0,99197121.0,defillama_pool_historico,2.401,2.401,19546.37,21393.95,52.26,0.0,snapshot_atual_constante_NAO_historico
2026-05-06,21413858435.0,21409542251.0,2.535,2.535,0.0,21171703693.0,98266793.0,defillama_pool_historico,2.5035,2.5035,19546.37,21393.95,52.26,0.0,snapshot_atual_constante_NAO_historico
2026-05-07,21205758245.0,21201305951.0,3.232,3.232,0.0,20139254536.0,95772844.0,defillama_pool_historico,3.181,3.181,19546.37,21393.95,52.26,0.0,snapshot_atual_constante_NAO_historico
2026-05-08,20239417960.0,20234996653.0,2.599,2.599,0.0,20395616761.0,96842694.0,defillama_pool_historico,2.5659,2.5659,19546.37,21393.95,52.26,0.0,snapshot_atual_constante_NAO_historico
2026-05-09,20376089786.0,20371471460.0,2.533,2.533,0.0,20493346604.0,97449722.0,defillama_pool_historico,2.5015,2.5015,19546.37,21393.95,52.26,0.0,snapshot_atual_constante_NAO_historico
2026-05-10,20466751510.0,20462114274.0,2.421,2.421,0.0,20673584619.0,98930043.0,defillama_pool_historico,2.3922,2.3922,19546.37,21393.95,52.26,0.0,snapshot_atual_constante_NAO_historico
2026-05-11,20755130633.0,20750349784.0,2.481,2.481,0.0,20495953911.0,97892009.0,defillama_pool_historico,2.4508,2.4508,19546.37,21393.95,52.26,0.0,snapshot_atual_constante_NAO_historico
2026-05-12,20495733191.0,20490898300.0,2.506,2.506,0.0,20006228588.0,94511364.0,defillama_pool_historico,2.4752,2.4752,19546.37,21393.95,52.26,0.0,snapshot_atual_constante_NAO_historico
2026-05-13,20015760669.0,20011065119.0,2.452,2.452,0.0,19787887597.0,93380496.0,defillama_pool_historico,2.4225,2.4225,19546.37,21393.95,52.26,0.0,snapshot_atual_constante_NAO_historico
2026-05-14,19810253674.0,19805712340.0,2.47,2.47,0.0,20139999171.0,94880726.0,defillama_pool_historico,2.4401,2.4401,19546.37,21393.95,52.26,0.0,snapshot_atual_constante_NAO_historico
2026-05-15,20045016403.0,20040413353.0,2.41,2.41,0.0,19434994742.0,91754505.0,defillama_pool_historico,2.3815,2.3815,19546.37,21393.95,52.26,0.0,snapshot_atual_constante_NAO_historico
2026-05-16,19515486957.0,19511040443.0,2.427,2.427,0.0,19298443995.0,90117372.0,defillama_pool_historico,2.3981,2.3981,19546.37,21393.95,52.26,0.0,snapshot_atual_constante_NAO_historico
2026-05-17,19275178512.0,19270881673.0,2.369,2.369,0.0,19334113103.0,90302014.0,defillama_pool_historico,2.3414,2.3414,19546.37,21393.95,52.26,0.0,snapshot_atual_constante_NAO_historico
2026-05-18,18730971917.0,18726712464.0,2.426,2.426,0.0,18953649370.0,88409505.0,defillama_pool_historico,2.3971,2.3971,19546.37,21393.95,52.26,0.0,snapshot_atual_constante_NAO_historico
2026-05-19,18897816391.0,18893551229.0,2.393,2.393,0.0,18666975969.0,87348132.0,defillama_pool_historico,2.3649,2.3649,19546.37,21393.95,52.26,0.0,snapshot_atual_constante_NAO_historico
2026-05-20,18720266657.0,18716060420.0,2.379,2.379,0.0,18778193777.0,87946744.0,defillama_pool_historico,2.3512,2.3512,19546.37,21393.95,52.26,0.0,snapshot_atual_constante_NAO_historico
2026-05-21,18863103053.0,18858803626.0,2.412,2.412,0.0,18882931429.0,88270024.0,defillama_pool_historico,2.3834,2.3834,19546.37,21393.95,52.26,0.0,snapshot_atual_constante_NAO_historico
2026-05-22,18860928751.0,18856578901.0,2.345,2.345,0.0,18356177238.0,85785264.0,defillama_pool_historico,2.318,2.318,19546.37,21393.95,52.26,0.0,snapshot_atual_constante_NAO_historico
2026-05-23,18313879753.0,18309671822.0,2.355,2.355,0.0,18781582906.0,87276575.0,defillama_pool_historico,2.3278,2.3278,19546.37,21393.95,52.26,0.0,snapshot_atual_constante_NAO_historico
2026-05-24,18762899492.0,18758620507.0,2.363,2.363,0.0,18527161225.0,86174393.0,defillama_pool_historico,2.3356,2.3356,19546.37,21393.95,52.26,0.0,snapshot_atual_constante_NAO_historico
2026-05-25,18658829964.0,18654571407.0,2.358,2.358,0.0,18723755999.0,87351374.0,defillama_pool_historico,2.3307,2.3307,19546.37,21393.95,52.26,0.0,snapshot_atual_constante_NAO_historico
2026-05-26,18661365881.0,18657146825.0,2.368,2.368,0.0,18342825877.0,85845101.0,defillama_pool_historico,2.3405,2.3405,19546.37,21393.95,52.26,0.0,snapshot_atual_constante_NAO_historico
2026-05-27,18409014218.0,18404835814.0,2.393,2.393,0.0,17971037204.0,84250177.0,defillama_pool_historico,2.3649,2.3649,19546.37,21393.95,52.26,0.0,snapshot_atual_constante_NAO_historico
2026-05-28,17955088381.0,17950971319.0,2.464,2.464,0.0,17838550893.0,83181236.0,defillama_pool_historico,2.4342,2.4342,19546.37,21393.95,52.26,0.0,snapshot_atual_constante_NAO_historico
2026-05-29,17830570086.0,17826459393.0,2.403,2.403,0.0,17870628834.0,83119343.0,defillama_pool_historico,2.3747,2.3747,19546.37,21393.95,52.26,0.0,snapshot_atual_constante_NAO_historico
2026-05-30,17883643782.0,17879548763.0,2.391,2.391,0.0,17914493692.0,83610961.0,defillama_pool_historico,2.3629,2.3629,19546.37,21393.95,52.26,0.0,snapshot_atual_constante_NAO_historico
2026-05-31,17907241355.0,17903121070.0,2.365,2.365,0.0,17832800205.0,83179021.0,defillama_pool_historico,2.3375,2.3375,19546.37,21393.95,52.26,0.0,snapshot_atual_constante_NAO_historico
