Date,total_staked_eth_network,apy_lido_pct,apr_lido_consenso_pct,taxa_mev_execucao_apr_pct,apr_consenso_bruto_pct,apr_rede_direto_total_pct,fonte_consenso,qualidade_dado
2022-05-05,12800000.0,3.6,3.5368857365049022,0.0,4.6489,4.6489,beacon_formula_16632_sqrt_S,modelo_teorico_e_real
2022-05-06,12812781.954887219,3.5,3.440304794384952,0.0,4.6466,4.6466,beacon_formula_16632_sqrt_S,modelo_teorico_e_real
2022-05-07,12825563.909774436,3.5,3.440304794384952,0.0,4.6442,4.6442,beacon_formula_16632_sqrt_S,modelo_teorico_e_real
2022-05-08,12838345.864661654,3.6,3.5368857365049022,0.0,4.6419,4.6419,beacon_formula_16632_sqrt_S,modelo_teorico_e_real
2022-05-09,12851127.819548871,3.5,3.440304794384952,0.0,4.6396,4.6396,beacon_formula_16632_sqrt_S,modelo_teorico_e_real
2022-05-10,12863909.77443609,3.6,3.5368857365049022,0.0,4.6373,4.6373,beacon_formula_16632_sqrt_S,modelo_teorico_e_real
2022-05-11,12876691.729323309,3.6,3.5368857365049022,0.0,4.635,4.635,beacon_formula_16632_sqrt_S,modelo_teorico_e_real
2022-05-12,12889473.684210526,3.6,3.5368857365049022,0.0,4.6327,4.6327,beacon_formula_16632_sqrt_S,modelo_teorico_e_real
2022-05-13,12902255.639097745,3.6,3.5368857365049022,0.0,4.6304,4.6304,beacon_formula_16632_sqrt_S,modelo_teorico_e_real
2022-05-14,12915037.593984962,3.6,3.5368857365049022,0.0,4.6281,4.6281,beacon_formula_16632_sqrt_S,modelo_teorico_e_real
2022-05-15,12927819.54887218,3.7,3.63337375390127,0.0,4.6258,4.6258,beacon_formula_16632_sqrt_S,modelo_teorico_e_real
2022-05-16,12940601.503759399,3.7,3.63337375390127,0.0,4.6236,4.6236,beacon_formula_16632_sqrt_S,modelo_teorico_e_real
2022-05-17,12953383.458646616,3.7,3.63337375390127,0.0,4.6213,4.6213,beacon_formula_16632_sqrt_S,modelo_teorico_e_real
2022-05-18,12966165.413533835,3.8,3.7297690254594063,0.0,4.619,4.619,beacon_formula_16632_sqrt_S,modelo_teorico_e_real
2022-05-19,12978947.368421054,3.8,3.7297690254594063,0.0,4.6167,4.6167,beacon_formula_16632_sqrt_S,modelo_teorico_e_real
2022-05-20,12991729.32330827,3.8,3.7297690254594063,0.0,4.6144,4.6144,beacon_formula_16632_sqrt_S,modelo_teorico_e_real
2022-05-21,13004511.27819549,3.8,3.7297690254594063,0.0,4.6122,4.6122,beacon_formula_16632_sqrt_S,modelo_teorico_e_real
2022-05-22,13017293.233082706,3.9,3.8260717295459656,0.0,4.6099,4.6099,beacon_formula_16632_sqrt_S,modelo_teorico_e_real
2022-05-23,13030075.187969925,3.9,3.8260717295459656,0.0,4.6076,4.6076,beacon_formula_16632_sqrt_S,modelo_teorico_e_real
2022-05-24,13042857.142857144,4.0,3.9222820440170114,0.0,4.6054,4.6054,beacon_formula_16632_sqrt_S,modelo_teorico_e_real
2022-05-25,13055639.09774436,4.0,3.9222820440170114,0.0,4.6031,4.6031,beacon_formula_16632_sqrt_S,modelo_teorico_e_real
2022-05-26,13068421.05263158,4.0,3.9222820440170114,0.0,4.6009,4.6009,beacon_formula_16632_sqrt_S,modelo_teorico_e_real
2022-05-27,13081203.007518796,4.0,3.9222820440170114,0.0,4.5986,4.5986,beacon_formula_16632_sqrt_S,modelo_teorico_e_real
2022-05-28,13093984.962406015,4.0,3.9222820440170114,0.0,4.5964,4.5964,beacon_formula_16632_sqrt_S,modelo_teorico_e_real
2022-05-29,13106766.917293234,4.0,3.9222820440170114,0.0,4.5941,4.5941,beacon_formula_16632_sqrt_S,modelo_teorico_e_real
2022-05-30,13119548.87218045,4.0,3.9222820440170114,0.0,4.5919,4.5919,beacon_formula_16632_sqrt_S,modelo_teorico_e_real
2022-05-31,13132330.82706767,4.0,3.9222820440170114,0.0,4.5897,4.5897,beacon_formula_16632_sqrt_S,modelo_teorico_e_real
2022-06-01,13145112.781954886,4.0,3.9222820440170114,0.0,4.5874,4.5874,beacon_formula_16632_sqrt_S,modelo_teorico_e_real
2022-06-02,13157894.736842105,4.0,3.9222820440170114,0.0,4.5852,4.5852,beacon_formula_16632_sqrt_S,modelo_teorico_e_real
2022-06-03,13170676.691729324,4.0,3.9222820440170114,0.0,4.583,4.583,beacon_formula_16632_sqrt_S,modelo_teorico_e_real
2022-06-04,13183458.64661654,4.0,3.9222820440170114,0.0,4.5808,4.5808,beacon_formula_16632_sqrt_S,modelo_teorico_e_real
2022-06-05,13196240.60150376,4.0,3.9222820440170114,0.0,4.5785,4.5785,beacon_formula_16632_sqrt_S,modelo_teorico_e_real
2022-06-06,13209022.556390978,4.0,3.9222820440170114,0.0,4.5763,4.5763,beacon_formula_16632_sqrt_S,modelo_teorico_e_real
2022-06-07,13221804.511278195,4.0,3.9222820440170114,0.0,4.5741,4.5741,beacon_formula_16632_sqrt_S,modelo_teorico_e_real
2022-06-08,13234586.466165414,4.0,3.9222820440170114,0.0,4.5719,4.5719,beacon_formula_16632_sqrt_S,modelo_teorico_e_real
2022-06-09,13247368.421052631,4.0,3.9222820440170114,0.0,4.5697,4.5697,beacon_formula_16632_sqrt_S,modelo_teorico_e_real
2022-06-10,13260150.37593985,4.0,3.9222820440170114,0.0,4.5675,4.5675,beacon_formula_16632_sqrt_S,modelo_teorico_e_real
2022-06-11,13272932.330827069,4.0,3.9222820440170114,0.0,4.5653,4.5653,beacon_formula_16632_sqrt_S,modelo_teorico_e_real
2022-06-12,13285714.285714285,4.0,3.9222820440170114,0.0,4.5631,4.5631,beacon_formula_16632_sqrt_S,modelo_teorico_e_real
2022-06-13,13298496.240601504,4.0,3.9222820440170114,0.0,4.5609,4.5609,beacon_formula_16632_sqrt_S,modelo_teorico_e_real
2022-06-14,13311278.195488721,4.0,3.9222820440170114,0.0,4.5587,4.5587,beacon_formula_16632_sqrt_S,modelo_teorico_e_real
2022-06-15,13324060.15037594,4.0,3.9222820440170114,0.0,4.5565,4.5565,beacon_formula_16632_sqrt_S,modelo_teorico_e_real
2022-06-16,13336842.105263159,4.0,3.9222820440170114,0.0,4.5543,4.5543,beacon_formula_16632_sqrt_S,modelo_teorico_e_real
2022-06-17,13349624.060150376,4.0,3.9222820440170114,0.0,4.5522,4.5522,beacon_formula_16632_sqrt_S,modelo_teorico_e_real
2022-06-18,13362406.015037594,4.0,3.9222820440170114,0.0,4.55,4.55,beacon_formula_16632_sqrt_S,modelo_teorico_e_real
2022-06-19,13375187.969924811,3.9,3.8260717295459656,0.0,4.5478,4.5478,beacon_formula_16632_sqrt_S,modelo_teorico_e_real
2022-06-20,13387969.92481203,4.0,3.9222820440170114,0.0,4.5456,4.5456,beacon_formula_16632_sqrt_S,modelo_teorico_e_real
2022-06-21,13400751.879699249,4.0,3.9222820440170114,0.0,4.5435,4.5435,beacon_formula_16632_sqrt_S,modelo_teorico_e_real
2022-06-22,13413533.834586466,4.0,3.9222820440170114,0.0,4.5413,4.5413,beacon_formula_16632_sqrt_S,modelo_teorico_e_real
2022-06-23,13426315.789473685,4.0,3.9222820440170114,0.0,4.5391,4.5391,beacon_formula_16632_sqrt_S,modelo_teorico_e_real
2022-06-24,13439097.744360901,4.0,3.9222820440170114,0.0,4.537,4.537,beacon_formula_16632_sqrt_S,modelo_teorico_e_real
2022-06-25,13451879.69924812,4.0,3.9222820440170114,0.0,4.5348,4.5348,beacon_formula_16632_sqrt_S,modelo_teorico_e_real
2022-06-26,13464661.654135339,4.0,3.9222820440170114,0.0,4.5327,4.5327,beacon_formula_16632_sqrt_S,modelo_teorico_e_real
2022-06-27,13477443.609022556,3.9,3.8260717295459656,0.0,4.5305,4.5305,beacon_formula_16632_sqrt_S,modelo_teorico_e_real
2022-06-28,13490225.563909775,4.0,3.9222820440170114,0.0,4.5284,4.5284,beacon_formula_16632_sqrt_S,modelo_teorico_e_real
2022-06-29,13503007.518796992,4.0,3.9222820440170114,0.0,4.5262,4.5262,beacon_formula_16632_sqrt_S,modelo_teorico_e_real
2022-06-30,13515789.47368421,4.0,3.9222820440170114,0.0,4.5241,4.5241,beacon_formula_16632_sqrt_S,modelo_teorico_e_real
2022-07-01,13528571.42857143,3.9,3.8260717295459656,0.0,4.522,4.522,beacon_formula_16632_sqrt_S,modelo_teorico_e_real
2022-07-02,13541353.383458646,4.0,3.9222820440170114,0.0,4.5198,4.5198,beacon_formula_16632_sqrt_S,modelo_teorico_e_real
2022-07-03,13554135.338345865,3.9,3.8260717295459656,0.0,4.5177,4.5177,beacon_formula_16632_sqrt_S,modelo_teorico_e_real
2022-07-04,13566917.293233084,3.9,3.8260717295459656,0.0,4.5156,4.5156,beacon_formula_16632_sqrt_S,modelo_teorico_e_real
2022-07-05,13579699.2481203,3.9,3.8260717295459656,0.0,4.5134,4.5134,beacon_formula_16632_sqrt_S,modelo_teorico_e_real
2022-07-06,13592481.20300752,3.9,3.8260717295459656,0.0,4.5113,4.5113,beacon_formula_16632_sqrt_S,modelo_teorico_e_real
2022-07-07,13605263.157894736,4.0,3.9222820440170114,0.0,4.5092,4.5092,beacon_formula_16632_sqrt_S,modelo_teorico_e_real
2022-07-08,13618045.112781955,4.0,3.9222820440170114,0.0,4.5071,4.5071,beacon_formula_16632_sqrt_S,modelo_teorico_e_real
2022-07-09,13630827.067669174,4.0,3.9222820440170114,0.0,4.505,4.505,beacon_formula_16632_sqrt_S,modelo_teorico_e_real
2022-07-10,13643609.02255639,4.0,3.9222820440170114,0.0,4.5029,4.5029,beacon_formula_16632_sqrt_S,modelo_teorico_e_real
2022-07-11,13656390.97744361,4.0,3.9222820440170114,0.0,4.5007,4.5007,beacon_formula_16632_sqrt_S,modelo_teorico_e_real
2022-07-12,13669172.932330826,4.0,3.9222820440170114,0.0,4.4986,4.4986,beacon_formula_16632_sqrt_S,modelo_teorico_e_real
2022-07-13,13681954.887218045,3.9,3.8260717295459656,0.0,4.4965,4.4965,beacon_formula_16632_sqrt_S,modelo_teorico_e_real
2022-07-14,13694736.842105264,3.9,3.8260717295459656,0.0,4.4944,4.4944,beacon_formula_16632_sqrt_S,modelo_teorico_e_real
2022-07-15,13707518.79699248,3.9,3.8260717295459656,0.0,4.4923,4.4923,beacon_formula_16632_sqrt_S,modelo_teorico_e_real
2022-07-16,13720300.7518797,4.0,3.9222820440170114,0.0,4.4903,4.4903,beacon_formula_16632_sqrt_S,modelo_teorico_e_real
2022-07-17,13733082.706766918,3.9,3.8260717295459656,0.0,4.4882,4.4882,beacon_formula_16632_sqrt_S,modelo_teorico_e_real
2022-07-18,13745864.661654135,3.9,3.8260717295459656,0.0,4.4861,4.4861,beacon_formula_16632_sqrt_S,modelo_teorico_e_real
2022-07-19,13758646.616541354,3.9,3.8260717295459656,0.0,4.484,4.484,beacon_formula_16632_sqrt_S,modelo_teorico_e_real
2022-07-20,13771428.57142857,3.9,3.8260717295459656,0.0,4.4819,4.4819,beacon_formula_16632_sqrt_S,modelo_teorico_e_real
2022-07-21,13784210.52631579,3.9,3.8260717295459656,0.0,4.4798,4.4798,beacon_formula_16632_sqrt_S,modelo_teorico_e_real
2022-07-22,13796992.481203008,3.9,3.8260717295459656,0.0,4.4778,4.4778,beacon_formula_16632_sqrt_S,modelo_teorico_e_real
2022-07-23,13809774.436090225,3.9,3.8260717295459656,0.0,4.4757,4.4757,beacon_formula_16632_sqrt_S,modelo_teorico_e_real
2022-07-24,13822556.390977444,3.9,3.8260717295459656,0.0,4.4736,4.4736,beacon_formula_16632_sqrt_S,modelo_teorico_e_real
2022-07-25,13835338.345864661,3.9,3.8260717295459656,0.0,4.4715,4.4715,beacon_formula_16632_sqrt_S,modelo_teorico_e_real
2022-07-26,13848120.30075188,4.0,3.9222820440170114,0.0,4.4695,4.4695,beacon_formula_16632_sqrt_S,modelo_teorico_e_real
2022-07-27,13860902.255639099,3.9,3.8260717295459656,0.0,4.4674,4.4674,beacon_formula_16632_sqrt_S,modelo_teorico_e_real
2022-07-28,13873684.210526315,4.0,3.9222820440170114,0.0,4.4654,4.4654,beacon_formula_16632_sqrt_S,modelo_teorico_e_real
2022-07-29,13886466.165413534,3.9,3.8260717295459656,0.0,4.4633,4.4633,beacon_formula_16632_sqrt_S,modelo_teorico_e_real
2022-07-30,13899248.120300751,3.9,3.8260717295459656,0.0,4.4613,4.4613,beacon_formula_16632_sqrt_S,modelo_teorico_e_real
2022-07-31,13912030.07518797,3.9,3.8260717295459656,0.0,4.4592,4.4592,beacon_formula_16632_sqrt_S,modelo_teorico_e_real
2022-08-01,13924812.030075189,3.9,3.8260717295459656,0.0,4.4572,4.4572,beacon_formula_16632_sqrt_S,modelo_teorico_e_real
2022-08-02,13937593.984962406,3.9,3.8260717295459656,0.0,4.4551,4.4551,beacon_formula_16632_sqrt_S,modelo_teorico_e_real
2022-08-03,13950375.939849624,3.9,3.8260717295459656,0.0,4.4531,4.4531,beacon_formula_16632_sqrt_S,modelo_teorico_e_real
2022-08-04,13963157.894736841,3.9,3.8260717295459656,0.0,4.451,4.451,beacon_formula_16632_sqrt_S,modelo_teorico_e_real
2022-08-05,13975939.84962406,3.9,3.8260717295459656,0.0,4.449,4.449,beacon_formula_16632_sqrt_S,modelo_teorico_e_real
2022-08-06,13988721.804511279,3.9,3.8260717295459656,0.0,4.447,4.447,beacon_formula_16632_sqrt_S,modelo_teorico_e_real
2022-08-07,14001503.759398496,3.9,3.8260717295459656,0.0,4.4449,4.4449,beacon_formula_16632_sqrt_S,modelo_teorico_e_real
2022-08-08,14014285.714285715,3.9,3.8260717295459656,0.0,4.4429,4.4429,beacon_formula_16632_sqrt_S,modelo_teorico_e_real
2022-08-09,14027067.669172931,3.9,3.8260717295459656,0.0,4.4409,4.4409,beacon_formula_16632_sqrt_S,modelo_teorico_e_real
2022-08-10,14039849.62406015,3.9,3.8260717295459656,0.0,4.4389,4.4389,beacon_formula_16632_sqrt_S,modelo_teorico_e_real
2022-08-11,14052631.578947369,3.9,3.8260717295459656,0.0,4.4368,4.4368,beacon_formula_16632_sqrt_S,modelo_teorico_e_real
2022-08-12,14065413.533834586,3.9,3.8260717295459656,0.0,4.4348,4.4348,beacon_formula_16632_sqrt_S,modelo_teorico_e_real
2022-08-13,14078195.488721805,3.9,3.8260717295459656,0.0,4.4328,4.4328,beacon_formula_16632_sqrt_S,modelo_teorico_e_real
2022-08-14,14090977.443609022,3.9,3.8260717295459656,0.0,4.4308,4.4308,beacon_formula_16632_sqrt_S,modelo_teorico_e_real
2022-08-15,14103759.39849624,3.9,3.8260717295459656,0.0,4.4288,4.4288,beacon_formula_16632_sqrt_S,modelo_teorico_e_real
2022-08-16,14116541.35338346,3.9,3.8260717295459656,0.0,4.4268,4.4268,beacon_formula_16632_sqrt_S,modelo_teorico_e_real
2022-08-17,14129323.308270676,3.9,3.8260717295459656,0.0,4.4248,4.4248,beacon_formula_16632_sqrt_S,modelo_teorico_e_real
2022-08-18,14142105.263157895,3.9,3.8260717295459656,0.0,4.4228,4.4228,beacon_formula_16632_sqrt_S,modelo_teorico_e_real
2022-08-19,14154887.218045114,3.9,3.8260717295459656,0.0,4.4208,4.4208,beacon_formula_16632_sqrt_S,modelo_teorico_e_real
2022-08-20,14167669.17293233,3.9,3.8260717295459656,0.0,4.4188,4.4188,beacon_formula_16632_sqrt_S,modelo_teorico_e_real
2022-08-21,14180451.12781955,3.9,3.8260717295459656,0.0,4.4168,4.4168,beacon_formula_16632_sqrt_S,modelo_teorico_e_real
2022-08-22,14193233.082706766,3.9,3.8260717295459656,0.0,4.4148,4.4148,beacon_formula_16632_sqrt_S,modelo_teorico_e_real
2022-08-23,14206015.037593985,3.9,3.8260717295459656,0.0,4.4128,4.4128,beacon_formula_16632_sqrt_S,modelo_teorico_e_real
2022-08-24,14218796.992481204,3.9,3.8260717295459656,0.0,4.4108,4.4108,beacon_formula_16632_sqrt_S,modelo_teorico_e_real
2022-08-25,14231578.94736842,3.9,3.8260717295459656,0.0,4.4089,4.4089,beacon_formula_16632_sqrt_S,modelo_teorico_e_real
2022-08-26,14244360.90225564,3.8,3.7297690254594063,0.0,4.4069,4.4069,beacon_formula_16632_sqrt_S,modelo_teorico_e_real
2022-08-27,14257142.857142858,3.9,3.8260717295459656,0.0,4.4049,4.4049,beacon_formula_16632_sqrt_S,modelo_teorico_e_real
2022-08-28,14269924.812030075,3.9,3.8260717295459656,0.0,4.4029,4.4029,beacon_formula_16632_sqrt_S,modelo_teorico_e_real
2022-08-29,14282706.766917294,3.9,3.8260717295459656,0.0,4.401,4.401,beacon_formula_16632_sqrt_S,modelo_teorico_e_real
2022-08-30,14295488.72180451,3.9,3.8260717295459656,0.0,4.399,4.399,beacon_formula_16632_sqrt_S,modelo_teorico_e_real
2022-08-31,14308270.67669173,3.9,3.8260717295459656,0.0,4.397,4.397,beacon_formula_16632_sqrt_S,modelo_teorico_e_real
2022-09-01,14321052.631578948,3.9,3.8260717295459656,0.0,4.3951,4.3951,beacon_formula_16632_sqrt_S,modelo_teorico_e_real
2022-09-02,14333834.586466165,3.9,3.8260717295459656,0.0,4.3931,4.3931,beacon_formula_16632_sqrt_S,modelo_teorico_e_real
2022-09-03,14346616.541353384,3.9,3.8260717295459656,0.0,4.3911,4.3911,beacon_formula_16632_sqrt_S,modelo_teorico_e_real
2022-09-04,14359398.496240601,3.9,3.8260717295459656,0.0,4.3892,4.3892,beacon_formula_16632_sqrt_S,modelo_teorico_e_real
2022-09-05,14372180.45112782,3.9,3.8260717295459656,0.0,4.3872,4.3872,beacon_formula_16632_sqrt_S,modelo_teorico_e_real
2022-09-06,14384962.406015038,3.8,3.7297690254594063,0.0,4.3853,4.3853,beacon_formula_16632_sqrt_S,modelo_teorico_e_real
2022-09-07,14397744.360902255,3.5,3.440304794384952,0.0,4.3833,4.3833,beacon_formula_16632_sqrt_S,modelo_teorico_e_real
2022-09-08,14410526.315789474,3.8,3.7297690254594063,0.0,4.3814,4.3814,beacon_formula_16632_sqrt_S,modelo_teorico_e_real
2022-09-09,14423308.270676691,3.8,3.7297690254594063,0.0,4.3795,4.3795,beacon_formula_16632_sqrt_S,modelo_teorico_e_real
2022-09-10,14436090.22556391,3.8,3.7297690254594063,0.0,4.3775,4.3775,beacon_formula_16632_sqrt_S,modelo_teorico_e_real
2022-09-11,14448872.180451129,3.8,3.7297690254594063,0.0,4.3756,4.3756,beacon_formula_16632_sqrt_S,modelo_teorico_e_real
2022-09-12,14461654.135338346,3.8,3.7297690254594063,0.0,4.3736,4.3736,beacon_formula_16632_sqrt_S,modelo_teorico_e_real
2022-09-13,14474436.090225564,3.8,3.7297690254594063,0.0,4.3717,4.3717,beacon_formula_16632_sqrt_S,modelo_teorico_e_real
2022-09-14,14487218.045112781,3.8,3.7297690254594063,0.0,4.3698,4.3698,beacon_formula_16632_sqrt_S,modelo_teorico_e_real
2022-09-15,14500000.0,4.0,3.9222820440170114,2.9046,4.3679,7.2725,beacon_formula_16632_sqrt_S,modelo_teorico_e_real
2022-09-16,14519138.75598086,5.5,5.354469398815231,2.8319,4.365,7.1969,beacon_formula_16632_sqrt_S,modelo_teorico_e_real
2022-09-17,14538277.511961723,4.8,4.688659708345533,2.7832,4.3621,7.1453,beacon_formula_16632_sqrt_S,modelo_teorico_e_real
2022-09-18,14557416.267942583,4.6,4.497613644644072,2.7094,4.3592,7.0686,beacon_formula_16632_sqrt_S,modelo_teorico_e_real
2022-09-19,14576555.023923445,5.3,5.164688678107154,2.6829,4.3564,7.0393,beacon_formula_16632_sqrt_S,modelo_teorico_e_real
2022-09-20,14595693.779904306,4.9,4.784046435941214,2.6595,4.3535,7.013,beacon_formula_16632_sqrt_S,modelo_teorico_e_real
2022-09-21,14614832.535885168,5.3,5.164688678107154,2.5784,4.3507,6.9291,beacon_formula_16632_sqrt_S,modelo_teorico_e_real
2022-09-22,14633971.291866029,5.2,5.069663474126296,2.5968,4.3478,6.9446,beacon_formula_16632_sqrt_S,modelo_teorico_e_real
2022-09-23,14653110.04784689,5.0,4.879342524642616,2.563,4.345,6.908,beacon_formula_16632_sqrt_S,modelo_teorico_e_real
2022-09-24,14672248.803827751,5.0,4.879342524642616,1.9052,4.3421,6.2473,beacon_formula_16632_sqrt_S,modelo_teorico_e_real
2022-09-25,14691387.559808612,4.7,4.593182169016274,1.2685,4.3393,5.6078,beacon_formula_16632_sqrt_S,modelo_teorico_e_real
2022-09-26,14710526.315789474,5.1,4.974548146754132,0.6155,4.3365,4.952,beacon_formula_16632_sqrt_S,modelo_teorico_e_real
2022-09-27,14729665.071770335,5.5,5.354469398815231,1.5122,4.3337,5.8459,beacon_formula_16632_sqrt_S,modelo_teorico_e_real
2022-09-28,14748803.827751197,5.6,5.44922525581526,2.4256,4.3309,6.7565,beacon_formula_16632_sqrt_S,modelo_teorico_e_real
2022-09-29,14767942.583732057,5.4,5.2596239295422675,3.2929,4.3281,7.621,beacon_formula_16632_sqrt_S,modelo_teorico_e_real
2022-09-30,14787081.339712918,5.6,5.44922525581526,3.0507,4.3253,7.376,beacon_formula_16632_sqrt_S,modelo_teorico_e_real
2022-10-01,14806220.09569378,5.4,5.2596239295422675,2.8075,4.3225,7.13,beacon_formula_16632_sqrt_S,modelo_teorico_e_real
2022-10-02,14825358.85167464,5.1,4.974548146754132,2.567,4.3197,6.8867,beacon_formula_16632_sqrt_S,modelo_teorico_e_real
2022-10-03,14844497.607655503,5.2,5.069663474126296,2.3337,4.3169,6.6506,beacon_formula_16632_sqrt_S,modelo_teorico_e_real
2022-10-04,14863636.363636363,5.0,4.879342524642616,2.1102,4.3141,6.4243,beacon_formula_16632_sqrt_S,modelo_teorico_e_real
2022-10-05,14882775.119617226,5.3,5.164688678107154,1.088,4.3113,5.3993,beacon_formula_16632_sqrt_S,modelo_teorico_e_real
2022-10-06,14901913.875598086,5.7,5.543891669945289,0.5659,4.3086,4.8745,beacon_formula_16632_sqrt_S,modelo_teorico_e_real
2022-10-07,14921052.631578946,5.0,4.879342524642616,3.0103,4.3058,7.3161,beacon_formula_16632_sqrt_S,modelo_teorico_e_real
2022-10-08,14940191.387559809,5.8,5.638468810138186,1.7719,4.303,6.0749,beacon_formula_16632_sqrt_S,modelo_teorico_e_real
2022-10-09,14959330.14354067,4.7,4.593182169016274,0.5389,4.3003,4.8392,beacon_formula_16632_sqrt_S,modelo_teorico_e_real
2022-10-10,14978468.899521532,5.0,4.879342524642616,4.4996,4.2975,8.7971,beacon_formula_16632_sqrt_S,modelo_teorico_e_real
2022-10-11,14997607.655502392,5.2,5.069663474126296,8.4239,4.2948,12.7187,beacon_formula_16632_sqrt_S,modelo_teorico_e_real
2022-10-12,15016746.411483254,4.9,4.784046435941214,7.1748,4.2921,11.4669,beacon_formula_16632_sqrt_S,modelo_teorico_e_real
2022-10-13,15035885.167464115,5.1,4.974548146754132,5.9122,4.2893,10.2015,beacon_formula_16632_sqrt_S,modelo_teorico_e_real
2022-10-14,15055023.923444975,6.2,6.01588799337871,4.6766,4.2866,8.9632,beacon_formula_16632_sqrt_S,modelo_teorico_e_real
2022-10-15,15074162.679425837,5.0,4.879342524642616,3.4206,4.2839,7.7045,beacon_formula_16632_sqrt_S,modelo_teorico_e_real
2022-10-16,15093301.435406698,5.0,4.879342524642616,2.172,4.2812,6.4532,beacon_formula_16632_sqrt_S,modelo_teorico_e_real
2022-10-17,15112440.19138756,5.0,4.879342524642616,0.9235,4.2784,5.2019,beacon_formula_16632_sqrt_S,modelo_teorico_e_real
2022-10-18,15131578.94736842,5.9,5.732956844848647,0.5031,4.2757,4.7788,beacon_formula_16632_sqrt_S,modelo_teorico_e_real
2022-10-19,15150717.703349283,5.5,5.354469398815231,0.5447,4.273,4.8177,beacon_formula_16632_sqrt_S,modelo_teorico_e_real
2022-10-20,15169856.459330143,6.3,6.110021281110489,0.5893,4.2703,4.8596,beacon_formula_16632_sqrt_S,modelo_teorico_e_real
2022-10-21,15188995.215311006,5.7,5.543891669945289,0.5119,4.2676,4.7795,beacon_formula_16632_sqrt_S,modelo_teorico_e_real
2022-10-22,15208133.971291866,5.6,5.44922525581526,0.5895,4.265,4.8545,beacon_formula_16632_sqrt_S,modelo_teorico_e_real
2022-10-23,15227272.727272727,5.0,4.879342524642616,0.6667,4.2623,4.929,beacon_formula_16632_sqrt_S,modelo_teorico_e_real
2022-10-24,15246411.483253589,5.0,4.879342524642616,2.3473,4.2596,6.6069,beacon_formula_16632_sqrt_S,modelo_teorico_e_real
2022-10-25,15265550.23923445,5.0,4.879342524642616,2.0582,4.2569,6.3151,beacon_formula_16632_sqrt_S,modelo_teorico_e_real
2022-10-26,15284688.995215312,6.1,5.921666269201542,1.7545,4.2543,6.0088,beacon_formula_16632_sqrt_S,modelo_teorico_e_real
2022-10-27,15303827.751196172,5.8,5.638468810138186,1.4214,4.2516,5.673,beacon_formula_16632_sqrt_S,modelo_teorico_e_real
2022-10-28,15322966.507177033,5.4,5.2596239295422675,1.3828,4.2489,5.6317,beacon_formula_16632_sqrt_S,modelo_teorico_e_real
2022-10-29,15342105.263157895,5.3,5.164688678107154,1.3497,4.2463,5.596,beacon_formula_16632_sqrt_S,modelo_teorico_e_real
2022-10-30,15361244.019138755,5.3,5.164688678107154,1.2983,4.2437,5.542,beacon_formula_16632_sqrt_S,modelo_teorico_e_real
2022-10-31,15380382.775119618,5.0,4.879342524642616,1.2579,4.241,5.4989,beacon_formula_16632_sqrt_S,modelo_teorico_e_real
2022-11-01,15399521.531100478,5.3,5.164688678107154,1.3678,4.2384,5.6062,beacon_formula_16632_sqrt_S,modelo_teorico_e_real
2022-11-02,15418660.28708134,5.3,5.164688678107154,1.4675,4.2357,5.7032,beacon_formula_16632_sqrt_S,modelo_teorico_e_real
2022-11-03,15437799.0430622,5.8,5.638468810138186,0.7339,4.2331,4.967,beacon_formula_16632_sqrt_S,modelo_teorico_e_real
2022-11-04,15456937.799043063,6.2,6.01588799337871,0.7262,4.2305,4.9567,beacon_formula_16632_sqrt_S,modelo_teorico_e_real
2022-11-05,15476076.555023924,5.3,5.164688678107154,0.6528,4.2279,4.8807,beacon_formula_16632_sqrt_S,modelo_teorico_e_real
2022-11-06,15495215.311004784,4.6,4.497613644644072,0.5996,4.2253,4.8249,beacon_formula_16632_sqrt_S,modelo_teorico_e_real
2022-11-07,15514354.066985646,5.0,4.879342524642616,0.5495,4.2227,4.7722,beacon_formula_16632_sqrt_S,modelo_teorico_e_real
2022-11-08,15533492.822966507,5.9,5.732956844848647,1.5676,4.2201,5.7877,beacon_formula_16632_sqrt_S,modelo_teorico_e_real
2022-11-09,15552631.578947369,5.9,5.732956844848647,1.3125,4.2175,5.53,beacon_formula_16632_sqrt_S,modelo_teorico_e_real
2022-11-10,15571770.33492823,6.9,6.672973110365632,1.1127,4.2149,5.3276,beacon_formula_16632_sqrt_S,modelo_teorico_e_real
2022-11-11,15590909.09090909,6.9,6.672973110365632,0.8818,4.2123,5.0941,beacon_formula_16632_sqrt_S,modelo_teorico_e_real
2022-11-12,15610047.846889952,6.9,6.672973110365632,0.6611,4.2097,4.8708,beacon_formula_16632_sqrt_S,modelo_teorico_e_real
2022-11-13,15629186.602870813,10.2,9.71396346139175,0.4542,4.2071,4.6613,beacon_formula_16632_sqrt_S,modelo_teorico_e_real
2022-11-14,15648325.358851675,10.2,9.71396346139175,0.559,4.2045,4.7635,beacon_formula_16632_sqrt_S,modelo_teorico_e_real
2022-11-15,15667464.114832535,10.1,9.623154114076215,0.6793,4.202,4.8813,beacon_formula_16632_sqrt_S,modelo_teorico_e_real
2022-11-16,15686602.870813398,9.7,9.259092325133667,0.3777,4.1994,4.5771,beacon_formula_16632_sqrt_S,modelo_teorico_e_real
2022-11-17,15705741.626794258,5.5,5.354469398815231,0.8532,4.1969,5.0501,beacon_formula_16632_sqrt_S,modelo_teorico_e_real
2022-11-18,15724880.38277512,5.2,5.069663474126296,0.639,4.1943,4.8333,beacon_formula_16632_sqrt_S,modelo_teorico_e_real
2022-11-19,15744019.13875598,4.8,4.688659708345533,0.4255,4.1917,4.6172,beacon_formula_16632_sqrt_S,modelo_teorico_e_real
2022-11-20,15763157.894736841,5.3,5.164688678107154,0.2088,4.1892,4.398,beacon_formula_16632_sqrt_S,modelo_teorico_e_real
2022-11-21,15782296.650717704,5.3,5.164688678107154,0.6136,4.1867,4.8003,beacon_formula_16632_sqrt_S,modelo_teorico_e_real
2022-11-22,15801435.406698564,5.4,5.2596239295422675,0.6313,4.1841,4.8154,beacon_formula_16632_sqrt_S,modelo_teorico_e_real
2022-11-23,15820574.162679426,6.3,6.110021281110489,0.6543,4.1816,4.8359,beacon_formula_16632_sqrt_S,modelo_teorico_e_real
2022-11-24,15839712.918660287,4.9,4.784046435941214,0.6743,4.1791,4.8534,beacon_formula_16632_sqrt_S,modelo_teorico_e_real
2022-11-25,15858851.674641147,4.9,4.784046435941214,1.3192,4.1765,5.4957,beacon_formula_16632_sqrt_S,modelo_teorico_e_real
2022-11-26,15877990.43062201,7.7,7.418693647001762,1.9614,4.174,6.1354,beacon_formula_16632_sqrt_S,modelo_teorico_e_real
2022-11-27,15897129.18660287,4.4,4.306202945020932,1.3776,4.1715,5.5491,beacon_formula_16632_sqrt_S,modelo_teorico_e_real
2022-11-28,15916267.942583732,5.0,4.879342524642616,1.0074,4.169,5.1764,beacon_formula_16632_sqrt_S,modelo_teorico_e_real
2022-11-29,15935406.698564593,4.8,4.688659708345533,0.6388,4.1665,4.8053,beacon_formula_16632_sqrt_S,modelo_teorico_e_real
2022-11-30,15954545.454545455,4.7,4.593182169016274,0.4814,4.164,4.6454,beacon_formula_16632_sqrt_S,modelo_teorico_e_real
2022-12-01,15973684.210526315,4.8,4.688659708345533,0.806,4.1615,4.9675,beacon_formula_16632_sqrt_S,modelo_teorico_e_real
2022-12-02,15992822.966507178,5.0,4.879342524642616,1.1338,4.159,5.2928,beacon_formula_16632_sqrt_S,modelo_teorico_e_real
2022-12-03,16011961.722488038,4.6,4.497613644644072,0.5101,4.1565,4.6666,beacon_formula_16632_sqrt_S,modelo_teorico_e_real
2022-12-04,16031100.478468899,4.6,4.497613644644072,0.2967,4.154,4.4507,beacon_formula_16632_sqrt_S,modelo_teorico_e_real
2022-12-05,16050239.234449761,4.4,4.306202945020932,0.6922,4.1516,4.8438,beacon_formula_16632_sqrt_S,modelo_teorico_e_real
2022-12-06,16069377.990430621,4.5,4.401953961417071,0.6812,4.1491,4.8303,beacon_formula_16632_sqrt_S,modelo_teorico_e_real
2022-12-07,16088516.746411484,4.7,4.593182169016274,0.6696,4.1466,4.8162,beacon_formula_16632_sqrt_S,modelo_teorico_e_real
2022-12-08,16107655.502392344,5.0,4.879342524642616,0.6671,4.1442,4.8113,beacon_formula_16632_sqrt_S,modelo_teorico_e_real
2022-12-09,16126794.258373205,4.8,4.688659708345533,0.658,4.1417,4.7997,beacon_formula_16632_sqrt_S,modelo_teorico_e_real
2022-12-10,16145933.014354067,4.5,4.401953961417071,0.6543,4.1392,4.7935,beacon_formula_16632_sqrt_S,modelo_teorico_e_real
2022-12-11,16165071.770334927,4.1,4.01840014622612,0.6446,4.1368,4.7814,beacon_formula_16632_sqrt_S,modelo_teorico_e_real
2022-12-12,16184210.52631579,4.7,4.593182169016274,0.6409,4.1343,4.7752,beacon_formula_16632_sqrt_S,modelo_teorico_e_real
2022-12-13,16203349.28229665,4.8,4.688659708345533,0.583,4.1319,4.7149,beacon_formula_16632_sqrt_S,modelo_teorico_e_real
2022-12-14,16222488.038277512,4.9,4.784046435941214,0.6185,4.1295,4.748,beacon_formula_16632_sqrt_S,modelo_teorico_e_real
2022-12-15,16241626.794258373,4.7,4.593182169016274,0.6459,4.127,4.7729,beacon_formula_16632_sqrt_S,modelo_teorico_e_real
2022-12-16,16260765.550239235,5.0,4.879342524642616,0.6717,4.1246,4.7963,beacon_formula_16632_sqrt_S,modelo_teorico_e_real
2022-12-17,16279904.306220096,5.4,5.2596239295422675,0.6327,4.1222,4.7549,beacon_formula_16632_sqrt_S,modelo_teorico_e_real
2022-12-18,16299043.062200956,4.6,4.497613644644072,0.593,4.1198,4.7128,beacon_formula_16632_sqrt_S,modelo_teorico_e_real
2022-12-19,16318181.818181818,4.3,4.210360420655035,0.5504,4.1173,4.6677,beacon_formula_16632_sqrt_S,modelo_teorico_e_real
2022-12-20,16337320.574162679,4.9,4.784046435941214,0.5107,4.1149,4.6256,beacon_formula_16632_sqrt_S,modelo_teorico_e_real
2022-12-21,16356459.330143541,4.5,4.401953961417071,0.4721,4.1125,4.5846,beacon_formula_16632_sqrt_S,modelo_teorico_e_real
2022-12-22,16375598.086124402,4.8,4.688659708345533,0.4345,4.1101,4.5446,beacon_formula_16632_sqrt_S,modelo_teorico_e_real
2022-12-23,16394736.842105262,5.4,5.2596239295422675,0.3999,4.1077,4.5076,beacon_formula_16632_sqrt_S,modelo_teorico_e_real
2022-12-24,16413875.598086124,4.3,4.210360420655035,0.3589,4.1053,4.4642,beacon_formula_16632_sqrt_S,modelo_teorico_e_real
2022-12-25,16433014.354066985,4.0,3.9222820440170114,0.3187,4.1029,4.4216,beacon_formula_16632_sqrt_S,modelo_teorico_e_real
2022-12-26,16452153.110047847,4.4,4.306202945020932,0.2364,4.1005,4.3369,beacon_formula_16632_sqrt_S,modelo_teorico_e_real
2022-12-27,16471291.866028707,4.4,4.306202945020932,1.166,4.0982,5.2642,beacon_formula_16632_sqrt_S,modelo_teorico_e_real
2022-12-28,16490430.62200957,4.6,4.497613644644072,0.6363,4.0958,4.7321,beacon_formula_16632_sqrt_S,modelo_teorico_e_real
2022-12-29,16509569.37799043,4.3,4.210360420655035,0.5813,4.0934,4.6747,beacon_formula_16632_sqrt_S,modelo_teorico_e_real
2022-12-30,16528708.133971293,4.3,4.210360420655035,0.5254,4.091,4.6164,beacon_formula_16632_sqrt_S,modelo_teorico_e_real
2022-12-31,16547846.889952153,4.5,4.401953961417071,0.2169,4.0887,4.3056,beacon_formula_16632_sqrt_S,modelo_teorico_e_real
2023-01-01,16566985.645933013,4.2,4.114426212991962,0.8099,4.0863,4.8962,beacon_formula_16632_sqrt_S,modelo_teorico_e_real
2023-01-02,16586124.401913876,4.4,4.306202945020932,0.3192,4.0839,4.4031,beacon_formula_16632_sqrt_S,modelo_teorico_e_real
2023-01-03,16605263.157894736,4.6,4.497613644644072,0.3371,4.0816,4.4187,beacon_formula_16632_sqrt_S,modelo_teorico_e_real
2023-01-04,16624401.913875598,4.9,4.784046435941214,0.357,4.0792,4.4362,beacon_formula_16632_sqrt_S,modelo_teorico_e_real
2023-01-05,16643540.669856459,5.5,5.354469398815231,0.3114,4.0769,4.3883,beacon_formula_16632_sqrt_S,modelo_teorico_e_real
2023-01-06,16662679.42583732,4.5,4.401953961417071,0.2673,4.0746,4.3419,beacon_formula_16632_sqrt_S,modelo_teorico_e_real
2023-01-07,16681818.181818182,4.5,4.401953961417071,0.223,4.0722,4.2952,beacon_formula_16632_sqrt_S,modelo_teorico_e_real
2023-01-08,16700956.937799044,4.2,4.114426212991962,0.4859,4.0699,4.5558,beacon_formula_16632_sqrt_S,modelo_teorico_e_real
2023-01-09,16720095.693779904,5.2,5.069663474126296,0.6199,4.0676,4.6875,beacon_formula_16632_sqrt_S,modelo_teorico_e_real
2023-01-10,16739234.449760765,4.7,4.593182169016274,3.2907,4.0652,7.3559,beacon_formula_16632_sqrt_S,modelo_teorico_e_real
2023-01-11,16758373.205741627,4.4,4.306202945020932,0.3757,4.0629,4.4386,beacon_formula_16632_sqrt_S,modelo_teorico_e_real
2023-01-12,16777511.96172249,5.3,5.164688678107154,1.5151,4.0606,5.5757,beacon_formula_16632_sqrt_S,modelo_teorico_e_real
2023-01-13,16796650.71770335,5.5,5.354469398815231,2.6594,4.0583,6.7177,beacon_formula_16632_sqrt_S,modelo_teorico_e_real
2023-01-14,16815789.47368421,6.0,5.827355942028878,0.4827,4.056,4.5387,beacon_formula_16632_sqrt_S,modelo_teorico_e_real
2023-01-15,16834928.22966507,4.8,4.688659708345533,0.7044,4.0537,4.7581,beacon_formula_16632_sqrt_S,modelo_teorico_e_real
2023-01-16,16854066.98564593,5.0,4.879342524642616,0.9255,4.0514,4.9769,beacon_formula_16632_sqrt_S,modelo_teorico_e_real
2023-01-17,16873205.741626795,5.0,4.879342524642616,1.1369,4.0491,5.186,beacon_formula_16632_sqrt_S,modelo_teorico_e_real
2023-01-18,16892344.497607656,4.9,4.784046435941214,0.6449,4.0468,4.6917,beacon_formula_16632_sqrt_S,modelo_teorico_e_real
2023-01-19,16911483.253588516,5.5,5.354469398815231,0.5546,4.0445,4.5991,beacon_formula_16632_sqrt_S,modelo_teorico_e_real
2023-01-20,16930622.009569377,4.5,4.401953961417071,3.352,4.0422,7.3942,beacon_formula_16632_sqrt_S,modelo_teorico_e_real
2023-01-21,16949760.76555024,5.3,5.164688678107154,6.1181,4.0399,10.158,beacon_formula_16632_sqrt_S,modelo_teorico_e_real
2023-01-22,16968899.5215311,4.6,4.497613644644072,3.3362,4.0376,7.3738,beacon_formula_16632_sqrt_S,modelo_teorico_e_real
2023-01-23,16988038.27751196,4.6,4.497613644644072,0.5755,4.0354,4.6109,beacon_formula_16632_sqrt_S,modelo_teorico_e_real
2023-01-24,17007177.033492822,5.0,4.879342524642616,3.8418,4.0331,7.8749,beacon_formula_16632_sqrt_S,modelo_teorico_e_real
2023-01-25,17026315.789473683,5.4,5.2596239295422675,0.7029,4.0308,4.7337,beacon_formula_16632_sqrt_S,modelo_teorico_e_real
2023-01-26,17045454.545454547,5.0,4.879342524642616,0.532,4.0285,4.5605,beacon_formula_16632_sqrt_S,modelo_teorico_e_real
2023-01-27,17064593.301435407,5.7,5.543891669945289,0.3728,4.0263,4.3991,beacon_formula_16632_sqrt_S,modelo_teorico_e_real
2023-01-28,17083732.057416268,4.6,4.497613644644072,0.219,4.024,4.243,beacon_formula_16632_sqrt_S,modelo_teorico_e_real
2023-01-29,17102870.813397128,4.4,4.306202945020932,0.6425,4.0218,4.6643,beacon_formula_16632_sqrt_S,modelo_teorico_e_real
2023-01-30,17122009.56937799,4.6,4.497613644644072,1.38,4.0195,5.3995,beacon_formula_16632_sqrt_S,modelo_teorico_e_real
2023-01-31,17141148.325358853,4.8,4.688659708345533,1.1057,4.0173,5.123,beacon_formula_16632_sqrt_S,modelo_teorico_e_real
2023-02-01,17160287.081339713,4.7,4.593182169016274,0.8203,4.015,4.8353,beacon_formula_16632_sqrt_S,modelo_teorico_e_real
2023-02-02,17179425.837320574,5.1,4.974548146754132,0.5351,4.0128,4.5479,beacon_formula_16632_sqrt_S,modelo_teorico_e_real
2023-02-03,17198564.593301434,5.0,4.879342524642616,0.6704,4.0106,4.681,beacon_formula_16632_sqrt_S,modelo_teorico_e_real
2023-02-04,17217703.349282295,5.0,4.879342524642616,1.502,4.0083,5.5103,beacon_formula_16632_sqrt_S,modelo_teorico_e_real
2023-02-05,17236842.10526316,4.6,4.497613644644072,0.4412,4.0061,4.4473,beacon_formula_16632_sqrt_S,modelo_teorico_e_real
2023-02-06,17255980.86124402,4.6,4.497613644644072,0.4488,4.0039,4.4527,beacon_formula_16632_sqrt_S,modelo_teorico_e_real
2023-02-07,17275119.61722488,5.0,4.879342524642616,0.4553,4.0017,4.457,beacon_formula_16632_sqrt_S,modelo_teorico_e_real
2023-02-08,17294258.37320574,5.1,4.974548146754132,0.4572,3.9995,4.4567,beacon_formula_16632_sqrt_S,modelo_teorico_e_real
2023-02-09,17313397.129186604,5.4,5.2596239295422675,1.2066,3.9973,5.2039,beacon_formula_16632_sqrt_S,modelo_teorico_e_real
2023-02-10,17332535.885167465,5.1,4.974548146754132,1.7852,3.995,5.7802,beacon_formula_16632_sqrt_S,modelo_teorico_e_real
2023-02-11,17351674.641148325,4.8,4.688659708345533,0.3719,3.9928,4.3647,beacon_formula_16632_sqrt_S,modelo_teorico_e_real
2023-02-12,17370813.397129185,4.4,4.306202945020932,0.7175,3.9906,4.7081,beacon_formula_16632_sqrt_S,modelo_teorico_e_real
2023-02-13,17389952.15311005,5.0,4.879342524642616,0.8386,3.9884,4.827,beacon_formula_16632_sqrt_S,modelo_teorico_e_real
2023-02-14,17409090.90909091,4.8,4.688659708345533,0.686,3.9863,4.6723,beacon_formula_16632_sqrt_S,modelo_teorico_e_real
2023-02-15,17428229.66507177,6.5,6.2980232111284895,0.5403,3.9841,4.5244,beacon_formula_16632_sqrt_S,modelo_teorico_e_real
2023-02-16,17447368.42105263,5.3,5.164688678107154,0.4713,3.9819,4.4532,beacon_formula_16632_sqrt_S,modelo_teorico_e_real
2023-02-17,17466507.17703349,5.0,4.879342524642616,0.4021,3.9797,4.3818,beacon_formula_16632_sqrt_S,modelo_teorico_e_real
2023-02-18,17485645.933014356,5.4,5.2596239295422675,1.2804,3.9775,5.2579,beacon_formula_16632_sqrt_S,modelo_teorico_e_real
2023-02-19,17504784.688995216,5.0,4.879342524642616,0.5465,3.9753,4.5218,beacon_formula_16632_sqrt_S,modelo_teorico_e_real
2023-02-20,17523923.444976076,4.9,4.784046435941214,1.1473,3.9732,5.1205,beacon_formula_16632_sqrt_S,modelo_teorico_e_real
2023-02-21,17543062.200956937,5.0,4.879342524642616,1.1798,3.971,5.1508,beacon_formula_16632_sqrt_S,modelo_teorico_e_real
2023-02-22,17562200.956937797,5.3,5.164688678107154,0.9953,3.9688,4.9641,beacon_formula_16632_sqrt_S,modelo_teorico_e_real
2023-02-23,17581339.71291866,5.0,4.879342524642616,0.8296,3.9667,4.7963,beacon_formula_16632_sqrt_S,modelo_teorico_e_real
2023-02-24,17600478.468899522,4.7,4.593182169016274,0.8748,3.9645,4.8393,beacon_formula_16632_sqrt_S,modelo_teorico_e_real
2023-02-25,17619617.224880382,4.5,4.401953961417071,0.9255,3.9624,4.8879,beacon_formula_16632_sqrt_S,modelo_teorico_e_real
2023-02-26,17638755.980861243,4.1,4.01840014622612,0.9771,3.9602,4.9373,beacon_formula_16632_sqrt_S,modelo_teorico_e_real
2023-02-27,17657894.736842103,4.0,3.9222820440170114,1.0188,3.9581,4.9769,beacon_formula_16632_sqrt_S,modelo_teorico_e_real
2023-02-28,17677033.492822967,4.6,4.497613644644072,1.9433,3.9559,5.8992,beacon_formula_16632_sqrt_S,modelo_teorico_e_real
2023-03-01,17696172.248803828,4.4,4.306202945020932,0.5393,3.9538,4.4931,beacon_formula_16632_sqrt_S,modelo_teorico_e_real
2023-03-02,17715311.00478469,4.8,4.688659708345533,0.3772,3.9516,4.3288,beacon_formula_16632_sqrt_S,modelo_teorico_e_real
2023-03-03,17734449.76076555,5.2,5.069663474126296,0.6803,3.9495,4.6298,beacon_formula_16632_sqrt_S,modelo_teorico_e_real
2023-03-04,17753588.51674641,4.4,4.306202945020932,0.629,3.9474,4.5764,beacon_formula_16632_sqrt_S,modelo_teorico_e_real
2023-03-05,17772727.272727273,4.4,4.306202945020932,0.5789,3.9453,4.5242,beacon_formula_16632_sqrt_S,modelo_teorico_e_real
2023-03-06,17791866.028708134,4.2,4.114426212991962,1.1596,3.9431,5.1027,beacon_formula_16632_sqrt_S,modelo_teorico_e_real
2023-03-07,17811004.784688994,5.0,4.879342524642616,1.7434,3.941,5.6844,beacon_formula_16632_sqrt_S,modelo_teorico_e_real
2023-03-08,17830143.540669855,4.6,4.497613644644072,1.2794,3.9389,5.2183,beacon_formula_16632_sqrt_S,modelo_teorico_e_real
2023-03-09,17849282.29665072,4.5,4.401953961417071,0.3391,3.9368,4.2759,beacon_formula_16632_sqrt_S,modelo_teorico_e_real
2023-03-10,17868421.05263158,5.4,5.2596239295422675,1.202,3.9347,5.1367,beacon_formula_16632_sqrt_S,modelo_teorico_e_real
2023-03-11,17887559.80861244,6.2,6.01588799337871,2.0702,3.9326,6.0028,beacon_formula_16632_sqrt_S,modelo_teorico_e_real
2023-03-12,17906698.5645933,6.2,6.01588799337871,1.4666,3.9305,5.3971,beacon_formula_16632_sqrt_S,modelo_teorico_e_real
2023-03-13,17925837.320574164,6.7,6.485673382327972,1.008,3.9284,4.9364,beacon_formula_16632_sqrt_S,modelo_teorico_e_real
2023-03-14,17944976.076555025,6.6,6.391892184180792,2.3595,3.9263,6.2858,beacon_formula_16632_sqrt_S,modelo_teorico_e_real
2023-03-15,17964114.832535885,6.6,6.391892184180792,3.7013,3.9242,7.6255,beacon_formula_16632_sqrt_S,modelo_teorico_e_real
2023-03-16,17983253.588516746,6.7,6.485673382327972,0.9378,3.9221,4.8599,beacon_formula_16632_sqrt_S,modelo_teorico_e_real
2023-03-17,18002392.344497606,7.1,6.8599237035148475,0.2417,3.92,4.1617,beacon_formula_16632_sqrt_S,modelo_teorico_e_real
2023-03-18,18021531.10047847,6.4,6.204066298485023,0.3157,3.9179,4.2336,beacon_formula_16632_sqrt_S,modelo_teorico_e_real
2023-03-19,18040669.85645933,5.6,5.44922525581526,0.3871,3.9159,4.303,beacon_formula_16632_sqrt_S,modelo_teorico_e_real
2023-03-20,18059808.61244019,5.9,5.732956844848647,0.4574,3.9138,4.3712,beacon_formula_16632_sqrt_S,modelo_teorico_e_real
2023-03-21,18078947.36842105,5.5,5.354469398815231,0.2524,3.9117,4.1641,beacon_formula_16632_sqrt_S,modelo_teorico_e_real
2023-03-22,18098086.124401912,5.4,5.2596239295422675,1.0782,3.9096,4.9878,beacon_formula_16632_sqrt_S,modelo_teorico_e_real
2023-03-23,18117224.880382776,5.3,5.164688678107154,3.2222,3.9076,7.1298,beacon_formula_16632_sqrt_S,modelo_teorico_e_real
2023-03-24,18136363.636363637,5.2,5.069663474126296,5.2828,3.9055,9.1883,beacon_formula_16632_sqrt_S,modelo_teorico_e_real
2023-03-25,18155502.392344497,5.0,4.879342524642616,0.2296,3.9035,4.1331,beacon_formula_16632_sqrt_S,modelo_teorico_e_real
2023-03-26,18174641.148325358,5.0,4.879342524642616,0.547,3.9014,4.4484,beacon_formula_16632_sqrt_S,modelo_teorico_e_real
2023-03-27,18193779.904306218,4.4,4.306202945020932,0.863,3.8993,4.7623,beacon_formula_16632_sqrt_S,modelo_teorico_e_real
2023-03-28,18212918.660287082,4.5,4.401953961417071,1.1765,3.8973,5.0738,beacon_formula_16632_sqrt_S,modelo_teorico_e_real
2023-03-29,18232057.416267943,4.5,4.401953961417071,0.8366,3.8952,4.7318,beacon_formula_16632_sqrt_S,modelo_teorico_e_real
2023-03-30,18251196.172248803,4.5,4.401953961417071,0.4872,3.8932,4.3804,beacon_formula_16632_sqrt_S,modelo_teorico_e_real
2023-03-31,18270334.928229664,4.5,4.401953961417071,0.351,3.8912,4.2422,beacon_formula_16632_sqrt_S,modelo_teorico_e_real
2023-04-01,18289473.684210524,4.5,4.401953961417071,0.5505,3.8891,4.4396,beacon_formula_16632_sqrt_S,modelo_teorico_e_real
2023-04-02,18308612.440191388,4.5,4.401953961417071,1.3696,3.8871,5.2567,beacon_formula_16632_sqrt_S,modelo_teorico_e_real
2023-04-03,18327751.19617225,4.4,4.306202945020932,2.2047,3.8851,6.0898,beacon_formula_16632_sqrt_S,modelo_teorico_e_real
2023-04-04,18346889.95215311,4.3,4.210360420655035,3.0412,3.883,6.9242,beacon_formula_16632_sqrt_S,modelo_teorico_e_real
2023-04-05,18366028.70813397,4.3,4.210360420655035,0.4011,3.881,4.2821,beacon_formula_16632_sqrt_S,modelo_teorico_e_real
2023-04-06,18385167.464114834,4.2,4.114426212991962,0.6954,3.879,4.5744,beacon_formula_16632_sqrt_S,modelo_teorico_e_real
2023-04-07,18404306.220095694,4.2,4.114426212991962,0.5712,3.877,4.4482,beacon_formula_16632_sqrt_S,modelo_teorico_e_real
2023-04-08,18423444.976076555,4.1,4.01840014622612,0.4489,3.875,4.3239,beacon_formula_16632_sqrt_S,modelo_teorico_e_real
2023-04-09,18442583.732057415,4.7,4.593182169016274,0.3273,3.873,4.2003,beacon_formula_16632_sqrt_S,modelo_teorico_e_real
2023-04-10,18461722.48803828,4.7,4.593182169016274,0.2054,3.8709,4.0763,beacon_formula_16632_sqrt_S,modelo_teorico_e_real
2023-04-11,18480861.24401914,4.7,4.593182169016274,0.3028,3.8689,4.1717,beacon_formula_16632_sqrt_S,modelo_teorico_e_real
2023-04-12,18500000.0,4.8,4.688659708345533,2.5485,3.8669,6.4154,beacon_formula_16632_sqrt_S,modelo_teorico_e_real
2023-04-13,18539015.151515152,4.7,4.593182169016274,1.3725,3.8629,5.2354,beacon_formula_16632_sqrt_S,modelo_teorico_e_real
2023-04-14,18578030.303030305,4.9,4.784046435941214,0.1742,3.8588,4.033,beacon_formula_16632_sqrt_S,modelo_teorico_e_real
2023-04-15,18617045.454545453,4.8,4.688659708345533,0.2345,3.8548,4.0893,beacon_formula_16632_sqrt_S,modelo_teorico_e_real
2023-04-16,18656060.606060605,4.3,4.210360420655035,0.295,3.8507,4.1457,beacon_formula_16632_sqrt_S,modelo_teorico_e_real
2023-04-17,18695075.757575758,4.3,4.210360420655035,12.639,3.8467,16.4857,beacon_formula_16632_sqrt_S,modelo_teorico_e_real
2023-04-18,18734090.90909091,4.4,4.306202945020932,25.0235,3.8427,28.8662,beacon_formula_16632_sqrt_S,modelo_teorico_e_real
2023-04-19,18773106.060606062,4.6,4.497613644644072,2.9933,3.8387,6.832,beacon_formula_16632_sqrt_S,modelo_teorico_e_real
2023-04-20,18812121.21212121,4.8,4.688659708345533,5.891,3.8347,9.7257,beacon_formula_16632_sqrt_S,modelo_teorico_e_real
2023-04-21,18851136.363636363,5.0,4.879342524642616,0.4492,3.8308,4.28,beacon_formula_16632_sqrt_S,modelo_teorico_e_real
2023-04-22,18890151.515151516,5.0,4.879342524642616,0.4758,3.8268,4.3026,beacon_formula_16632_sqrt_S,modelo_teorico_e_real
2023-04-23,18929166.666666668,5.0,4.879342524642616,0.9935,3.8228,4.8163,beacon_formula_16632_sqrt_S,modelo_teorico_e_real
2023-04-24,18968181.818181816,5.1,4.974548146754132,1.5081,3.8189,5.327,beacon_formula_16632_sqrt_S,modelo_teorico_e_real
2023-04-25,19007196.96969697,5.1,4.974548146754132,0.9111,3.815,4.7261,beacon_formula_16632_sqrt_S,modelo_teorico_e_real
2023-04-26,19046212.12121212,5.0,4.879342524642616,0.3209,3.8111,4.132,beacon_formula_16632_sqrt_S,modelo_teorico_e_real
2023-04-27,19085227.272727273,4.8,4.688659708345533,0.5914,3.8072,4.3986,beacon_formula_16632_sqrt_S,modelo_teorico_e_real
2023-04-28,19124242.424242426,4.7,4.593182169016274,0.476,3.8033,4.2793,beacon_formula_16632_sqrt_S,modelo_teorico_e_real
2023-04-29,19163257.575757574,4.7,4.593182169016274,0.225,3.7994,4.0244,beacon_formula_16632_sqrt_S,modelo_teorico_e_real
2023-04-30,19202272.727272727,4.6,4.497613644644072,0.7432,3.7956,4.5388,beacon_formula_16632_sqrt_S,modelo_teorico_e_real
2023-05-01,19241287.87878788,4.8,4.688659708345533,1.4235,3.7917,5.2152,beacon_formula_16632_sqrt_S,modelo_teorico_e_real
2023-05-02,19280303.03030303,5.0,4.879342524642616,2.1052,3.7879,5.8931,beacon_formula_16632_sqrt_S,modelo_teorico_e_real
2023-05-03,19319318.181818184,5.2,5.069663474126296,0.5545,3.7841,4.3386,beacon_formula_16632_sqrt_S,modelo_teorico_e_real
2023-05-04,19358333.333333332,5.3,5.164688678107154,2.0464,3.7802,5.8266,beacon_formula_16632_sqrt_S,modelo_teorico_e_real
2023-05-05,19397348.484848484,5.4,5.2596239295422675,3.5631,3.7764,7.3395,beacon_formula_16632_sqrt_S,modelo_teorico_e_real
2023-05-06,19436363.636363637,5.9,5.732956844848647,2.8085,3.7726,6.5811,beacon_formula_16632_sqrt_S,modelo_teorico_e_real
2023-05-07,19475378.78787879,6.2,6.01588799337871,2.0892,3.7689,5.8581,beacon_formula_16632_sqrt_S,modelo_teorico_e_real
2023-05-08,19514393.939393938,6.6,6.391892184180792,1.4808,3.7651,5.2459,beacon_formula_16632_sqrt_S,modelo_teorico_e_real
2023-05-09,19553409.09090909,6.7,6.485673382327972,0.8697,3.7613,4.631,beacon_formula_16632_sqrt_S,modelo_teorico_e_real
2023-05-10,19592424.242424242,6.7,6.485673382327972,0.5637,3.7576,4.3213,beacon_formula_16632_sqrt_S,modelo_teorico_e_real
2023-05-11,19631439.393939395,6.8,6.5793669698103185,2.7254,3.7538,6.4792,beacon_formula_16632_sqrt_S,modelo_teorico_e_real
2023-05-12,19670454.545454547,7.0,6.766491967326482,1.6683,3.7501,5.4184,beacon_formula_16632_sqrt_S,modelo_teorico_e_real
2023-05-13,19709469.696969695,6.7,6.485673382327972,0.6432,3.7464,4.3896,beacon_formula_16632_sqrt_S,modelo_teorico_e_real
2023-05-14,19748484.848484848,6.4,6.204066298485023,0.6735,3.7427,4.4162,beacon_formula_16632_sqrt_S,modelo_teorico_e_real
2023-05-15,19787500.0,6.0,5.827355942028878,0.7051,3.739,4.4441,beacon_formula_16632_sqrt_S,modelo_teorico_e_real
2023-05-16,19826515.151515152,5.9,5.732956844848647,2.0859,3.7353,5.8212,beacon_formula_16632_sqrt_S,modelo_teorico_e_real
2023-05-17,19865530.303030305,5.7,5.543891669945289,3.4508,3.7317,7.1825,beacon_formula_16632_sqrt_S,modelo_teorico_e_real
2023-05-18,19904545.454545453,5.4,5.2596239295422675,73.2208,3.728,76.9488,beacon_formula_16632_sqrt_S,modelo_teorico_e_real
2023-05-19,19943560.606060605,5.2,5.069663474126296,1.5383,3.7244,5.2627,beacon_formula_16632_sqrt_S,modelo_teorico_e_real
2023-05-20,19982575.757575758,5.1,4.974548146754132,1.0033,3.7207,4.724,beacon_formula_16632_sqrt_S,modelo_teorico_e_real
2023-05-21,20021590.90909091,5.0,4.879342524642616,0.6883,3.7171,4.4054,beacon_formula_16632_sqrt_S,modelo_teorico_e_real
2023-05-22,20060606.060606062,5.0,4.879342524642616,0.7671,3.7135,4.4806,beacon_formula_16632_sqrt_S,modelo_teorico_e_real
2023-05-23,20099621.21212121,5.0,4.879342524642616,0.8494,3.7099,4.5593,beacon_formula_16632_sqrt_S,modelo_teorico_e_real
2023-05-24,20138636.363636363,4.9,4.784046435941214,0.9248,3.7063,4.6311,beacon_formula_16632_sqrt_S,modelo_teorico_e_real
2023-05-25,20177651.515151516,4.9,4.784046435941214,0.9969,3.7027,4.6996,beacon_formula_16632_sqrt_S,modelo_teorico_e_real
2023-05-26,20216666.666666668,4.9,4.784046435941214,0.3544,3.6991,4.0535,beacon_formula_16632_sqrt_S,modelo_teorico_e_real
2023-05-27,20255681.818181816,4.8,4.688659708345533,0.4531,3.6956,4.1487,beacon_formula_16632_sqrt_S,modelo_teorico_e_real
2023-05-28,20294696.96969697,4.8,4.688659708345533,1.1124,3.692,4.8044,beacon_formula_16632_sqrt_S,modelo_teorico_e_real
2023-05-29,20333712.12121212,4.9,4.784046435941214,0.7806,3.6885,4.4691,beacon_formula_16632_sqrt_S,modelo_teorico_e_real
2023-05-30,20372727.272727273,4.8,4.688659708345533,0.549,3.6849,4.2339,beacon_formula_16632_sqrt_S,modelo_teorico_e_real
2023-05-31,20411742.424242426,4.8,4.688659708345533,1.7291,3.6814,5.4105,beacon_formula_16632_sqrt_S,modelo_teorico_e_real
2023-06-01,20450757.575757574,4.7,4.593182169016274,0.6597,3.6779,4.3376,beacon_formula_16632_sqrt_S,modelo_teorico_e_real
2023-06-02,20489772.727272727,4.7,4.593182169016274,2.3385,3.6744,6.0129,beacon_formula_16632_sqrt_S,modelo_teorico_e_real
2023-06-03,20528787.87878788,4.5,4.401953961417071,1.3918,3.6709,5.0627,beacon_formula_16632_sqrt_S,modelo_teorico_e_real
2023-06-04,20567803.03030303,4.4,4.306202945020932,0.4565,3.6674,4.1239,beacon_formula_16632_sqrt_S,modelo_teorico_e_real
2023-06-05,20606818.18181818,4.3,4.210360420655035,0.356,3.6639,4.0199,beacon_formula_16632_sqrt_S,modelo_teorico_e_real
2023-06-06,20645833.333333332,4.3,4.210360420655035,0.2596,3.6605,3.9201,beacon_formula_16632_sqrt_S,modelo_teorico_e_real
2023-06-07,20684848.484848484,4.2,4.114426212991962,0.3242,3.657,3.9812,beacon_formula_16632_sqrt_S,modelo_teorico_e_real
2023-06-08,20723863.636363637,4.1,4.01840014622612,0.3896,3.6536,4.0432,beacon_formula_16632_sqrt_S,modelo_teorico_e_real
2023-06-09,20762878.78787879,4.0,3.9222820440170114,0.6123,3.6501,4.2624,beacon_formula_16632_sqrt_S,modelo_teorico_e_real
2023-06-10,20801893.939393938,4.1,4.01840014622612,0.8309,3.6467,4.4776,beacon_formula_16632_sqrt_S,modelo_teorico_e_real
2023-06-11,20840909.09090909,4.1,4.01840014622612,0.483,3.6433,4.1263,beacon_formula_16632_sqrt_S,modelo_teorico_e_real
2023-06-12,20879924.242424242,4.0,3.9222820440170114,0.1365,3.6399,3.7764,beacon_formula_16632_sqrt_S,modelo_teorico_e_real
2023-06-13,20918939.393939395,4.0,3.9222820440170114,0.2439,3.6365,3.8804,beacon_formula_16632_sqrt_S,modelo_teorico_e_real
2023-06-14,20957954.545454547,3.9,3.8260717295459656,0.3504,3.6331,3.9835,beacon_formula_16632_sqrt_S,modelo_teorico_e_real
2023-06-15,20996969.696969695,3.9,3.8260717295459656,1.6015,3.6297,5.2312,beacon_formula_16632_sqrt_S,modelo_teorico_e_real
2023-06-16,21035984.848484848,3.9,3.8260717295459656,0.9666,3.6264,4.593,beacon_formula_16632_sqrt_S,modelo_teorico_e_real
2023-06-17,21075000.0,3.9,3.8260717295459656,0.5825,3.623,4.2055,beacon_formula_16632_sqrt_S,modelo_teorico_e_real
2023-06-18,21114015.151515152,3.8,3.7297690254594063,0.1942,3.6197,3.8139,beacon_formula_16632_sqrt_S,modelo_teorico_e_real
2023-06-19,21153030.303030305,3.8,3.7297690254594063,0.2138,3.6163,3.8301,beacon_formula_16632_sqrt_S,modelo_teorico_e_real
2023-06-20,21192045.454545453,3.8,3.7297690254594063,0.4165,3.613,4.0295,beacon_formula_16632_sqrt_S,modelo_teorico_e_real
2023-06-21,21231060.606060605,3.8,3.7297690254594063,0.3861,3.6097,3.9958,beacon_formula_16632_sqrt_S,modelo_teorico_e_real
2023-06-22,21270075.757575758,3.8,3.7297690254594063,0.3506,3.6064,3.957,beacon_formula_16632_sqrt_S,modelo_teorico_e_real
2023-06-23,21309090.90909091,3.8,3.7297690254594063,0.5449,3.6031,4.148,beacon_formula_16632_sqrt_S,modelo_teorico_e_real
2023-06-24,21348106.060606062,3.8,3.7297690254594063,0.2324,3.5998,3.8322,beacon_formula_16632_sqrt_S,modelo_teorico_e_real
2023-06-25,21387121.21212121,3.8,3.7297690254594063,0.2855,3.5965,3.882,beacon_formula_16632_sqrt_S,modelo_teorico_e_real
2023-06-26,21426136.363636363,3.8,3.7297690254594063,0.3671,3.5932,3.9603,beacon_formula_16632_sqrt_S,modelo_teorico_e_real
2023-06-27,21465151.515151516,3.8,3.7297690254594063,0.6728,3.5899,4.2627,beacon_formula_16632_sqrt_S,modelo_teorico_e_real
2023-06-28,21504166.666666668,3.8,3.7297690254594063,0.9676,3.5867,4.5543,beacon_formula_16632_sqrt_S,modelo_teorico_e_real
2023-06-29,21543181.818181816,3.8,3.7297690254594063,0.8878,3.5834,4.4712,beacon_formula_16632_sqrt_S,modelo_teorico_e_real
2023-06-30,21582196.96969697,3.8,3.7297690254594063,0.8076,3.5802,4.3878,beacon_formula_16632_sqrt_S,modelo_teorico_e_real
2023-07-01,21621212.12121212,3.9,3.8260717295459656,0.4088,3.5769,3.9857,beacon_formula_16632_sqrt_S,modelo_teorico_e_real
2023-07-02,21660227.272727273,3.9,3.8260717295459656,0.3015,3.5737,3.8752,beacon_formula_16632_sqrt_S,modelo_teorico_e_real
2023-07-03,21699242.424242422,4.0,3.9222820440170114,0.1959,3.5705,3.7664,beacon_formula_16632_sqrt_S,modelo_teorico_e_real
2023-07-04,21738257.575757574,4.0,3.9222820440170114,0.6904,3.5673,4.2577,beacon_formula_16632_sqrt_S,modelo_teorico_e_real
2023-07-05,21777272.727272727,4.0,3.9222820440170114,1.1849,3.5641,4.749,beacon_formula_16632_sqrt_S,modelo_teorico_e_real
2023-07-06,21816287.87878788,4.0,3.9222820440170114,0.7723,3.5609,4.3332,beacon_formula_16632_sqrt_S,modelo_teorico_e_real
2023-07-07,21855303.03030303,4.0,3.9222820440170114,0.6626,3.5577,4.2203,beacon_formula_16632_sqrt_S,modelo_teorico_e_real
2023-07-08,21894318.18181818,3.9,3.8260717295459656,0.5653,3.5546,4.1199,beacon_formula_16632_sqrt_S,modelo_teorico_e_real
2023-07-09,21933333.333333332,3.8,3.7297690254594063,0.4678,3.5514,4.0192,beacon_formula_16632_sqrt_S,modelo_teorico_e_real
2023-07-10,21972348.484848484,3.9,3.8260717295459656,0.3715,3.5483,3.9198,beacon_formula_16632_sqrt_S,modelo_teorico_e_real
2023-07-11,22011363.636363637,3.9,3.8260717295459656,0.2758,3.5451,3.8209,beacon_formula_16632_sqrt_S,modelo_teorico_e_real
2023-07-12,22050378.78787879,3.9,3.8260717295459656,0.2826,3.542,3.8246,beacon_formula_16632_sqrt_S,modelo_teorico_e_real
2023-07-13,22089393.939393938,3.9,3.8260717295459656,0.4,3.5388,3.9388,beacon_formula_16632_sqrt_S,modelo_teorico_e_real
2023-07-14,22128409.09090909,3.9,3.8260717295459656,0.4189,3.5357,3.9546,beacon_formula_16632_sqrt_S,modelo_teorico_e_real
2023-07-15,22167424.242424242,3.8,3.7297690254594063,0.4408,3.5326,3.9734,beacon_formula_16632_sqrt_S,modelo_teorico_e_real
2023-07-16,22206439.393939395,3.8,3.7297690254594063,0.3014,3.5295,3.8309,beacon_formula_16632_sqrt_S,modelo_teorico_e_real
2023-07-17,22245454.545454547,3.9,3.8260717295459656,13.8591,3.5264,17.3855,beacon_formula_16632_sqrt_S,modelo_teorico_e_real
2023-07-18,22284469.696969695,3.8,3.7297690254594063,0.5054,3.5233,4.0287,beacon_formula_16632_sqrt_S,modelo_teorico_e_real
2023-07-19,22323484.848484848,3.9,3.8260717295459656,0.4895,3.5202,4.0097,beacon_formula_16632_sqrt_S,modelo_teorico_e_real
2023-07-20,22362500.0,3.9,3.8260717295459656,0.4866,3.5172,4.0038,beacon_formula_16632_sqrt_S,modelo_teorico_e_real
2023-07-21,22401515.151515152,3.9,3.8260717295459656,0.1337,3.5141,3.6478,beacon_formula_16632_sqrt_S,modelo_teorico_e_real
2023-07-22,22440530.303030305,3.9,3.8260717295459656,0.3333,3.511,3.8443,beacon_formula_16632_sqrt_S,modelo_teorico_e_real
2023-07-23,22479545.454545453,3.9,3.8260717295459656,0.5344,3.508,4.0424,beacon_formula_16632_sqrt_S,modelo_teorico_e_real
2023-07-24,22518560.606060605,4.0,3.9222820440170114,0.7324,3.505,4.2374,beacon_formula_16632_sqrt_S,modelo_teorico_e_real
2023-07-25,22557575.757575758,4.0,3.9222820440170114,0.8695,3.5019,4.3714,beacon_formula_16632_sqrt_S,modelo_teorico_e_real
2023-07-26,22596590.90909091,4.0,3.9222820440170114,4.418,3.4989,7.9169,beacon_formula_16632_sqrt_S,modelo_teorico_e_real
2023-07-27,22635606.06060606,4.0,3.9222820440170114,2.3617,3.4959,5.8576,beacon_formula_16632_sqrt_S,modelo_teorico_e_real
2023-07-28,22674621.21212121,4.0,3.9222820440170114,0.3152,3.4929,3.8081,beacon_formula_16632_sqrt_S,modelo_teorico_e_real
2023-07-29,22713636.363636363,4.0,3.9222820440170114,0.4993,3.4899,3.9892,beacon_formula_16632_sqrt_S,modelo_teorico_e_real
2023-07-30,22752651.515151516,4.0,3.9222820440170114,0.3703,3.4869,3.8572,beacon_formula_16632_sqrt_S,modelo_teorico_e_real
2023-07-31,22791666.666666664,4.2,4.114426212991962,0.2442,3.4839,3.7281,beacon_formula_16632_sqrt_S,modelo_teorico_e_real
2023-08-01,22830681.818181816,4.2,4.114426212991962,0.3522,3.4809,3.8331,beacon_formula_16632_sqrt_S,modelo_teorico_e_real
2023-08-02,22869696.96969697,4.2,4.114426212991962,0.3225,3.4779,3.8004,beacon_formula_16632_sqrt_S,modelo_teorico_e_real
2023-08-03,22908712.12121212,4.1,4.01840014622612,0.2941,3.475,3.7691,beacon_formula_16632_sqrt_S,modelo_teorico_e_real
2023-08-04,22947727.272727273,4.1,4.01840014622612,0.5174,3.472,3.9894,beacon_formula_16632_sqrt_S,modelo_teorico_e_real
2023-08-05,22986742.424242422,4.1,4.01840014622612,0.7404,3.4691,4.2095,beacon_formula_16632_sqrt_S,modelo_teorico_e_real
2023-08-06,23025757.575757574,4.0,3.9222820440170114,0.2304,3.4661,3.6965,beacon_formula_16632_sqrt_S,modelo_teorico_e_real
2023-08-07,23064772.727272727,4.1,4.01840014622612,2.2871,3.4632,5.7503,beacon_formula_16632_sqrt_S,modelo_teorico_e_real
2023-08-08,23103787.87878788,3.8,3.7297690254594063,1.7076,3.4603,5.1679,beacon_formula_16632_sqrt_S,modelo_teorico_e_real
2023-08-09,23142803.03030303,3.8,3.7297690254594063,1.1286,3.4574,4.586,beacon_formula_16632_sqrt_S,modelo_teorico_e_real
2023-08-10,23181818.18181818,3.8,3.7297690254594063,1.0533,3.4545,4.5078,beacon_formula_16632_sqrt_S,modelo_teorico_e_real
2023-08-11,23220833.333333332,3.8,3.7297690254594063,0.978,3.4515,4.4295,beacon_formula_16632_sqrt_S,modelo_teorico_e_real
2023-08-12,23259848.484848484,3.8,3.7297690254594063,0.9021,3.4487,4.3508,beacon_formula_16632_sqrt_S,modelo_teorico_e_real
2023-08-13,23298863.636363637,3.8,3.7297690254594063,0.179,3.4458,3.6248,beacon_formula_16632_sqrt_S,modelo_teorico_e_real
2023-08-14,23337878.78787879,3.8,3.7297690254594063,0.6116,3.4429,4.0545,beacon_formula_16632_sqrt_S,modelo_teorico_e_real
2023-08-15,23376893.939393938,3.8,3.7297690254594063,13.1259,3.44,16.5659,beacon_formula_16632_sqrt_S,modelo_teorico_e_real
2023-08-16,23415909.09090909,3.8,3.7297690254594063,0.4762,3.4371,3.9133,beacon_formula_16632_sqrt_S,modelo_teorico_e_real
2023-08-17,23454924.242424242,3.8,3.7297690254594063,0.4675,3.4343,3.9018,beacon_formula_16632_sqrt_S,modelo_teorico_e_real
2023-08-18,23493939.393939395,4.0,3.9222820440170114,0.4619,3.4314,3.8933,beacon_formula_16632_sqrt_S,modelo_teorico_e_real
2023-08-19,23532954.545454547,4.0,3.9222820440170114,0.4577,3.4286,3.8863,beacon_formula_16632_sqrt_S,modelo_teorico_e_real
2023-08-20,23571969.696969695,4.0,3.9222820440170114,0.843,3.4257,4.2687,beacon_formula_16632_sqrt_S,modelo_teorico_e_real
2023-08-21,23610984.848484848,4.1,4.01840014622612,0.5147,3.4229,3.9376,beacon_formula_16632_sqrt_S,modelo_teorico_e_real
2023-08-22,23650000.0,4.0,3.9222820440170114,0.3646,3.4201,3.7847,beacon_formula_16632_sqrt_S,modelo_teorico_e_real
2023-08-23,23689015.151515152,4.0,3.9222820440170114,0.2171,3.4173,3.6344,beacon_formula_16632_sqrt_S,modelo_teorico_e_real
2023-08-24,23728030.303030305,4.0,3.9222820440170114,0.4406,3.4145,3.8551,beacon_formula_16632_sqrt_S,modelo_teorico_e_real
2023-08-25,23767045.454545453,4.0,3.9222820440170114,1.4641,3.4117,4.8758,beacon_formula_16632_sqrt_S,modelo_teorico_e_real
2023-08-26,23806060.606060605,3.8,3.7297690254594063,1.1869,3.4089,4.5958,beacon_formula_16632_sqrt_S,modelo_teorico_e_real
2023-08-27,23845075.757575758,3.7,3.63337375390127,0.9125,3.4061,4.3186,beacon_formula_16632_sqrt_S,modelo_teorico_e_real
2023-08-28,23884090.909090906,3.8,3.7297690254594063,0.6402,3.4033,4.0435,beacon_formula_16632_sqrt_S,modelo_teorico_e_real
2023-08-29,23923106.060606062,3.8,3.7297690254594063,0.3722,3.4005,3.7727,beacon_formula_16632_sqrt_S,modelo_teorico_e_real
2023-08-30,23962121.21212121,3.8,3.7297690254594063,0.4747,3.3977,3.8724,beacon_formula_16632_sqrt_S,modelo_teorico_e_real
2023-08-31,24001136.363636363,3.8,3.7297690254594063,7.9082,3.395,11.3032,beacon_formula_16632_sqrt_S,modelo_teorico_e_real
2023-09-01,24040151.515151516,3.8,3.7297690254594063,4.2718,3.3922,7.664,beacon_formula_16632_sqrt_S,modelo_teorico_e_real
2023-09-02,24079166.666666664,3.7,3.63337375390127,0.6676,3.3895,4.0571,beacon_formula_16632_sqrt_S,modelo_teorico_e_real
2023-09-03,24118181.818181816,3.7,3.63337375390127,0.5465,3.3867,3.9332,beacon_formula_16632_sqrt_S,modelo_teorico_e_real
2023-09-04,24157196.96969697,3.7,3.63337375390127,0.8757,3.384,4.2597,beacon_formula_16632_sqrt_S,modelo_teorico_e_real
2023-09-05,24196212.12121212,3.7,3.63337375390127,0.6778,3.3813,4.0591,beacon_formula_16632_sqrt_S,modelo_teorico_e_real
2023-09-06,24235227.272727273,3.6,3.5368857365049022,0.4866,3.3785,3.8651,beacon_formula_16632_sqrt_S,modelo_teorico_e_real
2023-09-07,24274242.424242422,3.6,3.5368857365049022,0.2963,3.3758,3.6721,beacon_formula_16632_sqrt_S,modelo_teorico_e_real
2023-09-08,24313257.575757574,3.6,3.5368857365049022,0.518,3.3731,3.8911,beacon_formula_16632_sqrt_S,modelo_teorico_e_real
2023-09-09,24352272.727272727,3.6,3.5368857365049022,0.5452,3.3704,3.9156,beacon_formula_16632_sqrt_S,modelo_teorico_e_real
2023-09-10,24391287.87878788,3.7,3.63337375390127,0.5717,3.3677,3.9394,beacon_formula_16632_sqrt_S,modelo_teorico_e_real
2023-09-11,24430303.03030303,3.7,3.63337375390127,0.5953,3.365,3.9603,beacon_formula_16632_sqrt_S,modelo_teorico_e_real
2023-09-12,24469318.18181818,3.8,3.7297690254594063,0.3852,3.3623,3.7475,beacon_formula_16632_sqrt_S,modelo_teorico_e_real
2023-09-13,24508333.333333332,3.8,3.7297690254594063,4.4475,3.3597,7.8072,beacon_formula_16632_sqrt_S,modelo_teorico_e_real
2023-09-14,24547348.484848484,3.7,3.63337375390127,8.5081,3.357,11.8651,beacon_formula_16632_sqrt_S,modelo_teorico_e_real
2023-09-15,24586363.636363637,3.7,3.63337375390127,0.5031,3.3543,3.8574,beacon_formula_16632_sqrt_S,modelo_teorico_e_real
2023-09-16,24625378.78787879,3.6,3.5368857365049022,0.1695,3.3517,3.5212,beacon_formula_16632_sqrt_S,modelo_teorico_e_real
2023-09-17,24664393.939393938,3.6,3.5368857365049022,0.2736,3.349,3.6226,beacon_formula_16632_sqrt_S,modelo_teorico_e_real
2023-09-18,24703409.09090909,3.6,3.5368857365049022,0.2408,3.3464,3.5872,beacon_formula_16632_sqrt_S,modelo_teorico_e_real
2023-09-19,24742424.242424242,3.6,3.5368857365049022,0.2055,3.3437,3.5492,beacon_formula_16632_sqrt_S,modelo_teorico_e_real
2023-09-20,24781439.393939395,3.6,3.5368857365049022,0.4491,3.3411,3.7902,beacon_formula_16632_sqrt_S,modelo_teorico_e_real
2023-09-21,24820454.545454547,3.6,3.5368857365049022,0.1099,3.3385,3.4484,beacon_formula_16632_sqrt_S,modelo_teorico_e_real
2023-09-22,24859469.696969695,3.6,3.5368857365049022,1.0221,3.3359,4.358,beacon_formula_16632_sqrt_S,modelo_teorico_e_real
2023-09-23,24898484.848484848,3.6,3.5368857365049022,0.1237,3.3332,3.4569,beacon_formula_16632_sqrt_S,modelo_teorico_e_real
2023-09-24,24937500.0,3.5,3.440304794384952,0.8943,3.3306,4.2249,beacon_formula_16632_sqrt_S,modelo_teorico_e_real
2023-09-25,24976515.151515152,3.6,3.5368857365049022,1.6622,3.328,4.9902,beacon_formula_16632_sqrt_S,modelo_teorico_e_real
2023-09-26,25015530.303030305,3.6,3.5368857365049022,0.4384,3.3254,3.7638,beacon_formula_16632_sqrt_S,modelo_teorico_e_real
2023-09-27,25054545.454545453,3.6,3.5368857365049022,0.4295,3.3228,3.7523,beacon_formula_16632_sqrt_S,modelo_teorico_e_real
2023-09-28,25093560.606060605,3.5,3.440304794384952,0.3998,3.3203,3.7201,beacon_formula_16632_sqrt_S,modelo_teorico_e_real
2023-09-29,25132575.757575758,3.5,3.440304794384952,0.9233,3.3177,4.241,beacon_formula_16632_sqrt_S,modelo_teorico_e_real
2023-09-30,25171590.909090906,3.5,3.440304794384952,0.1084,3.3151,3.4235,beacon_formula_16632_sqrt_S,modelo_teorico_e_real
2023-10-01,25210606.060606062,3.5,3.440304794384952,0.0949,3.3125,3.4074,beacon_formula_16632_sqrt_S,modelo_teorico_e_real
2023-10-02,25249621.21212121,3.5,3.440304794384952,0.1571,3.31,3.4671,beacon_formula_16632_sqrt_S,modelo_teorico_e_real
2023-10-03,25288636.363636363,3.6,3.5368857365049022,0.7014,3.3074,4.0088,beacon_formula_16632_sqrt_S,modelo_teorico_e_real
2023-10-04,25327651.515151516,3.6,3.5368857365049022,0.2281,3.3049,3.533,beacon_formula_16632_sqrt_S,modelo_teorico_e_real
2023-10-05,25366666.666666664,3.6,3.5368857365049022,0.7994,3.3023,4.1017,beacon_formula_16632_sqrt_S,modelo_teorico_e_real
2023-10-06,25405681.818181816,3.6,3.5368857365049022,0.2029,3.2998,3.5027,beacon_formula_16632_sqrt_S,modelo_teorico_e_real
2023-10-07,25444696.96969697,3.5,3.440304794384952,0.0954,3.2973,3.3927,beacon_formula_16632_sqrt_S,modelo_teorico_e_real
2023-10-08,25483712.12121212,3.5,3.440304794384952,0.1433,3.2947,3.438,beacon_formula_16632_sqrt_S,modelo_teorico_e_real
2023-10-09,25522727.272727273,3.4,3.343630748129267,0.1917,3.2922,3.4839,beacon_formula_16632_sqrt_S,modelo_teorico_e_real
2023-10-10,25561742.424242422,3.4,3.343630748129267,1.7055,3.2897,4.9952,beacon_formula_16632_sqrt_S,modelo_teorico_e_real
2023-10-11,25600757.575757574,3.3,3.2468634178151046,0.9293,3.2872,4.2165,beacon_formula_16632_sqrt_S,modelo_teorico_e_real
2023-10-12,25639772.727272727,3.3,3.2468634178151046,0.1533,3.2847,3.438,beacon_formula_16632_sqrt_S,modelo_teorico_e_real
2023-10-13,25678787.87878788,3.3,3.2468634178151046,0.192,3.2822,3.4742,beacon_formula_16632_sqrt_S,modelo_teorico_e_real
2023-10-14,25717803.03030303,3.3,3.2468634178151046,0.2246,3.2797,3.5043,beacon_formula_16632_sqrt_S,modelo_teorico_e_real
2023-10-15,25756818.18181818,3.3,3.2468634178151046,0.1488,3.2772,3.426,beacon_formula_16632_sqrt_S,modelo_teorico_e_real
2023-10-16,25795833.333333332,3.3,3.2468634178151046,1.1441,3.2747,4.4188,beacon_formula_16632_sqrt_S,modelo_teorico_e_real
2023-10-17,25834848.484848484,3.4,3.343630748129267,0.2524,3.2723,3.5247,beacon_formula_16632_sqrt_S,modelo_teorico_e_real
2023-10-18,25873863.636363637,3.5,3.440304794384952,0.1987,3.2698,3.4685,beacon_formula_16632_sqrt_S,modelo_teorico_e_real
2023-10-19,25912878.78787879,3.6,3.5368857365049022,0.1454,3.2673,3.4127,beacon_formula_16632_sqrt_S,modelo_teorico_e_real
2023-10-20,25951893.939393938,3.6,3.5368857365049022,0.1531,3.2649,3.418,beacon_formula_16632_sqrt_S,modelo_teorico_e_real
2023-10-21,25990909.09090909,3.6,3.5368857365049022,0.1607,3.2624,3.4231,beacon_formula_16632_sqrt_S,modelo_teorico_e_real
2023-10-22,26029924.242424242,3.7,3.63337375390127,0.1684,3.26,3.4284,beacon_formula_16632_sqrt_S,modelo_teorico_e_real
2023-10-23,26068939.393939395,3.7,3.63337375390127,0.1931,3.2576,3.4507,beacon_formula_16632_sqrt_S,modelo_teorico_e_real
2023-10-24,26107954.545454547,3.8,3.7297690254594063,0.7747,3.2551,4.0298,beacon_formula_16632_sqrt_S,modelo_teorico_e_real
2023-10-25,26146969.696969695,3.6,3.5368857365049022,0.679,3.2527,3.9317,beacon_formula_16632_sqrt_S,modelo_teorico_e_real
2023-10-26,26185984.848484848,3.7,3.63337375390127,0.583,3.2503,3.8333,beacon_formula_16632_sqrt_S,modelo_teorico_e_real
2023-10-27,26225000.0,3.7,3.63337375390127,0.5275,3.2478,3.7753,beacon_formula_16632_sqrt_S,modelo_teorico_e_real
2023-10-28,26264015.151515152,3.8,3.7297690254594063,0.4737,3.2454,3.7191,beacon_formula_16632_sqrt_S,modelo_teorico_e_real
2023-10-29,26303030.303030305,3.8,3.7297690254594063,0.4209,3.243,3.6639,beacon_formula_16632_sqrt_S,modelo_teorico_e_real
2023-10-30,26342045.454545453,3.8,3.7297690254594063,0.3657,3.2406,3.6063,beacon_formula_16632_sqrt_S,modelo_teorico_e_real
2023-10-31,26381060.606060605,3.8,3.7297690254594063,0.4618,3.2382,3.7,beacon_formula_16632_sqrt_S,modelo_teorico_e_real
2023-11-01,26420075.757575758,3.8,3.7297690254594063,0.3926,3.2358,3.6284,beacon_formula_16632_sqrt_S,modelo_teorico_e_real
2023-11-02,26459090.909090906,3.8,3.7297690254594063,0.4263,3.2334,3.6597,beacon_formula_16632_sqrt_S,modelo_teorico_e_real
2023-11-03,26498106.06060606,3.8,3.7297690254594063,0.437,3.2311,3.6681,beacon_formula_16632_sqrt_S,modelo_teorico_e_real
2023-11-04,26537121.21212121,3.7,3.63337375390127,0.3661,3.2287,3.5948,beacon_formula_16632_sqrt_S,modelo_teorico_e_real
2023-11-05,26576136.363636363,3.7,3.63337375390127,0.7035,3.2263,3.9298,beacon_formula_16632_sqrt_S,modelo_teorico_e_real
2023-11-06,26615151.515151516,3.7,3.63337375390127,0.3262,3.224,3.5502,beacon_formula_16632_sqrt_S,modelo_teorico_e_real
2023-11-07,26654166.666666664,3.7,3.63337375390127,0.339,3.2216,3.5606,beacon_formula_16632_sqrt_S,modelo_teorico_e_real
2023-11-08,26693181.818181816,3.7,3.63337375390127,0.0993,3.2192,3.3185,beacon_formula_16632_sqrt_S,modelo_teorico_e_real
2023-11-09,26732196.96969697,3.6,3.5368857365049022,4.0738,3.2169,7.2907,beacon_formula_16632_sqrt_S,modelo_teorico_e_real
2023-11-10,26771212.12121212,3.8,3.7297690254594063,1.5681,3.2145,4.7826,beacon_formula_16632_sqrt_S,modelo_teorico_e_real
2023-11-11,26810227.272727273,3.8,3.7297690254594063,1.215,3.2122,4.4272,beacon_formula_16632_sqrt_S,modelo_teorico_e_real
2023-11-12,26849242.424242422,3.9,3.8260717295459656,0.8659,3.2099,4.0758,beacon_formula_16632_sqrt_S,modelo_teorico_e_real
2023-11-13,26888257.575757574,3.9,3.8260717295459656,0.5186,3.2075,3.7261,beacon_formula_16632_sqrt_S,modelo_teorico_e_real
2023-11-14,26927272.727272727,4.0,3.9222820440170114,0.4827,3.2052,3.6879,beacon_formula_16632_sqrt_S,modelo_teorico_e_real
2023-11-15,26966287.87878788,4.0,3.9222820440170114,0.4513,3.2029,3.6542,beacon_formula_16632_sqrt_S,modelo_teorico_e_real
2023-11-16,27005303.03030303,4.0,3.9222820440170114,0.41,3.2006,3.6106,beacon_formula_16632_sqrt_S,modelo_teorico_e_real
2023-11-17,27044318.18181818,3.9,3.8260717295459656,0.4807,3.1983,3.679,beacon_formula_16632_sqrt_S,modelo_teorico_e_real
2023-11-18,27083333.333333332,3.8,3.7297690254594063,0.5526,3.196,3.7486,beacon_formula_16632_sqrt_S,modelo_teorico_e_real
2023-11-19,27122348.484848484,3.8,3.7297690254594063,0.7992,3.1937,3.9929,beacon_formula_16632_sqrt_S,modelo_teorico_e_real
2023-11-20,27161363.636363633,3.7,3.63337375390127,2.8713,3.1914,6.0627,beacon_formula_16632_sqrt_S,modelo_teorico_e_real
2023-11-21,27200378.78787879,3.7,3.63337375390127,1.6144,3.1891,4.8035,beacon_formula_16632_sqrt_S,modelo_teorico_e_real
2023-11-22,27239393.939393938,3.6,3.5368857365049022,0.3627,3.1868,3.5495,beacon_formula_16632_sqrt_S,modelo_teorico_e_real
2023-11-23,27278409.09090909,3.6,3.5368857365049022,0.5962,3.1845,3.7807,beacon_formula_16632_sqrt_S,modelo_teorico_e_real
2023-11-24,27317424.242424242,3.6,3.5368857365049022,0.6389,3.1822,3.8211,beacon_formula_16632_sqrt_S,modelo_teorico_e_real
2023-11-25,27356439.39393939,3.6,3.5368857365049022,0.337,3.18,3.517,beacon_formula_16632_sqrt_S,modelo_teorico_e_real
2023-11-26,27395454.545454547,3.6,3.5368857365049022,0.426,3.1777,3.6037,beacon_formula_16632_sqrt_S,modelo_teorico_e_real
2023-11-27,27434469.696969695,3.6,3.5368857365049022,0.5169,3.1754,3.6923,beacon_formula_16632_sqrt_S,modelo_teorico_e_real
2023-11-28,27473484.848484848,3.6,3.5368857365049022,0.2214,3.1732,3.3946,beacon_formula_16632_sqrt_S,modelo_teorico_e_real
2023-11-29,27512500.0,3.7,3.63337375390127,0.5139,3.1709,3.6848,beacon_formula_16632_sqrt_S,modelo_teorico_e_real
2023-11-30,27551515.15151515,3.6,3.5368857365049022,0.3036,3.1687,3.4723,beacon_formula_16632_sqrt_S,modelo_teorico_e_real
2023-12-01,27590530.303030305,3.6,3.5368857365049022,0.7504,3.1665,3.9169,beacon_formula_16632_sqrt_S,modelo_teorico_e_real
2023-12-02,27629545.454545453,3.6,3.5368857365049022,1.1996,3.1642,4.3638,beacon_formula_16632_sqrt_S,modelo_teorico_e_real
2023-12-03,27668560.606060605,3.6,3.5368857365049022,1.6512,3.162,4.8132,beacon_formula_16632_sqrt_S,modelo_teorico_e_real
2023-12-04,27707575.757575758,3.7,3.63337375390127,2.0968,3.1598,5.2566,beacon_formula_16632_sqrt_S,modelo_teorico_e_real
2023-12-05,27746590.909090906,4.0,3.9222820440170114,2.5521,3.1575,5.7096,beacon_formula_16632_sqrt_S,modelo_teorico_e_real
2023-12-06,27785606.060606062,4.0,3.9222820440170114,0.1282,3.1553,3.2835,beacon_formula_16632_sqrt_S,modelo_teorico_e_real
2023-12-07,27824621.21212121,4.0,3.9222820440170114,0.3491,3.1531,3.5022,beacon_formula_16632_sqrt_S,modelo_teorico_e_real
2023-12-08,27863636.363636363,4.0,3.9222820440170114,1.1251,3.1509,4.276,beacon_formula_16632_sqrt_S,modelo_teorico_e_real
2023-12-09,27902651.515151516,3.9,3.8260717295459656,0.324,3.1487,3.4727,beacon_formula_16632_sqrt_S,modelo_teorico_e_real
2023-12-10,27941666.666666664,3.3,3.2468634178151046,0.329,3.1465,3.4755,beacon_formula_16632_sqrt_S,modelo_teorico_e_real
2023-12-11,27980681.81818182,3.8,3.7297690254594063,0.2419,3.1443,3.3862,beacon_formula_16632_sqrt_S,modelo_teorico_e_real
2023-12-12,28019696.96969697,4.0,3.9222820440170114,0.141,3.1421,3.2831,beacon_formula_16632_sqrt_S,modelo_teorico_e_real
2023-12-13,28058712.12121212,3.8,3.7297690254594063,0.1832,3.1399,3.3231,beacon_formula_16632_sqrt_S,modelo_teorico_e_real
2023-12-14,28097727.272727273,3.6,3.5368857365049022,0.2262,3.1377,3.3639,beacon_formula_16632_sqrt_S,modelo_teorico_e_real
2023-12-15,28136742.424242422,4.1,4.01840014622612,0.2693,3.1356,3.4049,beacon_formula_16632_sqrt_S,modelo_teorico_e_real
2023-12-16,28175757.575757574,3.8,3.7297690254594063,0.5776,3.1334,3.711,beacon_formula_16632_sqrt_S,modelo_teorico_e_real
2023-12-17,28214772.727272727,4.0,3.9222820440170114,0.8846,3.1312,4.0158,beacon_formula_16632_sqrt_S,modelo_teorico_e_real
2023-12-18,28253787.87878788,3.8,3.7297690254594063,1.2016,3.1291,4.3307,beacon_formula_16632_sqrt_S,modelo_teorico_e_real
2023-12-19,28292803.03030303,3.8,3.7297690254594063,0.3838,3.1269,3.5107,beacon_formula_16632_sqrt_S,modelo_teorico_e_real
2023-12-20,28331818.18181818,3.8,3.7297690254594063,0.1733,3.1248,3.2981,beacon_formula_16632_sqrt_S,modelo_teorico_e_real
2023-12-21,28370833.333333332,3.8,3.7297690254594063,0.1951,3.1226,3.3177,beacon_formula_16632_sqrt_S,modelo_teorico_e_real
2023-12-22,28409848.484848484,3.6,3.5368857365049022,0.3612,3.1205,3.4817,beacon_formula_16632_sqrt_S,modelo_teorico_e_real
2023-12-23,28448863.636363633,3.6,3.5368857365049022,0.5441,3.1183,3.6624,beacon_formula_16632_sqrt_S,modelo_teorico_e_real
2023-12-24,28487878.78787879,3.4,3.343630748129267,0.1463,3.1162,3.2625,beacon_formula_16632_sqrt_S,modelo_teorico_e_real
2023-12-25,28526893.939393938,3.6,3.5368857365049022,0.2653,3.1141,3.3794,beacon_formula_16632_sqrt_S,modelo_teorico_e_real
2023-12-26,28565909.09090909,3.6,3.5368857365049022,0.3878,3.1119,3.4997,beacon_formula_16632_sqrt_S,modelo_teorico_e_real
2023-12-27,28604924.242424242,3.4,3.343630748129267,0.222,3.1098,3.3318,beacon_formula_16632_sqrt_S,modelo_teorico_e_real
2023-12-28,28643939.39393939,3.8,3.7297690254594063,0.2061,3.1077,3.3138,beacon_formula_16632_sqrt_S,modelo_teorico_e_real
2023-12-29,28682954.545454547,3.6,3.5368857365049022,0.1901,3.1056,3.2957,beacon_formula_16632_sqrt_S,modelo_teorico_e_real
2023-12-30,28721969.696969695,3.2,3.1500026230010247,0.0932,3.1035,3.1967,beacon_formula_16632_sqrt_S,modelo_teorico_e_real
2023-12-31,28760984.848484848,3.2,3.1500026230010247,0.0936,3.1014,3.195,beacon_formula_16632_sqrt_S,modelo_teorico_e_real
2024-01-01,28800000.0,3.1,3.0530481827106826,0.093,3.0992,3.1922,beacon_formula_16632_sqrt_S,modelo_teorico_e_real
2024-01-02,28824342.10526316,3.2,3.1500026230010247,0.8871,3.0979,3.985,beacon_formula_16632_sqrt_S,modelo_teorico_e_real
2024-01-03,28848684.210526317,3.3,3.2468634178151046,1.628,3.0966,4.7246,beacon_formula_16632_sqrt_S,modelo_teorico_e_real
2024-01-04,28873026.315789472,5.2,5.069663474126296,0.2583,3.0953,3.3536,beacon_formula_16632_sqrt_S,modelo_teorico_e_real
2024-01-05,28897368.42105263,3.4,3.343630748129267,0.3858,3.094,3.4798,beacon_formula_16632_sqrt_S,modelo_teorico_e_real
2024-01-06,28921710.52631579,3.2,3.1500026230010247,0.2963,3.0927,3.389,beacon_formula_16632_sqrt_S,modelo_teorico_e_real
2024-01-07,28946052.63157895,3.1,3.0530481827106826,0.4121,3.0914,3.5035,beacon_formula_16632_sqrt_S,modelo_teorico_e_real
2024-01-08,28970394.736842107,3.3,3.2468634178151046,0.5329,3.0901,3.623,beacon_formula_16632_sqrt_S,modelo_teorico_e_real
2024-01-09,28994736.842105262,3.5,3.440304794384952,0.1239,3.0888,3.2127,beacon_formula_16632_sqrt_S,modelo_teorico_e_real
2024-01-10,29019078.94736842,4.0,3.9222820440170114,0.1692,3.0875,3.2567,beacon_formula_16632_sqrt_S,modelo_teorico_e_real
2024-01-11,29043421.05263158,3.9,3.8260717295459656,0.2502,3.0862,3.3364,beacon_formula_16632_sqrt_S,modelo_teorico_e_real
2024-01-12,29067763.157894738,3.3,3.2468634178151046,0.3298,3.0849,3.4147,beacon_formula_16632_sqrt_S,modelo_teorico_e_real
2024-01-13,29092105.263157893,3.5,3.440304794384952,0.2505,3.0837,3.3342,beacon_formula_16632_sqrt_S,modelo_teorico_e_real
2024-01-14,29116447.36842105,3.3,3.2468634178151046,0.1699,3.0824,3.2523,beacon_formula_16632_sqrt_S,modelo_teorico_e_real
2024-01-15,29140789.47368421,3.3,3.2468634178151046,0.4849,3.0811,3.566,beacon_formula_16632_sqrt_S,modelo_teorico_e_real
2024-01-16,29165131.57894737,3.6,3.5368857365049022,0.8755,3.0798,3.9553,beacon_formula_16632_sqrt_S,modelo_teorico_e_real
2024-01-17,29189473.684210528,3.5,3.440304794384952,1.2547,3.0785,4.3332,beacon_formula_16632_sqrt_S,modelo_teorico_e_real
2024-01-18,29213815.789473683,3.4,3.343630748129267,1.0004,3.0772,4.0776,beacon_formula_16632_sqrt_S,modelo_teorico_e_real
2024-01-19,29238157.89473684,4.5,4.401953961417071,0.7526,3.0759,3.8285,beacon_formula_16632_sqrt_S,modelo_teorico_e_real
2024-01-20,29262500.0,3.3,3.2468634178151046,0.3674,3.0747,3.4421,beacon_formula_16632_sqrt_S,modelo_teorico_e_real
2024-01-21,29286842.10526316,3.1,3.0530481827106826,0.285,3.0734,3.3584,beacon_formula_16632_sqrt_S,modelo_teorico_e_real
2024-01-22,29311184.210526317,3.2,3.1500026230010247,0.2007,3.0721,3.2728,beacon_formula_16632_sqrt_S,modelo_teorico_e_real
2024-01-23,29335526.315789472,3.8,3.7297690254594063,0.1269,3.0708,3.1977,beacon_formula_16632_sqrt_S,modelo_teorico_e_real
2024-01-24,29359868.42105263,3.2,3.1500026230010247,0.1438,3.0696,3.2134,beacon_formula_16632_sqrt_S,modelo_teorico_e_real
2024-01-25,29384210.52631579,3.3,3.2468634178151046,0.1614,3.0683,3.2297,beacon_formula_16632_sqrt_S,modelo_teorico_e_real
2024-01-26,29408552.63157895,3.6,3.5368857365049022,0.1077,3.067,3.1747,beacon_formula_16632_sqrt_S,modelo_teorico_e_real
2024-01-27,29432894.736842103,3.5,3.440304794384952,0.1092,3.0657,3.1749,beacon_formula_16632_sqrt_S,modelo_teorico_e_real
2024-01-28,29457236.842105262,3.2,3.1500026230010247,0.1105,3.0645,3.175,beacon_formula_16632_sqrt_S,modelo_teorico_e_real
2024-01-29,29481578.94736842,3.1,3.0530481827106826,0.1873,3.0632,3.2505,beacon_formula_16632_sqrt_S,modelo_teorico_e_real
2024-01-30,29505921.05263158,3.3,3.2468634178151046,0.174,3.062,3.236,beacon_formula_16632_sqrt_S,modelo_teorico_e_real
2024-01-31,29530263.157894738,3.5,3.440304794384952,0.1606,3.0607,3.2213,beacon_formula_16632_sqrt_S,modelo_teorico_e_real
2024-02-01,29554605.263157893,3.5,3.440304794384952,0.1474,3.0594,3.2068,beacon_formula_16632_sqrt_S,modelo_teorico_e_real
2024-02-02,29578947.36842105,3.3,3.2468634178151046,0.3752,3.0582,3.4334,beacon_formula_16632_sqrt_S,modelo_teorico_e_real
2024-02-03,29603289.47368421,3.5,3.440304794384952,0.1821,3.0569,3.239,beacon_formula_16632_sqrt_S,modelo_teorico_e_real
2024-02-04,29627631.57894737,3.0,2.955999915440932,0.7101,3.0557,3.7658,beacon_formula_16632_sqrt_S,modelo_teorico_e_real
2024-02-05,29651973.684210528,3.0,2.955999915440932,0.2308,3.0544,3.2852,beacon_formula_16632_sqrt_S,modelo_teorico_e_real
2024-02-06,29676315.789473683,3.3,3.2468634178151046,0.994,3.0531,4.0471,beacon_formula_16632_sqrt_S,modelo_teorico_e_real
2024-02-07,29700657.89473684,3.443,3.3852120094568505,1.4366,3.0519,4.4885,beacon_formula_16632_sqrt_S,modelo_teorico_e_real
2024-02-08,29725000.0,3.792,3.7220608125773103,1.8683,3.0506,4.9189,beacon_formula_16632_sqrt_S,modelo_teorico_e_real
2024-02-09,29749342.10526316,3.88,3.8068185855811842,2.3049,3.0494,5.3543,beacon_formula_16632_sqrt_S,modelo_teorico_e_real
2024-02-10,29773684.210526317,3.641,3.5764570527027084,2.7435,3.0482,5.7917,beacon_formula_16632_sqrt_S,modelo_teorico_e_real
2024-02-11,29798026.315789472,3.336,3.2817104144023945,0.1282,3.0469,3.1751,beacon_formula_16632_sqrt_S,modelo_teorico_e_real
2024-02-12,29822368.42105263,3.352,3.2971940825232693,0.2325,3.0457,3.2782,beacon_formula_16632_sqrt_S,modelo_teorico_e_real
2024-02-13,29846710.52631579,4.275,4.186385470908438,0.3338,3.0444,3.3782,beacon_formula_16632_sqrt_S,modelo_teorico_e_real
2024-02-14,29871052.63157895,3.562,3.500195934741601,0.2723,3.0432,3.3155,beacon_formula_16632_sqrt_S,modelo_teorico_e_real
2024-02-15,29895394.736842103,3.279,3.22653040983345,0.2122,3.0419,3.2541,beacon_formula_16632_sqrt_S,modelo_teorico_e_real
2024-02-16,29919736.842105262,3.778,3.708570014220869,0.5634,3.0407,3.6041,beacon_formula_16632_sqrt_S,modelo_teorico_e_real
2024-02-17,29944078.94736842,3.126,3.078265355994092,0.4115,3.0395,3.451,beacon_formula_16632_sqrt_S,modelo_teorico_e_real
2024-02-18,29968421.05263158,3.127,3.079235120656554,0.2618,3.0382,3.3,beacon_formula_16632_sqrt_S,modelo_teorico_e_real
2024-02-19,29992763.157894738,3.263,3.2110358266426164,0.319,3.037,3.356,beacon_formula_16632_sqrt_S,modelo_teorico_e_real
2024-02-20,30017105.263157893,3.363,3.3078377177654383,0.395,3.0358,3.4308,beacon_formula_16632_sqrt_S,modelo_teorico_e_real
2024-02-21,30041447.36842105,3.466,3.4074460739480505,0.4697,3.0345,3.5042,beacon_formula_16632_sqrt_S,modelo_teorico_e_real
2024-02-22,30065789.47368421,3.468,3.4093792379142895,0.543,3.0333,3.5763,beacon_formula_16632_sqrt_S,modelo_teorico_e_real
2024-02-23,30090131.57894737,3.415,3.3581377975199223,0.4707,3.0321,3.5028,beacon_formula_16632_sqrt_S,modelo_teorico_e_real
2024-02-24,30114473.684210528,3.467,3.408412660591331,0.3987,3.0309,3.4296,beacon_formula_16632_sqrt_S,modelo_teorico_e_real
2024-02-25,30138815.789473683,3.148,3.0995980124686184,0.327,3.0296,3.3566,beacon_formula_16632_sqrt_S,modelo_teorico_e_real
2024-02-26,30163157.89473684,3.262,3.2100673357035037,0.256,3.0284,3.2844,beacon_formula_16632_sqrt_S,modelo_teorico_e_real
2024-02-27,30187500.0,3.472,3.4132454540596324,0.1828,3.0272,3.21,beacon_formula_16632_sqrt_S,modelo_teorico_e_real
2024-02-28,30211842.10526316,3.426,3.3687749668006584,0.999,3.026,4.025,beacon_formula_16632_sqrt_S,modelo_teorico_e_real
2024-02-29,30236184.210526317,3.7,3.63337375390127,0.308,3.0247,3.3327,beacon_formula_16632_sqrt_S,modelo_teorico_e_real
2024-03-01,30260526.315789472,3.336,3.2817104144023945,0.4298,3.0235,3.4533,beacon_formula_16632_sqrt_S,modelo_teorico_e_real
2024-03-02,30284868.42105263,3.49,3.430641582404248,0.5509,3.0223,3.5732,beacon_formula_16632_sqrt_S,modelo_teorico_e_real
2024-03-03,30309210.52631579,3.294,3.2410544076304504,0.3351,3.0211,3.3562,beacon_formula_16632_sqrt_S,modelo_teorico_e_real
2024-03-04,30333552.63157895,3.449,3.391012675456828,1.0716,3.0199,4.0915,beacon_formula_16632_sqrt_S,modelo_teorico_e_real
2024-03-05,30357894.736842103,3.836,3.7644486534046395,1.7255,3.0187,4.7442,beacon_formula_16632_sqrt_S,modelo_teorico_e_real
2024-03-06,30382236.842105262,4.13,4.04721762194038,0.2778,3.0175,3.2953,beacon_formula_16632_sqrt_S,modelo_teorico_e_real
2024-03-07,30406578.94736842,3.904,3.829921914818013,0.8837,3.0163,3.9,beacon_formula_16632_sqrt_S,modelo_teorico_e_real
2024-03-08,30430921.05263158,3.523,3.46252664892166,0.6537,3.0151,3.6688,beacon_formula_16632_sqrt_S,modelo_teorico_e_real
2024-03-09,30455263.157894738,3.521,3.4605945092021084,0.4253,3.0139,3.4392,beacon_formula_16632_sqrt_S,modelo_teorico_e_real
2024-03-10,30479605.263157893,3.404,3.3474994998318186,0.1964,3.0126,3.209,beacon_formula_16632_sqrt_S,modelo_teorico_e_real
2024-03-11,30503947.36842105,3.586,3.5233700027770265,0.5203,3.0114,3.5317,beacon_formula_16632_sqrt_S,modelo_teorico_e_real
2024-03-12,30528289.47368421,3.677,3.611189729029074,0.5349,3.0102,3.5451,beacon_formula_16632_sqrt_S,modelo_teorico_e_real
2024-03-13,30552631.57894737,3.644,3.5793519018925135,0.1649,3.009,3.1739,beacon_formula_16632_sqrt_S,modelo_teorico_e_real
2024-03-14,30576973.684210528,3.438,3.3803778648092697,0.7921,3.0078,3.7999,beacon_formula_16632_sqrt_S,modelo_teorico_e_real
2024-03-15,30601315.789473683,3.691,3.6246936329338286,0.1818,3.0066,3.1884,beacon_formula_16632_sqrt_S,modelo_teorico_e_real
2024-03-16,30625657.89473684,3.225,3.1742265938885517,0.1879,3.0055,3.1934,beacon_formula_16632_sqrt_S,modelo_teorico_e_real
2024-03-17,30650000.0,3.311,3.257512395968498,0.1972,3.0043,3.2015,beacon_formula_16632_sqrt_S,modelo_teorico_e_real
2024-03-18,30674342.10526316,3.125,3.07729558196268,0.2042,3.0031,3.2073,beacon_formula_16632_sqrt_S,modelo_teorico_e_real
2024-03-19,30698684.210526317,3.954,3.8780367628302725,1.3616,3.0019,4.3635,beacon_formula_16632_sqrt_S,modelo_teorico_e_real
2024-03-20,30723026.315789472,3.415,3.3581377975199223,0.1925,3.0007,3.1932,beacon_formula_16632_sqrt_S,modelo_teorico_e_real
2024-03-21,30747368.42105263,3.422,3.3649070357889554,0.171,2.9995,3.1705,beacon_formula_16632_sqrt_S,modelo_teorico_e_real
2024-03-22,30771710.52631579,3.219,3.168413374508572,0.635,2.9983,3.6333,beacon_formula_16632_sqrt_S,modelo_teorico_e_real
2024-03-23,30796052.63157895,3.345,3.2904202718824216,0.2135,2.9971,3.2106,beacon_formula_16632_sqrt_S,modelo_teorico_e_real
2024-03-24,30820394.736842103,3.015,2.9705631441521163,0.0815,2.9959,3.0774,beacon_formula_16632_sqrt_S,modelo_teorico_e_real
2024-03-25,30844736.842105262,3.165,3.116079230348401,0.1063,2.9948,3.1011,beacon_formula_16632_sqrt_S,modelo_teorico_e_real
2024-03-26,30869078.94736842,3.467,3.408412660591331,0.1326,2.9936,3.1262,beacon_formula_16632_sqrt_S,modelo_teorico_e_real
2024-03-27,30893421.05263158,3.255,3.2032876371962393,2.5906,2.9924,5.583,beacon_formula_16632_sqrt_S,modelo_teorico_e_real
2024-03-28,30917763.157894738,3.186,3.1364346429665346,5.076,2.9912,8.0672,beacon_formula_16632_sqrt_S,modelo_teorico_e_real
2024-03-29,30942105.263157897,3.299,3.2458952728220414,0.3026,2.99,3.2926,beacon_formula_16632_sqrt_S,modelo_teorico_e_real
2024-03-30,30966447.36842105,3.119,3.071476740799328,0.2646,2.9889,3.2535,beacon_formula_16632_sqrt_S,modelo_teorico_e_real
2024-03-31,30990789.47368421,3.07,3.0239435626332467,0.2269,2.9877,3.2146,beacon_formula_16632_sqrt_S,modelo_teorico_e_real
2024-04-01,31015131.57894737,3.127,3.079235120656554,0.1867,2.9865,3.1732,beacon_formula_16632_sqrt_S,modelo_teorico_e_real
2024-04-02,31039473.684210528,3.501,3.441271064372309,0.1476,2.9854,3.133,beacon_formula_16632_sqrt_S,modelo_teorico_e_real
2024-04-03,31063815.789473683,3.413,3.356203645518474,0.2761,2.9842,3.2603,beacon_formula_16632_sqrt_S,modelo_teorico_e_real
2024-04-04,31088157.89473684,3.384,3.3281542486491844,0.6521,2.983,3.6351,beacon_formula_16632_sqrt_S,modelo_teorico_e_real
2024-04-05,31112500.0,3.489,3.429675209998706,1.0328,2.9818,4.0146,beacon_formula_16632_sqrt_S,modelo_teorico_e_real
2024-04-06,31136842.10526316,3.347,3.292355693044313,1.4155,2.9807,4.3962,beacon_formula_16632_sqrt_S,modelo_teorico_e_real
2024-04-07,31161184.210526317,3.041,2.9958010650483757,1.7954,2.9795,4.7749,beacon_formula_16632_sqrt_S,modelo_teorico_e_real
2024-04-08,31185526.315789472,3.148,3.0995980124686184,2.2153,2.9784,5.1937,beacon_formula_16632_sqrt_S,modelo_teorico_e_real
2024-04-09,31209868.42105263,3.22,3.1693822678019457,1.1673,2.9772,4.1445,beacon_formula_16632_sqrt_S,modelo_teorico_e_real
2024-04-10,31234210.52631579,3.36,3.304935020183475,0.1102,2.976,3.0862,beacon_formula_16632_sqrt_S,modelo_teorico_e_real
2024-04-11,31258552.63157895,3.45,3.3919794205050646,0.1137,2.9749,3.0886,beacon_formula_16632_sqrt_S,modelo_teorico_e_real
2024-04-12,31282894.736842103,3.146,3.0976588675705186,0.1483,2.9737,3.122,beacon_formula_16632_sqrt_S,modelo_teorico_e_real
2024-04-13,31307236.842105262,4.31,4.219948795942674,0.0985,2.9726,3.0711,beacon_formula_16632_sqrt_S,modelo_teorico_e_real
2024-04-14,31331578.94736842,4.436,4.340683843506277,0.4044,2.9714,3.3758,beacon_formula_16632_sqrt_S,modelo_teorico_e_real
2024-04-15,31355921.05263158,3.101,3.054018191249508,0.7048,2.9703,3.6751,beacon_formula_16632_sqrt_S,modelo_teorico_e_real
2024-04-16,31380263.157894738,3.551,3.489572696927512,1.0168,2.9691,3.9859,beacon_formula_16632_sqrt_S,modelo_teorico_e_real
2024-04-17,31404605.263157893,3.191,3.1412805608507233,0.4617,2.9679,3.4296,beacon_formula_16632_sqrt_S,modelo_teorico_e_real
2024-04-18,31428947.36842105,3.237,3.185852021823088,0.2922,2.9668,3.259,beacon_formula_16632_sqrt_S,modelo_teorico_e_real
2024-04-19,31453289.47368421,3.295,3.2420225993629037,0.1221,2.9656,3.0877,beacon_formula_16632_sqrt_S,modelo_teorico_e_real
2024-04-20,31477631.57894737,3.173,3.1238341604463704,0.2766,2.9645,3.2411,beacon_formula_16632_sqrt_S,modelo_teorico_e_real
2024-04-21,31501973.684210528,2.94,2.897725842427201,0.4253,2.9634,3.3887,beacon_formula_16632_sqrt_S,modelo_teorico_e_real
2024-04-22,31526315.789473683,3.058,3.0122993490623307,0.5773,2.9622,3.5395,beacon_formula_16632_sqrt_S,modelo_teorico_e_real
2024-04-23,31550657.89473684,3.098,3.0511081374694493,0.5752,2.9611,3.5363,beacon_formula_16632_sqrt_S,modelo_teorico_e_real
2024-04-24,31575000.0,3.742,3.673871054103661,2.2862,2.9599,5.2461,beacon_formula_16632_sqrt_S,modelo_teorico_e_real
2024-04-25,31599342.10526316,3.293,3.2400862065452563,0.7796,2.9588,3.7384,beacon_formula_16632_sqrt_S,modelo_teorico_e_real
2024-04-26,31623684.210526317,3.058,3.0122993490623307,0.2207,2.9576,3.1783,beacon_formula_16632_sqrt_S,modelo_teorico_e_real
2024-04-27,31648026.315789472,3.004,2.959883649885753,0.2264,2.9565,3.1829,beacon_formula_16632_sqrt_S,modelo_teorico_e_real
2024-04-28,31672368.42105263,2.942,2.8996688571960583,0.4059,2.9554,3.3613,beacon_formula_16632_sqrt_S,modelo_teorico_e_real
2024-04-29,31696710.52631579,3.031,2.9860949240441137,0.5815,2.9542,3.5357,beacon_formula_16632_sqrt_S,modelo_teorico_e_real
2024-04-30,31721052.63157895,3.046,3.0006537832828473,0.5107,2.9531,3.4638,beacon_formula_16632_sqrt_S,modelo_teorico_e_real
2024-05-01,31745394.736842103,3.31,3.256544353766433,1.107,2.952,4.059,beacon_formula_16632_sqrt_S,modelo_teorico_e_real
2024-05-02,31769736.842105262,3.103,3.05595818018789,0.989,2.9508,3.9398,beacon_formula_16632_sqrt_S,modelo_teorico_e_real
2024-05-03,31794078.94736842,2.934,2.891896572236541,0.8767,2.9497,3.8264,beacon_formula_16632_sqrt_S,modelo_teorico_e_real
2024-05-04,31818421.05263158,2.999,2.955028958328332,0.7538,2.9486,3.7024,beacon_formula_16632_sqrt_S,modelo_teorico_e_real
2024-05-05,31842763.157894738,2.829,2.7898294547592517,0.6353,2.9475,3.5828,beacon_formula_16632_sqrt_S,modelo_teorico_e_real
2024-05-06,31867105.263157893,2.887,2.8462222287743977,0.5167,2.9463,3.463,beacon_formula_16632_sqrt_S,modelo_teorico_e_real
2024-05-07,31891447.36842105,2.922,2.880237015202569,0.4813,2.9452,3.4265,beacon_formula_16632_sqrt_S,modelo_teorico_e_real
2024-05-08,31915789.47368421,2.955,2.9122975356362657,0.1275,2.9441,3.0716,beacon_formula_16632_sqrt_S,modelo_teorico_e_real
2024-05-09,31940131.57894737,2.91,2.8685761024020984,0.1321,2.943,3.0751,beacon_formula_16632_sqrt_S,modelo_teorico_e_real
2024-05-10,31964473.684210528,2.934,2.891896572236541,0.135,2.9418,3.0768,beacon_formula_16632_sqrt_S,modelo_teorico_e_real
2024-05-11,31988815.789473683,2.894,2.853026109117196,0.1392,2.9407,3.0799,beacon_formula_16632_sqrt_S,modelo_teorico_e_real
2024-05-12,32013157.89473684,2.812,2.773294526844605,0.2233,2.9396,3.1629,beacon_formula_16632_sqrt_S,modelo_teorico_e_real
2024-05-13,32037500.0,2.888,2.8471942399425076,0.2322,2.9385,3.1707,beacon_formula_16632_sqrt_S,modelo_teorico_e_real
2024-05-14,32061842.10526316,3.087,3.040437217753711,1.0985,2.9374,4.0359,beacon_formula_16632_sqrt_S,modelo_teorico_e_real
2024-05-15,32086184.210526317,2.997,2.9530870158909206,0.8773,2.9363,3.8136,beacon_formula_16632_sqrt_S,modelo_teorico_e_real
2024-05-16,32110526.315789472,3.043,2.997742180521956,0.6407,2.9351,3.5758,beacon_formula_16632_sqrt_S,modelo_teorico_e_real
2024-05-17,32134868.42105263,2.906,2.8646888301250284,0.4151,2.934,3.3491,beacon_formula_16632_sqrt_S,modelo_teorico_e_real
2024-05-18,32159210.52631579,2.776,2.7382703830248767,0.1236,2.9329,3.0565,beacon_formula_16632_sqrt_S,modelo_teorico_e_real
2024-05-19,32183552.63157895,2.853,2.8131682420095006,0.2297,2.9318,3.1615,beacon_formula_16632_sqrt_S,modelo_teorico_e_real
2024-05-20,32207894.736842103,2.88,2.8394178867757747,0.3648,2.9307,3.2955,beacon_formula_16632_sqrt_S,modelo_teorico_e_real
2024-05-21,32232236.842105262,3.936,3.8607180767680216,0.4994,2.9296,3.429,beacon_formula_16632_sqrt_S,modelo_teorico_e_real
2024-05-22,32256578.94736842,3.183,3.13352697982483,1.4338,2.9285,4.3623,beacon_formula_16632_sqrt_S,modelo_teorico_e_real
2024-05-23,32280921.05263158,3.191,3.1412805608507233,1.1041,2.9274,4.0315,beacon_formula_16632_sqrt_S,modelo_teorico_e_real
2024-05-24,32305263.157894738,4.24,4.152810909293647,0.7595,2.9263,3.6858,beacon_formula_16632_sqrt_S,modelo_teorico_e_real
2024-05-25,32329605.263157893,3.022,2.9773585938500657,0.4259,2.9252,3.3511,beacon_formula_16632_sqrt_S,modelo_teorico_e_real
2024-05-26,32353947.36842105,2.959,2.916182962919067,0.5833,2.9241,3.5074,beacon_formula_16632_sqrt_S,modelo_teorico_e_real
2024-05-27,32378289.47368421,3.103,3.05595818018789,1.6433,2.923,4.5663,beacon_formula_16632_sqrt_S,modelo_teorico_e_real
2024-05-28,32402631.57894737,3.222,3.171320026322366,2.6972,2.9219,5.6191,beacon_formula_16632_sqrt_S,modelo_teorico_e_real
2024-05-29,32426973.684210528,3.151,3.102506659512172,0.2981,2.9208,3.2189,beacon_formula_16632_sqrt_S,modelo_teorico_e_real
2024-05-30,32451315.789473683,3.237,3.185852021823088,0.5093,2.9197,3.429,beacon_formula_16632_sqrt_S,modelo_teorico_e_real
2024-05-31,32475657.89473684,3.275,3.2226569884711287,0.7224,2.9186,3.641,beacon_formula_16632_sqrt_S,modelo_teorico_e_real
2024-06-01,32500000.0,3.131,3.0831140855034356,0.9331,2.9175,3.8506,beacon_formula_16632_sqrt_S,modelo_teorico_e_real
2024-06-02,32507009.34579439,3.15,3.101537119866604,0.5424,2.9172,3.4596,beacon_formula_16632_sqrt_S,modelo_teorico_e_real
2024-06-03,32514018.691588785,3.266,3.213941243359719,1.0644,2.9169,3.9813,beacon_formula_16632_sqrt_S,modelo_teorico_e_real
2024-06-04,32521028.037383176,3.179,3.129649964497605,1.5897,2.9166,4.5063,beacon_formula_16632_sqrt_S,modelo_teorico_e_real
2024-06-05,32528037.38317757,3.258,3.2061932783953306,2.1236,2.9162,5.0398,beacon_formula_16632_sqrt_S,modelo_teorico_e_real
2024-06-06,32535046.728971962,3.499,3.4393385150853772,0.4373,2.9159,3.3532,beacon_formula_16632_sqrt_S,modelo_teorico_e_real
2024-06-07,32542056.074766356,3.372,3.316545306427776,0.3737,2.9156,3.2893,beacon_formula_16632_sqrt_S,modelo_teorico_e_real
2024-06-08,32549065.420560747,3.319,3.265256397153804,0.312,2.9153,3.2273,beacon_formula_16632_sqrt_S,modelo_teorico_e_real
2024-06-09,32556074.766355142,3.044,2.9987127241688505,0.569,2.915,3.484,beacon_formula_16632_sqrt_S,modelo_teorico_e_real
2024-06-10,32563084.112149533,3.242,3.1906955523999248,3.0349,2.9147,5.9496,beacon_formula_16632_sqrt_S,modelo_teorico_e_real
2024-06-11,32570093.457943924,3.577,3.514680354803068,0.3112,2.9144,3.2256,beacon_formula_16632_sqrt_S,modelo_teorico_e_real
2024-06-12,32577102.80373832,3.263,3.2110358266426164,1.0869,2.914,4.0009,beacon_formula_16632_sqrt_S,modelo_teorico_e_real
2024-06-13,32584112.14953271,3.674,3.608295798750105,0.6611,2.9137,3.5748,beacon_formula_16632_sqrt_S,modelo_teorico_e_real
2024-06-14,32591121.495327104,3.073,3.0268544047747925,0.2389,2.9134,3.1523,beacon_formula_16632_sqrt_S,modelo_teorico_e_real
2024-06-15,32598130.841121495,3.126,3.078265355994092,0.3323,2.9131,3.2454,beacon_formula_16632_sqrt_S,modelo_teorico_e_real
2024-06-16,32605140.18691589,2.956,2.913268906571176,0.425,2.9128,3.3378,beacon_formula_16632_sqrt_S,modelo_teorico_e_real
2024-06-17,32612149.53271028,2.945,2.902583308766138,0.2432,2.9125,3.1557,beacon_formula_16632_sqrt_S,modelo_teorico_e_real
2024-06-18,32619158.87850467,3.203,3.1529098084802643,0.8134,2.9122,3.7256,beacon_formula_16632_sqrt_S,modelo_teorico_e_real
2024-06-19,32626168.224299066,3.005,2.960854559999615,0.6059,2.9119,3.5178,beacon_formula_16632_sqrt_S,modelo_teorico_e_real
2024-06-20,32633177.570093457,3.096,3.049168054703788,0.3986,2.9115,3.3101,beacon_formula_16632_sqrt_S,modelo_teorico_e_real
2024-06-21,32640186.91588785,2.989,2.9453188700946376,0.1901,2.9112,3.1013,beacon_formula_16632_sqrt_S,modelo_teorico_e_real
2024-06-22,32647196.261682242,2.88,2.8394178867757747,0.0871,2.9109,2.998,beacon_formula_16632_sqrt_S,modelo_teorico_e_real
2024-06-23,32654205.607476637,2.947,2.904526229415949,0.178,2.9106,3.0886,beacon_formula_16632_sqrt_S,modelo_teorico_e_real
2024-06-24,32661214.953271028,3.007,2.9627963520232337,0.2243,2.9103,3.1346,beacon_formula_16632_sqrt_S,modelo_teorico_e_real
2024-06-25,32668224.299065422,3.044,2.9987127241688505,0.2714,2.91,3.1814,beacon_formula_16632_sqrt_S,modelo_teorico_e_real
2024-06-26,32675233.644859813,2.966,2.922982098455984,0.3159,2.9097,3.2256,beacon_formula_16632_sqrt_S,modelo_teorico_e_real
2024-06-27,32682242.990654204,2.979,2.935607841570098,0.363,2.9094,3.2724,beacon_formula_16632_sqrt_S,modelo_teorico_e_real
2024-06-28,32689252.3364486,3.133,3.085053511672653,0.4073,2.909,3.3163,beacon_formula_16632_sqrt_S,modelo_teorico_e_real
2024-06-29,32696261.68224299,2.822,2.7830212852041347,0.3204,2.9087,3.2291,beacon_formula_16632_sqrt_S,modelo_teorico_e_real
2024-06-30,32703271.028037384,2.788,2.7499464568370158,0.235,2.9084,3.1434,beacon_formula_16632_sqrt_S,modelo_teorico_e_real
2024-07-01,32710280.373831775,2.997,2.9530870158909206,0.3808,2.9081,3.2889,beacon_formula_16632_sqrt_S,modelo_teorico_e_real
2024-07-02,32717289.71962617,2.975,2.9317231668344323,1.482,2.9078,4.3898,beacon_formula_16632_sqrt_S,modelo_teorico_e_real
2024-07-03,32724299.06542056,3.04,2.9948304932216896,3.5073,2.9075,6.4148,beacon_formula_16632_sqrt_S,modelo_teorico_e_real
2024-07-04,32731308.41121495,3.401,3.344597950043493,0.5737,2.9072,3.4809,beacon_formula_16632_sqrt_S,modelo_teorico_e_real
2024-07-05,32738317.757009346,4.085,4.003988302468842,0.4054,2.9069,3.3123,beacon_formula_16632_sqrt_S,modelo_teorico_e_real
2024-07-06,32745327.102803737,3.033,2.9880362273991823,0.2548,2.9066,3.1614,beacon_formula_16632_sqrt_S,modelo_teorico_e_real
2024-07-07,32752336.44859813,2.836,2.796637162139848,0.1018,2.9062,3.008,beacon_formula_16632_sqrt_S,modelo_teorico_e_real
2024-07-08,32759345.794392522,2.92,2.878293623900796,0.4977,2.9059,3.4036,beacon_formula_16632_sqrt_S,modelo_teorico_e_real
2024-07-09,32766355.140186917,2.969,2.9258958725764117,2.0342,2.9056,4.9398,beacon_formula_16632_sqrt_S,modelo_teorico_e_real
2024-07-10,32773364.485981308,3.051,3.005506266710034,1.7648,2.9053,4.6701,beacon_formula_16632_sqrt_S,modelo_teorico_e_real
2024-07-11,32780373.831775703,2.999,2.955028958328332,1.4981,2.905,4.4031,beacon_formula_16632_sqrt_S,modelo_teorico_e_real
2024-07-12,32787383.177570093,3.055,3.009388084402209,1.2216,2.9047,4.1263,beacon_formula_16632_sqrt_S,modelo_teorico_e_real
2024-07-13,32794392.523364484,2.901,2.8598295278771113,0.9307,2.9044,3.8351,beacon_formula_16632_sqrt_S,modelo_teorico_e_real
2024-07-14,32801401.86915888,2.912,2.870519682031114,0.6475,2.9041,3.5516,beacon_formula_16632_sqrt_S,modelo_teorico_e_real
2024-07-15,32808411.21495327,2.916,2.874406728294421,0.6996,2.9038,3.6034,beacon_formula_16632_sqrt_S,modelo_teorico_e_real
2024-07-16,32815420.560747664,3.067,3.0210326359928485,0.7463,2.9034,3.6497,beacon_formula_16632_sqrt_S,modelo_teorico_e_real
2024-07-17,32822429.906542055,3.141,3.092810841267335,0.7904,2.9031,3.6935,beacon_formula_16632_sqrt_S,modelo_teorico_e_real
2024-07-18,32829439.25233645,3.337,3.2826782137087562,0.4875,2.9028,3.3903,beacon_formula_16632_sqrt_S,modelo_teorico_e_real
2024-07-19,32836448.59813084,3.144,3.0957196851723046,0.3696,2.9025,3.2721,beacon_formula_16632_sqrt_S,modelo_teorico_e_real
2024-07-20,32843457.943925235,2.886,2.84525020818871,0.5392,2.9022,3.4414,beacon_formula_16632_sqrt_S,modelo_teorico_e_real
2024-07-21,32850467.289719626,2.83,2.790802012681781,0.1607,2.9019,3.0626,beacon_formula_16632_sqrt_S,modelo_teorico_e_real
2024-07-22,32857476.635514017,3.118,3.0705069011123243,0.2133,2.9016,3.1149,beacon_formula_16632_sqrt_S,modelo_teorico_e_real
2024-07-23,32864485.98130841,2.994,2.9501740317366965,0.2679,2.9013,3.1692,beacon_formula_16632_sqrt_S,modelo_teorico_e_real
2024-07-24,32871495.327102803,2.951,2.9084119578099976,0.2079,2.901,3.1089,beacon_formula_16632_sqrt_S,modelo_teorico_e_real
2024-07-25,32878504.672897197,2.995,2.9511450358561397,0.1658,2.9007,3.0665,beacon_formula_16632_sqrt_S,modelo_teorico_e_real
2024-07-26,32885514.01869159,2.933,2.890924994252697,0.1256,2.9004,3.026,beacon_formula_16632_sqrt_S,modelo_teorico_e_real
2024-07-27,32892523.364485983,2.812,2.773294526844605,0.4281,2.9,3.3281,beacon_formula_16632_sqrt_S,modelo_teorico_e_real
2024-07-28,32899532.710280374,3.023,2.9783293347879214,0.4111,2.8997,3.3108,beacon_formula_16632_sqrt_S,modelo_teorico_e_real
2024-07-29,32906542.056074765,2.811,2.772321799113908,0.3972,2.8994,3.2966,beacon_formula_16632_sqrt_S,modelo_teorico_e_real
2024-07-30,32913551.40186916,2.913,2.871491457719255,0.3792,2.8991,3.2783,beacon_formula_16632_sqrt_S,modelo_teorico_e_real
2024-07-31,32920560.74766355,2.993,2.94920301820778,0.3167,2.8988,3.2155,beacon_formula_16632_sqrt_S,modelo_teorico_e_real
2024-08-01,32927570.093457945,3.034,2.9890068649868207,0.2673,2.8985,3.1658,beacon_formula_16632_sqrt_S,modelo_teorico_e_real
2024-08-02,32934579.439252336,3.005,2.960854559999615,0.2129,2.8982,3.1111,beacon_formula_16632_sqrt_S,modelo_teorico_e_real
2024-08-03,32941588.78504673,3.049,3.003565301520572,0.1616,2.8979,3.0595,beacon_formula_16632_sqrt_S,modelo_teorico_e_real
2024-08-04,32948598.13084112,2.925,2.883152031551761,0.2199,2.8976,3.1175,beacon_formula_16632_sqrt_S,modelo_teorico_e_real
2024-08-05,32955607.476635516,9.908,9.448569362615288,0.2745,2.8973,3.1718,beacon_formula_16632_sqrt_S,modelo_teorico_e_real
2024-08-06,32962616.822429907,3.574,3.5117836381529655,0.3267,2.897,3.2237,beacon_formula_16632_sqrt_S,modelo_teorico_e_real
2024-08-07,32969626.168224297,3.022,2.9773585938500657,0.3484,2.8966,3.245,beacon_formula_16632_sqrt_S,modelo_teorico_e_real
2024-08-08,32976635.514018692,3.074,3.027824666721024,0.3791,2.8963,3.2754,beacon_formula_16632_sqrt_S,modelo_teorico_e_real
2024-08-09,32983644.859813083,3.078,3.031705620605729,0.4075,2.896,3.3035,beacon_formula_16632_sqrt_S,modelo_teorico_e_real
2024-08-10,32990654.205607478,2.918,2.876350194928712,0.4346,2.8957,3.3303,beacon_formula_16632_sqrt_S,modelo_teorico_e_real
2024-08-11,32997663.55140187,2.75,2.7129675583947854,0.4635,2.8954,3.3589,beacon_formula_16632_sqrt_S,modelo_teorico_e_real
2024-08-12,33004672.897196263,2.987,2.9433767396136457,0.5019,2.8951,3.397,beacon_formula_16632_sqrt_S,modelo_teorico_e_real
2024-08-13,33011682.242990654,3.016,2.9715339508671335,0.5274,2.8948,3.4222,beacon_formula_16632_sqrt_S,modelo_teorico_e_real
2024-08-14,33018691.588785045,2.951,2.9084119578099976,0.5565,2.8945,3.451,beacon_formula_16632_sqrt_S,modelo_teorico_e_real
2024-08-15,33025700.93457944,2.998,2.954057991806258,0.5687,2.8942,3.4629,beacon_formula_16632_sqrt_S,modelo_teorico_e_real
2024-08-16,33032710.28037383,2.921,2.8792653242564192,0.586,2.8939,3.4799,beacon_formula_16632_sqrt_S,modelo_teorico_e_real
2024-08-17,33039719.626168225,2.741,2.7042074006428107,0.603,2.8936,3.4966,beacon_formula_16632_sqrt_S,modelo_teorico_e_real
2024-08-18,33046728.971962616,2.759,2.7217269509564046,0.3762,2.8933,3.2695,beacon_formula_16632_sqrt_S,modelo_teorico_e_real
2024-08-19,33053738.31775701,2.778,2.74021648973366,0.1461,2.893,3.0391,beacon_formula_16632_sqrt_S,modelo_teorico_e_real
2024-08-20,33060747.6635514,2.866,2.825807817559811,0.151,2.8927,3.0437,beacon_formula_16632_sqrt_S,modelo_teorico_e_real
2024-08-21,33067757.009345796,2.779,2.741189528925214,0.6736,2.8923,3.5659,beacon_formula_16632_sqrt_S,modelo_teorico_e_real
2024-08-22,33074766.355140187,2.949,2.906469112435972,1.2003,2.892,4.0923,beacon_formula_16632_sqrt_S,modelo_teorico_e_real
2024-08-23,33081775.700934578,2.744,2.7071275382578586,1.7341,2.8917,4.6258,beacon_formula_16632_sqrt_S,modelo_teorico_e_real
2024-08-24,33088785.046728972,2.825,2.785939128755577,1.4411,2.8914,4.3325,beacon_formula_16632_sqrt_S,modelo_teorico_e_real
2024-08-25,33095794.392523363,2.715,2.678895978825868,1.1501,2.8911,4.0412,beacon_formula_16632_sqrt_S,modelo_teorico_e_real
2024-08-26,33102803.738317758,2.731,2.6944729944482493,0.8558,2.8908,3.7466,beacon_formula_16632_sqrt_S,modelo_teorico_e_real
2024-08-27,33109813.08411215,2.785,2.7470275658272314,0.5154,2.8905,3.4059,beacon_formula_16632_sqrt_S,modelo_teorico_e_real
2024-08-28,33116822.429906543,3.13,3.082144358357297,0.1846,2.8902,3.0748,beacon_formula_16632_sqrt_S,modelo_teorico_e_real
2024-08-29,33123831.775700934,2.773,2.735351152139409,0.9368,2.8899,3.8267,beacon_formula_16632_sqrt_S,modelo_teorico_e_real
2024-08-30,33130841.12149533,2.88,2.8394178867757747,0.5302,2.8896,3.4198,beacon_formula_16632_sqrt_S,modelo_teorico_e_real
2024-08-31,33137850.46728972,2.683,2.647734686871739,0.1299,2.8893,3.0192,beacon_formula_16632_sqrt_S,modelo_teorico_e_real
2024-09-01,33144859.81308411,2.674,2.63896882859993,0.2858,2.889,3.1748,beacon_formula_16632_sqrt_S,modelo_teorico_e_real
2024-09-02,33151869.158878505,2.751,2.71394086201604,0.4474,2.8887,3.3361,beacon_formula_16632_sqrt_S,modelo_teorico_e_real
2024-09-03,33158878.504672896,2.972,2.9288095620358945,0.383,2.8884,3.2714,beacon_formula_16632_sqrt_S,modelo_teorico_e_real
2024-09-04,33165887.85046729,2.906,2.8646888301250284,0.1767,2.8881,3.0648,beacon_formula_16632_sqrt_S,modelo_teorico_e_real
2024-09-05,33172897.19626168,3.019,2.9744463146526012,0.3503,2.8878,3.2381,beacon_formula_16632_sqrt_S,modelo_teorico_e_real
2024-09-06,33179906.542056076,2.948,2.9054976756347495,0.1085,2.8875,2.996,beacon_formula_16632_sqrt_S,modelo_teorico_e_real
2024-09-07,33186915.887850467,3.943,3.8674534767397795,0.1412,2.8872,3.0284,beacon_formula_16632_sqrt_S,modelo_teorico_e_real
2024-09-08,33193925.233644858,2.755,2.717833982049722,1.6464,2.8868,4.5332,beacon_formula_16632_sqrt_S,modelo_teorico_e_real
2024-09-09,33200934.579439253,2.904,2.862745137476974,1.0349,2.8865,3.9214,beacon_formula_16632_sqrt_S,modelo_teorico_e_real
2024-09-10,33207943.925233644,3.022,2.9773585938500657,0.434,2.8862,3.3202,beacon_formula_16632_sqrt_S,modelo_teorico_e_real
2024-09-11,33214953.271028038,3.017,2.9725047481969913,0.4929,2.8859,3.3788,beacon_formula_16632_sqrt_S,modelo_teorico_e_real
2024-09-12,33221962.61682243,2.896,2.8549699901492254,0.5568,2.8856,3.4424,beacon_formula_16632_sqrt_S,modelo_teorico_e_real
2024-09-13,33228971.962616824,2.875,2.8345573598131946,0.6267,2.8853,3.512,beacon_formula_16632_sqrt_S,modelo_teorico_e_real
2024-09-14,33235981.308411215,2.859,2.819002090220901,0.6844,2.885,3.5694,beacon_formula_16632_sqrt_S,modelo_teorico_e_real
2024-09-15,33242990.65420561,2.811,2.772321799113908,0.1784,2.8847,3.0631,beacon_formula_16632_sqrt_S,modelo_teorico_e_real
2024-09-16,33250000.0,3.155,3.1063847243401055,0.2094,2.8844,3.0938,beacon_formula_16632_sqrt_S,modelo_teorico_e_real
2024-09-17,33257009.34579439,2.939,2.8967543209245106,1.0413,2.8841,3.9254,beacon_formula_16632_sqrt_S,modelo_teorico_e_real
2024-09-18,33264018.691588785,3.113,3.065657561989066,0.5857,2.8838,3.4695,beacon_formula_16632_sqrt_S,modelo_teorico_e_real
2024-09-19,33271028.037383176,3.261,3.2090988354035455,1.0663,2.8835,3.9498,beacon_formula_16632_sqrt_S,modelo_teorico_e_real
2024-09-20,33278037.38317757,3.278,3.225562068521981,0.457,2.8832,3.3402,beacon_formula_16632_sqrt_S,modelo_teorico_e_real
2024-09-21,33285046.728971962,3.302,3.248799679775427,0.5682,2.8829,3.4511,beacon_formula_16632_sqrt_S,modelo_teorico_e_real
2024-09-22,33292056.074766356,3.173,3.1238341604463704,1.6756,2.8826,4.5582,beacon_formula_16632_sqrt_S,modelo_teorico_e_real
2024-09-23,33299065.420560747,3.19,3.1403113960117857,0.3627,2.8823,3.245,beacon_formula_16632_sqrt_S,modelo_teorico_e_real
2024-09-24,33306074.766355142,3.209,3.158723926622975,0.3754,2.882,3.2574,beacon_formula_16632_sqrt_S,modelo_teorico_e_real
2024-09-25,33313084.112149533,3.171,3.121895484141657,0.5489,2.8817,3.4306,beacon_formula_16632_sqrt_S,modelo_teorico_e_real
2024-09-26,33320093.457943924,3.124,3.076325798546109,0.4145,2.8814,3.2959,beacon_formula_16632_sqrt_S,modelo_teorico_e_real
2024-09-27,33327102.80373832,3.233,3.1819770289166494,0.2814,2.8811,3.1625,beacon_formula_16632_sqrt_S,modelo_teorico_e_real
2024-09-28,33334112.14953271,2.968,2.9249246239403393,0.1766,2.8808,3.0574,beacon_formula_16632_sqrt_S,modelo_teorico_e_real
2024-09-29,33341121.495327104,2.877,2.8365015988671693,0.238,2.8805,3.1185,beacon_formula_16632_sqrt_S,modelo_teorico_e_real
2024-09-30,33348130.841121495,2.959,2.916182962919067,0.2969,2.8802,3.1771,beacon_formula_16632_sqrt_S,modelo_teorico_e_real
2024-10-01,33355140.18691589,3.025,2.980270788483841,0.2753,2.8799,3.1552,beacon_formula_16632_sqrt_S,modelo_teorico_e_real
2024-10-02,33362149.53271028,3.063,3.0171512690314595,0.2561,2.8796,3.1357,beacon_formula_16632_sqrt_S,modelo_teorico_e_real
2024-10-03,33369158.87850467,3.021,2.9763878435108415,0.2365,2.8793,3.1158,beacon_formula_16632_sqrt_S,modelo_teorico_e_real
2024-10-04,33376168.224299066,2.949,2.906469112435972,0.9804,2.879,3.8594,beacon_formula_16632_sqrt_S,modelo_teorico_e_real
2024-10-05,33383177.570093457,2.882,2.8413620316053434,0.7353,2.8787,3.614,beacon_formula_16632_sqrt_S,modelo_teorico_e_real
2024-10-06,33390186.91588785,2.976,2.9326943496285063,0.4905,2.8783,3.3688,beacon_formula_16632_sqrt_S,modelo_teorico_e_real
2024-10-07,33397196.261682242,3.051,3.005506266710034,1.115,2.878,3.993,beacon_formula_16632_sqrt_S,modelo_teorico_e_real
2024-10-08,33404205.607476637,3.358,3.3029998417876127,0.5722,2.8777,3.4499,beacon_formula_16632_sqrt_S,modelo_teorico_e_real
2024-10-09,33411214.953271028,3.431,3.3736096707810415,0.3869,2.8774,3.2643,beacon_formula_16632_sqrt_S,modelo_teorico_e_real
2024-10-10,33418224.299065422,3.149,3.100567570860191,0.1854,2.8771,3.0625,beacon_formula_16632_sqrt_S,modelo_teorico_e_real
2024-10-11,33425233.644859813,3.188,3.1383730382189556,0.2396,2.8768,3.1164,beacon_formula_16632_sqrt_S,modelo_teorico_e_real
2024-10-12,33432242.990654204,3.062,3.016180903816057,0.2947,2.8765,3.1712,beacon_formula_16632_sqrt_S,modelo_teorico_e_real
2024-10-13,33439252.3364486,3.085,3.038496928530754,0.3486,2.8762,3.2248,beacon_formula_16632_sqrt_S,modelo_teorico_e_real
2024-10-14,33446261.68224299,3.183,3.13352697982483,0.407,2.8759,3.2829,beacon_formula_16632_sqrt_S,modelo_teorico_e_real
2024-10-15,33453271.028037384,3.08,3.033646041229021,0.3546,2.8756,3.2302,beacon_formula_16632_sqrt_S,modelo_teorico_e_real
2024-10-16,33460280.373831775,3.018,2.973475536117376,0.3041,2.8753,3.1794,beacon_formula_16632_sqrt_S,modelo_teorico_e_real
2024-10-17,33467289.71962617,2.977,2.933665523013107,0.251,2.875,3.126,beacon_formula_16632_sqrt_S,modelo_teorico_e_real
2024-10-18,33474299.06542056,2.975,2.9317231668344323,0.1982,2.8747,3.0729,beacon_formula_16632_sqrt_S,modelo_teorico_e_real
2024-10-19,33481308.411214955,2.894,2.853026109117196,0.208,2.8744,3.0824,beacon_formula_16632_sqrt_S,modelo_teorico_e_real
2024-10-20,33488317.757009346,2.833,2.7937196298547518,0.1966,2.8741,3.0707,beacon_formula_16632_sqrt_S,modelo_teorico_e_real
2024-10-21,33495327.102803737,2.835,2.795664660811936,0.1818,2.8738,3.0556,beacon_formula_16632_sqrt_S,modelo_teorico_e_real
2024-10-22,33502336.44859813,2.974,2.93075197463899,0.1691,2.8735,3.0426,beacon_formula_16632_sqrt_S,modelo_teorico_e_real
2024-10-23,33509345.794392522,2.934,2.891896572236541,0.1717,2.8732,3.0449,beacon_formula_16632_sqrt_S,modelo_teorico_e_real
2024-10-24,33516355.140186917,2.95,2.9074405398277214,0.2955,2.8729,3.1684,beacon_formula_16632_sqrt_S,modelo_teorico_e_real
2024-10-25,33523364.485981308,2.97,2.9268671117949063,0.2441,2.8726,3.1167,beacon_formula_16632_sqrt_S,modelo_teorico_e_real
2024-10-26,33530373.831775703,2.925,2.883152031551761,0.668,2.8723,3.5403,beacon_formula_16632_sqrt_S,modelo_teorico_e_real
2024-10-27,33537383.177570093,2.818,2.7791306950706307,0.5841,2.872,3.4561,beacon_formula_16632_sqrt_S,modelo_teorico_e_real
2024-10-28,33544392.523364484,2.769,2.731458712100232,0.5063,2.8717,3.378,beacon_formula_16632_sqrt_S,modelo_teorico_e_real
2024-10-29,33551401.86915888,2.946,2.90355477379578,0.4273,2.8714,3.2987,beacon_formula_16632_sqrt_S,modelo_teorico_e_real
2024-10-30,33558411.21495327,2.994,2.9501740317366965,0.4124,2.8711,3.2835,beacon_formula_16632_sqrt_S,modelo_teorico_e_real
2024-10-31,33565420.56074766,2.916,2.874406728294421,0.2098,2.8708,3.0806,beacon_formula_16632_sqrt_S,modelo_teorico_e_real
2024-11-01,33572429.906542055,3.176,3.126742104632263,0.5584,2.8705,3.4289,beacon_formula_16632_sqrt_S,modelo_teorico_e_real
2024-11-02,33579439.25233645,2.836,2.796637162139848,0.1564,2.8702,3.0266,beacon_formula_16632_sqrt_S,modelo_teorico_e_real
2024-11-03,33586448.598130845,2.868,2.827752226259861,0.2884,2.8699,3.1583,beacon_formula_16632_sqrt_S,modelo_teorico_e_real
2024-11-04,33593457.94392523,2.868,2.827752226259861,0.4181,2.8696,3.2877,beacon_formula_16632_sqrt_S,modelo_teorico_e_real
2024-11-05,33600467.28971963,2.933,2.890924994252697,0.2582,2.8693,3.1275,beacon_formula_16632_sqrt_S,modelo_teorico_e_real
2024-11-06,33607476.63551402,3.217,3.1664755598230787,0.3704,2.869,3.2394,beacon_formula_16632_sqrt_S,modelo_teorico_e_real
2024-11-07,33614485.98130841,3.002,2.9579418014620273,1.0703,2.8687,3.939,beacon_formula_16632_sqrt_S,modelo_teorico_e_real
2024-11-08,33621495.3271028,3.031,2.9860949240441137,1.7707,2.8684,4.6391,beacon_formula_16632_sqrt_S,modelo_teorico_e_real
2024-11-09,33628504.6728972,3.103,3.05595818018789,0.8577,2.8681,3.7258,beacon_formula_16632_sqrt_S,modelo_teorico_e_real
2024-11-10,33635514.01869159,2.923,2.881208696739246,0.8024,2.8678,3.6702,beacon_formula_16632_sqrt_S,modelo_teorico_e_real
2024-11-11,33642523.36448598,3.057,3.0113289368968177,0.7519,2.8675,3.6194,beacon_formula_16632_sqrt_S,modelo_teorico_e_real
2024-11-12,33649532.71028037,3.47,3.4113123646154486,0.6873,2.8672,3.5545,beacon_formula_16632_sqrt_S,modelo_teorico_e_real
2024-11-13,33656542.05607477,3.142,3.093780465282081,0.6151,2.8669,3.482,beacon_formula_16632_sqrt_S,modelo_teorico_e_real
2024-11-14,33663551.401869155,3.524,3.4634927048171615,0.4147,2.8666,3.2813,beacon_formula_16632_sqrt_S,modelo_teorico_e_real
2024-11-15,33670560.74766355,3.218,3.167444471846248,0.2231,2.8663,3.0894,beacon_formula_16632_sqrt_S,modelo_teorico_e_real
2024-11-16,33677570.093457945,3.027,2.9822122045823907,0.2344,2.866,3.1004,beacon_formula_16632_sqrt_S,modelo_teorico_e_real
2024-11-17,33684579.43925234,2.923,2.881208696739246,0.2456,2.8657,3.1113,beacon_formula_16632_sqrt_S,modelo_teorico_e_real
2024-11-18,33691588.78504673,2.915,2.8734349808509085,0.2578,2.8654,3.1232,beacon_formula_16632_sqrt_S,modelo_teorico_e_real
2024-11-19,33698598.13084112,3.033,2.9880362273991823,0.2709,2.8651,3.136,beacon_formula_16632_sqrt_S,modelo_teorico_e_real
2024-11-20,33705607.476635516,3.033,2.9880362273991823,0.1191,2.8648,2.9839,beacon_formula_16632_sqrt_S,modelo_teorico_e_real
2024-11-21,33712616.82242991,2.985,2.9414345715271795,0.1419,2.8646,3.0065,beacon_formula_16632_sqrt_S,modelo_teorico_e_real
2024-11-22,33719626.1682243,3.044,2.9987127241688505,0.7881,2.8643,3.6524,beacon_formula_16632_sqrt_S,modelo_teorico_e_real
2024-11-23,33726635.51401869,2.978,2.934636686996339,0.5772,2.864,3.4412,beacon_formula_16632_sqrt_S,modelo_teorico_e_real
2024-11-24,33733644.85981309,3.01,2.9657089695646066,0.3659,2.8637,3.2296,beacon_formula_16632_sqrt_S,modelo_teorico_e_real
2024-11-25,33740654.205607474,2.905,2.8637169885138425,0.2996,2.8634,3.163,beacon_formula_16632_sqrt_S,modelo_teorico_e_real
2024-11-26,33747663.55140187,2.996,2.9521160305742145,0.2566,2.8631,3.1197,beacon_formula_16632_sqrt_S,modelo_teorico_e_real
2024-11-27,33754672.89719626,2.96,2.917154296224189,0.2171,2.8628,3.0799,beacon_formula_16632_sqrt_S,modelo_teorico_e_real
2024-11-28,33761682.24299066,2.909,2.867604298453119,0.2152,2.8625,3.0777,beacon_formula_16632_sqrt_S,modelo_teorico_e_real
2024-11-29,33768691.588785045,2.807,2.7684307938532493,0.2782,2.8622,3.1404,beacon_formula_16632_sqrt_S,modelo_teorico_e_real
2024-11-30,33775700.93457944,2.804,2.7655124408205722,0.3413,2.8619,3.2032,beacon_formula_16632_sqrt_S,modelo_teorico_e_real
2024-12-01,33782710.280373834,2.793,2.7548110863866437,0.4044,2.8616,3.266,beacon_formula_16632_sqrt_S,modelo_teorico_e_real
2024-12-02,33789719.62616822,2.946,2.90355477379578,0.3321,2.8613,3.1934,beacon_formula_16632_sqrt_S,modelo_teorico_e_real
2024-12-03,33796728.971962616,3.113,3.065657561989066,0.263,2.861,3.124,beacon_formula_16632_sqrt_S,modelo_teorico_e_real
2024-12-04,33803738.31775701,3.145,3.0966892810558866,0.2531,2.8607,3.1138,beacon_formula_16632_sqrt_S,modelo_teorico_e_real
2024-12-05,33810747.663551405,2.996,2.9521160305742145,1.0485,2.8604,3.9089,beacon_formula_16632_sqrt_S,modelo_teorico_e_real
2024-12-06,33817757.00934579,3.34,3.285581555568129,0.7408,2.8601,3.6009,beacon_formula_16632_sqrt_S,modelo_teorico_e_real
2024-12-07,33824766.35514019,2.894,2.853026109117196,0.4247,2.8598,3.2845,beacon_formula_16632_sqrt_S,modelo_teorico_e_real
2024-12-08,33831775.70093458,2.781,2.743135578990752,0.1117,2.8595,2.9712,beacon_formula_16632_sqrt_S,modelo_teorico_e_real
2024-12-09,33838785.04672897,2.857,2.8170575118585672,0.1353,2.8592,2.9945,beacon_formula_16632_sqrt_S,modelo_teorico_e_real
2024-12-10,33845794.39252336,3.413,3.356203645518474,0.1636,2.8589,3.0225,beacon_formula_16632_sqrt_S,modelo_teorico_e_real
2024-12-11,33852803.73831776,3.037,2.991918721373943,0.3994,2.8586,3.258,beacon_formula_16632_sqrt_S,modelo_teorico_e_real
2024-12-12,33859813.08411215,2.925,2.883152031551761,0.3008,2.8583,3.1591,beacon_formula_16632_sqrt_S,modelo_teorico_e_real
2024-12-13,33866822.42990654,2.898,2.856913833494734,0.2001,2.858,3.0581,beacon_formula_16632_sqrt_S,modelo_teorico_e_real
2024-12-14,33873831.775700934,2.797,2.758702620125786,0.1507,2.8577,3.0084,beacon_formula_16632_sqrt_S,modelo_teorico_e_real
2024-12-15,33880841.12149533,2.762,2.724646578466161,0.1019,2.8574,2.9593,beacon_formula_16632_sqrt_S,modelo_teorico_e_real
2024-12-16,33887850.467289716,2.856,2.8160852085348242,0.1296,2.8571,2.9867,beacon_formula_16632_sqrt_S,modelo_teorico_e_real
2024-12-17,33894859.81308411,2.868,2.827752226259861,0.1556,2.8568,3.0124,beacon_formula_16632_sqrt_S,modelo_teorico_e_real
2024-12-18,33901869.158878505,2.858,2.8180298057566278,0.2131,2.8565,3.0696,beacon_formula_16632_sqrt_S,modelo_teorico_e_real
2024-12-19,33908878.5046729,2.97,2.9268671117949063,0.1449,2.8562,3.0011,beacon_formula_16632_sqrt_S,modelo_teorico_e_real
2024-12-20,33915887.85046729,3.278,3.225562068521981,3.7402,2.856,6.5962,beacon_formula_16632_sqrt_S,modelo_teorico_e_real
2024-12-21,33922897.19626168,2.926,2.884123684843809,1.934,2.8557,4.7897,beacon_formula_16632_sqrt_S,modelo_teorico_e_real
2024-12-22,33929906.542056076,2.899,2.857885741045174,0.1404,2.8554,2.9958,beacon_formula_16632_sqrt_S,modelo_teorico_e_real
2024-12-23,33936915.88785047,2.861,2.8209466308805053,0.1123,2.8551,2.9674,beacon_formula_16632_sqrt_S,modelo_teorico_e_real
2024-12-24,33943925.23364486,2.824,2.7849665236722165,0.0937,2.8548,2.9485,beacon_formula_16632_sqrt_S,modelo_teorico_e_real
2024-12-25,33950934.57943925,2.743,2.706154168502839,0.5347,2.8545,3.3892,beacon_formula_16632_sqrt_S,modelo_teorico_e_real
2024-12-26,33957943.92523365,2.752,2.7149141561954027,0.3331,2.8542,3.1873,beacon_formula_16632_sqrt_S,modelo_teorico_e_real
2024-12-27,33964953.271028034,2.821,2.782048651827518,0.1287,2.8539,2.9826,beacon_formula_16632_sqrt_S,modelo_teorico_e_real
2024-12-28,33971962.61682243,2.762,2.724646578466161,0.123,2.8536,2.9766,beacon_formula_16632_sqrt_S,modelo_teorico_e_real
2024-12-29,33978971.96261682,2.743,2.706154168502839,0.116,2.8533,2.9693,beacon_formula_16632_sqrt_S,modelo_teorico_e_real
2024-12-30,33985981.30841122,2.753,2.715887440924769,0.1677,2.853,3.0207,beacon_formula_16632_sqrt_S,modelo_teorico_e_real
2024-12-31,33992990.654205605,2.963,2.9200682396746114,0.1934,2.8527,3.0461,beacon_formula_16632_sqrt_S,modelo_teorico_e_real
2025-01-01,34000000.0,2.849,2.8092788213089914,0.22,2.8524,3.0724,beacon_formula_16632_sqrt_S,modelo_teorico_e_real
2025-01-02,34003495.14563107,2.991,2.947260962953946,0.249,2.8523,3.1013,beacon_formula_16632_sqrt_S,modelo_teorico_e_real
2025-01-03,34006990.291262135,2.904,2.862745137476974,0.2773,2.8521,3.1294,beacon_formula_16632_sqrt_S,modelo_teorico_e_real
2025-01-04,34010485.4368932,2.872,2.831640930551771,0.3036,2.852,3.1556,beacon_formula_16632_sqrt_S,modelo_teorico_e_real
2025-01-05,34013980.58252427,2.808,2.7694035593190947,0.3308,2.8518,3.1826,beacon_formula_16632_sqrt_S,modelo_teorico_e_real
2025-01-06,34017475.72815534,2.85,2.810251190628721,0.2407,2.8517,3.0924,beacon_formula_16632_sqrt_S,modelo_teorico_e_real
2025-01-07,34020970.873786405,2.926,2.884123684843809,0.1482,2.8515,2.9997,beacon_formula_16632_sqrt_S,modelo_teorico_e_real
2025-01-08,34024466.01941747,3.017,2.9725047481969913,2.9241,2.8514,5.7755,beacon_formula_16632_sqrt_S,modelo_teorico_e_real
2025-01-09,34027961.16504855,2.954,2.9113261552918823,0.2031,2.8512,3.0543,beacon_formula_16632_sqrt_S,modelo_teorico_e_real
2025-01-10,34031456.310679615,2.931,2.8889818100646947,0.1148,2.8511,2.9659,beacon_formula_16632_sqrt_S,modelo_teorico_e_real
2025-01-11,34034951.45631068,2.759,2.7217269509564046,0.1212,2.851,2.9722,beacon_formula_16632_sqrt_S,modelo_teorico_e_real
2025-01-12,34038446.60194175,2.7,2.6642903288541797,0.1451,2.8508,2.9959,beacon_formula_16632_sqrt_S,modelo_teorico_e_real
2025-01-13,34041941.74757282,3.113,3.065657561989066,0.1681,2.8507,3.0188,beacon_formula_16632_sqrt_S,modelo_teorico_e_real
2025-01-14,34045436.893203884,2.984,2.940463473377841,0.3016,2.8505,3.1521,beacon_formula_16632_sqrt_S,modelo_teorico_e_real
2025-01-15,34048932.03883495,2.857,2.8170575118585672,0.1534,2.8504,3.0038,beacon_formula_16632_sqrt_S,modelo_teorico_e_real
2025-01-16,34052427.18446602,2.898,2.856913833494734,0.5978,2.8502,3.448,beacon_formula_16632_sqrt_S,modelo_teorico_e_real
2025-01-17,34055922.33009709,2.892,2.8510821904148553,1.0474,2.8501,3.8975,beacon_formula_16632_sqrt_S,modelo_teorico_e_real
2025-01-18,34059417.475728154,2.981,2.9375501225054057,1.482,2.8499,4.3319,beacon_formula_16632_sqrt_S,modelo_teorico_e_real
2025-01-19,34062912.62135922,3.164,3.1151098219248663,1.9211,2.8498,4.7709,beacon_formula_16632_sqrt_S,modelo_teorico_e_real
2025-01-20,34066407.76699029,3.472,3.4132454540596324,2.3819,2.8496,5.2315,beacon_formula_16632_sqrt_S,modelo_teorico_e_real
2025-01-21,34069902.91262136,3.428,3.370708876368367,0.7168,2.8495,3.5663,beacon_formula_16632_sqrt_S,modelo_teorico_e_real
2025-01-22,34073398.058252424,2.919,2.8773219141194906,0.118,2.8493,2.9673,beacon_formula_16632_sqrt_S,modelo_teorico_e_real
2025-01-23,34076893.20388349,2.843,2.80344440741076,0.1332,2.8492,2.9824,beacon_formula_16632_sqrt_S,modelo_teorico_e_real
2025-01-24,34080388.34951457,4.191,4.105787631234037,0.1462,2.8491,2.9953,beacon_formula_16632_sqrt_S,modelo_teorico_e_real
2025-01-25,34083883.495145634,2.803,2.7645396376033693,0.1615,2.8489,3.0104,beacon_formula_16632_sqrt_S,modelo_teorico_e_real
2025-01-26,34087378.6407767,2.735,2.6983668703195463,0.158,2.8488,3.0068,beacon_formula_16632_sqrt_S,modelo_teorico_e_real
2025-01-27,34090873.78640777,3.075,3.0287949192739916,0.1536,2.8486,3.0022,beacon_formula_16632_sqrt_S,modelo_teorico_e_real
2025-01-28,34094368.932038836,2.906,2.8646888301250284,2.1051,2.8485,4.9536,beacon_formula_16632_sqrt_S,modelo_teorico_e_real
2025-01-29,34097864.0776699,2.799,2.760648330372373,0.15,2.8483,2.9983,beacon_formula_16632_sqrt_S,modelo_teorico_e_real
2025-01-30,34101359.22330097,2.881,2.840389963899348,0.0916,2.8482,2.9398,beacon_formula_16632_sqrt_S,modelo_teorico_e_real
2025-01-31,34104854.36893204,2.797,2.758702620125786,0.1241,2.848,2.9721,beacon_formula_16632_sqrt_S,modelo_teorico_e_real
2025-02-01,34108349.514563106,2.825,2.785939128755577,0.2994,2.8479,3.1473,beacon_formula_16632_sqrt_S,modelo_teorico_e_real
2025-02-02,34111844.66019417,2.768,2.730485578481656,0.4724,2.8477,3.3201,beacon_formula_16632_sqrt_S,modelo_teorico_e_real
2025-02-03,34115339.80582524,11.773,11.13168139984555,0.2379,2.8476,3.0855,beacon_formula_16632_sqrt_S,modelo_teorico_e_real
2025-02-04,34118834.95145631,3.31,3.256544353766433,0.1233,2.8474,2.9707,beacon_formula_16632_sqrt_S,modelo_teorico_e_real
2025-02-05,34122330.097087376,3.032,2.98706558041828,0.1749,2.8473,3.0222,beacon_formula_16632_sqrt_S,modelo_teorico_e_real
2025-02-06,34125825.24271844,2.817,2.778158023950761,0.2241,2.8472,3.0713,beacon_formula_16632_sqrt_S,modelo_teorico_e_real
2025-02-07,34129320.38834952,2.922,2.880237015202569,0.2131,2.847,3.0601,beacon_formula_16632_sqrt_S,modelo_teorico_e_real
2025-02-08,34132815.533980586,2.848,2.8083064425635795,0.2048,2.8469,3.0517,beacon_formula_16632_sqrt_S,modelo_teorico_e_real
2025-02-09,34136310.67961165,2.706,2.6701328441143257,0.1973,2.8467,3.044,beacon_formula_16632_sqrt_S,modelo_teorico_e_real
2025-02-10,34139805.82524272,2.857,2.8170575118585672,0.079,2.8466,2.9256,beacon_formula_16632_sqrt_S,modelo_teorico_e_real
2025-02-11,34143300.97087379,2.807,2.7684307938532493,0.0981,2.8464,2.9445,beacon_formula_16632_sqrt_S,modelo_teorico_e_real
2025-02-12,34146796.116504855,2.813,2.7742672451334105,0.1174,2.8463,2.9637,beacon_formula_16632_sqrt_S,modelo_teorico_e_real
2025-02-13,34150291.26213592,2.956,2.913268906571176,0.1367,2.8461,2.9828,beacon_formula_16632_sqrt_S,modelo_teorico_e_real
2025-02-14,34153786.40776699,2.851,2.811223550514663,0.1065,2.846,2.9525,beacon_formula_16632_sqrt_S,modelo_teorico_e_real
2025-02-15,34157281.55339806,2.688,2.6526042770697034,0.1171,2.8458,2.9629,beacon_formula_16632_sqrt_S,modelo_teorico_e_real
2025-02-16,34160776.699029125,2.65,2.615589459758705,0.1276,2.8457,2.9733,beacon_formula_16632_sqrt_S,modelo_teorico_e_real
2025-02-17,34164271.84466019,2.765,2.7275661209745783,0.1358,2.8456,2.9814,beacon_formula_16632_sqrt_S,modelo_teorico_e_real
2025-02-18,34167766.99029126,2.944,2.901611834318918,0.1436,2.8454,2.989,beacon_formula_16632_sqrt_S,modelo_teorico_e_real
2025-02-19,34171262.13592233,2.785,2.7470275658272314,0.1406,2.8453,2.9859,beacon_formula_16632_sqrt_S,modelo_teorico_e_real
2025-02-20,34174757.281553395,2.722,2.685711220884679,0.1389,2.8451,2.984,beacon_formula_16632_sqrt_S,modelo_teorico_e_real
2025-02-21,34178252.42718446,2.739,2.7022605949990064,0.1356,2.845,2.9806,beacon_formula_16632_sqrt_S,modelo_teorico_e_real
2025-02-22,34181747.57281554,3.013,2.9686215025098717,0.3756,2.8448,3.2204,beacon_formula_16632_sqrt_S,modelo_teorico_e_real
2025-02-23,34185242.718446605,2.737,2.7003137515552167,0.6173,2.8447,3.462,beacon_formula_16632_sqrt_S,modelo_teorico_e_real
2025-02-24,34188737.86407767,2.792,2.7538381793572597,0.1404,2.8445,2.9849,beacon_formula_16632_sqrt_S,modelo_teorico_e_real
2025-02-25,34192233.00970874,4.108,4.026085616127828,0.1927,2.8444,3.0371,beacon_formula_16632_sqrt_S,modelo_teorico_e_real
2025-02-26,34195728.15533981,2.982,2.9385212488669543,0.1635,2.8442,3.0077,beacon_formula_16632_sqrt_S,modelo_teorico_e_real
2025-02-27,34199223.300970875,3.14,3.091841207883639,0.1361,2.8441,2.9802,beacon_formula_16632_sqrt_S,modelo_teorico_e_real
2025-02-28,34202718.44660194,4.079,3.9982229850068496,0.1093,2.844,2.9533,beacon_formula_16632_sqrt_S,modelo_teorico_e_real
2025-03-01,34206213.59223301,2.849,2.8092788213089914,0.1032,2.8438,2.947,beacon_formula_16632_sqrt_S,modelo_teorico_e_real
2025-03-02,34209708.73786408,2.764,2.726592949580331,0.0991,2.8437,2.9428,beacon_formula_16632_sqrt_S,modelo_teorico_e_real
2025-03-03,34213203.883495145,3.33,3.2759034224646433,0.0968,2.8435,2.9403,beacon_formula_16632_sqrt_S,modelo_teorico_e_real
2025-03-04,34216699.02912621,3.615,3.551364858684458,0.0952,2.8434,2.9386,beacon_formula_16632_sqrt_S,modelo_teorico_e_real
2025-03-05,34220194.17475728,3.112,3.0646876660235245,0.0949,2.8432,2.9381,beacon_formula_16632_sqrt_S,modelo_teorico_e_real
2025-03-06,34223689.32038835,2.875,2.8345573598131946,0.1297,2.8431,2.9728,beacon_formula_16632_sqrt_S,modelo_teorico_e_real
2025-03-07,34227184.466019414,3.053,3.007447194334545,0.8049,2.8429,3.6478,beacon_formula_16632_sqrt_S,modelo_teorico_e_real
2025-03-08,34230679.61165048,2.95,2.9074405398277214,1.4878,2.8428,4.3306,beacon_formula_16632_sqrt_S,modelo_teorico_e_real
2025-03-09,34234174.75728156,2.718,2.6818168535649445,2.1048,2.8426,4.9474,beacon_formula_16632_sqrt_S,modelo_teorico_e_real
2025-03-10,34237669.902912624,3.064,3.018121624853598,2.7972,2.8425,5.6397,beacon_formula_16632_sqrt_S,modelo_teorico_e_real
2025-03-11,34241165.04854369,4.851,4.737318275464419,1.9104,2.8424,4.7528,beacon_formula_16632_sqrt_S,modelo_teorico_e_real
2025-03-12,34244660.19417476,3.602,3.53881640692022,1.0096,2.8422,3.8518,beacon_formula_16632_sqrt_S,modelo_teorico_e_real
2025-03-13,34248155.33980583,2.825,2.785939128755577,0.1188,2.8421,2.9609,beacon_formula_16632_sqrt_S,modelo_teorico_e_real
2025-03-14,34251650.485436894,2.811,2.772321799113908,0.1158,2.8419,2.9577,beacon_formula_16632_sqrt_S,modelo_teorico_e_real
2025-03-15,34255145.63106796,2.794,2.7557839839822407,0.107,2.8418,2.9488,beacon_formula_16632_sqrt_S,modelo_teorico_e_real
2025-03-16,34258640.77669903,2.714,2.6779223350047454,0.0843,2.8416,2.9259,beacon_formula_16632_sqrt_S,modelo_teorico_e_real
2025-03-17,34262135.9223301,2.688,2.6526042770697034,0.09,2.8415,2.9315,beacon_formula_16632_sqrt_S,modelo_teorico_e_real
2025-03-18,34265631.067961164,2.793,2.7548110863866437,0.0879,2.8413,2.9292,beacon_formula_16632_sqrt_S,modelo_teorico_e_real
2025-03-19,34269126.21359223,2.873,2.83261308305649,0.0869,2.8412,2.9281,beacon_formula_16632_sqrt_S,modelo_teorico_e_real
2025-03-20,34272621.3592233,2.93,2.8880102038443267,0.0812,2.8411,2.9223,beacon_formula_16632_sqrt_S,modelo_teorico_e_real
2025-03-21,34276116.504854366,2.741,2.7042074006428107,0.0471,2.8409,2.888,beacon_formula_16632_sqrt_S,modelo_teorico_e_real
2025-03-22,34279611.65048543,2.668,2.6331244973600842,0.0569,2.8408,2.8977,beacon_formula_16632_sqrt_S,modelo_teorico_e_real
2025-03-23,34283106.7961165,2.664,2.629228087301261,0.1599,2.8406,3.0005,beacon_formula_16632_sqrt_S,modelo_teorico_e_real
2025-03-24,34286601.941747576,2.669,2.634098576221433,0.1161,2.8405,2.9566,beacon_formula_16632_sqrt_S,modelo_teorico_e_real
2025-03-25,34290097.08737864,2.704,2.668185376849208,0.3809,2.8403,3.2212,beacon_formula_16632_sqrt_S,modelo_teorico_e_real
2025-03-26,34293592.23300971,2.689,2.6535781667285097,0.1744,2.8402,3.0146,beacon_formula_16632_sqrt_S,modelo_teorico_e_real
2025-03-27,34297087.37864078,2.749,2.71199424531543,0.1385,2.84,2.9785,beacon_formula_16632_sqrt_S,modelo_teorico_e_real
2025-03-28,34300582.524271846,3.019,2.9744463146526012,0.1502,2.8399,2.9901,beacon_formula_16632_sqrt_S,modelo_teorico_e_real
2025-03-29,34304077.66990291,2.812,2.773294526844605,0.1615,2.8397,3.0012,beacon_formula_16632_sqrt_S,modelo_teorico_e_real
2025-03-30,34307572.81553398,2.765,2.7275661209745783,0.1317,2.8396,2.9713,beacon_formula_16632_sqrt_S,modelo_teorico_e_real
2025-03-31,34311067.96116505,2.743,2.706154168502839,0.1022,2.8395,2.9417,beacon_formula_16632_sqrt_S,modelo_teorico_e_real
2025-04-01,34314563.106796116,2.787,2.748973502606278,0.106,2.8393,2.9453,beacon_formula_16632_sqrt_S,modelo_teorico_e_real
2025-04-02,34318058.25242718,2.761,2.723673378738134,0.1085,2.8392,2.9477,beacon_formula_16632_sqrt_S,modelo_teorico_e_real
2025-04-03,34321553.39805825,2.993,2.94920301820778,0.1183,2.839,2.9573,beacon_formula_16632_sqrt_S,modelo_teorico_e_real
2025-04-04,34325048.54368932,2.852,2.812195900974923,0.1287,2.8389,2.9676,beacon_formula_16632_sqrt_S,modelo_teorico_e_real
2025-04-05,34328543.689320385,2.782,2.7441085898647355,0.1207,2.8387,2.9594,beacon_formula_16632_sqrt_S,modelo_teorico_e_real
2025-04-06,34332038.83495145,2.663,2.628253961133198,0.1098,2.8386,2.9484,beacon_formula_16632_sqrt_S,modelo_teorico_e_real
2025-04-07,34335533.98058253,7.349,7.09219123753646,0.1009,2.8384,2.9393,beacon_formula_16632_sqrt_S,modelo_teorico_e_real
2025-04-08,34339029.126213595,3.122,3.0743862035818026,0.0667,2.8383,2.905,beacon_formula_16632_sqrt_S,modelo_teorico_e_real
2025-04-09,34342524.27184466,3.293,3.2400862065452563,0.4874,2.8382,3.3256,beacon_formula_16632_sqrt_S,modelo_teorico_e_real
2025-04-10,34346019.41747573,3.337,3.2826782137087562,0.2882,2.838,3.1262,beacon_formula_16632_sqrt_S,modelo_teorico_e_real
2025-04-11,34349514.5631068,3.161,3.112201540408144,0.0954,2.8379,2.9333,beacon_formula_16632_sqrt_S,modelo_teorico_e_real
2025-04-12,34353009.708737865,2.886,2.84525020818871,0.1826,2.8377,3.0203,beacon_formula_16632_sqrt_S,modelo_teorico_e_real
2025-04-13,34356504.85436893,2.843,2.80344440741076,0.1762,2.8376,3.0138,beacon_formula_16632_sqrt_S,modelo_teorico_e_real
2025-04-14,34360000.0,2.976,2.9326943496285063,0.1675,2.8374,3.0049,beacon_formula_16632_sqrt_S,modelo_teorico_e_real
2025-04-15,34363495.14563107,2.832,2.792747100225479,0.1588,2.8373,2.9961,beacon_formula_16632_sqrt_S,modelo_teorico_e_real
2025-04-16,34366990.291262135,2.836,2.796637162139848,0.1289,2.8371,2.966,beacon_formula_16632_sqrt_S,modelo_teorico_e_real
2025-04-17,34370485.4368932,2.787,2.748973502606278,0.1294,2.837,2.9664,beacon_formula_16632_sqrt_S,modelo_teorico_e_real
2025-04-18,34373980.58252427,2.722,2.685711220884679,0.1282,2.8369,2.9651,beacon_formula_16632_sqrt_S,modelo_teorico_e_real
2025-04-19,34377475.72815534,2.667,2.6321504090406345,0.1266,2.8367,2.9633,beacon_formula_16632_sqrt_S,modelo_teorico_e_real
2025-04-20,34380970.873786405,2.684,2.6487086238291546,0.1259,2.8366,2.9625,beacon_formula_16632_sqrt_S,modelo_teorico_e_real
2025-04-21,34384466.01941747,2.749,2.71199424531543,0.1253,2.8364,2.9617,beacon_formula_16632_sqrt_S,modelo_teorico_e_real
2025-04-22,34387961.16504855,2.814,2.7752399539884287,0.1278,2.8363,2.9641,beacon_formula_16632_sqrt_S,modelo_teorico_e_real
2025-04-23,34391456.310679615,3.161,3.112201540408144,0.0868,2.8361,2.9229,beacon_formula_16632_sqrt_S,modelo_teorico_e_real
2025-04-24,34394951.45631068,2.913,2.871491457719255,0.1147,2.836,2.9507,beacon_formula_16632_sqrt_S,modelo_teorico_e_real
2025-04-25,34398446.60194175,2.801,2.7625940028594975,0.143,2.8359,2.9789,beacon_formula_16632_sqrt_S,modelo_teorico_e_real
2025-04-26,34401941.74757282,2.763,2.725619768744192,0.1714,2.8357,3.0071,beacon_formula_16632_sqrt_S,modelo_teorico_e_real
2025-04-27,34405436.893203884,2.692,2.656499778972532,0.1993,2.8356,3.0349,beacon_formula_16632_sqrt_S,modelo_teorico_e_real
2025-04-28,34408932.03883495,2.705,2.6691591152108174,0.1277,2.8354,2.9631,beacon_formula_16632_sqrt_S,modelo_teorico_e_real
2025-04-29,34412427.18446602,2.825,2.785939128755577,0.1585,2.8353,2.9938,beacon_formula_16632_sqrt_S,modelo_teorico_e_real
2025-04-30,34415922.33009709,2.825,2.785939128755577,0.1508,2.8351,2.9859,beacon_formula_16632_sqrt_S,modelo_teorico_e_real
2025-05-01,34419417.475728154,2.786,2.748000538933648,0.1445,2.835,2.9795,beacon_formula_16632_sqrt_S,modelo_teorico_e_real
2025-05-02,34422912.62135922,2.733,2.6964199512838904,0.1372,2.8348,2.972,beacon_formula_16632_sqrt_S,modelo_teorico_e_real
2025-05-03,34426407.76699029,2.672,2.637020756024455,0.1297,2.8347,2.9644,beacon_formula_16632_sqrt_S,modelo_teorico_e_real
2025-05-04,34429902.91262136,2.649,2.614615201096182,0.1426,2.8346,2.9772,beacon_formula_16632_sqrt_S,modelo_teorico_e_real
2025-05-05,34433398.058252424,2.698,2.662342748124269,0.1554,2.8344,2.9898,beacon_formula_16632_sqrt_S,modelo_teorico_e_real
2025-05-06,34436893.20388349,2.718,2.6818168535649445,0.1682,2.8343,3.0025,beacon_formula_16632_sqrt_S,modelo_teorico_e_real
2025-05-07,34440388.34951457,2.689,2.6535781667285097,0.2578,2.8341,3.0919,beacon_formula_16632_sqrt_S,modelo_teorico_e_real
2025-05-08,34443883.495145634,2.709,2.673053974100559,0.3554,2.834,3.1894,beacon_formula_16632_sqrt_S,modelo_teorico_e_real
2025-05-09,34447378.6407767,3.479,3.4200109736659545,0.4515,2.8338,3.2853,beacon_formula_16632_sqrt_S,modelo_teorico_e_real
2025-05-10,34450873.78640777,2.993,2.94920301820778,0.5515,2.8337,3.3852,beacon_formula_16632_sqrt_S,modelo_teorico_e_real
2025-05-11,34454368.932038836,3.138,3.089901912993187,0.5129,2.8335,3.3464,beacon_formula_16632_sqrt_S,modelo_teorico_e_real
2025-05-12,34457864.0776699,2.929,2.8870385882144856,0.4724,2.8334,3.3058,beacon_formula_16632_sqrt_S,modelo_teorico_e_real
2025-05-13,34461359.22330097,2.932,2.889953406867485,0.4386,2.8333,3.2719,beacon_formula_16632_sqrt_S,modelo_teorico_e_real
2025-05-14,34464854.36893204,2.902,2.8608014071586085,0.3982,2.8331,3.2313,beacon_formula_16632_sqrt_S,modelo_teorico_e_real
2025-05-15,34468349.514563106,2.813,2.7742672451334105,0.3483,2.833,3.1813,beacon_formula_16632_sqrt_S,modelo_teorico_e_real
2025-05-16,34471844.66019417,2.865,2.824835599075315,0.2227,2.8328,3.0555,beacon_formula_16632_sqrt_S,modelo_teorico_e_real
2025-05-17,34475339.80582524,2.757,2.7197804853990037,0.0986,2.8327,2.9313,beacon_formula_16632_sqrt_S,modelo_teorico_e_real
2025-05-18,34478834.95145631,2.625,2.5912301531880733,0.2858,2.8325,3.1183,beacon_formula_16632_sqrt_S,modelo_teorico_e_real
2025-05-19,34482330.097087376,3.06,3.0142401452216694,0.2621,2.8324,3.0945,beacon_formula_16632_sqrt_S,modelo_teorico_e_real
2025-05-20,34485825.24271844,2.931,2.8889818100646947,0.2339,2.8323,3.0662,beacon_formula_16632_sqrt_S,modelo_teorico_e_real
2025-05-21,34489320.38834952,2.786,2.748000538933648,0.9198,2.8321,3.7519,beacon_formula_16632_sqrt_S,modelo_teorico_e_real
2025-05-22,34492815.533980586,2.94,2.897725842427201,1.6216,2.832,4.4536,beacon_formula_16632_sqrt_S,modelo_teorico_e_real
2025-05-23,34496310.67961165,2.941,2.8986973545204187,2.3008,2.8318,5.1326,beacon_formula_16632_sqrt_S,modelo_teorico_e_real
2025-05-24,34499805.82524272,2.801,2.7625940028594975,0.0832,2.8317,2.9149,beacon_formula_16632_sqrt_S,modelo_teorico_e_real
2025-05-25,34503300.97087379,2.68,2.6448128192508857,0.1722,2.8315,3.0037,beacon_formula_16632_sqrt_S,modelo_teorico_e_real
2025-05-26,34506796.116504855,2.722,2.685711220884679,0.1137,2.8314,2.9451,beacon_formula_16632_sqrt_S,modelo_teorico_e_real
2025-05-27,34510291.26213592,2.744,2.7071275382578586,0.12,2.8313,2.9513,beacon_formula_16632_sqrt_S,modelo_teorico_e_real
2025-05-28,34513786.40776699,2.83,2.790802012681781,0.1864,2.8311,3.0175,beacon_formula_16632_sqrt_S,modelo_teorico_e_real
2025-05-29,34517281.55339806,2.871,2.8306687686132648,0.1805,2.831,3.0115,beacon_formula_16632_sqrt_S,modelo_teorico_e_real
2025-05-30,34520776.699029125,2.905,2.8637169885138425,0.1769,2.8308,3.0077,beacon_formula_16632_sqrt_S,modelo_teorico_e_real
2025-05-31,34524271.84466019,2.887,2.8462222287743977,0.1727,2.8307,3.0034,beacon_formula_16632_sqrt_S,modelo_teorico_e_real
2025-06-01,34527766.99029126,2.709,2.673053974100559,0.1684,2.8305,2.9989,beacon_formula_16632_sqrt_S,modelo_teorico_e_real
2025-06-02,34531262.13592233,2.727,2.6905789673689062,0.1646,2.8304,2.995,beacon_formula_16632_sqrt_S,modelo_teorico_e_real
2025-06-03,34534757.281553395,2.789,2.750919401625862,0.1185,2.8302,2.9487,beacon_formula_16632_sqrt_S,modelo_teorico_e_real
2025-06-04,34538252.42718446,2.8,2.7616211713328287,0.1599,2.8301,2.99,beacon_formula_16632_sqrt_S,modelo_teorico_e_real
2025-06-05,34541747.57281554,2.765,2.7275661209745783,0.2,2.83,3.03,beacon_formula_16632_sqrt_S,modelo_teorico_e_real
2025-06-06,34545242.718446605,2.878,2.8374737042596854,0.1358,2.8298,2.9656,beacon_formula_16632_sqrt_S,modelo_teorico_e_real
2025-06-07,34548737.86407767,2.743,2.706154168502839,0.1762,2.8297,3.0059,beacon_formula_16632_sqrt_S,modelo_teorico_e_real
2025-06-08,34552233.00970874,2.681,2.6457867845826044,0.1528,2.8295,2.9823,beacon_formula_16632_sqrt_S,modelo_teorico_e_real
2025-06-09,34555728.15533981,2.68,2.6448128192508857,0.1304,2.8294,2.9598,beacon_formula_16632_sqrt_S,modelo_teorico_e_real
2025-06-10,34559223.300970875,2.804,2.7655124408205722,0.2377,2.8292,3.0669,beacon_formula_16632_sqrt_S,modelo_teorico_e_real
2025-06-11,34562718.44660194,2.804,2.7655124408205722,0.2477,2.8291,3.0768,beacon_formula_16632_sqrt_S,modelo_teorico_e_real
2025-06-12,34566213.59223301,2.834,2.7946921500502375,0.2595,2.829,3.0885,beacon_formula_16632_sqrt_S,modelo_teorico_e_real
2025-06-13,34569708.73786408,2.899,2.857885741045174,0.2336,2.8288,3.0624,beacon_formula_16632_sqrt_S,modelo_teorico_e_real
2025-06-14,34573203.883495145,2.637,2.6029233587980816,0.2074,2.8287,3.0361,beacon_formula_16632_sqrt_S,modelo_teorico_e_real
2025-06-15,34576699.02912621,2.566,2.5337187187634003,0.1826,2.8285,3.0111,beacon_formula_16632_sqrt_S,modelo_teorico_e_real
2025-06-16,34580194.17475728,2.654,2.619486399762949,0.1561,2.8284,2.9845,beacon_formula_16632_sqrt_S,modelo_teorico_e_real
2025-06-17,34583689.32038835,2.755,2.717833982049722,0.1303,2.8282,2.9585,beacon_formula_16632_sqrt_S,modelo_teorico_e_real
2025-06-18,34587184.466019414,2.661,2.62630568040656,0.1063,2.8281,2.9344,beacon_formula_16632_sqrt_S,modelo_teorico_e_real
2025-06-19,34590679.61165048,2.747,2.7100475908391486,0.3375,2.828,3.1655,beacon_formula_16632_sqrt_S,modelo_teorico_e_real
2025-06-20,34594174.75728156,2.678,2.642864860205041,0.5629,2.8278,3.3907,beacon_formula_16632_sqrt_S,modelo_teorico_e_real
2025-06-21,34597669.902912624,2.697,2.661368943572162,0.0871,2.8277,2.9148,beacon_formula_16632_sqrt_S,modelo_teorico_e_real
2025-06-22,34601165.04854369,2.966,2.922982098455984,0.0771,2.8275,2.9046,beacon_formula_16632_sqrt_S,modelo_teorico_e_real
2025-06-23,34604660.19417476,2.986,2.942405660275149,0.1287,2.8274,2.9561,beacon_formula_16632_sqrt_S,modelo_teorico_e_real
2025-06-24,34608155.33980583,2.867,2.826780026618625,0.1799,2.8272,3.0071,beacon_formula_16632_sqrt_S,modelo_teorico_e_real
2025-06-25,34611650.485436894,2.756,2.718807238445309,0.2303,2.8271,3.0574,beacon_formula_16632_sqrt_S,modelo_teorico_e_real
2025-06-26,34615145.63106796,2.735,2.6983668703195463,0.1298,2.827,2.9568,beacon_formula_16632_sqrt_S,modelo_teorico_e_real
2025-06-27,34618640.77669903,2.741,2.7042074006428107,0.3725,2.8268,3.1993,beacon_formula_16632_sqrt_S,modelo_teorico_e_real
2025-06-28,34622135.9223301,2.631,2.5970769264253013,0.6192,2.8267,3.4459,beacon_formula_16632_sqrt_S,modelo_teorico_e_real
2025-06-29,34625631.067961164,2.644,2.609743765798589,0.8675,2.8265,3.694,beacon_formula_16632_sqrt_S,modelo_teorico_e_real
2025-06-30,34629126.21359223,2.655,2.6204606111025486,1.1011,2.8264,3.9275,beacon_formula_16632_sqrt_S,modelo_teorico_e_real
2025-07-01,34632621.3592233,2.685,2.6496825513284694,1.336,2.8262,4.1622,beacon_formula_16632_sqrt_S,modelo_teorico_e_real
2025-07-02,34636116.504854366,2.686,2.6506564693615786,0.7485,2.8261,3.5746,beacon_formula_16632_sqrt_S,modelo_teorico_e_real
2025-07-03,34639611.65048543,2.702,2.666237871759791,0.1458,2.826,2.9718,beacon_formula_16632_sqrt_S,modelo_teorico_e_real
2025-07-04,34643106.7961165,2.697,2.661368943572162,0.1188,2.8258,2.9446,beacon_formula_16632_sqrt_S,modelo_teorico_e_real
2025-07-05,34646601.941747576,2.608,2.5746624442410937,0.0924,2.8257,2.9181,beacon_formula_16632_sqrt_S,modelo_teorico_e_real
2025-07-06,34650097.08737864,2.622,2.5883066387311082,0.1059,2.8255,2.9314,beacon_formula_16632_sqrt_S,modelo_teorico_e_real
2025-07-07,34653592.23300971,2.66,2.625331525847985,0.3737,2.8254,3.1991,beacon_formula_16632_sqrt_S,modelo_teorico_e_real
2025-07-08,34657087.37864078,2.675,2.6399428506883593,0.2575,2.8252,3.0827,beacon_formula_16632_sqrt_S,modelo_teorico_e_real
2025-07-09,34660582.524271846,2.684,2.6487086238291546,0.2377,2.8251,3.0628,beacon_formula_16632_sqrt_S,modelo_teorico_e_real
2025-07-10,34664077.66990291,2.811,2.772321799113908,0.2199,2.825,3.0449,beacon_formula_16632_sqrt_S,modelo_teorico_e_real
2025-07-11,34667572.81553398,2.896,2.8549699901492254,0.2013,2.8248,3.0261,beacon_formula_16632_sqrt_S,modelo_teorico_e_real
2025-07-12,34671067.96116505,2.7,2.6642903288541797,0.1813,2.8247,3.006,beacon_formula_16632_sqrt_S,modelo_teorico_e_real
2025-07-13,34674563.106796116,2.617,2.5834339252364114,0.1621,2.8245,2.9866,beacon_formula_16632_sqrt_S,modelo_teorico_e_real
2025-07-14,34678058.25242718,2.749,2.71199424531543,0.1438,2.8244,2.9682,beacon_formula_16632_sqrt_S,modelo_teorico_e_real
2025-07-15,34681553.39805825,2.733,2.6964199512838904,0.1251,2.8243,2.9494,beacon_formula_16632_sqrt_S,modelo_teorico_e_real
2025-07-16,34685048.54368932,2.802,2.7635668249523793,0.1507,2.8241,2.9748,beacon_formula_16632_sqrt_S,modelo_teorico_e_real
2025-07-17,34688543.689320385,2.88,2.8394178867757747,0.1751,2.824,2.9991,beacon_formula_16632_sqrt_S,modelo_teorico_e_real
2025-07-18,34692038.83495145,2.84,2.800527073162251,0.2006,2.8238,3.0244,beacon_formula_16632_sqrt_S,modelo_teorico_e_real
2025-07-19,34695533.98058253,2.672,2.637020756024455,0.2264,2.8237,3.0501,beacon_formula_16632_sqrt_S,modelo_teorico_e_real
2025-07-20,34699029.126213595,2.677,2.6418908664909146,0.2532,2.8235,3.0767,beacon_formula_16632_sqrt_S,modelo_teorico_e_real
2025-07-21,34702524.27184466,2.81,2.771349061949424,0.2783,2.8234,3.1017,beacon_formula_16632_sqrt_S,modelo_teorico_e_real
2025-07-22,34706019.41747573,2.761,2.723673378738134,0.3018,2.8233,3.1251,beacon_formula_16632_sqrt_S,modelo_teorico_e_real
2025-07-23,34709514.5631068,2.651,2.616563708955022,0.2509,2.8231,3.074,beacon_formula_16632_sqrt_S,modelo_teorico_e_real
2025-07-24,34713009.708737865,2.817,2.778158023950761,0.2041,2.823,3.0271,beacon_formula_16632_sqrt_S,modelo_teorico_e_real
2025-07-25,34716504.85436893,2.768,2.730485578481656,0.1577,2.8228,2.9805,beacon_formula_16632_sqrt_S,modelo_teorico_e_real
2025-07-26,34720000.0,2.659,2.624357361823204,0.1205,2.8227,2.9432,beacon_formula_16632_sqrt_S,modelo_teorico_e_real
2025-07-27,34723495.14563107,2.682,2.646760740456222,0.0831,2.8225,2.9056,beacon_formula_16632_sqrt_S,modelo_teorico_e_real
2025-07-28,34726990.291262135,2.602,2.5688143639786,0.1855,2.8224,3.0079,beacon_formula_16632_sqrt_S,modelo_teorico_e_real
2025-07-29,34730485.4368932,2.664,2.629228087301261,0.1097,2.8223,2.932,beacon_formula_16632_sqrt_S,modelo_teorico_e_real
2025-07-30,34733980.58252427,2.717,2.6808432381019154,0.2378,2.8221,3.0599,beacon_formula_16632_sqrt_S,modelo_teorico_e_real
2025-07-31,34737475.72815534,2.678,2.642864860205041,0.1581,2.822,2.9801,beacon_formula_16632_sqrt_S,modelo_teorico_e_real
2025-08-01,34740970.873786405,2.688,2.6526042770697034,0.1575,2.8218,2.9793,beacon_formula_16632_sqrt_S,modelo_teorico_e_real
2025-08-02,34744466.01941747,2.632,2.5980513554876294,0.1579,2.8217,2.9796,beacon_formula_16632_sqrt_S,modelo_teorico_e_real
2025-08-03,34747961.16504855,2.788,2.7499464568370158,0.159,2.8216,2.9806,beacon_formula_16632_sqrt_S,modelo_teorico_e_real
2025-08-04,34751456.310679615,2.642,2.6077951254128706,0.1621,2.8214,2.9835,beacon_formula_16632_sqrt_S,modelo_teorico_e_real
2025-08-05,34754951.45631068,2.649,2.614615201096182,0.1629,2.8213,2.9842,beacon_formula_16632_sqrt_S,modelo_teorico_e_real
2025-08-06,34758446.60194175,2.67,2.6350726456165763,0.1647,2.8211,2.9858,beacon_formula_16632_sqrt_S,modelo_teorico_e_real
2025-08-07,34761941.74757282,2.624,2.590255657837992,0.1808,2.821,3.0018,beacon_formula_16632_sqrt_S,modelo_teorico_e_real
2025-08-08,34765436.893203884,2.65,2.615589459758705,0.1974,2.8208,3.0182,beacon_formula_16632_sqrt_S,modelo_teorico_e_real
2025-08-09,34768932.03883495,2.68,2.6448128192508857,0.2144,2.8207,3.0351,beacon_formula_16632_sqrt_S,modelo_teorico_e_real
2025-08-10,34772427.18446602,2.628,2.5941535824167694,0.2277,2.8206,3.0483,beacon_formula_16632_sqrt_S,modelo_teorico_e_real
2025-08-11,34775922.33009709,2.67,2.6350726456165763,0.2398,2.8204,3.0602,beacon_formula_16632_sqrt_S,modelo_teorico_e_real
2025-08-12,34779417.475728154,2.699,2.663316543218275,0.2577,2.8203,3.078,beacon_formula_16632_sqrt_S,modelo_teorico_e_real
2025-08-13,34782912.62135922,2.902,2.8608014071586085,0.2227,2.8201,3.0428,beacon_formula_16632_sqrt_S,modelo_teorico_e_real
2025-08-14,34786407.76699029,2.764,2.726592949580331,0.1847,2.82,3.0047,beacon_formula_16632_sqrt_S,modelo_teorico_e_real
2025-08-15,34789902.91262136,3.088,3.041407348283398,0.1722,2.8199,2.9921,beacon_formula_16632_sqrt_S,modelo_teorico_e_real
2025-08-16,34793398.058252424,2.704,2.668185376849208,0.1595,2.8197,2.9792,beacon_formula_16632_sqrt_S,modelo_teorico_e_real
2025-08-17,34796893.20388349,2.638,2.6038977310550715,0.1365,2.8196,2.9561,beacon_formula_16632_sqrt_S,modelo_teorico_e_real
2025-08-18,34800388.34951457,2.659,2.624357361823204,0.1126,2.8194,2.932,beacon_formula_16632_sqrt_S,modelo_teorico_e_real
2025-08-19,34803883.495145634,2.648,2.6136409329674537,0.092,2.8193,2.9113,beacon_formula_16632_sqrt_S,modelo_teorico_e_real
2025-08-20,34807378.6407767,2.613,2.5795355839581813,0.0952,2.8191,2.9143,beacon_formula_16632_sqrt_S,modelo_teorico_e_real
2025-08-21,34810873.78640777,2.659,2.624357361823204,0.0983,2.819,2.9173,beacon_formula_16632_sqrt_S,modelo_teorico_e_real
2025-08-22,34814368.932038836,2.76,2.7227001695763198,0.1279,2.8189,2.9468,beacon_formula_16632_sqrt_S,modelo_teorico_e_real
2025-08-23,34817864.0776699,2.841,2.8014995273374366,0.1661,2.8187,2.9848,beacon_formula_16632_sqrt_S,modelo_teorico_e_real
2025-08-24,34821359.22330097,2.598,2.5649154543228025,0.2039,2.8186,3.0225,beacon_formula_16632_sqrt_S,modelo_teorico_e_real
2025-08-25,34824854.36893204,2.727,2.6905789673689062,0.2408,2.8184,3.0592,beacon_formula_16632_sqrt_S,modelo_teorico_e_real
2025-08-26,34828349.514563106,2.798,2.759675479970025,0.2224,2.8183,3.0407,beacon_formula_16632_sqrt_S,modelo_teorico_e_real
2025-08-27,34831844.66019417,2.618,2.5844084868742456,0.1981,2.8182,3.0163,beacon_formula_16632_sqrt_S,modelo_teorico_e_real
2025-08-28,34835339.80582524,2.658,2.6233831883403225,0.1767,2.818,2.9947,beacon_formula_16632_sqrt_S,modelo_teorico_e_real
2025-08-29,34838834.95145631,2.615,2.581484773537812,0.1511,2.8179,2.969,beacon_formula_16632_sqrt_S,modelo_teorico_e_real
2025-08-30,34842330.097087376,2.632,2.5980513554876294,0.1296,2.8177,2.9473,beacon_formula_16632_sqrt_S,modelo_teorico_e_real
2025-08-31,34845825.24271844,2.736,2.6993403156583273,0.1077,2.8176,2.9253,beacon_formula_16632_sqrt_S,modelo_teorico_e_real
2025-09-01,34849320.38834952,2.783,2.7450815912887228,0.1121,2.8174,2.9295,beacon_formula_16632_sqrt_S,modelo_teorico_e_real
2025-09-02,34852815.533980586,2.774,2.736324238540422,0.1149,2.8173,2.9322,beacon_formula_16632_sqrt_S,modelo_teorico_e_real
2025-09-03,34856310.67961165,2.719,2.6827904595698726,0.1194,2.8172,2.9366,beacon_formula_16632_sqrt_S,modelo_teorico_e_real
2025-09-04,34859805.82524272,2.594,2.5610163930861463,0.1224,2.817,2.9394,beacon_formula_16632_sqrt_S,modelo_teorico_e_real
2025-09-05,34863300.97087379,2.709,2.673053974100559,0.1142,2.8169,2.9311,beacon_formula_16632_sqrt_S,modelo_teorico_e_real
2025-09-06,34866796.116504855,2.616,2.582459354124267,0.1053,2.8167,2.922,beacon_formula_16632_sqrt_S,modelo_teorico_e_real
2025-09-07,34870291.26213592,2.575,2.5424937816072024,0.0966,2.8166,2.9132,beacon_formula_16632_sqrt_S,modelo_teorico_e_real
2025-09-08,34873786.40776699,2.576,2.5434687411984847,0.0881,2.8165,2.9046,beacon_formula_16632_sqrt_S,modelo_teorico_e_real
2025-09-09,34877281.55339806,2.602,2.5688143639786,0.0792,2.8163,2.8955,beacon_formula_16632_sqrt_S,modelo_teorico_e_real
2025-09-10,34880776.699029125,2.725,2.688631897133309,0.0701,2.8162,2.8863,beacon_formula_16632_sqrt_S,modelo_teorico_e_real
2025-09-11,34884271.84466019,2.633,2.5990257750918566,0.089,2.816,2.905,beacon_formula_16632_sqrt_S,modelo_teorico_e_real
2025-09-12,34887766.99029126,2.631,2.5970769264253013,0.133,2.8159,2.9489,beacon_formula_16632_sqrt_S,modelo_teorico_e_real
2025-09-13,34891262.13592233,2.642,2.6077951254128706,0.1225,2.8158,2.9383,beacon_formula_16632_sqrt_S,modelo_teorico_e_real
2025-09-14,34894757.281553395,2.599,2.565890195948217,0.1115,2.8156,2.9271,beacon_formula_16632_sqrt_S,modelo_teorico_e_real
2025-09-15,34898252.42718446,2.593,2.560041604081076,0.1005,2.8155,2.916,beacon_formula_16632_sqrt_S,modelo_teorico_e_real
2025-09-16,34901747.57281554,2.599,2.565890195948217,0.0795,2.8153,2.8948,beacon_formula_16632_sqrt_S,modelo_teorico_e_real
2025-09-17,34905242.718446605,2.582,2.5493182996721986,0.0617,2.8152,2.8769,beacon_formula_16632_sqrt_S,modelo_teorico_e_real
2025-09-18,34908737.86407767,2.645,2.6107180717921397,0.0917,2.815,2.9067,beacon_formula_16632_sqrt_S,modelo_teorico_e_real
2025-09-19,34912233.00970874,2.73,2.693499501851382,0.0848,2.8149,2.8997,beacon_formula_16632_sqrt_S,modelo_teorico_e_real
2025-09-20,34915728.15533981,2.654,2.619486399762949,0.0791,2.8148,2.8939,beacon_formula_16632_sqrt_S,modelo_teorico_e_real
2025-09-21,34919223.300970875,2.538,2.506413611718661,0.0734,2.8146,2.888,beacon_formula_16632_sqrt_S,modelo_teorico_e_real
2025-09-22,34922718.44660194,2.645,2.6107180717921397,0.1209,2.8145,2.9354,beacon_formula_16632_sqrt_S,modelo_teorico_e_real
2025-09-23,34926213.59223301,2.667,2.6321504090406345,0.0861,2.8143,2.9004,beacon_formula_16632_sqrt_S,modelo_teorico_e_real
2025-09-24,34929708.73786408,2.649,2.614615201096182,0.1544,2.8142,2.9686,beacon_formula_16632_sqrt_S,modelo_teorico_e_real
2025-09-25,34933203.883495145,2.562,2.5298184443449667,0.1372,2.8141,2.9513,beacon_formula_16632_sqrt_S,modelo_teorico_e_real
2025-09-26,34936699.02912621,2.619,2.5853830390458743,0.39,2.8139,3.2039,beacon_formula_16632_sqrt_S,modelo_teorico_e_real
2025-09-27,34940194.17475728,2.787,2.748973502606278,0.6399,2.8138,3.4537,beacon_formula_16632_sqrt_S,modelo_teorico_e_real
2025-09-28,34943689.32038835,2.548,2.516166289165067,0.8952,2.8136,3.7088,beacon_formula_16632_sqrt_S,modelo_teorico_e_real
2025-09-29,34947184.466019414,2.545,2.5132405855183837,1.1567,2.8135,3.9702,beacon_formula_16632_sqrt_S,modelo_teorico_e_real
2025-09-30,34950679.61165048,2.598,2.5649154543228025,0.1185,2.8134,2.9319,beacon_formula_16632_sqrt_S,modelo_teorico_e_real
2025-10-01,34954174.75728156,2.559,2.5268931389759164,0.1026,2.8132,2.9158,beacon_formula_16632_sqrt_S,modelo_teorico_e_real
2025-10-02,34957669.902912624,2.575,2.5424937816072024,0.0871,2.8131,2.9002,beacon_formula_16632_sqrt_S,modelo_teorico_e_real
2025-10-03,34961165.04854369,2.57,2.5376188414956147,0.0698,2.8129,2.8827,beacon_formula_16632_sqrt_S,modelo_teorico_e_real
2025-10-04,34964660.19417476,2.582,2.5493182996721986,0.0529,2.8128,2.8657,beacon_formula_16632_sqrt_S,modelo_teorico_e_real
2025-10-05,34968155.33980583,2.562,2.5298184443449667,0.1333,2.8127,2.946,beacon_formula_16632_sqrt_S,modelo_teorico_e_real
2025-10-06,34971650.485436894,2.551,2.5190919074538076,0.2146,2.8125,3.0271,beacon_formula_16632_sqrt_S,modelo_teorico_e_real
2025-10-07,34975145.63106796,3.153,3.1044457106721435,0.193,2.8124,3.0054,beacon_formula_16632_sqrt_S,modelo_teorico_e_real
2025-10-08,34978640.77669903,2.614,2.580510183485152,0.1718,2.8122,2.984,beacon_formula_16632_sqrt_S,modelo_teorico_e_real
2025-10-09,34982135.9223301,2.601,2.567839650776116,0.15,2.8121,2.9621,beacon_formula_16632_sqrt_S,modelo_teorico_e_real
2025-10-10,34985631.067961164,2.643,2.6087694503388326,0.2167,2.812,3.0287,beacon_formula_16632_sqrt_S,modelo_teorico_e_real
2025-10-11,34989126.21359223,7.051,6.814153028297465,0.2854,2.8118,3.0972,beacon_formula_16632_sqrt_S,modelo_teorico_e_real
2025-10-12,34992621.3592233,2.624,2.590255657837992,0.2207,2.8117,3.0324,beacon_formula_16632_sqrt_S,modelo_teorico_e_real
2025-10-13,34996116.504854366,2.673,2.6379947970452955,0.1518,2.8115,2.9633,beacon_formula_16632_sqrt_S,modelo_teorico_e_real
2025-10-14,34999611.65048543,2.657,2.6224090053912352,0.1102,2.8114,2.9216,beacon_formula_16632_sqrt_S,modelo_teorico_e_real
2025-10-15,35003106.7961165,2.632,2.5980513554876294,0.0677,2.8113,2.879,beacon_formula_16632_sqrt_S,modelo_teorico_e_real
2025-10-16,35006601.941747576,2.595,2.561991172608802,0.0698,2.8111,2.8809,beacon_formula_16632_sqrt_S,modelo_teorico_e_real
2025-10-17,35010097.08737864,2.674,2.63896882859993,0.0708,2.811,2.8818,beacon_formula_16632_sqrt_S,modelo_teorico_e_real
2025-10-18,35013592.23300971,2.594,2.5610163930861463,0.0711,2.8108,2.8819,beacon_formula_16632_sqrt_S,modelo_teorico_e_real
2025-10-19,35017087.37864078,2.572,2.5395688459793897,0.0703,2.8107,2.881,beacon_formula_16632_sqrt_S,modelo_teorico_e_real
2025-10-20,35020582.524271846,2.57,2.5376188414956147,0.0699,2.8105,2.8804,beacon_formula_16632_sqrt_S,modelo_teorico_e_real
2025-10-21,35024077.66990291,2.591,2.558091997656109,0.0699,2.8104,2.8803,beacon_formula_16632_sqrt_S,modelo_teorico_e_real
2025-10-22,35027572.81553398,2.651,2.616563708955022,0.0698,2.8103,2.8801,beacon_formula_16632_sqrt_S,modelo_teorico_e_real
2025-10-23,35031067.96116505,2.555,2.522992599074181,0.0701,2.8101,2.8802,beacon_formula_16632_sqrt_S,modelo_teorico_e_real
2025-10-24,35034563.106796116,2.539,2.5073889221430834,0.0677,2.81,2.8777,beacon_formula_16632_sqrt_S,modelo_teorico_e_real
2025-10-25,35038058.25242718,2.544,2.5122653320046595,0.0647,2.8098,2.8745,beacon_formula_16632_sqrt_S,modelo_teorico_e_real
2025-10-26,35041553.39805825,2.511,2.480076643993745,0.0811,2.8097,2.8908,beacon_formula_16632_sqrt_S,modelo_teorico_e_real
2025-10-27,35045048.54368932,2.581,2.5483433969510916,0.0813,2.8096,2.8909,beacon_formula_16632_sqrt_S,modelo_teorico_e_real
2025-10-28,35048543.689320385,2.529,2.4976353909956783,0.0815,2.8094,2.8909,beacon_formula_16632_sqrt_S,modelo_teorico_e_real
2025-10-29,35052038.83495145,2.529,2.4976353909956783,0.0818,2.8093,2.8911,beacon_formula_16632_sqrt_S,modelo_teorico_e_real
2025-10-30,35055533.98058252,2.569,2.5366438250260526,0.1,2.8091,2.9091,beacon_formula_16632_sqrt_S,modelo_teorico_e_real
2025-10-31,35059029.126213595,2.568,2.535668799090285,0.1186,2.809,2.9276,beacon_formula_16632_sqrt_S,modelo_teorico_e_real
2025-11-01,35062524.27184466,2.534,2.5025122751481943,0.051,2.8089,2.8599,beacon_formula_16632_sqrt_S,modelo_teorico_e_real
2025-11-02,35066019.41747573,2.496,2.465442005931351,0.0517,2.8087,2.8604,beacon_formula_16632_sqrt_S,modelo_teorico_e_real
2025-11-03,35069514.5631068,2.79,2.7518923369728165,0.0522,2.8086,2.8608,beacon_formula_16632_sqrt_S,modelo_teorico_e_real
2025-11-04,35073009.708737865,2.671,2.6360467055536185,0.0532,2.8084,2.8616,beacon_formula_16632_sqrt_S,modelo_teorico_e_real
2025-11-05,35076504.85436893,2.969,2.9258958725764117,0.055,2.8083,2.8633,beacon_formula_16632_sqrt_S,modelo_teorico_e_real
2025-11-06,35080000.0,2.562,2.5298184443449667,0.0563,2.8082,2.8645,beacon_formula_16632_sqrt_S,modelo_teorico_e_real
2025-11-07,35083495.14563107,2.651,2.616563708955022,0.0578,2.808,2.8658,beacon_formula_16632_sqrt_S,modelo_teorico_e_real
2025-11-08,35086990.291262135,2.598,2.5649154543228025,0.0591,2.8079,2.867,beacon_formula_16632_sqrt_S,modelo_teorico_e_real
2025-11-09,35090485.4368932,2.508,2.477149887231689,0.0561,2.8077,2.8638,beacon_formula_16632_sqrt_S,modelo_teorico_e_real
2025-11-10,35093980.58252427,2.58,2.5473684847556743,0.0744,2.8076,2.882,beacon_formula_16632_sqrt_S,modelo_teorico_e_real
2025-11-11,35097475.72815534,2.624,2.590255657837992,0.0929,2.8075,2.9004,beacon_formula_16632_sqrt_S,modelo_teorico_e_real
2025-11-12,35100970.873786405,2.537,2.505438291803719,0.106,2.8073,2.9133,beacon_formula_16632_sqrt_S,modelo_teorico_e_real
2025-11-13,35104466.01941747,2.55,2.518116710842677,0.1192,2.8072,2.9264,beacon_formula_16632_sqrt_S,modelo_teorico_e_real
2025-11-14,35107961.16504855,2.766,2.7285392829188293,0.1318,2.807,2.9388,beacon_formula_16632_sqrt_S,modelo_teorico_e_real
2025-11-15,35111456.310679615,2.618,2.5844084868742456,0.1072,2.8069,2.9141,beacon_formula_16632_sqrt_S,modelo_teorico_e_real
2025-11-16,35114951.45631068,2.545,2.5132405855183837,0.0814,2.8068,2.8882,beacon_formula_16632_sqrt_S,modelo_teorico_e_real
2025-11-17,35118446.60194175,2.657,2.6224090053912352,0.0567,2.8066,2.8633,beacon_formula_16632_sqrt_S,modelo_teorico_e_real
2025-11-18,35121941.74757282,2.768,2.730485578481656,0.0469,2.8065,2.8534,beacon_formula_16632_sqrt_S,modelo_teorico_e_real
2025-11-19,35125436.893203884,2.598,2.5649154543228025,0.0663,2.8064,2.8727,beacon_formula_16632_sqrt_S,modelo_teorico_e_real
2025-11-20,35128932.03883495,2.988,2.944347809558878,0.0858,2.8062,2.892,beacon_formula_16632_sqrt_S,modelo_teorico_e_real
2025-11-21,35132427.18446602,3.498,3.438372226473585,0.12,2.8061,2.9261,beacon_formula_16632_sqrt_S,modelo_teorico_e_real
2025-11-22,35135922.33009709,2.697,2.661368943572162,0.1085,2.8059,2.9144,beacon_formula_16632_sqrt_S,modelo_teorico_e_real
2025-11-23,35139417.475728154,2.544,2.5122653320046595,0.0975,2.8058,2.9033,beacon_formula_16632_sqrt_S,modelo_teorico_e_real
2025-11-24,35142912.62135922,2.545,2.5132405855183837,0.087,2.8057,2.8927,beacon_formula_16632_sqrt_S,modelo_teorico_e_real
2025-11-25,35146407.76699029,2.555,2.522992599074181,0.046,2.8055,2.8515,beacon_formula_16632_sqrt_S,modelo_teorico_e_real
2025-11-26,35149902.91262136,2.556,2.523967748273237,0.0588,2.8054,2.8642,beacon_formula_16632_sqrt_S,modelo_teorico_e_real
2025-11-27,35153398.058252424,2.649,2.614615201096182,0.1202,2.8052,2.9254,beacon_formula_16632_sqrt_S,modelo_teorico_e_real
2025-11-28,35156893.2038835,2.576,2.5434687411984847,0.1189,2.8051,2.924,beacon_formula_16632_sqrt_S,modelo_teorico_e_real
2025-11-29,35160388.34951457,2.567,2.5346937636639977,0.0566,2.805,2.8616,beacon_formula_16632_sqrt_S,modelo_teorico_e_real
2025-11-30,35163883.495145634,2.531,2.4995861731185176,0.0645,2.8048,2.8693,beacon_formula_16632_sqrt_S,modelo_teorico_e_real
2025-12-01,35167378.6407767,2.628,2.5941535824167694,0.0712,2.8047,2.8759,beacon_formula_16632_sqrt_S,modelo_teorico_e_real
2025-12-02,35170873.78640777,2.613,2.5795355839581813,0.0797,2.8045,2.8842,beacon_formula_16632_sqrt_S,modelo_teorico_e_real
2025-12-03,35174368.932038836,2.654,2.619486399762949,0.0835,2.8044,2.8879,beacon_formula_16632_sqrt_S,modelo_teorico_e_real
2025-12-04,35177864.0776699,2.364,2.3365650154456574,0.0866,2.8043,2.8909,beacon_formula_16632_sqrt_S,modelo_teorico_e_real
2025-12-05,35181359.22330097,2.546,2.514215829549693,0.0701,2.8041,2.8742,beacon_formula_16632_sqrt_S,modelo_teorico_e_real
2025-12-06,35184854.36893204,2.52,2.488856401799966,0.0725,2.804,2.8765,beacon_formula_16632_sqrt_S,modelo_teorico_e_real
2025-12-07,35188349.514563106,2.519,2.4878809111124056,0.0792,2.8038,2.883,beacon_formula_16632_sqrt_S,modelo_teorico_e_real
2025-12-08,35191844.66019417,2.573,2.5405438340017072,0.0869,2.8037,2.8906,beacon_formula_16632_sqrt_S,modelo_teorico_e_real
2025-12-09,35195339.80582524,2.53,2.4986107868023577,0.0754,2.8036,2.879,beacon_formula_16632_sqrt_S,modelo_teorico_e_real
2025-12-10,35198834.95145631,2.558,2.5259180182241048,0.0635,2.8034,2.8669,beacon_formula_16632_sqrt_S,modelo_teorico_e_real
2025-12-11,35202330.097087376,2.538,2.506413611718661,0.0725,2.8033,2.8758,beacon_formula_16632_sqrt_S,modelo_teorico_e_real
2025-12-12,35205825.24271844,2.525,2.493733712904289,0.0813,2.8031,2.8844,beacon_formula_16632_sqrt_S,modelo_teorico_e_real
2025-12-13,35209320.38834952,2.534,2.5025122751481943,0.08,2.803,2.883,beacon_formula_16632_sqrt_S,modelo_teorico_e_real
2025-12-14,35212815.533980586,2.499,2.468369104400736,0.1289,2.8029,2.9318,beacon_formula_16632_sqrt_S,modelo_teorico_e_real
2025-12-15,35216310.67961165,2.506,2.475198668601686,0.1763,2.8027,2.979,beacon_formula_16632_sqrt_S,modelo_teorico_e_real
2025-12-16,35219805.82524272,2.572,2.5395688459793897,0.2231,2.8026,3.0257,beacon_formula_16632_sqrt_S,modelo_teorico_e_real
2025-12-17,35223300.97087379,2.54,2.508364223085091,0.0629,2.8024,2.8653,beacon_formula_16632_sqrt_S,modelo_teorico_e_real
2025-12-18,35226796.116504855,2.569,2.5366438250260526,0.1256,2.8023,2.9279,beacon_formula_16632_sqrt_S,modelo_teorico_e_real
2025-12-19,35230291.26213592,2.784,2.746054583278923,0.0866,2.8022,2.8888,beacon_formula_16632_sqrt_S,modelo_teorico_e_real
2025-12-20,35233786.40776699,2.563,2.530793527167119,0.0458,2.802,2.8478,beacon_formula_16632_sqrt_S,modelo_teorico_e_real
2025-12-21,35237281.55339806,2.529,2.4976353909956783,0.0549,2.8019,2.8568,beacon_formula_16632_sqrt_S,modelo_teorico_e_real
2025-12-22,35240776.699029125,2.55,2.518116710842677,0.0641,2.8018,2.8659,beacon_formula_16632_sqrt_S,modelo_teorico_e_real
2025-12-23,35244271.84466019,2.56,2.527868250245313,0.073,2.8016,2.8746,beacon_formula_16632_sqrt_S,modelo_teorico_e_real
2025-12-24,35247766.99029126,2.54,2.508364223085091,0.0947,2.8015,2.8962,beacon_formula_16632_sqrt_S,modelo_teorico_e_real
2025-12-25,35251262.13592233,2.552,2.520067094582523,0.1158,2.8013,2.9171,beacon_formula_16632_sqrt_S,modelo_teorico_e_real
2025-12-26,35254757.281553395,2.556,2.523967748273237,0.0806,2.8012,2.8818,beacon_formula_16632_sqrt_S,modelo_teorico_e_real
2025-12-27,35258252.42718446,2.531,2.4995861731185176,0.0462,2.8011,2.8473,beacon_formula_16632_sqrt_S,modelo_teorico_e_real
2025-12-28,35261747.57281554,2.531,2.4995861731185176,1.4462,2.8009,4.2471,beacon_formula_16632_sqrt_S,modelo_teorico_e_real
2025-12-29,35265242.718446605,2.545,2.5132405855183837,0.7966,2.8008,3.5974,beacon_formula_16632_sqrt_S,modelo_teorico_e_real
2025-12-30,35268737.86407767,2.544,2.5122653320046595,0.1478,2.8006,2.9484,beacon_formula_16632_sqrt_S,modelo_teorico_e_real
2025-12-31,35272233.00970874,2.572,2.5395688459793897,0.0943,2.8005,2.8948,beacon_formula_16632_sqrt_S,modelo_teorico_e_real
2026-01-01,35275728.15533981,2.545,2.5132405855183837,0.0409,2.8004,2.8413,beacon_formula_16632_sqrt_S,modelo_teorico_e_real
2026-01-02,35279223.300970875,2.549,2.5171415047410273,0.12,2.8002,2.9202,beacon_formula_16632_sqrt_S,modelo_teorico_e_real
2026-01-03,35282718.44660194,2.549,2.5171415047410273,0.1191,2.8001,2.9192,beacon_formula_16632_sqrt_S,modelo_teorico_e_real
2026-01-04,35286213.59223301,2.503,2.472271769473733,0.1182,2.8,2.9182,beacon_formula_16632_sqrt_S,modelo_teorico_e_real
2026-01-05,35289708.73786408,2.509,2.478125482306859,0.1178,2.7998,2.9176,beacon_formula_16632_sqrt_S,modelo_teorico_e_real
2026-01-06,35293203.883495145,2.538,2.506413611718661,0.1114,2.7997,2.9111,beacon_formula_16632_sqrt_S,modelo_teorico_e_real
2026-01-07,35296699.02912621,2.54,2.508364223085091,0.1043,2.7995,2.9038,beacon_formula_16632_sqrt_S,modelo_teorico_e_real
2026-01-08,35300194.17475728,2.512,2.4810522105973565,0.0942,2.7994,2.8936,beacon_formula_16632_sqrt_S,modelo_teorico_e_real
2026-01-09,35303689.32038835,2.512,2.4810522105973565,0.0532,2.7993,2.8525,beacon_formula_16632_sqrt_S,modelo_teorico_e_real
2026-01-10,35307184.466019414,2.501,2.4703204559223257,0.0525,2.7991,2.8516,beacon_formula_16632_sqrt_S,modelo_teorico_e_real
2026-01-11,35310679.61165048,2.462,2.4322622506239844,0.0496,2.799,2.8486,beacon_formula_16632_sqrt_S,modelo_teorico_e_real
2026-01-12,35314174.75728156,2.462,2.4322622506239844,0.0464,2.7988,2.8452,beacon_formula_16632_sqrt_S,modelo_teorico_e_real
2026-01-13,35317669.902912624,2.473,2.442998078709402,0.061,2.7987,2.8597,beacon_formula_16632_sqrt_S,modelo_teorico_e_real
2026-01-14,35321165.04854369,2.488,2.457635992265339,0.0886,2.7986,2.8872,beacon_formula_16632_sqrt_S,modelo_teorico_e_real
2026-01-15,35324660.19417476,2.47,2.4400702395823703,0.0767,2.7984,2.8751,beacon_formula_16632_sqrt_S,modelo_teorico_e_real
2026-01-16,35328155.33980583,2.455,2.425429761560016,0.0646,2.7983,2.8629,beacon_formula_16632_sqrt_S,modelo_teorico_e_real
2026-01-17,35331650.485436894,2.45,2.4205491272015767,0.0527,2.7981,2.8508,beacon_formula_16632_sqrt_S,modelo_teorico_e_real
2026-01-18,35335145.63106796,2.433,2.4039531933767178,0.0567,2.798,2.8547,beacon_formula_16632_sqrt_S,modelo_teorico_e_real
2026-01-19,35338640.77669903,2.471,2.4410461954512686,0.0609,2.7979,2.8588,beacon_formula_16632_sqrt_S,modelo_teorico_e_real
2026-01-20,35342135.9223301,2.427,2.3980951491547886,0.0636,2.7977,2.8613,beacon_formula_16632_sqrt_S,modelo_teorico_e_real
2026-01-21,35345631.067961164,2.43,2.40102421404198,0.0676,2.7976,2.8652,beacon_formula_16632_sqrt_S,modelo_teorico_e_real
2026-01-22,35349126.21359223,2.4,2.3717297145802174,0.1083,2.7975,2.9058,beacon_formula_16632_sqrt_S,modelo_teorico_e_real
2026-01-23,35352621.3592233,2.357,2.3297260028855016,0.1094,2.7973,2.9067,beacon_formula_16632_sqrt_S,modelo_teorico_e_real
2026-01-24,35356116.504854366,2.327,2.300410665087682,0.0498,2.7972,2.847,beacon_formula_16632_sqrt_S,modelo_teorico_e_real
2026-01-25,35359611.65048543,2.344,2.3170237420082618,0.0522,2.797,2.8492,beacon_formula_16632_sqrt_S,modelo_teorico_e_real
2026-01-26,35363106.7961165,2.386,2.358056019017063,0.0578,2.7969,2.8547,beacon_formula_16632_sqrt_S,modelo_teorico_e_real
2026-01-27,35366601.941747576,2.352,2.3248407083334977,0.0643,2.7968,2.8611,beacon_formula_16632_sqrt_S,modelo_teorico_e_real
2026-01-28,35370097.08737864,2.313,2.2867272407776085,0.0907,2.7966,2.8873,beacon_formula_16632_sqrt_S,modelo_teorico_e_real
2026-01-29,35373592.23300971,2.299,2.2730419491125975,0.116,2.7965,2.9125,beacon_formula_16632_sqrt_S,modelo_teorico_e_real
2026-01-30,35377087.37864078,2.431,2.4020005499936214,0.0739,2.7964,2.8703,beacon_formula_16632_sqrt_S,modelo_teorico_e_real
2026-01-31,35380582.524271846,2.386,2.358056019017063,0.0407,2.7962,2.8369,beacon_formula_16632_sqrt_S,modelo_teorico_e_real
2026-02-01,35384077.66990291,3.617,3.5532952503735116,0.0996,2.7961,2.8957,beacon_formula_16632_sqrt_S,modelo_teorico_e_real
2026-02-02,35387572.81553398,2.569,2.5366438250260526,0.1582,2.7959,2.9541,beacon_formula_16632_sqrt_S,modelo_teorico_e_real
2026-02-03,35391067.96116505,2.331,2.304319871973326,0.0744,2.7958,2.8702,beacon_formula_16632_sqrt_S,modelo_teorico_e_real
2026-02-04,35394563.106796116,2.454,2.424453653696923,0.077,2.7957,2.8727,beacon_formula_16632_sqrt_S,modelo_teorico_e_real
2026-02-05,35398058.25242718,2.575,2.5424937816072024,0.0789,2.7955,2.8744,beacon_formula_16632_sqrt_S,modelo_teorico_e_real
2026-02-06,35401553.39805825,3.878,3.8048930678695747,0.0841,2.7954,2.8795,beacon_formula_16632_sqrt_S,modelo_teorico_e_real
2026-02-07,35405048.54368932,2.456,2.42640585993259,0.0888,2.7952,2.884,beacon_formula_16632_sqrt_S,modelo_teorico_e_real
2026-02-08,35408543.689320385,2.462,2.4322622506239844,0.1799,2.7951,2.975,beacon_formula_16632_sqrt_S,modelo_teorico_e_real
2026-02-09,35412038.83495145,2.326,2.2994333395528477,0.1241,2.795,2.9191,beacon_formula_16632_sqrt_S,modelo_teorico_e_real
2026-02-10,35415533.98058252,2.311,2.284772313453587,0.0684,2.7948,2.8632,beacon_formula_16632_sqrt_S,modelo_teorico_e_real
2026-02-11,35419029.126213595,2.351,2.3238636208640084,0.0674,2.7947,2.8621,beacon_formula_16632_sqrt_S,modelo_teorico_e_real
2026-02-12,35422524.27184466,2.379,2.351218471992489,0.0682,2.7946,2.8628,beacon_formula_16632_sqrt_S,modelo_teorico_e_real
2026-02-13,35426019.41747573,2.326,2.2994333395528477,0.1106,2.7944,2.905,beacon_formula_16632_sqrt_S,modelo_teorico_e_real
2026-02-14,35429514.5631068,2.356,2.328748963014493,0.1539,2.7943,2.9482,beacon_formula_16632_sqrt_S,modelo_teorico_e_real
2026-02-15,35433009.708737865,2.283,2.2573993285358585,0.0514,2.7941,2.8455,beacon_formula_16632_sqrt_S,modelo_teorico_e_real
2026-02-16,35436504.85436893,2.389,2.3609862535965975,0.0559,2.794,2.8499,beacon_formula_16632_sqrt_S,modelo_teorico_e_real
2026-02-17,35440000.0,2.306,2.279884828398915,0.053,2.7939,2.8469,beacon_formula_16632_sqrt_S,modelo_teorico_e_real
2026-02-18,35443495.14563107,2.316,2.2896595603132397,0.05,2.7937,2.8437,beacon_formula_16632_sqrt_S,modelo_teorico_e_real
2026-02-19,35446990.291262135,2.319,2.2925917941100105,0.069,2.7936,2.8626,beacon_formula_16632_sqrt_S,modelo_teorico_e_real
2026-02-20,35450485.4368932,2.339,2.312137828603067,0.0875,2.7935,2.881,beacon_formula_16632_sqrt_S,modelo_teorico_e_real
2026-02-21,35453980.58252427,2.306,2.279884828398915,0.0827,2.7933,2.876,beacon_formula_16632_sqrt_S,modelo_teorico_e_real
2026-02-22,35457475.72815534,2.302,2.275974668838554,0.0787,2.7932,2.8719,beacon_formula_16632_sqrt_S,modelo_teorico_e_real
2026-02-23,35460970.873786405,2.32,2.29356918632162,0.0636,2.793,2.8566,beacon_formula_16632_sqrt_S,modelo_teorico_e_real
2026-02-24,35464466.01941747,2.367,2.3394958780609265,0.0774,2.7929,2.8703,beacon_formula_16632_sqrt_S,modelo_teorico_e_real
2026-02-25,35467961.16504855,2.334,2.307251677132527,0.2564,2.7928,3.0492,beacon_formula_16632_sqrt_S,modelo_teorico_e_real
2026-02-26,35471456.310679615,2.393,2.3648930998553253,0.9927,2.7926,3.7853,beacon_formula_16632_sqrt_S,modelo_teorico_e_real
2026-02-27,35474951.45631068,2.326,2.2994333395528477,1.7157,2.7925,4.5082,beacon_formula_16632_sqrt_S,modelo_teorico_e_real
2026-02-28,35478446.60194175,2.363,2.335588042210901,0.0705,2.7924,2.8629,beacon_formula_16632_sqrt_S,modelo_teorico_e_real
2026-03-01,35481941.74757282,2.356,2.328748963014493,0.1611,2.7922,2.9533,beacon_formula_16632_sqrt_S,modelo_teorico_e_real
2026-03-02,35485436.893203884,2.379,2.351218471992489,0.1595,2.7921,2.9516,beacon_formula_16632_sqrt_S,modelo_teorico_e_real
2026-03-03,35488932.03883495,2.501,2.4703204559223257,0.1552,2.7919,2.9471,beacon_formula_16632_sqrt_S,modelo_teorico_e_real
2026-03-04,35492427.18446602,2.519,2.4878809111124056,0.0481,2.7918,2.8399,beacon_formula_16632_sqrt_S,modelo_teorico_e_real
2026-03-05,35495922.33009709,2.438,2.408834635499124,0.0538,2.7917,2.8455,beacon_formula_16632_sqrt_S,modelo_teorico_e_real
2026-03-06,35499417.475728154,2.34,2.313115030323498,0.0598,2.7915,2.8513,beacon_formula_16632_sqrt_S,modelo_teorico_e_real
2026-03-07,35502912.62135922,2.332,2.305297149877261,0.0487,2.7914,2.8401,beacon_formula_16632_sqrt_S,modelo_teorico_e_real
2026-03-08,35506407.76699029,2.338,2.311160617351593,0.0301,2.7913,2.8214,beacon_formula_16632_sqrt_S,modelo_teorico_e_real
2026-03-09,35509902.91262136,2.371,2.343403561633095,0.0544,2.7911,2.8455,beacon_formula_16632_sqrt_S,modelo_teorico_e_real
2026-03-10,35513398.058252424,2.384,2.356102481725908,0.0794,2.791,2.8704,beacon_formula_16632_sqrt_S,modelo_teorico_e_real
2026-03-11,35516893.20388349,2.43,2.40102421404198,0.1456,2.7908,2.9364,beacon_formula_16632_sqrt_S,modelo_teorico_e_real
2026-03-12,35520388.34951457,2.464,2.4342143048573517,0.1119,2.7907,2.9026,beacon_formula_16632_sqrt_S,modelo_teorico_e_real
2026-03-13,35523883.495145634,4.568,4.467012472427312,0.0779,2.7906,2.8685,beacon_formula_16632_sqrt_S,modelo_teorico_e_real
2026-03-14,35527378.6407767,2.412,2.3834485413023465,0.0432,2.7904,2.8336,beacon_formula_16632_sqrt_S,modelo_teorico_e_real
2026-03-15,35530873.78640777,2.372,2.3443804587329753,0.0686,2.7903,2.8589,beacon_formula_16632_sqrt_S,modelo_teorico_e_real
2026-03-16,35534368.932038836,2.512,2.4810522105973565,0.0695,2.7902,2.8597,beacon_formula_16632_sqrt_S,modelo_teorico_e_real
2026-03-17,35537864.0776699,2.408,2.3795424178872926,0.0684,2.79,2.8584,beacon_formula_16632_sqrt_S,modelo_teorico_e_real
2026-03-18,35541359.22330097,2.387,2.359032773386338,0.08,2.7899,2.8699,beacon_formula_16632_sqrt_S,modelo_teorico_e_real
2026-03-19,35544854.36893204,2.456,2.42640585993259,0.0748,2.7897,2.8645,beacon_formula_16632_sqrt_S,modelo_teorico_e_real
2026-03-20,35548349.514563106,2.447,2.4176206325641214,0.0876,2.7896,2.8772,beacon_formula_16632_sqrt_S,modelo_teorico_e_real
2026-03-21,35551844.66019417,2.382,2.3541489063754195,0.0998,2.7895,2.8893,beacon_formula_16632_sqrt_S,modelo_teorico_e_real
2026-03-22,35555339.80582524,2.928,2.886066963175171,0.1116,2.7893,2.9009,beacon_formula_16632_sqrt_S,modelo_teorico_e_real
2026-03-23,35558834.95145631,2.499,2.468369104400736,0.1236,2.7892,2.9128,beacon_formula_16632_sqrt_S,modelo_teorico_e_real
2026-03-24,35562330.097087376,2.443,2.4137158400100445,0.0704,2.7891,2.8595,beacon_formula_16632_sqrt_S,modelo_teorico_e_real
2026-03-25,35565825.24271844,2.425,2.3961423917071567,0.0669,2.7889,2.8558,beacon_formula_16632_sqrt_S,modelo_teorico_e_real
2026-03-26,35569320.38834952,2.455,2.425429761560016,0.0501,2.7888,2.8389,beacon_formula_16632_sqrt_S,modelo_teorico_e_real
2026-03-27,35572815.533980586,2.462,2.4322622506239844,0.0695,2.7886,2.8581,beacon_formula_16632_sqrt_S,modelo_teorico_e_real
2026-03-28,35576310.67961165,2.406,2.3775892991272363,0.0681,2.7885,2.8566,beacon_formula_16632_sqrt_S,modelo_teorico_e_real
2026-03-29,35579805.82524272,2.384,2.356102481725908,0.0664,2.7884,2.8548,beacon_formula_16632_sqrt_S,modelo_teorico_e_real
2026-03-30,35583300.97087379,2.41,2.3814954986123293,0.0644,2.7882,2.8526,beacon_formula_16632_sqrt_S,modelo_teorico_e_real
2026-03-31,35586796.116504855,2.421,2.392236762714939,0.063,2.7881,2.8511,beacon_formula_16632_sqrt_S,modelo_teorico_e_real
2026-04-01,35590291.26213592,2.434,2.404929500808173,0.0821,2.788,2.8701,beacon_formula_16632_sqrt_S,modelo_teorico_e_real
2026-04-02,35593786.40776699,2.521,2.4898318829970068,0.1011,2.7878,2.8889,beacon_formula_16632_sqrt_S,modelo_teorico_e_real
2026-04-03,35597281.55339806,2.412,2.3834485413023465,0.1205,2.7877,2.9082,beacon_formula_16632_sqrt_S,modelo_teorico_e_real
2026-04-04,35600776.699029125,2.367,2.3394958780609265,0.1395,2.7876,2.9271,beacon_formula_16632_sqrt_S,modelo_teorico_e_real
2026-04-05,35604271.84466019,2.366,2.33851893337067,0.1159,2.7874,2.9033,beacon_formula_16632_sqrt_S,modelo_teorico_e_real
2026-04-06,35607766.99029126,2.383,2.355125698804028,0.0915,2.7873,2.8788,beacon_formula_16632_sqrt_S,modelo_teorico_e_real
2026-04-07,35611262.13592233,2.401,2.3727063357823486,0.0527,2.7871,2.8398,beacon_formula_16632_sqrt_S,modelo_teorico_e_real
2026-04-08,35614757.281553395,2.423,2.3941895962245052,0.0487,2.787,2.8357,beacon_formula_16632_sqrt_S,modelo_teorico_e_real
2026-04-09,35618252.42718446,2.358,2.330703033233572,0.0453,2.7869,2.8322,beacon_formula_16632_sqrt_S,modelo_teorico_e_real
2026-04-10,35621747.57281554,2.378,2.350241641504547,0.0439,2.7867,2.8306,beacon_formula_16632_sqrt_S,modelo_teorico_e_real
2026-04-11,35625242.718446605,2.367,2.3394958780609265,0.0424,2.7866,2.829,beacon_formula_16632_sqrt_S,modelo_teorico_e_real
2026-04-12,35628737.86407767,2.359,2.3316800540668092,0.0405,2.7865,2.827,beacon_formula_16632_sqrt_S,modelo_teorico_e_real
2026-04-13,35632233.00970874,2.392,2.363916402558841,0.0395,2.7863,2.8258,beacon_formula_16632_sqrt_S,modelo_teorico_e_real
2026-04-14,35635728.15533981,2.411,2.38247202470665,0.0448,2.7862,2.831,beacon_formula_16632_sqrt_S,modelo_teorico_e_real
2026-04-15,35639223.300970875,2.373,2.345357346318022,0.0508,2.786,2.8368,beacon_formula_16632_sqrt_S,modelo_teorico_e_real
2026-04-16,35642718.44660194,2.374,2.3463342243882357,0.0565,2.7859,2.8424,beacon_formula_16632_sqrt_S,modelo_teorico_e_real
2026-04-17,35646213.59223301,2.446,2.416644448679617,0.0968,2.7858,2.8826,beacon_formula_16632_sqrt_S,modelo_teorico_e_real
2026-04-18,35649708.73786408,2.459,2.4293340980342526,0.1518,2.7856,2.9374,beacon_formula_16632_sqrt_S,modelo_teorico_e_real
2026-04-19,35653203.883495145,2.665,2.6302022040112227,0.2076,2.7855,2.9931,beacon_formula_16632_sqrt_S,modelo_teorico_e_real
2026-04-20,35656699.02912621,2.829,2.7898294547592517,0.3129,2.7854,3.0983,beacon_formula_16632_sqrt_S,modelo_teorico_e_real
2026-04-21,35660194.17475728,2.626,2.592204639071949,0.4685,2.7852,3.2537,beacon_formula_16632_sqrt_S,modelo_teorico_e_real
2026-04-22,35663689.32038835,2.586,2.5532178157648966,0.6243,2.7851,3.4094,beacon_formula_16632_sqrt_S,modelo_teorico_e_real
2026-04-23,35667184.466019414,2.613,2.5795355839581813,0.1739,2.785,2.9589,beacon_formula_16632_sqrt_S,modelo_teorico_e_real
2026-04-24,35670679.61165048,2.639,2.604872093845856,0.5436,2.7848,3.3284,beacon_formula_16632_sqrt_S,modelo_teorico_e_real
2026-04-25,35674174.75728156,2.482,2.451781083245841,0.4288,2.7847,3.2135,beacon_formula_16632_sqrt_S,modelo_teorico_e_real
2026-04-26,35677669.902912624,2.523,2.4917828169276346,0.3142,2.7845,3.0987,beacon_formula_16632_sqrt_S,modelo_teorico_e_real
2026-04-27,35681165.04854369,2.508,2.477149887231689,0.1942,2.7844,2.9786,beacon_formula_16632_sqrt_S,modelo_teorico_e_real
2026-04-28,35684660.19417476,2.543,2.511290069000416,0.0889,2.7843,2.8732,beacon_formula_16632_sqrt_S,modelo_teorico_e_real
2026-04-29,35688155.33980583,2.8,2.7616211713328287,0.1671,2.7841,2.9512,beacon_formula_16632_sqrt_S,modelo_teorico_e_real
2026-04-30,35691650.485436894,2.674,2.63896882859993,0.1007,2.784,2.8847,beacon_formula_16632_sqrt_S,modelo_teorico_e_real
2026-05-01,35695145.63106796,2.557,2.5249428879898783,0.2295,2.7839,3.0134,beacon_formula_16632_sqrt_S,modelo_teorico_e_real
2026-05-02,35698640.77669903,2.448,2.418596806950002,0.3595,2.7837,3.1432,beacon_formula_16632_sqrt_S,modelo_teorico_e_real
2026-05-03,35702135.9223301,2.375,2.347311092943616,0.4889,2.7836,3.2725,beacon_formula_16632_sqrt_S,modelo_teorico_e_real
2026-05-04,35705631.067961164,2.44,2.410787145812332,0.519,2.7835,3.3025,beacon_formula_16632_sqrt_S,modelo_teorico_e_real
2026-05-05,35709126.21359223,2.43,2.40102421404198,0.5475,2.7833,3.3308,beacon_formula_16632_sqrt_S,modelo_teorico_e_real
2026-05-06,35712621.3592233,2.535,2.5034876235184855,0.5762,2.7832,3.3594,beacon_formula_16632_sqrt_S,modelo_teorico_e_real
2026-05-07,35716116.504854366,3.232,3.181008257298057,0.6018,2.783,3.3848,beacon_formula_16632_sqrt_S,modelo_teorico_e_real
2026-05-08,35719611.65048543,2.599,2.565890195948217,0.6141,2.7829,3.397,beacon_formula_16632_sqrt_S,modelo_teorico_e_real
2026-05-09,35723106.7961165,2.533,2.501536917295488,0.0921,2.7828,2.8749,beacon_formula_16632_sqrt_S,modelo_teorico_e_real
2026-05-10,35726601.941747576,2.421,2.392236762714939,0.0699,2.7826,2.8525,beacon_formula_16632_sqrt_S,modelo_teorico_e_real
2026-05-11,35730097.08737864,2.481,2.450805231837494,0.0917,2.7825,2.8742,beacon_formula_16632_sqrt_S,modelo_teorico_e_real
2026-05-12,35733592.23300971,2.506,2.475198668601686,0.097,2.7824,2.8794,beacon_formula_16632_sqrt_S,modelo_teorico_e_real
2026-05-13,35737087.37864078,2.452,2.4225014094505504,0.1027,2.7822,2.8849,beacon_formula_16632_sqrt_S,modelo_teorico_e_real
2026-05-14,35740582.524271846,2.47,2.4400702395823703,0.1089,2.7821,2.891,beacon_formula_16632_sqrt_S,modelo_teorico_e_real
2026-05-15,35744077.66990291,2.41,2.3814954986123293,0.0729,2.782,2.8549,beacon_formula_16632_sqrt_S,modelo_teorico_e_real
2026-05-16,35747572.81553398,2.427,2.3980951491547886,0.0688,2.7818,2.8506,beacon_formula_16632_sqrt_S,modelo_teorico_e_real
2026-05-17,35751067.96116505,2.369,2.34144973888073,0.0644,2.7817,2.8461,beacon_formula_16632_sqrt_S,modelo_teorico_e_real
2026-05-18,35754563.106796116,2.426,2.397118775184337,0.0606,2.7816,2.8422,beacon_formula_16632_sqrt_S,modelo_teorico_e_real
2026-05-19,35758058.25242718,2.393,2.3648930998553253,0.0939,2.7814,2.8753,beacon_formula_16632_sqrt_S,modelo_teorico_e_real
2026-05-20,35761553.39805825,2.379,2.351218471992489,0.1274,2.7813,2.9087,beacon_formula_16632_sqrt_S,modelo_teorico_e_real
2026-05-21,35765048.54368932,2.412,2.3834485413023465,0.072,2.7811,2.8531,beacon_formula_16632_sqrt_S,modelo_teorico_e_real
2026-05-22,35768543.689320385,2.345,2.3180008961221077,0.049,2.781,2.83,beacon_formula_16632_sqrt_S,modelo_teorico_e_real
2026-05-23,35772038.83495145,2.355,2.3277719136205466,0.0557,2.7809,2.8366,beacon_formula_16632_sqrt_S,modelo_teorico_e_real
2026-05-24,35775533.98058252,2.363,2.335588042210901,0.0624,2.7807,2.8431,beacon_formula_16632_sqrt_S,modelo_teorico_e_real
2026-05-25,35779029.126213595,2.358,2.330703033233572,0.0689,2.7806,2.8495,beacon_formula_16632_sqrt_S,modelo_teorico_e_real
2026-05-26,35782524.27184466,2.368,2.340472813228245,0.3853,2.7805,3.1658,beacon_formula_16632_sqrt_S,modelo_teorico_e_real
2026-05-27,35786019.41747573,2.393,2.3648930998553253,0.048,2.7803,2.8283,beacon_formula_16632_sqrt_S,modelo_teorico_e_real
2026-05-28,35789514.5631068,2.464,2.4342143048573517,0.0404,2.7802,2.8206,beacon_formula_16632_sqrt_S,modelo_teorico_e_real
2026-05-29,35793009.708737865,2.403,2.3746595496502154,0.0329,2.7801,2.813,beacon_formula_16632_sqrt_S,modelo_teorico_e_real
2026-05-30,35796504.85436893,2.391,2.362939695755628,0.0252,2.7799,2.8051,beacon_formula_16632_sqrt_S,modelo_teorico_e_real
2026-05-31,35800000.0,2.365,2.3375419791655805,0.0252,2.7798,2.805,beacon_formula_16632_sqrt_S,modelo_teorico_e_real
