Date,regime_ethereum,preco_eth_usd,preco_steth_usd,preco_steth_eth,liquid_staking_basis,depeg_pct,retorno_log_eth,retorno_log_steth,volatilidade_7d_anual_eth,volatilidade_30d_anual_eth,volatilidade_7d_anual_steth,volatilidade_30d_anual_steth,apr_rede_direto_total_pct,apr_lido_liquido_pct,delta_apr_pct,taxa_retencao_efetiva_pct,custo_oportunidade_diario_pct,custo_oportunidade_acumulado_pct,apr_consenso_bruto_pct,taxa_mev_execucao_apr_pct,apy_lido_pct,apr_base_nominal_pct,apy_pool_curve_pct,efetividade_operadores_lido_pct,slashing_eventos_qtd,slashing_volume_eth,tvl_lido_total_usd,tvl_lido_ethereum_usd,tvl_pool_curve_usd,reserva_eth_curve,reserva_steth_curve,ratio_reserva_steth_pct,volume_diario_curve_usd,evento_terra_luna,evento_merge,evento_ftx,evento_shapella,fonte_preco_eth,fonte_preco_steth,fonte_consenso,qualidade_dado,reservas_curve_metodo,apr_lido_consenso_pct,apy_base_pct,tvl_yield_pool_usd
2022-04-01,Pre-Merge,3449.55,3436.34,0.996171,-0.003829,-0.3829,,,,,,,3.9835,3.5369,0.4466,11.2112,0.0012,0.0012,3.9835,0.0,3.6,3.5369,2.6304,99.45,0,0.0,18766260162.0,9795394002.0,5406493297.0,759672.22,807631.72,51.53,189227265.4,0,0,0,0,yfinance,yfinance,beacon_empirical_oracle,estimado,estimado_via_depeg,3.5851,3.6,11074372760.0
2022-04-02,Pre-Merge,3445.06,3444.96,0.999971,-2.9e-05,-0.0029,-0.001303,0.002505,,,,,3.9835,3.5369,0.4466,11.2112,0.0012,0.0024,3.9835,0.0,3.6,3.5369,2.6729,99.45,0,0.0,19461202817.0,10348167956.0,5465586070.0,793091.11,793408.41,50.01,191295512.45,0,0,0,0,yfinance,yfinance,beacon_empirical_oracle,estimado,estimado_via_depeg,3.5851,3.6,11074372760.0
2022-04-03,Pre-Merge,3522.83,3519.41,0.999029,-0.000971,-0.0971,0.022325,0.02138,,,,,3.9835,3.5369,0.4466,11.2112,0.0012,0.0037,3.9835,0.0,3.6,3.5369,2.6626,99.45,0,0.0,20366963551.0,10414828069.0,5636336220.0,793732.99,806212.57,50.39,197271767.7,0,0,0,0,yfinance,yfinance,beacon_empirical_oracle,estimado,estimado_via_depeg,3.5851,3.6,11074372760.0
2022-04-04,Pre-Merge,3521.24,3503.97,0.995095,-0.004905,-0.4905,-0.000452,-0.004396,,,,,3.9835,3.5369,0.4466,11.2112,0.0012,0.0049,3.9835,0.0,3.6,3.5369,2.6457,99.45,0,0.0,20323921629.0,10654227953.0,5600607862.0,764086.52,826434.96,51.96,196021275.17,0,0,0,0,yfinance,yfinance,beacon_empirical_oracle,estimado,estimado_via_depeg,3.5851,3.6,11074372760.0
2022-04-05,Pre-Merge,3411.79,3397.02,0.995671,-0.004329,-0.4329,-0.031576,-0.030997,,,,,3.9835,3.5369,0.4466,11.2112,0.0012,0.0061,3.9835,0.0,3.6,3.5369,2.6559,99.45,0,0.0,20834599651.0,10796533533.0,5506450072.0,779052.48,834895.06,51.73,192725752.52,0,0,0,0,yfinance,yfinance,beacon_empirical_oracle,estimado,estimado_via_depeg,3.5851,3.6,11074372760.0
2022-04-06,Pre-Merge,3171.69,3162.53,0.997112,-0.002888,-0.2888,-0.072973,-0.071527,,,,,3.9835,3.5369,0.4466,11.2112,0.0012,0.0073,3.9835,0.0,3.6,3.5369,2.6274,99.45,0,0.0,20404782354.0,10322768256.0,5136423915.0,790944.08,828515.55,51.16,179774837.02,0,0,0,0,yfinance,yfinance,beacon_empirical_oracle,estimado,estimado_via_depeg,3.5851,3.6,11074372760.0
2022-04-07,Pre-Merge,3233.27,3229.68,0.99889,-0.00111,-0.111,0.01923,0.021011,,,,,3.9835,3.5369,0.4466,11.2112,0.0012,0.0086,3.9835,0.0,3.6,3.5369,2.9074,99.45,0,0.0,19247409681.0,9949961061.0,5201168445.0,797242.14,811398.17,50.44,182040895.58,0,0,0,0,yfinance,yfinance,beacon_empirical_oracle,estimado,estimado_via_depeg,3.5851,3.6,11074372760.0
2022-04-08,Pre-Merge,3192.07,3190.04,0.999364,-0.000636,-0.0636,-0.012825,-0.012349,0.628673,,0.622181,,3.9835,3.5369,0.4466,11.2112,0.0012,0.0098,3.9835,0.0,3.6,3.5369,2.8641,99.45,0,0.0,19241404990.0,10214644479.0,5147544332.0,802270.41,810333.43,50.25,180164051.62,0,0,0,0,yfinance,yfinance,beacon_empirical_oracle,estimado,estimado_via_depeg,3.5851,3.6,11074372760.0
2022-04-09,Pre-Merge,3261.92,3254.5,0.997725,-0.002275,-0.2275,0.021644,0.020004,0.670812,,0.65653,,3.9835,3.5369,0.4466,11.2112,0.0012,0.011,3.9835,0.0,3.6,3.5369,2.7928,99.45,0,0.0,18508106396.0,10212984841.0,5212087991.0,784388.95,813469.98,50.91,182423079.69,0,0,0,0,yfinance,yfinance,beacon_empirical_oracle,estimado,estimado_via_depeg,3.5851,3.6,11074372760.0
2022-04-10,Pre-Merge,3211.87,3203.27,0.997322,-0.002678,-0.2678,-0.015462,-0.015868,0.621231,,0.607999,,3.9835,3.5369,0.4466,11.2112,0.0012,0.0122,3.9835,0.0,3.6,3.5369,2.7657,99.45,0,0.0,18855775492.0,10447519681.0,5177250163.0,788708.29,823203.2,51.07,181203755.7,0,0,0,0,yfinance,yfinance,beacon_empirical_oracle,estimado,estimado_via_depeg,3.5851,3.6,11074372760.0
2022-04-11,Pre-Merge,2981.05,2977.59,0.998839,-0.001161,-0.1161,-0.074576,-0.073056,0.746617,,0.734763,,3.9835,3.5369,0.4466,11.2112,0.0012,0.0135,3.9835,0.0,3.6,3.5369,2.9053,99.45,0,0.0,18489885366.0,10392641447.0,4859294934.0,807532.48,822529.05,50.46,170075322.69,0,0,0,0,yfinance,yfinance,beacon_empirical_oracle,estimado,estimado_via_depeg,3.5851,3.6,11074372760.0
2022-04-12,Pre-Merge,3030.38,3016.85,0.995535,-0.004465,-0.4465,0.016411,0.013099,0.795019,,0.774421,,3.9835,3.5369,0.4466,11.2112,0.0012,0.0147,3.9835,0.0,3.6,3.5369,2.8098,99.45,0,0.0,17057217092.0,9666592516.0,4867692290.0,774396.1,831901.56,51.79,170369230.15,0,0,0,0,yfinance,yfinance,beacon_empirical_oracle,estimado,estimado_via_depeg,3.5851,3.6,11074372760.0
2022-04-13,Pre-Merge,3118.34,3103.36,0.995196,-0.004804,-0.4804,0.028615,0.028273,0.691063,,0.675606,,3.9835,3.5369,0.4466,11.2112,0.0012,0.0159,3.9835,0.0,3.6,3.5369,2.8346,99.45,0,0.0,17244116893.0,9878793225.0,5053688503.0,779200.93,841433.29,51.92,176879097.6,0,0,0,0,yfinance,yfinance,beacon_empirical_oracle,estimado,estimado_via_depeg,3.5851,3.6,11074372760.0
2022-04-14,Pre-Merge,3019.91,3019.63,0.999907,-9.3e-05,-0.0093,-0.032075,-0.027352,0.692573,,0.662492,,3.9835,3.5369,0.4466,11.2112,0.0012,0.0171,3.9835,0.0,3.6,3.5369,2.7868,99.45,0,0.0,18020403754.0,10326992381.0,4880517661.0,807410.36,808703.25,50.04,170818118.14,0,0,0,0,yfinance,yfinance,beacon_empirical_oracle,estimado,estimado_via_depeg,3.5851,3.6,11074372760.0
2022-04-15,Pre-Merge,3040.92,3033.47,0.99755,-0.00245,-0.245,0.006932,0.004571,0.701873,,0.669461,,3.9835,3.5369,0.4466,11.2112,0.0012,0.0184,3.9835,0.0,3.6,3.5369,3.3215,99.45,0,0.0,17220771341.0,10031102627.0,4842887011.0,780679.27,811893.7,50.98,169501045.39,0,0,0,0,yfinance,yfinance,beacon_empirical_oracle,estimado,estimado_via_depeg,3.5851,3.6,11074372760.0
2022-04-16,Pre-Merge,3062.31,3057.58,0.998455,-0.001545,-0.1545,0.007011,0.007918,0.672992,,0.644829,,3.9835,3.5369,0.4466,11.2112,0.0012,0.0196,3.9835,0.0,3.6,3.5369,2.8847,99.45,0,0.0,17344732324.0,10269052610.0,4896010672.0,789485.74,809310.82,50.62,171360373.52,0,0,0,0,yfinance,yfinance,beacon_empirical_oracle,estimado,estimado_via_depeg,3.5851,3.6,11074372760.0
2022-04-17,Pre-Merge,2993.4,2987.47,0.998019,-0.001981,-0.1981,-0.022759,-0.023198,0.679273,,0.651771,,3.9835,3.5369,0.4466,11.2112,0.0012,0.0208,3.9835,0.0,3.6,3.5369,2.749,99.45,0,0.0,17489537674.0,10393316728.0,4872919935.0,801083.68,826804.31,50.79,170552197.73,0,0,0,0,yfinance,yfinance,beacon_empirical_oracle,estimado,estimado_via_depeg,3.5851,3.6,11074372760.0
2022-04-18,Pre-Merge,3057.61,3054.89,0.99911,-0.00089,-0.089,0.021222,0.022319,0.433605,,0.408645,,3.9835,3.5369,0.4466,11.2112,0.0012,0.022,3.9835,0.0,3.6,3.5369,2.7305,99.45,0,0.0,17038773731.0,10173068443.0,4889866403.0,794024.96,805219.68,50.35,171145324.11,0,0,0,0,yfinance,yfinance,beacon_empirical_oracle,estimado,estimado_via_depeg,3.5851,3.6,11074372760.0
2022-04-19,Pre-Merge,3104.11,3097.31,0.997809,-0.002191,-0.2191,0.015093,0.013791,0.431341,,0.409646,,3.9835,3.5369,0.4466,11.2112,0.0012,0.0232,3.9835,0.0,3.6,3.5369,2.7544,99.45,0,0.0,18541770155.0,10520780138.0,4926287608.0,779544.69,807476.26,50.88,172420066.28,0,0,0,0,yfinance,yfinance,beacon_empirical_oracle,estimado,estimado_via_depeg,3.5851,3.6,11074372760.0
2022-04-20,Pre-Merge,3077.75,3048.78,0.990587,-0.009413,-0.9413,-0.008528,-0.015793,0.379732,,0.370998,,3.9835,3.5369,0.4466,11.2112,0.0012,0.0245,3.9835,0.0,3.6,3.5369,2.7849,99.45,0,0.0,18937764937.0,10625994051.0,4903199944.0,736654.91,856456.92,53.76,171611998.04,0,0,0,0,yfinance,yfinance,beacon_empirical_oracle,estimado,estimado_via_depeg,3.5851,3.6,11074372760.0
2022-04-21,Pre-Merge,2987.48,2964.11,0.992177,-0.007823,-0.7823,-0.029767,-0.028164,0.368771,,0.374336,,3.9835,3.5369,0.4466,11.2112,0.0012,0.0257,3.9835,0.0,3.6,3.5369,2.6125,99.45,0,0.0,19006589703.0,10673920490.0,4685602892.0,735115.24,833297.9,53.13,163996101.22,0,0,0,0,yfinance,yfinance,beacon_empirical_oracle,estimado,estimado_via_depeg,3.5851,3.6,11074372760.0
2022-04-22,Pre-Merge,2964.84,2956.54,0.997201,-0.002799,-0.2799,-0.007609,-0.002559,0.363351,,0.369478,,3.9835,3.5369,0.4466,11.2112,0.0012,0.0269,3.9835,0.0,3.6,3.5369,2.6652,99.45,0,0.0,18337634424.0,10377636251.0,4821846486.0,794956.41,831386.49,51.12,168764627.01,0,0,0,0,yfinance,yfinance,beacon_empirical_oracle,estimado,estimado_via_depeg,3.5851,3.6,11074372760.0
2022-04-23,Pre-Merge,2938.11,2936.02,0.999289,-0.000711,-0.0711,-0.009054,-0.006965,0.353134,,0.356486,,3.9835,3.5369,0.4466,11.2112,0.0012,0.0281,3.9835,0.0,3.6,3.5369,2.6386,99.45,0,0.0,18644919567.0,10446330714.0,4794654087.0,811209.43,820674.36,50.29,167812893.05,0,0,0,0,yfinance,yfinance,beacon_empirical_oracle,estimado,estimado_via_depeg,3.5851,3.6,11074372760.0
2022-04-24,Pre-Merge,2922.73,2916.73,0.997947,-0.002053,-0.2053,-0.005249,-0.006591,0.323738,,0.326039,,3.9835,3.5369,0.4466,11.2112,0.0012,0.0294,3.9835,0.0,3.6,3.5369,2.6466,99.45,0,0.0,18257074794.0,10394664168.0,4752900162.0,799757.86,826427.3,50.82,166351505.67,0,0,0,0,yfinance,yfinance,beacon_empirical_oracle,estimado,estimado_via_depeg,3.5851,3.6,11074372760.0
2022-04-25,Pre-Merge,3009.39,3002.08,0.997571,-0.002429,-0.2429,0.02922,0.028843,0.363474,,0.359102,,3.9835,3.5369,0.4466,11.2112,0.0012,0.0306,3.9835,0.0,3.6,3.5369,2.7357,99.45,0,0.0,17960566117.0,10162183435.0,4861445132.0,792043.09,823382.34,50.97,170150579.62,0,0,0,0,yfinance,yfinance,beacon_empirical_oracle,estimado,estimado_via_depeg,3.5851,3.6,11074372760.0
2022-04-26,Pre-Merge,2808.3,2799.36,0.996817,-0.003183,-0.3183,-0.06916,-0.069915,0.569439,,0.573133,,3.9835,3.5369,0.4466,11.2112,0.0012,0.0318,3.9835,0.0,3.6,3.5369,2.6197,99.45,0,0.0,19336725140.0,10731677893.0,4551907313.0,789853.09,831023.35,51.27,159316755.96,0,0,0,0,yfinance,yfinance,beacon_empirical_oracle,estimado,estimado_via_depeg,3.5851,3.6,11074372760.0
2022-04-27,Pre-Merge,2888.93,2883.19,0.998013,-0.001987,-0.1987,0.028307,0.029506,0.648775,,0.654271,,3.9835,3.5369,0.4466,11.2112,0.0012,0.033,3.9835,0.0,3.6,3.5369,2.7186,99.45,0,0.0,18037373061.0,10217111596.0,4772382320.0,812927.05,839027.94,50.79,167033381.2,0,0,0,0,yfinance,yfinance,beacon_empirical_oracle,estimado,estimado_via_depeg,3.5851,3.6,11074372760.0
2022-04-28,Pre-Merge,2936.94,2928.58,0.997153,-0.002847,-0.2847,0.016482,0.015622,0.644854,,0.64846,,3.9835,3.5369,0.4466,11.2112,0.0012,0.0343,3.9835,0.0,3.6,3.5369,2.7043,99.45,0,0.0,18561743211.0,10627398127.0,4822712224.0,802323.91,839763.51,51.14,168794927.84,0,0,0,0,yfinance,yfinance,beacon_empirical_oracle,estimado,estimado_via_depeg,3.5851,3.6,11074372760.0
2022-04-29,Pre-Merge,2815.6,2804.66,0.996115,-0.003885,-0.3885,-0.042193,-0.043238,0.707079,,0.714789,,3.9835,3.5369,0.4466,11.2112,0.0012,0.0355,3.9835,0.0,3.6,3.5369,2.5718,99.45,0,0.0,18736501192.0,10892593742.0,4635147917.0,797437.72,848800.35,51.56,162230177.1,0,0,0,0,yfinance,yfinance,beacon_empirical_oracle,estimado,estimado_via_depeg,3.5851,3.6,11074372760.0
2022-04-30,Pre-Merge,2730.19,2720.02,0.996275,-0.003725,-0.3725,-0.030806,-0.030641,0.727371,,0.733834,,3.9835,3.5369,0.4466,11.2112,0.0012,0.0367,3.9835,0.0,3.6,3.5369,2.5298,99.45,0,0.0,18112355454.0,10555971424.0,4594600036.0,816368.27,866518.29,51.49,160811001.26,0,0,0,0,yfinance,yfinance,beacon_empirical_oracle,estimado,estimado_via_depeg,3.5851,3.6,11074372760.0
2022-05-01,Pre-Merge,2827.76,2828.92,1.00041,0.00041,0.041,0.035113,0.039255,0.799831,0.588506,0.819899,0.585487,3.8226,3.5369,0.2857,7.474,0.0008,0.0375,3.8226,0.0,3.6,3.5369,2.4848,99.45,0,0.0,17603473301.0,10429755857.0,4533127903.0,804105.35,798975.5,49.84,158659476.61,0,0,0,0,yfinance,yfinance,beacon_empirical_oracle,estimado,estimado_via_depeg,3.4403,3.6,11074372760.0
2022-05-02,Pre-Merge,2857.41,2851.12,0.997799,-0.002201,-0.2201,0.010432,0.007819,0.761943,0.591259,0.781238,0.586806,3.8226,3.5369,0.2857,7.474,0.0008,0.0383,3.8226,0.0,3.6,3.5369,2.4717,99.45,0,0.0,18174952115.0,10826883596.0,4696750398.0,807389.84,836319.12,50.88,164386263.93,0,0,0,0,yfinance,yfinance,beacon_empirical_oracle,estimado,estimado_via_depeg,3.4403,3.6,11074372760.0
2022-05-03,Pre-Merge,2783.48,2773.49,0.996411,-0.003589,-0.3589,-0.026215,-0.027608,0.595019,0.585968,0.617839,0.582578,3.9299,3.5369,0.393,10.0003,0.0011,0.0393,3.9299,0.0,3.6,3.5369,2.4154,99.45,0,0.0,18660027954.0,11242991444.0,4569127762.0,797120.31,844395.98,51.44,159919471.67,0,0,0,0,yfinance,yfinance,beacon_empirical_oracle,estimado,estimado_via_depeg,3.5369,3.6,11074372760.0
2022-05-04,Pre-Merge,2940.64,2913.22,0.990675,-0.009325,-0.9325,0.054928,0.049153,0.697704,0.625292,0.689603,0.615679,3.9299,3.5369,0.393,10.0003,0.0011,0.0404,3.9299,0.0,3.6,3.5369,2.5307,99.45,0,0.0,18347590202.0,11087229092.0,4802347464.0,755633.53,877462.49,53.73,168082161.24,0,0,0,0,yfinance,yfinance,beacon_empirical_oracle,estimado,estimado_via_depeg,3.5369,3.6,11744709791.0
2022-05-05,Pre-Merge,2749.21,2730.36,0.993143,-0.006857,-0.6857,-0.067314,-0.064823,0.843048,0.655387,0.821328,0.643533,3.9299,3.5369,0.393,10.0003,0.0011,0.0415,3.9299,0.0,3.6,3.5369,2.5908,99.45,0,0.0,19390293831.0,11806079759.0,4489330623.0,771733.57,861219.39,52.74,157126571.8,0,0,0,0,yfinance,yfinance,beacon_empirical_oracle,estimado,estimado_via_depeg,3.5369,3.6,11008298772.0
2022-05-06,Pre-Merge,2694.98,2687.43,0.997198,-0.002802,-0.2802,-0.019924,-0.01585,0.804885,0.613137,0.776516,0.601507,3.8226,3.4403,0.3823,10.001,0.001,0.0425,3.8226,0.0,3.5,3.4403,2.5844,99.45,0,0.0,18410137617.0,11050154700.0,4398784722.0,797826.32,834387.92,51.12,153957465.27,0,0,0,0,yfinance,yfinance,beacon_empirical_oracle,estimado,estimado_via_depeg,3.4403,3.5,10974211995.0
2022-05-07,Pre-Merge,2636.09,2625.69,0.996055,-0.003945,-0.3945,-0.022093,-0.023239,0.791058,0.609149,0.764025,0.596813,3.8226,3.4403,0.3823,10.001,0.001,0.0436,3.8226,0.0,3.5,3.4403,2.6413,99.45,0,0.0,17882792425.0,10962254587.0,4313489208.0,792306.59,844014.33,51.58,150972122.28,0,0,0,0,yfinance,yfinance,beacon_empirical_oracle,estimado,estimado_via_depeg,3.4403,3.5,10736517627.0
2022-05-08,Pre-Merge,2517.46,2497.32,0.992,-0.008,-0.8,-0.046047,-0.050128,0.756992,0.624119,0.720135,0.615411,3.9299,3.5369,0.393,10.0003,0.0011,0.0447,3.9299,0.0,3.6,3.5369,3.3508,99.45,0,0.0,16633736902.0,10701405802.0,3993007887.0,742306.81,843818.85,53.2,139755276.05,1,0,0,0,yfinance,yfinance,beacon_empirical_oracle,estimado,estimado_via_depeg,3.5369,3.6,10375445969.0
2022-05-09,Pre-Merge,2245.43,2228.75,0.992572,-0.007428,-0.7428,-0.114353,-0.113774,0.987164,0.716493,0.954127,0.708257,3.8226,3.4403,0.3823,10.001,0.001,0.0457,3.8226,0.0,3.5,3.4403,3.317,99.45,0,0.0,16061352956.0,10328908697.0,3817176629.0,799498.61,900477.17,52.97,133601182.02,1,0,0,0,yfinance,yfinance,beacon_empirical_oracle,estimado,estimado_via_depeg,3.4403,3.5,9406769875.0
2022-05-10,Pre-Merge,2343.51,2322.29,0.990945,-0.009055,-0.9055,0.042753,0.04111,1.136423,0.741739,1.104491,0.73244,3.9299,3.5369,0.393,10.0003,0.0011,0.0468,3.9299,0.0,3.6,3.5369,2.9666,99.45,0,0.0,12333464844.0,9403806783.0,3825661053.0,757129.94,875319.27,53.62,133898136.86,1,0,0,0,yfinance,yfinance,beacon_empirical_oracle,estimado,estimado_via_depeg,3.5369,3.6,9506069560.0
2022-05-11,Pre-Merge,2072.11,2065.02,0.996578,-0.003422,-0.3422,-0.123083,-0.117411,1.105352,0.810578,1.075366,0.793727,3.9299,3.5369,0.393,10.0003,0.0011,0.0479,3.9299,0.0,3.6,3.5369,3.4042,99.45,0,0.0,11595676249.0,9869325479.0,3266958611.0,766717.0,809916.77,51.37,114343551.38,1,0,0,0,yfinance,yfinance,beacon_empirical_oracle,estimado,estimado_via_depeg,3.5369,3.6,8714550420.0
2022-05-12,Pre-Merge,1961.7,1911.84,0.974583,-0.025417,-2.5417,-0.054755,-0.077073,1.09708,0.81703,1.089762,0.819455,3.9299,3.5369,0.393,10.0003,0.0011,0.049,3.9299,0.0,3.6,3.5369,5.575,99.45,0,0.0,9244719849.0,8979837839.0,1844849676.0,374574.92,565859.23,60.17,64569738.66,1,0,0,0,yfinance,yfinance,beacon_empirical_oracle,estimado,estimado_via_depeg,3.5369,3.6,7857787286.0
2022-05-13,Pre-Merge,2014.42,1950.68,0.968358,-0.031642,-3.1642,0.026518,0.020109,1.214868,0.815669,1.186758,0.814483,3.9299,3.5369,0.393,10.0003,0.0011,0.05,3.9299,0.0,3.6,3.5369,6.442,99.45,0,0.0,8387947914.0,8253462893.0,1794385849.0,332613.69,558156.78,62.66,62803504.72,1,0,0,0,yfinance,yfinance,beacon_empirical_oracle,estimado,estimado_via_depeg,3.5369,3.6,8459868374.0
2022-05-14,Pre-Merge,2056.27,2016.44,0.98063,-0.01937,-1.937,0.020565,0.033156,1.293031,0.822087,1.314853,0.830566,3.9299,3.5369,0.393,10.0003,0.0011,0.0511,3.9299,0.0,3.6,3.5369,3.7006,99.45,0,0.0,8675786007.0,8524511570.0,1750152602.0,359602.33,491527.44,57.75,61255341.07,1,0,0,0,yfinance,yfinance,beacon_empirical_oracle,estimado,estimado_via_depeg,3.5369,3.6,8307436489.0
2022-05-15,Pre-Merge,2145.71,2111.3,0.983963,-0.016037,-1.6037,0.042573,0.045968,1.4027,0.842019,1.437092,0.854096,4.0371,3.6334,0.4037,9.9998,0.0011,0.0522,4.0371,0.0,3.7,3.6334,3.9162,99.45,0,0.0,8770075827.0,8619700893.0,1816086621.0,368937.16,477443.11,56.41,63563031.74,1,0,0,0,yfinance,yfinance,beacon_empirical_oracle,estimado,estimado_via_depeg,3.6334,3.7,8869252957.0
2022-05-16,Pre-Merge,2022.73,1985.29,0.98149,-0.01851,-1.851,-0.059023,-0.061536,1.229248,0.855029,1.279402,0.867876,4.0371,3.6334,0.4037,9.9998,0.0011,0.0533,4.0371,0.0,3.7,3.6334,3.5653,99.45,0,0.0,9065756551.0,8902368057.0,1768572816.0,372472.86,501876.57,57.4,61900048.56,1,0,0,0,yfinance,yfinance,beacon_empirical_oracle,estimado,estimado_via_depeg,3.6334,3.7,8406513502.0
2022-05-17,Pre-Merge,2090.41,2031.4,0.971771,-0.028229,-2.8229,0.032914,0.022959,1.202936,0.869634,1.235626,0.87687,4.0371,3.6334,0.4037,9.9998,0.0011,0.0544,4.0371,0.0,3.7,3.6334,3.5616,99.45,0,0.0,8756006520.0,8600481847.0,1808100424.0,334822.2,530127.94,61.29,63283514.84,1,0,0,0,yfinance,yfinance,beacon_empirical_oracle,estimado,estimado_via_depeg,3.6334,3.7,8601108016.0
2022-05-18,Pre-Merge,1916.66,1879.14,0.980424,-0.019576,-1.9576,-0.086778,-0.07791,1.021872,0.898857,1.06571,0.895755,4.1442,3.7298,0.4144,9.9995,0.0011,0.0556,4.1442,0.0,3.8,3.7298,3.57,99.45,0,0.0,8954138495.0,8791537974.0,1674146858.0,368342.71,505128.26,57.83,58595140.03,1,0,0,0,yfinance,yfinance,beacon_empirical_oracle,estimado,estimado_via_depeg,3.7298,3.8,8072321130.0
2022-05-19,Pre-Merge,2018.34,1989.54,0.985731,-0.014269,-1.4269,0.051691,0.057089,1.034504,0.923302,1.017924,0.926213,4.1442,3.7298,0.4144,9.9995,0.0011,0.0567,4.1442,0.0,3.8,3.7298,3.5964,99.45,0,0.0,8269482693.0,8128044989.0,2023447097.0,444020.69,558509.66,55.71,70820648.4,1,0,0,0,yfinance,yfinance,beacon_empirical_oracle,estimado,estimado_via_depeg,3.7298,3.8,8305322669.0
2022-05-20,Pre-Merge,1961.32,1932.66,0.985387,-0.014613,-1.4613,-0.028658,-0.029008,1.038373,0.924374,1.037208,0.927546,4.1442,3.7298,0.4144,9.9995,0.0011,0.0578,4.1442,0.0,3.8,3.7298,3.4848,99.45,0,0.0,8586515306.0,8446207487.0,1975790499.0,444858.1,562519.84,55.84,69152667.46,1,0,0,0,yfinance,yfinance,beacon_empirical_oracle,estimado,estimado_via_depeg,3.7298,3.8,8110663532.0
2022-05-21,Pre-Merge,1974.52,1925.22,0.975032,-0.024968,-2.4968,0.006709,-0.003854,1.023292,0.925805,0.995969,0.927143,4.1442,3.7298,0.4144,9.9995,0.0011,0.059,4.1442,0.0,3.8,3.7298,4.617,99.45,0,0.0,8336123918.0,8209681743.0,1994089692.0,404065.44,605845.68,59.99,69793139.22,1,0,0,0,yfinance,yfinance,beacon_empirical_oracle,estimado,estimado_via_depeg,3.7298,3.8,8093785039.0
2022-05-22,Pre-Merge,2043.17,1994.96,0.976404,-0.023596,-2.3596,0.034178,0.035584,1.000698,0.940678,0.964959,0.942682,4.2512,3.8261,0.4251,9.9995,0.0012,0.0601,4.2512,0.0,3.9,3.8261,3.8138,99.45,0,0.0,8450807298.0,8323498299.0,2059318457.0,408805.71,599097.92,59.44,72076146.0,1,0,0,0,yfinance,yfinance,beacon_empirical_oracle,estimado,estimado_via_depeg,3.8261,3.9,8299480469.0
2022-05-23,Pre-Merge,1972.18,1929.03,0.978121,-0.021879,-2.1879,-0.035362,-0.033609,0.938517,0.943967,0.888953,0.945073,4.2512,3.8261,0.4251,9.9995,0.0012,0.0613,4.2512,0.0,3.9,3.8261,3.9158,99.45,0,0.0,8723384540.0,8592418729.0,1997672316.0,417831.96,595094.0,58.75,69918531.06,1,0,0,0,yfinance,yfinance,beacon_empirical_oracle,estimado,estimado_via_depeg,3.8261,3.9,8130648910.0
2022-05-24,Pre-Merge,1978.98,1930.15,0.975326,-0.024674,-2.4674,0.003442,0.000579,0.891696,0.945384,0.861775,0.946111,4.3581,3.9223,0.4358,9.9998,0.0012,0.0625,4.3581,0.0,4.0,3.9223,3.8777,99.45,0,0.0,8489747534.0,8366183619.0,2005902429.0,406759.36,606844.83,59.87,70206585.02,1,0,0,0,yfinance,yfinance,beacon_empirical_oracle,estimado,estimado_via_depeg,3.9223,4.0,8144177342.0
2022-05-25,Pre-Merge,1944.83,1898.44,0.976147,-0.023853,-2.3853,-0.017409,-0.016566,0.616188,0.933087,0.641802,0.933549,4.3581,3.9223,0.4358,9.9998,0.0012,0.0637,4.3581,0.0,4.0,3.9223,3.9578,99.45,0,0.0,8435880883.0,8313516524.0,1981533877.0,412235.83,606636.71,59.54,69353685.7,1,0,0,0,yfinance,yfinance,beacon_empirical_oracle,estimado,estimado_via_depeg,3.9223,4.0,8076696769.0
2022-05-26,Pre-Merge,1803.91,1761.27,0.976362,-0.023638,-2.3638,-0.075215,-0.074996,0.673436,0.937775,0.653933,0.937452,4.3581,3.9223,0.4358,9.9998,0.0012,0.0649,4.3581,0.0,4.0,3.9223,3.9454,99.45,0,0.0,8372244522.0,8254407441.0,1829762736.0,411209.99,603121.51,59.46,64041695.76,1,0,0,0,yfinance,yfinance,beacon_empirical_oracle,estimado,estimado_via_depeg,3.9223,4.0,7549047867.0
2022-05-27,Pre-Merge,1724.92,1674.0,0.97048,-0.02952,-2.952,-0.044776,-0.050818,0.701283,0.930154,0.69513,0.93082,4.3581,3.9223,0.4358,9.9998,0.0012,0.0661,4.3581,0.0,4.0,3.9223,4.1518,99.45,0,0.0,7626610155.0,7522479256.0,1747817165.0,386969.47,626304.87,61.81,61173600.78,1,0,0,0,yfinance,yfinance,beacon_empirical_oracle,estimado,estimado_via_depeg,3.9223,4.0,7162858310.0
2022-05-28,Pre-Merge,1757.94,1754.23,0.99789,-0.00211,-0.211,0.018961,0.046811,0.732787,0.931323,0.848423,0.951186,4.3581,3.9223,0.4358,9.9998,0.0012,0.0673,4.3581,0.0,4.0,3.9223,4.0332,99.45,0,0.0,7396396879.0,7297062963.0,1798354819.0,502799.52,520190.35,50.85,62942418.67,1,0,0,0,yfinance,yfinance,beacon_empirical_oracle,estimado,estimado_via_depeg,3.9223,4.0,7329191226.0
2022-05-29,Pre-Merge,1812.03,1769.73,0.976656,-0.023344,-2.3344,0.030305,0.008798,0.71682,0.941026,0.773281,0.950494,4.3581,3.9223,0.4358,9.9998,0.0012,0.0685,4.3581,0.0,4.0,3.9223,3.9894,99.45,0,0.0,7655743615.0,7549423385.0,1756401963.0,394117.67,575183.04,59.34,61474068.71,1,0,0,0,yfinance,yfinance,beacon_empirical_oracle,estimado,estimado_via_depeg,3.9223,4.0,7403372675.0
2022-05-30,Pre-Merge,1996.44,1954.13,0.978807,-0.021193,-2.1193,0.096918,0.09912,1.064485,1.015971,1.11812,1.028761,4.3581,3.9223,0.4358,9.9998,0.0012,0.0697,4.3581,0.0,4.0,3.9223,4.1041,99.45,0,0.0,7722267485.0,7617422048.0,1953130248.0,406192.86,572113.65,58.48,68359558.68,1,0,0,0,yfinance,yfinance,beacon_empirical_oracle,estimado,estimado_via_depeg,3.9223,4.0,8190730072.0
2022-05-31,Pre-Merge,1942.33,1901.57,0.979015,-0.020985,-2.0985,-0.027479,-0.027268,1.084714,1.004042,1.137946,1.013902,4.3581,3.9223,0.4358,9.9998,0.0012,0.0708,4.3581,0.0,4.0,3.9223,3.9856,99.45,0,0.0,8503163677.0,8391690211.0,1914991640.0,410243.38,575681.59,58.39,67024707.4,1,0,0,0,yfinance,yfinance,beacon_empirical_oracle,estimado,estimado_via_depeg,3.9223,4.0,8040565588.0
2022-06-01,Pre-Merge,1823.57,1784.91,0.9788,-0.0212,-2.12,-0.063092,-0.06331,1.169331,1.015574,1.221044,1.025596,4.3581,3.9223,0.4358,9.9998,0.0012,0.072,4.3581,0.0,4.0,3.9223,4.0006,99.45,0,0.0,8328413791.0,8219973304.0,1784482212.0,406300.29,572264.95,58.48,62456877.42,0,0,0,0,yfinance,yfinance,beacon_empirical_oracle,estimado,estimado_via_depeg,3.9223,4.0,7457563960.0
2022-06-02,Pre-Merge,1834.15,1792.18,0.977117,-0.022883,-2.2883,0.005786,0.004064,1.028997,1.017248,1.086379,1.026882,4.3581,3.9223,0.4358,9.9998,0.0012,0.0732,4.3581,0.0,4.0,3.9223,3.7837,99.45,0,0.0,7816033676.0,7721200701.0,1802303311.0,401407.14,581229.68,59.15,63080615.89,0,0,0,0,yfinance,yfinance,beacon_empirical_oracle,estimado,estimado_via_depeg,3.9223,4.0,7529727017.0
2022-06-03,Pre-Merge,1775.08,1735.81,0.977877,-0.022123,-2.2123,-0.032737,-0.031959,0.998663,0.98813,1.037526,1.002225,4.3581,3.9223,0.4358,9.9998,0.0012,0.0744,4.3581,0.0,4.0,3.9223,3.7108,99.45,0,0.0,7825744721.0,7726910733.0,1748955885.0,405443.89,579838.96,58.85,61213455.98,0,0,0,0,yfinance,yfinance,beacon_empirical_oracle,estimado,estimado_via_depeg,3.9223,4.0,7361895607.0
2022-06-04,Pre-Merge,1801.61,1760.2,0.977015,-0.022985,-2.2985,0.014836,0.013953,0.995366,0.976782,0.983018,0.992793,4.3581,3.9223,0.4358,9.9998,0.0012,0.0756,4.3581,0.0,4.0,3.9223,3.7319,99.45,0,0.0,7573441179.0,7481093433.0,1768915619.0,400694.08,581158.61,59.19,61912046.67,0,0,0,0,yfinance,yfinance,beacon_empirical_oracle,estimado,estimado_via_depeg,3.9223,4.0,7371970157.0
2022-06-05,Pre-Merge,1805.2,1766.12,0.978351,-0.021649,-2.1649,0.001994,0.003358,0.969657,0.978125,0.981002,0.994756,4.3581,3.9223,0.4358,9.9998,0.0012,0.0768,4.3581,0.0,4.0,3.9223,3.6942,99.45,0,0.0,7708021983.0,7613213745.0,1784991921.0,408772.25,580033.38,58.66,62474717.24,0,0,0,0,yfinance,yfinance,beacon_empirical_oracle,estimado,estimado_via_depeg,3.9223,4.0,7462010533.0
2022-06-06,Pre-Merge,1859.29,1813.79,0.975528,-0.024472,-2.4472,0.02952,0.026632,0.614767,0.988833,0.599671,1.004088,4.3581,3.9223,0.4358,9.9998,0.0012,0.078,4.3581,0.0,4.0,3.9223,3.9834,99.45,0,0.0,7717543079.0,7623950830.0,1839278835.0,397772.28,591464.92,59.79,64374759.23,0,0,0,0,yfinance,yfinance,beacon_empirical_oracle,estimado,estimado_via_depeg,3.9223,4.0,7693058781.0
2022-06-07,Pre-Merge,1814.05,1774.35,0.978115,-0.021885,-2.1885,-0.024634,-0.021984,0.61022,0.982253,0.591926,0.995516,4.3581,3.9223,0.4358,9.9998,0.0012,0.0792,4.3581,0.0,4.0,3.9223,4.2483,99.45,0,0.0,7525619669.0,7429150696.0,1565449434.0,355970.28,506987.98,58.75,54790730.19,0,0,0,0,yfinance,yfinance,beacon_empirical_oracle,estimado,estimado_via_depeg,3.9223,4.0,7602537682.0
2022-06-08,Pre-Merge,1793.57,1743.58,0.972128,-0.027872,-2.7872,-0.011352,-0.017493,0.419807,0.908695,0.402567,0.925042,4.3581,3.9223,0.4358,9.9998,0.0012,0.0804,4.3581,0.0,4.0,3.9223,4.6919,99.45,0,0.0,7762697038.0,7666111318.0,1606333943.0,347943.34,547663.71,61.15,56221688.0,0,0,0,0,yfinance,yfinance,beacon_empirical_oracle,estimado,estimado_via_depeg,3.9223,4.0,7423014605.0
2022-06-09,Pre-Merge,1789.83,1733.32,0.968427,-0.031573,-3.1573,-0.002091,-0.005902,0.414316,0.890774,0.39781,0.907887,4.3581,3.9223,0.4358,9.9998,0.0012,0.0816,4.3581,0.0,4.0,3.9223,4.1009,99.45,0,0.0,7659488944.0,7564873596.0,1594887698.0,332997.84,558085.5,62.63,55821069.43,0,0,0,0,yfinance,yfinance,beacon_empirical_oracle,estimado,estimado_via_depeg,3.9223,4.0,7365761144.0
2022-06-10,Pre-Merge,1665.04,1574.48,0.945611,-0.054389,-5.4389,-0.072268,-0.096114,0.627523,0.823981,0.764909,0.87867,4.3581,3.9223,0.4358,9.9998,0.0012,0.0828,4.3581,0.0,4.0,3.9223,6.4841,99.45,0,0.0,7611214821.0,7514319517.0,1117065557.0,189460.5,481433.63,71.76,39097294.5,0,0,0,0,yfinance,yfinance,beacon_empirical_oracle,estimado,estimado_via_depeg,3.9223,4.0,6693572071.0
2022-06-11,Pre-Merge,1529.66,1470.48,0.961312,-0.038688,-3.8688,-0.084803,-0.068338,0.787893,0.851958,0.811766,0.870649,4.3581,3.9223,0.4358,9.9998,0.0012,0.084,4.3581,0.0,4.0,3.9223,6.004,99.45,0,0.0,7183613869.0,7090968576.0,1024173163.0,231126.25,438416.76,65.48,35846060.71,0,0,0,0,yfinance,yfinance,beacon_empirical_oracle,estimado,estimado_via_depeg,3.9223,4.0,6292245541.0
2022-06-12,Pre-Merge,1445.22,1391.47,0.962808,-0.037192,-3.7192,-0.056789,-0.055225,0.787088,0.858644,0.794269,0.878836,4.3581,3.9223,0.4358,9.9998,0.0012,0.0852,4.3581,0.0,4.0,3.9223,4.9603,99.45,0,0.0,6556186722.0,6470754045.0,972253207.0,236265.29,436471.87,64.88,34028862.25,0,0,0,0,yfinance,yfinance,beacon_empirical_oracle,estimado,estimado_via_depeg,3.9223,4.0,6013418620.0
2022-06-13,Pre-Merge,1204.58,1151.9,0.956267,-0.043733,-4.3733,-0.182126,-0.188947,1.173399,1.037168,1.209245,1.060285,4.3581,3.9223,0.4358,9.9998,0.0012,0.0864,4.3581,0.0,4.0,3.9223,7.4611,99.45,0,0.0,6059700637.0,5983765530.0,727404475.0,196316.72,407548.92,67.49,25459156.63,0,0,0,0,yfinance,yfinance,beacon_empirical_oracle,estimado,estimado_via_depeg,3.9223,4.0,5020855492.0
2022-06-14,Pre-Merge,1211.66,1151.99,0.950754,-0.049246,-4.9246,0.00586,7.9e-05,1.250607,1.017987,1.265994,1.036902,4.3581,3.9223,0.4358,9.9998,0.0012,0.0876,4.3581,0.0,4.0,3.9223,7.86,99.45,0,0.0,5146394959.0,5079457341.0,710433008.0,177658.09,408672.24,69.7,24865155.28,0,0,0,0,yfinance,yfinance,beacon_empirical_oracle,estimado,estimado_via_depeg,3.9223,4.0,4739191219.0
2022-06-15,Pre-Merge,1233.21,1155.19,0.936734,-0.063266,-6.3266,0.017624,0.002772,1.330798,1.015209,1.316496,1.028862,4.3581,3.9223,0.4358,9.9998,0.0012,0.0888,4.3581,0.0,4.0,3.9223,6.0277,99.45,2,2.0,5150083485.0,5078431748.0,732344074.0,146622.03,447229.85,75.31,25632042.59,0,0,0,0,yfinance,yfinance,beacon_empirical_oracle,estimado,estimado_via_depeg,3.9223,4.0,4881295771.0
2022-06-16,Pre-Merge,1067.73,1006.15,0.942326,-0.057674,-5.7674,-0.144082,-0.138131,1.390666,1.091635,1.33928,1.099086,4.3581,3.9223,0.4358,9.9998,0.0012,0.0899,4.3581,0.0,4.0,3.9223,4.5485,99.45,0,0.0,5273903360.0,5189396973.0,646844126.0,163145.29,442667.16,73.07,22639544.41,0,0,0,0,yfinance,yfinance,beacon_empirical_oracle,estimado,estimado_via_depeg,3.9223,4.0,4394576092.0
2022-06-17,Pre-Merge,1086.52,1023.43,0.941934,-0.058066,-5.8066,0.017444,0.017026,1.539579,1.074668,1.485822,1.089692,4.3581,3.9223,0.4358,9.9998,0.0012,0.0911,4.3581,0.0,4.0,3.9223,4.4623,99.45,0,0.0,4569780460.0,4503151238.0,657329345.0,161954.74,443031.22,73.23,23006527.08,0,0,0,0,yfinance,yfinance,beacon_empirical_oracle,estimado,estimado_via_depeg,3.9223,4.0,4282944265.0
2022-06-18,Pre-Merge,993.64,931.39,0.937352,-0.062648,-6.2648,-0.089363,-0.094239,1.544216,1.070638,1.504686,1.082322,4.3581,3.9223,0.4358,9.9998,0.0012,0.0923,4.3581,0.0,4.0,3.9223,4.192,99.45,0,0.0,4688303994.0,4618150213.0,606090437.0,152126.48,457843.37,75.06,21213165.3,0,0,0,0,yfinance,yfinance,beacon_empirical_oracle,estimado,estimado_via_depeg,3.9223,4.0,3874088251.0
2022-06-19,Pre-Merge,1127.66,1056.49,0.936887,-0.063113,-6.3113,0.126525,0.126029,2.060304,1.191465,2.048889,1.203907,4.2512,3.8261,0.4251,9.9995,0.0012,0.0935,4.2512,0.0,3.9,3.8261,4.2027,99.45,0,0.0,4273604850.0,4203531633.0,704369119.0,154658.14,469970.85,75.24,24652919.17,0,0,0,0,yfinance,yfinance,beacon_empirical_oracle,estimado,estimado_via_depeg,3.8261,3.9,4520906774.0
2022-06-20,Pre-Merge,1127.64,1065.32,0.944734,-0.055266,-5.5266,-1.2e-05,0.008323,1.650505,1.189908,1.623721,1.206725,4.3581,3.9223,0.4358,9.9998,0.0012,0.0947,4.3581,0.0,4.0,3.9223,3.8738,99.45,0,0.0,4695024018.0,4626533265.0,683790937.0,169122.5,437268.67,72.11,23932682.8,0,0,0,0,yfinance,yfinance,beacon_empirical_oracle,estimado,estimado_via_depeg,3.9223,4.0,4367053109.0
2022-06-21,Pre-Merge,1124.82,1062.25,0.944373,-0.055627,-5.5627,-0.002502,-0.002886,1.646893,1.176202,1.622614,1.191902,4.3581,3.9223,0.4358,9.9998,0.0012,0.0959,4.3581,0.0,4.0,3.9223,4.2316,99.45,0,0.0,4815495582.0,4747966047.0,717628052.0,177043.25,460950.43,72.25,25116981.82,0,0,0,0,yfinance,yfinance,beacon_empirical_oracle,estimado,estimado_via_depeg,3.9223,4.0,4507593430.0
2022-06-22,Pre-Merge,1051.42,995.94,0.947233,-0.052767,-5.2767,-0.067484,-0.064456,1.672557,1.186807,1.658642,1.20083,4.3581,3.9223,0.4358,9.9998,0.0012,0.0971,4.3581,0.0,4.0,3.9223,3.9629,99.45,0,0.0,4796390172.0,4727146332.0,666861149.0,183234.28,451013.83,71.11,23340140.22,0,0,0,0,yfinance,yfinance,beacon_empirical_oracle,estimado,estimado_via_depeg,3.9223,4.0,4217562775.0
2022-06-23,Pre-Merge,1143.39,1090.67,0.953891,-0.046109,-4.6109,0.083851,0.090862,1.463754,1.239589,1.492409,1.261966,4.3581,3.9223,0.4358,9.9998,0.0012,0.0983,4.3581,0.0,4.0,3.9223,3.958,99.45,0,0.0,4624109086.0,4561504833.0,713329696.0,196894.19,426978.41,68.44,24966539.36,0,0,0,0,yfinance,yfinance,beacon_empirical_oracle,estimado,estimado_via_depeg,3.9223,4.0,4567417615.0
2022-06-24,Pre-Merge,1226.84,1177.94,0.960142,-0.039858,-3.9858,0.070451,0.076977,1.529219,1.27767,1.566791,1.305686,4.3581,3.9223,0.4358,9.9998,0.0012,0.0995,4.3581,0.0,4.0,3.9223,4.127,99.45,0,0.0,4914782963.0,4846220000.0,764756556.0,212314.63,411040.13,65.94,26766479.46,0,0,0,0,yfinance,yfinance,beacon_empirical_oracle,estimado,estimado_via_depeg,3.9223,4.0,5021163436.0
2022-06-25,Pre-Merge,1243.45,1200.8,0.9657,-0.0343,-3.43,0.013442,0.01922,1.246923,1.26273,1.24414,1.293322,4.3581,3.9223,0.4358,9.9998,0.0012,0.1007,4.3581,0.0,4.0,3.9223,3.6949,99.45,0,0.0,5247660857.0,5172969634.0,769238358.0,224439.81,394192.51,63.72,26923342.53,0,0,0,0,yfinance,yfinance,beacon_empirical_oracle,estimado,estimado_via_depeg,3.9223,4.0,5081069509.0
2022-06-26,Pre-Merge,1199.83,1157.18,0.964453,-0.035547,-3.5547,-0.035706,-0.037008,1.030619,1.260197,1.07421,1.289099,4.3581,3.9223,0.4358,9.9998,0.0012,0.1019,4.3581,0.0,4.0,3.9223,3.6652,99.45,0,0.0,5336156445.0,5257068984.0,751164290.0,224003.89,402055.05,64.22,26290750.15,0,0,0,0,yfinance,yfinance,beacon_empirical_oracle,estimado,estimado_via_depeg,3.9223,4.0,5004523357.0
2022-06-27,Pre-Merge,1193.68,1151.0,0.964245,-0.035755,-3.5755,-0.00514,-0.005355,1.033965,1.255515,1.082346,1.271712,4.2512,3.8261,0.4251,9.9995,0.0012,0.103,4.2512,0.0,3.9,3.8261,3.5838,99.45,0,0.0,5172116610.0,5095596618.0,745493905.0,222958.69,401575.45,64.3,26092286.68,0,0,0,0,yfinance,yfinance,beacon_empirical_oracle,estimado,estimado_via_depeg,3.8261,3.9,4955876828.0
2022-06-28,Pre-Merge,1144.58,1097.7,0.959042,-0.040958,-4.0958,-0.042004,-0.047407,1.096152,1.249514,1.162032,1.274114,4.3581,3.9223,0.4358,9.9998,0.0012,0.1042,4.3581,0.0,4.0,3.9223,3.5892,99.45,0,0.0,5083594153.0,5008892380.0,713682181.0,209631.44,413900.5,66.38,24978876.34,0,0,0,0,yfinance,yfinance,beacon_empirical_oracle,estimado,estimado_via_depeg,3.9223,4.0,4732321593.0
2022-06-29,Pre-Merge,1098.94,1057.35,0.962154,-0.037846,-3.7846,-0.040687,-0.037454,1.005421,1.184445,1.077578,1.206154,4.3581,3.9223,0.4358,9.9998,0.0012,0.1054,4.3581,0.0,4.0,3.9223,3.6388,99.45,0,0.0,4935169566.0,4864519319.0,690849374.0,219147.63,409503.05,65.14,24179728.09,0,0,0,0,yfinance,yfinance,beacon_empirical_oracle,estimado,estimado_via_depeg,3.9223,4.0,4539445148.0
2022-06-30,Pre-Merge,1067.3,1028.61,0.96375,-0.03625,-3.625,-0.029219,-0.027557,0.781573,1.184601,0.840491,1.206175,4.3581,3.9223,0.4358,9.9998,0.0012,0.1066,4.3581,0.0,4.0,3.9223,3.5188,99.45,0,0.0,4712977381.0,4642023112.0,628458379.0,209034.69,379795.42,64.5,21996043.26,0,0,0,0,yfinance,yfinance,beacon_empirical_oracle,estimado,estimado_via_depeg,3.9223,4.0,4210439330.0
2022-07-01,Pre-Merge,1059.77,1021.74,0.964115,-0.035885,-3.5885,-0.007082,-0.006706,0.40857,1.175004,0.450141,1.197003,4.2512,3.8261,0.4251,9.9995,0.0012,0.1078,4.2512,0.0,3.9,3.8261,3.5512,99.45,0,0.0,4763831875.0,4690277643.0,652148213.0,219378.58,395989.11,64.35,22825187.46,0,0,0,0,yfinance,yfinance,beacon_empirical_oracle,estimado,estimado_via_depeg,3.8261,3.9,4359975792.0
2022-07-02,Pre-Merge,1066.51,1029.73,0.965514,-0.034486,-3.4486,0.006345,0.007793,0.374021,1.175148,0.393013,1.197962,4.3581,3.9223,0.4358,9.9998,0.0012,0.109,4.3581,0.0,4.0,3.9223,3.5482,99.45,0,0.0,4582057974.0,4511389437.0,663854746.0,225328.8,397126.45,63.8,23234916.11,0,0,0,0,yfinance,yfinance,beacon_empirical_oracle,estimado,estimado_via_depeg,3.9223,4.0,4380939233.0
2022-07-03,Pre-Merge,1073.77,1040.7,0.969202,-0.030798,-3.0798,0.006779,0.010596,0.403468,1.177024,0.430634,1.201124,4.2512,3.8261,0.4251,9.9995,0.0012,0.1101,4.2512,0.0,3.9,3.8261,3.4857,99.45,0,0.0,4581471448.0,4509949483.0,668008872.0,234413.09,387702.33,62.32,23380310.52,0,0,0,0,yfinance,yfinance,beacon_empirical_oracle,estimado,estimado_via_depeg,3.8261,3.9,4409746992.0
2022-07-04,Pre-Merge,1151.06,1117.43,0.970783,-0.029217,-2.9217,0.069509,0.07114,0.742093,1.210468,0.762739,1.235768,4.2512,3.8261,0.4251,9.9995,0.0012,0.1113,4.2512,0.0,3.9,3.8261,3.5961,99.45,0,0.0,4624675259.0,4552169505.0,711017698.0,236643.51,381063.38,61.69,24885619.43,0,0,0,0,yfinance,yfinance,beacon_empirical_oracle,estimado,estimado_via_depeg,3.8261,3.9,4680798883.0
2022-07-05,Pre-Merge,1134.54,1099.65,0.969247,-0.030753,-3.0753,-0.014454,-0.016044,0.683296,1.208932,0.684321,1.233963,4.2512,3.8261,0.4251,9.9995,0.0012,0.1125,4.2512,0.0,3.9,3.8261,3.584,99.45,0,0.0,4984983055.0,4906230442.0,720589526.0,239447.05,395691.01,62.3,25220633.41,0,0,0,0,yfinance,yfinance,beacon_empirical_oracle,estimado,estimado_via_depeg,3.8261,3.9,4713828842.0
2022-07-06,Pre-Merge,1186.97,1154.85,0.97294,-0.02706,-2.706,0.045179,0.048978,0.662893,1.217472,0.679196,1.246035,4.2512,3.8261,0.4251,9.9995,0.0012,0.1136,4.2512,0.0,3.9,3.8261,3.4854,99.45,0,0.0,4974559493.0,4897201607.0,757150917.0,249859.74,388025.73,60.83,26500282.1,0,0,0,0,yfinance,yfinance,beacon_empirical_oracle,estimado,estimado_via_depeg,3.8261,3.9,4837109739.0
2022-07-07,Pre-Merge,1237.59,1206.63,0.974984,-0.025016,-2.5016,0.041761,0.043859,0.595597,1.232762,0.615084,1.26248,4.3581,3.9223,0.4358,9.9998,0.0012,0.1148,4.3581,0.0,4.0,3.9223,3.5064,99.45,0,0.0,5133736448.0,5052894486.0,746576652.0,241239.83,362010.56,60.01,26130182.82,0,0,0,0,yfinance,yfinance,beacon_empirical_oracle,estimado,estimado_via_depeg,3.9223,4.0,5106471304.0
2022-07-08,Pre-Merge,1222.51,1187.25,0.971158,-0.028842,-2.8842,-0.012266,-0.01619,0.611508,1.232753,0.645807,1.262427,4.3581,3.9223,0.4358,9.9998,0.0012,0.116,4.3581,0.0,4.0,3.9223,3.5251,99.45,0,0.0,5344081527.0,5260061358.0,761697080.0,239628.88,383431.12,61.54,26659397.8,0,0,0,0,yfinance,yfinance,beacon_empirical_oracle,estimado,estimado_via_depeg,3.9223,4.0,5099925900.0
2022-07-09,Pre-Merge,1216.98,1182.88,0.97198,-0.02802,-2.802,-0.004532,-0.003682,0.631444,1.232517,0.665581,1.262604,4.3581,3.9223,0.4358,9.9998,0.0012,0.1172,4.3581,0.0,4.0,3.9223,3.4551,99.45,0,0.0,5250407031.0,5165865902.0,769195280.0,245173.17,386879.35,61.21,26921834.8,0,0,0,0,yfinance,yfinance,beacon_empirical_oracle,estimado,estimado_via_depeg,3.9223,4.0,5033724248.0
2022-07-10,Pre-Merge,1168.4,1135.29,0.971662,-0.028338,-2.8338,-0.040734,-0.041071,0.765661,1.218211,0.800064,1.231059,4.3581,3.9223,0.4358,9.9998,0.0012,0.1184,4.3581,0.0,4.0,3.9223,3.4198,99.45,0,0.0,5250360556.0,5167578774.0,741990094.0,245509.56,389538.45,61.34,25969653.29,0,0,0,0,yfinance,yfinance,beacon_empirical_oracle,estimado,estimado_via_depeg,3.9223,4.0,4808943414.0
2022-07-11,Pre-Merge,1097.24,1065.78,0.971328,-0.028672,-2.8672,-0.062842,-0.063174,0.758039,1.203973,0.788237,1.228155,4.3581,3.9223,0.4358,9.9998,0.0012,0.1196,4.3581,0.0,4.0,3.9223,3.4056,99.45,0,0.0,5061484195.0,4980936372.0,698320120.0,245217.77,391215.58,61.47,24441204.2,0,0,0,0,yfinance,yfinance,beacon_empirical_oracle,estimado,estimado_via_depeg,3.9223,4.0,4591925326.0
2022-07-12,Pre-Merge,1038.19,997.49,0.960797,-0.039203,-3.9203,-0.055314,-0.066226,0.836376,1.20328,0.899613,1.233758,4.3581,3.9223,0.4358,9.9998,0.0012,0.1208,4.3581,0.0,4.0,3.9223,4.1789,99.45,0,0.0,4746412145.0,4671514105.0,659005545.0,217850.97,416912.94,65.68,23065194.08,0,0,0,0,yfinance,yfinance,beacon_empirical_oracle,estimado,estimado_via_depeg,3.9223,4.0,4263669067.0
2022-07-13,Pre-Merge,1113.59,1073.39,0.963901,-0.036099,-3.6099,0.070106,0.07334,0.952572,1.065633,1.013267,1.088537,4.2512,3.8261,0.4251,9.9995,0.0012,0.122,4.2512,0.0,3.9,3.8261,3.9278,99.45,0,0.0,4517909382.0,4443660314.0,696560618.0,222431.02,403078.03,64.44,24379621.63,0,0,0,0,yfinance,yfinance,beacon_empirical_oracle,estimado,estimado_via_depeg,3.8261,3.9,4443090874.0
2022-07-14,Pre-Merge,1191.53,1151.89,0.966732,-0.033268,-3.3268,0.067649,0.070582,1.05004,1.093257,1.113782,1.117902,4.2512,3.8261,0.4251,9.9995,0.0012,0.1231,4.2512,0.0,3.9,3.8261,3.1406,99.45,0,0.0,4813719763.0,4734544614.0,764540399.0,235419.9,406226.05,63.31,26758913.97,0,0,0,0,yfinance,yfinance,beacon_empirical_oracle,estimado,estimado_via_depeg,3.8261,3.9,4842711111.0
2022-07-15,Pre-Merge,1233.13,1194.77,0.968892,-0.031108,-3.1108,0.03432,0.036545,1.084869,1.098292,1.150737,1.125141,4.2512,3.8261,0.4251,9.9995,0.0012,0.1243,4.2512,0.0,3.9,3.8261,3.2304,99.45,0,0.0,5145157261.0,5057423071.0,809259722.0,246493.03,409771.7,62.44,28324090.27,0,0,0,0,yfinance,yfinance,beacon_empirical_oracle,estimado,estimado_via_depeg,3.8261,3.9,5139344218.0
2022-07-16,Pre-Merge,1352.63,1316.74,0.973467,-0.026533,-2.6533,0.092493,0.097207,1.2648,1.014478,1.341145,1.055858,4.3581,3.9223,0.4358,9.9998,0.0012,0.1255,4.3581,0.0,4.0,3.9223,3.1255,99.45,0,0.0,5287333312.0,5198758392.0,877001557.0,255392.02,392975.64,60.61,30695054.5,0,0,0,0,yfinance,yfinance,beacon_empirical_oracle,estimado,estimado_via_depeg,3.9223,4.0,5555425744.0
2022-07-17,Pre-Merge,1338.64,1306.27,0.975819,-0.024181,-2.4181,-0.010397,-0.007982,1.200681,1.015823,1.276229,1.057058,4.2512,3.8261,0.4251,9.9995,0.0012,0.1266,4.2512,0.0,3.9,3.8261,3.113,99.45,0,0.0,5897920265.0,5800398898.0,907949726.0,273543.39,404719.42,59.67,31778240.41,0,0,0,0,yfinance,yfinance,beacon_empirical_oracle,estimado,estimado_via_depeg,3.8261,3.9,5625899824.0
2022-07-18,Pre-Merge,1578.72,1539.23,0.974986,-0.025014,-2.5014,0.164962,0.164105,1.366489,1.096459,1.421665,1.124122,4.2512,3.8261,0.4251,9.9995,0.0012,0.1278,4.2512,0.0,3.9,3.8261,3.1247,99.45,0,0.0,5848335028.0,5753443236.0,1073043443.0,271876.82,407815.23,60.0,37556520.51,0,0,0,0,yfinance,yfinance,beacon_empirical_oracle,estimado,estimado_via_depeg,3.8261,3.9,6263863454.0
2022-07-19,Pre-Merge,1542.98,1508.95,0.977945,-0.022055,-2.2055,-0.022901,-0.019872,1.224322,1.027628,1.209767,1.058904,4.2512,3.8261,0.4251,9.9995,0.0012,0.129,4.2512,0.0,3.9,3.8261,2.998,99.45,0,0.0,6818774574.0,6708494572.0,1092290296.0,291517.16,416392.4,58.82,38230160.36,0,0,0,0,yfinance,yfinance,beacon_empirical_oracle,estimado,estimado_via_depeg,3.8261,3.9,6518463985.0
2022-07-20,Pre-Merge,1520.2,1487.75,0.978654,-0.021346,-2.1346,-0.01487,-0.014143,1.317535,1.030834,1.308196,1.062747,4.2512,3.8261,0.4251,9.9995,0.0012,0.1301,4.2512,0.0,3.9,3.8261,7.9643,99.45,0,0.0,6678884086.0,6567650880.0,1052208431.0,286965.94,405185.38,58.54,36827295.08,0,0,0,0,yfinance,yfinance,beacon_empirical_oracle,estimado,estimado_via_depeg,3.8261,3.9,6472259510.0
2022-07-21,Pre-Merge,1576.75,1523.66,0.966329,-0.033671,-3.3671,0.036523,0.023845,1.303311,1.03388,1.299656,1.062399,4.2512,3.8261,0.4251,9.9995,0.0012,0.1313,4.2512,0.0,3.9,3.8261,7.9163,99.45,0,0.0,6612586502.0,6497456919.0,1084394456.0,251231.52,436508.74,63.47,37953805.96,0,0,0,0,yfinance,yfinance,beacon_empirical_oracle,estimado,estimado_via_depeg,3.8261,3.9,6607042649.0
2022-07-22,Pre-Merge,1537.41,1495.6,0.972805,-0.027195,-2.7195,-0.025269,-0.018587,1.387476,1.003452,1.367658,1.032465,4.2512,3.8261,0.4251,9.9995,0.0012,0.1325,4.2512,0.0,3.9,3.8261,6.9718,99.45,0,0.0,6765439728.0,6645748565.0,1171515730.0,298096.77,463909.29,60.88,41003050.55,0,0,0,0,yfinance,yfinance,beacon_empirical_oracle,estimado,estimado_via_depeg,3.8261,3.9,6416905210.0
2022-07-23,Pre-Merge,1549.3,1522.93,0.982979,-0.017021,-1.7021,0.007706,0.018112,1.292596,0.970058,1.252988,0.994385,4.2512,3.8261,0.4251,9.9995,0.0012,0.1336,4.2512,0.0,3.9,3.8261,7.0766,99.45,0,0.0,6951636984.0,6836885848.0,1174120095.0,327310.7,430528.38,56.81,41094203.33,0,0,0,0,yfinance,yfinance,beacon_empirical_oracle,estimado,estimado_via_depeg,3.8261,3.9,6353671405.0
2022-07-24,Pre-Merge,1599.48,1571.57,0.982551,-0.017449,-1.7449,0.031875,0.031438,1.269159,0.948968,1.23006,0.968787,4.2512,3.8261,0.4251,9.9995,0.0012,0.1348,4.2512,0.0,3.9,3.8261,7.1259,99.45,0,0.0,6809638843.0,6695880551.0,1235720629.0,332362.4,440214.08,56.98,43250222.02,0,0,0,0,yfinance,yfinance,beacon_empirical_oracle,estimado,estimado_via_depeg,3.8261,3.9,6761689534.0
2022-07-25,Pre-Merge,1445.38,1415.89,0.979597,-0.020403,-2.0403,-0.101302,-0.104316,0.887343,1.023445,0.879335,1.046109,4.2512,3.8261,0.4251,9.9995,0.0012,0.136,4.2512,0.0,3.9,3.8261,7.1178,99.45,0,0.0,6815380955.0,6694784258.0,1139639876.0,329896.17,458574.6,58.16,39887395.66,0,0,0,0,yfinance,yfinance,beacon_empirical_oracle,estimado,estimado_via_depeg,3.8261,3.9,6240665157.0
2022-07-26,Pre-Merge,1441.81,1416.86,0.982695,-0.017305,-1.7305,-0.002478,0.000687,0.885181,1.013317,0.880573,1.035038,4.3581,3.9223,0.4358,9.9998,0.0012,0.1372,4.3581,0.0,4.0,3.9223,6.9723,99.45,0,0.0,6333162243.0,6216767798.0,1064612078.0,318096.62,420289.22,56.92,37261422.73,0,0,0,0,yfinance,yfinance,beacon_empirical_oracle,estimado,estimado_via_depeg,3.9223,4.0,5865846166.0
2022-07-27,Pre-Merge,1636.23,1603.9,0.980241,-0.019759,-1.9759,0.126499,0.123992,1.317765,1.095592,1.297629,1.111508,4.2512,3.8261,0.4251,9.9995,0.0012,0.1383,4.2512,0.0,3.9,3.8261,7.5073,99.45,0,0.0,6270641475.0,6161696380.0,1303037411.0,335269.95,461095.73,57.9,45606309.39,0,0,0,0,yfinance,yfinance,beacon_empirical_oracle,estimado,estimado_via_depeg,3.8261,3.9,6777984956.0
2022-07-28,Pre-Merge,1725.47,1684.33,0.976157,-0.023843,-2.3843,0.053102,0.04893,1.342875,1.088414,1.325388,1.098445,4.3581,3.9223,0.4358,9.9998,0.0012,0.1395,4.3581,0.0,4.0,3.9223,8.2143,99.45,0,0.0,7036221468.0,6915553350.0,1397432120.0,327679.44,482205.48,59.54,48910124.2,0,0,0,0,yfinance,yfinance,beacon_empirical_oracle,estimado,estimado_via_depeg,3.9223,4.0,7232897604.0
2022-07-29,Pre-Merge,1727.41,1681.37,0.973347,-0.026653,-2.6653,0.001123,-0.001761,1.310399,1.07177,1.305391,1.084254,4.2512,3.8261,0.4251,9.9995,0.0012,0.1407,4.2512,0.0,3.9,3.8261,8.6084,99.45,0,0.0,7514351432.0,7383859695.0,1396795533.0,318105.93,490500.91,60.66,48887843.66,0,0,0,0,yfinance,yfinance,beacon_empirical_oracle,estimado,estimado_via_depeg,3.8261,3.9,7174806109.0
2022-07-30,Pre-Merge,1695.97,1653.05,0.974693,-0.025307,-2.5307,-0.018367,-0.016987,1.334523,1.066782,1.32754,1.079593,4.2512,3.8261,0.4251,9.9995,0.0012,0.1418,4.2512,0.0,3.9,3.8261,8.4072,99.45,0,0.0,7519984075.0,7390675278.0,1367771996.0,321625.66,484857.94,60.12,47872019.86,0,0,0,0,yfinance,yfinance,beacon_empirical_oracle,estimado,estimado_via_depeg,3.8261,3.9,6977484593.0
2022-07-31,Pre-Merge,1681.52,1640.54,0.975629,-0.024371,-2.4371,-0.008558,-0.007595,1.331525,1.067187,1.322167,1.079831,4.2512,3.8261,0.4251,9.9995,0.0012,0.143,4.2512,0.0,3.9,3.8261,8.0612,99.45,0,0.0,7421914302.0,7287852644.0,1352283481.0,323691.72,480511.31,59.75,47329921.84,0,0,0,0,yfinance,yfinance,beacon_empirical_oracle,estimado,estimado_via_depeg,3.8261,3.9,7014586564.0
2022-08-01,Pre-Merge,1635.2,1595.32,0.975612,-0.024388,-2.4388,-0.027934,-0.02795,1.041915,1.077492,1.012906,1.090307,4.2512,3.8261,0.4251,9.9995,0.0012,0.1442,4.2512,0.0,3.9,3.8261,7.8974,99.45,0,0.0,7332208984.0,7199082637.0,1319305661.0,324743.47,482072.61,59.75,46175698.14,0,0,0,0,yfinance,yfinance,beacon_empirical_oracle,estimado,estimado_via_depeg,3.8261,3.9,6724669519.0
2022-08-02,Pre-Merge,1632.95,1594.17,0.976252,-0.023748,-2.3748,-0.001377,-0.000719,1.040653,1.078578,1.014338,1.091542,4.2512,3.8261,0.4251,9.9995,0.0012,0.1453,4.2512,0.0,3.9,3.8261,8.5625,99.45,0,0.0,7166254107.0,7035706202.0,1326583772.0,329015.85,483368.96,59.5,46430432.02,0,0,0,0,yfinance,yfinance,beacon_empirical_oracle,estimado,estimado_via_depeg,3.8261,3.9,6890613466.0
2022-08-03,Pre-Merge,1618.87,1577.04,0.974161,-0.025839,-2.5839,-0.008654,-0.010806,0.497739,1.062258,0.468055,1.075055,4.2512,3.8261,0.4251,9.9995,0.0012,0.1465,4.2512,0.0,3.9,3.8261,9.3454,99.45,0,0.0,6967295709.0,6846938034.0,1318764915.0,323078.55,491542.09,60.34,46156772.03,0,0,0,0,yfinance,yfinance,beacon_empirical_oracle,estimado,estimado_via_depeg,3.8261,3.9,6776873887.0
2022-08-04,Pre-Merge,1608.21,1564.43,0.972777,-0.027223,-2.7223,-0.006612,-0.008031,0.191853,1.060209,0.180105,1.072833,4.2512,3.8261,0.4251,9.9995,0.0012,0.1477,4.2512,0.0,3.9,3.8261,8.7483,99.45,0,0.0,7164465654.0,7039653229.0,1298168163.0,315701.04,491512.05,60.89,45435885.71,0,0,0,0,yfinance,yfinance,beacon_empirical_oracle,estimado,estimado_via_depeg,3.8261,3.9,6713444566.0
2022-08-05,Pre-Merge,1732.25,1679.93,0.969797,-0.030203,-3.0203,0.074305,0.071233,0.644655,1.076551,0.623152,1.085289,4.2512,3.8261,0.4251,9.9995,0.0012,0.1488,4.2512,0.0,3.9,3.8261,8.9101,99.45,0,0.0,7042199984.0,6908542490.0,1390282741.0,304341.3,498246.52,62.08,48659895.94,0,0,0,0,yfinance,yfinance,beacon_empirical_oracle,estimado,estimado_via_depeg,3.8261,3.9,6908542490.0
2022-08-06,Pre-Merge,1691.66,1630.95,0.964112,-0.035888,-3.5888,-0.023715,-0.029591,0.655197,1.078452,0.649973,1.088806,4.2512,3.8261,0.4251,9.9995,0.0012,0.15,4.2512,0.0,3.9,3.8261,9.3807,99.45,0,0.0,7597604210.0,7458717544.0,1391287099.0,293117.25,529321.72,64.36,48695048.46,0,0,0,0,yfinance,yfinance,beacon_empirical_oracle,estimado,estimado_via_depeg,3.8261,3.9,7458717544.0
2022-08-07,Pre-Merge,1699.35,1637.93,0.963857,-0.036143,-3.6143,0.004537,0.004272,0.65205,1.075593,0.649322,1.084933,4.2512,3.8261,0.4251,9.9995,0.0012,0.1512,4.2512,0.0,3.9,3.8261,8.7445,99.45,0,0.0,7353034058.0,7217877591.0,1371327986.0,286797.87,520174.2,64.46,47996479.51,0,0,0,0,yfinance,yfinance,beacon_empirical_oracle,estimado,estimado_via_depeg,3.8261,3.9,7217877591.0
2022-08-08,Pre-Merge,1775.52,1714.87,0.965841,-0.034159,-3.4159,0.043845,0.045901,0.660838,1.08004,0.675952,1.090416,4.2512,3.8261,0.4251,9.9995,0.0012,0.1523,4.2512,0.0,3.9,3.8261,8.3366,99.45,0,0.0,7462437135.0,7322777958.0,1421992277.0,291042.62,509845.16,63.66,49769729.7,0,0,0,0,yfinance,yfinance,beacon_empirical_oracle,estimado,estimado_via_depeg,3.8261,3.9,7304205552.0
2022-08-09,Pre-Merge,1703.03,1641.62,0.963941,-0.036059,-3.6059,-0.041685,-0.043649,0.765413,1.080635,0.781463,1.092043,4.2512,3.8261,0.4251,9.9995,0.0012,0.1535,4.2512,0.0,3.9,3.8261,8.4378,99.45,0,0.0,7778249085.0,7634132299.0,1335962665.0,279111.65,505350.55,64.42,46758693.28,0,0,0,0,yfinance,yfinance,beacon_empirical_oracle,estimado,estimado_via_depeg,3.8261,3.9,6995633859.0
2022-08-10,Pre-Merge,1851.74,1785.73,0.964352,-0.035648,-3.5648,0.083721,0.084144,0.930629,1.07282,0.952651,1.084779,4.2512,3.8261,0.4251,9.9995,0.0012,0.1547,4.2512,0.0,3.9,3.8261,8.8788,99.45,0,0.0,7320949328.0,7183086972.0,1456330412.0,281082.92,505383.0,64.26,50971564.42,0,0,0,0,yfinance,yfinance,beacon_empirical_oracle,estimado,estimado_via_depeg,3.8261,3.9,7634852552.0
2022-08-11,Pre-Merge,1881.22,1824.74,0.969977,-0.030023,-3.0023,0.015796,0.021609,0.906578,1.040301,0.927559,1.042184,4.2512,3.8261,0.4251,9.9995,0.0012,0.1558,4.2512,0.0,3.9,3.8261,8.6162,99.45,0,0.0,8216727289.0,8061746286.0,1504688490.0,303861.94,495985.23,62.01,52664097.15,0,0,0,0,yfinance,yfinance,beacon_empirical_oracle,estimado,estimado_via_depeg,3.8261,3.9,7843828625.0
2022-08-12,Pre-Merge,1957.25,1898.73,0.970101,-0.029899,-2.9899,0.039616,0.039747,0.815823,1.027101,0.850535,1.027075,4.2512,3.8261,0.4251,9.9995,0.0012,0.157,4.2512,0.0,3.9,3.8261,9.1309,99.45,0,0.0,8281475110.0,8123461672.0,1452249281.0,282250.93,459733.63,61.96,50828724.84,0,0,0,0,yfinance,yfinance,beacon_empirical_oracle,estimado,estimado_via_depeg,3.8261,3.9,8011739284.0
2022-08-13,Pre-Merge,1981.34,1931.25,0.974719,-0.025281,-2.5281,0.012233,0.016981,0.743593,1.012006,0.754804,1.010078,4.2512,3.8261,0.4251,9.9995,0.0012,0.1581,4.2512,0.0,3.9,3.8261,9.2253,99.45,0,0.0,8575456826.0,8394396805.0,1488724177.0,299722.45,451649.95,60.11,52105346.2,0,0,0,0,yfinance,yfinance,beacon_empirical_oracle,estimado,estimado_via_depeg,3.8261,3.9,8303910199.0
2022-08-14,Pre-Merge,1936.8,1887.38,0.974484,-0.025516,-2.5516,-0.022733,-0.022978,0.807202,1.019223,0.821178,1.017063,4.2512,3.8261,0.4251,9.9995,0.0012,0.1593,4.2512,0.0,3.9,3.8261,8.9862,99.45,0,0.0,8743865696.0,8561384060.0,1463000065.0,300561.61,454808.11,60.21,51205002.28,0,0,0,0,yfinance,yfinance,beacon_empirical_oracle,estimado,estimado_via_depeg,3.8261,3.9,8098077400.0
2022-08-15,Pre-Merge,1904.23,1849.76,0.971395,-0.028605,-2.8605,-0.016961,-0.020134,0.811314,0.985495,0.834043,0.97971,4.2512,3.8261,0.4251,9.9995,0.0012,0.1605,4.2512,0.0,3.9,3.8261,8.8491,99.45,0,0.0,8574273209.0,8396821130.0,1432369124.0,290049.8,462154.04,61.44,50132919.34,0,0,0,0,yfinance,yfinance,beacon_empirical_oracle,estimado,estimado_via_depeg,3.8261,3.9,7960091878.0
2022-08-16,Pre-Merge,1878.14,1825.47,0.971956,-0.028044,-2.8044,-0.013795,-0.013214,0.723474,0.986511,0.73637,0.981177,4.2512,3.8261,0.4251,9.9995,0.0012,0.1616,4.2512,0.0,3.9,3.8261,8.581,99.45,0,0.0,8332835790.0,8160719407.0,1438821155.0,297089.06,468999.28,61.22,50358740.42,0,0,0,0,yfinance,yfinance,beacon_empirical_oracle,estimado,estimado_via_depeg,3.8261,3.9,7812960907.0
2022-08-17,Pre-Merge,1833.0,1783.44,0.972962,-0.027038,-2.7038,-0.024328,-0.023297,0.464086,0.822742,0.492402,0.817603,4.2512,3.8261,0.4251,9.9995,0.0012,0.1628,4.2512,0.0,3.9,3.8261,8.5966,99.45,0,0.0,8346242557.0,8158193287.0,1409801309.0,301342.15,467780.23,60.82,49343045.82,0,0,0,0,yfinance,yfinance,beacon_empirical_oracle,estimado,estimado_via_depeg,3.8261,3.9,7684345027.0
2022-08-18,Pre-Merge,1847.01,1797.95,0.973438,-0.026562,-2.6562,0.007613,0.008104,0.449105,0.816589,0.464932,0.81274,4.2512,3.8261,0.4251,9.9995,0.0012,0.164,4.2512,0.0,3.9,3.8261,8.1471,99.45,0,0.0,8124104533.0,7946287262.0,1435261984.0,306011.43,471061.78,60.62,50234169.44,0,0,0,0,yfinance,yfinance,beacon_empirical_oracle,estimado,estimado_via_depeg,3.8261,3.9,7788872430.0
2022-08-19,Pre-Merge,1612.99,1567.68,0.971909,-0.028091,-2.8091,-0.135479,-0.13705,0.948944,0.952443,0.972406,0.951927,4.2512,3.8261,0.4251,9.9995,0.0012,0.1651,4.2512,0.0,3.9,3.8261,7.7133,99.45,0,0.0,8026214614.0,7856514657.0,1266322959.0,304296.23,480781.77,61.24,44321303.57,0,0,0,0,yfinance,yfinance,beacon_empirical_oracle,estimado,estimado_via_depeg,3.8261,3.9,6860332450.0
2022-08-20,Pre-Merge,1577.0,1533.14,0.972188,-0.027812,-2.7812,-0.022561,-0.02228,0.89154,0.947754,0.902272,0.952045,4.2512,3.8261,0.4251,9.9995,0.0012,0.1663,4.2512,0.0,3.9,3.8261,7.7957,99.45,0,0.0,7177379844.0,7015854373.0,1223378177.0,301539.06,474223.89,61.13,42818236.2,0,0,0,0,yfinance,yfinance,beacon_empirical_oracle,estimado,estimado_via_depeg,3.8261,3.9,6583547617.0
2022-08-21,Pre-Merge,1619.32,1573.74,0.971852,-0.028148,-2.8148,0.026479,0.026139,0.990071,0.947573,0.999824,0.953713,4.2512,3.8261,0.4251,9.9995,0.0012,0.1675,4.2512,0.0,3.9,3.8261,8.5102,99.45,0,0.0,6953288173.0,6796982708.0,1262602811.0,302060.33,477651.41,61.26,44191098.39,0,0,0,0,yfinance,yfinance,beacon_empirical_oracle,estimado,estimado_via_depeg,3.8261,3.9,6683229695.0
2022-08-22,Pre-Merge,1622.51,1581.65,0.974817,-0.025183,-2.5183,0.001966,0.005012,1.009336,0.947329,1.024914,0.951968,4.2512,3.8261,0.4251,9.9995,0.0012,0.1686,4.2512,0.0,3.9,3.8261,8.2441,99.45,0,0.0,7107710810.0,6946586041.0,1256857293.0,309312.8,465324.82,60.07,43990005.26,0,0,0,0,yfinance,yfinance,beacon_empirical_oracle,estimado,estimado_via_depeg,3.8261,3.9,6580044165.0
2022-08-23,Pre-Merge,1662.77,1616.0,0.971872,-0.028128,-2.8128,0.024513,0.021483,1.066577,0.944707,1.073252,0.948624,4.2512,3.8261,0.4251,9.9995,0.0012,0.1698,4.2512,0.0,3.9,3.8261,8.1004,99.45,0,0.0,7136494471.0,6979463981.0,1305574774.0,304257.49,480923.13,61.25,45695117.09,0,0,0,0,yfinance,yfinance,beacon_empirical_oracle,estimado,estimado_via_depeg,3.8261,3.9,6909594160.0
2022-08-24,Pre-Merge,1657.06,1618.97,0.977014,-0.022986,-2.2986,-0.00344,0.001837,1.068985,0.869629,1.080193,0.869343,4.2512,3.8261,0.4251,9.9995,0.0012,0.171,4.2512,0.0,3.9,3.8261,8.2453,99.45,0,0.0,7221021240.0,7063522970.0,1311965526.0,323031.11,468711.81,59.2,45918793.41,0,0,0,0,yfinance,yfinance,beacon_empirical_oracle,estimado,estimado_via_depeg,3.8261,3.9,6948100964.0
2022-08-25,Pre-Merge,1696.46,1652.9,0.974323,-0.025677,-2.5677,0.023498,0.020742,1.094741,0.871702,1.099482,0.871058,4.2512,3.8261,0.4251,9.9995,0.0012,0.1721,4.2512,0.0,3.9,3.8261,7.6418,99.45,0,0.0,7355750573.0,7194254012.0,1337633594.0,313265.17,475220.03,60.27,46817175.79,0,0,0,0,yfinance,yfinance,beacon_empirical_oracle,estimado,estimado_via_depeg,3.8261,3.9,7123541693.0
2022-08-26,Pre-Merge,1507.78,1465.26,0.9718,-0.0282,-2.82,-0.117902,-0.120501,0.975096,0.861227,0.985595,0.868637,4.1442,3.7298,0.4144,9.9995,0.0011,0.1733,4.1442,0.0,3.8,3.7298,7.5652,99.45,0,0.0,7412282386.0,7247639088.0,1217220838.0,312584.0,494709.39,61.28,42602729.33,0,0,0,0,yfinance,yfinance,beacon_empirical_oracle,estimado,estimado_via_depeg,3.7298,3.8,6488054486.0
2022-08-27,Pre-Merge,1491.4,1447.4,0.970498,-0.029502,-2.9502,-0.010928,-0.012258,0.969317,0.837622,0.980427,0.848573,4.2512,3.8261,0.4251,9.9995,0.0012,0.1744,4.2512,0.0,3.9,3.8261,7.4097,99.45,0,0.0,6656172160.0,6505944213.0,1165045413.0,298409.11,482766.57,61.8,40776589.46,0,0,0,0,yfinance,yfinance,beacon_empirical_oracle,estimado,estimado_via_depeg,3.8261,3.9,6177416420.0
2022-08-28,Pre-Merge,1430.55,1386.72,0.969361,-0.030639,-3.0639,-0.041655,-0.042834,0.946591,0.847014,0.959665,0.858602,4.2512,3.8261,0.4251,9.9995,0.0012,0.1756,4.2512,0.0,3.9,3.8261,7.3946,99.45,0,0.0,6602312335.0,6452061027.0,1149749400.0,303320.7,500390.74,62.26,40241229.0,0,0,0,0,yfinance,yfinance,beacon_empirical_oracle,estimado,estimado_via_depeg,3.8261,3.9,6114311812.0
2022-08-29,Pre-Merge,1553.04,1512.57,0.973941,-0.026059,-2.6059,0.082155,0.086874,1.193008,0.899891,1.224874,0.916962,4.2512,3.8261,0.4251,9.9995,0.0012,0.1767,4.2512,0.0,3.9,3.8261,7.6751,99.45,0,0.0,6321823604.0,6190625016.0,1211244995.0,308691.84,471226.9,60.42,42393574.83,0,0,0,0,yfinance,yfinance,beacon_empirical_oracle,estimado,estimado_via_depeg,3.8261,3.9,6443174944.0
2022-08-30,Pre-Merge,1523.84,1482.17,0.972655,-0.027345,-2.7345,-0.01898,-0.020306,1.165809,0.901443,1.20404,0.91884,4.2512,3.8261,0.4251,9.9995,0.0012,0.1779,4.2512,0.0,3.9,3.8261,7.7228,99.45,0,0.0,6800958642.0,6659513028.0,1209108807.0,309926.17,483535.61,60.94,42318808.25,0,0,0,0,yfinance,yfinance,beacon_empirical_oracle,estimado,estimado_via_depeg,3.8261,3.9,6427031104.0
2022-08-31,Pre-Merge,1553.68,1510.69,0.97233,-0.02767,-2.767,0.019397,0.019059,1.188014,0.900269,1.222662,0.917652,4.2512,3.8261,0.4251,9.9995,0.0012,0.1791,4.2512,0.0,3.9,3.8261,8.0757,99.45,0,0.0,6826349841.0,6688298949.0,1227605559.0,307596.7,482530.97,61.07,42966194.57,0,0,0,0,yfinance,yfinance,beacon_empirical_oracle,estimado,estimado_via_depeg,3.8261,3.9,6576566695.0
2022-09-01,Pre-Merge,1586.18,1540.62,0.971277,-0.028723,-2.8723,0.020697,0.01962,1.183489,0.903657,1.220977,0.920695,4.2512,3.8261,0.4251,9.9995,0.0012,0.1802,4.2512,0.0,3.9,3.8261,8.4114,99.45,0,0.0,6788495389.0,6652296216.0,1222062661.0,296697.94,473745.94,61.49,42772193.14,0,0,0,0,yfinance,yfinance,beacon_empirical_oracle,estimado,estimado_via_depeg,3.8261,3.9,6612139651.0
2022-09-02,Pre-Merge,1577.22,1527.07,0.968204,-0.031796,-3.1796,-0.005662,-0.008831,0.760663,0.903397,0.800229,0.92046,4.2512,3.8261,0.4251,9.9995,0.0012,0.1814,4.2512,0.0,3.9,3.8261,8.8232,99.45,0,0.0,6956941901.0,6820863074.0,1154120306.0,272793.93,458949.45,62.72,40394210.71,0,0,0,0,yfinance,yfinance,beacon_empirical_oracle,estimado,estimado_via_depeg,3.8261,3.9,6580468626.0
2022-09-03,Pre-Merge,1556.87,1508.05,0.968642,-0.031358,-3.1358,-0.012985,-0.012539,0.763658,0.90418,0.800619,0.921023,4.2512,3.8261,0.4251,9.9995,0.0012,0.1826,4.2512,0.0,3.9,3.8261,8.6943,99.45,0,0.0,6964664592.0,6821189876.0,1137690265.0,273667.68,457087.14,62.55,39819159.28,0,0,0,0,yfinance,yfinance,beacon_empirical_oracle,estimado,estimado_via_depeg,3.8261,3.9,6469124569.0
2022-09-04,Pre-Merge,1577.64,1525.95,0.967236,-0.032764,-3.2764,0.013252,0.011801,0.648921,0.864312,0.687705,0.884793,4.2512,3.8261,0.4251,9.9995,0.0012,0.1837,4.2512,0.0,3.9,3.8261,8.4969,99.45,0,0.0,6890989681.0,6746659345.0,1142248515.0,267092.29,456931.26,63.11,39978698.03,0,0,0,0,yfinance,yfinance,beacon_empirical_oracle,estimado,estimado_via_depeg,3.8261,3.9,6542640230.0
2022-09-05,Pre-Merge,1617.18,1563.29,0.966677,-0.033323,-3.3323,0.024755,0.024174,0.341753,0.866306,0.345659,0.884487,4.2512,3.8261,0.4251,9.9995,0.0012,0.1849,4.2512,0.0,3.9,3.8261,8.4338,99.45,0,0.0,6960908357.0,6811352005.0,1169222239.0,265124.35,457876.33,63.33,40922778.36,0,0,0,0,yfinance,yfinance,beacon_empirical_oracle,estimado,estimado_via_depeg,3.8261,3.9,6643226253.0
2022-09-06,Pre-Merge,1561.75,1496.89,0.95847,-0.04153,-4.153,-0.03488,-0.043399,0.421757,0.873727,0.46645,0.896184,4.1442,3.7298,0.4144,9.9995,0.0011,0.186,4.1442,0.0,3.8,3.7298,8.6773,99.45,0,0.0,7307764880.0,7153406325.0,1050500464.0,224595.55,448047.61,66.61,36767516.24,0,0,0,0,yfinance,yfinance,beacon_empirical_oracle,estimado,estimado_via_depeg,3.7298,3.8,6520763538.0
2022-09-07,Pre-Merge,1629.91,1566.21,0.960918,-0.039082,-3.9082,0.042717,0.045269,0.501306,0.872977,0.55648,0.895752,3.8226,3.4403,0.3823,10.001,0.001,0.1871,3.8226,0.0,3.5,3.4403,9.2302,99.45,0,0.0,6779710272.0,6635529319.0,1085413176.0,228881.66,437052.76,65.63,37989461.16,0,0,0,0,yfinance,yfinance,beacon_empirical_oracle,estimado,estimado_via_depeg,3.4403,3.5,6763332373.0
2022-09-08,Pre-Merge,1635.35,1577.71,0.964754,-0.035246,-3.5246,0.003333,0.007318,0.487605,0.861824,0.543979,0.884225,4.1442,3.7298,0.4144,9.9995,0.0011,0.1882,4.1442,0.0,3.8,3.7298,8.371,99.45,0,0.0,7174881004.0,7024234667.0,1088790744.0,239016.65,426767.89,64.1,38107676.04,0,0,0,0,yfinance,yfinance,beacon_empirical_oracle,estimado,estimado_via_depeg,3.7298,3.8,6786851272.0
2022-09-09,Pre-Merge,1719.09,1667.03,0.969717,-0.030283,-3.0283,0.049937,0.055069,0.575449,0.827211,0.643225,0.854158,4.1442,3.7298,0.4144,9.9995,0.0011,0.1894,4.1442,0.0,3.8,3.7298,8.8524,99.45,0,0.0,7246058695.0,7088128363.0,1143088530.0,251945.07,412993.09,62.11,40008098.55,0,0,0,0,yfinance,yfinance,beacon_empirical_oracle,estimado,estimado_via_depeg,3.7298,3.8,7168583666.0
2022-09-10,Pre-Merge,1776.2,1726.47,0.972002,-0.027998,-2.7998,0.032686,0.035034,0.547157,0.833978,0.621821,0.860149,4.1442,3.7298,0.4144,9.9995,0.0011,0.1905,4.1442,0.0,3.8,3.7298,8.9108,99.45,0,0.0,7577008327.0,7417402231.0,1177018924.0,257112.57,405548.69,61.2,41195662.34,0,0,0,0,yfinance,yfinance,beacon_empirical_oracle,estimado,estimado_via_depeg,3.7298,3.8,7351359379.0
2022-09-11,Pre-Merge,1761.8,1715.56,0.973754,-0.026246,-2.6246,-0.008142,-0.006342,0.581174,0.820574,0.648405,0.847022,4.1442,3.7298,0.4144,9.9995,0.0011,0.1916,4.1442,0.0,3.8,3.7298,8.6182,99.45,0,0.0,7836801192.0,7675051919.0,1160589472.0,260207.08,398545.03,60.5,40620631.52,0,0,0,0,yfinance,yfinance,beacon_empirical_oracle,estimado,estimado_via_depeg,3.7298,3.8,7286655809.0
2022-09-12,Pre-Merge,1713.77,1668.01,0.973299,-0.026701,-2.6701,-0.027643,-0.028109,0.65089,0.822732,0.71807,0.84798,4.1442,3.7298,0.4144,9.9995,0.0011,0.1928,4.1442,0.0,3.8,3.7298,8.8198,99.45,0,0.0,7723269787.0,7562725461.0,1073185111.0,246226.96,379986.07,60.68,37561478.89,0,0,0,0,yfinance,yfinance,beacon_empirical_oracle,estimado,estimado_via_depeg,3.7298,3.8,7192081392.0
2022-09-13,Pre-Merge,1580.79,1532.43,0.969408,-0.030592,-3.0592,-0.080769,-0.084776,0.880041,0.862563,0.932743,0.890888,4.1442,3.7298,0.4144,9.9995,0.0011,0.1939,4.1442,0.0,3.8,3.7298,9.564,99.45,0,0.0,7600990361.0,7429915336.0,880313847.0,210278.73,346603.49,62.24,30810984.65,0,0,0,0,yfinance,yfinance,beacon_empirical_oracle,estimado,estimado_via_depeg,3.7298,3.8,6632054366.0
2022-09-14,Pre-Merge,1634.76,1588.06,0.971433,-0.028567,-2.8567,0.03357,0.035664,0.856284,0.872994,0.908754,0.901685,4.1442,3.7298,0.4144,9.9995,0.0011,0.195,4.1442,0.0,3.8,3.7298,9.7021,99.45,0,0.0,6962239660.0,6809530840.0,853111372.0,201332.53,320524.73,61.42,29858898.02,0,0,0,0,yfinance,yfinance,beacon_empirical_oracle,estimado,estimado_via_depeg,3.7298,3.8,6698034102.0
2022-09-15,Post-Merge_Pre-Shapella,1471.69,1454.52,0.988333,-0.011667,-1.1667,-0.105079,-0.087839,1.143548,0.939953,1.111835,0.946605,4.3581,3.9223,0.4358,9.9998,0.0012,0.1962,3.5736,0.7845,4.0,3.9223,9.6592,99.45,0,0.0,7241352891.0,7084421894.0,840415328.0,258859.05,312195.54,54.67,29414536.48,0,1,0,0,yfinance,yfinance,beacon_empirical_oracle,estimado,estimado_via_depeg,3.9223,4.0,6383348324.0
2022-09-16,Post-Merge_Pre-Shapella,1432.45,1416.32,0.98874,-0.01126,-1.126,-0.027029,-0.026616,1.003948,0.940586,0.959885,0.94737,5.9494,5.3545,0.5949,9.9993,0.0016,0.1979,4.8785,1.0709,5.5,5.3545,10.1934,99.45,0,0.0,6543087896.0,6394625252.0,919573362.0,292091.09,349867.35,54.5,32185067.67,0,1,0,0,yfinance,yfinance,beacon_empirical_oracle,estimado,estimado_via_depeg,5.3545,5.5,6152550787.0
2022-09-17,Post-Merge_Pre-Shapella,1469.74,1457.79,0.991869,-0.008131,-0.8131,0.025702,0.028863,0.980071,0.946516,0.93786,0.954464,5.2096,4.6887,0.5209,9.9988,0.0014,0.1993,4.2719,0.9377,4.8,4.6887,10.2846,99.45,0,0.0,6407712565.0,6259532679.0,980881503.0,312002.19,355382.18,53.25,34330852.61,0,1,0,0,yfinance,yfinance,beacon_empirical_oracle,estimado,estimado_via_depeg,4.6887,4.8,6248868873.0
2022-09-18,Post-Merge_Pre-Shapella,1335.33,1324.19,0.991657,-0.008343,-0.8343,-0.095909,-0.096122,1.077139,0.887458,1.051281,0.892967,4.9973,4.4976,0.4997,9.9994,0.0014,0.2007,4.0978,0.8995,4.6,4.4976,8.7424,99.45,0,0.0,6464727999.0,6312012539.0,996890288.0,348340.12,398209.64,53.34,34891160.08,0,1,0,0,yfinance,yfinance,beacon_empirical_oracle,estimado,estimado_via_depeg,4.4976,4.6,5723155462.0
2022-09-19,Post-Merge_Pre-Shapella,1377.54,1363.96,0.990142,-0.009858,-0.9858,0.031123,0.029587,1.194046,0.8948,1.158065,0.899099,5.7385,5.1647,0.5738,9.9991,0.0016,0.2022,4.7056,1.0329,5.3,5.1647,8.4948,99.45,0,0.0,5988159357.0,5845514789.0,1077261321.0,360197.57,421820.61,53.94,37704146.24,0,1,0,0,yfinance,yfinance,beacon_empirical_oracle,estimado,estimado_via_depeg,5.1647,5.3,5932865782.0
2022-09-20,Post-Merge_Pre-Shapella,1324.39,1316.26,0.993861,-0.006139,-0.6139,-0.03935,-0.035596,1.124898,0.895569,1.063947,0.898927,5.3156,4.784,0.5316,10.0008,0.0015,0.2037,4.3588,0.9568,4.9,4.784,7.6984,99.45,0,0.0,6100922345.0,5953705525.0,1379282418.0,495104.06,546343.26,52.46,48274884.63,0,1,0,0,yfinance,yfinance,beacon_empirical_oracle,estimado,estimado_via_depeg,4.784,4.9,5697552372.0
2022-09-21,Post-Merge_Pre-Shapella,1252.61,1243.19,0.99248,-0.00752,-0.752,-0.055723,-0.05711,1.020678,0.911014,0.965934,0.915354,5.7385,5.1647,0.5738,9.9991,0.0016,0.2053,4.7056,1.0329,5.3,5.1647,7.5714,99.45,0,0.0,5967551614.0,5823322433.0,1285632469.0,482287.94,544074.99,53.01,44997136.42,0,1,0,0,yfinance,yfinance,beacon_empirical_oracle,estimado,estimado_via_depeg,5.1647,5.3,5300665049.0
2022-09-22,Post-Merge_Pre-Shapella,1327.68,1319.77,0.994042,-0.005958,-0.5958,0.058206,0.059772,1.04888,0.933736,1.058197,0.940293,5.633,5.0697,0.5633,10.0,0.0015,0.2068,4.619,1.0139,5.2,5.0697,7.4168,99.45,0,0.0,5570634133.0,5430948500.0,1383918377.0,496371.06,545987.32,52.38,48437143.2,0,1,0,0,yfinance,yfinance,beacon_empirical_oracle,estimado,estimado_via_depeg,5.0697,5.2,5677021743.0
2022-09-23,Post-Merge_Pre-Shapella,1328.26,1321.17,0.994662,-0.005338,-0.5338,0.000436,0.001062,1.048008,0.934046,1.056819,0.940208,5.4215,4.8793,0.5422,10.0009,0.0015,0.2083,4.4456,0.9759,5.0,4.8793,7.0854,99.45,0,0.0,5954843556.0,5807080738.0,1419904484.0,511621.43,557374.46,52.14,49696656.94,0,0,0,0,yfinance,yfinance,beacon_empirical_oracle,estimado,estimado_via_depeg,4.8793,5.0,5762440019.0
2022-09-24,Post-Merge_Pre-Shapella,1317.99,1310.54,0.994347,-0.005653,-0.5653,-0.007759,-0.008077,1.004066,0.927383,1.0068,0.93495,5.4215,4.8793,0.5422,10.0009,0.0015,0.2098,4.4456,0.9759,5.0,4.8793,6.6918,99.45,0,0.0,5926674373.0,5771149997.0,1425466457.0,516329.93,565215.8,52.26,49891326.0,0,0,0,0,yfinance,yfinance,beacon_empirical_oracle,estimado,estimado_via_depeg,4.8793,5.0,5715230579.0
2022-09-25,Post-Merge_Pre-Shapella,1294.22,1288.99,0.995959,-0.004041,-0.4041,-0.018205,-0.016585,0.750627,0.840357,0.748691,0.842937,5.1035,4.5932,0.5103,9.999,0.0014,0.2112,4.1849,0.9186,4.7,4.5932,6.4289,99.45,0,0.0,5938835079.0,5783579069.0,1422560207.0,531775.61,567388.53,51.62,49789607.24,0,0,0,0,yfinance,yfinance,beacon_empirical_oracle,estimado,estimado_via_depeg,4.5932,4.7,5616952047.0
2022-09-26,Post-Merge_Pre-Shapella,1335.32,1325.49,0.992638,-0.007362,-0.7362,0.031265,0.027928,0.75104,0.849506,0.744266,0.849773,5.5273,4.9745,0.5528,10.0013,0.0015,0.2127,4.5324,0.9949,5.1,4.9745,5.8536,99.45,0,0.0,5875016866.0,5724110674.0,1657012416.0,583972.41,656937.94,52.94,57995434.56,0,0,0,0,yfinance,yfinance,beacon_empirical_oracle,estimado,estimado_via_depeg,4.9745,5.1,5749704257.0
2022-09-27,Post-Merge_Pre-Shapella,1330.13,1324.59,0.995835,-0.004165,-0.4165,-0.003896,-0.000679,0.692134,0.838401,0.695446,0.837493,5.9494,5.3545,0.5949,9.9993,0.0016,0.2143,4.8785,1.0709,5.5,5.3545,6.0035,99.45,0,0.0,6077935159.0,5922650983.0,1717139829.0,624048.32,666908.07,51.66,60099894.02,0,0,0,0,yfinance,yfinance,beacon_empirical_oracle,estimado,estimado_via_depeg,5.3545,5.5,5776603773.0
2022-09-28,Post-Merge_Pre-Shapella,1337.41,1329.92,0.9944,-0.0056,-0.56,0.005461,0.004012,0.504818,0.781786,0.497035,0.774946,6.0547,5.4492,0.6055,10.0005,0.0017,0.216,4.9648,1.0898,5.6,5.4492,6.4296,99.45,0,0.0,6068803098.0,5915319264.0,1732116774.0,618553.0,676574.72,52.24,60624087.09,0,0,0,0,yfinance,yfinance,beacon_empirical_oracle,estimado,estimado_via_depeg,5.4492,5.6,5843639254.0
2022-09-29,Post-Merge_Pre-Shapella,1335.65,1330.46,0.996114,-0.003886,-0.3886,-0.001316,0.000406,0.292971,0.780232,0.26205,0.772923,5.844,5.2596,0.5844,10.0,0.0016,0.2176,4.7921,1.0519,5.4,5.2596,5.9432,99.45,0,0.0,6050701284.0,5893607577.0,1723461785.0,625047.65,665306.7,51.56,60321162.48,0,0,0,0,yfinance,yfinance,beacon_empirical_oracle,estimado,estimado_via_depeg,5.2596,5.4,5843185343.0
2022-09-30,Post-Merge_Pre-Shapella,1327.98,1323.51,0.996634,-0.003366,-0.3366,-0.005762,-0.005235,0.296902,0.775498,0.266095,0.768592,6.0547,5.4492,0.6055,10.0005,0.0017,0.2192,4.9648,1.0898,5.6,5.4492,5.7634,99.45,0,0.0,6054258476.0,5891058064.0,1726029304.0,632323.72,667416.71,51.35,60411025.64,0,0,0,0,yfinance,yfinance,beacon_empirical_oracle,estimado,estimado_via_depeg,5.4492,5.6,5801648031.0
2022-10-01,Post-Merge_Pre-Shapella,1311.64,1308.21,0.997385,-0.002615,-0.2615,-0.012376,-0.011628,0.305949,0.770141,0.273976,0.764011,5.844,5.2596,0.5844,10.0,0.0016,0.2208,4.7921,1.0519,5.4,5.2596,5.7574,99.45,0,0.0,6028799812.0,5871272054.0,1717735728.0,641053.67,668555.46,51.05,60120750.48,0,0,0,0,yfinance,yfinance,beacon_empirical_oracle,estimado,estimado_via_depeg,5.2596,5.4,5751410711.0
2022-10-02,Post-Merge_Pre-Shapella,1276.09,1271.59,0.996474,-0.003526,-0.3526,-0.027478,-0.028391,0.343293,0.773653,0.325254,0.768136,5.5273,4.9745,0.5528,10.0013,0.0015,0.2223,4.5324,0.9949,5.1,4.9745,5.5711,99.45,0,0.0,5963070844.0,5805704245.0,1694136991.0,645080.8,682519.12,51.41,59294794.68,0,0,0,0,yfinance,yfinance,beacon_empirical_oracle,estimado,estimado_via_depeg,4.9745,5.1,5716507295.0
2022-10-03,Post-Merge_Pre-Shapella,1323.44,1316.46,0.994726,-0.005274,-0.5274,0.03643,0.034677,0.374372,0.78796,0.364267,0.780709,5.633,5.0697,0.5633,10.0,0.0015,0.2239,4.619,1.0139,5.2,5.0697,5.4852,99.45,0,0.0,5827759009.0,5675489887.0,1722531651.0,623315.31,678240.98,52.11,60288607.78,0,0,0,0,yfinance,yfinance,beacon_empirical_oracle,estimado,estimado_via_depeg,5.0697,5.2,5773325745.0
2022-10-04,Post-Merge_Pre-Shapella,1362.13,1354.87,0.99467,-0.00533,-0.533,0.028813,0.02876,0.430719,0.794443,0.423021,0.787386,5.4215,4.8793,0.5422,10.0009,0.0015,0.2254,4.4456,0.9759,5.0,4.8793,6.5117,99.45,0,0.0,6028385658.0,5871482589.0,1779166803.0,625261.28,680903.92,52.13,62270838.1,0,0,0,0,yfinance,yfinance,beacon_empirical_oracle,estimado,estimado_via_depeg,4.8793,5.0,5952964141.0
2022-10-05,Post-Merge_Pre-Shapella,1352.84,1344.8,0.994057,-0.005943,-0.5943,-0.006843,-0.007462,0.436258,0.787212,0.429788,0.780862,5.7385,5.1647,0.5738,9.9991,0.0016,0.2269,4.7056,1.0329,5.3,5.1647,5.7648,99.45,0,0.0,6168139745.0,6006183281.0,1697783050.0,597620.04,657356.94,52.38,59422406.75,0,0,0,0,yfinance,yfinance,beacon_empirical_oracle,estimado,estimado_via_depeg,5.1647,5.3,5920188192.0
2022-10-06,Post-Merge_Pre-Shapella,1351.71,1345.55,0.995443,-0.004557,-0.4557,-0.000834,0.000559,0.436074,0.780392,0.429764,0.768626,6.1599,5.5439,0.616,10.0002,0.0017,0.2286,5.0511,1.1088,5.7,5.5439,5.7667,99.45,0,0.0,6208059044.0,6047610516.0,1695941423.0,604496.95,650166.71,51.82,59357949.81,0,0,0,0,yfinance,yfinance,beacon_empirical_oracle,estimado,estimado_via_depeg,5.5439,5.7,5943018896.0
2022-10-07,Post-Merge_Pre-Shapella,1332.52,1321.87,0.992008,-0.007992,-0.7992,-0.0143,-0.017753,0.449134,0.761804,0.450883,0.749438,5.4215,4.8793,0.5422,10.0009,0.0015,0.2301,4.4456,0.9759,5.0,4.8793,5.4447,99.45,0,0.0,6187567958.0,6027893086.0,1671920628.0,587202.33,667503.51,53.2,58517221.98,0,0,0,0,yfinance,yfinance,beacon_empirical_oracle,estimado,estimado_via_depeg,4.8793,5.0,5854806263.0
2022-10-08,Post-Merge_Pre-Shapella,1315.5,1307.09,0.993607,-0.006393,-0.6393,-0.012852,-0.011248,0.449976,0.761209,0.450304,0.74819,6.265,5.6385,0.6265,10.0,0.0017,0.2318,5.1373,1.1277,5.8,5.6385,5.3713,99.45,0,0.0,6091152486.0,5934422392.0,1643750385.0,592774.75,656750.44,52.56,57531263.48,0,0,0,0,yfinance,yfinance,beacon_empirical_oracle,estimado,estimado_via_depeg,5.6385,5.8,5760214894.0
2022-10-09,Post-Merge_Pre-Shapella,1322.6,1312.22,0.992152,-0.007848,-0.7848,0.005386,0.003917,0.383729,0.734472,0.382206,0.715988,5.1035,4.5932,0.5103,9.999,0.0014,0.2332,4.1849,0.9186,4.7,4.5932,5.5678,99.45,0,0.0,6000948217.0,5845497638.0,1652584324.0,585514.15,663982.54,53.14,57840451.34,0,0,0,0,yfinance,yfinance,beacon_empirical_oracle,estimado,estimado_via_depeg,4.5932,4.7,5805945106.0
2022-10-10,Post-Merge_Pre-Shapella,1291.34,1283.64,0.994037,-0.005963,-0.5963,-0.023924,-0.022021,0.327457,0.720699,0.324784,0.700336,5.4215,4.8793,0.5422,10.0009,0.0015,0.2347,4.4456,0.9759,5.0,4.8793,4.7948,99.45,0,0.0,6073998879.0,5915679579.0,1617915821.0,596504.19,656392.66,52.39,56627053.74,0,0,0,0,yfinance,yfinance,beacon_empirical_oracle,estimado,estimado_via_depeg,4.8793,5.0,5682810416.0
2022-10-11,Post-Merge_Pre-Shapella,1279.58,1272.07,0.994131,-0.005869,-0.5869,-0.00915,-0.00905,0.181905,0.720664,0.17645,0.700228,5.633,5.0697,0.5633,10.0,0.0015,0.2363,4.619,1.0139,5.2,5.0697,4.9622,99.45,0,0.0,5865086505.0,5713880629.0,1597425845.0,594861.92,653536.65,52.35,55909904.58,0,0,0,0,yfinance,yfinance,beacon_empirical_oracle,estimado,estimado_via_depeg,5.0697,5.2,5634787546.0
2022-10-12,Post-Merge_Pre-Shapella,1294.91,1287.03,0.993915,-0.006085,-0.6085,0.01191,0.011687,0.237046,0.722137,0.232069,0.701011,5.3156,4.784,0.5316,10.0008,0.0015,0.2377,4.3588,0.9568,4.9,4.784,5.018,99.45,0,0.0,5889584121.0,5739905134.0,1612208118.0,592263.09,652771.79,52.43,56427284.13,0,0,0,0,yfinance,yfinance,beacon_empirical_oracle,estimado,estimado_via_depeg,4.784,4.9,5726380785.0
2022-10-13,Post-Merge_Pre-Shapella,1288.12,1282.03,0.995272,-0.004728,-0.4728,-0.005252,-0.003893,0.233016,0.674601,0.22625,0.644982,5.5273,4.9745,0.5528,10.0013,0.0015,0.2392,4.5324,0.9949,5.1,4.9745,4.6916,99.45,0,0.0,5991392050.0,5842056416.0,1579928734.0,590087.66,636450.81,51.89,55297505.69,0,0,0,0,yfinance,yfinance,beacon_empirical_oracle,estimado,estimado_via_depeg,4.9745,5.1,5702727849.0
2022-10-14,Post-Merge_Pre-Shapella,1297.42,1289.8,0.994127,-0.005873,-0.5873,0.007192,0.006048,0.242874,0.660856,0.222091,0.629009,6.6843,6.0159,0.6684,9.9996,0.0018,0.2411,5.4811,1.2032,6.2,6.0159,5.1025,99.45,0,0.0,5897564725.0,5752247894.0,1603351062.0,588858.49,646941.07,52.35,56117287.17,0,0,0,0,yfinance,yfinance,beacon_empirical_oracle,estimado,estimado_via_depeg,6.0159,6.2,5696341566.0
2022-10-15,Post-Merge_Pre-Shapella,1274.87,1269.73,0.995968,-0.004032,-0.4032,-0.017534,-0.015687,0.255498,0.561595,0.233522,0.558613,5.4215,4.8793,0.5422,10.0009,0.0015,0.2425,4.4456,0.9759,5.0,4.8793,5.791,99.45,0,0.0,5933377378.0,5790577355.0,1581727499.0,600373.32,640323.77,51.61,55360462.46,0,0,0,0,yfinance,yfinance,beacon_empirical_oracle,estimado,estimado_via_depeg,4.8793,5.0,5630081851.0
2022-10-16,Post-Merge_Pre-Shapella,1306.3,1300.3,0.995407,-0.004593,-0.4593,0.024351,0.023796,0.326805,0.56457,0.307622,0.561196,5.4215,4.8793,0.5422,10.0009,0.0015,0.244,4.4456,0.9759,5.0,4.8793,4.963,99.45,0,0.0,5850489385.0,5709656700.0,1626354190.0,599595.94,645412.24,51.84,56922396.65,0,0,0,0,yfinance,yfinance,beacon_empirical_oracle,estimado,estimado_via_depeg,4.8793,5.0,5785844872.0
2022-10-17,Post-Merge_Pre-Shapella,1331.71,1324.4,0.994511,-0.005489,-0.5489,0.01927,0.018359,0.296096,0.560878,0.279048,0.554885,5.4215,4.8793,0.5422,10.0009,0.0015,0.2455,4.4456,0.9759,5.0,4.8793,5.151,99.45,0,0.0,5972254990.0,5830383584.0,1652533217.0,593155.32,647755.4,52.2,57838662.6,0,0,0,0,yfinance,yfinance,beacon_empirical_oracle,estimado,estimado_via_depeg,4.8793,5.0,5874054170.0
2022-10-18,Post-Merge_Pre-Shapella,1310.45,1304.21,0.995238,-0.004762,-0.4762,-0.016098,-0.015359,0.318816,0.453876,0.300528,0.445357,6.37,5.733,0.637,10.0,0.0017,0.2473,5.2234,1.1466,5.9,5.733,5.1488,99.45,0,0.0,6110460901.0,5964553598.0,1627779532.0,597475.64,644677.46,51.9,56972283.62,0,0,0,0,yfinance,yfinance,beacon_empirical_oracle,estimado,estimado_via_depeg,5.733,5.9,5811321656.0
2022-10-19,Post-Merge_Pre-Shapella,1285.74,1277.64,0.9937,-0.0063,-0.63,-0.019031,-0.020585,0.345756,0.443309,0.335754,0.436993,5.9494,5.3545,0.5949,9.9993,0.0016,0.2489,4.8785,1.0709,5.5,5.3545,5.5418,99.45,0,0.0,5979875670.0,5841768808.0,1572943128.0,580858.8,642516.94,52.52,55053009.48,0,0,0,0,yfinance,yfinance,beacon_empirical_oracle,estimado,estimado_via_depeg,5.3545,5.5,5743039452.0
2022-10-20,Post-Merge_Pre-Shapella,1283.2,1277.84,0.995823,-0.004177,-0.4177,-0.00198,0.000158,0.34412,0.422683,0.334937,0.420048,6.7889,6.11,0.6789,10.0001,0.0019,0.2508,5.5669,1.222,6.3,6.11,5.6175,99.45,0,0.0,5877232360.0,5744785617.0,1568347318.0,590696.9,631518.91,51.67,54892156.13,0,0,0,0,yfinance,yfinance,beacon_empirical_oracle,estimado,estimado_via_depeg,6.11,6.3,5700698685.0
2022-10-21,Post-Merge_Pre-Shapella,1299.95,1293.19,0.9948,-0.0052,-0.52,0.012965,0.011944,0.35439,0.376214,0.344484,0.370002,6.1599,5.5439,0.616,10.0002,0.0017,0.2524,5.0511,1.1088,5.7,5.5439,5.8473,99.45,0,0.0,5890087141.0,5763221461.0,1590906713.0,586455.25,637366.22,52.08,55681734.96,0,0,0,0,yfinance,yfinance,beacon_empirical_oracle,estimado,estimado_via_depeg,5.5439,5.7,5785676210.0
2022-10-22,Post-Merge_Pre-Shapella,1314.3,1309.51,0.996355,-0.003645,-0.3645,0.010981,0.012539,0.325877,0.317723,0.324117,0.307475,6.0547,5.4492,0.6055,10.0005,0.0017,0.2541,4.9648,1.0898,5.6,5.4492,5.4564,99.45,0,0.0,6009014505.0,5882536182.0,1613926165.0,596058.56,631915.4,51.46,56487415.78,0,0,0,0,yfinance,yfinance,beacon_empirical_oracle,estimado,estimado_via_depeg,5.4492,5.6,5863410016.0
2022-10-23,Post-Merge_Pre-Shapella,1363.45,1361.77,0.998768,-0.001232,-0.1232,0.036712,0.039134,0.379794,0.343024,0.391791,0.336814,5.4215,4.8793,0.5422,10.0009,0.0015,0.2556,4.4456,0.9759,5.0,4.8793,5.3056,99.45,0,0.0,6038833639.0,5911730739.0,1678290276.0,609425.73,621488.69,50.49,58740159.66,0,0,0,0,yfinance,yfinance,beacon_empirical_oracle,estimado,estimado_via_depeg,4.8793,5.0,6018734656.0
2022-10-24,Post-Merge_Pre-Shapella,1345.0,1338.28,0.995004,-0.004996,-0.4996,-0.013623,-0.0174,0.384736,0.345482,0.411109,0.341516,5.4215,4.8793,0.5422,10.0009,0.0015,0.2571,4.4456,0.9759,5.0,4.8793,5.0262,99.45,0,0.0,6280910756.0,6145081533.0,1650996197.0,589203.1,638303.36,52.0,57784866.9,0,0,0,0,yfinance,yfinance,beacon_empirical_oracle,estimado,estimado_via_depeg,4.8793,5.0,6022969192.0
2022-10-25,Post-Merge_Pre-Shapella,1461.67,1453.53,0.994431,-0.005569,-0.5569,0.083184,0.082609,0.671121,0.442989,0.684565,0.439535,5.4215,4.8793,0.5422,10.0009,0.0015,0.2586,4.4456,0.9759,5.0,4.8793,4.9962,99.45,0,0.0,6196801225.0,6065421559.0,1783064689.0,582737.55,637144.29,52.23,62407264.12,0,0,0,0,yfinance,yfinance,beacon_empirical_oracle,estimado,estimado_via_depeg,4.8793,5.0,6625011130.0
2022-10-26,Post-Merge_Pre-Shapella,1566.57,1564.7,0.998806,-0.001194,-0.1194,0.06931,0.073701,0.696493,0.489803,0.719992,0.496232,6.5796,5.9217,0.6579,9.9991,0.0018,0.2604,5.3953,1.1843,6.1,5.9217,5.1668,99.45,0,0.0,6810434687.0,6666847257.0,1925908666.0,608788.61,620590.65,50.48,67406803.31,0,0,0,0,yfinance,yfinance,beacon_empirical_oracle,estimado,estimado_via_depeg,5.9217,6.1,7016639524.0
2022-10-27,Post-Merge_Pre-Shapella,1514.37,1509.84,0.997009,-0.002991,-0.2991,-0.033884,-0.035693,0.809571,0.507747,0.843217,0.516367,6.265,5.6385,0.6265,10.0,0.0017,0.2621,5.1373,1.1277,5.8,5.6385,5.5081,99.45,0,0.0,7254349800.0,7109610986.0,1866397075.0,601439.39,631018.38,51.2,65323897.63,0,0,0,0,yfinance,yfinance,beacon_empirical_oracle,estimado,estimado_via_depeg,5.6385,5.8,6923039371.0
2022-10-28,Post-Merge_Pre-Shapella,1555.48,1551.78,0.997621,-0.002379,-0.2379,0.02678,0.027396,0.804596,0.513758,0.837325,0.522572,5.844,5.2596,0.5844,10.0,0.0016,0.2637,4.7921,1.0519,5.4,5.2596,5.227,99.45,0,0.0,7113693210.0,6971842772.0,1899478223.0,598975.28,622177.18,50.95,66481737.81,0,0,0,0,yfinance,yfinance,beacon_empirical_oracle,estimado,estimado_via_depeg,5.2596,5.4,7102693764.0
2022-10-29,Post-Merge_Pre-Shapella,1619.7,1614.01,0.996487,-0.003513,-0.3513,0.040457,0.039319,0.800073,0.527731,0.833377,0.535597,5.7385,5.1647,0.5738,9.9991,0.0016,0.2652,4.7056,1.0329,5.3,5.1647,4.8784,99.45,0,0.0,7268928086.0,7120329506.0,1960147648.0,588032.19,622159.6,51.41,68605167.68,0,0,0,0,yfinance,yfinance,beacon_empirical_oracle,estimado,estimado_via_depeg,5.1647,5.3,7467958839.0
2022-10-30,Post-Merge_Pre-Shapella,1590.78,1587.79,0.99812,-0.00188,-0.188,-0.018013,-0.016377,0.866358,0.532997,0.890281,0.540046,5.7385,5.1647,0.5738,9.9991,0.0016,0.2668,4.7056,1.0329,5.3,5.1647,4.754,99.45,0,0.0,7609382455.0,7458109920.0,1923528215.0,595517.7,613655.29,50.75,67323487.53,0,0,0,0,yfinance,yfinance,beacon_empirical_oracle,estimado,estimado_via_depeg,5.1647,5.3,7351125624.0
2022-10-31,Post-Merge_Pre-Shapella,1572.71,1570.44,0.998557,-0.001443,-0.1443,-0.011423,-0.010984,0.86098,0.532593,0.874094,0.539785,5.4215,4.8793,0.5422,10.0009,0.0015,0.2683,4.4456,0.9759,5.0,4.8793,4.7857,99.45,0,0.0,7501819224.0,7349917574.0,1888481288.0,593426.28,607355.35,50.58,66096845.08,0,0,0,0,yfinance,yfinance,beacon_empirical_oracle,estimado,estimado_via_depeg,4.8793,5.0,7210064108.0
2022-11-01,Post-Merge_Pre-Shapella,1579.7,1577.31,0.998487,-0.001513,-0.1513,0.004435,0.004363,0.694072,0.51876,0.717225,0.525348,5.7385,5.1647,0.5738,9.9991,0.0016,0.2699,4.7056,1.0329,5.3,5.1647,4.5621,99.45,0,0.0,7474286123.0,7323220853.0,1896978740.0,593098.56,607748.9,50.61,66394255.9,0,0,0,0,yfinance,yfinance,beacon_empirical_oracle,estimado,estimado_via_depeg,5.1647,5.3,7325844573.0
2022-11-02,Post-Merge_Pre-Shapella,1519.71,1520.44,1.00048,0.00048,0.048,-0.038717,-0.036719,0.57017,0.531379,0.562927,0.53721,5.7385,5.1647,0.5738,9.9991,0.0016,0.2715,4.7056,1.0329,5.3,5.1647,4.8157,99.45,0,0.0,7591802624.0,7429803453.0,1803060263.0,595479.37,590970.85,49.81,63107109.21,0,0,0,0,yfinance,yfinance,beacon_empirical_oracle,estimado,estimado_via_depeg,5.1647,5.3,7054992160.0
2022-11-03,Post-Merge_Pre-Shapella,1531.54,1528.99,0.998335,-0.001665,-0.1665,0.007754,0.005603,0.515575,0.524336,0.497062,0.530239,6.265,5.6385,0.6265,10.0,0.0017,0.2732,5.1373,1.1277,5.8,5.6385,5.0036,99.45,0,0.0,7384757339.0,7226800242.0,1829526975.0,589279.85,605287.04,50.67,64033444.13,0,0,0,0,yfinance,yfinance,beacon_empirical_oracle,estimado,estimado_via_depeg,5.6385,5.8,7159502067.0
2022-11-04,Post-Merge_Pre-Shapella,1645.09,1643.24,0.998875,-0.001125,-0.1125,0.071522,0.072065,0.71219,0.573095,0.700155,0.578875,6.6843,6.0159,0.6684,9.9996,0.0018,0.275,5.4811,1.2032,6.2,6.0159,5.3108,99.45,0,0.0,7411328033.0,7252483978.0,1967465073.0,592599.15,603362.81,50.45,68861277.56,0,0,0,0,yfinance,yfinance,beacon_empirical_oracle,estimado,estimado_via_depeg,6.0159,6.2,7673028495.0
2022-11-05,Post-Merge_Pre-Shapella,1627.97,1627.48,0.999699,-0.000301,-0.0301,-0.010465,-0.009636,0.66434,0.57563,0.655531,0.581319,5.7385,5.1647,0.5738,9.9991,0.0016,0.2766,4.7056,1.0329,5.3,5.1647,5.5285,99.45,0,0.0,7958186988.0,7783924722.0,1921554823.0,588752.58,591585.4,50.12,67254418.81,0,0,0,0,yfinance,yfinance,beacon_empirical_oracle,estimado,estimado_via_depeg,5.1647,5.3,7645207753.0
2022-11-06,Post-Merge_Pre-Shapella,1572.23,1571.97,0.999835,-0.000165,-0.0165,-0.034835,-0.034707,0.703176,0.589131,0.697434,0.593053,4.9973,4.4976,0.4997,9.9994,0.0014,0.2779,4.0978,0.8995,4.6,4.4976,4.6583,99.45,0,0.0,7887740418.0,7704804459.0,1884297647.0,598404.7,600082.58,50.07,65950417.64,0,0,1,0,yfinance,yfinance,beacon_empirical_oracle,estimado,estimado_via_depeg,4.4976,4.6,7535123379.0
2022-11-07,Post-Merge_Pre-Shapella,1568.59,1560.86,0.995072,-0.004928,-0.4928,-0.00232,-0.007089,0.698556,0.586136,0.694751,0.591727,5.4215,4.8793,0.5422,10.0009,0.0015,0.2794,4.4456,0.9759,5.0,4.8793,5.2509,99.45,0,0.0,7624889840.0,7460769441.0,1221753893.0,374099.28,404787.42,51.97,42761386.26,0,0,1,0,yfinance,yfinance,beacon_empirical_oracle,estimado,estimado_via_depeg,4.8793,5.0,7438152760.0
2022-11-08,Post-Merge_Pre-Shapella,1332.84,1316.7,0.987891,-0.012109,-1.2109,-0.162869,-0.170109,1.359996,0.830676,1.399552,0.852852,6.37,5.733,0.637,10.0,0.0017,0.2812,5.2234,1.1466,5.9,5.733,5.6164,99.45,0,0.0,7594177929.0,7444416556.0,1016254775.0,344332.9,418140.3,54.84,35568917.12,0,0,1,0,yfinance,yfinance,beacon_empirical_oracle,estimado,estimado_via_depeg,5.733,5.9,6202171997.0
2022-11-09,Post-Merge_Pre-Shapella,1100.17,1073.91,0.976131,-0.023869,-2.3869,-0.191844,-0.203821,1.827917,1.065504,1.907028,1.109404,6.37,5.733,0.637,10.0,0.0017,0.2829,5.2234,1.1466,5.9,5.733,7.7528,99.45,0,0.0,6399103082.0,6283300004.0,779844055.0,286725.62,422113.98,59.55,27294541.92,0,0,1,0,yfinance,yfinance,beacon_empirical_oracle,estimado,estimado_via_depeg,5.733,5.9,5180491530.0
2022-11-10,Post-Merge_Pre-Shapella,1299.46,1271.88,0.978776,-0.021224,-2.1224,0.166488,0.169192,2.386658,1.222204,2.476345,1.266249,7.4144,6.673,0.7414,9.9995,0.002,0.2849,6.0798,1.3346,6.9,6.673,3.6006,99.45,0,0.0,5468354993.0,5397212606.0,914506003.0,292130.15,411628.34,58.49,32007710.11,0,0,1,0,yfinance,yfinance,beacon_empirical_oracle,estimado,estimado_via_depeg,6.673,6.9,6177737971.0
2022-11-11,Post-Merge_Pre-Shapella,1287.22,1272.46,0.988533,-0.011467,-1.1467,-0.009467,0.000455,2.25878,1.221969,2.354285,1.26555,7.4144,6.673,0.7414,9.9995,0.002,0.287,6.0798,1.3346,6.9,6.673,12.9868,99.45,0,0.0,6214169999.0,6145920652.0,888590275.0,313473.1,376844.23,54.59,31100659.63,0,0,1,0,yfinance,yfinance,beacon_empirical_oracle,estimado,estimado_via_depeg,6.673,6.9,5916676591.0
2022-11-12,Post-Merge_Pre-Shapella,1255.27,1192.88,0.950298,-0.049702,-4.9702,-0.025136,-0.06458,2.25154,1.224969,2.349528,1.285221,7.4144,6.673,0.7414,9.9995,0.002,0.289,6.0798,1.3346,6.9,6.673,3.1616,99.45,0,0.0,6133909714.0,6072252789.0,850696819.0,204123.32,473576.95,69.88,29774388.67,0,0,1,0,yfinance,yfinance,beacon_empirical_oracle,estimado,estimado_via_depeg,6.673,6.9,5847547893.0
2022-11-13,Post-Merge_Pre-Shapella,1221.82,1188.2,0.972484,-0.027516,-2.7516,-0.027008,-0.003932,2.252737,1.227944,2.367675,1.284867,10.7933,9.714,1.0793,9.9997,0.003,0.292,8.8505,1.9428,10.2,9.714,13.2394,99.45,0,0.0,6035233262.0,5980480703.0,830523074.0,265031.63,414710.95,61.01,29068307.59,0,0,1,0,yfinance,yfinance,beacon_empirical_oracle,estimado,estimado_via_depeg,9.714,10.2,5705998188.0
2022-11-14,Post-Merge_Pre-Shapella,1241.6,1212.65,0.976683,-0.023317,-2.3317,0.016063,0.020365,2.273285,1.228187,2.398972,1.286445,10.7933,9.714,1.0793,9.9997,0.003,0.2949,8.8505,1.9428,10.2,9.714,9.8057,99.45,0,0.0,5804399095.0,5754964475.0,809248759.0,265078.5,386700.46,59.33,28323706.56,0,0,1,0,yfinance,yfinance,beacon_empirical_oracle,estimado,estimado_via_depeg,9.714,10.2,5718763865.0
2022-11-15,Post-Merge_Pre-Shapella,1251.74,1235.19,0.986778,-0.013222,-1.3222,0.008127,0.018415,1.99971,1.225293,2.129234,1.285248,10.6924,9.6232,1.0692,9.9996,0.0029,0.2979,8.7678,1.9246,10.1,9.6232,10.9188,99.45,0,0.0,5978998668.0,5926996331.0,872908853.0,311788.03,385568.33,55.29,30551809.86,0,0,1,0,yfinance,yfinance,beacon_empirical_oracle,estimado,estimado_via_depeg,9.6232,10.1,5830867018.0
2022-11-16,Post-Merge_Pre-Shapella,1215.6,1188.69,0.977863,-0.022137,-2.2137,-0.029292,-0.038367,1.326593,1.226678,1.428934,1.289322,10.2879,9.2591,1.0288,10.0001,0.0028,0.3007,8.4361,1.8518,9.7,9.2591,10.1361,99.45,0,0.0,6031112792.0,5980630108.0,848489154.0,287227.12,410773.17,58.85,29697120.39,0,0,1,0,yfinance,yfinance,beacon_empirical_oracle,estimado,estimado_via_depeg,9.2591,9.7,5660194496.0
2022-11-17,Post-Merge_Pre-Shapella,1200.81,1171.68,0.975741,-0.024259,-2.4259,-0.012245,-0.014418,0.339288,1.226236,0.586679,1.289219,5.9494,5.3545,0.5949,9.9993,0.0016,0.3023,4.8785,1.0709,5.5,5.3545,9.8145,99.45,0,0.0,5882952218.0,5832310756.0,871640581.0,292528.51,433348.68,59.7,30507420.34,0,0,1,0,yfinance,yfinance,beacon_empirical_oracle,estimado,estimado_via_depeg,5.3545,5.5,5667059854.0
2022-11-18,Post-Merge_Pre-Shapella,1212.3,1179.28,0.972763,-0.027237,-2.7237,0.009524,0.006465,0.371633,1.225556,0.595803,1.288178,5.633,5.0697,0.5633,10.0,0.0015,0.3038,4.619,1.0139,5.2,5.0697,7.027,99.45,0,0.0,5826362532.0,5778139963.0,859408908.0,277182.94,431724.84,60.9,30079311.78,0,0,1,0,yfinance,yfinance,beacon_empirical_oracle,estimado,estimado_via_depeg,5.0697,5.2,5662140339.0
2022-11-19,Post-Merge_Pre-Shapella,1218.43,1205.02,0.988994,-0.011006,-1.1006,0.005041,0.021596,0.353212,1.2258,0.423105,1.290938,5.2096,4.6887,0.5209,9.9988,0.0014,0.3053,4.2719,0.9377,4.8,4.6887,6.9128,99.45,0,0.0,5830238013.0,5783584648.0,871263682.0,326072.27,388998.5,54.4,30494228.87,0,0,1,0,yfinance,yfinance,beacon_empirical_oracle,estimado,estimado_via_depeg,4.6887,4.8,5732534871.0
2022-11-20,Post-Merge_Pre-Shapella,1142.47,1130.05,0.989129,-0.010871,-1.0871,-0.064371,-0.064233,0.548613,1.243684,0.638812,1.307849,5.7385,5.1647,0.5738,9.9991,0.0016,0.3068,4.7056,1.0329,5.3,5.1647,5.9542,99.45,3,3.0,5888825007.0,5842816175.0,816144744.0,326109.29,388259.36,54.35,28565066.04,0,0,1,0,yfinance,yfinance,beacon_empirical_oracle,estimado,estimado_via_depeg,5.1647,5.3,5419250524.0
2022-11-21,Post-Merge_Pre-Shapella,1108.35,1102.22,0.994469,-0.005531,-0.5531,-0.030315,-0.024934,0.518036,1.245636,0.602769,1.308238,5.7385,5.1647,0.5738,9.9991,0.0016,0.3084,4.7056,1.0329,5.3,5.1647,6.4127,99.45,0,0.0,5500653742.0,5456803799.0,793061821.0,341953.57,373580.17,52.21,27757163.74,0,0,1,0,yfinance,yfinance,beacon_empirical_oracle,estimado,estimado_via_depeg,5.1647,5.3,5274056690.0
2022-11-22,Post-Merge_Pre-Shapella,1135.17,1113.03,0.980496,-0.019504,-1.9504,0.02391,0.009757,0.572801,1.240944,0.577472,1.299538,5.844,5.2596,0.5844,10.0,0.0016,0.31,4.7921,1.0519,5.4,5.2596,7.2299,99.45,0,0.0,5371790230.0,5328888056.0,782652755.0,290951.54,398507.09,57.8,27392846.42,0,0,1,0,yfinance,yfinance,beacon_empirical_oracle,estimado,estimado_via_depeg,5.2596,5.4,5293241478.0
2022-11-23,Post-Merge_Pre-Shapella,1183.2,1154.82,0.976014,-0.023986,-2.3986,0.041437,0.036855,0.676051,1.251563,0.643066,1.307682,6.7889,6.11,0.6789,10.0001,0.0019,0.3119,5.5669,1.222,6.3,6.11,7.3906,99.45,0,0.0,5496181373.0,5451067093.0,777412140.0,265510.69,391531.35,59.59,27209424.9,0,0,1,0,yfinance,yfinance,beacon_empirical_oracle,estimado,estimado_via_depeg,6.11,6.3,5481722310.0
2022-11-24,Post-Merge_Pre-Shapella,1203.98,1169.78,0.971594,-0.028406,-2.8406,0.017413,0.012874,0.687497,1.214186,0.646692,1.271047,5.3156,4.784,0.5316,10.0008,0.0015,0.3133,4.3588,0.9568,4.9,4.784,8.2277,99.45,0,0.0,5722361917.0,5673251319.0,690385458.0,221569.25,351850.13,61.36,24163491.03,0,0,1,0,yfinance,yfinance,beacon_empirical_oracle,estimado,estimado_via_depeg,4.784,4.9,5578991151.0
2022-11-25,Post-Merge_Pre-Shapella,1198.93,1179.56,0.983844,-0.016156,-1.6156,-0.004209,0.008324,0.683522,1.183122,0.648001,1.238693,5.3156,4.784,0.5316,10.0008,0.0015,0.3148,4.3588,0.9568,4.9,4.784,8.6479,99.45,0,0.0,5797427588.0,5748597417.0,694710117.0,252288.95,327152.82,56.46,24314854.1,0,0,1,0,yfinance,yfinance,beacon_empirical_oracle,estimado,estimado_via_depeg,4.784,4.9,5617013869.0
2022-11-26,Post-Merge_Pre-Shapella,1205.9,1176.29,0.975446,-0.024554,-2.4554,0.005798,-0.002772,0.683991,1.180676,0.622046,1.235222,8.243,7.4187,0.8243,10.0,0.0023,0.317,6.7593,1.4837,7.7,7.4187,7.0287,99.45,0,0.0,5837284788.0,5788299490.0,700457592.0,233389.05,347469.72,59.82,24516015.72,0,0,1,0,yfinance,yfinance,beacon_empirical_oracle,estimado,estimado_via_depeg,7.4187,7.7,5666576564.0
2022-11-27,Post-Merge_Pre-Shapella,1195.13,1168.34,0.977584,-0.022416,-2.2416,-0.008972,-0.006786,0.451611,1.174143,0.366283,1.228517,4.7847,4.3062,0.4785,10.0006,0.0013,0.3184,3.9234,0.8612,4.4,4.3062,8.6336,99.45,0,0.0,5834590243.0,5785589031.0,718218719.0,246571.62,354382.85,58.97,25137655.17,0,0,1,0,yfinance,yfinance,beacon_empirical_oracle,estimado,estimado_via_depeg,4.3062,4.4,5702807364.0
2022-11-28,Post-Merge_Pre-Shapella,1170.09,1153.94,0.986198,-0.013802,-1.3802,-0.021175,-0.012399,0.409195,1.16122,0.311561,1.215851,5.4215,4.8793,0.5422,10.0009,0.0015,0.3198,4.4456,0.9759,5.0,4.8793,6.4944,99.45,0,0.0,5805209272.0,5756300525.0,694339198.0,263947.28,329459.38,55.52,24301871.93,0,0,1,0,yfinance,yfinance,beacon_empirical_oracle,estimado,estimado_via_depeg,4.8793,5.0,5517604288.0
2022-11-29,Post-Merge_Pre-Shapella,1216.9,1184.92,0.97372,-0.02628,-2.628,0.03923,0.026496,0.458053,1.173866,0.343817,1.222724,5.2096,4.6887,0.5209,9.9988,0.0014,0.3213,4.2719,0.9377,4.8,4.6887,6.8458,99.45,0,0.0,5649099738.0,5602335430.0,724767913.0,235196.69,360388.75,60.51,25366876.96,0,0,1,0,yfinance,yfinance,beacon_empirical_oracle,estimado,estimado_via_depeg,4.6887,4.8,5759108457.0
2022-11-30,Post-Merge_Pre-Shapella,1295.69,1247.54,0.962838,-0.037162,-3.7162,0.062735,0.051494,0.561339,1.200091,0.4232,1.241214,5.1035,4.5932,0.5103,9.999,0.0014,0.3227,4.1849,0.9186,4.7,4.5932,6.8926,99.45,0,0.0,6189278062.0,6140027358.0,773598212.0,209805.13,387249.88,64.86,27075937.42,0,0,1,0,yfinance,yfinance,beacon_empirical_oracle,estimado,estimado_via_depeg,4.5932,4.7,6084415198.0
2022-12-01,Post-Merge_Pre-Shapella,1276.27,1245.38,0.975797,-0.024203,-2.4203,-0.015097,-0.001736,0.593848,1.199793,0.432383,1.240652,5.2096,4.6887,0.5209,9.9988,0.0014,0.3241,4.2719,0.9377,4.8,4.6887,6.3583,99.45,0,0.0,6275577816.0,6225722799.0,757701145.0,239373.41,354310.64,59.68,26519540.08,0,0,0,0,yfinance,yfinance,beacon_empirical_oracle,estimado,estimado_via_depeg,4.6887,4.8,6026474714.0
2022-12-02,Post-Merge_Pre-Shapella,1294.3,1266.71,0.978683,-0.021317,-2.1317,0.014028,0.016989,0.584958,1.196406,0.436136,1.23908,5.4215,4.8793,0.5422,10.0009,0.0015,0.3256,4.4456,0.9759,5.0,4.8793,6.3603,99.45,0,0.0,6226843844.0,6177781499.0,762985926.0,244464.39,345032.58,58.53,26704507.41,0,0,0,0,yfinance,yfinance,beacon_empirical_oracle,estimado,estimado_via_depeg,4.8793,5.0,6101101000.0
2022-12-03,Post-Merge_Pre-Shapella,1243.33,1234.79,0.993131,-0.006869,-0.6869,-0.040175,-0.025528,0.693626,1.201468,0.503076,1.240141,4.9973,4.4976,0.4997,9.9994,0.0014,0.327,4.0978,0.8995,4.6,4.4976,6.5417,99.45,0,0.0,6261320348.0,6212080046.0,733028173.0,278571.1,310997.37,52.75,25655986.06,0,0,0,0,yfinance,yfinance,beacon_empirical_oracle,estimado,estimado_via_depeg,4.4976,4.6,5882960738.0
2022-12-04,Post-Merge_Pre-Shapella,1280.26,1245.36,0.97274,-0.02726,-2.726,0.029263,0.008529,0.70377,1.17549,0.489645,1.208476,4.9973,4.4976,0.4997,9.9994,0.0014,0.3283,4.0978,0.8995,4.6,4.4976,6.0677,99.45,0,0.0,6076854257.0,6028616030.0,754324622.0,230375.8,358820.63,60.9,26401361.77,0,0,0,0,yfinance,yfinance,beacon_empirical_oracle,estimado,estimado_via_depeg,4.4976,4.6,6036426806.0
2022-12-05,Post-Merge_Pre-Shapella,1259.68,1243.45,0.987116,-0.012884,-1.2884,-0.016205,-0.001536,0.691255,1.17579,0.46633,1.208773,4.7847,4.3062,0.4785,10.0006,0.0013,0.3296,3.9234,0.8612,4.4,4.3062,6.0334,99.45,0,0.0,6278000898.0,6228166645.0,743200960.0,264611.35,325380.52,55.15,26012033.6,0,0,0,0,yfinance,yfinance,beacon_empirical_oracle,estimado,estimado_via_depeg,4.3062,4.4,5944511613.0
2022-12-06,Post-Merge_Pre-Shapella,1271.65,1249.24,0.982377,-0.017623,-1.7623,0.009463,0.004643,0.648173,1.173476,0.447542,1.206018,4.8911,4.402,0.4891,9.9998,0.0013,0.331,4.0107,0.8804,4.5,4.402,6.0427,99.45,0,0.0,6143950848.0,6094643033.0,734938010.0,248225.44,329715.04,57.05,25722830.35,0,0,0,0,yfinance,yfinance,beacon_empirical_oracle,estimado,estimado_via_depeg,4.402,4.5,5923663119.0
2022-12-07,Post-Merge_Pre-Shapella,1232.44,1202.66,0.975837,-0.024163,-2.4163,-0.031324,-0.037998,0.485248,1.176355,0.373412,1.210644,5.1035,4.5932,0.5103,9.999,0.0014,0.3324,4.1849,0.9186,4.7,4.5932,5.9631,99.45,0,0.0,6160919509.0,6111075157.0,741581595.0,242733.13,358985.09,59.66,25955355.83,0,0,0,0,yfinance,yfinance,beacon_empirical_oracle,estimado,estimado_via_depeg,4.5932,4.7,5827050199.0
2022-12-08,Post-Merge_Pre-Shapella,1281.12,1246.17,0.972719,-0.027281,-2.7281,0.038738,0.035537,0.578387,1.045265,0.477222,1.069855,5.4215,4.8793,0.5422,10.0009,0.0015,0.3339,4.4456,0.9759,5.0,4.8793,5.9447,99.45,0,0.0,5991080970.0,5943392387.0,769798855.0,234883.83,365995.76,60.91,26942959.92,0,0,0,0,yfinance,yfinance,beacon_empirical_oracle,estimado,estimado_via_depeg,4.8793,5.0,6049820121.0
2022-12-09,Post-Merge_Pre-Shapella,1264.28,1233.86,0.975939,-0.024061,-2.4061,-0.013225,-0.009925,0.573184,0.790002,0.458451,0.784949,5.2096,4.6887,0.5209,9.9988,0.0014,0.3353,4.2719,0.9377,4.8,4.6887,6.0206,99.45,0,0.0,6203167461.0,6154698900.0,811022419.0,258969.33,382520.22,59.63,28385784.67,0,0,0,0,yfinance,yfinance,beacon_empirical_oracle,estimado,estimado_via_depeg,4.6887,4.8,5974703310.0
2022-12-10,Post-Merge_Pre-Shapella,1266.38,1240.5,0.979564,-0.020436,-2.0436,0.001659,0.005364,0.48205,0.532073,0.422019,0.51385,4.8911,4.402,0.4891,9.9998,0.0013,0.3366,4.0107,0.8804,4.5,4.402,5.7493,99.45,0,0.0,6146347601.0,6098437698.0,815916176.0,269442.15,374848.02,58.18,28557066.16,0,0,0,0,yfinance,yfinance,beacon_empirical_oracle,estimado,estimado_via_depeg,4.402,4.5,6028613481.0
2022-12-11,Post-Merge_Pre-Shapella,1263.87,1245.41,0.985394,-0.014606,-1.4606,-0.001988,0.003953,0.426624,0.531189,0.418103,0.514105,4.4649,4.0184,0.4465,10.0002,0.0012,0.3378,3.6612,0.8037,4.1,4.0184,5.5414,99.45,0,0.0,6166249166.0,6117749291.0,811526008.0,283549.64,358546.47,55.84,28403410.28,0,0,0,0,yfinance,yfinance,beacon_empirical_oracle,estimado,estimado_via_depeg,4.0184,4.1,6012390465.0
2022-12-12,Post-Merge_Pre-Shapella,1274.62,1239.34,0.972321,-0.027679,-2.7679,0.00847,-0.004888,0.413074,0.524552,0.419553,0.460103,5.1035,4.5932,0.5103,9.999,0.0014,0.3392,4.1849,0.9186,4.7,4.5932,5.4208,99.45,0,0.0,6109663500.0,6062143993.0,817858902.0,249794.03,391855.17,61.07,28625061.57,0,0,0,0,yfinance,yfinance,beacon_empirical_oracle,estimado,estimado_via_depeg,4.5932,4.7,6053352028.0
2022-12-13,Post-Merge_Pre-Shapella,1320.55,1279.23,0.96871,-0.03129,-3.129,0.0354,0.031678,0.47985,0.5285,0.480589,0.471654,5.2096,4.6887,0.5209,9.9988,0.0014,0.3407,4.2719,0.9377,4.8,4.6887,5.9057,99.45,0,0.0,6190291737.0,6143026225.0,851456932.0,241661.47,403113.0,62.52,29800992.62,0,0,0,0,yfinance,yfinance,beacon_empirical_oracle,estimado,estimado_via_depeg,4.6887,4.8,6265841246.0
2022-12-14,Post-Merge_Pre-Shapella,1309.33,1283.09,0.979959,-0.020041,-2.0041,-0.008533,0.003019,0.394379,0.52757,0.334892,0.467226,5.3156,4.784,0.5316,10.0008,0.0015,0.3421,4.3588,0.9568,4.9,4.784,5.9106,99.45,0,0.0,6449735465.0,6400503429.0,849619387.0,272471.55,376424.74,58.01,29736678.54,0,0,0,0,yfinance,yfinance,beacon_empirical_oracle,estimado,estimado_via_depeg,4.784,4.9,6225856615.0
2022-12-15,Post-Merge_Pre-Shapella,1266.35,1243.31,0.981806,-0.018194,-1.8194,-0.033373,-0.031494,0.403315,0.540966,0.363374,0.477321,5.1035,4.5932,0.5103,9.999,0.0014,0.3435,4.1849,0.9186,4.7,4.5932,6.2837,99.45,0,0.0,6372157606.0,6322574459.0,825278840.0,278405.75,373293.1,57.28,28884759.4,0,0,0,0,yfinance,yfinance,beacon_empirical_oracle,estimado,estimado_via_depeg,4.5932,4.7,6023963845.0
2022-12-16,Post-Merge_Pre-Shapella,1168.26,1163.42,0.995857,-0.004143,-0.4143,-0.080627,-0.066419,0.703152,0.602543,0.603677,0.514448,5.4215,4.8793,0.5422,10.0009,0.0015,0.345,4.4456,0.9759,5.0,4.8793,5.8303,99.45,0,0.0,6208809734.0,6159226446.0,776866784.0,321450.19,343527.45,51.66,27190337.44,0,0,0,0,yfinance,yfinance,beacon_empirical_oracle,estimado,estimado_via_depeg,4.8793,5.0,5685196904.0
2022-12-17,Post-Merge_Pre-Shapella,1188.15,1176.43,0.990136,-0.009864,-0.9864,0.016882,0.011124,0.72834,0.604461,0.613025,0.513599,5.844,5.2596,0.5844,10.0,0.0016,0.3466,4.7921,1.0519,5.4,5.2596,6.0011,99.45,0,0.0,5725216905.0,5681387262.0,772325788.0,299335.96,350687.84,53.95,27031402.58,0,0,0,0,yfinance,yfinance,beacon_empirical_oracle,estimado,estimado_via_depeg,5.2596,5.4,5607159373.0
2022-12-18,Post-Merge_Pre-Shapella,1184.72,1160.51,0.979565,-0.020435,-2.0435,-0.002895,-0.013629,0.727831,0.603458,0.606018,0.515262,4.9973,4.4976,0.4997,9.9994,0.0014,0.348,4.0978,0.8995,4.6,4.4976,6.1696,99.45,0,0.0,5791000792.0,5746709464.0,780562798.0,275600.49,383257.97,58.17,27319697.93,0,0,0,0,yfinance,yfinance,beacon_empirical_oracle,estimado,estimado_via_depeg,4.4976,4.6,5631285759.0
2022-12-19,Post-Merge_Pre-Shapella,1167.61,1151.42,0.986134,-0.013866,-1.3866,-0.014544,-0.007859,0.712578,0.604951,0.604845,0.50955,4.6782,4.2104,0.4678,9.9996,0.0013,0.3493,3.8361,0.8421,4.3,4.2104,5.5895,99.45,0,0.0,5813017465.0,5768933537.0,761925256.0,290058.99,362492.17,55.55,26667383.96,0,0,0,0,yfinance,yfinance,beacon_empirical_oracle,estimado,estimado_via_depeg,4.2104,4.3,5605513021.0
2022-12-20,Post-Merge_Pre-Shapella,1217.7,1192.32,0.979157,-0.020843,-2.0843,0.042008,0.034904,0.740658,0.57886,0.618818,0.471918,5.3156,4.784,0.5316,10.0008,0.0015,0.3507,4.3588,0.9568,4.9,4.784,5.5276,99.45,0,0.0,5726797913.0,5684224845.0,801200557.0,274107.05,383855.14,58.34,28042019.5,0,0,0,0,yfinance,yfinance,beacon_empirical_oracle,estimado,estimado_via_depeg,4.784,4.9,5795643490.0
2022-12-21,Post-Merge_Pre-Shapella,1213.6,1173.11,0.966636,-0.033364,-3.3364,-0.003376,-0.016241,0.742883,0.567371,0.609633,0.466667,4.8911,4.402,0.4891,9.9998,0.0013,0.3521,4.0107,0.8804,4.5,4.402,5.7653,99.45,0,0.0,5909156016.0,5866020297.0,797192361.0,240813.05,416069.25,63.34,27901732.64,0,0,0,0,yfinance,yfinance,beacon_empirical_oracle,estimado,estimado_via_depeg,4.402,4.5,5793974294.0
2022-12-22,Post-Merge_Pre-Shapella,1218.18,1190.63,0.977384,-0.022616,-2.2616,0.003769,0.014823,0.722503,0.562366,0.614964,0.468049,5.2096,4.6887,0.5209,9.9988,0.0014,0.3535,4.2719,0.9377,4.8,4.6887,5.227,99.45,0,0.0,5954880389.0,5912066494.0,803764830.0,270191.35,389616.59,59.05,28131769.05,0,0,0,0,yfinance,yfinance,beacon_empirical_oracle,estimado,estimado_via_depeg,4.6887,4.8,5798852544.0
2022-12-23,Post-Merge_Pre-Shapella,1220.16,1189.71,0.975044,-0.024956,-2.4956,0.001622,-0.000772,0.351232,0.544399,0.349001,0.451127,5.844,5.2596,0.5844,10.0,0.0016,0.3551,4.7921,1.0519,5.4,5.2596,5.6084,99.45,0,0.0,5957193084.0,5914835920.0,818753594.0,268542.8,402478.7,59.98,28656375.79,0,0,0,0,yfinance,yfinance,beacon_empirical_oracle,estimado,estimado_via_depeg,5.2596,5.4,5826358459.0
2022-12-24,Post-Merge_Pre-Shapella,1221.15,1197.52,0.980649,-0.019351,-1.9351,0.00081,0.006537,0.340533,0.54118,0.344199,0.449565,4.6782,4.2104,0.4678,9.9996,0.0013,0.3564,3.8361,0.8421,4.3,4.2104,6.1427,99.45,0,0.0,5979812531.0,5936965863.0,803045660.0,277907.79,379706.48,57.74,28106598.1,0,0,0,0,yfinance,yfinance,beacon_empirical_oracle,estimado,estimado_via_depeg,4.2104,4.3,5824037691.0
2022-12-25,Post-Merge_Pre-Shapella,1218.96,1190.28,0.976472,-0.023528,-2.3528,-0.001792,-0.006059,0.339283,0.540982,0.326453,0.449327,4.3581,3.9223,0.4358,9.9998,0.0012,0.3576,3.5736,0.7845,4.0,3.9223,5.3744,99.45,0,0.0,5985090951.0,5942959444.0,800659609.0,266610.66,390227.63,59.41,28023086.32,0,0,0,0,yfinance,yfinance,beacon_empirical_oracle,estimado,estimado_via_depeg,3.9223,4.0,5800184754.0
2022-12-26,Post-Merge_Pre-Shapella,1226.97,1196.56,0.975215,-0.024785,-2.4785,0.006552,0.00526,0.3009,0.541081,0.311809,0.449509,4.7847,4.3062,0.4785,10.0006,0.0013,0.3589,3.9234,0.8612,4.4,4.3062,5.3703,99.45,0,0.0,5968719080.0,5926961245.0,796346723.0,260133.31,388901.89,59.92,27872135.31,0,0,0,0,yfinance,yfinance,beacon_empirical_oracle,estimado,estimado_via_depeg,4.3062,4.4,5819302332.0
2022-12-27,Post-Merge_Pre-Shapella,1212.79,1174.53,0.968453,-0.031547,-3.1547,-0.011626,-0.018583,0.112449,0.541749,0.234535,0.453801,4.7847,4.3062,0.4785,10.0006,0.0013,0.3602,3.9234,0.8612,4.4,4.3062,5.6091,99.45,0,0.0,6002289008.0,5960296488.0,786714956.0,242477.3,406204.62,62.62,27535023.46,0,0,0,0,yfinance,yfinance,beacon_empirical_oracle,estimado,estimado_via_depeg,4.3062,4.4,5789730094.0
2022-12-28,Post-Merge_Pre-Shapella,1189.99,1162.33,0.976756,-0.023244,-2.3244,-0.018983,-0.010446,0.1751,0.540699,0.216382,0.45317,4.9973,4.4976,0.4997,9.9994,0.0014,0.3616,4.0978,0.8995,4.6,4.4976,5.5085,99.45,0,0.0,5929278814.0,5888152184.0,769946082.0,263336.71,383682.24,59.3,26948112.87,0,0,0,0,yfinance,yfinance,beacon_empirical_oracle,estimado,estimado_via_depeg,4.4976,4.6,5669249698.0
2022-12-29,Post-Merge_Pre-Shapella,1201.6,1176.56,0.979161,-0.020839,-2.0839,0.009709,0.01217,0.193008,0.523663,0.204883,0.445413,4.6782,4.2104,0.4678,9.9996,0.0013,0.3628,3.8361,0.8421,4.3,4.2104,5.6667,99.45,0,0.0,5848598663.0,5811172605.0,777991031.0,269797.66,377664.92,58.33,27229686.08,0,0,0,0,yfinance,yfinance,beacon_empirical_oracle,estimado,estimado_via_depeg,4.2104,4.3,5718227732.0
2022-12-30,Post-Merge_Pre-Shapella,1199.23,1175.73,0.980404,-0.019596,-1.9596,-0.001968,-0.000702,0.190684,0.47148,0.204903,0.40444,4.6782,4.2104,0.4678,9.9996,0.0013,0.3641,3.8361,0.8421,4.3,4.2104,5.5653,99.45,0,0.0,5888326526.0,5850889786.0,757985783.0,266476.66,365583.73,57.84,26529502.4,0,0,0,0,yfinance,yfinance,beacon_empirical_oracle,estimado,estimado_via_depeg,4.2104,4.3,5737019199.0
2022-12-31,Post-Merge_Pre-Shapella,1196.77,1177.54,0.983932,-0.016068,-1.6068,-0.002055,0.001534,0.188797,0.469311,0.195662,0.404625,4.8911,4.402,0.4891,9.9998,0.0013,0.3655,4.0107,0.8804,4.5,4.402,5.6455,99.45,0,0.0,5877772406.0,5840727043.0,760804570.0,276981.0,358733.94,56.43,26628159.95,0,0,0,0,yfinance,yfinance,beacon_empirical_oracle,estimado,estimado_via_depeg,4.402,4.5,5722356688.0
2023-01-01,Post-Merge_Pre-Shapella,1200.96,1180.91,0.983305,-0.016695,-1.6695,0.003498,0.002862,0.194433,0.466171,0.196127,0.399304,4.5716,4.1144,0.4572,10.0009,0.0013,0.3667,3.7487,0.8229,4.2,4.1144,7.0748,99.45,0,0.0,5865784383.0,5828964644.0,765396616.0,276087.31,361233.35,56.68,26788881.56,0,0,0,0,yfinance,yfinance,beacon_empirical_oracle,estimado,estimado_via_depeg,4.1144,4.2,5741314254.0
2023-01-02,Post-Merge_Pre-Shapella,1214.66,1186.03,0.97643,-0.02357,-2.357,0.011336,0.004325,0.209878,0.44804,0.194382,0.390974,4.7847,4.3062,0.4785,10.0006,0.0013,0.368,3.9234,0.8612,4.4,4.3062,6.2108,99.45,0,0.0,5877675394.0,5841189710.0,776354801.0,259304.78,379849.22,59.43,27172418.04,0,0,0,0,yfinance,yfinance,beacon_empirical_oracle,estimado,estimado_via_depeg,4.3062,4.4,5832839417.0
2023-01-03,Post-Merge_Pre-Shapella,1214.78,1185.23,0.975675,-0.024325,-2.4325,0.000101,-0.000679,0.19154,0.434781,0.129501,0.389363,4.9973,4.4976,0.4997,9.9994,0.0014,0.3694,4.0978,0.8995,4.6,4.4976,6.2808,99.45,0,0.0,5978870818.0,5939103647.0,772959395.0,256236.31,380059.47,59.73,27053578.83,0,0,0,0,yfinance,yfinance,beacon_empirical_oracle,estimado,estimado_via_depeg,4.4976,4.6,5798284845.0
2023-01-04,Post-Merge_Pre-Shapella,1256.53,1236.88,0.984362,-0.015638,-1.5638,0.033789,0.042659,0.2419,0.448612,0.296583,0.41892,5.3156,4.784,0.5316,10.0008,0.0015,0.3708,4.3588,0.9568,4.9,4.784,6.7014,99.45,0,0.0,5971446273.0,5926454976.0,808910343.0,281647.29,362117.95,56.25,28311862.01,0,0,0,0,yfinance,yfinance,beacon_empirical_oracle,estimado,estimado_via_depeg,4.784,4.9,5998752856.0
2023-01-05,Post-Merge_Pre-Shapella,1250.44,1236.93,0.989196,-0.010804,-1.0804,-0.004857,4.4e-05,0.257192,0.447556,0.301292,0.418561,5.9494,5.3545,0.5949,9.9993,0.0016,0.3725,4.8785,1.0709,5.5,5.3545,6.3195,99.45,0,0.0,6177010336.0,6132609824.0,812734050.0,296901.02,353057.43,54.32,28445691.75,0,0,0,0,yfinance,yfinance,beacon_empirical_oracle,estimado,estimado_via_depeg,5.3545,5.5,6002995483.0
2023-01-06,Post-Merge_Pre-Shapella,1269.38,1229.84,0.968851,-0.031149,-3.1149,0.015033,-0.005747,0.255684,0.436525,0.311325,0.39657,4.8911,4.402,0.4891,9.9998,0.0013,0.3738,4.0107,0.8804,4.5,4.402,6.6955,99.45,0,0.0,6178432119.0,6133240724.0,833970153.0,246634.1,410356.05,62.46,29188955.36,0,0,0,0,yfinance,yfinance,beacon_empirical_oracle,estimado,estimado_via_depeg,4.402,4.5,6072713110.0
2023-01-07,Post-Merge_Pre-Shapella,1264.27,1236.38,0.97794,-0.02206,-2.206,-0.004033,0.005299,0.26082,0.414926,0.308903,0.376709,4.8911,4.402,0.4891,9.9998,0.0013,0.3752,4.0107,0.8804,4.5,4.402,6.0521,99.45,0,0.0,6251891607.0,6206539552.0,832985885.0,271321.46,387545.62,58.82,29154505.98,0,0,0,0,yfinance,yfinance,beacon_empirical_oracle,estimado,estimado_via_depeg,4.402,4.5,6083815367.0
2023-01-08,Post-Merge_Pre-Shapella,1287.36,1259.11,0.978056,-0.021944,-2.1944,0.018098,0.018219,0.267268,0.417158,0.316307,0.380397,4.5716,4.1144,0.4572,10.0009,0.0013,0.3764,3.7487,0.8229,4.2,4.1144,6.2658,99.45,0,0.0,6216768015.0,6172751295.0,840929408.0,269257.32,383962.77,58.78,29432529.28,0,0,0,0,yfinance,yfinance,beacon_empirical_oracle,estimado,estimado_via_depeg,4.1144,4.2,6101687202.0
2023-01-09,Post-Merge_Pre-Shapella,1321.54,1291.09,0.976959,-0.023041,-2.3041,0.026204,0.025079,0.292425,0.426618,0.332116,0.38956,5.633,5.0697,0.5633,10.0,0.0015,0.378,4.619,1.0139,5.2,5.0697,5.7531,99.45,0,0.0,6367278290.0,6317862863.0,961576880.0,296722.8,430895.64,59.22,33655190.8,0,0,0,0,yfinance,yfinance,beacon_empirical_oracle,estimado,estimado_via_depeg,5.0697,5.2,6371375334.0
2023-01-10,Post-Merge_Pre-Shapella,1336.59,1315.64,0.984326,-0.015674,-1.5674,0.011322,0.018836,0.275258,0.427804,0.315847,0.394251,5.1035,4.5932,0.5103,9.999,0.0014,0.3794,4.1849,0.9186,4.7,4.5932,7.1039,99.45,0,0.0,6540307659.0,6486651651.0,973849013.0,318619.9,409987.24,56.27,34084715.46,0,0,0,0,yfinance,yfinance,beacon_empirical_oracle,estimado,estimado_via_depeg,4.5932,4.7,6450965311.0
2023-01-11,Post-Merge_Pre-Shapella,1387.93,1347.88,0.971144,-0.028856,-2.8856,0.037697,0.024214,0.293491,0.445274,0.235017,0.401021,4.7847,4.3062,0.4785,10.0006,0.0013,0.3807,3.9234,0.8612,4.4,4.3062,6.3891,99.45,0,0.0,6607654982.0,6554245704.0,979546538.0,271435.59,434325.17,61.54,34284128.83,0,0,0,0,yfinance,yfinance,beacon_empirical_oracle,estimado,estimado_via_depeg,4.3062,4.4,6481266893.0
2023-01-12,Post-Merge_Pre-Shapella,1417.94,1393.51,0.982771,-0.017229,-1.7229,0.021389,0.033292,0.247331,0.43494,0.251763,0.402521,5.7385,5.1647,0.5738,9.9991,0.0016,0.3822,4.7056,1.0329,5.3,5.1647,6.5931,99.45,0,0.0,6957810563.0,6901670527.0,1065907845.0,324070.74,427659.12,56.89,37306774.58,0,0,0,0,yfinance,yfinance,beacon_empirical_oracle,estimado,estimado_via_depeg,5.1647,5.3,6850557186.0
2023-01-13,Post-Merge_Pre-Shapella,1451.61,1422.38,0.979864,-0.020136,-2.0136,0.023473,0.020506,0.248763,0.439147,0.163025,0.407206,5.9494,5.3545,0.5949,9.9993,0.0016,0.3839,4.8785,1.0709,5.5,5.3545,6.9868,99.45,0,0.0,6965692285.0,6910456156.0,1149792829.0,332198.81,459882.28,58.06,40242749.02,0,0,0,0,yfinance,yfinance,beacon_empirical_oracle,estimado,estimado_via_depeg,5.3545,5.5,6985216931.0
2023-01-14,Post-Merge_Pre-Shapella,1550.71,1502.73,0.969059,-0.030941,-3.0941,0.066034,0.054953,0.346589,0.470068,0.248244,0.425124,6.4748,5.8274,0.6474,9.9988,0.0018,0.3856,5.3094,1.1655,6.0,5.8274,6.674,99.45,0,0.0,7632798212.0,7567873840.0,1215884064.0,295050.12,489032.05,62.37,42555942.24,0,0,0,0,yfinance,yfinance,beacon_empirical_oracle,estimado,estimado_via_depeg,5.8274,6.0,7415052776.0
2023-01-15,Post-Merge_Pre-Shapella,1552.48,1518.44,0.978074,-0.021926,-2.1926,0.001142,0.010397,0.397445,0.34994,0.272034,0.33448,5.2096,4.6887,0.5209,9.9988,0.0014,0.3871,4.2719,0.9377,4.8,4.6887,7.297,99.45,0,0.0,7586496588.0,7512131152.0,1233863369.0,327683.36,467085.89,58.77,43185217.92,0,0,0,0,yfinance,yfinance,beacon_empirical_oracle,estimado,estimado_via_depeg,4.6887,4.8,7515309583.0
2023-01-16,Post-Merge_Pre-Shapella,1576.83,1542.8,0.978419,-0.021581,-2.1581,0.015565,0.015917,0.405676,0.349619,0.283278,0.335302,5.4215,4.8793,0.5422,10.0009,0.0015,0.3885,4.4456,0.9759,5.0,4.8793,6.2683,99.45,0,0.0,7673741330.0,7600631508.0,1255957665.0,329515.35,466992.62,58.63,43958518.28,0,0,0,0,yfinance,yfinance,beacon_empirical_oracle,estimado,estimado_via_depeg,4.8793,5.0,7662579723.0
2023-01-17,Post-Merge_Pre-Shapella,1567.85,1534.08,0.978461,-0.021539,-2.1539,-0.005716,-0.005668,0.456665,0.351007,0.362298,0.329631,5.4215,4.8793,0.5422,10.0009,0.0015,0.39,4.4456,0.9759,5.0,4.8793,6.0893,99.45,0,0.0,7780131820.0,7707883071.0,1293871200.0,341571.76,483680.14,58.61,45285492.0,0,0,0,0,yfinance,yfinance,beacon_empirical_oracle,estimado,estimado_via_depeg,4.8793,5.0,7671843598.0
2023-01-18,Post-Merge_Pre-Shapella,1515.51,1507.78,0.994899,-0.005101,-0.5101,-0.033953,-0.01729,0.588512,0.373441,0.457842,0.337362,5.3156,4.784,0.5316,10.0008,0.0015,0.3915,4.3588,0.9568,4.9,4.784,6.1085,99.45,0,0.0,7809191232.0,7737048870.0,1255361529.0,397273.12,431069.5,52.04,43937653.52,0,0,0,0,yfinance,yfinance,beacon_empirical_oracle,estimado,estimado_via_depeg,4.784,4.9,7437888933.0
2023-01-19,Post-Merge_Pre-Shapella,1552.56,1537.32,0.990184,-0.009816,-0.9816,0.024153,0.019403,0.591366,0.358278,0.436444,0.326534,5.9494,5.3545,0.5949,9.9993,0.0016,0.3931,4.8785,1.0709,5.5,5.3545,5.7842,99.45,0,0.0,7542156346.0,7474740273.0,1276315493.0,378810.6,443261.01,53.92,44671042.26,0,0,0,0,yfinance,yfinance,beacon_empirical_oracle,estimado,estimado_via_depeg,5.3545,5.5,7570885159.0
2023-01-20,Post-Merge_Pre-Shapella,1659.75,1629.58,0.981823,-0.018177,-1.8177,0.066767,0.058279,0.709111,0.409834,0.542807,0.357536,4.8911,4.402,0.4891,9.9998,0.0013,0.3945,4.0107,0.8804,4.5,4.402,6.5191,99.45,0,0.0,7736681153.0,7668797814.0,1406336323.0,362059.05,485259.11,57.27,49221771.31,0,0,0,0,yfinance,yfinance,beacon_empirical_oracle,estimado,estimado_via_depeg,4.402,4.5,8081665298.0
2023-01-21,Post-Merge_Pre-Shapella,1627.12,1614.92,0.992502,-0.007498,-0.7498,-0.019859,-0.009037,0.630467,0.422755,0.481213,0.363917,5.7385,5.1647,0.5738,9.9991,0.0016,0.396,4.7056,1.0329,5.3,5.1647,5.8734,99.45,0,0.0,8274947307.0,8196030030.0,1405466499.0,405974.52,457801.05,53.0,49191327.46,0,0,0,0,yfinance,yfinance,beacon_empirical_oracle,estimado,estimado_via_depeg,5.1647,5.3,8089146659.0
2023-01-22,Post-Merge_Pre-Shapella,1628.38,1603.18,0.984524,-0.015476,-1.5476,0.000776,-0.007299,0.630675,0.422968,0.497648,0.367083,4.9973,4.4976,0.4997,9.9994,0.0014,0.3974,4.0978,0.8995,4.6,4.4976,5.9845,99.45,0,0.0,8178015434.0,8099691027.0,1380804802.0,371492.27,476470.0,56.19,48328168.07,0,0,0,0,yfinance,yfinance,beacon_empirical_oracle,estimado,estimado_via_depeg,4.4976,4.6,7966751218.0
2023-01-23,Post-Merge_Pre-Shapella,1628.25,1612.58,0.990376,-0.009624,-0.9624,-8e-05,0.005846,0.627587,0.423212,0.492894,0.367172,4.9973,4.4976,0.4997,9.9994,0.0014,0.3988,4.0978,0.8995,4.6,4.4976,6.0677,99.45,0,0.0,8196166621.0,8119040949.0,1383070916.0,392008.12,457413.6,53.85,48407482.06,0,0,0,0,yfinance,yfinance,beacon_empirical_oracle,estimado,estimado_via_depeg,4.4976,4.6,8125797506.0
2023-01-24,Post-Merge_Pre-Shapella,1556.6,1557.04,1.000283,0.000283,0.0283,-0.045,-0.035045,0.723576,0.462821,0.575143,0.395849,5.4215,4.8793,0.5422,10.0009,0.0015,0.4003,4.4456,0.9759,5.0,4.8793,6.0314,99.45,0,0.0,8257377782.0,8179803734.0,1550040875.0,498988.49,496797.76,49.89,54251430.63,0,0,0,0,yfinance,yfinance,beacon_empirical_oracle,estimado,estimado_via_depeg,4.8793,5.0,7787599145.0
2023-01-25,Post-Merge_Pre-Shapella,1611.71,1598.0,0.991494,-0.008506,-0.8506,0.03479,0.025964,0.703273,0.471983,0.571126,0.399984,5.844,5.2596,0.5844,10.0,0.0016,0.4019,4.7921,1.0519,5.4,5.2596,5.9645,99.45,0,0.0,7860942579.0,7787439177.0,1545085338.0,446736.55,511925.58,53.4,54077986.83,0,0,0,0,yfinance,yfinance,beacon_empirical_oracle,estimado,estimado_via_depeg,5.2596,5.4,8036826105.0
2023-01-26,Post-Merge_Pre-Shapella,1603.11,1574.07,0.981885,-0.018115,-1.8115,-0.005353,-0.015089,0.696309,0.469015,0.584492,0.397056,5.4215,4.8793,0.5422,10.0009,0.0015,0.4033,4.4456,0.9759,5.0,4.8793,5.7805,99.45,0,0.0,8214929842.0,8136103097.0,1574862881.0,419967.36,562412.44,57.25,55120200.84,0,0,0,0,yfinance,yfinance,beacon_empirical_oracle,estimado,estimado_via_depeg,4.8793,5.0,7990514125.0
2023-01-27,Post-Merge_Pre-Shapella,1598.16,1577.78,0.987248,-0.012752,-1.2752,-0.003092,0.002358,0.459063,0.460145,0.362122,0.391325,6.1599,5.5439,0.616,10.0002,0.0017,0.405,5.0511,1.1088,5.7,5.5439,5.7124,99.45,0,0.0,8105353129.0,8028783864.0,1566769556.0,440180.91,540177.47,55.1,54836934.46,0,0,0,0,yfinance,yfinance,beacon_empirical_oracle,estimado,estimado_via_depeg,5.5439,5.7,7980089286.0
2023-01-28,Post-Merge_Pre-Shapella,1572.44,1558.85,0.991357,-0.008643,-0.8643,-0.016225,-0.012072,0.452809,0.469038,0.365029,0.398842,4.9973,4.4976,0.4997,9.9994,0.0014,0.4064,4.0978,0.8995,4.6,4.4976,5.7851,99.45,0,0.0,8170358688.0,8091100051.0,1542329477.0,456488.09,524362.99,53.46,53981531.7,0,0,0,0,yfinance,yfinance,beacon_empirical_oracle,estimado,estimado_via_depeg,4.4976,4.6,7825398568.0
2023-01-29,Post-Merge_Pre-Shapella,1646.16,1631.45,0.991064,-0.008936,-0.8936,0.045817,0.04552,0.584665,0.484382,0.514053,0.416341,4.7847,4.3062,0.4785,10.0006,0.0013,0.4077,3.9234,0.8612,4.4,4.3062,5.2143,99.45,0,0.0,8090291824.0,8012036540.0,1616563685.0,455952.35,526068.65,53.57,56579728.98,0,0,0,0,yfinance,yfinance,beacon_empirical_oracle,estimado,estimado_via_depeg,4.3062,4.4,8222577842.0
2023-01-30,Post-Merge_Pre-Shapella,1567.33,1554.28,0.991674,-0.008326,-0.8326,-0.049071,-0.048459,0.690438,0.525784,0.629203,0.464283,4.9973,4.4976,0.4997,9.9994,0.0014,0.4091,4.0978,0.8995,4.6,4.4976,4.9486,99.45,0,0.0,8397851251.0,8314711589.0,1542021906.0,459164.07,524688.66,53.33,53970766.71,0,0,0,0,yfinance,yfinance,beacon_empirical_oracle,estimado,estimado_via_depeg,4.4976,4.6,7788301946.0
2023-01-31,Post-Merge_Pre-Shapella,1586.54,1569.14,0.989033,-0.010967,-1.0967,0.012181,0.009517,0.609944,0.525515,0.58134,0.46371,5.2096,4.6887,0.5209,9.9988,0.0014,0.4105,4.2719,0.9377,4.8,4.6887,5.2427,99.45,0,0.0,8022423607.0,7946000022.0,1569664618.0,451248.65,538114.76,54.39,54938261.63,0,0,0,0,yfinance,yfinance,beacon_empirical_oracle,estimado,estimado_via_depeg,4.6887,4.8,7888142136.0
2023-02-01,Post-Merge_Pre-Shapella,1641.79,1606.3,0.978383,-0.021617,-2.1617,0.034236,0.023404,0.608184,0.532664,0.574938,0.465814,5.1035,4.5932,0.5103,9.999,0.0014,0.4119,4.1849,0.9186,4.7,4.5932,5.89,99.45,0,0.0,8115827973.0,8039291883.0,1620376038.0,408106.7,578850.25,58.65,56713161.33,0,0,0,0,yfinance,yfinance,beacon_empirical_oracle,estimado,estimado_via_depeg,4.5932,4.7,8215408628.0
2023-02-02,Post-Merge_Pre-Shapella,1643.24,1630.41,0.992192,-0.007808,-0.7808,0.000882,0.0149,0.604855,0.532487,0.565416,0.46444,5.5273,4.9745,0.5528,10.0013,0.0015,0.4134,4.5324,0.9949,5.1,4.9745,5.3901,99.45,0,0.0,8617130977.0,8535224157.0,1644260355.0,469091.1,531529.84,53.12,57549112.42,0,0,0,0,yfinance,yfinance,beacon_empirical_oracle,estimado,estimado_via_depeg,4.9745,5.1,8306017890.0
2023-02-03,Post-Merge_Pre-Shapella,1664.75,1651.25,0.991891,-0.008109,-0.8109,0.013001,0.012702,0.605296,0.525727,0.567379,0.449967,5.4215,4.8793,0.5422,10.0009,0.0015,0.4149,4.4456,0.9759,5.0,4.8793,5.6161,99.45,0,0.0,8452819125.0,8373698850.0,1650352012.0,463555.85,527795.41,53.24,57762320.42,0,0,0,0,yfinance,yfinance,beacon_empirical_oracle,estimado,estimado_via_depeg,4.8793,5.0,8321479253.0
2023-02-04,Post-Merge_Pre-Shapella,1667.06,1649.31,0.989353,-0.010647,-1.0647,0.001389,-0.001174,0.579043,0.524047,0.550894,0.450314,5.4215,4.8793,0.5422,10.0009,0.0015,0.4164,4.4456,0.9759,5.0,4.8793,4.642,99.45,0,0.0,8549030272.0,8467806233.0,1664329520.0,456650.82,541711.27,54.26,58251533.2,0,0,0,0,yfinance,yfinance,beacon_empirical_oracle,estimado,estimado_via_depeg,4.8793,5.0,8455770307.0
2023-02-05,Post-Merge_Pre-Shapella,1631.65,1614.51,0.989495,-0.010505,-1.0505,-0.021472,-0.021329,0.514422,0.534634,0.481471,0.460165,4.9973,4.4976,0.4997,9.9994,0.0014,0.4178,4.0978,0.8995,4.6,4.4976,4.5616,99.45,0,0.0,8562793255.0,8483219266.0,1612137925.0,452523.01,535518.5,54.2,56424827.38,0,0,0,0,yfinance,yfinance,beacon_empirical_oracle,estimado,estimado_via_depeg,4.4976,4.6,8259229000.0
2023-02-06,Post-Merge_Pre-Shapella,1616.25,1607.05,0.994308,-0.005692,-0.5692,-0.009482,-0.004633,0.340712,0.536559,0.285528,0.462488,4.9973,4.4976,0.4997,9.9994,0.0014,0.4191,4.0978,0.8995,4.6,4.4976,4.5408,99.45,0,0.0,8447541188.0,8369179136.0,1611088168.0,475675.96,521130.33,52.28,56388085.88,0,0,0,0,yfinance,yfinance,beacon_empirical_oracle,estimado,estimado_via_depeg,4.4976,4.6,8299876201.0
2023-02-07,Post-Merge_Pre-Shapella,1672.0,1641.23,0.981597,-0.018403,-1.8403,0.033916,0.021048,0.401644,0.543034,0.308415,0.463322,5.4215,4.8793,0.5422,10.0009,0.0015,0.4206,4.4456,0.9759,5.0,4.8793,4.7344,99.45,0,0.0,8366392538.0,8291196516.0,1641712736.0,418676.02,563209.58,57.36,57459945.76,0,0,0,0,yfinance,yfinance,beacon_empirical_oracle,estimado,estimado_via_depeg,4.8793,5.0,8426802837.0
2023-02-08,Post-Merge_Pre-Shapella,1650.72,1631.05,0.988084,-0.011916,-1.1916,-0.012813,-0.006223,0.35167,0.54427,0.282235,0.462373,5.5273,4.9745,0.5528,10.0013,0.0015,0.4221,4.5324,0.9949,5.1,4.9745,5.0119,99.45,0,0.0,8690052411.0,8610421720.0,1630460905.0,446748.97,540978.14,54.77,57066131.68,0,0,0,0,yfinance,yfinance,beacon_empirical_oracle,estimado,estimado_via_depeg,4.9745,5.1,8334264841.0
2023-02-09,Post-Merge_Pre-Shapella,1546.44,1540.13,0.99592,-0.00408,-0.408,-0.065255,-0.057354,0.592356,0.600036,0.489993,0.513062,5.844,5.2596,0.5844,10.0,0.0016,0.4237,4.7921,1.0519,5.4,5.2596,5.0831,99.45,0,0.0,8542928906.0,8466450810.0,1514634676.0,473751.84,505681.36,51.63,53012213.66,0,0,0,0,yfinance,yfinance,beacon_empirical_oracle,estimado,estimado_via_depeg,5.2596,5.4,7839454933.0
2023-02-10,Post-Merge_Pre-Shapella,1514.87,1506.99,0.994798,-0.005202,-0.5202,-0.020625,-0.021756,0.566717,0.594324,0.463291,0.516721,5.5273,4.9745,0.5528,10.0013,0.0015,0.4252,4.5324,0.9949,5.1,4.9745,5.2117,99.45,0,0.0,8023060718.0,7954950421.0,1497645992.0,473751.52,514878.53,52.08,52417609.72,0,0,0,0,yfinance,yfinance,beacon_empirical_oracle,estimado,estimado_via_depeg,4.9745,5.1,7681386223.0
2023-02-11,Post-Merge_Pre-Shapella,1539.93,1523.61,0.989402,-0.010598,-1.0598,0.016406,0.010971,0.600074,0.592627,0.48979,0.506405,5.2096,4.6887,0.5209,9.9988,0.0014,0.4267,4.2719,0.9377,4.8,4.6887,5.1467,99.45,0,0.0,7859431410.0,7791264243.0,1521430062.0,452102.63,535883.88,54.24,53250052.17,0,0,0,0,yfinance,yfinance,beacon_empirical_oracle,estimado,estimado_via_depeg,4.6887,4.8,7769949290.0
2023-02-12,Post-Merge_Pre-Shapella,1515.03,1507.98,0.995347,-0.004653,-0.4653,-0.016297,-0.010316,0.595903,0.591359,0.482508,0.504384,4.7847,4.3062,0.4785,10.0006,0.0013,0.428,3.9234,0.8612,4.4,4.3062,5.0406,99.45,0,0.0,7987098943.0,7918021544.0,1524403452.0,484378.41,521808.56,51.86,53354120.82,0,0,0,0,yfinance,yfinance,beacon_empirical_oracle,estimado,estimado_via_depeg,4.3062,4.4,7657049802.0
2023-02-13,Post-Merge_Pre-Shapella,1507.17,1474.76,0.978496,-0.021504,-2.1504,-0.005207,-0.022275,0.597187,0.543683,0.48791,0.473207,5.4215,4.8793,0.5422,10.0009,0.0015,0.4295,4.4456,0.9759,5.0,4.8793,4.5484,99.45,0,0.0,7878311523.0,7807991831.0,1460216887.0,401102.59,567744.25,58.6,51107591.04,0,0,0,0,yfinance,yfinance,beacon_empirical_oracle,estimado,estimado_via_depeg,4.8793,5.0,7574235205.0
2023-02-14,Post-Merge_Pre-Shapella,1556.88,1526.8,0.980679,-0.019321,-1.9321,0.03245,0.03468,0.590689,0.556026,0.550463,0.487686,5.2096,4.6887,0.5209,9.9988,0.0014,0.4309,4.2719,0.9377,4.8,4.6887,5.0201,99.45,0,0.0,7828716249.0,7760411512.0,1553149603.0,421687.18,575916.75,57.73,54360236.1,0,0,0,0,yfinance,yfinance,beacon_empirical_oracle,estimado,estimado_via_depeg,4.6887,4.8,7916797626.0
2023-02-15,Post-Merge_Pre-Shapella,1673.75,1642.27,0.981192,-0.018808,-1.8808,0.072384,0.072907,0.836791,0.608744,0.817918,0.547653,6.9978,6.298,0.6998,10.0003,0.0019,0.4328,5.7382,1.2596,6.5,6.298,4.8985,99.45,0,0.0,8094204866.0,8023488922.0,1661514104.0,421694.51,570995.02,57.52,58152993.64,0,0,0,0,yfinance,yfinance,beacon_empirical_oracle,estimado,estimado_via_depeg,6.298,6.5,8504350968.0
2023-02-16,Post-Merge_Pre-Shapella,1640.07,1628.86,0.993165,-0.006835,-0.6835,-0.020327,-0.008199,0.661777,0.613189,0.66792,0.548175,5.7385,5.1647,0.5738,9.9991,0.0016,0.4344,4.7056,1.0329,5.3,5.1647,5.7768,99.45,0,0.0,8828021852.0,8751260418.0,1652098020.0,476166.71,531167.14,52.73,57823430.7,0,0,0,0,yfinance,yfinance,beacon_empirical_oracle,estimado,estimado_via_depeg,5.1647,5.3,8610763753.0
2023-02-17,Post-Merge_Pre-Shapella,1694.78,1671.56,0.986299,-0.013701,-1.3701,0.032817,0.025877,0.631001,0.608813,0.626074,0.549734,5.4215,4.8793,0.5422,10.0009,0.0015,0.4359,4.4456,0.9759,5.0,4.8793,5.3411,99.45,0,0.0,8670649255.0,8596728960.0,1691994145.0,444468.19,553888.03,55.48,59219795.08,0,0,0,0,yfinance,yfinance,beacon_empirical_oracle,estimado,estimado_via_depeg,4.8793,5.0,8626600457.0
2023-02-18,Post-Merge_Pre-Shapella,1691.82,1673.98,0.989455,-0.010545,-1.0545,-0.00175,0.001446,0.643837,0.604564,0.633359,0.546731,5.844,5.2596,0.5844,10.0,0.0016,0.4375,4.7921,1.0519,5.4,5.2596,5.3282,99.45,0,0.0,8921567312.0,8842640157.0,1684013039.0,455687.47,539698.0,54.22,58940456.36,0,0,0,0,yfinance,yfinance,beacon_empirical_oracle,estimado,estimado_via_depeg,5.2596,5.4,8695335093.0
2023-02-19,Post-Merge_Pre-Shapella,1681.44,1667.24,0.991555,-0.008445,-0.8445,-0.006156,-0.004031,0.619032,0.559369,0.62051,0.509111,5.4215,4.8793,0.5422,10.0009,0.0015,0.439,4.4456,0.9759,5.0,4.8793,5.3845,99.45,0,0.0,8938626175.0,8858545567.0,1679012935.0,465527.07,533029.49,53.38,58765452.73,0,0,0,0,yfinance,yfinance,beacon_empirical_oracle,estimado,estimado_via_depeg,4.8793,5.0,8689677236.0
2023-02-20,Post-Merge_Pre-Shapella,1702.68,1674.01,0.983162,-0.016838,-1.6838,0.012552,0.004049,0.596849,0.555985,0.551256,0.507986,5.3156,4.784,0.5316,10.0008,0.0015,0.4404,4.3588,0.9568,4.9,4.784,5.0258,99.45,0,0.0,8856689609.0,8773461425.0,1691070211.0,429749.62,563431.84,56.73,59187457.39,0,0,0,0,yfinance,yfinance,beacon_empirical_oracle,estimado,estimado_via_depeg,4.784,4.9,8805981338.0
2023-02-21,Post-Merge_Pre-Shapella,1658.04,1642.2,0.990447,-0.009553,-0.9553,-0.026567,-0.019185,0.655706,0.564555,0.588678,0.512163,5.4215,4.8793,0.5422,10.0009,0.0015,0.4419,4.4456,0.9759,5.0,4.8793,4.9587,99.45,0,0.0,9034278122.0,8945698340.0,1636871087.0,455904.0,531328.57,53.82,57290488.04,0,0,0,0,yfinance,yfinance,beacon_empirical_oracle,estimado,estimado_via_depeg,4.8793,5.0,8518937163.0
2023-02-22,Post-Merge_Pre-Shapella,1643.23,1619.1,0.985316,-0.014684,-1.4684,-0.008969,-0.014166,0.384208,0.565541,0.282459,0.514434,5.7385,5.1647,0.5738,9.9991,0.0016,0.4435,4.7056,1.0329,5.3,5.1647,5.2626,99.45,0,0.0,8796116232.0,8712571509.0,1632143646.0,438322.69,554930.63,55.87,57125027.61,0,0,0,0,yfinance,yfinance,beacon_empirical_oracle,estimado,estimado_via_depeg,5.1647,5.3,8433148902.0
2023-02-23,Post-Merge_Pre-Shapella,1651.07,1645.52,0.996639,-0.003361,-0.3361,0.004761,0.016188,0.355546,0.541492,0.30412,0.501206,5.4215,4.8793,0.5422,10.0009,0.0015,0.445,4.4456,0.9759,5.0,4.8793,5.412,99.45,0,0.0,8716993448.0,8637134669.0,1644501586.0,484664.17,511357.55,51.34,57557555.51,0,0,0,0,yfinance,yfinance,beacon_empirical_oracle,estimado,estimado_via_depeg,4.8793,5.0,8543493058.0
2023-02-24,Post-Merge_Pre-Shapella,1608.37,1596.73,0.992763,-0.007237,-0.7237,-0.026203,-0.030099,0.281518,0.536727,0.299227,0.505377,5.1035,4.5932,0.5103,9.999,0.0014,0.4464,4.1849,0.9186,4.7,4.5932,5.1258,99.45,0,0.0,8763753873.0,8684516652.0,1603065907.0,469446.73,527255.46,52.9,56107306.74,0,0,0,0,yfinance,yfinance,beacon_empirical_oracle,estimado,estimado_via_depeg,4.5932,4.7,8334585062.0
2023-02-25,Post-Merge_Pre-Shapella,1594.91,1593.82,0.999317,-0.000683,-0.0683,-0.008403,-0.001828,0.277355,0.53721,0.294812,0.502512,4.8911,4.402,0.4891,9.9998,0.0013,0.4477,4.0107,0.8804,4.5,4.402,5.0396,99.45,0,0.0,8534063544.0,8458180562.0,1585755368.0,494346.12,499913.98,50.28,55501437.88,0,0,0,0,yfinance,yfinance,beacon_empirical_oracle,estimado,estimado_via_depeg,4.402,4.5,8501429801.0
2023-02-26,Post-Merge_Pre-Shapella,1640.82,1625.83,0.990864,-0.009136,-0.9136,0.028374,0.019887,0.385531,0.546193,0.354137,0.507064,4.4649,4.0184,0.4465,10.0002,0.0012,0.4489,3.6612,0.8037,4.1,4.0184,5.0421,99.45,0,0.0,8785443412.0,8711764082.0,1631517441.0,460872.21,533458.34,53.65,57103110.44,0,0,0,0,yfinance,yfinance,beacon_empirical_oracle,estimado,estimado_via_depeg,4.0184,4.1,8975443870.0
2023-02-27,Post-Merge_Pre-Shapella,1634.33,1625.0,0.994291,-0.005709,-0.5709,-0.003964,-0.00051,0.361407,0.543026,0.349653,0.504911,4.3581,3.9223,0.4358,9.9998,0.0012,0.4501,3.5736,0.7845,4.0,3.9223,5.1954,99.45,0,0.0,9147403554.0,9071533823.0,1623398414.0,474008.14,519303.13,52.28,56818944.49,0,0,0,0,yfinance,yfinance,beacon_empirical_oracle,estimado,estimado_via_depeg,3.9223,4.0,9157302947.0
2023-02-28,Post-Merge_Pre-Shapella,1605.9,1605.51,0.999757,-0.000243,-0.0243,-0.017549,-0.012069,0.334857,0.522207,0.334608,0.480943,4.9973,4.4976,0.4997,9.9994,0.0014,0.4515,4.0978,0.8995,4.6,4.4976,4.9929,99.45,0,0.0,9369689599.0,9294069212.0,1691595377.0,525628.05,527734.78,50.1,59205838.2,0,0,0,0,yfinance,yfinance,beacon_empirical_oracle,estimado,estimado_via_depeg,4.4976,4.6,9119343201.0
2023-03-01,Post-Merge_Pre-Shapella,1663.43,1654.11,0.994397,-0.005603,-0.5603,0.035203,0.029822,0.436116,0.506716,0.392833,0.459811,4.7847,4.3062,0.4785,10.0006,0.0013,0.4528,3.9234,0.8612,4.4,4.3062,5.0665,99.45,0,0.0,9296825148.0,9223785930.0,1749475058.0,502305.05,549422.44,52.24,61231627.03,0,0,0,0,yfinance,yfinance,beacon_empirical_oracle,estimado,estimado_via_depeg,4.3062,4.4,9392012530.0
2023-03-02,Post-Merge_Pre-Shapella,1647.32,1634.48,0.992206,-0.007794,-0.7794,-0.009735,-0.011936,0.442533,0.506932,0.388106,0.461526,5.2096,4.6887,0.5209,9.9988,0.0014,0.4542,4.2719,0.9377,4.8,4.6887,4.995,99.45,0,0.0,9620593714.0,9545076720.0,1784141979.0,507737.27,575320.05,53.12,62444969.27,0,0,0,0,yfinance,yfinance,beacon_empirical_oracle,estimado,estimado_via_depeg,4.6887,4.8,9357036499.0
2023-03-03,Post-Merge_Pre-Shapella,1569.17,1564.2,0.996833,-0.003167,-0.3167,-0.048604,-0.043952,0.540861,0.521243,0.457977,0.480447,5.633,5.0697,0.5633,10.0,0.0015,0.4558,4.619,1.0139,5.2,5.0697,5.1323,99.45,0,0.0,9557902329.0,9483236350.0,1692888014.0,525720.18,553122.79,51.27,59251080.49,0,0,0,0,yfinance,yfinance,beacon_empirical_oracle,estimado,estimado_via_depeg,5.0697,5.2,8892671081.0
2023-03-04,Post-Merge_Pre-Shapella,1566.92,1560.42,0.995852,-0.004148,-0.4148,-0.001431,-0.002418,0.539377,0.521172,0.45791,0.477071,4.7847,4.3062,0.4785,10.0006,0.0013,0.4571,3.9234,0.8612,4.4,4.3062,5.065,99.45,0,0.0,9153048248.0,9080209347.0,1687275069.0,520529.94,556280.03,51.66,59054627.42,0,0,0,0,yfinance,yfinance,beacon_empirical_oracle,estimado,estimado_via_depeg,4.3062,4.4,8893195751.0
2023-03-05,Post-Merge_Pre-Shapella,1564.47,1556.13,0.994669,-0.005331,-0.5331,-0.001568,-0.002755,0.474443,0.518511,0.416288,0.474334,4.7847,4.3062,0.4785,10.0006,0.0013,0.4584,3.9234,0.8612,4.4,4.3062,4.7666,99.45,0,0.0,9137117452.0,9065150337.0,1690468596.0,517253.33,563284.23,52.13,59166400.86,0,0,0,0,yfinance,yfinance,beacon_empirical_oracle,estimado,estimado_via_depeg,4.3062,4.4,8949243946.0
2023-03-06,Post-Merge_Pre-Shapella,1567.4,1561.54,0.996261,-0.003739,-0.3739,0.001871,0.003473,0.478424,0.518554,0.420605,0.474709,4.5716,4.1144,0.4572,10.0009,0.0013,0.4596,3.7487,0.8229,4.2,4.1144,3.7856,99.45,0,0.0,9147314197.0,9070411084.0,1692669690.0,523870.15,556051.82,51.49,59243439.15,0,0,0,0,yfinance,yfinance,beacon_empirical_oracle,estimado,estimado_via_depeg,4.1144,4.2,8951541051.0
2023-03-07,Post-Merge_Pre-Shapella,1561.93,1552.76,0.994129,-0.005871,-0.5871,-0.003493,-0.005643,0.468396,0.513851,0.417224,0.469724,5.4215,4.8793,0.5422,10.0009,0.0015,0.4611,4.4456,0.9759,5.0,4.8793,3.7284,99.45,0,0.0,9127026748.0,9050953704.0,1650315880.0,503463.99,553123.61,52.35,57761055.8,0,0,0,0,yfinance,yfinance,beacon_empirical_oracle,estimado,estimado_via_depeg,4.8793,5.0,8854505893.0
2023-03-08,Post-Merge_Pre-Shapella,1534.09,1522.33,0.992334,-0.007666,-0.7666,-0.017988,-0.019789,0.336813,0.516374,0.305937,0.474033,4.9973,4.4976,0.4997,9.9994,0.0014,0.4625,4.0978,0.8995,4.6,4.4976,3.9715,99.45,0,0.0,9173596299.0,9098521815.0,1649500320.0,504605.66,570624.81,53.07,57732511.2,0,0,0,0,yfinance,yfinance,beacon_empirical_oracle,estimado,estimado_via_depeg,4.4976,4.6,8887470447.0
2023-03-09,Post-Merge_Pre-Shapella,1438.66,1437.47,0.999173,-0.000827,-0.0827,-0.064224,-0.057359,0.506093,0.543821,0.448997,0.504379,4.8911,4.402,0.4891,9.9998,0.0013,0.4638,4.0107,0.8804,4.5,4.402,3.8305,99.45,0,0.0,8969852117.0,8900073423.0,1540592335.0,531892.33,538959.95,50.33,53920731.72,0,0,0,0,yfinance,yfinance,beacon_empirical_oracle,estimado,estimado_via_depeg,4.402,4.5,8296217480.0
2023-03-10,Post-Merge_Pre-Shapella,1429.16,1432.91,1.002624,0.002624,0.2624,-0.006627,-0.003178,0.445638,0.543132,0.401589,0.504354,5.844,5.2596,0.5844,10.0,0.0016,0.4654,4.7921,1.0519,5.4,5.2596,3.8964,99.45,0,0.0,8374692207.0,8310514624.0,1518476445.0,542404.09,520091.68,48.95,53146675.58,0,0,0,0,yfinance,yfinance,beacon_empirical_oracle,estimado,estimado_via_depeg,5.2596,5.4,8156017042.0
2023-03-11,Post-Merge_Pre-Shapella,1482.62,1478.07,0.996931,-0.003069,-0.3069,0.036723,0.031033,0.574312,0.516081,0.510636,0.481061,6.6843,6.0159,0.6684,9.9996,0.0018,0.4673,5.4811,1.2032,6.2,6.0159,4.63,99.45,0,0.0,8448997878.0,8381550725.0,1219518624.0,401154.2,421388.75,51.23,42683151.84,0,0,0,0,yfinance,yfinance,beacon_empirical_oracle,estimado,estimado_via_depeg,6.0159,6.2,8444113663.0
2023-03-12,Post-Merge_Pre-Shapella,1590.29,1569.03,0.986631,-0.013369,-1.3369,0.07011,0.059719,0.808057,0.567984,0.708658,0.519977,6.6843,6.0159,0.6684,9.9996,0.0018,0.4691,5.4811,1.2032,6.2,6.0159,8.2123,99.45,0,0.0,8622372276.0,8556182153.0,1300877208.0,365242.61,452769.96,55.35,45530702.28,0,0,0,0,yfinance,yfinance,beacon_empirical_oracle,estimado,estimado_via_depeg,6.0159,6.2,8901295766.0
2023-03-13,Post-Merge_Pre-Shapella,1680.31,1659.49,0.987609,-0.012391,-1.2391,0.055059,0.056054,0.892995,0.595963,0.813039,0.553199,7.2063,6.4857,0.7206,9.9996,0.002,0.4711,5.9092,1.2971,6.7,6.4857,7.833,99.45,0,0.0,9520656812.0,9446366487.0,1428298229.0,382849.31,467171.36,54.96,49990438.02,0,0,0,0,yfinance,yfinance,beacon_empirical_oracle,estimado,estimado_via_depeg,6.4857,6.7,9668155721.0
2023-03-14,Post-Merge_Pre-Shapella,1703.51,1692.82,0.993725,-0.006275,-0.6275,0.013711,0.019886,0.885868,0.592976,0.806532,0.554183,7.1021,6.3919,0.7102,9.9999,0.0019,0.473,5.8237,1.2784,6.6,6.3919,8.2631,99.45,0,0.0,9891676011.0,9816987222.0,1444230008.0,402618.61,445178.0,52.51,50548050.28,0,0,0,0,yfinance,yfinance,beacon_empirical_oracle,estimado,estimado_via_depeg,6.3919,6.6,9817252564.0
2023-03-15,Post-Merge_Pre-Shapella,1656.18,1638.49,0.989319,-0.010681,-1.0681,-0.028175,-0.032621,0.909852,0.602751,0.842161,0.56145,7.1021,6.3919,0.7102,9.9999,0.0019,0.475,5.8237,1.2784,6.6,6.3919,4.8191,99.45,0,0.0,10064792571.0,9988454159.0,1413595427.0,390318.2,463209.46,54.27,49475839.95,0,0,0,0,yfinance,yfinance,beacon_empirical_oracle,estimado,estimado_via_depeg,6.3919,6.6,9584519671.0
2023-03-16,Post-Merge_Pre-Shapella,1677.22,1662.73,0.991361,-0.008639,-0.8639,0.012621,0.014685,0.658032,0.594529,0.620506,0.551726,7.2063,6.4857,0.7206,9.9996,0.002,0.4769,5.9092,1.2971,6.7,6.4857,4.8764,99.45,0,0.0,9788876042.0,9717978273.0,1426485651.0,395910.54,454595.45,53.45,49926997.78,0,0,0,0,yfinance,yfinance,beacon_empirical_oracle,estimado,estimado_via_depeg,6.4857,6.7,9677336666.0
2023-03-17,Post-Merge_Pre-Shapella,1792.49,1770.73,0.98786,-0.01214,-1.214,0.066468,0.06293,0.676569,0.586073,0.64813,0.536672,7.6221,6.8599,0.7622,9.9999,0.0021,0.479,6.2502,1.372,7.1,6.8599,4.7583,99.45,0,0.0,9900397520.0,9828332890.0,1509757535.0,380199.92,462068.4,54.86,52841513.72,0,0,0,0,yfinance,yfinance,beacon_empirical_oracle,estimado,estimado_via_depeg,6.8599,7.1,10229989095.0
2023-03-18,Post-Merge_Pre-Shapella,1761.66,1762.07,1.000233,0.000233,0.0233,-0.017347,-0.004903,0.76255,0.584716,0.695661,0.535967,6.8934,6.2041,0.6893,9.9994,0.0019,0.4809,5.6526,1.2408,6.4,6.2041,5.1703,99.45,0,0.0,10655292075.0,10574998361.0,1502837669.0,427307.99,425772.44,49.91,52599318.42,0,0,0,0,yfinance,yfinance,beacon_empirical_oracle,estimado,estimado_via_depeg,6.2041,6.4,10353695377.0
2023-03-19,Post-Merge_Pre-Shapella,1785.58,1783.2,0.998667,-0.001333,-0.1333,0.013485,0.011925,0.659836,0.575873,0.633867,0.530529,6.0547,5.4492,0.6055,10.0005,0.0017,0.4826,4.9648,1.0898,5.6,5.4492,4.2654,99.45,0,0.0,10571024285.0,10492851155.0,1528632357.0,423511.93,432586.57,50.53,53502132.5,0,0,0,0,yfinance,yfinance,beacon_empirical_oracle,estimado,estimado_via_depeg,5.4492,5.6,10516009677.0
2023-03-20,Post-Merge_Pre-Shapella,1735.32,1733.6,0.999009,-0.000991,-0.0991,-0.028549,-0.028211,0.638834,0.585424,0.620291,0.54101,6.37,5.733,0.637,10.0,0.0017,0.4843,5.2234,1.1466,5.9,5.733,3.7241,99.45,0,0.0,10585485878.0,10507305636.0,1695710448.0,484678.55,492495.95,50.4,59349865.68,0,0,0,0,yfinance,yfinance,beacon_empirical_oracle,estimado,estimado_via_depeg,5.733,5.9,10243387759.0
2023-03-21,Post-Merge_Pre-Shapella,1806.76,1791.49,0.991548,-0.008452,-0.8452,0.040343,0.032845,0.688917,0.600693,0.644229,0.551735,5.9494,5.3545,0.5949,9.9993,0.0016,0.4859,4.8785,1.0709,5.5,5.3545,6.2862,99.45,0,0.0,10481967474.0,10403644940.0,1728478835.0,446001.04,510672.14,53.38,60496759.23,0,0,0,0,yfinance,yfinance,beacon_empirical_oracle,estimado,estimado_via_depeg,5.3545,5.5,10485051230.0
2023-03-22,Post-Merge_Pre-Shapella,1737.72,1728.44,0.99466,-0.00534,-0.534,-0.038963,-0.035824,0.727112,0.616401,0.656835,0.567535,5.844,5.2596,0.5844,10.0,0.0016,0.4875,4.7921,1.0519,5.4,5.2596,3.9708,99.45,0,0.0,10692277198.0,10614755662.0,1657642640.0,456640.62,497277.53,52.13,58017492.4,0,0,0,0,yfinance,yfinance,beacon_empirical_oracle,estimado,estimado_via_depeg,5.2596,5.4,10071707518.0
2023-03-23,Post-Merge_Pre-Shapella,1816.41,1800.82,0.991417,-0.008583,-0.8583,0.044287,0.041019,0.776629,0.626447,0.700128,0.579226,5.7385,5.1647,0.5738,9.9991,0.0016,0.4891,4.7056,1.0329,5.3,5.1647,3.661,99.45,0,0.0,10415577735.0,10340521694.0,1740900984.0,446340.63,512088.9,53.43,60931534.44,0,0,0,0,yfinance,yfinance,beacon_empirical_oracle,estimado,estimado_via_depeg,5.1647,5.3,10630295091.0
2023-03-24,Post-Merge_Pre-Shapella,1752.04,1746.69,0.996946,-0.003054,-0.3054,-0.036076,-0.030519,0.681377,0.639977,0.599682,0.588093,5.633,5.0697,0.5633,10.0,0.0015,0.4907,4.619,1.0139,5.2,5.0697,3.813,99.45,0,0.0,10782514766.0,10704953033.0,1676245503.0,466697.42,490041.86,51.22,58668592.6,0,0,0,0,yfinance,yfinance,beacon_empirical_oracle,estimado,estimado_via_depeg,5.0697,5.2,10226382797.0
2023-03-25,Post-Merge_Pre-Shapella,1743.76,1739.1,0.997328,-0.002672,-0.2672,-0.004737,-0.004354,0.671531,0.640344,0.599531,0.58645,5.4215,4.8793,0.5422,10.0009,0.0015,0.4921,4.4456,0.9759,5.0,4.8793,3.7159,99.45,0,0.0,10512456268.0,10439549436.0,1673681279.0,469635.87,490175.84,51.07,58578844.77,0,0,0,0,yfinance,yfinance,beacon_empirical_oracle,estimado,estimado_via_depeg,4.8793,5.0,10168213566.0
2023-03-26,Post-Merge_Pre-Shapella,1775.68,1771.58,0.997691,-0.002309,-0.2309,0.018135,0.018503,0.678628,0.634572,0.610522,0.577567,5.4215,4.8793,0.5422,10.0009,0.0015,0.4936,4.4456,0.9759,5.0,4.8793,3.5547,99.45,0,0.0,10462997085.0,10389578498.0,1698248225.0,469397.77,486995.4,50.92,59438687.88,0,0,0,0,yfinance,yfinance,beacon_empirical_oracle,estimado,estimado_via_depeg,4.8793,5.0,10323628746.0
2023-03-27,Post-Merge_Pre-Shapella,1715.46,1713.9,0.999091,-0.000909,-0.0909,-0.0345,-0.0331,0.694607,0.647036,0.624667,0.59131,4.7847,4.3062,0.4785,10.0006,0.0013,0.4949,3.9234,0.8612,4.4,4.3062,3.4657,99.45,0,0.0,10626234935.0,10551195373.0,1652734626.0,478249.26,485185.99,50.36,57845711.91,0,0,0,0,yfinance,yfinance,beacon_empirical_oracle,estimado,estimado_via_depeg,4.3062,4.4,10061552075.0
2023-03-28,Post-Merge_Pre-Shapella,1772.79,1758.34,0.991849,-0.008151,-0.8151,0.03287,0.025599,0.668743,0.64949,0.602123,0.593764,4.8911,4.402,0.4891,9.9998,0.0013,0.4963,4.0107,0.8804,4.5,4.402,3.8116,99.45,0,0.0,10517427391.0,10444231270.0,1699624764.0,448109.82,510618.94,53.26,59486866.74,0,0,0,0,yfinance,yfinance,beacon_empirical_oracle,estimado,estimado_via_depeg,4.402,4.5,10389190920.0
2023-03-29,Post-Merge_Pre-Shapella,1793.0,1786.82,0.996553,-0.003447,-0.3447,0.011339,0.016069,0.597739,0.649744,0.541877,0.595481,4.8911,4.402,0.4891,9.9998,0.0013,0.4976,4.0107,0.8804,4.5,4.402,4.2267,99.45,0,0.0,10613089441.0,10539402396.0,1719645095.0,466308.67,492779.5,51.38,60187578.32,0,0,0,0,yfinance,yfinance,beacon_empirical_oracle,estimado,estimado_via_depeg,4.402,4.5,10601059651.0
2023-03-30,Post-Merge_Pre-Shapella,1792.74,1772.42,0.988665,-0.011335,-1.1335,-0.000148,-0.008093,0.494982,0.645609,0.45017,0.594361,4.8911,4.402,0.4891,9.9998,0.0013,0.499,4.0107,0.8804,4.5,4.402,3.7378,99.45,0,0.0,10731866826.0,10656210827.0,1709778645.0,433658.17,520065.54,54.53,59842252.58,0,0,0,0,yfinance,yfinance,beacon_empirical_oracle,estimado,estimado_via_depeg,4.402,4.5,10547319332.0
2023-03-31,Post-Merge_Pre-Shapella,1822.02,1807.98,0.992294,-0.007706,-0.7706,0.016203,0.019862,0.412277,0.637276,0.402309,0.589764,4.8911,4.402,0.4891,9.9998,0.0013,0.5003,4.0107,0.8804,4.5,4.402,3.9539,99.45,0,0.0,10815594771.0,10741299235.0,1734361289.0,446626.45,505262.82,53.08,60702645.12,0,0,0,0,yfinance,yfinance,beacon_empirical_oracle,estimado,estimado_via_depeg,4.402,4.5,10747720943.0
2023-04-01,Post-Merge_Pre-Shapella,1813.86,1796.33,0.990336,-0.009664,-0.9664,-0.004489,-0.00646,0.411903,0.636215,0.405539,0.588331,4.8911,4.402,0.4891,9.9998,0.0013,0.5016,4.0107,0.8804,4.5,4.402,3.6543,99.45,0,0.0,10922627300.0,10846154469.0,1731589450.0,440376.99,514266.39,53.87,60605630.75,0,0,0,0,yfinance,yfinance,beacon_empirical_oracle,estimado,estimado_via_depeg,4.402,4.5,10730333898.0
2023-04-02,Post-Merge_Pre-Shapella,1795.71,1789.78,0.996698,-0.003302,-0.3302,-0.010058,-0.003658,0.410141,0.610386,0.390708,0.564016,4.8911,4.402,0.4891,9.9998,0.0013,0.503,4.0107,0.8804,4.5,4.402,3.7086,99.45,0,0.0,10886658031.0,10810973548.0,1690859505.0,458376.02,483234.54,51.32,59180082.68,0,0,0,0,yfinance,yfinance,beacon_empirical_oracle,estimado,estimado_via_depeg,4.402,4.5,10521211443.0
2023-04-03,Post-Merge_Pre-Shapella,1810.3,1790.99,0.989333,-0.010667,-1.0667,0.008092,0.000678,0.275179,0.610127,0.26479,0.563642,4.7847,4.3062,0.4785,10.0006,0.0013,0.5043,3.9234,0.8612,4.4,4.3062,3.4645,99.45,0,0.0,10737547005.0,10663603877.0,1697154669.0,428718.35,508780.78,54.27,59400413.42,0,0,0,0,yfinance,yfinance,beacon_empirical_oracle,estimado,estimado_via_depeg,4.3062,4.4,10644717155.0
2023-04-04,Post-Merge_Pre-Shapella,1871.01,1852.09,0.989888,-0.010112,-1.0112,0.032985,0.033548,0.275816,0.617439,0.303457,0.571849,4.6782,4.2104,0.4678,9.9996,0.0013,0.5056,3.8361,0.8421,4.3,4.2104,3.7184,99.45,0,0.0,10843923673.0,10769634815.0,1747037045.0,429146.95,504593.14,54.04,61146296.58,0,0,0,0,yfinance,yfinance,beacon_empirical_oracle,estimado,estimado_via_depeg,4.2104,4.3,11061158560.0
2023-04-05,Post-Merge_Pre-Shapella,1909.11,1903.86,0.99725,-0.00275,-0.275,0.020163,0.027568,0.289894,0.619207,0.333287,0.576768,4.6782,4.2104,0.4678,9.9996,0.0013,0.5069,3.8361,0.8421,4.3,4.2104,3.3954,99.45,0,0.0,11425885344.0,11348682337.0,1786002985.0,457467.33,478048.69,51.1,62510104.48,0,0,0,0,yfinance,yfinance,beacon_empirical_oracle,estimado,estimado_via_depeg,4.2104,4.3,11281430579.0
2023-04-06,Post-Merge_Pre-Shapella,1872.92,1866.38,0.996508,-0.003492,-0.3492,-0.019139,-0.019881,0.351993,0.624788,0.378062,0.582681,4.5716,4.1144,0.4572,10.0009,0.0013,0.5081,3.7487,0.8229,4.2,4.1144,3.2796,99.45,0,0.0,11410804306.0,11335273757.0,1744523307.0,452682.62,478763.1,51.4,61058315.74,0,0,0,0,yfinance,yfinance,beacon_empirical_oracle,estimado,estimado_via_depeg,4.1144,4.2,11015495421.0
2023-04-07,Post-Merge_Pre-Shapella,1865.64,1858.66,0.996259,-0.003741,-0.3741,-0.003898,-0.004148,0.347315,0.619878,0.369495,0.576444,4.5716,4.1144,0.4572,10.0009,0.0013,0.5094,3.7487,0.8229,4.2,4.1144,3.148,99.45,0,0.0,11306862801.0,11229897229.0,1740230620.0,452398.02,480381.41,51.5,60908071.7,0,0,0,0,yfinance,yfinance,beacon_empirical_oracle,estimado,estimado_via_depeg,4.1144,4.2,10972797807.0
2023-04-08,Post-Merge_Pre-Shapella,1849.5,1845.06,0.997599,-0.002401,-0.2401,-0.008688,-0.007345,0.354353,0.568219,0.371063,0.53116,4.4649,4.0184,0.4465,10.0002,0.0012,0.5106,3.6612,0.8037,4.1,4.0184,3.0952,99.45,0,0.0,11169270827.0,11103060931.0,1698241800.0,450293.47,467923.23,50.96,59438463.0,0,0,0,0,yfinance,yfinance,beacon_empirical_oracle,estimado,estimado_via_depeg,4.0184,4.1,10956038463.0
2023-04-09,Post-Merge_Pre-Shapella,1859.39,1838.28,0.988647,-0.011353,-1.1353,0.005333,-0.00368,0.337459,0.565771,0.37109,0.5313,5.1035,4.5932,0.5103,9.999,0.0014,0.512,4.1849,0.9186,4.7,4.5932,2.9926,99.45,0,0.0,11174909539.0,11109272268.0,1695737720.0,414588.85,497397.19,54.54,59350820.2,0,0,0,0,yfinance,yfinance,beacon_empirical_oracle,estimado,estimado_via_depeg,4.5932,4.7,10990326485.0
2023-04-10,Post-Merge_Pre-Shapella,1911.21,1886.68,0.987165,-0.012835,-1.2835,0.027488,0.025986,0.37529,0.560925,0.401785,0.528869,5.1035,4.5932,0.5103,9.999,0.0014,0.5134,4.1849,0.9186,4.7,4.5932,5.7142,99.45,0,0.0,11210286648.0,11143920803.0,1728904274.0,405899.59,498712.82,55.13,60511649.59,0,0,0,0,yfinance,yfinance,beacon_empirical_oracle,estimado,estimado_via_depeg,4.5932,4.7,11164927923.0
2023-04-11,Post-Merge_Pre-Shapella,1892.19,1880.17,0.993648,-0.006352,-0.6352,-0.010001,-0.003453,0.32436,0.51808,0.33951,0.496215,5.1035,4.5932,0.5103,9.999,0.0014,0.5148,4.1849,0.9186,4.7,4.5932,2.9669,99.45,0,0.0,11514657448.0,11446482208.0,1711410693.0,429256.85,475203.43,52.54,59899374.26,0,0,0,0,yfinance,yfinance,beacon_empirical_oracle,estimado,estimado_via_depeg,4.5932,4.7,11215594575.0
2023-04-12,Post-Shapella,1920.68,1902.67,0.990623,-0.009377,-0.9377,0.014946,0.011896,0.307977,0.488096,0.282147,0.462978,5.2096,4.6887,0.5209,9.9988,0.0014,0.5162,4.2719,0.9377,4.8,4.6887,3.3144,99.45,0,0.0,11415894400.0,11340831661.0,1715556314.0,413106.19,480096.38,53.75,60044470.99,0,0,0,1,yfinance,yfinance,beacon_empirical_oracle,estimado,estimado_via_depeg,4.6887,4.8,11325762663.0
2023-04-13,Post-Shapella,2012.63,1996.61,0.99204,-0.00796,-0.796,0.046764,0.048192,0.40117,0.509146,0.396631,0.484788,5.1035,4.5932,0.5103,9.999,0.0014,0.5176,4.1849,0.9186,4.7,4.5932,3.4488,99.45,0,0.0,11519570041.0,11443416769.0,1713922185.0,398711.32,452872.02,53.18,59987276.48,0,0,0,1,yfinance,yfinance,beacon_empirical_oracle,estimado,estimado_via_depeg,4.5932,4.7,11939247779.0
2023-04-14,Post-Shapella,2101.64,2087.34,0.993196,-0.006804,-0.6804,0.043271,0.044441,0.442265,0.510555,0.446022,0.483031,5.3156,4.784,0.5316,10.0008,0.0015,0.5191,4.3588,0.9568,4.9,4.784,3.5186,99.45,0,0.0,12679153302.0,12600650482.0,1775731531.0,399481.29,445445.3,52.72,62150603.59,0,0,0,1,yfinance,yfinance,beacon_empirical_oracle,estimado,estimado_via_depeg,4.784,4.9,12548948812.0
2023-04-15,Post-Shapella,2092.47,2077.51,0.992851,-0.007149,-0.7149,-0.004372,-0.004723,0.42787,0.512032,0.437793,0.484428,5.2096,4.6887,0.5209,9.9988,0.0014,0.5205,4.2719,0.9377,4.8,4.6887,3.6004,99.45,0,0.0,12661382654.0,12584518863.0,1768701238.0,398460.08,446809.5,52.86,61904543.33,0,0,0,1,yfinance,yfinance,beacon_empirical_oracle,estimado,estimado_via_depeg,4.6887,4.8,12487763395.0
2023-04-16,Post-Shapella,2120.01,2113.28,0.996825,-0.003175,-0.3175,0.013075,0.01707,0.417867,0.466302,0.402526,0.442924,4.6782,4.2104,0.4678,9.9996,0.0013,0.5218,3.8361,0.8421,4.3,4.2104,3.3912,99.45,0,0.0,12713971704.0,12637554521.0,1717422161.0,394762.2,415338.77,51.27,60109775.64,0,0,0,1,yfinance,yfinance,beacon_empirical_oracle,estimado,estimado_via_depeg,4.2104,4.3,12775329334.0
2023-04-17,Post-Shapella,2076.24,2072.88,0.998382,-0.001618,-0.1618,-0.020859,-0.019301,0.495003,0.468632,0.485303,0.45013,4.6782,4.2104,0.4678,9.9996,0.0013,0.5231,3.8361,0.8421,4.3,4.2104,3.0685,99.45,0,0.0,12711652053.0,12633564200.0,1625425787.0,386346.29,396523.6,50.65,56889902.54,0,0,0,1,yfinance,yfinance,beacon_empirical_oracle,estimado,estimado_via_depeg,4.2104,4.3,12503331778.0
2023-04-18,Post-Shapella,2104.54,2092.86,0.99445,-0.00555,-0.555,0.013536,0.009594,0.459775,0.468643,0.466444,0.449779,4.7847,4.3062,0.4785,10.0006,0.0013,0.5244,3.9234,0.8612,4.4,4.3062,3.4314,99.45,0,0.0,12670156316.0,12593289887.0,1633406067.0,370837.06,405297.43,52.22,57169212.35,0,0,0,1,yfinance,yfinance,beacon_empirical_oracle,estimado,estimado_via_depeg,4.3062,4.4,12625056127.0
2023-04-19,Post-Shapella,1936.4,1927.99,0.995657,-0.004343,-0.4343,-0.083263,-0.082057,0.846926,0.550377,0.84668,0.532024,4.9973,4.4976,0.4997,9.9994,0.0014,0.5257,4.0978,0.8995,4.6,4.4976,3.5187,99.45,0,0.0,12866240351.0,12788625761.0,1539368775.0,383649.75,411314.5,51.74,53877907.13,0,0,0,1,yfinance,yfinance,beacon_empirical_oracle,estimado,estimado_via_depeg,4.4976,4.6,11943749104.0
2023-04-20,Post-Shapella,1943.1,1935.31,0.995991,-0.004009,-0.4009,0.003451,0.00379,0.758159,0.534231,0.754666,0.52143,5.2096,4.6887,0.5209,9.9988,0.0014,0.5272,4.2719,0.9377,4.8,4.6887,4.1272,99.45,0,0.0,11965670376.0,11893493545.0,1523523769.0,379489.22,404579.42,51.6,53323331.92,0,0,0,1,yfinance,yfinance,beacon_empirical_oracle,estimado,estimado_via_depeg,4.6887,4.8,11805390053.0
2023-04-21,Post-Shapella,1850.0,1843.77,0.996632,-0.003368,-0.3368,-0.049098,-0.048451,0.690614,0.545171,0.683257,0.534821,5.4215,4.8793,0.5422,10.0009,0.0015,0.5286,4.4456,0.9759,5.0,4.8793,4.0922,99.45,0,0.0,12036087665.0,11966051414.0,1442427558.0,379319.46,400371.11,51.35,50484964.53,0,0,0,1,yfinance,yfinance,beacon_empirical_oracle,estimado,estimado_via_depeg,4.8793,5.0,11206169357.0
2023-04-22,Post-Shapella,1874.23,1868.39,0.996884,-0.003116,-0.3116,0.013012,0.013264,0.72249,0.525251,0.715656,0.51793,5.4215,4.8793,0.5422,10.0009,0.0015,0.5301,4.4456,0.9759,5.0,4.8793,3.8279,99.45,0,0.0,11408312026.0,11341700537.0,1457709406.0,379160.15,398604.26,51.25,51019829.21,0,0,0,1,yfinance,yfinance,beacon_empirical_oracle,estimado,estimado_via_depeg,4.8793,5.0,11469532739.0
2023-04-23,Post-Shapella,1862.06,1859.05,0.998384,-0.001616,-0.1616,-0.006513,-0.005011,0.687995,0.50882,0.671574,0.505751,5.4215,4.8793,0.5422,10.0009,0.0015,0.5316,4.4456,0.9759,5.0,4.8793,3.3918,99.45,0,0.0,11523294153.0,11455366521.0,1447908141.0,383737.72,393846.32,50.65,50676784.94,0,0,0,1,yfinance,yfinance,beacon_empirical_oracle,estimado,estimado_via_depeg,4.8793,5.0,11301073938.0
2023-04-24,Post-Shapella,1842.76,1834.96,0.995767,-0.004233,-0.4233,-0.010421,-0.013045,0.689974,0.510156,0.672531,0.508046,5.5273,4.9745,0.5528,10.0013,0.0015,0.5331,4.5324,0.9949,5.1,4.9745,3.4302,99.45,0,0.0,11562133755.0,11494099339.0,1425861077.0,373805.32,399958.54,51.69,49905137.7,0,0,0,1,yfinance,yfinance,beacon_empirical_oracle,estimado,estimado_via_depeg,4.9745,5.1,11250425168.0
2023-04-25,Post-Shapella,1866.75,1857.71,0.995157,-0.004843,-0.4843,0.012938,0.012323,0.688374,0.508386,0.679454,0.50594,5.5273,4.9745,0.5528,10.0013,0.0015,0.5346,4.5324,0.9949,5.1,4.9745,3.4306,99.45,0,0.0,11451796785.0,11384573767.0,1383386328.0,356156.67,384910.06,51.94,48418521.48,0,0,0,1,yfinance,yfinance,beacon_empirical_oracle,estimado,estimado_via_depeg,4.9745,5.1,11476878109.0
2023-04-26,Post-Shapella,1866.56,1857.31,0.995044,-0.004956,-0.4956,-0.000101,-0.000217,0.406587,0.491463,0.404204,0.490328,5.4215,4.8793,0.5422,10.0009,0.0015,0.5361,4.4456,0.9759,5.0,4.8793,3.6656,99.45,0,0.0,11663921340.0,11594950453.0,1370388978.0,352552.71,381626.2,51.98,47963614.23,0,0,0,1,yfinance,yfinance,beacon_empirical_oracle,estimado,estimado_via_depeg,4.8793,5.0,11522541503.0
2023-04-27,Post-Shapella,1908.79,1894.54,0.992535,-0.007465,-0.7465,0.022368,0.019849,0.451656,0.484697,0.4412,0.487346,5.2096,4.6887,0.5209,9.9988,0.0014,0.5376,4.2719,0.9377,4.8,4.6887,3.3536,99.45,0,0.0,12026426601.0,11957187247.0,1402782804.0,345479.7,389427.13,52.99,49097398.14,0,0,0,1,yfinance,yfinance,beacon_empirical_oracle,estimado,estimado_via_depeg,4.6887,4.8,11811904152.0
2023-04-28,Post-Shapella,1892.51,1887.25,0.997221,-0.002779,-0.2779,-0.008562,-0.003859,0.245114,0.485082,0.227986,0.485309,5.1035,4.5932,0.5103,9.999,0.0014,0.539,4.1849,0.9186,4.7,4.5932,3.8304,99.45,0,0.0,11926934833.0,11856146414.0,1317028711.0,340233.52,355682.86,51.11,46096004.89,0,0,0,1,yfinance,yfinance,beacon_empirical_oracle,estimado,estimado_via_depeg,4.5932,4.7,11734602500.0
2023-04-29,Post-Shapella,1908.92,1899.48,0.995055,-0.004945,-0.4945,0.008631,0.00646,0.236381,0.485604,0.214866,0.48422,5.1035,4.5932,0.5103,9.999,0.0014,0.5404,4.1849,0.9186,4.7,4.5932,3.5678,99.45,0,0.0,11866400136.0,11793302217.0,1318472076.0,331669.37,359020.7,51.98,46146522.66,0,0,0,1,yfinance,yfinance,beacon_empirical_oracle,estimado,estimado_via_depeg,4.5932,4.7,11809665804.0
2023-04-30,Post-Shapella,1876.92,1876.07,0.999547,-0.000453,-0.0453,-0.016902,-0.0124,0.270272,0.487223,0.235878,0.482573,4.9973,4.4976,0.4997,9.9994,0.0014,0.5417,4.0978,0.8995,4.6,4.4976,3.3744,99.45,0,0.0,11969869690.0,11897124912.0,1306109160.0,346686.9,349192.07,50.18,45713820.6,0,0,0,1,yfinance,yfinance,beacon_empirical_oracle,estimado,estimado_via_depeg,4.4976,4.6,11754875552.0
2023-05-01,Post-Shapella,1831.95,1833.38,1.000781,0.000781,0.0781,-0.024251,-0.023015,0.320102,0.494837,0.279685,0.489303,5.2096,4.6887,0.5209,9.9988,0.0014,0.5431,4.2719,0.9377,4.8,4.6887,3.4205,99.45,0,0.0,11862722689.0,11791245486.0,1242624965.0,341256.38,337050.87,49.69,43491873.78,0,0,0,0,yfinance,yfinance,beacon_empirical_oracle,estimado,estimado_via_depeg,4.6887,4.8,11344653069.0
2023-05-02,Post-Shapella,1870.79,1861.83,0.995211,-0.004789,-0.4789,0.020977,0.015397,0.345414,0.498463,0.288739,0.491684,5.4215,4.8793,0.5422,10.0009,0.0015,0.5446,4.4456,0.9759,5.0,4.8793,4.0265,99.45,0,0.0,11554574210.0,11485621234.0,1283639677.0,329900.18,356248.28,51.92,44927388.7,0,0,0,0,yfinance,yfinance,beacon_empirical_oracle,estimado,estimado_via_depeg,4.8793,5.0,11687973403.0
2023-05-03,Post-Shapella,1904.65,1890.87,0.992765,-0.007235,-0.7235,0.017939,0.015478,0.367941,0.501311,0.308539,0.494147,5.633,5.0697,0.5633,10.0,0.0015,0.5462,4.619,1.0139,5.2,5.0697,4.2279,99.45,0,0.0,11807514210.0,11738047323.0,1307941206.0,323508.83,363200.64,52.89,45777942.21,0,0,0,0,yfinance,yfinance,beacon_empirical_oracle,estimado,estimado_via_depeg,5.0697,5.2,11969580364.0
2023-05-04,Post-Shapella,1877.7,1873.93,0.997992,-0.002008,-0.2008,-0.014249,-0.009,0.344237,0.491174,0.279114,0.481885,5.7385,5.1647,0.5738,9.9991,0.0016,0.5478,4.7056,1.0329,5.3,5.1647,4.0402,99.45,0,0.0,12146280670.0,12075844941.0,1285814596.0,336912.6,347869.1,50.8,45003510.86,0,0,0,0,yfinance,yfinance,beacon_empirical_oracle,estimado,estimado_via_depeg,5.1647,5.3,11794145002.0
2023-05-05,Post-Shapella,1995.06,1977.89,0.991394,-0.008606,-0.8606,0.060625,0.053991,0.561932,0.530647,0.486049,0.508708,5.844,5.2596,0.5844,10.0,0.0016,0.5494,4.7921,1.0519,5.4,5.2596,3.6772,99.45,0,0.0,12010112399.0,11941178624.0,1371524657.0,320081.54,367378.81,53.44,48003363.0,0,0,0,0,yfinance,yfinance,beacon_empirical_oracle,estimado,estimado_via_depeg,5.2596,5.4,12532452557.0
2023-05-06,Post-Shapella,1900.22,1900.46,1.000126,0.000126,0.0126,-0.048704,-0.039933,0.692499,0.554578,0.591469,0.523787,6.37,5.733,0.637,10.0,0.0017,0.5511,5.2234,1.1466,5.9,5.733,3.7222,99.45,0,0.0,12820678837.0,12748236264.0,1302550717.0,343079.56,342394.08,49.95,45589275.1,0,0,0,0,yfinance,yfinance,beacon_empirical_oracle,estimado,estimado_via_depeg,5.733,5.9,11998718795.0
2023-05-07,Post-Shapella,1873.08,1877.37,1.00229,0.00229,0.229,-0.014388,-0.012224,0.689142,0.556823,0.591244,0.525464,6.6843,6.0159,0.6684,9.9996,0.0018,0.5529,5.4811,1.2032,6.2,6.0159,4.879,99.45,0,0.0,12231194803.0,12161703499.0,1311057615.0,356413.25,343534.22,49.08,45887016.53,0,0,0,0,yfinance,yfinance,beacon_empirical_oracle,estimado,estimado_via_depeg,6.0159,6.2,12201079873.0
2023-05-08,Post-Shapella,1849.04,1839.7,0.994949,-0.005051,-0.5051,-0.012914,-0.020269,0.669756,0.55786,0.585012,0.529757,7.1021,6.3919,0.7102,9.9999,0.0019,0.5549,5.8237,1.2784,6.6,6.3919,4.2229,99.45,0,0.0,12093641806.0,12026816486.0,1265339726.0,328337.95,355984.58,52.02,44286890.41,0,0,0,0,yfinance,yfinance,beacon_empirical_oracle,estimado,estimado_via_depeg,6.3919,6.6,11769283018.0
2023-05-09,Post-Shapella,1848.6,1836.84,0.993638,-0.006362,-0.6362,-0.000238,-0.001554,0.649092,0.557527,0.571385,0.529628,7.2063,6.4857,0.7206,9.9996,0.002,0.5568,5.9092,1.2971,6.7,6.4857,4.6592,99.45,0,0.0,11964929826.0,11900286616.0,1259627421.0,323390.23,358005.11,52.54,44086959.74,0,0,0,0,yfinance,yfinance,beacon_empirical_oracle,estimado,estimado_via_depeg,6.4857,6.7,11825891141.0
2023-05-10,Post-Shapella,1842.4,1837.39,0.997281,-0.002719,-0.2719,-0.00336,0.0003,0.627751,0.548561,0.553485,0.521262,7.2063,6.4857,0.7206,9.9996,0.002,0.5588,5.9092,1.2971,6.7,6.4857,4.0267,99.45,0,0.0,12061916616.0,11996348784.0,1278334382.0,339358.09,354483.84,51.09,44741703.37,0,0,0,0,yfinance,yfinance,beacon_empirical_oracle,estimado,estimado_via_depeg,6.4857,6.7,11953720722.0
2023-05-11,Post-Shapella,1796.49,1795.14,0.999249,-0.000751,-0.0751,-0.025235,-0.023268,0.642701,0.554174,0.570499,0.527042,7.3104,6.5794,0.731,9.9995,0.002,0.5608,5.9945,1.3159,6.8,6.5794,4.0124,99.45,0,0.0,12020341153.0,11954934004.0,1234946071.0,341648.55,345773.08,50.3,43223112.49,0,0,0,0,yfinance,yfinance,beacon_empirical_oracle,estimado,estimado_via_depeg,6.5794,6.8,11656973663.0
2023-05-12,Post-Shapella,1808.02,1804.82,0.99823,-0.00177,-0.177,0.006397,0.005382,0.353186,0.551733,0.305082,0.525439,7.5183,6.7665,0.7518,9.9996,0.0021,0.5629,6.165,1.3533,7.0,6.7665,4.4172,99.45,0,0.0,11857648505.0,11793834301.0,1237970062.0,337493.75,347216.63,50.71,43328952.17,0,0,0,0,yfinance,yfinance,beacon_empirical_oracle,estimado,estimado_via_depeg,6.7665,7.0,11926857913.0
2023-05-13,Post-Shapella,1796.11,1794.06,0.998859,-0.001141,-0.1141,-0.006606,-0.005981,0.199306,0.523003,0.205572,0.493633,7.2063,6.4857,0.7206,9.9996,0.002,0.5649,5.9092,1.2971,6.7,6.4857,4.5072,99.45,0,0.0,12094459159.0,12028744875.0,1219335450.0,336315.03,342560.68,50.46,42676740.75,0,0,0,0,yfinance,yfinance,beacon_empirical_oracle,estimado,estimado_via_depeg,6.4857,6.7,11947345907.0
2023-05-14,Post-Shapella,1800.5,1796.77,0.997928,-0.002072,-0.2072,0.002439,0.001508,0.203738,0.495421,0.213121,0.462837,6.8934,6.2041,0.6893,9.9994,0.0019,0.5667,5.6526,1.2408,6.4,6.2041,3.518,99.45,0,0.0,12086630471.0,12021378408.0,1220155085.0,333213.14,344462.55,50.83,42705427.98,0,0,0,0,yfinance,yfinance,beacon_empirical_oracle,estimado,estimado_via_depeg,6.2041,6.4,11960230620.0
2023-05-15,Post-Shapella,1817.55,1810.43,0.996083,-0.003917,-0.3917,0.009424,0.007574,0.218572,0.498025,0.196006,0.464911,6.4748,5.8274,0.6474,9.9988,0.0018,0.5685,5.3094,1.1655,6.0,5.8274,3.2109,99.45,0,0.0,12050111288.0,11985264498.0,1226104451.0,326704.84,347887.03,51.57,42913655.79,0,0,0,0,yfinance,yfinance,beacon_empirical_oracle,estimado,estimado_via_depeg,5.8274,6.0,12186064417.0
2023-05-16,Post-Shapella,1824.12,1808.74,0.991569,-0.008431,-0.8431,0.003609,-0.000934,0.222671,0.494859,0.196199,0.458553,6.37,5.733,0.637,10.0,0.0017,0.5703,5.2234,1.1466,5.9,5.733,3.1758,99.45,0,0.0,12336485682.0,12270864410.0,1217167918.0,311144.77,356118.3,53.37,42600877.13,0,0,0,0,yfinance,yfinance,beacon_empirical_oracle,estimado,estimado_via_depeg,5.733,5.9,12271773774.0
2023-05-17,Post-Shapella,1821.86,1809.24,0.993073,-0.006927,-0.6927,-0.001241,0.000274,0.222354,0.491672,0.196179,0.456047,6.1599,5.5439,0.616,10.0002,0.0017,0.572,5.0511,1.1088,5.7,5.5439,3.8234,99.45,0,0.0,12428309490.0,12363078631.0,1212949382.0,314445.67,351329.62,52.77,42453228.37,0,0,0,0,yfinance,yfinance,beacon_empirical_oracle,estimado,estimado_via_depeg,5.5439,5.7,11509657914.0
2023-05-18,Post-Shapella,1801.73,1791.09,0.994095,-0.005905,-0.5905,-0.011111,-0.010081,0.138681,0.487885,0.117317,0.453532,5.844,5.2596,0.5844,10.0,0.0016,0.5736,4.7921,1.0519,5.4,5.2596,3.3552,99.45,0,0.0,11676220680.0,11610343762.0,1201689419.0,317741.75,349222.46,52.36,42059129.67,0,0,0,0,yfinance,yfinance,beacon_empirical_oracle,estimado,estimado_via_depeg,5.2596,5.4,11512913999.0
2023-05-19,Post-Shapella,1812.59,1799.9,0.992999,-0.007001,-0.7001,0.00601,0.00491,0.13769,0.399402,0.115963,0.359774,5.633,5.0697,0.5633,10.0,0.0015,0.5751,4.619,1.0139,5.2,5.0697,3.5031,99.45,0,0.0,11659889154.0,11595768891.0,1197842374.0,311919.19,348926.55,52.8,41924483.09,0,0,0,0,yfinance,yfinance,beacon_empirical_oracle,estimado,estimado_via_depeg,5.0697,5.2,11622635652.0
2023-05-20,Post-Shapella,1820.48,1803.93,0.990909,-0.009091,-0.9091,0.004343,0.002232,0.126209,0.399573,0.106665,0.359483,5.5273,4.9745,0.5528,10.0013,0.0015,0.5766,4.5324,0.9949,5.1,4.9745,3.5879,99.45,0,0.0,11761640910.0,11698012908.0,1205084994.0,306884.67,355075.36,53.64,42177974.79,0,0,0,0,yfinance,yfinance,beacon_empirical_oracle,estimado,estimado_via_depeg,4.9745,5.1,11683964977.0
2023-05-21,Post-Shapella,1804.53,1798.07,0.99642,-0.00358,-0.358,-0.008798,-0.00325,0.147681,0.363064,0.110175,0.318786,5.4215,4.8793,0.5422,10.0009,0.0015,0.5781,4.4456,0.9759,5.0,4.8793,3.1229,99.45,0,0.0,11932759672.0,11868593042.0,1192165918.0,320878.56,339773.2,51.43,41725807.13,0,0,0,0,yfinance,yfinance,beacon_empirical_oracle,estimado,estimado_via_depeg,4.8793,5.0,11707397228.0
2023-05-22,Post-Shapella,1817.53,1805.31,0.993277,-0.006723,-0.6723,0.00718,0.004015,0.139951,0.360828,0.097796,0.31525,5.4215,4.8793,0.5422,10.0009,0.0015,0.5796,4.4456,0.9759,5.0,4.8793,3.0322,99.45,0,0.0,11859851377.0,11798205080.0,1205895647.0,313892.61,349587.86,52.69,42206347.65,0,0,0,0,yfinance,yfinance,beacon_empirical_oracle,estimado,estimado_via_depeg,4.8793,5.0,11884917368.0
2023-05-23,Post-Shapella,1854.38,1840.13,0.992315,-0.007685,-0.7685,0.02007,0.019106,0.202348,0.367589,0.170921,0.322663,5.4215,4.8793,0.5422,10.0009,0.0015,0.5811,4.4456,0.9759,5.0,4.8793,3.1388,99.45,0,0.0,12038781498.0,11976903464.0,1220039129.0,308763.23,349159.7,53.07,42701369.52,0,0,0,0,yfinance,yfinance,beacon_empirical_oracle,estimado,estimado_via_depeg,4.8793,5.0,12299306752.0
2023-05-24,Post-Shapella,1800.1,1796.37,0.997928,-0.002072,-0.2072,-0.029709,-0.024068,0.309257,0.380316,0.258029,0.330326,5.3156,4.784,0.5316,10.0008,0.0015,0.5825,4.3588,0.9568,4.9,4.784,3.3369,99.45,0,0.0,12483581476.0,12420434955.0,1176394343.0,321333.87,332182.24,50.83,41173802.01,0,0,0,0,yfinance,yfinance,beacon_empirical_oracle,estimado,estimado_via_depeg,4.784,4.9,12012717117.0
2023-05-25,Post-Shapella,1805.95,1791.92,0.992231,-0.007769,-0.7769,0.003247,-0.002479,0.299963,0.377407,0.247408,0.326994,5.3156,4.784,0.5316,10.0008,0.0015,0.584,4.3588,0.9568,4.9,4.784,3.3328,99.45,0,0.0,12152063015.0,12091406014.0,1183282454.0,307229.52,347983.78,53.11,41414885.89,0,0,0,0,yfinance,yfinance,beacon_empirical_oracle,estimado,estimado_via_depeg,4.784,4.9,12094563155.0
2023-05-26,Post-Shapella,1828.69,1817.96,0.994132,-0.005868,-0.5868,0.012511,0.014426,0.310918,0.380381,0.267469,0.331507,5.3156,4.784,0.5316,10.0008,0.0015,0.5854,4.3588,0.9568,4.9,4.784,3.2635,99.45,0,0.0,12261662791.0,12200667802.0,1199310461.0,312503.18,343327.2,52.35,41975866.14,0,0,0,0,yfinance,yfinance,beacon_empirical_oracle,estimado,estimado_via_depeg,4.784,4.9,12354788390.0
2023-05-27,Post-Shapella,1831.12,1816.29,0.991901,-0.008099,-0.8099,0.001327,-0.000919,0.309862,0.371304,0.267859,0.323101,5.2096,4.6887,0.5209,9.9988,0.0014,0.5869,4.2719,0.9377,4.8,4.6887,3.2423,99.45,0,0.0,12525164678.0,12463782538.0,1200785600.0,306636.02,349129.63,53.24,42027496.0,0,0,0,0,yfinance,yfinance,beacon_empirical_oracle,estimado,estimado_via_depeg,4.6887,4.8,12394229250.0
2023-05-28,Post-Shapella,1910.91,1909.97,0.999508,-0.000492,-0.0492,0.042655,0.050292,0.416856,0.40066,0.440114,0.369767,5.2096,4.6887,0.5209,9.9988,0.0014,0.5883,4.2719,0.9377,4.8,4.6887,3.2953,99.45,0,0.0,12699895191.0,12634657123.0,1244475419.0,324321.27,326926.26,50.2,43556639.67,0,0,0,0,yfinance,yfinance,beacon_empirical_oracle,estimado,estimado_via_depeg,4.6887,4.8,12906011156.0
2023-05-29,Post-Shapella,1893.08,1885.66,0.99608,-0.00392,-0.392,-0.009378,-0.012811,0.435987,0.400884,0.466797,0.371895,5.3156,4.784,0.5316,10.0008,0.0015,0.5897,4.3588,0.9568,4.9,4.784,2.9598,99.45,0,0.0,13265641840.0,13199768147.0,1235112952.0,315974.6,336461.08,51.57,43228953.32,0,0,0,0,yfinance,yfinance,beacon_empirical_oracle,estimado,estimado_via_depeg,4.784,4.9,12910780073.0
2023-05-30,Post-Shapella,1901.03,1897.07,0.997917,-0.002083,-0.2083,0.00419,0.006032,0.419163,0.396604,0.454221,0.369863,5.2096,4.6887,0.5209,9.9988,0.0014,0.5912,4.2719,0.9377,4.8,4.6887,3.3587,99.45,0,0.0,13128479176.0,13063680527.0,1169489075.0,302487.48,312699.59,50.83,40932117.63,0,0,0,0,yfinance,yfinance,beacon_empirical_oracle,estimado,estimado_via_depeg,4.6887,4.8,13128762485.0
2023-05-31,Post-Shapella,1874.13,1864.18,0.994691,-0.005309,-0.5309,-0.014249,-0.017488,0.354409,0.390255,0.431071,0.365947,5.2096,4.6887,0.5209,9.9988,0.0014,0.5926,4.2719,0.9377,4.8,4.6887,3.1262,99.45,0,0.0,13320264442.0,13254232285.0,1137432983.0,290589.72,316322.81,52.12,39810154.4,0,0,0,0,yfinance,yfinance,beacon_empirical_oracle,estimado,estimado_via_depeg,4.6887,4.8,12955174289.0
2023-06-01,Post-Shapella,1862.2,1850.22,0.993567,-0.006433,-0.6433,-0.006385,-0.007519,0.365221,0.384035,0.438078,0.362967,5.1035,4.5932,0.5103,9.999,0.0014,0.594,4.1849,0.9186,4.7,4.5932,0.719,99.45,0,0.0,13186075636.0,13121635128.0,1135334629.0,289168.3,320505.54,52.57,39736712.02,0,0,0,0,yfinance,yfinance,beacon_empirical_oracle,estimado,estimado_via_depeg,4.5932,4.7,13071758573.0
2023-06-02,Post-Shapella,1907.26,1903.46,0.998008,-0.001992,-0.1992,0.023907,0.028372,0.389138,0.388116,0.46773,0.372638,5.1035,4.5932,0.5103,9.999,0.0014,0.5954,4.1849,0.9186,4.7,4.5932,3.1946,99.45,0,0.0,13213209957.0,13151235588.0,1160362873.0,299329.16,309063.44,50.8,40612700.56,0,0,0,0,yfinance,yfinance,beacon_empirical_oracle,estimado,estimado_via_depeg,4.5932,4.7,13406397464.0
2023-06-03,Post-Shapella,1892.41,1889.26,0.998335,-0.001665,-0.1665,-0.007813,-0.007491,0.401239,0.385774,0.476454,0.372205,4.8911,4.402,0.4891,9.9998,0.0013,0.5967,4.0107,0.8804,4.5,4.402,3.2478,99.45,0,0.0,13581630491.0,13517618917.0,1150232265.0,299834.38,307979.08,50.67,40258129.28,0,0,0,0,yfinance,yfinance,beacon_empirical_oracle,estimado,estimado_via_depeg,4.402,4.5,13329420114.0
2023-06-04,Post-Shapella,1890.51,1881.47,0.995218,-0.004782,-0.4782,-0.001004,-0.004132,0.242469,0.318411,0.292743,0.317872,4.7847,4.3062,0.4785,10.0006,0.0013,0.5981,3.9234,0.8612,4.4,4.3062,2.1568,99.45,0,0.0,13534596887.0,13470833829.0,1155742501.0,293992.93,317346.08,51.91,40450987.54,0,0,0,0,yfinance,yfinance,beacon_empirical_oracle,estimado,estimado_via_depeg,4.3062,4.4,13436235271.0
2023-06-05,Post-Shapella,1811.83,1804.97,0.996214,-0.003786,-0.3786,-0.042512,-0.04151,0.384267,0.307474,0.407281,0.3203,4.6782,4.2104,0.4678,9.9996,0.0013,0.5993,3.8361,0.8421,4.3,4.2104,2.0163,99.45,0,0.0,13499806835.0,13433505636.0,1087811976.0,291131.08,309262.98,51.51,38073419.16,0,0,0,0,yfinance,yfinance,beacon_empirical_oracle,estimado,estimado_via_depeg,4.2104,4.3,12777545228.0
2023-06-06,Post-Shapella,1884.49,1872.41,0.99359,-0.00641,-0.641,0.039323,0.036687,0.506678,0.335162,0.510565,0.34462,4.6782,4.2104,0.4678,9.9996,0.0013,0.6006,3.8361,0.8421,4.3,4.2104,2.1399,99.45,0,0.0,12994647709.0,12934316874.0,1131263107.0,284783.27,315518.73,52.56,39594208.75,0,0,0,0,yfinance,yfinance,beacon_empirical_oracle,estimado,estimado_via_depeg,4.2104,4.3,13330807337.0
2023-06-07,Post-Shapella,1832.4,1824.89,0.995902,-0.004098,-0.4098,-0.028035,-0.025712,0.537066,0.346566,0.528989,0.349125,4.5716,4.1144,0.4572,10.0009,0.0013,0.6019,3.7487,0.8229,4.2,4.1144,2.2643,99.45,0,0.0,13608689123.0,13544636428.0,1063466504.0,280666.01,299702.09,51.64,37221327.64,0,0,0,0,yfinance,yfinance,beacon_empirical_oracle,estimado,estimado_via_depeg,4.1144,4.2,13116024434.0
2023-06-08,Post-Shapella,1846.3,1832.0,0.992255,-0.007745,-0.7745,0.00756,0.00389,0.541484,0.34765,0.529533,0.34939,4.4649,4.0184,0.4465,10.0002,0.0012,0.6031,3.6612,0.8037,4.1,4.0184,2.2656,99.45,0,0.0,13279517051.0,13220827423.0,1072949991.0,272552.43,308582.81,53.1,37553249.68,0,0,0,0,yfinance,yfinance,beacon_empirical_oracle,estimado,estimado_via_depeg,4.0184,4.1,13244774774.0
2023-06-09,Post-Shapella,1840.23,1830.5,0.994713,-0.005287,-0.5287,-0.003297,-0.000819,0.498612,0.347642,0.468028,0.349396,4.3581,3.9223,0.4358,9.9998,0.0012,0.6043,3.5736,0.7845,4.0,3.9223,2.1081,99.45,0,0.0,13374801947.0,13316097999.0,1063706106.0,276818.04,301210.86,52.11,37229713.71,0,0,0,0,yfinance,yfinance,beacon_empirical_oracle,estimado,estimado_via_depeg,3.9223,4.0,13143672743.0
2023-06-10,Post-Shapella,1752.38,1741.97,0.99406,-0.00594,-0.594,-0.04891,-0.049569,0.591771,0.377744,0.56669,0.381859,4.4649,4.0184,0.4465,10.0002,0.0012,0.6055,3.6612,0.8037,4.1,4.0184,2.1388,99.45,0,0.0,13298497149.0,13245478411.0,1007516411.0,273787.26,301154.48,52.38,35263074.39,0,0,0,0,yfinance,yfinance,beacon_empirical_oracle,estimado,estimado_via_depeg,4.0184,4.1,12479075978.0
2023-06-11,Post-Shapella,1753.42,1746.11,0.995831,-0.004169,-0.4169,0.000588,0.002371,0.593513,0.376888,0.573801,0.381369,4.4649,4.0184,0.4465,10.0002,0.0012,0.6067,3.6612,0.8037,4.1,4.0184,2.9433,99.45,0,0.0,12658806802.0,12610464915.0,1009882093.0,278356.59,297593.32,51.67,35345873.26,0,0,0,0,yfinance,yfinance,beacon_empirical_oracle,estimado,estimado_via_depeg,4.0184,4.1,12650513614.0
2023-06-12,Post-Shapella,1742.53,1733.9,0.995047,-0.004953,-0.4953,-0.006228,-0.007017,0.529821,0.37682,0.511706,0.381553,4.3581,3.9223,0.4358,9.9998,0.0012,0.6079,3.5736,0.7845,4.0,3.9223,1.8723,99.45,0,0.0,12664068776.0,12615789642.0,992666236.0,273555.31,296114.22,51.98,34743318.26,0,0,0,0,yfinance,yfinance,beacon_empirical_oracle,estimado,estimado_via_depeg,3.9223,4.0,12478581646.0
2023-06-13,Post-Shapella,1739.04,1736.11,0.998315,-0.001685,-0.1685,-0.002005,0.001272,0.379511,0.376627,0.380054,0.381533,4.3581,3.9223,0.4358,9.9998,0.0012,0.6091,3.5736,0.7845,4.0,3.9223,2.0147,99.45,0,0.0,12565609249.0,12518601778.0,980980379.0,278267.1,285825.95,50.67,34334313.26,0,0,0,0,yfinance,yfinance,beacon_empirical_oracle,estimado,estimado_via_depeg,3.9223,4.0,12498252783.0
2023-06-14,Post-Shapella,1650.52,1649.78,0.999552,-0.000448,-0.0448,-0.052242,-0.051003,0.472603,0.414352,0.472954,0.417682,4.2512,3.8261,0.4251,9.9995,0.0012,0.6103,3.486,0.7652,3.9,3.8261,1.9827,99.45,0,0.0,12659197483.0,12612231993.0,892935212.0,269527.37,271474.98,50.18,31252732.42,0,0,0,0,yfinance,yfinance,beacon_empirical_oracle,estimado,estimado_via_depeg,3.8261,3.9,11866758375.0
2023-06-15,Post-Shapella,1665.52,1669.42,1.002342,0.002342,0.2342,0.009047,0.011833,0.47701,0.415911,0.49463,0.420876,4.2512,3.8261,0.4251,9.9995,0.0012,0.6114,3.486,0.7652,3.9,3.8261,1.9906,99.45,0,0.0,12659197483.0,12612231993.0,898302478.0,274746.19,264606.37,49.06,31440586.73,0,0,0,0,yfinance,yfinance,beacon_empirical_oracle,estimado,estimado_via_depeg,3.8261,3.9,12010401879.0
2023-06-16,Post-Shapella,1716.67,1714.59,0.998788,-0.001212,-0.1212,0.030248,0.026696,0.576923,0.431817,0.57082,0.433116,4.2512,3.8261,0.4251,9.9995,0.0012,0.6126,3.486,0.7652,3.9,3.8261,2.3962,99.45,0,0.0,12748691975.0,12699621224.0,915615010.0,264069.97,269296.96,50.49,32046525.35,0,0,0,0,yfinance,yfinance,beacon_empirical_oracle,estimado,estimado_via_depeg,3.8261,3.9,12418632612.0
2023-06-17,Post-Shapella,1727.2,1720.54,0.996144,-0.003856,-0.3856,0.006118,0.003465,0.479322,0.431414,0.461464,0.432429,4.2512,3.8261,0.4251,9.9995,0.0012,0.6138,3.486,0.7652,3.9,3.8261,1.9485,99.45,0,0.0,12748691975.0,12699621224.0,919673448.0,258032.51,274432.43,51.54,32188570.68,0,0,0,0,yfinance,yfinance,beacon_empirical_oracle,estimado,estimado_via_depeg,3.8261,3.9,12505620867.0
2023-06-18,Post-Shapella,1720.58,1720.96,1.000221,0.000221,0.0221,-0.003844,0.000246,0.478896,0.43065,0.460558,0.431886,4.1442,3.7298,0.4144,9.9995,0.0011,0.6149,3.3982,0.746,3.8,3.7298,2.1228,99.45,0,0.0,12623114008.0,12575062214.0,917211633.0,267021.18,266061.63,49.91,32102407.16,0,0,0,0,yfinance,yfinance,beacon_empirical_oracle,estimado,estimado_via_depeg,3.7298,3.8,12493032406.0
2023-06-19,Post-Shapella,1737.66,1731.99,0.996737,-0.003263,-0.3263,0.009879,0.006387,0.485754,0.432064,0.461973,0.43258,4.1442,3.7298,0.4144,9.9995,0.0011,0.616,3.3982,0.746,3.8,3.7298,1.9374,99.45,0,0.0,12619107113.0,12571372274.0,826675978.0,231638.26,244102.67,51.31,28933659.23,0,0,0,0,yfinance,yfinance,beacon_empirical_oracle,estimado,estimado_via_depeg,3.7298,3.8,12621688752.0
2023-06-20,Post-Shapella,1792.12,1779.18,0.99278,-0.00722,-0.722,0.03086,0.026885,0.534657,0.445625,0.502077,0.443552,4.1442,3.7298,0.4144,9.9995,0.0011,0.6172,3.3982,0.746,3.8,3.7298,1.8553,99.45,0,0.0,12830378845.0,12780885413.0,831282504.0,218521.74,245332.52,52.89,29094887.64,0,0,0,0,yfinance,yfinance,beacon_empirical_oracle,estimado,estimado_via_depeg,3.7298,3.8,12984451451.0
2023-06-21,Post-Shapella,1891.01,1877.37,0.992787,-0.007213,-0.7213,0.05371,0.053718,0.377352,0.483324,0.359811,0.481931,4.1442,3.7298,0.4144,9.9995,0.0011,0.6183,3.3982,0.746,3.8,3.7298,2.0837,99.45,0,0.0,13261343754.0,13210114398.0,877154051.0,218568.38,245286.41,52.88,30700391.79,0,0,0,0,yfinance,yfinance,beacon_empirical_oracle,estimado,estimado_via_depeg,3.7298,3.8,13752738422.0
2023-06-22,Post-Shapella,1872.94,1873.83,1.000475,0.000475,0.0475,-0.009599,-0.001888,0.429046,0.479906,0.387744,0.477716,4.1442,3.7298,0.4144,9.9995,0.0011,0.6195,3.3982,0.746,3.8,3.7298,2.0642,99.45,0,0.0,14181059656.0,14128056011.0,870595215.0,233297.24,231530.9,49.81,30470832.52,0,0,0,0,yfinance,yfinance,beacon_empirical_oracle,estimado,estimado_via_depeg,3.7298,3.8,13834205696.0
2023-06-23,Post-Shapella,1892.86,1887.93,0.997395,-0.002605,-0.2605,0.010579,0.007496,0.41472,0.468606,0.381775,0.46982,4.1442,3.7298,0.4144,9.9995,0.0011,0.6206,3.3982,0.746,3.8,3.7298,2.141,99.45,0,0.0,13959826701.0,13909310009.0,871014399.0,225293.29,234864.57,51.04,30485503.97,0,0,0,0,yfinance,yfinance,beacon_empirical_oracle,estimado,estimado_via_depeg,3.7298,3.8,14065085143.0
2023-06-24,Post-Shapella,1876.06,1868.18,0.9958,-0.0042,-0.42,-0.008916,-0.010517,0.445105,0.470011,0.41648,0.471544,4.1442,3.7298,0.4144,9.9995,0.0011,0.6217,3.3982,0.746,3.8,3.7298,2.0923,99.45,0,0.0,14054834324.0,14002006323.0,879734948.0,226585.46,242341.41,51.68,30790723.18,0,0,0,0,yfinance,yfinance,beacon_empirical_oracle,estimado,estimado_via_depeg,3.7298,3.8,13825125038.0
2023-06-25,Post-Shapella,1900.51,1893.63,0.99638,-0.00362,-0.362,0.012947,0.013532,0.425253,0.470145,0.405026,0.471243,4.1442,3.7298,0.4144,9.9995,0.0011,0.6229,3.3982,0.746,3.8,3.7298,1.936,99.45,0,0.0,13986640824.0,13936047145.0,887627957.0,226751.44,240295.81,51.45,31066978.5,0,0,0,0,yfinance,yfinance,beacon_empirical_oracle,estimado,estimado_via_depeg,3.7298,3.8,14016611414.0
2023-06-26,Post-Shapella,1859.43,1848.26,0.993993,-0.006007,-0.6007,-0.021849,-0.024253,0.500043,0.477018,0.490007,0.479617,4.1442,3.7298,0.4144,9.9995,0.0011,0.624,3.3982,0.746,3.8,3.7298,1.8193,99.45,0,0.0,14157655736.0,14106383349.0,861984562.0,220661.52,242913.1,52.4,30169459.67,0,0,0,0,yfinance,yfinance,beacon_empirical_oracle,estimado,estimado_via_depeg,3.7298,3.8,13746433412.0
2023-06-27,Post-Shapella,1889.7,1884.01,0.996989,-0.003011,-0.3011,0.016148,0.01916,0.472663,0.456042,0.476103,0.450408,4.1442,3.7298,0.4144,9.9995,0.0011,0.6251,3.3982,0.746,3.8,3.7298,1.9314,99.45,0,0.0,13964783717.0,13915160289.0,873284590.0,225518.8,236609.89,51.2,30564960.65,0,0,0,0,yfinance,yfinance,beacon_empirical_oracle,estimado,estimado_via_depeg,3.7298,3.8,14054944171.0
2023-06-28,Post-Shapella,1827.97,1818.46,0.994798,-0.005202,-0.5202,-0.033213,-0.035414,0.359814,0.469351,0.383506,0.46488,4.1442,3.7298,0.4144,9.9995,0.0011,0.6263,3.3982,0.746,3.8,3.7298,1.9177,99.45,0,0.0,14050708812.0,14000996098.0,844157804.0,221294.89,240505.8,52.08,29545523.14,0,0,0,0,yfinance,yfinance,beacon_empirical_oracle,estimado,estimado_via_depeg,3.7298,3.8,13631640138.0
2023-06-29,Post-Shapella,1852.23,1841.46,0.994185,-0.005815,-0.5815,0.013182,0.012568,0.378611,0.471685,0.403317,0.466717,4.1442,3.7298,0.4144,9.9995,0.0011,0.6274,3.3982,0.746,3.8,3.7298,2.081,99.45,0,0.0,13758006694.0,13709414929.0,856651817.0,220472.58,242024.96,52.33,29982813.6,0,0,0,0,yfinance,yfinance,beacon_empirical_oracle,estimado,estimado_via_depeg,3.7298,3.8,13797869759.0
2023-06-30,Post-Shapella,1933.19,1920.21,0.993286,-0.006714,-0.6714,0.042782,0.041878,0.49507,0.492796,0.515826,0.485852,4.1442,3.7298,0.4144,9.9995,0.0011,0.6285,3.3982,0.746,3.8,3.7298,2.0486,99.45,0,0.0,13951078500.0,13896350522.0,890781256.0,217996.48,242786.61,52.69,31177343.96,0,0,0,0,yfinance,yfinance,beacon_empirical_oracle,estimado,estimado_via_depeg,3.7298,3.8,14446229235.0
2023-07-01,Post-Shapella,1924.57,1917.23,0.996186,-0.003814,-0.3814,-0.004471,-0.001554,0.489564,0.492478,0.506118,0.484982,4.2512,3.8261,0.4251,9.9995,0.0012,0.6297,3.486,0.7652,3.9,3.8261,2.3225,99.45,0,0.0,14635473026.0,14579625925.0,884793059.0,222879.75,236855.7,51.52,30967757.06,0,0,0,0,yfinance,yfinance,beacon_empirical_oracle,estimado,estimado_via_depeg,3.8261,3.9,14437758759.0
2023-07-02,Post-Shapella,1937.44,1923.41,0.992758,-0.007242,-0.7242,0.006666,0.003217,0.48438,0.486058,0.499368,0.47507,4.2512,3.8261,0.4251,9.9995,0.0012,0.6309,3.486,0.7652,3.9,3.8261,2.3678,99.45,0,0.0,14618052475.0,14560212178.0,889546224.0,216252.51,242882.34,52.9,31134117.84,0,0,0,0,yfinance,yfinance,beacon_empirical_oracle,estimado,estimado_via_depeg,3.8261,3.9,14480416884.0
2023-07-03,Post-Shapella,1955.39,1938.42,0.991321,-0.008679,-0.8679,0.009223,0.007773,0.438149,0.486013,0.446837,0.474884,4.3581,3.9223,0.4358,9.9998,0.0012,0.6321,3.5736,0.7845,4.0,3.9223,1.8954,99.45,0,0.0,14753808923.0,14694392433.0,839702133.0,199813.54,229615.95,53.47,29389574.66,0,0,0,0,yfinance,yfinance,beacon_empirical_oracle,estimado,estimado_via_depeg,3.9223,4.0,14759097741.0
2023-07-04,Post-Shapella,1936.63,1934.6,0.998952,-0.001048,-0.1048,-0.009638,-0.001969,0.445573,0.487412,0.437239,0.474658,4.3581,3.9223,0.4358,9.9998,0.0012,0.6333,3.5736,0.7845,4.0,3.9223,2.0136,99.45,0,0.0,14903732389.0,14844251469.0,814866073.0,208615.27,212149.7,50.42,28520312.56,0,0,0,0,yfinance,yfinance,beacon_empirical_oracle,estimado,estimado_via_depeg,3.9223,4.0,14634764718.0
2023-07-05,Post-Shapella,1910.59,1906.61,0.997917,-0.002083,-0.2083,-0.01354,-0.014573,0.361705,0.464966,0.338273,0.453158,4.3581,3.9223,0.4358,9.9998,0.0012,0.6344,3.5736,0.7845,4.0,3.9223,2.0079,99.45,0,0.0,14785171275.0,14726616766.0,765813165.0,197085.89,203739.59,50.83,26803460.78,0,0,0,0,yfinance,yfinance,beacon_empirical_oracle,estimado,estimado_via_depeg,3.9223,4.0,14432378897.0
2023-07-06,Post-Shapella,1848.64,1838.78,0.994666,-0.005334,-0.5334,-0.032963,-0.036229,0.450895,0.459819,0.4518,0.453931,4.3581,3.9223,0.4358,9.9998,0.0012,0.6356,3.5736,0.7845,4.0,3.9223,1.9439,99.45,0,0.0,14537272522.0,14478458266.0,750124159.0,194242.49,211528.33,52.13,26254345.56,0,0,0,0,yfinance,yfinance,beacon_empirical_oracle,estimado,estimado_via_depeg,3.9223,4.0,14198927725.0
2023-07-07,Post-Shapella,1870.6,1859.21,0.993911,-0.006089,-0.6089,0.011812,0.011052,0.301779,0.450858,0.309556,0.446388,4.3581,3.9223,0.4358,9.9998,0.0012,0.6368,3.5736,0.7845,4.0,3.9223,2.0813,99.45,0,0.0,14136026935.0,14075115761.0,748918477.0,190412.5,209950.2,52.44,26212146.7,0,0,0,0,yfinance,yfinance,beacon_empirical_oracle,estimado,estimado_via_depeg,3.9223,4.0,14216155100.0
2023-07-08,Post-Shapella,1865.54,1842.6,0.987703,-0.012297,-1.2297,-0.00271,-0.008972,0.302128,0.450311,0.309733,0.447456,4.2512,3.8261,0.4251,9.9995,0.0012,0.638,3.486,0.7652,3.9,3.8261,2.098,99.45,0,0.0,14373006487.0,14308097476.0,736500133.0,177972.2,216819.73,54.92,25777504.66,0,0,0,0,yfinance,yfinance,beacon_empirical_oracle,estimado,estimado_via_depeg,3.8261,3.9,14121987232.0
2023-07-09,Post-Shapella,1863.01,1855.87,0.996167,-0.003833,-0.3833,-0.001357,0.007176,0.28946,0.450164,0.317857,0.448097,4.1442,3.7298,0.4144,9.9995,0.0011,0.6391,3.3982,0.746,3.8,3.7298,2.0924,99.45,0,0.0,14355126150.0,14289354485.0,739340914.0,192354.6,204498.3,51.53,25876931.99,0,0,0,0,yfinance,yfinance,beacon_empirical_oracle,estimado,estimado_via_depeg,3.7298,3.8,14203080552.0
2023-07-10,Post-Shapella,1880.56,1875.29,0.997198,-0.002802,-0.2802,0.009374,0.010409,0.289934,0.414268,0.324849,0.411128,4.2512,3.8261,0.4251,9.9995,0.0012,0.6403,3.486,0.7652,3.9,3.8261,1.9403,99.45,0,0.0,14328936409.0,14267715255.0,740994688.0,192601.25,201427.49,51.12,25934814.08,0,0,0,0,yfinance,yfinance,beacon_empirical_oracle,estimado,estimado_via_depeg,3.8261,3.9,14243286678.0
2023-07-11,Post-Shapella,1878.34,1873.67,0.997514,-0.002486,-0.2486,-0.001181,-0.000868,0.289154,0.414409,0.325515,0.411292,4.2512,3.8261,0.4251,9.9995,0.0012,0.6415,3.486,0.7652,3.9,3.8261,1.962,99.45,0,0.0,14468614213.0,14407017636.0,740449548.0,193199.49,201004.73,50.99,25915734.18,0,0,0,0,yfinance,yfinance,beacon_empirical_oracle,estimado,estimado_via_depeg,3.8261,3.9,14305730228.0
2023-07-12,Post-Shapella,1872.11,1870.12,0.998937,-0.001063,-0.1063,-0.003318,-0.001894,0.278656,0.413779,0.314507,0.41021,4.2512,3.8261,0.4251,9.9995,0.0012,0.6426,3.486,0.7652,3.9,3.8261,2.1197,99.45,0,0.0,14501856695.0,14438087500.0,736247799.0,194944.76,198326.9,50.43,25768672.97,0,0,0,0,yfinance,yfinance,beacon_empirical_oracle,estimado,estimado_via_depeg,3.8261,3.9,14340151412.0
2023-07-13,Post-Shapella,2006.51,1994.98,0.994254,-0.005746,-0.5746,0.069329,0.06463,0.499184,0.474585,0.467596,0.463811,4.2512,3.8261,0.4251,9.9995,0.0012,0.6438,3.486,0.7652,3.9,3.8261,1.965,99.45,0,0.0,14523842175.0,14461194730.0,619020539.0,147157.4,161348.68,52.3,21665718.86,0,0,0,0,yfinance,yfinance,beacon_empirical_oracle,estimado,estimado_via_depeg,3.8261,3.9,15192588065.0
2023-07-14,Post-Shapella,1939.35,1934.22,0.997355,-0.002645,-0.2645,-0.034046,-0.030931,0.598544,0.450718,0.559995,0.438077,4.2512,3.8261,0.4251,9.9995,0.0012,0.645,3.486,0.7652,3.9,3.8261,2.0096,99.45,0,0.0,15702768872.0,15619703066.0,596308022.0,150479.88,156998.41,51.06,20870780.77,0,0,0,0,yfinance,yfinance,beacon_empirical_oracle,estimado,estimado_via_depeg,3.8261,3.9,14830794114.0
2023-07-15,Post-Shapella,1931.47,1925.22,0.996764,-0.003236,-0.3236,-0.004072,-0.004661,0.599712,0.451694,0.55398,0.43876,4.1442,3.7298,0.4144,9.9995,0.0011,0.6461,3.3982,0.746,3.8,3.7298,2.1999,99.45,0,0.0,15102160467.0,15024591817.0,594591779.0,149950.9,157893.27,51.29,20810712.26,0,0,0,0,yfinance,yfinance,beacon_empirical_oracle,estimado,estimado_via_depeg,3.7298,3.8,14925024548.0
2023-07-16,Post-Shapella,1923.68,1919.41,0.99778,-0.00222,-0.222,-0.004039,-0.003023,0.60174,0.443267,0.557842,0.43225,4.1442,3.7298,0.4144,9.9995,0.0011,0.6472,3.3982,0.746,3.8,3.7298,1.9395,99.45,0,0.0,15137251266.0,15059533081.0,594366572.0,151737.0,157236.73,50.89,20802830.02,0,0,0,0,yfinance,yfinance,beacon_empirical_oracle,estimado,estimado_via_depeg,3.7298,3.8,14965006791.0
2023-07-17,Post-Shapella,1911.65,1905.49,0.996778,-0.003222,-0.3222,-0.006276,-0.007277,0.604756,0.444556,0.561647,0.433963,4.2512,3.8261,0.4251,9.9995,0.0012,0.6484,3.486,0.7652,3.9,3.8261,1.9182,99.45,0,0.0,15058473484.0,14980509920.0,585399685.0,149163.39,157064.05,51.29,20488988.98,0,0,0,0,yfinance,yfinance,beacon_empirical_oracle,estimado,estimado_via_depeg,3.8261,3.9,14839930668.0
2023-07-18,Post-Shapella,1897.6,1894.93,0.998593,-0.001407,-0.1407,-0.007375,-0.005562,0.608594,0.445448,0.564266,0.434967,4.1442,3.7298,0.4144,9.9995,0.0011,0.6495,3.3982,0.746,3.8,3.7298,2.1294,99.45,0,0.0,15005023017.0,14929530181.0,579709358.0,151037.26,154458.82,50.56,20289827.53,0,0,0,0,yfinance,yfinance,beacon_empirical_oracle,estimado,estimado_via_depeg,3.7298,3.8,14712713056.0
2023-07-19,Post-Shapella,1889.01,1888.84,0.99991,-9e-05,-0.009,-0.004538,-0.003215,0.609239,0.445592,0.564845,0.435373,4.2512,3.8261,0.4251,9.9995,0.0012,0.6507,3.486,0.7652,3.9,3.8261,2.0379,99.45,0,0.0,14967740891.0,14896094473.0,574777620.0,152045.98,152228.54,50.03,20117216.7,0,0,0,0,yfinance,yfinance,beacon_empirical_oracle,estimado,estimado_via_depeg,3.8261,3.9,14660569996.0
2023-07-20,Post-Shapella,1890.97,1888.98,0.998948,-0.001052,-0.1052,0.001038,7.3e-05,0.221293,0.433931,0.199768,0.426734,4.2512,3.8261,0.4251,9.9995,0.0012,0.6519,3.486,0.7652,3.9,3.8261,2.103,99.45,0,0.0,14843258799.0,14770575704.0,575721605.0,150950.45,153507.9,50.42,20150256.18,0,0,0,0,yfinance,yfinance,beacon_empirical_oracle,estimado,estimado_via_depeg,3.8261,3.9,14710232209.0
2023-07-21,Post-Shapella,1892.08,1889.88,0.998837,-0.001163,-0.1163,0.000587,0.000475,0.061271,0.391409,0.054314,0.38376,4.2512,3.8261,0.4251,9.9995,0.0012,0.653,3.486,0.7652,3.9,3.8261,2.1823,99.45,0,0.0,14860776832.0,14791015348.0,568458865.0,148808.55,151632.69,50.47,19896060.28,0,0,0,0,yfinance,yfinance,beacon_empirical_oracle,estimado,estimado_via_depeg,3.8261,3.9,14718966304.0
2023-07-22,Post-Shapella,1864.91,1860.31,0.997533,-0.002467,-0.2467,-0.014463,-0.015767,0.100376,0.393277,0.105844,0.387753,4.2512,3.8261,0.4251,9.9995,0.0012,0.6542,3.486,0.7652,3.9,3.8261,2.2254,99.45,0,0.0,14907017459.0,14835391791.0,542323059.0,142522.98,148280.9,50.99,18981307.07,0,0,0,0,yfinance,yfinance,beacon_empirical_oracle,estimado,estimado_via_depeg,3.8261,3.9,14675034133.0
2023-07-23,Post-Shapella,1889.19,1884.69,0.997618,-0.002382,-0.2382,0.012935,0.013019,0.164629,0.39417,0.168177,0.389614,4.2512,3.8261,0.4251,9.9995,0.0012,0.6554,3.486,0.7652,3.9,3.8261,2.1478,99.45,0,0.0,14652662515.0,14585929515.0,539204767.0,139996.47,145419.37,50.95,18872166.85,0,0,0,0,yfinance,yfinance,beacon_empirical_oracle,estimado,estimado_via_depeg,3.8261,3.9,14711605371.0
2023-07-24,Post-Shapella,1850.0,1846.36,0.998032,-0.001968,-0.1968,-0.020962,-0.020549,0.212003,0.399774,0.21215,0.394544,4.3581,3.9223,0.4358,9.9998,0.0012,0.6565,3.5736,0.7845,4.0,3.9223,1.9567,99.45,0,0.0,14917151372.0,14849261849.0,528045582.0,140460.12,144969.92,50.79,18481595.37,0,0,0,0,yfinance,yfinance,beacon_empirical_oracle,estimado,estimado_via_depeg,3.9223,4.0,14457906517.0
2023-07-25,Post-Shapella,1857.74,1856.07,0.999101,-0.000899,-0.0899,0.004175,0.005244,0.219357,0.397233,0.222947,0.391913,4.3581,3.9223,0.4358,9.9998,0.0012,0.6577,3.5736,0.7845,4.0,3.9223,2.145,99.45,0,0.0,14636086245.0,14571846866.0,520555074.0,139095.64,141113.15,50.36,18219427.59,0,0,0,0,yfinance,yfinance,beacon_empirical_oracle,estimado,estimado_via_depeg,3.9223,4.0,14602116521.0
2023-07-26,Post-Shapella,1872.16,1869.19,0.998414,-0.001586,-0.1586,0.007731,0.007048,0.231774,0.390814,0.234263,0.383319,4.3581,3.9223,0.4358,9.9998,0.0012,0.6589,3.5736,0.7845,4.0,3.9223,2.1069,99.45,0,0.0,14721066651.0,14656750184.0,522174008.0,137700.47,141214.8,50.63,18276090.28,0,0,0,0,yfinance,yfinance,beacon_empirical_oracle,estimado,estimado_via_depeg,3.9223,4.0,14690398972.0
2023-07-27,Post-Shapella,1860.36,1857.05,0.998221,-0.001779,-0.1779,-0.006324,-0.006517,0.233387,0.387135,0.236406,0.377907,4.3581,3.9223,0.4358,9.9998,0.0012,0.6601,3.5736,0.7845,4.0,3.9223,2.1432,99.45,0,0.0,14837123633.0,14767455923.0,517981801.0,137238.61,141192.33,50.71,18129363.04,0,0,0,0,yfinance,yfinance,beacon_empirical_oracle,estimado,estimado_via_depeg,3.9223,4.0,14638936418.0
2023-07-28,Post-Shapella,1874.74,1872.74,0.998933,-0.001067,-0.1067,0.007704,0.008412,0.244209,0.369556,0.248964,0.357272,4.3581,3.9223,0.4358,9.9998,0.0012,0.6613,3.5736,0.7845,4.0,3.9223,2.1124,99.45,0,0.0,14832020828.0,14761837012.0,522898997.0,138259.72,140658.42,50.43,18301464.9,0,0,0,0,yfinance,yfinance,beacon_empirical_oracle,estimado,estimado_via_depeg,3.9223,4.0,14814675532.0
2023-07-29,Post-Shapella,1881.07,1874.43,0.99647,-0.00353,-0.353,0.003368,0.000902,0.218387,0.367008,0.217105,0.354818,4.3581,3.9223,0.4358,9.9998,0.0012,0.6625,3.5736,0.7845,4.0,3.9223,2.0726,99.45,0,0.0,14966842576.0,14897392843.0,523473171.0,135218.58,143066.21,51.41,18321560.99,0,0,0,0,yfinance,yfinance,beacon_empirical_oracle,estimado,estimado_via_depeg,3.9223,4.0,14875188675.0
2023-07-30,Post-Shapella,1861.64,1858.94,0.99855,-0.00145,-0.145,-0.01038,-0.008297,0.20698,0.335437,0.19966,0.323079,4.3581,3.9223,0.4358,9.9998,0.0012,0.6637,3.5736,0.7845,4.0,3.9223,2.1893,99.45,0,0.0,15041003840.0,14971148558.0,429428903.0,113998.28,116674.08,50.58,15030011.61,0,0,0,0,yfinance,yfinance,beacon_empirical_oracle,estimado,estimado_via_depeg,3.9223,4.0,14726044189.0
2023-07-31,Post-Shapella,1856.16,1852.29,0.997915,-0.002085,-0.2085,-0.002949,-0.003588,0.135712,0.335296,0.128511,0.323194,4.5716,4.1144,0.4572,10.0009,0.0013,0.665,3.7487,0.8229,4.2,4.1144,2.0595,99.45,0,0.0,15009087732.0,14940895402.0,406746134.0,107725.84,111407.28,50.84,14236114.69,0,0,0,0,yfinance,yfinance,beacon_empirical_oracle,estimado,estimado_via_depeg,4.1144,4.2,14750409517.0
2023-08-01,Post-Shapella,1871.79,1864.35,0.996025,-0.003975,-0.3975,0.008385,0.006492,0.14573,0.335857,0.131617,0.323952,4.5716,4.1144,0.4572,10.0009,0.0013,0.6662,3.7487,0.8229,4.2,4.1144,2.2063,99.45,0,0.0,14948825222.0,14882143286.0,386672768.0,100004.96,106574.18,51.59,13533546.88,0,0,0,0,yfinance,yfinance,beacon_empirical_oracle,estimado,estimado_via_depeg,4.1144,4.2,14700687625.0
2023-08-02,Post-Shapella,1839.09,1834.35,0.997423,-0.002577,-0.2577,-0.017626,-0.016222,0.185022,0.338468,0.165542,0.326538,4.5716,4.1144,0.4572,10.0009,0.0013,0.6675,3.7487,0.8229,4.2,4.1144,2.353,99.45,0,0.0,14995249670.0,14928173217.0,366599402.0,97615.52,101721.87,51.03,12830979.07,0,0,0,0,yfinance,yfinance,beacon_empirical_oracle,estimado,estimado_via_depeg,4.1144,4.2,14655377239.0
2023-08-03,Post-Shapella,1835.14,1825.91,0.99497,-0.00503,-0.503,-0.002152,-0.004609,0.182271,0.337359,0.163417,0.326681,4.4649,4.0184,0.4465,10.0002,0.0012,0.6687,3.6612,0.8037,4.1,4.0184,2.3138,99.45,0,0.0,14794566483.0,14730980518.0,365251538.0,95515.44,103516.53,52.01,12783803.83,0,0,0,0,yfinance,yfinance,beacon_empirical_oracle,estimado,estimado_via_depeg,4.0184,4.1,14600270151.0
2023-08-04,Post-Shapella,1827.71,1821.1,0.996383,-0.003617,-0.3617,-0.004053,-0.002642,0.163159,0.334815,0.136066,0.323504,4.4649,4.0184,0.4465,10.0002,0.0012,0.6699,3.6612,0.8037,4.1,4.0184,2.1529,99.45,0,0.0,14769826320.0,14707725035.0,363511195.0,96560.55,102328.33,51.45,12722891.82,0,0,0,0,yfinance,yfinance,beacon_empirical_oracle,estimado,estimado_via_depeg,4.0184,4.1,14610943720.0
2023-08-05,Post-Shapella,1834.99,1831.72,0.998218,-0.001782,-0.1782,0.003972,0.005815,0.164787,0.31532,0.150665,0.299062,4.4649,4.0184,0.4465,10.0002,0.0012,0.6711,3.6612,0.8037,4.1,4.0184,2.015,99.45,0,0.0,14771520320.0,14709372880.0,386207439.0,103739.88,106728.53,50.71,13517260.37,0,0,0,0,yfinance,yfinance,beacon_empirical_oracle,estimado,estimado_via_depeg,4.0184,4.1,14641436248.0
2023-08-06,Post-Shapella,1827.46,1822.67,0.997379,-0.002621,-0.2621,-0.00411,-0.004952,0.154884,0.312534,0.145762,0.296732,4.3581,3.9223,0.4358,9.9998,0.0012,0.6723,3.5736,0.7845,4.0,3.9223,1.9768,99.45,0,0.0,14804465591.0,14742381090.0,384262296.0,102927.78,107343.47,51.05,13449180.36,0,0,0,0,yfinance,yfinance,beacon_empirical_oracle,estimado,estimado_via_depeg,3.9223,4.0,14591279620.0
2023-08-07,Post-Shapella,1826.94,1822.17,0.997389,-0.002611,-0.2611,-0.000286,-0.000272,0.155759,0.31246,0.146657,0.295214,4.4649,4.0184,0.4465,10.0002,0.0012,0.6736,3.6612,0.8037,4.1,4.0184,1.9146,99.45,0,0.0,14749835989.0,14686714595.0,386700802.0,103631.6,108034.25,51.04,13534528.07,0,0,0,0,yfinance,yfinance,beacon_empirical_oracle,estimado,estimado_via_depeg,4.0184,4.1,14573818750.0
2023-08-08,Post-Shapella,1855.81,1853.02,0.998497,-0.001503,-0.1503,0.015678,0.016785,0.191013,0.317614,0.195177,0.300167,4.1442,3.7298,0.4144,9.9995,0.0011,0.6747,3.3982,0.746,3.8,3.7298,2.0506,99.45,0,0.0,14792749824.0,14729398750.0,392602454.0,104507.26,107045.89,50.6,13741085.89,0,0,0,0,yfinance,yfinance,beacon_empirical_oracle,estimado,estimado_via_depeg,3.7298,3.8,14882313505.0
2023-08-09,Post-Shapella,1854.3,1849.0,0.997142,-0.002858,-0.2858,-0.000814,-0.002172,0.132957,0.31576,0.148816,0.297847,4.1442,3.7298,0.4144,9.9995,0.0011,0.6758,3.3982,0.746,3.8,3.7298,2.2024,99.45,0,0.0,15019361315.0,14953235952.0,405878202.0,106947.14,111937.72,51.14,14205737.07,0,0,0,0,yfinance,yfinance,beacon_empirical_oracle,estimado,estimado_via_depeg,3.7298,3.8,14841597468.0
2023-08-10,Post-Shapella,1850.75,1848.36,0.998709,-0.001291,-0.1291,-0.001913,-0.000346,0.132604,0.315791,0.141823,0.297844,4.1442,3.7298,0.4144,9.9995,0.0011,0.677,3.3982,0.746,3.8,3.7298,2.0488,99.45,0,0.0,15020386163.0,14955167067.0,403877088.0,107976.97,110246.5,50.52,14135698.08,0,0,0,0,yfinance,yfinance,beacon_empirical_oracle,estimado,estimado_via_depeg,3.7298,3.8,14893548365.0
2023-08-11,Post-Shapella,1847.12,1845.36,0.999047,-0.000953,-0.0953,-0.001963,-0.001624,0.128346,0.315674,0.140087,0.297829,4.1442,3.7298,0.4144,9.9995,0.0011,0.6781,3.3982,0.746,3.8,3.7298,2.0297,99.45,0,0.0,15054618397.0,14988136260.0,401263118.0,107793.08,109444.09,50.38,14044209.13,0,0,0,0,yfinance,yfinance,beacon_empirical_oracle,estimado,estimado_via_depeg,3.7298,3.8,14862647590.0
2023-08-12,Post-Shapella,1848.89,1845.47,0.99815,-0.00185,-0.185,0.000955,6.4e-05,0.126662,0.190873,0.136392,0.183462,4.1442,3.7298,0.4144,9.9995,0.0011,0.6792,3.3982,0.746,3.8,3.7298,2.0678,99.45,0,0.0,15093337060.0,15026716547.0,384860766.0,102538.5,105619.24,50.74,13470126.81,0,0,0,0,yfinance,yfinance,beacon_empirical_oracle,estimado,estimado_via_depeg,3.7298,3.8,14939188588.0
2023-08-13,Post-Shapella,1839.28,1838.94,0.999815,-0.000185,-0.0185,-0.005211,-0.003548,0.129621,0.154323,0.132957,0.15248,4.1442,3.7298,0.4144,9.9995,0.0011,0.6804,3.3982,0.746,3.8,3.7298,1.8939,99.45,0,0.0,15119680283.0,15052674938.0,382001502.0,103700.01,103990.77,50.07,13370052.57,0,0,0,0,yfinance,yfinance,beacon_empirical_oracle,estimado,estimado_via_depeg,3.7298,3.8,14992833491.0
2023-08-14,Post-Shapella,1844.19,1841.27,0.998417,-0.001583,-0.1583,0.002664,0.001266,0.1297,0.154844,0.132335,0.152425,4.1442,3.7298,0.4144,9.9995,0.0011,0.6815,3.3982,0.746,3.8,3.7298,1.838,99.45,0,0.0,15061323935.0,14995678171.0,381041636.0,102006.98,104610.36,50.63,13336457.26,0,0,0,0,yfinance,yfinance,beacon_empirical_oracle,estimado,estimado_via_depeg,3.7298,3.8,14934294403.0
2023-08-15,Post-Shapella,1826.93,1816.76,0.994433,-0.005567,-0.5567,-0.009399,-0.013398,0.076642,0.157046,0.094048,0.157938,4.1442,3.7298,0.4144,9.9995,0.0011,0.6826,3.3982,0.746,3.8,3.7298,1.8858,99.45,0,0.0,15122349121.0,15054282572.0,368818925.0,96437.63,105441.44,52.23,12908662.38,0,0,0,0,yfinance,yfinance,beacon_empirical_oracle,estimado,estimado_via_depeg,3.7298,3.8,14851919166.0
2023-08-16,Post-Shapella,1805.66,1803.01,0.998532,-0.001468,-0.1468,-0.011713,-0.007597,0.100878,0.160145,0.09975,0.158081,4.1442,3.7298,0.4144,9.9995,0.0011,0.6838,3.3982,0.746,3.8,3.7298,2.1122,99.45,0,0.0,15024942432.0,14960350483.0,365549213.0,100028.72,102417.59,50.59,12794222.46,0,0,0,0,yfinance,yfinance,beacon_empirical_oracle,estimado,estimado_via_depeg,3.7298,3.8,14700077357.0
2023-08-17,Post-Shapella,1684.93,1686.07,1.000677,0.000677,0.0677,-0.0692,-0.067057,0.480445,0.284024,0.464339,0.27705,4.1442,3.7298,0.4144,9.9995,0.0011,0.6849,3.3982,0.746,3.8,3.7298,2.1695,99.45,0,0.0,14736689562.0,14674011705.0,332928728.0,99329.51,98262.51,49.73,11652505.48,0,0,0,0,yfinance,yfinance,beacon_empirical_oracle,estimado,estimado_via_depeg,3.7298,3.8,13374099524.0
2023-08-18,Post-Shapella,1660.95,1664.89,1.002372,0.002372,0.2372,-0.014339,-0.012644,0.470721,0.286322,0.454444,0.278707,4.3581,3.9223,0.4358,9.9998,0.0012,0.6861,3.5736,0.7845,4.0,3.9223,2.1502,99.45,0,0.0,13952101446.0,13892150386.0,334619247.0,102645.18,98817.39,49.05,11711673.65,0,0,0,0,yfinance,yfinance,beacon_empirical_oracle,estimado,estimado_via_depeg,3.9223,4.0,13578011052.0
2023-08-19,Post-Shapella,1669.47,1667.65,0.99891,-0.00109,-0.109,0.005121,0.001657,0.480269,0.287629,0.457728,0.279068,4.3581,3.9223,0.4358,9.9998,0.0012,0.6873,3.5736,0.7845,4.0,3.9223,2.9225,99.45,0,0.0,13781757091.0,13723079024.0,334820865.0,99395.15,101160.04,50.44,11718730.28,0,0,0,0,yfinance,yfinance,beacon_empirical_oracle,estimado,estimado_via_depeg,3.9223,4.0,13679202464.0
2023-08-20,Post-Shapella,1684.85,1684.11,0.999561,-0.000439,-0.0439,0.00917,0.009821,0.50778,0.290948,0.486423,0.282897,4.3581,3.9223,0.4358,9.9998,0.0012,0.6885,3.5736,0.7845,4.0,3.9223,2.0056,99.45,0,0.0,13869936895.0,13810142866.0,344916647.0,101989.78,102726.76,50.18,12072082.65,0,0,0,0,yfinance,yfinance,beacon_empirical_oracle,estimado,estimado_via_depeg,3.9223,4.0,13815533540.0
2023-08-21,Post-Shapella,1667.27,1670.2,1.001757,0.001757,0.1757,-0.010491,-0.00829,0.492494,0.289454,0.474646,0.280119,4.4649,4.0184,0.4465,10.0002,0.0012,0.6897,3.6612,0.8037,4.1,4.0184,1.8938,99.45,0,0.0,13953283644.0,13894456590.0,341037534.0,103706.08,100842.4,49.3,11936313.69,0,0,0,0,yfinance,yfinance,beacon_empirical_oracle,estimado,estimado_via_depeg,4.0184,4.1,13803739456.0
2023-08-22,Post-Shapella,1633.89,1632.52,0.999162,-0.000838,-0.0838,-0.020222,-0.022823,0.491999,0.288524,0.478865,0.281262,4.3581,3.9223,0.4358,9.9998,0.0012,0.6909,3.5736,0.7845,4.0,3.9223,1.9679,99.45,0,0.0,13911579924.0,13853810633.0,329203822.0,100057.3,101427.39,50.34,11522133.77,0,0,0,0,yfinance,yfinance,beacon_empirical_oracle,estimado,estimado_via_depeg,3.9223,4.0,13395928704.0
2023-08-23,Post-Shapella,1679.27,1678.35,0.999452,-0.000548,-0.0548,0.027397,0.027688,0.584804,0.303435,0.572013,0.29712,4.3581,3.9223,0.4358,9.9998,0.0012,0.6921,3.5736,0.7845,4.0,3.9223,2.1393,99.45,0,0.0,13721661318.0,13665781398.0,340808686.0,101028.76,101921.74,50.22,11928304.01,0,0,0,0,yfinance,yfinance,beacon_empirical_oracle,estimado,estimado_via_depeg,3.9223,4.0,13672815226.0
2023-08-24,Post-Shapella,1659.94,1660.96,1.000614,0.000614,0.0614,-0.011578,-0.010418,0.320412,0.303573,0.320796,0.296553,4.3581,3.9223,0.4358,9.9998,0.0012,0.6933,3.5736,0.7845,4.0,3.9223,2.0202,99.45,0,0.0,14174833566.0,14115933749.0,339406901.0,102725.42,101743.96,49.76,11879241.54,0,0,0,0,yfinance,yfinance,beacon_empirical_oracle,estimado,estimado_via_depeg,3.9223,4.0,13824935039.0
2023-08-25,Post-Shapella,1652.94,1651.35,0.999038,-0.000962,-0.0962,-0.004232,-0.005801,0.30493,0.300732,0.31082,0.294066,4.3581,3.9223,0.4358,9.9998,0.0012,0.6945,3.5736,0.7845,4.0,3.9223,2.0264,99.45,0,0.0,14008061745.0,13951774288.0,339287702.0,101851.58,103411.58,50.38,11875069.57,0,0,0,0,yfinance,yfinance,beacon_empirical_oracle,estimado,estimado_via_depeg,3.9223,4.0,13822755099.0
2023-08-26,Post-Shapella,1646.31,1642.02,0.997394,-0.002606,-0.2606,-0.004018,-0.005664,0.301456,0.300629,0.311269,0.293994,4.1442,3.7298,0.4144,9.9995,0.0011,0.6956,3.3982,0.746,3.8,3.7298,2.0587,99.45,0,0.0,13960004405.0,13904980776.0,334963334.0,99615.53,103847.57,51.04,11723716.69,0,0,0,0,yfinance,yfinance,beacon_empirical_oracle,estimado,estimado_via_depeg,3.7298,3.8,13836636769.0
2023-08-27,Post-Shapella,1657.51,1655.96,0.999065,-0.000935,-0.0935,0.006784,0.008453,0.29653,0.300192,0.308195,0.294016,4.0371,3.6334,0.4037,9.9998,0.0011,0.6967,3.3104,0.7267,3.7,3.6334,1.9459,99.45,0,0.0,13945644933.0,13892071393.0,336219919.0,100672.66,102173.73,50.37,11767697.16,0,0,0,0,yfinance,yfinance,beacon_empirical_oracle,estimado,estimado_via_depeg,3.6334,3.7,13881530102.0
2023-08-28,Post-Shapella,1652.46,1651.68,0.999528,-0.000472,-0.0472,-0.003055,-0.002587,0.288854,0.299014,0.3043,0.29352,4.1442,3.7298,0.4144,9.9995,0.0011,0.6979,3.3982,0.746,3.8,3.7298,1.7807,99.45,0,0.0,14050995724.0,13996170119.0,334208607.0,100740.29,101508.84,50.19,11697301.24,0,0,0,0,yfinance,yfinance,beacon_empirical_oracle,estimado,estimado_via_depeg,3.7298,3.8,13934257171.0
2023-08-29,Post-Shapella,1729.73,1724.97,0.997248,-0.002752,-0.2752,0.045699,0.043414,0.397575,0.345132,0.387656,0.336715,4.1442,3.7298,0.4144,9.9995,0.0011,0.699,3.3982,0.746,3.8,3.7298,1.965,99.45,0,0.0,14120269928.0,14065820510.0,349094591.0,98690.12,103130.16,51.1,12218310.68,0,0,0,0,yfinance,yfinance,beacon_empirical_oracle,estimado,estimado_via_depeg,3.7298,3.8,14722074923.0
2023-08-30,Post-Shapella,1705.11,1698.77,0.996282,-0.003718,-0.3718,-0.014332,-0.015303,0.388727,0.347614,0.378136,0.339662,4.1442,3.7298,0.4144,9.9995,0.0011,0.7001,3.3982,0.746,3.8,3.7298,2.2268,99.45,0,0.0,14875506624.0,14818178497.0,342935095.0,97564.27,103557.71,51.49,12002728.32,0,0,0,0,yfinance,yfinance,beacon_empirical_oracle,estimado,estimado_via_depeg,3.7298,3.8,14513329111.0
2023-08-31,Post-Shapella,1645.64,1646.83,1.000723,0.000723,0.0723,-0.035502,-0.031055,0.47011,0.363154,0.442367,0.351654,4.1442,3.7298,0.4144,9.9995,0.0011,0.7013,3.3982,0.746,3.8,3.7298,2.1673,99.45,0,0.0,14687616085.0,14632852178.0,329515249.0,100698.34,99536.98,49.71,11533033.72,0,0,0,0,yfinance,yfinance,beacon_empirical_oracle,estimado,estimado_via_depeg,3.7298,3.8,14032180979.0
2023-09-01,Post-Shapella,1628.49,1621.65,0.9958,-0.0042,-0.42,-0.010475,-0.015409,0.474669,0.360698,0.453716,0.351314,4.1442,3.7298,0.4144,9.9995,0.0011,0.7024,3.3982,0.746,3.8,3.7298,1.9272,99.45,0,0.0,14214115207.0,14161203291.0,325037214.0,96443.93,103150.3,51.68,11376302.49,0,0,0,0,yfinance,yfinance,beacon_empirical_oracle,estimado,estimado_via_depeg,3.7298,3.8,13876886142.0
2023-09-02,Post-Shapella,1637.03,1631.86,0.996842,-0.003158,-0.3158,0.005227,0.006277,0.477118,0.362103,0.456981,0.353166,4.0371,3.6334,0.4037,9.9998,0.0011,0.7035,3.3104,0.7267,3.7,3.6334,1.9818,99.45,0,0.0,14070700565.0,14018954976.0,326574483.0,97232.43,102259.63,51.26,11430106.9,0,0,0,0,yfinance,yfinance,beacon_empirical_oracle,estimado,estimado_via_depeg,3.6334,3.7,13958824315.0
2023-09-03,Post-Shapella,1636.12,1632.09,0.997537,-0.002463,-0.2463,-0.000555,0.000144,0.47294,0.362279,0.450543,0.353409,4.0371,3.6334,0.4037,9.9998,0.0011,0.7046,3.3104,0.7267,3.7,3.6334,1.7679,99.45,0,0.0,14091118194.0,14038986031.0,326080836.0,97697.5,101603.8,50.98,11412829.26,0,0,0,0,yfinance,yfinance,beacon_empirical_oracle,estimado,estimado_via_depeg,3.6334,3.7,13975919695.0
2023-09-04,Post-Shapella,1629.66,1625.15,0.997233,-0.002767,-0.2767,-0.003958,-0.004265,0.473124,0.361222,0.450822,0.351755,4.0371,3.6334,0.4037,9.9998,0.0011,0.7057,3.3104,0.7267,3.7,3.6334,1.6608,99.45,0,0.0,14066324892.0,14013865167.0,323187520.0,96956.65,101359.27,51.11,11311563.2,0,0,0,0,yfinance,yfinance,beacon_empirical_oracle,estimado,estimado_via_depeg,3.6334,3.7,13866748080.0
2023-09-05,Post-Shapella,1633.63,1629.76,0.997631,-0.002369,-0.2369,0.002436,0.002835,0.265417,0.361907,0.251672,0.352534,4.0371,3.6334,0.4037,9.9998,0.0011,0.7068,3.3104,0.7267,3.7,3.6334,1.8081,99.45,0,0.0,14033622762.0,13981701011.0,278166310.0,83519.88,86755.1,50.95,9735820.85,0,0,0,0,yfinance,yfinance,beacon_empirical_oracle,estimado,estimado_via_depeg,3.6334,3.7,13967571000.0
2023-09-06,Post-Shapella,1632.25,1627.88,0.997323,-0.002677,-0.2677,-0.000843,-0.001152,0.264222,0.361846,0.247785,0.352439,3.9299,3.5369,0.393,10.0003,0.0011,0.7079,3.2225,0.7074,3.6,3.5369,1.9953,99.45,0,0.0,14135866825.0,14082196584.0,277985503.0,83331.79,86976.38,51.07,9729492.6,0,0,0,0,yfinance,yfinance,beacon_empirical_oracle,estimado,estimado_via_depeg,3.5369,3.6,13970318633.0
2023-09-07,Post-Shapella,1647.6,1640.45,0.99566,-0.00434,-0.434,0.009358,0.007688,0.122586,0.358227,0.14827,0.347154,3.9299,3.5369,0.393,10.0003,0.0011,0.709,3.2225,0.7074,3.6,3.5369,2.1763,99.45,0,0.0,14139557452.0,14089082773.0,281618430.0,82489.11,88437.35,51.74,9856645.05,0,0,0,0,yfinance,yfinance,beacon_empirical_oracle,estimado,estimado_via_depeg,3.5369,3.6,14169315704.0
2023-09-08,Post-Shapella,1636.14,1633.27,0.998246,-0.001754,-0.1754,-0.00698,-0.004383,0.105537,0.358189,0.091623,0.347088,3.9299,3.5369,0.393,10.0003,0.0011,0.7101,3.2225,0.7074,3.6,3.5369,2.0601,99.45,0,0.0,14295779260.0,14244332943.0,278663753.0,83966.67,86351.12,50.7,9753231.36,0,0,0,0,yfinance,yfinance,beacon_empirical_oracle,estimado,estimado_via_depeg,3.5369,3.6,14045647489.0
2023-09-09,Post-Shapella,1635.16,1631.45,0.997731,-0.002269,-0.2269,-0.000596,-0.001116,0.098372,0.358323,0.080725,0.346993,3.9299,3.5369,0.393,10.0003,0.0011,0.7111,3.2225,0.7074,3.6,3.5369,1.9356,99.45,0,0.0,14174578650.0,14124166056.0,279255023.0,83836.62,86944.84,50.91,9773925.81,0,0,0,0,yfinance,yfinance,beacon_empirical_oracle,estimado,estimado_via_depeg,3.5369,3.6,14049050925.0
2023-09-10,Post-Shapella,1616.83,1613.64,0.998027,-0.001973,-0.1973,-0.011275,-0.010975,0.127206,0.359086,0.112782,0.347665,4.0371,3.6334,0.4037,9.9998,0.0011,0.7122,3.3104,0.7267,3.7,3.6334,1.9864,99.45,0,0.0,14156014355.0,14106249580.0,276094997.0,84032.55,86730.61,50.79,9663324.9,0,0,0,0,yfinance,yfinance,beacon_empirical_oracle,estimado,estimado_via_depeg,3.6334,3.7,13955271543.0
2023-09-11,Post-Shapella,1551.64,1551.21,0.999723,-0.000277,-0.0277,-0.041156,-0.039457,0.313967,0.380527,0.297665,0.367914,4.0371,3.6334,0.4037,9.9998,0.0011,0.7134,3.3104,0.7267,3.7,3.6334,1.8048,99.45,0,0.0,14039589319.0,13992737330.0,247371697.0,79537.61,79888.35,50.11,8658009.4,0,0,0,0,yfinance,yfinance,beacon_empirical_oracle,estimado,estimado_via_depeg,3.6334,3.7,13343453068.0
2023-09-12,Post-Shapella,1592.43,1591.5,0.999416,-0.000584,-0.0584,0.02595,0.02564,0.392968,0.396371,0.376885,0.383892,4.1442,3.7298,0.4144,9.9995,0.0011,0.7145,3.3982,0.746,3.8,3.7298,2.0746,99.45,0,0.0,13521924580.0,13473928153.0,255145173.0,79743.38,80480.41,50.23,8930081.06,0,0,0,0,yfinance,yfinance,beacon_empirical_oracle,estimado,estimado_via_depeg,3.7298,3.8,13785248596.0
2023-09-13,Post-Shapella,1607.99,1603.91,0.997463,-0.002537,-0.2537,0.009723,0.007768,0.404787,0.398802,0.385517,0.385854,4.1442,3.7298,0.4144,9.9995,0.0011,0.7156,3.3982,0.746,3.8,3.7298,2.2105,99.45,0,0.0,13877754211.0,13828797192.0,256123043.0,78032.0,81249.49,51.01,8964306.51,0,0,0,0,yfinance,yfinance,beacon_empirical_oracle,estimado,estimado_via_depeg,3.7298,3.8,13879950122.0
2023-09-14,Post-Shapella,1626.97,1622.64,0.997339,-0.002661,-0.2661,0.011738,0.011607,0.409241,0.402379,0.392557,0.388526,4.0371,3.6334,0.4037,9.9998,0.0011,0.7167,3.3104,0.7267,3.7,3.6334,1.9676,99.45,0,0.0,13981684198.0,13931333485.0,259485554.0,78038.49,81451.58,51.07,9081994.39,0,0,0,0,yfinance,yfinance,beacon_empirical_oracle,estimado,estimado_via_depeg,3.6334,3.7,14057594564.0
2023-09-15,Post-Shapella,1641.64,1640.19,0.999117,-0.000883,-0.0883,0.008974,0.010757,0.413151,0.403768,0.401064,0.391512,4.0371,3.6334,0.4037,9.9998,0.0011,0.7178,3.3104,0.7267,3.7,3.6334,1.7991,99.45,0,0.0,14159981628.0,14109138368.0,262564241.0,79410.31,80529.89,50.35,9189748.44,0,0,0,0,yfinance,yfinance,beacon_empirical_oracle,estimado,estimado_via_depeg,3.6334,3.7,14114960131.0
2023-09-16,Post-Shapella,1635.22,1635.1,0.999927,-7.3e-05,-0.0073,-0.003918,-0.003105,0.414372,0.326159,0.401839,0.316497,3.9299,3.5369,0.393,10.0003,0.0011,0.7189,3.2225,0.7074,3.6,3.5369,1.9041,99.45,0,0.0,14374482463.0,14322751503.0,260163622.0,79502.31,79597.77,50.03,9105726.77,0,0,0,0,yfinance,yfinance,beacon_empirical_oracle,estimado,estimado_via_depeg,3.5369,3.6,14153368317.0
2023-09-17,Post-Shapella,1622.9,1621.79,0.999316,-0.000684,-0.0684,-0.007566,-0.008173,0.40906,0.323517,0.397535,0.314811,3.9299,3.5369,0.393,10.0003,0.0011,0.72,3.2225,0.7074,3.6,3.5369,1.831,99.45,0,0.0,14197370777.0,14146399904.0,257453288.0,78890.58,79747.22,50.27,9010865.08,0,0,0,0,yfinance,yfinance,beacon_empirical_oracle,estimado,estimado_via_depeg,3.5369,3.6,13981493703.0
2023-09-18,Post-Shapella,1637.35,1635.22,0.998699,-0.001301,-0.1301,0.008865,0.008246,0.209929,0.324637,0.208594,0.316312,3.9299,3.5369,0.393,10.0003,0.0011,0.7211,3.2225,0.7074,3.6,3.5369,1.7102,99.45,0,0.0,14114247897.0,14061708871.0,260983771.0,78868.15,80525.85,50.52,9134431.99,0,0,0,0,yfinance,yfinance,beacon_empirical_oracle,estimado,estimado_via_depeg,3.5369,3.6,14215283214.0
2023-09-19,Post-Shapella,1643.54,1648.74,1.003164,0.003164,0.3164,0.003778,0.008235,0.142904,0.323126,0.144798,0.315699,3.9299,3.5369,0.393,10.0003,0.0011,0.7221,3.2225,0.7074,3.6,3.5369,1.8049,99.45,0,0.0,14290920992.0,14233812972.0,260808059.0,81342.84,77343.93,48.74,9128282.07,0,0,0,0,yfinance,yfinance,beacon_empirical_oracle,estimado,estimado_via_depeg,3.5369,3.6,14264640206.0
2023-09-20,Post-Shapella,1622.89,1624.23,1.000826,0.000826,0.0826,-0.012646,-0.014981,0.179819,0.324023,0.201053,0.318572,3.9299,3.5369,0.393,10.0003,0.0011,0.7232,3.2225,0.7074,3.6,3.5369,1.9256,99.45,0,0.0,14395790735.0,14337817257.0,257846295.0,79964.78,78916.16,49.67,9024620.33,0,0,0,0,yfinance,yfinance,beacon_empirical_oracle,estimado,estimado_via_depeg,3.5369,3.6,14128241306.0
2023-09-21,Post-Shapella,1584.31,1591.67,1.004646,0.004646,0.4646,-0.024062,-0.020251,0.231896,0.327167,0.235209,0.316466,3.9299,3.5369,0.393,10.0003,0.0011,0.7243,3.2225,0.7074,3.6,3.5369,1.9468,99.45,0,0.0,14233920760.0,14178108458.0,251658430.0,82376.59,76467.59,48.14,8808045.05,0,0,0,0,yfinance,yfinance,beacon_empirical_oracle,estimado,estimado_via_depeg,3.5369,3.6,13789892101.0
2023-09-22,Post-Shapella,1593.27,1597.58,1.002705,0.002705,0.2705,0.00564,0.003711,0.221756,0.311818,0.215244,0.299873,3.9299,3.5369,0.393,10.0003,0.0011,0.7254,3.2225,0.7074,3.6,3.5369,1.946,99.45,0,0.0,13915328318.0,13861890872.0,252766040.0,81036.42,77609.66,48.92,8846811.4,0,0,0,0,yfinance,yfinance,beacon_empirical_oracle,estimado,estimado_via_depeg,3.5369,3.6,13884326230.0
2023-09-23,Post-Shapella,1593.86,1594.64,1.000489,0.000489,0.0489,0.00037,-0.001847,0.22432,0.309859,0.215668,0.298203,3.9299,3.5369,0.393,10.0003,0.0011,0.7264,3.2225,0.7074,3.6,3.5369,1.8693,99.45,0,0.0,14049287880.0,13992785576.0,252205334.0,79434.25,78801.31,49.8,8827186.69,0,0,0,0,yfinance,yfinance,beacon_empirical_oracle,estimado,estimado_via_depeg,3.5369,3.6,13895682649.0
2023-09-24,Post-Shapella,1580.85,1581.48,1.000399,0.000399,0.0399,-0.008193,-0.008286,0.225029,0.310629,0.215816,0.298794,3.8226,3.4403,0.3823,10.001,0.001,0.7275,3.1345,0.6881,3.5,3.4403,1.7641,99.45,0,0.0,14029510174.0,13972998792.0,252037165.0,79970.8,79460.62,49.84,8821300.78,0,0,0,0,yfinance,yfinance,beacon_empirical_oracle,estimado,estimado_via_depeg,3.4403,3.5,13851150619.0
2023-09-25,Post-Shapella,1588.32,1587.63,0.999566,-0.000434,-0.0434,0.004714,0.003882,0.212523,0.311226,0.203181,0.298951,3.9299,3.5369,0.393,10.0003,0.0011,0.7286,3.2225,0.7074,3.6,3.5369,1.8395,99.45,0,0.0,13860335259.0,13804525917.0,251117901.0,78782.64,79320.19,50.17,8789126.54,0,0,0,0,yfinance,yfinance,beacon_empirical_oracle,estimado,estimado_via_depeg,3.5369,3.6,13835568829.0
2023-09-26,Post-Shapella,1593.42,1591.25,0.998638,-0.001362,-0.1362,0.003202,0.002278,0.211221,0.31032,0.184678,0.297233,3.9299,3.5369,0.393,10.0003,0.0011,0.7296,3.2225,0.7074,3.6,3.5369,1.7659,99.45,0,0.0,13981409106.0,13925369228.0,251377529.0,78027.97,79731.77,50.54,8798213.52,0,0,0,0,yfinance,yfinance,beacon_empirical_oracle,estimado,estimado_via_depeg,3.5369,3.6,13885590804.0
2023-09-27,Post-Shapella,1597.49,1597.86,1.000232,0.000232,0.0232,0.002553,0.004143,0.20361,0.31054,0.173543,0.297801,3.9299,3.5369,0.393,10.0003,0.0011,0.7307,3.2225,0.7074,3.6,3.5369,1.9973,99.45,0,0.0,14035074429.0,13979772336.0,250799977.0,78639.43,78356.84,49.91,8777999.2,0,0,0,0,yfinance,yfinance,beacon_empirical_oracle,estimado,estimado_via_depeg,3.5369,3.6,13949989210.0
2023-09-28,Post-Shapella,1652.88,1647.45,0.996715,-0.003285,-0.3285,0.034086,0.030564,0.251945,0.290495,0.23241,0.276214,3.8226,3.4403,0.3823,10.001,0.001,0.7318,3.1345,0.6881,3.5,3.4403,1.8715,99.45,0,0.0,14129637730.0,14073985978.0,257061075.0,75708.66,79814.47,51.32,8997137.62,0,0,0,0,yfinance,yfinance,beacon_empirical_oracle,estimado,estimado_via_depeg,3.4403,3.5,14428202205.0
2023-09-29,Post-Shapella,1667.94,1666.05,0.998867,-0.001133,-0.1133,0.009071,0.011228,0.252819,0.288964,0.236336,0.275066,3.8226,3.4403,0.3823,10.001,0.001,0.7328,3.1345,0.6881,3.5,3.4403,1.8639,99.45,0,0.0,14625611622.0,14568050691.0,214340836.0,63674.88,64831.44,50.45,7501929.26,0,0,0,0,yfinance,yfinance,beacon_empirical_oracle,estimado,estimado_via_depeg,3.4403,3.5,14605671694.0
2023-09-30,Post-Shapella,1671.16,1674.55,1.002029,0.002029,0.2029,0.001927,0.005091,0.250747,0.260361,0.227476,0.252768,3.8226,3.4403,0.3823,10.001,0.001,0.7339,3.1345,0.6881,3.5,3.4403,1.8503,99.45,0,0.0,14758254437.0,14699628202.0,215239297.0,65441.42,63354.92,49.19,7533375.4,0,0,0,0,yfinance,yfinance,beacon_empirical_oracle,estimado,estimado_via_depeg,3.4403,3.5,14719874125.0
2023-10-01,Post-Shapella,1733.81,1733.53,0.999839,-0.000161,-0.0161,0.036802,0.034617,0.294196,0.286191,0.260782,0.27246,3.8226,3.4403,0.3823,10.001,0.001,0.7349,3.1345,0.6881,3.5,3.4403,1.856,99.45,0,0.0,14855335923.0,14794067778.0,221999256.0,63943.82,64097.47,50.06,7769973.96,0,0,0,0,yfinance,yfinance,beacon_empirical_oracle,estimado,estimado_via_depeg,3.4403,3.5,14734203793.0
2023-10-02,Post-Shapella,1663.63,1664.81,1.000709,0.000709,0.0709,-0.041321,-0.040452,0.494518,0.323404,0.469359,0.309895,3.8226,3.4403,0.3823,10.001,0.001,0.736,3.1345,0.6881,3.5,3.4403,1.7785,99.45,0,0.0,15337824048.0,15273100330.0,212718896.0,64290.17,63574.13,49.72,7445161.36,0,0,0,0,yfinance,yfinance,beacon_empirical_oracle,estimado,estimado_via_depeg,3.4403,3.5,14542703895.0
2023-10-03,Post-Shapella,1656.69,1656.06,0.99962,-0.00038,-0.038,-0.004181,-0.005266,0.500459,0.323806,0.476863,0.310583,3.9299,3.5369,0.393,10.0003,0.0011,0.737,3.2225,0.7074,3.6,3.5369,1.9146,99.45,0,0.0,14766535283.0,14703082974.0,212014645.0,63795.46,64179.38,50.15,7420512.58,0,0,0,0,yfinance,yfinance,beacon_empirical_oracle,estimado,estimado_via_depeg,3.5369,3.6,14533845697.0
2023-10-04,Post-Shapella,1647.84,1645.83,0.99878,-0.00122,-0.122,-0.005355,-0.006199,0.506572,0.32408,0.484705,0.311028,3.9299,3.5369,0.393,10.0003,0.0011,0.7381,3.2225,0.7074,3.6,3.5369,2.0303,99.45,0,0.0,14629015965.0,14568822544.0,211030878.0,63405.06,64660.09,50.49,7386080.73,0,0,0,0,yfinance,yfinance,beacon_empirical_oracle,estimado,estimado_via_depeg,3.5369,3.6,14510015876.0
2023-10-05,Post-Shapella,1611.48,1613.36,1.001167,0.001167,0.1167,-0.022313,-0.019927,0.467971,0.333456,0.453952,0.318841,3.9299,3.5369,0.393,10.0003,0.0011,0.7392,3.2225,0.7074,3.6,3.5369,1.9246,99.45,0,0.0,14647885045.0,14590550707.0,206825171.0,64775.65,63569.21,49.53,7238880.98,0,0,0,0,yfinance,yfinance,beacon_empirical_oracle,estimado,estimado_via_depeg,3.5369,3.6,14270638483.0
2023-10-06,Post-Shapella,1645.83,1644.46,0.999168,-0.000832,-0.0832,0.021095,0.019094,0.495083,0.34181,0.472126,0.325931,3.9299,3.5369,0.393,10.0003,0.0011,0.7403,3.2225,0.7074,3.6,3.5369,1.788,99.45,0,0.0,14397217191.0,14340866345.0,210596224.0,63556.47,64400.99,50.33,7370867.84,0,0,0,0,yfinance,yfinance,beacon_empirical_oracle,estimado,estimado_via_depeg,3.5369,3.6,14579420437.0
2023-10-07,Post-Shapella,1634.51,1637.63,1.001909,0.001909,0.1909,-0.006902,-0.004161,0.495029,0.341077,0.46855,0.325188,3.8226,3.4403,0.3823,10.001,0.001,0.7413,3.1345,0.6881,3.5,3.4403,1.743,99.45,0,0.0,14646932763.0,14589176908.0,208679731.0,64805.86,62865.26,49.24,7303790.59,0,0,0,0,yfinance,yfinance,beacon_empirical_oracle,estimado,estimado_via_depeg,3.4403,3.5,14398705958.0
2023-10-08,Post-Shapella,1633.55,1633.65,1.000061,6.1e-05,0.0061,-0.000589,-0.002436,0.368943,0.340221,0.347437,0.324933,3.8226,3.4403,0.3823,10.001,0.001,0.7424,3.1345,0.6881,3.5,3.4403,1.7205,99.45,0,0.0,14535946314.0,14478716837.0,208127182.0,63729.43,63678.47,49.98,7284451.37,0,0,0,0,yfinance,yfinance,beacon_empirical_oracle,estimado,estimado_via_depeg,3.4403,3.5,14447474416.0
2023-10-09,Post-Shapella,1579.81,1578.05,0.998886,-0.001114,-0.1114,-0.033452,-0.034626,0.328534,0.35963,0.315937,0.346686,3.7151,3.3436,0.3715,9.9997,0.001,0.7434,3.0464,0.6687,3.4,3.3436,1.8813,99.45,0,0.0,14549809854.0,14492860943.0,201370229.0,63171.57,64293.27,50.44,7047958.02,0,0,0,0,yfinance,yfinance,beacon_empirical_oracle,estimado,estimado_via_depeg,3.3436,3.4,13935228582.0
2023-10-10,Post-Shapella,1567.71,1572.81,1.003253,0.003253,0.3253,-0.007685,-0.003326,0.327428,0.358574,0.317134,0.344969,3.7151,3.3436,0.3715,9.9997,0.001,0.7444,3.0464,0.6687,3.4,3.3436,1.7666,99.45,0,0.0,14100544991.0,14046334237.0,199062792.0,65139.1,61837.7,48.7,6967197.72,0,0,0,0,yfinance,yfinance,beacon_empirical_oracle,estimado,estimado_via_depeg,3.3436,3.4,13815001735.0
2023-10-11,Post-Shapella,1566.25,1564.76,0.999049,-0.000951,-0.0951,-0.000931,-0.005128,0.331047,0.328071,0.317469,0.316202,3.6076,3.2469,0.3607,9.9983,0.001,0.7454,2.9583,0.6494,3.3,3.2469,1.7573,99.45,20,20.5,13901118413.0,13846647164.0,198718489.0,62955.54,63919.79,50.38,6955147.12,0,0,0,0,yfinance,yfinance,beacon_empirical_oracle,estimado,estimado_via_depeg,3.2469,3.3,13785380058.0
2023-10-12,Post-Shapella,1539.61,1535.46,0.997305,-0.002695,-0.2695,-0.017157,-0.018905,0.318638,0.32003,0.315057,0.309355,3.6076,3.2469,0.3607,9.9983,0.001,0.7464,2.9583,0.6494,3.3,3.2469,1.7611,99.45,1,1.0,13898495823.0,13845183787.0,195295698.0,62053.8,64793.71,51.08,6835349.43,0,0,0,0,yfinance,yfinance,beacon_empirical_oracle,estimado,estimado_via_depeg,3.2469,3.3,13560728740.0
2023-10-13,Post-Shapella,1552.09,1550.16,0.998757,-0.001243,-0.1243,0.008071,0.009527,0.258112,0.319376,0.271254,0.310057,3.6076,3.2469,0.3607,9.9983,0.001,0.7474,2.9583,0.6494,3.3,3.2469,1.7911,99.45,0,0.0,13726279754.0,13673722414.0,198125996.0,63187.29,64463.81,50.5,6934409.86,0,0,0,0,yfinance,yfinance,beacon_empirical_oracle,estimado,estimado_via_depeg,3.2469,3.3,13757708256.0
2023-10-14,Post-Shapella,1555.26,1553.91,0.999132,-0.000868,-0.0868,0.002039,0.002418,0.269063,0.316215,0.281529,0.306945,3.6076,3.2469,0.3607,9.9983,0.001,0.7484,2.9583,0.6494,3.3,3.2469,1.7511,99.45,0,0.0,13818388474.0,13764658107.0,197406098.0,63019.77,63908.27,50.35,6909213.43,0,0,0,0,yfinance,yfinance,beacon_empirical_oracle,estimado,estimado_via_depeg,3.2469,3.3,13744564559.0
2023-10-15,Post-Shapella,1558.07,1558.4,1.000212,0.000212,0.0212,0.001807,0.002886,0.273116,0.314208,0.289848,0.304223,3.6076,3.2469,0.3607,9.9983,0.001,0.7493,2.9583,0.6494,3.3,3.2469,1.7511,99.45,0,0.0,13836524177.0,13782971623.0,197331405.0,63439.58,63211.6,49.91,6906599.18,0,0,0,0,yfinance,yfinance,beacon_empirical_oracle,estimado,estimado_via_depeg,3.2469,3.3,13767392070.0
2023-10-16,Post-Shapella,1600.53,1597.4,0.998044,-0.001956,-0.1956,0.02689,0.024719,0.261678,0.329525,0.257447,0.317789,3.6076,3.2469,0.3607,9.9983,0.001,0.7503,2.9583,0.6494,3.3,3.2469,1.9011,99.45,0,0.0,13854541047.0,13800603220.0,202314587.0,62216.42,64188.33,50.78,7081010.55,0,0,0,0,yfinance,yfinance,beacon_empirical_oracle,estimado,estimado_via_depeg,3.2469,3.3,14056132064.0
2023-10-17,Post-Shapella,1565.44,1566.69,1.000798,0.000798,0.0798,-0.022171,-0.019412,0.310231,0.337195,0.299483,0.323449,3.7151,3.3436,0.3715,9.9997,0.001,0.7513,3.0464,0.6687,3.4,3.3436,2.0911,99.45,0,0.0,14259747155.0,14201710937.0,196567587.0,63185.31,62381.68,49.68,6879865.55,0,0,0,0,yfinance,yfinance,beacon_empirical_oracle,estimado,estimado_via_depeg,3.3436,3.4,13782074757.0
2023-10-18,Post-Shapella,1563.75,1564.76,1.000646,0.000646,0.0646,-0.00108,-0.001232,0.310255,0.335237,0.297178,0.321668,3.8226,3.4403,0.3823,10.001,0.001,0.7524,3.1345,0.6881,3.5,3.4403,2.3511,99.45,0,0.0,13939930131.0,13883921204.0,196902294.0,63285.75,62630.98,49.74,6891580.29,0,0,0,0,yfinance,yfinance,beacon_empirical_oracle,estimado,estimado_via_depeg,3.4403,3.5,13774496019.0
2023-10-19,Post-Shapella,1567.46,1567.14,0.999796,-0.000204,-0.0204,0.002368,0.001519,0.275542,0.334992,0.251172,0.319967,3.9299,3.5369,0.393,10.0003,0.0011,0.7535,3.2225,0.7074,3.6,3.5369,1.791,99.45,0,0.0,13936871415.0,13882647750.0,196974692.0,62731.91,62932.98,50.08,6894114.22,0,0,0,0,yfinance,yfinance,beacon_empirical_oracle,estimado,estimado_via_depeg,3.5369,3.6,13816376626.0
2023-10-20,Post-Shapella,1604.67,1601.82,0.998224,-0.001776,-0.1776,0.023462,0.021886,0.313994,0.343546,0.284589,0.326471,3.9299,3.5369,0.393,10.0003,0.0011,0.7545,3.2225,0.7074,3.6,3.5369,2.081,99.45,0,0.0,13954548987.0,13898075691.0,201630216.0,61933.94,63718.2,50.71,7057057.56,0,0,0,0,yfinance,yfinance,beacon_empirical_oracle,estimado,estimado_via_depeg,3.5369,3.6,14204594946.0
2023-10-21,Post-Shapella,1629.3,1630.88,1.00097,0.00097,0.097,0.015237,0.017976,0.321414,0.336725,0.298871,0.324532,3.9299,3.5369,0.393,10.0003,0.0011,0.7556,3.2225,0.7074,3.6,3.5369,1.9211,99.45,0,0.0,14302646422.0,14242316334.0,197737903.0,61155.18,60208.54,49.61,6920826.6,0,0,0,0,yfinance,yfinance,beacon_empirical_oracle,estimado,estimado_via_depeg,3.5369,3.6,14407011457.0
2023-10-22,Post-Shapella,1663.43,1659.4,0.997577,-0.002423,-0.2423,0.020728,0.017339,0.332924,0.343425,0.3052,0.329508,4.0371,3.6334,0.4037,9.9998,0.0011,0.7567,3.3104,0.7267,3.7,3.6334,1.7811,99.45,0,0.0,14584836718.0,14520194233.0,201824916.0,59488.38,61842.19,50.97,7063872.06,0,0,0,0,yfinance,yfinance,beacon_empirical_oracle,estimado,estimado_via_depeg,3.6334,3.7,14472835509.0
2023-10-23,Post-Shapella,1765.38,1759.35,0.996584,-0.003416,-0.3416,0.059486,0.058487,0.485602,0.398588,0.46616,0.384887,4.0371,3.6334,0.4037,9.9998,0.0011,0.7578,3.3104,0.7267,3.7,3.6334,1.8811,99.45,0,0.0,14820927134.0,14757657882.0,213950647.0,58935.87,62256.54,51.37,7488272.64,0,0,0,0,yfinance,yfinance,beacon_empirical_oracle,estimado,estimado_via_depeg,3.6334,3.7,15112944899.0
2023-10-24,Post-Shapella,1784.44,1786.21,1.000992,0.000992,0.0992,0.010736,0.015155,0.383979,0.397121,0.374101,0.384708,4.1442,3.7298,0.4144,9.9995,0.0011,0.759,3.3982,0.746,3.8,3.7298,2.3711,99.45,0,0.0,15839864584.0,15771543236.0,216361283.0,61109.42,60139.43,49.6,7572644.9,0,0,0,0,yfinance,yfinance,beacon_empirical_oracle,estimado,estimado_via_depeg,3.7298,3.8,15623606476.0
2023-10-25,Post-Shapella,1787.4,1785.62,0.999004,-0.000996,-0.0996,0.001657,-0.000333,0.375821,0.397198,0.371226,0.385013,3.9299,3.5369,0.393,10.0003,0.0011,0.76,3.2225,0.7074,3.6,3.5369,1.9011,99.45,0,0.0,15773371295.0,15710634976.0,215835679.0,59893.98,60860.01,50.4,7554248.76,0,0,0,0,yfinance,yfinance,beacon_empirical_oracle,estimado,estimado_via_depeg,3.5369,3.6,15746769109.0
2023-10-26,Post-Shapella,1804.04,1801.26,0.998459,-0.001541,-0.1541,0.009268,0.008723,0.360112,0.39762,0.353999,0.385324,4.0371,3.6334,0.4037,9.9998,0.0011,0.7612,3.3104,0.7267,3.7,3.6334,2.1011,99.45,0,0.0,15898100727.0,15830940050.0,217346493.0,59491.86,60985.78,50.62,7607127.26,0,0,0,0,yfinance,yfinance,beacon_empirical_oracle,estimado,estimado_via_depeg,3.6334,3.7,15859313343.0
2023-10-27,Post-Shapella,1780.05,1772.94,0.996006,-0.003994,-0.3994,-0.013389,-0.015848,0.430509,0.402281,0.436346,0.391576,4.0371,3.6334,0.4037,9.9998,0.0011,0.7623,3.3104,0.7267,3.7,3.6334,2.0311,99.45,0,0.0,15965292483.0,15898409995.0,214717063.0,58382.1,62242.07,51.6,7515097.21,0,0,0,0,yfinance,yfinance,beacon_empirical_oracle,estimado,estimado_via_depeg,3.6334,3.7,15637891985.0
2023-10-28,Post-Shapella,1776.62,1774.29,0.998689,-0.001311,-0.1311,-0.001927,0.000762,0.447016,0.387271,0.445611,0.379221,4.1442,3.7298,0.4144,9.9995,0.0011,0.7634,3.3982,0.746,3.8,3.7298,2.2411,99.45,0,0.0,15815256493.0,15750224000.0,214565730.0,59757.92,61013.95,50.52,7509800.55,0,0,0,0,yfinance,yfinance,beacon_empirical_oracle,estimado,estimado_via_depeg,3.7298,3.8,15651387910.0
2023-10-29,Post-Shapella,1795.55,1792.41,0.998251,-0.001749,-0.1749,0.010598,0.010157,0.441438,0.387638,0.443428,0.378928,4.1442,3.7298,0.4144,9.9995,0.0011,0.7645,3.3982,0.746,3.8,3.7298,1.7711,99.45,0,0.0,15764172804.0,15699911296.0,219976012.0,60398.3,62113.47,50.7,7699160.42,0,0,0,0,yfinance,yfinance,beacon_empirical_oracle,estimado,estimado_via_depeg,3.7298,3.8,15843353945.0
2023-10-30,Post-Shapella,1810.09,1806.02,0.997751,-0.002249,-0.2249,0.008067,0.007568,0.169972,0.388124,0.194224,0.379245,4.1442,3.7298,0.4144,9.9995,0.0011,0.7657,3.3982,0.746,3.8,3.7298,1.7911,99.45,0,0.0,15963129244.0,15896360515.0,218687773.0,59320.64,61495.33,50.9,7654072.06,0,0,0,0,yfinance,yfinance,beacon_empirical_oracle,estimado,estimado_via_depeg,3.7298,3.8,15917609456.0
2023-10-31,Post-Shapella,1816.46,1806.42,0.994473,-0.005527,-0.5527,0.003513,0.00022,0.15911,0.368123,0.169153,0.361151,4.1442,3.7298,0.4144,9.9995,0.0011,0.7668,3.3982,0.746,3.8,3.7298,2.0811,99.45,0,0.0,16306961418.0,16230886612.0,218969387.0,57609.56,62937.76,52.21,7663928.55,0,0,0,0,yfinance,yfinance,beacon_empirical_oracle,estimado,estimado_via_depeg,3.7298,3.8,15931207535.0
2023-11-01,Post-Shapella,1847.09,1838.17,0.995171,-0.004829,-0.4829,0.016722,0.017426,0.188496,0.337435,0.202153,0.33204,4.1442,3.7298,0.4144,9.9995,0.0011,0.7679,3.3982,0.746,3.8,3.7298,2.0312,99.45,0,0.0,16201928397.0,16125202288.0,222484759.0,57901.04,62550.46,51.93,7786966.56,0,0,0,0,yfinance,yfinance,beacon_empirical_oracle,estimado,estimado_via_depeg,3.7298,3.8,16279550913.0
2023-11-02,Post-Shapella,1800.62,1800.44,0.9999,-0.0001,-0.01,-0.02548,-0.020739,0.281331,0.351415,0.264032,0.341322,4.1442,3.7298,0.4144,9.9995,0.0011,0.7691,3.3982,0.746,3.8,3.7298,2.2111,99.45,0,0.0,16466391784.0,16383782249.0,216536121.0,60080.11,60176.31,50.04,7578764.24,0,0,0,0,yfinance,yfinance,beacon_empirical_oracle,estimado,estimado_via_depeg,3.7298,3.8,15988110784.0
2023-11-03,Post-Shapella,1832.8,1826.41,0.996514,-0.003486,-0.3486,0.017711,0.014319,0.28274,0.353898,0.243385,0.342026,4.1442,3.7298,0.4144,9.9995,0.0011,0.7702,3.3982,0.746,3.8,3.7298,1.9612,99.45,0,0.0,16391026801.0,16312195986.0,220405681.0,58456.57,61799.69,51.39,7714198.84,0,0,0,0,yfinance,yfinance,beacon_empirical_oracle,estimado,estimado_via_depeg,3.7298,3.8,16175225139.0
2023-11-04,Post-Shapella,1857.7,1849.97,0.995839,-0.004161,-0.4161,0.013496,0.012818,0.284431,0.342835,0.24841,0.332779,4.0371,3.6334,0.4037,9.9998,0.0011,0.7713,3.3104,0.7267,3.7,3.6334,1.8612,99.45,0,0.0,16482794639.0,16402337881.0,223579542.0,58178.58,62174.3,51.66,7825283.97,0,0,0,0,yfinance,yfinance,beacon_empirical_oracle,estimado,estimado_via_depeg,3.6334,3.7,16326288774.0
2023-11-05,Post-Shapella,1894.16,1887.83,0.996658,-0.003342,-0.3342,0.019436,0.020257,0.299189,0.341886,0.268656,0.333442,4.0371,3.6334,0.4037,9.9998,0.0011,0.7724,3.3104,0.7267,3.7,3.6334,1.7712,99.45,0,0.0,16978112256.0,16898450489.0,226537036.0,58196.2,61401.42,51.34,7928796.26,0,0,0,0,yfinance,yfinance,beacon_empirical_oracle,estimado,estimado_via_depeg,3.6334,3.7,16675754548.0
2023-11-06,Post-Shapella,1899.84,1892.41,0.996089,-0.003911,-0.3911,0.002994,0.002423,0.300984,0.339398,0.27103,0.332053,4.0371,3.6334,0.4037,9.9998,0.0011,0.7735,3.3104,0.7267,3.7,3.6334,1.9212,99.45,0,0.0,17091136315.0,17014429893.0,229228043.0,58446.01,62210.49,51.56,8022981.51,0,0,0,0,yfinance,yfinance,beacon_empirical_oracle,estimado,estimado_via_depeg,3.6334,3.7,16899011451.0
2023-11-07,Post-Shapella,1888.12,1876.7,0.993952,-0.006048,-0.6048,-0.006184,-0.008337,0.315447,0.341118,0.289819,0.334306,4.0371,3.6334,0.4037,9.9998,0.0011,0.7746,3.3104,0.7267,3.7,3.6334,1.9412,99.45,0,0.0,16945073276.0,16867881999.0,214888845.0,54151.28,59659.73,52.42,7521109.58,0,0,0,0,yfinance,yfinance,beacon_empirical_oracle,estimado,estimado_via_depeg,3.6334,3.7,16809888837.0
2023-11-08,Post-Shapella,1889.32,1884.72,0.997565,-0.002435,-0.2435,0.000634,0.004266,0.301813,0.312493,0.271762,0.302884,4.0371,3.6334,0.4037,9.9998,0.0011,0.7757,3.3104,0.7267,3.7,3.6334,2.0013,99.45,0,0.0,17086595532.0,17005190460.0,216324465.0,56138.66,58359.93,50.97,7571356.28,0,0,0,0,yfinance,yfinance,beacon_empirical_oracle,estimado,estimado_via_depeg,3.6334,3.7,16903230076.0
2023-11-09,Post-Shapella,2120.56,2108.23,0.994185,-0.005815,-0.5815,0.115462,0.112072,0.79661,0.489748,0.775077,0.47634,3.9299,3.5369,0.393,10.0003,0.0011,0.7768,3.2225,0.7074,3.6,3.5369,2.1311,99.45,0,0.0,17310832823.0,17229465910.0,239216749.0,53775.71,59032.58,52.33,8372586.22,0,0,0,0,yfinance,yfinance,beacon_empirical_oracle,estimado,estimado_via_depeg,3.5369,3.6,18640962840.0
2023-11-10,Post-Shapella,2078.29,2076.21,0.998999,-0.001001,-0.1001,-0.020135,-0.015307,0.857499,0.499658,0.82229,0.48164,4.1442,3.7298,0.4144,9.9995,0.0011,0.778,3.3982,0.746,3.8,3.7298,2.5212,99.45,0,0.0,18954686142.0,18869125699.0,237323659.0,56639.13,57552.66,50.4,8306328.06,0,0,0,0,yfinance,yfinance,beacon_empirical_oracle,estimado,estimado_via_depeg,3.7298,3.8,18713957645.0
2023-11-11,Post-Shapella,2052.71,2048.66,0.998027,-0.001973,-0.1973,-0.012383,-0.013356,0.885592,0.49673,0.854039,0.477906,4.1442,3.7298,0.4144,9.9995,0.0011,0.7791,3.3982,0.746,3.8,3.7298,2.0713,99.45,0,0.0,18682568282.0,18588017072.0,231922281.0,55599.16,57384.3,50.79,8117279.84,0,0,0,0,yfinance,yfinance,beacon_empirical_oracle,estimado,estimado_via_depeg,3.7298,3.8,18273188666.0
2023-11-12,Post-Shapella,2045.19,2043.14,0.998998,-0.001002,-0.1002,-0.003674,-0.0027,0.893067,0.498866,0.860808,0.479832,4.2512,3.8261,0.4251,9.9995,0.0012,0.7803,3.486,0.7652,3.9,3.8261,1.9313,99.45,0,0.0,18579274517.0,18478188684.0,233115754.0,56535.29,57447.15,50.4,8159051.39,0,0,0,0,yfinance,yfinance,beacon_empirical_oracle,estimado,estimado_via_depeg,3.8261,3.9,18443652875.0
2023-11-13,Post-Shapella,2055.27,2050.7,0.997776,-0.002224,-0.2224,0.004916,0.003695,0.892131,0.498447,0.86006,0.479626,4.2512,3.8261,0.4251,9.9995,0.0012,0.7814,3.486,0.7652,3.9,3.8261,2.1412,99.45,0,0.0,18643119720.0,18544993190.0,223023355.0,53290.7,55222.23,50.89,7805817.43,0,0,0,0,yfinance,yfinance,beacon_empirical_oracle,estimado,estimado_via_depeg,3.8261,3.9,18457953119.0
2023-11-14,Post-Shapella,1979.05,1980.24,1.000601,0.000601,0.0601,-0.037787,-0.034966,0.956528,0.524388,0.916988,0.503521,4.3581,3.9223,0.4358,9.9998,0.0012,0.7826,3.5736,0.7845,4.0,3.9223,2.3113,99.45,0,0.0,18469180601.0,18380164692.0,214592476.0,54476.27,53955.79,49.76,7510736.66,0,0,0,0,yfinance,yfinance,beacon_empirical_oracle,estimado,estimado_via_depeg,3.9223,4.0,17697307875.0
2023-11-15,Post-Shapella,2060.41,2051.97,0.995904,-0.004096,-0.4096,0.040286,0.035583,0.983653,0.53249,0.937565,0.509456,4.3581,3.9223,0.4358,9.9998,0.0012,0.7838,3.5736,0.7845,4.0,3.9223,2.2114,99.45,0,0.0,18190306894.0,18086162211.0,220332144.0,51714.28,55221.79,51.64,7711625.04,0,0,0,0,yfinance,yfinance,beacon_empirical_oracle,estimado,estimado_via_depeg,3.9223,4.0,18335659005.0
2023-11-16,Post-Shapella,1960.88,1958.51,0.998791,-0.001209,-0.1209,-0.04951,-0.046613,0.563674,0.560081,0.512637,0.536241,4.3581,3.9223,0.4358,9.9998,0.0012,0.785,3.5736,0.7845,4.0,3.9223,2.0513,99.45,0,0.0,18505458842.0,18397367052.0,211086463.0,53307.71,54341.14,50.48,7388026.21,0,0,0,0,yfinance,yfinance,beacon_empirical_oracle,estimado,estimado_via_depeg,3.9223,4.0,17513987382.0
2023-11-17,Post-Shapella,1961.28,1949.7,0.994096,-0.005904,-0.5904,0.000204,-0.00451,0.563158,0.559851,0.512437,0.53703,4.2512,3.8261,0.4251,9.9995,0.0012,0.7862,3.486,0.7652,3.9,3.8261,1.8513,99.45,0,0.0,17823214548.0,17728052099.0,210796256.0,51202.96,56275.96,52.36,7377868.96,0,0,0,0,yfinance,yfinance,beacon_empirical_oracle,estimado,estimado_via_depeg,3.8261,3.9,17376767659.0
2023-11-18,Post-Shapella,1963.29,1957.2,0.996898,-0.003102,-0.3102,0.001021,0.003837,0.565528,0.560028,0.51851,0.536775,4.1442,3.7298,0.4144,9.9995,0.0011,0.7873,3.3982,0.746,3.8,3.7298,1.9012,99.45,0,0.0,17549241321.0,17490737763.0,210406269.0,52256.21,54914.03,51.24,7364219.42,0,0,0,0,yfinance,yfinance,beacon_empirical_oracle,estimado,estimado_via_depeg,3.7298,3.8,17570301953.0
2023-11-19,Post-Shapella,2013.2,2000.02,0.993453,-0.006547,-0.6547,0.025109,0.021643,0.610276,0.560647,0.557745,0.536693,4.1442,3.7298,0.4144,9.9995,0.0011,0.7884,3.3982,0.746,3.8,3.7298,1.7812,99.45,0,0.0,17793180107.0,17731622128.0,212400783.0,49987.83,55516.24,52.62,7434027.4,0,0,0,0,yfinance,yfinance,beacon_empirical_oracle,estimado,estimado_via_depeg,3.7298,3.8,17820820683.0
2023-11-20,Post-Shapella,2022.24,2020.9,0.999337,-0.000663,-0.0663,0.004478,0.010386,0.609971,0.560049,0.564715,0.535462,4.0371,3.6334,0.4037,9.9998,0.0011,0.7895,3.3104,0.7267,3.7,3.6334,1.8512,99.45,0,0.0,18507484832.0,18445755904.0,216374015.0,53209.71,53787.49,50.27,7573090.52,0,0,0,0,yfinance,yfinance,beacon_empirical_oracle,estimado,estimado_via_depeg,3.6334,3.7,18196890837.0
2023-11-21,Post-Shapella,1937.07,1944.66,1.003918,0.003918,0.3918,-0.043031,-0.038454,0.629388,0.584299,0.577484,0.557027,4.0371,3.6334,0.4037,9.9998,0.0011,0.7906,3.3104,0.7267,3.7,3.6334,1.8912,99.45,0,0.0,18327786533.0,18271047978.0,210259476.0,55976.71,52568.4,48.43,7359081.66,0,0,0,0,yfinance,yfinance,beacon_empirical_oracle,estimado,estimado_via_depeg,3.6334,3.7,17814285819.0
2023-11-22,Post-Shapella,2064.43,2061.88,0.998765,-0.001235,-0.1235,0.063677,0.05853,0.740289,0.589372,0.683752,0.557078,3.9299,3.5369,0.393,10.0003,0.0011,0.7917,3.2225,0.7074,3.6,3.5369,2.1512,99.45,0,0.0,18465548894.0,18411297955.0,221733726.0,53177.08,54229.67,50.49,7760680.41,0,0,0,0,yfinance,yfinance,beacon_empirical_oracle,estimado,estimado_via_depeg,3.5369,3.6,19035437320.0
2023-11-23,Post-Shapella,2062.21,2054.02,0.996029,-0.003971,-0.3971,-0.001073,-0.003818,0.613964,0.589419,0.562784,0.55678,3.9299,3.5369,0.393,10.0003,0.0011,0.7928,3.2225,0.7074,3.6,3.5369,2.0712,99.45,0,0.0,18976798491.0,18934503709.0,220794769.0,51831.17,55235.9,51.59,7727816.92,0,0,0,0,yfinance,yfinance,beacon_empirical_oracle,estimado,estimado_via_depeg,3.5369,3.6,19007306629.0
2023-11-24,Post-Shapella,2081.15,2079.36,0.99914,-0.00086,-0.086,0.009143,0.012263,0.611156,0.589492,0.555258,0.557092,3.9299,3.5369,0.393,10.0003,0.0011,0.7939,3.2225,0.7074,3.6,3.5369,1.8812,99.45,0,0.0,19519463230.0,19477030095.0,219896499.0,52471.28,53189.77,50.34,7696377.47,0,0,0,0,yfinance,yfinance,beacon_empirical_oracle,estimado,estimado_via_depeg,3.5369,3.6,19008647949.0
2023-11-25,Post-Shapella,2084.41,2076.11,0.996018,-0.003982,-0.3982,0.001566,-0.001567,0.610764,0.589414,0.559785,0.557401,3.9299,3.5369,0.393,10.0003,0.0011,0.795,3.2225,0.7074,3.6,3.5369,1.8812,99.45,0,0.0,19232545059.0,19176600847.0,221942792.0,51545.76,54931.75,51.59,7767997.72,0,0,0,0,yfinance,yfinance,beacon_empirical_oracle,estimado,estimado_via_depeg,3.5369,3.6,19173980973.0
2023-11-26,Post-Shapella,2063.29,2058.11,0.997489,-0.002511,-0.2511,-0.010187,-0.008707,0.605719,0.588274,0.559093,0.554632,3.9299,3.5369,0.393,10.0003,0.0011,0.796,3.2225,0.7074,3.6,3.5369,1.7112,99.45,0,0.0,19394338929.0,19338093164.0,220758288.0,52426.74,54566.6,51.0,7726540.08,0,0,0,0,yfinance,yfinance,beacon_empirical_oracle,estimado,estimado_via_depeg,3.5369,3.6,19086277361.0
2023-11-27,Post-Shapella,2027.42,2021.34,0.997001,-0.002999,-0.2999,-0.017537,-0.018029,0.62416,0.593062,0.576992,0.560271,3.9299,3.5369,0.393,10.0003,0.0011,0.7971,3.2225,0.7074,3.6,3.5369,1.9012,99.45,0,0.0,18811997451.0,18758986693.0,214698227.0,51677.86,54219.4,51.2,7514437.94,0,0,0,0,yfinance,yfinance,beacon_empirical_oracle,estimado,estimado_via_depeg,3.5369,3.6,18601498706.0
2023-11-28,Post-Shapella,2049.34,2044.8,0.997785,-0.002215,-0.2215,0.010754,0.011542,0.5064,0.593082,0.478706,0.560473,3.9299,3.5369,0.393,10.0003,0.0011,0.7982,3.2225,0.7074,3.6,3.5369,1.9412,99.45,0,0.0,18827650342.0,18773684071.0,217377176.0,52102.47,53969.33,50.88,7608201.16,0,0,0,0,yfinance,yfinance,beacon_empirical_oracle,estimado,estimado_via_depeg,3.5369,3.6,19044134257.0
2023-11-29,Post-Shapella,2029.93,2027.64,0.998872,-0.001128,-0.1128,-0.009516,-0.008429,0.201007,0.594885,0.21109,0.562107,4.0371,3.6334,0.4037,9.9998,0.0011,0.7993,3.3104,0.7267,3.7,3.6334,2.0512,99.45,0,0.0,19130877796.0,19073050761.0,215843127.0,52686.68,53643.65,50.45,7554509.44,0,0,0,0,yfinance,yfinance,beacon_empirical_oracle,estimado,estimado_via_depeg,3.6334,3.7,18785240361.0
2023-11-30,Post-Shapella,2052.56,2045.65,0.996633,-0.003367,-0.3367,0.011085,0.008844,0.223797,0.595422,0.225215,0.562209,3.9299,3.5369,0.393,10.0003,0.0011,0.8004,3.2225,0.7074,3.6,3.5369,2.0012,99.45,0,0.0,18989258739.0,18931657114.0,217326473.0,51510.96,54369.74,51.35,7606426.56,0,0,0,0,yfinance,yfinance,beacon_empirical_oracle,estimado,estimado_via_depeg,3.5369,3.6,18977490523.0
2023-12-01,Post-Shapella,2087.14,2080.59,0.996862,-0.003138,-0.3138,0.016709,0.016936,0.249205,0.595418,0.243236,0.562066,3.9299,3.5369,0.393,10.0003,0.0011,0.8014,3.2225,0.7074,3.6,3.5369,2.1412,99.45,0,0.0,19580790056.0,19522626144.0,221356044.0,51702.84,54354.27,51.25,7747461.54,0,0,0,0,yfinance,yfinance,beacon_empirical_oracle,estimado,estimado_via_depeg,3.5369,3.6,19400421889.0
2023-12-02,Post-Shapella,2165.7,2158.36,0.996611,-0.003389,-0.3389,0.036951,0.036698,0.36382,0.596239,0.357523,0.565774,3.9299,3.5369,0.393,10.0003,0.0011,0.8025,3.2225,0.7074,3.6,3.5369,1.9312,99.45,0,0.0,19692269706.0,19633534825.0,228267686.0,51267.21,54134.13,51.36,7989369.01,0,0,0,0,yfinance,yfinance,beacon_empirical_oracle,estimado,estimado_via_depeg,3.5369,3.6,19993358398.0
2023-12-03,Post-Shapella,2193.69,2197.22,1.001609,0.001609,0.1609,0.01284,0.017843,0.340824,0.595292,0.34427,0.566556,3.9299,3.5369,0.393,10.0003,0.0011,0.8036,3.2225,0.7074,3.6,3.5369,1.8512,99.45,0,0.0,20288333559.0,20228206799.0,232602287.0,53694.82,52337.61,49.36,8141080.05,0,0,0,0,yfinance,yfinance,beacon_empirical_oracle,estimado,estimado_via_depeg,3.5369,3.6,19999059999.0
2023-12-04,Post-Shapella,2243.22,2236.03,0.996795,-0.003205,-0.3205,0.022325,0.017508,0.267395,0.597485,0.256951,0.567485,4.0371,3.6334,0.4037,9.9998,0.0011,0.8047,3.3104,0.7267,3.7,3.6334,1.9412,99.45,0,0.0,21029960298.0,20971879566.0,234682765.0,50970.23,53648.47,51.28,8213896.78,0,0,0,0,yfinance,yfinance,beacon_empirical_oracle,estimado,estimado_via_depeg,3.6334,3.7,20971879566.0
2023-12-05,Post-Shapella,2293.84,2282.88,0.995222,-0.004778,-0.4778,0.022318,0.020736,0.27069,0.598368,0.259254,0.567635,4.3581,3.9223,0.4358,9.9998,0.0012,0.8059,3.5736,0.7845,4.0,3.9223,2.3812,99.45,0,0.0,20649515030.0,20593446445.0,240768363.0,50476.71,54486.3,51.91,8426892.7,0,0,0,0,yfinance,yfinance,beacon_empirical_oracle,estimado,estimado_via_depeg,3.9223,4.0,20593446445.0
2023-12-06,Post-Shapella,2231.66,2227.77,0.998257,-0.001743,-0.1743,-0.027482,-0.024437,0.382229,0.609871,0.357258,0.577608,4.3581,3.9223,0.4358,9.9998,0.0012,0.8071,3.5736,0.7845,4.0,3.9223,2.3112,99.45,0,0.0,21331001450.0,21271900517.0,236950030.0,52345.05,53831.53,50.7,8293251.05,0,0,0,0,yfinance,yfinance,beacon_empirical_oracle,estimado,estimado_via_depeg,3.9223,4.0,21271900517.0
2023-12-07,Post-Shapella,2357.58,2347.47,0.995712,-0.004288,-0.4288,0.054889,0.052336,0.482797,0.632113,0.449344,0.597813,4.3581,3.9223,0.4358,9.9998,0.0012,0.8083,3.5736,0.7845,4.0,3.9223,2.1311,99.45,0,0.0,20877082092.0,20818520476.0,248578722.0,50905.51,54532.58,51.72,8700255.27,0,0,0,0,yfinance,yfinance,beacon_empirical_oracle,estimado,estimado_via_depeg,3.9223,4.0,20818520476.0
2023-12-08,Post-Shapella,2358.73,2348.76,0.995773,-0.004227,-0.4227,0.000489,0.000551,0.502889,0.632133,0.470466,0.598203,4.3581,3.9223,0.4358,9.9998,0.0012,0.8095,3.5736,0.7845,4.0,3.9223,2.1612,99.45,0,0.0,21948528820.0,21882569405.0,247719267.0,50736.28,54286.03,51.69,8670174.35,0,0,0,0,yfinance,yfinance,beacon_empirical_oracle,estimado,estimado_via_depeg,3.9223,4.0,21882569405.0
2023-12-09,Post-Shapella,2341.18,2331.83,0.996006,-0.003994,-0.3994,-0.007471,-0.007233,0.500534,0.499049,0.467326,0.46528,4.2512,3.8261,0.4251,9.9995,0.0012,0.8106,3.486,0.7652,3.9,3.8261,2.3612,99.45,0,0.0,21959468720.0,21889779990.0,245235806.0,50698.42,54050.38,51.6,8583253.21,0,0,0,0,yfinance,yfinance,beacon_empirical_oracle,estimado,estimado_via_depeg,3.8261,3.9,21889779990.0
2023-12-10,Post-Shapella,2352.46,2341.3,0.995256,-0.004744,-0.4744,0.00481,0.004053,0.502221,0.491839,0.465726,0.460378,3.6076,3.2469,0.3607,9.9983,0.001,0.8116,2.9583,0.6494,3.3,3.2469,1.8213,99.45,0,0.0,21802994563.0,21738139244.0,245998785.0,50298.59,54272.28,51.9,8609957.48,0,0,0,0,yfinance,yfinance,beacon_empirical_oracle,estimado,estimado_via_depeg,3.2469,3.3,21738139244.0
2023-12-11,Post-Shapella,2224.58,2215.95,0.996121,-0.003879,-0.3879,-0.055895,-0.055028,0.673643,0.532004,0.645611,0.501286,4.1442,3.7298,0.4144,9.9995,0.0011,0.8128,3.3982,0.746,3.8,3.7298,2.1013,99.45,0,0.0,20898098230.0,20835772031.0,230050230.0,50103.54,53309.34,51.55,8051758.05,0,0,0,0,yfinance,yfinance,beacon_empirical_oracle,estimado,estimado_via_depeg,3.7298,3.8,19898974103.0
2023-12-12,Post-Shapella,2202.04,2193.42,0.996085,-0.003915,-0.3915,-0.010184,-0.01022,0.644912,0.533466,0.619539,0.502973,4.3581,3.9223,0.4358,9.9998,0.0012,0.814,3.5736,0.7845,4.0,3.9223,2.4112,99.45,0,0.0,20638101676.0,20574248307.0,227125287.0,49952.22,53190.91,51.57,7949385.05,0,0,0,0,yfinance,yfinance,beacon_empirical_oracle,estimado,estimado_via_depeg,3.9223,4.0,20574248307.0
2023-12-13,Post-Shapella,2260.65,2245.42,0.993263,-0.006737,-0.6737,0.026268,0.023431,0.651917,0.539862,0.627891,0.508313,4.1442,3.7298,0.4144,9.9995,0.0011,0.8151,3.3982,0.746,3.8,3.7298,2.3712,99.45,0,0.0,20216591081.0,20157620655.0,225720690.0,47227.96,52619.73,52.7,7900224.15,0,0,0,0,yfinance,yfinance,beacon_empirical_oracle,estimado,estimado_via_depeg,3.7298,3.8,19996427138.0
2023-12-14,Post-Shapella,2316.58,2305.86,0.995372,-0.004628,-0.4628,0.02444,0.026561,0.526141,0.523832,0.517976,0.495583,3.9299,3.5369,0.393,10.0003,0.0011,0.8162,3.2225,0.7074,3.6,3.5369,2.3032,99.45,0,0.0,21275160925.0,21210624182.0,226327651.8,47042.09,50656.95,51.85,7921467.81,0,0,0,0,yfinance,yfinance,beacon_empirical_oracle,estimado,estimado_via_depeg,3.5369,3.6,21210624182.0
2023-12-15,Post-Shapella,2219.34,2225.91,1.00296,0.00296,0.296,-0.042883,-0.035287,0.599254,0.534047,0.567209,0.502279,4.4649,4.0184,0.4465,10.0002,0.0012,0.8174,3.6612,0.8037,4.1,4.0184,2.2352,99.45,0,0.0,21102822948.0,21032839211.0,226934613.6,52333.19,49920.01,48.82,7942711.48,0,0,0,0,yfinance,yfinance,beacon_empirical_oracle,estimado,estimado_via_depeg,4.0184,4.1,21032839211.0
2023-12-16,Post-Shapella,2226.93,2222.69,0.998096,-0.001904,-0.1904,0.003414,-0.001448,0.605734,0.500026,0.569019,0.470132,4.1442,3.7298,0.4144,9.9995,0.0011,0.8185,3.3982,0.746,3.8,3.7298,2.1672,99.45,0,0.0,20835168526.0,20769115893.0,227541575.4,50312.08,51865.17,50.76,7963955.14,0,0,0,0,yfinance,yfinance,beacon_empirical_oracle,estimado,estimado_via_depeg,3.7298,3.8,20769115893.0
2023-12-17,Post-Shapella,2196.48,2201.25,1.002172,0.002172,0.2172,-0.013766,-0.009694,0.598233,0.503805,0.561608,0.471688,4.3581,3.9223,0.4358,9.9998,0.0012,0.8197,3.5736,0.7845,4.0,3.9223,2.0992,99.45,0,0.0,20548834635.0,20484342411.0,228148537.2,52838.71,51031.37,49.13,7985198.8,0,0,0,0,yfinance,yfinance,beacon_empirical_oracle,estimado,estimado_via_depeg,3.9223,4.0,20484342411.0
2023-12-18,Post-Shapella,2217.27,2214.63,0.998809,-0.001191,-0.1191,0.009422,0.006061,0.462638,0.504079,0.408037,0.47174,4.1442,3.7298,0.4144,9.9995,0.0011,0.8209,3.3982,0.746,3.8,3.7298,2.0312,99.45,0,0.0,19715918971.0,19657033873.0,228755499.0,51089.73,52080.16,50.48,8006442.47,0,0,0,0,yfinance,yfinance,beacon_empirical_oracle,estimado,estimado_via_depeg,3.7298,3.8,19981707761.0
2023-12-19,Post-Shapella,2177.87,2172.51,0.997539,-0.002461,-0.2461,-0.01793,-0.0192,0.475728,0.503809,0.426347,0.474149,4.1442,3.7298,0.4144,9.9995,0.0011,0.822,3.3982,0.746,3.8,3.7298,2.0011,99.45,0,0.0,20953205333.0,20888736627.0,224368291.0,50501.33,52520.56,50.98,7852890.18,0,0,0,0,yfinance,yfinance,beacon_empirical_oracle,estimado,estimado_via_depeg,3.7298,3.8,19957938936.0
2023-12-20,Post-Shapella,2201.91,2187.78,0.993583,-0.006417,-0.6417,0.010977,0.007002,0.432094,0.50462,0.38246,0.473611,4.1442,3.7298,0.4144,9.9995,0.0011,0.8231,3.3982,0.746,3.8,3.7298,2.3011,99.45,0,0.0,20414245225.0,20348017152.0,226332676.0,48752.94,54036.31,52.57,7921643.66,0,0,0,0,yfinance,yfinance,beacon_empirical_oracle,estimado,estimado_via_depeg,3.7298,3.8,19936499423.0
2023-12-21,Post-Shapella,2239.54,2231.7,0.996499,-0.003501,-0.3501,0.016946,0.019876,0.404872,0.478704,0.35211,0.453164,4.1442,3.7298,0.4144,9.9995,0.0011,0.8243,3.3982,0.746,3.8,3.7298,2.3011,99.45,0,0.0,20595670089.0,20521757427.0,231671663.0,50274.8,53171.29,51.4,8108508.21,0,0,0,0,yfinance,yfinance,beacon_empirical_oracle,estimado,estimado_via_depeg,3.7298,3.8,19989978863.0
2023-12-22,Post-Shapella,2326.52,2318.61,0.9966,-0.0034,-0.34,0.038104,0.038205,0.361917,0.44636,0.363106,0.427535,3.9299,3.5369,0.393,10.0003,0.0011,0.8253,3.2225,0.7074,3.6,3.5369,1.9711,99.45,0,0.0,21300697580.0,21222146897.0,239367828.0,50044.06,52842.58,51.36,8377873.98,0,0,0,0,yfinance,yfinance,beacon_empirical_oracle,estimado,estimado_via_depeg,3.5369,3.6,21222146897.0
2023-12-23,Post-Shapella,2309.05,2290.05,0.991772,-0.008228,-0.8228,-0.007541,-0.012396,0.376394,0.44785,0.384432,0.430524,3.9299,3.5369,0.393,10.0003,0.0011,0.8264,3.2225,0.7074,3.6,3.5369,1.9845,99.45,0,0.0,21231078538.0,21165343604.0,232773203.67,47087.92,53721.16,53.29,8147062.13,0,0,0,0,yfinance,yfinance,beacon_empirical_oracle,estimado,estimado_via_depeg,3.5369,3.6,21165343604.0
2023-12-24,Post-Shapella,2265.69,2264.36,0.999413,-0.000587,-0.0587,-0.018954,-0.011282,0.393741,0.454283,0.388092,0.432407,3.7151,3.3436,0.3715,9.9997,0.001,0.8274,3.0464,0.6687,3.4,3.3436,1.9979,99.45,0,0.0,21179534179.0,21141196015.0,226178579.33,49674.25,50153.43,50.24,7916250.28,0,0,0,0,yfinance,yfinance,beacon_empirical_oracle,estimado,estimado_via_depeg,3.3436,3.4,21141196015.0
2023-12-25,Post-Shapella,2272.56,2260.56,0.99472,-0.00528,-0.528,0.003027,-0.001677,0.391512,0.454261,0.389658,0.432422,3.9299,3.5369,0.393,10.0003,0.0011,0.8285,3.2225,0.7074,3.6,3.5369,2.0113,99.45,0,0.0,20854931920.0,20816948603.0,219583955.0,46273.26,50350.79,52.11,7685438.43,0,0,0,0,yfinance,yfinance,beacon_empirical_oracle,estimado,estimado_via_depeg,3.5369,3.6,20816948603.0
2023-12-26,Post-Shapella,2231.47,2216.87,0.993457,-0.006543,-0.6543,-0.018249,-0.019517,0.392582,0.458034,0.390757,0.437666,3.9299,3.5369,0.393,10.0003,0.0011,0.8296,3.2225,0.7074,3.6,3.5369,1.7613,99.45,0,0.0,20420437750.0,20381916298.0,214232460.0,45487.21,50517.87,52.62,7498136.1,0,0,0,0,yfinance,yfinance,beacon_empirical_oracle,estimado,estimado_via_depeg,3.5369,3.6,19972627403.0
2023-12-27,Post-Shapella,2378.74,2363.56,0.993618,-0.006382,-0.6382,0.063912,0.064071,0.590393,0.499198,0.592524,0.480814,3.7151,3.3436,0.3715,9.9997,0.001,0.8306,3.0464,0.6687,3.4,3.3436,1.9113,99.45,0,0.0,20614965165.0,20577264543.0,226146794.0,45110.71,49959.28,52.55,7915137.79,0,0,0,0,yfinance,yfinance,beacon_empirical_oracle,estimado,estimado_via_depeg,3.3436,3.4,20577264543.0
2023-12-28,Post-Shapella,2347.57,2355.55,1.003399,0.003399,0.3399,-0.013192,-0.003393,0.61176,0.502895,0.595233,0.481162,4.1442,3.7298,0.4144,9.9995,0.0011,0.8317,3.3982,0.746,3.8,3.7298,2.1013,99.45,0,0.0,22087788382.0,22053161805.0,225854472.0,49412.31,46795.46,48.64,7904906.52,0,0,0,0,yfinance,yfinance,beacon_empirical_oracle,estimado,estimado_via_depeg,3.7298,3.8,22053161805.0
2023-12-29,Post-Shapella,2300.69,2305.59,1.00213,0.00213,0.213,-0.02017,-0.021438,0.573476,0.507987,0.564397,0.487729,3.9299,3.5369,0.393,10.0003,0.0011,0.8328,3.2225,0.7074,3.6,3.5369,1.9812,99.45,0,0.0,21803585147.0,21768905603.0,218754927.0,48349.36,46732.96,49.15,7656422.44,0,0,0,0,yfinance,yfinance,beacon_empirical_oracle,estimado,estimado_via_depeg,3.5369,3.6,21768905603.0
2023-12-30,Post-Shapella,2292.07,2292.93,1.000375,0.000375,0.0375,-0.003756,-0.005505,0.571738,0.508083,0.557944,0.488607,3.5,3.15,0.35,10.0,0.001,0.8338,2.87,0.63,3.2,3.15,1.8012,99.45,0,0.0,21143871129.0,21111175833.0,224439345.0,49106.85,48813.09,49.85,7855377.08,0,0,0,0,yfinance,yfinance,beacon_empirical_oracle,estimado,estimado_via_depeg,3.15,3.2,21111175833.0
2023-12-31,Post-Shapella,2281.47,2280.13,0.999413,-0.000587,-0.0587,-0.004633,-0.005602,0.553524,0.506646,0.552325,0.487306,3.5,3.15,0.35,10.0,0.001,0.8347,2.87,0.63,3.2,3.15,1.6812,99.45,0,0.0,21439380980.0,21406486278.0,224421683.0,48947.49,49419.65,50.24,7854758.91,0,0,0,0,yfinance,yfinance,beacon_empirical_oracle,estimado,estimado_via_depeg,3.15,3.2,21406486278.0
2024-01-01,Post-Shapella,2352.33,2340.83,0.995111,-0.004889,-0.4889,0.030585,0.026275,0.593981,0.501735,0.580282,0.479543,3.3923,3.053,0.3393,10.0021,0.0009,0.8357,2.7817,0.6106,3.1,3.053,1.6812,99.45,0,0.0,21373948242.0,21341075867.0,228662512.0,46698.15,50508.66,51.96,8003187.92,0,0,0,0,yfinance,yfinance,beacon_empirical_oracle,estimado,estimado_via_depeg,3.053,3.1,21341075867.0
2024-01-02,Post-Shapella,2355.84,2357.48,1.000696,0.000696,0.0696,0.00149,0.007086,0.563442,0.500423,0.542519,0.476729,3.5,3.15,0.35,10.0,0.001,0.8366,2.87,0.63,3.2,3.15,1.8412,99.45,0,0.0,22389928473.0,22353941458.0,231568806.0,49423.05,48872.59,49.72,8104908.21,0,0,0,0,yfinance,yfinance,beacon_empirical_oracle,estimado,estimado_via_depeg,3.15,3.2,22353941458.0
2024-01-03,Post-Shapella,2210.76,2215.62,1.002198,0.002198,0.2198,-0.063559,-0.062057,0.541922,0.545013,0.524819,0.523381,3.6076,3.2469,0.3607,9.9983,0.001,0.8376,2.9583,0.6494,3.3,3.2469,1.8912,99.45,0,0.0,22162193305.0,22128787922.0,217811762.0,50128.75,48394.73,49.12,7623411.67,0,0,0,0,yfinance,yfinance,beacon_empirical_oracle,estimado,estimado_via_depeg,3.2469,3.3,22128787922.0
2024-01-04,Post-Shapella,2269.04,2262.05,0.996919,-0.003081,-0.3081,0.026019,0.020736,0.600686,0.547111,0.568275,0.52338,5.633,5.0697,0.5633,10.0,0.0015,0.8392,4.619,1.0139,5.2,5.0697,2.7411,99.45,0,0.0,20638462604.0,20607960908.0,222631560.0,47851.7,50265.38,51.23,7792104.6,0,0,0,0,yfinance,yfinance,beacon_empirical_oracle,estimado,estimado_via_depeg,5.0697,5.2,20607960908.0
2024-01-05,Post-Shapella,2268.65,2254.77,0.993882,-0.006118,-0.6118,-0.000172,-0.00322,0.58688,0.538295,0.552767,0.516252,3.7151,3.3436,0.3715,9.9997,0.001,0.8402,3.0464,0.6687,3.4,3.3436,2.0011,99.45,0,0.0,21029057517.0,20998170269.0,219182185.0,45939.71,50673.77,52.45,7671376.48,0,0,0,0,yfinance,yfinance,beacon_empirical_oracle,estimado,estimado_via_depeg,3.3436,3.4,20998170269.0
2024-01-06,Post-Shapella,2241.62,2233.49,0.996373,-0.003627,-0.3627,-0.011983,-0.009487,0.591364,0.502688,0.554529,0.481867,3.5,3.15,0.35,10.0,0.001,0.8411,2.87,0.63,3.2,3.15,1.7511,99.45,0,0.0,20820181419.0,20791222318.0,219613935.0,47564.96,50406.12,51.45,7686487.72,0,0,0,0,yfinance,yfinance,beacon_empirical_oracle,estimado,estimado_via_depeg,3.15,3.2,20791222318.0
2024-01-07,Post-Shapella,2222.87,2219.83,0.998632,-0.001368,-0.1368,-0.008404,-0.006133,0.592553,0.503161,0.55465,0.482045,3.3923,3.053,0.3393,10.0021,0.0009,0.8421,2.7817,0.6106,3.1,3.053,1.641,99.45,0,0.0,20804825994.0,20776041170.0,217861584.0,48465.52,49543.62,50.55,7625155.44,0,0,0,0,yfinance,yfinance,beacon_empirical_oracle,estimado,estimado_via_depeg,3.053,3.1,20603031243.0
2024-01-08,Post-Shapella,2333.03,2318.53,0.993785,-0.006215,-0.6215,0.048372,0.043503,0.664717,0.532344,0.621459,0.506805,3.6076,3.2469,0.3607,9.9983,0.001,0.8431,2.9583,0.6494,3.3,3.2469,1.801,99.45,0,0.0,20691353367.0,20663713223.0,218119156.0,44417.95,49073.84,52.49,7634170.46,0,0,0,0,yfinance,yfinance,beacon_empirical_oracle,estimado,estimado_via_depeg,3.2469,3.3,21702077217.0
2024-01-09,Post-Shapella,2344.83,2336.02,0.996243,-0.003757,-0.3757,0.005043,0.007517,0.666077,0.532371,0.621822,0.507314,3.8226,3.4403,0.3823,10.001,0.001,0.8441,3.1345,0.6881,3.5,3.4403,1.911,99.45,0,0.0,21239757026.0,21209242069.0,218193099.0,45130.63,47922.21,51.5,7636758.47,0,0,0,0,yfinance,yfinance,beacon_empirical_oracle,estimado,estimado_via_depeg,3.4403,3.5,21511050786.0
2024-01-10,Post-Shapella,2582.1,2588.41,1.002444,0.002444,0.2444,0.096393,0.102596,0.744196,0.593066,0.763724,0.584476,4.3581,3.9223,0.4358,9.9998,0.0012,0.8453,3.5736,0.7845,4.0,3.9223,2.281,99.45,0,0.0,22623810399.0,22594258150.0,234712596.0,46340.76,44559.12,49.02,8214940.86,0,0,0,0,yfinance,yfinance,beacon_empirical_oracle,estimado,estimado_via_depeg,3.9223,4.0,23494154968.0
2024-01-11,Post-Shapella,2619.62,2616.35,0.998752,-0.001248,-0.1248,0.014425,0.010733,0.745268,0.591362,0.768305,0.582093,4.2512,3.8261,0.4251,9.9995,0.0012,0.8465,3.486,0.7652,3.9,3.8261,2.281,99.45,0,0.0,24775778019.0,24745150830.0,244781953.0,46253.68,47188.1,50.5,8567368.36,0,0,0,0,yfinance,yfinance,beacon_empirical_oracle,estimado,estimado_via_depeg,3.8261,3.9,24326480765.0
2024-01-12,Post-Shapella,2524.46,2529.94,1.002171,0.002171,0.2171,-0.037002,-0.033584,0.847875,0.604811,0.852676,0.594297,3.6076,3.2469,0.3607,9.9983,0.001,0.8474,2.9583,0.6494,3.3,3.2469,1.841,99.45,0,0.0,24609756907.0,24580539412.0,235858168.0,47527.41,45901.74,49.13,8255035.88,0,0,0,0,yfinance,yfinance,beacon_empirical_oracle,estimado,estimado_via_depeg,3.2469,3.3,23120204457.0
2024-01-13,Post-Shapella,2576.6,2568.03,0.996674,-0.003326,-0.3326,0.020443,0.014946,0.816227,0.603242,0.825279,0.590108,3.8226,3.4403,0.3823,10.001,0.001,0.8485,3.1345,0.6881,3.5,3.4403,1.851,99.45,0,0.0,23715374940.0,23688274124.0,241783757.0,45671.1,48167.2,51.33,8462431.5,0,0,0,0,yfinance,yfinance,beacon_empirical_oracle,estimado,estimado_via_depeg,3.4403,3.5,23924527266.0
2024-01-14,Post-Shapella,2472.24,2475.81,1.001444,0.001444,0.1444,-0.041345,-0.036573,0.914454,0.601775,0.908825,0.591191,3.6076,3.2469,0.3607,9.9983,0.001,0.8495,2.9583,0.6494,3.3,3.2469,1.801,99.45,0,0.0,23949880390.0,23921211378.0,236541704.0,48394.49,47284.61,49.42,8278959.64,0,0,0,0,yfinance,yfinance,beacon_empirical_oracle,estimado,estimado_via_depeg,3.2469,3.3,23471325505.0
2024-01-15,Post-Shapella,2511.36,2511.92,1.000223,0.000223,0.0223,0.015701,0.014482,0.871772,0.603252,0.878252,0.592108,3.6076,3.2469,0.3607,9.9983,0.001,0.8505,2.9583,0.6494,3.3,3.2469,1.791,99.45,0,0.0,23775704642.0,23747675031.0,236414074.0,47153.66,46984.21,49.91,8274492.59,0,0,0,0,yfinance,yfinance,beacon_empirical_oracle,estimado,estimado_via_depeg,3.2469,3.3,23531312308.0
2024-01-16,Post-Shapella,2587.69,2586.76,0.999641,-0.000359,-0.0359,0.02994,0.029357,0.880744,0.606301,0.886431,0.596328,3.9299,3.5369,0.393,10.0003,0.0011,0.8515,3.2225,0.7074,3.6,3.5369,1.831,99.45,0,0.0,23768163948.0,23739579011.0,237797774.0,45819.23,46076.54,50.14,8322922.09,0,0,0,0,yfinance,yfinance,beacon_empirical_oracle,estimado,estimado_via_depeg,3.5369,3.6,24254117547.0
2024-01-17,Post-Shapella,2528.37,2525.9,0.999023,-0.000977,-0.0977,-0.023191,-0.023809,0.568999,0.614241,0.51484,0.604938,3.8226,3.4403,0.3823,10.001,0.001,0.8526,3.1345,0.6881,3.5,3.4403,1.881,99.45,0,0.0,23767514937.0,23737680828.0,235693768.0,46246.27,46973.38,50.39,8249281.88,0,0,0,0,yfinance,yfinance,beacon_empirical_oracle,estimado,estimado_via_depeg,3.4403,3.5,23424673089.0
2024-01-18,Post-Shapella,2467.02,2462.63,0.998221,-0.001779,-0.1779,-0.024564,-0.025366,0.565992,0.617699,0.520124,0.608337,3.7151,3.3436,0.3715,9.9997,0.001,0.8536,3.0464,0.6687,3.4,3.3436,1.8009,99.45,0,0.0,23657190172.0,23628419948.0,230635287.0,46079.94,47407.46,50.71,8072235.05,0,0,0,0,yfinance,yfinance,beacon_empirical_oracle,estimado,estimado_via_depeg,3.3436,3.4,22893966753.0
2024-01-19,Post-Shapella,2489.5,2489.74,1.000096,9.6e-05,0.0096,0.009071,0.010949,0.521228,0.61747,0.488712,0.608723,4.8911,4.402,0.4891,9.9998,0.0013,0.855,4.0107,0.8804,4.5,4.402,2.5009,99.45,0,0.0,23372917350.0,23345145231.0,231285855.0,46489.43,46415.11,49.96,8095004.93,0,0,0,0,yfinance,yfinance,beacon_empirical_oracle,estimado,estimado_via_depeg,4.402,4.5,23159085894.0
2024-01-20,Post-Shapella,2469.59,2468.65,0.999619,-0.000381,-0.0381,-0.00803,-0.008507,0.486037,0.617072,0.467274,0.607638,3.6076,3.2469,0.3607,9.9983,0.001,0.8559,2.9583,0.6494,3.3,3.2469,1.831,99.45,0,0.0,23175971359.0,23149080334.0,229370115.0,46299.59,46578.22,50.15,8027954.02,0,0,0,0,yfinance,yfinance,beacon_empirical_oracle,estimado,estimado_via_depeg,3.2469,3.3,22987318068.0
2024-01-21,Post-Shapella,2453.91,2453.4,0.999792,-0.000208,-0.0208,-0.006368,-0.0062,0.387126,0.604841,0.390038,0.595205,3.3923,3.053,0.3393,10.0021,0.0009,0.8569,2.7817,0.6106,3.1,3.053,1.681,99.45,0,0.0,23235261397.0,23208038959.0,227856370.0,46352.92,46501.49,50.08,7974972.95,0,0,0,0,yfinance,yfinance,beacon_empirical_oracle,estimado,estimado_via_depeg,3.053,3.1,23036834477.0
2024-01-22,Post-Shapella,2310.83,2308.69,0.999074,-0.000926,-0.0926,-0.060079,-0.060792,0.542898,0.641668,0.550502,0.632583,3.5,3.15,0.35,10.0,0.001,0.8578,2.87,0.63,3.2,3.15,1.721,99.45,0,0.0,22361621728.0,22335837014.0,214146752.0,45992.58,46678.34,50.37,7495136.32,0,0,0,0,yfinance,yfinance,beacon_empirical_oracle,estimado,estimado_via_depeg,3.15,3.2,21763237201.0
2024-01-23,Post-Shapella,2240.69,2238.4,0.998978,-0.001022,-0.1022,-0.030823,-0.03092,0.42193,0.647397,0.434534,0.640753,4.1442,3.7298,0.4144,9.9995,0.0011,0.859,3.3982,0.746,3.8,3.7298,2.6109,99.45,0,0.0,20961483686.0,20939964150.0,201843414.0,44671.13,45409.79,50.41,7064519.49,0,0,0,0,yfinance,yfinance,beacon_empirical_oracle,estimado,estimado_via_depeg,3.7298,3.8,20616051080.0
2024-01-24,Post-Shapella,2233.56,2229.93,0.998375,-0.001625,-0.1625,-0.003185,-0.00379,0.438763,0.647349,0.449504,0.640849,3.5,3.15,0.35,10.0,0.001,0.8599,2.87,0.63,3.2,3.15,1.7909,99.45,0,0.0,21199716485.0,21176249145.0,201835676.0,44595.13,45769.88,50.65,7064248.66,0,0,0,0,yfinance,yfinance,beacon_empirical_oracle,estimado,estimado_via_depeg,3.15,3.2,20752318830.0
2024-01-25,Post-Shapella,2217.71,2217.86,1.000068,6.8e-05,0.0068,-0.007122,-0.00543,0.440265,0.644684,0.452144,0.63745,3.6076,3.2469,0.3607,9.9983,0.001,0.8609,2.9583,0.6494,3.3,3.2469,1.8009,99.45,0,0.0,20905164760.0,20881321017.0,203126411.0,45823.91,45768.95,49.97,7109424.39,0,0,0,0,yfinance,yfinance,beacon_empirical_oracle,estimado,estimado_via_depeg,3.2469,3.3,20815494202.0
2024-01-26,Post-Shapella,2267.2,2266.41,0.999652,-0.000348,-0.0348,0.02207,0.021655,0.49098,0.60777,0.494119,0.599865,3.9299,3.5369,0.393,10.0003,0.0011,0.862,3.2225,0.7074,3.6,3.5369,1.9409,99.45,0,0.0,21239365069.0,21216164956.0,208579335.0,45870.53,46128.12,50.14,7300276.72,0,0,0,0,yfinance,yfinance,beacon_empirical_oracle,estimado,estimado_via_depeg,3.5369,3.6,21119276969.0
2024-01-27,Post-Shapella,2267.89,2264.75,0.998615,-0.001385,-0.1385,0.000303,-0.000731,0.500087,0.606352,0.501957,0.599825,3.8226,3.4403,0.3823,10.001,0.001,0.863,3.1345,0.6881,3.5,3.4403,1.8409,99.45,0,0.0,21326349338.0,21303202161.0,207474952.0,45238.69,46245.01,50.55,7261623.32,0,0,0,0,yfinance,yfinance,beacon_empirical_oracle,estimado,estimado_via_depeg,3.4403,3.5,21259147600.0
2024-01-28,Post-Shapella,2257.21,2250.87,0.997191,-0.002809,-0.2809,-0.004719,-0.00615,0.501392,0.602636,0.501994,0.595725,3.5,3.15,0.35,10.0,0.001,0.864,2.87,0.63,3.2,3.15,1.7309,99.45,0,0.0,21600788468.0,21575916412.0,206551153.0,44728.76,46778.52,51.12,7229290.36,0,0,0,0,yfinance,yfinance,beacon_empirical_oracle,estimado,estimado_via_depeg,3.15,3.2,21205990693.0
2024-01-29,Post-Shapella,2317.06,2286.87,0.986971,-0.013029,-1.3029,0.026172,0.015868,0.366192,0.609686,0.325917,0.59826,3.3923,3.053,0.3393,10.0021,0.0009,0.8649,2.7817,0.6106,3.1,3.053,1.7409,99.45,0,0.0,21408839842.0,21384511902.0,209350041.0,40468.47,49883.11,55.21,7327251.44,0,0,0,0,yfinance,yfinance,beacon_empirical_oracle,estimado,estimado_via_depeg,3.053,3.1,21678645386.0
2024-01-30,Post-Shapella,2344.49,2355.23,1.004581,0.004581,0.4581,0.011768,0.029456,0.258777,0.610678,0.281306,0.606632,3.6076,3.2469,0.3607,9.9983,0.001,0.8659,2.9583,0.6494,3.3,3.2469,1.7509,99.45,0,0.0,21865158723.0,21839361432.0,216540798.0,47871.01,44490.57,48.17,7578927.93,0,0,0,0,yfinance,yfinance,beacon_empirical_oracle,estimado,estimado_via_depeg,3.2469,3.3,22331470467.0
2024-01-31,Post-Shapella,2282.54,2282.31,0.999899,-0.000101,-0.0101,-0.026779,-0.03145,0.351719,0.608367,0.395271,0.609864,3.8226,3.4403,0.3823,10.001,0.001,0.867,3.1345,0.6881,3.5,3.4403,1.8609,99.45,0,0.0,21691562309.0,21667401429.0,207238637.0,45360.18,45432.81,50.04,7253352.3,0,0,0,0,yfinance,yfinance,beacon_empirical_oracle,estimado,estimado_via_depeg,3.4403,3.5,21403505916.0
2024-02-01,Post-Shapella,2303.82,2301.57,0.999023,-0.000977,-0.0977,0.00928,0.0084,0.342544,0.609375,0.389223,0.610096,3.8226,3.4403,0.3823,10.001,0.001,0.868,3.1345,0.6881,3.5,3.4403,1.8408,99.45,0,0.0,21495539729.0,21472294981.0,211291343.0,45499.06,46214.42,50.39,7395197.01,0,0,0,0,yfinance,yfinance,beacon_empirical_oracle,estimado,estimado_via_depeg,3.4403,3.5,21752922635.0
2024-02-02,Post-Shapella,2308.04,2305.04,0.9987,-0.0013,-0.13,0.001827,0.001509,0.31265,0.565656,0.364075,0.568648,3.6076,3.2469,0.3607,9.9983,0.001,0.869,2.9583,0.6494,3.3,3.2469,1.7808,99.45,0,0.0,22017698740.0,21998762012.0,213111957.0,45687.16,46647.44,50.52,7458918.5,0,0,0,0,yfinance,yfinance,beacon_empirical_oracle,estimado,estimado_via_depeg,3.2469,3.3,21805522279.0
2024-02-03,Post-Shapella,2296.04,2298.37,1.001015,0.001015,0.1015,-0.005213,-0.002897,0.31756,0.559024,0.365547,0.564451,3.8226,3.4403,0.3823,10.001,0.001,0.87,3.1345,0.6881,3.5,3.4403,1.8209,99.45,0,0.0,22062151002.0,22044363259.0,212289142.0,46608.49,45850.33,49.59,7430119.97,0,0,0,0,yfinance,yfinance,beacon_empirical_oracle,estimado,estimado_via_depeg,3.4403,3.5,21800358025.0
2024-02-04,Post-Shapella,2289.55,2292.39,1.00124,0.00124,0.124,-0.002832,-0.002608,0.315503,0.559135,0.361554,0.564403,3.2844,2.956,0.3284,9.9988,0.0009,0.8709,2.6932,0.5912,3.0,2.956,1.5909,99.45,0,0.0,21969031353.0,21951601745.0,210649379.0,46462.38,45542.33,49.5,7372728.26,0,0,0,0,yfinance,yfinance,beacon_empirical_oracle,estimado,estimado_via_depeg,2.956,3.0,21839623933.0
2024-02-05,Post-Shapella,2298.89,2297.1,0.999221,-0.000779,-0.0779,0.004072,0.002056,0.245155,0.557496,0.34408,0.563255,3.2844,2.956,0.3284,9.9988,0.0009,0.8718,2.6932,0.5912,3.0,2.956,1.6409,99.45,0,0.0,22201593586.0,22184052597.0,211224465.0,45655.7,46225.36,50.31,7392856.28,0,0,0,0,yfinance,yfinance,beacon_empirical_oracle,estimado,estimado_via_depeg,2.956,3.0,21732987500.0
2024-02-06,Post-Shapella,2372.2,2365.69,0.997256,-0.002744,-0.2744,0.031393,0.02942,0.333116,0.5664,0.343897,0.571234,3.6076,3.2469,0.3607,9.9983,0.001,0.8728,2.9583,0.6494,3.3,3.2469,1.7109,99.45,0,0.0,22222462618.0,22205624362.0,218801965.0,45103.35,47132.54,51.1,7658068.78,0,0,0,0,yfinance,yfinance,beacon_empirical_oracle,estimado,estimado_via_depeg,3.2469,3.3,22646544525.0
2024-02-07,Post-Shapella,2423.75,2424.39,1.000264,0.000264,0.0264,0.021495,0.02451,0.255618,0.546204,0.251234,0.557596,3.7613,3.3852,0.3761,9.9992,0.001,0.8739,3.0843,0.677,3.443,3.3852,1.9109,99.45,0,0.0,22570978126.0,22554061468.0,217199819.0,44905.14,44707.99,49.89,7601993.67,0,0,0,0,yfinance,yfinance,beacon_empirical_oracle,estimado,estimado_via_depeg,3.3852,3.443,23175974515.0
2024-02-08,Post-Shapella,2419.91,2424.92,1.00207,0.00207,0.207,-0.001585,0.000217,0.265639,0.546117,0.258526,0.557183,4.1356,3.7221,0.4135,9.9985,0.0011,0.875,3.3912,0.7444,3.792,3.7221,1.9608,99.45,0,0.0,23272659130.0,23254987192.0,222244114.0,46682.18,45157.64,49.17,7778543.99,0,0,0,0,yfinance,yfinance,beacon_empirical_oracle,estimado,estimado_via_depeg,3.7221,3.792,23182873437.0
2024-02-09,Post-Shapella,2487.52,2488.03,1.000205,0.000205,0.0205,0.027556,0.025695,0.298021,0.436678,0.282543,0.43152,4.2298,3.8068,0.423,10.0005,0.0012,0.8762,3.4684,0.7614,3.88,3.8068,2.0309,99.45,0,0.0,23819885882.0,23801899892.0,228596671.0,46022.23,45875.19,49.92,8000883.48,0,0,0,0,yfinance,yfinance,beacon_empirical_oracle,estimado,estimado_via_depeg,3.8068,3.88,24068585114.0
2024-02-10,Post-Shapella,2501.23,2498.17,0.998777,-0.001223,-0.1223,0.005497,0.004066,0.272149,0.433747,0.265817,0.4298,3.9738,3.5765,0.3973,9.998,0.0011,0.8772,3.2585,0.7153,3.641,3.5765,1.8908,99.45,0,0.0,23970134012.0,23951610586.0,230867479.0,45698.51,46603.07,50.49,8080361.76,0,0,0,0,yfinance,yfinance,beacon_empirical_oracle,estimado,estimado_via_depeg,3.5765,3.641,24053720528.0
2024-02-11,Post-Shapella,2507.57,2506.97,0.999761,-0.000239,-0.0239,0.002532,0.003518,0.256392,0.414564,0.248586,0.414185,3.6463,3.2817,0.3646,9.9992,0.001,0.8782,2.99,0.6563,3.336,3.2817,1.7208,99.45,0,0.0,24363525270.0,24344765068.0,229965438.0,45762.53,45945.95,50.1,8048790.33,0,0,0,0,yfinance,yfinance,beacon_empirical_oracle,estimado,estimado_via_depeg,3.2817,3.336,24053730354.0
2024-02-12,Post-Shapella,2658.12,2659.51,1.000523,0.000523,0.0523,0.058303,0.059067,0.400275,0.457164,0.396063,0.46062,3.6635,3.2972,0.3663,9.9986,0.001,0.8792,3.0041,0.6594,3.352,3.2972,1.7508,99.45,0,0.0,24000159813.0,23982462225.0,243400234.0,45976.58,45591.99,49.79,8519008.19,0,0,0,0,yfinance,yfinance,beacon_empirical_oracle,estimado,estimado_via_depeg,3.2972,3.352,25451982026.0
2024-02-13,Post-Shapella,2642.19,2637.45,0.998206,-0.001794,-0.1794,-0.006011,-0.008329,0.429767,0.431847,0.438367,0.441638,4.6515,4.1864,0.4651,9.9989,0.0013,0.8805,3.8143,0.8373,4.275,4.1864,2.2508,99.45,0,0.0,25695718025.0,25676314550.0,239950264.0,44753.59,46061.33,50.72,8398259.24,0,0,0,0,yfinance,yfinance,beacon_empirical_oracle,estimado,estimado_via_depeg,4.1864,4.275,25424531525.0
2024-02-14,Post-Shapella,2777.9,2776.77,0.999593,-0.000407,-0.0407,0.05009,0.051474,0.498544,0.461035,0.509432,0.472457,3.8891,3.5002,0.3889,9.9997,0.0011,0.8816,3.1891,0.7,3.562,3.5002,2.2508,99.45,0,0.0,26681482527.0,26662004791.0,252370045.0,45279.25,45569.97,50.16,8832951.58,0,0,0,0,yfinance,yfinance,beacon_empirical_oracle,estimado,estimado_via_depeg,3.5002,3.562,27049017481.0
2024-02-15,Post-Shapella,2824.38,2823.68,0.999752,-0.000248,-0.0248,0.016592,0.016755,0.468167,0.453642,0.484986,0.46572,3.585,3.2265,0.3585,10.0,0.001,0.8826,2.9397,0.6453,3.279,3.2265,1.9051,99.45,0,0.0,27309904622.0,27290156478.0,257929883.0,45570.01,45752.65,50.1,9027545.91,0,0,0,0,yfinance,yfinance,beacon_empirical_oracle,estimado,estimado_via_depeg,3.2265,3.279,27309705308.0
2024-02-16,Post-Shapella,2803.69,2803.52,0.999939,-6.1e-05,-0.0061,-0.007352,-0.007165,0.509374,0.445459,0.52511,0.457238,4.1206,3.7086,0.412,9.9985,0.0011,0.8837,3.3789,0.7417,3.778,3.7086,2.12,99.45,0,0.0,27729975845.0,27712447674.0,251987573.0,44920.58,44956.53,50.02,8819565.06,0,0,0,0,yfinance,yfinance,beacon_empirical_oracle,estimado,estimado_via_depeg,3.7086,3.778,27263988634.0
2024-02-17,Post-Shapella,2786.67,2785.21,0.999476,-0.000524,-0.0524,-0.006089,-0.006555,0.531796,0.435385,0.546266,0.446894,3.4203,3.0783,0.342,9.9991,0.0009,0.8846,2.8046,0.6157,3.126,3.0783,1.62,99.45,0,0.0,27250752381.0,27233727008.0,250282028.0,44718.4,45095.62,50.21,8759870.98,0,0,0,0,yfinance,yfinance,beacon_empirical_oracle,estimado,estimado_via_depeg,3.0783,3.126,27294369118.0
2024-02-18,Post-Shapella,2879.0,2878.84,0.999944,-5.6e-05,-0.0056,0.032594,0.033065,0.53172,0.446384,0.548379,0.457685,3.4214,3.0792,0.3422,10.0018,0.0009,0.8856,2.8055,0.6158,3.127,3.0792,1.62,99.45,0,0.0,27592849919.0,27575468933.0,259137855.0,44986.84,45022.84,50.02,9069824.93,0,0,0,0,yfinance,yfinance,beacon_empirical_oracle,estimado,estimado_via_depeg,3.0792,3.127,27997797029.0
2024-02-19,Post-Shapella,2943.57,2947.17,1.001223,0.001223,0.1223,0.022182,0.023459,0.425737,0.447853,0.443325,0.45953,3.5678,3.211,0.3568,10.0006,0.001,0.8865,2.9256,0.6422,3.263,3.211,1.71,99.45,0,0.0,28590904790.0,28573487804.0,266529204.0,45716.8,44829.44,49.51,9328522.14,0,0,0,0,yfinance,yfinance,beacon_empirical_oracle,estimado,estimado_via_depeg,3.211,3.263,29065348699.0
2024-02-20,Post-Shapella,3013.5,3014.02,1.000173,0.000173,0.0173,0.023479,0.022431,0.390826,0.449699,0.399741,0.460887,3.6754,3.3078,0.3676,10.0016,0.001,0.8876,3.0138,0.6616,3.363,3.3078,1.79,99.45,0,0.0,28596157764.0,28579156598.0,268991857.0,44693.62,44568.65,49.93,9414715.0,0,0,0,0,yfinance,yfinance,beacon_empirical_oracle,estimado,estimado_via_depeg,3.3078,3.363,29251788734.0
2024-02-21,Post-Shapella,2970.36,2967.06,0.998889,-0.001111,-0.1111,-0.014422,-0.015703,0.352199,0.388167,0.360864,0.400458,3.7861,3.4074,0.3787,10.0024,0.001,0.8886,3.1046,0.6815,3.466,3.4074,1.9418,99.45,0,0.0,28573359818.0,28557366548.0,262684601.0,43828.52,44606.75,50.44,9193961.04,0,0,0,0,yfinance,yfinance,beacon_empirical_oracle,estimado,estimado_via_depeg,3.4074,3.466,28614502893.0
2024-02-22,Post-Shapella,2971.01,2978.48,1.002514,0.002514,0.2514,0.000219,0.003839,0.352182,0.363005,0.357033,0.375093,3.7882,3.4094,0.3788,9.9995,0.001,0.8896,3.1063,0.6819,3.468,3.4094,2.25,99.45,0,0.0,29255801847.0,29239442014.0,265215662.0,45535.53,43732.32,48.99,9282548.17,0,0,0,0,yfinance,yfinance,beacon_empirical_oracle,estimado,estimado_via_depeg,3.4094,3.468,29230175612.0
2024-02-23,Post-Shapella,2921.66,2922.44,1.000267,0.000267,0.0267,-0.01675,-0.018993,0.381197,0.371901,0.395032,0.385488,3.7313,3.3581,0.3732,10.0019,0.001,0.8906,3.0596,0.6716,3.415,3.3581,1.77,99.45,0,0.0,29083209519.0,29067401909.0,259611352.0,44526.48,44331.0,49.89,9086397.32,0,0,0,0,yfinance,yfinance,beacon_empirical_oracle,estimado,estimado_via_depeg,3.3581,3.415,28829373369.0
2024-02-24,Post-Shapella,2992.39,2987.89,0.998496,-0.001504,-0.1504,0.02392,0.02215,0.385409,0.370774,0.394202,0.384483,3.7871,3.4084,0.3787,9.9997,0.001,0.8917,3.1054,0.6817,3.467,3.4084,1.83,99.45,0,0.0,29352938741.0,29337166919.0,265707805.0,43864.49,44930.02,50.6,9299773.18,0,0,0,0,yfinance,yfinance,beacon_empirical_oracle,estimado,estimado_via_depeg,3.4084,3.467,29277853064.0
2024-02-25,Post-Shapella,3112.7,3110.03,0.999142,-0.000858,-0.0858,0.039419,0.040062,0.411805,0.382639,0.421372,0.396712,3.444,3.0996,0.3444,10.0,0.0009,0.8926,2.8241,0.6199,3.148,3.0996,1.7,99.45,0,0.0,29765721779.0,29749880307.0,271283791.0,43280.6,43873.25,50.34,9494932.68,0,0,0,0,yfinance,yfinance,beacon_empirical_oracle,estimado,estimado_via_depeg,3.0996,3.148,30502625248.0
2024-02-26,Post-Shapella,3178.99,3175.19,0.998805,-0.001195,-0.1195,0.021075,0.020737,0.410075,0.382487,0.416925,0.396097,3.5667,3.2101,0.3566,9.998,0.001,0.8936,2.9247,0.642,3.262,3.2101,1.76,99.45,0,0.0,30192952043.0,30177326331.0,278124369.0,43324.2,44164.08,50.48,9734352.92,0,0,0,0,yfinance,yfinance,beacon_empirical_oracle,estimado,estimado_via_depeg,3.2101,3.262,31196506470.0
2024-02-27,Post-Shapella,3244.52,3241.53,0.999078,-0.000922,-0.0922,0.020403,0.020678,0.404946,0.379304,0.414095,0.392288,3.7925,3.4132,0.3793,10.0013,0.001,0.8946,3.1098,0.6826,3.472,3.4132,1.94,99.45,0,0.0,32151806830.0,32135902223.0,284425455.0,43507.31,44156.02,50.37,9954890.93,0,0,0,0,yfinance,yfinance,beacon_empirical_oracle,estimado,estimado_via_depeg,3.4132,3.472,31861958743.0
2024-02-28,Post-Shapella,3385.7,3378.06,0.997743,-0.002257,-0.2257,0.042595,0.041256,0.40031,0.391117,0.399723,0.405096,3.7431,3.3688,0.3743,9.9997,0.001,0.8957,3.0693,0.6738,3.426,3.3688,1.91,99.45,0,0.0,32956243612.0,32939980391.0,288612241.0,41855.04,43389.44,50.9,10101428.44,0,0,0,0,yfinance,yfinance,beacon_empirical_oracle,estimado,estimado_via_depeg,3.3688,3.426,32724017868.0
2024-02-29,Post-Shapella,3341.92,3343.39,1.00044,0.00044,0.044,-0.013016,-0.010318,0.446249,0.401237,0.442198,0.408508,4.0371,3.6334,0.4037,9.9998,0.0011,0.8968,3.3104,0.7267,3.7,3.6334,2.01,99.45,0,0.0,34471170343.0,34451411943.0,273977988.0,41138.67,40843.54,49.82,9589229.58,0,0,0,0,yfinance,yfinance,beacon_empirical_oracle,estimado,estimado_via_depeg,3.6334,3.7,32738825734.0
2024-03-01,Post-Shapella,3435.05,3430.62,0.99871,-0.00129,-0.129,0.027487,0.025757,0.347236,0.379604,0.326583,0.380249,3.6463,3.2817,0.3646,9.9992,0.001,0.8978,2.99,0.6563,3.336,3.2817,1.76,99.45,0,0.0,33856353045.0,33836172965.0,282452071.0,40685.66,41540.82,50.52,9885822.49,0,0,0,0,yfinance,yfinance,beacon_empirical_oracle,estimado,estimado_via_depeg,3.2817,3.336,33744163658.0
2024-03-02,Post-Shapella,3422.05,3414.36,0.997753,-0.002247,-0.2247,-0.003793,-0.004752,0.397419,0.384198,0.383223,0.385241,3.8118,3.4306,0.3812,10.0005,0.001,0.8988,3.1257,0.6861,3.49,3.4306,1.82,99.45,0,0.0,33676062555.0,33656614781.0,280198114.0,40203.17,41677.02,50.9,9806933.99,0,0,0,0,yfinance,yfinance,beacon_empirical_oracle,estimado,estimado_via_depeg,3.4306,3.49,33521374470.0
2024-03-03,Post-Shapella,3490.99,3476.48,0.995844,-0.004156,-0.4156,0.019947,0.018032,0.360186,0.38265,0.340402,0.383265,3.6012,3.2411,0.3601,9.9994,0.001,0.8998,2.953,0.6482,3.294,3.2411,1.72,99.45,0,0.0,33654309879.0,33634889054.0,285212788.0,39493.63,42206.06,51.66,9982447.58,0,0,0,0,yfinance,yfinance,beacon_empirical_oracle,estimado,estimado_via_depeg,3.2411,3.294,34165505427.0
2024-03-04,Post-Shapella,3630.43,3627.27,0.99913,-0.00087,-0.087,0.039166,0.04246,0.396386,0.3862,0.391444,0.391121,3.7678,3.391,0.3768,10.0005,0.001,0.9008,3.0896,0.6782,3.449,3.391,1.75,99.45,0,0.0,34579559522.0,34559769766.0,292919339.0,40059.84,40624.63,50.35,10252176.86,0,0,0,0,yfinance,yfinance,beacon_empirical_oracle,estimado,estimado_via_depeg,3.391,3.449,34789324383.0
2024-03-05,Post-Shapella,3554.96,3554.02,0.999736,-0.000264,-0.0264,-0.021007,-0.020401,0.489198,0.401812,0.482609,0.405964,4.1827,3.7644,0.4183,10.0007,0.0011,0.902,3.4298,0.7529,3.836,3.7644,2.04,99.45,2,2.0,36890064680.0,36870254278.0,286747305.0,40241.87,40419.32,50.11,10036155.68,0,0,0,0,yfinance,yfinance,beacon_empirical_oracle,estimado,estimado_via_depeg,3.7644,3.836,34181903127.0
2024-03-06,Post-Shapella,3819.23,3819.76,1.000139,0.000139,0.0139,0.071703,0.072108,0.622987,0.446168,0.622939,0.449849,4.4969,4.0472,0.4497,10.0002,0.0012,0.9032,3.6875,0.8094,4.13,4.0472,2.29,99.45,0,0.0,38029548131.0,38009904555.0,314129345.0,41174.05,41075.35,49.94,10994527.08,0,0,0,0,yfinance,yfinance,beacon_empirical_oracle,estimado,estimado_via_depeg,4.0472,4.13,37810693355.0
2024-03-07,Post-Shapella,3874.35,3864.73,0.997517,-0.002483,-0.2483,0.014329,0.011702,0.571429,0.443162,0.581946,0.447909,4.2555,3.8299,0.4256,10.0012,0.0012,0.9044,3.4895,0.766,3.904,3.8299,2.08,99.45,0,0.0,37566475300.0,37545220962.0,316288953.0,40010.12,41626.53,50.99,11070113.36,0,0,0,0,yfinance,yfinance,beacon_empirical_oracle,estimado,estimado_via_depeg,3.8299,3.904,38177828703.0
2024-03-08,Post-Shapella,3892.06,3893.19,1.00029,0.00029,0.029,0.004562,0.007338,0.579805,0.444622,0.587385,0.447982,3.8473,3.4625,0.3848,10.0018,0.0011,0.9054,3.1547,0.6925,3.523,3.4625,1.87,99.45,0,0.0,38973097399.0,38951175513.0,319708271.0,41170.43,40973.29,49.88,11189789.49,0,0,0,0,yfinance,yfinance,beacon_empirical_oracle,estimado,estimado_via_depeg,3.4625,3.523,38509199913.0
2024-03-09,Post-Shapella,3915.42,3911.35,0.998961,-0.001039,-0.1039,0.005983,0.004655,0.561624,0.441674,0.568783,0.446305,3.8451,3.4606,0.3845,9.9997,0.0011,0.9065,3.153,0.6921,3.521,3.4606,1.82,99.45,0,0.0,38782184813.0,38760259255.0,315660772.0,39971.35,40648.55,50.42,11048127.02,0,0,0,0,yfinance,yfinance,beacon_empirical_oracle,estimado,estimado_via_depeg,3.4606,3.521,38499907781.0
2024-03-10,Post-Shapella,3881.19,3868.16,0.996643,-0.003357,-0.3357,-0.00878,-0.011104,0.596642,0.447891,0.61047,0.454559,3.7194,3.3475,0.3719,9.9989,0.001,0.9075,3.0499,0.6695,3.404,3.3475,1.79,99.45,0,0.0,39075696233.0,39054027669.0,309625315.0,38818.94,40956.93,51.34,10836886.02,0,0,0,0,yfinance,yfinance,beacon_empirical_oracle,estimado,estimado_via_depeg,3.3475,3.404,38092100891.0
2024-03-11,Post-Shapella,4066.45,4063.71,0.999326,-0.000674,-0.0674,0.046627,0.049316,0.617006,0.45992,0.630731,0.468414,3.9149,3.5234,0.3915,10.0003,0.0011,0.9086,3.2102,0.7047,3.586,3.5234,1.94,99.45,0,0.0,39894470648.0,39872378568.0,326657397.0,39948.04,40381.83,50.27,11433008.9,0,0,0,0,yfinance,yfinance,beacon_empirical_oracle,estimado,estimado_via_depeg,3.5234,3.586,40127551638.0
2024-03-12,Post-Shapella,3980.27,3965.28,0.996234,-0.003766,-0.3766,-0.021419,-0.024519,0.618521,0.476179,0.645803,0.48779,4.0124,3.6112,0.4012,9.999,0.0011,0.9097,3.2902,0.7222,3.677,3.6112,2.1072,99.45,0,0.0,39773410851.0,39750996068.0,313325208.0,38171.13,40548.46,51.51,10966382.28,0,0,0,0,yfinance,yfinance,beacon_empirical_oracle,estimado,estimado_via_depeg,3.6112,3.677,38802967969.0
2024-03-13,Post-Shapella,4006.46,3999.39,0.998235,-0.001765,-0.1765,0.006557,0.008566,0.404346,0.451045,0.437104,0.461854,3.9771,3.5794,0.3977,9.9997,0.0011,0.9108,3.2612,0.7159,3.644,3.5794,2.1267,99.45,0,0.0,40166366166.0,40143486560.0,315681870.0,38837.18,39956.04,50.71,11048865.45,0,0,0,0,yfinance,yfinance,beacon_empirical_oracle,estimado,estimado_via_depeg,3.5794,3.644,39231372318.0
2024-03-14,Post-Shapella,3883.14,3880.17,0.999235,-0.000765,-0.0765,-0.031263,-0.030263,0.47992,0.472984,0.506613,0.480906,3.756,3.3804,0.3756,10.0,0.001,0.9118,3.0799,0.6761,3.438,3.3804,1.88,99.45,0,0.0,39113924177.0,39088675722.0,306985786.0,39282.96,39773.11,50.31,10744502.51,0,0,0,0,yfinance,yfinance,beacon_empirical_oracle,estimado,estimado_via_depeg,3.3804,3.438,37938616956.0
2024-03-15,Post-Shapella,3735.22,3720.07,0.995944,-0.004056,-0.4056,-0.038837,-0.042137,0.553314,0.486346,0.586132,0.496908,4.0274,3.6247,0.4027,9.999,0.0011,0.9129,3.3025,0.7249,3.691,3.6247,2.76,99.45,0,0.0,38410537211.0,38384392883.0,293267070.0,37985.07,40528.93,51.62,10264347.45,0,0,0,0,yfinance,yfinance,beacon_empirical_oracle,estimado,estimado_via_depeg,3.6247,3.691,36154873244.0
2024-03-16,Post-Shapella,3522.86,3516.28,0.998132,-0.001868,-0.1868,-0.058534,-0.05634,0.655825,0.540822,0.674369,0.546836,3.5269,3.1742,0.3527,10.0003,0.001,0.9139,2.8921,0.6348,3.225,3.1742,1.87,99.45,0,0.0,37222495938.0,37196372888.0,282003903.0,39424.48,40625.23,50.75,9870136.6,0,0,0,0,yfinance,yfinance,beacon_empirical_oracle,estimado,estimado_via_depeg,3.1742,3.225,34614117838.0
2024-03-17,Post-Shapella,3642.41,3649.17,1.001856,0.001856,0.1856,0.033373,0.037096,0.745074,0.545508,0.774598,0.553837,3.6195,3.2575,0.362,10.0014,0.001,0.9149,2.968,0.6515,3.311,3.2575,1.91,99.45,0,0.0,34871200857.0,34844540753.0,289068966.0,40268.28,39093.72,49.26,10117413.81,0,0,0,0,yfinance,yfinance,beacon_empirical_oracle,estimado,estimado_via_depeg,3.2575,3.311,35562183841.0
2024-03-18,Post-Shapella,3517.99,3522.48,1.001276,0.001276,0.1276,-0.034758,-0.035334,0.590759,0.564153,0.616425,0.572649,3.4192,3.0773,0.3419,9.9994,0.0009,0.9158,2.8038,0.6155,3.125,3.0773,1.999,99.45,0,0.0,35583205198.0,35554873365.0,275308605.0,39527.79,38729.57,49.49,9635801.18,0,0,0,0,yfinance,yfinance,beacon_empirical_oracle,estimado,estimado_via_depeg,3.0773,3.125,34388397375.0
2024-03-19,Post-Shapella,3157.62,3157.17,0.999857,-0.000143,-0.0143,-0.10807,-0.109488,0.864938,0.686366,0.893768,0.696138,4.3089,3.878,0.4309,10.0002,0.0012,0.917,3.5333,0.7756,3.954,3.878,2.86,99.45,0,0.0,34584367357.0,34556943839.0,250823265.0,39669.48,39764.8,50.06,8778814.28,0,0,0,0,yfinance,yfinance,beacon_empirical_oracle,estimado,estimado_via_depeg,3.878,3.954,31527947352.0
2024-03-20,Post-Shapella,3513.39,3509.11,0.998782,-0.001218,-0.1218,0.106764,0.105685,1.324731,0.77383,1.332871,0.78042,3.7313,3.3581,0.3732,10.0019,0.001,0.918,3.0596,0.6716,3.415,3.3581,2.07,99.45,0,0.0,31341635834.0,31317429699.0,273181602.0,38496.21,39258.21,50.49,9561356.07,0,0,0,0,yfinance,yfinance,beacon_empirical_oracle,estimado,estimado_via_depeg,3.3581,3.415,34346162385.0
2024-03-21,Post-Shapella,3492.99,3485.44,0.997839,-0.002161,-0.2161,-0.005824,-0.006768,1.322861,0.7722,1.33125,0.779242,3.7388,3.3649,0.3739,10.0005,0.001,0.919,3.0658,0.673,3.422,3.3649,2.1873,99.45,0,0.0,34655417262.0,34629134325.0,272123473.0,38275.02,39630.58,50.87,9524321.56,0,0,0,0,yfinance,yfinance,beacon_empirical_oracle,estimado,estimado_via_depeg,3.3649,3.422,34243203973.0
2024-03-22,Post-Shapella,3333.69,3313.53,0.993953,-0.006047,-0.6047,-0.046679,-0.050579,1.332587,0.790354,1.342938,0.800035,3.5205,3.1684,0.3521,10.0014,0.001,0.92,2.8868,0.6337,3.219,3.1684,2.11,99.45,0,0.0,34386569238.0,34362256395.0,256096001.0,36551.23,40269.35,52.42,8963360.04,0,0,0,0,yfinance,yfinance,beacon_empirical_oracle,estimado,estimado_via_depeg,3.1684,3.219,32076695829.0
2024-03-23,Post-Shapella,3336.59,3324.98,0.99652,-0.00348,-0.348,0.000871,0.003449,1.286144,0.79032,1.303959,0.800035,3.656,3.2904,0.3656,10.0,0.001,0.921,2.9979,0.6581,3.345,3.2904,2.36,99.45,0,0.0,32672576578.0,32648805288.0,263093936.0,38329.54,40521.6,51.39,9208287.76,0,0,0,0,yfinance,yfinance,beacon_empirical_oracle,estimado,estimado_via_depeg,3.2904,3.345,32991205180.0
2024-03-24,Post-Shapella,3454.64,3449.03,0.998376,-0.001624,-0.1624,0.034767,0.03663,1.288892,0.793825,1.302983,0.803722,3.3006,2.9706,0.33,9.9982,0.0009,0.9219,2.7065,0.5941,3.015,2.9706,2.05,99.45,0,0.0,32895477965.0,32871391203.0,263952589.0,37705.98,38699.25,50.65,9238340.62,0,0,0,0,yfinance,yfinance,beacon_empirical_oracle,estimado,estimado_via_depeg,2.9706,3.015,33454878812.0
2024-03-25,Post-Shapella,3590.88,3588.54,0.999348,-0.000652,-0.0652,0.038681,0.039653,1.303633,0.799763,1.319892,0.810569,3.4623,3.1161,0.3462,9.9991,0.0009,0.9228,2.8391,0.6232,3.165,3.1161,2.189,99.45,0,0.0,33742922378.0,33718069551.0,276655908.0,38321.71,38722.34,50.26,9682956.78,0,0,0,0,yfinance,yfinance,beacon_empirical_oracle,estimado,estimado_via_depeg,3.1161,3.165,34915326033.0
2024-03-26,Post-Shapella,3587.5,3588.96,1.000407,0.000407,0.0407,-0.000941,0.000115,0.922551,0.790928,0.934387,0.801431,3.7871,3.4084,0.3787,9.9997,0.001,0.9239,3.1054,0.6817,3.467,3.4084,2.419,99.45,0,0.0,35168489397.0,35142580853.0,275136557.0,38469.27,38223.85,49.84,9629779.5,0,0,0,0,yfinance,yfinance,beacon_empirical_oracle,estimado,estimado_via_depeg,3.4084,3.467,34702003833.0
2024-03-27,Post-Shapella,3500.12,3496.45,0.998951,-0.001049,-0.1049,-0.024661,-0.026112,0.579776,0.795111,0.614637,0.806332,3.5592,3.2033,0.3559,9.9994,0.001,0.9249,2.9186,0.6407,3.255,3.2033,2.06,99.45,0,0.0,34998655460.0,34972799671.0,268312490.0,38007.08,38651.01,50.42,9390937.15,0,0,0,0,yfinance,yfinance,beacon_empirical_oracle,estimado,estimado_via_depeg,3.2033,3.255,33885814744.0
2024-03-28,Post-Shapella,3561.29,3553.25,0.997742,-0.002258,-0.2258,0.017328,0.016115,0.590938,0.794346,0.622637,0.805244,3.4849,3.1364,0.3485,10.0003,0.001,0.9258,2.8576,0.6273,3.186,3.1364,4.04,99.45,0,0.0,34115167499.0,34090093675.0,271725274.0,37463.14,38836.54,50.9,9510384.59,0,0,0,0,yfinance,yfinance,beacon_empirical_oracle,estimado,estimado_via_depeg,3.1364,3.186,34427611674.0
2024-03-29,Post-Shapella,3511.81,3505.39,0.998172,-0.001828,-0.1828,-0.013993,-0.013562,0.456378,0.783387,0.4679,0.795156,3.6066,3.2459,0.3607,10.0011,0.001,0.9268,2.9574,0.6492,3.299,3.2459,2.8614,99.45,0,0.0,34731970105.0,34706250520.0,262456512.0,36822.13,37913.27,50.73,9185977.92,0,0,0,0,yfinance,yfinance,beacon_empirical_oracle,estimado,estimado_via_depeg,3.2459,3.299,33672616598.0
2024-03-30,Post-Shapella,3507.94,3495.46,0.996442,-0.003558,-0.3558,-0.0011,-0.002837,0.458321,0.781763,0.473817,0.794216,3.4128,3.0715,0.3413,10.0006,0.0009,0.9277,2.7985,0.6143,3.119,3.0715,2.55,99.45,0,0.0,34225204264.0,34199244924.0,260834639.0,36121.9,38233.6,51.42,9129212.36,0,0,0,0,yfinance,yfinance,beacon_empirical_oracle,estimado,estimado_via_depeg,3.0715,3.119,33907787038.0
2024-03-31,Post-Shapella,3647.86,3635.16,0.996519,-0.003481,-0.3481,0.03911,0.039188,0.475007,0.787633,0.483754,0.800737,3.3599,3.0239,0.336,10.0003,0.0009,0.9287,2.7551,0.6048,3.07,3.0239,2.5422,99.45,0,0.0,34146351588.0,34119918636.0,269660002.0,35933.87,37988.92,51.39,9438100.07,0,0,0,0,yfinance,yfinance,beacon_empirical_oracle,estimado,estimado_via_depeg,3.0239,3.07,35114644706.0
2024-04-01,Post-Shapella,3505.03,3497.17,0.997758,-0.002242,-0.2242,-0.039941,-0.0387,0.502301,0.80096,0.497697,0.812965,3.4214,3.0792,0.3422,10.0018,0.0009,0.9296,2.8055,0.6158,3.127,3.0792,2.79,99.45,0,0.0,35364279318.0,35337304537.0,260700185.0,36520.03,37858.85,50.9,9124506.48,0,0,0,0,yfinance,yfinance,beacon_empirical_oracle,estimado,estimado_via_depeg,3.0792,3.127,33670763638.0
2024-04-02,Post-Shapella,3277.23,3274.77,0.999249,-0.000751,-0.0751,-0.067199,-0.065707,0.678924,0.831824,0.665719,0.842556,3.8236,3.4413,0.3823,9.9984,0.001,0.9306,3.1354,0.6883,3.501,3.4413,2.5,99.45,0,0.0,33911638933.0,33885614776.0,243586520.0,36940.5,37386.46,50.3,8525528.2,0,0,0,0,yfinance,yfinance,beacon_empirical_oracle,estimado,estimado_via_depeg,3.4413,3.501,31175779818.0
2024-04-03,Post-Shapella,3311.44,3311.45,1.000003,3e-06,0.0003,0.010384,0.011139,0.689149,0.819822,0.675653,0.828727,3.7291,3.3562,0.3729,9.9997,0.001,0.9317,3.0579,0.6712,3.413,3.3562,2.6324,99.45,0,0.0,31435308653.0,31410342941.0,245472281.0,37064.28,37064.28,50.0,8591529.84,0,0,0,0,yfinance,yfinance,beacon_empirical_oracle,estimado,estimado_via_depeg,3.3562,3.413,31442373725.0
2024-04-04,Post-Shapella,3330.04,3321.48,0.997429,-0.002571,-0.2571,0.005601,0.003024,0.667891,0.817744,0.653764,0.826575,3.6979,3.3282,0.3697,9.9976,0.001,0.9327,3.0323,0.6656,3.384,3.3282,2.54,99.45,0,0.0,31799605014.0,31774552410.0,244639317.0,35975.51,37488.87,51.03,8562376.1,0,0,0,0,yfinance,yfinance,beacon_empirical_oracle,estimado,estimado_via_depeg,3.3282,3.384,31769947323.0
2024-04-05,Post-Shapella,3318.89,3317.54,0.999593,-0.000407,-0.0407,-0.003356,-0.001188,0.668043,0.773083,0.655348,0.781911,3.8108,3.4297,0.3811,10.0005,0.001,0.9337,3.1248,0.6859,3.489,3.4297,2.35,99.45,0,0.0,31787123597.0,31762583975.0,245303754.0,36837.43,37073.95,50.16,8585631.39,0,0,0,0,yfinance,yfinance,beacon_empirical_oracle,estimado,estimado_via_depeg,3.4297,3.489,31829397101.0
2024-04-06,Post-Shapella,3354.18,3361.63,1.002221,0.002221,0.2221,0.01058,0.013205,0.680662,0.772032,0.672844,0.782325,3.6582,3.2924,0.3658,9.9995,0.001,0.9347,2.9997,0.6585,3.347,3.2924,2.5031,99.45,0,0.0,31916194901.0,31892721654.0,247796258.0,37595.93,36280.92,49.11,8672869.03,0,0,0,0,yfinance,yfinance,beacon_empirical_oracle,estimado,estimado_via_depeg,3.2924,3.347,31913090574.0
2024-04-07,Post-Shapella,3453.49,3444.86,0.997501,-0.002499,-0.2499,0.029178,0.024456,0.643001,0.78052,0.619517,0.787885,3.3287,2.9958,0.3329,10.0009,0.0009,0.9356,2.7295,0.5992,3.041,2.9958,2.26,99.45,0,0.0,32201264034.0,32177435883.0,252127576.0,35773.24,37233.37,51.0,8824465.16,0,0,0,0,yfinance,yfinance,beacon_empirical_oracle,estimado,estimado_via_depeg,2.9958,3.041,32443916249.0
2024-04-08,Post-Shapella,3695.29,3688.4,0.998135,-0.001865,-0.1865,0.067673,0.06831,0.77251,0.819141,0.75964,0.827077,3.444,3.0996,0.3444,10.0,0.0009,0.9366,2.8241,0.6199,3.148,3.0996,2.22,99.45,0,0.0,32677916889.0,32654130164.0,272295924.0,36290.99,37396.3,50.75,9530357.34,0,0,0,0,yfinance,yfinance,beacon_empirical_oracle,estimado,estimado_via_depeg,3.0996,3.148,35126869237.0
2024-04-09,Post-Shapella,3505.16,3499.34,0.99834,-0.00166,-0.166,-0.052823,-0.052618,0.690506,0.837967,0.685009,0.84533,3.5215,3.1694,0.3521,9.9986,0.001,0.9375,2.8877,0.6339,3.22,3.1694,2.71,99.45,0,0.0,35316854023.0,35292643350.0,258551481.0,36394.72,37368.39,50.66,9049301.84,0,0,0,0,yfinance,yfinance,beacon_empirical_oracle,estimado,estimado_via_depeg,3.1694,3.22,33276151304.0
2024-04-10,Post-Shapella,3543.74,3537.6,0.998267,-0.001733,-0.1733,0.010945,0.010873,0.690557,0.820212,0.684972,0.825596,3.6722,3.3049,0.3673,10.0022,0.001,0.9385,3.0112,0.661,3.36,3.3049,2.31,99.45,0,0.0,33534602536.0,33511373066.0,260823855.0,36292.8,37308.5,50.69,9128834.93,0,0,0,0,yfinance,yfinance,beacon_empirical_oracle,estimado,estimado_via_depeg,3.3049,3.36,33065845586.0
2024-04-11,Post-Shapella,3505.25,3500.74,0.998713,-0.001287,-0.1287,-0.010921,-0.010475,0.70662,0.818316,0.699445,0.822784,3.7689,3.392,0.3769,10.0003,0.001,0.9396,3.0905,0.6784,3.45,3.392,2.28,99.45,0,0.0,33254541423.0,33231483014.0,257546062.0,36362.47,37111.91,50.51,9014112.17,0,0,0,0,yfinance,yfinance,beacon_empirical_oracle,estimado,estimado_via_depeg,3.392,3.45,32973417956.0
2024-04-12,Post-Shapella,3243.03,3233.88,0.997179,-0.002821,-0.2821,-0.077752,-0.07929,0.940526,0.85628,0.943362,0.861832,3.4418,3.0977,0.3441,9.9977,0.0009,0.9405,2.8223,0.6195,3.146,3.0977,2.46,99.45,0,0.0,33152124654.0,33129053313.0,235539943.0,35494.08,37135.51,51.13,8243898.01,0,0,0,0,yfinance,yfinance,beacon_empirical_oracle,estimado,estimado_via_depeg,3.0977,3.146,30223893379.0
2024-04-13,Post-Shapella,3004.9,3000.47,0.998526,-0.001474,-0.1474,-0.076265,-0.074914,1.063564,0.886164,1.055524,0.890542,4.6888,4.2199,0.4689,10.0004,0.0013,0.9418,3.8448,0.844,4.31,4.2199,3.23,99.45,0,0.0,30431414219.0,30411140204.0,220128117.0,36195.98,37060.41,50.59,7704484.1,0,0,0,0,yfinance,yfinance,beacon_empirical_oracle,estimado,estimado_via_depeg,4.2199,4.31,27507790373.0
2024-04-14,Post-Shapella,3156.94,3149.7,0.997707,-0.002293,-0.2293,0.049359,0.048536,1.123664,0.901487,1.124095,0.903593,4.823,4.3407,0.4823,10.0,0.0013,0.9431,3.9548,0.8681,4.436,4.3407,4.39,99.45,0,0.0,27656598384.0,27638433659.0,230378966.0,35816.33,37159.07,50.92,8063263.81,0,0,0,0,yfinance,yfinance,beacon_empirical_oracle,estimado,estimado_via_depeg,4.3407,4.436,29603525849.0
2024-04-15,Post-Shapella,3101.6,3095.45,0.998017,-0.001983,-0.1983,-0.017686,-0.017374,0.89807,0.882359,0.894918,0.886078,3.3934,3.054,0.3394,10.0018,0.0009,0.9441,2.7825,0.6108,3.101,3.054,2.28,99.45,0,0.0,28846473466.0,28827798632.0,227545528.0,36102.38,37261.53,50.79,7964093.48,0,0,0,0,yfinance,yfinance,beacon_empirical_oracle,estimado,estimado_via_depeg,3.054,3.101,29020898814.0
2024-04-16,Post-Shapella,3084.92,3078.09,0.997786,-0.002214,-0.2214,-0.005392,-0.005621,0.873723,0.871856,0.870829,0.873429,3.8773,3.4896,0.3877,9.9992,0.0011,0.9451,3.1794,0.6979,3.551,3.4896,2.81,99.45,0,0.0,29239640244.0,29221288033.0,225645986.0,35921.43,37223.41,50.89,7897609.51,0,0,0,0,yfinance,yfinance,beacon_empirical_oracle,estimado,estimado_via_depeg,3.4896,3.551,29035947410.0
2024-04-17,Post-Shapella,2984.73,2977.61,0.997615,-0.002385,-0.2385,-0.033017,-0.033191,0.841453,0.871142,0.838486,0.872544,3.4903,3.1413,0.349,9.9991,0.001,0.9461,2.8621,0.6283,3.191,3.1413,2.26,99.45,0,0.0,29084866926.0,29066732648.0,219023437.0,35993.54,37387.78,50.95,7665820.3,0,0,0,0,yfinance,yfinance,beacon_empirical_oracle,estimado,estimado_via_depeg,3.1413,3.191,28211076305.0
2024-04-18,Post-Shapella,3066.03,3064.06,0.999357,-0.000643,-0.0643,0.026874,0.028622,0.919284,0.794956,0.921976,0.795134,3.5398,3.1859,0.3539,9.9977,0.001,0.947,2.9027,0.6372,3.237,3.1859,2.6048,99.45,0,0.0,28207455597.0,28189570487.0,223717365.0,36293.52,36672.94,50.26,7830107.78,0,0,0,0,yfinance,yfinance,beacon_empirical_oracle,estimado,estimado_via_depeg,3.1859,3.237,28674723530.0
2024-04-19,Post-Shapella,3059.28,3058.99,0.999905,-9.5e-05,-0.0095,-0.002204,-0.001657,0.777056,0.693454,0.771461,0.695819,3.6022,3.242,0.3602,9.9994,0.001,0.948,2.9538,0.6484,3.295,3.242,2.41,99.45,0,0.0,28789243984.0,28770380339.0,224596941.0,36678.12,36736.85,50.04,7860892.94,0,0,0,0,yfinance,yfinance,beacon_empirical_oracle,estimado,estimado_via_depeg,3.242,3.295,28811666039.0
2024-04-20,Post-Shapella,3157.63,3153.13,0.998575,-0.001425,-0.1425,0.031642,0.030311,0.564891,0.704851,0.56134,0.70629,3.4709,3.1238,0.3471,10.0003,0.001,0.949,2.8462,0.6248,3.173,3.1238,2.14,99.45,0,0.0,28976699752.0,28957664955.0,229350851.0,35902.92,36730.94,50.57,8027279.79,0,0,0,0,yfinance,yfinance,beacon_empirical_oracle,estimado,estimado_via_depeg,3.1238,3.173,29433218852.0
2024-04-21,Post-Shapella,3147.29,3147.08,0.999933,-6.7e-05,-0.0067,-0.00328,-0.00192,0.439117,0.687321,0.439787,0.685413,3.2197,2.8977,0.322,10.0009,0.0009,0.9499,2.6402,0.5795,2.94,2.8977,1.76,99.45,0,0.0,29539456458.0,29519650952.0,230384907.0,36578.56,36622.48,50.03,8063471.75,0,0,0,0,yfinance,yfinance,beacon_empirical_oracle,estimado,estimado_via_depeg,2.8977,2.94,29335706943.0
2024-04-22,Post-Shapella,3201.65,3209.46,1.002439,0.002439,0.2439,0.017126,0.019627,0.427737,0.690483,0.432574,0.68926,3.347,3.0123,0.3347,10.0,0.0009,0.9508,2.7445,0.6025,3.058,3.0123,2.31,99.45,0,0.0,29530677241.0,29511110376.0,233817150.0,37230.8,35799.41,49.02,8183600.25,0,0,0,0,yfinance,yfinance,beacon_empirical_oracle,estimado,estimado_via_depeg,3.0123,3.058,29906775524.0
2024-04-23,Post-Shapella,3219.91,3216.3,0.998879,-0.001121,-0.1121,0.005687,0.002129,0.419496,0.678674,0.424358,0.675815,3.3901,3.0511,0.339,9.9997,0.0009,0.9517,2.7799,0.6102,3.098,3.0511,1.9871,99.45,0,0.0,30154858878.0,30134181170.0,233050066.0,35863.21,36514.61,50.45,8156752.31,0,0,0,0,yfinance,yfinance,beacon_empirical_oracle,estimado,estimado_via_depeg,3.0511,3.098,30004411402.0
2024-04-24,Post-Shapella,3139.81,3131.21,0.997261,-0.002739,-0.2739,-0.025193,-0.026812,0.376715,0.666537,0.389319,0.663502,4.0821,3.6739,0.4082,9.9998,0.0011,0.9528,3.3473,0.7348,3.742,3.6739,2.28,99.45,0,0.0,30048783130.0,30028309785.0,226543023.0,35289.46,36862.37,51.09,7929005.81,0,0,0,0,yfinance,yfinance,beacon_empirical_oracle,estimado,estimado_via_depeg,3.6739,3.742,29366085501.0
2024-04-25,Post-Shapella,3156.51,3156.97,1.000146,0.000146,0.0146,0.005306,0.008192,0.338581,0.66731,0.346484,0.664812,3.6001,3.2401,0.36,9.9997,0.001,0.9538,2.9521,0.648,3.293,3.2401,2.0,99.45,0,0.0,29490952687.0,29471575776.0,229122808.0,36337.25,36250.14,49.94,8019298.28,0,0,0,0,yfinance,yfinance,beacon_empirical_oracle,estimado,estimado_via_depeg,3.2401,3.293,29750078559.0
2024-04-26,Post-Shapella,3130.16,3127.98,0.999304,-0.000696,-0.0696,-0.008381,-0.009224,0.348434,0.663452,0.358456,0.660426,3.347,3.0123,0.3347,10.0,0.0009,0.9547,2.7445,0.6025,3.058,3.0123,1.83,99.45,0,0.0,29790195286.0,29770957981.0,226748676.0,36017.15,36422.81,50.28,7936203.66,0,0,0,0,yfinance,yfinance,beacon_empirical_oracle,estimado,estimado_via_depeg,3.0123,3.058,29399844844.0
2024-04-27,Post-Shapella,3252.17,3249.77,0.999262,-0.000738,-0.0738,0.038236,0.038197,0.382669,0.675698,0.397192,0.673139,3.2888,2.9599,0.3289,10.0006,0.0009,0.9556,2.6968,0.592,3.004,2.9599,1.85,99.45,0,0.0,29421686981.0,29403328506.0,234690160.0,35872.81,36291.36,50.29,8214155.6,0,0,0,0,yfinance,yfinance,beacon_empirical_oracle,estimado,estimado_via_depeg,2.9599,3.004,30259833329.0
2024-04-28,Post-Shapella,3262.77,3262.16,0.999813,-0.000187,-0.0187,0.003256,0.003805,0.377762,0.674852,0.393864,0.672427,3.2219,2.8997,0.3222,10.0003,0.0009,0.9565,2.6419,0.5799,2.942,2.8997,1.85,99.45,0,0.0,30448779049.0,30430440989.0,238019038.0,36416.63,36533.35,50.08,8330666.33,0,0,0,0,yfinance,yfinance,beacon_empirical_oracle,estimado,estimado_via_depeg,2.8997,2.942,30888607086.0
2024-04-29,Post-Shapella,3215.43,3212.97,0.999235,-0.000765,-0.0765,-0.014617,-0.015193,0.385986,0.676157,0.396152,0.673908,3.3179,2.9861,0.3318,10.0003,0.0009,0.9574,2.7207,0.5972,3.031,2.9861,2.077,99.45,0,0.0,30960637333.0,30942129491.0,232361030.0,35908.17,36356.21,50.31,8132636.05,0,0,0,0,yfinance,yfinance,beacon_empirical_oracle,estimado,estimado_via_depeg,2.9861,3.031,29863072008.0
2024-04-30,Post-Shapella,3012.29,3015.34,1.001013,0.001013,0.1013,-0.065261,-0.063484,0.606349,0.692349,0.604706,0.68838,3.3341,3.0007,0.3334,9.9997,0.0009,0.9583,2.7339,0.6001,3.046,3.0007,2.1,99.45,0,0.0,30141577695.0,30123508193.0,217006116.0,36315.49,35724.76,49.59,7595214.06,0,0,0,0,yfinance,yfinance,beacon_empirical_oracle,estimado,estimado_via_depeg,3.0007,3.046,27877082840.0
2024-05-01,Post-Shapella,2969.78,2970.73,1.00032,0.00032,0.032,-0.01421,-0.014905,0.594145,0.682397,0.589554,0.679197,3.6184,3.2565,0.3619,10.0017,0.001,0.9593,2.9671,0.6513,3.31,3.2565,2.1973,99.45,0,0.0,28106092971.0,28089598516.0,214261884.0,36167.49,35979.9,49.87,7499165.94,0,0,0,0,yfinance,yfinance,beacon_empirical_oracle,estimado,estimado_via_depeg,3.2565,3.31,27684411734.0
2024-05-02,Post-Shapella,2988.17,2983.79,0.998534,-0.001466,-0.1466,0.006171,0.004387,0.595351,0.645951,0.584,0.644008,3.3955,3.056,0.3395,9.9985,0.0009,0.9603,2.7843,0.6112,3.103,3.056,1.93,99.45,0,0.0,27843013292.0,27825628679.0,216906448.0,35865.92,36722.47,50.59,7591725.68,0,0,0,0,yfinance,yfinance,beacon_empirical_oracle,estimado,estimado_via_depeg,3.056,3.103,28080831828.0
2024-05-03,Post-Shapella,3103.54,3101.37,0.999301,-0.000699,-0.0699,0.037883,0.038649,0.6804,0.66013,0.673631,0.658647,3.2132,2.8919,0.3213,9.9994,0.0009,0.9611,2.6348,0.5784,2.934,2.8919,1.72,99.45,0,0.0,28111786878.0,28093830035.0,224641658.0,35988.53,36393.87,50.28,7862458.03,0,0,0,0,yfinance,yfinance,beacon_empirical_oracle,estimado,estimado_via_depeg,2.8919,2.934,29054286667.0
2024-05-04,Post-Shapella,3117.58,3115.7,0.999397,-0.000603,-0.0603,0.004512,0.004609,0.600294,0.65998,0.592891,0.658828,3.2834,2.955,0.3284,10.0018,0.0009,0.962,2.6924,0.591,2.999,2.955,1.7676,99.45,0,0.0,29186307371.0,29167713772.0,224270352.0,35796.01,36141.31,50.24,7849462.32,0,0,0,0,yfinance,yfinance,beacon_empirical_oracle,estimado,estimado_via_depeg,2.955,2.999,29190217620.0
2024-05-05,Post-Shapella,3137.25,3135.75,0.999522,-0.000478,-0.0478,0.00629,0.006417,0.603543,0.660624,0.595817,0.659498,3.0998,2.7898,0.31,10.0006,0.0008,0.9629,2.5418,0.558,2.829,2.7898,1.52,99.45,0,0.0,29243052623.0,29224107127.0,224384968.0,35625.52,35897.3,50.19,7853473.88,0,0,0,0,yfinance,yfinance,beacon_empirical_oracle,estimado,estimado_via_depeg,2.7898,2.829,29277399792.0
2024-05-06,Post-Shapella,3062.73,3063.7,1.000317,0.000317,0.0317,-0.02404,-0.023246,0.615814,0.663439,0.606409,0.661259,3.1625,2.8462,0.3163,10.0016,0.0009,0.9638,2.5932,0.5692,2.887,2.8462,1.67,99.45,0,0.0,29434973139.0,29416117349.0,220946201.0,36163.92,35976.36,49.87,7733117.04,0,0,0,0,yfinance,yfinance,beacon_empirical_oracle,estimado,estimado_via_depeg,2.8462,2.887,28826959941.0
2024-05-07,Post-Shapella,3006.58,3006.18,0.999867,-0.000133,-0.0133,-0.018504,-0.018955,0.401878,0.655099,0.404973,0.65581,3.2003,2.8802,0.3201,10.0022,0.0009,0.9646,2.6242,0.576,2.922,2.8802,1.66,99.45,0,0.0,28976851756.0,28956754727.0,217048668.0,36059.51,36131.7,50.05,7596703.38,0,0,0,0,yfinance,yfinance,beacon_empirical_oracle,estimado,estimado_via_depeg,2.8802,2.922,28483572707.0
2024-05-08,Post-Shapella,2973.66,2971.24,0.999186,-0.000814,-0.0814,-0.01101,-0.011688,0.395743,0.601077,0.398596,0.601039,3.2359,2.9123,0.3236,10.0003,0.0009,0.9655,2.6534,0.5825,2.955,2.9123,1.64,99.45,0,0.0,28606102207.0,28586657349.0,211111858.0,35269.79,35724.15,50.32,7388915.03,0,0,0,0,yfinance,yfinance,beacon_empirical_oracle,estimado,estimado_via_depeg,2.9123,2.955,27771200544.0
2024-05-09,Post-Shapella,3036.02,3035.82,0.999934,-6.6e-05,-0.0066,0.020755,0.021499,0.422282,0.585439,0.428053,0.58597,3.1873,2.8686,0.3187,9.9991,0.0009,0.9664,2.6136,0.5737,2.91,2.8686,1.7179,99.45,0,0.0,27916439525.0,27898068991.0,216970162.0,35711.22,35754.1,50.03,7593955.67,0,0,0,0,yfinance,yfinance,beacon_empirical_oracle,estimado,estimado_via_depeg,2.8686,2.91,28263829653.0
2024-05-10,Post-Shapella,2909.79,2910.25,1.000158,0.000158,0.0158,-0.042466,-0.042243,0.408416,0.596903,0.410302,0.59734,3.2132,2.8919,0.3213,9.9994,0.0009,0.9673,2.6348,0.5784,2.934,2.8919,1.81,99.45,0,0.0,28391470109.0,28371974133.0,206392345.0,35507.72,35422.6,49.94,7223732.08,0,0,0,0,yfinance,yfinance,beacon_empirical_oracle,estimado,estimado_via_depeg,2.8919,2.934,27131548445.0
2024-05-11,Post-Shapella,2911.6,2910.13,0.999495,-0.000505,-0.0505,0.000622,-3.9e-05,0.401372,0.597202,0.402155,0.597576,3.17,2.853,0.317,10.0,0.0009,0.9681,2.5994,0.5706,2.894,2.853,1.6,99.45,0,0.0,27315884494.0,27296978198.0,206974451.0,35400.91,35685.25,50.2,7244105.79,0,0,0,0,yfinance,yfinance,beacon_empirical_oracle,estimado,estimado_via_depeg,2.853,2.894,27325475523.0
2024-05-12,Post-Shapella,2928.7,2929.62,1.000314,0.000314,0.0314,0.005856,0.006676,0.400325,0.539517,0.402792,0.537362,3.0814,2.7733,0.3081,9.9987,0.0008,0.969,2.5268,0.5547,2.812,2.7733,1.5882,99.45,0,0.0,27438816479.0,27419974276.0,208061900.0,35613.56,35428.85,49.87,7282166.5,0,0,0,0,yfinance,yfinance,beacon_empirical_oracle,estimado,estimado_via_depeg,2.7733,2.812,27368608800.0
2024-05-13,Post-Shapella,2949.36,2946.83,0.999142,-0.000858,-0.0858,0.007029,0.005855,0.396062,0.47192,0.398104,0.471714,3.1635,2.8472,0.3163,9.9984,0.0009,0.9699,2.5941,0.5694,2.888,2.8472,1.76,99.45,0,0.0,27536833000.0,27518270892.0,208835949.0,35162.86,35644.35,50.34,7309258.22,0,0,0,0,yfinance,yfinance,beacon_empirical_oracle,estimado,estimado_via_depeg,2.8472,2.888,27635739808.0
2024-05-14,Post-Shapella,2881.16,2879.04,0.999264,-0.000736,-0.0736,-0.023396,-0.023272,0.407332,0.442237,0.40804,0.443204,3.3783,3.0404,0.3379,10.0021,0.0009,0.9708,2.7702,0.6081,3.087,3.0404,1.84,99.45,0,0.0,27740589299.0,27721463226.0,205051128.0,35378.43,35791.21,50.29,7176789.48,0,0,0,0,yfinance,yfinance,beacon_empirical_oracle,estimado,estimado_via_depeg,3.0404,3.087,27107555090.0
2024-05-15,Post-Shapella,3037.06,3033.31,0.998765,-0.001235,-0.1235,0.052697,0.052198,0.582568,0.479488,0.580039,0.479726,3.2812,2.9531,0.3281,9.9994,0.0009,0.9717,2.6906,0.5906,2.997,2.9531,1.78,99.45,0,0.0,27161347277.0,27142837446.0,214070221.0,34897.62,35588.38,50.49,7492457.74,0,0,0,0,yfinance,yfinance,beacon_empirical_oracle,estimado,estimado_via_depeg,2.9531,2.997,28237127744.0
2024-05-16,Post-Shapella,2945.13,2941.89,0.9989,-0.0011,-0.11,-0.030736,-0.030603,0.605382,0.490628,0.600359,0.490755,3.3308,2.9977,0.3331,10.0006,0.0009,0.9726,2.7313,0.5995,3.043,2.9977,1.9,99.45,0,0.0,28324665695.0,28304477567.0,208223631.0,35039.41,35661.58,50.44,7287827.09,0,0,0,0,yfinance,yfinance,beacon_empirical_oracle,estimado,estimado_via_depeg,2.9977,3.043,27494295812.0
2024-05-17,Post-Shapella,3094.12,3089.43,0.998484,-0.001516,-0.1516,0.04935,0.048935,0.616585,0.507943,0.612465,0.50735,3.183,2.8647,0.3183,10.0,0.0009,0.9735,2.61,0.5729,2.906,2.8647,1.83,99.45,0,0.0,27523743823.0,27503284092.0,219208500.0,34991.23,35855.57,50.61,7672297.5,0,0,0,0,yfinance,yfinance,beacon_empirical_oracle,estimado,estimado_via_depeg,2.8647,2.906,28917923715.0
2024-05-18,Post-Shapella,3122.95,3119.94,0.999036,-0.000964,-0.0964,0.009275,0.009828,0.61278,0.5004,0.608191,0.49874,3.0425,2.7383,0.3042,9.9984,0.0008,0.9743,2.4949,0.5477,2.776,2.7383,1.8083,99.45,0,0.0,29018415379.0,28996742225.0,221361647.0,35164.67,35717.55,50.39,7747657.64,0,0,0,0,yfinance,yfinance,beacon_empirical_oracle,estimado,estimado_via_depeg,2.7383,2.776,29119269053.0
2024-05-19,Post-Shapella,3071.84,3071.33,0.999834,-0.000166,-0.0166,-0.0165,-0.015704,0.642542,0.503885,0.63633,0.501938,3.1257,2.8132,0.3125,9.9978,0.0009,0.9752,2.5631,0.5626,2.853,2.8132,1.67,99.45,0,0.0,29266218398.0,29243920320.0,217772050.0,35396.89,35496.14,50.07,7622021.75,0,0,0,0,yfinance,yfinance,beacon_empirical_oracle,estimado,estimado_via_depeg,2.8132,2.853,28579330260.0
2024-05-20,Post-Shapella,3663.86,3655.36,0.99768,-0.00232,-0.232,0.176238,0.174085,1.382088,0.789276,1.364677,0.78272,3.1549,2.8394,0.3155,10.0003,0.0009,0.976,2.587,0.5679,2.88,2.8394,1.7184,99.45,0,0.0,28712603282.0,28690646027.0,256876069.0,34403.36,35707.42,50.93,8990662.42,0,0,0,0,yfinance,yfinance,beacon_empirical_oracle,estimado,estimado_via_depeg,2.8394,2.88,34170060889.0
2024-05-21,Post-Shapella,3789.31,3786.21,0.999182,-0.000818,-0.0818,0.033669,0.035172,1.304751,0.794925,1.286892,0.789302,4.2897,3.8607,0.429,10.0007,0.0012,0.9772,3.5175,0.7721,3.936,3.8607,2.8705,99.45,0,0.0,34106380391.0,34082480643.0,268573445.0,35204.41,35672.2,50.33,9400070.58,0,0,0,0,yfinance,yfinance,beacon_empirical_oracle,estimado,estimado_via_depeg,3.8607,3.936,35021996587.0
2024-05-22,Post-Shapella,3737.22,3736.94,0.999925,-7.5e-05,-0.0075,-0.013843,-0.0131,1.350372,0.796899,1.332142,0.790529,3.4817,3.1335,0.3482,10.0009,0.001,0.9781,2.855,0.6267,3.183,3.1335,2.1705,99.45,0,0.0,35311622169.0,35288645949.0,264990857.0,35431.67,35474.21,50.03,9274680.0,0,0,0,0,yfinance,yfinance,beacon_empirical_oracle,estimado,estimado_via_depeg,3.1335,3.183,34959045610.0
2024-05-23,Post-Shapella,3776.93,3771.7,0.998615,-0.001385,-0.1385,0.010569,0.009258,1.268492,0.797122,1.250801,0.790586,3.4903,3.1413,0.349,9.9991,0.001,0.9791,2.8621,0.6283,3.191,3.1413,2.02,99.45,0,0.0,35111299740.0,35088250274.0,270176280.0,35373.22,36160.08,50.55,9456169.8,0,0,0,0,yfinance,yfinance,beacon_empirical_oracle,estimado,estimado_via_depeg,3.1413,3.191,35401832827.0
2024-05-24,Post-Shapella,3726.93,3726.12,0.999783,-0.000217,-0.0217,-0.013325,-0.012156,1.30712,0.792466,1.288108,0.784723,4.6142,4.1528,0.4614,9.9996,0.0013,0.9804,3.7837,0.8306,4.24,4.1528,2.5,99.45,0,0.0,35548518516.0,35525799914.0,264677500.0,35444.87,35572.7,50.09,9263712.5,0,0,0,0,yfinance,yfinance,beacon_empirical_oracle,estimado,estimado_via_depeg,4.1528,4.24,34713288127.0
2024-05-25,Post-Shapella,3749.24,3748.69,0.999853,-0.000147,-0.0147,0.005966,0.006037,1.310001,0.792465,1.291427,0.784676,3.3082,2.9774,0.3308,9.9994,0.0009,0.9813,2.7127,0.5955,3.022,2.9774,1.69,99.45,0,0.0,34845958155.0,34824359786.0,265339027.0,35343.25,35428.17,50.06,9286865.94,0,0,0,0,yfinance,yfinance,beacon_empirical_oracle,estimado,estimado_via_depeg,2.9774,3.022,34745485827.0
2024-05-26,Post-Shapella,3825.9,3823.55,0.999386,-0.000614,-0.0614,0.020241,0.019774,1.263334,0.792336,1.24596,0.784242,3.2402,2.9162,0.324,9.9994,0.0009,0.9822,2.657,0.5832,2.959,2.9162,1.63,99.45,0,0.0,34907968628.0,34886367750.0,271420154.0,35294.06,35648.77,50.25,9499705.39,0,0,0,0,yfinance,yfinance,beacon_empirical_oracle,estimado,estimado_via_depeg,2.9162,2.959,35702895399.0
2024-05-27,Post-Shapella,3892.01,3894.82,1.000722,0.000722,0.0722,0.017132,0.018468,0.333831,0.785147,0.334159,0.777254,3.3955,3.056,0.3395,9.9985,0.0009,0.9831,2.7843,0.6112,3.103,3.056,1.7805,99.45,0,0.0,35835746945.0,35814658258.0,274424553.0,35459.34,35050.38,49.71,9604859.36,0,0,0,0,yfinance,yfinance,beacon_empirical_oracle,estimado,estimado_via_depeg,3.056,3.103,36093901178.0
2024-05-28,Post-Shapella,3840.26,3838.24,0.999474,-0.000526,-0.0526,-0.013386,-0.014633,0.289046,0.788016,0.287755,0.780574,3.5237,3.1713,0.3524,10.0009,0.001,0.9841,2.8894,0.6343,3.222,3.1713,1.71,99.45,0,0.0,36270152684.0,36248123445.0,272705483.0,35357.0,35655.25,50.21,9544691.91,0,0,0,0,yfinance,yfinance,beacon_empirical_oracle,estimado,estimado_via_depeg,3.1713,3.222,36232785916.0
2024-05-29,Post-Shapella,3763.2,3762.79,0.999891,-0.000109,-0.0109,-0.02027,-0.019854,0.313079,0.790071,0.312326,0.78229,3.4472,3.1025,0.3447,9.9994,0.0009,0.985,2.8267,0.6205,3.151,3.1025,1.71,99.45,0,0.0,36507655562.0,36485751258.0,266795156.0,35419.55,35476.27,50.04,9337830.46,0,0,0,0,yfinance,yfinance,beacon_empirical_oracle,estimado,estimado_via_depeg,3.1025,3.151,35742418096.0
2024-05-30,Post-Shapella,3746.85,3747.19,1.000091,9.1e-05,0.0091,-0.004353,-0.004155,0.303705,0.749166,0.305659,0.743054,3.5398,3.1859,0.3539,9.9977,0.001,0.986,2.9027,0.6372,3.237,3.1859,1.7305,99.45,0,0.0,35985925689.0,35964055230.0,264662793.0,35346.29,35289.79,49.96,9263197.76,0,0,0,0,yfinance,yfinance,beacon_empirical_oracle,estimado,estimado_via_depeg,3.1859,3.237,35585717621.0
2024-05-31,Post-Shapella,3760.03,3760.79,1.000202,0.000202,0.0202,0.003511,0.003625,0.286465,0.74531,0.291309,0.738902,3.5807,3.2227,0.358,9.998,0.001,0.987,2.9362,0.6445,3.275,3.2227,1.83,99.45,0,0.0,35709394441.0,35687820290.0,265546752.0,35368.29,35255.29,49.92,9294136.32,0,0,0,0,yfinance,yfinance,beacon_empirical_oracle,estimado,estimado_via_depeg,3.2227,3.275,35918322227.0
2024-06-01,Post-Shapella,3813.2,3812.14,0.999722,-0.000278,-0.0278,0.014042,0.013561,0.300141,0.74559,0.303527,0.739052,3.4257,3.0831,0.3426,10.0009,0.0009,0.9879,2.8091,0.6166,3.131,3.0831,1.7805,99.45,0,0.0,36003173962.0,35981676313.0,269026612.0,35198.1,35353.31,50.11,9415931.42,0,0,0,0,yfinance,yfinance,beacon_empirical_oracle,estimado,estimado_via_depeg,3.0831,3.131,36097095928.0
2024-06-02,Post-Shapella,3780.9,3780.66,0.999937,-6.3e-05,-0.0063,-0.008507,-0.008293,0.266149,0.739825,0.271786,0.732795,3.4462,3.1015,0.3447,10.0023,0.0009,0.9888,2.8258,0.6203,3.15,3.1015,1.68,99.45,0,0.0,36297562606.0,36275983380.0,266056191.0,35170.17,35198.31,50.02,9311966.68,0,0,0,0,yfinance,yfinance,beacon_empirical_oracle,estimado,estimado_via_depeg,3.1015,3.15,35927306227.0
2024-06-03,Post-Shapella,3766.39,3765.66,0.999806,-0.000194,-0.0194,-0.003844,-0.003975,0.213874,0.740692,0.212848,0.733699,3.571,3.2139,0.3571,10.0,0.001,0.9898,2.9283,0.6428,3.266,3.2139,1.86,99.45,0,0.0,36000901646.0,35979855707.0,265601716.0,35203.04,35315.87,50.08,9296060.06,0,0,0,0,yfinance,yfinance,beacon_empirical_oracle,estimado,estimado_via_depeg,3.2139,3.266,35796738203.0
2024-06-04,Post-Shapella,3812.52,3812.27,0.999934,-6.6e-05,-0.0066,0.012173,0.012301,0.22968,0.740975,0.225758,0.733997,3.4774,3.1296,0.3478,10.0017,0.001,0.9908,2.8515,0.6259,3.179,3.1296,1.7205,99.45,0,0.0,35944065900.0,35922675711.0,268521655.0,35194.64,35236.9,50.03,9398257.93,0,0,0,0,yfinance,yfinance,beacon_empirical_oracle,estimado,estimado_via_depeg,3.1296,3.179,36265529170.0
2024-06-05,Post-Shapella,3864.26,3857.81,0.998331,-0.001669,-0.1669,0.013481,0.011875,0.182116,0.733028,0.174813,0.726258,3.5624,3.2062,0.3562,9.9989,0.001,0.9917,2.9212,0.6412,3.258,3.2062,1.72,99.45,0,0.0,36399082679.0,36377093354.0,270997309.0,34594.71,35534.45,50.67,9484905.82,0,0,0,0,yfinance,yfinance,beacon_empirical_oracle,estimado,estimado_via_depeg,3.2062,3.258,36717862224.0
2024-06-06,Post-Shapella,3811.61,3811.18,0.999887,-0.000113,-0.0113,-0.01372,-0.012161,0.216832,0.731059,0.20352,0.723503,3.8215,3.4393,0.3822,10.0013,0.001,0.9928,3.1336,0.6879,3.499,3.4393,2.01,99.45,0,0.0,36727843961.0,36705421064.0,267605774.0,35075.95,35132.12,50.04,9366202.09,0,0,0,0,yfinance,yfinance,beacon_empirical_oracle,estimado,estimado_via_depeg,3.4393,3.499,36146875321.0
2024-06-07,Post-Shapella,3678.63,3676.22,0.999345,-0.000655,-0.0655,-0.03551,-0.036055,0.348376,0.74392,0.343068,0.736682,3.6851,3.3165,0.3686,10.0024,0.001,0.9938,3.0217,0.6633,3.372,3.3165,1.7804,99.45,0,0.0,36299693986.0,36277676021.0,259267442.0,35056.43,35422.92,50.26,9074360.47,0,0,0,0,yfinance,yfinance,beacon_empirical_oracle,estimado,estimado_via_depeg,3.3165,3.372,35111188709.0
2024-06-08,Post-Shapella,3680.95,3680.14,0.99978,-0.00022,-0.022,0.000631,0.001067,0.320514,0.742579,0.31667,0.7351,3.6281,3.2653,0.3628,9.9997,0.001,0.9948,2.975,0.6531,3.319,3.2653,1.81,99.45,0,0.0,35202933184.0,35181945390.0,258558920.0,35058.0,35184.44,50.09,9049562.2,0,0,0,0,yfinance,yfinance,beacon_empirical_oracle,estimado,estimado_via_depeg,3.2653,3.319,34985076582.0
2024-06-09,Post-Shapella,3705.9,3702.81,0.999166,-0.000834,-0.0834,0.006756,0.00614,0.329307,0.721338,0.324685,0.713857,3.3319,2.9987,0.3332,10.0003,0.0009,0.9957,2.7322,0.5997,3.044,2.9987,1.7704,99.45,0,0.0,34953965915.0,34933639937.0,260792226.0,34953.86,35418.31,50.33,9127727.91,0,0,0,0,yfinance,yfinance,beacon_empirical_oracle,estimado,estimado_via_depeg,2.9987,3.044,35269566359.0
2024-06-10,Post-Shapella,3666.72,3665.02,0.999536,-0.000464,-0.0464,-0.01063,-0.010258,0.334149,0.723862,0.329007,0.716197,3.5452,3.1907,0.3545,9.9994,0.001,0.9967,2.9071,0.6381,3.242,3.1907,1.91,99.45,0,0.0,35597308815.0,35576446833.0,258106653.0,35062.11,35329.59,50.19,9033732.86,0,0,0,0,yfinance,yfinance,beacon_empirical_oracle,estimado,estimado_via_depeg,3.1907,3.242,34867335185.0
2024-06-11,Post-Shapella,3498.33,3499.06,1.000209,0.000209,0.0209,-0.047011,-0.046339,0.423151,0.74861,0.414934,0.740596,3.9052,3.5147,0.3905,9.9995,0.0011,0.9977,3.2023,0.7029,3.577,3.5147,2.2004,99.45,0,0.0,35008046698.0,34987471388.0,246281917.0,35256.25,35143.61,49.92,8619867.1,0,0,0,0,yfinance,yfinance,beacon_empirical_oracle,estimado,estimado_via_depeg,3.5147,3.577,33191496875.0
2024-06-12,Post-Shapella,3559.62,3558.39,0.999654,-0.000346,-0.0346,0.017367,0.016814,0.438209,0.74967,0.433521,0.74157,3.5678,3.211,0.3568,10.0006,0.001,0.9987,2.9256,0.6422,3.263,3.211,1.78,99.45,0,0.0,33350658525.0,33331401484.0,251271519.0,35195.89,35393.54,50.14,8794503.17,0,0,0,0,yfinance,yfinance,beacon_empirical_oracle,estimado,estimado_via_depeg,3.211,3.263,33937043617.0
2024-06-13,Post-Shapella,3469.28,3465.78,0.998991,-0.001009,-0.1009,-0.025706,-0.02637,0.449909,0.750862,0.446697,0.743201,4.0092,3.6083,0.4009,9.9995,0.0011,0.9998,3.2876,0.7217,3.674,3.6083,2.04,99.45,0,0.0,33956429886.0,33936378132.0,244688578.0,34982.92,35547.16,50.4,8564100.23,0,0,0,0,yfinance,yfinance,beacon_empirical_oracle,estimado,estimado_via_depeg,3.6083,3.674,33064632708.0
2024-06-14,Post-Shapella,3480.27,3478.95,0.999621,-0.000379,-0.0379,0.003163,0.003792,0.420206,0.731888,0.41633,0.724422,3.3632,3.0269,0.3363,9.9994,0.0009,1.0007,2.7578,0.6054,3.073,3.0269,1.6603,99.45,0,0.0,33186313631.0,33167242923.0,244186990.0,34976.37,35186.86,50.15,8546544.65,0,0,0,0,yfinance,yfinance,beacon_empirical_oracle,estimado,estimado_via_depeg,3.0269,3.073,33233388091.0
2024-06-15,Post-Shapella,3565.55,3564.14,0.999605,-0.000395,-0.0395,0.024208,0.024191,0.479668,0.723602,0.475796,0.716103,3.4203,3.0783,0.342,9.9991,0.0009,1.0017,2.8046,0.6157,3.126,3.0783,1.65,99.45,0,0.0,33197893407.0,33179470716.0,249800142.0,34917.58,35141.77,50.16,8743004.97,0,0,0,0,yfinance,yfinance,beacon_empirical_oracle,estimado,estimado_via_depeg,3.0783,3.126,33920186365.0
2024-06-16,Post-Shapella,3620.56,3619.01,0.999572,-0.000428,-0.0428,0.015311,0.015278,0.495648,0.707723,0.492595,0.700389,3.237,2.9133,0.3237,10.0,0.0009,1.0026,2.6543,0.5827,2.956,2.9133,1.5503,99.45,0,0.0,34047373923.0,34028631741.0,254234216.0,34990.42,35229.17,50.17,8898197.56,0,0,0,0,yfinance,yfinance,beacon_empirical_oracle,estimado,estimado_via_depeg,2.9133,2.956,34676399878.0
2024-06-17,Post-Shapella,3511.38,3510.58,0.999772,-0.000228,-0.0228,-0.030621,-0.030418,0.533165,0.718458,0.530076,0.711082,3.2251,2.9026,0.3225,9.9997,0.0009,1.0035,2.6446,0.5805,2.945,2.9026,1.5703,99.45,0,0.0,34358500125.0,34339202761.0,247205306.0,35137.23,35263.95,50.09,8652185.71,0,0,0,0,yfinance,yfinance,beacon_empirical_oracle,estimado,estimado_via_depeg,2.9026,2.945,33655561943.0
2024-06-18,Post-Shapella,3483.68,3482.87,0.999767,-0.000233,-0.0233,-0.007919,-0.007924,0.412029,0.71601,0.412425,0.708892,3.5032,3.1529,0.3503,9.9994,0.001,1.0044,2.8727,0.6306,3.203,3.1529,1.71,99.45,0,0.0,33685640195.0,33667123192.0,244071913.0,34967.7,35093.81,50.09,8542516.96,0,0,0,0,yfinance,yfinance,beacon_empirical_oracle,estimado,estimado_via_depeg,3.1529,3.203,33087509211.0
2024-06-19,Post-Shapella,3559.35,3555.64,0.998958,-0.001042,-0.1042,0.021488,0.020678,0.423863,0.365847,0.423189,0.364407,3.2898,2.9609,0.3289,9.9976,0.0009,1.0053,2.6977,0.5922,3.005,2.9609,1.64,99.45,0,0.0,33215741714.0,33198101614.0,250175166.0,34848.17,35438.58,50.42,8756130.81,0,0,0,0,yfinance,yfinance,beacon_empirical_oracle,estimado,estimado_via_depeg,2.9609,3.005,34056850368.0
2024-06-20,Post-Shapella,3511.09,3510.12,0.999724,-0.000276,-0.0276,-0.013652,-0.012885,0.38672,0.34617,0.381429,0.342385,3.388,3.0492,0.3388,10.0,0.0009,1.0062,2.7781,0.6098,3.096,3.0492,1.7104,99.45,0,0.0,34005128053.0,33987899659.0,246533270.0,35030.56,35185.03,50.11,8628664.45,0,0,0,0,yfinance,yfinance,beacon_empirical_oracle,estimado,estimado_via_depeg,3.0492,3.096,33694429852.0
2024-06-21,Post-Shapella,3516.08,3515.37,0.999798,-0.000202,-0.0202,0.00142,0.001494,0.386527,0.343986,0.381065,0.34049,3.2726,2.9453,0.3273,10.0012,0.0009,1.0071,2.6835,0.5891,2.989,2.9453,1.68,99.45,0,0.0,33721466506.0,33704215998.0,246791998.0,35038.61,35150.92,50.08,8637719.93,0,0,0,0,yfinance,yfinance,beacon_empirical_oracle,estimado,estimado_via_depeg,2.9453,2.989,33631149101.0
2024-06-22,Post-Shapella,3494.81,3496.1,1.000369,0.000369,0.0369,-0.006065,-0.005497,0.336768,0.341197,0.330399,0.338212,3.1549,2.8394,0.3155,10.0003,0.0009,1.008,2.587,0.5679,2.88,2.8394,1.54,99.45,0,0.0,33786598870.0,33769310036.0,245192512.0,35184.76,34974.28,49.85,8581737.92,0,0,0,0,yfinance,yfinance,beacon_empirical_oracle,estimado,estimado_via_depeg,2.8394,2.88,33641774470.0
2024-06-23,Post-Shapella,3418.61,3419.52,1.000266,0.000266,0.0266,-0.022045,-0.022147,0.321834,0.345974,0.316373,0.343544,3.2273,2.9045,0.3228,10.0022,0.0009,1.0089,2.6463,0.5809,2.947,2.9045,1.69,99.45,0,0.0,33733516672.0,33716203476.0,239438238.0,35096.87,34942.78,49.89,8380338.33,0,0,0,0,yfinance,yfinance,beacon_empirical_oracle,estimado,estimado_via_depeg,2.9045,2.947,32931721024.0
2024-06-24,Post-Shapella,3350.26,3348.64,0.999516,-0.000484,-0.0484,-0.020198,-0.020947,0.284268,0.349573,0.281161,0.347616,3.292,2.9628,0.3292,10.0,0.0009,1.0098,2.6994,0.5926,3.007,2.9628,1.6504,99.45,0,0.0,33064859052.0,33048024995.0,233780587.0,34757.34,35022.5,50.19,8182320.55,0,0,0,0,yfinance,yfinance,beacon_empirical_oracle,estimado,estimado_via_depeg,2.9628,3.007,32245121469.0
2024-06-25,Post-Shapella,3395.03,3392.94,0.999384,-0.000616,-0.0616,0.013275,0.013142,0.317985,0.344362,0.31492,0.342699,3.3319,2.9987,0.3332,10.0003,0.0009,1.0107,2.7322,0.5997,3.044,2.9987,1.61,99.45,0,0.0,32297108455.0,32280214771.0,238253430.0,34913.12,35264.0,50.25,8338870.05,0,0,0,0,yfinance,yfinance,beacon_empirical_oracle,estimado,estimado_via_depeg,2.9987,3.044,32929269169.0
2024-06-26,Post-Shapella,3369.48,3366.77,0.999196,-0.000804,-0.0804,-0.007555,-0.007743,0.236973,0.335975,0.238466,0.33315,3.2478,2.923,0.3248,10.0006,0.0009,1.0116,2.6632,0.5846,2.966,2.923,1.65,99.45,0,0.0,33031318275.0,33013545739.0,236685512.0,34897.18,35346.74,50.32,8283992.92,0,0,0,0,yfinance,yfinance,beacon_empirical_oracle,estimado,estimado_via_depeg,2.923,2.966,32610176370.0
2024-06-27,Post-Shapella,3444.8,3443.47,0.999614,-0.000386,-0.0386,0.022108,0.022527,0.31227,0.34719,0.316756,0.344448,3.2618,2.9356,0.3262,10.0006,0.0009,1.0125,2.6747,0.5871,2.979,2.9356,1.7103,99.45,0,0.0,32836414989.0,32818645534.0,241370617.0,34928.95,35139.16,50.15,8447971.6,0,0,0,0,yfinance,yfinance,beacon_empirical_oracle,estimado,estimado_via_depeg,2.9356,2.979,33385636816.0
2024-06-28,Post-Shapella,3373.64,3372.81,0.999754,-0.000246,-0.0246,-0.020875,-0.020735,0.334953,0.347561,0.338604,0.344984,3.4278,3.0851,0.3427,9.9977,0.0009,1.0134,2.8108,0.617,3.133,3.0851,1.7103,99.45,0,0.0,33525241598.0,33505914212.0,236091599.0,34920.65,35060.61,50.1,8263205.97,0,0,0,0,yfinance,yfinance,beacon_empirical_oracle,estimado,estimado_via_depeg,3.0851,3.133,32815057609.0
2024-06-29,Post-Shapella,3372.97,3372.39,0.999828,-0.000172,-0.0172,-0.000198,-0.000125,0.337455,0.347756,0.341219,0.345195,3.0922,2.783,0.3092,9.9994,0.0008,1.0143,2.5356,0.5566,2.822,2.783,1.4703,99.45,0,0.0,32927498439.0,32909413392.0,236603016.0,35024.29,35122.5,50.07,8281105.56,0,0,0,0,yfinance,yfinance,beacon_empirical_oracle,estimado,estimado_via_depeg,2.783,2.822,32852223529.0
2024-06-30,Post-Shapella,3432.89,3433.67,1.000227,0.000227,0.0227,0.017609,0.018009,0.337591,0.354742,0.342715,0.352507,3.0555,2.7499,0.3056,10.0016,0.0008,1.0151,2.5055,0.55,2.788,2.7499,1.46,99.45,0,0.0,32933751631.0,32915695746.0,241206016.0,35194.86,35068.39,49.91,8442210.56,0,0,0,0,yfinance,yfinance,beacon_empirical_oracle,estimado,estimado_via_depeg,2.7499,2.788,33153014476.0
2024-07-01,Post-Shapella,3440.34,3439.3,0.999698,-0.000302,-0.0302,0.002169,0.001639,0.288911,0.349933,0.291329,0.347866,3.2812,2.9531,0.3281,9.9994,0.0009,1.016,2.6906,0.5906,2.997,2.9531,1.61,99.45,0,0.0,33255412787.0,33236794111.0,240745025.0,34904.58,35072.52,50.12,8426075.88,0,0,0,0,yfinance,yfinance,beacon_empirical_oracle,estimado,estimado_via_depeg,2.9531,2.997,33592760514.0
2024-07-02,Post-Shapella,3416.35,3415.22,0.999669,-0.000331,-0.0331,-0.006997,-0.007028,0.285489,0.349697,0.288443,0.347671,3.2575,2.9317,0.3258,10.0015,0.0009,1.0169,2.6711,0.5863,2.975,2.9317,1.5603,99.45,0,0.0,33728112518.0,33709091358.0,238663090.0,34838.73,35020.36,50.13,8353208.15,0,0,0,0,yfinance,yfinance,beacon_empirical_oracle,estimado,estimado_via_depeg,2.9317,2.975,33207938753.0
2024-07-03,Post-Shapella,3292.92,3295.19,1.000689,0.000689,0.0689,-0.0368,-0.035777,0.395179,0.36863,0.392144,0.365581,3.3276,2.9948,0.3328,10.0012,0.0009,1.0178,2.7286,0.599,3.04,2.9948,1.64,99.45,0,0.0,33291882493.0,33272082903.0,230593835.0,35209.66,34817.5,49.72,8070784.22,0,0,0,0,yfinance,yfinance,beacon_empirical_oracle,estimado,estimado_via_depeg,2.9948,3.04,32155306107.0
2024-07-04,Post-Shapella,3054.52,3066.88,1.004046,0.004046,0.4046,-0.075151,-0.071803,0.590709,0.438249,0.569192,0.429242,3.7162,3.3446,0.3716,9.9995,0.001,1.0188,3.0473,0.6689,3.401,3.3446,2.1103,99.45,0,0.0,32206182988.0,32188028290.0,218763891.0,36970.1,34649.62,48.38,7656736.18,0,0,0,0,yfinance,yfinance,beacon_empirical_oracle,estimado,estimado_via_depeg,3.3446,3.401,30575326637.0
2024-07-05,Post-Shapella,2981.6,2980.2,0.99953,-0.00047,-0.047,-0.024163,-0.02867,0.592436,0.435348,0.575592,0.429801,4.4489,4.004,0.4449,10.0002,0.0012,1.02,3.6481,0.8008,4.085,4.004,2.72,99.45,0,0.0,30723000488.0,30705779642.0,207613529.0,34683.49,34948.09,50.19,7266473.52,0,0,0,0,yfinance,yfinance,beacon_empirical_oracle,estimado,estimado_via_depeg,4.004,4.085,28946851048.0
2024-07-06,Post-Shapella,3069.38,3063.23,0.997996,-0.002004,-0.2004,0.029015,0.027478,0.676387,0.454188,0.655733,0.447544,3.32,2.988,0.332,10.0,0.0009,1.021,2.7224,0.5976,3.033,2.988,1.77,99.45,0,0.0,29175642844.0,29158219560.0,213263701.0,34184.67,35296.37,50.8,7464229.54,0,0,0,0,yfinance,yfinance,beacon_empirical_oracle,estimado,estimado_via_depeg,2.988,3.033,29829267656.0
2024-07-07,Post-Shapella,2929.39,2932.37,1.001017,0.001017,0.1017,-0.046682,-0.043659,0.655658,0.464501,0.624581,0.45443,3.1074,2.7966,0.3108,10.0019,0.0009,1.0218,2.548,0.5593,2.836,2.7966,1.85,99.45,0,0.0,29926773319.0,29908305851.0,205776372.0,35410.74,34834.73,49.59,7202173.02,0,0,0,0,yfinance,yfinance,beacon_empirical_oracle,estimado,estimado_via_depeg,2.7966,2.836,28707713574.0
2024-07-08,Post-Shapella,3018.73,3014.5,0.998599,-0.001401,-0.1401,0.030044,0.027624,0.744717,0.482052,0.708358,0.469935,3.1981,2.8783,0.3198,9.9997,0.0009,1.0227,2.6224,0.5757,2.92,2.8783,1.8103,99.45,0,0.0,28797598786.0,28780163797.0,210434821.0,34464.49,35245.23,50.56,7365218.74,0,0,0,0,yfinance,yfinance,beacon_empirical_oracle,estimado,estimado_via_depeg,2.8783,2.92,29320772502.0
2024-07-09,Post-Shapella,3064.03,3062.37,0.999458,-0.000542,-0.0542,0.014895,0.015755,0.781474,0.485715,0.749372,0.474404,3.251,2.9259,0.3251,10.0,0.0009,1.0236,2.6658,0.5852,2.969,2.9259,1.79,99.45,0,0.0,29446677384.0,29428590763.0,213861425.0,34745.16,35052.27,50.22,7485149.88,0,0,0,0,yfinance,yfinance,beacon_empirical_oracle,estimado,estimado_via_depeg,2.9259,2.969,29708773971.0
2024-07-10,Post-Shapella,3102.22,3100.17,0.999339,-0.000661,-0.0661,0.012386,0.012267,0.780816,0.489773,0.7509,0.478544,3.3395,3.0055,0.334,10.0015,0.0009,1.0245,2.7384,0.6011,3.051,3.0055,1.92,99.45,0,0.0,29788094413.0,29769779667.0,215856714.0,34609.77,34971.6,50.26,7554984.99,0,0,0,0,yfinance,yfinance,beacon_empirical_oracle,estimado,estimado_via_depeg,3.0055,3.051,30098156877.0
2024-07-11,Post-Shapella,3100.33,3100.15,0.999942,-5.8e-05,-0.0058,-0.000609,-6e-06,0.543264,0.466554,0.530613,0.455615,3.2834,2.955,0.3284,10.0018,0.0009,1.0254,2.6924,0.591,2.999,2.955,1.66,99.45,0,0.0,30165920472.0,30147739910.0,215231263.0,34697.14,34724.91,50.02,7533094.21,0,0,0,0,yfinance,yfinance,beacon_empirical_oracle,estimado,estimado_via_depeg,2.955,2.999,30083038990.0
2024-07-12,Post-Shapella,3134.16,3132.36,0.999426,-0.000574,-0.0574,0.010852,0.010338,0.497057,0.463336,0.46638,0.452434,3.3438,3.0094,0.3344,10.0006,0.0009,1.0263,2.7419,0.6019,3.055,3.0094,1.62,99.45,0,0.0,30323918209.0,30306306596.0,213944109.0,33974.01,34288.02,50.23,7488043.82,0,0,0,0,yfinance,yfinance,beacon_empirical_oracle,estimado,estimado_via_depeg,3.0094,3.055,30256851311.0
2024-07-13,Post-Shapella,3177.2,3183.32,1.001926,0.001926,0.1926,0.013639,0.016138,0.467385,0.460715,0.442854,0.450569,3.1776,2.8598,0.3178,10.0013,0.0009,1.0272,2.6056,0.572,2.901,2.8598,1.5603,99.45,0,0.0,30335958554.0,30318144550.0,217544867.0,34762.54,33708.09,49.23,7614070.35,0,0,0,0,yfinance,yfinance,beacon_empirical_oracle,estimado,estimado_via_depeg,2.8598,2.901,30746685796.0
2024-07-14,Post-Shapella,3244.08,3252.04,1.002454,0.002454,0.2454,0.020832,0.021357,0.179323,0.467725,0.166499,0.457925,3.1895,2.8705,0.319,10.0016,0.0009,1.0281,2.6154,0.5741,2.912,2.8705,1.5902,99.45,0,0.0,30775544799.0,30757461211.0,222097187.0,34902.08,33560.22,49.02,7773401.55,0,0,0,0,yfinance,yfinance,beacon_empirical_oracle,estimado,estimado_via_depeg,2.8705,2.912,31559879989.0
2024-07-15,Post-Shapella,3489.55,3492.8,1.000931,0.000931,0.0931,0.072942,0.071421,0.45699,0.529371,0.442914,0.517947,3.1938,2.8744,0.3194,10.0006,0.0009,1.0289,2.6189,0.5749,2.916,2.8744,1.6302,99.45,0,0.0,31658633094.0,31639530898.0,237883262.0,34337.32,33832.86,49.63,8325914.17,0,0,0,0,yfinance,yfinance,beacon_empirical_oracle,estimado,estimado_via_depeg,2.8744,2.916,33708952986.0
2024-07-16,Post-Shapella,3443.51,3446.14,1.000764,0.000764,0.0764,-0.013281,-0.01345,0.519763,0.527867,0.509333,0.516502,3.3567,3.021,0.3357,10.0009,0.0009,1.0298,2.7525,0.6042,3.067,3.021,1.73,99.45,0,0.0,33398502676.0,33378472214.0,234963092.0,34321.5,33912.1,49.7,8223708.22,0,0,0,0,yfinance,yfinance,beacon_empirical_oracle,estimado,estimado_via_depeg,3.021,3.067,33545418897.0
2024-07-17,Post-Shapella,3388.75,3393.94,1.001532,0.001532,0.1532,-0.01603,-0.015263,0.571931,0.520193,0.560664,0.508515,3.4365,3.0928,0.3437,10.0015,0.0009,1.0308,2.8179,0.6186,3.141,3.0928,1.84,99.45,0,0.0,33547335618.0,33526759687.0,232525446.0,34727.0,33889.88,49.39,8138390.61,0,0,0,0,yfinance,yfinance,beacon_empirical_oracle,estimado,estimado_via_depeg,3.0928,3.141,33267405570.0
2024-07-18,Post-Shapella,3426.26,3428.09,1.000534,0.000534,0.0534,0.011007,0.01001,0.561644,0.521297,0.551186,0.509344,3.6474,3.2827,0.3647,9.9989,0.001,1.0318,2.9909,0.6565,3.337,3.2827,1.7802,99.45,0,0.0,33330916037.0,33310867080.0,235014240.0,34440.07,34151.99,49.79,8225498.4,0,0,0,0,yfinance,yfinance,beacon_empirical_oracle,estimado,estimado_via_depeg,3.2827,3.337,33315420925.0
2024-07-19,Post-Shapella,3505.73,3505.32,0.999883,-0.000117,-0.0117,0.022931,0.022281,0.563927,0.522089,0.552623,0.510214,3.4397,3.0957,0.344,10.0009,0.0009,1.0327,2.8205,0.6191,3.144,3.0957,1.72,99.45,0,0.0,33412716758.0,33392492315.0,240012244.0,34197.19,34265.65,50.05,8400428.54,0,0,0,0,yfinance,yfinance,beacon_empirical_oracle,estimado,estimado_via_depeg,3.0957,3.144,34329444700.0
2024-07-20,Post-Shapella,3519.3,3520.54,1.000352,0.000352,0.0352,0.003861,0.004331,0.570803,0.520109,0.559075,0.508474,3.1614,2.8453,0.3161,9.9987,0.0009,1.0336,2.5923,0.5691,2.886,2.8453,1.57,99.45,0,0.0,34395495449.0,34373944722.0,238905284.0,34037.2,33847.12,49.86,8361684.94,0,0,0,0,yfinance,yfinance,beacon_empirical_oracle,estimado,estimado_via_depeg,2.8453,2.886,34349451980.0
2024-07-21,Post-Shapella,3536.61,3533.07,0.998999,-0.001001,-0.1001,0.004907,0.003554,0.571824,0.520364,0.560346,0.508596,3.1009,2.7908,0.3101,10.0003,0.0008,1.0344,2.5427,0.5582,2.83,2.7908,1.4902,99.45,0,0.0,34434622621.0,34412457399.0,239973118.0,33655.58,34198.41,50.4,8399059.13,0,0,0,0,yfinance,yfinance,beacon_empirical_oracle,estimado,estimado_via_depeg,2.7908,2.83,34657037998.0
2024-07-22,Post-Shapella,3440.42,3438.17,0.999346,-0.000654,-0.0654,-0.027574,-0.027228,0.335557,0.528958,0.32607,0.517218,3.4117,3.0705,0.3412,10.0009,0.0009,1.0354,2.7976,0.6141,3.118,3.0705,1.6702,99.45,0,0.0,34629528389.0,34606157040.0,234465036.0,33897.87,34252.25,50.26,8206276.26,0,0,0,0,yfinance,yfinance,beacon_empirical_oracle,estimado,estimado_via_depeg,3.0705,3.118,33863421471.0
2024-07-23,Post-Shapella,3482.0,3482.51,1.000146,0.000146,0.0146,0.012012,0.012812,0.333646,0.52484,0.326351,0.51321,3.278,2.9502,0.3278,10.0,0.0009,1.0363,2.6879,0.59,2.994,2.9502,1.68,99.45,0,0.0,33947676179.0,33924737910.0,236123202.0,33946.95,33865.57,49.94,8264312.07,0,0,0,0,yfinance,yfinance,beacon_empirical_oracle,estimado,estimado_via_depeg,2.9502,2.994,34011347816.0
2024-07-24,Post-Shapella,3336.34,3336.02,0.999904,-9.6e-05,-0.0096,-0.042731,-0.042975,0.453574,0.5417,0.450629,0.530322,3.2316,2.9084,0.3232,10.0012,0.0009,1.0372,2.6499,0.5817,2.951,2.9084,1.66,99.45,0,0.0,34166282741.0,34144225994.0,226277008.0,33883.83,33938.09,50.04,7919695.28,0,0,0,0,yfinance,yfinance,beacon_empirical_oracle,estimado,estimado_via_depeg,2.9084,2.951,32727809648.0
2024-07-25,Post-Shapella,3174.43,3170.3,0.998699,-0.001301,-0.1301,-0.049747,-0.05095,0.54806,0.566112,0.551681,0.556608,3.2791,2.9511,0.328,10.0027,0.0009,1.0381,2.6888,0.5902,2.995,2.9511,2.46,99.45,0,0.0,32851219268.0,32828445121.0,215628593.0,33610.14,34316.58,50.52,7547000.76,0,0,0,0,yfinance,yfinance,beacon_empirical_oracle,estimado,estimado_via_depeg,2.9511,2.995,31148432962.0
2024-07-26,Post-Shapella,3275.95,3277.39,1.00044,0.00044,0.044,0.031481,0.033219,0.582563,0.577754,0.595906,0.569715,3.2121,2.8909,0.3212,9.9997,0.0009,1.0389,2.634,0.5782,2.933,2.8909,1.7702,99.45,0,0.0,31189537200.0,31167676875.0,223319651.0,34207.42,33962.01,49.82,7816187.79,0,0,0,0,yfinance,yfinance,beacon_empirical_oracle,estimado,estimado_via_depeg,2.8909,2.933,32184436314.0
2024-07-27,Post-Shapella,3247.61,3249.0,1.000428,0.000428,0.0428,-0.00869,-0.008698,0.571761,0.572252,0.584691,0.563939,3.0814,2.7733,0.3081,9.9987,0.0008,1.0398,2.5268,0.5547,2.812,2.7733,1.5102,99.45,0,0.0,32248611433.0,32225357374.0,223053209.0,34457.89,34224.37,49.83,7806862.32,0,0,0,0,yfinance,yfinance,beacon_empirical_oracle,estimado,estimado_via_depeg,2.7733,2.812,32273494149.0
2024-07-28,Post-Shapella,3271.46,3271.41,0.999985,-1.5e-05,-0.0015,0.007319,0.006872,0.576214,0.568967,0.59034,0.560568,3.3093,2.9783,0.331,10.0021,0.0009,1.0407,2.7136,0.5957,3.023,2.9783,1.5902,99.45,0,0.0,32290918843.0,32267249770.0,221783794.0,33889.98,33903.54,50.01,7762432.79,0,0,0,0,yfinance,yfinance,beacon_empirical_oracle,estimado,estimado_via_depeg,2.9783,3.023,31966780834.0
2024-07-29,Post-Shapella,3320.54,3323.61,1.000925,0.000925,0.0925,0.014889,0.015832,0.58404,0.57167,0.600105,0.563643,3.0804,2.7723,0.3081,10.0019,0.0008,1.0415,2.5259,0.5545,2.811,2.7723,1.5402,99.45,0,0.0,32113582815.0,32090124560.0,226964836.0,34428.79,33922.99,49.63,7943769.26,0,0,0,0,yfinance,yfinance,beacon_empirical_oracle,estimado,estimado_via_depeg,2.7723,2.811,32731678257.0
2024-07-30,Post-Shapella,3278.67,3276.56,0.999356,-0.000644,-0.0644,-0.01269,-0.014258,0.56709,0.569339,0.583261,0.56155,3.1905,2.8715,0.319,9.9984,0.0009,1.0424,2.6162,0.5743,2.913,2.8715,1.68,99.45,0,0.0,33055789526.0,33032469934.0,222886009.0,33813.56,34167.06,50.26,7801010.32,0,0,0,0,yfinance,yfinance,beacon_empirical_oracle,estimado,estimado_via_depeg,2.8715,2.913,32188713549.0
2024-07-31,Post-Shapella,3231.3,3229.97,0.999588,-0.000412,-0.0412,-0.014554,-0.01432,0.495948,0.570957,0.513364,0.563162,3.2769,2.9492,0.3277,10.0003,0.0009,1.0433,2.6871,0.5898,2.993,2.9492,1.78,99.45,0,0.0,32360387368.0,32337589772.0,220674885.0,34037.19,34255.72,50.16,7723620.98,0,0,0,0,yfinance,yfinance,beacon_empirical_oracle,estimado,estimado_via_depeg,2.9492,2.993,31753650141.0
2024-08-01,Post-Shapella,3201.56,3201.03,0.999834,-0.000166,-0.0166,-0.009244,-0.009,0.329967,0.571254,0.344695,0.563422,3.3211,2.989,0.3321,9.9997,0.0009,1.0442,2.7233,0.5978,3.034,2.989,1.8,99.45,0,0.0,31759335121.0,31737441448.0,218157843.0,34022.85,34118.25,50.07,7635524.51,0,0,0,0,yfinance,yfinance,beacon_empirical_oracle,estimado,estimado_via_depeg,2.989,3.034,31248706790.0
2024-08-02,Post-Shapella,2986.01,2983.1,0.999025,-0.000975,-0.0975,-0.0697,-0.070511,0.519737,0.606782,0.527274,0.601262,3.2898,2.9609,0.3289,9.9976,0.0009,1.0451,2.6977,0.5922,3.005,2.9609,2.09,99.45,0,0.0,31285526869.0,31264376755.0,202486099.0,33641.33,34170.26,50.39,7087013.47,0,0,0,0,yfinance,yfinance,beacon_empirical_oracle,estimado,estimado_via_depeg,2.9609,3.005,29510514082.0
2024-08-03,Post-Shapella,2903.39,2902.11,0.999559,-0.000441,-0.0441,-0.028062,-0.027524,0.528179,0.556731,0.534449,0.55591,3.3373,3.0036,0.3337,9.9991,0.0009,1.046,2.7366,0.6007,3.049,3.0036,2.35,99.45,0,0.0,29633810158.0,29613919490.0,197753974.0,33933.1,34178.3,50.18,6921389.09,0,0,0,0,yfinance,yfinance,beacon_empirical_oracle,estimado,estimado_via_depeg,3.0036,3.049,28571203677.0
2024-08-04,Post-Shapella,2686.4,2679.64,0.997484,-0.002516,-0.2516,-0.077676,-0.079757,0.643783,0.612421,0.659174,0.61261,3.2035,2.8832,0.3203,9.9984,0.0009,1.0469,2.6269,0.5766,2.925,2.8832,2.2402,99.45,0,0.0,28671795988.0,28653554895.0,185371249.0,33804.86,35198.73,51.01,6487993.72,0,0,0,0,yfinance,yfinance,beacon_empirical_oracle,estimado,estimado_via_depeg,2.8832,2.925,26863039524.0
2024-08-05,Post-Shapella,2417.21,2425.75,1.003533,0.003533,0.3533,-0.105589,-0.099542,0.735161,0.696715,0.711488,0.687314,10.4984,9.4486,1.0498,9.9996,0.0029,1.0498,8.6087,1.8897,9.908,9.4486,14.87,99.45,0,0.0,26864536013.0,26846693061.0,166668481.0,35447.59,33503.18,48.59,5833396.84,0,0,0,0,yfinance,yfinance,beacon_empirical_oracle,estimado,estimado_via_depeg,9.4486,9.908,23855331817.0
2024-08-06,Post-Shapella,2458.72,2454.46,0.998267,-0.001733,-0.1733,0.01703,0.011767,0.839433,0.687532,0.799268,0.678023,3.902,3.5118,0.3902,10.0,0.0011,1.0509,3.1996,0.7024,3.574,3.5118,2.63,99.45,0,0.0,23928717169.0,23912371445.0,168488347.0,33790.59,34736.26,50.69,5897092.14,0,0,0,0,yfinance,yfinance,beacon_empirical_oracle,estimado,estimado_via_depeg,3.5118,3.574,24430382356.0
2024-08-07,Post-Shapella,2336.59,2334.71,0.999195,-0.000805,-0.0805,-0.05095,-0.050019,0.810006,0.692356,0.766962,0.683725,3.3082,2.9774,0.3308,9.9994,0.0009,1.0518,2.7127,0.5955,3.022,2.9774,2.24,99.45,0,0.0,24478105509.0,24460006392.0,159951295.0,34008.45,34446.56,50.32,5598295.32,0,0,0,0,yfinance,yfinance,beacon_empirical_oracle,estimado,estimado_via_depeg,2.9774,3.022,22954418642.0
2024-08-08,Post-Shapella,2683.35,2682.74,0.999773,-0.000227,-0.0227,0.138375,0.138951,1.567845,0.858896,1.549932,0.852884,3.3642,3.0278,0.3364,9.9994,0.0009,1.0527,2.7587,0.6056,3.074,3.0278,2.0702,99.45,0,0.0,23065549671.0,23050358331.0,182914917.0,34021.96,34144.66,50.09,6402022.1,0,0,0,0,yfinance,yfinance,beacon_empirical_oracle,estimado,estimado_via_depeg,3.0278,3.074,25962923466.0
2024-08-09,Post-Shapella,2599.6,2600.73,1.000435,0.000435,0.0435,-0.03171,-0.031045,1.525719,0.861802,1.505356,0.8556,3.3686,3.0317,0.3369,10.0012,0.0009,1.0536,2.7622,0.6063,3.078,3.0317,2.1002,99.45,0,0.0,25313848539.0,25297458691.0,176834161.0,34127.44,33896.16,49.83,6189195.64,0,0,0,0,yfinance,yfinance,beacon_empirical_oracle,estimado,estimado_via_depeg,3.0317,3.078,25538757180.0
2024-08-10,Post-Shapella,2610.02,2606.0,0.99846,-0.00154,-0.154,0.004002,0.002024,1.532706,0.862308,1.511,0.855804,3.1959,2.8764,0.3195,9.9972,0.0009,1.0545,2.6207,0.5753,2.918,2.8764,1.95,99.45,0,0.0,25528755542.0,25513438891.0,177555485.0,33592.42,34435.98,50.62,6214441.98,0,0,0,0,yfinance,yfinance,beacon_empirical_oracle,estimado,estimado_via_depeg,2.8764,2.918,25611210981.0
2024-08-11,Post-Shapella,2553.25,2557.01,1.001473,0.001473,0.1473,-0.021991,-0.018979,1.444892,0.861964,1.41409,0.85496,3.0144,2.713,0.3014,9.9987,0.0008,1.0553,2.4718,0.5426,2.75,2.713,1.68,99.45,0,0.0,25615018971.0,25599593019.0,175090025.0,34692.27,33883.08,49.41,6128150.88,0,0,0,0,yfinance,yfinance,beacon_empirical_oracle,estimado,estimado_via_depeg,2.713,2.75,25419838600.0
2024-08-12,Post-Shapella,2724.43,2725.31,1.000323,0.000323,0.0323,0.064892,0.063745,1.250477,0.895184,1.243103,0.886554,3.2704,2.9434,0.327,9.9988,0.0009,1.0562,2.6817,0.5887,2.987,2.9434,1.59,99.45,0,0.0,25156632780.0,25142351815.0,183552418.0,33773.97,33598.8,49.87,6424334.63,0,0,0,0,yfinance,yfinance,beacon_empirical_oracle,estimado,estimado_via_depeg,2.9434,2.987,26396528905.0
2024-08-13,Post-Shapella,2703.67,2703.01,0.999756,-0.000244,-0.0244,-0.007649,-0.008217,1.263186,0.890289,1.25617,0.8814,3.3017,2.9715,0.3302,10.0009,0.0009,1.0571,2.7074,0.5943,3.016,2.9715,1.5902,99.45,0,0.0,26343873223.0,26329570706.0,184747597.0,34097.75,34234.41,50.1,6466165.9,0,0,0,0,yfinance,yfinance,beacon_empirical_oracle,estimado,estimado_via_depeg,2.9715,3.016,26677412367.0
2024-08-14,Post-Shapella,2662.91,2665.68,1.00104,0.00104,0.104,-0.015189,-0.013908,1.175421,0.843694,1.168612,0.835945,3.2316,2.9084,0.3232,10.0012,0.0009,1.058,2.6499,0.5817,2.951,2.9084,1.63,99.45,0,0.0,26731002069.0,26716361661.0,181486474.0,34356.15,33797.29,49.59,6352026.59,0,0,0,0,yfinance,yfinance,beacon_empirical_oracle,estimado,estimado_via_depeg,2.9084,2.951,25897682010.0
2024-08-15,Post-Shapella,2570.09,2571.33,1.000482,0.000482,0.0482,-0.035481,-0.036035,0.652492,0.848647,0.638134,0.841151,3.2823,2.9541,0.3282,9.9991,0.0009,1.0589,2.6915,0.5908,2.998,2.9541,1.7,99.45,0,0.0,26208793587.0,26194516625.0,175495453.0,34271.63,34012.15,49.81,6142340.86,0,0,0,0,yfinance,yfinance,beacon_empirical_oracle,estimado,estimado_via_depeg,2.9541,2.998,25184241819.0
2024-08-16,Post-Shapella,2593.19,2592.44,0.999711,-0.000289,-0.0289,0.008947,0.008176,0.620933,0.850791,0.606792,0.843192,3.1992,2.8793,0.3199,9.9994,0.0009,1.0598,2.6233,0.5759,2.921,2.8793,1.87,99.45,0,0.0,25253278667.0,25239281117.0,176896429.0,34026.02,34189.74,50.12,6191375.02,0,0,0,0,yfinance,yfinance,beacon_empirical_oracle,estimado,estimado_via_depeg,2.8793,2.921,25556007698.0
2024-08-17,Post-Shapella,2614.55,2611.44,0.998811,-0.001189,-0.1189,0.008203,0.007304,0.623461,0.85002,0.609298,0.842477,3.0047,2.7042,0.3005,10.001,0.0008,1.0606,2.4638,0.5408,2.741,2.7042,1.62,99.45,0,0.0,25659832877.0,25645967637.0,177693568.0,33662.25,34301.1,50.47,6219274.88,0,0,0,0,yfinance,yfinance,beacon_empirical_oracle,estimado,estimado_via_depeg,2.7042,2.741,25662766301.0
2024-08-18,Post-Shapella,2613.36,2621.04,1.002939,0.002939,0.2939,-0.000455,0.003668,0.595498,0.842843,0.587258,0.836238,3.0241,2.7217,0.3024,9.9997,0.0008,1.0614,2.4798,0.5443,2.759,2.7217,1.46,99.45,0,0.0,25678331711.0,25664410204.0,180357158.0,35321.12,33692.4,48.82,6312500.53,0,0,0,0,yfinance,yfinance,beacon_empirical_oracle,estimado,estimado_via_depeg,2.7217,2.759,26064274337.0
2024-08-19,Post-Shapella,2637.31,2628.58,0.99669,-0.00331,-0.331,0.009122,0.002874,0.314703,0.844114,0.303563,0.835946,3.0447,2.7402,0.3045,10.001,0.0008,1.0623,2.4966,0.548,2.778,2.7402,1.57,99.45,0,0.0,26096339670.0,26082092041.0,178388770.0,32927.36,34713.07,51.32,6243606.95,0,0,0,0,yfinance,yfinance,beacon_empirical_oracle,estimado,estimado_via_depeg,2.7402,2.778,25744523870.0
2024-08-20,Post-Shapella,2573.11,2584.79,1.004539,0.004539,0.4539,-0.024644,-0.0168,0.346863,0.844008,0.31493,0.834887,3.1398,2.8258,0.314,10.0006,0.0009,1.0631,2.5746,0.5652,2.866,2.8258,1.6602,99.45,0,0.0,25771239215.0,25757164861.0,176252322.0,35495.55,33002.23,48.18,6168831.27,0,0,0,0,yfinance,yfinance,beacon_empirical_oracle,estimado,estimado_via_depeg,2.8258,2.866,25377600560.0
2024-08-21,Post-Shapella,2631.4,2629.52,0.999286,-0.000714,-0.0714,0.0224,0.017156,0.396057,0.849344,0.347966,0.837987,3.0458,2.7412,0.3046,10.0007,0.0008,1.064,2.4975,0.5482,2.779,2.7412,2.04,99.45,0,0.0,25483913610.0,25469897092.0,179350193.0,33881.2,34276.51,50.29,6277256.76,0,0,0,0,yfinance,yfinance,beacon_empirical_oracle,estimado,estimado_via_depeg,2.7412,2.779,25879206560.0
2024-08-22,Post-Shapella,2622.95,2622.92,0.999989,-1.1e-05,-0.0011,-0.003214,-0.002514,0.280241,0.846272,0.201651,0.834679,3.2294,2.9065,0.3229,9.9988,0.0009,1.0648,2.6481,0.5813,2.949,2.9065,1.65,99.45,0,0.0,26011559234.0,25997527309.0,178557530.0,34030.73,34044.35,50.01,6249513.55,0,0,0,0,yfinance,yfinance,beacon_empirical_oracle,estimado,estimado_via_depeg,2.9065,2.949,25747953553.0
2024-08-23,Post-Shapella,2764.45,2763.93,0.999812,-0.000188,-0.0188,0.05254,0.052368,0.457879,0.864163,0.413757,0.852539,3.0079,2.7071,0.3008,10.0003,0.0008,1.0657,2.4665,0.5414,2.744,2.7071,1.74,99.45,0,0.0,25836294001.0,25822271967.0,188863215.0,34111.45,34207.1,50.07,6610212.52,0,0,0,0,yfinance,yfinance,beacon_empirical_oracle,estimado,estimado_via_depeg,2.7071,2.744,27343519292.0
2024-08-24,Post-Shapella,2769.39,2770.49,1.000397,0.000397,0.0397,0.001786,0.002371,0.461009,0.85011,0.41662,0.837523,3.0955,2.7859,0.3096,10.0016,0.0008,1.0665,2.5383,0.5572,2.825,2.7859,1.77,99.45,0,0.0,27419587357.0,27404634608.0,187403187.0,33943.01,33726.47,49.84,6559111.55,0,0,0,0,yfinance,yfinance,beacon_empirical_oracle,estimado,estimado_via_depeg,2.7859,2.825,26912370857.0
2024-08-25,Post-Shapella,2749.16,2747.89,0.999538,-0.000462,-0.0462,-0.007332,-0.008194,0.471438,0.840126,0.433364,0.826437,2.9766,2.6789,0.2977,10.0013,0.0008,1.0673,2.4408,0.5358,2.715,2.6789,1.81,99.45,0,0.0,27028886242.0,27013482442.0,188458875.0,34145.47,34405.97,50.19,6596060.63,0,0,0,0,yfinance,yfinance,beacon_empirical_oracle,estimado,estimado_via_depeg,2.6789,2.715,27231964611.0
2024-08-26,Post-Shapella,2681.34,2681.52,1.000067,6.7e-05,0.0067,-0.024978,-0.02445,0.524465,0.842738,0.489514,0.828937,2.9939,2.6945,0.2994,10.0003,0.0008,1.0681,2.455,0.5389,2.731,2.6945,1.5202,99.45,0,0.0,27273823637.0,27258186688.0,182989390.0,34143.22,34102.28,49.97,6404628.65,0,0,0,0,yfinance,yfinance,beacon_empirical_oracle,estimado,estimado_via_depeg,2.6945,2.731,26268489415.0
2024-08-27,Post-Shapella,2458.73,2458.49,0.999902,-9.8e-05,-0.0098,-0.086673,-0.086836,0.824335,0.886152,0.81413,0.87331,3.0523,2.747,0.3053,10.0023,0.0008,1.069,2.5028,0.5494,2.785,2.747,1.9602,99.45,0,0.0,26423834824.0,26408536193.0,167419619.0,34018.72,34073.19,50.04,5859686.67,0,0,0,0,yfinance,yfinance,beacon_empirical_oracle,estimado,estimado_via_depeg,2.747,2.785,23919155785.0
2024-08-28,Post-Shapella,2528.42,2529.87,1.000573,0.000573,0.0573,0.027949,0.028621,0.837044,0.891833,0.838794,0.879103,3.4246,3.0821,0.3425,10.0012,0.0009,1.0699,2.8082,0.6164,3.13,3.0821,2.08,99.45,0,0.0,23986438395.0,23972260695.0,171970107.0,34163.86,33850.99,49.77,6018953.74,0,0,0,0,yfinance,yfinance,beacon_empirical_oracle,estimado,estimado_via_depeg,3.0821,3.13,24701735332.0
2024-08-29,Post-Shapella,2528.79,2527.11,0.999336,-0.000664,-0.0664,0.000149,-0.001089,0.838004,0.892304,0.839168,0.87933,3.0393,2.7354,0.3039,9.999,0.0008,1.0708,2.4922,0.5471,2.773,2.7354,1.51,99.45,0,0.0,24817962962.0,24804019786.0,172020031.0,33828.65,34195.99,50.27,6020701.09,0,0,0,0,yfinance,yfinance,beacon_empirical_oracle,estimado,estimado_via_depeg,2.7354,2.773,24748840465.0
2024-08-30,Post-Shapella,2525.82,2525.12,0.999723,-0.000277,-0.0277,-0.001175,-0.000791,0.689346,0.892411,0.69172,0.879499,3.1549,2.8394,0.3155,10.0003,0.0009,1.0716,2.587,0.5679,2.88,2.8394,1.5502,99.45,0,0.0,24794890429.0,24781443594.0,171890123.0,33951.74,34101.46,50.11,6016154.31,0,0,0,0,yfinance,yfinance,beacon_empirical_oracle,estimado,estimado_via_depeg,2.8394,2.88,24711796261.0
2024-08-31,Post-Shapella,2513.39,2512.82,0.999773,-0.000227,-0.0227,-0.004933,-0.004883,0.682312,0.892475,0.683911,0.87957,2.9419,2.6477,0.2942,10.0003,0.0008,1.0724,2.4124,0.5295,2.683,2.6477,1.53,99.45,0,0.0,24809519821.0,24796210661.0,171293863.0,34014.92,34137.6,50.09,5995285.21,0,0,0,0,yfinance,yfinance,beacon_empirical_oracle,estimado,estimado_via_depeg,2.6477,2.683,24648430075.0
2024-09-01,Post-Shapella,2427.9,2426.72,0.999514,-0.000486,-0.0486,-0.034606,-0.034864,0.694758,0.870085,0.69725,0.856197,2.9322,2.639,0.2932,9.9993,0.0008,1.0732,2.4044,0.5278,2.674,2.639,1.39,99.45,0,0.0,24738657426.0,24725545006.0,165432796.0,33939.65,34198.58,50.19,5790147.86,0,0,0,0,yfinance,yfinance,beacon_empirical_oracle,estimado,estimado_via_depeg,2.639,2.674,23767039406.0
2024-09-02,Post-Shapella,2538.19,2537.61,0.999771,-0.000229,-0.0229,0.044422,0.044682,0.820256,0.884508,0.824047,0.871197,3.0155,2.7139,0.3016,10.0017,0.0008,1.0741,2.4727,0.5428,2.751,2.7139,1.43,99.45,0,0.0,23796670701.0,23784003195.0,173002712.0,34018.59,34141.28,50.09,6055094.92,0,0,0,0,yfinance,yfinance,beacon_empirical_oracle,estimado,estimado_via_depeg,2.7139,2.751,24914851835.0
2024-09-03,Post-Shapella,2420.6,2422.9,1.00095,0.00095,0.095,-0.047433,-0.046259,0.613786,0.85893,0.612465,0.842114,3.2542,2.9288,0.3254,9.9994,0.0009,1.0749,2.6685,0.5858,2.972,2.9288,1.63,99.45,0,0.0,25031175169.0,25018179145.0,164543986.0,34246.58,33729.95,49.62,5759039.51,0,0,0,0,yfinance,yfinance,beacon_empirical_oracle,estimado,estimado_via_depeg,2.9288,2.972,24087711312.0
2024-09-04,Post-Shapella,2448.98,2447.94,0.999575,-0.000425,-0.0425,0.011653,0.010285,0.5751,0.776935,0.569337,0.768113,3.183,2.8647,0.3183,10.0,0.0009,1.0758,2.61,0.5729,2.906,2.8647,2.01,99.45,0,0.0,24157217263.0,24144683952.0,164891145.0,33550.81,33779.73,50.17,5771190.08,0,0,0,0,yfinance,yfinance,beacon_empirical_oracle,estimado,estimado_via_depeg,2.8647,2.906,24164509872.0
2024-09-05,Post-Shapella,2367.74,2367.52,0.999907,-9.3e-05,-0.0093,-0.033736,-0.033406,0.609256,0.783439,0.603651,0.775751,3.3049,2.9744,0.3305,10.0003,0.0009,1.0767,2.7101,0.5949,3.019,2.9744,1.9302,99.45,0,0.0,24266617812.0,24253647389.0,158732711.0,33493.06,33546.69,50.04,5555644.89,0,0,0,0,yfinance,yfinance,beacon_empirical_oracle,estimado,estimado_via_depeg,2.9744,3.019,23290537236.0
2024-09-06,Post-Shapella,2223.88,2220.78,0.998606,-0.001394,-0.1394,-0.062683,-0.063985,0.711972,0.793806,0.712078,0.788242,3.2283,2.9055,0.3228,9.9991,0.0009,1.0776,2.6472,0.5811,2.948,2.9055,1.8602,99.45,0,0.0,23335281529.0,23322781133.0,148768910.0,33073.43,33822.67,50.56,5206911.85,0,0,0,0,yfinance,yfinance,beacon_empirical_oracle,estimado,estimado_via_depeg,2.9055,2.948,21680185840.0
2024-09-07,Post-Shapella,2274.11,2270.2,0.998281,-0.001719,-0.1719,0.022336,0.022013,0.767887,0.620443,0.767354,0.611368,4.2972,3.8675,0.4297,9.9995,0.0012,1.0788,3.5237,0.7735,3.943,3.8675,2.39,99.45,0,0.0,21792695355.0,21780685610.0,151985934.0,32955.43,33877.72,50.69,5319507.69,0,0,0,0,yfinance,yfinance,beacon_empirical_oracle,estimado,estimado_via_depeg,3.8675,3.943,22250182735.0
2024-09-08,Post-Shapella,2297.29,2294.93,0.998973,-0.001027,-0.1027,0.010144,0.010833,0.763852,0.615358,0.764543,0.606835,3.0198,2.7178,0.302,10.0007,0.0008,1.0796,2.4762,0.5436,2.755,2.7178,2.31,99.45,0,0.0,22282659954.0,22270456899.0,154302250.0,33308.15,33858.92,50.41,5400578.75,0,0,0,0,yfinance,yfinance,beacon_empirical_oracle,estimado,estimado_via_depeg,2.7178,2.755,22631599038.0
2024-09-09,Post-Shapella,2358.48,2358.85,1.000157,0.000157,0.0157,0.026287,0.027473,0.696542,0.62391,0.699796,0.616519,3.1808,2.8627,0.3181,10.0006,0.0009,1.0805,2.6083,0.5725,2.904,2.8627,2.09,99.45,0,0.0,22780109140.0,22767513839.0,158089091.0,33555.26,33474.82,49.94,5533118.18,0,0,0,0,yfinance,yfinance,beacon_empirical_oracle,estimado,estimado_via_depeg,2.8627,2.904,23115283807.0
2024-09-10,Post-Shapella,2389.58,2382.65,0.9971,-0.0029,-0.29,0.0131,0.010037,0.635733,0.622739,0.640001,0.615551,3.3082,2.9774,0.3308,9.9994,0.0009,1.0814,2.7127,0.5955,3.022,2.9774,1.7402,99.45,0,0.0,23232076486.0,23219104263.0,159969154.0,32695.68,34248.79,51.16,5598920.39,0,0,0,0,yfinance,yfinance,beacon_empirical_oracle,estimado,estimado_via_depeg,2.9774,3.022,23344514453.0
2024-09-11,Post-Shapella,2339.84,2341.53,1.000722,0.000722,0.0722,-0.021035,-0.01741,0.637336,0.576627,0.637869,0.569213,3.3028,2.9725,0.3303,10.0006,0.0009,1.0823,2.7083,0.5945,3.017,2.9725,1.66,99.45,0,0.0,23382501236.0,23369450565.0,157111699.0,33767.9,33378.45,49.71,5498909.47,0,0,0,0,yfinance,yfinance,beacon_empirical_oracle,estimado,estimado_via_depeg,2.9725,3.017,22861589904.0
2024-09-12,Post-Shapella,2361.78,2360.17,0.999318,-0.000682,-0.0682,0.009333,0.007932,0.600223,0.578711,0.599916,0.57087,3.1722,2.855,0.3172,9.9994,0.0009,1.0832,2.6012,0.571,2.896,2.855,1.7102,99.45,0,0.0,22987148148.0,22974422769.0,158567745.0,33388.27,33750.82,50.27,5549871.08,0,0,0,0,yfinance,yfinance,beacon_empirical_oracle,estimado,estimado_via_depeg,2.855,2.896,22957976116.0
2024-09-13,Post-Shapella,2441.61,2442.92,1.000537,0.000537,0.0537,0.03324,0.03446,0.335701,0.591962,0.322761,0.585599,3.1495,2.8346,0.3149,9.9984,0.0009,1.084,2.5826,0.5669,2.875,2.8346,1.75,99.45,0,0.0,23012754762.0,22999740209.0,164511414.0,33837.36,33540.89,49.78,5757899.49,0,0,0,0,yfinance,yfinance,beacon_empirical_oracle,estimado,estimado_via_depeg,2.8346,2.875,23937247640.0
2024-09-14,Post-Shapella,2418.6,2417.15,0.9994,-0.0006,-0.06,-0.009469,-0.010605,0.361448,0.580786,0.355448,0.574099,3.1322,2.819,0.3132,9.9994,0.0009,1.0849,2.5684,0.5638,2.859,2.819,1.6,99.45,0,0.0,23983464337.0,23970133850.0,162178407.0,33366.4,33688.26,50.24,5676244.24,0,0,0,0,yfinance,yfinance,beacon_empirical_oracle,estimado,estimado_via_depeg,2.819,2.859,23615098451.0
2024-09-15,Post-Shapella,2320.9,2319.17,0.999255,-0.000745,-0.0745,-0.041233,-0.041378,0.509785,0.595053,0.506542,0.588809,3.0804,2.7723,0.3081,10.0019,0.0008,1.0857,2.5259,0.5545,2.811,2.7723,1.53,99.45,0,0.0,23650990812.0,23637919744.0,157395201.0,33704.78,34111.67,50.3,5508832.04,0,0,0,0,yfinance,yfinance,beacon_empirical_oracle,estimado,estimado_via_depeg,2.7723,2.811,22939025457.0
2024-09-16,Post-Shapella,2295.28,2291.13,0.998192,-0.001808,-0.1808,-0.011097,-0.012167,0.468864,0.594002,0.4618,0.58814,3.4515,3.1064,0.3451,9.9986,0.0009,1.0867,2.8303,0.6213,3.155,3.1064,1.6102,99.45,0,0.0,22973435505.0,22960830183.0,153325255.0,32919.16,33881.08,50.72,5366383.93,0,0,0,0,yfinance,yfinance,beacon_empirical_oracle,estimado,estimado_via_depeg,3.1064,3.155,22286481674.0
2024-09-17,Post-Shapella,2341.71,2336.42,0.997741,-0.002259,-0.2259,0.020024,0.019577,0.486454,0.599954,0.484236,0.593468,3.2186,2.8968,0.3218,9.9981,0.0009,1.0876,2.6393,0.5794,2.939,2.8968,1.75,99.45,0,0.0,22394237084.0,22381764515.0,157094388.0,32938.9,34146.43,50.9,5498303.58,0,0,0,0,yfinance,yfinance,beacon_empirical_oracle,estimado,estimado_via_depeg,2.8968,2.939,22830699435.0
2024-09-18,Post-Shapella,2369.73,2360.91,0.996278,-0.003722,-0.3722,0.011895,0.010427,0.469562,0.600775,0.474767,0.595124,3.4063,3.0657,0.3406,9.9991,0.0009,1.0885,2.7932,0.6131,3.113,3.0657,1.9602,99.45,0,0.0,22966378279.0,22953792108.0,156870069.0,32112.38,34085.06,51.49,5490452.42,0,0,0,0,yfinance,yfinance,beacon_empirical_oracle,estimado,estimado_via_depeg,3.0657,3.113,22815692912.0
2024-09-19,Post-Shapella,2464.75,2464.1,0.999736,-0.000264,-0.0264,0.039316,0.042776,0.542949,0.613813,0.563334,0.614435,3.5657,3.2091,0.3566,10.0008,0.001,1.0895,2.9238,0.6418,3.261,3.2091,1.89,99.45,0,0.0,22977005056.0,22964429739.0,165729980.0,33546.07,33694.0,50.11,5800549.3,0,0,0,0,yfinance,yfinance,beacon_empirical_oracle,estimado,estimado_via_depeg,3.2091,3.261,24005713552.0
2024-09-20,Post-Shapella,2561.07,2556.1,0.998059,-0.001941,-0.1941,0.038335,0.036657,0.559439,0.624032,0.57023,0.625589,3.584,3.2256,0.3584,10.0,0.001,1.0904,2.9388,0.6451,3.278,3.2256,1.9502,99.45,0,0.0,24024139607.0,24010685583.0,171194971.0,32901.16,33943.94,50.78,5991823.98,0,0,0,0,yfinance,yfinance,beacon_empirical_oracle,estimado,estimado_via_depeg,3.2256,3.278,24874676396.0
2024-09-21,Post-Shapella,2615.86,2617.14,1.000489,0.000489,0.0489,0.021166,0.023602,0.548797,0.628672,0.561349,0.631369,3.6098,3.2488,0.361,10.0006,0.001,1.0914,2.96,0.6498,3.302,3.2488,1.7502,99.45,0,0.0,24885407032.0,24871381387.0,172332480.0,33071.69,32808.17,49.8,6031636.8,0,0,0,0,yfinance,yfinance,beacon_empirical_oracle,estimado,estimado_via_depeg,3.2488,3.302,25005163960.0
2024-09-22,Post-Shapella,2582.86,2580.93,0.999253,-0.000747,-0.0747,-0.012694,-0.013932,0.401971,0.600482,0.422256,0.603811,3.4709,3.1238,0.3471,10.0003,0.001,1.0924,2.8462,0.6248,3.173,3.1238,1.76,99.45,0,0.0,25039488709.0,25025398644.0,173264212.0,33339.91,33742.4,50.3,6064247.42,0,0,0,0,yfinance,yfinance,beacon_empirical_oracle,estimado,estimado_via_depeg,3.1238,3.173,25130250992.0
2024-09-23,Post-Shapella,2648.55,2648.27,0.999894,-0.000106,-0.0106,0.025113,0.025755,0.337271,0.607929,0.355899,0.611539,3.4892,3.1403,0.3489,9.9994,0.001,1.0933,2.8612,0.6281,3.19,3.1403,1.75,99.45,0,0.0,24806398390.0,24792867937.0,177458992.0,33474.36,33527.96,50.04,6211064.72,0,0,0,0,yfinance,yfinance,beacon_empirical_oracle,estimado,estimado_via_depeg,3.1403,3.19,25844049999.0
2024-09-24,Post-Shapella,2654.35,2656.96,1.000983,0.000983,0.0983,0.002191,0.003275,0.362298,0.607684,0.377806,0.611269,3.5097,3.1587,0.351,10.0009,0.001,1.0943,2.8779,0.6317,3.209,3.1587,1.72,99.45,0,0.0,25931134151.0,25917397836.0,177923393.0,33776.86,33254.02,49.61,6227318.76,0,0,0,0,yfinance,yfinance,beacon_empirical_oracle,estimado,estimado_via_depeg,3.1587,3.209,25992362970.0
2024-09-25,Post-Shapella,2579.39,2577.82,0.999391,-0.000609,-0.0609,-0.028649,-0.03024,0.4966,0.609627,0.517928,0.614376,3.4688,3.1219,0.3469,10.0006,0.001,1.0953,2.8444,0.6244,3.171,3.1219,1.77,99.45,0,0.0,26059716938.0,26045367579.0,172341674.0,33247.09,33567.8,50.24,6031958.59,0,0,0,0,yfinance,yfinance,beacon_empirical_oracle,estimado,estimado_via_depeg,3.1219,3.171,25223942683.0
2024-09-26,Post-Shapella,2632.2,2632.22,1.000008,8e-06,0.0008,0.020268,0.020884,0.449981,0.530042,0.461245,0.535479,3.4181,3.0763,0.3418,9.9997,0.0009,1.0962,2.8029,0.6153,3.124,3.0763,1.73,99.45,0,0.0,25272383218.0,25258239362.0,176662861.0,33558.02,33558.02,50.0,6183200.14,0,0,0,0,yfinance,yfinance,beacon_empirical_oracle,estimado,estimado_via_depeg,3.0763,3.124,25882496914.0
2024-09-27,Post-Shapella,2695.9,2695.8,0.999963,-3.7e-05,-0.0037,0.023912,0.02387,0.403161,0.527762,0.422982,0.532787,3.5355,3.182,0.3535,9.9986,0.001,1.0972,2.8991,0.6364,3.233,3.182,1.74,99.45,0,0.0,26028702714.0,26013879974.0,181458505.0,33647.8,33661.26,50.01,6351047.68,0,0,0,0,yfinance,yfinance,beacon_empirical_oracle,estimado,estimado_via_depeg,3.182,3.233,26516820363.0
2024-09-28,Post-Shapella,2677.54,2672.63,0.998166,-0.001834,-0.1834,-0.006834,-0.008633,0.395326,0.528655,0.412729,0.534007,3.2499,2.9249,0.325,10.0003,0.0009,1.0981,2.6649,0.585,2.968,2.9249,1.82,99.45,0,0.0,26491533877.0,26477465460.0,179371227.0,33006.49,33984.56,50.73,6277992.94,0,0,0,0,yfinance,yfinance,beacon_empirical_oracle,estimado,estimado_via_depeg,2.9249,2.968,26222189293.0
2024-09-29,Post-Shapella,2659.35,2656.69,0.999,-0.001,-0.1,-0.006818,-0.005984,0.382921,0.529435,0.39657,0.534639,3.1517,2.8365,0.3152,10.001,0.0009,1.0989,2.5844,0.5673,2.877,2.8365,1.77,99.45,0,0.0,26225790628.0,26211845383.0,177856853.0,33172.39,33707.43,50.4,6224989.86,0,0,0,0,yfinance,yfinance,beacon_empirical_oracle,estimado,estimado_via_depeg,2.8365,2.877,25985543935.0
2024-09-30,Post-Shapella,2603.06,2602.73,0.999873,-0.000127,-0.0127,-0.021392,-0.020519,0.37536,0.535119,0.383648,0.539816,3.2402,2.9162,0.324,9.9994,0.0009,1.0998,2.657,0.5832,2.959,2.9162,1.63,99.45,0,0.0,26122497002.0,26108254734.0,174504375.0,33485.57,33552.6,50.05,6107653.13,0,0,0,0,yfinance,yfinance,beacon_empirical_oracle,estimado,estimado_via_depeg,2.9162,2.959,25560791739.0
2024-10-01,Post-Shapella,2448.92,2449.16,1.000098,9.8e-05,0.0098,-0.061041,-0.060814,0.559897,0.5645,0.56258,0.568449,3.3114,2.9803,0.3311,9.9988,0.0009,1.1007,2.7154,0.5961,3.025,2.9803,1.7102,99.45,0,0.0,25647883490.0,25634051973.0,164396686.0,33591.99,33538.29,49.96,5753884.01,0,0,0,0,yfinance,yfinance,beacon_empirical_oracle,estimado,estimado_via_depeg,2.9803,3.025,24082372334.0
2024-10-02,Post-Shapella,2365.23,2366.61,1.000583,0.000583,0.0583,-0.034772,-0.034288,0.572894,0.554059,0.571415,0.557492,3.3524,3.0172,0.3352,9.9988,0.0009,1.1016,2.749,0.6034,3.063,3.0172,2.0602,99.45,0,0.0,24283825320.0,24270873562.0,159005193.0,33767.67,33458.43,49.77,5565181.76,0,0,0,0,yfinance,yfinance,beacon_empirical_oracle,estimado,estimado_via_depeg,3.0172,3.063,23357199334.0
2024-10-03,Post-Shapella,2349.79,2348.48,0.999443,-0.000557,-0.0557,-0.006549,-0.007688,0.509096,0.530022,0.504016,0.535016,3.3071,2.9764,0.3307,9.9997,0.0009,1.1025,2.7118,0.5953,3.021,2.9764,1.91,99.45,0,0.0,23274742851.0,23262335979.0,156799979.0,33217.87,33511.48,50.22,5487999.26,0,0,0,0,yfinance,yfinance,beacon_empirical_oracle,estimado,estimado_via_depeg,2.9764,3.021,23014324628.0
2024-10-04,Post-Shapella,2414.79,2414.41,0.999843,-0.000157,-0.0157,0.027287,0.027686,0.525595,0.537469,0.522911,0.543035,3.2294,2.9065,0.3229,9.9988,0.0009,1.1034,2.6481,0.5813,2.949,2.9065,1.83,99.45,0,0.0,23058641619.0,23046489004.0,161317403.0,33361.87,33442.04,50.06,5646109.1,0,0,0,0,yfinance,yfinance,beacon_empirical_oracle,estimado,estimado_via_depeg,2.9065,2.949,23745044916.0
2024-10-05,Post-Shapella,2415.63,2414.23,0.99942,-0.00058,-0.058,0.000347,-7.4e-05,0.535455,0.523894,0.533542,0.529869,3.1571,2.8414,0.3157,9.9997,0.0009,1.1043,2.5888,0.5683,2.882,2.8414,1.5102,99.45,0,0.0,23804764998.0,23792072813.0,161051381.0,33181.93,33488.62,50.23,5636798.34,0,0,0,0,yfinance,yfinance,beacon_empirical_oracle,estimado,estimado_via_depeg,2.8414,2.882,23630402140.0
2024-10-06,Post-Shapella,2439.96,2437.52,0.999,-0.001,-0.1,0.01002,0.009599,0.563607,0.472055,0.559931,0.476354,3.2585,2.9327,0.3258,9.9985,0.0009,1.1052,2.672,0.5865,2.976,2.9327,1.51,99.45,0,0.0,23715639000.0,23702996817.0,161895162.0,32910.38,33441.19,50.4,5666330.67,0,0,0,0,yfinance,yfinance,beacon_empirical_oracle,estimado,estimado_via_depeg,2.9327,2.976,23787873333.0
2024-10-07,Post-Shapella,2421.8,2424.61,1.00116,0.00116,0.116,-0.007471,-0.005308,0.558891,0.468194,0.557114,0.472219,3.3395,3.0055,0.334,10.0015,0.0009,1.1061,2.7384,0.6011,3.051,3.0055,1.5502,99.45,0,0.0,23897295453.0,23884412475.0,162683739.0,33903.08,33271.64,49.53,5693930.86,0,0,0,0,yfinance,yfinance,beacon_empirical_oracle,estimado,estimado_via_depeg,3.0055,3.051,23644264006.0
2024-10-08,Post-Shapella,2439.84,2443.5,1.0015,0.0015,0.15,0.007423,0.007758,0.366333,0.467702,0.364252,0.471632,3.67,3.303,0.367,10.0,0.001,1.1071,3.0094,0.6606,3.358,3.303,1.79,99.45,0,0.0,23956659285.0,23943695024.0,162824193.0,33768.21,32967.39,49.4,5698846.76,0,0,0,0,yfinance,yfinance,beacon_empirical_oracle,estimado,estimado_via_depeg,3.303,3.358,23840952331.0
2024-10-09,Post-Shapella,2368.28,2366.69,0.999329,-0.000671,-0.0671,-0.029767,-0.031937,0.338613,0.471926,0.351073,0.476887,3.7485,3.3736,0.3749,10.0013,0.001,1.1081,3.0737,0.6747,3.431,3.3736,2.1,99.45,0,0.0,23890849699.0,23878124615.0,157937421.0,33164.27,33524.39,50.27,5527809.74,0,0,0,0,yfinance,yfinance,beacon_empirical_oracle,estimado,estimado_via_depeg,3.3736,3.431,23043001012.0
2024-10-10,Post-Shapella,2383.86,2378.94,0.997936,-0.002064,-0.2064,0.006555,0.005162,0.335971,0.470212,0.34617,0.475912,3.4451,3.1006,0.3445,9.9997,0.0009,1.1091,2.825,0.6201,3.149,3.1006,1.8402,99.45,0,0.0,23130595568.0,23118238927.0,158449727.0,32688.82,33778.89,50.82,5545740.44,0,0,0,0,yfinance,yfinance,beacon_empirical_oracle,estimado,estimado_via_depeg,3.1006,3.149,23094808364.0
2024-10-11,Post-Shapella,2436.51,2435.91,0.999754,-0.000246,-0.0246,0.021848,0.023664,0.312604,0.46995,0.328682,0.478614,3.4871,3.1384,0.3487,9.9997,0.001,1.11,2.8594,0.6277,3.188,3.1384,1.7402,99.45,0,0.0,23172178694.0,23159927310.0,162691732.0,33319.45,33453.0,50.1,5694210.62,0,0,0,0,yfinance,yfinance,beacon_empirical_oracle,estimado,estimado_via_depeg,3.1384,3.188,23816397990.0
2024-10-12,Post-Shapella,2476.52,2476.46,0.999976,-2.4e-05,-0.0024,0.016288,0.01651,0.330398,0.472059,0.34593,0.481035,3.3513,3.0162,0.3351,9.9991,0.0009,1.1109,2.7481,0.6032,3.062,3.0162,1.7002,99.45,0,0.0,23864849038.0,23851920273.0,165494015.0,33405.93,33419.3,50.01,5792290.52,0,0,0,0,yfinance,yfinance,beacon_empirical_oracle,estimado,estimado_via_depeg,3.0162,3.062,24129105261.0
2024-10-13,Post-Shapella,2467.68,2465.36,0.99906,-0.00094,-0.094,-0.003578,-0.00449,0.328803,0.458247,0.346114,0.466516,3.3761,3.0385,0.3376,9.9997,0.0009,1.1119,2.7684,0.6077,3.085,3.0385,1.87,99.45,0,0.0,24175295704.0,24162287432.0,164345989.0,33053.28,33546.11,50.37,5752109.62,0,0,0,0,yfinance,yfinance,beacon_empirical_oracle,estimado,estimado_via_depeg,3.0385,3.085,24066158590.0
2024-10-14,Post-Shapella,2628.9,2628.4,0.99981,-0.00019,-0.019,0.063288,0.064036,0.539419,0.506365,0.558621,0.514707,3.4817,3.1335,0.3482,10.0009,0.001,1.1128,2.855,0.6267,3.183,3.1335,1.93,99.45,0,0.0,24092024196.0,24078961303.0,175716555.0,33366.69,33473.64,50.08,6150079.43,0,0,0,0,yfinance,yfinance,beacon_empirical_oracle,estimado,estimado_via_depeg,3.1335,3.183,25707294338.0
2024-10-15,Post-Shapella,2606.02,2602.86,0.998787,-0.001213,-0.1213,-0.008741,-0.009764,0.559509,0.482962,0.579747,0.491866,3.3707,3.0336,0.3371,10.0009,0.0009,1.1137,2.764,0.6067,3.08,3.0336,2.0101,99.45,0,0.0,25625912286.0,25612101786.0,172947636.0,32863.78,33500.88,50.48,6053167.26,0,0,0,0,yfinance,yfinance,beacon_empirical_oracle,estimado,estimado_via_depeg,3.0336,3.08,25389227061.0
2024-10-16,Post-Shapella,2611.1,2610.06,0.999602,-0.000398,-0.0398,0.001947,0.00276,0.46294,0.480011,0.475351,0.488494,3.3039,2.9735,0.3304,10.0003,0.0009,1.1146,2.7092,0.5947,3.018,2.9735,1.6401,99.45,0,0.0,25339074029.0,25325453883.0,174601756.0,33327.53,33541.51,50.16,6111061.46,0,0,0,0,yfinance,yfinance,beacon_empirical_oracle,estimado,estimado_via_depeg,2.9735,3.018,25637911080.0
2024-10-17,Post-Shapella,2604.27,2601.4,0.998898,-0.001102,-0.1102,-0.002619,-0.003321,0.476391,0.477163,0.488686,0.486031,3.2596,2.9337,0.3259,9.9982,0.0009,1.1155,2.6729,0.5867,2.977,2.9337,1.65,99.45,0,0.0,25630602256.0,25616922426.0,169666881.0,32288.09,32861.41,50.44,5938340.84,0,0,0,0,yfinance,yfinance,beacon_empirical_oracle,estimado,estimado_via_depeg,2.9337,2.977,25414333486.0
2024-10-18,Post-Shapella,2641.55,2640.74,0.999693,-0.000307,-0.0307,0.014213,0.015009,0.470562,0.477741,0.480884,0.487104,3.2575,2.9317,0.3258,10.0015,0.0009,1.1164,2.6711,0.5863,2.975,2.9317,1.64,99.45,0,0.0,25460127241.0,25446791490.0,171132811.0,32314.76,32470.24,50.12,5989648.39,0,0,0,0,yfinance,yfinance,beacon_empirical_oracle,estimado,estimado_via_depeg,2.9317,2.975,25758078603.0
2024-10-19,Post-Shapella,2648.66,2649.08,1.000159,0.000159,0.0159,0.002686,0.003151,0.472465,0.460052,0.482149,0.466295,3.17,2.853,0.317,10.0,0.0009,1.1173,2.5994,0.5706,2.894,2.853,1.62,99.45,0,0.0,25830888848.0,25817246516.0,172028649.0,32513.63,32435.69,49.94,6021002.72,0,0,0,0,yfinance,yfinance,beacon_empirical_oracle,estimado,estimado_via_depeg,2.853,2.894,25788468831.0
2024-10-20,Post-Shapella,2746.36,2743.87,0.999093,-0.000907,-0.0907,0.036225,0.035159,0.491951,0.458032,0.496331,0.464937,3.1041,2.7937,0.3104,9.9997,0.0009,1.1182,2.5454,0.5587,2.833,2.7937,1.6401,99.45,0,0.0,25837402801.0,25823480758.0,178708703.0,32301.3,32769.81,50.36,6254804.6,0,0,0,0,yfinance,yfinance,beacon_empirical_oracle,estimado,estimado_via_depeg,2.7937,2.833,26623435589.0
2024-10-21,Post-Shapella,2665.71,2666.29,1.000218,0.000218,0.0218,-0.029807,-0.028683,0.38758,0.466084,0.380406,0.47061,3.1063,2.7957,0.3106,9.999,0.0009,1.119,2.5472,0.5591,2.835,2.7957,1.63,99.45,0,0.0,26721674456.0,26707226368.0,173966793.0,32689.21,32571.75,49.91,6088837.76,0,0,0,0,yfinance,yfinance,beacon_empirical_oracle,estimado,estimado_via_depeg,2.7957,2.835,26137349445.0
2024-10-22,Post-Shapella,2620.2,2618.42,0.999321,-0.000679,-0.0679,-0.017222,-0.018114,0.406248,0.467977,0.400424,0.472459,3.2564,2.9308,0.3256,9.9988,0.0009,1.1199,2.6702,0.5862,2.974,2.9308,1.62,99.45,0,0.0,26097700542.0,26083073160.0,171588671.0,32566.62,32920.24,50.27,6005603.48,0,0,0,0,yfinance,yfinance,beacon_empirical_oracle,estimado,estimado_via_depeg,2.9308,2.974,25719663412.0
2024-10-23,Post-Shapella,2509.1,2508.86,0.999904,-9.6e-05,-0.0096,-0.043326,-0.042744,0.515224,0.48327,0.507681,0.486543,3.2132,2.8919,0.3213,9.9994,0.0009,1.1208,2.6348,0.5784,2.934,2.8919,1.5601,99.45,0,0.0,25743720229.0,25729024049.0,163062796.0,32468.28,32520.28,50.04,5707197.86,0,0,0,0,yfinance,yfinance,beacon_empirical_oracle,estimado,estimado_via_depeg,2.8919,2.934,24426217585.0
2024-10-24,Post-Shapella,2534.5,2532.32,0.99914,-0.00086,-0.086,0.010072,0.009306,0.527826,0.484869,0.519259,0.487789,3.2305,2.9074,0.3231,10.0015,0.0009,1.1217,2.649,0.5815,2.95,2.9074,1.8201,99.45,0,0.0,24469936797.0,24454953841.0,164416442.0,32215.11,32656.24,50.34,5754575.47,0,0,0,0,yfinance,yfinance,beacon_empirical_oracle,estimado,estimado_via_depeg,2.9074,2.95,24782171015.0
2024-10-25,Post-Shapella,2435.93,2428.26,0.996851,-0.003149,-0.3149,-0.039666,-0.04196,0.558,0.494057,0.555138,0.498055,3.2521,2.9269,0.3252,9.9997,0.0009,1.1226,2.6667,0.5854,2.97,2.9269,2.0701,99.45,0,0.0,24843997806.0,24828452394.0,161443074.0,32302.8,33972.95,51.26,5650507.59,0,0,0,0,yfinance,yfinance,beacon_empirical_oracle,estimado,estimado_via_depeg,2.9269,2.97,23973588131.0
2024-10-26,Post-Shapella,2479.6,2479.62,1.000008,8e-06,0.0008,0.017768,0.020931,0.591098,0.49272,0.597831,0.498082,3.2035,2.8832,0.3203,9.9984,0.0009,1.1234,2.6269,0.5766,2.925,2.8832,1.63,99.45,0,0.0,24266901522.0,24252518082.0,130998764.0,26415.3,26415.3,50.0,4584956.74,0,0,0,0,yfinance,yfinance,beacon_empirical_oracle,estimado,estimado_via_depeg,2.8832,2.925,24204811508.0
2024-10-27,Post-Shapella,2505.94,2507.42,1.000591,0.000591,0.0591,0.010566,0.011148,0.491144,0.486043,0.507116,0.491704,3.0879,2.7791,0.3088,10.0003,0.0008,1.1243,2.5321,0.5558,2.818,2.7791,1.57,99.45,0,0.0,24256230372.0,24241413021.0,132543305.0,26572.77,26318.89,49.76,4639015.68,0,0,0,0,yfinance,yfinance,beacon_empirical_oracle,estimado,estimado_via_depeg,2.7791,2.818,24534483012.0
2024-10-28,Post-Shapella,2565.35,2565.08,0.999895,-0.000105,-0.0105,0.02343,0.022733,0.529822,0.493995,0.544166,0.498832,3.035,2.7315,0.3035,10.0,0.0008,1.1251,2.4887,0.5463,2.769,2.7315,1.58,99.45,0,0.0,24531759741.0,24516429277.0,135072006.0,26305.17,26347.29,50.04,4727520.21,0,0,0,0,yfinance,yfinance,beacon_empirical_oracle,estimado,estimado_via_depeg,2.7315,2.769,25058243871.0
2024-10-29,Post-Shapella,2637.96,2634.83,0.998813,-0.001187,-0.1187,0.027911,0.026832,0.567857,0.503976,0.57674,0.508058,3.2262,2.9036,0.3226,9.9994,0.0009,1.126,2.6455,0.5807,2.946,2.9036,1.5302,99.45,0,0.0,25074321946.0,25058836133.0,139442204.0,26181.49,26678.37,50.47,4880477.14,0,0,0,0,yfinance,yfinance,beacon_empirical_oracle,estimado,estimado_via_depeg,2.9036,2.946,25646894445.0
2024-10-30,Post-Shapella,2657.37,2656.14,0.999537,-0.000463,-0.0463,0.007333,0.008052,0.428123,0.498756,0.444399,0.503484,3.278,2.9502,0.3278,10.0,0.0009,1.1269,2.6879,0.59,2.994,2.9502,1.85,99.45,0,0.0,25697403370.0,25681914507.0,139974642.0,26236.98,26437.14,50.19,4899112.47,0,0,0,0,yfinance,yfinance,beacon_empirical_oracle,estimado,estimado_via_depeg,2.9502,2.994,25931084451.0
2024-10-31,Post-Shapella,2515.8,2514.96,0.999666,-0.000334,-0.0334,-0.054747,-0.054617,0.622593,0.489346,0.633684,0.494339,3.1938,2.8744,0.3194,10.0006,0.0009,1.1278,2.6189,0.5749,2.916,2.8744,1.62,99.45,0,0.0,26066656377.0,26051439297.0,132817837.0,26328.11,26465.37,50.13,4648624.3,0,0,0,0,yfinance,yfinance,beacon_empirical_oracle,estimado,estimado_via_depeg,2.8744,2.916,24561133828.0
2024-11-01,Post-Shapella,2511.89,2512.1,1.000084,8.4e-05,0.0084,-0.001557,-0.001137,0.533237,0.472291,0.533785,0.477903,3.4742,3.1267,0.3475,10.0023,0.001,1.1287,2.8488,0.6253,3.176,3.1267,1.59,99.45,0,0.0,24604977179.0,24590382744.0,132294547.0,26349.47,26317.87,49.97,4630309.15,0,0,0,0,yfinance,yfinance,beacon_empirical_oracle,estimado,estimado_via_depeg,3.1267,3.176,24459410999.0
2024-11-02,Post-Shapella,2491.07,2489.24,0.999265,-0.000735,-0.0735,-0.008322,-0.00914,0.526646,0.472735,0.522723,0.4783,3.1074,2.7966,0.3108,10.0019,0.0009,1.1296,2.548,0.5593,2.836,2.7966,1.8802,99.45,0,0.0,24580968604.0,24566593062.0,131324731.0,26206.22,26511.98,50.29,4596365.59,0,0,0,0,yfinance,yfinance,beacon_empirical_oracle,estimado,estimado_via_depeg,2.7966,2.836,24323422289.0
2024-11-03,Post-Shapella,2456.43,2455.12,0.999467,-0.000533,-0.0533,-0.014005,-0.0138,0.528413,0.466779,0.523004,0.472043,3.1419,2.8278,0.3141,9.9971,0.0009,1.1304,2.5764,0.5656,2.868,2.8278,1.59,99.45,0,0.0,24306081312.0,24291767182.0,129992535.0,26348.52,26570.78,50.21,4549738.73,0,0,0,0,yfinance,yfinance,beacon_empirical_oracle,estimado,estimado_via_depeg,2.8278,2.868,24063736030.0
2024-11-04,Post-Shapella,2397.03,2395.39,0.999316,-0.000684,-0.0684,-0.024478,-0.024631,0.495692,0.47489,0.492091,0.480158,3.1419,2.8278,0.3141,9.9971,0.0009,1.1313,2.5764,0.5656,2.868,2.8278,1.5502,99.45,0,0.0,24040506684.0,24026416939.0,126487901.0,26241.82,26526.77,50.27,4427076.54,0,0,0,0,yfinance,yfinance,beacon_empirical_oracle,estimado,estimado_via_depeg,2.8278,2.868,23347094296.0
2024-11-05,Post-Shapella,2422.65,2423.9,1.000516,0.000516,0.0516,0.010633,0.011832,0.426879,0.475062,0.432522,0.480798,3.2121,2.8909,0.3212,9.9997,0.0009,1.1322,2.634,0.5782,2.933,2.8909,1.67,99.45,0,0.0,23364394755.0,23350761551.0,128292814.0,26588.99,26366.58,49.79,4490248.49,0,0,0,0,yfinance,yfinance,beacon_empirical_oracle,estimado,estimado_via_depeg,2.8909,2.933,23668012636.0
2024-11-06,Post-Shapella,2724.17,2721.42,0.998991,-0.001009,-0.1009,0.117301,0.115774,1.036166,0.626399,1.026596,0.627639,3.5183,3.1665,0.3518,9.9991,0.001,1.1331,2.885,0.6333,3.217,3.1665,1.5902,99.45,0,0.0,23709038611.0,23694590849.0,143996191.0,26217.93,26640.8,50.4,5039866.69,0,0,0,0,yfinance,yfinance,beacon_empirical_oracle,estimado,estimado_via_depeg,3.1665,3.217,26520046509.0
2024-11-07,Post-Shapella,2895.59,2895.17,0.999855,-0.000145,-0.0145,0.061024,0.061891,0.975403,0.657309,0.968669,0.659477,3.2866,2.9579,0.3287,10.0012,0.0009,1.134,2.695,0.5916,3.002,2.9579,1.82,99.45,0,0.0,26695560093.0,26679296450.0,151621029.0,26149.95,26212.79,50.06,5306736.02,0,0,0,0,yfinance,yfinance,beacon_empirical_oracle,estimado,estimado_via_depeg,2.9579,3.002,28021205364.0
2024-11-08,Post-Shapella,2962.3,2959.97,0.999213,-0.000787,-0.0787,0.022778,0.022135,0.958234,0.647089,0.952046,0.647548,3.3179,2.9861,0.3318,10.0003,0.0009,1.1349,2.7207,0.5972,3.031,2.9861,3.4,99.45,0,0.0,28244683207.0,28227782329.0,155165297.0,26027.63,26352.38,50.31,5430785.4,0,0,0,0,yfinance,yfinance,beacon_empirical_oracle,estimado,estimado_via_depeg,2.9861,3.031,29086536614.0
2024-11-09,Post-Shapella,3131.14,3131.31,1.000054,5.4e-05,0.0054,0.055434,0.056273,0.939597,0.66834,0.932864,0.66944,3.3955,3.056,0.3395,9.9985,0.0009,1.1359,2.7843,0.6112,3.103,3.056,1.6701,99.45,0,0.0,29048499088.0,29031344504.0,162640052.0,25981.77,25960.99,49.98,5692401.82,0,0,0,0,yfinance,yfinance,beacon_empirical_oracle,estimado,estimado_via_depeg,3.056,3.103,30478858199.0
2024-11-10,Post-Shapella,3191.33,3189.3,0.999364,-0.000636,-0.0636,0.01904,0.018349,0.867255,0.667737,0.86135,0.668246,3.2013,2.8812,0.3201,9.9991,0.0009,1.1367,2.6251,0.5762,2.923,2.8812,1.78,99.45,0,0.0,30649483970.0,30632276360.0,166125836.0,25897.54,26157.82,50.25,5814404.26,0,0,0,0,yfinance,yfinance,beacon_empirical_oracle,estimado,estimado_via_depeg,2.8812,2.923,31191231893.0
2024-11-11,Post-Shapella,3374.81,3374.68,0.999961,-3.9e-05,-0.0039,0.055902,0.056499,0.695685,0.687195,0.68781,0.688176,3.3459,3.0113,0.3346,10.0003,0.0009,1.1377,2.7437,0.6023,3.057,3.0113,1.75,99.45,0,0.0,31311407693.0,31293299931.0,174565793.0,25852.71,25873.4,50.02,6109802.76,0,0,0,0,yfinance,yfinance,beacon_empirical_oracle,estimado,estimado_via_depeg,3.0113,3.057,32597301109.0
2024-11-12,Post-Shapella,3246.26,3249.97,1.001143,0.001143,0.1143,-0.038837,-0.037655,0.917469,0.70689,0.907936,0.706632,3.7903,3.4113,0.379,9.9992,0.001,1.1387,3.1081,0.6823,3.47,3.4113,1.8301,99.45,0,0.0,32779761208.0,32760777857.0,172051358.0,26743.73,26256.14,49.54,6021797.53,0,0,0,0,yfinance,yfinance,beacon_empirical_oracle,estimado,estimado_via_depeg,3.4113,3.47,31966821903.0
2024-11-13,Post-Shapella,3192.6,3187.38,0.998365,-0.001635,-0.1635,-0.016668,-0.019447,0.739631,0.684466,0.749882,0.684768,3.4375,3.0938,0.3437,9.9985,0.0009,1.1396,2.8188,0.6188,3.142,3.0938,1.88,99.45,0,0.0,32174168690.0,32155796979.0,166284490.0,25703.63,26380.72,50.65,5819957.15,0,0,0,0,yfinance,yfinance,beacon_empirical_oracle,estimado,estimado_via_depeg,3.0938,3.142,31152381971.0
2024-11-14,Post-Shapella,3058.95,3052.01,0.997731,-0.002269,-0.2269,-0.042763,-0.043398,0.790176,0.703995,0.797972,0.704542,3.8483,3.4635,0.3848,9.9992,0.0011,1.1407,3.1556,0.6927,3.524,3.4635,1.76,99.45,0,0.0,31340772806.0,31322360985.0,162931474.0,26147.23,27116.63,50.91,5702601.59,0,0,0,0,yfinance,yfinance,beacon_empirical_oracle,estimado,estimado_via_depeg,3.4635,3.524,30289196741.0
2024-11-15,Post-Shapella,3103.04,3096.16,0.997783,-0.002217,-0.2217,0.014311,0.01436,0.78277,0.704565,0.791265,0.705176,3.5194,3.1674,0.352,10.0017,0.001,1.1417,2.8859,0.6335,3.218,3.1674,1.94,99.45,0,0.0,30073599744.0,30055713691.0,161988558.0,25636.98,26566.2,50.89,5669599.53,0,0,0,0,yfinance,yfinance,beacon_empirical_oracle,estimado,estimado_via_depeg,3.1674,3.218,30204008073.0
2024-11-16,Post-Shapella,3133.27,3131.72,0.999505,-0.000495,-0.0495,0.009696,0.011422,0.670995,0.704032,0.677481,0.704679,3.3136,2.9822,0.3314,10.0012,0.0009,1.1426,2.7171,0.5964,3.027,2.9822,1.85,99.45,0,0.0,30380966978.0,30362286258.0,164613962.0,26163.64,26373.79,50.2,5761488.67,0,0,0,0,yfinance,yfinance,beacon_empirical_oracle,estimado,estimado_via_depeg,2.9822,3.027,30864520874.0
2024-11-17,Post-Shapella,3075.66,3075.17,0.999841,-0.000159,-0.0159,-0.018558,-0.018224,0.661281,0.708582,0.668702,0.708962,3.2013,2.8812,0.3201,9.9991,0.0009,1.1434,2.6251,0.5762,2.923,2.8812,1.81,99.45,0,0.0,30826322141.0,30807928879.0,160546642.0,26068.22,26130.86,50.06,5619132.47,0,0,0,0,yfinance,yfinance,beacon_empirical_oracle,estimado,estimado_via_depeg,2.8812,2.923,30155667996.0
2024-11-18,Post-Shapella,3207.86,3205.97,0.999411,-0.000589,-0.0589,0.042083,0.041657,0.586852,0.720143,0.589254,0.720278,3.1927,2.8734,0.3193,10.0009,0.0009,1.1443,2.618,0.5747,2.915,2.8734,1.68,99.45,0,0.0,30122126036.0,30102022624.0,164859347.0,25577.95,25814.36,50.23,5770077.14,0,0,0,0,yfinance,yfinance,beacon_empirical_oracle,estimado,estimado_via_depeg,2.8734,2.915,30945709395.0
2024-11-19,Post-Shapella,3111.38,3110.56,0.999736,-0.000264,-0.0264,-0.030535,-0.030212,0.562212,0.72297,0.56802,0.723466,3.32,2.988,0.332,10.0,0.0009,1.1452,2.7224,0.5976,3.033,2.988,1.76,99.45,0,0.0,31032297183.0,31011909037.0,161220247.0,25851.16,25965.16,50.11,5642708.64,0,0,0,0,yfinance,yfinance,beacon_empirical_oracle,estimado,estimado_via_depeg,2.988,3.033,30310831925.0
2024-11-20,Post-Shapella,3072.19,3069.8,0.999222,-0.000778,-0.0778,-0.012678,-0.013192,0.558358,0.715269,0.560939,0.716594,3.32,2.988,0.332,10.0,0.0009,1.1461,2.7224,0.5976,3.033,2.988,1.81,99.45,0,0.0,30515873075.0,30495758235.0,169586099.0,27429.08,27771.32,50.31,5935513.47,0,0,0,0,yfinance,yfinance,beacon_empirical_oracle,estimado,estimado_via_depeg,2.988,3.033,30113280218.0
2024-11-21,Post-Shapella,3361.05,3360.17,0.999738,-0.000262,-0.0262,0.089865,0.09038,0.792176,0.769387,0.793013,0.770987,3.2683,2.9414,0.3269,10.0021,0.0009,1.147,2.68,0.5883,2.985,2.9414,1.86,99.45,0,0.0,30115257205.0,30095278866.0,186074192.0,27620.06,27741.86,50.11,6512596.72,0,0,0,0,yfinance,yfinance,beacon_empirical_oracle,estimado,estimado_via_depeg,2.9414,2.985,33070140729.0
2024-11-22,Post-Shapella,3331.6,3327.94,0.998901,-0.001099,-0.1099,-0.008802,-0.009638,0.808077,0.749394,0.810612,0.751802,3.3319,2.9987,0.3332,10.0003,0.0009,1.148,2.7322,0.5997,3.044,2.9987,1.8102,99.45,0,0.0,33045145729.0,33023510644.0,182745146.0,27184.68,27667.38,50.44,6396080.11,0,0,0,0,yfinance,yfinance,beacon_empirical_oracle,estimado,estimado_via_depeg,2.9987,3.044,32432798258.0
2024-11-23,Post-Shapella,3396.22,3396.68,1.000135,0.000135,0.0135,0.019211,0.020444,0.810667,0.750167,0.813974,0.752785,3.2607,2.9346,0.3261,10.0009,0.0009,1.1488,2.6738,0.5869,2.978,2.9346,1.69,99.45,0,0.0,32637781508.0,32616181376.0,187906994.0,27691.8,27636.47,49.95,6576744.79,0,0,0,0,yfinance,yfinance,beacon_empirical_oracle,estimado,estimado_via_depeg,2.9346,2.978,33394590359.0
2024-11-24,Post-Shapella,3363.66,3360.26,0.998989,-0.001011,-0.1011,-0.009634,-0.01078,0.792896,0.732368,0.799019,0.733414,3.2952,2.9657,0.3295,9.9994,0.0009,1.1497,2.7021,0.5931,3.01,2.9657,1.64,99.45,0,0.0,33404283056.0,33382645521.0,184508535.0,27207.34,27646.17,50.4,6457798.72,0,0,0,0,yfinance,yfinance,beacon_empirical_oracle,estimado,estimado_via_depeg,2.9657,3.01,32849261119.0
2024-11-25,Post-Shapella,3413.54,3418.66,1.0015,0.0015,0.15,0.014721,0.017232,0.755113,0.732078,0.763797,0.732886,3.1819,2.8637,0.3182,10.0003,0.0009,1.1506,2.6092,0.5727,2.905,2.8637,1.6302,99.45,0,0.0,32891432832.0,32870024400.0,187755443.0,27831.59,27171.55,49.4,6571440.51,0,0,0,0,yfinance,yfinance,beacon_empirical_oracle,estimado,estimado_via_depeg,2.8637,2.905,33637513072.0
2024-11-26,Post-Shapella,3326.52,3325.9,0.999814,-0.000186,-0.0186,-0.025825,-0.027509,0.740787,0.743056,0.755521,0.744897,3.2801,2.9521,0.328,9.9997,0.0009,1.1515,2.6897,0.5904,2.996,2.9521,1.7,99.45,0,0.0,33300288971.0,33280427632.0,182623490.0,27411.2,27488.06,50.07,6391822.15,0,0,0,0,yfinance,yfinance,beacon_empirical_oracle,estimado,estimado_via_depeg,2.9521,2.996,32623884592.0
2024-11-27,Post-Shapella,3657.25,3660.12,1.000785,0.000785,0.0785,0.094785,0.095754,0.92752,0.799503,0.942388,0.802635,3.2413,2.9172,0.3241,9.9991,0.0009,1.1524,2.6579,0.5834,2.96,2.9172,1.65,99.45,0,0.0,32625423209.0,32606044727.0,200550372.0,27588.19,27248.2,49.69,7019263.02,0,0,0,0,yfinance,yfinance,beacon_empirical_oracle,estimado,estimado_via_depeg,2.9172,2.96,35903173735.0
2024-11-28,Post-Shapella,3579.81,3580.14,1.000092,9.2e-05,0.0092,-0.021401,-0.022093,0.791466,0.805492,0.809176,0.809256,3.1862,2.8676,0.3186,9.9994,0.0009,1.1533,2.6127,0.5735,2.909,2.8676,1.77,99.45,0,0.0,36008302091.0,35988036855.0,196534461.0,27472.36,27428.44,49.96,6878706.14,0,0,0,0,yfinance,yfinance,beacon_empirical_oracle,estimado,estimado_via_depeg,2.8676,2.909,35133585056.0
2024-11-29,Post-Shapella,3593.49,3592.69,0.999777,-0.000223,-0.0223,0.003815,0.003499,0.779346,0.805742,0.796167,0.809565,3.076,2.7684,0.3076,10.0,0.0008,1.1541,2.5223,0.5537,2.807,2.7684,1.61,99.45,0,0.0,35270700663.0,35250757469.0,196901749.0,27347.69,27446.32,50.09,6891561.22,0,0,0,0,yfinance,yfinance,beacon_empirical_oracle,estimado,estimado_via_depeg,2.7684,2.807,35281699273.0
2024-11-30,Post-Shapella,3705.71,3708.57,1.000772,0.000772,0.0772,0.030749,0.031746,0.791273,0.773744,0.808466,0.778152,3.0728,2.7655,0.3073,10.0007,0.0008,1.155,2.5197,0.5531,2.804,2.7655,1.55,99.45,0,0.0,35345326398.0,35324816608.0,194409131.0,26393.66,26068.39,49.69,6804319.59,0,0,0,0,yfinance,yfinance,beacon_empirical_oracle,estimado,estimado_via_depeg,2.7655,2.804,36403092741.0
2024-12-01,Post-Shapella,3711.17,3710.36,0.999782,-0.000218,-0.0218,0.001472,0.000483,0.776332,0.773103,0.79263,0.777803,3.0609,2.7548,0.3061,10.0003,0.0008,1.1558,2.5099,0.551,2.793,2.7548,1.73,99.45,0,0.0,36656161747.0,36636153194.0,195332450.0,26269.46,26364.2,50.09,6836635.75,0,0,0,0,yfinance,yfinance,beacon_empirical_oracle,estimado,estimado_via_depeg,2.7548,2.793,36647561588.0
2024-12-02,Post-Shapella,3644.2,3637.07,0.998043,-0.001957,-0.1957,-0.018209,-0.01995,0.810264,0.777295,0.828521,0.782575,3.2262,2.9036,0.3226,9.9994,0.0009,1.1567,2.6455,0.5807,2.946,2.9036,1.67,99.45,0,0.0,36693035529.0,36673033115.0,189504218.0,25595.19,26406.41,50.78,6632647.63,0,0,0,0,yfinance,yfinance,beacon_empirical_oracle,estimado,estimado_via_depeg,2.9036,2.946,35450104491.0
2024-12-03,Post-Shapella,3620.71,3623.76,1.000842,0.000842,0.0842,-0.006466,-0.003668,0.770221,0.774477,0.781428,0.779057,3.4063,3.0657,0.3406,9.9991,0.0009,1.1576,2.7932,0.6131,3.113,3.0657,2.1,99.45,0,0.0,35723030177.0,35704183423.0,189422780.0,26336.11,25980.36,49.66,6629797.3,0,0,0,0,yfinance,yfinance,beacon_empirical_oracle,estimado,estimado_via_depeg,3.0657,3.113,35553300143.0
2024-12-04,Post-Shapella,3841.33,3837.7,0.999055,-0.000945,-0.0945,0.059148,0.05736,0.548616,0.778556,0.545379,0.781728,3.4408,3.0967,0.3441,10.0006,0.0009,1.1586,2.8214,0.6193,3.145,3.0967,2.1,99.45,0,0.0,35724961964.0,35705324187.0,202526844.0,26161.2,26561.9,50.38,7088439.54,0,0,0,0,yfinance,yfinance,beacon_empirical_oracle,estimado,estimado_via_depeg,3.0967,3.145,38042144489.0
2024-12-05,Post-Shapella,3811.01,3810.38,0.999835,-0.000165,-0.0165,-0.007925,-0.007142,0.513671,0.782761,0.50655,0.785704,3.2801,2.9521,0.328,9.9997,0.0009,1.1595,2.6897,0.5904,2.996,2.9521,2.0204,99.45,0,0.0,37877726009.0,37858539658.0,199697109.0,26163.34,26236.7,50.07,6989398.82,0,0,0,0,yfinance,yfinance,beacon_empirical_oracle,estimado,estimado_via_depeg,2.9521,2.996,37506409249.0
2024-12-06,Post-Shapella,4005.81,4006.65,1.00021,0.00021,0.021,0.049852,0.050226,0.587929,0.703239,0.582849,0.709548,3.6506,3.2856,0.365,9.9984,0.001,1.1605,2.9935,0.6571,3.34,3.2856,2.1,99.45,0,0.0,37590949522.0,37571519068.0,210305377.0,26292.04,26208.04,49.92,7360688.2,0,0,0,0,yfinance,yfinance,beacon_empirical_oracle,estimado,estimado_via_depeg,3.2856,3.34,39648039924.0
2024-12-07,Post-Shapella,4002.69,4002.0,0.999828,-0.000172,-0.0172,-0.000779,-0.001161,0.582293,0.682697,0.575718,0.68852,3.17,2.853,0.317,10.0,0.0009,1.1613,2.5994,0.5706,2.894,2.853,2.16,99.45,0,0.0,39296828174.0,39277136683.0,208263934.0,25979.07,26051.92,50.07,7289237.69,0,0,0,0,yfinance,yfinance,beacon_empirical_oracle,estimado,estimado_via_depeg,2.853,2.894,39392112943.0
2024-12-08,Post-Shapella,4005.7,4005.91,1.000052,5.2e-05,0.0052,0.000752,0.000977,0.583033,0.682153,0.575186,0.688088,3.0479,2.7431,0.3048,10.0003,0.0008,1.1622,2.4993,0.5486,2.781,2.7431,1.9104,99.45,0,0.0,39389918530.0,39369952948.0,207893271.0,25960.06,25939.3,49.98,7276264.48,0,0,0,0,yfinance,yfinance,beacon_empirical_oracle,estimado,estimado_via_depeg,2.7431,2.781,39300530029.0
2024-12-09,Post-Shapella,3718.69,3719.81,1.000301,0.000301,0.0301,-0.074348,-0.074099,0.838542,0.722511,0.829032,0.727108,3.1301,2.8171,0.313,9.9997,0.0009,1.163,2.5667,0.5634,2.857,2.8171,1.92,99.45,0,0.0,39485468735.0,39465760656.0,193052411.0,26019.34,25894.75,49.88,6756834.39,0,0,0,0,yfinance,yfinance,beacon_empirical_oracle,estimado,estimado_via_depeg,2.8171,2.857,36556593528.0
2024-12-10,Post-Shapella,3631.83,3630.82,0.999722,-0.000278,-0.0278,-0.023634,-0.024215,0.859107,0.727931,0.852355,0.732952,3.7291,3.3562,0.3729,9.9997,0.001,1.164,3.0579,0.6712,3.413,3.3562,2.2204,99.45,0,0.0,36553397407.0,36535226909.0,189373405.0,26013.99,26128.7,50.11,6628069.18,0,0,0,0,yfinance,yfinance,beacon_empirical_oracle,estimado,estimado_via_depeg,3.3562,3.413,35862802728.0
2024-12-11,Post-Shapella,3832.82,3828.72,0.99893,-0.00107,-0.107,0.053864,0.053072,0.837718,0.726145,0.835277,0.729973,3.3244,2.9919,0.3325,10.0018,0.0009,1.165,2.726,0.5984,3.037,2.9919,2.39,99.45,0,0.0,35921462926.0,35903707468.0,198137178.0,25625.15,26069.73,50.43,6934801.23,0,0,0,0,yfinance,yfinance,beacon_empirical_oracle,estimado,estimado_via_depeg,2.9919,3.037,37667315223.0
2024-12-12,Post-Shapella,3883.1,3881.64,0.999624,-0.000376,-0.0376,0.013033,0.013728,0.839806,0.70977,0.838518,0.714729,3.2035,2.8832,0.3203,9.9984,0.0009,1.1658,2.6269,0.5766,2.925,2.8832,3.1502,99.45,0,0.0,37893350514.0,37874515168.0,200984796.0,25801.79,25957.06,50.15,7034467.86,0,0,0,0,yfinance,yfinance,beacon_empirical_oracle,estimado,estimado_via_depeg,2.8832,2.925,37806016613.0
2024-12-13,Post-Shapella,3911.21,3904.51,0.998287,-0.001713,-0.1713,0.007211,0.005875,0.745212,0.705055,0.740906,0.70885,3.1743,2.8569,0.3174,9.9991,0.0009,1.1667,2.603,0.5714,2.898,2.8569,2.68,99.45,0,0.0,38111406555.0,38092637609.0,202036118.0,25476.57,26179.09,50.68,7071264.13,0,0,0,0,yfinance,yfinance,beacon_empirical_oracle,estimado,estimado_via_depeg,2.8569,2.898,38211965632.0
2024-12-14,Post-Shapella,3868.41,3861.75,0.998278,-0.001722,-0.1722,-0.011003,-0.011011,0.746668,0.685403,0.742274,0.688721,3.0652,2.7587,0.3065,9.9993,0.0008,1.1675,2.5135,0.5517,2.797,2.7587,2.28,99.45,0,0.0,38383561942.0,38365011417.0,199767015.0,25463.98,26176.62,50.69,6991845.52,0,0,0,0,yfinance,yfinance,beacon_empirical_oracle,estimado,estimado_via_depeg,2.7587,2.797,37858056582.0
2024-12-15,Post-Shapella,3951.94,3955.46,1.000891,0.000891,0.0891,0.021365,0.023975,0.770571,0.686683,0.771714,0.690679,3.0274,2.7246,0.3028,10.002,0.0008,1.1684,2.4825,0.5449,2.762,2.7246,3.3702,99.45,0,0.0,37936189998.0,37918227543.0,200969651.0,25609.78,25243.64,49.64,7033937.79,0,0,0,0,yfinance,yfinance,beacon_empirical_oracle,estimado,estimado_via_depeg,2.7246,2.762,38024218511.0
2024-12-16,Post-Shapella,3987.48,3982.92,0.998856,-0.001144,-0.1144,0.008953,0.006919,0.470801,0.686666,0.4746,0.690591,3.129,2.8161,0.3129,10.0,0.0009,1.1692,2.5658,0.5632,2.856,2.8161,2.0702,99.45,0,0.0,38185981171.0,38167906949.0,209041734.0,25971.11,26453.41,50.46,7316460.69,0,0,0,0,yfinance,yfinance,beacon_empirical_oracle,estimado,estimado_via_depeg,2.8161,2.856,39661401692.0
2024-12-17,Post-Shapella,3886.77,3878.92,0.99798,-0.00202,-0.202,-0.025582,-0.026457,0.479392,0.690516,0.484538,0.69511,3.1419,2.8278,0.3141,9.9971,0.0009,1.1701,2.5764,0.5656,2.868,2.8278,2.41,99.45,0,0.0,39145886404.0,39128067642.0,200381803.0,25359.83,26195.01,50.81,7013363.1,0,0,0,0,yfinance,yfinance,beacon_empirical_oracle,estimado,estimado_via_depeg,2.8278,2.868,37834965753.0
2024-12-18,Post-Shapella,3618.79,3620.03,1.000343,0.000343,0.0343,-0.071437,-0.069076,0.612433,0.731875,0.603631,0.733365,3.1311,2.818,0.3131,9.9997,0.0009,1.1709,2.5675,0.5636,2.858,2.818,2.4802,99.45,0,0.0,37926226560.0,37907811551.0,190453229.0,26388.17,26240.81,49.86,6665863.02,0,0,0,0,yfinance,yfinance,beacon_empirical_oracle,estimado,estimado_via_depeg,2.818,2.858,36005647146.0
2024-12-19,Post-Shapella,3417.93,3419.62,1.000494,0.000494,0.0494,-0.057106,-0.056951,0.671059,0.753221,0.661777,0.754708,3.2521,2.9269,0.3252,9.9997,0.0009,1.1718,2.6667,0.5854,2.97,2.9269,2.55,99.45,0,0.0,35849196825.0,35832228251.0,177056362.0,26004.71,25797.51,49.8,6196972.67,0,0,0,0,yfinance,yfinance,beacon_empirical_oracle,estimado,estimado_via_depeg,2.9269,2.97,33702040259.0
2024-12-20,Post-Shapella,3472.55,3466.17,0.998163,-0.001837,-0.1837,0.015856,0.013521,0.693521,0.752258,0.680664,0.753174,3.584,3.2256,0.3584,10.0,0.001,1.1728,2.9388,0.6451,3.278,3.2256,3.18,99.45,0,0.0,33538481237.0,33522536181.0,179311790.0,25436.35,26200.57,50.74,6275912.65,0,0,0,0,yfinance,yfinance,beacon_empirical_oracle,estimado,estimado_via_depeg,3.2256,3.278,33783903759.0
2024-12-21,Post-Shapella,3337.22,3333.27,0.998816,-0.001184,-0.1184,-0.039751,-0.039097,0.709304,0.700295,0.695651,0.6999,3.2046,2.8841,0.3205,10.0012,0.0009,1.1737,2.6278,0.5768,2.926,2.8841,2.37,99.45,0,0.0,33933080037.0,33917270525.0,172078397.0,25539.35,26024.05,50.47,6022743.9,0,0,0,0,yfinance,yfinance,beacon_empirical_oracle,estimado,estimado_via_depeg,2.8841,2.926,32438677834.0
2024-12-22,Post-Shapella,3277.54,3271.85,0.998264,-0.001736,-0.1736,-0.018047,-0.018599,0.616832,0.702457,0.587669,0.702104,3.1754,2.8579,0.3175,9.9987,0.0009,1.1746,2.6039,0.5716,2.899,2.8579,2.5,99.45,0,0.0,32424583619.0,32409760511.0,168850202.0,25403.21,26114.15,50.69,5909757.07,0,0,0,0,yfinance,yfinance,beacon_empirical_oracle,estimado,estimado_via_depeg,2.8579,2.899,31784266531.0
2024-12-23,Post-Shapella,3415.79,3409.9,0.998276,-0.001724,-0.1724,0.041316,0.041328,0.758682,0.714412,0.741306,0.713654,3.1344,2.8209,0.3135,10.0019,0.0009,1.1754,2.5702,0.5642,2.861,2.8209,2.84,99.45,0,0.0,31930188766.0,31915321653.0,177529890.0,25628.04,26345.27,50.69,6213546.15,0,0,0,0,yfinance,yfinance,beacon_empirical_oracle,estimado,estimado_via_depeg,2.8209,2.861,33370048723.0
2024-12-24,Post-Shapella,3492.05,3490.39,0.999525,-0.000475,-0.0475,0.022081,0.023331,0.820918,0.71748,0.808049,0.717001,3.0944,2.785,0.3094,9.9987,0.0008,1.1763,2.5374,0.557,2.824,2.785,2.5903,99.45,0,0.0,33368141028.0,33352392937.0,179819006.0,25649.07,25844.75,50.19,6293665.21,0,0,0,0,yfinance,yfinance,beacon_empirical_oracle,estimado,estimado_via_depeg,2.785,2.824,33759610053.0
2024-12-25,Post-Shapella,3493.24,3492.96,0.99992,-8e-05,-0.008,0.000339,0.000736,0.672524,0.715833,0.669642,0.714683,3.0068,2.7062,0.3006,9.9973,0.0008,1.1771,2.4656,0.5412,2.743,2.7062,2.32,99.45,0,0.0,33973999131.0,33957797243.0,179165005.0,25629.14,25659.92,50.03,6270775.18,0,0,0,0,yfinance,yfinance,beacon_empirical_oracle,estimado,estimado_via_depeg,2.7062,2.743,33508349138.0
2024-12-26,Post-Shapella,3331.23,3326.85,0.998685,-0.001315,-0.1315,-0.047488,-0.048724,0.629439,0.729814,0.632494,0.728918,3.0166,2.7149,0.3017,10.0013,0.0008,1.1779,2.4736,0.543,2.752,2.7149,2.79,99.45,0,0.0,33775372131.0,33759169135.0,171858912.0,25521.69,26068.54,50.53,6015061.92,0,0,0,0,yfinance,yfinance,beacon_empirical_oracle,estimado,estimado_via_depeg,2.7149,2.752,32266644788.0
2024-12-27,Post-Shapella,3328.92,3326.52,0.999279,-0.000721,-0.0721,-0.000693,-9.8e-05,0.609228,0.644861,0.617095,0.641942,3.0912,2.782,0.3092,10.0026,0.0008,1.1788,2.5348,0.5564,2.821,2.782,2.8602,99.45,0,0.0,32131545612.0,32116137242.0,170940788.0,25526.2,25824.03,50.29,5982927.58,0,0,0,0,yfinance,yfinance,beacon_empirical_oracle,estimado,estimado_via_depeg,2.782,2.821,32111611770.0
2024-12-28,Post-Shapella,3397.9,3397.04,0.999747,-0.000253,-0.0253,0.020511,0.020976,0.559742,0.646488,0.571103,0.643552,3.0274,2.7246,0.3028,10.002,0.0008,1.1796,2.4825,0.5449,2.762,2.7246,2.04,99.45,0,0.0,32105636156.0,32090564053.0,175089594.0,25712.85,25815.91,50.1,6128135.79,0,0,0,0,yfinance,yfinance,beacon_empirical_oracle,estimado,estimado_via_depeg,2.7246,2.762,32950731845.0
2024-12-29,Post-Shapella,3349.51,3353.07,1.001063,0.001063,0.1063,-0.014343,-0.013027,0.552026,0.647626,0.559762,0.644436,3.0068,2.7062,0.3006,9.9973,0.0008,1.1804,2.4656,0.5412,2.743,2.7062,1.9802,99.45,0,0.0,32902105888.0,32886123303.0,172185933.0,25924.2,25482.11,49.57,6026507.66,0,0,0,0,yfinance,yfinance,beacon_empirical_oracle,estimado,estimado_via_depeg,2.7062,2.743,32132479266.0
2024-12-30,Post-Shapella,3356.39,3355.43,0.999714,-0.000286,-0.0286,0.002052,0.000703,0.450083,0.636816,0.460904,0.632786,3.0177,2.7159,0.3018,10.001,0.0008,1.1813,2.4745,0.5432,2.753,2.7159,1.84,99.45,0,0.0,32449251404.0,32433698012.0,172828280.0,25689.51,25802.8,50.11,6048989.8,0,0,0,0,yfinance,yfinance,beacon_empirical_oracle,estimado,estimado_via_depeg,2.7159,2.753,32316292712.0
2024-12-31,Post-Shapella,3332.53,3333.16,1.000189,0.000189,0.0189,-0.007134,-0.006661,0.399605,0.636712,0.407195,0.632734,3.2445,2.9201,0.3244,9.9985,0.0009,1.1821,2.6605,0.584,2.963,2.9201,2.33,99.45,0,0.0,32519760519.0,32504105165.0,171897789.0,25826.99,25754.78,49.93,6016422.62,0,0,0,0,yfinance,yfinance,beacon_empirical_oracle,estimado,estimado_via_depeg,2.9201,2.963,32219799673.0
2025-01-01,Post-Shapella,3353.5,3351.81,0.999496,-0.000504,-0.0504,0.006274,0.005581,0.408152,0.635361,0.413941,0.630681,3.1214,2.8093,0.3121,9.9987,0.0009,1.183,2.5596,0.5619,2.849,2.8093,2.0802,99.45,0,0.0,32205543613.0,32189937513.0,173051632.0,25698.44,25904.85,50.2,6056807.12,0,0,0,0,yfinance,yfinance,beacon_empirical_oracle,estimado,estimado_via_depeg,2.8093,2.849,32398716256.0
2025-01-02,Post-Shapella,3451.39,3445.52,0.998299,-0.001701,-0.1701,0.028772,0.027575,0.28867,0.644603,0.278023,0.639446,3.2747,2.9473,0.3274,9.9979,0.0009,1.1839,2.6853,0.5895,2.991,2.9473,1.9,99.45,0,0.0,32448919351.0,32432990568.0,177434992.0,25355.27,26054.45,50.68,6210224.72,0,0,0,0,yfinance,yfinance,beacon_empirical_oracle,estimado,estimado_via_depeg,2.9473,2.991,33172489450.0
2025-01-03,Post-Shapella,3605.01,3602.48,0.999298,-0.000702,-0.0702,0.043547,0.044548,0.39294,0.628187,0.391791,0.625976,3.1808,2.8627,0.3181,10.0006,0.0009,1.1848,2.6083,0.5725,2.904,2.8627,2.0402,99.45,0,0.0,33281495401.0,33264526852.0,185402926.0,25570.62,25858.62,50.28,6489102.41,0,0,0,0,yfinance,yfinance,beacon_empirical_oracle,estimado,estimado_via_depeg,2.8627,2.904,34840087743.0
2025-01-04,Post-Shapella,3657.71,3656.95,0.999792,-0.000208,-0.0208,0.014512,0.015007,0.386802,0.630446,0.385217,0.628497,3.1463,2.8316,0.3147,10.0022,0.0009,1.1856,2.5799,0.5663,2.872,2.8316,1.92,99.45,0,0.0,34862579908.0,34844808984.0,187509248.0,25591.04,25673.07,50.08,6562823.68,0,0,0,0,yfinance,yfinance,beacon_empirical_oracle,estimado,estimado_via_depeg,2.8316,2.872,35203568526.0
2025-01-05,Post-Shapella,3634.1,3634.29,1.000052,5.2e-05,0.0052,-0.006474,-0.006216,0.359214,0.602859,0.362336,0.600385,3.0771,2.7694,0.3077,9.9997,0.0008,1.1865,2.5232,0.5539,2.808,2.7694,1.9,99.45,0,0.0,35310944583.0,35293255892.0,186722953.0,25700.67,25680.12,49.98,6535303.36,0,0,0,0,yfinance,yfinance,beacon_empirical_oracle,estimado,estimado_via_depeg,2.7694,2.808,35068959951.0
2025-01-06,Post-Shapella,3688.61,3684.19,0.998802,-0.001198,-0.1198,0.014888,0.013635,0.350195,0.606134,0.350731,0.603245,3.1225,2.8103,0.3122,9.9984,0.0009,1.1873,2.5605,0.5621,2.85,2.8103,2.0002,99.45,0,0.0,35195997570.0,35178496023.0,186838624.0,25083.29,25569.56,50.48,6539351.84,0,0,0,0,yfinance,yfinance,beacon_empirical_oracle,estimado,estimado_via_depeg,2.8103,2.85,35437930296.0
2025-01-07,Post-Shapella,3381.58,3376.74,0.998569,-0.001431,-0.1431,-0.086908,-0.08714,0.809057,0.673216,0.810368,0.670886,3.2046,2.8841,0.3205,10.0012,0.0009,1.1882,2.6278,0.5768,2.926,2.8841,2.21,99.45,0,0.0,35553060974.0,35535240542.0,181596075.0,26544.67,27156.87,50.57,6355862.63,0,0,0,0,yfinance,yfinance,beacon_empirical_oracle,estimado,estimado_via_depeg,2.8841,2.926,32668055293.0
2025-01-08,Post-Shapella,3326.33,3323.94,0.999281,-0.000719,-0.0719,-0.016473,-0.015759,0.818515,0.627601,0.819006,0.625334,3.3028,2.9725,0.3303,10.0006,0.0009,1.1891,2.7083,0.5945,3.017,2.9725,2.08,99.45,0,0.0,32636977298.0,32620508488.0,169941430.0,25396.72,25693.04,50.29,5947950.05,0,0,0,0,yfinance,yfinance,beacon_empirical_oracle,estimado,estimado_via_depeg,2.9725,3.017,31884772772.0
2025-01-09,Post-Shapella,3219.43,3216.93,0.999223,-0.000777,-0.0777,-0.032665,-0.032724,0.801889,0.631984,0.805797,0.629529,3.2348,2.9113,0.3235,10.0006,0.0009,1.19,2.6525,0.5823,2.954,2.9113,2.12,99.45,0,0.0,32079352802.0,32063334666.0,164415571.0,25376.57,25693.2,50.31,5754544.98,0,0,0,0,yfinance,yfinance,beacon_empirical_oracle,estimado,estimado_via_depeg,2.9113,2.954,30890782392.0
2025-01-10,Post-Shapella,3267.49,3267.85,1.00011,0.00011,0.011,0.014818,0.015705,0.706477,0.600884,0.70848,0.59965,3.21,2.889,0.321,10.0,0.0009,1.1909,2.6322,0.5778,2.931,2.889,1.82,99.45,0,0.0,30977410323.0,30962408760.0,168045206.0,25735.3,25694.15,49.96,5881582.21,0,0,0,0,yfinance,yfinance,beacon_empirical_oracle,estimado,estimado_via_depeg,2.889,2.931,31456620529.0
2025-01-11,Post-Shapella,3282.22,3279.61,0.999205,-0.000795,-0.0795,0.004497,0.003592,0.685234,0.598335,0.68451,0.59664,3.0241,2.7217,0.3024,9.9997,0.0008,1.1917,2.4798,0.5443,2.759,2.7217,1.81,99.45,0,0.0,31467526279.0,31452514298.0,168099399.0,25443.69,25771.46,50.32,5883478.97,0,0,0,0,yfinance,yfinance,beacon_empirical_oracle,estimado,estimado_via_depeg,2.7217,2.759,31610835967.0
2025-01-12,Post-Shapella,3265.95,3264.96,0.999697,-0.000303,-0.0303,-0.004968,-0.004477,0.686522,0.596557,0.686067,0.595222,2.9603,2.6643,0.296,9.999,0.0008,1.1925,2.4275,0.5329,2.7,2.6643,1.6,99.45,0,0.0,31648363733.0,31633257245.0,166362161.0,25408.06,25530.31,50.12,5822675.64,0,0,0,0,yfinance,yfinance,beacon_empirical_oracle,estimado,estimado_via_depeg,2.6643,2.7,31118082148.0
2025-01-13,Post-Shapella,3135.5,3133.36,0.999317,-0.000683,-0.0683,-0.040762,-0.041143,0.654738,0.608602,0.65897,0.607589,3.4063,3.0657,0.3406,9.9991,0.0009,1.1934,2.7932,0.6131,3.113,3.0657,1.62,99.45,0,0.0,31165002463.0,31150030867.0,156931934.0,24889.89,25160.16,50.27,5492617.69,0,0,0,0,yfinance,yfinance,beacon_empirical_oracle,estimado,estimado_via_depeg,3.0657,3.113,29926823038.0
2025-01-14,Post-Shapella,3223.68,3221.76,0.999404,-0.000596,-0.0596,0.027736,0.027825,0.474882,0.612732,0.477653,0.6102,3.2672,2.9405,0.3267,9.9994,0.0009,1.1943,2.6791,0.5881,2.984,2.9405,2.56,99.45,0,0.0,30120490969.0,30105809473.0,163849253.0,25291.4,25535.37,50.24,5734723.86,0,0,0,0,yfinance,yfinance,beacon_empirical_oracle,estimado,estimado_via_depeg,2.9405,2.984,30959407039.0
2025-01-15,Post-Shapella,3450.54,3446.86,0.998934,-0.001066,-0.1066,0.068005,0.067534,0.706068,0.66428,0.705849,0.661845,3.1301,2.8171,0.313,9.9997,0.0009,1.1952,2.5667,0.5634,2.857,2.8171,2.31,99.45,0,0.0,31079806687.0,31064755017.0,167320741.0,24037.08,24454.1,50.43,5856225.94,0,0,0,0,yfinance,yfinance,beacon_empirical_oracle,estimado,estimado_via_depeg,2.8171,2.857,32902268917.0
2025-01-16,Post-Shapella,3308.35,3300.98,0.997772,-0.002228,-0.2228,-0.042082,-0.043244,0.739312,0.673204,0.743315,0.671276,3.1743,2.8569,0.3174,9.9991,0.0009,1.1961,2.603,0.5714,2.898,2.8569,2.13,99.45,0,0.0,33036360580.0,33019939714.0,169476017.0,25157.46,26069.29,50.89,5931660.6,0,0,0,0,yfinance,yfinance,beacon_empirical_oracle,estimado,estimado_via_depeg,2.8569,2.898,31545466064.0
2025-01-17,Post-Shapella,3474.11,3474.12,1.000003,3e-06,0.0003,0.048889,0.051121,0.807716,0.655171,0.818362,0.658528,3.1679,2.8511,0.3168,10.0003,0.0009,1.1969,2.5977,0.5702,2.892,2.8511,2.26,99.45,0,0.0,31794137280.0,31777333765.0,177081188.0,25485.83,25485.83,50.0,6197841.58,0,0,0,0,yfinance,yfinance,beacon_empirical_oracle,estimado,estimado_via_depeg,2.8511,2.892,33453282301.0
2025-01-18,Post-Shapella,3305.79,3303.01,0.999159,-0.000841,-0.0841,-0.049662,-0.050506,0.912928,0.647671,0.925326,0.652033,3.2639,2.9376,0.3263,9.9972,0.0009,1.1978,2.6764,0.5875,2.981,2.9376,2.2202,99.45,0,0.0,33480781149.0,33463344246.0,168390684.0,25295.86,25642.24,50.34,5893673.94,0,0,0,0,yfinance,yfinance,beacon_empirical_oracle,estimado,estimado_via_depeg,2.9376,2.981,31441520141.0
2025-01-19,Post-Shapella,3208.96,3207.25,0.999467,-0.000533,-0.0533,-0.029727,-0.029421,0.939918,0.652142,0.951495,0.657051,3.4612,3.1151,0.3461,9.9994,0.0009,1.1988,2.8382,0.623,3.164,3.1151,4.1,99.45,0,0.0,31545077591.0,31524950201.0,167358665.0,25967.25,26186.3,50.21,5857553.28,0,0,0,0,yfinance,yfinance,beacon_empirical_oracle,estimado,estimado_via_depeg,3.1151,3.164,30962794807.0
2025-01-20,Post-Shapella,3278.04,3269.32,0.99734,-0.00266,-0.266,0.021296,0.019168,0.891893,0.643109,0.901,0.647667,3.7925,3.4132,0.3793,10.0013,0.001,1.1998,3.1098,0.6826,3.472,3.4132,4.14,99.45,0,0.0,30853578523.0,30833862969.0,168467538.0,25151.62,26241.15,51.06,5896363.83,0,0,0,0,yfinance,yfinance,beacon_empirical_oracle,estimado,estimado_via_depeg,3.4132,3.472,31492388452.0
2025-01-21,Post-Shapella,3327.41,3316.99,0.996868,-0.003132,-0.3132,0.014949,0.014477,0.877911,0.642138,0.88643,0.646402,3.7452,3.3707,0.3745,9.9995,0.001,1.2008,3.0711,0.6741,3.428,3.3707,3.36,99.45,0,0.0,31507679289.0,31488857615.0,168795405.0,24730.27,25998.49,51.25,5907839.18,0,0,0,0,yfinance,yfinance,beacon_empirical_oracle,estimado,estimado_via_depeg,3.3707,3.428,31803851247.0
2025-01-22,Post-Shapella,3240.22,3236.26,0.998778,-0.001222,-0.1222,-0.02655,-0.024641,0.711774,0.631392,0.719772,0.634754,3.197,2.8773,0.3197,10.0,0.0009,1.2017,2.6216,0.5755,2.919,2.8773,3.19,99.45,0,0.0,31883899272.0,31864518428.0,166248204.0,25402.44,25905.25,50.49,5818687.14,0,0,0,0,yfinance,yfinance,beacon_empirical_oracle,estimado,estimado_via_depeg,2.8773,2.919,31125511344.0
2025-01-23,Post-Shapella,3334.71,3333.45,0.999622,-0.000378,-0.0378,0.028744,0.029592,0.694966,0.634976,0.700921,0.638233,3.1149,2.8034,0.3115,10.0003,0.0009,1.2026,2.5542,0.5607,2.843,2.8034,2.55,99.45,0,0.0,31060369403.0,31040359004.0,166383834.0,24872.43,25022.11,50.15,5823434.19,0,0,0,0,yfinance,yfinance,beacon_empirical_oracle,estimado,estimado_via_depeg,2.8034,2.843,31707919901.0
2025-01-24,Post-Shapella,3309.55,3304.29,0.998411,-0.001589,-0.1589,-0.007573,-0.008787,0.5667,0.635282,0.562149,0.638671,4.562,4.1058,0.4562,10.0,0.0012,1.2038,3.7408,0.8212,4.191,4.1058,2.16,99.45,0,0.0,31962017436.0,31942283399.0,170337603.0,25404.86,26063.65,50.64,5961816.1,0,0,0,0,yfinance,yfinance,beacon_empirical_oracle,estimado,estimado_via_depeg,4.1058,4.191,31783590197.0
2025-01-25,Post-Shapella,3317.27,3311.8,0.998351,-0.001649,-0.1649,0.002328,0.002269,0.437952,0.613583,0.427685,0.615931,3.0717,2.7645,0.3072,10.001,0.0008,1.2047,2.5188,0.5529,2.803,2.7645,3.19,99.45,0,0.0,31634574220.0,31614810723.0,169536127.0,25216.25,25890.87,50.66,5933764.44,0,0,0,0,yfinance,yfinance,beacon_empirical_oracle,estimado,estimado_via_depeg,2.7645,2.803,31914833616.0
2025-01-26,Post-Shapella,3236.13,3232.59,0.998906,-0.001094,-0.1094,-0.024763,-0.024207,0.418129,0.619571,0.406728,0.62162,2.9982,2.6984,0.2998,9.9993,0.0008,1.2055,2.4585,0.5397,2.735,2.6984,2.4802,99.45,0,0.0,31919422812.0,31899299843.0,168205822.0,25760.03,26217.43,50.44,5887203.77,0,0,0,0,yfinance,yfinance,beacon_empirical_oracle,estimado,estimado_via_depeg,2.6984,2.735,31428284943.0
2025-01-27,Post-Shapella,3178.92,3169.81,0.997134,-0.002866,-0.2866,-0.017838,-0.019611,0.398779,0.617293,0.398382,0.619715,3.3653,3.0288,0.3365,9.9991,0.0009,1.2064,2.7596,0.6058,3.075,3.0288,2.7602,99.45,0,0.0,31229856805.0,31210889842.0,160542856.0,24670.39,25831.94,51.15,5618999.96,0,0,0,0,yfinance,yfinance,beacon_empirical_oracle,estimado,estimado_via_depeg,3.0288,3.075,30149637527.0
2025-01-28,Post-Shapella,3077.11,3072.76,0.998586,-0.001414,-0.1414,-0.03255,-0.031097,0.406115,0.625012,0.402806,0.626814,3.183,2.8647,0.3183,10.0,0.0009,1.2073,2.61,0.5729,2.906,2.8647,2.71,99.45,0,0.0,30247394377.0,30229116137.0,156059406.0,25069.03,25647.2,50.57,5462079.21,0,0,0,0,yfinance,yfinance,beacon_empirical_oracle,estimado,estimado_via_depeg,2.8647,2.906,29300827813.0
2025-01-29,Post-Shapella,3113.0,3110.54,0.99921,-0.00079,-0.079,0.011595,0.012221,0.411616,0.626834,0.414241,0.628933,3.0674,2.7606,0.3068,10.002,0.0008,1.2081,2.5153,0.5521,2.799,2.7606,2.94,99.45,0,0.0,29346346812.0,29328798810.0,159772405.0,25497.89,25826.36,50.32,5592034.18,0,0,0,0,yfinance,yfinance,beacon_empirical_oracle,estimado,estimado_via_depeg,2.7606,2.799,29817112754.0
2025-01-30,Post-Shapella,3247.78,3245.32,0.999243,-0.000757,-0.0757,0.042385,0.042417,0.48614,0.645748,0.48495,0.647884,3.156,2.8404,0.3156,10.0,0.0009,1.209,2.5879,0.5681,2.881,2.8404,2.2,99.45,0,0.0,29826852785.0,29808894942.0,165070691.0,25260.37,25565.33,50.3,5777474.18,0,0,0,0,yfinance,yfinance,beacon_empirical_oracle,estimado,estimado_via_depeg,2.8404,2.881,30987994022.0
2025-01-31,Post-Shapella,3298.27,3293.48,0.998548,-0.001452,-0.1452,0.015425,0.014732,0.503268,0.647805,0.499829,0.649818,3.0652,2.7587,0.3065,9.9993,0.0008,1.2098,2.5135,0.5517,2.797,2.7587,2.2,99.45,0,0.0,30867377610.0,30848825540.0,167606694.0,25113.54,25703.01,50.58,5866234.29,0,0,0,0,yfinance,yfinance,beacon_empirical_oracle,estimado,estimado_via_depeg,2.7587,2.797,31143457798.0
2025-02-01,Post-Shapella,3118.33,3114.4,0.99874,-0.00126,-0.126,-0.056099,-0.055909,0.641298,0.666812,0.637918,0.669239,3.0955,2.7859,0.3096,10.0016,0.0008,1.2107,2.5383,0.5572,2.825,2.7859,2.0202,99.45,0,0.0,31354907312.0,31336894454.0,159620475.0,25337.96,25849.84,50.5,5586716.63,0,0,0,0,yfinance,yfinance,beacon_empirical_oracle,estimado,estimado_via_depeg,2.7859,2.825,29708656417.0
2025-02-02,Post-Shapella,2868.69,2848.86,0.993087,-0.006913,-0.6913,-0.083441,-0.089118,0.839349,0.700587,0.865146,0.709953,3.0339,2.7305,0.3034,10.0003,0.0008,1.2115,2.4878,0.5461,2.768,2.7305,2.1,99.45,0,0.0,29627454957.0,29610765607.0,148259017.0,24409.31,27272.48,52.77,5189065.6,0,0,0,0,yfinance,yfinance,beacon_empirical_oracle,estimado,estimado_via_depeg,2.7305,2.768,27113145524.0
2025-02-03,Post-Shapella,2884.57,2871.39,0.995431,-0.004569,-0.4569,0.005518,0.007877,0.855096,0.697708,0.884682,0.707499,12.3685,11.1317,1.2368,9.9996,0.0034,1.2149,10.1422,2.2263,11.773,11.1317,8.7102,99.45,0,0.0,26681941000.0,26666780705.0,139071072.0,23223.75,24988.31,51.83,4867487.52,0,0,0,0,yfinance,yfinance,beacon_empirical_oracle,estimado,estimado_via_depeg,11.1317,11.773,27033316297.0
2025-02-04,Post-Shapella,2735.05,2725.47,0.996497,-0.003503,-0.3503,-0.053224,-0.052154,0.894671,0.715327,0.921553,0.723945,3.6184,3.2565,0.3619,10.0017,0.001,1.2159,2.9671,0.6513,3.31,3.2565,11.27,99.45,0,0.0,27138226613.0,27121288547.0,136159912.0,24194.7,25588.63,51.4,4765596.92,0,0,0,0,yfinance,yfinance,beacon_empirical_oracle,estimado,estimado_via_depeg,3.2565,3.31,25531413448.0
2025-02-05,Post-Shapella,2787.78,2783.54,0.998479,-0.001521,-0.1521,0.019095,0.021084,0.910666,0.717278,0.940748,0.72741,3.319,2.9871,0.3319,10.0,0.0009,1.2168,2.7215,0.5974,3.032,2.9871,3.62,99.45,0,0.0,25926745906.0,25910714194.0,140112535.0,24823.19,25436.35,50.61,4903938.73,0,0,0,0,yfinance,yfinance,beacon_empirical_oracle,estimado,estimado_via_depeg,2.9871,3.032,26206613015.0
2025-02-06,Post-Shapella,2688.4,2681.82,0.997552,-0.002448,-0.2448,-0.036299,-0.037227,0.771668,0.668449,0.806838,0.67948,3.0868,2.7782,0.3086,9.9974,0.0008,1.2176,2.5312,0.5556,2.817,2.7782,2.8101,99.45,0,0.0,26419882854.0,26404521043.0,136901139.0,24962.41,25960.5,50.98,4791539.86,0,0,0,0,yfinance,yfinance,beacon_empirical_oracle,estimado,estimado_via_depeg,2.7782,2.817,25330796824.0
2025-02-07,Post-Shapella,2622.21,2618.87,0.998726,-0.001274,-0.1274,-0.024929,-0.023753,0.687074,0.670502,0.729154,0.681246,3.2003,2.8802,0.3201,10.0022,0.0009,1.2185,2.6242,0.576,2.922,2.8802,2.5201,99.45,0,0.0,25427211850.0,25412465066.0,131652979.0,24847.38,25359.49,50.51,4607854.27,0,0,0,0,yfinance,yfinance,beacon_empirical_oracle,estimado,estimado_via_depeg,2.8802,2.922,24275250806.0
2025-02-08,Post-Shapella,2632.31,2631.14,0.999556,-0.000444,-0.0444,0.003843,0.004671,0.699481,0.665625,0.743156,0.676599,3.1203,2.8083,0.312,9.999,0.0009,1.2194,2.5587,0.5617,2.848,2.8083,2.8001,99.45,0,0.0,25078376937.0,25063412375.0,136096576.0,25758.1,25944.23,50.18,4763380.16,0,0,0,0,yfinance,yfinance,beacon_empirical_oracle,estimado,estimado_via_depeg,2.8083,2.848,24749917962.0
2025-02-09,Post-Shapella,2628.72,2628.79,1.000027,2.7e-05,0.0027,-0.001364,-0.000892,0.499011,0.661417,0.51002,0.672144,2.9668,2.6701,0.2967,10.0007,0.0008,1.2202,2.4328,0.534,2.706,2.6701,2.7801,99.45,0,0.0,24927919212.0,24912340027.0,133747990.0,25444.84,25434.67,49.99,4681179.65,0,0,0,0,yfinance,yfinance,beacon_empirical_oracle,estimado,estimado_via_depeg,2.6701,2.706,24559063187.0
2025-02-10,Post-Shapella,2661.17,2657.65,0.998677,-0.001323,-0.1323,0.012267,0.010917,0.515913,0.663705,0.517459,0.674114,3.1301,2.8171,0.313,9.9997,0.0009,1.221,2.5667,0.5634,2.857,2.8171,2.6701,99.45,0,0.0,24981679224.0,24965904554.0,137444804.0,25550.39,26097.87,50.53,4810568.14,0,0,0,0,yfinance,yfinance,beacon_empirical_oracle,estimado,estimado_via_depeg,2.8171,2.857,25060988395.0
2025-02-11,Post-Shapella,2602.78,2600.19,0.999005,-0.000995,-0.0995,-0.022184,-0.021855,0.398609,0.665758,0.405107,0.676015,3.076,2.7684,0.3076,10.0,0.0008,1.2219,2.5223,0.5537,2.807,2.7684,2.21,99.45,0,0.0,25048852502.0,25033309511.0,135560786.0,25833.21,26249.87,50.4,4744627.51,0,0,0,0,yfinance,yfinance,beacon_empirical_oracle,estimado,estimado_via_depeg,2.7684,2.807,24260932113.0
2025-02-12,Post-Shapella,2736.9,2737.08,1.000066,6.6e-05,0.0066,0.050246,0.051306,0.555603,0.684071,0.560343,0.694908,3.0825,2.7743,0.3082,9.9984,0.0008,1.2227,2.5277,0.5549,2.813,2.7743,2.1401,99.45,0,0.0,24500683648.0,24488670855.0,142165959.0,25987.66,25956.49,49.97,4975808.57,0,0,0,0,yfinance,yfinance,beacon_empirical_oracle,estimado,estimado_via_depeg,2.7743,2.813,25781716831.0
2025-02-13,Post-Shapella,2675.9,2673.83,0.999226,-0.000774,-0.0774,-0.02254,-0.02338,0.512062,0.67666,0.515086,0.687839,3.237,2.9133,0.3237,10.0,0.0009,1.2236,2.6543,0.5827,2.956,2.9133,2.01,99.45,0,0.0,25690424588.0,25678527600.0,137870966.0,25601.88,25921.33,50.31,4825483.81,0,0,0,0,yfinance,yfinance,beacon_empirical_oracle,estimado,estimado_via_depeg,2.9133,2.956,25070054895.0
2025-02-14,Post-Shapella,2726.09,2722.61,0.998723,-0.001277,-0.1277,0.018582,0.01808,0.482162,0.628697,0.487689,0.641148,3.1236,2.8112,0.3124,10.0013,0.0009,1.2245,2.5613,0.5622,2.851,2.8112,1.78,99.45,0,0.0,25201734618.0,25189933502.0,140509458.0,25508.38,26034.11,50.51,4917831.03,0,0,0,0,yfinance,yfinance,beacon_empirical_oracle,estimado,estimado_via_depeg,2.8112,2.851,25546959431.0
2025-02-15,Post-Shapella,2693.56,2692.26,0.999517,-0.000483,-0.0483,-0.012005,-0.011213,0.498867,0.616728,0.502687,0.628511,2.9473,2.6526,0.2947,9.999,0.0008,1.2253,2.4168,0.5305,2.688,2.6526,1.61,99.45,0,0.0,25570912385.0,25558922089.0,139017937.0,25707.55,25903.67,50.19,4865627.8,0,0,0,0,yfinance,yfinance,beacon_empirical_oracle,estimado,estimado_via_depeg,2.6526,2.688,25265227220.0
2025-02-16,Post-Shapella,2663.32,2661.47,0.999305,-0.000695,-0.0695,-0.011292,-0.011499,0.509533,0.583073,0.513757,0.592825,2.9062,2.6156,0.2906,9.9993,0.0008,1.2261,2.3831,0.5231,2.65,2.6156,1.4301,99.45,0,0.0,25325713682.0,25313910213.0,138068669.0,25775.25,26065.56,50.28,4832403.42,0,0,0,0,yfinance,yfinance,beacon_empirical_oracle,estimado,estimado_via_depeg,2.6156,2.65,25119239869.0
2025-02-17,Post-Shapella,2743.2,2741.67,0.999442,-0.000558,-0.0558,0.029553,0.029689,0.545047,0.578755,0.550656,0.58793,3.0306,2.7276,0.303,9.998,0.0008,1.2269,2.4851,0.5455,2.765,2.7276,1.4101,99.45,0,0.0,25049285865.0,25037846514.0,141805639.0,25733.03,25960.48,50.22,4963197.36,0,0,0,0,yfinance,yfinance,beacon_empirical_oracle,estimado,estimado_via_depeg,2.7276,2.765,25831733442.0
2025-02-18,Post-Shapella,2669.34,2666.79,0.999045,-0.000955,-0.0955,-0.027294,-0.027695,0.561184,0.577572,0.568935,0.587102,3.224,2.9016,0.3224,10.0,0.0009,1.2278,2.6437,0.5803,2.944,2.9016,1.63,99.45,0,0.0,25630798912.0,25620083507.0,137182159.0,25500.61,25891.18,50.38,4801375.57,0,0,0,0,yfinance,yfinance,beacon_empirical_oracle,estimado,estimado_via_depeg,2.9016,2.944,25052336028.0
2025-02-19,Post-Shapella,2715.77,2716.36,1.000217,0.000217,0.0217,0.017245,0.01842,0.429483,0.575318,0.435026,0.586702,3.0523,2.747,0.3053,10.0023,0.0008,1.2286,2.5028,0.5494,2.785,2.747,1.6001,99.45,0,0.0,25152989716.0,25142645476.0,139902136.0,25803.72,25711.0,49.91,4896574.76,0,0,0,0,yfinance,yfinance,beacon_empirical_oracle,estimado,estimado_via_depeg,2.747,2.785,25502091882.0
2025-02-20,Post-Shapella,2740.39,2739.57,0.999701,-0.000299,-0.0299,0.009023,0.008507,0.392551,0.572934,0.39468,0.584422,2.9841,2.6857,0.2984,9.9997,0.0008,1.2294,2.447,0.5371,2.722,2.6857,1.4901,99.45,0,0.0,25571162213.0,25560874478.0,140816173.0,25631.06,25754.39,50.12,4928566.06,0,0,0,0,yfinance,yfinance,beacon_empirical_oracle,estimado,estimado_via_depeg,2.6857,2.722,25696853697.0
2025-02-21,Post-Shapella,2659.66,2653.44,0.997661,-0.002339,-0.2339,-0.029902,-0.031944,0.432576,0.574529,0.444222,0.58784,3.0025,2.7023,0.3002,9.9983,0.0008,1.2303,2.4621,0.5405,2.739,2.7023,1.4601,99.45,0,0.0,25848531668.0,25837809919.0,135092638.0,24919.14,25874.06,50.94,4728242.33,0,0,0,0,yfinance,yfinance,beacon_empirical_oracle,estimado,estimado_via_depeg,2.7023,2.739,24939857710.0
2025-02-22,Post-Shapella,2764.03,2757.73,0.997721,-0.002279,-0.2279,0.038493,0.038551,0.517673,0.583017,0.529936,0.595566,3.2985,2.9686,0.3299,10.0015,0.0009,1.2312,2.7047,0.5937,3.013,2.9686,6.77,99.45,0,0.0,25084769060.0,25074390575.0,141360683.0,25106.08,26036.88,50.91,4947623.9,0,0,0,0,yfinance,yfinance,beacon_empirical_oracle,estimado,estimado_via_depeg,2.9686,3.013,26019595555.0
2025-02-23,Post-Shapella,2821.31,2816.88,0.99843,-0.00157,-0.157,0.020512,0.021222,0.512599,0.590403,0.526513,0.603151,3.0003,2.7003,0.3,9.999,0.0008,1.232,2.4603,0.5401,2.737,2.7003,2.5601,99.45,0,0.0,26044117218.0,26033659586.0,143419012.0,25096.84,25737.35,50.63,5019665.42,0,0,0,0,yfinance,yfinance,beacon_empirical_oracle,estimado,estimado_via_depeg,2.7003,2.737,26257774676.0
2025-02-24,Post-Shapella,2513.82,2508.53,0.997896,-0.002104,-0.2104,-0.115397,-0.115933,0.991118,0.703229,1.000287,0.714984,3.0598,2.7538,0.306,10.0007,0.0008,1.2328,2.5091,0.5508,2.792,2.7538,1.76,99.45,0,0.0,26661829084.0,26651598001.0,132771613.0,25964.68,26852.0,50.84,4647006.46,0,0,0,0,yfinance,yfinance,beacon_empirical_oracle,estimado,estimado_via_depeg,2.7538,2.792,23594781685.0
2025-02-25,Post-Shapella,2493.59,2498.61,1.002013,0.002013,0.2013,-0.00808,-0.003962,0.983322,0.700999,0.993296,0.713142,4.4734,4.0261,0.4473,9.9991,0.0012,1.2341,3.6682,0.8052,4.108,4.0261,2.89,99.45,0,0.0,23571649957.0,23562929580.0,125203379.0,25506.73,24703.36,49.2,4382118.27,0,0,0,0,yfinance,yfinance,beacon_empirical_oracle,estimado,estimado_via_depeg,4.0261,4.108,23637489715.0
2025-02-26,Post-Shapella,2331.45,2327.31,0.998224,-0.001776,-0.1776,-0.067233,-0.071019,1.030433,0.7297,1.049781,0.744979,3.265,2.9385,0.3265,10.0,0.0009,1.2349,2.6773,0.5877,2.982,2.9385,3.1901,99.45,0,0.0,23391616117.0,23382820747.0,119353988.0,25233.04,25959.99,50.71,4177389.58,0,0,0,0,yfinance,yfinance,beacon_empirical_oracle,estimado,estimado_via_depeg,2.9385,2.982,22242318413.0
2025-02-27,Post-Shapella,2305.48,2302.25,0.998599,-0.001401,-0.1401,-0.011201,-0.010828,1.003634,0.725306,1.024488,0.741202,3.4354,3.0918,0.3436,10.0017,0.0009,1.2359,2.817,0.6184,3.14,3.0918,2.1,99.45,0,0.0,21896492505.0,21888228864.0,115958413.0,24866.77,25430.09,50.56,4058544.46,0,0,0,0,yfinance,yfinance,beacon_empirical_oracle,estimado,estimado_via_depeg,3.0918,3.14,21334863382.0
2025-02-28,Post-Shapella,2237.91,2232.11,0.997408,-0.002592,-0.2592,-0.029751,-0.03094,1.003587,0.724419,1.02409,0.740481,4.4425,3.9982,0.4443,10.0011,0.0012,1.2371,3.6428,0.7996,4.079,3.9982,3.8901,99.45,0,0.0,21637428528.0,21629021029.0,114138181.0,24970.64,26031.49,51.04,3994836.34,0,0,0,0,yfinance,yfinance,beacon_empirical_oracle,estimado,estimado_via_depeg,3.9982,4.079,20886541385.0
2025-03-01,Post-Shapella,2216.64,2210.44,0.997203,-0.002797,-0.2797,-0.009546,-0.009757,0.870848,0.698431,0.89369,0.71498,3.1214,2.8093,0.3121,9.9987,0.0009,1.238,2.5596,0.5619,2.849,2.8093,3.59,99.45,0,0.0,20925003105.0,20916049392.0,113666288.0,25065.0,26213.64,51.12,3978320.08,0,0,0,0,yfinance,yfinance,beacon_empirical_oracle,estimado,estimado_via_depeg,2.8093,2.849,20869805736.0
2025-03-02,Post-Shapella,2519.69,2515.02,0.998147,-0.001853,-0.1853,0.128144,0.12909,1.429651,0.849873,1.448671,0.865774,3.0295,2.7266,0.3029,9.9983,0.0008,1.2388,2.4842,0.5453,2.764,2.7266,2.67,99.45,0,0.0,20898469215.0,20889697133.0,127145763.0,24857.03,25603.85,50.74,4450101.7,0,0,0,0,yfinance,yfinance,beacon_empirical_oracle,estimado,estimado_via_depeg,2.7266,2.764,23662814664.0
2025-03-03,Post-Shapella,2145.57,2146.78,1.000564,0.000564,0.0564,-0.160731,-0.158313,1.642697,0.989746,1.645167,0.999049,3.6399,3.2759,0.364,10.0003,0.001,1.2398,2.9847,0.6552,3.33,3.2759,2.0001,99.45,0,0.0,23624236934.0,23613362593.0,109697455.0,25676.19,25451.23,49.78,3839410.92,0,0,0,0,yfinance,yfinance,beacon_empirical_oracle,estimado,estimado_via_depeg,3.2759,3.33,20249116194.0
2025-03-04,Post-Shapella,2170.02,2173.55,1.001627,0.001627,0.1627,0.011327,0.012394,1.659048,0.958929,1.660395,0.963038,3.946,3.5514,0.3946,10.0,0.0011,1.2409,3.2357,0.7103,3.615,3.5514,3.2601,99.45,0,0.0,20290133754.0,20281414378.0,111410612.0,26004.13,25336.7,49.35,3899371.42,0,0,0,0,yfinance,yfinance,beacon_empirical_oracle,estimado,estimado_via_depeg,3.5514,3.615,20468588674.0
2025-03-05,Post-Shapella,2241.98,2241.78,0.999911,-8.9e-05,-0.0089,0.032624,0.030907,1.642188,0.968813,1.632428,0.971437,3.4052,3.0647,0.3405,9.9994,0.0009,1.2418,2.7923,0.6129,3.112,3.0647,2.6201,99.45,0,0.0,20306332184.0,20297545555.0,114313071.0,25473.38,25514.17,50.04,4000957.49,0,0,0,0,yfinance,yfinance,beacon_empirical_oracle,estimado,estimado_via_depeg,3.0647,3.112,20982072782.0
2025-03-06,Post-Shapella,2202.48,2205.93,1.001566,0.001566,0.1566,-0.017776,-0.016119,1.64424,0.955976,1.633954,0.958992,3.1495,2.8346,0.3149,9.9984,0.0009,1.2427,2.5826,0.5669,2.875,2.8346,2.2701,99.45,0,0.0,21252454407.0,21243447967.0,113491331.0,26089.07,25439.81,49.37,3972196.59,0,0,0,0,yfinance,yfinance,beacon_empirical_oracle,estimado,estimado_via_depeg,2.8346,2.875,20808405705.0
2025-03-07,Post-Shapella,2138.99,2137.62,0.99936,-0.00064,-0.064,-0.02925,-0.031458,1.643813,0.954098,1.634437,0.957102,3.3416,3.0074,0.3342,10.0012,0.0009,1.2436,2.7401,0.6015,3.053,3.0074,2.23,99.45,0,0.0,20044381079.0,20036077134.0,110621741.0,25723.94,25992.87,50.26,3871760.94,0,0,0,0,yfinance,yfinance,beacon_empirical_oracle,estimado,estimado_via_depeg,3.0074,3.053,19934083061.0
2025-03-08,Post-Shapella,2201.51,2200.38,0.999487,-0.000513,-0.0513,0.028811,0.028939,1.662657,0.957529,1.653064,0.960189,3.2305,2.9074,0.3231,10.0015,0.0009,1.2445,2.649,0.5815,2.95,2.9074,2.29,99.45,0,0.0,19971771916.0,19963240780.0,113404478.0,25647.89,25864.24,50.21,3969156.73,0,0,0,0,yfinance,yfinance,beacon_empirical_oracle,estimado,estimado_via_depeg,2.9074,2.95,20627774763.0
2025-03-09,Post-Shapella,2015.51,2015.91,1.000198,0.000198,0.0198,-0.088272,-0.087558,1.34414,0.9974,1.326723,0.999526,2.9798,2.6818,0.298,10.0007,0.0008,1.2453,2.4434,0.5364,2.718,2.6818,1.9,99.45,0,0.0,20590046352.0,20581685190.0,104458487.0,25955.12,25872.2,49.92,3656047.05,0,0,0,0,yfinance,yfinance,beacon_empirical_oracle,estimado,estimado_via_depeg,2.6818,2.718,18876325587.0
2025-03-10,Post-Shapella,1861.15,1870.11,1.004814,0.004814,0.4814,-0.079677,-0.075072,0.93742,1.026233,0.915537,1.024468,3.3535,3.0181,0.3354,10.0015,0.0009,1.2462,2.7498,0.6036,3.064,3.0181,1.64,99.45,0,0.0,18994852078.0,18987058951.0,96843197.0,27021.29,25012.77,48.07,3389511.9,0,0,0,0,yfinance,yfinance,beacon_empirical_oracle,estimado,estimado_via_depeg,3.0181,3.064,17539127202.0
2025-03-11,Post-Shapella,1919.84,1916.96,0.9985,-0.0015,-0.15,0.031049,0.024743,0.987404,1.036462,0.945723,1.031648,5.2637,4.7373,0.5264,10.0006,0.0014,1.2476,4.3162,0.9475,4.851,4.7373,3.5701,99.45,0,0.0,17550933967.0,17543666377.0,99549049.0,25615.28,26237.51,50.6,3484216.72,0,0,0,0,yfinance,yfinance,beacon_empirical_oracle,estimado,estimado_via_depeg,4.7373,4.851,18198547493.0
2025-03-12,Post-Shapella,1908.98,1905.02,0.997926,-0.002074,-0.2074,-0.005674,-0.006247,0.904376,1.033392,0.863444,1.028891,3.932,3.5388,0.3932,10.0,0.0011,1.2487,3.2243,0.7078,3.602,3.5388,4.4401,99.45,0,0.0,17956725487.0,17949055899.0,97858188.0,25205.54,26056.49,50.83,3425036.58,0,0,0,0,yfinance,yfinance,beacon_empirical_oracle,estimado,estimado_via_depeg,3.5388,3.602,17872120380.0
2025-03-13,Post-Shapella,1862.97,1860.69,0.998776,-0.001224,-0.1224,-0.024399,-0.023549,0.903326,1.03372,0.861374,1.029131,3.0955,2.7859,0.3096,10.0016,0.0008,1.2496,2.5383,0.5572,2.825,2.7859,3.36,99.45,0,0.0,17855783042.0,17848022072.0,96078252.0,25533.61,26039.02,50.49,3362738.82,0,0,0,0,yfinance,yfinance,beacon_empirical_oracle,estimado,estimado_via_depeg,2.7859,2.825,17422495242.0
2025-03-14,Post-Shapella,1909.47,1910.0,1.000278,0.000278,0.0278,0.024653,0.026156,0.965669,1.018329,0.930041,1.01354,3.0804,2.7723,0.3081,10.0019,0.0008,1.2504,2.5259,0.5545,2.811,2.7723,1.87,99.45,0,0.0,17457347491.0,17449754327.0,98910013.0,25956.84,25842.88,49.89,3461850.46,0,0,0,0,yfinance,yfinance,beacon_empirical_oracle,estimado,estimado_via_depeg,2.7723,2.811,17946296370.0
2025-03-15,Post-Shapella,1937.39,1936.83,0.999711,-0.000289,-0.0289,0.01452,0.013952,0.929987,1.021701,0.8914,1.016621,3.062,2.7558,0.3062,10.0,0.0008,1.2513,2.5108,0.5512,2.794,2.7558,1.8501,99.45,0,0.0,17913617805.0,17905432007.0,98916015.0,25466.9,25589.43,50.12,3462060.53,0,0,0,0,yfinance,yfinance,beacon_empirical_oracle,estimado,estimado_via_depeg,2.7558,2.794,18164216941.0
2025-03-16,Post-Shapella,1887.44,1886.03,0.999253,-0.000747,-0.0747,-0.026125,-0.026583,0.732713,1.01743,0.688549,1.012609,2.9755,2.6779,0.2976,10.0017,0.0008,1.2521,2.4399,0.5356,2.714,2.6779,1.8001,99.45,0,0.0,18107934626.0,18099632203.0,98916015.0,26046.53,26360.97,50.3,3462060.53,0,0,0,0,yfinance,yfinance,beacon_empirical_oracle,estimado,estimado_via_depeg,2.6779,2.714,17497436401.0
2025-03-17,Post-Shapella,1927.0,1926.3,0.999637,-0.000363,-0.0363,0.020747,0.021129,0.451458,1.023924,0.435138,1.019283,2.9473,2.6526,0.2947,9.999,0.0008,1.2529,2.4168,0.5305,2.688,2.6526,1.6801,99.45,0,0.0,17694862441.0,17687064353.0,98916015.0,25588.81,25742.8,50.15,3462060.53,0,0,0,0,yfinance,yfinance,beacon_empirical_oracle,estimado,estimado_via_depeg,2.6526,2.688,18032973845.0
2025-03-18,Post-Shapella,1932.54,1929.36,0.998354,-0.001646,-0.1646,0.002871,0.001585,0.394713,1.025093,0.399386,1.020249,3.0609,2.7548,0.3061,10.0003,0.0008,1.2537,2.5099,0.551,2.793,2.7548,1.6901,99.45,0,0.0,17940217823.0,17932435659.0,97922384.0,25000.73,25669.57,50.66,3427283.44,0,0,0,0,yfinance,yfinance,beacon_empirical_oracle,estimado,estimado_via_depeg,2.7548,2.793,17872525625.0
2025-03-19,Post-Shapella,2057.75,2056.09,0.999193,-0.000807,-0.0807,0.062776,0.06362,0.587376,1.047807,0.594229,1.043759,3.1473,2.8326,0.3147,9.999,0.0009,1.2546,2.5808,0.5665,2.873,2.8326,1.78,99.45,0,0.0,18035671359.0,18027982057.0,104618693.0,25257.96,25583.34,50.32,3661654.26,0,0,0,0,yfinance,yfinance,beacon_empirical_oracle,estimado,estimado_via_depeg,2.8326,2.873,19006836697.0
2025-03-20,Post-Shapella,1982.1,1979.6,0.998739,-0.001261,-0.1261,-0.037456,-0.037912,0.640071,1.050565,0.651204,1.046594,3.2089,2.888,0.3209,10.0003,0.0009,1.2555,2.6313,0.5776,2.93,2.888,1.71,99.45,0,0.0,19225032625.0,19216729988.0,101388562.0,25320.29,25831.81,50.5,3548599.67,0,0,0,0,yfinance,yfinance,beacon_empirical_oracle,estimado,estimado_via_depeg,2.888,2.93,18435321289.0
2025-03-21,Post-Shapella,1964.85,1964.15,0.999644,-0.000356,-0.0356,-0.008742,-0.007836,0.635338,1.046007,0.64245,1.041637,3.0047,2.7042,0.3005,10.001,0.0008,1.2563,2.4638,0.5408,2.741,2.7042,1.6001,99.45,0,0.0,18599161419.0,18591305175.0,100915852.0,25608.39,25752.2,50.14,3532054.82,0,0,0,0,yfinance,yfinance,beacon_empirical_oracle,estimado,estimado_via_depeg,2.7042,2.741,18316718570.0
2025-03-22,Post-Shapella,1980.04,1975.32,0.997616,-0.002384,-0.2384,0.007701,0.005671,0.630414,1.045702,0.637404,1.041022,2.9257,2.6331,0.2926,10.001,0.0008,1.2571,2.3991,0.5266,2.668,2.6331,1.53,99.45,0,0.0,18368907425.0,18361044662.0,101872458.0,25236.08,26213.62,50.95,3565536.03,0,0,0,0,yfinance,yfinance,beacon_empirical_oracle,estimado,estimado_via_depeg,2.6331,2.668,18527091642.0
2025-03-23,Post-Shapella,2005.3,2000.43,0.997571,-0.002429,-0.2429,0.012677,0.012635,0.5813,1.046476,0.588413,1.041294,2.9214,2.6292,0.2922,10.0021,0.0008,1.2579,2.3955,0.5258,2.664,2.6292,1.47,99.45,0,0.0,18497386089.0,18489511873.0,102272018.0,25005.72,25995.14,50.97,3579520.63,0,0,0,0,yfinance,yfinance,beacon_empirical_oracle,estimado,estimado_via_depeg,2.6292,2.664,18643354885.0
2025-03-24,Post-Shapella,2077.48,2072.74,0.997718,-0.002282,-0.2282,0.035362,0.035505,0.608729,1.044728,0.615831,1.039581,2.9268,2.6341,0.2927,10.0007,0.0008,1.2587,2.4,0.5268,2.669,2.6341,1.51,99.45,0,0.0,18790164072.0,18781940436.0,106407580.0,25143.67,26075.87,50.91,3724265.3,0,0,0,0,yfinance,yfinance,beacon_empirical_oracle,estimado,estimado_via_depeg,2.6341,2.669,19433883314.0
2025-03-25,Post-Shapella,2067.76,2064.77,0.998554,-0.001446,-0.1446,-0.004687,-0.003852,0.617064,1.039295,0.621824,1.033913,2.9647,2.6682,0.2965,10.001,0.0008,1.2595,2.431,0.5336,2.704,2.6682,1.5101,99.45,0,0.0,19561977868.0,19553301376.0,105731437.0,25270.09,25863.23,50.58,3700600.3,0,0,0,0,yfinance,yfinance,beacon_empirical_oracle,estimado,estimado_via_depeg,2.6682,2.704,19270593654.0
2025-03-26,Post-Shapella,2009.19,2000.95,0.995899,-0.004101,-0.4101,-0.028737,-0.031395,0.475463,0.970756,0.483704,0.965013,2.9484,2.6536,0.2948,9.9986,0.0008,1.2603,2.4177,0.5307,2.689,2.6536,1.49,99.45,0,0.0,19320477240.0,19311701121.0,102566767.0,24687.21,26361.61,51.64,3589836.84,0,0,0,0,yfinance,yfinance,beacon_empirical_oracle,estimado,estimado_via_depeg,2.6536,2.689,18766002009.0
2025-03-27,Post-Shapella,2002.36,2000.28,0.998961,-0.001039,-0.1039,-0.003406,-0.000333,0.381423,0.970855,0.389901,0.965266,3.0133,2.712,0.3013,9.999,0.0008,1.2611,2.4709,0.5424,2.749,2.712,1.45,99.45,0,0.0,19009551468.0,19001118130.0,103476930.0,25626.87,26050.62,50.41,3621692.55,0,0,0,0,yfinance,yfinance,beacon_empirical_oracle,estimado,estimado_via_depeg,2.712,2.749,18799065658.0
2025-03-28,Post-Shapella,1895.5,1895.61,1.000058,5.8e-05,0.0058,-0.054841,-0.053749,0.559885,0.962153,0.560366,0.952742,3.3049,2.9744,0.3305,10.0003,0.0009,1.262,2.7101,0.5949,3.019,2.9744,1.6,99.45,0,0.0,18735696520.0,18727270345.0,96946712.0,25583.09,25562.63,49.98,3393134.92,0,0,0,0,yfinance,yfinance,beacon_empirical_oracle,estimado,estimado_via_depeg,2.9744,3.019,17711261719.0
2025-03-29,Post-Shapella,1827.32,1825.38,0.998938,-0.001062,-0.1062,-0.036634,-0.037752,0.588841,0.967657,0.596289,0.95877,3.0814,2.7733,0.3081,9.9987,0.0008,1.2629,2.5268,0.5547,2.812,2.7733,1.7301,99.45,0,0.0,17876625208.0,17868657583.0,93875612.0,25470.92,25902.46,50.42,3285646.42,0,0,0,0,yfinance,yfinance,beacon_empirical_oracle,estimado,estimado_via_depeg,2.7733,2.812,17025405314.0
2025-03-30,Post-Shapella,1806.22,1803.59,0.998544,-0.001456,-0.1456,-0.011615,-0.01201,0.553304,0.96453,0.561721,0.955271,3.0306,2.7276,0.303,9.998,0.0008,1.2637,2.4851,0.5455,2.765,2.7276,1.58,99.45,0,0.0,17117355083.0,17109743296.0,92303401.0,25255.14,25847.94,50.58,3230619.04,0,0,0,0,yfinance,yfinance,beacon_empirical_oracle,estimado,estimado_via_depeg,2.7276,2.765,16846136448.0
2025-03-31,Post-Shapella,1823.48,1824.07,1.000324,0.000324,0.0324,0.009511,0.011295,0.427543,0.966221,0.444883,0.957356,3.0068,2.7062,0.3006,9.9973,0.0008,1.2645,2.4656,0.5412,2.743,2.7062,1.64,99.45,0,0.0,16901782336.0,16894170868.0,93561359.0,25721.32,25587.91,49.87,3274647.57,0,0,0,0,yfinance,yfinance,beacon_empirical_oracle,estimado,estimado_via_depeg,2.7062,2.743,17094090195.0
2025-04-01,Post-Shapella,1905.49,1904.23,0.999339,-0.000661,-0.0661,0.043993,0.043005,0.62365,0.857036,0.62811,0.844442,3.0544,2.749,0.3054,9.9987,0.0008,1.2654,2.5046,0.5498,2.787,2.749,1.62,99.45,0,0.0,17114913327.0,17107291963.0,98136877.0,25612.03,25890.14,50.27,3434790.7,0,0,0,0,yfinance,yfinance,beacon_empirical_oracle,estimado,estimado_via_depeg,2.749,2.787,17952621396.0
2025-04-02,Post-Shapella,1795.31,1796.47,1.000646,0.000646,0.0646,-0.05956,-0.058252,0.708847,0.688061,0.704936,0.677865,3.0263,2.7237,0.3026,9.999,0.0008,1.2662,2.4816,0.5447,2.761,2.7237,1.89,99.45,0,0.0,17840828505.0,17833076304.0,94435006.0,26437.24,26163.71,49.74,3305225.21,0,0,0,0,yfinance,yfinance,beacon_empirical_oracle,estimado,estimado_via_depeg,2.7237,2.761,16759164866.0
2025-04-03,Post-Shapella,1815.64,1812.05,0.998023,-0.001977,-0.1977,0.011257,0.008632,0.732314,0.688038,0.719417,0.676711,3.2769,2.9492,0.3277,10.0003,0.0009,1.2671,2.6871,0.5898,2.993,2.9492,1.7901,99.45,0,0.0,16841336395.0,16834125074.0,92842972.0,25163.59,25971.53,50.79,3249504.02,0,0,0,0,yfinance,yfinance,beacon_empirical_oracle,estimado,estimado_via_depeg,2.9492,2.993,16971584814.0
2025-04-04,Post-Shapella,1815.34,1812.74,0.998568,-0.001432,-0.1432,-0.000166,0.00038,0.64836,0.674273,0.639798,0.663977,3.1247,2.8122,0.3125,10.001,0.0009,1.268,2.5622,0.5624,2.852,2.8122,2.04,99.45,0,0.0,17060660906.0,17053480490.0,93076547.0,25343.87,25928.37,50.57,3257679.15,0,0,0,0,yfinance,yfinance,beacon_empirical_oracle,estimado,estimado_via_depeg,2.8122,2.852,17058197117.0
2025-04-05,Post-Shapella,1805.97,1803.59,0.998682,-0.001318,-0.1318,-0.00517,-0.005055,0.596143,0.673179,0.583361,0.663203,3.049,2.7441,0.3049,10.0,0.0008,1.2688,2.5002,0.5488,2.782,2.7441,2.02,99.45,0,0.0,17045602463.0,17038117597.0,91728094.0,25126.6,25664.99,50.53,3210483.29,0,0,0,0,yfinance,yfinance,beacon_empirical_oracle,estimado,estimado_via_depeg,2.7441,2.782,16802467043.0
2025-04-06,Post-Shapella,1576.73,1569.91,0.995675,-0.004325,-0.4325,-0.135748,-0.138765,1.144081,0.807365,1.156223,0.804226,2.9203,2.6283,0.292,9.999,0.0008,1.2696,2.3946,0.5257,2.663,2.6283,2.05,99.45,0,0.0,16965508210.0,16958142613.0,82931433.0,25388.62,27208.48,51.73,2902600.16,0,0,0,0,yfinance,yfinance,beacon_empirical_oracle,estimado,estimado_via_depeg,2.6283,2.663,14727451380.0
2025-04-07,Post-Shapella,1555.24,1556.98,1.001119,0.001119,0.1119,-0.013721,-0.008268,1.120406,0.795059,1.132582,0.791759,7.8802,7.0922,0.788,9.9997,0.0022,1.2717,6.4618,1.4184,7.349,7.0922,9.84,99.45,0,0.0,14756977166.0,14750542318.0,80313304.0,26052.61,25587.85,49.55,2810965.64,0,0,0,0,yfinance,yfinance,beacon_empirical_oracle,estimado,estimado_via_depeg,7.0922,7.349,14767720006.0
2025-04-08,Post-Shapella,1472.55,1470.47,0.998587,-0.001413,-0.1413,-0.054633,-0.057164,0.98074,0.7622,1.003086,0.761546,3.416,3.0744,0.3416,10.0,0.0009,1.2727,2.8011,0.6149,3.122,3.0744,3.88,99.45,0,0.0,14652039118.0,14645440865.0,75460973.0,25335.58,25909.52,50.56,2641134.06,0,0,0,0,yfinance,yfinance,beacon_empirical_oracle,estimado,estimado_via_depeg,3.0744,3.122,13684256040.0
2025-04-09,Post-Shapella,1668.04,1662.42,0.996631,-0.003369,-0.3369,0.124652,0.122689,1.490506,0.856101,1.497956,0.856981,3.6001,3.2401,0.36,9.9997,0.001,1.2737,2.9521,0.648,3.293,3.2401,2.86,99.45,0,0.0,13779794667.0,13773346948.0,83727367.0,24419.9,25775.16,51.35,2930457.84,0,0,0,0,yfinance,yfinance,beacon_empirical_oracle,estimado,estimado_via_depeg,3.2401,3.293,15634304535.0
2025-04-10,Post-Shapella,1522.52,1522.01,0.999665,-0.000335,-0.0335,-0.091283,-0.088245,1.580626,0.898959,1.581428,0.899002,3.6474,3.2827,0.3647,9.9989,0.001,1.2747,2.9909,0.6565,3.337,3.2827,3.41,99.45,0,0.0,15430675899.0,15423474815.0,77924373.0,25524.06,25657.13,50.13,2727353.06,0,0,0,0,yfinance,yfinance,beacon_empirical_oracle,estimado,estimado_via_depeg,3.2827,3.337,14329384980.0
2025-04-11,Post-Shapella,1567.15,1565.58,0.998998,-0.001002,-0.1002,0.028892,0.028231,1.621958,0.907994,1.620828,0.9077,3.458,3.1122,0.3458,10.0,0.0009,1.2756,2.8356,0.6224,3.161,3.1122,2.63,99.45,0,0.0,14428100688.0,14421171715.0,80165753.0,25372.31,25781.54,50.4,2805801.36,0,0,0,0,yfinance,yfinance,beacon_empirical_oracle,estimado,estimado_via_depeg,3.1122,3.161,14686609500.0
2025-04-12,Post-Shapella,1643.53,1643.86,1.000201,0.000201,0.0201,0.047587,0.048787,1.696319,0.924774,1.697734,0.925534,3.1614,2.8453,0.3161,9.9987,0.0009,1.2765,2.5923,0.5691,2.886,2.8453,2.0101,99.45,0,0.0,14691027879.0,14683610355.0,84375582.0,25710.08,25627.94,49.92,2953145.37,0,0,0,0,yfinance,yfinance,beacon_empirical_oracle,estimado,estimado_via_depeg,2.8453,2.886,15371179852.0
2025-04-13,Post-Shapella,1596.69,1595.58,0.999305,-0.000695,-0.0695,-0.028915,-0.029807,1.372292,0.922629,1.355507,0.923067,3.1149,2.8034,0.3115,10.0003,0.0009,1.2773,2.5542,0.5607,2.843,2.8034,1.76,99.45,0,0.0,15328792669.0,15320779880.0,79705591.0,24819.86,25099.41,50.28,2789695.68,0,0,0,0,yfinance,yfinance,beacon_empirical_oracle,estimado,estimado_via_depeg,2.8034,2.843,14800445038.0
2025-04-14,Post-Shapella,1622.77,1623.91,1.000703,0.000703,0.0703,0.016204,0.017599,1.368715,0.923118,1.356088,0.924146,3.2585,2.9327,0.3258,9.9985,0.0009,1.2782,2.672,0.5865,2.976,2.9327,1.8501,99.45,0,0.0,14783410798.0,14775688367.0,81125627.0,25136.01,24856.06,49.72,2839396.94,0,0,0,0,yfinance,yfinance,beacon_empirical_oracle,estimado,estimado_via_depeg,2.9327,2.976,15095512407.0
2025-04-15,Post-Shapella,1588.63,1590.44,1.001139,0.001139,0.1139,-0.021261,-0.02083,1.298066,0.921932,1.276138,0.92274,3.1031,2.7927,0.3104,10.0029,0.0009,1.2791,2.5445,0.5585,2.832,2.7927,2.16,99.45,0,0.0,15107944468.0,15100173438.0,79996910.0,25404.56,24951.35,49.55,2799891.85,0,0,0,0,yfinance,yfinance,beacon_empirical_oracle,estimado,estimado_via_depeg,2.7927,2.832,14824285212.0
2025-04-16,Post-Shapella,1578.11,1576.08,0.998714,-0.001286,-0.1286,-0.006649,-0.009071,0.875083,0.916963,0.864038,0.917695,3.1074,2.7966,0.3108,10.0019,0.0009,1.2799,2.548,0.5593,2.836,2.7966,2.05,99.45,0,0.0,14841878256.0,14834246792.0,79403473.0,24901.17,25414.38,50.51,2779121.56,0,0,0,0,yfinance,yfinance,beacon_empirical_oracle,estimado,estimado_via_depeg,2.7966,2.836,14746875760.0
2025-04-17,Post-Shapella,1582.55,1581.05,0.999052,-0.000948,-0.0948,0.002811,0.003153,0.522541,0.916955,0.534395,0.917889,3.0544,2.749,0.3054,9.9987,0.0008,1.2808,2.5046,0.5498,2.787,2.749,2.2,99.45,0,0.0,14688865983.0,14680931465.0,79549129.0,24942.2,25324.22,50.38,2784219.52,0,0,0,0,yfinance,yfinance,beacon_empirical_oracle,estimado,estimado_via_depeg,2.749,2.787,14772271388.0
2025-04-18,Post-Shapella,1588.92,1587.81,0.999301,-0.000699,-0.0699,0.004021,0.004266,0.484347,0.88324,0.499066,0.88341,2.9841,2.6857,0.2984,9.9997,0.0008,1.2816,2.447,0.5371,2.722,2.6857,1.9401,99.45,0,0.0,14728004690.0,14719870904.0,79716579.0,24944.67,25225.62,50.28,2790080.26,0,0,0,0,yfinance,yfinance,beacon_empirical_oracle,estimado,estimado_via_depeg,2.6857,2.722,14811149359.0
2025-04-19,Post-Shapella,1612.92,1615.18,1.001401,0.001401,0.1401,0.01499,0.017092,0.330284,0.880629,0.347967,0.881283,2.9246,2.6322,0.2924,9.9979,0.0008,1.2824,2.3982,0.5264,2.667,2.6322,2.01,99.45,0,0.0,14778751782.0,14770671600.0,80784131.0,25323.3,24762.34,49.44,2827444.59,0,0,0,0,yfinance,yfinance,beacon_empirical_oracle,estimado,estimado_via_depeg,2.6322,2.667,15007587965.0
2025-04-20,Post-Shapella,1587.51,1584.56,0.998142,-0.001858,-0.1858,-0.015879,-0.019144,0.276306,0.881171,0.302659,0.882335,2.943,2.6487,0.2943,10.0,0.0008,1.2832,2.4133,0.5297,2.684,2.6487,2.04,99.45,0,0.0,14955922933.0,14947431575.0,78978641.0,24506.86,25243.16,50.74,2764252.44,0,0,0,0,yfinance,yfinance,beacon_empirical_oracle,estimado,estimado_via_depeg,2.6487,2.684,14642724500.0
2025-04-21,Post-Shapella,1579.73,1577.41,0.998531,-0.001469,-0.1469,-0.004913,-0.004522,0.236326,0.8796,0.259009,0.881185,3.0133,2.712,0.3013,9.999,0.0008,1.284,2.4709,0.5424,2.749,2.712,2.0401,99.45,0,0.0,14878199097.0,14869667799.0,78853834.0,24663.51,25252.51,50.59,2759884.19,0,0,0,0,yfinance,yfinance,beacon_empirical_oracle,estimado,estimado_via_depeg,2.712,2.749,14605475291.0
2025-04-22,Post-Shapella,1757.33,1756.03,0.99926,-0.00074,-0.074,0.10654,0.107275,0.797882,0.963654,0.814144,0.966139,3.0836,2.7752,0.3084,10.0013,0.0008,1.2849,2.5286,0.555,2.814,2.7752,1.96,99.45,0,0.0,14599768447.0,14591536849.0,86883716.0,24572.05,24868.7,50.3,3040930.06,0,0,0,0,yfinance,yfinance,beacon_empirical_oracle,estimado,estimado_via_depeg,2.7752,2.814,16137659160.0
2025-04-23,Post-Shapella,1796.1,1798.91,1.001565,0.001565,0.1565,0.021823,0.024125,0.778402,0.957762,0.791521,0.961033,3.458,3.1122,0.3458,10.0,0.0009,1.2858,2.8356,0.6224,3.161,3.1122,3.84,99.45,0,0.0,16273201917.0,16264226003.0,89657366.0,25273.38,24644.42,49.37,3138007.81,0,0,0,0,yfinance,yfinance,beacon_empirical_oracle,estimado,estimado_via_depeg,3.1122,3.161,16562611106.0
2025-04-24,Post-Shapella,1769.83,1766.57,0.998158,-0.001842,-0.1842,-0.014736,-0.018145,0.809584,0.958381,0.83123,0.962162,3.1905,2.8715,0.319,9.9984,0.0009,1.2867,2.6162,0.5743,2.913,2.8715,3.73,99.45,0,0.0,16629598563.0,16620501976.0,88057005.0,24509.07,25245.43,50.74,3081995.18,0,0,0,0,yfinance,yfinance,beacon_empirical_oracle,estimado,estimado_via_depeg,2.8715,2.913,16292327561.0
2025-04-25,Post-Shapella,1786.63,1785.71,0.999485,-0.000515,-0.0515,0.009449,0.010778,0.805646,0.955823,0.82703,0.958951,3.0695,2.7626,0.3069,9.9984,0.0008,1.2875,2.517,0.5525,2.801,2.7626,1.9901,99.45,0,0.0,16407426588.0,16398253508.0,89872548.0,25045.78,25257.05,50.21,3145539.18,0,0,0,0,yfinance,yfinance,beacon_empirical_oracle,estimado,estimado_via_depeg,2.7626,2.801,16622848035.0
2025-04-26,Post-Shapella,1821.88,1820.15,0.99905,-0.00095,-0.095,0.019536,0.019104,0.805709,0.95932,0.827204,0.962224,3.0285,2.7256,0.3029,10.0017,0.0008,1.2884,2.4833,0.5451,2.763,2.7256,1.98,99.45,0,0.0,16551204914.0,16542096625.0,90565450.0,24666.05,25043.84,50.38,3169790.75,0,0,0,0,yfinance,yfinance,beacon_empirical_oracle,estimado,estimado_via_depeg,2.7256,2.763,16820457231.0
2025-04-27,Post-Shapella,1792.86,1791.99,0.999515,-0.000485,-0.0485,-0.016055,-0.015595,0.806153,0.942406,0.8181,0.946037,2.9517,2.6565,0.2952,10.001,0.0008,1.2892,2.4204,0.5313,2.692,2.6565,2.0601,99.45,0,0.0,17033277319.0,17024254048.0,89241308.0,24788.42,24987.53,50.2,3123445.78,0,0,0,0,yfinance,yfinance,beacon_empirical_oracle,estimado,estimado_via_depeg,2.6565,2.692,16497553881.0
2025-04-28,Post-Shapella,1798.85,1798.05,0.999555,-0.000445,-0.0445,0.003334,0.003379,0.794395,0.934117,0.807032,0.937242,2.9657,2.6692,0.2965,9.9976,0.0008,1.29,2.4319,0.5338,2.705,2.6692,1.8901,99.45,0,0.0,16592870321.0,16584004566.0,89210575.0,24707.29,24885.83,50.18,3122370.13,0,0,0,0,yfinance,yfinance,beacon_empirical_oracle,estimado,estimado_via_depeg,2.6692,2.705,16561024422.0
2025-04-29,Post-Shapella,1799.18,1793.55,0.996871,-0.003129,-0.3129,0.00018,-0.002509,0.287012,0.93326,0.310957,0.936359,3.0955,2.7859,0.3096,10.0016,0.0008,1.2908,2.5383,0.5572,2.825,2.7859,1.88,99.45,0,0.0,16649672726.0,16640813465.0,89303722.0,24197.45,25438.34,51.25,3125630.27,0,0,0,0,yfinance,yfinance,beacon_empirical_oracle,estimado,estimado_via_depeg,2.7859,2.825,16583597249.0
2025-04-30,Post-Shapella,1793.78,1792.5,0.999286,-0.000714,-0.0714,-0.003006,-0.000585,0.242386,0.932653,0.255108,0.935442,3.0955,2.7859,0.3096,10.0016,0.0008,1.2917,2.5383,0.5572,2.825,2.7859,1.83,99.45,0,0.0,16630227105.0,16621419384.0,89188367.0,24721.23,24999.67,50.28,3121592.84,0,0,0,0,yfinance,yfinance,beacon_empirical_oracle,estimado,estimado_via_depeg,2.7859,2.825,16689319174.0
2025-05-01,Post-Shapella,1839.22,1838.02,0.999348,-0.000652,-0.0652,0.02502,0.025082,0.266053,0.923552,0.264133,0.926982,3.0533,2.748,0.3053,9.999,0.0008,1.2925,2.5037,0.5496,2.786,2.748,1.86,99.45,0,0.0,16569438128.0,16560574228.0,91631992.0,24781.02,25040.09,50.26,3207119.72,0,0,0,0,yfinance,yfinance,beacon_empirical_oracle,estimado,estimado_via_depeg,2.748,2.786,16560574228.0
2025-05-02,Post-Shapella,1842.71,1840.49,0.998795,-0.001205,-0.1205,0.001894,0.00134,0.264811,0.899214,0.2618,0.903819,2.996,2.6964,0.2996,10.0,0.0008,1.2933,2.4567,0.5393,2.733,2.6964,1.87,99.45,0,0.0,16945190375.0,16936134286.0,91259914.0,24524.7,25000.14,50.48,3194096.99,0,0,0,0,yfinance,yfinance,beacon_empirical_oracle,estimado,estimado_via_depeg,2.6964,2.733,16884915209.0
2025-05-03,Post-Shapella,1833.84,1833.36,0.999738,-0.000262,-0.0262,-0.004824,-0.003884,0.237173,0.898625,0.233957,0.903509,2.93,2.637,0.293,10.0,0.0008,1.2941,2.4026,0.5274,2.672,2.637,1.77,99.45,0,0.0,16941398958.0,16932506673.0,91466399.0,24883.62,24993.35,50.11,3201323.97,0,0,0,0,yfinance,yfinance,beacon_empirical_oracle,estimado,estimado_via_depeg,2.637,2.672,16888061269.0
2025-05-04,Post-Shapella,1808.59,1807.31,0.999292,-0.000708,-0.0708,-0.013862,-0.014306,0.227968,0.89999,0.228506,0.904962,2.9051,2.6146,0.2905,9.9997,0.0008,1.2949,2.3822,0.5229,2.649,2.6146,1.67,99.45,0,0.0,16878045766.0,16869240122.0,90417035.0,24856.57,25136.53,50.28,3164596.22,0,0,0,0,yfinance,yfinance,beacon_empirical_oracle,estimado,estimado_via_depeg,2.6146,2.649,16733181589.0
2025-05-05,Post-Shapella,1819.7,1818.18,0.999165,-0.000835,-0.0835,0.00612,0.005995,0.230394,0.900054,0.230781,0.905022,2.9582,2.6623,0.2959,10.0027,0.0008,1.2957,2.4257,0.5325,2.698,2.6623,1.7001,99.45,0,0.0,16589440413.0,16580812691.0,89943077.0,24550.6,24876.82,50.33,3148007.7,0,0,0,0,yfinance,yfinance,beacon_empirical_oracle,estimado,estimado_via_depeg,2.6623,2.698,16796502633.0
2025-05-06,Post-Shapella,1815.09,1815.16,1.000039,3.9e-05,0.0039,-0.002537,-0.001663,0.232273,0.754954,0.229945,0.75361,2.9798,2.6818,0.298,10.0007,0.0008,1.2966,2.4434,0.5364,2.718,2.6818,1.86,99.45,0,0.0,16698451494.0,16689674118.0,89126271.0,24561.29,24541.65,49.98,3119419.49,0,0,0,0,yfinance,yfinance,beacon_empirical_oracle,estimado,estimado_via_depeg,2.6818,2.718,16511829502.0
2025-05-07,Post-Shapella,1811.61,1815.11,1.001932,0.001932,0.1932,-0.00192,-3e-05,0.23119,0.752449,0.229643,0.752354,2.9484,2.6536,0.2948,9.9986,0.0008,1.2974,2.4177,0.5307,2.689,2.6536,1.8501,99.45,0,0.0,16858372775.0,16849460383.0,91361239.0,25603.8,24827.16,49.23,3197643.36,0,0,0,0,yfinance,yfinance,beacon_empirical_oracle,estimado,estimado_via_depeg,2.6536,2.689,16576706945.0
2025-05-08,Post-Shapella,2206.51,2204.31,0.999003,-0.000997,-0.0997,0.1972,0.194268,1.446999,0.979395,1.422925,0.970067,2.9701,2.6731,0.297,9.9997,0.0008,1.2982,2.4354,0.5346,2.709,2.6731,1.9201,99.45,0,0.0,16714481730.0,16705529727.0,106475950.0,23934.66,24320.71,50.4,3726658.25,0,0,0,0,yfinance,yfinance,beacon_empirical_oracle,estimado,estimado_via_depeg,2.6731,2.709,19989462963.0
2025-05-09,Post-Shapella,2345.51,2343.03,0.998943,-0.001057,-0.1057,0.061088,0.061031,1.450112,0.911314,1.425377,0.904325,3.8,3.42,0.38,10.0,0.001,1.2992,3.116,0.684,3.479,3.42,2.46,99.45,0,0.0,20171118029.0,20161301508.0,114773695.0,24261.16,24672.2,50.42,4017079.32,0,0,0,0,yfinance,yfinance,beacon_empirical_oracle,estimado,estimado_via_depeg,3.42,3.479,21425260240.0
2025-05-10,Post-Shapella,2582.42,2585.21,1.00108,0.00108,0.108,0.096226,0.098364,1.46704,0.879647,1.448962,0.879334,3.2769,2.9492,0.3277,10.0003,0.0009,1.3001,2.6871,0.5898,2.993,2.9492,3.55,99.45,0,0.0,21684208093.0,21673861235.0,128939297.0,25179.52,24750.12,49.57,4512875.4,0,0,0,0,yfinance,yfinance,beacon_empirical_oracle,estimado,estimado_via_depeg,2.9492,2.993,23407629041.0
2025-05-11,Post-Shapella,2510.24,2506.3,0.99843,-0.00157,-0.157,-0.02835,-0.031,1.507909,0.892968,1.497595,0.894511,3.4332,3.0899,0.3433,9.9994,0.0009,1.3011,2.8152,0.618,3.138,3.0899,2.18,99.45,0,0.0,23247906315.0,23237255770.0,131244363.0,25812.41,26471.18,50.63,4593552.7,0,0,0,0,yfinance,yfinance,beacon_empirical_oracle,estimado,estimado_via_depeg,3.0899,3.138,22755457736.0
2025-05-12,Post-Shapella,2496.4,2490.21,0.99752,-0.00248,-0.248,-0.005529,-0.006439,1.529238,0.888306,1.520673,0.889517,3.2078,2.887,0.3208,10.0006,0.0009,1.3019,2.6304,0.5774,2.929,2.887,2.08,99.45,0,0.0,23164234168.0,23153755473.0,126946140.0,24922.41,25929.27,50.99,4443114.9,0,0,0,0,yfinance,yfinance,beacon_empirical_oracle,estimado,estimado_via_depeg,2.887,2.929,22749588131.0
2025-05-13,Post-Shapella,2680.13,2680.33,1.000075,7.5e-05,0.0075,0.071016,0.073571,1.481133,0.895992,1.476845,0.898707,3.2111,2.89,0.3211,9.9997,0.0009,1.3028,2.6331,0.578,2.932,2.89,1.99,99.45,0,0.0,22632781380.0,22622389132.0,139510493.0,26042.43,26011.2,49.97,4882867.26,0,0,0,0,yfinance,yfinance,beacon_empirical_oracle,estimado,estimado_via_depeg,2.89,2.932,24582906678.0
2025-05-14,Post-Shapella,2610.06,2607.8,0.999134,-0.000866,-0.0866,-0.026491,-0.027433,1.548359,0.908911,1.551118,0.912138,3.1787,2.8608,0.3179,10.0009,0.0009,1.3037,2.6065,0.5722,2.902,2.8608,2.1,99.45,0,0.0,24565108436.0,24554152176.0,135993093.0,25869.36,26234.08,50.35,4759758.26,0,0,0,0,yfinance,yfinance,beacon_empirical_oracle,estimado,estimado_via_depeg,2.8608,2.902,23694465110.0
2025-05-15,Post-Shapella,2546.86,2538.44,0.996694,-0.003306,-0.3306,-0.024514,-0.026959,1.023856,0.910652,1.059398,0.915479,3.0825,2.7743,0.3082,9.9984,0.0008,1.3045,2.5277,0.5549,2.813,2.7743,1.77,99.45,0,0.0,23887234854.0,23876608811.0,132235570.0,25275.15,26645.87,51.32,4628244.95,0,0,0,0,yfinance,yfinance,beacon_empirical_oracle,estimado,estimado_via_depeg,2.7743,2.813,23205854850.0
2025-05-16,Post-Shapella,2536.3,2542.06,1.002271,0.002271,0.2271,-0.004155,0.001428,0.973648,0.909922,1.005583,0.912649,3.1387,2.8248,0.3139,10.001,0.0009,1.3054,2.5737,0.565,2.865,2.8248,1.74,99.45,0,0.0,23235660527.0,23225524336.0,134043017.0,26905.85,25943.98,49.09,4691505.6,0,0,0,0,yfinance,yfinance,beacon_empirical_oracle,estimado,estimado_via_depeg,2.8248,2.865,23299795926.0
2025-05-17,Post-Shapella,2475.75,2472.54,0.998703,-0.001297,-0.1297,-0.02416,-0.027729,0.676684,0.919585,0.714069,0.924374,3.022,2.7198,0.3022,10.0,0.0008,1.3062,2.478,0.544,2.757,2.7198,1.77,99.45,0,0.0,23320532254.0,23310507242.0,128935047.0,25768.78,26310.41,50.52,4512726.65,0,0,0,0,yfinance,yfinance,beacon_empirical_oracle,estimado,estimado_via_depeg,2.7198,2.757,22430903537.0
2025-05-18,Post-Shapella,2498.23,2489.89,0.996662,-0.003338,-0.3338,0.009039,0.006992,0.655164,0.919004,0.686506,0.924028,2.8791,2.5912,0.2879,9.9997,0.0008,1.307,2.3609,0.5182,2.625,2.5912,1.67,99.45,0,0.0,22620649586.0,22610709484.0,124914215.0,24330.53,25670.56,51.34,4371997.53,0,0,0,0,yfinance,yfinance,beacon_empirical_oracle,estimado,estimado_via_depeg,2.5912,2.625,22383100321.0
2025-05-19,Post-Shapella,2529.17,2526.51,0.998948,-0.001052,-0.1052,0.012306,0.014601,0.659784,0.919055,0.693031,0.923998,3.3492,3.0142,0.335,10.0024,0.0009,1.3079,2.7463,0.6028,3.06,3.0142,1.68,99.45,0,0.0,22321593292.0,22311383123.0,130932352.0,25667.02,26101.88,50.42,4582632.32,0,0,0,0,yfinance,yfinance,beacon_empirical_oracle,estimado,estimado_via_depeg,3.0142,3.06,22656274747.0
2025-05-20,Post-Shapella,2524.17,2518.09,0.997591,-0.002409,-0.2409,-0.001976,-0.003338,0.314631,0.914445,0.34588,0.918293,3.21,2.889,0.321,10.0,0.0009,1.3088,2.6322,0.5778,2.931,2.889,2.16,99.45,0,0.0,22968337420.0,22958371735.0,130844223.0,25420.64,26415.9,50.96,4579547.81,0,0,0,0,yfinance,yfinance,beacon_empirical_oracle,estimado,estimado_via_depeg,2.889,2.931,22568218222.0
2025-05-21,Post-Shapella,2552.35,2551.17,0.999538,-0.000462,-0.0462,0.0111,0.01305,0.301144,0.911656,0.337495,0.915526,3.0533,2.748,0.3053,9.999,0.0008,1.3096,2.5037,0.5496,2.786,2.748,1.79,99.45,0,0.0,22810598214.0,22800534932.0,130517932.0,25476.14,25660.23,50.18,4568127.62,0,0,0,0,yfinance,yfinance,beacon_empirical_oracle,estimado,estimado_via_depeg,2.748,2.786,22724516883.0
2025-05-22,Post-Shapella,2664.16,2657.7,0.997575,-0.002425,-0.2425,0.042874,0.040909,0.390741,0.857508,0.396696,0.859846,3.2197,2.8977,0.322,10.0009,0.0009,1.3105,2.6402,0.5795,2.94,2.8977,1.72,99.45,0,0.0,23140141635.0,23129773829.0,137917231.0,25381.67,26385.96,50.97,4827103.09,0,0,0,0,yfinance,yfinance,beacon_empirical_oracle,estimado,estimado_via_depeg,2.8977,2.94,23894953566.0
2025-05-23,Post-Shapella,2526.44,2517.81,0.996584,-0.003416,-0.3416,-0.053076,-0.054071,0.583512,0.888019,0.593818,0.890748,3.2208,2.8987,0.3221,10.0006,0.0009,1.3114,2.641,0.5797,2.941,2.8987,1.8,99.45,0,0.0,24007687451.0,23996935668.0,131228142.0,25259.36,26682.56,51.37,4592984.97,0,0,0,0,yfinance,yfinance,beacon_empirical_oracle,estimado,estimado_via_depeg,2.8987,2.941,22843342637.0
2025-05-24,Post-Shapella,2530.65,2527.82,0.998882,-0.001118,-0.1118,0.001663,0.003969,0.548724,0.883782,0.550774,0.884897,3.0695,2.7626,0.3069,9.9984,0.0008,1.3122,2.517,0.5525,2.801,2.7626,1.81,99.45,0,0.0,22825754058.0,22815356379.0,130519804.0,25555.71,26019.89,50.45,4568193.14,0,0,0,0,yfinance,yfinance,beacon_empirical_oracle,estimado,estimado_via_depeg,2.7626,2.801,22770887648.0
2025-05-25,Post-Shapella,2551.76,2549.34,0.999052,-0.000948,-0.0948,0.00831,0.008477,0.548272,0.883831,0.551507,0.884972,2.9387,2.6448,0.2939,10.001,0.0008,1.313,2.4097,0.529,2.68,2.6448,1.6,99.45,0,0.0,22715264957.0,22704929422.0,130087964.0,25296.13,25683.57,50.38,4553078.74,0,0,0,0,yfinance,yfinance,beacon_empirical_oracle,estimado,estimado_via_depeg,2.6448,2.68,22898189858.0
2025-05-26,Post-Shapella,2564.14,2558.3,0.997722,-0.002278,-0.2278,0.004838,0.00351,0.543213,0.883716,0.543526,0.885039,2.9841,2.6857,0.2984,9.9997,0.0008,1.3139,2.447,0.5371,2.722,2.6857,1.56,99.45,0,0.0,22971934221.0,22961772431.0,125087896.0,23947.85,24835.71,50.91,4378076.36,0,0,0,0,yfinance,yfinance,beacon_empirical_oracle,estimado,estimado_via_depeg,2.6857,2.722,23086669677.0
2025-05-27,Post-Shapella,2663.07,2662.62,0.999831,-0.000169,-0.0169,0.037857,0.039966,0.59894,0.882649,0.605146,0.884969,3.0079,2.7071,0.3008,10.0003,0.0008,1.3147,2.4665,0.5414,2.744,2.7071,1.56,99.45,0,0.0,23058695473.0,23048612418.0,128043015.0,24006.83,24074.15,50.07,4481505.53,0,0,0,0,yfinance,yfinance,beacon_empirical_oracle,estimado,estimado_via_depeg,2.7071,2.744,23965373899.0
2025-05-28,Post-Shapella,2682.21,2675.78,0.997603,-0.002397,-0.2397,0.007163,0.00493,0.598236,0.882212,0.603841,0.884769,3.1009,2.7908,0.3101,10.0003,0.0008,1.3155,2.5427,0.5582,2.83,2.7908,1.57,99.45,0,0.0,23872194401.0,23862007060.0,127575554.0,23325.19,24238.41,50.96,4465144.39,0,0,0,0,yfinance,yfinance,beacon_empirical_oracle,estimado,estimado_via_depeg,2.7908,2.83,23782788446.0
2025-05-29,Post-Shapella,2632.65,2628.46,0.998408,-0.001592,-0.1592,-0.018649,-0.017842,0.536092,0.888165,0.548531,0.889809,3.1452,2.8307,0.3145,9.9994,0.0009,1.3164,2.5791,0.5661,2.871,2.8307,1.67,99.45,0,0.0,24303108599.0,24293181967.0,127811076.0,23963.51,24584.93,50.64,4473387.66,0,0,0,0,yfinance,yfinance,beacon_empirical_oracle,estimado,estimado_via_depeg,2.8307,2.871,23851451859.0
2025-05-30,Post-Shapella,2529.94,2526.23,0.998534,-0.001466,-0.1466,-0.039796,-0.039671,0.462148,0.90545,0.468758,0.907445,3.1819,2.8637,0.3182,10.0003,0.0009,1.3173,2.6092,0.5727,2.905,2.8637,1.77,99.45,0,0.0,23361868891.0,23352451643.0,124305382.0,24276.97,24856.75,50.59,4350688.37,0,0,0,0,yfinance,yfinance,beacon_empirical_oracle,estimado,estimado_via_depeg,2.8637,2.905,22706151510.0
2025-05-31,Post-Shapella,2529.09,2528.21,0.999652,-0.000348,-0.0348,-0.000338,0.000782,0.461988,0.904992,0.467878,0.906805,3.1625,2.8462,0.3163,10.0016,0.0009,1.3181,2.5932,0.5692,2.887,2.8462,1.83,99.45,0,0.0,22691942168.0,22682922264.0,122589960.0,24168.12,24303.84,50.14,4290648.6,0,0,0,0,yfinance,yfinance,beacon_empirical_oracle,estimado,estimado_via_depeg,2.8462,2.887,22771797993.0
2025-06-01,Post-Shapella,2536.27,2533.27,0.998817,-0.001183,-0.1183,0.002835,0.002,0.457604,0.904883,0.46307,0.906723,2.9701,2.6731,0.297,9.9997,0.0008,1.319,2.4354,0.5346,2.709,2.6731,1.66,99.45,0,0.0,22610133573.0,22601119325.0,122483215.0,23919.35,24373.3,50.47,4286912.53,0,0,0,0,yfinance,yfinance,beacon_empirical_oracle,estimado,estimado_via_depeg,2.6731,2.709,22784786834.0
2025-06-02,Post-Shapella,2607.1,2607.92,1.000315,0.000315,0.0315,0.027544,0.029045,0.502051,0.904961,0.512,0.907355,2.9895,2.6906,0.2989,9.9983,0.0008,1.3198,2.4514,0.5381,2.727,2.6906,1.66,99.45,0,0.0,22777295889.0,22768204040.0,122120588.0,23481.67,23359.88,49.87,4274220.58,0,0,0,0,yfinance,yfinance,beacon_empirical_oracle,estimado,estimado_via_depeg,2.6906,2.727,23127121598.0
2025-06-03,Post-Shapella,2593.28,2590.12,0.998781,-0.001219,-0.1219,-0.005314,-0.006848,0.403559,0.902406,0.405479,0.905029,3.0566,2.7509,0.3057,10.0013,0.0008,1.3206,2.5064,0.5502,2.789,2.7509,1.65,99.45,0,0.0,23476761187.0,23467697211.0,124875711.0,23840.84,24312.74,50.49,4370649.89,0,0,0,0,yfinance,yfinance,beacon_empirical_oracle,estimado,estimado_via_depeg,2.7509,2.789,23373393902.0
2025-06-04,Post-Shapella,2608.64,2608.59,0.999981,-1.9e-05,-0.0019,0.005907,0.007103,0.401581,0.902424,0.408663,0.904945,3.0685,2.7616,0.3069,10.0016,0.0008,1.3215,2.5161,0.5523,2.8,2.7616,1.64,99.45,0,0.0,23295526858.0,23286592638.0,125496473.0,24049.19,24058.81,50.01,4392376.56,0,0,0,0,yfinance,yfinance,beacon_empirical_oracle,estimado,estimado_via_depeg,2.7616,2.8,23376013285.0
2025-06-05,Post-Shapella,2416.29,2418.3,1.000832,0.000832,0.0832,-0.076599,-0.075744,0.663208,0.953004,0.664772,0.954587,3.0306,2.7276,0.303,9.998,0.0008,1.3223,2.4851,0.5455,2.765,2.7276,1.47,99.45,0,0.0,23416675130.0,23407832266.0,116740459.0,24316.4,23997.53,49.67,4085916.07,0,0,0,0,yfinance,yfinance,beacon_empirical_oracle,estimado,estimado_via_depeg,2.7276,2.765,21672098517.0
2025-06-06,Post-Shapella,2477.19,2477.13,0.999976,-2.4e-05,-0.0024,0.024895,0.024035,0.664278,0.953537,0.662065,0.955234,3.1527,2.8375,0.3152,9.9978,0.0009,1.3231,2.5853,0.5675,2.878,2.8375,1.47,99.45,0,0.0,21717171088.0,21708846759.0,119300875.0,24075.06,24084.7,50.01,4175530.63,0,0,0,0,yfinance,yfinance,beacon_empirical_oracle,estimado,estimado_via_depeg,2.8375,2.878,22253377763.0
2025-06-07,Post-Shapella,2526.51,2521.42,0.997985,-0.002015,-0.2015,0.01971,0.017722,0.684647,0.676798,0.678736,0.688771,3.0068,2.7062,0.3006,9.9973,0.0008,1.324,2.4656,0.5412,2.743,2.7062,1.57,99.45,0,0.0,22282229224.0,22273708053.0,120568150.0,23474.07,24247.15,50.81,4219885.25,0,0,0,0,yfinance,yfinance,beacon_empirical_oracle,estimado,estimado_via_depeg,2.7062,2.743,22765211512.0
2025-06-08,Post-Shapella,2510.79,2508.54,0.999104,-0.000896,-0.0896,-0.006241,-0.00512,0.685379,0.646008,0.679162,0.658391,2.9398,2.6458,0.294,10.0007,0.0008,1.3248,2.4106,0.5292,2.681,2.6458,1.46,99.45,0,0.0,22646375186.0,22637727324.0,120663679.0,23856.02,24202.04,50.36,4223228.77,0,0,0,0,yfinance,yfinance,beacon_empirical_oracle,estimado,estimado_via_depeg,2.6458,2.681,22500962145.0
2025-06-09,Post-Shapella,2681.52,2678.25,0.998781,-0.001219,-0.1219,0.065786,0.065462,0.825149,0.597166,0.815665,0.60586,2.9387,2.6448,0.2939,10.001,0.0008,1.3256,2.4097,0.529,2.68,2.6448,1.42,99.45,0,0.0,22518165347.0,22509379895.0,125739722.0,23215.84,23675.37,50.49,4400890.27,0,0,0,0,yfinance,yfinance,beacon_empirical_oracle,estimado,estimado_via_depeg,2.6448,2.68,23924565205.0
2025-06-10,Post-Shapella,2813.52,2807.72,0.997939,-0.002061,-0.2061,0.048053,0.047209,0.876792,0.608843,0.864662,0.614927,3.0728,2.7655,0.3073,10.0007,0.0008,1.3264,2.5197,0.5531,2.804,2.7655,1.43,99.45,0,0.0,24177781271.0,24168509867.0,132712382.0,23197.97,23971.55,50.82,4644933.37,0,0,0,0,yfinance,yfinance,beacon_empirical_oracle,estimado,estimado_via_depeg,2.7655,2.804,25269157459.0
2025-06-11,Post-Shapella,2773.53,2775.15,1.000584,0.000584,0.0584,-0.014315,-0.011668,0.896774,0.611304,0.88097,0.61629,3.0728,2.7655,0.3073,10.0007,0.0008,1.3273,2.5197,0.5531,2.804,2.7655,1.57,99.45,0,0.0,25494775321.0,25485245335.0,133796292.0,24231.17,24009.26,49.77,4682870.22,0,0,0,0,yfinance,yfinance,beacon_empirical_oracle,estimado,estimado_via_depeg,2.7655,2.804,25101613880.0
2025-06-12,Post-Shapella,2651.8,2650.5,0.99951,-0.00049,-0.049,-0.044884,-0.045958,0.726152,0.583245,0.718209,0.585784,3.1052,2.7947,0.3105,9.9994,0.0009,1.3281,2.5463,0.5589,2.834,2.7947,1.53,99.45,0,0.0,25143134872.0,25133878005.0,126322538.0,23722.99,23913.54,50.2,4421288.83,0,0,0,0,yfinance,yfinance,beacon_empirical_oracle,estimado,estimado_via_depeg,2.7947,2.834,23947529547.0
2025-06-13,Post-Shapella,2579.49,2577.37,0.999178,-0.000822,-0.0822,-0.027647,-0.027977,0.77268,0.58391,0.766597,0.586103,3.1754,2.8579,0.3175,9.9987,0.0009,1.329,2.6039,0.5716,2.899,2.8579,1.57,99.45,0,0.0,23213996312.0,23205454631.0,122199308.0,23530.39,23843.05,50.33,4276975.78,0,0,0,0,yfinance,yfinance,beacon_empirical_oracle,estimado,estimado_via_depeg,2.8579,2.899,23339676914.0
2025-06-14,Post-Shapella,2533.44,2528.37,0.997999,-0.002001,-0.2001,-0.018011,-0.019193,0.779293,0.580962,0.77755,0.582286,2.8921,2.6029,0.2892,9.9997,0.0008,1.3298,2.3716,0.5206,2.637,2.6029,1.56,99.45,0,0.0,23315709198.0,23307276303.0,120524174.0,23406.08,24167.25,50.8,4218346.09,0,0,0,0,yfinance,yfinance,beacon_empirical_oracle,estimado,estimado_via_depeg,2.6029,2.637,22957549197.0
2025-06-15,Post-Shapella,2546.84,2547.05,1.000082,8.2e-05,0.0082,0.005273,0.00736,0.777766,0.58108,0.777389,0.582853,2.8152,2.5337,0.2815,9.9993,0.0008,1.3305,2.3085,0.5067,2.566,2.5337,1.48,99.45,0,0.0,23034258809.0,23026024609.0,121140662.0,23796.81,23768.27,49.97,4239923.17,0,0,0,0,yfinance,yfinance,beacon_empirical_oracle,estimado,estimado_via_depeg,2.5337,2.566,23056611262.0
2025-06-16,Post-Shapella,2540.6,2547.37,1.002665,0.002665,0.2665,-0.00245,0.000125,0.564313,0.574551,0.569081,0.574168,2.9105,2.6195,0.291,9.9983,0.0008,1.3313,2.3866,0.5239,2.654,2.6195,1.49,99.45,0,0.0,23183848341.0,23175267126.0,126121891.0,25352.46,24290.11,48.93,4414266.19,0,0,0,0,yfinance,yfinance,beacon_empirical_oracle,estimado,estimado_via_depeg,2.6195,2.654,23757154063.0
2025-06-17,Post-Shapella,2510.76,2510.62,0.999944,-5.6e-05,-0.0056,-0.011816,-0.014533,0.314888,0.57542,0.337977,0.576243,3.0198,2.7178,0.302,10.0007,0.0008,1.3322,2.4762,0.5436,2.755,2.7178,1.42,99.45,0,0.0,23142194565.0,23133818406.0,120130544.0,23913.57,23932.71,50.02,4204569.04,0,0,0,0,yfinance,yfinance,beacon_empirical_oracle,estimado,estimado_via_depeg,2.7178,2.755,23133818406.0
2025-06-18,Post-Shapella,2524.3,2531.95,1.003031,0.003031,0.3031,0.005378,0.00846,0.352204,0.574086,0.381979,0.574718,2.9181,2.6263,0.2918,9.9997,0.0008,1.333,2.3929,0.5253,2.661,2.6263,1.47,99.45,0,0.0,22961965706.0,22953681258.0,120404248.0,24426.18,23271.89,48.79,4214148.68,0,0,0,0,yfinance,yfinance,beacon_empirical_oracle,estimado,estimado_via_depeg,2.6263,2.661,22953681258.0
2025-06-19,Post-Shapella,2521.65,2531.07,1.003736,0.003736,0.3736,-0.00105,-0.000348,0.237907,0.574057,0.268436,0.574589,3.0112,2.71,0.3012,10.0027,0.0008,1.3338,2.4692,0.542,2.747,2.71,1.44,99.45,0,0.0,22994614748.0,22986378436.0,119803285.0,24462.84,23047.04,48.51,4193114.98,0,0,0,0,yfinance,yfinance,beacon_empirical_oracle,estimado,estimado_via_depeg,2.71,2.747,23057071650.0
2025-06-20,Post-Shapella,2407.3,2405.78,0.999369,-0.000631,-0.0631,-0.046407,-0.050766,0.348781,0.594694,0.398051,0.599177,2.9365,2.6429,0.2936,9.9983,0.0008,1.3346,2.4079,0.5286,2.678,2.6429,1.45,99.45,0,0.0,23109878112.0,23101625399.0,115246545.0,23817.2,24056.57,50.25,4033629.08,0,0,0,0,yfinance,yfinance,beacon_empirical_oracle,estimado,estimado_via_depeg,2.6429,2.678,22032096228.0
2025-06-21,Post-Shapella,2300.5,2284.4,0.993002,-0.006998,-0.6998,-0.045383,-0.051772,0.433394,0.590633,0.500852,0.602925,2.9571,2.6614,0.2957,9.9997,0.0008,1.3354,2.4248,0.5323,2.697,2.6614,1.43,99.45,0,0.0,21990069339.0,21982211852.0,109683260.0,22504.02,25173.99,52.8,3838914.1,0,0,0,0,yfinance,yfinance,beacon_empirical_oracle,estimado,estimado_via_depeg,2.6614,2.697,21055638426.0
2025-06-22,Post-Shapella,2228.21,2227.04,0.999475,-0.000525,-0.0525,-0.031925,-0.025429,0.416839,0.573268,0.468744,0.581509,3.2478,2.923,0.3248,10.0006,0.0009,1.3363,2.6632,0.5846,2.966,2.923,1.5,99.45,0,0.0,20562258014.0,20554662746.0,105200467.0,23507.35,23705.64,50.21,3682016.34,0,0,0,0,yfinance,yfinance,beacon_empirical_oracle,estimado,estimado_via_depeg,2.923,2.966,20443323846.0
2025-06-23,Post-Shapella,2421.82,2415.7,0.997473,-0.002527,-0.2527,0.083321,0.081316,0.855006,0.649453,0.868417,0.653171,3.2693,2.9424,0.3269,9.9991,0.0009,1.3372,2.6809,0.5885,2.986,2.9424,1.73,99.45,0,0.0,20603792260.0,20596319681.0,113091232.0,22876.76,23820.04,51.01,3958193.12,0,0,0,0,yfinance,yfinance,beacon_empirical_oracle,estimado,estimado_via_depeg,2.9424,2.986,22117791195.0
2025-06-24,Post-Shapella,2448.01,2445.1,0.998811,-0.001189,-0.1189,0.010754,0.012097,0.862515,0.649972,0.876701,0.653989,3.1409,2.8268,0.3141,10.0003,0.0009,1.3381,2.5755,0.5654,2.867,2.8268,1.8,99.45,0,0.0,22220070689.0,22211935671.0,116007905.0,23471.6,23917.05,50.47,4060276.68,0,0,0,0,yfinance,yfinance,beacon_empirical_oracle,estimado,estimado_via_depeg,2.8268,2.867,22304928242.0
2025-06-25,Post-Shapella,2419.31,2417.14,0.999103,-0.000897,-0.0897,-0.011792,-0.011503,0.860533,0.650556,0.871586,0.654669,3.0209,2.7188,0.3021,10.0003,0.0008,1.3389,2.4771,0.5438,2.756,2.7188,1.77,99.45,0,0.0,22403447692.0,22395257540.0,116321600.0,23867.15,24213.33,50.36,4071256.0,0,0,0,0,yfinance,yfinance,beacon_empirical_oracle,estimado,estimado_via_depeg,2.7188,2.756,22164963106.0
2025-06-26,Post-Shapella,2416.15,2426.76,1.004391,0.004391,0.4391,-0.001308,0.003971,0.860443,0.634549,0.874034,0.637518,2.9982,2.6984,0.2998,9.9993,0.0008,1.3397,2.4585,0.5397,2.735,2.6984,1.57,99.45,0,0.0,22156514883.0,22148449127.0,115243536.0,24688.06,23009.12,48.24,4033523.76,0,0,0,0,yfinance,yfinance,beacon_empirical_oracle,estimado,estimado_via_depeg,2.6984,2.735,22018854777.0
2025-06-27,Post-Shapella,2423.87,2420.67,0.99868,-0.00132,-0.132,0.00319,-0.002512,0.790844,0.63388,0.789052,0.636867,3.0047,2.7042,0.3005,10.001,0.0008,1.3405,2.4638,0.5408,2.741,2.7042,1.88,99.45,0,0.0,22051279578.0,22043484864.0,115579313.0,23589.17,24094.62,50.53,4045275.96,0,0,0,0,yfinance,yfinance,beacon_empirical_oracle,estimado,estimado_via_depeg,2.7042,2.741,22067800220.0
2025-06-28,Post-Shapella,2437.11,2435.59,0.999376,-0.000624,-0.0624,0.005448,0.006143,0.688066,0.632143,0.653059,0.635486,2.8856,2.5971,0.2885,9.9979,0.0008,1.3413,2.3662,0.5194,2.631,2.5971,1.64,99.45,0,0.0,22047490228.0,22039567899.0,116211478.0,23722.86,23961.28,50.25,4067401.73,0,0,0,0,yfinance,yfinance,beacon_empirical_oracle,estimado,estimado_via_depeg,2.5971,2.631,22214008671.0
2025-06-29,Post-Shapella,2500.96,2504.07,1.001244,0.001244,0.1244,0.025862,0.02773,0.604286,0.624927,0.591741,0.629379,2.8997,2.6097,0.29,10.001,0.0008,1.3421,2.3778,0.5219,2.644,2.6097,1.55,99.45,0,0.0,22216234181.0,22207827944.0,116073673.0,23437.88,22973.77,49.5,4062578.56,0,0,0,0,yfinance,yfinance,beacon_empirical_oracle,estimado,estimado_via_depeg,2.6097,2.644,22709263855.0
2025-06-30,Post-Shapella,2486.46,2485.66,0.999678,-0.000322,-0.0322,-0.005813,-0.00738,0.23396,0.625213,0.252192,0.629847,2.9116,2.6205,0.2911,9.9979,0.0008,1.3429,2.3875,0.5241,2.655,2.6205,1.58,99.45,0,0.0,22776902359.0,22768355353.0,118605278.0,23788.22,23912.24,50.13,4151184.73,0,0,0,0,yfinance,yfinance,beacon_empirical_oracle,estimado,estimado_via_depeg,2.6205,2.655,22638053628.0
2025-07-01,Post-Shapella,2405.79,2404.55,0.999485,-0.000515,-0.0515,-0.032982,-0.033173,0.34246,0.635164,0.355379,0.639912,2.9441,2.6497,0.2944,9.9997,0.0008,1.3437,2.4142,0.5299,2.685,2.6497,1.52,99.45,0,0.0,22710642481.0,22702027785.0,114932917.0,23786.41,23987.06,50.21,4022652.1,0,0,0,0,yfinance,yfinance,beacon_empirical_oracle,estimado,estimado_via_depeg,2.6497,2.685,21945024770.0
2025-07-02,Post-Shapella,2571.34,2581.28,1.003866,0.003866,0.3866,0.066546,0.070919,0.590393,0.67135,0.623799,0.680638,2.9452,2.6507,0.2945,9.9993,0.0008,1.3445,2.415,0.5301,2.686,2.6507,1.55,99.45,0,0.0,21935554385.0,21927362721.0,123510875.0,24761.35,23272.31,48.45,4322880.62,0,0,0,0,yfinance,yfinance,beacon_empirical_oracle,estimado,estimado_via_depeg,2.6507,2.686,23619106217.0
2025-07-03,Post-Shapella,2591.01,2589.61,0.99946,-0.00054,-0.054,0.007621,0.003224,0.584672,0.671689,0.624217,0.680333,2.9625,2.6662,0.2963,10.0017,0.0008,1.3453,2.4292,0.5332,2.702,2.6662,1.85,99.45,0,0.0,23458588779.0,23450120936.0,123198201.0,23669.56,23878.77,50.22,4311937.04,0,0,0,0,yfinance,yfinance,beacon_empirical_oracle,estimado,estimado_via_depeg,2.6662,2.702,23631216293.0
2025-07-04,Post-Shapella,2508.52,2507.15,0.999454,-0.000546,-0.0546,-0.032354,-0.032361,0.661129,0.680632,0.692044,0.689013,2.9571,2.6614,0.2957,9.9997,0.0008,1.3461,2.4248,0.5323,2.697,2.6614,1.44,99.45,0,0.0,23612901179.0,23604408334.0,119230388.0,23660.52,23869.65,50.22,4173063.58,0,0,0,0,yfinance,yfinance,beacon_empirical_oracle,estimado,estimado_via_depeg,2.6614,2.697,22745954285.0
2025-07-05,Post-Shapella,2517.28,2515.63,0.999345,-0.000655,-0.0655,0.003487,0.003378,0.661182,0.624103,0.692058,0.63457,2.8607,2.5747,0.286,9.9976,0.0008,1.3469,2.3458,0.5149,2.608,2.5747,1.48,99.45,0,0.0,22925583275.0,22917330613.0,119517073.0,23615.88,23862.77,50.26,4183097.56,0,0,0,0,yfinance,yfinance,beacon_empirical_oracle,estimado,estimado_via_depeg,2.5747,2.608,22890543537.0
2025-07-06,Post-Shapella,2571.24,2571.46,1.000086,8.6e-05,0.0086,0.021208,0.02195,0.65289,0.622484,0.681492,0.633672,2.8759,2.5883,0.2876,10.0003,0.0008,1.3477,2.3582,0.5177,2.622,2.5883,1.49,99.45,0,0.0,22922721559.0,22914518640.0,122622964.0,23859.41,23830.8,49.97,4291803.74,0,0,0,0,yfinance,yfinance,beacon_empirical_oracle,estimado,estimado_via_depeg,2.5883,2.622,23580920219.0
2025-07-07,Post-Shapella,2543.01,2541.82,0.999532,-0.000468,-0.0468,-0.011037,-0.011593,0.658711,0.620237,0.686356,0.632327,2.917,2.6253,0.2917,10.0,0.0008,1.3485,2.392,0.5251,2.66,2.6253,1.49,99.45,0,0.0,23413166529.0,23404747542.0,120557054.0,23613.54,23793.69,50.19,4219496.89,0,0,0,0,yfinance,yfinance,beacon_empirical_oracle,estimado,estimado_via_depeg,2.6253,2.66,23135058400.0
2025-07-08,Post-Shapella,2615.51,2614.65,0.999671,-0.000329,-0.0329,0.028108,0.02825,0.599562,0.627268,0.629325,0.639421,2.9333,2.6399,0.2934,10.0024,0.0008,1.3493,2.4053,0.528,2.675,2.6399,1.47,99.45,0,0.0,23188714479.0,23180432284.0,123399095.0,23528.54,23651.21,50.13,4318968.32,0,0,0,0,yfinance,yfinance,beacon_empirical_oracle,estimado,estimado_via_depeg,2.6399,2.675,23812017278.0
2025-07-09,Post-Shapella,2770.78,2770.98,1.000072,7.2e-05,0.0072,0.05767,0.058071,0.55192,0.617337,0.55902,0.630557,2.943,2.6487,0.2943,10.0,0.0008,1.3501,2.4133,0.5297,2.684,2.6487,1.6,99.45,0,0.0,23869512664.0,23861093374.0,130550140.0,23572.51,23544.24,49.97,4569254.9,0,0,0,0,yfinance,yfinance,beacon_empirical_oracle,estimado,estimado_via_depeg,2.6487,2.684,25203176450.0
2025-07-10,Post-Shapella,2954.85,2952.7,0.999272,-0.000728,-0.0728,0.064318,0.06352,0.671706,0.635257,0.671866,0.647886,3.0804,2.7723,0.3081,10.0019,0.0008,1.351,2.5259,0.5545,2.811,2.7723,2.02,99.45,0,0.0,25283949974.0,25275246160.0,138320929.0,23269.99,23541.5,50.29,4841232.52,0,0,0,0,yfinance,yfinance,beacon_empirical_oracle,estimado,estimado_via_depeg,2.7723,2.811,27126596599.0
2025-07-11,Post-Shapella,2957.89,2956.97,0.999689,-0.000311,-0.0311,0.001029,0.001443,0.549222,0.632658,0.548451,0.646098,3.1722,2.855,0.3172,9.9994,0.0009,1.3518,2.6012,0.571,2.896,2.855,2.37,99.45,0,0.0,26812777918.0,26803732468.0,140818607.0,23746.77,23861.02,50.12,4928651.24,0,0,0,0,yfinance,yfinance,beacon_empirical_oracle,estimado,estimado_via_depeg,2.855,2.896,26784113686.0
2025-07-12,Post-Shapella,2942.91,2938.33,0.998444,-0.001556,-0.1556,-0.005075,-0.006324,0.571277,0.610254,0.57406,0.623373,2.9603,2.6643,0.296,9.999,0.0008,1.3527,2.4275,0.5329,2.7,2.6643,2.27,99.45,0,0.0,27014373324.0,27005367163.0,139150915.0,23348.56,23934.88,50.62,4870282.03,0,0,0,0,yfinance,yfinance,beacon_empirical_oracle,estimado,estimado_via_depeg,2.6643,2.7,26781729652.0
2025-07-13,Post-Shapella,2973.36,2970.4,0.999004,-0.000996,-0.0996,0.010293,0.010857,0.577965,0.60017,0.579899,0.613379,2.8705,2.5834,0.2871,10.0017,0.0008,1.3534,2.3538,0.5167,2.617,2.5834,1.7,99.45,0,0.0,26909911377.0,26900983710.0,140082730.0,23367.85,23744.75,50.4,4902895.55,0,0,0,0,yfinance,yfinance,beacon_empirical_oracle,estimado,estimado_via_depeg,2.5834,2.617,27084985724.0
2025-07-14,Post-Shapella,3013.35,3011.77,0.999476,-0.000524,-0.0524,0.01336,0.01383,0.520289,0.595159,0.519995,0.607959,3.0133,2.712,0.3013,9.999,0.0008,1.3543,2.4709,0.5424,2.749,2.712,1.71,99.45,0,0.0,27079258987.0,27070335560.0,142220458.0,23499.28,23697.51,50.21,4977716.03,0,0,0,0,yfinance,yfinance,beacon_empirical_oracle,estimado,estimado_via_depeg,2.712,2.749,27506789075.0
2025-07-15,Post-Shapella,3139.89,3132.52,0.997653,-0.002347,-0.2347,0.041135,0.039309,0.534486,0.607784,0.531201,0.619082,2.996,2.6964,0.2996,10.0,0.0008,1.3551,2.4567,0.5393,2.733,2.6964,1.74,99.45,0,0.0,27557561438.0,27548587777.0,143888626.0,22482.24,23343.77,50.94,5036101.91,0,0,0,0,yfinance,yfinance,beacon_empirical_oracle,estimado,estimado_via_depeg,2.6964,2.733,28438775260.0
2025-07-16,Post-Shapella,3371.51,3364.08,0.997796,-0.002204,-0.2204,0.071172,0.071317,0.589096,0.646433,0.585926,0.65787,3.0706,2.7636,0.307,9.998,0.0008,1.3559,2.5179,0.5527,2.802,2.7636,1.81,99.45,0,0.0,28618315633.0,28609189406.0,158765936.0,23130.83,23959.62,50.88,5556807.76,0,0,0,0,yfinance,yfinance,beacon_empirical_oracle,estimado,estimado_via_depeg,2.7636,2.802,30786232400.0
2025-07-17,Post-Shapella,3476.78,3470.67,0.998243,-0.001757,-0.1757,0.030748,0.031193,0.507538,0.645873,0.506898,0.656379,3.1549,2.8394,0.3155,10.0003,0.0009,1.3568,2.587,0.5679,2.88,2.8394,2.29,99.45,0,0.0,30867121166.0,30857492943.0,163921889.0,23243.77,23903.84,50.7,5737266.12,0,0,0,0,yfinance,yfinance,beacon_empirical_oracle,estimado,estimado_via_depeg,2.8394,2.88,31695137047.0
2025-07-18,Post-Shapella,3549.02,3538.48,0.99703,-0.00297,-0.297,0.020563,0.01935,0.474035,0.646425,0.475926,0.656991,3.1117,2.8005,0.3112,10.001,0.0009,1.3576,2.5516,0.5601,2.84,2.8005,3.43,99.45,0,0.0,31765191334.0,31755408053.0,168003982.0,23105.74,24232.39,51.19,5880139.37,0,0,0,0,yfinance,yfinance,beacon_empirical_oracle,estimado,estimado_via_depeg,2.8005,2.84,32465247547.0
2025-07-19,Post-Shapella,3595.27,3581.35,0.996128,-0.003872,-0.3872,0.01295,0.012042,0.41646,0.644886,0.415515,0.65568,2.93,2.637,0.293,10.0,0.0008,1.3584,2.4026,0.5274,2.672,2.637,3.31,99.45,0,0.0,32386910824.0,32377197720.0,167684624.0,22597.25,24043.1,51.55,5868961.84,0,0,0,0,yfinance,yfinance,beacon_empirical_oracle,estimado,estimado_via_depeg,2.637,2.672,32423164681.0
2025-07-20,Post-Shapella,3759.47,3752.29,0.99809,-0.00191,-0.191,0.044658,0.046629,0.398073,0.619104,0.404457,0.626498,2.9354,2.6419,0.2935,9.9986,0.0008,1.3592,2.4071,0.5284,2.677,2.6419,2.89,99.45,0,0.0,32667909107.0,32658195982.0,175014688.0,22922.71,23630.31,50.76,6125514.08,0,0,0,0,yfinance,yfinance,beacon_empirical_oracle,estimado,estimado_via_depeg,2.6419,2.677,33848577986.0
2025-07-21,Post-Shapella,3763.37,3751.34,0.996803,-0.003197,-0.3197,0.001037,-0.000254,0.443392,0.582335,0.455447,0.581754,3.0793,2.7713,0.308,10.0023,0.0008,1.3601,2.525,0.5543,2.81,2.7713,2.93,99.45,0,0.0,34050356452.0,34040431857.0,177096387.0,22926.62,24131.3,51.28,6198373.55,0,0,0,0,yfinance,yfinance,beacon_empirical_oracle,estimado,estimado_via_depeg,2.7713,2.81,34247712215.0
2025-07-22,Post-Shapella,3749.15,3732.64,0.995596,-0.004404,-0.4404,-0.003787,-0.004998,0.500536,0.560816,0.516716,0.567393,3.0263,2.7237,0.3026,9.999,0.0008,1.3609,2.4816,0.5447,2.761,2.7237,3.33,99.45,0,0.0,34374039965.0,34363185453.0,174428760.0,22443.6,24081.28,51.76,6105006.6,0,0,0,0,yfinance,yfinance,beacon_empirical_oracle,estimado,estimado_via_depeg,2.7237,2.761,33776810092.0
2025-07-23,Post-Shapella,3629.7,3619.97,0.997319,-0.002681,-0.2681,-0.032377,-0.030648,0.481817,0.534066,0.48478,0.542026,2.9073,2.6166,0.2907,9.999,0.0008,1.3617,2.384,0.5233,2.651,2.6166,3.0,99.45,0,0.0,34019620157.0,34008476788.0,170957923.0,23045.9,24053.84,51.07,5983527.31,0,0,0,0,yfinance,yfinance,beacon_empirical_oracle,estimado,estimado_via_depeg,2.6166,2.651,32836779376.0
2025-07-24,Post-Shapella,3708.01,3697.72,0.997225,-0.002775,-0.2775,0.021343,0.021251,0.46221,0.534661,0.463793,0.542672,3.0868,2.7782,0.3086,9.9974,0.0008,1.3626,2.5312,0.5556,2.817,2.7782,2.87,99.45,0,0.0,33073008373.0,33062688523.0,174751261.0,23040.9,24087.14,51.11,6116294.14,0,0,0,0,yfinance,yfinance,beacon_empirical_oracle,estimado,estimado_via_depeg,2.7782,2.817,33587199286.0
2025-07-25,Post-Shapella,3727.27,3720.1,0.998076,-0.001924,-0.1924,0.005181,0.006032,0.452446,0.527651,0.455706,0.53579,3.0339,2.7305,0.3034,10.0003,0.0008,1.3634,2.4878,0.5461,2.768,2.7305,2.5,99.45,0,0.0,32873395352.0,32863741618.0,175455704.0,23174.29,23899.22,50.77,6140949.64,0,0,0,0,yfinance,yfinance,beacon_empirical_oracle,estimado,estimado_via_depeg,2.7305,2.768,33448784156.0
2025-07-26,Post-Shapella,3741.4,3738.18,0.999139,-0.000861,-0.0861,0.003784,0.004848,0.449948,0.526038,0.453966,0.535584,2.916,2.6244,0.2916,10.0,0.0008,1.3642,2.3911,0.5249,2.659,2.6244,2.37,99.45,0,0.0,33602188907.0,33592042374.0,177706993.0,23587.24,23910.22,50.34,6219744.76,0,0,0,0,yfinance,yfinance,beacon_empirical_oracle,estimado,estimado_via_depeg,2.6244,2.659,33710476570.0
2025-07-27,Post-Shapella,3875.25,3867.65,0.998039,-0.001961,-0.1961,0.03515,0.03405,0.402605,0.529135,0.39031,0.536235,2.9408,2.6468,0.294,9.9973,0.0008,1.365,2.4115,0.5294,2.682,2.6468,2.36,99.45,0,0.0,33897495501.0,33887439917.0,180642583.0,22943.62,23670.81,50.78,6322490.4,0,0,0,0,yfinance,yfinance,beacon_empirical_oracle,estimado,estimado_via_depeg,2.6468,2.682,34518932343.0
2025-07-28,Post-Shapella,3787.43,3784.24,0.999158,-0.000842,-0.0842,-0.022923,-0.021803,0.449035,0.545029,0.434238,0.551106,2.8542,2.5688,0.2854,9.9993,0.0008,1.3658,2.3405,0.5138,2.602,2.5688,2.15,99.45,0,0.0,34813073588.0,34802737297.0,179609418.0,23550.02,23872.49,50.34,6286329.63,0,0,0,0,yfinance,yfinance,beacon_empirical_oracle,estimado,estimado_via_depeg,2.5688,2.602,34106539190.0
2025-07-29,Post-Shapella,3793.45,3785.25,0.997838,-0.002162,-0.2162,0.001591,0.000269,0.447289,0.545346,0.431285,0.551251,2.9214,2.6292,0.2922,10.0021,0.0008,1.3666,2.3955,0.5258,2.664,2.6292,2.09,99.45,0,0.0,34197750262.0,34187736293.0,178038234.0,23062.91,23870.16,50.86,6231338.19,0,0,0,0,yfinance,yfinance,beacon_empirical_oracle,estimado,estimado_via_depeg,2.6292,2.664,33830291899.0
2025-07-30,Post-Shapella,3808.2,3797.89,0.997293,-0.002707,-0.2707,0.00388,0.003332,0.344071,0.541977,0.333525,0.547329,2.9787,2.6808,0.2979,10.001,0.0008,1.3674,2.4425,0.5362,2.717,2.6808,2.36,99.45,0,0.0,33972965395.0,33963114910.0,177625620.0,22817.72,23825.21,51.08,6216896.7,0,0,0,0,yfinance,yfinance,beacon_empirical_oracle,estimado,estimado_via_depeg,2.6808,2.717,33726852924.0
2025-07-31,Post-Shapella,3696.71,3693.86,0.999229,-0.000771,-0.0771,-0.029714,-0.027773,0.40538,0.538504,0.38818,0.541751,2.9365,2.6429,0.2936,9.9983,0.0008,1.3682,2.4079,0.5286,2.678,2.6429,2.37,99.45,0,0.0,34143656347.0,34133988656.0,177203156.0,23819.08,24116.28,50.31,6202110.46,0,0,0,0,yfinance,yfinance,beacon_empirical_oracle,estimado,estimado_via_depeg,2.6429,2.678,33292928839.0
2025-08-01,Post-Shapella,3488.37,3482.39,0.998286,-0.001714,-0.1714,-0.058009,-0.058952,0.573895,0.561239,0.567455,0.560035,2.9473,2.6526,0.2947,9.999,0.0008,1.369,2.4168,0.5305,2.688,2.6526,2.02,99.45,0,0.0,33144849657.0,33135546429.0,167518990.0,23684.52,24337.62,50.68,5863164.65,0,0,0,0,yfinance,yfinance,beacon_empirical_oracle,estimado,estimado_via_depeg,2.6526,2.688,30950224959.0
2025-08-02,Post-Shapella,3392.74,3398.64,1.001739,0.001739,0.1739,-0.027795,-0.024346,0.574856,0.576645,0.561892,0.572343,2.8867,2.5981,0.2886,9.9976,0.0008,1.3698,2.3671,0.5196,2.632,2.5981,2.32,99.45,0,0.0,31315680777.0,31306725570.0,160512503.0,23981.73,23328.85,49.31,5617937.6,0,0,0,0,yfinance,yfinance,beacon_empirical_oracle,estimado,estimado_via_depeg,2.5981,2.632,30443264595.0
2025-08-03,Post-Shapella,3497.38,3500.98,1.001029,0.001029,0.1029,0.030376,0.029669,0.550554,0.561352,0.539748,0.556517,3.0555,2.7499,0.3056,10.0016,0.0008,1.3706,2.5055,0.55,2.788,2.7499,2.36,99.45,0,0.0,30451987350.0,30443353307.0,164998749.0,23782.34,23395.48,49.59,5774956.22,0,0,0,0,yfinance,yfinance,beacon_empirical_oracle,estimado,estimado_via_depeg,2.7499,2.788,31061520555.0
2025-08-04,Post-Shapella,3718.99,3709.05,0.997327,-0.002673,-0.2673,0.061437,0.057733,0.767689,0.587284,0.740196,0.578835,2.8976,2.6078,0.2898,10.0014,0.0008,1.3714,2.376,0.5216,2.642,2.6078,2.39,99.45,0,0.0,31297917189.0,31289052742.0,175465027.0,23085.58,24095.25,51.07,6141275.94,0,0,0,0,yfinance,yfinance,beacon_empirical_oracle,estimado,estimado_via_depeg,2.6078,2.642,33077498057.0
2025-08-05,Post-Shapella,3611.9,3607.17,0.99869,-0.00131,-0.131,-0.029217,-0.027852,0.789373,0.604509,0.760524,0.594923,2.9051,2.6146,0.2905,9.9997,0.0008,1.3722,2.3822,0.5229,2.649,2.6146,2.31,99.45,0,0.0,32850119959.0,32840905143.0,169853705.0,23268.53,23757.6,50.52,5944879.68,0,0,0,0,yfinance,yfinance,beacon_empirical_oracle,estimado,estimado_via_depeg,2.6146,2.649,31853925612.0
2025-08-06,Post-Shapella,3683.92,3674.53,0.997451,-0.002549,-0.2549,0.019744,0.018501,0.810705,0.599691,0.780545,0.589597,2.9279,2.6351,0.2928,10.0003,0.0008,1.373,2.4008,0.527,2.67,2.6351,2.1,99.45,0,0.0,31943280242.0,31934363141.0,173785505.0,23105.86,24068.21,51.02,6082492.68,0,0,0,0,yfinance,yfinance,beacon_empirical_oracle,estimado,estimado_via_depeg,2.6351,2.67,32675115384.0
2025-08-07,Post-Shapella,3914.33,3898.08,0.995849,-0.004151,-0.4151,0.060666,0.059059,0.899193,0.620836,0.871105,0.609553,2.8781,2.5903,0.2878,9.9997,0.0008,1.3738,2.36,0.5181,2.624,2.5903,2.25,99.45,0,0.0,32707070293.0,32697916439.0,183226825.0,22627.59,24181.66,51.66,6412938.88,0,0,0,0,yfinance,yfinance,beacon_empirical_oracle,estimado,estimado_via_depeg,2.5903,2.624,34596384973.0
2025-08-08,Post-Shapella,4009.85,4007.38,0.999384,-0.000616,-0.0616,0.02411,0.027653,0.706368,0.601477,0.669135,0.590373,2.9062,2.6156,0.2906,9.9993,0.0008,1.3746,2.3831,0.5231,2.65,2.6156,2.36,99.45,0,0.0,34757959573.0,34748415812.0,190319875.0,23612.89,23850.2,50.25,6661195.63,0,0,0,0,yfinance,yfinance,beacon_empirical_oracle,estimado,estimado_via_depeg,2.6156,2.65,35674338081.0
2025-08-09,Post-Shapella,4263.6,4259.18,0.998963,-0.001037,-0.1037,0.06136,0.060939,0.629309,0.598339,0.605174,0.587617,2.9387,2.6448,0.2939,10.001,0.0008,1.3754,2.4097,0.529,2.68,2.6448,2.61,99.45,0,0.0,35680292925.0,35670624267.0,201102706.0,23390.29,23777.06,50.41,7038594.71,0,0,0,0,yfinance,yfinance,beacon_empirical_oracle,estimado,estimado_via_depeg,2.6448,2.68,38035358220.0
2025-08-10,Post-Shapella,4254.22,4245.06,0.997847,-0.002153,-0.2153,-0.002203,-0.00332,0.678487,0.599205,0.658265,0.588949,2.8824,2.5942,0.2882,9.9986,0.0008,1.3762,2.3636,0.5188,2.628,2.5942,2.6,99.45,0,0.0,38174275100.0,38164349569.0,198796416.0,22962.74,23766.49,50.86,6957874.56,0,0,0,0,yfinance,yfinance,beacon_empirical_oracle,estimado,estimado_via_depeg,2.5942,2.628,37465271387.0
2025-08-11,Post-Shapella,4226.97,4223.89,0.999271,-0.000729,-0.0729,-0.006426,-0.005001,0.651369,0.599711,0.638748,0.588447,2.9279,2.6351,0.2928,10.0003,0.0008,1.377,2.4008,0.527,2.67,2.6351,2.42,99.45,0,0.0,37774675596.0,37764738673.0,198052319.0,23291.34,23563.1,50.29,6931831.17,0,0,0,0,yfinance,yfinance,beacon_empirical_oracle,estimado,estimado_via_depeg,2.6351,2.67,37333879288.0
2025-08-12,Post-Shapella,4590.92,4581.65,0.997981,-0.002019,-0.2019,0.082597,0.081304,0.655663,0.648094,0.642486,0.635965,2.9592,2.6633,0.2959,9.9993,0.0008,1.3778,2.4266,0.5327,2.699,2.6633,2.42,99.45,0,0.0,37553393535.0,37543872593.0,214868048.0,23022.31,23780.52,50.81,7520381.68,0,0,0,0,yfinance,yfinance,beacon_empirical_oracle,estimado,estimado_via_depeg,2.6633,2.699,40364975323.0
2025-08-13,Post-Shapella,4756.28,4757.77,1.000313,0.000313,0.0313,0.035383,0.037718,0.64422,0.652155,0.628831,0.641112,3.1787,2.8608,0.3179,10.0009,0.0009,1.3787,2.6065,0.5722,2.902,2.8608,2.81,99.45,0,0.0,40846502922.0,40836061889.0,220203939.0,23208.94,23088.57,49.87,7707137.87,0,0,0,0,yfinance,yfinance,beacon_empirical_oracle,estimado,estimado_via_depeg,2.8608,2.902,42035081155.0
2025-08-14,Post-Shapella,4548.17,4548.44,1.000059,5.9e-05,0.0059,-0.044741,-0.044993,0.827296,0.677493,0.82434,0.668145,3.0295,2.7266,0.3029,9.9983,0.0008,1.3795,2.4842,0.5453,2.764,2.7266,3.08,99.45,0,0.0,41996380123.0,41985398122.0,212438263.0,23363.6,23344.92,49.98,7435339.21,0,0,0,0,yfinance,yfinance,beacon_empirical_oracle,estimado,estimado_via_depeg,2.7266,2.764,39871809707.0
2025-08-15,Post-Shapella,4439.99,4425.99,0.996847,-0.003153,-0.3153,-0.024072,-0.027292,0.888718,0.654478,0.894121,0.646959,3.3793,3.0414,0.3379,9.9991,0.0009,1.3804,2.7711,0.6083,3.088,3.0414,2.62,99.45,0,0.0,40466700881.0,40456209842.0,208200736.0,22855.24,24036.92,51.26,7287025.76,0,0,0,0,yfinance,yfinance,beacon_empirical_oracle,estimado,estimado_via_depeg,3.0414,3.088,39393948759.0
2025-08-16,Post-Shapella,4426.18,4416.23,0.997752,-0.002248,-0.2248,-0.003115,-0.002207,0.799645,0.65108,0.80513,0.643111,2.9647,2.6682,0.2965,10.001,0.0008,1.3813,2.431,0.5336,2.704,2.6682,2.61,99.45,0,0.0,39543558254.0,39533405431.0,207781162.0,23049.35,23894.33,50.9,7272340.67,0,0,0,0,yfinance,yfinance,beacon_empirical_oracle,estimado,estimado_via_depeg,2.6682,2.704,38927097363.0
2025-08-17,Post-Shapella,4473.27,4474.14,1.000194,0.000194,0.0194,0.010583,0.013028,0.79763,0.649595,0.803292,0.642088,2.8932,2.6039,0.2893,9.9993,0.0008,1.3821,2.3724,0.5208,2.638,2.6039,2.35,99.45,0,0.0,39044363361.0,39034133944.0,212489122.0,23788.98,23712.98,49.92,7437119.27,0,0,0,0,yfinance,yfinance,beacon_empirical_oracle,estimado,estimado_via_depeg,2.6039,2.638,39808694940.0
2025-08-18,Post-Shapella,4312.5,4307.25,0.998783,-0.001217,-0.1217,-0.036601,-0.038013,0.856514,0.66732,0.867378,0.661393,2.916,2.6244,0.2916,10.0,0.0008,1.3829,2.3911,0.5249,2.659,2.6244,2.26,99.45,0,0.0,39271348851.0,39261040916.0,205449977.0,23586.85,24053.73,50.49,7190749.2,0,0,0,0,yfinance,yfinance,beacon_empirical_oracle,estimado,estimado_via_depeg,2.6244,2.659,38579205794.0
2025-08-19,Post-Shapella,4073.46,4062.9,0.997408,-0.002592,-0.2592,-0.057025,-0.058405,0.628986,0.687259,0.659967,0.681649,2.904,2.6136,0.2904,10.0,0.0008,1.3836,2.3813,0.5227,2.648,2.6136,2.26,99.45,0,0.0,38140766274.0,38130829937.0,195075990.0,23446.7,24442.8,51.04,6827659.65,0,0,0,0,yfinance,yfinance,beacon_empirical_oracle,estimado,estimado_via_depeg,2.6136,2.648,36437883738.0
2025-08-20,Post-Shapella,4334.5,4324.06,0.997591,-0.002409,-0.2409,0.062113,0.062298,0.776854,0.71777,0.794478,0.712515,2.8662,2.5795,0.2867,10.0028,0.0008,1.3844,2.3502,0.5159,2.613,2.5795,2.24,99.45,0,0.0,36237168339.0,36227580081.0,204205745.0,23103.59,24008.13,50.96,7147201.08,0,0,0,0,yfinance,yfinance,beacon_empirical_oracle,estimado,estimado_via_depeg,2.5795,2.613,38245331447.0
2025-08-21,Post-Shapella,4223.21,4208.24,0.996455,-0.003545,-0.3545,-0.026011,-0.02715,0.741666,0.725228,0.761423,0.720469,2.916,2.6244,0.2916,10.0,0.0008,1.3852,2.3911,0.5249,2.659,2.6244,2.12,99.45,0,0.0,38337346198.0,38327189832.0,199910653.0,22995.92,24340.27,51.42,6996872.86,0,0,0,0,yfinance,yfinance,beacon_empirical_oracle,estimado,estimado_via_depeg,2.6244,2.659,37373119182.0
2025-08-22,Post-Shapella,4831.35,4815.05,0.996626,-0.003374,-0.3374,0.13453,0.134702,1.26552,0.843913,1.276353,0.841139,3.0252,2.7227,0.3025,9.9993,0.0008,1.3861,2.4807,0.5445,2.76,2.7227,2.24,99.45,0,0.0,37500398830.0,37490566286.0,225608107.0,22717.95,23978.76,51.35,7896283.75,0,0,0,0,yfinance,yfinance,beacon_empirical_oracle,estimado,estimado_via_depeg,2.7227,2.76,42441513059.0
2025-08-23,Post-Shapella,4776.09,4761.59,0.996964,-0.003036,-0.3036,-0.011503,-0.011164,1.27307,0.845902,1.284049,0.843041,3.1128,2.8015,0.3113,10.0006,0.0009,1.3869,2.5525,0.5603,2.841,2.8015,2.51,99.45,0,0.0,42520243901.0,42509416858.0,223028663.0,22783.42,23913.49,51.21,7806003.21,0,0,0,0,yfinance,yfinance,beacon_empirical_oracle,estimado,estimado_via_depeg,2.8015,2.841,41634215940.0
2025-08-24,Post-Shapella,4779.65,4774.68,0.99896,-0.00104,-0.104,0.000745,0.002745,1.275185,0.846259,1.285089,0.843236,2.8499,2.5649,0.285,10.0004,0.0008,1.3877,2.3369,0.513,2.598,2.5649,2.3,99.45,0,0.0,42048201995.0,42037069909.0,222888154.0,23120.51,23512.23,50.42,7801085.39,0,0,0,0,yfinance,yfinance,beacon_empirical_oracle,estimado,estimado_via_depeg,2.5649,2.598,41445697460.0
2025-08-25,Post-Shapella,4372.99,4370.86,0.999513,-0.000487,-0.0487,-0.08892,-0.088368,1.435985,0.911718,1.43995,0.908246,2.9895,2.6906,0.2989,9.9983,0.0008,1.3885,2.4514,0.5381,2.727,2.6906,2.15,99.45,0,0.0,41095111623.0,41084123340.0,206218907.0,23489.11,23668.31,50.19,7217661.75,0,0,0,0,yfinance,yfinance,beacon_empirical_oracle,estimado,estimado_via_depeg,2.6906,2.727,38363340938.0
2025-08-26,Post-Shapella,4600.43,4592.47,0.99827,-0.00173,-0.173,0.050703,0.049458,1.376112,0.919727,1.373376,0.915961,3.0663,2.7597,0.3066,9.999,0.0008,1.3894,2.5144,0.5519,2.798,2.7597,2.44,99.45,0,0.0,38353234496.0,38343125115.0,214646652.0,23007.04,23650.92,50.69,7512632.82,0,0,0,0,yfinance,yfinance,beacon_empirical_oracle,estimado,estimado_via_depeg,2.7597,2.798,40136530454.0
2025-08-27,Post-Shapella,4503.39,4499.63,0.999165,-0.000835,-0.0835,-0.021318,-0.020423,1.342594,0.919115,1.338703,0.915451,2.8716,2.5844,0.2872,10.0014,0.0008,1.3901,2.3547,0.5169,2.618,2.5844,2.34,99.45,0,0.0,40180740353.0,40170192141.0,211351638.0,23310.96,23620.71,50.33,7397307.33,0,0,0,0,yfinance,yfinance,beacon_empirical_oracle,estimado,estimado_via_depeg,2.5844,2.618,39561012990.0
2025-08-28,Post-Shapella,4507.18,4495.4,0.997386,-0.002614,-0.2614,0.00084,-0.000939,1.318082,0.919161,1.312721,0.915552,2.9149,2.6234,0.2915,10.0003,0.0008,1.3909,2.3902,0.5247,2.658,2.6234,2.4,99.45,0,0.0,39514578742.0,39503553218.0,210798248.0,22898.31,23871.12,51.04,7377938.68,0,0,0,0,yfinance,yfinance,beacon_empirical_oracle,estimado,estimado_via_depeg,2.6234,2.658,39184519025.0
2025-08-29,Post-Shapella,4360.15,4351.37,0.997986,-0.002014,-0.2014,-0.033164,-0.032566,0.805326,0.929136,0.79544,0.925247,2.8683,2.5815,0.2868,9.999,0.0008,1.3917,2.352,0.5163,2.615,2.5815,2.16,99.45,0,0.0,39472356822.0,39460763976.0,203355580.0,22942.01,23697.57,50.81,7117445.3,0,0,0,0,yfinance,yfinance,beacon_empirical_oracle,estimado,estimado_via_depeg,2.5815,2.615,37969130880.0
2025-08-30,Post-Shapella,4374.15,4361.48,0.997103,-0.002897,-0.2897,0.003206,0.002322,0.81577,0.920933,0.804752,0.917947,2.8867,2.5981,0.2886,9.9976,0.0008,1.3925,2.3671,0.5196,2.632,2.5981,2.13,99.45,0,0.0,38081925572.0,38070909356.0,203058282.0,22672.67,23749.67,51.16,7107039.87,0,0,0,0,yfinance,yfinance,beacon_empirical_oracle,estimado,estimado_via_depeg,2.5981,2.632,38075142811.0
2025-08-31,Post-Shapella,4390.02,4378.07,0.997278,-0.002722,-0.2722,0.003621,0.003795,0.818882,0.891983,0.806,0.88807,2.9993,2.6993,0.3,10.0023,0.0008,1.3933,2.4594,0.5399,2.736,2.6993,2.13,99.45,0,0.0,38449491207.0,38438528898.0,208594301.0,23239.87,24275.7,51.09,7300800.54,0,0,0,0,yfinance,yfinance,beacon_empirical_oracle,estimado,estimado_via_depeg,2.6993,2.736,38683077568.0
2025-09-01,Post-Shapella,4314.47,4298.48,0.996294,-0.003706,-0.3706,-0.017359,-0.018346,0.518807,0.887493,0.507938,0.885594,3.0501,2.7451,0.305,9.9997,0.0008,1.3942,2.5011,0.549,2.783,2.7451,2.27,99.45,0,0.0,38441349946.0,38430554950.0,203687329.0,22906.43,24303.85,51.48,7129056.52,0,0,0,0,yfinance,yfinance,beacon_empirical_oracle,estimado,estimado_via_depeg,2.7451,2.783,37110426917.0
2025-09-02,Post-Shapella,4325.37,4315.27,0.997665,-0.002335,-0.2335,0.002522,0.003898,0.285841,0.883969,0.280822,0.88215,3.0404,2.7363,0.3041,10.002,0.0008,1.395,2.4931,0.5473,2.774,2.7363,2.37,99.45,0,0.0,37440868326.0,37430226934.0,201699785.0,22882.22,23749.58,50.93,7059492.48,0,0,0,0,yfinance,yfinance,beacon_empirical_oracle,estimado,estimado_via_depeg,2.7363,2.774,37532415195.0
2025-09-03,Post-Shapella,4450.39,4446.05,0.999025,-0.000975,-0.0975,0.028495,0.029858,0.367787,0.865755,0.374376,0.867193,2.9809,2.6828,0.2981,10.0003,0.0008,1.3958,2.4443,0.5366,2.719,2.6828,2.23,99.45,0,0.0,37443404616.0,37432190753.0,207798444.0,23163.99,23528.19,50.39,7272945.54,0,0,0,0,yfinance,yfinance,beacon_empirical_oracle,estimado,estimado_via_depeg,2.6828,2.719,38655729077.0
2025-09-04,Post-Shapella,4298.74,4300.89,1.0005,0.0005,0.05,-0.034669,-0.033195,0.435977,0.868749,0.43747,0.870017,2.8456,2.561,0.2846,10.0014,0.0008,1.3966,2.3334,0.5122,2.594,2.561,2.27,99.45,0,0.0,38859993231.0,38848608144.0,201484208.0,23529.0,23341.52,49.8,7051947.28,0,0,0,0,yfinance,yfinance,beacon_empirical_oracle,estimado,estimado_via_depeg,2.561,2.594,37474500276.0
2025-09-05,Post-Shapella,4306.99,4297.46,0.997787,-0.002213,-0.2213,0.001916,-0.000797,0.376253,0.867373,0.377568,0.869092,2.9701,2.6731,0.297,9.9997,0.0008,1.3974,2.4354,0.5346,2.709,2.6731,2.28,99.45,0,0.0,37401245701.0,37390346441.0,200990029.0,22922.34,23743.66,50.88,7034651.02,0,0,0,0,yfinance,yfinance,beacon_empirical_oracle,estimado,estimado_via_depeg,2.6731,2.709,37326699665.0
2025-09-06,Post-Shapella,4274.24,4273.08,0.999729,-0.000271,-0.0271,-0.007632,-0.005689,0.375704,0.844834,0.376702,0.847689,2.8694,2.5825,0.2869,9.9986,0.0008,1.3982,2.3529,0.5165,2.616,2.5825,2.14,99.45,0,0.0,37566525756.0,37555542412.0,199014129.0,23229.43,23331.86,50.11,6965494.52,0,0,0,0,yfinance,yfinance,beacon_empirical_oracle,estimado,estimado_via_depeg,2.5825,2.616,36990779425.0
2025-09-07,Post-Shapella,4305.35,4309.98,1.001075,0.001075,0.1075,0.007251,0.008599,0.380654,0.841555,0.383451,0.843326,2.825,2.5425,0.2825,10.0,0.0008,1.399,2.3165,0.5085,2.575,2.5425,2.11,99.45,0,0.0,37121091517.0,37110281507.0,200173157.0,23446.95,23047.1,49.57,7006060.5,0,0,0,0,yfinance,yfinance,beacon_empirical_oracle,estimado,estimado_via_depeg,2.5425,2.575,37320808672.0
2025-09-08,Post-Shapella,4308.07,4300.71,0.998292,-0.001708,-0.1708,0.000633,-0.002153,0.360372,0.814192,0.35913,0.816518,2.8261,2.5435,0.2826,9.9996,0.0008,1.3998,2.3174,0.5087,2.576,2.5435,2.19,99.45,0,0.0,37476831564.0,37465691798.0,200884992.0,22997.88,23632.05,50.68,7030974.72,0,0,0,0,yfinance,yfinance,beacon_empirical_oracle,estimado,estimado_via_depeg,2.5435,2.576,37402557149.0
2025-09-09,Post-Shapella,4309.04,4304.94,0.999049,-0.000951,-0.0951,0.000225,0.000983,0.359693,0.81414,0.357856,0.816414,2.8542,2.5688,0.2854,9.9993,0.0008,1.4005,2.3405,0.5138,2.602,2.5688,2.29,99.45,0,0.0,37289515156.0,37278033224.0,200719845.0,23113.54,23467.56,50.38,7025194.58,0,0,0,0,yfinance,yfinance,beacon_empirical_oracle,estimado,estimado_via_depeg,2.5688,2.602,37362860871.0
2025-09-10,Post-Shapella,4349.15,4339.09,0.997687,-0.002313,-0.2313,0.009264,0.007902,0.284127,0.814318,0.269304,0.816567,2.9874,2.6886,0.2988,10.002,0.0008,1.4014,2.4496,0.5377,2.725,2.6886,2.14,99.45,0,0.0,37408519738.0,37396828771.0,202231783.0,22821.78,23677.37,50.92,7078112.4,0,0,0,0,yfinance,yfinance,beacon_empirical_oracle,estimado,estimado_via_depeg,2.6886,2.725,37465954267.0
2025-09-11,Post-Shapella,4461.23,4455.15,0.998637,-0.001363,-0.1363,0.025446,0.026396,0.199096,0.765109,0.205521,0.769628,2.8878,2.599,0.2888,10.0007,0.0008,1.4021,2.368,0.5198,2.633,2.599,2.39,99.45,0,0.0,37554680642.0,37542652668.0,206439930.0,22882.6,23391.62,50.55,7225397.55,0,0,0,0,yfinance,yfinance,beacon_empirical_oracle,estimado,estimado_via_depeg,2.599,2.633,38275003618.0
2025-09-12,Post-Shapella,4715.25,4699.19,0.996594,-0.003406,-0.3406,0.055376,0.053328,0.408226,0.780092,0.395717,0.781331,2.8856,2.5971,0.2885,9.9979,0.0008,1.4029,2.3662,0.5194,2.631,2.5971,2.11,99.45,0,0.0,38563734898.0,38551407318.0,218043596.0,22492.21,23750.0,51.36,7631525.86,0,0,0,0,yfinance,yfinance,beacon_empirical_oracle,estimado,estimado_via_depeg,2.5971,2.631,40678579241.0
2025-09-13,Post-Shapella,4668.18,4654.84,0.997142,-0.002858,-0.2858,-0.010032,-0.009481,0.415878,0.764436,0.407255,0.765487,2.8976,2.6078,0.2898,10.0014,0.0008,1.4037,2.376,0.5216,2.642,2.6078,2.0,99.45,0,0.0,40551405872.0,40538417950.0,221168262.0,23148.81,24229.02,51.14,7740889.17,0,0,0,0,yfinance,yfinance,beacon_empirical_oracle,estimado,estimado_via_depeg,2.6078,2.642,40018529436.0
2025-09-14,Post-Shapella,4609.6,4615.09,1.001191,0.001191,0.1191,-0.012629,-0.008577,0.454407,0.76077,0.43453,0.759613,2.851,2.5659,0.2851,10.0,0.0008,1.4045,2.3378,0.5132,2.599,2.5659,2.43,99.45,0,0.0,40228472823.0,40215477770.0,219614263.0,24050.09,23592.72,49.52,7686499.21,0,0,0,0,yfinance,yfinance,beacon_empirical_oracle,estimado,estimado_via_depeg,2.5659,2.599,39742646814.0
2025-09-15,Post-Shapella,4526.82,4520.46,0.998595,-0.001405,-0.1405,-0.018121,-0.020717,0.495618,0.763649,0.483444,0.763452,2.8445,2.56,0.2845,10.0018,0.0008,1.4053,2.3325,0.512,2.593,2.56,2.62,99.45,0,0.0,39734945808.0,39722012496.0,214860085.0,23466.1,23997.7,50.56,7520102.98,0,0,0,0,yfinance,yfinance,beacon_empirical_oracle,estimado,estimado_via_depeg,2.56,2.593,38814366250.0
2025-09-16,Post-Shapella,4503.56,4501.65,0.999576,-0.000424,-0.0424,-0.005151,-0.004171,0.501622,0.763071,0.488826,0.762334,2.851,2.5659,0.2851,10.0,0.0008,1.4061,2.3378,0.5132,2.599,2.5659,1.95,99.45,0,0.0,38937975267.0,38925445006.0,213147725.0,23583.9,23744.82,50.17,7460170.38,0,0,0,0,yfinance,yfinance,beacon_empirical_oracle,estimado,estimado_via_depeg,2.5659,2.599,38797632691.0
2025-09-17,Post-Shapella,4592.73,4587.33,0.998824,-0.001176,-0.1176,0.019606,0.018855,0.510805,0.754062,0.497224,0.752192,2.8326,2.5493,0.2833,10.0014,0.0008,1.4068,2.3227,0.5099,2.582,2.5493,1.99,99.45,0,0.0,38782956799.0,38770278431.0,216032399.0,23297.87,23740.03,50.47,7561133.97,0,0,0,0,yfinance,yfinance,beacon_empirical_oracle,estimado,estimado_via_depeg,2.5493,2.582,39289200014.0
2025-09-18,Post-Shapella,4589.92,4588.44,0.999678,-0.000322,-0.0322,-0.000613,0.000243,0.490242,0.723444,0.47349,0.719942,2.9008,2.6107,0.2901,10.0007,0.0008,1.4076,2.3787,0.5221,2.645,2.6107,2.04,99.45,0,0.0,39660668762.0,39647526457.0,217868258.0,23671.63,23795.05,50.13,7625389.03,0,0,0,0,yfinance,yfinance,beacon_empirical_oracle,estimado,estimado_via_depeg,2.6107,2.645,39454698418.0
2025-09-19,Post-Shapella,4470.92,4464.83,0.998638,-0.001362,-0.1362,-0.026269,-0.027309,0.279635,0.699338,0.28525,0.696156,2.9928,2.6935,0.2993,10.0007,0.0008,1.4085,2.4541,0.5387,2.73,2.6935,1.94,99.45,0,0.0,39502273515.0,39489062274.0,212289670.0,23484.76,23997.57,50.54,7430138.45,0,0,0,0,yfinance,yfinance,beacon_empirical_oracle,estimado,estimado_via_depeg,2.6935,2.73,38329527825.0
2025-09-20,Post-Shapella,4482.27,4477.4,0.998913,-0.001087,-0.1087,0.002535,0.002811,0.2876,0.692499,0.293253,0.688675,2.9105,2.6195,0.291,9.9983,0.0008,1.4093,2.3866,0.5239,2.654,2.6195,1.99,99.45,0,0.0,38381071426.0,38368334203.0,212960790.0,23551.61,23960.21,50.43,7453627.65,0,0,0,0,yfinance,yfinance,beacon_empirical_oracle,estimado,estimado_via_depeg,2.6195,2.654,38368813120.0
2025-09-21,Post-Shapella,4451.33,4448.9,0.999454,-0.000546,-0.0546,-0.006926,-0.006386,0.282269,0.50104,0.292303,0.495383,2.7849,2.5064,0.2785,10.0004,0.0008,1.41,2.2836,0.5013,2.538,2.5064,1.93,99.45,0,0.0,38370729354.0,38357963979.0,211724107.0,23677.48,23886.76,50.22,7410343.75,0,0,0,0,yfinance,yfinance,beacon_empirical_oracle,estimado,estimado_via_depeg,2.5064,2.538,38144499411.0
2025-09-22,Post-Shapella,4202.88,4198.49,0.998955,-0.001045,-0.1045,-0.057433,-0.05793,0.472293,0.535583,0.477207,0.531086,2.9008,2.6107,0.2901,10.0007,0.0008,1.4108,2.3787,0.5221,2.645,2.6107,1.87,99.45,0,0.0,37372718265.0,37360286469.0,198499140.0,23416.29,23813.02,50.42,6947469.9,0,0,0,0,yfinance,yfinance,beacon_empirical_oracle,estimado,estimado_via_depeg,2.6107,2.645,35785105082.0
2025-09-23,Post-Shapella,4165.5,4164.13,0.999671,-0.000329,-0.0329,-0.008932,-0.008218,0.470421,0.535509,0.474802,0.530659,2.9246,2.6322,0.2924,9.9979,0.0008,1.4116,2.3982,0.5264,2.667,2.6322,2.01,99.45,0,0.0,35924947593.0,35913197194.0,198004143.0,23705.36,23828.95,50.13,6930145.01,0,0,0,0,yfinance,yfinance,beacon_empirical_oracle,estimado,estimado_via_depeg,2.6322,2.667,35706192442.0
2025-09-24,Post-Shapella,4153.47,4149.21,0.998974,-0.001026,-0.1026,-0.002893,-0.00359,0.404359,0.440659,0.412082,0.436113,2.9051,2.6146,0.2905,9.9997,0.0008,1.4124,2.3822,0.5229,2.649,2.6146,1.84,99.45,0,0.0,35605657808.0,35594254119.0,197242255.0,23549.57,23938.98,50.41,6903478.93,0,0,0,0,yfinance,yfinance,beacon_empirical_oracle,estimado,estimado_via_depeg,2.6146,2.649,35454099306.0
2025-09-25,Post-Shapella,3868.33,3862.44,0.998477,-0.001523,-0.1523,-0.07112,-0.071618,0.552069,0.462596,0.558192,0.461007,2.8109,2.5298,0.2811,10.0004,0.0008,1.4132,2.3049,0.506,2.562,2.5298,1.9,99.45,0,0.0,35513492048.0,35502175798.0,186439516.0,23804.19,24392.19,50.61,6525383.06,0,0,0,0,yfinance,yfinance,beacon_empirical_oracle,estimado,estimado_via_depeg,2.5298,2.562,33168663350.0
2025-09-26,Post-Shapella,4035.89,4029.68,0.998461,-0.001539,-0.1539,0.042402,0.042387,0.731671,0.488332,0.736165,0.487195,2.8726,2.5854,0.2872,9.9979,0.0008,1.414,2.3556,0.5171,2.619,2.5854,1.83,99.45,0,0.0,33299962934.0,33289556931.0,190903650.0,23357.48,23944.02,50.62,6681627.75,0,0,0,0,yfinance,yfinance,beacon_empirical_oracle,estimado,estimado_via_depeg,2.5854,2.619,35044684596.0
2025-09-27,Post-Shapella,4018.66,4018.97,1.000077,7.7e-05,0.0077,-0.004278,-0.002661,0.72356,0.488066,0.729298,0.48711,3.0544,2.749,0.3054,9.9987,0.0008,1.4148,2.5046,0.5498,2.787,2.749,1.96,99.45,0,0.0,35021212393.0,35010275100.0,190482280.0,23713.95,23685.51,49.97,6666879.8,0,0,0,0,yfinance,yfinance,beacon_empirical_oracle,estimado,estimado_via_depeg,2.749,2.787,34408453096.0
2025-09-28,Post-Shapella,4141.48,4138.22,0.999213,-0.000787,-0.0787,0.030104,0.02924,0.796308,0.490085,0.798287,0.48877,2.7957,2.5162,0.2795,9.9975,0.0008,1.4156,2.2925,0.5032,2.548,2.5162,1.8,99.45,0,0.0,34462033315.0,34451203570.0,194315024.0,23314.16,23605.06,50.31,6801025.84,0,0,0,0,yfinance,yfinance,beacon_empirical_oracle,estimado,estimado_via_depeg,2.5162,2.548,35100607582.0
2025-09-29,Post-Shapella,4217.34,4218.11,1.000183,0.000183,0.0183,0.018153,0.019123,0.706134,0.494725,0.707609,0.493984,2.7925,2.5132,0.2793,10.0018,0.0008,1.4163,2.2898,0.5026,2.545,2.5132,1.47,99.45,0,0.0,35430611177.0,35419375941.0,199229498.0,23653.35,23587.21,49.93,6973032.43,0,0,0,0,yfinance,yfinance,beacon_empirical_oracle,estimado,estimado_via_depeg,2.5132,2.545,36052891003.0
2025-09-30,Post-Shapella,4145.96,4141.19,0.998849,-0.001151,-0.1151,-0.017071,-0.018405,0.71513,0.497435,0.719118,0.497266,2.8499,2.5649,0.285,10.0004,0.0008,1.4171,2.3369,0.513,2.598,2.5649,1.41,99.45,0,0.0,36006915312.0,35995533886.0,196859345.0,23522.69,23959.52,50.46,6890077.08,0,0,0,0,yfinance,yfinance,beacon_empirical_oracle,estimado,estimado_via_depeg,2.5649,2.598,35373741194.0
2025-10-01,Post-Shapella,4351.11,4339.11,0.997242,-0.002758,-0.2758,0.048298,0.046687,0.796378,0.523786,0.794862,0.521279,2.8077,2.5269,0.2808,10.0011,0.0008,1.4179,2.3023,0.5054,2.559,2.5269,1.39,99.45,0,0.0,35406427268.0,35395346204.0,204074095.0,22934.89,23966.73,51.1,7142593.33,0,0,0,0,yfinance,yfinance,beacon_empirical_oracle,estimado,estimado_via_depeg,2.5269,2.559,36761103514.0
2025-10-02,Post-Shapella,4487.92,4479.77,0.998184,-0.001816,-0.1816,0.030959,0.031901,0.460205,0.534597,0.456113,0.532729,2.825,2.5425,0.2825,10.0,0.0008,1.4187,2.3165,0.5085,2.575,2.5425,1.57,99.45,0,0.0,37080272912.0,37068497233.0,210504910.0,23109.99,23794.8,50.73,7367671.85,0,0,0,0,yfinance,yfinance,beacon_empirical_oracle,estimado,estimado_via_depeg,2.5425,2.575,38046198156.0
2025-10-03,Post-Shapella,4514.87,4514.73,0.999969,-3.1e-05,-0.0031,0.005986,0.007775,0.432554,0.525841,0.425687,0.523287,2.8196,2.5376,0.282,10.0014,0.0008,1.4194,2.3121,0.5075,2.57,2.5376,1.57,99.45,0,0.0,38230648376.0,38218241377.0,213085713.0,23593.49,23602.93,50.01,7457999.96,0,0,0,0,yfinance,yfinance,beacon_empirical_oracle,estimado,estimado_via_depeg,2.5376,2.57,38592759202.0
2025-10-04,Post-Shapella,4489.2,4485.75,0.999231,-0.000769,-0.0769,-0.005703,-0.00644,0.436722,0.510969,0.436628,0.509743,2.8326,2.5493,0.2833,10.0014,0.0008,1.4202,2.3227,0.5099,2.582,2.5493,1.57,99.45,0,0.0,38383850159.0,38371519408.0,211235176.0,23381.17,23672.91,50.31,7393231.16,0,0,0,0,yfinance,yfinance,beacon_empirical_oracle,estimado,estimado_via_depeg,2.5493,2.582,38232676279.0
2025-10-05,Post-Shapella,4515.42,4513.15,0.999497,-0.000503,-0.0503,0.005825,0.00609,0.423394,0.511196,0.424788,0.509935,2.8109,2.5298,0.2811,10.0004,0.0008,1.421,2.3049,0.506,2.562,2.5298,1.54,99.45,0,0.0,38286940686.0,38274797876.0,212214127.0,23404.83,23592.82,50.2,7427494.44,0,0,0,0,yfinance,yfinance,beacon_empirical_oracle,estimado,estimado_via_depeg,2.5298,2.562,38461007494.0
2025-10-06,Post-Shapella,4687.77,4687.06,0.999849,-0.000151,-0.0151,0.037458,0.03781,0.46079,0.524983,0.462559,0.524441,2.799,2.5191,0.2799,10.0,0.0008,1.4217,2.2952,0.5038,2.551,2.5191,1.55,99.45,0,0.0,38547018514.0,38534837233.0,220786357.0,23520.93,23577.45,50.06,7727522.5,0,0,0,0,yfinance,yfinance,beacon_empirical_oracle,estimado,estimado_via_depeg,2.5191,2.551,40003469986.0
2025-10-07,Post-Shapella,4451.15,4448.98,0.999512,-0.000488,-0.0488,-0.051794,-0.052131,0.641202,0.558411,0.640775,0.558102,3.4494,3.1044,0.345,10.0017,0.0009,1.4227,2.8285,0.6209,3.153,3.1044,1.97,99.45,0,0.0,39927385613.0,39915025456.0,211143871.0,23623.03,23812.77,50.2,7390035.48,0,0,0,0,yfinance,yfinance,beacon_empirical_oracle,estimado,estimado_via_depeg,3.1044,3.153,38341273318.0
2025-10-08,Post-Shapella,4527.65,4527.65,1.0,0.0,0.0,0.01704,0.017529,0.563025,0.56116,0.57064,0.560892,2.8672,2.5805,0.2867,9.9993,0.0008,1.4235,2.3511,0.5161,2.614,2.5805,1.98,99.45,0,0.0,38027129060.0,38015406844.0,212637246.0,23482.08,23482.08,50.0,7442303.61,0,0,0,0,yfinance,yfinance,beacon_empirical_oracle,estimado,estimado_via_depeg,2.5805,2.614,38602886397.0
2025-10-09,Post-Shapella,4369.14,4368.12,0.999767,-0.000233,-0.0233,-0.035636,-0.035871,0.586035,0.576055,0.593448,0.576023,2.8532,2.5678,0.2854,10.0028,0.0008,1.4243,2.3396,0.5136,2.601,2.5678,1.65,99.45,0,0.0,38582334275.0,38570167516.0,205228163.0,23443.83,23528.38,50.09,7182985.71,0,0,0,0,yfinance,yfinance,beacon_empirical_oracle,estimado,estimado_via_depeg,2.5678,2.601,37170197003.0
2025-10-10,Post-Shapella,3843.01,3845.24,1.00058,0.00058,0.058,-0.128311,-0.127496,1.059931,0.729133,1.057831,0.727718,2.8986,2.6088,0.2898,9.9979,0.0008,1.4251,2.3769,0.5218,2.643,2.6088,1.65,99.45,0,0.0,37156434409.0,37144690749.0,182908128.0,23906.98,23688.04,49.77,6401784.48,0,0,0,0,yfinance,yfinance,beacon_empirical_oracle,estimado,estimado_via_depeg,2.6088,2.643,32690720846.0
2025-10-11,Post-Shapella,3750.61,3746.8,0.998984,-0.001016,-0.1016,-0.024337,-0.025934,1.049907,0.724384,1.048671,0.723059,7.5713,6.8142,0.7571,9.9996,0.0021,1.4271,6.2085,1.3628,7.051,6.8142,1.64,99.45,0,0.0,32903697855.0,32893642686.0,175051982.0,23145.11,23527.83,50.41,6126819.37,0,0,0,0,yfinance,yfinance,beacon_empirical_oracle,estimado,estimado_via_depeg,6.8142,7.051,31714688410.0
2025-10-12,Post-Shapella,4164.43,4156.66,0.998134,-0.001866,-0.1866,0.10466,0.103809,1.410848,0.793825,1.405614,0.793043,2.8781,2.5903,0.2878,9.9997,0.0008,1.4279,2.36,0.5181,2.624,2.5903,1.83,99.45,0,0.0,31865313101.0,31855856841.0,193228910.0,22851.92,23547.92,50.75,6763011.85,0,0,0,0,yfinance,yfinance,beacon_empirical_oracle,estimado,estimado_via_depeg,2.5903,2.624,35153335096.0
2025-10-13,Post-Shapella,4245.47,4244.81,0.999845,-0.000155,-0.0155,0.019273,0.020986,1.378144,0.79766,1.374429,0.797544,2.9311,2.638,0.2931,9.9997,0.0008,1.4287,2.4035,0.5276,2.673,2.638,1.66,99.45,0,0.0,35360768886.0,35350259642.0,198806036.0,23385.81,23442.0,50.06,6958211.26,0,0,0,0,yfinance,yfinance,beacon_empirical_oracle,estimado,estimado_via_depeg,2.638,2.673,36190773979.0
2025-10-14,Post-Shapella,4125.41,4125.45,1.00001,1e-05,0.001,-0.028686,-0.028521,1.349558,0.802013,1.345006,0.802296,2.9138,2.6224,0.2914,10.0007,0.0008,1.4295,2.3893,0.5245,2.657,2.6224,1.61,99.45,0,0.0,36060987752.0,36049866307.0,191688928.0,23232.71,23232.71,50.0,6709112.48,0,0,0,0,yfinance,yfinance,beacon_empirical_oracle,estimado,estimado_via_depeg,2.6224,2.657,34953239533.0
2025-10-15,Post-Shapella,3987.46,3983.19,0.998929,-0.001071,-0.1071,-0.034012,-0.035093,1.33564,0.807506,1.331221,0.807674,2.8867,2.5981,0.2886,9.9976,0.0008,1.4303,2.3671,0.5196,2.632,2.5981,1.62,99.45,0,0.0,34754797743.0,34744011844.0,185257397.0,23030.22,23429.78,50.43,6484008.9,0,0,0,0,yfinance,yfinance,beacon_empirical_oracle,estimado,estimado_via_depeg,2.5981,2.632,33601774576.0
2025-10-16,Post-Shapella,3894.75,3887.35,0.9981,-0.0019,-0.19,-0.023524,-0.024355,1.32884,0.810308,1.324556,0.810722,2.8467,2.562,0.2847,10.0011,0.0008,1.4311,2.3343,0.5124,2.595,2.562,1.68,99.45,0,0.0,33839877600.0,33829542350.0,180636677.0,22837.28,23542.25,50.76,6322283.7,0,0,0,0,yfinance,yfinance,beacon_empirical_oracle,estimado,estimado_via_depeg,2.562,2.595,32835312989.0
2025-10-17,Post-Shapella,3832.56,3829.77,0.999272,-0.000728,-0.0728,-0.016098,-0.014924,0.945923,0.80631,0.947183,0.806822,2.9322,2.639,0.2932,9.9993,0.0008,1.4319,2.4044,0.5278,2.674,2.639,1.81,99.45,0,0.0,33314779989.0,33304882900.0,180488847.0,23410.2,23683.35,50.29,6317109.64,0,0,0,0,yfinance,yfinance,beacon_empirical_oracle,estimado,estimado_via_depeg,2.639,2.674,32826883903.0
2025-10-18,Post-Shapella,3890.35,3886.2,0.998933,-0.001067,-0.1067,0.014965,0.014628,0.927794,0.809453,0.926177,0.809782,2.8456,2.561,0.2846,10.0014,0.0008,1.4327,2.3334,0.5122,2.594,2.561,1.79,99.45,0,0.0,32621313470.0,32611560316.0,181335163.0,23105.34,23506.19,50.43,6346730.71,0,0,0,0,yfinance,yfinance,beacon_empirical_oracle,estimado,estimado_via_depeg,2.561,2.594,33008634002.0
2025-10-19,Post-Shapella,3984.65,3978.46,0.998447,-0.001553,-0.1553,0.023951,0.023463,0.473343,0.812194,0.480265,0.811963,2.8217,2.5396,0.2821,9.9975,0.0008,1.4334,2.3138,0.5079,2.572,2.5396,1.69,99.45,0,0.0,33028481181.0,33018502420.0,186670383.0,23133.23,23714.14,50.62,6533463.4,0,0,0,0,yfinance,yfinance,beacon_empirical_oracle,estimado,estimado_via_depeg,2.5396,2.572,34130781600.0
2025-10-20,Post-Shapella,3980.76,3978.49,0.99943,-0.00057,-0.057,-0.000977,8e-06,0.427106,0.811939,0.429023,0.811732,2.8196,2.5376,0.282,10.0014,0.0008,1.4342,2.3121,0.5075,2.57,2.5376,1.73,99.45,0,0.0,33840526902.0,33830529233.0,185762240.0,23225.18,23439.84,50.23,6501678.4,0,0,0,0,yfinance,yfinance,beacon_empirical_oracle,estimado,estimado_via_depeg,2.5376,2.57,33710719906.0
2025-10-21,Post-Shapella,3876.76,3881.9,1.001326,0.001326,0.1326,-0.026472,-0.024578,0.421218,0.815693,0.41908,0.814897,2.8423,2.5581,0.2842,9.9989,0.0008,1.435,2.3307,0.5116,2.591,2.5581,1.68,99.45,0,0.0,33749508412.0,33739413168.0,183166743.0,23874.1,23373.28,49.47,6410836.01,0,0,0,0,yfinance,yfinance,beacon_empirical_oracle,estimado,estimado_via_depeg,2.5581,2.591,33164735768.0
2025-10-22,Post-Shapella,3808.12,3798.27,0.997413,-0.002587,-0.2587,-0.017865,-0.021779,0.376363,0.79485,0.376969,0.794592,2.9073,2.6166,0.2907,9.999,0.0008,1.4358,2.384,0.5233,2.651,2.6166,1.84,99.45,0,0.0,32856301516.0,32846438865.0,174892971.0,22490.12,23436.21,51.03,6121253.98,0,0,0,0,yfinance,yfinance,beacon_empirical_oracle,estimado,estimado_via_depeg,2.6166,2.651,31888007929.0
2025-10-23,Post-Shapella,3856.03,3857.28,1.000324,0.000324,0.0324,0.012501,0.015416,0.367462,0.796449,0.373618,0.797038,2.8033,2.523,0.2803,9.9989,0.0008,1.4366,2.2987,0.5046,2.555,2.523,1.74,99.45,0,0.0,32379983381.0,32370370446.0,179228595.0,23300.47,23179.62,49.87,6273000.82,0,0,0,0,yfinance,yfinance,beacon_empirical_oracle,estimado,estimado_via_depeg,2.523,2.555,32641983586.0
2025-10-24,Post-Shapella,3934.57,3933.27,0.99967,-0.00033,-0.033,0.020164,0.019509,0.37265,0.800383,0.378864,0.800723,2.786,2.5074,0.2786,10.0,0.0008,1.4373,2.2845,0.5015,2.539,2.5074,1.8,99.45,0,0.0,32736909558.0,32726733008.0,183251867.0,23226.86,23347.95,50.13,6413815.35,0,0,0,0,yfinance,yfinance,beacon_empirical_oracle,estimado,estimado_via_depeg,2.5074,2.539,33787930710.0
2025-10-25,Post-Shapella,3953.47,3953.91,1.000111,0.000111,0.0111,0.004793,0.005235,0.361091,0.760442,0.368476,0.760206,2.7914,2.5123,0.2791,9.9986,0.0008,1.4381,2.289,0.5025,2.544,2.5123,1.72,99.45,0,0.0,33820417575.0,33810141865.0,183697006.0,23250.96,23213.79,49.96,6429395.21,0,0,0,0,yfinance,yfinance,beacon_empirical_oracle,estimado,estimado_via_depeg,2.5123,2.544,33925852750.0
2025-10-26,Post-Shapella,4157.99,4159.73,1.000418,0.000418,0.0418,0.050438,0.050745,0.486559,0.766477,0.494242,0.766497,2.7556,2.4801,0.2755,9.9978,0.0008,1.4388,2.2596,0.496,2.511,2.4801,1.39,99.45,0,0.0,33946530563.0,33936232429.0,192282738.0,23200.69,23043.46,49.83,6729895.83,0,0,0,0,yfinance,yfinance,beacon_empirical_oracle,estimado,estimado_via_depeg,2.4801,2.511,35813182164.0
2025-10-27,Post-Shapella,4120.12,4121.07,1.000231,0.000231,0.0231,-0.009149,-0.009339,0.497234,0.767087,0.506024,0.767259,2.8315,2.5483,0.2832,10.0018,0.0008,1.4396,2.3218,0.5097,2.581,2.5483,1.41,99.45,0,0.0,35822389252.0,35811658004.0,192555485.0,23409.77,23325.64,49.91,6739441.98,0,0,0,0,yfinance,yfinance,beacon_empirical_oracle,estimado,estimado_via_depeg,2.5483,2.581,35441457875.0
2025-10-28,Post-Shapella,3982.26,3982.15,0.999972,-2.8e-05,-0.0028,-0.034033,-0.034291,0.528295,0.768901,0.54403,0.769655,2.7752,2.4976,0.2776,10.0029,0.0008,1.4404,2.2756,0.4995,2.529,2.4976,1.42,99.45,0,0.0,35367869568.0,35357251709.0,185748543.0,23317.34,23326.67,50.01,6501199.01,0,0,0,0,yfinance,yfinance,beacon_empirical_oracle,estimado,estimado_via_depeg,2.4976,2.529,34231758934.0
2025-10-29,Post-Shapella,3903.35,3899.6,0.999039,-0.000961,-0.0961,-0.020014,-0.020947,0.533865,0.768269,0.541695,0.768975,2.7752,2.4976,0.2776,10.0029,0.0008,1.4411,2.2756,0.4995,2.529,2.4976,1.39,99.45,0,0.0,34265831930.0,34255484839.0,183910213.0,23378.96,23737.04,50.38,6436857.46,0,0,0,0,yfinance,yfinance,beacon_empirical_oracle,estimado,estimado_via_depeg,2.4976,2.529,33905176035.0
2025-10-30,Post-Shapella,3804.38,3803.05,0.99965,-0.00035,-0.035,-0.025684,-0.025071,0.565116,0.770897,0.567007,0.771046,2.8185,2.5366,0.2819,10.0018,0.0008,1.4419,2.3112,0.5073,2.569,2.5366,1.34,99.45,0,0.0,33631549660.0,33621243628.0,175687168.0,23025.47,23154.77,50.14,6149050.88,0,0,0,0,yfinance,yfinance,beacon_empirical_oracle,estimado,estimado_via_depeg,2.5366,2.569,32444290216.0
2025-10-31,Post-Shapella,3847.08,3847.11,1.000008,8e-06,0.0008,0.011163,0.01152,0.547165,0.750488,0.551267,0.752141,2.8174,2.5357,0.2817,9.9986,0.0008,1.4427,2.3103,0.5071,2.568,2.5357,1.39,99.45,0,0.0,32634669745.0,32624858714.0,179820574.0,23371.05,23371.05,50.0,6293720.09,0,0,0,0,yfinance,yfinance,beacon_empirical_oracle,estimado,estimado_via_depeg,2.5357,2.568,33153029598.0
2025-11-01,Post-Shapella,3874.19,3871.61,0.999334,-0.000666,-0.0666,0.007022,0.006347,0.549381,0.740997,0.552356,0.741997,2.7806,2.5025,0.2781,10.0014,0.0008,1.4434,2.2801,0.5005,2.534,2.5025,1.48,99.45,0,0.0,33122172813.0,33112212012.0,180080218.0,23115.51,23366.52,50.27,6302807.63,0,0,0,0,yfinance,yfinance,beacon_empirical_oracle,estimado,estimado_via_depeg,2.5025,2.534,33173687996.0
2025-11-02,Post-Shapella,3911.06,3911.78,1.000184,0.000184,0.0184,0.009473,0.010322,0.351445,0.741742,0.354892,0.742596,2.7394,2.4654,0.274,10.0022,0.0008,1.4442,2.2463,0.4931,2.496,2.4654,1.48,99.45,0,0.0,33200889327.0,33191041971.0,179792497.0,23017.32,22952.96,49.93,6292737.4,0,0,0,0,yfinance,yfinance,beacon_empirical_oracle,estimado,estimado_via_depeg,2.4654,2.496,33154154257.0
2025-11-03,Post-Shapella,3602.31,3603.64,1.000369,0.000369,0.0369,-0.082234,-0.082047,0.636881,0.789436,0.637611,0.790039,3.0577,2.7519,0.3058,10.001,0.0008,1.445,2.5073,0.5504,2.79,2.7519,1.7,99.45,0,0.0,33101166826.0,33091233850.0,168229352.0,23420.26,23280.15,49.85,5888027.32,0,0,0,0,yfinance,yfinance,beacon_empirical_oracle,estimado,estimado_via_depeg,2.7519,2.79,30838337796.0
2025-11-04,Post-Shapella,3292.57,3286.01,0.998008,-0.001992,-0.1992,-0.089905,-0.09227,0.818114,0.838445,0.829771,0.841856,2.9289,2.636,0.2929,10.0003,0.0008,1.4458,2.4017,0.5272,2.671,2.636,1.78,99.45,0,0.0,30889305235.0,30880496792.0,151336863.0,22613.87,23349.28,50.8,5296790.2,0,0,0,0,yfinance,yfinance,beacon_empirical_oracle,estimado,estimado_via_depeg,2.636,2.671,27859529316.0
2025-11-05,Post-Shapella,3425.17,3423.48,0.999507,-0.000493,-0.0493,0.039482,0.040983,0.951668,0.839931,0.968247,0.844221,3.251,2.9259,0.3251,10.0,0.0009,1.4467,2.6658,0.5852,2.969,2.9259,2.05,99.45,0,0.0,28288390752.0,28280107009.0,159110833.0,23133.8,23319.61,50.2,5568879.16,0,0,0,0,yfinance,yfinance,beacon_empirical_oracle,estimado,estimado_via_depeg,2.9259,2.969,29646213918.0
2025-11-06,Post-Shapella,3312.26,3306.13,0.998149,-0.001851,-0.1851,-0.033521,-0.034879,0.956851,0.830984,0.974801,0.835607,2.8109,2.5298,0.2811,10.0004,0.0008,1.4475,2.3049,0.506,2.562,2.5298,2.15,99.45,0,0.0,29527626256.0,29519008585.0,153690236.0,22856.84,23543.57,50.74,5379158.26,0,0,0,0,yfinance,yfinance,beacon_empirical_oracle,estimado,estimado_via_depeg,2.5298,2.562,28569979158.0
2025-11-07,Post-Shapella,3435.3,3430.56,0.99862,-0.00138,-0.138,0.036474,0.036945,1.021905,0.841597,1.039932,0.846303,2.9073,2.6166,0.2907,9.999,0.0008,1.4483,2.384,0.5233,2.651,2.6166,2.17,99.45,0,0.0,28742486566.0,28734127533.0,159539829.0,22965.23,23476.08,50.55,5583894.02,0,0,0,0,yfinance,yfinance,beacon_empirical_oracle,estimado,estimado_via_depeg,2.6166,2.651,29764680664.0
2025-11-08,Post-Shapella,3400.38,3397.33,0.999103,-0.000897,-0.0897,-0.010219,-0.009733,1.005553,0.836202,1.024936,0.840848,2.8499,2.5649,0.285,10.0004,0.0008,1.4491,2.3369,0.513,2.598,2.5649,1.73,99.45,0,0.0,29629451403.0,29620807745.0,157399519.0,22977.76,23311.04,50.36,5508983.17,0,0,0,0,yfinance,yfinance,beacon_empirical_oracle,estimado,estimado_via_depeg,2.5649,2.598,29312767255.0
2025-11-09,Post-Shapella,3582.62,3576.88,0.998398,-0.001602,-0.1602,0.052209,0.051501,1.11916,0.742039,1.133207,0.748414,2.7524,2.4771,0.2753,10.0022,0.0008,1.4498,2.257,0.4954,2.508,2.4771,1.74,99.45,0,0.0,29339506059.0,29331066015.0,165322246.0,22777.48,23368.15,50.64,5786278.61,0,0,0,0,yfinance,yfinance,beacon_empirical_oracle,estimado,estimado_via_depeg,2.4771,2.508,30858958148.0
2025-11-10,Post-Shapella,3568.46,3566.07,0.99933,-0.00067,-0.067,-0.003961,-0.003027,0.952982,0.737828,0.971525,0.743603,2.8304,2.5474,0.283,9.9986,0.0008,1.4506,2.3209,0.5095,2.58,2.5474,1.71,99.45,0,0.0,31343080912.0,31334158075.0,163872285.0,22837.21,23085.2,50.27,5735529.98,0,0,0,0,yfinance,yfinance,beacon_empirical_oracle,estimado,estimado_via_depeg,2.5474,2.58,30667169586.0
2025-11-11,Post-Shapella,3415.28,3415.79,1.000149,0.000149,0.0149,-0.043874,-0.043056,0.722983,0.644432,0.725689,0.652307,2.8781,2.5903,0.2878,9.9997,0.0008,1.4514,2.36,0.5181,2.624,2.5903,1.77,99.45,0,0.0,30721585865.0,30712695928.0,157402823.0,23071.56,23016.26,49.94,5509098.81,0,0,0,0,yfinance,yfinance,beacon_empirical_oracle,estimado,estimado_via_depeg,2.5903,2.624,29629300927.0
2025-11-12,Post-Shapella,3413.09,3407.43,0.998342,-0.001658,-0.1658,-0.000641,-0.002452,0.662894,0.638077,0.661558,0.644938,2.7838,2.5054,0.2784,10.0007,0.0008,1.4522,2.2827,0.5011,2.537,2.5054,1.83,99.45,0,0.0,29513724269.0,29505460236.0,157818767.0,22814.45,23424.81,50.66,5523656.85,0,0,0,0,yfinance,yfinance,beacon_empirical_oracle,estimado,estimado_via_depeg,2.5054,2.537,29458035874.0
2025-11-13,Post-Shapella,3232.76,3237.76,1.001547,0.001547,0.1547,-0.054284,-0.051075,0.738451,0.654913,0.720236,0.658914,2.7979,2.5181,0.2798,10.0004,0.0008,1.4529,2.2943,0.5036,2.55,2.5181,1.81,99.45,0,0.0,29456160632.0,29447988835.0,148865407.0,23310.01,22739.0,49.38,5210289.24,0,0,0,0,yfinance,yfinance,beacon_empirical_oracle,estimado,estimado_via_depeg,2.5181,2.55,27737219994.0
2025-11-14,Post-Shapella,3103.79,3099.97,0.998769,-0.001231,-0.1231,-0.040713,-0.04349,0.693427,0.658653,0.682147,0.66388,3.0317,2.7285,0.3032,10.001,0.0008,1.4538,2.486,0.5457,2.766,2.7285,1.69,99.45,0,0.0,27574485533.0,27566819867.0,145100718.0,23145.69,23603.84,50.49,5078525.13,0,0,0,0,yfinance,yfinance,beacon_empirical_oracle,estimado,estimado_via_depeg,2.7285,2.766,27340172593.0
2025-11-15,Post-Shapella,3166.63,3166.22,0.999871,-0.000129,-0.0129,0.020046,0.021147,0.737805,0.663535,0.729978,0.669031,2.8716,2.5844,0.2872,10.0014,0.0008,1.4545,2.3547,0.5169,2.618,2.5844,2.43,99.45,0,0.0,27114350510.0,27106812300.0,145543666.0,22957.86,23003.83,50.05,5094028.31,0,0,0,0,yfinance,yfinance,beacon_empirical_oracle,estimado,estimado_via_depeg,2.5844,2.618,27358729047.0
2025-11-16,Post-Shapella,3092.85,3089.56,0.998936,-0.001064,-0.1064,-0.023576,-0.024512,0.518297,0.66535,0.514564,0.671321,2.7925,2.5132,0.2793,10.0018,0.0008,1.4553,2.2898,0.5026,2.545,2.5132,1.68,99.45,0,0.0,27392520883.0,27385064206.0,141649218.0,22702.53,23096.4,50.43,4957722.63,0,0,0,0,yfinance,yfinance,beacon_empirical_oracle,estimado,estimado_via_depeg,2.5132,2.545,26649050241.0
2025-11-17,Post-Shapella,3024.54,3020.29,0.998595,-0.001405,-0.1405,-0.022334,-0.022674,0.49814,0.662461,0.492062,0.668687,2.9138,2.6224,0.2914,10.0007,0.0008,1.4561,2.3893,0.5245,2.657,2.6224,1.43,99.45,0,0.0,26923026340.0,26915660148.0,138935006.0,22710.72,23225.2,50.56,4862725.21,0,0,0,0,yfinance,yfinance,beacon_empirical_oracle,estimado,estimado_via_depeg,2.6224,2.657,26028572158.0
2025-11-18,Post-Shapella,3122.98,3118.49,0.998562,-0.001438,-0.1438,0.032029,0.031997,0.601294,0.668001,0.599475,0.674443,3.0339,2.7305,0.3034,10.0003,0.0008,1.4569,2.4878,0.5461,2.768,2.7305,2.03,99.45,0,0.0,26141620431.0,26134605890.0,143600440.0,22728.84,23253.03,50.57,5026015.4,0,0,0,0,yfinance,yfinance,beacon_empirical_oracle,estimado,estimado_via_depeg,2.7305,2.768,26888972133.0
2025-11-19,Post-Shapella,3023.07,3018.48,0.998482,-0.001518,-0.1518,-0.032514,-0.032598,0.606173,0.672795,0.606661,0.679072,2.8499,2.5649,0.285,10.0004,0.0008,1.4577,2.3369,0.513,2.598,2.5649,1.86,99.45,0,0.0,26624796649.0,26617316782.0,137011011.0,22384.44,22937.37,50.61,4795385.39,0,0,0,0,yfinance,yfinance,beacon_empirical_oracle,estimado,estimado_via_depeg,2.5649,2.598,25562021647.0
2025-11-20,Post-Shapella,2831.78,2829.53,0.999205,-0.000795,-0.0795,-0.065368,-0.064642,0.650908,0.698569,0.6583,0.704394,3.2715,2.9443,0.3272,10.0015,0.0009,1.4586,2.6826,0.5889,2.988,2.9443,1.74,99.45,0,0.0,26105966390.0,26098646040.0,132253088.0,23202.13,23501.03,50.32,4628858.08,0,0,0,0,yfinance,yfinance,beacon_empirical_oracle,estimado,estimado_via_depeg,2.9443,2.988,24968339502.0
2025-11-21,Post-Shapella,2765.7,2758.78,0.997498,-0.002502,-0.2502,-0.023611,-0.02532,0.627363,0.699621,0.630075,0.705213,3.8204,3.4384,0.382,9.999,0.001,1.4597,3.1327,0.6877,3.498,3.4384,2.02,99.45,0,0.0,24645798345.0,24638624127.0,126207530.0,22360.23,23272.89,51.0,4417263.55,0,0,0,0,yfinance,yfinance,beacon_empirical_oracle,estimado,estimado_via_depeg,3.4384,3.498,23463883416.0
2025-11-22,Post-Shapella,2767.61,2767.14,0.99983,-0.00017,-0.017,0.00069,0.003024,0.571938,0.695903,0.575118,0.700757,2.9571,2.6614,0.2957,9.9997,0.0008,1.4605,2.4248,0.5323,2.697,2.6614,3.08,99.45,0,0.0,23881095913.0,23874235252.0,127035941.0,22918.35,22982.61,50.07,4446257.94,0,0,0,0,yfinance,yfinance,beacon_empirical_oracle,estimado,estimado_via_depeg,2.6614,2.697,24113964136.0
2025-11-23,Post-Shapella,2801.68,2798.08,0.998715,-0.001285,-0.1285,0.012235,0.01112,0.612448,0.691964,0.611666,0.696749,2.7914,2.5123,0.2791,9.9986,0.0008,1.4612,2.289,0.5025,2.544,2.5123,1.85,99.45,0,0.0,24057154724.0,24050310244.0,130243838.0,23006.79,23480.97,50.51,4558534.33,0,0,0,0,yfinance,yfinance,beacon_empirical_oracle,estimado,estimado_via_depeg,2.5123,2.544,24430964577.0
2025-11-24,Post-Shapella,2952.71,2949.8,0.999014,-0.000986,-0.0986,0.052507,0.052805,0.769677,0.725166,0.770049,0.729967,2.7925,2.5132,0.2793,10.0018,0.0008,1.462,2.2898,0.5026,2.545,2.5132,1.8,99.45,0,0.0,24211648588.0,24204673917.0,136106476.0,22867.95,23227.49,50.39,4763726.66,0,0,0,0,yfinance,yfinance,beacon_empirical_oracle,estimado,estimado_via_depeg,2.5132,2.545,25667734292.0
2025-11-25,Post-Shapella,2957.94,2953.6,0.998533,-0.001467,-0.1467,0.001767,0.001285,0.713855,0.693522,0.714138,0.698053,2.8033,2.523,0.2803,9.9989,0.0008,1.4628,2.2987,0.5046,2.555,2.523,1.85,99.45,0,0.0,25377356235.0,25370010155.0,135501292.0,22634.4,23174.95,50.59,4742545.22,0,0,0,0,yfinance,yfinance,beacon_empirical_oracle,estimado,estimado_via_depeg,2.523,2.555,25627609170.0
2025-11-26,Post-Shapella,3027.81,3026.14,0.999448,-0.000552,-0.0552,0.023348,0.024265,0.709957,0.704005,0.711873,0.709065,2.8044,2.524,0.2804,9.9986,0.0008,1.4635,2.2996,0.5048,2.556,2.524,1.92,99.45,0,0.0,25520309102.0,25512903014.0,135787244.0,22324.68,22522.01,50.22,4752553.54,0,0,0,0,yfinance,yfinance,beacon_empirical_oracle,estimado,estimado_via_depeg,2.524,2.556,26082024487.0
2025-11-27,Post-Shapella,3014.54,3013.04,0.999502,-0.000498,-0.0498,-0.004392,-0.004341,0.459669,0.698986,0.468461,0.703985,2.9051,2.6146,0.2905,9.9997,0.0008,1.4643,2.3822,0.5229,2.649,2.6146,1.74,99.45,0,0.0,26037888453.0,26030325045.0,135295019.0,22350.65,22530.17,50.2,4735325.66,0,0,0,0,yfinance,yfinance,beacon_empirical_oracle,estimado,estimado_via_depeg,2.6146,2.649,26101588736.0
2025-11-28,Post-Shapella,3032.3,3027.8,0.998516,-0.001484,-0.1484,0.005875,0.004888,0.373996,0.699814,0.375478,0.704371,2.8261,2.5435,0.2826,9.9996,0.0008,1.4651,2.3174,0.5087,2.576,2.5435,1.79,99.45,0,0.0,26050087951.0,26042591743.0,136315111.0,22211.95,22742.41,50.59,4771028.89,0,0,0,0,yfinance,yfinance,beacon_empirical_oracle,estimado,estimado_via_depeg,2.5435,2.576,26104922000.0
2025-11-29,Post-Shapella,2991.69,2989.74,0.999348,-0.000652,-0.0652,-0.013486,-0.012652,0.414531,0.697315,0.416389,0.702007,2.8163,2.5347,0.2816,9.9989,0.0008,1.4659,2.3094,0.5069,2.567,2.5347,2.21,99.45,0,0.0,26200613956.0,26193310832.0,134059349.0,22288.78,22521.79,50.26,4692077.22,0,0,0,0,yfinance,yfinance,beacon_empirical_oracle,estimado,estimado_via_depeg,2.5347,2.567,25783141341.0
2025-11-30,Post-Shapella,2992.11,2993.08,1.000324,0.000324,0.0324,0.000143,0.001118,0.421691,0.694556,0.422511,0.699295,2.7773,2.4996,0.2777,9.9989,0.0008,1.4666,2.2774,0.4999,2.531,2.4996,1.62,99.45,0,0.0,25882628596.0,25875410189.0,135857943.0,22761.73,22643.67,49.87,4755028.01,0,0,0,0,yfinance,yfinance,beacon_empirical_oracle,estimado,estimado_via_depeg,2.4996,2.531,26140036491.0
2025-12-01,Post-Shapella,2800.19,2800.97,1.000279,0.000279,0.0279,-0.066293,-0.066337,0.539065,0.720683,0.541059,0.725512,2.8824,2.5942,0.2882,9.9986,0.0008,1.4674,2.3636,0.5188,2.628,2.5942,1.48,99.45,0,0.0,25788980108.0,25781960262.0,125675448.0,22489.89,22391.15,49.89,4398640.68,0,0,0,0,yfinance,yfinance,beacon_empirical_oracle,estimado,estimado_via_depeg,2.5942,2.628,24266045201.0
2025-12-02,Post-Shapella,2997.94,2997.64,0.9999,-0.0001,-0.01,0.068238,0.06786,0.772366,0.769039,0.770824,0.772803,2.8662,2.5795,0.2867,10.0028,0.0008,1.4682,2.3502,0.5159,2.613,2.5795,2.16,99.45,0,0.0,24184394859.0,24177634260.0,134431165.0,22402.65,22438.53,50.04,4705090.78,0,0,0,0,yfinance,yfinance,beacon_empirical_oracle,estimado,estimado_via_depeg,2.5795,2.613,26076624899.0
2025-12-03,Post-Shapella,3191.57,3193.97,1.000752,0.000752,0.0752,0.062588,0.063438,0.882691,0.761,0.883038,0.766004,2.9105,2.6195,0.291,9.9983,0.0008,1.469,2.3866,0.5239,2.654,2.6195,1.62,99.45,0,0.0,25967421077.0,25960073583.0,141988443.0,22377.76,22110.83,49.7,4969595.51,0,0,0,0,yfinance,yfinance,beacon_empirical_oracle,estimado,estimado_via_depeg,2.6195,2.654,27538013593.0
2025-12-04,Post-Shapella,3134.32,3133.61,0.999773,-0.000227,-0.0227,-0.018102,-0.019077,0.899346,0.697598,0.901492,0.699536,2.5962,2.3366,0.2596,9.9992,0.0007,1.4697,2.1289,0.4673,2.364,2.3366,1.4,99.45,0,0.0,27658243253.0,27650564664.0,141004950.0,22453.22,22534.2,50.09,4935173.25,0,0,0,0,yfinance,yfinance,beacon_empirical_oracle,estimado,estimado_via_depeg,2.3366,2.364,27218749901.0
2025-12-05,Post-Shapella,3024.43,3023.86,0.999812,-0.000188,-0.0188,-0.035688,-0.03565,0.947278,0.691068,0.949692,0.691874,2.7936,2.5142,0.2794,10.0014,0.0008,1.4705,2.2907,0.5028,2.546,2.5142,1.58,99.45,0,0.0,27100328126.0,27092946707.0,135865410.0,22425.39,22497.26,50.08,4755289.35,0,0,0,0,yfinance,yfinance,beacon_empirical_oracle,estimado,estimado_via_depeg,2.5142,2.546,26241030112.0
2025-12-06,Post-Shapella,3040.21,3039.15,0.999651,-0.000349,-0.0349,0.005202,0.005041,0.941131,0.683511,0.944142,0.68351,2.7654,2.4889,0.2765,9.9986,0.0008,1.4712,2.2676,0.4978,2.52,2.4889,1.41,99.45,0,0.0,26141320479.0,26134239273.0,136706702.0,22420.15,22546.05,50.14,4784734.57,0,0,0,0,yfinance,yfinance,beacon_empirical_oracle,estimado,estimado_via_depeg,2.4889,2.52,26374745386.0
2025-12-07,Post-Shapella,3061.3,3057.13,0.998638,-0.001362,-0.1362,0.006914,0.005899,0.941457,0.66974,0.944396,0.669213,2.7643,2.4879,0.2764,9.9989,0.0008,1.472,2.2667,0.4976,2.519,2.4879,1.37,99.45,0,0.0,26339685200.0,26332654202.0,136728978.0,22086.2,22577.5,50.55,4785514.23,0,0,0,0,yfinance,yfinance,beacon_empirical_oracle,estimado,estimado_via_depeg,2.4879,2.519,26448109090.0
2025-12-08,Post-Shapella,3125.2,3122.84,0.999245,-0.000755,-0.0755,0.020657,0.021267,0.73804,0.674681,0.743476,0.674493,2.8228,2.5405,0.2823,10.0007,0.0008,1.4728,2.3147,0.5081,2.573,2.5405,1.37,99.45,0,0.0,26510765126.0,26503744199.0,140386405.0,22325.63,22595.15,50.3,4913524.18,0,0,0,0,yfinance,yfinance,beacon_empirical_oracle,estimado,estimado_via_depeg,2.5405,2.573,27230130748.0
2025-12-09,Post-Shapella,3321.11,3320.55,0.999831,-0.000169,-0.0169,0.060803,0.061387,0.707139,0.684103,0.716757,0.685308,2.7762,2.4986,0.2776,9.9993,0.0008,1.4735,2.2765,0.4997,2.53,2.4986,1.36,99.45,0,0.0,27315525174.0,27308431237.0,148475488.0,22322.0,22384.59,50.07,5196642.08,0,0,0,0,yfinance,yfinance,beacon_empirical_oracle,estimado,estimado_via_depeg,2.4986,2.53,29118157411.0
2025-12-10,Post-Shapella,3325.39,3325.92,1.000159,0.000159,0.0159,0.001286,0.001616,0.581607,0.684209,0.588043,0.685452,2.8066,2.5259,0.2807,10.0014,0.0008,1.4743,2.3014,0.5052,2.558,2.5259,1.47,99.45,0,0.0,29048323130.0,29040973278.0,149112022.0,22447.13,22393.33,49.94,5218920.77,0,0,0,0,yfinance,yfinance,beacon_empirical_oracle,estimado,estimado_via_depeg,2.5259,2.558,29159140538.0
2025-12-11,Post-Shapella,3237.06,3237.96,1.000278,0.000278,0.0278,-0.026922,-0.026803,0.606667,0.673736,0.610144,0.67557,2.7849,2.5064,0.2785,10.0004,0.0008,1.4751,2.2836,0.5013,2.538,2.5064,1.52,99.45,0,0.0,29040122551.0,29032880445.0,145378889.0,22504.79,22405.99,49.89,5088261.12,0,0,0,0,yfinance,yfinance,beacon_empirical_oracle,estimado,estimado_via_depeg,2.5064,2.538,28406526897.0
2025-12-12,Post-Shapella,3084.17,3084.02,0.999951,-4.9e-05,-0.0049,-0.048381,-0.048708,0.662328,0.693017,0.667263,0.695131,2.7708,2.4937,0.2771,10.0007,0.0008,1.4758,2.2721,0.4987,2.525,2.4937,1.42,99.45,0,0.0,28360668737.0,28353720267.0,138660290.0,22470.36,22488.34,50.02,4853110.15,0,0,0,0,yfinance,yfinance,beacon_empirical_oracle,estimado,estimado_via_depeg,2.4937,2.525,27063847112.0
2025-12-13,Post-Shapella,3116.7,3115.33,0.99956,-0.00044,-0.044,0.01049,0.010101,0.664594,0.669565,0.669287,0.67469,2.7806,2.5025,0.2781,10.0014,0.0008,1.4766,2.2801,0.5005,2.534,2.5025,1.37,99.45,0,0.0,27017964206.0,27011210317.0,139605839.0,22315.79,22477.05,50.18,4886204.36,0,0,0,0,yfinance,yfinance,beacon_empirical_oracle,estimado,estimado_via_depeg,2.5025,2.534,27225348497.0
2025-12-14,Post-Shapella,3060.59,3060.94,1.000114,0.000114,0.0114,-0.018164,-0.017612,0.681331,0.657332,0.685574,0.660198,2.7426,2.4684,0.2742,9.9978,0.0008,1.4773,2.249,0.4937,2.499,2.4684,1.34,99.45,0,0.0,27328348243.0,27321555342.0,137647858.0,22509.63,22464.66,49.95,4817675.03,0,0,0,0,yfinance,yfinance,beacon_empirical_oracle,estimado,estimado_via_depeg,2.4684,2.499,26983186934.0
2025-12-15,Post-Shapella,2964.18,2961.68,0.999157,-0.000843,-0.0843,-0.032008,-0.032968,0.690117,0.661947,0.695868,0.664913,2.7502,2.4752,0.275,9.9993,0.0008,1.4781,2.2552,0.495,2.506,2.4752,1.32,99.45,0,0.0,26969933558.0,26963315785.0,131859891.0,22090.97,22393.47,50.34,4615096.19,0,0,0,0,yfinance,yfinance,beacon_empirical_oracle,estimado,estimado_via_depeg,2.4752,2.506,25784180548.0
2025-12-16,Post-Shapella,2964.18,2962.22,0.999339,-0.000661,-0.0661,-1e-06,0.000185,0.40414,0.657459,0.407518,0.660057,2.8217,2.5396,0.2821,9.9975,0.0008,1.4789,2.3138,0.5079,2.572,2.5396,1.34,99.45,0,0.0,26040051674.0,26033552809.0,132482062.0,22230.96,22463.37,50.26,4636872.17,0,0,0,0,yfinance,yfinance,beacon_empirical_oracle,estimado,estimado_via_depeg,2.5396,2.572,25911760027.0
2025-12-17,Post-Shapella,2831.4,2829.02,0.999159,-0.000841,-0.0841,-0.045828,-0.046011,0.422602,0.671817,0.424803,0.674387,2.7871,2.5084,0.2787,9.9996,0.0008,1.4796,2.2854,0.5017,2.54,2.5084,1.44,99.45,0,0.0,25931483877.0,25924964864.0,126791089.0,22237.92,22542.43,50.34,4437688.12,0,0,0,0,yfinance,yfinance,beacon_empirical_oracle,estimado,estimado_via_depeg,2.5084,2.54,24806562536.0
2025-12-18,Post-Shapella,2827.07,2827.68,1.000216,0.000216,0.0216,-0.001532,-0.000471,0.447223,0.660398,0.45255,0.663091,2.8185,2.5366,0.2819,10.0018,0.0008,1.4804,2.3112,0.5073,2.569,2.5366,1.76,99.45,0,0.0,24863479799.0,24857220288.0,126649976.0,22439.83,22359.19,49.91,4432749.16,0,0,0,0,yfinance,yfinance,beacon_empirical_oracle,estimado,estimado_via_depeg,2.5366,2.569,24792991816.0
2025-12-19,Post-Shapella,2977.97,2976.87,0.999631,-0.000369,-0.0369,0.052002,0.051414,0.608956,0.678909,0.608223,0.680827,3.0512,2.7461,0.3051,9.9993,0.0008,1.4812,2.502,0.5492,2.784,2.7461,1.35,99.45,0,0.0,24834807142.0,24828751481.0,133857015.0,22407.12,22541.96,50.15,4684995.53,0,0,0,0,yfinance,yfinance,beacon_empirical_oracle,estimado,estimado_via_depeg,2.7461,2.784,26090945582.0
2025-12-20,Post-Shapella,2977.58,2974.15,0.998848,-0.001152,-0.1152,-0.00013,-0.000914,0.597232,0.637318,0.596619,0.640299,2.812,2.5308,0.2812,10.0,0.0008,1.482,2.3058,0.5062,2.563,2.5308,1.47,99.45,0,0.0,26100119862.0,26093731868.0,133356892.0,22187.48,22599.52,50.46,4667491.22,0,0,0,0,yfinance,yfinance,beacon_empirical_oracle,estimado,estimado_via_depeg,2.5308,2.563,26069898424.0
2025-12-21,Post-Shapella,3001.61,3002.1,1.000163,0.000163,0.0163,0.008038,0.009355,0.596133,0.631044,0.598185,0.633293,2.7752,2.4976,0.2776,10.0029,0.0008,1.4828,2.2756,0.4995,2.529,2.4976,1.34,99.45,0,0.0,26089173880.0,26082801578.0,133826845.0,22319.26,22265.76,49.94,4683939.58,0,0,0,0,yfinance,yfinance,beacon_empirical_oracle,estimado,estimado_via_depeg,2.4976,2.529,26100437633.0
2025-12-22,Post-Shapella,3006.07,3001.93,0.998623,-0.001377,-0.1377,0.001485,-5.5e-05,0.542922,0.631018,0.541661,0.633371,2.7979,2.5181,0.2798,10.0004,0.0008,1.4835,2.2943,0.5036,2.55,2.5181,1.93,99.45,0,0.0,26542091330.0,26535662636.0,133857161.0,22019.57,22509.39,50.55,4685000.64,0,0,0,0,yfinance,yfinance,beacon_empirical_oracle,estimado,estimado_via_depeg,2.5181,2.55,26459353469.0
2025-12-23,Post-Shapella,2963.37,2961.67,0.999426,-0.000574,-0.0574,-0.014306,-0.013504,0.555811,0.632788,0.553238,0.63508,2.8087,2.5279,0.2808,9.9975,0.0008,1.4843,2.3032,0.5056,2.56,2.5279,1.43,99.45,0,0.0,26415569672.0,26409202027.0,132722280.0,22290.8,22496.82,50.23,4645279.8,0,0,0,0,yfinance,yfinance,beacon_empirical_oracle,estimado,estimado_via_depeg,2.5279,2.56,26015256157.0
2025-12-24,Post-Shapella,2945.59,2946.22,1.000214,0.000214,0.0214,-0.006019,-0.00523,0.412046,0.606214,0.405746,0.608218,2.7871,2.5084,0.2787,9.9996,0.0008,1.4851,2.2854,0.5017,2.54,2.5084,1.46,99.45,0,0.0,26004751520.0,25998489737.0,131596602.0,22378.11,22297.69,49.91,4605881.07,0,0,0,0,yfinance,yfinance,beacon_empirical_oracle,estimado,estimado_via_depeg,2.5084,2.54,25947240863.0
2025-12-25,Post-Shapella,2903.58,2901.17,0.99917,-0.00083,-0.083,-0.014365,-0.015409,0.435408,0.608204,0.433198,0.610544,2.8001,2.5201,0.28,9.9996,0.0008,1.4858,2.2961,0.504,2.552,2.5201,1.42,99.45,0,0.0,25867664909.0,25861472429.0,131734403.0,22535.1,22834.54,50.33,4610704.11,0,0,0,0,yfinance,yfinance,beacon_empirical_oracle,estimado,estimado_via_depeg,2.5201,2.552,25740184420.0
2025-12-26,Post-Shapella,2925.75,2924.51,0.999576,-0.000424,-0.0424,0.007605,0.008013,0.179086,0.602851,0.183699,0.604818,2.8044,2.524,0.2804,9.9986,0.0008,1.4866,2.2996,0.5048,2.556,2.524,1.39,99.45,0,0.0,25665780433.0,25659678362.0,131020557.0,22314.81,22467.06,50.17,4585719.5,0,0,0,0,yfinance,yfinance,beacon_empirical_oracle,estimado,estimado_via_depeg,2.524,2.556,25684338500.0
2025-12-27,Post-Shapella,2948.0,2947.92,0.999973,-2.7e-05,-0.0027,0.007577,0.007973,0.193435,0.603485,0.199038,0.605523,2.7773,2.4996,0.2777,9.9989,0.0008,1.4874,2.2774,0.4999,2.531,2.4996,1.35,99.45,0,0.0,25728454954.0,25722285056.0,131787294.0,22347.51,22356.45,50.01,4612555.29,0,0,0,0,yfinance,yfinance,beacon_empirical_oracle,estimado,estimado_via_depeg,2.4996,2.531,25748098148.0
2025-12-28,Post-Shapella,2948.57,2947.27,0.999559,-0.000441,-0.0441,0.000193,-0.000219,0.177743,0.603025,0.178955,0.605188,2.7773,2.4996,0.2777,9.9989,0.0008,1.4881,2.2774,0.4999,2.531,2.4996,1.34,99.45,0,0.0,25873869987.0,25867575807.0,131633692.0,22241.26,22401.97,50.18,4607179.22,0,0,0,0,yfinance,yfinance,beacon_empirical_oracle,estimado,estimado_via_depeg,2.4996,2.531,25790012028.0
2025-12-29,Post-Shapella,2934.54,2933.69,0.99971,-0.00029,-0.029,-0.00477,-0.004617,0.174826,0.601506,0.177986,0.603872,2.7925,2.5132,0.2793,10.0018,0.0008,1.4889,2.2898,0.5026,2.545,2.5132,1.35,99.45,0,0.0,25950070625.0,25943734623.0,131453615.0,22343.9,22451.41,50.12,4600876.53,0,0,0,0,yfinance,yfinance,beacon_empirical_oracle,estimado,estimado_via_depeg,2.5132,2.545,25817937700.0
2025-12-30,Post-Shapella,2971.42,2969.22,0.99926,-0.00074,-0.074,0.012489,0.012037,0.180495,0.603248,0.184224,0.605469,2.7914,2.5123,0.2791,9.9986,0.0008,1.4897,2.289,0.5025,2.544,2.5123,1.35,99.45,0,0.0,25810834242.0,25804616612.0,132719119.0,22198.61,22466.6,50.3,4645169.16,0,0,0,0,yfinance,yfinance,beacon_empirical_oracle,estimado,estimado_via_depeg,2.5123,2.544,26116659097.0
2025-12-31,Post-Shapella,2967.04,2965.78,0.999575,-0.000425,-0.0425,-0.001475,-0.001161,0.173532,0.55429,0.178976,0.556666,2.8217,2.5396,0.2821,9.9975,0.0008,1.4904,2.3138,0.5079,2.572,2.5396,1.35,99.45,0,0.0,26091672725.0,26085368796.0,133519075.0,22423.88,22576.88,50.17,4673167.62,0,0,0,0,yfinance,yfinance,beacon_empirical_oracle,estimado,estimado_via_depeg,2.5396,2.572,26190298274.0
2026-01-01,Post-Shapella,3000.39,2997.65,0.999087,-0.000913,-0.0913,0.01118,0.010689,0.12756,0.501606,0.124973,0.504706,2.7925,2.5132,0.2793,10.0018,0.0008,1.4912,2.2898,0.5026,2.545,2.5132,1.34,99.45,0,0.0,26203169488.0,26196864364.0,133910292.0,22150.35,22480.62,50.37,4686860.22,0,0,0,0,yfinance,yfinance,beacon_empirical_oracle,estimado,estimado_via_depeg,2.5132,2.545,26403576808.0
2026-01-02,Post-Shapella,3124.42,3121.52,0.999072,-0.000928,-0.0928,0.040506,0.040493,0.290517,0.471981,0.289524,0.473806,2.7968,2.5171,0.2797,10.0007,0.0008,1.492,2.2934,0.5034,2.549,2.5171,1.35,99.45,0,0.0,26477778323.0,26471371895.0,140203326.0,22270.66,22602.73,50.37,4907116.41,0,0,0,0,yfinance,yfinance,beacon_empirical_oracle,estimado,estimado_via_depeg,2.5171,2.549,27679953237.0
2026-01-03,Post-Shapella,3125.92,3124.2,0.99945,-0.00055,-0.055,0.000478,0.000857,0.297641,0.467794,0.296016,0.469189,2.7968,2.5171,0.2797,10.0007,0.0008,1.4927,2.2934,0.5034,2.549,2.5171,1.35,99.45,0,0.0,27667195525.0,27660476423.0,139607108.0,22232.31,22428.82,50.22,4886248.78,0,0,0,0,yfinance,yfinance,beacon_empirical_oracle,estimado,estimado_via_depeg,2.5171,2.549,27569469165.0
2026-01-04,Post-Shapella,3140.71,3137.82,0.99908,-0.00092,-0.092,0.004721,0.004352,0.291811,0.449986,0.289791,0.451453,2.747,2.4723,0.2747,10.0,0.0008,1.4935,2.2525,0.4945,2.503,2.4723,1.32,99.45,0,0.0,27794390579.0,27787618577.0,140676261.0,22229.89,22561.34,50.37,4923669.14,0,0,0,0,yfinance,yfinance,beacon_empirical_oracle,estimado,estimado_via_depeg,2.4723,2.503,27747134849.0
2026-01-05,Post-Shapella,3226.13,3227.31,1.000366,0.000366,0.0366,0.026834,0.028121,0.290202,0.458616,0.292957,0.46098,2.7535,2.4781,0.2754,10.0018,0.0008,1.4942,2.2578,0.4956,2.509,2.4781,1.33,99.45,0,0.0,27887010135.0,27880221358.0,144998654.0,22539.95,22405.12,49.85,5074952.89,0,0,0,0,yfinance,yfinance,beacon_empirical_oracle,estimado,estimado_via_depeg,2.4781,2.509,28714044884.0
2026-01-06,Post-Shapella,3295.95,3295.62,0.9999,-0.0001,-0.01,0.02141,0.020944,0.295353,0.463343,0.297048,0.465545,2.7849,2.5064,0.2785,10.0004,0.0008,1.495,2.2836,0.5013,2.538,2.5064,1.34,99.45,0,0.0,28422227166.0,28415312108.0,146444333.0,22198.03,22233.57,50.04,5125551.66,0,0,0,0,yfinance,yfinance,beacon_empirical_oracle,estimado,estimado_via_depeg,2.5064,2.538,29030844981.0
2026-01-07,Post-Shapella,3166.84,3163.35,0.998898,-0.001102,-0.1102,-0.039958,-0.040961,0.490603,0.481275,0.498601,0.484205,2.7871,2.5084,0.2787,9.9996,0.0008,1.4958,2.2854,0.5017,2.54,2.5084,1.37,99.45,0,0.0,28947240293.0,28940170879.0,140937784.0,22056.3,22447.93,50.44,4932822.44,0,0,0,0,yfinance,yfinance,beacon_empirical_oracle,estimado,estimado_via_depeg,2.5084,2.54,27919771802.0
2026-01-08,Post-Shapella,3104.38,3106.91,1.000815,0.000815,0.0815,-0.019921,-0.018005,0.532965,0.433881,0.535148,0.435108,2.7567,2.4811,0.2756,9.9975,0.0008,1.4965,2.2605,0.4962,2.512,2.4811,1.33,99.45,0,0.0,28081124611.0,28074221141.0,139262806.0,22578.09,22282.01,49.67,4874198.21,0,0,0,0,yfinance,yfinance,beacon_empirical_oracle,estimado,estimado_via_depeg,2.4811,2.512,27738340529.0
2026-01-09,Post-Shapella,3083.05,3082.56,0.999841,-0.000159,-0.0159,-0.006896,-0.007867,0.442356,0.43398,0.4474,0.435314,2.7567,2.4811,0.2756,9.9975,0.0008,1.4973,2.2605,0.4962,2.512,2.4811,1.34,99.45,0,0.0,27667339617.0,27660326619.0,137408894.0,22257.83,22311.31,50.06,4809311.29,0,0,0,0,yfinance,yfinance,beacon_empirical_oracle,estimado,estimado_via_depeg,2.4811,2.512,27419195610.0
2026-01-10,Post-Shapella,3082.4,3081.16,0.999598,-0.000402,-0.0402,-0.000211,-0.000455,0.442158,0.424986,0.447028,0.426435,2.7448,2.4703,0.2745,10.0007,0.0008,1.498,2.2507,0.4941,2.501,2.4703,1.32,99.45,0,0.0,27489301646.0,27482425159.0,137730203.0,22269.9,22412.88,50.16,4820557.11,0,0,0,0,yfinance,yfinance,beacon_empirical_oracle,estimado,estimado_via_depeg,2.4703,2.501,27490833584.0
2026-01-11,Post-Shapella,3118.89,3117.03,0.999404,-0.000596,-0.0596,0.011768,0.011576,0.451507,0.392235,0.456203,0.393267,2.7025,2.4323,0.2702,9.9981,0.0007,1.4988,2.2161,0.4865,2.462,2.4323,1.3,99.45,0,0.0,27477892018.0,27471030657.0,138488598.0,22095.02,22308.15,50.24,4847100.93,0,0,0,0,yfinance,yfinance,beacon_empirical_oracle,estimado,estimado_via_depeg,2.4323,2.462,27717855529.0
2026-01-12,Post-Shapella,3092.33,3090.22,0.999318,-0.000682,-0.0682,-0.008552,-0.008639,0.386435,0.391677,0.385443,0.392854,2.7025,2.4323,0.2702,9.9981,0.0007,1.4995,2.2161,0.4865,2.462,2.4323,1.28,99.45,0,0.0,27818256501.0,27811227029.0,137898656.0,22176.48,22417.29,50.27,4826452.96,0,0,0,0,yfinance,yfinance,beacon_empirical_oracle,estimado,estimado_via_depeg,2.4323,2.462,27651395785.0
2026-01-13,Post-Shapella,3322.1,3320.37,0.999479,-0.000521,-0.0521,0.071672,0.071834,0.670071,0.459476,0.672068,0.461115,2.7144,2.443,0.2714,9.9985,0.0007,1.5002,2.2258,0.4886,2.473,2.443,1.25,99.45,0,0.0,27603662635.0,27596632540.0,146470487.0,21952.28,22137.45,50.21,5126467.05,0,0,0,0,yfinance,yfinance,beacon_empirical_oracle,estimado,estimado_via_depeg,2.443,2.473,29516236822.0
2026-01-14,Post-Shapella,3354.72,3356.67,1.000581,0.000581,0.0581,0.009773,0.010874,0.573893,0.442515,0.571586,0.443437,2.7307,2.4576,0.2731,10.0011,0.0007,1.501,2.2392,0.4915,2.488,2.4576,1.28,99.45,0,0.0,29713729061.0,29706410142.0,149775970.0,22425.86,22220.48,49.77,5242158.95,0,0,0,0,yfinance,yfinance,beacon_empirical_oracle,estimado,estimado_via_depeg,2.4576,2.488,30022626379.0
2026-01-15,Post-Shapella,3317.1,3315.18,0.999421,-0.000579,-0.0579,-0.011278,-0.012439,0.551038,0.445576,0.557131,0.447037,2.7112,2.4401,0.2711,9.9993,0.0007,1.5017,2.2232,0.488,2.47,2.4401,1.29,99.45,0,0.0,29816023320.0,29808663536.0,146996496.0,22055.46,22259.3,50.23,5144877.36,0,0,0,0,yfinance,yfinance,beacon_empirical_oracle,estimado,estimado_via_depeg,2.4401,2.47,29542296780.0
2026-01-16,Post-Shapella,3295.48,3295.09,0.999882,-0.000118,-0.0118,-0.006539,-0.006077,0.550397,0.410227,0.553923,0.411364,2.6949,2.4254,0.2695,10.0004,0.0007,1.5025,2.2098,0.4851,2.455,2.4254,1.5,99.45,0,0.0,29633488380.0,29626310631.0,146440369.0,22196.15,22240.59,50.05,5125412.92,0,0,0,0,yfinance,yfinance,beacon_empirical_oracle,estimado,estimado_via_depeg,2.4254,2.455,29433694645.0
2026-01-17,Post-Shapella,3308.86,3306.18,0.99919,-0.00081,-0.081,0.004053,0.003361,0.54666,0.40956,0.550415,0.41093,2.6895,2.4205,0.269,10.0019,0.0007,1.5032,2.2054,0.4841,2.45,2.4205,1.48,99.45,0,0.0,29462348444.0,29455072741.0,147476980.0,22142.54,22427.79,50.32,5161694.3,0,0,0,0,yfinance,yfinance,beacon_empirical_oracle,estimado,estimado_via_depeg,2.4205,2.45,29689064107.0
2026-01-18,Post-Shapella,3281.16,3281.58,1.000128,0.000128,0.0128,-0.008409,-0.007471,0.562173,0.375552,0.564254,0.377579,2.6711,2.404,0.2671,9.9996,0.0007,1.5039,2.1903,0.4808,2.433,2.404,1.25,99.45,0,0.0,29693261082.0,29686038442.0,149048275.0,22735.45,22690.03,49.95,5216689.63,0,0,0,0,yfinance,yfinance,beacon_empirical_oracle,estimado,estimado_via_depeg,2.404,2.433,30131145687.0
2026-01-19,Post-Shapella,3186.62,3188.71,1.000656,0.000656,0.0656,-0.029235,-0.028707,0.614898,0.392185,0.615157,0.393543,2.7123,2.441,0.2713,10.0026,0.0007,1.5047,2.2241,0.4882,2.471,2.441,1.61,99.45,0,0.0,28982804284.0,28976070655.0,142989399.0,22552.57,22319.24,49.74,5004628.97,0,0,0,0,yfinance,yfinance,beacon_empirical_oracle,estimado,estimado_via_depeg,2.441,2.471,29113694251.0
2026-01-20,Post-Shapella,2935.61,2935.56,0.999983,-1.7e-05,-0.0017,-0.082047,-0.08272,0.591624,0.489333,0.597883,0.491652,2.6646,2.3981,0.2665,10.0015,0.0007,1.5054,2.1849,0.4796,2.427,2.3981,1.3,99.45,0,0.0,29074391063.0,29067641909.0,132930307.0,22636.47,22645.53,50.01,4652560.74,0,0,0,0,yfinance,yfinance,beacon_empirical_oracle,estimado,estimado_via_depeg,2.3981,2.427,27043461562.0
2026-01-21,Post-Shapella,2978.9,2977.2,0.999429,-0.000571,-0.0571,0.014641,0.014087,0.606222,0.49223,0.607564,0.49437,2.6678,2.401,0.2668,10.0007,0.0007,1.5061,2.1876,0.4802,2.43,2.401,1.35,99.45,0,0.0,26926177671.0,26919803527.0,135361872.0,22615.6,22824.62,50.23,4737665.52,0,0,0,0,yfinance,yfinance,beacon_empirical_oracle,estimado,estimado_via_depeg,2.401,2.43,28027036631.0
2026-01-22,Post-Shapella,2949.63,2947.42,0.999251,-0.000749,-0.0749,-0.009874,-0.010054,0.607109,0.490883,0.608929,0.493354,2.6353,2.3717,0.2636,10.0027,0.0007,1.5069,2.1609,0.4743,2.4,2.3717,1.28,99.45,0,0.0,27528984249.0,27522425716.0,131411782.0,22142.32,22409.63,50.3,4599412.37,0,0,0,0,yfinance,yfinance,beacon_empirical_oracle,estimado,estimado_via_depeg,2.3717,2.4,27483361533.0
2026-01-23,Post-Shapella,2953.26,2952.75,0.999827,-0.000173,-0.0173,0.001228,0.001806,0.617573,0.490444,0.619931,0.493054,2.5886,2.3297,0.2589,10.0015,0.0007,1.5076,2.1226,0.4659,2.357,2.3297,1.25,99.45,0,0.0,27508988372.0,27502494293.0,131432629.0,22220.97,22283.28,50.07,4600142.02,0,0,0,0,yfinance,yfinance,beacon_empirical_oracle,estimado,estimado_via_depeg,2.3297,2.357,27586760688.0
2026-01-24,Post-Shapella,2948.74,2949.73,1.000336,0.000336,0.0336,-0.00153,-0.001022,0.607972,0.48772,0.612509,0.489912,2.556,2.3004,0.2556,10.0,0.0007,1.5083,2.0959,0.4601,2.327,2.3004,1.23,99.45,0,0.0,27635076733.0,27628630226.0,131671001.0,22384.7,22268.61,49.87,4608485.04,0,0,0,0,yfinance,yfinance,beacon_empirical_oracle,estimado,estimado_via_depeg,2.3004,2.327,27704695386.0
2026-01-25,Post-Shapella,2815.9,2813.2,0.999041,-0.000959,-0.0959,-0.046095,-0.047391,0.637782,0.513197,0.644511,0.516679,2.5745,2.317,0.2575,10.0019,0.0007,1.509,2.1111,0.4634,2.344,2.317,1.24,99.45,0,0.0,27641753018.0,27635317228.0,125062730.0,22037.76,22375.3,50.38,4377195.55,0,0,0,0,yfinance,yfinance,beacon_empirical_oracle,estimado,estimado_via_depeg,2.317,2.344,26448027293.0
2026-01-26,Post-Shapella,2926.46,2927.04,1.000198,0.000198,0.0198,0.03851,0.039668,0.764955,0.530948,0.776773,0.535325,2.6201,2.3581,0.262,9.9996,0.0007,1.5097,2.1485,0.4716,2.386,2.3581,1.32,99.45,0,0.0,26649771928.0,26643716678.0,130179523.0,22277.39,22206.22,49.92,4556283.31,0,0,0,0,yfinance,yfinance,beacon_empirical_oracle,estimado,estimado_via_depeg,2.3581,2.386,27575465792.0
2026-01-27,Post-Shapella,3022.21,3023.12,1.000301,0.000301,0.0301,0.032196,0.0323,0.542578,0.542881,0.553891,0.547223,2.5832,2.3248,0.2584,10.0031,0.0007,1.5104,2.1182,0.465,2.352,2.3248,1.32,99.45,0,0.0,27495401950.0,27489120287.0,133772464.0,22184.68,22078.45,49.88,4682036.24,0,0,0,0,yfinance,yfinance,beacon_empirical_oracle,estimado,estimado_via_depeg,2.3248,2.352,28440779078.0
2026-01-28,Post-Shapella,3006.61,3006.16,0.99985,-0.00015,-0.015,-0.005176,-0.005629,0.538129,0.542935,0.550767,0.547362,2.5408,2.2867,0.2541,10.0008,0.0007,1.5111,2.0835,0.4573,2.313,2.2867,1.23,99.45,0,0.0,28551817399.0,28545387751.0,134060930.0,22267.61,22321.12,50.06,4692132.55,0,0,0,0,yfinance,yfinance,beacon_empirical_oracle,estimado,estimado_via_depeg,2.2867,2.313,28589572430.0
2026-01-29,Post-Shapella,2818.23,2817.53,0.999752,-0.000248,-0.0248,-0.064702,-0.064803,0.721819,0.587008,0.731996,0.591381,2.5256,2.273,0.2526,10.0016,0.0007,1.5118,2.071,0.4546,2.299,2.273,1.23,99.45,0,0.0,28543082749.0,28536777663.0,125221941.0,22171.98,22260.85,50.1,4382767.94,0,0,0,0,yfinance,yfinance,beacon_empirical_oracle,estimado,estimado_via_depeg,2.273,2.299,26905181820.0
2026-01-30,Post-Shapella,2702.38,2700.31,0.999234,-0.000766,-0.0766,-0.041979,-0.042491,0.760057,0.603526,0.770521,0.608198,2.6689,2.402,0.2669,10.0004,0.0007,1.5125,2.1885,0.4804,2.431,2.402,1.34,99.45,0,0.0,27049924851.0,27043982313.0,119699054.0,22009.66,22284.28,50.31,4189466.89,0,0,0,0,yfinance,yfinance,beacon_empirical_oracle,estimado,estimado_via_depeg,2.402,2.431,25849834003.0
2026-01-31,Post-Shapella,2445.09,2444.03,0.999566,-0.000434,-0.0434,-0.100048,-0.099718,0.974732,0.689017,0.980097,0.69269,2.6201,2.3581,0.262,9.9996,0.0007,1.5132,2.1485,0.4716,2.386,2.3581,1.96,99.45,0,0.0,25945545528.0,25939613956.0,107016006.0,21809.45,21958.26,50.17,3745560.21,0,0,0,0,yfinance,yfinance,beacon_empirical_oracle,estimado,estimado_via_depeg,2.3581,2.386,23152356381.0
2026-02-01,Post-Shapella,2267.96,2266.22,0.999233,-0.000767,-0.0767,-0.0752,-0.075535,1.030898,0.706953,1.035457,0.710961,3.9481,3.5533,0.3948,9.9997,0.0011,1.5143,3.2374,0.7107,3.617,3.5533,2.64,99.45,0,0.0,23722662579.0,23717284548.0,102983460.0,22563.22,22844.75,50.31,3604421.1,0,0,0,0,yfinance,yfinance,beacon_empirical_oracle,estimado,estimado_via_depeg,3.5533,3.617,22231466677.0
2026-02-02,Post-Shapella,2344.36,2343.69,0.999714,-0.000286,-0.0286,0.033128,0.033613,1.009358,0.722442,1.01099,0.726655,2.8185,2.5366,0.2819,10.0018,0.0008,1.5151,2.3112,0.5073,2.569,2.5366,2.27,99.45,0,0.0,22124035742.0,22118848237.0,103447263.0,22014.47,22111.55,50.11,3620654.21,0,0,0,0,yfinance,yfinance,beacon_empirical_oracle,estimado,estimado_via_depeg,2.5366,2.569,22489535437.0
2026-02-03,Post-Shapella,2227.56,2226.66,0.999596,-0.000404,-0.0404,-0.051105,-0.051225,0.856279,0.734662,0.857299,0.738996,2.5604,2.3043,0.2561,10.0023,0.0007,1.5158,2.0995,0.4609,2.331,2.3043,1.51,99.45,0,0.0,22422901673.0,22417620584.0,100374441.0,22458.04,22602.23,50.16,3513105.44,0,0,0,0,yfinance,yfinance,beacon_empirical_oracle,estimado,estimado_via_depeg,2.3043,2.331,21575519453.0
2026-02-04,Post-Shapella,2143.5,2145.78,1.001064,0.001064,0.1064,-0.038464,-0.037,0.797147,0.7271,0.800642,0.729979,2.6938,2.4245,0.2693,9.997,0.0007,1.5165,2.2089,0.4849,2.454,2.4245,1.89,99.45,0,0.0,21432785743.0,21427815388.0,93727782.0,22046.91,21679.61,49.58,3280472.37,0,0,0,0,yfinance,yfinance,beacon_empirical_oracle,estimado,estimado_via_depeg,2.4245,2.454,20332473382.0
2026-02-05,Post-Shapella,1821.68,1828.8,1.003908,0.003908,0.3908,-0.162681,-0.159843,1.153721,0.8824,1.142099,0.879373,2.825,2.5425,0.2825,10.0,0.0008,1.5173,2.3165,0.5085,2.575,2.5425,2.64,99.45,0,0.0,20578432033.0,20573749629.0,82251128.0,23279.98,21871.27,48.44,2878789.48,0,0,0,0,yfinance,yfinance,beacon_empirical_oracle,estimado,estimado_via_depeg,2.5425,2.575,17987969919.0
2026-02-06,Post-Shapella,2063.39,2059.84,0.99828,-0.00172,-0.172,0.124588,0.11897,1.786139,1.012129,1.744111,0.999311,4.2277,3.8049,0.4228,10.0007,0.0012,1.5185,3.4667,0.761,3.878,3.8049,4.18,99.45,0,0.0,17021668592.0,17017877207.0,91155135.0,21783.86,22393.51,50.69,3190429.72,0,0,0,0,yfinance,yfinance,beacon_empirical_oracle,estimado,estimado_via_depeg,3.8049,3.878,19839754263.0
2026-02-07,Post-Shapella,2090.55,2087.92,0.998742,-0.001258,-0.1258,0.013078,0.013539,1.735228,1.01635,1.694002,1.003886,2.696,2.4264,0.2696,10.0,0.0007,1.5192,2.2107,0.4853,2.456,2.4264,1.86,99.45,0,0.0,19744031006.0,19739540277.0,92648408.0,21937.27,22380.45,50.5,3242694.28,0,0,0,0,yfinance,yfinance,beacon_empirical_oracle,estimado,estimado_via_depeg,2.4264,2.456,20022018681.0
2026-02-08,Post-Shapella,2088.76,2089.28,1.000249,0.000249,0.0249,-0.000855,0.000652,1.679715,1.017038,1.637277,1.0049,2.7025,2.4323,0.2702,9.9981,0.0007,1.52,2.2161,0.4865,2.462,2.4323,1.8,99.45,0,0.0,19976782143.0,19972321411.0,92988165.0,22303.7,22214.66,49.9,3254585.78,0,0,0,0,yfinance,yfinance,beacon_empirical_oracle,estimado,estimado_via_depeg,2.4323,2.462,20029998886.0
2026-02-09,Post-Shapella,2103.57,2101.06,0.998807,-0.001193,-0.1193,0.007063,0.005621,1.64758,1.018503,1.602344,1.006075,2.5549,2.2994,0.2555,10.0004,0.0007,1.5207,2.095,0.4599,2.326,2.2994,1.68,99.45,0,0.0,19929141311.0,19924708883.0,93727205.0,22064.26,22492.0,50.48,3280452.18,0,0,0,0,yfinance,yfinance,beacon_empirical_oracle,estimado,estimado_via_depeg,2.2994,2.326,20164931177.0
2026-02-10,Post-Shapella,2019.5,2017.19,0.998856,-0.001144,-0.1144,-0.040786,-0.040738,1.635649,1.019085,1.589907,1.006695,2.5386,2.2848,0.2538,9.9976,0.0007,1.5213,2.0817,0.457,2.311,2.2848,1.69,99.45,0,0.0,20115342366.0,20110929695.0,89208968.0,21883.7,22290.09,50.46,3122313.88,0,0,0,0,yfinance,yfinance,beacon_empirical_oracle,estimado,estimado_via_depeg,2.2848,2.311,19323305448.0
2026-02-11,Post-Shapella,1940.62,1938.03,0.998665,-0.001335,-0.1335,-0.03984,-0.04003,1.636931,1.022629,1.592708,1.01034,2.5821,2.3239,0.2582,9.9996,0.0007,1.5221,2.1173,0.4648,2.351,2.3239,1.79,99.45,0,0.0,19397045120.0,19392820110.0,86923263.0,22158.35,22633.14,50.53,3042314.2,0,0,0,0,yfinance,yfinance,beacon_empirical_oracle,estimado,estimado_via_depeg,2.3239,2.351,18697051768.0
2026-02-12,Post-Shapella,1946.94,1945.22,0.999117,-0.000883,-0.0883,0.003251,0.003703,1.057221,0.97598,1.019949,0.963013,2.6125,2.3512,0.2613,10.0019,0.0007,1.5228,2.1422,0.4702,2.379,2.3512,1.52,99.45,0,0.0,18629554631.0,18625493966.0,85349529.0,21765.46,22072.32,50.35,2987233.52,0,0,0,0,yfinance,yfinance,beacon_empirical_oracle,estimado,estimado_via_depeg,2.3512,2.379,18550762032.0
2026-02-13,Post-Shapella,2048.53,2047.48,0.999487,-0.000513,-0.0513,0.050862,0.051235,0.607289,1.000804,0.60971,0.988114,2.5549,2.2994,0.2555,10.0004,0.0007,1.5235,2.095,0.4599,2.326,2.2994,1.69,99.45,0,0.0,18594744318.0,18590729209.0,90544233.0,22011.41,22188.21,50.2,3169048.16,0,0,0,0,yfinance,yfinance,beacon_empirical_oracle,estimado,estimado_via_depeg,2.2994,2.326,19566998359.0
2026-02-14,Post-Shapella,2086.01,2086.02,1.000005,5e-06,0.0005,0.018132,0.018647,0.615474,1.007946,0.618106,0.995634,2.5875,2.3287,0.2588,10.0019,0.0007,1.5242,2.1217,0.4657,2.356,2.3287,1.64,99.45,0,0.0,19571083055.0,19566784785.0,92367180.0,22139.68,22139.68,50.0,3232851.3,0,0,0,0,yfinance,yfinance,beacon_empirical_oracle,estimado,estimado_via_depeg,2.3287,2.356,19910900407.0
2026-02-15,Post-Shapella,1966.04,1961.79,0.997838,-0.002162,-0.2162,-0.05923,-0.061404,0.748572,1.018773,0.759573,1.007714,2.5082,2.2574,0.2508,9.9992,0.0007,1.5249,2.0567,0.4515,2.283,2.2574,1.49,99.45,0,0.0,19886517559.0,19882019740.0,86824011.0,21696.73,22465.15,50.87,3038840.38,0,0,0,0,yfinance,yfinance,beacon_empirical_oracle,estimado,estimado_via_depeg,2.2574,2.283,18616693844.0
2026-02-16,Post-Shapella,1997.92,1995.96,0.999019,-0.000981,-0.0981,0.016083,0.017268,0.762788,1.022791,0.777648,1.012457,2.6233,2.361,0.2623,9.9989,0.0007,1.5256,2.1511,0.4722,2.389,2.361,1.56,99.45,0,0.0,18701008432.0,18696631996.0,88126888.0,21882.63,22226.69,50.39,3084441.08,0,0,0,0,yfinance,yfinance,beacon_empirical_oracle,estimado,estimado_via_depeg,2.361,2.389,18913263436.0
2026-02-17,Post-Shapella,1992.19,1990.97,0.999388,-0.000612,-0.0612,-0.002869,-0.002503,0.708953,1.023546,0.724955,1.013183,2.5332,2.2799,0.2533,9.9992,0.0007,1.5263,2.0772,0.456,2.306,2.2799,2.01,99.45,0,0.0,18946769414.0,18942372800.0,88447566.0,22087.58,22309.57,50.25,3095664.81,0,0,0,0,yfinance,yfinance,beacon_empirical_oracle,estimado,estimado_via_depeg,2.2799,2.306,18924478031.0
2026-02-18,Post-Shapella,1953.97,1951.37,0.998669,-0.001331,-0.1331,-0.019371,-0.020089,0.655809,1.022595,0.673579,1.012338,2.5441,2.2897,0.2544,9.9996,0.0007,1.527,2.0861,0.4579,2.316,2.2897,1.83,99.45,0,0.0,18904869556.0,18900577731.0,86144475.0,21809.79,22277.11,50.53,3015056.63,0,0,0,0,yfinance,yfinance,beacon_empirical_oracle,estimado,estimado_via_depeg,2.2897,2.316,18391332987.0
2026-02-19,Post-Shapella,1948.2,1945.78,0.998758,-0.001242,-0.1242,-0.002959,-0.002867,0.656033,0.995448,0.673634,0.984398,2.5473,2.2926,0.2547,9.9988,0.0007,1.5277,2.0888,0.4585,2.319,2.2926,1.75,99.45,0,0.0,18526525601.0,18522410898.0,86115175.0,21880.2,22322.23,50.5,3014031.13,0,0,0,0,yfinance,yfinance,beacon_empirical_oracle,estimado,estimado_via_depeg,2.2926,2.319,18396776323.0
2026-02-20,Post-Shapella,1969.02,1966.71,0.998827,-0.001173,-0.1173,0.010631,0.010699,0.516013,0.99411,0.535706,0.983264,2.569,2.3121,0.2569,10.0,0.0007,1.5284,2.1066,0.4624,2.339,2.3121,1.81,99.45,0,0.0,18469475515.0,18465317570.0,87039264.0,21894.42,22309.94,50.47,3046374.24,0,0,0,0,yfinance,yfinance,beacon_empirical_oracle,estimado,estimado_via_depeg,2.3121,2.339,18630671295.0
2026-02-21,Post-Shapella,1973.74,1971.98,0.999108,-0.000892,-0.0892,0.002392,0.002678,0.483358,0.99564,0.502867,0.984879,2.5332,2.2799,0.2533,9.9992,0.0007,1.5291,2.0772,0.456,2.306,2.2799,1.7,99.45,0,0.0,18639761626.0,18635494166.0,87198346.0,21930.58,22248.67,50.36,3051942.11,0,0,0,0,yfinance,yfinance,beacon_empirical_oracle,estimado,estimado_via_depeg,2.2799,2.306,18750315920.0
2026-02-22,Post-Shapella,1957.81,1954.58,0.99835,-0.00165,-0.165,-0.008104,-0.008863,0.22508,0.994446,0.235867,0.983509,2.5289,2.276,0.2529,10.0004,0.0007,1.5298,2.0737,0.4552,2.302,2.276,1.67,99.45,0,0.0,18695553919.0,18691270113.0,86187474.0,21720.65,22301.74,50.66,3016561.59,0,0,0,0,yfinance,yfinance,beacon_empirical_oracle,estimado,estimado_via_depeg,2.276,2.302,18425585415.0
2026-02-23,Post-Shapella,1855.5,1852.36,0.998308,-0.001692,-0.1692,-0.053669,-0.053717,0.403454,1.003006,0.405833,0.992062,2.5484,2.2936,0.2548,9.9984,0.0007,1.5305,2.0897,0.4587,2.32,2.2936,2.0,99.45,0,0.0,18494244937.0,18490087387.0,82393448.0,21900.54,22504.45,50.68,2883770.68,0,0,0,0,yfinance,yfinance,beacon_empirical_oracle,estimado,estimado_via_depeg,2.2936,2.32,17569402070.0
2026-02-24,Post-Shapella,1852.97,1853.58,1.000329,0.000329,0.0329,-0.001366,0.000656,0.405339,0.997922,0.410315,0.986769,2.5994,2.3395,0.2599,9.9985,0.0007,1.5312,2.1315,0.4679,2.367,2.3395,1.89,99.45,0,0.0,17590287119.0,17586335836.0,80484041.0,21774.04,21661.11,49.87,2816941.44,0,0,0,0,yfinance,yfinance,beacon_empirical_oracle,estimado,estimado_via_depeg,2.3395,2.367,17508778309.0
2026-02-25,Post-Shapella,2054.63,2051.98,0.99871,-0.00129,-0.129,0.103305,0.10169,0.902425,1.064187,0.891821,1.05079,2.5636,2.3073,0.2563,9.9977,0.0007,1.5319,2.1022,0.4615,2.334,2.3073,1.75,99.45,0,0.0,17484371341.0,17480379458.0,90592600.0,21821.1,22270.83,50.51,3170741.0,0,0,0,0,yfinance,yfinance,beacon_empirical_oracle,estimado,estimado_via_depeg,2.3073,2.334,19675878702.0
2026-02-26,Post-Shapella,2026.79,2026.02,0.99962,-0.00038,-0.038,-0.01364,-0.012735,0.912957,1.052285,0.90138,1.038652,2.6277,2.3649,0.2628,10.0011,0.0007,1.5326,2.1547,0.473,2.393,2.3649,1.73,99.45,0,0.0,19396423891.0,19391972714.0,87370214.0,21489.18,21618.5,50.15,3057957.49,0,0,0,0,yfinance,yfinance,beacon_empirical_oracle,estimado,estimado_via_depeg,2.3649,2.393,19120221727.0
2026-02-27,Post-Shapella,1930.76,1928.79,0.99898,-0.00102,-0.102,-0.04854,-0.049179,0.990047,1.058912,0.981606,1.045667,2.5549,2.2994,0.2555,10.0004,0.0007,1.5333,2.095,0.4599,2.326,2.2994,1.71,99.45,0,0.0,19114056392.0,19109720345.0,82892034.0,21290.14,21642.19,50.41,2901221.19,0,0,0,0,yfinance,yfinance,beacon_empirical_oracle,estimado,estimado_via_depeg,2.2994,2.326,18100072658.0
2026-02-28,Post-Shapella,1965.05,1962.51,0.998707,-0.001293,-0.1293,0.017603,0.017332,1.000936,1.048928,0.99221,1.035422,2.5951,2.3356,0.2595,9.9996,0.0007,1.534,2.128,0.4671,2.363,2.3356,1.81,99.45,0,0.0,18174505188.0,18170379372.0,84800172.0,21352.7,21801.5,50.52,2968006.02,0,0,0,0,yfinance,yfinance,beacon_empirical_oracle,estimado,estimado_via_depeg,2.3356,2.363,18505994790.0
2026-03-01,Post-Shapella,1939.07,1936.84,0.99885,-0.00115,-0.115,-0.013311,-0.013169,1.004002,1.043374,0.994853,1.029608,2.5875,2.3287,0.2588,10.0019,0.0007,1.5347,2.1217,0.4657,2.356,2.3287,1.77,99.45,0,0.0,18456216069.0,18451939373.0,83150269.0,21243.51,21638.01,50.46,2910259.42,0,0,0,0,yfinance,yfinance,beacon_empirical_oracle,estimado,estimado_via_depeg,2.3287,2.356,18213439986.0
2026-03-02,Post-Shapella,2027.27,2031.74,1.002205,0.002205,0.2205,0.044483,0.047834,0.941201,1.009475,0.938013,0.997872,2.6125,2.3512,0.2613,10.0019,0.0007,1.5354,2.1422,0.4702,2.379,2.3512,1.7,99.45,0,0.0,18299842898.0,18295632398.0,88220778.0,22141.47,21375.57,49.12,3087727.23,0,0,0,0,yfinance,yfinance,beacon_empirical_oracle,estimado,estimado_via_depeg,2.3512,2.379,19254649842.0
2026-03-03,Post-Shapella,1982.77,1983.06,1.000146,0.000146,0.0146,-0.022195,-0.024251,0.971594,0.980418,0.974803,0.9686,2.7448,2.4703,0.2745,10.0007,0.0008,1.5362,2.2507,0.4941,2.501,2.4703,1.74,99.45,0,0.0,19117128438.0,19112767527.0,85262777.0,21526.73,21475.12,49.94,2984197.2,0,0,0,0,yfinance,yfinance,beacon_empirical_oracle,estimado,estimado_via_depeg,2.4703,2.501,18527131258.0
2026-03-04,Post-Shapella,2126.51,2125.16,0.999365,-0.000635,-0.0635,0.069986,0.069209,0.788863,1.0063,0.80094,0.993835,2.7643,2.4879,0.2764,9.9989,0.0008,1.5369,2.2667,0.4976,2.519,2.4879,2.07,99.45,0,0.0,18499092314.0,18494716002.0,92763833.0,21702.23,21920.34,50.25,3246734.16,0,0,0,0,yfinance,yfinance,beacon_empirical_oracle,estimado,estimado_via_depeg,2.4879,2.519,19812278879.0
2026-03-05,Post-Shapella,2071.61,2072.26,1.000314,0.000314,0.0314,-0.026156,-0.025207,0.811618,0.995068,0.822519,0.982106,2.6765,2.4088,0.2677,10.0019,0.0007,1.5377,2.1947,0.4818,2.438,2.4088,1.68,99.45,0,0.0,19762266803.0,19757694950.0,89730989.0,21713.62,21601.0,49.87,3140584.62,0,0,0,0,yfinance,yfinance,beacon_empirical_oracle,estimado,estimado_via_depeg,2.4088,2.438,19226712087.0
2026-03-06,Post-Shapella,1978.75,1981.22,1.001248,0.001248,0.1248,-0.045858,-0.044928,0.801399,0.998766,0.806458,0.986003,2.5701,2.3131,0.257,9.9996,0.0007,1.5384,2.1075,0.4626,2.34,2.3131,1.35,99.45,0,0.0,19189911209.0,19185450693.0,85559047.0,21835.66,21403.27,49.5,2994566.65,0,0,0,0,yfinance,yfinance,beacon_empirical_oracle,estimado,estimado_via_depeg,2.3131,2.34,18302451735.0
2026-03-07,Post-Shapella,1969.46,1968.78,0.999655,-0.000345,-0.0345,-0.004709,-0.006297,0.793684,0.815383,0.800422,0.807166,2.5614,2.3053,0.2561,9.9984,0.0007,1.5391,2.1004,0.4611,2.332,2.3053,1.35,99.45,0,0.0,18277609683.0,18273353793.0,85673960.0,21689.72,21811.52,50.14,2998588.6,0,0,0,0,yfinance,yfinance,beacon_empirical_oracle,estimado,estimado_via_depeg,2.3053,2.332,18177090725.0
2026-03-08,Post-Shapella,1936.6,1939.98,1.001745,0.001745,0.1745,-0.016821,-0.014737,0.797744,0.688411,0.802123,0.690566,2.568,2.3112,0.2568,10.0,0.0007,1.5398,2.1057,0.4622,2.338,2.3112,1.47,99.45,0,0.0,18193395444.0,18189209393.0,86092008.33,22538.8,21916.43,49.3,3013220.29,0,0,0,0,yfinance,yfinance,beacon_empirical_oracle,estimado,estimado_via_depeg,2.3112,2.338,17961033353.0
2026-03-09,Post-Shapella,1992.94,1993.73,1.000396,0.000396,0.0396,0.028674,0.027325,0.750679,0.694862,0.739291,0.696122,2.6038,2.3434,0.2604,10.0008,0.0007,1.5405,2.1351,0.4687,2.371,2.3434,1.59,99.45,0,0.0,17978656961.0,17974495567.0,86510056.67,21773.58,21634.68,49.84,3027851.98,0,0,0,0,yfinance,yfinance,beacon_empirical_oracle,estimado,estimado_via_depeg,2.3434,2.371,18459971862.0
2026-03-10,Post-Shapella,2037.12,2035.55,0.999229,-0.000771,-0.0771,0.021927,0.020762,0.747649,0.699694,0.730866,0.700439,2.6179,2.3561,0.2618,10.0004,0.0007,1.5412,2.1467,0.4712,2.384,2.3561,1.71,99.45,0,0.0,18473289181.0,18468996646.0,86928105.0,21203.75,21468.31,50.31,3042483.68,0,0,0,0,yfinance,yfinance,beacon_empirical_oracle,estimado,estimado_via_depeg,2.3561,2.384,18678517241.0
2026-03-11,Post-Shapella,2051.57,2052.55,1.000478,0.000478,0.0478,0.00707,0.008318,0.509147,0.699695,0.492362,0.700817,2.6678,2.401,0.2668,10.0007,0.0007,1.5419,2.1876,0.4802,2.43,2.401,1.56,99.45,0,0.0,18836554697.0,18832236115.0,88469863.0,21643.44,21479.57,49.81,3096445.2,0,0,0,0,yfinance,yfinance,beacon_empirical_oracle,estimado,estimado_via_depeg,2.401,2.43,19027269889.0
2026-03-12,Post-Shapella,2073.14,2075.91,1.001336,0.001336,0.1336,0.010456,0.011317,0.485223,0.685556,0.471204,0.686842,2.7047,2.4342,0.2705,10.0011,0.0007,1.5427,2.2178,0.4868,2.464,2.4342,1.98,99.45,0,0.0,18944391298.0,18940033241.0,88354654.0,21539.52,21079.24,49.46,3092412.89,0,0,0,0,yfinance,yfinance,beacon_empirical_oracle,estimado,estimado_via_depeg,2.4342,2.464,18977173557.0
2026-03-13,Post-Shapella,2092.56,2087.52,0.997591,-0.002409,-0.2409,0.009327,0.005573,0.292626,0.670081,0.278249,0.670823,4.9633,4.467,0.4963,9.9994,0.0014,1.544,4.0699,0.8934,4.568,4.467,3.18,99.45,0,0.0,19347154063.0,19342664719.0,89178131.0,20899.26,21717.5,50.96,3121234.59,0,0,0,0,yfinance,yfinance,beacon_empirical_oracle,estimado,estimado_via_depeg,4.467,4.568,19169047136.0
2026-03-14,Post-Shapella,2097.09,2096.18,0.999566,-0.000434,-0.0434,0.002159,0.004141,0.27835,0.670076,0.256173,0.670835,2.6483,2.3834,0.2649,10.0026,0.0007,1.5448,2.1716,0.4767,2.412,2.3834,1.51,99.45,0,0.0,19259126693.0,19254707141.0,89201657.0,21195.65,21340.27,50.17,3122058.0,0,0,0,0,yfinance,yfinance,beacon_empirical_oracle,estimado,estimado_via_depeg,2.3834,2.412,19152262698.0
2026-03-15,Post-Shapella,2177.48,2173.74,0.998282,-0.001718,-0.1718,0.037617,0.036333,0.247352,0.659549,0.23323,0.659118,2.6049,2.3444,0.2605,10.0004,0.0007,1.5455,2.136,0.4689,2.372,2.3444,1.48,99.45,0,0.0,19213325544.0,19208912307.0,92262327.0,20893.21,21477.93,50.69,3229181.44,0,0,0,0,yfinance,yfinance,beacon_empirical_oracle,estimado,estimado_via_depeg,2.3444,2.372,19962892307.0
2026-03-16,Post-Shapella,2351.18,2349.18,0.999149,-0.000851,-0.0851,0.076749,0.077617,0.501456,0.707503,0.504015,0.708142,2.7567,2.4811,0.2756,9.9975,0.0008,1.5462,2.2605,0.4962,2.512,2.4811,1.67,99.45,0,0.0,19946945318.0,19942334427.0,100865195.0,21304.05,21595.77,50.34,3530281.82,0,0,0,0,yfinance,yfinance,beacon_empirical_oracle,estimado,estimado_via_depeg,2.4811,2.512,21711206042.0
2026-03-17,Post-Shapella,2318.05,2318.84,1.000341,0.000341,0.0341,-0.014188,-0.013,0.571738,0.673473,0.569612,0.671065,2.6439,2.3795,0.2644,10.0004,0.0007,1.547,2.168,0.4759,2.408,2.3795,1.57,99.45,0,0.0,21663118328.0,21658293903.0,99573096.0,21537.91,21417.63,49.86,3485058.36,0,0,0,0,yfinance,yfinance,beacon_empirical_oracle,estimado,estimado_via_depeg,2.3795,2.408,21352820748.0
2026-03-18,Post-Shapella,2203.67,2202.61,0.999519,-0.000481,-0.0481,-0.050603,-0.051424,0.761717,0.699921,0.765114,0.698223,2.6211,2.359,0.2621,9.9996,0.0007,1.5477,2.1493,0.4718,2.387,2.359,1.32,99.45,0,0.0,21345683804.0,21340912878.0,94119539.0,21274.03,21436.33,50.19,3294183.86,0,0,0,0,yfinance,yfinance,beacon_empirical_oracle,estimado,estimado_via_depeg,2.359,2.387,20199105328.0
2026-03-19,Post-Shapella,2137.42,2141.22,1.001778,0.001778,0.1778,-0.030524,-0.028267,0.816447,0.709554,0.813106,0.706643,2.696,2.4264,0.2696,10.0,0.0007,1.5484,2.2107,0.4853,2.456,2.4264,1.58,99.45,0,0.0,20389041084.0,20384523526.0,91774424.0,21773.36,21163.65,49.29,3212104.84,0,0,0,0,yfinance,yfinance,beacon_empirical_oracle,estimado,estimado_via_depeg,2.4264,2.456,19786603356.0
2026-03-20,Post-Shapella,2146.5,2146.97,1.000219,0.000219,0.0219,0.004236,0.002684,0.81539,0.705224,0.813125,0.70196,2.6862,2.4176,0.2686,9.9993,0.0007,1.5492,2.2027,0.4835,2.447,2.4176,1.33,99.45,0,0.0,19738092918.0,19733612449.0,91958687.0,21459.17,21382.05,49.91,3218554.05,0,0,0,0,yfinance,yfinance,beacon_empirical_oracle,estimado,estimado_via_depeg,2.4176,2.447,19852582547.0
2026-03-21,Post-Shapella,2076.69,2099.22,1.010849,0.010849,1.0849,-0.033062,-0.022491,0.85783,0.716228,0.835308,0.707406,2.6157,2.3541,0.2616,10.0011,0.0007,1.5499,2.1449,0.4708,2.382,2.3541,1.27,99.45,0,0.0,19778104090.0,19773593922.0,91770966.0,22979.31,21211.67,48.0,3211983.81,0,0,0,0,yfinance,yfinance,beacon_empirical_oracle,estimado,estimado_via_depeg,2.3541,2.382,19743823926.0
2026-03-22,Post-Shapella,2053.05,2053.8,1.000365,0.000365,0.0365,-0.01145,-0.021878,0.792783,0.71707,0.786495,0.711784,3.2067,2.8861,0.3206,9.9978,0.0009,1.5508,2.6295,0.5772,2.928,2.8861,1.55,99.45,0,0.0,19135445843.0,19131083885.0,87483368.0,21369.63,21241.79,49.85,3061917.88,0,0,0,0,yfinance,yfinance,beacon_empirical_oracle,estimado,estimado_via_depeg,2.8861,2.928,18763094759.0
2026-03-23,Post-Shapella,2152.15,2151.76,0.999819,-0.000181,-0.0181,0.04714,0.046595,0.606178,0.734627,0.587531,0.729017,2.7426,2.4684,0.2742,9.9978,0.0008,1.5515,2.249,0.4937,2.499,2.4684,1.34,99.45,0,0.0,18855135858.0,18850808128.0,91689621.0,21272.04,21331.69,50.07,3209136.74,0,0,0,0,yfinance,yfinance,beacon_empirical_oracle,estimado,estimado_via_depeg,2.4684,2.499,19761025070.0
2026-03-24,Post-Shapella,2155.7,2157.7,1.000928,0.000928,0.0928,0.001652,0.00276,0.614445,0.733577,0.597713,0.727781,2.6819,2.4137,0.2682,10.0004,0.0007,1.5522,2.1992,0.4827,2.443,2.4137,1.29,99.45,0,0.0,19697635615.0,19693061744.0,91706365.0,21428.07,21113.27,49.63,3209722.78,0,0,0,0,yfinance,yfinance,beacon_empirical_oracle,estimado,estimado_via_depeg,2.4137,2.443,19717508855.0
2026-03-25,Post-Shapella,2168.02,2167.1,0.999576,-0.000424,-0.0424,0.005697,0.004346,0.516963,0.704284,0.49023,0.698107,2.6624,2.3961,0.2663,10.0023,0.0007,1.553,2.1832,0.4792,2.425,2.3961,1.3,99.45,0,0.0,19864241938.0,19859657228.0,92449394.0,21248.67,21393.65,50.17,3235728.79,0,0,0,0,yfinance,yfinance,beacon_empirical_oracle,estimado,estimado_via_depeg,2.3961,2.425,19842698181.0
2026-03-26,Post-Shapella,2059.58,2058.15,0.999306,-0.000694,-0.0694,-0.051314,-0.051583,0.600919,0.731171,0.585043,0.725653,2.6949,2.4254,0.2695,10.0004,0.0007,1.5537,2.2098,0.4851,2.455,2.4254,1.3,99.45,0,0.0,19875845066.0,19871257950.0,88024520.0,21249.86,21489.2,50.28,3080858.2,0,0,0,0,yfinance,yfinance,beacon_empirical_oracle,estimado,estimado_via_depeg,2.4254,2.455,18955321206.0
2026-03-27,Post-Shapella,1991.27,1990.92,0.999824,-0.000176,-0.0176,-0.033728,-0.033208,0.626265,0.647213,0.610773,0.643828,2.7025,2.4323,0.2702,9.9981,0.0007,1.5544,2.2161,0.4865,2.462,2.4323,1.29,99.45,0,0.0,18827443963.0,18823125185.0,84642195.0,21223.56,21283.07,50.07,2962476.82,0,0,0,0,yfinance,yfinance,beacon_empirical_oracle,estimado,estimado_via_depeg,2.4323,2.462,18238284039.0
2026-03-28,Post-Shapella,1992.69,1992.86,1.000085,8.5e-05,0.0085,0.000714,0.00097,0.599913,0.645632,0.60689,0.642459,2.6418,2.3776,0.2642,10.0008,0.0007,1.5552,2.1662,0.4755,2.406,2.3776,1.26,99.45,0,0.0,18311443686.0,18307283325.0,86046509.0,21603.5,21577.59,49.97,3011627.82,0,0,0,0,yfinance,yfinance,beacon_empirical_oracle,estimado,estimado_via_depeg,2.3776,2.406,18451341645.0
2026-03-29,Post-Shapella,1982.56,1984.14,1.000797,0.000797,0.0797,-0.005099,-0.004384,0.598088,0.622367,0.594574,0.618331,2.6179,2.3561,0.2618,10.0004,0.0007,1.5559,2.1467,0.4712,2.384,2.3561,1.27,99.45,0,0.0,18328731186.0,18324608857.0,85386376.0,21672.19,21396.55,49.68,2988523.16,0,0,0,0,yfinance,yfinance,beacon_empirical_oracle,estimado,estimado_via_depeg,2.3561,2.384,18131957303.0
2026-03-30,Post-Shapella,2023.51,2023.11,0.999802,-0.000198,-0.0198,0.020447,0.019453,0.474932,0.623406,0.470942,0.619083,2.6461,2.3815,0.2646,9.9996,0.0007,1.5566,2.1698,0.4763,2.41,2.3815,1.27,99.45,0,0.0,18235284778.0,18231193439.0,86319770.0,21295.09,21363.34,50.08,3021191.95,0,0,0,0,yfinance,yfinance,beacon_empirical_oracle,estimado,estimado_via_depeg,2.3815,2.41,18726113839.0
2026-03-31,Post-Shapella,2104.71,2102.95,0.999164,-0.000836,-0.0836,0.039341,0.038702,0.589554,0.635159,0.582859,0.63046,2.658,2.3922,0.2658,10.0,0.0007,1.5573,2.1796,0.4784,2.421,2.3922,1.27,99.45,0,0.0,18609641628.0,18605507730.0,88930651.0,20987.15,21266.02,50.33,3112572.78,0,0,0,0,yfinance,yfinance,beacon_empirical_oracle,estimado,estimado_via_depeg,2.3922,2.421,19331329288.0
2026-04-01,Post-Shapella,2138.74,2138.94,1.000094,9.4e-05,0.0094,0.016039,0.016973,0.603839,0.619174,0.600298,0.611586,2.6721,2.4049,0.2672,9.9996,0.0007,1.5581,2.1912,0.481,2.434,2.4049,1.28,99.45,0,0.0,19385379185.0,19381197656.0,90937058.0,21276.5,21242.49,49.96,3182797.03,0,0,0,0,yfinance,yfinance,beacon_empirical_oracle,estimado,estimado_via_depeg,2.4049,2.434,19831173985.0
2026-04-02,Post-Shapella,2056.85,2056.66,0.999908,-9.2e-05,-0.0092,-0.039039,-0.039231,0.546574,0.630076,0.541845,0.621738,2.7665,2.4898,0.2767,10.0018,0.0008,1.5588,2.2685,0.498,2.521,2.4898,1.35,99.45,0,0.0,19784016607.0,19779927292.0,87471818.0,21246.53,21280.55,50.04,3061513.63,0,0,0,0,yfinance,yfinance,beacon_empirical_oracle,estimado,estimado_via_depeg,2.4898,2.521,19076234220.0
2026-04-03,Post-Shapella,2053.39,2053.0,0.99981,-0.00019,-0.019,-0.001687,-0.001778,0.470671,0.579168,0.467455,0.571287,2.6483,2.3834,0.2649,10.0026,0.0007,1.5596,2.1716,0.4767,2.412,2.3834,1.27,99.45,0,0.0,19014927904.0,19010936793.0,87086917.0,21175.96,21235.33,50.07,3048042.1,0,0,0,0,yfinance,yfinance,beacon_empirical_oracle,estimado,estimado_via_depeg,2.3834,2.412,19017515514.0
2026-04-04,Post-Shapella,2065.35,2064.19,0.999438,-0.000562,-0.0562,0.005811,0.005432,0.469689,0.572503,0.466581,0.565011,2.5994,2.3395,0.2599,9.9985,0.0007,1.5603,2.1315,0.4679,2.367,2.3395,1.24,99.45,0,0.0,19047673754.0,19043623764.0,87448525.0,21073.01,21267.77,50.23,3060698.38,0,0,0,0,yfinance,yfinance,beacon_empirical_oracle,estimado,estimado_via_depeg,2.3395,2.367,19232967738.0
2026-04-05,Post-Shapella,2109.0,2109.05,1.000024,2.4e-05,0.0024,0.020911,0.021504,0.472819,0.552353,0.47224,0.54591,2.5984,2.3385,0.2599,10.0023,0.0007,1.561,2.1307,0.4677,2.366,2.3385,1.24,99.45,0,0.0,19193132001.0,19189061194.0,87417734.0,20729.07,20720.78,49.99,3059620.69,0,0,0,0,yfinance,yfinance,beacon_empirical_oracle,estimado,estimado_via_depeg,2.3385,2.366,19346858310.0
2026-04-06,Post-Shapella,2107.76,2106.3,0.999307,-0.000693,-0.0693,-0.000585,-0.001306,0.465726,0.551898,0.467309,0.545223,2.6168,2.3551,0.2617,10.0008,0.0007,1.5617,2.1458,0.471,2.383,2.3551,1.25,99.45,0,0.0,19795123847.0,19790964500.0,90649354.0,21383.3,21624.14,50.28,3172727.39,0,0,0,0,yfinance,yfinance,beacon_empirical_oracle,estimado,estimado_via_depeg,2.3551,2.383,19740314124.0
2026-04-07,Post-Shapella,2241.81,2242.12,1.000138,0.000138,0.0138,0.061656,0.062486,0.577801,0.584656,0.585843,0.580346,2.6363,2.3727,0.2636,9.9989,0.0007,1.5624,2.1618,0.4745,2.401,2.3727,1.26,99.45,0,0.0,19737038477.0,19733014265.0,92089311.0,20563.7,20514.41,49.94,3223125.88,0,0,0,0,yfinance,yfinance,beacon_empirical_oracle,estimado,estimado_via_depeg,2.3727,2.401,20715088078.0
2026-04-08,Post-Shapella,2190.34,2191.33,1.000452,0.000452,0.0452,-0.023227,-0.022914,0.617004,0.586096,0.623078,0.582284,2.6602,2.3942,0.266,9.9992,0.0007,1.5632,2.1814,0.4788,2.423,2.3942,1.34,99.45,0,0.0,20901391598.0,20897128910.0,93100948.0,21329.13,21176.12,49.82,3258533.18,0,0,0,0,yfinance,yfinance,beacon_empirical_oracle,estimado,estimado_via_depeg,2.3942,2.423,20542820790.0
2026-04-09,Post-Shapella,2189.14,2189.57,1.000196,0.000196,0.0196,-0.000544,-0.0008,0.509091,0.582262,0.515408,0.578923,2.5897,2.3307,0.259,10.0012,0.0007,1.5639,2.1235,0.4661,2.358,2.3307,1.24,99.45,0,0.0,20469602429.0,20465462415.0,93440746.0,21376.03,21307.74,49.92,3270426.11,0,0,0,0,yfinance,yfinance,beacon_empirical_oracle,estimado,estimado_via_depeg,2.3307,2.358,20883508263.0
2026-04-10,Post-Shapella,2245.15,2245.33,1.00008,8e-05,0.008,0.025261,0.025147,0.512164,0.587532,0.517991,0.584031,2.6114,2.3502,0.2612,10.0023,0.0007,1.5646,2.1413,0.47,2.378,2.3502,1.27,99.45,0,0.0,20647874307.0,20643692086.0,94684611.0,21099.13,21073.83,49.97,3313961.38,0,0,0,0,yfinance,yfinance,beacon_empirical_oracle,estimado,estimado_via_depeg,2.3502,2.378,21085535262.0
2026-04-11,Post-Shapella,2285.39,2285.82,1.000188,0.000188,0.0188,0.017765,0.017869,0.509573,0.58925,0.515017,0.585651,2.5994,2.3395,0.2599,9.9985,0.0007,1.5653,2.1315,0.4679,2.367,2.3395,1.25,99.45,0,0.0,21076937862.0,21072673536.0,97140377.0,21282.23,21222.72,49.93,3399913.2,0,0,0,0,yfinance,yfinance,beacon_empirical_oracle,estimado,estimado_via_depeg,2.3395,2.367,21509974947.0
2026-04-12,Post-Shapella,2192.2,2192.54,1.000155,0.000155,0.0155,-0.041631,-0.041662,0.643854,0.609107,0.648073,0.606073,2.5908,2.3317,0.2591,10.0008,0.0007,1.566,2.1244,0.4663,2.359,2.3317,1.24,99.45,0,0.0,21484367870.0,21480111929.0,92942959.0,21224.0,21173.12,49.94,3253003.57,0,0,0,0,yfinance,yfinance,beacon_empirical_oracle,estimado,estimado_via_depeg,2.3317,2.359,20591041646.0
2026-04-13,Post-Shapella,2370.71,2373.42,1.001143,0.001143,0.1143,0.078285,0.079271,0.824771,0.665347,0.831489,0.66388,2.6266,2.3639,0.2627,10.0015,0.0007,1.5667,2.1538,0.4728,2.392,2.3639,1.26,99.45,0,0.0,20779074593.0,20774946598.0,98334614.0,20930.29,20548.68,49.54,3441711.49,0,0,0,0,yfinance,yfinance,beacon_empirical_oracle,estimado,estimado_via_depeg,2.3639,2.392,22147232348.0
2026-04-14,Post-Shapella,2323.31,2319.61,0.998407,-0.001593,-0.1593,-0.020199,-0.022931,0.763445,0.65921,0.774395,0.659881,2.6472,2.3825,0.2647,9.9992,0.0007,1.5674,2.1707,0.4765,2.411,2.3825,1.37,99.45,0,0.0,22370824465.0,22366494343.0,97945017.0,20808.96,21348.57,50.64,3428075.6,0,0,0,0,yfinance,yfinance,beacon_empirical_oracle,estimado,estimado_via_depeg,2.3825,2.411,21893434948.0
2026-04-15,Post-Shapella,2359.44,2361.91,1.001047,0.001047,0.1047,0.015431,0.018071,0.726314,0.604297,0.740816,0.604554,2.606,2.3454,0.2606,10.0,0.0007,1.5682,2.1369,0.4691,2.373,2.3454,1.3,99.45,0,0.0,22012225671.0,22008015990.0,99974408.0,21364.01,21008.08,49.58,3499104.28,0,0,0,0,yfinance,yfinance,beacon_empirical_oracle,estimado,estimado_via_depeg,2.3454,2.373,22428279587.0
2026-04-16,Post-Shapella,2348.65,2350.46,1.000771,0.000771,0.0771,-0.004584,-0.004861,0.730666,0.602361,0.745222,0.602986,2.607,2.3463,0.2607,10.0,0.0007,1.5689,2.1378,0.4693,2.374,2.3463,1.36,99.45,0,0.0,22264434722.0,22260178625.0,98823507.0,21168.8,20907.93,49.69,3458822.74,0,0,0,0,yfinance,yfinance,beacon_empirical_oracle,estimado,estimado_via_depeg,2.3463,2.374,22067983214.0
2026-04-17,Post-Shapella,2421.07,2420.83,0.999901,-9.9e-05,-0.0099,0.030372,0.0295,0.738034,0.581875,0.751197,0.581029,2.6852,2.4166,0.2686,10.003,0.0007,1.5696,2.2018,0.4833,2.446,2.4166,1.32,99.45,0,0.0,22101841329.0,22097381490.0,102867710.0,21227.27,21261.26,50.04,3600369.85,0,0,0,0,yfinance,yfinance,beacon_empirical_oracle,estimado,estimado_via_depeg,2.4166,2.446,22888695246.0
2026-04-18,Post-Shapella,2351.1,2339.58,0.9951,-0.0049,-0.49,-0.029327,-0.034139,0.787585,0.581018,0.812584,0.58537,2.6993,2.4293,0.27,10.0026,0.0007,1.5703,2.2134,0.4859,2.459,2.4293,1.46,99.45,0,0.0,22816462859.0,22812029218.0,99187344.0,20266.94,21920.69,51.96,3471557.04,0,0,0,0,yfinance,yfinance,beacon_empirical_oracle,estimado,estimado_via_depeg,2.4293,2.459,22130557281.0
2026-04-19,Post-Shapella,2264.92,2252.37,0.994459,-0.005541,-0.5541,-0.037345,-0.037989,0.772937,0.597921,0.800558,0.602545,2.9224,2.6302,0.2922,9.9986,0.0008,1.5711,2.3964,0.526,2.665,2.6302,5.93,99.45,0,0.0,22143077220.0,22138773233.0,95662271.0,20180.59,22055.9,52.22,3348179.49,0,0,0,0,yfinance,yfinance,beacon_empirical_oracle,estimado,estimado_via_depeg,2.6302,2.665,21230675911.0
2026-04-20,Post-Shapella,2315.21,2300.57,0.993677,-0.006323,-0.6323,0.021963,0.021176,0.508262,0.58828,0.532686,0.599818,3.0998,2.7898,0.31,10.0006,0.0008,1.572,2.5418,0.558,2.829,2.7898,6.19,99.45,0,0.0,21401249344.0,21397073331.0,97184535.0,19926.27,22050.28,52.53,3401458.72,0,0,0,0,yfinance,yfinance,beacon_empirical_oracle,estimado,estimado_via_depeg,2.7898,2.829,21729203244.0
2026-04-21,Post-Shapella,2327.97,2317.19,0.995369,-0.004631,-0.4631,0.005495,0.0072,0.490091,0.585779,0.513183,0.593145,2.8802,2.5922,0.288,9.9993,0.0008,1.5728,2.3618,0.5184,2.626,2.5922,5.9,99.45,0,0.0,21833714841.0,21829437049.0,96637830.0,19987.85,21523.78,51.85,3382324.05,0,0,0,0,yfinance,yfinance,beacon_empirical_oracle,estimado,estimado_via_depeg,2.5922,2.626,21602140175.0
2026-04-22,Post-Shapella,2376.09,2371.17,0.997929,-0.002071,-0.2071,0.020459,0.023027,0.500771,0.568288,0.524999,0.57734,2.8369,2.5532,0.2837,10.0004,0.0008,1.5736,2.3263,0.5106,2.586,2.5532,3.13,99.45,0,0.0,21801017652.0,21796705556.0,100094669.0,20713.25,21412.54,50.83,3503313.42,0,0,0,0,yfinance,yfinance,beacon_empirical_oracle,estimado,estimado_via_depeg,2.5532,2.586,22397742893.0
2026-04-23,Post-Shapella,2331.51,2321.37,0.995651,-0.004349,-0.4349,-0.018938,-0.021227,0.52084,0.573553,0.548071,0.583618,2.8662,2.5795,0.2867,10.0028,0.0008,1.5743,2.3502,0.5159,2.613,2.5795,2.52,99.45,0,0.0,22211076930.0,22206736474.0,97567721.0,20195.57,21651.86,51.74,3414870.24,0,0,0,0,yfinance,yfinance,beacon_empirical_oracle,estimado,estimado_via_depeg,2.5795,2.613,21758150863.0
2026-04-24,Post-Shapella,2315.69,2308.53,0.996908,-0.003092,-0.3092,-0.00681,-0.005544,0.448592,0.574365,0.480681,0.58423,2.8943,2.6049,0.2894,9.999,0.0008,1.5751,2.3733,0.521,2.639,2.6049,2.27,99.45,0,0.0,21871793896.0,21867482466.0,96774488.0,20377.18,21413.59,51.24,3387107.08,0,0,0,0,yfinance,yfinance,beacon_empirical_oracle,estimado,estimado_via_depeg,2.6049,2.639,21609650652.0
2026-04-25,Post-Shapella,2318.83,2311.79,0.996964,-0.003036,-0.3036,0.001355,0.001411,0.405682,0.541019,0.422661,0.551244,2.7242,2.4518,0.2724,9.9993,0.0007,1.5759,2.2338,0.4904,2.482,2.4518,2.11,99.45,0,0.0,21684192309.0,21679883703.0,96886187.0,20385.61,21396.75,51.21,3391016.55,0,0,0,0,yfinance,yfinance,beacon_empirical_oracle,estimado,estimado_via_depeg,2.4518,2.482,21619974358.0
2026-04-26,Post-Shapella,2369.73,2368.98,0.999684,-0.000316,-0.0316,0.021713,0.024436,0.303794,0.526795,0.32599,0.538972,2.7686,2.4918,0.2768,9.9978,0.0008,1.5766,2.2703,0.4984,2.523,2.4918,2.28,99.45,0,0.0,21656804884.0,21652504124.0,98593150.0,20748.53,20856.7,50.13,3450760.25,0,0,0,0,yfinance,yfinance,beacon_empirical_oracle,estimado,estimado_via_depeg,2.4918,2.523,21976270313.0
2026-04-27,Post-Shapella,2303.06,2292.47,0.995402,-0.004598,-0.4598,-0.028535,-0.032831,0.360588,0.540062,0.408164,0.555425,2.7524,2.4771,0.2753,10.0022,0.0008,1.5774,2.257,0.4954,2.508,2.4771,2.41,99.45,0,0.0,22160224251.0,22155889591.0,95786676.0,20030.25,21560.8,51.84,3352533.66,0,0,0,0,yfinance,yfinance,beacon_empirical_oracle,estimado,estimado_via_depeg,2.4771,2.508,21364493936.0
2026-04-28,Post-Shapella,2289.42,2279.98,0.995877,-0.004123,-0.4123,-0.005942,-0.005462,0.357983,0.540265,0.403843,0.555659,2.7903,2.5113,0.279,9.9989,0.0008,1.5782,2.2881,0.5023,2.543,2.5113,2.07,99.45,0,0.0,21546181742.0,21541951034.0,95843866.0,20241.16,21622.66,51.65,3354535.31,0,0,0,0,yfinance,yfinance,beacon_empirical_oracle,estimado,estimado_via_depeg,2.5113,2.543,21308071762.0
2026-04-29,Post-Shapella,2253.42,2251.73,0.99925,-0.00075,-0.075,-0.015851,-0.012469,0.309804,0.541864,0.345475,0.556098,3.0685,2.7616,0.3069,10.0016,0.0008,1.579,2.5161,0.5523,2.8,2.7616,2.34,99.45,0,0.0,21361830662.0,21357629031.0,94065115.0,20746.4,20996.86,50.3,3292279.03,0,0,0,0,yfinance,yfinance,beacon_empirical_oracle,estimado,estimado_via_depeg,2.7616,2.8,20720864868.0
2026-04-30,Post-Shapella,2256.25,2253.98,0.998994,-0.001006,-0.1006,0.001257,0.000997,0.298864,0.526295,0.32814,0.541477,2.9322,2.639,0.2932,9.9993,0.0008,1.5798,2.4044,0.5278,2.674,2.639,2.17,99.45,0,0.0,20915932502.0,20911736886.0,94588818.0,20793.82,21129.2,50.4,3310608.63,0,0,0,0,yfinance,yfinance,beacon_empirical_oracle,estimado,estimado_via_depeg,2.639,2.674,20548748101.0
2026-05-01,Post-Shapella,2295.09,2286.88,0.996423,-0.003577,-0.3577,0.017069,0.014491,0.335985,0.526646,0.354049,0.540699,2.8055,2.5249,0.2806,10.0018,0.0008,1.5806,2.3005,0.505,2.557,2.5249,1.97,99.45,0,0.0,20612767051.0,20608608628.0,95921032.0,20299.35,21494.66,51.43,3357236.12,0,0,0,0,yfinance,yfinance,beacon_empirical_oracle,estimado,estimado_via_depeg,2.5249,2.557,20836085149.0
2026-05-02,Post-Shapella,2316.23,2314.53,0.999266,-0.000734,-0.0734,0.009168,0.01202,0.34434,0.505374,0.367122,0.520409,2.6873,2.4186,0.2687,9.9989,0.0007,1.5813,2.2036,0.4837,2.448,2.4186,1.77,99.45,0,0.0,20823231009.0,20819047197.0,97014143.0,20820.79,21063.72,50.29,3395495.01,0,0,0,0,yfinance,yfinance,beacon_empirical_oracle,estimado,estimado_via_depeg,2.4186,2.448,21027995759.0
2026-05-03,Post-Shapella,2321.64,2319.37,0.999022,-0.000978,-0.0978,0.00233,0.00209,0.29424,0.505004,0.30796,0.520049,2.6081,2.3473,0.2608,9.9996,0.0007,1.582,2.1387,0.4695,2.375,2.3473,1.75,99.45,0,0.0,21024351160.0,21020134159.0,97832201.0,20905.29,21233.98,50.39,3424127.04,0,0,0,0,yfinance,yfinance,beacon_empirical_oracle,estimado,estimado_via_depeg,2.3473,2.375,21234150325.0
2026-05-04,Post-Shapella,2346.4,2342.59,0.998376,-0.001624,-0.1624,0.010609,0.009962,0.211006,0.505486,0.187436,0.520439,2.6787,2.4108,0.2679,10.0011,0.0007,1.5828,2.1965,0.4822,2.44,2.4108,1.82,99.45,0,0.0,21072424497.0,21068230154.0,98580731.0,20733.72,21279.89,50.65,3450325.59,0,0,0,0,yfinance,yfinance,beacon_empirical_oracle,estimado,estimado_via_depeg,2.4108,2.44,21315690812.0
2026-05-05,Post-Shapella,2361.18,2358.85,0.999013,-0.000987,-0.0987,0.006282,0.006915,0.198789,0.501981,0.173903,0.516815,2.6678,2.401,0.2668,10.0007,0.0007,1.5835,2.1876,0.4802,2.43,2.401,1.83,99.45,0,0.0,21304100288.0,21299893210.0,99197121.0,20837.79,21173.88,50.4,3471899.24,0,0,0,0,yfinance,yfinance,beacon_empirical_oracle,estimado,estimado_via_depeg,2.401,2.43,21331552268.0
2026-05-06,Post-Shapella,2350.8,2344.49,0.997316,-0.002684,-0.2684,-0.004406,-0.006108,0.134667,0.502575,0.137632,0.517675,2.7817,2.5035,0.2782,10.0011,0.0008,1.5843,2.281,0.5007,2.535,2.5035,1.91,99.45,0,0.0,21413858435.0,21409542251.0,98266793.0,20453.44,21347.99,51.07,3439337.76,0,0,0,0,yfinance,yfinance,beacon_empirical_oracle,estimado,estimado_via_depeg,2.5035,2.535,21171703693.0
2026-05-07,Post-Shapella,2291.11,2288.93,0.999048,-0.000952,-0.0952,-0.025721,-0.023981,0.267953,0.466755,0.256848,0.480331,3.5345,3.181,0.3535,10.0014,0.001,1.5852,2.8983,0.6362,3.232,3.181,2.29,99.45,0,0.0,21205758245.0,21201305951.0,95772844.0,20742.12,21059.82,50.38,3352049.54,0,0,0,0,yfinance,yfinance,beacon_empirical_oracle,estimado,estimado_via_depeg,3.181,3.232,20139254536.0
2026-05-08,Post-Shapella,2306.97,2305.26,0.999259,-0.000741,-0.0741,0.006901,0.007108,0.242452,0.459063,0.240357,0.473124,2.851,2.5659,0.2851,10.0,0.0008,1.586,2.3378,0.5132,2.599,2.5659,1.75,99.45,0,0.0,20239417960.0,20234996653.0,96842694.0,20863.22,21115.09,50.3,3389494.29,0,0,0,0,yfinance,yfinance,beacon_empirical_oracle,estimado,estimado_via_depeg,2.5659,2.599,20395616761.0
2026-05-09,Post-Shapella,2326.73,2325.39,0.999424,-0.000576,-0.0576,0.008527,0.008696,0.241136,0.459588,0.23227,0.473655,2.7795,2.5015,0.278,10.0018,0.0008,1.5868,2.2792,0.5003,2.533,2.5015,1.7,99.45,0,0.0,20376089786.0,20371471460.0,97449722.0,20845.02,21037.68,50.23,3410740.27,0,0,0,0,yfinance,yfinance,beacon_empirical_oracle,estimado,estimado_via_depeg,2.5015,2.533,20493346604.0
2026-05-10,Post-Shapella,2369.04,2372.88,1.001621,0.001621,0.1621,0.018024,0.020216,0.272406,0.45566,0.272423,0.470927,2.658,2.3922,0.2658,10.0,0.0007,1.5875,2.1796,0.4784,2.421,2.3922,1.45,99.45,0,0.0,20466751510.0,20462114274.0,98930043.0,21151.21,20608.34,49.35,3462551.51,0,0,0,0,yfinance,yfinance,beacon_empirical_oracle,estimado,estimado_via_depeg,2.3922,2.421,20673584619.0
2026-05-11,Post-Shapella,2339.36,2339.6,1.000103,0.000103,0.0103,-0.012609,-0.014123,0.283729,0.454573,0.291234,0.470444,2.7231,2.4508,0.2723,9.9996,0.0007,1.5882,2.233,0.4902,2.481,2.4508,1.42,99.45,0,0.0,20755130633.0,20750349784.0,97892009.0,20939.56,20906.08,49.96,3426220.32,0,0,0,0,yfinance,yfinance,beacon_empirical_oracle,estimado,estimado_via_depeg,2.4508,2.481,20495953911.0
2026-05-12,Post-Shapella,2274.64,2278.6,1.001741,0.001741,0.1741,-0.028054,-0.026421,0.337554,0.440893,0.337605,0.455919,2.7502,2.4752,0.275,9.9993,0.0008,1.589,2.2552,0.495,2.506,2.4752,1.43,99.45,0,0.0,20495733191.0,20490898300.0,94511364.0,21065.87,20484.17,49.3,3307897.74,0,0,0,0,yfinance,yfinance,beacon_empirical_oracle,estimado,estimado_via_depeg,2.4752,2.506,20006228588.0
2026-05-13,Post-Shapella,2257.58,2257.53,0.999978,-2.2e-05,-0.0022,-0.007532,-0.009289,0.337785,0.342831,0.33905,0.359761,2.6917,2.4225,0.2692,10.0011,0.0007,1.5897,2.2072,0.4845,2.452,2.4225,1.31,99.45,0,0.0,20015760669.0,20011065119.0,93380496.0,20677.41,20685.68,50.01,3268317.36,0,0,0,0,yfinance,yfinance,beacon_empirical_oracle,estimado,estimado_via_depeg,2.4225,2.452,19787887597.0
2026-05-14,Post-Shapella,2280.93,2288.21,1.003192,0.003192,0.3192,0.010294,0.0135,0.307174,0.338515,0.321666,0.355074,2.7112,2.4401,0.2711,9.9993,0.0007,1.5905,2.2232,0.488,2.47,2.4401,1.35,99.45,0,0.0,19810253674.0,19805712340.0,94880726.0,21331.14,20266.25,48.72,3320825.41,0,0,0,0,yfinance,yfinance,beacon_empirical_oracle,estimado,estimado_via_depeg,2.4401,2.47,20139999171.0
2026-05-15,Post-Shapella,2223.33,2223.26,0.999969,-3.1e-05,-0.0031,-0.02558,-0.028796,0.345809,0.344227,0.373418,0.361865,2.6461,2.3815,0.2646,9.9996,0.0007,1.5912,2.1698,0.4763,2.41,2.3815,1.62,99.45,0,0.0,20045016403.0,20040413353.0,91754505.0,20630.35,20638.6,50.01,3211407.68,0,0,0,0,yfinance,yfinance,beacon_empirical_oracle,estimado,estimado_via_depeg,2.3815,2.41,19434994742.0
2026-05-16,Post-Shapella,2179.75,2180.55,1.000367,0.000367,0.0367,-0.019794,-0.019397,0.337412,0.349719,0.364945,0.366821,2.6646,2.3981,0.2665,10.0015,0.0007,1.5919,2.1849,0.4796,2.427,2.3981,1.34,99.45,0,0.0,19515486957.0,19511040443.0,90117372.0,20733.51,20609.48,49.85,3154108.02,0,0,0,0,yfinance,yfinance,beacon_empirical_oracle,estimado,estimado_via_depeg,2.3981,2.427,19298443995.0
2026-05-17,Post-Shapella,2127.65,2127.0,0.999694,-0.000306,-0.0306,-0.024195,-0.024865,0.257536,0.336743,0.279077,0.355983,2.6016,2.3414,0.2602,10.0015,0.0007,1.5926,2.1333,0.4683,2.369,2.3414,1.24,99.45,0,0.0,19275178512.0,19270881673.0,90302014.0,21170.14,21272.0,50.12,3160570.49,0,0,0,0,yfinance,yfinance,beacon_empirical_oracle,estimado,estimado_via_depeg,2.3414,2.369,19334113103.0
2026-05-18,Post-Shapella,2128.52,2128.77,1.000117,0.000117,0.0117,0.000409,0.000832,0.281972,0.324693,0.303783,0.339629,2.6635,2.3971,0.2664,10.0019,0.0007,1.5934,2.184,0.4794,2.426,2.3971,1.4,99.45,0,0.0,18730971917.0,18726712464.0,88409505.0,20788.6,20747.07,49.95,3094332.68,0,0,0,0,yfinance,yfinance,beacon_empirical_oracle,estimado,estimado_via_depeg,2.3971,2.426,18953649370.0
2026-05-19,Post-Shapella,2109.96,2110.78,1.000389,0.000389,0.0389,-0.008754,-0.008489,0.254438,0.301462,0.284325,0.316327,2.6277,2.3649,0.2628,10.0011,0.0007,1.5941,2.1547,0.473,2.393,2.3649,1.37,99.45,0,0.0,18897816391.0,18893551229.0,87348132.0,20761.1,20636.9,49.85,3057184.62,0,0,0,0,yfinance,yfinance,beacon_empirical_oracle,estimado,estimado_via_depeg,2.3649,2.393,18666975969.0
2026-05-20,Post-Shapella,2126.98,2125.4,0.999257,-0.000743,-0.0743,0.008034,0.006903,0.288861,0.291051,0.312639,0.306848,2.6125,2.3512,0.2613,10.0019,0.0007,1.5948,2.1422,0.4702,2.379,2.3512,1.25,99.45,0,0.0,18720266657.0,18716060420.0,87946744.0,20550.04,20798.13,50.3,3078136.04,0,0,0,0,yfinance,yfinance,beacon_empirical_oracle,estimado,estimado_via_depeg,2.3512,2.379,18778193777.0
2026-05-21,Post-Shapella,2131.41,2132.8,1.000652,0.000652,0.0652,0.002079,0.003477,0.261083,0.290063,0.275704,0.305618,2.6483,2.3834,0.2649,10.0026,0.0007,1.5955,2.1716,0.4767,2.412,2.3834,1.39,99.45,0,0.0,18863103053.0,18858803626.0,88270024.0,20814.63,20599.28,49.74,3089450.84,0,0,0,0,yfinance,yfinance,beacon_empirical_oracle,estimado,estimado_via_depeg,2.3834,2.412,18882931429.0
2026-05-22,Post-Shapella,2064.64,2064.59,0.999976,-2.4e-05,-0.0024,-0.03183,-0.032502,0.286857,0.294284,0.291862,0.308006,2.5756,2.318,0.2576,10.0016,0.0007,1.5962,2.112,0.4636,2.345,2.318,1.26,99.45,0,0.0,18860928751.0,18856578901.0,85785264.0,20770.72,20779.03,50.01,3002484.24,0,0,0,0,yfinance,yfinance,beacon_empirical_oracle,estimado,estimado_via_depeg,2.318,2.345,18356177238.0
2026-05-23,Post-Shapella,2115.95,2116.4,1.000213,0.000213,0.0213,0.02455,0.024784,0.367562,0.306608,0.373571,0.318409,2.5864,2.3278,0.2586,9.9985,0.0007,1.5969,2.1209,0.4656,2.355,2.3278,1.25,99.45,0,0.0,18313879753.0,18309671822.0,87276575.0,20660.62,20586.37,49.91,3054680.13,0,0,0,0,yfinance,yfinance,beacon_empirical_oracle,estimado,estimado_via_depeg,2.3278,2.355,18781582906.0
2026-05-24,Post-Shapella,2097.99,2099.32,1.000634,0.000634,0.0634,-0.008523,-0.008102,0.33146,0.306917,0.334953,0.318783,2.5951,2.3356,0.2595,9.9996,0.0007,1.5977,2.128,0.4671,2.363,2.3356,1.24,99.45,0,0.0,18762899492.0,18758620507.0,86174393.0,20640.06,20434.68,49.75,3016103.76,0,0,0,0,yfinance,yfinance,beacon_empirical_oracle,estimado,estimado_via_depeg,2.3356,2.363,18527161225.0
2026-05-25,Post-Shapella,2111.37,2109.87,0.99929,-0.00071,-0.071,0.006356,0.005012,0.336832,0.308362,0.338348,0.31968,2.5897,2.3307,0.259,10.0012,0.0007,1.5984,2.1235,0.4661,2.358,2.3307,1.26,99.45,0,0.0,18658829964.0,18654571407.0,87351374.0,20570.11,20801.79,50.28,3057298.09,0,0,0,0,yfinance,yfinance,beacon_empirical_oracle,estimado,estimado_via_depeg,2.3307,2.358,18723755999.0
2026-05-26,Post-Shapella,2070.86,2070.6,0.999874,-0.000126,-0.0126,-0.019374,-0.018788,0.359381,0.299897,0.359236,0.30826,2.6005,2.3405,0.26,9.9981,0.0007,1.5991,2.1324,0.4681,2.368,2.3405,1.27,99.45,0,0.0,18661365881.0,18657146825.0,85845101.0,20706.19,20747.65,50.05,3004578.54,0,0,0,0,yfinance,yfinance,beacon_empirical_oracle,estimado,estimado_via_depeg,2.3405,2.368,18342825877.0
2026-05-27,Post-Shapella,2022.2,2021.18,0.999496,-0.000504,-0.0504,-0.023778,-0.024157,0.374813,0.295524,0.378013,0.299585,2.6277,2.3649,0.2628,10.0011,0.0007,1.5998,2.1547,0.473,2.393,2.3649,1.49,99.45,0,0.0,18409014218.0,18404835814.0,84250177.0,20747.99,20914.64,50.2,2948756.2,0,0,0,0,yfinance,yfinance,beacon_empirical_oracle,estimado,estimado_via_depeg,2.3649,2.393,17971037204.0
2026-05-28,Post-Shapella,2007.55,2005.86,0.999158,-0.000842,-0.0842,-0.007269,-0.007608,0.366699,0.295651,0.367322,0.299792,2.7047,2.4342,0.2705,10.0011,0.0007,1.6005,2.2178,0.4868,2.464,2.4342,1.61,99.45,0,0.0,17955088381.0,17950971319.0,83181236.0,20576.23,20857.98,50.34,2911343.26,0,0,0,0,yfinance,yfinance,beacon_empirical_oracle,estimado,estimado_via_depeg,2.4342,2.464,17838550893.0
2026-05-29,Post-Shapella,2011.98,2010.07,0.999051,-0.000949,-0.0949,0.002202,0.002095,0.313812,0.293533,0.312128,0.299082,2.6385,2.3747,0.2638,9.9981,0.0007,1.6013,2.1636,0.4749,2.403,2.3747,1.41,99.45,0,0.0,17830570086.0,17826459393.0,83119343.0,20499.12,20813.09,50.38,2909177.01,0,0,0,0,yfinance,yfinance,beacon_empirical_oracle,estimado,estimado_via_depeg,2.3747,2.403,17870628834.0
2026-05-30,Post-Shapella,2019.46,2020.13,1.000332,0.000332,0.0332,0.003711,0.004995,0.222528,0.294187,0.221283,0.300209,2.6255,2.3629,0.2626,10.0019,0.0007,1.602,2.1529,0.4726,2.391,2.3629,1.29,99.45,0,0.0,17883643782.0,17879548763.0,83610961.0,20755.14,20647.49,49.87,2926383.64,0,0,0,0,yfinance,yfinance,beacon_empirical_oracle,estimado,estimado_via_depeg,2.3629,2.391,17914493692.0
2026-05-31,Post-Shapella,2004.34,2003.43,0.999546,-0.000454,-0.0454,-0.007514,-0.008305,0.222135,0.284691,0.221369,0.293322,2.5973,2.3375,0.2598,10.0027,0.0007,1.6027,2.1298,0.4675,2.365,2.3375,1.24,99.45,0,0.0,17907241355.0,17903121070.0,83179021.0,20675.03,20824.43,50.18,2911265.74,0,0,0,0,yfinance,yfinance,beacon_empirical_oracle,estimado,estimado_via_depeg,2.3375,2.365,17832800205.0
