Date,total_staked_eth_network,apr_consenso_bruto_pct,taxa_mev_execucao_apr_pct,apr_rede_direto_total_pct,apr_lido_consenso_pct,efetividade_operadores_lido_pct,slashing_eventos_qtd,slashing_volume_eth,fonte_consenso,qualidade_dado
2022-05-05,22040756.52,3.5427,0.0,3.5427,3.1709,99.45,0,0.0,beacon_formula_16632_sqrt_S,modelo_teorico_oficial
2022-05-06,21694238.56,3.5709,0.0,3.5709,3.1962,99.45,0,0.0,beacon_formula_16632_sqrt_S,modelo_teorico_oficial
2022-05-07,21529317.66,3.5846,0.0,3.5846,3.2084,99.45,0,0.0,beacon_formula_16632_sqrt_S,modelo_teorico_oficial
2022-05-08,21308979.68,3.6031,0.0,3.6031,3.2249,99.45,0,0.0,beacon_formula_16632_sqrt_S,modelo_teorico_oficial
2022-05-09,21517750.89,3.5855,0.0,3.5855,3.2092,99.45,0,0.0,beacon_formula_16632_sqrt_S,modelo_teorico_oficial
2022-05-10,20672509.73,3.6581,0.0,3.6581,3.2742,99.45,0,0.0,beacon_formula_16632_sqrt_S,modelo_teorico_oficial
2022-05-11,20217540.37,3.699,0.0,3.699,3.3108,99.45,0,0.0,beacon_formula_16632_sqrt_S,modelo_teorico_oficial
2022-05-12,19172702.98,3.7985,0.0,3.7985,3.3998,99.45,0,0.0,beacon_formula_16632_sqrt_S,modelo_teorico_oficial
2022-05-13,17981935.69,3.9222,0.0,3.9222,3.5106,99.45,0,0.0,beacon_formula_16632_sqrt_S,modelo_teorico_oficial
2022-05-14,16837004.41,4.0534,0.0,4.0534,3.628,99.45,0,0.0,beacon_formula_16632_sqrt_S,modelo_teorico_oficial
2022-05-15,15711964.91,4.196,0.0,4.196,3.7556,99.45,0,0.0,beacon_formula_16632_sqrt_S,modelo_teorico_oficial
2022-05-16,14519569.18,4.3649,0.0,4.3649,3.9068,99.45,0,0.0,beacon_formula_16632_sqrt_S,modelo_teorico_oficial
2022-05-17,14040032.51,4.4388,0.0,4.4388,3.973,99.45,0,0.0,beacon_formula_16632_sqrt_S,modelo_teorico_oficial
2022-05-18,13627384.71,4.5055,0.0,4.5055,4.0327,99.45,0,0.0,beacon_formula_16632_sqrt_S,modelo_teorico_oficial
2022-05-19,13352636.48,4.5517,0.0,4.5517,4.074,99.45,0,0.0,beacon_formula_16632_sqrt_S,modelo_teorico_oficial
2022-05-20,13448160.98,4.5355,0.0,4.5355,4.0595,99.45,0,0.0,beacon_formula_16632_sqrt_S,modelo_teorico_oficial
2022-05-21,13449349.42,4.5353,0.0,4.5353,4.0593,99.45,0,0.0,beacon_formula_16632_sqrt_S,modelo_teorico_oficial
2022-05-22,13471164.08,4.5316,0.0,4.5316,4.056,99.45,0,0.0,beacon_formula_16632_sqrt_S,modelo_teorico_oficial
2022-05-23,13444949.01,4.536,0.0,4.536,4.0599,99.45,0,0.0,beacon_formula_16632_sqrt_S,modelo_teorico_oficial
2022-05-24,13490174.97,4.5284,0.0,4.5284,4.0531,99.45,0,0.0,beacon_formula_16632_sqrt_S,modelo_teorico_oficial
2022-05-25,13341001.87,4.5536,0.0,4.5536,4.0757,99.45,0,0.0,beacon_formula_16632_sqrt_S,modelo_teorico_oficial
2022-05-26,13583856.79,4.5128,0.0,4.5128,4.0391,99.45,0,0.0,beacon_formula_16632_sqrt_S,modelo_teorico_oficial
2022-05-27,13603277.14,4.5095,0.0,4.5095,4.0363,99.45,0,0.0,beacon_formula_16632_sqrt_S,modelo_teorico_oficial
2022-05-28,13596837.19,4.5106,0.0,4.5106,4.0372,99.45,0,0.0,beacon_formula_16632_sqrt_S,modelo_teorico_oficial
2022-05-29,13636492.88,4.504,0.0,4.504,4.0313,99.45,0,0.0,beacon_formula_16632_sqrt_S,modelo_teorico_oficial
2022-05-30,13388635.54,4.5455,0.0,4.5455,4.0685,99.45,0,0.0,beacon_formula_16632_sqrt_S,modelo_teorico_oficial
2022-05-31,13427856.48,4.5389,0.0,4.5389,4.0625,99.45,0,0.0,beacon_formula_16632_sqrt_S,modelo_teorico_oficial
2022-06-01,13530311.86,4.5217,0.0,4.5217,4.0471,99.45,0,0.0,beacon_formula_16632_sqrt_S,modelo_teorico_oficial
2022-06-02,13360770.58,4.5503,0.0,4.5503,4.0727,99.45,0,0.0,beacon_formula_16632_sqrt_S,modelo_teorico_oficial
2022-06-03,13355075.6,4.5512,0.0,4.5512,4.0736,99.45,0,0.0,beacon_formula_16632_sqrt_S,modelo_teorico_oficial
2022-06-04,13353416.9,4.5515,0.0,4.5515,4.0738,99.45,0,0.0,beacon_formula_16632_sqrt_S,modelo_teorico_oficial
2022-06-05,13373481.65,4.5481,0.0,4.5481,4.0708,99.45,0,0.0,beacon_formula_16632_sqrt_S,modelo_teorico_oficial
2022-06-06,13499723.77,4.5268,0.0,4.5268,4.0517,99.45,0,0.0,beacon_formula_16632_sqrt_S,modelo_teorico_oficial
2022-06-07,13397358.66,4.5441,0.0,4.5441,4.0672,99.45,0,0.0,beacon_formula_16632_sqrt_S,modelo_teorico_oficial
2022-06-08,13290652.09,4.5623,0.0,4.5623,4.0834,99.45,0,0.0,beacon_formula_16632_sqrt_S,modelo_teorico_oficial
2022-06-09,13298713.56,4.5609,0.0,4.5609,4.0822,99.45,0,0.0,beacon_formula_16632_sqrt_S,modelo_teorico_oficial
2022-06-10,13371266.6,4.5485,0.0,4.5485,4.0711,99.45,0,0.0,beacon_formula_16632_sqrt_S,modelo_teorico_oficial
2022-06-11,13591136.57,4.5115,0.0,4.5115,4.0381,99.45,0,0.0,beacon_formula_16632_sqrt_S,modelo_teorico_oficial
2022-06-12,13710138.18,4.4919,0.0,4.4919,4.0205,99.45,0,0.0,beacon_formula_16632_sqrt_S,modelo_teorico_oficial
2022-06-13,14102883.46,4.4289,0.0,4.4289,3.9641,99.45,0,0.0,beacon_formula_16632_sqrt_S,modelo_teorico_oficial
2022-06-14,14147023.48,4.422,0.0,4.422,3.9579,99.45,0,0.0,beacon_formula_16632_sqrt_S,modelo_teorico_oficial
2022-06-15,14079206.83,4.4327,0.0,4.4327,3.9674,99.45,2,2.0,beacon_formula_16632_sqrt_S,modelo_teorico_oficial
2022-06-16,14373809.48,4.387,0.0,4.387,3.9266,99.45,0,0.0,beacon_formula_16632_sqrt_S,modelo_teorico_oficial
2022-06-17,14210727.67,4.4121,0.0,4.4121,3.949,99.45,0,0.0,beacon_formula_16632_sqrt_S,modelo_teorico_oficial
2022-06-18,14220592.13,4.4106,0.0,4.4106,3.9477,99.45,0,0.0,beacon_formula_16632_sqrt_S,modelo_teorico_oficial
2022-06-19,13887260.13,4.4632,0.0,4.4632,3.9948,99.45,0,0.0,beacon_formula_16632_sqrt_S,modelo_teorico_oficial
2022-06-20,13500221.53,4.5267,0.0,4.5267,4.0516,99.45,0,0.0,beacon_formula_16632_sqrt_S,modelo_teorico_oficial
2022-06-21,13515281.14,4.5242,0.0,4.5242,4.0494,99.45,0,0.0,beacon_formula_16632_sqrt_S,modelo_teorico_oficial
2022-06-22,13687450.94,4.4956,0.0,4.4956,4.0238,99.45,0,0.0,beacon_formula_16632_sqrt_S,modelo_teorico_oficial
2022-06-23,13287830.12,4.5627,0.0,4.5627,4.0839,99.45,0,0.0,beacon_formula_16632_sqrt_S,modelo_teorico_oficial
2022-06-24,13198617.33,4.5781,0.0,4.5781,4.0977,99.45,0,0.0,beacon_formula_16632_sqrt_S,modelo_teorico_oficial
2022-06-25,12976264.79,4.6172,0.0,4.6172,4.1326,99.45,0,0.0,beacon_formula_16632_sqrt_S,modelo_teorico_oficial
2022-06-26,13269848.71,4.5658,0.0,4.5658,4.0866,99.45,0,0.0,beacon_formula_16632_sqrt_S,modelo_teorico_oficial
2022-06-27,13345443.83,4.5529,0.0,4.5529,4.0751,99.45,0,0.0,beacon_formula_16632_sqrt_S,modelo_teorico_oficial
2022-06-28,13417017.0,4.5407,0.0,4.5407,4.0642,99.45,0,0.0,beacon_formula_16632_sqrt_S,modelo_teorico_oficial
2022-06-29,13385331.29,4.5461,0.0,4.5461,4.069,99.45,0,0.0,beacon_formula_16632_sqrt_S,modelo_teorico_oficial
2022-06-30,13551217.26,4.5182,0.0,4.5182,4.044,99.45,0,0.0,beacon_formula_16632_sqrt_S,modelo_teorico_oficial
2022-07-01,13769568.11,4.4822,0.0,4.4822,4.0118,99.45,0,0.0,beacon_formula_16632_sqrt_S,modelo_teorico_oficial
2022-07-02,13803526.87,4.4767,0.0,4.4767,4.0069,99.45,0,0.0,beacon_formula_16632_sqrt_S,modelo_teorico_oficial
2022-07-03,13722852.2,4.4898,0.0,4.4898,4.0186,99.45,0,0.0,beacon_formula_16632_sqrt_S,modelo_teorico_oficial
2022-07-04,13582154.08,4.513,0.0,4.513,4.0394,99.45,0,0.0,beacon_formula_16632_sqrt_S,modelo_teorico_oficial
2022-07-05,13560898.24,4.5166,0.0,4.5166,4.0426,99.45,0,0.0,beacon_formula_16632_sqrt_S,modelo_teorico_oficial
2022-07-06,13427026.77,4.539,0.0,4.539,4.0627,99.45,0,0.0,beacon_formula_16632_sqrt_S,modelo_teorico_oficial
2022-07-07,13307552.57,4.5594,0.0,4.5594,4.0809,99.45,0,0.0,beacon_formula_16632_sqrt_S,modelo_teorico_oficial
2022-07-08,13252304.67,4.5689,0.0,4.5689,4.0894,99.45,0,0.0,beacon_formula_16632_sqrt_S,modelo_teorico_oficial
2022-07-09,13260332.16,4.5675,0.0,4.5675,4.0881,99.45,0,0.0,beacon_formula_16632_sqrt_S,modelo_teorico_oficial
2022-07-10,13361634.38,4.5501,0.0,4.5501,4.0726,99.45,0,0.0,beacon_formula_16632_sqrt_S,modelo_teorico_oficial
2022-07-11,13627335.31,4.5055,0.0,4.5055,4.0327,99.45,0,0.0,beacon_formula_16632_sqrt_S,modelo_teorico_oficial
2022-07-12,13706789.88,4.4925,0.0,4.4925,4.021,99.45,0,0.0,beacon_formula_16632_sqrt_S,modelo_teorico_oficial
2022-07-13,13647010.37,4.5023,0.0,4.5023,4.0298,99.45,0,0.0,beacon_formula_16632_sqrt_S,modelo_teorico_oficial
2022-07-14,13598696.19,4.5103,0.0,4.5103,4.0369,99.45,0,0.0,beacon_formula_16632_sqrt_S,modelo_teorico_oficial
2022-07-15,13509872.95,4.5251,0.0,4.5251,4.0502,99.45,0,0.0,beacon_formula_16632_sqrt_S,modelo_teorico_oficial
2022-07-16,13328906.9,4.5557,0.0,4.5557,4.0776,99.45,0,0.0,beacon_formula_16632_sqrt_S,modelo_teorico_oficial
2022-07-17,13289742.57,4.5624,0.0,4.5624,4.0836,99.45,0,0.0,beacon_formula_16632_sqrt_S,modelo_teorico_oficial
2022-07-18,12884186.97,4.6337,0.0,4.6337,4.1474,99.45,0,0.0,beacon_formula_16632_sqrt_S,modelo_teorico_oficial
2022-07-19,12816066.29,4.646,0.0,4.646,4.1584,99.45,0,0.0,beacon_formula_16632_sqrt_S,modelo_teorico_oficial
2022-07-20,12966225.87,4.619,0.0,4.619,4.1342,99.45,0,0.0,beacon_formula_16632_sqrt_S,modelo_teorico_oficial
2022-07-21,13034913.1,4.6068,0.0,4.6068,4.1233,99.45,0,0.0,beacon_formula_16632_sqrt_S,modelo_teorico_oficial
2022-07-22,13136746.4,4.5889,0.0,4.5889,4.1073,99.45,0,0.0,beacon_formula_16632_sqrt_S,modelo_teorico_oficial
2022-07-23,13394793.46,4.5445,0.0,4.5445,4.0675,99.45,0,0.0,beacon_formula_16632_sqrt_S,modelo_teorico_oficial
2022-07-24,13328500.27,4.5558,0.0,4.5558,4.0776,99.45,0,0.0,beacon_formula_16632_sqrt_S,modelo_teorico_oficial
2022-07-25,13779753.68,4.4806,0.0,4.4806,4.0103,99.45,0,0.0,beacon_formula_16632_sqrt_S,modelo_teorico_oficial
2022-07-26,13767826.89,4.4825,0.0,4.4825,4.0121,99.45,0,0.0,beacon_formula_16632_sqrt_S,modelo_teorico_oficial
2022-07-27,13517356.82,4.5238,0.0,4.5238,4.0491,99.45,0,0.0,beacon_formula_16632_sqrt_S,modelo_teorico_oficial
2022-07-28,13465593.46,4.5325,0.0,4.5325,4.0568,99.45,0,0.0,beacon_formula_16632_sqrt_S,modelo_teorico_oficial
2022-07-29,13443059.83,4.5363,0.0,4.5363,4.0602,99.45,0,0.0,beacon_formula_16632_sqrt_S,modelo_teorico_oficial
2022-07-30,13419433.87,4.5403,0.0,4.5403,4.0638,99.45,0,0.0,beacon_formula_16632_sqrt_S,modelo_teorico_oficial
2022-07-31,13489257.42,4.5285,0.0,4.5285,4.0533,99.45,0,0.0,beacon_formula_16632_sqrt_S,modelo_teorico_oficial
2022-08-01,13385996.88,4.546,0.0,4.546,4.0689,99.45,0,0.0,beacon_formula_16632_sqrt_S,modelo_teorico_oficial
2022-08-02,13384222.0,4.5463,0.0,4.5463,4.0691,99.45,0,0.0,beacon_formula_16632_sqrt_S,modelo_teorico_oficial
2022-08-03,13594681.91,4.511,0.0,4.511,4.0375,99.45,0,0.0,beacon_formula_16632_sqrt_S,modelo_teorico_oficial
2022-08-04,13763018.41,4.4833,0.0,4.4833,4.0128,99.45,0,0.0,beacon_formula_16632_sqrt_S,modelo_teorico_oficial
2022-08-05,13635911.38,4.5041,0.0,4.5041,4.0314,99.45,0,0.0,beacon_formula_16632_sqrt_S,modelo_teorico_oficial
2022-08-06,13661438.62,4.4999,0.0,4.4999,4.0277,99.45,0,0.0,beacon_formula_16632_sqrt_S,modelo_teorico_oficial
2022-08-07,13622668.93,4.5063,0.0,4.5063,4.0334,99.45,0,0.0,beacon_formula_16632_sqrt_S,modelo_teorico_oficial
2022-08-08,13497211.63,4.5272,0.0,4.5272,4.0521,99.45,0,0.0,beacon_formula_16632_sqrt_S,modelo_teorico_oficial
2022-08-09,13577018.61,4.5139,0.0,4.5139,4.0402,99.45,0,0.0,beacon_formula_16632_sqrt_S,modelo_teorico_oficial
2022-08-10,13420656.81,4.5401,0.0,4.5401,4.0636,99.45,0,0.0,beacon_formula_16632_sqrt_S,modelo_teorico_oficial
2022-08-11,13381743.22,4.5467,0.0,4.5467,4.0695,99.45,0,0.0,beacon_formula_16632_sqrt_S,modelo_teorico_oficial
2022-08-12,13455774.68,4.5342,0.0,4.5342,4.0583,99.45,0,0.0,beacon_formula_16632_sqrt_S,modelo_teorico_oficial
2022-08-13,13382961.01,4.5465,0.0,4.5465,4.0693,99.45,0,0.0,beacon_formula_16632_sqrt_S,modelo_teorico_oficial
2022-08-14,13466722.36,4.5323,0.0,4.5323,4.0567,99.45,0,0.0,beacon_formula_16632_sqrt_S,modelo_teorico_oficial
2022-08-15,13600558.16,4.51,0.0,4.51,4.0367,99.45,0,0.0,beacon_formula_16632_sqrt_S,modelo_teorico_oficial
2022-08-16,13542276.43,4.5197,0.0,4.5197,4.0453,99.45,0,0.0,beacon_formula_16632_sqrt_S,modelo_teorico_oficial
2022-08-17,13810031.96,4.4756,0.0,4.4756,4.0059,99.45,0,0.0,beacon_formula_16632_sqrt_S,modelo_teorico_oficial
2022-08-18,13823760.34,4.4734,0.0,4.4734,4.0039,99.45,0,0.0,beacon_formula_16632_sqrt_S,modelo_teorico_oficial
2022-08-19,14156263.18,4.4206,0.0,4.4206,3.9566,99.45,0,0.0,beacon_formula_16632_sqrt_S,modelo_teorico_oficial
2022-08-20,14255895.98,4.4051,0.0,4.4051,3.9428,99.45,0,0.0,beacon_formula_16632_sqrt_S,modelo_teorico_oficial
2022-08-21,14157396.68,4.4204,0.0,4.4204,3.9565,99.45,0,0.0,beacon_formula_16632_sqrt_S,modelo_teorico_oficial
2022-08-22,14102904.55,4.4289,0.0,4.4289,3.9641,99.45,0,0.0,beacon_formula_16632_sqrt_S,modelo_teorico_oficial
2022-08-23,14038253.75,4.4391,0.0,4.4391,3.9732,99.45,0,0.0,beacon_formula_16632_sqrt_S,modelo_teorico_oficial
2022-08-24,13950935.39,4.453,0.0,4.453,3.9856,99.45,0,0.0,beacon_formula_16632_sqrt_S,modelo_teorico_oficial
2022-08-25,13922999.79,4.4574,0.0,4.4574,3.9896,99.45,0,0.0,beacon_formula_16632_sqrt_S,modelo_teorico_oficial
2022-08-26,13896231.25,4.4617,0.0,4.4617,3.9935,99.45,0,0.0,beacon_formula_16632_sqrt_S,modelo_teorico_oficial
2022-08-27,13856833.49,4.4681,0.0,4.4681,3.9992,99.45,0,0.0,beacon_formula_16632_sqrt_S,modelo_teorico_oficial
2022-08-28,14000258.02,4.4451,0.0,4.4451,3.9786,99.45,0,0.0,beacon_formula_16632_sqrt_S,modelo_teorico_oficial
2022-08-29,13861831.14,4.4673,0.0,4.4673,3.9984,99.45,0,0.0,beacon_formula_16632_sqrt_S,modelo_teorico_oficial
2022-08-30,13938218.92,4.455,0.0,4.455,3.9875,99.45,0,0.0,beacon_formula_16632_sqrt_S,modelo_teorico_oficial
2022-08-31,13954261.13,4.4525,0.0,4.4525,3.9852,99.45,0,0.0,beacon_formula_16632_sqrt_S,modelo_teorico_oficial
2022-09-01,13929187.52,4.4565,0.0,4.4565,3.9888,99.45,0,0.0,beacon_formula_16632_sqrt_S,modelo_teorico_oficial
2022-09-02,13703680.78,4.493,0.0,4.493,4.0214,99.45,0,0.0,beacon_formula_16632_sqrt_S,modelo_teorico_oficial
2022-09-03,13708354.04,4.4922,0.0,4.4922,4.0208,99.45,0,0.0,beacon_formula_16632_sqrt_S,modelo_teorico_oficial
2022-09-04,13597944.91,4.5104,0.0,4.5104,4.037,99.45,0,0.0,beacon_formula_16632_sqrt_S,modelo_teorico_oficial
2022-09-05,13702292.03,4.4932,0.0,4.4932,4.0216,99.45,0,0.0,beacon_formula_16632_sqrt_S,modelo_teorico_oficial
2022-09-06,13798799.04,4.4775,0.0,4.4775,4.0076,99.45,0,0.0,beacon_formula_16632_sqrt_S,modelo_teorico_oficial
2022-09-07,13694288.26,4.4945,0.0,4.4945,4.0228,99.45,0,0.0,beacon_formula_16632_sqrt_S,modelo_teorico_oficial
2022-09-08,13742319.98,4.4867,0.0,4.4867,4.0158,99.45,0,0.0,beacon_formula_16632_sqrt_S,modelo_teorico_oficial
2022-09-09,13654894.16,4.501,0.0,4.501,4.0286,99.45,0,0.0,beacon_formula_16632_sqrt_S,modelo_teorico_oficial
2022-09-10,13562192.76,4.5164,0.0,4.5164,4.0424,99.45,0,0.0,beacon_formula_16632_sqrt_S,modelo_teorico_oficial
2022-09-11,13598026.95,4.5104,0.0,4.5104,4.037,99.45,0,0.0,beacon_formula_16632_sqrt_S,modelo_teorico_oficial
2022-09-12,13688315.64,4.4955,0.0,4.4955,4.0237,99.45,0,0.0,beacon_formula_16632_sqrt_S,modelo_teorico_oficial
2022-09-13,13745964.6,4.4861,0.0,4.4861,4.0152,99.45,0,0.0,beacon_formula_16632_sqrt_S,modelo_teorico_oficial
2022-09-14,13790301.47,4.4788,0.0,4.4788,4.0088,99.45,0,0.0,beacon_formula_16632_sqrt_S,modelo_teorico_oficial
2022-09-15,14028277.52,4.4407,0.73,5.1707,4.628,99.45,0,0.0,beacon_formula_16632_sqrt_S,modelo_teorico_oficial
2022-09-16,14185735.19,4.416,0.7342,5.1502,4.6097,99.45,0,0.0,beacon_formula_16632_sqrt_S,modelo_teorico_oficial
2022-09-17,14227657.56,4.4095,0.7367,5.1462,4.6061,99.45,0,0.0,beacon_formula_16632_sqrt_S,modelo_teorico_oficial
2022-09-18,14403156.44,4.3825,0.7377,5.1203,4.5829,99.45,0,0.0,beacon_formula_16632_sqrt_S,modelo_teorico_oficial
2022-09-19,14331905.75,4.3934,0.7372,5.1306,4.5922,99.45,0,0.0,beacon_formula_16632_sqrt_S,modelo_teorico_oficial
2022-09-20,14241834.88,4.4073,0.7353,5.1426,4.6029,99.45,0,0.0,beacon_formula_16632_sqrt_S,modelo_teorico_oficial
2022-09-21,14467378.69,4.3728,0.7322,5.105,4.5692,99.45,0,0.0,beacon_formula_16632_sqrt_S,modelo_teorico_oficial
2022-09-22,14143866.23,4.4225,0.7279,5.1504,4.6099,99.45,0,0.0,beacon_formula_16632_sqrt_S,modelo_teorico_oficial
2022-09-23,14106112.28,4.4284,0.7227,5.1512,4.6105,99.45,0,0.0,beacon_formula_16632_sqrt_S,modelo_teorico_oficial
2022-09-24,14167269.82,4.4189,0.7168,5.1357,4.5967,99.45,0,0.0,beacon_formula_16632_sqrt_S,modelo_teorico_oficial
2022-09-25,14054520.15,4.4365,0.7104,5.147,4.6068,99.45,0,0.0,beacon_formula_16632_sqrt_S,modelo_teorico_oficial
2022-09-26,14078052.38,4.4328,0.7037,5.1366,4.5975,99.45,0,0.0,beacon_formula_16632_sqrt_S,modelo_teorico_oficial
2022-09-27,14061462.63,4.4354,0.697,5.1324,4.5938,99.45,0,0.0,beacon_formula_16632_sqrt_S,modelo_teorico_oficial
2022-09-28,13960406.54,4.4515,0.6904,5.1419,4.6022,99.45,0,0.0,beacon_formula_16632_sqrt_S,modelo_teorico_oficial
2022-09-29,14109687.42,4.4279,0.6842,5.1121,4.5755,99.45,0,0.0,beacon_formula_16632_sqrt_S,modelo_teorico_oficial
2022-09-30,14143529.84,4.4226,0.6786,5.1012,4.5658,99.45,0,0.0,beacon_formula_16632_sqrt_S,modelo_teorico_oficial
2022-10-01,14188007.9,4.4156,0.6738,5.0894,4.5553,99.45,0,0.0,beacon_formula_16632_sqrt_S,modelo_teorico_oficial
2022-10-02,14225591.17,4.4098,0.67,5.0798,4.5467,99.45,0,0.0,beacon_formula_16632_sqrt_S,modelo_teorico_oficial
2022-10-03,14227281.38,4.4095,0.6674,5.0769,4.5441,99.45,0,0.0,beacon_formula_16632_sqrt_S,modelo_teorico_oficial
2022-10-04,14163118.73,4.4195,0.666,5.0855,4.5518,99.45,0,0.0,beacon_formula_16632_sqrt_S,modelo_teorico_oficial
2022-10-05,14172793.98,4.418,0.666,5.084,4.5504,99.45,0,0.0,beacon_formula_16632_sqrt_S,modelo_teorico_oficial
2022-10-06,14200735.92,4.4136,0.6674,5.0811,4.5478,99.45,0,0.0,beacon_formula_16632_sqrt_S,modelo_teorico_oficial
2022-10-07,14238463.73,4.4078,0.6704,5.0782,4.5452,99.45,0,0.0,beacon_formula_16632_sqrt_S,modelo_teorico_oficial
2022-10-08,14253602.81,4.4055,0.6749,5.0803,4.5472,99.45,0,0.0,beacon_formula_16632_sqrt_S,modelo_teorico_oficial
2022-10-09,14193028.03,4.4148,0.6809,5.0957,4.5609,99.45,0,0.0,beacon_formula_16632_sqrt_S,modelo_teorico_oficial
2022-10-10,14327022.28,4.3941,0.6883,5.0825,4.5491,99.45,0,0.0,beacon_formula_16632_sqrt_S,modelo_teorico_oficial
2022-10-11,14397512.35,4.3834,0.6971,5.0805,4.5473,99.45,0,0.0,beacon_formula_16632_sqrt_S,modelo_teorico_oficial
2022-10-12,14392537.67,4.3841,0.7071,5.0913,4.5569,99.45,0,0.0,beacon_formula_16632_sqrt_S,modelo_teorico_oficial
2022-10-13,14418664.36,4.3802,0.7182,5.0984,4.5633,99.45,0,0.0,beacon_formula_16632_sqrt_S,modelo_teorico_oficial
2022-10-14,14374959.46,4.3868,0.7303,5.1171,4.5801,99.45,0,0.0,beacon_formula_16632_sqrt_S,modelo_teorico_oficial
2022-10-15,14385588.61,4.3852,0.7431,5.1283,4.5901,99.45,0,0.0,beacon_formula_16632_sqrt_S,modelo_teorico_oficial
2022-10-16,14359444.06,4.3892,0.7564,5.1456,4.6056,99.45,0,0.0,beacon_formula_16632_sqrt_S,modelo_teorico_oficial
2022-10-17,14261681.11,4.4042,0.7701,5.1743,4.6313,99.45,0,0.0,beacon_formula_16632_sqrt_S,modelo_teorico_oficial
2022-10-18,14297069.23,4.3988,0.7838,5.1826,4.6387,99.45,0,0.0,beacon_formula_16632_sqrt_S,modelo_teorico_oficial
2022-10-19,14342901.33,4.3917,0.7974,5.1891,4.6445,99.45,0,0.0,beacon_formula_16632_sqrt_S,modelo_teorico_oficial
2022-10-20,14311146.37,4.3966,0.8106,5.2072,4.6607,99.45,0,0.0,beacon_formula_16632_sqrt_S,modelo_teorico_oficial
2022-10-21,14304628.95,4.3976,0.8232,5.2208,4.6729,99.45,0,0.0,beacon_formula_16632_sqrt_S,modelo_teorico_oficial
2022-10-22,14267987.3,4.4032,0.8349,5.2382,4.6884,99.45,0,0.0,beacon_formula_16632_sqrt_S,modelo_teorico_oficial
2022-10-23,14245849.44,4.4067,0.8456,5.2523,4.7011,99.45,0,0.0,beacon_formula_16632_sqrt_S,modelo_teorico_oficial
2022-10-24,14328514.99,4.3939,0.8551,5.249,4.6981,99.45,0,0.0,beacon_formula_16632_sqrt_S,modelo_teorico_oficial
2022-10-25,14139525.19,4.4232,0.8632,5.2864,4.7316,99.45,0,0.0,beacon_formula_16632_sqrt_S,modelo_teorico_oficial
2022-10-26,14004004.13,4.4445,0.8697,5.3143,4.7565,99.45,0,0.0,beacon_formula_16632_sqrt_S,modelo_teorico_oficial
2022-10-27,14097845.33,4.4297,0.8746,5.3044,4.7477,99.45,0,0.0,beacon_formula_16632_sqrt_S,modelo_teorico_oficial
2022-10-28,14116729.3,4.4268,0.8778,5.3046,4.7478,99.45,0,0.0,beacon_formula_16632_sqrt_S,modelo_teorico_oficial
2022-10-29,14079138.75,4.4327,0.8792,5.3119,4.7544,99.45,0,0.0,beacon_formula_16632_sqrt_S,modelo_teorico_oficial
2022-10-30,14237328.58,4.408,0.8788,5.2867,4.7319,99.45,0,0.0,beacon_formula_16632_sqrt_S,modelo_teorico_oficial
2022-10-31,14282048.72,4.4011,0.8766,5.2777,4.7238,99.45,0,0.0,beacon_formula_16632_sqrt_S,modelo_teorico_oficial
2022-11-01,14501657.72,4.3676,0.8727,5.2403,4.6903,99.45,0,0.0,beacon_formula_16632_sqrt_S,modelo_teorico_oficial
2022-11-02,14791035.34,4.3247,0.8671,5.1918,4.6469,99.45,0,0.0,beacon_formula_16632_sqrt_S,modelo_teorico_oficial
2022-11-03,14805072.73,4.3226,0.86,5.1826,4.6387,99.45,0,0.0,beacon_formula_16632_sqrt_S,modelo_teorico_oficial
2022-11-04,14774630.54,4.3271,0.8515,5.1786,4.6351,99.45,0,0.0,beacon_formula_16632_sqrt_S,modelo_teorico_oficial
2022-11-05,14953464.29,4.3011,0.8418,5.1429,4.6032,99.45,0,0.0,beacon_formula_16632_sqrt_S,modelo_teorico_oficial
2022-11-06,15057698.22,4.2862,0.831,5.1172,4.5802,99.45,0,0.0,beacon_formula_16632_sqrt_S,modelo_teorico_oficial
2022-11-07,15098317.9,4.2804,0.8194,5.0999,4.5646,99.45,0,0.0,beacon_formula_16632_sqrt_S,modelo_teorico_oficial
2022-11-08,15529693.97,4.2206,0.8072,5.0278,4.5001,99.45,0,0.0,beacon_formula_16632_sqrt_S,modelo_teorico_oficial
2022-11-09,15896170.51,4.1716,0.7946,4.9662,4.445,99.45,0,0.0,beacon_formula_16632_sqrt_S,modelo_teorico_oficial
2022-11-10,15622237.22,4.2081,0.7818,4.9899,4.4662,99.45,0,0.0,beacon_formula_16632_sqrt_S,modelo_teorico_oficial
2022-11-11,15766196.86,4.1888,0.7692,4.958,4.4376,99.45,0,0.0,beacon_formula_16632_sqrt_S,modelo_teorico_oficial
2022-11-12,15765355.27,4.1889,0.7568,4.9457,4.4266,99.45,0,0.0,beacon_formula_16632_sqrt_S,modelo_teorico_oficial
2022-11-13,15730815.6,4.1935,0.7449,4.9384,4.4201,99.45,0,0.0,beacon_formula_16632_sqrt_S,modelo_teorico_oficial
2022-11-14,15647758.24,4.2046,0.7338,4.9384,4.4201,99.45,0,0.0,beacon_formula_16632_sqrt_S,modelo_teorico_oficial
2022-11-15,15236511.97,4.261,0.7236,4.9846,4.4614,99.45,0,0.0,beacon_formula_16632_sqrt_S,modelo_teorico_oficial
2022-11-16,14854798.23,4.3154,0.7145,5.0299,4.502,99.45,0,0.0,beacon_formula_16632_sqrt_S,modelo_teorico_oficial
2022-11-17,15163270.7,4.2713,0.7066,4.9779,4.4554,99.45,0,0.0,beacon_formula_16632_sqrt_S,modelo_teorico_oficial
2022-11-18,15153650.39,4.2726,0.7,4.9727,4.4508,99.45,0,0.0,beacon_formula_16632_sqrt_S,modelo_teorico_oficial
2022-11-19,15108344.7,4.279,0.6949,4.9739,4.4519,99.45,0,0.0,beacon_formula_16632_sqrt_S,modelo_teorico_oficial
2022-11-20,15204293.03,4.2655,0.6913,4.9568,4.4366,99.45,3,3.0,beacon_formula_16632_sqrt_S,modelo_teorico_oficial
2022-11-21,15332858.38,4.2476,0.6891,4.9367,4.4186,99.45,0,0.0,beacon_formula_16632_sqrt_S,modelo_teorico_oficial
2022-11-22,15313035.2,4.2503,0.6885,4.9388,4.4205,99.45,0,0.0,beacon_formula_16632_sqrt_S,modelo_teorico_oficial
2022-11-23,15171854.38,4.2701,0.6892,4.9593,4.4388,99.45,0,0.0,beacon_formula_16632_sqrt_S,modelo_teorico_oficial
2022-11-24,15106549.91,4.2793,0.6913,4.9706,4.4489,99.45,0,0.0,beacon_formula_16632_sqrt_S,modelo_teorico_oficial
2022-11-25,15119702.2,4.2774,0.6947,4.9721,4.4503,99.45,0,0.0,beacon_formula_16632_sqrt_S,modelo_teorico_oficial
2022-11-26,15144507.08,4.2739,0.6992,4.9731,4.4512,99.45,0,0.0,beacon_formula_16632_sqrt_S,modelo_teorico_oficial
2022-11-27,15022856.74,4.2912,0.7046,4.9958,4.4715,99.45,0,0.0,beacon_formula_16632_sqrt_S,modelo_teorico_oficial
2022-11-28,15022148.91,4.2913,0.7108,5.0021,4.4771,99.45,0,0.0,beacon_formula_16632_sqrt_S,modelo_teorico_oficial
2022-11-29,14981996.83,4.297,0.7176,5.0146,4.4883,99.45,0,0.0,beacon_formula_16632_sqrt_S,modelo_teorico_oficial
2022-11-30,15040763.08,4.2886,0.7247,5.0133,4.4872,99.45,0,0.0,beacon_formula_16632_sqrt_S,modelo_teorico_oficial
2022-12-01,15114090.19,4.2782,0.7319,5.0101,4.4843,99.45,0,0.0,beacon_formula_16632_sqrt_S,modelo_teorico_oficial
2022-12-02,15103140.57,4.2798,0.7391,5.0188,4.4921,99.45,0,0.0,beacon_formula_16632_sqrt_S,modelo_teorico_oficial
2022-12-03,15190338.62,4.2675,0.7459,5.0133,4.4872,99.45,0,0.0,beacon_formula_16632_sqrt_S,modelo_teorico_oficial
2022-12-04,15129895.34,4.276,0.7522,5.0281,4.5004,99.45,0,0.0,beacon_formula_16632_sqrt_S,modelo_teorico_oficial
2022-12-05,15139926.78,4.2746,0.7577,5.0322,4.5041,99.45,0,0.0,beacon_formula_16632_sqrt_S,modelo_teorico_oficial
2022-12-06,15224424.13,4.2627,0.7622,5.0249,4.4975,99.45,0,0.0,beacon_formula_16632_sqrt_S,modelo_teorico_oficial
2022-12-07,15323594.17,4.2489,0.7656,5.0145,4.4882,99.45,0,0.0,beacon_formula_16632_sqrt_S,modelo_teorico_oficial
2022-12-08,15216146.02,4.2638,0.7678,5.0316,4.5035,99.45,0,0.0,beacon_formula_16632_sqrt_S,modelo_teorico_oficial
2022-12-09,15258783.6,4.2579,0.7684,5.0263,4.4988,99.45,0,0.0,beacon_formula_16632_sqrt_S,modelo_teorico_oficial
2022-12-10,15177332.75,4.2693,0.7676,5.0369,4.5083,99.45,0,0.0,beacon_formula_16632_sqrt_S,modelo_teorico_oficial
2022-12-11,15236388.66,4.261,0.7651,5.0261,4.4986,99.45,0,0.0,beacon_formula_16632_sqrt_S,modelo_teorico_oficial
2022-12-12,15151350.9,4.2729,0.761,5.034,4.5056,99.45,0,0.0,beacon_formula_16632_sqrt_S,modelo_teorico_oficial
2022-12-13,15087146.57,4.282,0.7552,5.0373,4.5086,99.45,0,0.0,beacon_formula_16632_sqrt_S,modelo_teorico_oficial
2022-12-14,15054566.47,4.2867,0.7478,5.0345,4.5061,99.45,0,0.0,beacon_formula_16632_sqrt_S,modelo_teorico_oficial
2022-12-15,15213257.8,4.2642,0.7388,5.003,4.478,99.45,0,0.0,beacon_formula_16632_sqrt_S,modelo_teorico_oficial
2022-12-16,15395443.7,4.2389,0.7283,4.9672,4.4459,99.45,0,0.0,beacon_formula_16632_sqrt_S,modelo_teorico_oficial
2022-12-17,15379872.11,4.2411,0.7164,4.9575,4.4372,99.45,0,0.0,beacon_formula_16632_sqrt_S,modelo_teorico_oficial
2022-12-18,15383984.62,4.2405,0.7033,4.9438,4.425,99.45,0,0.0,beacon_formula_16632_sqrt_S,modelo_teorico_oficial
2022-12-19,15466680.75,4.2292,0.6891,4.9183,4.4021,99.45,0,0.0,beacon_formula_16632_sqrt_S,modelo_teorico_oficial
2022-12-20,15473511.61,4.2282,0.6741,4.9023,4.3878,99.45,0,0.0,beacon_formula_16632_sqrt_S,modelo_teorico_oficial
2022-12-21,15448124.03,4.2317,0.6584,4.8901,4.3769,99.45,0,0.0,beacon_formula_16632_sqrt_S,modelo_teorico_oficial
2022-12-22,15384031.72,4.2405,0.6422,4.8827,4.3703,99.45,0,0.0,beacon_formula_16632_sqrt_S,modelo_teorico_oficial
2022-12-23,15191052.31,4.2674,0.6259,4.8932,4.3797,99.45,0,0.0,beacon_formula_16632_sqrt_S,modelo_teorico_oficial
2022-12-24,15225995.19,4.2625,0.6096,4.872,4.3607,99.45,0,0.0,beacon_formula_16632_sqrt_S,modelo_teorico_oficial
2022-12-25,15235781.95,4.2611,0.5935,4.8546,4.3451,99.45,0,0.0,beacon_formula_16632_sqrt_S,modelo_teorico_oficial
2022-12-26,15184906.85,4.2682,0.578,4.8462,4.3376,99.45,0,0.0,beacon_formula_16632_sqrt_S,modelo_teorico_oficial
2022-12-27,15294815.27,4.2529,0.5632,4.8161,4.3106,99.45,0,0.0,beacon_formula_16632_sqrt_S,modelo_teorico_oficial
2022-12-28,15345491.92,4.2458,0.5493,4.7952,4.2919,99.45,0,0.0,beacon_formula_16632_sqrt_S,modelo_teorico_oficial
2022-12-29,15336117.14,4.2471,0.5366,4.7837,4.2817,99.45,0,0.0,beacon_formula_16632_sqrt_S,modelo_teorico_oficial
2022-12-30,15348520.96,4.2454,0.5252,4.7706,4.2699,99.45,0,0.0,beacon_formula_16632_sqrt_S,modelo_teorico_oficial
2022-12-31,15354991.34,4.2445,0.5152,4.7597,4.2602,99.45,0,0.0,beacon_formula_16632_sqrt_S,modelo_teorico_oficial
2023-01-01,15413832.75,4.2364,0.5067,4.7431,4.2453,99.45,0,0.0,beacon_formula_16632_sqrt_S,modelo_teorico_oficial
2023-01-02,15472065.53,4.2284,0.4999,4.7283,4.2321,99.45,0,0.0,beacon_formula_16632_sqrt_S,modelo_teorico_oficial
2023-01-03,15530718.05,4.2204,0.4948,4.7152,4.2204,99.45,0,0.0,beacon_formula_16632_sqrt_S,modelo_teorico_oficial
2023-01-04,15496344.26,4.2251,0.4914,4.7165,4.2215,99.45,0,0.0,beacon_formula_16632_sqrt_S,modelo_teorico_oficial
2023-01-05,15599861.06,4.2111,0.4897,4.7008,4.2074,99.45,0,0.0,beacon_formula_16632_sqrt_S,modelo_teorico_oficial
2023-01-06,15650844.57,4.2042,0.4897,4.6939,4.2013,99.45,0,0.0,beacon_formula_16632_sqrt_S,modelo_teorico_oficial
2023-01-07,15737101.33,4.1927,0.4912,4.6839,4.1923,99.45,0,0.0,beacon_formula_16632_sqrt_S,modelo_teorico_oficial
2023-01-08,15711680.38,4.1961,0.4942,4.6903,4.198,99.45,0,0.0,beacon_formula_16632_sqrt_S,modelo_teorico_oficial
2023-01-09,15702061.74,4.1973,0.4985,4.6959,4.203,99.45,0,0.0,beacon_formula_16632_sqrt_S,modelo_teorico_oficial
2023-01-10,15688931.05,4.1991,0.504,4.7031,4.2095,99.45,0,0.0,beacon_formula_16632_sqrt_S,modelo_teorico_oficial
2023-01-11,15692833.17,4.1986,0.5105,4.7091,4.2149,99.45,0,0.0,beacon_formula_16632_sqrt_S,modelo_teorico_oficial
2023-01-12,15677679.13,4.2006,0.5178,4.7184,4.2232,99.45,0,0.0,beacon_formula_16632_sqrt_S,modelo_teorico_oficial
2023-01-13,15646026.73,4.2049,0.5256,4.7305,4.234,99.45,0,0.0,beacon_formula_16632_sqrt_S,modelo_teorico_oficial
2023-01-14,15635460.28,4.2063,0.5338,4.7401,4.2426,99.45,0,0.0,beacon_formula_16632_sqrt_S,modelo_teorico_oficial
2023-01-15,15662009.79,4.2027,0.5421,4.7448,4.2469,99.45,0,0.0,beacon_formula_16632_sqrt_S,modelo_teorico_oficial
2023-01-16,15684354.33,4.1997,0.5503,4.7501,4.2515,99.45,0,0.0,beacon_formula_16632_sqrt_S,modelo_teorico_oficial
2023-01-17,15716158.27,4.1955,0.5582,4.7537,4.2548,99.45,0,0.0,beacon_formula_16632_sqrt_S,modelo_teorico_oficial
2023-01-18,15896825.83,4.1716,0.5655,4.7371,4.2399,99.45,0,0.0,beacon_formula_16632_sqrt_S,modelo_teorico_oficial
2023-01-19,15874198.55,4.1745,0.5721,4.7466,4.2485,99.45,0,0.0,beacon_formula_16632_sqrt_S,modelo_teorico_oficial
2023-01-20,15810952.33,4.1829,0.5777,4.7606,4.261,99.45,0,0.0,beacon_formula_16632_sqrt_S,modelo_teorico_oficial
2023-01-21,15886302.17,4.1729,0.5823,4.7552,4.2561,99.45,0,0.0,beacon_formula_16632_sqrt_S,modelo_teorico_oficial
2023-01-22,15948736.98,4.1648,0.5856,4.7503,4.2518,99.45,0,0.0,beacon_formula_16632_sqrt_S,modelo_teorico_oficial
2023-01-23,16025771.62,4.1547,0.5876,4.7423,4.2446,99.45,0,0.0,beacon_formula_16632_sqrt_S,modelo_teorico_oficial
2023-01-24,16183586.85,4.1344,0.5881,4.7226,4.2269,99.45,0,0.0,beacon_formula_16632_sqrt_S,modelo_teorico_oficial
2023-01-25,16056649.36,4.1507,0.5873,4.738,4.2407,99.45,0,0.0,beacon_formula_16632_sqrt_S,modelo_teorico_oficial
2023-01-26,16179454.28,4.135,0.5849,4.7199,4.2245,99.45,0,0.0,beacon_formula_16632_sqrt_S,modelo_teorico_oficial
2023-01-27,16368544.06,4.111,0.5811,4.6921,4.1997,99.45,0,0.0,beacon_formula_16632_sqrt_S,modelo_teorico_oficial
2023-01-28,16419389.4,4.1046,0.5759,4.6805,4.1893,99.45,0,0.0,beacon_formula_16632_sqrt_S,modelo_teorico_oficial
2023-01-29,16369834.62,4.1108,0.5694,4.6802,4.189,99.45,0,0.0,beacon_formula_16632_sqrt_S,modelo_teorico_oficial
2023-01-30,16519297.56,4.0922,0.5616,4.6538,4.1654,99.45,0,0.0,beacon_formula_16632_sqrt_S,modelo_teorico_oficial
2023-01-31,16404919.9,4.1064,0.5529,4.6593,4.1703,99.45,0,0.0,beacon_formula_16632_sqrt_S,modelo_teorico_oficial
2023-02-01,16435282.8,4.1026,0.5432,4.6458,4.1582,99.45,0,0.0,beacon_formula_16632_sqrt_S,modelo_teorico_oficial
2023-02-02,16490406.04,4.0958,0.5328,4.6286,4.1428,99.45,0,0.0,beacon_formula_16632_sqrt_S,modelo_teorico_oficial
2023-02-03,16493103.04,4.0955,0.5219,4.6174,4.1328,99.45,0,0.0,beacon_formula_16632_sqrt_S,modelo_teorico_oficial
2023-02-04,16461874.04,4.0993,0.5108,4.6101,4.1263,99.45,0,0.0,beacon_formula_16632_sqrt_S,modelo_teorico_oficial
2023-02-05,16615463.98,4.0803,0.4996,4.5799,4.0992,99.45,0,0.0,beacon_formula_16632_sqrt_S,modelo_teorico_oficial
2023-02-06,16554896.39,4.0878,0.4885,4.5763,4.096,99.45,0,0.0,beacon_formula_16632_sqrt_S,modelo_teorico_oficial
2023-02-07,16530596.98,4.0908,0.4779,4.5687,4.0892,99.45,0,0.0,beacon_formula_16632_sqrt_S,modelo_teorico_oficial
2023-02-08,16678579.03,4.0726,0.4679,4.5406,4.064,99.45,0,0.0,beacon_formula_16632_sqrt_S,modelo_teorico_oficial
2023-02-09,16807734.29,4.0569,0.4588,4.5158,4.0418,99.45,0,0.0,beacon_formula_16632_sqrt_S,modelo_teorico_oficial
2023-02-10,16908505.48,4.0448,0.4507,4.4956,4.0238,99.45,0,0.0,beacon_formula_16632_sqrt_S,modelo_teorico_oficial
2023-02-11,16897238.65,4.0462,0.4439,4.4901,4.0189,99.45,0,0.0,beacon_formula_16632_sqrt_S,modelo_teorico_oficial
2023-02-12,16908286.13,4.0449,0.4385,4.4833,4.0128,99.45,0,0.0,beacon_formula_16632_sqrt_S,modelo_teorico_oficial
2023-02-13,16908558.61,4.0448,0.4346,4.4794,4.0093,99.45,0,0.0,beacon_formula_16632_sqrt_S,modelo_teorico_oficial
2023-02-14,16919914.14,4.0435,0.4324,4.4758,4.0061,99.45,0,0.0,beacon_formula_16632_sqrt_S,modelo_teorico_oficial
2023-02-15,16722480.41,4.0673,0.4318,4.4991,4.0269,99.45,0,0.0,beacon_formula_16632_sqrt_S,modelo_teorico_oficial
2023-02-16,16657252.48,4.0752,0.4331,4.5083,4.0352,99.45,0,0.0,beacon_formula_16632_sqrt_S,modelo_teorico_oficial
2023-02-17,16574251.2,4.0854,0.4361,4.5215,4.047,99.45,0,0.0,beacon_formula_16632_sqrt_S,modelo_teorico_oficial
2023-02-18,16652406.06,4.0758,0.4409,4.5167,4.0427,99.45,0,0.0,beacon_formula_16632_sqrt_S,modelo_teorico_oficial
2023-02-19,16672749.88,4.0733,0.4474,4.5208,4.0463,99.45,0,0.0,beacon_formula_16632_sqrt_S,modelo_teorico_oficial
2023-02-20,16660950.64,4.0748,0.4556,4.5303,4.0549,99.45,0,0.0,beacon_formula_16632_sqrt_S,modelo_teorico_oficial
2023-02-21,16854639.55,4.0513,0.4652,4.5165,4.0425,99.45,0,0.0,beacon_formula_16632_sqrt_S,modelo_teorico_oficial
2023-02-22,17092875.85,4.023,0.4762,4.4991,4.0269,99.45,0,0.0,beacon_formula_16632_sqrt_S,modelo_teorico_oficial
2023-02-23,17045360.73,4.0286,0.4884,4.5169,4.0429,99.45,0,0.0,beacon_formula_16632_sqrt_S,modelo_teorico_oficial
2023-02-24,17198702.01,4.0106,0.5015,4.5121,4.0385,99.45,0,0.0,beacon_formula_16632_sqrt_S,modelo_teorico_oficial
2023-02-25,17234396.52,4.0064,0.5155,4.5219,4.0473,99.45,0,0.0,beacon_formula_16632_sqrt_S,modelo_teorico_oficial
2023-02-26,17252021.56,4.0044,0.53,4.5344,4.0585,99.45,0,0.0,beacon_formula_16632_sqrt_S,modelo_teorico_oficial
2023-02-27,17434242.11,3.9834,0.5449,4.5283,4.0531,99.45,0,0.0,beacon_formula_16632_sqrt_S,modelo_teorico_oficial
2023-02-28,17612016.96,3.9632,0.5599,4.5231,4.0484,99.45,0,0.0,beacon_formula_16632_sqrt_S,modelo_teorico_oficial
2023-03-01,17720775.49,3.951,0.5748,4.5258,4.0508,99.45,0,0.0,beacon_formula_16632_sqrt_S,modelo_teorico_oficial
2023-03-02,17979091.66,3.9226,0.5892,4.5118,4.0383,99.45,0,0.0,beacon_formula_16632_sqrt_S,modelo_teorico_oficial
2023-03-03,18275042.84,3.8907,0.6031,4.4938,4.0222,99.45,0,0.0,beacon_formula_16632_sqrt_S,modelo_teorico_oficial
2023-03-04,18501132.55,3.8668,0.6162,4.4831,4.0126,99.45,0,0.0,beacon_formula_16632_sqrt_S,modelo_teorico_oficial
2023-03-05,18725137.65,3.8436,0.6284,4.472,4.0027,99.45,0,0.0,beacon_formula_16632_sqrt_S,modelo_teorico_oficial
2023-03-06,18835249.92,3.8324,0.6393,4.4717,4.0024,99.45,0,0.0,beacon_formula_16632_sqrt_S,modelo_teorico_oficial
2023-03-07,18839345.62,3.832,0.649,4.481,4.0107,99.45,0,0.0,beacon_formula_16632_sqrt_S,modelo_teorico_oficial
2023-03-08,19019474.86,3.8138,0.6573,4.4711,4.0018,99.45,0,0.0,beacon_formula_16632_sqrt_S,modelo_teorico_oficial
2023-03-09,19201372.18,3.7957,0.6641,4.4597,3.9917,99.45,0,0.0,beacon_formula_16632_sqrt_S,modelo_teorico_oficial
2023-03-10,19094834.99,3.8062,0.6693,4.4755,4.0058,99.45,0,0.0,beacon_formula_16632_sqrt_S,modelo_teorico_oficial
2023-03-11,19029059.63,3.8128,0.673,4.4858,4.015,99.45,0,0.0,beacon_formula_16632_sqrt_S,modelo_teorico_oficial
2023-03-12,18836200.25,3.8323,0.6751,4.5074,4.0343,99.45,0,0.0,beacon_formula_16632_sqrt_S,modelo_teorico_oficial
2023-03-13,18757874.29,3.8403,0.6757,4.516,4.042,99.45,0,0.0,beacon_formula_16632_sqrt_S,modelo_teorico_oficial
2023-03-14,18740922.73,3.842,0.6749,4.5169,4.0429,99.45,0,0.0,beacon_formula_16632_sqrt_S,modelo_teorico_oficial
2023-03-15,18785753.82,3.8374,0.6728,4.5102,4.0369,99.45,0,0.0,beacon_formula_16632_sqrt_S,modelo_teorico_oficial
2023-03-16,18602115.05,3.8563,0.6695,4.5258,4.0508,99.45,0,0.0,beacon_formula_16632_sqrt_S,modelo_teorico_oficial
2023-03-17,18446997.47,3.8725,0.6652,4.5377,4.0615,99.45,0,0.0,beacon_formula_16632_sqrt_S,modelo_teorico_oficial
2023-03-18,18608169.97,3.8557,0.6601,4.5157,4.0418,99.45,0,0.0,beacon_formula_16632_sqrt_S,modelo_teorico_oficial
2023-03-19,18837816.08,3.8321,0.6543,4.4864,4.0155,99.45,0,0.0,beacon_formula_16632_sqrt_S,modelo_teorico_oficial
2023-03-20,19037819.5,3.8119,0.6481,4.46,3.9919,99.45,0,0.0,beacon_formula_16632_sqrt_S,modelo_teorico_oficial
2023-03-21,19035461.6,3.8122,0.6417,4.4538,3.9864,99.45,0,0.0,beacon_formula_16632_sqrt_S,modelo_teorico_oficial
2023-03-22,19070455.51,3.8087,0.6353,4.4439,3.9776,99.45,0,0.0,beacon_formula_16632_sqrt_S,modelo_teorico_oficial
2023-03-23,19023352.26,3.8134,0.6292,4.4425,3.9763,99.45,0,0.0,beacon_formula_16632_sqrt_S,modelo_teorico_oficial
2023-03-24,19314134.64,3.7846,0.6235,4.4081,3.9454,99.45,0,0.0,beacon_formula_16632_sqrt_S,modelo_teorico_oficial
2023-03-25,19304999.04,3.7855,0.6185,4.404,3.9418,99.45,0,0.0,beacon_formula_16632_sqrt_S,modelo_teorico_oficial
2023-03-26,19292174.19,3.7867,0.6144,4.4011,3.9392,99.45,0,0.0,beacon_formula_16632_sqrt_S,modelo_teorico_oficial
2023-03-27,19335664.68,3.7825,0.6114,4.3939,3.9327,99.45,0,0.0,beacon_formula_16632_sqrt_S,modelo_teorico_oficial
2023-03-28,19396111.93,3.7766,0.6096,4.3861,3.9258,99.45,0,0.0,beacon_formula_16632_sqrt_S,modelo_teorico_oficial
2023-03-29,19288337.88,3.7871,0.6091,4.3962,3.9348,99.45,0,0.0,beacon_formula_16632_sqrt_S,modelo_teorico_oficial
2023-03-30,19404530.17,3.7757,0.6101,4.3859,3.9256,99.45,0,0.0,beacon_formula_16632_sqrt_S,modelo_teorico_oficial
2023-03-31,19303969.45,3.7856,0.6126,4.3982,3.9366,99.45,0,0.0,beacon_formula_16632_sqrt_S,modelo_teorico_oficial
2023-04-01,19300810.25,3.7859,0.6167,4.4026,3.9405,99.45,0,0.0,beacon_formula_16632_sqrt_S,modelo_teorico_oficial
2023-04-02,19379245.11,3.7782,0.6224,4.4006,3.9388,99.45,0,0.0,beacon_formula_16632_sqrt_S,modelo_teorico_oficial
2023-04-03,19258032.87,3.7901,0.6296,4.4197,3.9558,99.45,0,0.0,beacon_formula_16632_sqrt_S,modelo_teorico_oficial
2023-04-04,19194927.57,3.7963,0.6383,4.4346,3.9692,99.45,0,0.0,beacon_formula_16632_sqrt_S,modelo_teorico_oficial
2023-04-05,19225226.13,3.7933,0.6485,4.4418,3.9756,99.45,0,0.0,beacon_formula_16632_sqrt_S,modelo_teorico_oficial
2023-04-06,19274179.12,3.7885,0.6599,4.4484,3.9815,99.45,0,0.0,beacon_formula_16632_sqrt_S,modelo_teorico_oficial
2023-04-07,19331568.57,3.7829,0.6724,4.4553,3.9877,99.45,0,0.0,beacon_formula_16632_sqrt_S,modelo_teorico_oficial
2023-04-08,19339548.82,3.7821,0.686,4.468,3.9991,99.45,0,0.0,beacon_formula_16632_sqrt_S,modelo_teorico_oficial
2023-04-09,19315306.6,3.7844,0.7003,4.4847,4.014,99.45,0,0.0,beacon_formula_16632_sqrt_S,modelo_teorico_oficial
2023-04-10,19284975.19,3.7874,0.7151,4.5026,4.03,99.45,0,0.0,beacon_formula_16632_sqrt_S,modelo_teorico_oficial
2023-04-11,19418431.74,3.7744,0.7304,4.5047,4.032,99.45,0,0.0,beacon_formula_16632_sqrt_S,modelo_teorico_oficial
2023-04-12,19399420.48,3.7762,0.7457,4.5219,4.0473,99.45,0,0.0,beacon_formula_16632_sqrt_S,modelo_teorico_oficial
2023-04-13,19229429.38,3.7929,0.7609,4.5538,4.0759,99.45,0,0.0,beacon_formula_16632_sqrt_S,modelo_teorico_oficial
2023-04-14,19216710.17,3.7941,0.7757,4.5699,4.0903,99.45,0,0.0,beacon_formula_16632_sqrt_S,modelo_teorico_oficial
2023-04-15,19222171.4,3.7936,0.79,4.5836,4.1025,99.45,0,0.0,beacon_formula_16632_sqrt_S,modelo_teorico_oficial
2023-04-16,19216245.72,3.7942,0.8034,4.5976,4.1151,99.45,0,0.0,beacon_formula_16632_sqrt_S,modelo_teorico_oficial
2023-04-17,19334630.29,3.7826,0.8158,4.5984,4.1158,99.45,0,0.0,beacon_formula_16632_sqrt_S,modelo_teorico_oficial
2023-04-18,19304691.21,3.7855,0.827,4.6125,4.1284,99.45,0,0.0,beacon_formula_16632_sqrt_S,modelo_teorico_oficial
2023-04-19,19627612.5,3.7542,0.8369,4.5911,4.1093,99.45,0,0.0,beacon_formula_16632_sqrt_S,modelo_teorico_oficial
2023-04-20,19827792.66,3.7352,0.8452,4.5804,4.0997,99.45,0,0.0,beacon_formula_16632_sqrt_S,modelo_teorico_oficial
2023-04-21,20045770.89,3.7149,0.8519,4.5668,4.0875,99.45,0,0.0,beacon_formula_16632_sqrt_S,modelo_teorico_oficial
2023-04-22,20062363.54,3.7133,0.8569,4.5702,4.0906,99.45,0,0.0,beacon_formula_16632_sqrt_S,modelo_teorico_oficial
2023-04-23,20150537.44,3.7052,0.8601,4.5653,4.0862,99.45,0,0.0,beacon_formula_16632_sqrt_S,modelo_teorico_oficial
2023-04-24,20220545.8,3.6988,0.8616,4.5603,4.0817,99.45,0,0.0,beacon_formula_16632_sqrt_S,modelo_teorico_oficial
2023-04-25,20273184.06,3.694,0.8613,4.5552,4.0772,99.45,0,0.0,beacon_formula_16632_sqrt_S,modelo_teorico_oficial
2023-04-26,20090913.95,3.7107,0.8593,4.5699,4.0903,99.45,0,0.0,beacon_formula_16632_sqrt_S,modelo_teorico_oficial
2023-04-27,20156590.78,3.7046,0.8556,4.5603,4.0817,99.45,0,0.0,beacon_formula_16632_sqrt_S,modelo_teorico_oficial
2023-04-28,20062666.65,3.7133,0.8505,4.5638,4.0848,99.45,0,0.0,beacon_formula_16632_sqrt_S,modelo_teorico_oficial
2023-04-29,20122278.23,3.7078,0.844,4.5517,4.074,99.45,0,0.0,beacon_formula_16632_sqrt_S,modelo_teorico_oficial
2023-04-30,20209344.82,3.6998,0.8362,4.536,4.06,99.45,0,0.0,beacon_formula_16632_sqrt_S,modelo_teorico_oficial
2023-05-01,20302020.04,3.6913,0.8275,4.5188,4.0445,99.45,0,0.0,beacon_formula_16632_sqrt_S,modelo_teorico_oficial
2023-05-02,20321232.1,3.6896,0.8179,4.5075,4.0344,99.45,0,0.0,beacon_formula_16632_sqrt_S,modelo_teorico_oficial
2023-05-03,20298385.47,3.6917,0.8077,4.4994,4.0272,99.45,0,0.0,beacon_formula_16632_sqrt_S,modelo_teorico_oficial
2023-05-04,20375874.66,3.6846,0.7972,4.4818,4.0114,99.45,0,0.0,beacon_formula_16632_sqrt_S,modelo_teorico_oficial
2023-05-05,20245804.36,3.6965,0.7865,4.4829,4.0124,99.45,0,0.0,beacon_formula_16632_sqrt_S,modelo_teorico_oficial
2023-05-06,20490345.63,3.6743,0.7759,4.4502,3.9831,99.45,0,0.0,beacon_formula_16632_sqrt_S,modelo_teorico_oficial
2023-05-07,20560663.86,3.668,0.7656,4.4336,3.9683,99.45,0,0.0,beacon_formula_16632_sqrt_S,modelo_teorico_oficial
2023-05-08,20590634.2,3.6654,0.7558,4.4212,3.9572,99.45,0,0.0,beacon_formula_16632_sqrt_S,modelo_teorico_oficial
2023-05-09,20727095.14,3.6533,0.7468,4.4001,3.9383,99.45,0,0.0,beacon_formula_16632_sqrt_S,modelo_teorico_oficial
2023-05-10,20887252.25,3.6393,0.7387,4.3779,3.9185,99.45,0,0.0,beacon_formula_16632_sqrt_S,modelo_teorico_oficial
2023-05-11,20989700.8,3.6304,0.7316,4.362,3.9042,99.45,0,0.0,beacon_formula_16632_sqrt_S,modelo_teorico_oficial
2023-05-12,21237827.96,3.6091,0.7258,4.3349,3.88,99.45,0,0.0,beacon_formula_16632_sqrt_S,modelo_teorico_oficial
2023-05-13,21231722.79,3.6096,0.7213,4.331,3.8764,99.45,0,0.0,beacon_formula_16632_sqrt_S,modelo_teorico_oficial
2023-05-14,21316026.66,3.6025,0.7183,4.3207,3.8673,99.45,0,0.0,beacon_formula_16632_sqrt_S,modelo_teorico_oficial
2023-05-15,21357209.8,3.599,0.7166,4.3156,3.8627,99.45,0,0.0,beacon_formula_16632_sqrt_S,modelo_teorico_oficial
2023-05-16,21491104.52,3.5878,0.7165,4.3042,3.8525,99.45,0,0.0,beacon_formula_16632_sqrt_S,modelo_teorico_oficial
2023-05-17,21617795.62,3.5772,0.7177,4.295,3.8442,99.45,0,0.0,beacon_formula_16632_sqrt_S,modelo_teorico_oficial
2023-05-18,21520812.18,3.5853,0.7204,4.3057,3.8538,99.45,0,0.0,beacon_formula_16632_sqrt_S,modelo_teorico_oficial
2023-05-19,21462914.26,3.5901,0.7244,4.3145,3.8617,99.45,0,0.0,beacon_formula_16632_sqrt_S,modelo_teorico_oficial
2023-05-20,21337126.19,3.6007,0.7296,4.3303,3.8758,99.45,0,0.0,beacon_formula_16632_sqrt_S,modelo_teorico_oficial
2023-05-21,21290922.99,3.6046,0.7359,4.3405,3.8849,99.45,0,0.0,beacon_formula_16632_sqrt_S,modelo_teorico_oficial
2023-05-22,21242716.75,3.6087,0.743,4.3517,3.895,99.45,0,0.0,beacon_formula_16632_sqrt_S,modelo_teorico_oficial
2023-05-23,21117877.95,3.6193,0.7509,4.3702,3.9116,99.45,0,0.0,beacon_formula_16632_sqrt_S,modelo_teorico_oficial
2023-05-24,21170029.09,3.6149,0.7593,4.3742,3.9151,99.45,0,0.0,beacon_formula_16632_sqrt_S,modelo_teorico_oficial
2023-05-25,21284472.7,3.6051,0.768,4.3731,3.9141,99.45,0,0.0,beacon_formula_16632_sqrt_S,modelo_teorico_oficial
2023-05-26,21410020.71,3.5945,0.7767,4.3712,3.9125,99.45,0,0.0,beacon_formula_16632_sqrt_S,modelo_teorico_oficial
2023-05-27,21584873.16,3.58,0.7853,4.3652,3.9071,99.45,0,0.0,beacon_formula_16632_sqrt_S,modelo_teorico_oficial
2023-05-28,21600229.99,3.5787,0.7934,4.3721,3.9133,99.45,0,0.0,beacon_formula_16632_sqrt_S,modelo_teorico_oficial
2023-05-29,21822433.23,3.5604,0.801,4.3614,3.9037,99.45,0,0.0,beacon_formula_16632_sqrt_S,modelo_teorico_oficial
2023-05-30,22013171.98,3.545,0.8077,4.3527,3.8959,99.45,0,0.0,beacon_formula_16632_sqrt_S,modelo_teorico_oficial
2023-05-31,22092665.58,3.5386,0.8134,4.352,3.8953,99.45,0,0.0,beacon_formula_16632_sqrt_S,modelo_teorico_oficial
2023-06-01,22254881.87,3.5257,0.8179,4.3436,3.8877,99.45,0,0.0,beacon_formula_16632_sqrt_S,modelo_teorico_oficial
2023-06-02,22357502.75,3.5176,0.8211,4.3386,3.8833,99.45,0,0.0,beacon_formula_16632_sqrt_S,modelo_teorico_oficial
2023-06-03,22512678.06,3.5054,0.8227,4.3281,3.8739,99.45,0,0.0,beacon_formula_16632_sqrt_S,modelo_teorico_oficial
2023-06-04,22749192.88,3.4871,0.8227,4.3099,3.8576,99.45,0,0.0,beacon_formula_16632_sqrt_S,modelo_teorico_oficial
2023-06-05,22953563.84,3.4716,0.8211,4.2927,3.8422,99.45,0,0.0,beacon_formula_16632_sqrt_S,modelo_teorico_oficial
2023-06-06,22948769.29,3.4719,0.8177,4.2897,3.8395,99.45,0,0.0,beacon_formula_16632_sqrt_S,modelo_teorico_oficial
2023-06-07,23095895.25,3.4609,0.8126,4.2735,3.825,99.45,0,0.0,beacon_formula_16632_sqrt_S,modelo_teorico_oficial
2023-06-08,23147319.04,3.457,0.8058,4.2629,3.8155,99.45,0,0.0,beacon_formula_16632_sqrt_S,modelo_teorico_oficial
2023-06-09,23304073.07,3.4454,0.7974,4.2428,3.7975,99.45,0,0.0,beacon_formula_16632_sqrt_S,modelo_teorico_oficial
2023-06-10,23493899.82,3.4314,0.7874,4.2188,3.7761,99.45,0,0.0,beacon_formula_16632_sqrt_S,modelo_teorico_oficial
2023-06-11,23521671.44,3.4294,0.776,4.2054,3.764,99.45,0,0.0,beacon_formula_16632_sqrt_S,modelo_teorico_oficial
2023-06-12,23437205.81,3.4356,0.7633,4.1988,3.7582,99.45,0,0.0,beacon_formula_16632_sqrt_S,modelo_teorico_oficial
2023-06-13,23589290.18,3.4245,0.7494,4.1739,3.7359,99.45,0,0.0,beacon_formula_16632_sqrt_S,modelo_teorico_oficial
2023-06-14,23701327.75,3.4164,0.7347,4.151,3.7154,99.45,0,0.0,beacon_formula_16632_sqrt_S,modelo_teorico_oficial
2023-06-15,23889459.31,3.4029,0.7192,4.1221,3.6895,99.45,0,0.0,beacon_formula_16632_sqrt_S,modelo_teorico_oficial
2023-06-16,23962455.85,3.3977,0.7032,4.101,3.6706,99.45,0,0.0,beacon_formula_16632_sqrt_S,modelo_teorico_oficial
2023-06-17,23866747.1,3.4045,0.687,4.0915,3.6621,99.45,0,0.0,beacon_formula_16632_sqrt_S,modelo_teorico_oficial
2023-06-18,23920687.6,3.4007,0.6708,4.0715,3.6442,99.45,0,0.0,beacon_formula_16632_sqrt_S,modelo_teorico_oficial
2023-06-19,23918150.08,3.4009,0.6548,4.0556,3.63,99.45,0,0.0,beacon_formula_16632_sqrt_S,modelo_teorico_oficial
2023-06-20,23887610.52,3.403,0.6392,4.0423,3.618,99.45,0,0.0,beacon_formula_16632_sqrt_S,modelo_teorico_oficial
2023-06-21,23584851.38,3.4248,0.6243,4.0492,3.6242,99.45,0,0.0,beacon_formula_16632_sqrt_S,modelo_teorico_oficial
2023-06-22,23571396.36,3.4258,0.6103,4.0361,3.6125,99.45,0,0.0,beacon_formula_16632_sqrt_S,modelo_teorico_oficial
2023-06-23,23547702.15,3.4275,0.5974,4.0249,3.6025,99.45,0,0.0,beacon_formula_16632_sqrt_S,modelo_teorico_oficial
2023-06-24,23598644.04,3.4238,0.5857,4.0095,3.5887,99.45,0,0.0,beacon_formula_16632_sqrt_S,modelo_teorico_oficial
2023-06-25,23609182.59,3.423,0.5754,3.9985,3.5788,99.45,0,0.0,beacon_formula_16632_sqrt_S,modelo_teorico_oficial
2023-06-26,23771325.21,3.4113,0.5666,3.978,3.5605,99.45,0,0.0,beacon_formula_16632_sqrt_S,modelo_teorico_oficial
2023-06-27,23877600.44,3.4037,0.5594,3.9631,3.5472,99.45,0,0.0,beacon_formula_16632_sqrt_S,modelo_teorico_oficial
2023-06-28,24188048.88,3.3818,0.5538,3.9356,3.5226,99.45,0,0.0,beacon_formula_16632_sqrt_S,modelo_teorico_oficial
2023-06-29,24121807.61,3.3865,0.5498,3.9363,3.5232,99.45,0,0.0,beacon_formula_16632_sqrt_S,modelo_teorico_oficial
2023-06-30,24048820.72,3.3916,0.5475,3.9391,3.5257,99.45,0,0.0,beacon_formula_16632_sqrt_S,modelo_teorico_oficial
2023-07-01,24100832.46,3.3879,0.5467,3.9347,3.5217,99.45,0,0.0,beacon_formula_16632_sqrt_S,modelo_teorico_oficial
2023-07-02,24186371.83,3.382,0.5475,3.9295,3.5171,99.45,0,0.0,beacon_formula_16632_sqrt_S,modelo_teorico_oficial
2023-07-03,24154677.81,3.3842,0.5497,3.9338,3.521,99.45,0,0.0,beacon_formula_16632_sqrt_S,modelo_teorico_oficial
2023-07-04,24295579.71,3.3743,0.5531,3.9274,3.5152,99.45,0,0.0,beacon_formula_16632_sqrt_S,modelo_teorico_oficial
2023-07-05,24319555.48,3.3727,0.5576,3.9303,3.5178,99.45,0,0.0,beacon_formula_16632_sqrt_S,modelo_teorico_oficial
2023-07-06,24520458.34,3.3588,0.563,3.9219,3.5103,99.45,0,0.0,beacon_formula_16632_sqrt_S,modelo_teorico_oficial
2023-07-07,24677296.08,3.3481,0.5692,3.9173,3.5062,99.45,0,0.0,beacon_formula_16632_sqrt_S,modelo_teorico_oficial
2023-07-08,24723348.29,3.345,0.5758,3.9208,3.5093,99.45,0,0.0,beacon_formula_16632_sqrt_S,modelo_teorico_oficial
2023-07-09,24797221.76,3.34,0.5827,3.9228,3.5111,99.45,0,0.0,beacon_formula_16632_sqrt_S,modelo_teorico_oficial
2023-07-10,24831463.65,3.3377,0.5897,3.9274,3.5153,99.45,0,0.0,beacon_formula_16632_sqrt_S,modelo_teorico_oficial
2023-07-11,24834767.0,3.3375,0.5965,3.934,3.5211,99.45,0,0.0,beacon_formula_16632_sqrt_S,modelo_teorico_oficial
2023-07-12,24838327.47,3.3373,0.6029,3.9402,3.5266,99.45,0,0.0,beacon_formula_16632_sqrt_S,modelo_teorico_oficial
2023-07-13,24550122.0,3.3568,0.6087,3.9655,3.5493,99.45,0,0.0,beacon_formula_16632_sqrt_S,modelo_teorico_oficial
2023-07-14,24798958.71,3.3399,0.6136,3.9535,3.5386,99.45,0,0.0,beacon_formula_16632_sqrt_S,modelo_teorico_oficial
2023-07-15,24851734.33,3.3364,0.6176,3.954,3.539,99.45,0,0.0,beacon_formula_16632_sqrt_S,modelo_teorico_oficial
2023-07-16,24927108.8,3.3313,0.6204,3.9518,3.537,99.45,0,0.0,beacon_formula_16632_sqrt_S,modelo_teorico_oficial
2023-07-17,25045868.05,3.3234,0.622,3.9454,3.5313,99.45,0,0.0,beacon_formula_16632_sqrt_S,modelo_teorico_oficial
2023-07-18,25140105.8,3.3172,0.6222,3.9393,3.5259,99.45,0,0.0,beacon_formula_16632_sqrt_S,modelo_teorico_oficial
2023-07-19,25221823.28,3.3118,0.6209,3.9327,3.5199,99.45,0,0.0,beacon_formula_16632_sqrt_S,modelo_teorico_oficial
2023-07-20,25503476.4,3.2935,0.6181,3.9116,3.501,99.45,0,0.0,beacon_formula_16632_sqrt_S,modelo_teorico_oficial
2023-07-21,25391622.69,3.3007,0.6138,3.9145,3.5037,99.45,0,0.0,beacon_formula_16632_sqrt_S,modelo_teorico_oficial
2023-07-22,25472003.52,3.2955,0.6081,3.9036,3.4939,99.45,0,0.0,beacon_formula_16632_sqrt_S,modelo_teorico_oficial
2023-07-23,25420000.08,3.2989,0.6009,3.8997,3.4905,99.45,0,0.0,beacon_formula_16632_sqrt_S,modelo_teorico_oficial
2023-07-24,25505766.19,3.2933,0.5923,3.8857,3.4779,99.45,0,0.0,beacon_formula_16632_sqrt_S,modelo_teorico_oficial
2023-07-25,25492433.24,3.2942,0.5826,3.8768,3.4699,99.45,0,0.0,beacon_formula_16632_sqrt_S,modelo_teorico_oficial
2023-07-26,25464578.64,3.296,0.5718,3.8678,3.4618,99.45,0,0.0,beacon_formula_16632_sqrt_S,modelo_teorico_oficial
2023-07-27,25522577.3,3.2922,0.5601,3.8523,3.448,99.45,0,0.0,beacon_formula_16632_sqrt_S,modelo_teorico_oficial
2023-07-28,25548986.08,3.2905,0.5476,3.8382,3.4354,99.45,0,0.0,beacon_formula_16632_sqrt_S,modelo_teorico_oficial
2023-07-29,25531996.87,3.2916,0.5347,3.8263,3.4248,99.45,0,0.0,beacon_formula_16632_sqrt_S,modelo_teorico_oficial
2023-07-30,25681020.78,3.2821,0.5215,3.8036,3.4044,99.45,0,0.0,beacon_formula_16632_sqrt_S,modelo_teorico_oficial
2023-07-31,25691514.25,3.2814,0.5083,3.7897,3.3919,99.45,0,0.0,beacon_formula_16632_sqrt_S,modelo_teorico_oficial
2023-08-01,25741257.64,3.2782,0.4952,3.7734,3.3774,99.45,0,0.0,beacon_formula_16632_sqrt_S,modelo_teorico_oficial
2023-08-02,25875118.99,3.2697,0.4826,3.7523,3.3585,99.45,0,0.0,beacon_formula_16632_sqrt_S,modelo_teorico_oficial
2023-08-03,25914941.3,3.2672,0.4706,3.7378,3.3455,99.45,0,0.0,beacon_formula_16632_sqrt_S,modelo_teorico_oficial
2023-08-04,25993073.8,3.2623,0.4594,3.7217,3.3311,99.45,0,0.0,beacon_formula_16632_sqrt_S,modelo_teorico_oficial
2023-08-05,26036097.16,3.2596,0.4494,3.709,3.3197,99.45,0,0.0,beacon_formula_16632_sqrt_S,modelo_teorico_oficial
2023-08-06,26046087.34,3.259,0.4405,3.6995,3.3113,99.45,0,0.0,beacon_formula_16632_sqrt_S,modelo_teorico_oficial
2023-08-07,26040291.84,3.2593,0.4331,3.6925,3.305,99.45,0,0.0,beacon_formula_16632_sqrt_S,modelo_teorico_oficial
2023-08-08,26033226.46,3.2598,0.4273,3.6871,3.3001,99.45,0,0.0,beacon_formula_16632_sqrt_S,modelo_teorico_oficial
2023-08-09,26008398.13,3.2613,0.4231,3.6845,3.2978,99.45,0,0.0,beacon_formula_16632_sqrt_S,modelo_teorico_oficial
2023-08-10,26033291.44,3.2598,0.4207,3.6805,3.2942,99.45,0,0.0,beacon_formula_16632_sqrt_S,modelo_teorico_oficial
2023-08-11,26065210.3,3.2578,0.42,3.6778,3.2918,99.45,0,0.0,beacon_formula_16632_sqrt_S,modelo_teorico_oficial
2023-08-12,26117532.85,3.2545,0.4212,3.6757,3.2899,99.45,0,0.0,beacon_formula_16632_sqrt_S,modelo_teorico_oficial
2023-08-13,26172518.18,3.2511,0.4241,3.6752,3.2895,99.45,0,0.0,beacon_formula_16632_sqrt_S,modelo_teorico_oficial
2023-08-14,26215552.75,3.2484,0.4287,3.6771,3.2912,99.45,0,0.0,beacon_formula_16632_sqrt_S,modelo_teorico_oficial
2023-08-15,26356758.93,3.2397,0.435,3.6747,3.289,99.45,0,0.0,beacon_formula_16632_sqrt_S,modelo_teorico_oficial
2023-08-16,26458730.36,3.2335,0.4428,3.6762,3.2904,99.45,0,0.0,beacon_formula_16632_sqrt_S,modelo_teorico_oficial
2023-08-17,26749207.65,3.2159,0.4519,3.6678,3.2828,99.45,0,0.0,beacon_formula_16632_sqrt_S,modelo_teorico_oficial
2023-08-18,26864301.42,3.209,0.4623,3.6712,3.2859,99.45,0,0.0,beacon_formula_16632_sqrt_S,modelo_teorico_oficial
2023-08-19,26906564.28,3.2064,0.4737,3.6801,3.2939,99.45,0,0.0,beacon_formula_16632_sqrt_S,modelo_teorico_oficial
2023-08-20,26911962.97,3.2061,0.4859,3.692,3.3045,99.45,0,0.0,beacon_formula_16632_sqrt_S,modelo_teorico_oficial
2023-08-21,27005067.1,3.2006,0.4986,3.6992,3.311,99.45,0,0.0,beacon_formula_16632_sqrt_S,modelo_teorico_oficial
2023-08-22,27114250.04,3.1941,0.5118,3.7059,3.317,99.45,0,0.0,beacon_formula_16632_sqrt_S,modelo_teorico_oficial
2023-08-23,27045208.98,3.1982,0.525,3.7233,3.3325,99.45,0,0.0,beacon_formula_16632_sqrt_S,modelo_teorico_oficial
2023-08-24,26949905.68,3.2039,0.5382,3.7421,3.3493,99.45,0,0.0,beacon_formula_16632_sqrt_S,modelo_teorico_oficial
2023-08-25,26984265.6,3.2018,0.551,3.7528,3.359,99.45,0,0.0,beacon_formula_16632_sqrt_S,modelo_teorico_oficial
2023-08-26,27087677.15,3.1957,0.5633,3.759,3.3645,99.45,0,0.0,beacon_formula_16632_sqrt_S,modelo_teorico_oficial
2023-08-27,27171300.17,3.1908,0.5748,3.7655,3.3703,99.45,0,0.0,beacon_formula_16632_sqrt_S,modelo_teorico_oficial
2023-08-28,27233114.48,3.1872,0.5853,3.7725,3.3765,99.45,0,0.0,beacon_formula_16632_sqrt_S,modelo_teorico_oficial
2023-08-29,27071311.61,3.1967,0.5947,3.7914,3.3935,99.45,0,0.0,beacon_formula_16632_sqrt_S,modelo_teorico_oficial
2023-08-30,27326089.65,3.1817,0.6029,3.7846,3.3874,99.45,0,0.0,beacon_formula_16632_sqrt_S,modelo_teorico_oficial
2023-08-31,27503879.78,3.1714,0.6097,3.7812,3.3843,99.45,0,0.0,beacon_formula_16632_sqrt_S,modelo_teorico_oficial
2023-09-01,27620823.45,3.1647,0.6151,3.7798,3.3831,99.45,0,0.0,beacon_formula_16632_sqrt_S,modelo_teorico_oficial
2023-09-02,27674136.42,3.1617,0.619,3.7807,3.3839,99.45,0,0.0,beacon_formula_16632_sqrt_S,modelo_teorico_oficial
2023-09-03,27765799.95,3.1564,0.6214,3.7778,3.3813,99.45,0,0.0,beacon_formula_16632_sqrt_S,modelo_teorico_oficial
2023-09-04,27824956.6,3.1531,0.6223,3.7753,3.3791,99.45,0,0.0,beacon_formula_16632_sqrt_S,modelo_teorico_oficial
2023-09-05,28021810.91,3.142,0.6217,3.7637,3.3687,99.45,0,0.0,beacon_formula_16632_sqrt_S,modelo_teorico_oficial
2023-09-06,27992447.77,3.1436,0.6198,3.7634,3.3685,99.45,0,0.0,beacon_formula_16632_sqrt_S,modelo_teorico_oficial
2023-09-07,27834264.33,3.1526,0.6167,3.7692,3.3736,99.45,0,0.0,beacon_formula_16632_sqrt_S,modelo_teorico_oficial
2023-09-08,27838458.7,3.1523,0.6124,3.7647,3.3696,99.45,0,0.0,beacon_formula_16632_sqrt_S,modelo_teorico_oficial
2023-09-09,27872263.99,3.1504,0.6072,3.7576,3.3632,99.45,0,0.0,beacon_formula_16632_sqrt_S,modelo_teorico_oficial
2023-09-10,27938112.73,3.1467,0.6012,3.7479,3.3546,99.45,0,0.0,beacon_formula_16632_sqrt_S,modelo_teorico_oficial
2023-09-11,28130176.49,3.1359,0.5947,3.7307,3.3391,99.45,0,0.0,beacon_formula_16632_sqrt_S,modelo_teorico_oficial
2023-09-12,28084519.38,3.1385,0.5879,3.7263,3.3353,99.45,0,0.0,beacon_formula_16632_sqrt_S,modelo_teorico_oficial
2023-09-13,28070759.64,3.1392,0.5809,3.7201,3.3297,99.45,0,0.0,beacon_formula_16632_sqrt_S,modelo_teorico_oficial
2023-09-14,28076189.88,3.1389,0.574,3.713,3.3233,99.45,0,0.0,beacon_formula_16632_sqrt_S,modelo_teorico_oficial
2023-09-15,28024579.72,3.1418,0.5675,3.7093,3.32,99.45,0,0.0,beacon_formula_16632_sqrt_S,modelo_teorico_oficial
2023-09-16,28080769.03,3.1387,0.5615,3.7002,3.3119,99.45,0,0.0,beacon_formula_16632_sqrt_S,modelo_teorico_oficial
2023-09-17,28077421.51,3.1389,0.5563,3.6952,3.3074,99.45,0,0.0,beacon_formula_16632_sqrt_S,modelo_teorico_oficial
2023-09-18,27880164.24,3.15,0.5521,3.702,3.3135,99.45,0,0.0,beacon_formula_16632_sqrt_S,modelo_teorico_oficial
2023-09-19,27974094.93,3.1447,0.549,3.6936,3.306,99.45,0,0.0,beacon_formula_16632_sqrt_S,modelo_teorico_oficial
2023-09-20,28084679.38,3.1385,0.5472,3.6856,3.2988,99.45,0,0.0,beacon_formula_16632_sqrt_S,modelo_teorico_oficial
2023-09-21,28264682.91,3.1285,0.5468,3.6752,3.2895,99.45,0,0.0,beacon_formula_16632_sqrt_S,modelo_teorico_oficial
2023-09-22,28314594.05,3.1257,0.5479,3.6736,3.2881,99.45,0,0.0,beacon_formula_16632_sqrt_S,modelo_teorico_oficial
2023-09-23,28325691.52,3.1251,0.5507,3.6758,3.29,99.45,0,0.0,beacon_formula_16632_sqrt_S,modelo_teorico_oficial
2023-09-24,28383992.73,3.1219,0.5551,3.677,3.2911,99.45,0,0.0,beacon_formula_16632_sqrt_S,modelo_teorico_oficial
2023-09-25,28432948.8,3.1192,0.5611,3.6803,3.2941,99.45,0,0.0,beacon_formula_16632_sqrt_S,modelo_teorico_oficial
2023-09-26,28469473.41,3.1172,0.5688,3.686,3.2991,99.45,0,0.0,beacon_formula_16632_sqrt_S,modelo_teorico_oficial
2023-09-27,28430412.57,3.1193,0.578,3.6973,3.3093,99.45,0,0.0,beacon_formula_16632_sqrt_S,modelo_teorico_oficial
2023-09-28,28229579.85,3.1304,0.5887,3.7191,3.3288,99.45,0,0.0,beacon_formula_16632_sqrt_S,modelo_teorico_oficial
2023-09-29,28245640.17,3.1295,0.6007,3.7302,3.3388,99.45,0,0.0,beacon_formula_16632_sqrt_S,modelo_teorico_oficial
2023-09-30,28253249.77,3.1291,0.614,3.7431,3.3502,99.45,0,0.0,beacon_formula_16632_sqrt_S,modelo_teorico_oficial
2023-10-01,28111944.44,3.1369,0.6282,3.7652,3.37,99.45,0,0.0,beacon_formula_16632_sqrt_S,modelo_teorico_oficial
2023-10-02,28339170.24,3.1243,0.6433,3.7676,3.3722,99.45,0,0.0,beacon_formula_16632_sqrt_S,modelo_teorico_oficial
2023-10-03,28403138.15,3.1208,0.659,3.7798,3.3831,99.45,0,0.0,beacon_formula_16632_sqrt_S,modelo_teorico_oficial
2023-10-04,28445528.88,3.1185,0.6751,3.7936,3.3955,99.45,0,0.0,beacon_formula_16632_sqrt_S,modelo_teorico_oficial
2023-10-05,28694936.12,3.1049,0.6913,3.7963,3.3978,99.45,0,0.0,beacon_formula_16632_sqrt_S,modelo_teorico_oficial
2023-10-06,28685270.8,3.1054,0.7075,3.813,3.4128,99.45,0,0.0,beacon_formula_16632_sqrt_S,modelo_teorico_oficial
2023-10-07,28745137.32,3.1022,0.7234,3.8256,3.4241,99.45,0,0.0,beacon_formula_16632_sqrt_S,modelo_teorico_oficial
2023-10-08,28897371.73,3.094,0.7387,3.8327,3.4304,99.45,0,0.0,beacon_formula_16632_sqrt_S,modelo_teorico_oficial
2023-10-09,28892927.3,3.0943,0.7532,3.8475,3.4437,99.45,0,0.0,beacon_formula_16632_sqrt_S,modelo_teorico_oficial
2023-10-10,28930292.26,3.0923,0.7668,3.859,3.454,99.45,0,0.0,beacon_formula_16632_sqrt_S,modelo_teorico_oficial
2023-10-11,28929242.86,3.0923,0.7791,3.8715,3.4652,99.45,20,20.5,beacon_formula_16632_sqrt_S,modelo_teorico_oficial
2023-10-12,28900475.09,3.0939,0.7902,3.8841,3.4764,99.45,1,1.0,beacon_formula_16632_sqrt_S,modelo_teorico_oficial
2023-10-13,28944735.72,3.0915,0.7998,3.8913,3.4829,99.45,0,0.0,beacon_formula_16632_sqrt_S,modelo_teorico_oficial
2023-10-14,28909659.06,3.0934,0.8078,3.9012,3.4917,99.45,0,0.0,beacon_formula_16632_sqrt_S,modelo_teorico_oficial
2023-10-15,28901444.79,3.0938,0.8142,3.908,3.4978,99.45,0,0.0,beacon_formula_16632_sqrt_S,modelo_teorico_oficial
2023-10-16,28646317.08,3.1076,0.8188,3.9263,3.5143,99.45,0,0.0,beacon_formula_16632_sqrt_S,modelo_teorico_oficial
2023-10-17,28699192.88,3.1047,0.8217,3.9264,3.5143,99.45,0,0.0,beacon_formula_16632_sqrt_S,modelo_teorico_oficial
2023-10-18,28717169.36,3.1037,0.8229,3.9266,3.5145,99.45,0,0.0,beacon_formula_16632_sqrt_S,modelo_teorico_oficial
2023-10-19,28654537.8,3.1071,0.8224,3.9295,3.5171,99.45,0,0.0,beacon_formula_16632_sqrt_S,modelo_teorico_oficial
2023-10-20,28586552.3,3.1108,0.8204,3.9312,3.5186,99.45,0,0.0,beacon_formula_16632_sqrt_S,modelo_teorico_oficial
2023-10-21,28537456.31,3.1135,0.8169,3.9303,3.5179,99.45,0,0.0,beacon_formula_16632_sqrt_S,modelo_teorico_oficial
2023-10-22,28485555.73,3.1163,0.812,3.9283,3.5161,99.45,0,0.0,beacon_formula_16632_sqrt_S,modelo_teorico_oficial
2023-10-23,28365324.2,3.1229,0.806,3.9289,3.5166,99.45,0,0.0,beacon_formula_16632_sqrt_S,modelo_teorico_oficial
2023-10-24,28258209.02,3.1288,0.7991,3.9279,3.5156,99.45,0,0.0,beacon_formula_16632_sqrt_S,modelo_teorico_oficial
2023-10-25,28216888.1,3.1311,0.7913,3.9224,3.5108,99.45,0,0.0,beacon_formula_16632_sqrt_S,modelo_teorico_oficial
2023-10-26,28180540.67,3.1331,0.783,3.9161,3.5051,99.45,0,0.0,beacon_formula_16632_sqrt_S,modelo_teorico_oficial
2023-10-27,28306256.09,3.1262,0.7744,3.9005,3.4912,99.45,0,0.0,beacon_formula_16632_sqrt_S,modelo_teorico_oficial
2023-10-28,28363159.11,3.123,0.7656,3.8887,3.4805,99.45,0,0.0,beacon_formula_16632_sqrt_S,modelo_teorico_oficial
2023-10-29,28368527.54,3.1227,0.757,3.8798,3.4726,99.45,0,0.0,beacon_formula_16632_sqrt_S,modelo_teorico_oficial
2023-10-30,28563758.67,3.112,0.7488,3.8608,3.4556,99.45,0,0.0,beacon_formula_16632_sqrt_S,modelo_teorico_oficial
2023-10-31,28610151.18,3.1095,0.7411,3.8506,3.4465,99.45,0,0.0,beacon_formula_16632_sqrt_S,modelo_teorico_oficial
2023-11-01,28585653.15,3.1108,0.7341,3.845,3.4414,99.45,0,0.0,beacon_formula_16632_sqrt_S,modelo_teorico_oficial
2023-11-02,28738808.23,3.1025,0.7281,3.8307,3.4287,99.45,0,0.0,beacon_formula_16632_sqrt_S,modelo_teorico_oficial
2023-11-03,28726894.97,3.1032,0.7232,3.8264,3.4249,99.45,0,0.0,beacon_formula_16632_sqrt_S,modelo_teorico_oficial
2023-11-04,28713443.37,3.1039,0.7196,3.8235,3.4222,99.45,0,0.0,beacon_formula_16632_sqrt_S,modelo_teorico_oficial
2023-11-05,28798153.21,3.0993,0.7173,3.8166,3.4161,99.45,0,0.0,beacon_formula_16632_sqrt_S,modelo_teorico_oficial
2023-11-06,28879776.51,3.095,0.7164,3.8113,3.4113,99.45,0,0.0,beacon_formula_16632_sqrt_S,modelo_teorico_oficial
2023-11-07,28878506.47,3.095,0.7169,3.812,3.4119,99.45,0,0.0,beacon_formula_16632_sqrt_S,modelo_teorico_oficial
2023-11-08,29003936.87,3.0883,0.7189,3.8073,3.4077,99.45,0,0.0,beacon_formula_16632_sqrt_S,modelo_teorico_oficial
2023-11-09,28551625.94,3.1127,0.7224,3.8351,3.4326,99.45,0,0.0,beacon_formula_16632_sqrt_S,modelo_teorico_oficial
2023-11-10,28633269.31,3.1083,0.7272,3.8355,3.433,99.45,0,0.0,beacon_formula_16632_sqrt_S,modelo_teorico_oficial
2023-11-11,28738673.54,3.1026,0.7334,3.836,3.4334,99.45,0,0.0,beacon_formula_16632_sqrt_S,modelo_teorico_oficial
2023-11-12,28794423.11,3.0995,0.7407,3.8403,3.4372,99.45,0,0.0,beacon_formula_16632_sqrt_S,modelo_teorico_oficial
2023-11-13,28828890.14,3.0977,0.7491,3.8468,3.4431,99.45,0,0.0,beacon_formula_16632_sqrt_S,modelo_teorico_oficial
2023-11-14,28993762.17,3.0889,0.7583,3.8472,3.4435,99.45,0,0.0,beacon_formula_16632_sqrt_S,modelo_teorico_oficial
2023-11-15,28894549.43,3.0942,0.7683,3.8624,3.4571,99.45,0,0.0,beacon_formula_16632_sqrt_S,modelo_teorico_oficial
2023-11-16,29481642.81,3.0632,0.7787,3.8419,3.4387,99.45,0,0.0,beacon_formula_16632_sqrt_S,modelo_teorico_oficial
2023-11-17,29466534.17,3.064,0.7893,3.8533,3.4489,99.45,0,0.0,beacon_formula_16632_sqrt_S,modelo_teorico_oficial
2023-11-18,29391545.24,3.0679,0.8,3.8679,3.462,99.45,0,0.0,beacon_formula_16632_sqrt_S,modelo_teorico_oficial
2023-11-19,29278126.7,3.0738,0.8105,3.8843,3.4766,99.45,0,0.0,beacon_formula_16632_sqrt_S,modelo_teorico_oficial
2023-11-20,29315493.77,3.0719,0.8205,3.8924,3.4839,99.45,0,0.0,beacon_formula_16632_sqrt_S,modelo_teorico_oficial
2023-11-21,29375058.73,3.0688,0.8299,3.8986,3.4895,99.45,0,0.0,beacon_formula_16632_sqrt_S,modelo_teorico_oficial
2023-11-22,29428576.92,3.066,0.8384,3.9044,3.4946,99.45,0,0.0,beacon_formula_16632_sqrt_S,modelo_teorico_oficial
2023-11-23,29320209.36,3.0716,0.8458,3.9174,3.5063,99.45,0,0.0,beacon_formula_16632_sqrt_S,modelo_teorico_oficial
2023-11-24,29454600.9,3.0646,0.852,3.9166,3.5056,99.45,0,0.0,beacon_formula_16632_sqrt_S,modelo_teorico_oficial
2023-11-25,29587394.85,3.0577,0.8567,3.9145,3.5037,99.45,0,0.0,beacon_formula_16632_sqrt_S,modelo_teorico_oficial
2023-11-26,29846131.21,3.0444,0.86,3.9044,3.4946,99.45,0,0.0,beacon_formula_16632_sqrt_S,modelo_teorico_oficial
2023-11-27,29904570.88,3.0415,0.8615,3.903,3.4934,99.45,0,0.0,beacon_formula_16632_sqrt_S,modelo_teorico_oficial
2023-11-28,29778107.71,3.0479,0.8614,3.9093,3.499,99.45,0,0.0,beacon_formula_16632_sqrt_S,modelo_teorico_oficial
2023-11-29,29999204.16,3.0367,0.8594,3.8961,3.4872,99.45,0,0.0,beacon_formula_16632_sqrt_S,modelo_teorico_oficial
2023-11-30,30021938.76,3.0355,0.8557,3.8913,3.4829,99.45,0,0.0,beacon_formula_16632_sqrt_S,modelo_teorico_oficial
2023-12-01,30023074.88,3.0355,0.8503,3.8858,3.4779,99.45,0,0.0,beacon_formula_16632_sqrt_S,modelo_teorico_oficial
2023-12-02,29961297.67,3.0386,0.8431,3.8817,3.4744,99.45,0,0.0,beacon_formula_16632_sqrt_S,modelo_teorico_oficial
2023-12-03,29891611.36,3.0421,0.8344,3.8765,3.4697,99.45,0,0.0,beacon_formula_16632_sqrt_S,modelo_teorico_oficial
2023-12-04,29935902.67,3.0399,0.8242,3.8641,3.4585,99.45,0,0.0,beacon_formula_16632_sqrt_S,modelo_teorico_oficial
2023-12-05,29850641.22,3.0442,0.8126,3.8569,3.4521,99.45,0,0.0,beacon_formula_16632_sqrt_S,modelo_teorico_oficial
2023-12-06,29912370.99,3.0411,0.7999,3.841,3.4379,99.45,0,0.0,beacon_formula_16632_sqrt_S,modelo_teorico_oficial
2023-12-07,29729791.13,3.0504,0.7863,3.8367,3.434,99.45,0,0.0,beacon_formula_16632_sqrt_S,modelo_teorico_oficial
2023-12-08,29694581.2,3.0522,0.7718,3.824,3.4227,99.45,0,0.0,beacon_formula_16632_sqrt_S,modelo_teorico_oficial
2023-12-09,29826775.57,3.0454,0.7569,3.8023,3.4033,99.45,0,0.0,beacon_formula_16632_sqrt_S,modelo_teorico_oficial
2023-12-10,29835840.94,3.045,0.7416,3.7866,3.3892,99.45,0,0.0,beacon_formula_16632_sqrt_S,modelo_teorico_oficial
2023-12-11,29844724.94,3.0445,0.7263,3.7708,3.3751,99.45,0,0.0,beacon_formula_16632_sqrt_S,modelo_teorico_oficial
2023-12-12,30015280.01,3.0359,0.7112,3.747,3.3538,99.45,0,0.0,beacon_formula_16632_sqrt_S,modelo_teorico_oficial
2023-12-13,29731623.76,3.0503,0.6964,3.7467,3.3535,99.45,0,0.0,beacon_formula_16632_sqrt_S,modelo_teorico_oficial
2023-12-14,29883036.02,3.0426,0.6823,3.7249,3.3339,99.45,0,0.0,beacon_formula_16632_sqrt_S,modelo_teorico_oficial
2023-12-15,29976755.57,3.0378,0.669,3.7068,3.3178,99.45,0,0.0,beacon_formula_16632_sqrt_S,modelo_teorico_oficial
2023-12-16,29965855.44,3.0384,0.6567,3.6951,3.3073,99.45,0,0.0,beacon_formula_16632_sqrt_S,modelo_teorico_oficial
2023-12-17,30006030.51,3.0363,0.6457,3.682,3.2956,99.45,0,0.0,beacon_formula_16632_sqrt_S,modelo_teorico_oficial
2023-12-18,29774603.01,3.0481,0.6359,3.684,3.2974,99.45,0,0.0,beacon_formula_16632_sqrt_S,modelo_teorico_oficial
2023-12-19,29889210.26,3.0423,0.6276,3.6698,3.2847,99.45,0,0.0,beacon_formula_16632_sqrt_S,modelo_teorico_oficial
2023-12-20,30040514.91,3.0346,0.6207,3.6553,3.2717,99.45,0,0.0,beacon_formula_16632_sqrt_S,modelo_teorico_oficial
2023-12-21,30046283.5,3.0343,0.6155,3.6498,3.2667,99.45,0,0.0,beacon_formula_16632_sqrt_S,modelo_teorico_oficial
2023-12-22,29883611.51,3.0425,0.6118,3.6544,3.2708,99.45,0,0.0,beacon_formula_16632_sqrt_S,modelo_teorico_oficial
2023-12-23,29809288.62,3.0463,0.6097,3.656,3.2723,99.45,0,0.0,beacon_formula_16632_sqrt_S,modelo_teorico_oficial
2023-12-24,29805874.82,3.0465,0.6091,3.6556,3.272,99.45,0,0.0,beacon_formula_16632_sqrt_S,modelo_teorico_oficial
2023-12-25,29937149.55,3.0398,0.6099,3.6498,3.2667,99.45,0,0.0,beacon_formula_16632_sqrt_S,modelo_teorico_oficial
2023-12-26,29720629.84,3.0509,0.6121,3.663,3.2785,99.45,0,0.0,beacon_formula_16632_sqrt_S,modelo_teorico_oficial
2023-12-27,29441913.16,3.0653,0.6154,3.6807,3.2944,99.45,0,0.0,beacon_formula_16632_sqrt_S,modelo_teorico_oficial
2023-12-28,29539795.12,3.0602,0.6198,3.68,3.2937,99.45,0,0.0,beacon_formula_16632_sqrt_S,modelo_teorico_oficial
2023-12-29,29687892.72,3.0526,0.6249,3.6775,3.2915,99.45,0,0.0,beacon_formula_16632_sqrt_S,modelo_teorico_oficial
2023-12-30,29701749.15,3.0518,0.6307,3.6826,3.2961,99.45,0,0.0,beacon_formula_16632_sqrt_S,modelo_teorico_oficial
2023-12-31,29724439.73,3.0507,0.637,3.6876,3.3006,99.45,0,0.0,beacon_formula_16632_sqrt_S,modelo_teorico_oficial
2024-01-01,30050009.1,3.0341,0.6434,3.6775,3.2915,99.45,0,0.0,beacon_formula_16632_sqrt_S,modelo_teorico_oficial
2024-01-02,30596820.7,3.0069,0.6498,3.6566,3.2729,99.45,0,0.0,beacon_formula_16632_sqrt_S,modelo_teorico_oficial
2024-01-03,31628025.95,2.9574,0.6559,3.6133,3.2341,99.45,0,0.0,beacon_formula_16632_sqrt_S,modelo_teorico_oficial
2024-01-04,31851417.24,2.9471,0.6615,3.6086,3.2298,99.45,0,0.0,beacon_formula_16632_sqrt_S,modelo_teorico_oficial
2024-01-05,32130470.08,2.9342,0.6665,3.6007,3.2228,99.45,0,0.0,beacon_formula_16632_sqrt_S,modelo_teorico_oficial
2024-01-06,32535055.85,2.9159,0.6705,3.5864,3.21,99.45,0,0.0,beacon_formula_16632_sqrt_S,modelo_teorico_oficial
2024-01-07,32896009.15,2.8999,0.6735,3.5734,3.1984,99.45,0,0.0,beacon_formula_16632_sqrt_S,modelo_teorico_oficial
2024-01-08,32787030.53,2.9047,0.6753,3.58,3.2043,99.45,0,0.0,beacon_formula_16632_sqrt_S,modelo_teorico_oficial
2024-01-09,32563527.62,2.9147,0.6757,3.5904,3.2136,99.45,0,0.0,beacon_formula_16632_sqrt_S,modelo_teorico_oficial
2024-01-10,31930491.38,2.9434,0.6747,3.6181,3.2384,99.45,0,0.0,beacon_formula_16632_sqrt_S,modelo_teorico_oficial
2024-01-11,32111992.73,2.9351,0.6722,3.6072,3.2287,99.45,0,0.0,beacon_formula_16632_sqrt_S,modelo_teorico_oficial
2024-01-12,32352147.4,2.9242,0.6681,3.5922,3.2152,99.45,0,0.0,beacon_formula_16632_sqrt_S,modelo_teorico_oficial
2024-01-13,32310106.62,2.9261,0.6624,3.5885,3.2119,99.45,0,0.0,beacon_formula_16632_sqrt_S,modelo_teorico_oficial
2024-01-14,32474557.24,2.9186,0.6552,3.5739,3.1988,99.45,0,0.0,beacon_formula_16632_sqrt_S,modelo_teorico_oficial
2024-01-15,32774500.49,2.9053,0.6466,3.5518,3.1791,99.45,0,0.0,beacon_formula_16632_sqrt_S,modelo_teorico_oficial
2024-01-16,32838143.12,2.9024,0.6365,3.539,3.1676,99.45,0,0.0,beacon_formula_16632_sqrt_S,modelo_teorico_oficial
2024-01-17,33158215.27,2.8884,0.6253,3.5137,3.1449,99.45,0,0.0,beacon_formula_16632_sqrt_S,modelo_teorico_oficial
2024-01-18,33224181.99,2.8855,0.6129,3.4984,3.1312,99.45,0,0.0,beacon_formula_16632_sqrt_S,modelo_teorico_oficial
2024-01-19,33043768.88,2.8934,0.5995,3.4929,3.1263,99.45,0,0.0,beacon_formula_16632_sqrt_S,modelo_teorico_oficial
2024-01-20,33134198.37,2.8894,0.5854,3.4749,3.1102,99.45,0,0.0,beacon_formula_16632_sqrt_S,modelo_teorico_oficial
2024-01-21,33024497.39,2.8942,0.5708,3.4651,3.1014,99.45,0,0.0,beacon_formula_16632_sqrt_S,modelo_teorico_oficial
2024-01-22,33129568.13,2.8896,0.5559,3.4456,3.084,99.45,0,0.0,beacon_formula_16632_sqrt_S,modelo_teorico_oficial
2024-01-23,33214698.05,2.8859,0.541,3.4269,3.0672,99.45,0,0.0,beacon_formula_16632_sqrt_S,modelo_teorico_oficial
2024-01-24,33260370.25,2.884,0.5261,3.4101,3.0522,99.45,0,0.0,beacon_formula_16632_sqrt_S,modelo_teorico_oficial
2024-01-25,33178708.8,2.8875,0.5117,3.3992,3.0425,99.45,0,0.0,beacon_formula_16632_sqrt_S,modelo_teorico_oficial
2024-01-26,33168435.52,2.888,0.4979,3.3859,3.0305,99.45,0,0.0,beacon_formula_16632_sqrt_S,modelo_teorico_oficial
2024-01-27,33177992.53,2.8875,0.485,3.3725,3.0186,99.45,0,0.0,beacon_formula_16632_sqrt_S,modelo_teorico_oficial
2024-01-28,33228627.1,2.8853,0.4731,3.3585,3.006,99.45,0,0.0,beacon_formula_16632_sqrt_S,modelo_teorico_oficial
2024-01-29,33009468.37,2.8949,0.4625,3.3574,3.005,99.45,0,0.0,beacon_formula_16632_sqrt_S,modelo_teorico_oficial
2024-01-30,32995065.48,2.8955,0.4532,3.3488,2.9973,99.45,0,0.0,beacon_formula_16632_sqrt_S,modelo_teorico_oficial
2024-01-31,33000984.83,2.8953,0.4455,3.3408,2.9902,99.45,0,0.0,beacon_formula_16632_sqrt_S,modelo_teorico_oficial
2024-02-01,32952827.28,2.8974,0.4395,3.3369,2.9867,99.45,0,0.0,beacon_formula_16632_sqrt_S,modelo_teorico_oficial
2024-02-02,33038772.97,2.8936,0.4352,3.3288,2.9794,99.45,0,0.0,beacon_formula_16632_sqrt_S,modelo_teorico_oficial
2024-02-03,33141617.59,2.8891,0.4326,3.3217,2.9731,99.45,0,0.0,beacon_formula_16632_sqrt_S,modelo_teorico_oficial
2024-02-04,33154481.81,2.8886,0.4318,3.3204,2.9719,99.45,0,0.0,beacon_formula_16632_sqrt_S,modelo_teorico_oficial
2024-02-05,33363940.71,2.8795,0.4328,3.3123,2.9646,99.45,0,0.0,beacon_formula_16632_sqrt_S,modelo_teorico_oficial
2024-02-06,33384833.34,2.8786,0.4355,3.3141,2.9662,99.45,0,0.0,beacon_formula_16632_sqrt_S,modelo_teorico_oficial
2024-02-07,33289176.15,2.8827,0.4398,3.3225,2.9738,99.45,0,0.0,beacon_formula_16632_sqrt_S,modelo_teorico_oficial
2024-02-08,33432919.85,2.8765,0.4456,3.3221,2.9735,99.45,0,0.0,beacon_formula_16632_sqrt_S,modelo_teorico_oficial
2024-02-09,33451060.72,2.8757,0.4528,3.3285,2.9792,99.45,0,0.0,beacon_formula_16632_sqrt_S,modelo_teorico_oficial
2024-02-10,33438306.44,2.8763,0.4611,3.3374,2.9872,99.45,0,0.0,beacon_formula_16632_sqrt_S,modelo_teorico_oficial
2024-02-11,33498778.15,2.8737,0.4705,3.3442,2.9932,99.45,0,0.0,beacon_formula_16632_sqrt_S,modelo_teorico_oficial
2024-02-12,33183725.66,2.8873,0.4807,3.368,3.0145,99.45,0,0.0,beacon_formula_16632_sqrt_S,modelo_teorico_oficial
2024-02-13,33362817.63,2.8795,0.4914,3.371,3.0172,99.45,0,0.0,beacon_formula_16632_sqrt_S,modelo_teorico_oficial
2024-02-14,33509429.68,2.8732,0.5025,3.3758,3.0215,99.45,0,0.0,beacon_formula_16632_sqrt_S,modelo_teorico_oficial
2024-02-15,33535588.09,2.8721,0.5137,3.3859,3.0305,99.45,0,0.0,beacon_formula_16632_sqrt_S,modelo_teorico_oficial
2024-02-16,33693368.53,2.8654,0.5249,3.3902,3.0344,99.45,0,0.0,beacon_formula_16632_sqrt_S,modelo_teorico_oficial
2024-02-17,33791427.59,2.8612,0.5356,3.3968,3.0403,99.45,0,0.0,beacon_formula_16632_sqrt_S,modelo_teorico_oficial
2024-02-18,33725356.62,2.864,0.5458,3.4098,3.052,99.45,0,0.0,beacon_formula_16632_sqrt_S,modelo_teorico_oficial
2024-02-19,34068216.43,2.8496,0.5553,3.4048,3.0475,99.45,0,0.0,beacon_formula_16632_sqrt_S,modelo_teorico_oficial
2024-02-20,33950016.65,2.8545,0.5638,3.4183,3.0596,99.45,0,0.0,beacon_formula_16632_sqrt_S,modelo_teorico_oficial
2024-02-21,33957326.32,2.8542,0.5712,3.4254,3.0659,99.45,0,0.0,beacon_formula_16632_sqrt_S,modelo_teorico_oficial
2024-02-22,34046421.38,2.8505,0.5774,3.4279,3.0681,99.45,0,0.0,beacon_formula_16632_sqrt_S,modelo_teorico_oficial
2024-02-23,34078409.25,2.8491,0.5822,3.4314,3.0713,99.45,0,0.0,beacon_formula_16632_sqrt_S,modelo_teorico_oficial
2024-02-24,34093561.7,2.8485,0.5857,3.4342,3.0738,99.45,0,0.0,beacon_formula_16632_sqrt_S,modelo_teorico_oficial
2024-02-25,34082780.31,2.849,0.5876,3.4366,3.0759,99.45,0,0.0,beacon_formula_16632_sqrt_S,modelo_teorico_oficial
2024-02-26,33974836.64,2.8535,0.5881,3.4416,3.0804,99.45,0,0.0,beacon_formula_16632_sqrt_S,modelo_teorico_oficial
2024-02-27,34185474.33,2.8447,0.5872,3.4319,3.0717,99.45,0,0.0,beacon_formula_16632_sqrt_S,modelo_teorico_oficial
2024-02-28,34242847.17,2.8423,0.5848,3.4271,3.0674,99.45,0,0.0,beacon_formula_16632_sqrt_S,modelo_teorico_oficial
2024-02-29,34477278.53,2.8326,0.5812,3.4138,3.0555,99.45,0,0.0,beacon_formula_16632_sqrt_S,modelo_teorico_oficial
2024-03-01,34428056.15,2.8346,0.5763,3.411,3.053,99.45,0,0.0,beacon_formula_16632_sqrt_S,modelo_teorico_oficial
2024-03-02,34443949.66,2.834,0.5704,3.4044,3.0471,99.45,0,0.0,beacon_formula_16632_sqrt_S,modelo_teorico_oficial
2024-03-03,34482879.21,2.8324,0.5636,3.396,3.0396,99.45,0,0.0,beacon_formula_16632_sqrt_S,modelo_teorico_oficial
2024-03-04,34496546.18,2.8318,0.5562,3.388,3.0324,99.45,0,0.0,beacon_formula_16632_sqrt_S,modelo_teorico_oficial
2024-03-05,34730880.08,2.8222,0.5482,3.3704,3.0167,99.45,2,2.0,beacon_formula_16632_sqrt_S,modelo_teorico_oficial
2024-03-06,34842876.84,2.8177,0.5399,3.3576,3.0053,99.45,0,0.0,beacon_formula_16632_sqrt_S,modelo_teorico_oficial
2024-03-07,34532811.92,2.8303,0.5316,3.362,3.0091,99.45,0,0.0,beacon_formula_16632_sqrt_S,modelo_teorico_oficial
2024-03-08,34611680.45,2.8271,0.5235,3.3506,2.999,99.45,0,0.0,beacon_formula_16632_sqrt_S,modelo_teorico_oficial
2024-03-09,34643802.77,2.8258,0.5158,3.3416,2.9909,99.45,0,0.0,beacon_formula_16632_sqrt_S,modelo_teorico_oficial
2024-03-10,34858155.54,2.8171,0.5087,3.3258,2.9768,99.45,0,0.0,beacon_formula_16632_sqrt_S,modelo_teorico_oficial
2024-03-11,35001372.22,2.8113,0.5025,3.3138,2.966,99.45,0,0.0,beacon_formula_16632_sqrt_S,modelo_teorico_oficial
2024-03-12,34808676.77,2.8191,0.4973,3.3164,2.9683,99.45,0,0.0,beacon_formula_16632_sqrt_S,modelo_teorico_oficial
2024-03-13,34842769.15,2.8177,0.4933,3.311,2.9635,99.45,0,0.0,beacon_formula_16632_sqrt_S,modelo_teorico_oficial
2024-03-14,35031518.98,2.8101,0.4907,3.3008,2.9543,99.45,0,0.0,beacon_formula_16632_sqrt_S,modelo_teorico_oficial
2024-03-15,35166782.97,2.8047,0.4895,3.2942,2.9485,99.45,0,0.0,beacon_formula_16632_sqrt_S,modelo_teorico_oficial
2024-03-16,35498111.63,2.7916,0.49,3.2816,2.9372,99.45,0,0.0,beacon_formula_16632_sqrt_S,modelo_teorico_oficial
2024-03-17,35250339.08,2.8014,0.4921,3.2935,2.9479,99.45,0,0.0,beacon_formula_16632_sqrt_S,modelo_teorico_oficial
2024-03-18,35402721.22,2.7953,0.496,3.2913,2.9459,99.45,0,0.0,beacon_formula_16632_sqrt_S,modelo_teorico_oficial
2024-03-19,35883938.16,2.7765,0.5016,3.2781,2.9341,99.45,0,0.0,beacon_formula_16632_sqrt_S,modelo_teorico_oficial
2024-03-20,35330166.14,2.7982,0.5088,3.307,2.9599,99.45,0,0.0,beacon_formula_16632_sqrt_S,modelo_teorico_oficial
2024-03-21,35254307.66,2.8012,0.5177,3.3189,2.9706,99.45,0,0.0,beacon_formula_16632_sqrt_S,modelo_teorico_oficial
2024-03-22,35270110.71,2.8006,0.5281,3.3287,2.9793,99.45,0,0.0,beacon_formula_16632_sqrt_S,modelo_teorico_oficial
2024-03-23,34882250.13,2.8161,0.5399,3.356,3.0038,99.45,0,0.0,beacon_formula_16632_sqrt_S,modelo_teorico_oficial
2024-03-24,34856412.02,2.8172,0.5529,3.3701,3.0164,99.45,0,0.0,beacon_formula_16632_sqrt_S,modelo_teorico_oficial
2024-03-25,34496611.78,2.8318,0.5671,3.3989,3.0422,99.45,0,0.0,beacon_formula_16632_sqrt_S,modelo_teorico_oficial
2024-03-26,33920368.19,2.8558,0.5821,3.4378,3.077,99.45,0,0.0,beacon_formula_16632_sqrt_S,modelo_teorico_oficial
2024-03-27,34461043.72,2.8333,0.5978,3.431,3.0709,99.45,0,0.0,beacon_formula_16632_sqrt_S,modelo_teorico_oficial
2024-03-28,34289626.2,2.8403,0.6139,3.4542,3.0917,99.45,0,0.0,beacon_formula_16632_sqrt_S,modelo_teorico_oficial
2024-03-29,34076684.39,2.8492,0.6302,3.4794,3.1143,99.45,0,0.0,beacon_formula_16632_sqrt_S,modelo_teorico_oficial
2024-03-30,34058784.89,2.85,0.6465,3.4965,3.1295,99.45,0,0.0,beacon_formula_16632_sqrt_S,modelo_teorico_oficial
2024-03-31,33977851.75,2.8533,0.6626,3.5159,3.1469,99.45,0,0.0,beacon_formula_16632_sqrt_S,modelo_teorico_oficial
2024-04-01,34325090.0,2.8389,0.6781,3.517,3.1479,99.45,0,0.0,beacon_formula_16632_sqrt_S,modelo_teorico_oficial
2024-04-02,34598067.34,2.8277,0.693,3.5206,3.1511,99.45,0,0.0,beacon_formula_16632_sqrt_S,modelo_teorico_oficial
2024-04-03,34344267.45,2.8381,0.7069,3.545,3.1729,99.45,0,0.0,beacon_formula_16632_sqrt_S,modelo_teorico_oficial
2024-04-04,34329167.31,2.8387,0.7197,3.5584,3.185,99.45,0,0.0,beacon_formula_16632_sqrt_S,modelo_teorico_oficial
2024-04-05,34172570.21,2.8452,0.7312,3.5764,3.2011,99.45,0,0.0,beacon_formula_16632_sqrt_S,modelo_teorico_oficial
2024-04-06,34051694.52,2.8503,0.7413,3.5916,3.2147,99.45,0,0.0,beacon_formula_16632_sqrt_S,modelo_teorico_oficial
2024-04-07,34033456.11,2.851,0.7499,3.601,3.223,99.45,0,0.0,beacon_formula_16632_sqrt_S,modelo_teorico_oficial
2024-04-08,33408667.56,2.8776,0.7569,3.6345,3.253,99.45,0,0.0,beacon_formula_16632_sqrt_S,modelo_teorico_oficial
2024-04-09,33272337.87,2.8834,0.7623,3.6457,3.2631,99.45,0,0.0,beacon_formula_16632_sqrt_S,modelo_teorico_oficial
2024-04-10,33257356.24,2.8841,0.7659,3.65,3.267,99.45,0,0.0,beacon_formula_16632_sqrt_S,modelo_teorico_oficial
2024-04-11,33226153.59,2.8854,0.768,3.6534,3.27,99.45,0,0.0,beacon_formula_16632_sqrt_S,modelo_teorico_oficial
2024-04-12,33549431.91,2.8715,0.7684,3.6399,3.2579,99.45,0,0.0,beacon_formula_16632_sqrt_S,modelo_teorico_oficial
2024-04-13,33856155.76,2.8585,0.7673,3.6258,3.2453,99.45,0,0.0,beacon_formula_16632_sqrt_S,modelo_teorico_oficial
2024-04-14,33573601.42,2.8705,0.7649,3.6353,3.2538,99.45,0,0.0,beacon_formula_16632_sqrt_S,modelo_teorico_oficial
2024-04-15,33802868.22,2.8607,0.7611,3.6218,3.2417,99.45,0,0.0,beacon_formula_16632_sqrt_S,modelo_teorico_oficial
2024-04-16,33503406.47,2.8735,0.7563,3.6298,3.2488,99.45,0,0.0,beacon_formula_16632_sqrt_S,modelo_teorico_oficial
2024-04-17,33644510.0,2.8674,0.7506,3.618,3.2383,99.45,0,0.0,beacon_formula_16632_sqrt_S,modelo_teorico_oficial
2024-04-18,33500613.46,2.8736,0.7441,3.6177,3.238,99.45,0,0.0,beacon_formula_16632_sqrt_S,modelo_teorico_oficial
2024-04-19,33093539.1,2.8912,0.7372,3.6284,3.2476,99.45,0,0.0,beacon_formula_16632_sqrt_S,modelo_teorico_oficial
2024-04-20,32617078.3,2.9123,0.73,3.6423,3.26,99.45,0,0.0,beacon_formula_16632_sqrt_S,modelo_teorico_oficial
2024-04-21,32930415.87,2.8984,0.7228,3.6211,3.2411,99.45,0,0.0,beacon_formula_16632_sqrt_S,modelo_teorico_oficial
2024-04-22,32891852.95,2.9001,0.7157,3.6158,3.2363,99.45,0,0.0,beacon_formula_16632_sqrt_S,modelo_teorico_oficial
2024-04-23,32835149.02,2.9026,0.7091,3.6117,3.2326,99.45,0,0.0,beacon_formula_16632_sqrt_S,modelo_teorico_oficial
2024-04-24,32747780.5,2.9064,0.7031,3.6095,3.2307,99.45,0,0.0,beacon_formula_16632_sqrt_S,modelo_teorico_oficial
2024-04-25,32819412.18,2.9033,0.6979,3.6012,3.2232,99.45,0,0.0,beacon_formula_16632_sqrt_S,modelo_teorico_oficial
2024-04-26,32872887.81,2.9009,0.6937,3.5946,3.2173,99.45,0,0.0,beacon_formula_16632_sqrt_S,modelo_teorico_oficial
2024-04-27,32807756.01,2.9038,0.6906,3.5944,3.2172,99.45,0,0.0,beacon_formula_16632_sqrt_S,modelo_teorico_oficial
2024-04-28,32780942.42,2.905,0.6889,3.5939,3.2167,99.45,0,0.0,beacon_formula_16632_sqrt_S,modelo_teorico_oficial
2024-04-29,32984045.03,2.896,0.6885,3.5845,3.2083,99.45,0,0.0,beacon_formula_16632_sqrt_S,modelo_teorico_oficial
2024-04-30,33305386.25,2.882,0.6895,3.5716,3.1967,99.45,0,0.0,beacon_formula_16632_sqrt_S,modelo_teorico_oficial
2024-05-01,33252141.52,2.8843,0.6921,3.5764,3.2011,99.45,0,0.0,beacon_formula_16632_sqrt_S,modelo_teorico_oficial
2024-05-02,33239534.44,2.8849,0.6961,3.581,3.2052,99.45,0,0.0,beacon_formula_16632_sqrt_S,modelo_teorico_oficial
2024-05-03,33009372.51,2.8949,0.7016,3.5966,3.2191,99.45,0,0.0,beacon_formula_16632_sqrt_S,modelo_teorico_oficial
2024-05-04,33167297.74,2.888,0.7086,3.5966,3.2191,99.45,0,0.0,beacon_formula_16632_sqrt_S,modelo_teorico_oficial
2024-05-05,33161809.42,2.8882,0.7168,3.605,3.2267,99.45,0,0.0,beacon_formula_16632_sqrt_S,modelo_teorico_oficial
2024-05-06,33152750.56,2.8886,0.7262,3.6148,3.2355,99.45,0,0.0,beacon_formula_16632_sqrt_S,modelo_teorico_oficial
2024-05-07,32968094.5,2.8967,0.7367,3.6334,3.2521,99.45,0,0.0,beacon_formula_16632_sqrt_S,modelo_teorico_oficial
2024-05-08,33046188.49,2.8933,0.748,3.6413,3.2591,99.45,0,0.0,beacon_formula_16632_sqrt_S,modelo_teorico_oficial
2024-05-09,32984699.86,2.896,0.76,3.656,3.2723,99.45,0,0.0,beacon_formula_16632_sqrt_S,modelo_teorico_oficial
2024-05-10,33335200.28,2.8807,0.7725,3.6532,3.2698,99.45,0,0.0,beacon_formula_16632_sqrt_S,modelo_teorico_oficial
2024-05-11,33345173.42,2.8803,0.7852,3.6655,3.2808,99.45,0,0.0,beacon_formula_16632_sqrt_S,modelo_teorico_oficial
2024-05-12,33369084.73,2.8793,0.798,3.6772,3.2913,99.45,0,0.0,beacon_formula_16632_sqrt_S,modelo_teorico_oficial
2024-05-13,33231664.78,2.8852,0.8105,3.6957,3.3078,99.45,0,0.0,beacon_formula_16632_sqrt_S,modelo_teorico_oficial
2024-05-14,33226882.51,2.8854,0.8226,3.708,3.3188,99.45,0,0.0,beacon_formula_16632_sqrt_S,modelo_teorico_oficial
2024-05-15,32887771.39,2.9003,0.834,3.7342,3.3423,99.45,0,0.0,beacon_formula_16632_sqrt_S,modelo_teorico_oficial
2024-05-16,33099491.16,2.891,0.8445,3.7355,3.3434,99.45,0,0.0,beacon_formula_16632_sqrt_S,modelo_teorico_oficial
2024-05-17,32667549.67,2.91,0.8539,3.7639,3.3689,99.45,0,0.0,beacon_formula_16632_sqrt_S,modelo_teorico_oficial
2024-05-18,32622559.65,2.912,0.862,3.7741,3.378,99.45,0,0.0,beacon_formula_16632_sqrt_S,modelo_teorico_oficial
2024-05-19,32701917.73,2.9085,0.8687,3.7772,3.3808,99.45,0,0.0,beacon_formula_16632_sqrt_S,modelo_teorico_oficial
2024-05-20,31950119.94,2.9425,0.8739,3.8164,3.4159,99.45,0,0.0,beacon_formula_16632_sqrt_S,modelo_teorico_oficial
2024-05-21,31635539.79,2.9571,0.8773,3.8344,3.432,99.45,0,0.0,beacon_formula_16632_sqrt_S,modelo_teorico_oficial
2024-05-22,31888838.38,2.9453,0.8791,3.8244,3.423,99.45,0,0.0,beacon_formula_16632_sqrt_S,modelo_teorico_oficial
2024-05-23,31727833.48,2.9528,0.879,3.8318,3.4296,99.45,0,0.0,beacon_formula_16632_sqrt_S,modelo_teorico_oficial
2024-05-24,32050031.31,2.9379,0.8771,3.815,3.4147,99.45,0,0.0,beacon_formula_16632_sqrt_S,modelo_teorico_oficial
2024-05-25,32051109.33,2.9379,0.8735,3.8114,3.4114,99.45,0,0.0,beacon_formula_16632_sqrt_S,modelo_teorico_oficial
2024-05-26,31849033.87,2.9472,0.8682,3.8153,3.4149,99.45,0,0.0,beacon_formula_16632_sqrt_S,modelo_teorico_oficial
2024-05-27,32536155.69,2.9159,0.8612,3.7771,3.3807,99.45,0,0.0,beacon_formula_16632_sqrt_S,modelo_teorico_oficial
2024-05-28,32758726.7,2.906,0.8527,3.7587,3.3642,99.45,0,0.0,beacon_formula_16632_sqrt_S,modelo_teorico_oficial
2024-05-29,32885339.72,2.9004,0.8429,3.7433,3.3504,99.45,0,0.0,beacon_formula_16632_sqrt_S,modelo_teorico_oficial
2024-05-30,33039756.12,2.8936,0.8319,3.7255,3.3345,99.45,0,0.0,beacon_formula_16632_sqrt_S,modelo_teorico_oficial
2024-05-31,33019114.08,2.8945,0.8199,3.7144,3.3246,99.45,0,0.0,beacon_formula_16632_sqrt_S,modelo_teorico_oficial
2024-06-01,33093090.41,2.8912,0.8072,3.6984,3.3102,99.45,0,0.0,beacon_formula_16632_sqrt_S,modelo_teorico_oficial
2024-06-02,33331749.34,2.8809,0.7938,3.6747,3.289,99.45,0,0.0,beacon_formula_16632_sqrt_S,modelo_teorico_oficial
2024-06-03,33507662.58,2.8733,0.7802,3.6535,3.2701,99.45,0,0.0,beacon_formula_16632_sqrt_S,modelo_teorico_oficial
2024-06-04,33499236.25,2.8737,0.7665,3.6401,3.2581,99.45,0,0.0,beacon_formula_16632_sqrt_S,modelo_teorico_oficial
2024-06-05,33357979.18,2.8797,0.7529,3.6326,3.2514,99.45,0,0.0,beacon_formula_16632_sqrt_S,modelo_teorico_oficial
2024-06-06,33373752.5,2.8791,0.7397,3.6187,3.2389,99.45,0,0.0,beacon_formula_16632_sqrt_S,modelo_teorico_oficial
2024-06-07,33559525.56,2.8711,0.727,3.5981,3.2205,99.45,0,0.0,beacon_formula_16632_sqrt_S,modelo_teorico_oficial
2024-06-08,33620590.07,2.8685,0.7152,3.5837,3.2076,99.45,0,0.0,beacon_formula_16632_sqrt_S,modelo_teorico_oficial
2024-06-09,33536246.02,2.8721,0.7043,3.5764,3.2011,99.45,0,0.0,beacon_formula_16632_sqrt_S,modelo_teorico_oficial
2024-06-10,33611309.76,2.8689,0.6946,3.5635,3.1895,99.45,0,0.0,beacon_formula_16632_sqrt_S,modelo_teorico_oficial
2024-06-11,33901621.34,2.8566,0.6862,3.5427,3.1709,99.45,0,0.0,beacon_formula_16632_sqrt_S,modelo_teorico_oficial
2024-06-12,33876430.34,2.8576,0.6791,3.5368,3.1656,99.45,0,0.0,beacon_formula_16632_sqrt_S,modelo_teorico_oficial
2024-06-13,33952602.42,2.8544,0.6736,3.528,3.1577,99.45,0,0.0,beacon_formula_16632_sqrt_S,modelo_teorico_oficial
2024-06-14,33786104.34,2.8614,0.6695,3.5309,3.1603,99.45,0,0.0,beacon_formula_16632_sqrt_S,modelo_teorico_oficial
2024-06-15,33659382.55,2.8668,0.6669,3.5337,3.1629,99.45,0,0.0,beacon_formula_16632_sqrt_S,modelo_teorico_oficial
2024-06-16,33645307.13,2.8674,0.6658,3.5332,3.1624,99.45,0,0.0,beacon_formula_16632_sqrt_S,modelo_teorico_oficial
2024-06-17,33683745.06,2.8658,0.6662,3.532,3.1613,99.45,0,0.0,beacon_formula_16632_sqrt_S,modelo_teorico_oficial
2024-06-18,33514563.37,2.873,0.6679,3.5409,3.1693,99.45,0,0.0,beacon_formula_16632_sqrt_S,modelo_teorico_oficial
2024-06-19,33495919.67,2.8738,0.6709,3.5447,3.1727,99.45,0,0.0,beacon_formula_16632_sqrt_S,modelo_teorico_oficial
2024-06-20,33444449.75,2.876,0.675,3.551,3.1783,99.45,0,0.0,beacon_formula_16632_sqrt_S,modelo_teorico_oficial
2024-06-21,33472061.46,2.8748,0.68,3.5548,3.1818,99.45,0,0.0,beacon_formula_16632_sqrt_S,modelo_teorico_oficial
2024-06-22,33650965.76,2.8672,0.6858,3.553,3.1801,99.45,0,0.0,beacon_formula_16632_sqrt_S,modelo_teorico_oficial
2024-06-23,33883404.22,2.8573,0.6921,3.5494,3.1769,99.45,0,0.0,beacon_formula_16632_sqrt_S,modelo_teorico_oficial
2024-06-24,33925730.93,2.8555,0.6988,3.5543,3.1813,99.45,0,0.0,beacon_formula_16632_sqrt_S,modelo_teorico_oficial
2024-06-25,33847284.31,2.8588,0.7055,3.5644,3.1903,99.45,0,0.0,beacon_formula_16632_sqrt_S,modelo_teorico_oficial
2024-06-26,34083435.88,2.8489,0.7122,3.5611,3.1873,99.45,0,0.0,beacon_formula_16632_sqrt_S,modelo_teorico_oficial
2024-06-27,34006797.14,2.8521,0.7185,3.5706,3.1959,99.45,0,0.0,beacon_formula_16632_sqrt_S,modelo_teorico_oficial
2024-06-28,34180615.06,2.8449,0.7242,3.5691,3.1945,99.45,0,0.0,beacon_formula_16632_sqrt_S,modelo_teorico_oficial
2024-06-29,34227992.45,2.8429,0.7291,3.572,3.1972,99.45,0,0.0,beacon_formula_16632_sqrt_S,modelo_teorico_oficial
2024-06-30,34090639.94,2.8486,0.7331,3.5817,3.2058,99.45,0,0.0,beacon_formula_16632_sqrt_S,modelo_teorico_oficial
2024-07-01,33988872.81,2.8529,0.736,3.5888,3.2122,99.45,0,0.0,beacon_formula_16632_sqrt_S,modelo_teorico_oficial
2024-07-02,34169074.47,2.8454,0.7375,3.5829,3.2068,99.45,0,0.0,beacon_formula_16632_sqrt_S,modelo_teorico_oficial
2024-07-03,34322983.9,2.839,0.7376,3.5766,3.2012,99.45,0,0.0,beacon_formula_16632_sqrt_S,modelo_teorico_oficial
2024-07-04,34830056.56,2.8182,0.7362,3.5544,3.1814,99.45,0,0.0,beacon_formula_16632_sqrt_S,modelo_teorico_oficial
2024-07-05,35013911.16,2.8108,0.7332,3.544,3.1721,99.45,0,0.0,beacon_formula_16632_sqrt_S,modelo_teorico_oficial
2024-07-06,34885198.77,2.816,0.7286,3.5446,3.1726,99.45,0,0.0,beacon_formula_16632_sqrt_S,modelo_teorico_oficial
2024-07-07,35197203.31,2.8035,0.7224,3.5259,3.1558,99.45,0,0.0,beacon_formula_16632_sqrt_S,modelo_teorico_oficial
2024-07-08,35133706.91,2.806,0.7145,3.5206,3.1511,99.45,0,0.0,beacon_formula_16632_sqrt_S,modelo_teorico_oficial
2024-07-09,35002319.74,2.8113,0.7052,3.5164,3.1474,99.45,0,0.0,beacon_formula_16632_sqrt_S,modelo_teorico_oficial
2024-07-10,34747706.32,2.8216,0.6943,3.5159,3.1469,99.45,0,0.0,beacon_formula_16632_sqrt_S,modelo_teorico_oficial
2024-07-11,34339750.22,2.8383,0.6822,3.5205,3.151,99.45,0,0.0,beacon_formula_16632_sqrt_S,modelo_teorico_oficial
2024-07-12,34024509.3,2.8514,0.6689,3.5203,3.1509,99.45,0,0.0,beacon_formula_16632_sqrt_S,modelo_teorico_oficial
2024-07-13,34045877.87,2.8505,0.6547,3.5052,3.1373,99.45,0,0.0,beacon_formula_16632_sqrt_S,modelo_teorico_oficial
2024-07-14,33680281.9,2.8659,0.6396,3.5055,3.1376,99.45,0,0.0,beacon_formula_16632_sqrt_S,modelo_teorico_oficial
2024-07-15,33446081.87,2.8759,0.624,3.4999,3.1326,99.45,0,0.0,beacon_formula_16632_sqrt_S,modelo_teorico_oficial
2024-07-16,33490458.02,2.874,0.608,3.482,3.1166,99.45,0,0.0,beacon_formula_16632_sqrt_S,modelo_teorico_oficial
2024-07-17,33639547.34,2.8677,0.5919,3.4596,3.0965,99.45,0,0.0,beacon_formula_16632_sqrt_S,modelo_teorico_oficial
2024-07-18,33638629.65,2.8677,0.5759,3.4436,3.0822,99.45,0,0.0,beacon_formula_16632_sqrt_S,modelo_teorico_oficial
2024-07-19,33566245.42,2.8708,0.5603,3.4311,3.071,99.45,0,0.0,beacon_formula_16632_sqrt_S,modelo_teorico_oficial
2024-07-20,33679215.09,2.866,0.5453,3.4113,3.0533,99.45,0,0.0,beacon_formula_16632_sqrt_S,modelo_teorico_oficial
2024-07-21,33804498.21,2.8607,0.5311,3.3918,3.0358,99.45,0,0.0,beacon_formula_16632_sqrt_S,modelo_teorico_oficial
2024-07-22,34302284.21,2.8398,0.5179,3.3577,3.0053,99.45,0,0.0,beacon_formula_16632_sqrt_S,modelo_teorico_oficial
2024-07-23,34327600.24,2.8388,0.5059,3.3447,2.9937,99.45,0,0.0,beacon_formula_16632_sqrt_S,modelo_teorico_oficial
2024-07-24,34498541.72,2.8317,0.4953,3.327,2.9778,99.45,0,0.0,beacon_formula_16632_sqrt_S,modelo_teorico_oficial
2024-07-25,34809630.98,2.8191,0.4861,3.3052,2.9583,99.45,0,0.0,beacon_formula_16632_sqrt_S,modelo_teorico_oficial
2024-07-26,34804555.28,2.8193,0.4786,3.2979,2.9518,99.45,0,0.0,beacon_formula_16632_sqrt_S,modelo_teorico_oficial
2024-07-27,34883031.9,2.8161,0.4728,3.2889,2.9437,99.45,0,0.0,beacon_formula_16632_sqrt_S,modelo_teorico_oficial
2024-07-28,34950136.24,2.8134,0.4687,3.2821,2.9376,99.45,0,0.0,beacon_formula_16632_sqrt_S,modelo_teorico_oficial
2024-07-29,34752491.35,2.8214,0.4663,3.2877,2.9426,99.45,0,0.0,beacon_formula_16632_sqrt_S,modelo_teorico_oficial
2024-07-30,34919206.41,2.8146,0.4657,3.2803,2.936,99.45,0,0.0,beacon_formula_16632_sqrt_S,modelo_teorico_oficial
2024-07-31,34805931.9,2.8192,0.4667,3.2859,2.941,99.45,0,0.0,beacon_formula_16632_sqrt_S,modelo_teorico_oficial
2024-08-01,34591023.46,2.8279,0.4693,3.2972,2.9512,99.45,0,0.0,beacon_formula_16632_sqrt_S,modelo_teorico_oficial
2024-08-02,35070525.89,2.8085,0.4733,3.2819,2.9374,99.45,0,0.0,beacon_formula_16632_sqrt_S,modelo_teorico_oficial
2024-08-03,35209208.61,2.803,0.4787,3.2817,2.9373,99.45,0,0.0,beacon_formula_16632_sqrt_S,modelo_teorico_oficial
2024-08-04,35611440.19,2.7871,0.4852,3.2724,2.9289,99.45,0,0.0,beacon_formula_16632_sqrt_S,modelo_teorico_oficial
2024-08-05,36334582.11,2.7593,0.4927,3.252,2.9107,99.45,0,0.0,beacon_formula_16632_sqrt_S,modelo_teorico_oficial
2024-08-06,36159199.62,2.7659,0.501,3.2669,2.9241,99.45,0,0.0,beacon_formula_16632_sqrt_S,modelo_teorico_oficial
2024-08-07,36390442.75,2.7571,0.5098,3.2669,2.9241,99.45,0,0.0,beacon_formula_16632_sqrt_S,modelo_teorico_oficial
2024-08-08,35726707.1,2.7826,0.5189,3.3015,2.955,99.45,0,0.0,beacon_formula_16632_sqrt_S,modelo_teorico_oficial
2024-08-09,35355892.7,2.7972,0.5281,3.3253,2.9763,99.45,0,0.0,beacon_formula_16632_sqrt_S,modelo_teorico_oficial
2024-08-10,35142576.11,2.8057,0.5372,3.3428,2.992,99.45,0,0.0,beacon_formula_16632_sqrt_S,modelo_teorico_oficial
2024-08-11,34821461.06,2.8186,0.5458,3.3644,3.0113,99.45,0,0.0,beacon_formula_16632_sqrt_S,modelo_teorico_oficial
2024-08-12,33879036.14,2.8575,0.5539,3.4114,3.0534,99.45,0,0.0,beacon_formula_16632_sqrt_S,modelo_teorico_oficial
2024-08-13,33884831.18,2.8573,0.5613,3.4185,3.0598,99.45,0,0.0,beacon_formula_16632_sqrt_S,modelo_teorico_oficial
2024-08-14,33665418.67,2.8666,0.5676,3.4342,3.0738,99.45,0,0.0,beacon_formula_16632_sqrt_S,modelo_teorico_oficial
2024-08-15,34468332.66,2.833,0.5729,3.4059,3.0484,99.45,0,0.0,beacon_formula_16632_sqrt_S,modelo_teorico_oficial
2024-08-16,34468689.89,2.833,0.5769,3.4099,3.052,99.45,0,0.0,beacon_formula_16632_sqrt_S,modelo_teorico_oficial
2024-08-17,34485324.99,2.8323,0.5796,3.4118,3.0538,99.45,0,0.0,beacon_formula_16632_sqrt_S,modelo_teorico_oficial
2024-08-18,34381802.58,2.8365,0.5808,3.4174,3.0587,99.45,0,0.0,beacon_formula_16632_sqrt_S,modelo_teorico_oficial
2024-08-19,34713299.47,2.823,0.5806,3.4036,3.0464,99.45,0,0.0,beacon_formula_16632_sqrt_S,modelo_teorico_oficial
2024-08-20,34849566.99,2.8174,0.5789,3.3964,3.0399,99.45,0,0.0,beacon_formula_16632_sqrt_S,modelo_teorico_oficial
2024-08-21,34672262.99,2.8246,0.5758,3.4005,3.0436,99.45,0,0.0,beacon_formula_16632_sqrt_S,modelo_teorico_oficial
2024-08-22,34531557.74,2.8304,0.5714,3.4017,3.0447,99.45,0,0.0,beacon_formula_16632_sqrt_S,modelo_teorico_oficial
2024-08-23,34334866.58,2.8385,0.5656,3.4041,3.0468,99.45,0,0.0,beacon_formula_16632_sqrt_S,modelo_teorico_oficial
2024-08-24,34378327.18,2.8367,0.5587,3.3953,3.039,99.45,0,0.0,beacon_formula_16632_sqrt_S,modelo_teorico_oficial
2024-08-25,34381283.1,2.8366,0.5507,3.3873,3.0318,99.45,0,0.0,beacon_formula_16632_sqrt_S,modelo_teorico_oficial
2024-08-26,34519956.98,2.8309,0.5419,3.3727,3.0188,99.45,0,0.0,beacon_formula_16632_sqrt_S,modelo_teorico_oficial
2024-08-27,34886545.95,2.8159,0.5324,3.3484,2.997,99.45,0,0.0,beacon_formula_16632_sqrt_S,modelo_teorico_oficial
2024-08-28,34787390.31,2.82,0.5225,3.3425,2.9917,99.45,0,0.0,beacon_formula_16632_sqrt_S,modelo_teorico_oficial
2024-08-29,34735889.15,2.822,0.5124,3.3344,2.9845,99.45,0,0.0,beacon_formula_16632_sqrt_S,modelo_teorico_oficial
2024-08-30,34971810.52,2.8125,0.5022,3.3147,2.9668,99.45,0,0.0,beacon_formula_16632_sqrt_S,modelo_teorico_oficial
2024-08-31,34956768.33,2.8131,0.4923,3.3054,2.9585,99.45,0,0.0,beacon_formula_16632_sqrt_S,modelo_teorico_oficial
2024-09-01,35136033.49,2.8059,0.4828,3.2887,2.9436,99.45,0,0.0,beacon_formula_16632_sqrt_S,modelo_teorico_oficial
2024-09-02,34736903.12,2.822,0.474,3.296,2.9501,99.45,0,0.0,beacon_formula_16632_sqrt_S,modelo_teorico_oficial
2024-09-03,34533370.53,2.8303,0.4661,3.2964,2.9505,99.45,0,0.0,beacon_formula_16632_sqrt_S,modelo_teorico_oficial
2024-09-04,34722576.14,2.8226,0.4593,3.2819,2.9375,99.45,0,0.0,beacon_formula_16632_sqrt_S,modelo_teorico_oficial
2024-09-05,34940464.44,2.8138,0.4538,3.2676,2.9246,99.45,0,0.0,beacon_formula_16632_sqrt_S,modelo_teorico_oficial
2024-09-06,35279551.28,2.8002,0.4497,3.2499,2.9088,99.45,0,0.0,beacon_formula_16632_sqrt_S,modelo_teorico_oficial
2024-09-07,35135198.65,2.806,0.4471,3.2531,2.9117,99.45,0,0.0,beacon_formula_16632_sqrt_S,modelo_teorico_oficial
2024-09-08,34889694.17,2.8158,0.4462,3.262,2.9197,99.45,0,0.0,beacon_formula_16632_sqrt_S,modelo_teorico_oficial
2024-09-09,35031729.57,2.8101,0.447,3.2571,2.9153,99.45,0,0.0,beacon_formula_16632_sqrt_S,modelo_teorico_oficial
2024-09-10,34721627.14,2.8226,0.4496,3.2722,2.9288,99.45,0,0.0,beacon_formula_16632_sqrt_S,modelo_teorico_oficial
2024-09-11,34786293.7,2.82,0.4539,3.2739,2.9303,99.45,0,0.0,beacon_formula_16632_sqrt_S,modelo_teorico_oficial
2024-09-12,34527709.05,2.8305,0.46,3.2905,2.9452,99.45,0,0.0,beacon_formula_16632_sqrt_S,modelo_teorico_oficial
2024-09-13,33992465.38,2.8527,0.4677,3.3205,2.972,99.45,0,0.0,beacon_formula_16632_sqrt_S,modelo_teorico_oficial
2024-09-14,34159534.78,2.8458,0.477,3.3228,2.9741,99.45,0,0.0,beacon_formula_16632_sqrt_S,modelo_teorico_oficial
2024-09-15,34405598.84,2.8356,0.4878,3.3234,2.9746,99.45,0,0.0,beacon_formula_16632_sqrt_S,modelo_teorico_oficial
2024-09-16,34581128.09,2.8284,0.4999,3.3282,2.9789,99.45,0,0.0,beacon_formula_16632_sqrt_S,modelo_teorico_oficial
2024-09-17,34501406.63,2.8316,0.5131,3.3447,2.9936,99.45,0,0.0,beacon_formula_16632_sqrt_S,modelo_teorico_oficial
2024-09-18,34350205.57,2.8378,0.5272,3.365,3.0119,99.45,0,0.0,beacon_formula_16632_sqrt_S,modelo_teorico_oficial
2024-09-19,34144325.69,2.8464,0.542,3.3884,3.0328,99.45,0,0.0,beacon_formula_16632_sqrt_S,modelo_teorico_oficial
2024-09-20,34121905.15,2.8473,0.5574,3.4047,3.0474,99.45,0,0.0,beacon_formula_16632_sqrt_S,modelo_teorico_oficial
2024-09-21,33919910.29,2.8558,0.5729,3.4287,3.0689,99.45,0,0.0,beacon_formula_16632_sqrt_S,modelo_teorico_oficial
2024-09-22,33671309.88,2.8663,0.5885,3.4549,3.0923,99.45,0,0.0,beacon_formula_16632_sqrt_S,modelo_teorico_oficial
2024-09-23,33349023.89,2.8801,0.6039,3.4841,3.1184,99.45,0,0.0,beacon_formula_16632_sqrt_S,modelo_teorico_oficial
2024-09-24,33452331.64,2.8757,0.6189,3.4946,3.1278,99.45,0,0.0,beacon_formula_16632_sqrt_S,modelo_teorico_oficial
2024-09-25,33658594.86,2.8668,0.6332,3.5,3.1327,99.45,0,0.0,beacon_formula_16632_sqrt_S,modelo_teorico_oficial
2024-09-26,33798441.49,2.8609,0.6466,3.5075,3.1394,99.45,0,0.0,beacon_formula_16632_sqrt_S,modelo_teorico_oficial
2024-09-27,33935991.7,2.8551,0.6589,3.5141,3.1453,99.45,0,0.0,beacon_formula_16632_sqrt_S,modelo_teorico_oficial
2024-09-28,34126820.32,2.8471,0.6701,3.5172,3.1481,99.45,0,0.0,beacon_formula_16632_sqrt_S,modelo_teorico_oficial
2024-09-29,34210653.92,2.8436,0.6799,3.5235,3.1537,99.45,0,0.0,beacon_formula_16632_sqrt_S,modelo_teorico_oficial
2024-09-30,34546129.4,2.8298,0.6882,3.518,3.1488,99.45,0,0.0,beacon_formula_16632_sqrt_S,modelo_teorico_oficial
2024-10-01,34898933.09,2.8154,0.695,3.5104,3.142,99.45,0,0.0,beacon_formula_16632_sqrt_S,modelo_teorico_oficial
2024-10-02,34981113.33,2.8121,0.7002,3.5123,3.1437,99.45,0,0.0,beacon_formula_16632_sqrt_S,modelo_teorico_oficial
2024-10-03,35133389.67,2.806,0.7038,3.5099,3.1415,99.45,0,0.0,beacon_formula_16632_sqrt_S,modelo_teorico_oficial
2024-10-04,35080257.17,2.8082,0.7059,3.514,3.1452,99.45,0,0.0,beacon_formula_16632_sqrt_S,modelo_teorico_oficial
2024-10-05,35060453.82,2.809,0.7064,3.5153,3.1464,99.45,0,0.0,beacon_formula_16632_sqrt_S,modelo_teorico_oficial
2024-10-06,34989252.78,2.8118,0.7055,3.5173,3.1481,99.45,0,0.0,beacon_formula_16632_sqrt_S,modelo_teorico_oficial
2024-10-07,34905178.85,2.8152,0.7032,3.5184,3.1492,99.45,0,0.0,beacon_formula_16632_sqrt_S,modelo_teorico_oficial
2024-10-08,34577262.18,2.8285,0.6998,3.5283,3.158,99.45,0,0.0,beacon_formula_16632_sqrt_S,modelo_teorico_oficial
2024-10-09,34487460.01,2.8322,0.6954,3.5276,3.1573,99.45,0,0.0,beacon_formula_16632_sqrt_S,modelo_teorico_oficial
2024-10-10,34386191.74,2.8364,0.6901,3.5265,3.1564,99.45,0,0.0,beacon_formula_16632_sqrt_S,modelo_teorico_oficial
2024-10-11,34366881.18,2.8372,0.6842,3.5214,3.1518,99.45,0,0.0,beacon_formula_16632_sqrt_S,modelo_teorico_oficial
2024-10-12,34257593.1,2.8417,0.678,3.5196,3.1502,99.45,0,0.0,beacon_formula_16632_sqrt_S,modelo_teorico_oficial
2024-10-13,34296233.41,2.8401,0.6715,3.5116,3.143,99.45,0,0.0,beacon_formula_16632_sqrt_S,modelo_teorico_oficial
2024-10-14,33943713.36,2.8548,0.6651,3.5198,3.1504,99.45,0,0.0,beacon_formula_16632_sqrt_S,modelo_teorico_oficial
2024-10-15,33950934.04,2.8545,0.6589,3.5134,3.1446,99.45,0,0.0,beacon_formula_16632_sqrt_S,modelo_teorico_oficial
2024-10-16,33758713.03,2.8626,0.6532,3.5158,3.1468,99.45,0,0.0,beacon_formula_16632_sqrt_S,modelo_teorico_oficial
2024-10-17,33828266.87,2.8597,0.6483,3.5079,3.1397,99.45,0,0.0,beacon_formula_16632_sqrt_S,modelo_teorico_oficial
2024-10-18,33892392.78,2.8569,0.6442,3.5011,3.1337,99.45,0,0.0,beacon_formula_16632_sqrt_S,modelo_teorico_oficial
2024-10-19,33950533.9,2.8545,0.6412,3.4957,3.1288,99.45,0,0.0,beacon_formula_16632_sqrt_S,modelo_teorico_oficial
2024-10-20,33755596.99,2.8627,0.6394,3.5021,3.1345,99.45,0,0.0,beacon_formula_16632_sqrt_S,modelo_teorico_oficial
2024-10-21,34186637.43,2.8446,0.6389,3.4835,3.1179,99.45,0,0.0,beacon_formula_16632_sqrt_S,modelo_teorico_oficial
2024-10-22,34250217.36,2.842,0.6399,3.4819,3.1164,99.45,0,0.0,beacon_formula_16632_sqrt_S,modelo_teorico_oficial
2024-10-23,34528800.65,2.8305,0.6424,3.4729,3.1084,99.45,0,0.0,beacon_formula_16632_sqrt_S,modelo_teorico_oficial
2024-10-24,34435055.57,2.8343,0.6464,3.4808,3.1155,99.45,0,0.0,beacon_formula_16632_sqrt_S,modelo_teorico_oficial
2024-10-25,34716083.05,2.8228,0.652,3.4748,3.1102,99.45,0,0.0,beacon_formula_16632_sqrt_S,modelo_teorico_oficial
2024-10-26,34733217.27,2.8222,0.6591,3.4812,3.1159,99.45,0,0.0,beacon_formula_16632_sqrt_S,modelo_teorico_oficial
2024-10-27,34869368.59,2.8166,0.6676,3.4843,3.1186,99.45,0,0.0,beacon_formula_16632_sqrt_S,modelo_teorico_oficial
2024-10-28,34638045.24,2.826,0.6775,3.5035,3.1358,99.45,0,0.0,beacon_formula_16632_sqrt_S,modelo_teorico_oficial
2024-10-29,34409975.09,2.8354,0.6886,3.524,3.1542,99.45,0,0.0,beacon_formula_16632_sqrt_S,modelo_teorico_oficial
2024-10-30,34114284.84,2.8476,0.7008,3.5485,3.1761,99.45,0,0.0,beacon_formula_16632_sqrt_S,modelo_teorico_oficial
2024-10-31,34468390.4,2.833,0.7139,3.5469,3.1746,99.45,0,0.0,beacon_formula_16632_sqrt_S,modelo_teorico_oficial
2024-11-01,34266097.36,2.8413,0.7277,3.569,3.1945,99.45,0,0.0,beacon_formula_16632_sqrt_S,modelo_teorico_oficial
2024-11-02,34306706.48,2.8396,0.742,3.5816,3.2058,99.45,0,0.0,beacon_formula_16632_sqrt_S,modelo_teorico_oficial
2024-11-03,34414669.81,2.8352,0.7566,3.5917,3.2148,99.45,0,0.0,beacon_formula_16632_sqrt_S,modelo_teorico_oficial
2024-11-04,34648531.96,2.8256,0.7711,3.5967,3.2193,99.45,0,0.0,beacon_formula_16632_sqrt_S,modelo_teorico_oficial
2024-11-05,34718182.94,2.8228,0.7855,3.6083,3.2296,99.45,0,0.0,beacon_formula_16632_sqrt_S,modelo_teorico_oficial
2024-11-06,34233459.32,2.8427,0.7995,3.6421,3.2599,99.45,0,0.0,beacon_formula_16632_sqrt_S,modelo_teorico_oficial
2024-11-07,33661131.24,2.8667,0.8127,3.6795,3.2933,99.45,0,0.0,beacon_formula_16632_sqrt_S,modelo_teorico_oficial
2024-11-08,33530459.58,2.8723,0.8251,3.6975,3.3094,99.45,0,0.0,beacon_formula_16632_sqrt_S,modelo_teorico_oficial
2024-11-09,33234548.33,2.8851,0.8364,3.7215,3.331,99.45,0,0.0,beacon_formula_16632_sqrt_S,modelo_teorico_oficial
2024-11-10,33088735.82,2.8914,0.8465,3.7379,3.3456,99.45,0,0.0,beacon_formula_16632_sqrt_S,modelo_teorico_oficial
2024-11-11,32712138.03,2.908,0.8551,3.7631,3.3682,99.45,0,0.0,beacon_formula_16632_sqrt_S,modelo_teorico_oficial
2024-11-12,32939482.72,2.898,0.8622,3.7601,3.3655,99.45,0,0.0,beacon_formula_16632_sqrt_S,modelo_teorico_oficial
2024-11-13,33628463.65,2.8681,0.8675,3.7357,3.3436,99.45,0,0.0,beacon_formula_16632_sqrt_S,modelo_teorico_oficial
2024-11-14,34142856.08,2.8464,0.8712,3.7176,3.3275,99.45,0,0.0,beacon_formula_16632_sqrt_S,modelo_teorico_oficial
2024-11-15,34221524.33,2.8432,0.8731,3.7162,3.3262,99.45,0,0.0,beacon_formula_16632_sqrt_S,modelo_teorico_oficial
2024-11-16,34431528.13,2.8345,0.8731,3.7076,3.3185,99.45,0,0.0,beacon_formula_16632_sqrt_S,modelo_teorico_oficial
2024-11-17,34641395.03,2.8259,0.8715,3.6974,3.3093,99.45,0,0.0,beacon_formula_16632_sqrt_S,modelo_teorico_oficial
2024-11-18,34697597.29,2.8236,0.8681,3.6917,3.3042,99.45,0,0.0,beacon_formula_16632_sqrt_S,modelo_teorico_oficial
2024-11-19,34635494.25,2.8261,0.8631,3.6892,3.302,99.45,0,0.0,beacon_formula_16632_sqrt_S,modelo_teorico_oficial
2024-11-20,34562915.61,2.8291,0.8566,3.6857,3.2989,99.45,0,0.0,beacon_formula_16632_sqrt_S,modelo_teorico_oficial
2024-11-21,33918542.62,2.8558,0.8488,3.7046,3.3158,99.45,0,0.0,beacon_formula_16632_sqrt_S,modelo_teorico_oficial
2024-11-22,34032349.29,2.8511,0.8397,3.6908,3.3035,99.45,0,0.0,beacon_formula_16632_sqrt_S,modelo_teorico_oficial
2024-11-23,33989132.41,2.8529,0.8298,3.6826,3.2961,99.45,0,0.0,beacon_formula_16632_sqrt_S,modelo_teorico_oficial
2024-11-24,33943149.6,2.8548,0.819,3.6738,3.2882,99.45,0,0.0,beacon_formula_16632_sqrt_S,modelo_teorico_oficial
2024-11-25,34066196.52,2.8496,0.8077,3.6573,3.2735,99.45,0,0.0,beacon_formula_16632_sqrt_S,modelo_teorico_oficial
2024-11-26,34084614.22,2.8489,0.796,3.6449,3.2624,99.45,0,0.0,beacon_formula_16632_sqrt_S,modelo_teorico_oficial
2024-11-27,33577253.18,2.8703,0.7843,3.6546,3.271,99.45,0,0.0,beacon_formula_16632_sqrt_S,modelo_teorico_oficial
2024-11-28,34127952.24,2.8471,0.7727,3.6197,3.2398,99.45,0,0.0,beacon_formula_16632_sqrt_S,modelo_teorico_oficial
2024-11-29,34076054.75,2.8492,0.7614,3.6107,3.2317,99.45,0,0.0,beacon_formula_16632_sqrt_S,modelo_teorico_oficial
2024-11-30,34039984.45,2.8507,0.7508,3.6015,3.2236,99.45,0,0.0,beacon_formula_16632_sqrt_S,modelo_teorico_oficial
2024-12-01,34013076.6,2.8519,0.7409,3.5928,3.2157,99.45,0,0.0,beacon_formula_16632_sqrt_S,modelo_teorico_oficial
2024-12-02,34230273.47,2.8428,0.732,3.5748,3.1996,99.45,0,0.0,beacon_formula_16632_sqrt_S,modelo_teorico_oficial
2024-12-03,34157971.23,2.8458,0.7242,3.57,3.1954,99.45,0,0.0,beacon_formula_16632_sqrt_S,modelo_teorico_oficial
2024-12-04,34348147.45,2.8379,0.7177,3.5556,3.1824,99.45,0,0.0,beacon_formula_16632_sqrt_S,modelo_teorico_oficial
2024-12-05,34288150.87,2.8404,0.7125,3.5529,3.18,99.45,0,0.0,beacon_formula_16632_sqrt_S,modelo_teorico_oficial
2024-12-06,34072081.21,2.8494,0.7087,3.5581,3.1847,99.45,0,0.0,beacon_formula_16632_sqrt_S,modelo_teorico_oficial
2024-12-07,34212198.18,2.8436,0.7064,3.55,3.1774,99.45,0,0.0,beacon_formula_16632_sqrt_S,modelo_teorico_oficial
2024-12-08,34190250.72,2.8445,0.7056,3.5501,3.1775,99.45,0,0.0,beacon_formula_16632_sqrt_S,modelo_teorico_oficial
2024-12-09,34465552.06,2.8331,0.7063,3.5394,3.1679,99.45,0,0.0,beacon_formula_16632_sqrt_S,modelo_teorico_oficial
2024-12-10,34565014.32,2.829,0.7083,3.5373,3.1661,99.45,0,0.0,beacon_formula_16632_sqrt_S,modelo_teorico_oficial
2024-12-11,34601062.99,2.8275,0.7116,3.5392,3.1677,99.45,0,0.0,beacon_formula_16632_sqrt_S,modelo_teorico_oficial
2024-12-12,34510589.34,2.8312,0.7162,3.5474,3.1751,99.45,0,0.0,beacon_formula_16632_sqrt_S,modelo_teorico_oficial
2024-12-13,34691060.71,2.8239,0.7217,3.5456,3.1735,99.45,0,0.0,beacon_formula_16632_sqrt_S,modelo_teorico_oficial
2024-12-14,34743544.4,2.8217,0.7282,3.5499,3.1774,99.45,0,0.0,beacon_formula_16632_sqrt_S,modelo_teorico_oficial
2024-12-15,34626209.65,2.8265,0.7353,3.5618,3.188,99.45,0,0.0,beacon_formula_16632_sqrt_S,modelo_teorico_oficial
2024-12-16,34104082.91,2.8481,0.7429,3.591,3.2141,99.45,0,0.0,beacon_formula_16632_sqrt_S,modelo_teorico_oficial
2024-12-17,34107511.55,2.8479,0.7508,3.5987,3.221,99.45,0,0.0,beacon_formula_16632_sqrt_S,modelo_teorico_oficial
2024-12-18,34663045.29,2.825,0.7587,3.5837,3.2076,99.45,0,0.0,beacon_formula_16632_sqrt_S,modelo_teorico_oficial
2024-12-19,35028979.6,2.8102,0.7664,3.5766,3.2012,99.45,0,0.0,beacon_formula_16632_sqrt_S,modelo_teorico_oficial
2024-12-20,34985883.62,2.8119,0.7737,3.5856,3.2093,99.45,0,0.0,beacon_formula_16632_sqrt_S,modelo_teorico_oficial
2024-12-21,35109070.78,2.807,0.7803,3.5873,3.2108,99.45,0,0.0,beacon_formula_16632_sqrt_S,modelo_teorico_oficial
2024-12-22,35256228.38,2.8011,0.7861,3.5872,3.2108,99.45,0,0.0,beacon_formula_16632_sqrt_S,modelo_teorico_oficial
2024-12-23,35141616.83,2.8057,0.7909,3.5966,3.2191,99.45,0,0.0,beacon_formula_16632_sqrt_S,modelo_teorico_oficial
2024-12-24,34882913.32,2.8161,0.7944,3.6105,3.2316,99.45,0,0.0,beacon_formula_16632_sqrt_S,modelo_teorico_oficial
2024-12-25,34504607.55,2.8315,0.7965,3.628,3.2473,99.45,0,0.0,beacon_formula_16632_sqrt_S,modelo_teorico_oficial
2024-12-26,34329389.37,2.8387,0.7972,3.6359,3.2543,99.45,0,0.0,beacon_formula_16632_sqrt_S,modelo_teorico_oficial
2024-12-27,34326418.13,2.8388,0.7963,3.6351,3.2536,99.45,0,0.0,beacon_formula_16632_sqrt_S,modelo_teorico_oficial
2024-12-28,33965817.66,2.8539,0.7937,3.6475,3.2647,99.45,0,0.0,beacon_formula_16632_sqrt_S,modelo_teorico_oficial
2024-12-29,33930728.65,2.8553,0.7894,3.6447,3.2622,99.45,0,0.0,beacon_formula_16632_sqrt_S,modelo_teorico_oficial
2024-12-30,34091171.22,2.8486,0.7834,3.632,3.2508,99.45,0,0.0,beacon_formula_16632_sqrt_S,modelo_teorico_oficial
2024-12-31,34192835.77,2.8444,0.7757,3.6201,3.2402,99.45,0,0.0,beacon_formula_16632_sqrt_S,modelo_teorico_oficial
2025-01-01,34131642.92,2.8469,0.7665,3.6134,3.2342,99.45,0,0.0,beacon_formula_16632_sqrt_S,modelo_teorico_oficial
2025-01-02,33762062.26,2.8625,0.7558,3.6182,3.2385,99.45,0,0.0,beacon_formula_16632_sqrt_S,modelo_teorico_oficial
2025-01-03,33551420.01,2.8714,0.7437,3.6151,3.2357,99.45,0,0.0,beacon_formula_16632_sqrt_S,modelo_teorico_oficial
2025-01-04,33592817.75,2.8697,0.7303,3.6,3.2222,99.45,0,0.0,beacon_formula_16632_sqrt_S,modelo_teorico_oficial
2025-01-05,33539483.1,2.8719,0.716,3.5879,3.2113,99.45,0,0.0,beacon_formula_16632_sqrt_S,modelo_teorico_oficial
2025-01-06,33476276.35,2.8746,0.7007,3.5754,3.2002,99.45,0,0.0,beacon_formula_16632_sqrt_S,modelo_teorico_oficial
2025-01-07,33854954.28,2.8585,0.6849,3.5434,3.1715,99.45,0,0.0,beacon_formula_16632_sqrt_S,modelo_teorico_oficial
2025-01-08,33959288.14,2.8541,0.6687,3.5228,3.1531,99.45,0,0.0,beacon_formula_16632_sqrt_S,modelo_teorico_oficial
2025-01-09,34241293.08,2.8424,0.6523,3.4946,3.1278,99.45,0,0.0,beacon_formula_16632_sqrt_S,modelo_teorico_oficial
2025-01-10,34365844.1,2.8372,0.6359,3.4731,3.1086,99.45,0,0.0,beacon_formula_16632_sqrt_S,modelo_teorico_oficial
2025-01-11,34393919.52,2.836,0.6199,3.4559,3.0932,99.45,0,0.0,beacon_formula_16632_sqrt_S,modelo_teorico_oficial
2025-01-12,34380807.87,2.8366,0.6044,3.441,3.0799,99.45,0,0.0,beacon_formula_16632_sqrt_S,modelo_teorico_oficial
2025-01-13,34580105.78,2.8284,0.5897,3.4181,3.0593,99.45,0,0.0,beacon_formula_16632_sqrt_S,modelo_teorico_oficial
2025-01-14,33993523.85,2.8527,0.5759,3.4286,3.0688,99.45,0,0.0,beacon_formula_16632_sqrt_S,modelo_teorico_oficial
2025-01-15,33590276.84,2.8698,0.5633,3.4331,3.0728,99.45,0,0.0,beacon_formula_16632_sqrt_S,modelo_teorico_oficial
2025-01-16,33601031.52,2.8693,0.552,3.4213,3.0622,99.45,0,0.0,beacon_formula_16632_sqrt_S,modelo_teorico_oficial
2025-01-17,33436241.89,2.8764,0.5421,3.4185,3.0597,99.45,0,0.0,beacon_formula_16632_sqrt_S,modelo_teorico_oficial
2025-01-18,33707245.54,2.8648,0.5338,3.3986,3.0419,99.45,0,0.0,beacon_formula_16632_sqrt_S,modelo_teorico_oficial
2025-01-19,33777376.52,2.8618,0.5271,3.3889,3.0333,99.45,0,0.0,beacon_formula_16632_sqrt_S,modelo_teorico_oficial
2025-01-20,33513115.26,2.8731,0.5221,3.3952,3.0388,99.45,0,0.0,beacon_formula_16632_sqrt_S,modelo_teorico_oficial
2025-01-21,33576082.18,2.8704,0.5188,3.3891,3.0335,99.45,0,0.0,beacon_formula_16632_sqrt_S,modelo_teorico_oficial
2025-01-22,33993531.65,2.8527,0.5171,3.3698,3.0161,99.45,0,0.0,beacon_formula_16632_sqrt_S,modelo_teorico_oficial
2025-01-23,33656946.52,2.8669,0.517,3.3839,3.0288,99.45,0,0.0,beacon_formula_16632_sqrt_S,modelo_teorico_oficial
2025-01-24,33910468.15,2.8562,0.5185,3.3746,3.0205,99.45,0,0.0,beacon_formula_16632_sqrt_S,modelo_teorico_oficial
2025-01-25,33613930.04,2.8688,0.5213,3.3901,3.0343,99.45,0,0.0,beacon_formula_16632_sqrt_S,modelo_teorico_oficial
2025-01-26,33630543.16,2.868,0.5254,3.3935,3.0373,99.45,0,0.0,beacon_formula_16632_sqrt_S,modelo_teorico_oficial
2025-01-27,33836980.74,2.8593,0.5306,3.3899,3.0341,99.45,0,0.0,beacon_formula_16632_sqrt_S,modelo_teorico_oficial
2025-01-28,34017770.51,2.8517,0.5367,3.3884,3.0327,99.45,0,0.0,beacon_formula_16632_sqrt_S,modelo_teorico_oficial
2025-01-29,33810747.59,2.8604,0.5435,3.4039,3.0466,99.45,0,0.0,beacon_formula_16632_sqrt_S,modelo_teorico_oficial
2025-01-30,33745335.23,2.8632,0.5507,3.4139,3.0556,99.45,0,0.0,beacon_formula_16632_sqrt_S,modelo_teorico_oficial
2025-01-31,33595533.44,2.8695,0.5582,3.4278,3.068,99.45,0,0.0,beacon_formula_16632_sqrt_S,modelo_teorico_oficial
2025-02-01,33855535.43,2.8585,0.5658,3.4243,3.0649,99.45,0,0.0,beacon_formula_16632_sqrt_S,modelo_teorico_oficial
2025-02-02,34088324.45,2.8487,0.5731,3.4218,3.0627,99.45,0,0.0,beacon_formula_16632_sqrt_S,modelo_teorico_oficial
2025-02-03,33800524.41,2.8608,0.58,3.4409,3.0797,99.45,0,0.0,beacon_formula_16632_sqrt_S,modelo_teorico_oficial
2025-02-04,33846931.3,2.8589,0.5863,3.4452,3.0836,99.45,0,0.0,beacon_formula_16632_sqrt_S,modelo_teorico_oficial
2025-02-05,33783327.19,2.8616,0.5918,3.4533,3.0909,99.45,0,0.0,beacon_formula_16632_sqrt_S,modelo_teorico_oficial
2025-02-06,34105932.04,2.848,0.5962,3.4442,3.0828,99.45,0,0.0,beacon_formula_16632_sqrt_S,modelo_teorico_oficial
2025-02-07,34275459.0,2.8409,0.5995,3.4405,3.0794,99.45,0,0.0,beacon_formula_16632_sqrt_S,modelo_teorico_oficial
2025-02-08,34010849.87,2.852,0.6016,3.4535,3.0911,99.45,0,0.0,beacon_formula_16632_sqrt_S,modelo_teorico_oficial
2025-02-09,33587312.22,2.8699,0.6022,3.4721,3.1077,99.45,0,0.0,beacon_formula_16632_sqrt_S,modelo_teorico_oficial
2025-02-10,33656281.93,2.8669,0.6014,3.4683,3.1043,99.45,0,0.0,beacon_formula_16632_sqrt_S,modelo_teorico_oficial
2025-02-11,33506655.93,2.8733,0.5991,3.4725,3.108,99.45,0,0.0,beacon_formula_16632_sqrt_S,modelo_teorico_oficial
2025-02-12,33332141.11,2.8809,0.5954,3.4762,3.1114,99.45,0,0.0,beacon_formula_16632_sqrt_S,modelo_teorico_oficial
2025-02-13,33218508.95,2.8858,0.5901,3.4759,3.1111,99.45,0,0.0,beacon_formula_16632_sqrt_S,modelo_teorico_oficial
2025-02-14,32991833.19,2.8957,0.5835,3.4792,3.1141,99.45,0,0.0,beacon_formula_16632_sqrt_S,modelo_teorico_oficial
2025-02-15,32974898.4,2.8964,0.5756,3.472,3.1077,99.45,0,0.0,beacon_formula_16632_sqrt_S,modelo_teorico_oficial
2025-02-16,32988013.68,2.8958,0.5666,3.4624,3.099,99.45,0,0.0,beacon_formula_16632_sqrt_S,modelo_teorico_oficial
2025-02-17,32859658.32,2.9015,0.5565,3.458,3.0951,99.45,0,0.0,beacon_formula_16632_sqrt_S,modelo_teorico_oficial
2025-02-18,32848650.69,2.902,0.5455,3.4475,3.0857,99.45,0,0.0,beacon_formula_16632_sqrt_S,modelo_teorico_oficial
2025-02-19,33003960.31,2.8951,0.534,3.4291,3.0692,99.45,0,0.0,beacon_formula_16632_sqrt_S,modelo_teorico_oficial
2025-02-20,32868895.58,2.9011,0.5219,3.423,3.0638,99.45,0,0.0,beacon_formula_16632_sqrt_S,modelo_teorico_oficial
2025-02-21,33106534.8,2.8907,0.5097,3.4004,3.0435,99.45,0,0.0,beacon_formula_16632_sqrt_S,modelo_teorico_oficial
2025-02-22,32897051.74,2.8998,0.4975,3.3973,3.0408,99.45,0,0.0,beacon_formula_16632_sqrt_S,modelo_teorico_oficial
2025-02-23,32757772.43,2.906,0.4855,3.3915,3.0356,99.45,0,0.0,beacon_formula_16632_sqrt_S,modelo_teorico_oficial
2025-02-24,33496965.61,2.8738,0.474,3.3478,2.9964,99.45,0,0.0,beacon_formula_16632_sqrt_S,modelo_teorico_oficial
2025-02-25,33422265.64,2.877,0.4632,3.3402,2.9896,99.45,0,0.0,beacon_formula_16632_sqrt_S,modelo_teorico_oficial
2025-02-26,33808857.25,2.8605,0.4534,3.3138,2.966,99.45,0,0.0,beacon_formula_16632_sqrt_S,modelo_teorico_oficial
2025-02-27,33892251.9,2.8569,0.4446,3.3016,2.9551,99.45,0,0.0,beacon_formula_16632_sqrt_S,modelo_teorico_oficial
2025-02-28,33867115.1,2.858,0.4371,3.2952,2.9493,99.45,0,0.0,beacon_formula_16632_sqrt_S,modelo_teorico_oficial
2025-03-01,34049837.7,2.8503,0.4311,3.2815,2.9371,99.45,0,0.0,beacon_formula_16632_sqrt_S,modelo_teorico_oficial
2025-03-02,33580088.0,2.8702,0.4267,3.2969,2.9509,99.45,0,0.0,beacon_formula_16632_sqrt_S,modelo_teorico_oficial
2025-03-03,33782896.64,2.8616,0.424,3.2855,2.9407,99.45,0,0.0,beacon_formula_16632_sqrt_S,modelo_teorico_oficial
2025-03-04,33731422.29,2.8638,0.423,3.2867,2.9418,99.45,0,0.0,beacon_formula_16632_sqrt_S,modelo_teorico_oficial
2025-03-05,33242321.73,2.8847,0.4238,3.3085,2.9613,99.45,0,0.0,beacon_formula_16632_sqrt_S,modelo_teorico_oficial
2025-03-06,33318383.89,2.8814,0.4264,3.3078,2.9607,99.45,0,0.0,beacon_formula_16632_sqrt_S,modelo_teorico_oficial
2025-03-07,33169195.18,2.8879,0.4307,3.3186,2.9703,99.45,0,0.0,beacon_formula_16632_sqrt_S,modelo_teorico_oficial
2025-03-08,32984677.37,2.896,0.4367,3.3327,2.983,99.45,0,0.0,beacon_formula_16632_sqrt_S,modelo_teorico_oficial
2025-03-09,33947953.56,2.8546,0.4444,3.299,2.9528,99.45,0,0.0,beacon_formula_16632_sqrt_S,modelo_teorico_oficial
2025-03-10,33544580.91,2.8717,0.4535,3.3252,2.9762,99.45,0,0.0,beacon_formula_16632_sqrt_S,modelo_teorico_oficial
2025-03-11,33440153.54,2.8762,0.464,3.3402,2.9896,99.45,0,0.0,beacon_formula_16632_sqrt_S,modelo_teorico_oficial
2025-03-12,33615155.77,2.8687,0.4756,3.3443,2.9933,99.45,0,0.0,beacon_formula_16632_sqrt_S,modelo_teorico_oficial
2025-03-13,33582699.54,2.8701,0.4881,3.3582,3.0058,99.45,0,0.0,beacon_formula_16632_sqrt_S,modelo_teorico_oficial
2025-03-14,33468190.01,2.875,0.5015,3.3764,3.0221,99.45,0,0.0,beacon_formula_16632_sqrt_S,modelo_teorico_oficial
2025-03-15,33555614.38,2.8712,0.5153,3.3865,3.0311,99.45,0,0.0,beacon_formula_16632_sqrt_S,modelo_teorico_oficial
2025-03-16,33243891.61,2.8847,0.5294,3.4141,3.0558,99.45,0,0.0,beacon_formula_16632_sqrt_S,modelo_teorico_oficial
2025-03-17,32730919.2,2.9072,0.5436,3.4508,3.0886,99.45,0,0.0,beacon_formula_16632_sqrt_S,modelo_teorico_oficial
2025-03-18,32801775.88,2.9041,0.5576,3.4616,3.0983,99.45,0,0.0,beacon_formula_16632_sqrt_S,modelo_teorico_oficial
2025-03-19,32480123.31,2.9184,0.5712,3.4896,3.1233,99.45,0,0.0,beacon_formula_16632_sqrt_S,modelo_teorico_oficial
2025-03-20,32537640.27,2.9158,0.5841,3.4999,3.1326,99.45,0,0.0,beacon_formula_16632_sqrt_S,modelo_teorico_oficial
2025-03-21,32699763.2,2.9086,0.5963,3.5048,3.137,99.45,0,0.0,beacon_formula_16632_sqrt_S,modelo_teorico_oficial
2025-03-22,32715189.46,2.9079,0.6074,3.5153,3.1463,99.45,0,0.0,beacon_formula_16632_sqrt_S,modelo_teorico_oficial
2025-03-23,32529894.26,2.9162,0.6173,3.5335,3.1626,99.45,0,0.0,beacon_formula_16632_sqrt_S,modelo_teorico_oficial
2025-03-24,32460768.81,2.9193,0.626,3.5452,3.1732,99.45,0,0.0,beacon_formula_16632_sqrt_S,modelo_teorico_oficial
2025-03-25,32549608.88,2.9153,0.6332,3.5485,3.1761,99.45,0,0.0,beacon_formula_16632_sqrt_S,modelo_teorico_oficial
2025-03-26,32976325.39,2.8964,0.639,3.5353,3.1643,99.45,0,0.0,beacon_formula_16632_sqrt_S,modelo_teorico_oficial
2025-03-27,32873191.57,2.9009,0.6432,3.5441,3.1722,99.45,0,0.0,beacon_formula_16632_sqrt_S,modelo_teorico_oficial
2025-03-28,33082895.04,2.8917,0.6459,3.5376,3.1664,99.45,0,0.0,beacon_formula_16632_sqrt_S,modelo_teorico_oficial
2025-03-29,33336497.08,2.8807,0.6471,3.5278,3.1576,99.45,0,0.0,beacon_formula_16632_sqrt_S,modelo_teorico_oficial
2025-03-30,33463136.18,2.8752,0.6469,3.5221,3.1525,99.45,0,0.0,beacon_formula_16632_sqrt_S,modelo_teorico_oficial
2025-03-31,33575557.12,2.8704,0.6453,3.5157,3.1467,99.45,0,0.0,beacon_formula_16632_sqrt_S,modelo_teorico_oficial
2025-04-01,33335671.36,2.8807,0.6424,3.5231,3.1534,99.45,0,0.0,beacon_formula_16632_sqrt_S,modelo_teorico_oficial
2025-04-02,33496779.7,2.8738,0.6385,3.5122,3.1436,99.45,0,0.0,beacon_formula_16632_sqrt_S,modelo_teorico_oficial
2025-04-03,33387571.25,2.8785,0.6336,3.5121,3.1435,99.45,0,0.0,beacon_formula_16632_sqrt_S,modelo_teorico_oficial
2025-04-04,33143836.69,2.889,0.628,3.517,3.1479,99.45,0,0.0,beacon_formula_16632_sqrt_S,modelo_teorico_oficial
2025-04-05,32971155.1,2.8966,0.6218,3.5184,3.1491,99.45,0,0.0,beacon_formula_16632_sqrt_S,modelo_teorico_oficial
2025-04-06,33614282.23,2.8687,0.6153,3.484,3.1184,99.45,0,0.0,beacon_formula_16632_sqrt_S,modelo_teorico_oficial
2025-04-07,33724348.64,2.8641,0.6087,3.4728,3.1083,99.45,0,0.0,beacon_formula_16632_sqrt_S,modelo_teorico_oficial
2025-04-08,34209670.44,2.8437,0.6022,3.4459,3.0843,99.45,0,0.0,beacon_formula_16632_sqrt_S,modelo_teorico_oficial
2025-04-09,33369372.53,2.8792,0.5961,3.4754,3.1106,99.45,0,0.0,beacon_formula_16632_sqrt_S,modelo_teorico_oficial
2025-04-10,33800076.95,2.8608,0.5906,3.4514,3.0892,99.45,0,0.0,beacon_formula_16632_sqrt_S,modelo_teorico_oficial
2025-04-11,33704103.51,2.8649,0.5858,3.4507,3.0886,99.45,0,0.0,beacon_formula_16632_sqrt_S,modelo_teorico_oficial
2025-04-12,33453591.7,2.8756,0.582,3.4577,3.0948,99.45,0,0.0,beacon_formula_16632_sqrt_S,modelo_teorico_oficial
2025-04-13,32872350.48,2.9009,0.5794,3.4803,3.1151,99.45,0,0.0,beacon_formula_16632_sqrt_S,modelo_teorico_oficial
2025-04-14,32682592.22,2.9093,0.5781,3.4874,3.1214,99.45,0,0.0,beacon_formula_16632_sqrt_S,modelo_teorico_oficial
2025-04-15,32462007.21,2.9192,0.5781,3.4974,3.1303,99.45,0,0.0,beacon_formula_16632_sqrt_S,modelo_teorico_oficial
2025-04-16,33035327.64,2.8938,0.5797,3.4735,3.109,99.45,0,0.0,beacon_formula_16632_sqrt_S,modelo_teorico_oficial
2025-04-17,32607664.87,2.9127,0.5829,3.4956,3.1287,99.45,0,0.0,beacon_formula_16632_sqrt_S,modelo_teorico_oficial
2025-04-18,32639046.55,2.9113,0.5877,3.499,3.1318,99.45,0,0.0,beacon_formula_16632_sqrt_S,modelo_teorico_oficial
2025-04-19,32751340.78,2.9063,0.5941,3.5004,3.133,99.45,0,0.0,beacon_formula_16632_sqrt_S,modelo_teorico_oficial
2025-04-20,32661435.18,2.9103,0.602,3.5123,3.1437,99.45,0,0.0,beacon_formula_16632_sqrt_S,modelo_teorico_oficial
2025-04-21,32815924.34,2.9034,0.6115,3.5149,3.146,99.45,0,0.0,beacon_formula_16632_sqrt_S,modelo_teorico_oficial
2025-04-22,32213358.13,2.9305,0.6224,3.5528,3.18,99.45,0,0.0,beacon_formula_16632_sqrt_S,modelo_teorico_oficial
2025-04-23,32040653.6,2.9383,0.6345,3.5729,3.1979,99.45,0,0.0,beacon_formula_16632_sqrt_S,modelo_teorico_oficial
2025-04-24,32097989.6,2.9357,0.6478,3.5835,3.2074,99.45,0,0.0,beacon_formula_16632_sqrt_S,modelo_teorico_oficial
2025-04-25,32055010.92,2.9377,0.662,3.5997,3.2219,99.45,0,0.0,beacon_formula_16632_sqrt_S,modelo_teorico_oficial
2025-04-26,32015889.94,2.9395,0.677,3.6165,3.2369,99.45,0,0.0,beacon_formula_16632_sqrt_S,modelo_teorico_oficial
2025-04-27,32055801.3,2.9376,0.6925,3.6302,3.2492,99.45,0,0.0,beacon_formula_16632_sqrt_S,modelo_teorico_oficial
2025-04-28,31958539.82,2.9421,0.7083,3.6504,3.2673,99.45,0,0.0,beacon_formula_16632_sqrt_S,modelo_teorico_oficial
2025-04-29,32432779.13,2.9205,0.7242,3.6447,3.2622,99.45,0,0.0,beacon_formula_16632_sqrt_S,modelo_teorico_oficial
2025-04-30,32538419.89,2.9158,0.7399,3.6557,3.272,99.45,0,0.0,beacon_formula_16632_sqrt_S,modelo_teorico_oficial
2025-05-01,32344330.94,2.9245,0.7552,3.6797,3.2936,99.45,0,0.0,beacon_formula_16632_sqrt_S,modelo_teorico_oficial
2025-05-02,32350521.0,2.9242,0.7699,3.6941,3.3064,99.45,0,0.0,beacon_formula_16632_sqrt_S,modelo_teorico_oficial
2025-05-03,32427476.14,2.9208,0.7837,3.7045,3.3157,99.45,0,0.0,beacon_formula_16632_sqrt_S,modelo_teorico_oficial
2025-05-04,32343034.71,2.9246,0.7965,3.7211,3.3306,99.45,0,0.0,beacon_formula_16632_sqrt_S,modelo_teorico_oficial
2025-05-05,32289112.59,2.927,0.8081,3.7351,3.3431,99.45,0,0.0,beacon_formula_16632_sqrt_S,modelo_teorico_oficial
2025-05-06,32261923.95,2.9282,0.8182,3.7465,3.3533,99.45,0,0.0,beacon_formula_16632_sqrt_S,modelo_teorico_oficial
2025-05-07,32279311.89,2.9275,0.8268,3.7543,3.3603,99.45,0,0.0,beacon_formula_16632_sqrt_S,modelo_teorico_oficial
2025-05-08,31560579.02,2.9606,0.8338,3.7944,3.3962,99.45,0,0.0,beacon_formula_16632_sqrt_S,modelo_teorico_oficial
2025-05-09,31261875.75,2.9747,0.8391,3.8138,3.4136,99.45,0,0.0,beacon_formula_16632_sqrt_S,modelo_teorico_oficial
2025-05-10,30840144.29,2.995,0.8426,3.8376,3.4349,99.45,0,0.0,beacon_formula_16632_sqrt_S,modelo_teorico_oficial
2025-05-11,30804591.19,2.9967,0.8444,3.8411,3.438,99.45,0,0.0,beacon_formula_16632_sqrt_S,modelo_teorico_oficial
2025-05-12,30886032.6,2.9928,0.8445,3.8372,3.4345,99.45,0,0.0,beacon_formula_16632_sqrt_S,modelo_teorico_oficial
2025-05-13,30507519.06,3.0113,0.8429,3.8541,3.4497,99.45,0,0.0,beacon_formula_16632_sqrt_S,modelo_teorico_oficial
2025-05-14,30560632.82,3.0086,0.8397,3.8483,3.4445,99.45,0,0.0,beacon_formula_16632_sqrt_S,modelo_teorico_oficial
2025-05-15,31464901.43,2.9651,0.835,3.8002,3.4013,99.45,0,0.0,beacon_formula_16632_sqrt_S,modelo_teorico_oficial
2025-05-16,31746283.49,2.9519,0.8291,3.781,3.3842,99.45,0,0.0,beacon_formula_16632_sqrt_S,modelo_teorico_oficial
2025-05-17,32258928.68,2.9284,0.822,3.7504,3.3568,99.45,0,0.0,beacon_formula_16632_sqrt_S,modelo_teorico_oficial
2025-05-18,32155390.84,2.9331,0.8139,3.747,3.3538,99.45,0,0.0,beacon_formula_16632_sqrt_S,modelo_teorico_oficial
2025-05-19,31928124.69,2.9435,0.8052,3.7487,3.3552,99.45,0,0.0,beacon_formula_16632_sqrt_S,modelo_teorico_oficial
2025-05-20,32256297.26,2.9285,0.7958,3.7243,3.3335,99.45,0,0.0,beacon_formula_16632_sqrt_S,modelo_teorico_oficial
2025-05-21,32018399.47,2.9394,0.7862,3.7256,3.3346,99.45,0,0.0,beacon_formula_16632_sqrt_S,modelo_teorico_oficial
2025-05-22,31670843.3,2.9554,0.7766,3.732,3.3403,99.45,0,0.0,beacon_formula_16632_sqrt_S,modelo_teorico_oficial
2025-05-23,31841937.43,2.9475,0.767,3.7145,3.3247,99.45,0,0.0,beacon_formula_16632_sqrt_S,modelo_teorico_oficial
2025-05-24,31641504.84,2.9568,0.7579,3.7147,3.3249,99.45,0,0.0,beacon_formula_16632_sqrt_S,modelo_teorico_oficial
2025-05-25,31564879.54,2.9604,0.7494,3.7098,3.3205,99.45,0,0.0,beacon_formula_16632_sqrt_S,modelo_teorico_oficial
2025-05-26,31631678.55,2.9573,0.7417,3.6989,3.3107,99.45,0,0.0,beacon_formula_16632_sqrt_S,modelo_teorico_oficial
2025-05-27,31410789.76,2.9677,0.7349,3.7026,3.314,99.45,0,0.0,beacon_formula_16632_sqrt_S,modelo_teorico_oficial
2025-05-28,31392293.22,2.9685,0.7293,3.6978,3.3097,99.45,0,0.0,beacon_formula_16632_sqrt_S,modelo_teorico_oficial
2025-05-29,31665830.26,2.9557,0.7249,3.6806,3.2943,99.45,0,0.0,beacon_formula_16632_sqrt_S,modelo_teorico_oficial
2025-05-30,31531285.66,2.962,0.7219,3.6839,3.2972,99.45,0,0.0,beacon_formula_16632_sqrt_S,modelo_teorico_oficial
2025-05-31,31507553.56,2.9631,0.7203,3.6834,3.2968,99.45,0,0.0,beacon_formula_16632_sqrt_S,modelo_teorico_oficial
2025-06-01,31514027.56,2.9628,0.7201,3.6829,3.2964,99.45,0,0.0,beacon_formula_16632_sqrt_S,modelo_teorico_oficial
2025-06-02,31402607.58,2.968,0.7214,3.6895,3.3023,99.45,0,0.0,beacon_formula_16632_sqrt_S,modelo_teorico_oficial
2025-06-03,31600217.93,2.9587,0.7242,3.6829,3.2964,99.45,0,0.0,beacon_formula_16632_sqrt_S,modelo_teorico_oficial
2025-06-04,31615228.75,2.958,0.7283,3.6863,3.2994,99.45,0,0.0,beacon_formula_16632_sqrt_S,modelo_teorico_oficial
2025-06-05,31845677.41,2.9473,0.7337,3.681,3.2947,99.45,0,0.0,beacon_formula_16632_sqrt_S,modelo_teorico_oficial
2025-06-06,31611440.81,2.9582,0.7402,3.6984,3.3103,99.45,0,0.0,beacon_formula_16632_sqrt_S,modelo_teorico_oficial
2025-06-07,31534747.45,2.9618,0.7478,3.7096,3.3203,99.45,0,0.0,beacon_formula_16632_sqrt_S,modelo_teorico_oficial
2025-06-08,31587330.26,2.9594,0.7561,3.7155,3.3255,99.45,0,0.0,beacon_formula_16632_sqrt_S,modelo_teorico_oficial
2025-06-09,31417353.84,2.9673,0.7652,3.7325,3.3408,99.45,0,0.0,beacon_formula_16632_sqrt_S,modelo_teorico_oficial
2025-06-10,31187031.06,2.9783,0.7746,3.7529,3.359,99.45,0,0.0,beacon_formula_16632_sqrt_S,modelo_teorico_oficial
2025-06-11,31318376.08,2.972,0.7843,3.7563,3.3621,99.45,0,0.0,beacon_formula_16632_sqrt_S,modelo_teorico_oficial
2025-06-12,31213296.37,2.977,0.7939,3.7709,3.3752,99.45,0,0.0,beacon_formula_16632_sqrt_S,modelo_teorico_oficial
2025-06-13,31329885.2,2.9715,0.8033,3.7748,3.3786,99.45,0,0.0,beacon_formula_16632_sqrt_S,modelo_teorico_oficial
2025-06-14,31522271.58,2.9624,0.8122,3.7746,3.3785,99.45,0,0.0,beacon_formula_16632_sqrt_S,modelo_teorico_oficial
2025-06-15,31534616.97,2.9618,0.8204,3.7823,3.3853,99.45,0,0.0,beacon_formula_16632_sqrt_S,modelo_teorico_oficial
2025-06-16,31899432.03,2.9448,0.8277,3.7726,3.3766,99.45,0,0.0,beacon_formula_16632_sqrt_S,modelo_teorico_oficial
2025-06-17,32212103.24,2.9305,0.8339,3.7644,3.3694,99.45,0,0.0,beacon_formula_16632_sqrt_S,modelo_teorico_oficial
2025-06-18,32164080.07,2.9327,0.8389,3.7716,3.3757,99.45,0,0.0,beacon_formula_16632_sqrt_S,modelo_teorico_oficial
2025-06-19,31982296.26,2.941,0.8424,3.7834,3.3863,99.45,0,0.0,beacon_formula_16632_sqrt_S,modelo_teorico_oficial
2025-06-20,32283280.81,2.9273,0.8443,3.7716,3.3757,99.45,0,0.0,beacon_formula_16632_sqrt_S,modelo_teorico_oficial
2025-06-21,32461546.37,2.9192,0.8446,3.7638,3.3688,99.45,0,0.0,beacon_formula_16632_sqrt_S,modelo_teorico_oficial
2025-06-22,32553727.03,2.9151,0.8431,3.7582,3.3638,99.45,0,0.0,beacon_formula_16632_sqrt_S,modelo_teorico_oficial
2025-06-23,32244063.74,2.9291,0.84,3.769,3.3735,99.45,0,0.0,beacon_formula_16632_sqrt_S,modelo_teorico_oficial
2025-06-24,32173678.88,2.9323,0.835,3.7673,3.3719,99.45,0,0.0,beacon_formula_16632_sqrt_S,modelo_teorico_oficial
2025-06-25,32255831.15,2.9285,0.8284,3.7569,3.3626,99.45,0,0.0,beacon_formula_16632_sqrt_S,modelo_teorico_oficial
2025-06-26,32281544.0,2.9274,0.8201,3.7474,3.3542,99.45,0,0.0,beacon_formula_16632_sqrt_S,modelo_teorico_oficial
2025-06-27,32029731.62,2.9388,0.8102,3.7491,3.3556,99.45,0,0.0,beacon_formula_16632_sqrt_S,modelo_teorico_oficial
2025-06-28,31772964.67,2.9507,0.799,3.7497,3.3561,99.45,0,0.0,beacon_formula_16632_sqrt_S,modelo_teorico_oficial
2025-06-29,31599998.12,2.9588,0.7864,3.7452,3.3521,99.45,0,0.0,beacon_formula_16632_sqrt_S,modelo_teorico_oficial
2025-06-30,31927220.19,2.9436,0.7728,3.7164,3.3263,99.45,0,0.0,beacon_formula_16632_sqrt_S,modelo_teorico_oficial
2025-07-01,32109277.6,2.9352,0.7583,3.6935,3.3058,99.45,0,0.0,beacon_formula_16632_sqrt_S,modelo_teorico_oficial
2025-07-02,31743625.4,2.9521,0.7431,3.6951,3.3073,99.45,0,0.0,beacon_formula_16632_sqrt_S,modelo_teorico_oficial
2025-07-03,31685312.6,2.9548,0.7274,3.6822,3.2957,99.45,0,0.0,beacon_formula_16632_sqrt_S,modelo_teorico_oficial
2025-07-04,31843473.13,2.9474,0.7116,3.659,3.275,99.45,0,0.0,beacon_formula_16632_sqrt_S,modelo_teorico_oficial
2025-07-05,31873905.27,2.946,0.6957,3.6417,3.2595,99.45,0,0.0,beacon_formula_16632_sqrt_S,modelo_teorico_oficial
2025-07-06,31889926.78,2.9453,0.6801,3.6254,3.2449,99.45,0,0.0,beacon_formula_16632_sqrt_S,modelo_teorico_oficial
2025-07-07,31913234.09,2.9442,0.665,3.6092,3.2304,99.45,0,0.0,beacon_formula_16632_sqrt_S,modelo_teorico_oficial
2025-07-08,31625441.82,2.9576,0.6506,3.6082,3.2295,99.45,0,0.0,beacon_formula_16632_sqrt_S,modelo_teorico_oficial
2025-07-09,31667516.79,2.9556,0.6371,3.5927,3.2157,99.45,0,0.0,beacon_formula_16632_sqrt_S,modelo_teorico_oficial
2025-07-10,31418355.42,2.9673,0.6248,3.592,3.2151,99.45,0,0.0,beacon_formula_16632_sqrt_S,modelo_teorico_oficial
2025-07-11,31243795.01,2.9756,0.6136,3.5892,3.2125,99.45,0,0.0,beacon_formula_16632_sqrt_S,modelo_teorico_oficial
2025-07-12,31279981.87,2.9739,0.6038,3.5777,3.2022,99.45,0,0.0,beacon_formula_16632_sqrt_S,modelo_teorico_oficial
2025-07-13,31347797.39,2.9706,0.5956,3.5662,3.1919,99.45,0,0.0,beacon_formula_16632_sqrt_S,modelo_teorico_oficial
2025-07-14,31237300.38,2.9759,0.5889,3.5647,3.1906,99.45,0,0.0,beacon_formula_16632_sqrt_S,modelo_teorico_oficial
2025-07-15,31192564.92,2.978,0.5838,3.5618,3.188,99.45,0,0.0,beacon_formula_16632_sqrt_S,modelo_teorico_oficial
2025-07-16,31129182.29,2.981,0.5803,3.5613,3.1875,99.45,0,0.0,beacon_formula_16632_sqrt_S,modelo_teorico_oficial
2025-07-17,31290242.23,2.9734,0.5783,3.5517,3.179,99.45,0,0.0,beacon_formula_16632_sqrt_S,modelo_teorico_oficial
2025-07-18,31232888.53,2.9761,0.578,3.5541,3.1811,99.45,0,0.0,beacon_formula_16632_sqrt_S,modelo_teorico_oficial
2025-07-19,31147035.57,2.9802,0.579,3.5592,3.1857,99.45,0,0.0,beacon_formula_16632_sqrt_S,modelo_teorico_oficial
2025-07-20,30966163.94,2.9889,0.5814,3.5703,3.1956,99.45,0,0.0,beacon_formula_16632_sqrt_S,modelo_teorico_oficial
2025-07-21,30996944.11,2.9874,0.585,3.5724,3.1975,99.45,0,0.0,beacon_formula_16632_sqrt_S,modelo_teorico_oficial
2025-07-22,31193379.17,2.978,0.5896,3.5675,3.1931,99.45,0,0.0,beacon_formula_16632_sqrt_S,modelo_teorico_oficial
2025-07-23,31636633.48,2.957,0.5949,3.552,3.1792,99.45,0,0.0,beacon_formula_16632_sqrt_S,modelo_teorico_oficial
2025-07-24,31657317.47,2.9561,0.601,3.557,3.1837,99.45,0,0.0,beacon_formula_16632_sqrt_S,modelo_teorico_oficial
2025-07-25,31591796.59,2.9591,0.6074,3.5665,3.1922,99.45,0,0.0,beacon_formula_16632_sqrt_S,modelo_teorico_oficial
2025-07-26,31578253.06,2.9598,0.614,3.5737,3.1987,99.45,0,0.0,beacon_formula_16632_sqrt_S,modelo_teorico_oficial
2025-07-27,31607164.29,2.9584,0.6205,3.5789,3.2033,99.45,0,0.0,beacon_formula_16632_sqrt_S,modelo_teorico_oficial
2025-07-28,31679296.6,2.9551,0.6267,3.5818,3.2059,99.45,0,0.0,beacon_formula_16632_sqrt_S,modelo_teorico_oficial
2025-07-29,31602333.21,2.9586,0.6325,3.5911,3.2143,99.45,0,0.0,beacon_formula_16632_sqrt_S,modelo_teorico_oficial
2025-07-30,31375983.68,2.9693,0.6376,3.6069,3.2283,99.45,0,0.0,beacon_formula_16632_sqrt_S,modelo_teorico_oficial
2025-07-31,31534823.9,2.9618,0.6417,3.6035,3.2253,99.45,0,0.0,beacon_formula_16632_sqrt_S,modelo_teorico_oficial
2025-08-01,31876594.01,2.9459,0.6448,3.5907,3.2139,99.45,0,0.0,beacon_formula_16632_sqrt_S,modelo_teorico_oficial
2025-08-02,32001417.57,2.9401,0.6467,3.5868,3.2104,99.45,0,0.0,beacon_formula_16632_sqrt_S,modelo_teorico_oficial
2025-08-03,31981321.96,2.9411,0.6472,3.5883,3.2117,99.45,0,0.0,beacon_formula_16632_sqrt_S,modelo_teorico_oficial
2025-08-04,31592331.0,2.9591,0.6463,3.6054,3.227,99.45,0,0.0,beacon_formula_16632_sqrt_S,modelo_teorico_oficial
2025-08-05,31632442.53,2.9572,0.6439,3.6011,3.2232,99.45,0,0.0,beacon_formula_16632_sqrt_S,modelo_teorico_oficial
2025-08-06,31507128.86,2.9631,0.64,3.6031,3.2249,99.45,0,0.0,beacon_formula_16632_sqrt_S,modelo_teorico_oficial
2025-08-07,31065774.66,2.9841,0.6345,3.6186,3.2388,99.45,0,0.0,beacon_formula_16632_sqrt_S,modelo_teorico_oficial
2025-08-08,30648037.98,3.0044,0.6276,3.6319,3.2508,99.45,0,0.0,beacon_formula_16632_sqrt_S,modelo_teorico_oficial
2025-08-09,30216148.27,3.0258,0.6192,3.6449,3.2624,99.45,0,0.0,beacon_formula_16632_sqrt_S,modelo_teorico_oficial
2025-08-10,30349575.21,3.0191,0.6095,3.6286,3.2478,99.45,0,0.0,beacon_formula_16632_sqrt_S,modelo_teorico_oficial
2025-08-11,30610668.56,3.0062,0.5986,3.6048,3.2265,99.45,0,0.0,beacon_formula_16632_sqrt_S,modelo_teorico_oficial
2025-08-12,30152001.03,3.029,0.5867,3.6156,3.2362,99.45,0,0.0,beacon_formula_16632_sqrt_S,modelo_teorico_oficial
2025-08-13,30110350.38,3.0311,0.5739,3.6049,3.2266,99.45,0,0.0,beacon_formula_16632_sqrt_S,modelo_teorico_oficial
2025-08-14,30550431.12,3.0092,0.5604,3.5695,3.1949,99.45,0,0.0,beacon_formula_16632_sqrt_S,modelo_teorico_oficial
2025-08-15,30773988.9,2.9982,0.5464,3.5447,3.1726,99.45,0,0.0,beacon_formula_16632_sqrt_S,modelo_teorico_oficial
2025-08-16,31057413.14,2.9845,0.5323,3.5168,3.1477,99.45,0,0.0,beacon_formula_16632_sqrt_S,modelo_teorico_oficial
2025-08-17,30934655.89,2.9904,0.5181,3.5085,3.1403,99.45,0,0.0,beacon_formula_16632_sqrt_S,modelo_teorico_oficial
2025-08-18,31019776.18,2.9863,0.5042,3.4905,3.1242,99.45,0,0.0,beacon_formula_16632_sqrt_S,modelo_teorico_oficial
2025-08-19,31612913.06,2.9582,0.4908,3.4489,3.087,99.45,0,0.0,beacon_formula_16632_sqrt_S,modelo_teorico_oficial
2025-08-20,31498759.18,2.9635,0.4781,3.4416,3.0804,99.45,0,0.0,beacon_formula_16632_sqrt_S,modelo_teorico_oficial
2025-08-21,31420607.12,2.9672,0.4662,3.4334,3.0731,99.45,0,0.0,beacon_formula_16632_sqrt_S,modelo_teorico_oficial
2025-08-22,30742785.52,2.9997,0.4555,3.4553,3.0926,99.45,0,0.0,beacon_formula_16632_sqrt_S,modelo_teorico_oficial
2025-08-23,30727104.28,3.0005,0.4461,3.4466,3.0849,99.45,0,0.0,beacon_formula_16632_sqrt_S,modelo_teorico_oficial
2025-08-24,30761674.41,2.9988,0.4382,3.437,3.0763,99.45,0,0.0,beacon_formula_16632_sqrt_S,modelo_teorico_oficial
2025-08-25,30907582.24,2.9917,0.4318,3.4235,3.0642,99.45,0,0.0,beacon_formula_16632_sqrt_S,modelo_teorico_oficial
2025-08-26,30393118.38,3.0169,0.4271,3.444,3.0826,99.45,0,0.0,beacon_formula_16632_sqrt_S,modelo_teorico_oficial
2025-08-27,30674902.48,3.003,0.4242,3.4272,3.0675,99.45,0,0.0,beacon_formula_16632_sqrt_S,modelo_teorico_oficial
2025-08-28,30519140.65,3.0107,0.423,3.4337,3.0733,99.45,0,0.0,beacon_formula_16632_sqrt_S,modelo_teorico_oficial
2025-08-29,31166305.13,2.9793,0.4236,3.4029,3.0458,99.45,0,0.0,beacon_formula_16632_sqrt_S,modelo_teorico_oficial
2025-08-30,31067759.13,2.984,0.426,3.41,3.0521,99.45,0,0.0,beacon_formula_16632_sqrt_S,modelo_teorico_oficial
2025-08-31,31048233.93,2.9849,0.4301,3.415,3.0566,99.45,0,0.0,beacon_formula_16632_sqrt_S,modelo_teorico_oficial
2025-09-01,30803813.0,2.9968,0.4358,3.4326,3.0723,99.45,0,0.0,beacon_formula_16632_sqrt_S,modelo_teorico_oficial
2025-09-02,30963826.67,2.989,0.443,3.432,3.0718,99.45,0,0.0,beacon_formula_16632_sqrt_S,modelo_teorico_oficial
2025-09-03,30708778.53,3.0014,0.4515,3.4529,3.0905,99.45,0,0.0,beacon_formula_16632_sqrt_S,modelo_teorico_oficial
2025-09-04,30845534.11,2.9947,0.4611,3.4559,3.0932,99.45,0,0.0,beacon_formula_16632_sqrt_S,modelo_teorico_oficial
2025-09-05,30660504.75,3.0037,0.4718,3.4755,3.1107,99.45,0,0.0,beacon_formula_16632_sqrt_S,modelo_teorico_oficial
2025-09-06,30702069.81,3.0017,0.4831,3.4848,3.1191,99.45,0,0.0,beacon_formula_16632_sqrt_S,modelo_teorico_oficial
2025-09-07,30633748.09,3.0051,0.495,3.5001,3.1327,99.45,0,0.0,beacon_formula_16632_sqrt_S,modelo_teorico_oficial
2025-09-08,30528159.08,3.0102,0.5072,3.5175,3.1483,99.45,0,0.0,beacon_formula_16632_sqrt_S,modelo_teorico_oficial
2025-09-09,30526995.95,3.0103,0.5195,3.5298,3.1593,99.45,0,0.0,beacon_formula_16632_sqrt_S,modelo_teorico_oficial
2025-09-10,30621146.11,3.0057,0.5315,3.5372,3.166,99.45,0,0.0,beacon_formula_16632_sqrt_S,modelo_teorico_oficial
2025-09-11,30309443.75,3.0211,0.5432,3.5643,3.1902,99.45,0,0.0,beacon_formula_16632_sqrt_S,modelo_teorico_oficial
2025-09-12,30056143.25,3.0338,0.5543,3.5881,3.2115,99.45,0,0.0,beacon_formula_16632_sqrt_S,modelo_teorico_oficial
2025-09-13,30004873.11,3.0364,0.5646,3.601,3.2231,99.45,0,0.0,beacon_formula_16632_sqrt_S,modelo_teorico_oficial
2025-09-14,30057516.01,3.0337,0.5739,3.6076,3.229,99.45,0,0.0,beacon_formula_16632_sqrt_S,modelo_teorico_oficial
2025-09-15,30096842.83,3.0317,0.582,3.6138,3.2345,99.45,0,0.0,beacon_formula_16632_sqrt_S,modelo_teorico_oficial
2025-09-16,30092961.24,3.0319,0.5889,3.6208,3.2408,99.45,0,0.0,beacon_formula_16632_sqrt_S,modelo_teorico_oficial
2025-09-17,30014306.1,3.0359,0.5944,3.6303,3.2493,99.45,0,0.0,beacon_formula_16632_sqrt_S,modelo_teorico_oficial
2025-09-18,30125989.68,3.0303,0.5985,3.6287,3.2479,99.45,0,0.0,beacon_formula_16632_sqrt_S,modelo_teorico_oficial
2025-09-19,30455245.76,3.0139,0.6011,3.6149,3.2355,99.45,0,0.0,beacon_formula_16632_sqrt_S,modelo_teorico_oficial
2025-09-20,30393137.84,3.0169,0.6022,3.6191,3.2393,99.45,0,0.0,beacon_formula_16632_sqrt_S,modelo_teorico_oficial
2025-09-21,30339479.89,3.0196,0.6018,3.6214,3.2413,99.45,0,0.0,beacon_formula_16632_sqrt_S,modelo_teorico_oficial
2025-09-22,30396871.24,3.0167,0.6001,3.6168,3.2372,99.45,0,0.0,beacon_formula_16632_sqrt_S,modelo_teorico_oficial
2025-09-23,30386023.54,3.0173,0.597,3.6143,3.235,99.45,0,0.0,beacon_formula_16632_sqrt_S,modelo_teorico_oficial
2025-09-24,30450226.7,3.0141,0.5928,3.6069,3.2283,99.45,0,0.0,beacon_formula_16632_sqrt_S,modelo_teorico_oficial
2025-09-25,30720780.78,3.0008,0.5875,3.5883,3.2117,99.45,0,0.0,beacon_formula_16632_sqrt_S,modelo_teorico_oficial
2025-09-26,30427838.33,3.0152,0.5814,3.5966,3.2191,99.45,0,0.0,beacon_formula_16632_sqrt_S,modelo_teorico_oficial
2025-09-27,30503920.83,3.0114,0.5746,3.586,3.2097,99.45,0,0.0,beacon_formula_16632_sqrt_S,modelo_teorico_oficial
2025-09-28,30354110.52,3.0189,0.5673,3.5862,3.2098,99.45,0,0.0,beacon_formula_16632_sqrt_S,modelo_teorico_oficial
2025-09-29,30107998.34,3.0312,0.5598,3.591,3.2141,99.45,0,0.0,beacon_formula_16632_sqrt_S,modelo_teorico_oficial
2025-09-30,30138282.8,3.0297,0.5522,3.5819,3.206,99.45,0,0.0,beacon_formula_16632_sqrt_S,modelo_teorico_oficial
2025-10-01,29920149.18,3.0407,0.5449,3.5856,3.2093,99.45,0,0.0,beacon_formula_16632_sqrt_S,modelo_teorico_oficial
2025-10-02,29459831.18,3.0643,0.538,3.6024,3.2243,99.45,0,0.0,beacon_formula_16632_sqrt_S,modelo_teorico_oficial
2025-10-03,29568482.57,3.0587,0.5318,3.5905,3.2137,99.45,0,0.0,beacon_formula_16632_sqrt_S,modelo_teorico_oficial
2025-10-04,29486084.5,3.063,0.5264,3.5894,3.2127,99.45,0,0.0,beacon_formula_16632_sqrt_S,modelo_teorico_oficial
2025-10-05,29565265.4,3.0589,0.522,3.5809,3.2051,99.45,0,0.0,beacon_formula_16632_sqrt_S,modelo_teorico_oficial
2025-10-06,29475899.67,3.0635,0.5189,3.5824,3.2065,99.45,0,0.0,beacon_formula_16632_sqrt_S,modelo_teorico_oficial
2025-10-07,29618911.36,3.0561,0.5172,3.5733,3.1983,99.45,0,0.0,beacon_formula_16632_sqrt_S,modelo_teorico_oficial
2025-10-08,29750006.4,3.0494,0.517,3.5663,3.192,99.45,0,0.0,beacon_formula_16632_sqrt_S,modelo_teorico_oficial
2025-10-09,30034922.25,3.0349,0.5183,3.5532,3.1803,99.45,0,0.0,beacon_formula_16632_sqrt_S,modelo_teorico_oficial
2025-10-10,30636855.84,3.0049,0.5213,3.5262,3.1561,99.45,0,0.0,beacon_formula_16632_sqrt_S,modelo_teorico_oficial
2025-10-11,30748448.45,2.9994,0.526,3.5254,3.1554,99.45,0,0.0,beacon_formula_16632_sqrt_S,modelo_teorico_oficial
2025-10-12,30333726.05,3.0199,0.5323,3.5522,3.1794,99.45,0,0.0,beacon_formula_16632_sqrt_S,modelo_teorico_oficial
2025-10-13,30386943.29,3.0172,0.5403,3.5575,3.1842,99.45,0,0.0,beacon_formula_16632_sqrt_S,modelo_teorico_oficial
2025-10-14,30272186.77,3.0229,0.5499,3.5728,3.1978,99.45,0,0.0,beacon_formula_16632_sqrt_S,modelo_teorico_oficial
2025-10-15,30431162.91,3.015,0.5609,3.5759,3.2006,99.45,0,0.0,beacon_formula_16632_sqrt_S,modelo_teorico_oficial
2025-10-16,30359955.19,3.0186,0.5732,3.5918,3.2149,99.45,0,0.0,beacon_formula_16632_sqrt_S,modelo_teorico_oficial
2025-10-17,29870727.0,3.0432,0.5868,3.63,3.249,99.45,0,0.0,beacon_formula_16632_sqrt_S,modelo_teorico_oficial
2025-10-18,29676388.62,3.0531,0.6013,3.6545,3.2709,99.45,0,0.0,beacon_formula_16632_sqrt_S,modelo_teorico_oficial
2025-10-19,29995760.27,3.0368,0.6167,3.6535,3.2701,99.45,0,0.0,beacon_formula_16632_sqrt_S,modelo_teorico_oficial
2025-10-20,30081957.23,3.0325,0.6326,3.6651,3.2805,99.45,0,0.0,beacon_formula_16632_sqrt_S,modelo_teorico_oficial
2025-10-21,30064116.49,3.0334,0.6489,3.6823,3.2959,99.45,0,0.0,beacon_formula_16632_sqrt_S,modelo_teorico_oficial
2025-10-22,30019973.32,3.0356,0.6653,3.701,3.3125,99.45,0,0.0,beacon_formula_16632_sqrt_S,modelo_teorico_oficial
2025-10-23,29873930.91,3.043,0.6816,3.7247,3.3338,99.45,0,0.0,beacon_formula_16632_sqrt_S,modelo_teorico_oficial
2025-10-24,29687345.11,3.0526,0.6976,3.7501,3.3566,99.45,0,0.0,beacon_formula_16632_sqrt_S,modelo_teorico_oficial
2025-10-25,29772271.75,3.0482,0.7129,3.7612,3.3664,99.45,0,0.0,beacon_formula_16632_sqrt_S,modelo_teorico_oficial
2025-10-26,29709735.08,3.0514,0.7275,3.7789,3.3823,99.45,0,0.0,beacon_formula_16632_sqrt_S,modelo_teorico_oficial
2025-10-27,29806717.44,3.0465,0.741,3.7875,3.39,99.45,0,0.0,beacon_formula_16632_sqrt_S,modelo_teorico_oficial
2025-10-28,29894817.52,3.042,0.7534,3.7954,3.3971,99.45,0,0.0,beacon_formula_16632_sqrt_S,modelo_teorico_oficial
2025-10-29,29970312.08,3.0381,0.7644,3.8026,3.4035,99.45,0,0.0,beacon_formula_16632_sqrt_S,modelo_teorico_oficial
2025-10-30,30192359.71,3.0269,0.774,3.8009,3.402,99.45,0,0.0,beacon_formula_16632_sqrt_S,modelo_teorico_oficial
2025-10-31,30273885.67,3.0229,0.782,3.8048,3.4055,99.45,0,0.0,beacon_formula_16632_sqrt_S,modelo_teorico_oficial
2025-11-01,30271293.51,3.023,0.7883,3.8113,3.4113,99.45,0,0.0,beacon_formula_16632_sqrt_S,modelo_teorico_oficial
2025-11-02,30434103.68,3.0149,0.7929,3.8078,3.4082,99.45,0,0.0,beacon_formula_16632_sqrt_S,modelo_teorico_oficial
2025-11-03,30681908.66,3.0027,0.7959,3.7986,3.3999,99.45,0,0.0,beacon_formula_16632_sqrt_S,modelo_teorico_oficial
2025-11-04,30932616.41,2.9905,0.7971,3.7876,3.3901,99.45,0,0.0,beacon_formula_16632_sqrt_S,modelo_teorico_oficial
2025-11-05,30672167.3,3.0032,0.7968,3.8,3.4012,99.45,0,0.0,beacon_formula_16632_sqrt_S,modelo_teorico_oficial
2025-11-06,30709474.56,3.0013,0.7949,3.7963,3.3979,99.45,0,0.0,beacon_formula_16632_sqrt_S,modelo_teorico_oficial
2025-11-07,30651245.97,3.0042,0.7917,3.7959,3.3975,99.45,0,0.0,beacon_formula_16632_sqrt_S,modelo_teorico_oficial
2025-11-08,30733514.67,3.0002,0.7872,3.7873,3.3899,99.45,0,0.0,beacon_formula_16632_sqrt_S,modelo_teorico_oficial
2025-11-09,30583351.61,3.0075,0.7816,3.7891,3.3914,99.45,0,0.0,beacon_formula_16632_sqrt_S,modelo_teorico_oficial
2025-11-10,30380088.97,3.0176,0.7751,3.7927,3.3946,99.45,0,0.0,beacon_formula_16632_sqrt_S,modelo_teorico_oficial
2025-11-11,30186513.18,3.0272,0.7679,3.7951,3.3968,99.45,0,0.0,beacon_formula_16632_sqrt_S,modelo_teorico_oficial
2025-11-12,30381120.26,3.0175,0.7603,3.7778,3.3813,99.45,0,0.0,beacon_formula_16632_sqrt_S,modelo_teorico_oficial
2025-11-13,30479928.38,3.0126,0.7524,3.765,3.3699,99.45,0,0.0,beacon_formula_16632_sqrt_S,modelo_teorico_oficial
2025-11-14,30739240.85,2.9999,0.7445,3.7444,3.3514,99.45,0,0.0,beacon_formula_16632_sqrt_S,modelo_teorico_oficial
2025-11-15,30663529.05,3.0036,0.7368,3.7404,3.3479,99.45,0,0.0,beacon_formula_16632_sqrt_S,modelo_teorico_oficial
2025-11-16,30998027.93,2.9873,0.7296,3.7169,3.3268,99.45,0,0.0,beacon_formula_16632_sqrt_S,modelo_teorico_oficial
2025-11-17,31057258.12,2.9845,0.723,3.7075,3.3184,99.45,0,0.0,beacon_formula_16632_sqrt_S,modelo_teorico_oficial
2025-11-18,30744172.87,2.9997,0.7172,3.7169,3.3268,99.45,0,0.0,beacon_formula_16632_sqrt_S,modelo_teorico_oficial
2025-11-19,30824368.08,2.9958,0.7125,3.7082,3.319,99.45,0,0.0,beacon_formula_16632_sqrt_S,modelo_teorico_oficial
2025-11-20,30878080.44,2.9931,0.7089,3.702,3.3135,99.45,0,0.0,beacon_formula_16632_sqrt_S,modelo_teorico_oficial
2025-11-21,30891664.25,2.9925,0.7066,3.6991,3.3108,99.45,0,0.0,beacon_formula_16632_sqrt_S,modelo_teorico_oficial
2025-11-22,30924874.12,2.9909,0.7056,3.6965,3.3086,99.45,0,0.0,beacon_formula_16632_sqrt_S,modelo_teorico_oficial
2025-11-23,30789517.87,2.9974,0.7062,3.7036,3.3149,99.45,0,0.0,beacon_formula_16632_sqrt_S,modelo_teorico_oficial
2025-11-24,30437777.61,3.0147,0.7081,3.7229,3.3321,99.45,0,0.0,beacon_formula_16632_sqrt_S,modelo_teorico_oficial
2025-11-25,30542375.4,3.0095,0.7116,3.7212,3.3306,99.45,0,0.0,beacon_formula_16632_sqrt_S,modelo_teorico_oficial
2025-11-26,30352616.72,3.0189,0.7165,3.7355,3.3434,99.45,0,0.0,beacon_formula_16632_sqrt_S,modelo_teorico_oficial
2025-11-27,30061142.41,3.0335,0.7228,3.7563,3.3621,99.45,0,0.0,beacon_formula_16632_sqrt_S,modelo_teorico_oficial
2025-11-28,29900558.05,3.0417,0.7303,3.772,3.3761,99.45,0,0.0,beacon_formula_16632_sqrt_S,modelo_teorico_oficial
2025-11-29,29965228.61,3.0384,0.739,3.7774,3.381,99.45,0,0.0,beacon_formula_16632_sqrt_S,modelo_teorico_oficial
2025-11-30,29997110.4,3.0368,0.7487,3.7855,3.3882,99.45,0,0.0,beacon_formula_16632_sqrt_S,modelo_teorico_oficial
2025-12-01,30503335.61,3.0115,0.7592,3.7707,3.375,99.45,0,0.0,beacon_formula_16632_sqrt_S,modelo_teorico_oficial
2025-12-02,30246494.68,3.0242,0.7704,3.7946,3.3963,99.45,0,0.0,beacon_formula_16632_sqrt_S,modelo_teorico_oficial
2025-12-03,30099936.68,3.0316,0.7819,3.8135,3.4133,99.45,0,0.0,beacon_formula_16632_sqrt_S,modelo_teorico_oficial
2025-12-04,30193614.27,3.0269,0.7936,3.8205,3.4195,99.45,0,0.0,beacon_formula_16632_sqrt_S,modelo_teorico_oficial
2025-12-05,30378880.9,3.0176,0.8053,3.8229,3.4217,99.45,0,0.0,beacon_formula_16632_sqrt_S,modelo_teorico_oficial
2025-12-06,30299045.07,3.0216,0.8167,3.8383,3.4355,99.45,0,0.0,beacon_formula_16632_sqrt_S,modelo_teorico_oficial
2025-12-07,30275883.07,3.0228,0.8276,3.8504,3.4463,99.45,0,0.0,beacon_formula_16632_sqrt_S,modelo_teorico_oficial
2025-12-08,29911560.68,3.0411,0.8378,3.8789,3.4718,99.45,0,0.0,beacon_formula_16632_sqrt_S,modelo_teorico_oficial
2025-12-09,29990665.27,3.0371,0.847,3.8841,3.4765,99.45,0,0.0,beacon_formula_16632_sqrt_S,modelo_teorico_oficial
2025-12-10,30290946.06,3.022,0.8551,3.8771,3.4702,99.45,0,0.0,beacon_formula_16632_sqrt_S,modelo_teorico_oficial
2025-12-11,30364540.58,3.0183,0.8619,3.8802,3.473,99.45,0,0.0,beacon_formula_16632_sqrt_S,modelo_teorico_oficial
2025-12-12,30482377.64,3.0125,0.8672,3.8797,3.4725,99.45,0,0.0,beacon_formula_16632_sqrt_S,modelo_teorico_oficial
2025-12-13,30517589.77,3.0108,0.8709,3.8817,3.4743,99.45,0,0.0,beacon_formula_16632_sqrt_S,modelo_teorico_oficial
2025-12-14,30680510.17,3.0028,0.8729,3.8757,3.469,99.45,0,0.0,beacon_formula_16632_sqrt_S,modelo_teorico_oficial
2025-12-15,30989138.43,2.9878,0.8732,3.861,3.4558,99.45,0,0.0,beacon_formula_16632_sqrt_S,modelo_teorico_oficial
2025-12-16,31269885.84,2.9743,0.8717,3.846,3.4424,99.45,0,0.0,beacon_formula_16632_sqrt_S,modelo_teorico_oficial
2025-12-17,31482028.49,2.9643,0.8684,3.8327,3.4305,99.45,0,0.0,beacon_formula_16632_sqrt_S,modelo_teorico_oficial
2025-12-18,31393630.6,2.9685,0.8634,3.8319,3.4297,99.45,0,0.0,beacon_formula_16632_sqrt_S,modelo_teorico_oficial
2025-12-19,30964532.52,2.989,0.8567,3.8456,3.442,99.45,0,0.0,beacon_formula_16632_sqrt_S,modelo_teorico_oficial
2025-12-20,31013041.3,2.9866,0.8484,3.835,3.4325,99.45,0,0.0,beacon_formula_16632_sqrt_S,modelo_teorico_oficial
2025-12-21,30894051.63,2.9924,0.8386,3.831,3.4289,99.45,0,0.0,beacon_formula_16632_sqrt_S,modelo_teorico_oficial
2025-12-22,30759156.11,2.9989,0.8275,3.8265,3.4249,99.45,0,0.0,beacon_formula_16632_sqrt_S,modelo_teorico_oficial
2025-12-23,30823878.49,2.9958,0.8153,3.8111,3.4111,99.45,0,0.0,beacon_formula_16632_sqrt_S,modelo_teorico_oficial
2025-12-24,30658379.69,3.0038,0.8022,3.8061,3.4066,99.45,0,0.0,beacon_formula_16632_sqrt_S,modelo_teorico_oficial
2025-12-25,30715572.23,3.0011,0.7884,3.7895,3.3918,99.45,0,0.0,beacon_formula_16632_sqrt_S,modelo_teorico_oficial
2025-12-26,30932548.48,2.9905,0.7741,3.7646,3.3695,99.45,0,0.0,beacon_formula_16632_sqrt_S,modelo_teorico_oficial
2025-12-27,30913440.33,2.9914,0.7595,3.751,3.3573,99.45,0,0.0,beacon_formula_16632_sqrt_S,modelo_teorico_oficial
2025-12-28,30955209.92,2.9894,0.745,3.7344,3.3424,99.45,0,0.0,beacon_formula_16632_sqrt_S,modelo_teorico_oficial
2025-12-29,30961966.08,2.9891,0.7306,3.7197,3.3293,99.45,0,0.0,beacon_formula_16632_sqrt_S,modelo_teorico_oficial
2025-12-30,30847847.44,2.9946,0.7167,3.7113,3.3218,99.45,0,0.0,beacon_formula_16632_sqrt_S,modelo_teorico_oficial
2025-12-31,30830539.94,2.9955,0.7034,3.6989,3.3107,99.45,0,0.0,beacon_formula_16632_sqrt_S,modelo_teorico_oficial
2026-01-01,30742503.81,2.9997,0.691,3.6908,3.3034,99.45,0,0.0,beacon_formula_16632_sqrt_S,modelo_teorico_oficial
2026-01-02,30593173.22,3.007,0.6797,3.6867,3.2998,99.45,0,0.0,beacon_formula_16632_sqrt_S,modelo_teorico_oficial
2026-01-03,30655062.85,3.004,0.6695,3.6735,3.288,99.45,0,0.0,beacon_formula_16632_sqrt_S,modelo_teorico_oficial
2026-01-04,30692485.72,3.0022,0.6607,3.6629,3.2785,99.45,0,0.0,beacon_formula_16632_sqrt_S,modelo_teorico_oficial
2026-01-05,30592800.93,3.0071,0.6533,3.6604,3.2762,99.45,0,0.0,beacon_formula_16632_sqrt_S,modelo_teorico_oficial
2026-01-06,30561229.92,3.0086,0.6474,3.656,3.2723,99.45,0,0.0,beacon_formula_16632_sqrt_S,modelo_teorico_oficial
2026-01-07,30735111.74,3.0001,0.6431,3.6432,3.2608,99.45,0,0.0,beacon_formula_16632_sqrt_S,modelo_teorico_oficial
2026-01-08,30891699.29,2.9925,0.6403,3.6328,3.2515,99.45,0,0.0,beacon_formula_16632_sqrt_S,modelo_teorico_oficial
2026-01-09,31142102.27,2.9804,0.639,3.6194,3.2396,99.45,0,0.0,beacon_formula_16632_sqrt_S,modelo_teorico_oficial
2026-01-10,31175812.48,2.9788,0.6392,3.618,3.2383,99.45,0,0.0,beacon_formula_16632_sqrt_S,modelo_teorico_oficial
2026-01-11,31155980.58,2.9798,0.6407,3.6205,3.2405,99.45,0,0.0,beacon_formula_16632_sqrt_S,modelo_teorico_oficial
2026-01-12,31332312.69,2.9714,0.6435,3.6148,3.2355,99.45,0,0.0,beacon_formula_16632_sqrt_S,modelo_teorico_oficial
2026-01-13,31174779.41,2.9789,0.6473,3.6262,3.2456,99.45,0,0.0,beacon_formula_16632_sqrt_S,modelo_teorico_oficial
2026-01-14,31032702.67,2.9857,0.6522,3.6378,3.256,99.45,0,0.0,beacon_formula_16632_sqrt_S,modelo_teorico_oficial
2026-01-15,31004098.52,2.9871,0.6577,3.6448,3.2622,99.45,0,0.0,beacon_formula_16632_sqrt_S,modelo_teorico_oficial
2026-01-16,31013194.07,2.9866,0.6638,3.6504,3.2673,99.45,0,0.0,beacon_formula_16632_sqrt_S,modelo_teorico_oficial
2026-01-17,31006141.21,2.987,0.6702,3.6571,3.2733,99.45,0,0.0,beacon_formula_16632_sqrt_S,modelo_teorico_oficial
2026-01-18,31126177.29,2.9812,0.6766,3.6578,3.2739,99.45,0,0.0,beacon_formula_16632_sqrt_S,modelo_teorico_oficial
2026-01-19,31175935.06,2.9788,0.683,3.6618,3.2775,99.45,0,0.0,beacon_formula_16632_sqrt_S,modelo_teorico_oficial
2026-01-20,31975402.17,2.9413,0.689,3.6303,3.2493,99.45,0,0.0,beacon_formula_16632_sqrt_S,modelo_teorico_oficial
2026-01-21,32066467.97,2.9372,0.6944,3.6315,3.2504,99.45,0,0.0,beacon_formula_16632_sqrt_S,modelo_teorico_oficial
2026-01-22,32239123.75,2.9293,0.699,3.6283,3.2475,99.45,0,0.0,beacon_formula_16632_sqrt_S,modelo_teorico_oficial
2026-01-23,32400840.88,2.922,0.7026,3.6246,3.2442,99.45,0,0.0,beacon_formula_16632_sqrt_S,modelo_teorico_oficial
2026-01-24,32635300.64,2.9114,0.7051,3.6166,3.237,99.45,0,0.0,beacon_formula_16632_sqrt_S,modelo_teorico_oficial
2026-01-25,33019605.9,2.8945,0.7063,3.6008,3.2229,99.45,0,0.0,beacon_formula_16632_sqrt_S,modelo_teorico_oficial
2026-01-26,33025286.21,2.8942,0.7061,3.6003,3.2224,99.45,0,0.0,beacon_formula_16632_sqrt_S,modelo_teorico_oficial
2026-01-27,32621147.23,2.9121,0.7044,3.6164,3.2369,99.45,0,0.0,beacon_formula_16632_sqrt_S,modelo_teorico_oficial
2026-01-28,32850411.51,2.9019,0.7011,3.603,3.2248,99.45,0,0.0,beacon_formula_16632_sqrt_S,modelo_teorico_oficial
2026-01-29,33248901.65,2.8845,0.6962,3.5807,3.2049,99.45,0,0.0,beacon_formula_16632_sqrt_S,modelo_teorico_oficial
2026-01-30,33597212.52,2.8695,0.6897,3.5592,3.1857,99.45,0,0.0,beacon_formula_16632_sqrt_S,modelo_teorico_oficial
2026-01-31,34218495.21,2.8433,0.6817,3.525,3.155,99.45,0,0.0,beacon_formula_16632_sqrt_S,modelo_teorico_oficial
2026-02-01,34541101.84,2.83,0.6722,3.5022,3.1346,99.45,0,0.0,beacon_formula_16632_sqrt_S,modelo_teorico_oficial
2026-02-02,34706838.54,2.8232,0.6613,3.4845,3.1188,99.45,0,0.0,beacon_formula_16632_sqrt_S,modelo_teorico_oficial
2026-02-03,35192225.43,2.8037,0.6492,3.4529,3.0905,99.45,0,0.0,beacon_formula_16632_sqrt_S,modelo_teorico_oficial
2026-02-04,35444164.35,2.7937,0.636,3.4297,3.0697,99.45,0,0.0,beacon_formula_16632_sqrt_S,modelo_teorico_oficial
2026-02-05,36029821.41,2.7709,0.6219,3.3928,3.0367,99.45,0,0.0,beacon_formula_16632_sqrt_S,modelo_teorico_oficial
2026-02-06,35147467.1,2.8055,0.607,3.4125,3.0544,99.45,0,0.0,beacon_formula_16632_sqrt_S,modelo_teorico_oficial
2026-02-07,34562572.34,2.8291,0.5917,3.4208,3.0618,99.45,0,0.0,beacon_formula_16632_sqrt_S,modelo_teorico_oficial
2026-02-08,34113465.08,2.8477,0.5761,3.4238,3.0645,99.45,0,0.0,beacon_formula_16632_sqrt_S,modelo_teorico_oficial
2026-02-09,34131925.81,2.8469,0.5605,3.4074,3.0498,99.45,0,0.0,beacon_formula_16632_sqrt_S,modelo_teorico_oficial
2026-02-10,34079007.93,2.8491,0.5451,3.3942,3.038,99.45,0,0.0,beacon_formula_16632_sqrt_S,modelo_teorico_oficial
2026-02-11,34077161.07,2.8492,0.5301,3.3793,3.0247,99.45,0,0.0,beacon_formula_16632_sqrt_S,modelo_teorico_oficial
2026-02-12,33211110.85,2.8861,0.5159,3.402,3.0449,99.45,0,0.0,beacon_formula_16632_sqrt_S,modelo_teorico_oficial
2026-02-13,33626020.85,2.8682,0.5025,3.3707,3.0169,99.45,0,0.0,beacon_formula_16632_sqrt_S,modelo_teorico_oficial
2026-02-14,33594765.9,2.8696,0.4902,3.3597,3.0071,99.45,0,0.0,beacon_formula_16632_sqrt_S,modelo_teorico_oficial
2026-02-15,33870990.67,2.8578,0.4791,3.337,2.9867,99.45,0,0.0,beacon_formula_16632_sqrt_S,modelo_teorico_oficial
2026-02-16,33813986.81,2.8603,0.4695,3.3297,2.9803,99.45,0,0.0,beacon_formula_16632_sqrt_S,modelo_teorico_oficial
2026-02-17,33588406.63,2.8698,0.4614,3.3313,2.9816,99.45,0,0.0,beacon_formula_16632_sqrt_S,modelo_teorico_oficial
2026-02-18,33427917.84,2.8767,0.455,3.3317,2.9821,99.45,0,0.0,beacon_formula_16632_sqrt_S,modelo_teorico_oficial
2026-02-19,33398307.45,2.878,0.4503,3.3283,2.979,99.45,0,0.0,beacon_formula_16632_sqrt_S,modelo_teorico_oficial
2026-02-20,33550146.32,2.8715,0.4474,3.3189,2.9706,99.45,0,0.0,beacon_formula_16632_sqrt_S,modelo_teorico_oficial
2026-02-21,33581130.36,2.8702,0.4462,3.3164,2.9683,99.45,0,0.0,beacon_formula_16632_sqrt_S,modelo_teorico_oficial
2026-02-22,33297524.36,2.8824,0.4468,3.3291,2.9797,99.45,0,0.0,beacon_formula_16632_sqrt_S,modelo_teorico_oficial
2026-02-23,33601793.99,2.8693,0.449,3.3183,2.97,99.45,0,0.0,beacon_formula_16632_sqrt_S,modelo_teorico_oficial
2026-02-24,33593021.98,2.8696,0.4528,3.3225,2.9738,99.45,0,0.0,beacon_formula_16632_sqrt_S,modelo_teorico_oficial
2026-02-25,33008878.97,2.8949,0.4581,3.353,3.0011,99.45,0,0.0,beacon_formula_16632_sqrt_S,modelo_teorico_oficial
2026-02-26,33039185.28,2.8936,0.4646,3.3582,3.0058,99.45,0,0.0,beacon_formula_16632_sqrt_S,modelo_teorico_oficial
2026-02-27,33299698.23,2.8823,0.4723,3.3546,3.0025,99.45,0,0.0,beacon_formula_16632_sqrt_S,modelo_teorico_oficial
2026-02-28,33201952.75,2.8865,0.481,3.3675,3.014,99.45,0,0.0,beacon_formula_16632_sqrt_S,modelo_teorico_oficial
2026-03-01,33186342.98,2.8872,0.4903,3.3775,3.023,99.45,0,0.0,beacon_formula_16632_sqrt_S,modelo_teorico_oficial
2026-03-02,32714956.37,2.9079,0.5002,3.4081,3.0504,99.45,0,0.0,beacon_formula_16632_sqrt_S,modelo_teorico_oficial
2026-03-03,32789444.43,2.9046,0.5103,3.4149,3.0565,99.45,0,0.0,beacon_formula_16632_sqrt_S,modelo_teorico_oficial
2026-03-04,32884447.71,2.9004,0.5205,3.4209,3.0618,99.45,0,0.0,beacon_formula_16632_sqrt_S,modelo_teorico_oficial
2026-03-05,32869183.36,2.9011,0.5304,3.4315,3.0714,99.45,0,0.0,beacon_formula_16632_sqrt_S,modelo_teorico_oficial
2026-03-06,32768050.03,2.9055,0.54,3.4456,3.0839,99.45,0,0.0,beacon_formula_16632_sqrt_S,modelo_teorico_oficial
2026-03-07,32783910.5,2.9048,0.549,3.4538,3.0913,99.45,0,0.0,beacon_formula_16632_sqrt_S,modelo_teorico_oficial
2026-03-08,32721969.28,2.9076,0.5571,3.4647,3.1011,99.45,0,0.0,beacon_formula_16632_sqrt_S,modelo_teorico_oficial
2026-03-09,32719128.55,2.9077,0.5643,3.472,3.1076,99.45,0,0.0,beacon_formula_16632_sqrt_S,modelo_teorico_oficial
2026-03-10,32431764.85,2.9206,0.5703,3.4909,3.1245,99.45,0,0.0,beacon_formula_16632_sqrt_S,modelo_teorico_oficial
2026-03-11,32673498.16,2.9097,0.575,3.4848,3.1191,99.45,0,0.0,beacon_formula_16632_sqrt_S,modelo_teorico_oficial
2026-03-12,32472219.56,2.9187,0.5784,3.4972,3.1302,99.45,0,0.0,beacon_formula_16632_sqrt_S,modelo_teorico_oficial
2026-03-13,32245497.67,2.929,0.5804,3.5094,3.1411,99.45,0,0.0,beacon_formula_16632_sqrt_S,modelo_teorico_oficial
2026-03-14,32196986.59,2.9312,0.5809,3.5121,3.1435,99.45,0,0.0,beacon_formula_16632_sqrt_S,modelo_teorico_oficial
2026-03-15,31910845.45,2.9443,0.5799,3.5243,3.1544,99.45,0,0.0,beacon_formula_16632_sqrt_S,modelo_teorico_oficial
2026-03-16,31641486.38,2.9568,0.5776,3.5344,3.1634,99.45,0,0.0,beacon_formula_16632_sqrt_S,modelo_teorico_oficial
2026-03-17,31780368.44,2.9503,0.5738,3.5242,3.1543,99.45,0,0.0,beacon_formula_16632_sqrt_S,modelo_teorico_oficial
2026-03-18,32033447.78,2.9387,0.5688,3.5075,3.1394,99.45,0,0.0,beacon_formula_16632_sqrt_S,modelo_teorico_oficial
2026-03-19,32234486.06,2.9295,0.5626,3.4921,3.1256,99.45,0,0.0,beacon_formula_16632_sqrt_S,modelo_teorico_oficial
2026-03-20,32209318.67,2.9306,0.5555,3.4861,3.1203,99.45,0,0.0,beacon_formula_16632_sqrt_S,modelo_teorico_oficial
2026-03-21,32379805.34,2.9229,0.5475,3.4704,3.1062,99.45,0,0.0,beacon_formula_16632_sqrt_S,modelo_teorico_oficial
2026-03-22,32628850.37,2.9117,0.539,3.4507,3.0885,99.45,0,0.0,beacon_formula_16632_sqrt_S,modelo_teorico_oficial
2026-03-23,32767831.66,2.9056,0.53,3.4355,3.075,99.45,0,0.0,beacon_formula_16632_sqrt_S,modelo_teorico_oficial
2026-03-24,32663601.13,2.9102,0.5208,3.431,3.0709,99.45,0,0.0,beacon_formula_16632_sqrt_S,modelo_teorico_oficial
2026-03-25,32400926.38,2.922,0.5116,3.4336,3.0732,99.45,0,0.0,beacon_formula_16632_sqrt_S,modelo_teorico_oficial
2026-03-26,32456739.09,2.9194,0.5028,3.4222,3.063,99.45,0,0.0,beacon_formula_16632_sqrt_S,modelo_teorico_oficial
2026-03-27,32586821.95,2.9136,0.4944,3.408,3.0503,99.45,0,0.0,beacon_formula_16632_sqrt_S,modelo_teorico_oficial
2026-03-28,32419127.27,2.9211,0.4867,3.4078,3.0502,99.45,0,0.0,beacon_formula_16632_sqrt_S,modelo_teorico_oficial
2026-03-29,32381275.19,2.9228,0.48,3.4028,3.0457,99.45,0,0.0,beacon_formula_16632_sqrt_S,modelo_teorico_oficial
2026-03-30,32506909.36,2.9172,0.4743,3.3915,3.0356,99.45,0,0.0,beacon_formula_16632_sqrt_S,modelo_teorico_oficial
2026-03-31,32358757.44,2.9239,0.47,3.3938,3.0377,99.45,0,0.0,beacon_formula_16632_sqrt_S,modelo_teorico_oficial
2026-04-01,32309402.26,2.9261,0.4671,3.3932,3.0371,99.45,0,0.0,beacon_formula_16632_sqrt_S,modelo_teorico_oficial
2026-04-02,32293444.14,2.9268,0.4657,3.3926,3.0365,99.45,0,0.0,beacon_formula_16632_sqrt_S,modelo_teorico_oficial
2026-04-03,32195834.25,2.9313,0.466,3.3973,3.0407,99.45,0,0.0,beacon_formula_16632_sqrt_S,modelo_teorico_oficial
2026-04-04,32212467.42,2.9305,0.4681,3.3985,3.0419,99.45,0,0.0,beacon_formula_16632_sqrt_S,modelo_teorico_oficial
2026-04-05,32140087.64,2.9338,0.4718,3.4056,3.0482,99.45,0,0.0,beacon_formula_16632_sqrt_S,modelo_teorico_oficial
2026-04-06,32330481.48,2.9251,0.4773,3.4024,3.0454,99.45,0,0.0,beacon_formula_16632_sqrt_S,modelo_teorico_oficial
2026-04-07,32311514.52,2.926,0.4845,3.4105,3.0526,99.45,0,0.0,beacon_formula_16632_sqrt_S,modelo_teorico_oficial
2026-04-08,32551418.19,2.9152,0.4933,3.4085,3.0508,99.45,0,0.0,beacon_formula_16632_sqrt_S,modelo_teorico_oficial
2026-04-09,32417043.61,2.9212,0.5036,3.4249,3.0654,99.45,0,0.0,beacon_formula_16632_sqrt_S,modelo_teorico_oficial
2026-04-10,32385161.73,2.9227,0.5154,3.438,3.0772,99.45,0,0.0,beacon_formula_16632_sqrt_S,modelo_teorico_oficial
2026-04-11,32385150.1,2.9227,0.5283,3.451,3.0888,99.45,0,0.0,beacon_formula_16632_sqrt_S,modelo_teorico_oficial
2026-04-12,32735919.2,2.907,0.5423,3.4493,3.0873,99.45,0,0.0,beacon_formula_16632_sqrt_S,modelo_teorico_oficial
2026-04-13,32421819.35,2.921,0.5572,3.4782,3.1132,99.45,0,0.0,beacon_formula_16632_sqrt_S,modelo_teorico_oficial
2026-04-14,32835250.49,2.9026,0.5727,3.4753,3.1106,99.45,0,0.0,beacon_formula_16632_sqrt_S,modelo_teorico_oficial
2026-04-15,32728430.99,2.9073,0.5886,3.4959,3.129,99.45,0,0.0,beacon_formula_16632_sqrt_S,modelo_teorico_oficial
2026-04-16,32793168.33,2.9044,0.6047,3.5092,3.1409,99.45,0,0.0,beacon_formula_16632_sqrt_S,modelo_teorico_oficial
2026-04-17,32759232.99,2.9059,0.6207,3.5267,3.1566,99.45,0,0.0,beacon_formula_16632_sqrt_S,modelo_teorico_oficial
2026-04-18,33000898.05,2.8953,0.6365,3.5317,3.1611,99.45,0,0.0,beacon_formula_16632_sqrt_S,modelo_teorico_oficial
2026-04-19,32988953.1,2.8958,0.6517,3.5475,3.1752,99.45,0,0.0,beacon_formula_16632_sqrt_S,modelo_teorico_oficial
2026-04-20,33228975.85,2.8853,0.6661,3.5514,3.1787,99.45,0,0.0,beacon_formula_16632_sqrt_S,modelo_teorico_oficial
2026-04-21,33103665.23,2.8908,0.6796,3.5704,3.1957,99.45,0,0.0,beacon_formula_16632_sqrt_S,modelo_teorico_oficial
2026-04-22,33026340.37,2.8942,0.692,3.5861,3.2098,99.45,0,0.0,beacon_formula_16632_sqrt_S,modelo_teorico_oficial
2026-04-23,33049800.99,2.8931,0.7031,3.5962,3.2188,99.45,0,0.0,beacon_formula_16632_sqrt_S,modelo_teorico_oficial
2026-04-24,33208241.11,2.8862,0.7127,3.599,3.2213,99.45,0,0.0,beacon_formula_16632_sqrt_S,modelo_teorico_oficial
2026-04-25,33031178.48,2.8939,0.7209,3.6149,3.2355,99.45,0,0.0,beacon_formula_16632_sqrt_S,modelo_teorico_oficial
2026-04-26,32711577.05,2.9081,0.7275,3.6355,3.254,99.45,0,0.0,beacon_formula_16632_sqrt_S,modelo_teorico_oficial
2026-04-27,32901209.6,2.8997,0.7324,3.6321,3.2509,99.45,0,0.0,beacon_formula_16632_sqrt_S,modelo_teorico_oficial
2026-04-28,32917416.25,2.8989,0.7357,3.6347,3.2532,99.45,0,0.0,beacon_formula_16632_sqrt_S,modelo_teorico_oficial
2026-04-29,33070084.33,2.8922,0.7375,3.6297,3.2488,99.45,0,0.0,beacon_formula_16632_sqrt_S,modelo_teorico_oficial
2026-04-30,32941634.29,2.8979,0.7377,3.6355,3.254,99.45,0,0.0,beacon_formula_16632_sqrt_S,modelo_teorico_oficial
2026-05-01,32709153.91,2.9082,0.7364,3.6445,3.2621,99.45,0,0.0,beacon_formula_16632_sqrt_S,modelo_teorico_oficial
2026-05-02,32528095.76,2.9162,0.7338,3.65,3.267,99.45,0,0.0,beacon_formula_16632_sqrt_S,modelo_teorico_oficial
2026-05-03,32486434.26,2.9181,0.73,3.6481,3.2653,99.45,0,0.0,beacon_formula_16632_sqrt_S,modelo_teorico_oficial
2026-05-04,32164964.75,2.9327,0.7253,3.6579,3.274,99.45,0,0.0,beacon_formula_16632_sqrt_S,modelo_teorico_oficial
2026-05-05,31970204.45,2.9416,0.7197,3.6612,3.277,99.45,0,0.0,beacon_formula_16632_sqrt_S,modelo_teorico_oficial
2026-05-06,31784460.8,2.9502,0.7135,3.6636,3.2791,99.45,0,0.0,beacon_formula_16632_sqrt_S,modelo_teorico_oficial
2026-05-07,31777167.91,2.9505,0.7069,3.6574,3.2735,99.45,0,0.0,beacon_formula_16632_sqrt_S,modelo_teorico_oficial
2026-05-08,31672864.56,2.9554,0.7001,3.6555,3.2718,99.45,0,0.0,beacon_formula_16632_sqrt_S,modelo_teorico_oficial
2026-05-09,31556199.77,2.9608,0.6934,3.6543,3.2707,99.45,0,0.0,beacon_formula_16632_sqrt_S,modelo_teorico_oficial
2026-05-10,31347398.15,2.9707,0.687,3.6577,3.2738,99.45,0,0.0,beacon_formula_16632_sqrt_S,modelo_teorico_oficial
2026-05-11,31292958.87,2.9732,0.6811,3.6544,3.2708,99.45,0,0.0,beacon_formula_16632_sqrt_S,modelo_teorico_oficial
2026-05-12,31286888.45,2.9735,0.6759,3.6495,3.2665,99.45,0,0.0,beacon_formula_16632_sqrt_S,modelo_teorico_oficial
2026-05-13,31165006.64,2.9793,0.6717,3.651,3.2678,99.45,0,0.0,beacon_formula_16632_sqrt_S,modelo_teorico_oficial
2026-05-14,30879039.25,2.9931,0.6684,3.6615,3.2773,99.45,0,0.0,beacon_formula_16632_sqrt_S,modelo_teorico_oficial
2026-05-15,31000644.55,2.9872,0.6665,3.6537,3.2702,99.45,0,0.0,beacon_formula_16632_sqrt_S,modelo_teorico_oficial
2026-05-16,31098735.6,2.9825,0.6658,3.6483,3.2654,99.45,0,0.0,beacon_formula_16632_sqrt_S,modelo_teorico_oficial
2026-05-17,31309319.6,2.9725,0.6666,3.639,3.2571,99.45,0,0.0,beacon_formula_16632_sqrt_S,modelo_teorico_oficial
2026-05-18,31273157.98,2.9742,0.6688,3.643,3.2607,99.45,0,0.0,beacon_formula_16632_sqrt_S,modelo_teorico_oficial
2026-05-19,31246061.01,2.9755,0.6726,3.6481,3.2652,99.45,0,0.0,beacon_formula_16632_sqrt_S,modelo_teorico_oficial
2026-05-20,31213635.69,2.977,0.6779,3.6549,3.2713,99.45,0,0.0,beacon_formula_16632_sqrt_S,modelo_teorico_oficial
2026-05-21,31296288.99,2.9731,0.6846,3.6577,3.2738,99.45,0,0.0,beacon_formula_16632_sqrt_S,modelo_teorico_oficial
2026-05-22,31356164.29,2.9702,0.6928,3.663,3.2786,99.45,0,0.0,beacon_formula_16632_sqrt_S,modelo_teorico_oficial
2026-05-23,31206827.03,2.9773,0.7023,3.6796,3.2934,99.45,0,0.0,beacon_formula_16632_sqrt_S,modelo_teorico_oficial
2026-05-24,31148631.23,2.9801,0.7129,3.693,3.3054,99.45,0,0.0,beacon_formula_16632_sqrt_S,modelo_teorico_oficial
2026-05-25,31167333.65,2.9792,0.7246,3.7038,3.3151,99.45,0,0.0,beacon_formula_16632_sqrt_S,modelo_teorico_oficial
2026-05-26,31194866.4,2.9779,0.737,3.7149,3.3251,99.45,0,0.0,beacon_formula_16632_sqrt_S,modelo_teorico_oficial
2026-05-27,31346306.12,2.9707,0.7501,3.7208,3.3303,99.45,0,0.0,beacon_formula_16632_sqrt_S,modelo_teorico_oficial
2026-05-28,31393285.06,2.9685,0.7637,3.7322,3.3405,99.45,0,0.0,beacon_formula_16632_sqrt_S,modelo_teorico_oficial
2026-05-29,31256436.04,2.975,0.7774,3.7524,3.3586,99.45,0,0.0,beacon_formula_16632_sqrt_S,modelo_teorico_oficial
2026-05-30,31356936.9,2.9702,0.7911,3.7613,3.3665,99.45,0,0.0,beacon_formula_16632_sqrt_S,modelo_teorico_oficial
2026-05-31,31352405.25,2.9704,0.8045,3.7749,3.3787,99.45,0,0.0,beacon_formula_16632_sqrt_S,modelo_teorico_oficial
