Date,tvl_lido_total_usd,tvl_lido_ethereum_usd,apy_lido_pct,apy_base_pct,apy_reward_pct,tvl_yield_pool_usd,tvl_pool_curve_usd,apy_pool_curve_pct,apr_base_nominal_pct,ratio_reserva_steth_pct,reserva_steth_curve,reserva_eth_curve,volume_diario_curve_usd,reservas_curve_metodo
2022-05-05,19390293831,11806079759,3.6,3.6,0.0,11008298772,4489330623.0,2.5908,3.5369,53.0024,871480.23,767448.05,157126571.8,modelo_invariante_stableswap
2022-05-06,18410137617,11050154700,3.5,3.5,0.0,10974211995,4398784722.0,2.5844,3.4403,51.5227,843323.91,791252.9,153957465.27,modelo_invariante_stableswap
2022-05-07,17882792425,10962254587,3.5,3.5,0.0,10736517627,4313489208.0,2.6413,3.4403,51.9399,853270.21,786417.06,150972122.28,modelo_invariante_stableswap
2022-05-08,16633736902,10701405802,3.6,3.6,0.0,10375445969,3993007887.0,3.3508,3.5369,53.4204,854147.4,738811.54,139755276.05,modelo_invariante_stableswap
2022-05-09,16061352956,10328908697,3.5,3.5,0.0,9406769875,3817176629.0,3.317,3.4403,53.2109,911341.48,795404.14,133601182.02,modelo_invariante_stableswap
2022-05-10,12333464844,9403806783,3.6,3.6,0.0,9506069560,3825661053.0,2.9666,3.5369,53.8058,886378.41,754096.77,133898136.86,modelo_invariante_stableswap
2022-05-11,11595676249,9869325479,3.6,3.6,0.0,8714550420,3266958611.0,3.4042,3.5369,51.7483,818682.41,760752.6,114343551.38,modelo_invariante_stableswap
2022-05-12,9244719849,8979837839,3.6,3.6,0.0,7857787286,1844849676.0,5.575,3.5369,59.7765,576819.25,378275.77,64569738.66,modelo_invariante_stableswap
2022-05-13,8387947914,8253462893,3.6,3.6,0.0,8459868374,1794385849.0,6.442,3.5369,62.049,570774.22,338056.61,62803504.72,modelo_invariante_stableswap
2022-05-14,8675786007,8524511570,3.6,3.6,0.0,8307436489,1750152602.0,3.7006,3.5369,57.5708,499680.88,361127.72,61255341.07,modelo_invariante_stableswap
2022-05-15,8770075827,8619700893,3.7,3.7,0.0,8869252957,1816086621.0,3.9162,3.6334,56.3535,484738.53,369415.32,63563031.74,modelo_invariante_stableswap
2022-05-16,9065756551,8902368057,3.7,3.7,0.0,8406513502,1768572816.0,3.5653,3.6334,57.2551,510050.09,373740.18,61900048.56,modelo_invariante_stableswap
2022-05-17,8756006520,8600481847,3.7,3.7,0.0,8601108016,1808100424.0,3.5616,3.6334,60.8036,541198.13,339029.45,63283514.84,modelo_invariante_stableswap
2022-05-18,8954138495,8791537974,3.8,3.8,0.0,8072321130,1674146858.0,3.57,3.7298,57.6438,513554.89,369969.28,58595140.03,modelo_invariante_stableswap
2022-05-19,8269482693,8128044989,3.8,3.8,0.0,8305322669,2023447097.0,3.5964,3.7298,55.7071,566564.88,444049.86,70820648.4,modelo_invariante_stableswap
2022-05-20,8586515306,8446207487,3.8,3.8,0.0,8110663532,1975790499.0,3.4848,3.7298,55.8334,570793.94,444924.79,69152667.46,modelo_invariante_stableswap
2022-05-21,8336123918,8209681743,3.8,3.8,0.0,8093785039,1994089692.0,4.617,3.7298,59.6122,617446.96,407880.63,69793139.22,modelo_invariante_stableswap
2022-05-22,8450807298,8323498299,3.9,3.9,0.0,8299480469,2059318457.0,3.8138,3.8261,59.1118,610187.88,412113.55,72076146.0,modelo_invariante_stableswap
2022-05-23,8723384540,8592418729,3.9,3.9,0.0,8130648910,1997672316.0,3.9158,3.8261,58.4866,605677.42,420500.36,69918531.06,modelo_invariante_stableswap
2022-05-24,8489747534,8366183619,4.0,4.0,0.0,8144177342,2005902429.0,3.8777,3.9223,59.5071,618425.75,410437.68,70206585.02,modelo_invariante_stableswap
2022-05-25,8435880883,8313516524,4.0,4.0,0.0,8076696769,1981533877.0,3.9578,3.9223,59.2067,617981.61,415631.63,69353685.7,modelo_invariante_stableswap
2022-05-26,8372244522,8254407441,4.0,4.0,0.0,7549047867,1829762736.0,3.9454,3.9223,59.1286,614280.09,414571.48,64041695.76,modelo_invariante_stableswap
2022-05-27,7626610155,7522479256,4.0,4.0,0.0,7162858310,1747817165.0,4.1518,3.9223,61.2752,639771.72,392388.81,61173600.78,modelo_invariante_stableswap
2022-05-28,7396396879,7297062963,4.0,4.0,0.0,7329191226,1798354819.0,4.0332,3.9223,51.2712,525608.9,498490.23,62942418.67,modelo_invariante_stableswap
2022-05-29,7655743615,7549423385,4.0,4.0,0.0,7403372675,1756401963.0,3.9894,3.9223,59.0209,585764.32,397210.46,61474068.71,modelo_invariante_stableswap
2022-05-30,7722267485,7617422048,4.0,4.0,0.0,8190730072,1953130248.0,4.1041,3.9223,58.2351,582052.86,408588.93,68359558.68,modelo_invariante_stableswap
2022-05-31,8503163677,8391690211,4.0,4.0,0.0,8040565588,1914991640.0,3.9856,3.9223,58.1599,585703.93,412512.09,67024707.4,modelo_invariante_stableswap
2022-06-01,8328413791,8219973304,4.0,4.0,0.0,7457563960,1784482212.0,4.0006,3.9223,58.238,582240.42,408668.41,62456877.42,modelo_invariante_stableswap
2022-06-02,7816033676,7721200701,4.0,4.0,0.0,7529727017,1802303311.0,3.7837,3.9223,58.8527,591850.95,404328.91,63080615.89,modelo_invariante_stableswap
2022-06-03,7825744721,7726910733,4.0,4.0,0.0,7361895607,1748955885.0,3.7108,3.9223,58.5749,590185.03,408154.46,61213455.98,modelo_invariante_stableswap
2022-06-04,7573441179,7481093433,4.0,4.0,0.0,7371970157,1768915619.0,3.7319,3.9223,58.8899,591814.83,403640.72,61912046.67,modelo_invariante_stableswap
2022-06-05,7708021983,7613213745,4.0,4.0,0.0,7462010533,1784991921.0,3.6942,3.9223,58.403,590270.47,411313.68,62474717.24,modelo_invariante_stableswap
2022-06-06,7717543079,7623950830,4.0,4.0,0.0,7693058781,1839278835.0,3.9834,3.9223,59.4326,602678.4,401307.37,64374759.23,modelo_invariante_stableswap
2022-06-07,7525619669,7429150696,4.0,4.0,0.0,7602537682,1565449434.0,4.2483,3.9223,58.4884,516023.43,358227.87,54790730.19,modelo_invariante_stableswap
2022-06-08,7762697038,7666111318,4.0,4.0,0.0,7423014605,1606333943.0,4.6919,3.9223,60.674,558980.5,352206.34,56221688.0,modelo_invariante_stableswap
2022-06-09,7659488944,7564873596,4.0,4.0,0.0,7365761144,1594887698.0,4.1009,3.9223,62.0238,570702.26,338399.77,55821069.43,modelo_invariante_stableswap
2022-06-10,7611214821,7514319517,4.0,4.0,0.0,6693572071,1117065557.0,6.4841,3.9223,70.3527,499140.0,198901.89,39097294.5,modelo_invariante_stableswap
2022-06-11,7183613869,7090968576,4.0,4.0,0.0,6292245541,1024173163.0,6.004,3.9223,64.6229,450091.71,236864.6,35846060.71,modelo_invariante_stableswap
2022-06-12,6556186722,6470754045,4.0,4.0,0.0,6013418620,972253207.0,4.9603,3.9223,64.074,447700.18,241687.66,34028862.25,modelo_invariante_stableswap
2022-06-13,6059700637,5983765530,4.0,4.0,0.0,5020855492,727404475.0,7.4611,3.9223,66.4629,419701.52,202518.96,25459156.63,modelo_invariante_stableswap
2022-06-14,5146394959,5079457341,4.0,4.0,0.0,4739191219,710433008.0,7.86,3.9223,68.4752,422286.74,184839.73,24865155.28,modelo_invariante_stableswap
2022-06-15,5150083485,5078431748,4.0,4.0,0.0,4881295771,732344074.0,6.0277,3.9223,73.591,466537.36,156830.37,25632042.59,modelo_invariante_stableswap
2022-06-16,5273903360,5189396973,4.0,4.0,0.0,4394576092,646844126.0,4.5485,3.9223,71.5503,459989.85,172351.95,22639544.41,modelo_invariante_stableswap
2022-06-17,4569780460,4503151238,4.0,4.0,0.0,4282944265,657329345.0,4.4623,3.9223,71.6941,460477.31,171246.78,23006527.08,modelo_invariante_stableswap
2022-06-18,4688303994,4618150213,4.0,4.0,0.0,3874088251,606090437.0,4.192,3.9223,73.3665,477423.49,162456.2,21213165.3,modelo_invariante_stableswap
2022-06-19,4273604850,4203531633,3.9,3.9,0.0,4520906774,704369119.0,4.2027,3.8261,73.5359,490268.75,165302.56,24652919.17,modelo_invariante_stableswap
2022-06-20,4695024018,4626533265,4.0,4.0,0.0,4367053109,683790937.0,3.8738,3.9223,70.6739,453630.67,177830.79,23932682.8,modelo_invariante_stableswap
2022-06-21,4815495582,4747966047,4.0,4.0,0.0,4507593430,717628052.0,4.2316,3.9223,70.806,478346.94,186255.59,25116981.82,modelo_invariante_stableswap
2022-06-22,4796390172,4727146332,4.0,4.0,0.0,4217562775,666861149.0,3.9629,3.9223,69.7607,467103.35,191792.28,23340140.22,modelo_invariante_stableswap
2022-06-23,4624109086,4561504833,4.0,4.0,0.0,4567417615,713329696.0,3.958,3.9223,67.3283,440346.7,203829.63,24966539.36,modelo_invariante_stableswap
2022-06-24,4914782963,4846220000,4.0,4.0,0.0,5021163436,764756556.0,4.127,3.9223,65.0485,422316.02,217871.62,26766479.46,modelo_invariante_stableswap
2022-06-25,5247660857,5172969634,4.0,4.0,0.0,5081069509,769238358.0,3.6949,3.9223,63.0177,403694.31,228784.62,26923342.53,modelo_invariante_stableswap
2022-06-26,5336156445,5257068984,4.0,4.0,0.0,5004523357,751164290.0,3.6652,3.9223,63.4761,412044.72,228661.04,26290750.15,modelo_invariante_stableswap
2022-06-27,5172116610,5095596618,3.9,3.9,0.0,4955876828,745493905.0,3.5838,3.8261,63.552,411621.67,227629.98,26092286.68,modelo_invariante_stableswap
2022-06-28,5083594153,5008892380,4.0,4.0,0.0,4732321593,713682181.0,3.5892,3.9223,65.4482,425519.01,215441.44,24978876.34,modelo_invariante_stableswap
2022-06-29,4935169566,4864519319,4.0,4.0,0.0,4539445148,690849374.0,3.6388,3.9223,64.3145,420217.01,224337.01,24179728.09,modelo_invariante_stableswap
2022-06-30,4712977381,4642023112,4.0,4.0,0.0,4210439330,628458379.0,3.5188,3.9223,63.7305,389379.64,213565.62,21996043.26,modelo_invariante_stableswap
2022-07-01,4763831875,4690277643,3.9,3.9,0.0,4359975792,652148213.0,3.5512,3.8261,63.598,405928.5,224005.99,22825187.46,modelo_invariante_stableswap
2022-07-02,4582057974,4511389437,4.0,4.0,0.0,4380939233,663854746.0,3.5482,3.9223,63.0881,406721.64,229759.93,23234916.11,modelo_invariante_stableswap
2022-07-03,4581471448,4509949483,3.9,3.9,0.0,4409746992,668008872.0,3.4857,3.8261,61.7402,396300.42,238020.27,23380310.52,modelo_invariante_stableswap
2022-07-04,4624675259,4552169505,3.9,3.9,0.0,4680798883,711017698.0,3.5961,3.8261,61.1627,389176.9,239900.4,24885619.43,modelo_invariante_stableswap
2022-07-05,4984983055,4906230442,3.9,3.9,0.0,4713828842,720589526.0,3.584,3.8261,61.7256,404481.45,243095.44,25220633.41,modelo_invariante_stableswap
2022-07-06,4974559493,4897201607,3.9,3.9,0.0,4837109739,757150917.0,3.4854,3.8261,60.3791,395861.66,252736.03,26500282.1,modelo_invariante_stableswap
2022-07-07,5133736448,5052894486,4.0,4.0,0.0,5106471304,746576652.0,3.5064,3.9223,59.6334,368968.95,243511.7,26130182.82,modelo_invariante_stableswap
2022-07-08,5344081527,5260061358,4.0,4.0,0.0,5099925900,761697080.0,3.5251,3.9223,61.027,391527.15,242825.39,26659397.8,modelo_invariante_stableswap
2022-07-09,5250407031,5165865902,4.0,4.0,0.0,5033724248,769195280.0,3.4551,3.9223,60.7255,394881.55,248235.63,26921834.8,modelo_invariante_stableswap
2022-07-10,5250360556,5167578774,4.0,4.0,0.0,4808943414,741990094.0,3.4198,3.9223,60.8448,397662.81,248654.13,25969653.29,modelo_invariante_stableswap
2022-07-11,5061484195,4980936372,4.0,4.0,0.0,4591925326,698320120.0,3.4056,3.9223,60.9627,399439.82,248446.23,24441204.2,modelo_invariante_stableswap
2022-07-12,4746412145,4671514105,4.0,4.0,0.0,4263669067,659005545.0,4.1789,3.9223,64.8102,428177.47,223372.21,23065194.08,modelo_invariante_stableswap
2022-07-13,4517909382,4443660314,3.9,3.9,0.0,4443090874,696560618.0,3.9278,3.8261,63.6743,413205.05,227220.48,24379621.63,modelo_invariante_stableswap
2022-07-14,4813719763,4734544614,3.9,3.9,0.0,4842711111,764540399.0,3.1406,3.8261,62.641,415765.15,239712.54,26758913.97,modelo_invariante_stableswap
2022-07-15,5145157261,5057423071,3.9,3.9,0.0,5139344218,809259722.0,3.2304,3.8261,61.8548,418964.2,250333.59,28324090.27,modelo_invariante_stableswap
2022-07-16,5287333312,5198758392,4.0,4.0,0.0,5555425744,877001557.0,3.1255,3.9223,60.1838,400848.3,258155.27,30695054.5,modelo_invariante_stableswap
2022-07-17,5897920265,5800398898,3.9,3.9,0.0,5625899824,907949726.0,3.113,3.8261,59.3242,412345.28,275888.55,31778240.41,modelo_invariante_stableswap
2022-07-18,5848335028,5753443236,3.9,3.9,0.0,6263863454,1073043443.0,3.1247,3.8261,59.6294,415694.31,274395.9,37556520.51,modelo_invariante_stableswap
2022-07-19,6818774574,6708494572,3.9,3.9,0.0,6518463985,1092290296.0,2.998,3.8261,58.5501,423829.01,293427.98,38230160.36,modelo_invariante_stableswap
2022-07-20,6678884086,6567650880,3.9,3.9,0.0,6472259510,1052208431.0,7.9643,3.8261,58.2906,412258.91,288692.44,36827295.08,modelo_invariante_stableswap
2022-07-21,6612586502,6497456919,3.9,3.9,0.0,6607042649,1084394456.0,7.9163,3.8261,62.7906,446883.34,255903.72,37953805.96,modelo_invariante_stableswap
2022-07-22,6765439728,6645748565,3.9,3.9,0.0,6416905210,1171515730.0,6.9718,3.8261,60.4258,473320.32,301557.72,41003050.55,modelo_invariante_stableswap
2022-07-23,6951636984,6836885848,3.9,3.9,0.0,6353671405,1174120095.0,7.0766,3.8261,56.7116,437224.26,328056.64,41094203.33,modelo_invariante_stableswap
2022-07-24,6809638843,6695880551,3.9,3.9,0.0,6761689534,1235720629.0,7.1259,3.8261,56.8682,447152.54,333226.49,43250222.02,modelo_invariante_stableswap
2022-07-25,6815380955,6694784258,3.9,3.9,0.0,6240665157,1139639876.0,7.1178,3.8261,57.9478,466417.96,331569.11,39887395.66,modelo_invariante_stableswap
2022-07-26,6333162243,6216767798,4.0,4.0,0.0,5865846166,1064612078.0,6.9723,3.9223,56.8145,426897.53,318875.61,37261422.73,modelo_invariante_stableswap
2022-07-27,6270641475,6161696380,3.9,3.9,0.0,6777984956,1303037411.0,7.5073,3.8261,57.7128,468868.96,336761.03,45606309.39,modelo_invariante_stableswap
2022-07-28,7036221468,6915553350,4.0,4.0,0.0,7232897604,1397432120.0,8.2143,3.9223,59.2023,491181.88,330414.17,48910124.2,modelo_invariante_stableswap
2022-07-29,7514351432,7383859695,3.9,3.9,0.0,7174806109,1396795533.0,8.6084,3.8261,60.2283,500346.05,321596.32,48887843.66,modelo_invariante_stableswap
2022-07-30,7519984075,7390675278,3.9,3.9,0.0,6977484593,1367771996.0,8.4072,3.8261,59.7378,494284.32,324708.16,47872019.86,modelo_invariante_stableswap
2022-07-31,7421914302,7287852644,3.9,3.9,0.0,7014586564,1352283481.0,8.0612,3.8261,59.3947,489585.45,326549.17,47329921.84,modelo_invariante_stableswap
2022-08-01,7332208984,7199082637,3.9,3.9,0.0,6724669519,1319305661.0,7.8974,3.8261,59.4005,491233.41,327563.09,46175698.14,modelo_invariante_stableswap
2022-08-02,7166254107,7035706202,3.9,3.9,0.0,6890613466,1326583772.0,8.5625,3.8261,59.1662,492349.71,331727.63,46430432.02,modelo_invariante_stableswap
2022-08-03,6967295709,6846938034,3.9,3.9,0.0,6776873887,1318764915.0,9.3454,3.8261,59.9323,501170.89,326399.51,46156772.03,modelo_invariante_stableswap
2022-08-04,7164465654,7039653229,3.9,3.9,0.0,6713444566,1298168163.0,8.7483,3.8261,60.4364,501502.81,319362.6,45435885.71,modelo_invariante_stableswap
2022-08-05,7042199984,6908542490,3.9,3.9,0.0,6908542490,1390282741.0,8.9101,3.8261,61.5252,509172.46,308794.14,48659895.94,modelo_invariante_stableswap
2022-08-06,7597604210,7458717544,3.9,3.9,0.0,7458717544,1391287099.0,9.3807,3.8261,63.5991,542534.32,299375.02,48695048.46,modelo_invariante_stableswap
2022-08-07,7353034058,7217877591,3.9,3.9,0.0,7217877591,1371327986.0,8.7445,3.8261,63.6926,533254.72,292990.9,47996479.51,modelo_invariante_stableswap
2022-08-08,7462437135,7322777958,3.9,3.9,0.0,7304205552,1421992277.0,8.3366,3.8261,62.9684,522142.08,296581.56,49769729.7,modelo_invariante_stableswap
2022-08-09,7778249085,7634132299,3.9,3.9,0.0,6995633859,1335962665.0,8.4378,3.8261,63.6601,518070.46,285072.98,46758693.28,modelo_invariante_stableswap
2022-08-10,7320949328,7183086972,3.9,3.9,0.0,7634852552,1456330412.0,8.8788,3.8261,63.5112,517957.51,286972.33,50971564.42,modelo_invariante_stableswap
2022-08-11,8216727289,8061746286,3.9,3.9,0.0,7843828625,1504688490.0,8.6162,3.8261,61.4588,506791.59,308271.02,52664097.15,modelo_invariante_stableswap
2022-08-12,8281475110,8123461672,3.9,3.9,0.0,8011739284,1452249281.0,9.1309,3.8261,61.4124,469714.6,286314.0,50828724.84,modelo_invariante_stableswap
2022-08-13,8575456826,8394396805,3.9,3.9,0.0,8303910199,1488724177.0,9.2253,3.8261,59.7272,460413.34,302598.7,52105346.2,modelo_invariante_stableswap
2022-08-14,8743865696,8561384060,3.9,3.9,0.0,8098077400,1463000065.0,8.9862,3.8261,59.8144,463650.79,303549.59,51205002.28,modelo_invariante_stableswap
2022-08-15,8574273209,8396821130,3.9,3.9,0.0,7960091878,1432369124.0,8.8491,3.8261,60.9412,471900.57,293801.87,50132919.34,modelo_invariante_stableswap
2022-08-16,8332835790,8160719407,3.9,3.9,0.0,7812960907,1438821155.0,8.581,3.8261,60.735,478708.24,300804.85,50358740.42,modelo_invariante_stableswap
2022-08-17,8346242557,8158193287,3.9,3.9,0.0,7684345027,1409801309.0,8.5966,3.8261,60.3692,477216.09,304809.08,49343045.82,modelo_invariante_stableswap
2022-08-18,8124104533,7946287262,3.9,3.9,0.0,7788872430,1435261984.0,8.1471,3.8261,60.1948,480520.91,309315.82,50234169.44,modelo_invariante_stableswap
2022-08-19,8026214614,7856514657,3.9,3.9,0.0,6860332450,1266322959.0,7.7133,3.8261,60.7521,490736.66,308126.47,44321303.57,modelo_invariante_stableswap
2022-08-20,7177379844,7015854373,3.9,3.9,0.0,6583547617,1223378177.0,7.7957,3.8261,60.6525,483980.03,305243.52,42818236.2,modelo_invariante_stableswap
2022-08-21,6953288173,6796982708,3.9,3.9,0.0,6683229695,1262602811.0,8.5102,3.8261,60.7733,487580.71,305855.26,44191098.39,modelo_invariante_stableswap
2022-08-22,7107710810,6946586041,3.9,3.9,0.0,6580044165,1256857293.0,8.2441,3.8261,59.6911,474334.72,312248.18,43990005.26,modelo_invariante_stableswap
2022-08-23,7136494471,6979463981,3.9,3.9,0.0,6909594160,1305574774.0,8.1004,3.8261,60.7678,490946.33,308043.51,45695117.09,modelo_invariante_stableswap
2022-08-24,7221021240,7063522970,3.9,3.9,0.0,6948100964,1311965526.0,8.2453,3.8261,58.8906,477232.21,325480.61,45918793.41,modelo_invariante_stableswap
2022-08-25,7355750573,7194254012,3.9,3.9,0.0,7123541693,1337633594.0,7.6418,3.8261,59.8717,484520.85,316405.39,46817175.79,modelo_invariante_stableswap
2022-08-26,7412282386,7247639088,3.8,3.8,0.0,6488054486,1217220838.0,7.5652,3.7298,60.7948,505034.79,316500.79,42602729.33,modelo_invariante_stableswap
2022-08-27,6656172160,6505944213,3.9,3.9,0.0,6177416420,1165045413.0,7.4097,3.8261,61.266,493144.39,302580.28,40776589.46,modelo_invariante_stableswap
2022-08-28,6602312335,6452061027,3.9,3.9,0.0,6114311812,1149749400.0,7.3946,3.8261,61.6832,511424.53,307956.22,40241229.0,modelo_invariante_stableswap
2022-08-29,6321823604,6190625016,3.9,3.9,0.0,6443174944,1211244995.0,7.6751,3.8261,60.0101,480552.32,311888.92,42393574.83,modelo_invariante_stableswap
2022-08-30,6800958642,6659513028,3.9,3.9,0.0,6427031104,1209108807.0,7.7228,3.8261,60.4813,493387.81,313565.86,42318808.25,modelo_invariante_stableswap
2022-08-31,6826349841,6688298949,3.9,3.9,0.0,6576566695,1227605559.0,8.0757,3.8261,60.601,492451.37,311302.32,42966194.57,modelo_invariante_stableswap
2022-09-01,6788495389,6652296216,3.9,3.9,0.0,6612139651,1222062661.0,8.4114,3.8261,60.9835,483738.33,300600.0,42772193.14,modelo_invariante_stableswap
2022-09-02,6956941901,6820863074,3.9,3.9,0.0,6580468626,1154120306.0,8.8232,3.8261,62.1052,469374.97,277292.88,40394210.71,modelo_invariante_stableswap
2022-09-03,6964664592,6821189876,3.9,3.9,0.0,6469124569,1137690265.0,8.6943,3.8261,61.9475,467339.03,278070.52,39819159.28,modelo_invariante_stableswap
2022-09-04,6890989681,6746659345,3.9,3.9,0.0,6542640230,1142248515.0,8.4969,3.8261,62.46,467543.44,271798.77,39978698.03,modelo_invariante_stableswap
2022-09-05,6960908357,6811352005,3.9,3.9,0.0,6643226253,1169222239.0,8.4338,3.8261,62.6647,468684.53,269934.33,40922778.36,modelo_invariante_stableswap
2022-09-06,7307764880,7153406325,3.8,3.8,0.0,6520763538,1050500464.0,8.6773,3.7298,65.6581,460781.01,230998.54,36767516.24,modelo_invariante_stableswap
2022-09-07,6779710272,6635529319,3.5,3.5,0.0,6763332373,1085413176.0,9.2302,3.4403,64.7638,448825.64,234649.75,37989461.16,modelo_invariante_stableswap
2022-09-08,7174881004,7024234667,3.8,3.8,0.0,6786851272,1088790744.0,8.371,3.7298,63.3633,437275.59,243921.28,38107676.04,modelo_invariante_stableswap
2022-09-09,7246058695,7088128363,3.8,3.8,0.0,7168583666,1143088530.0,8.8524,3.7298,61.5518,422063.17,255656.52,40008098.55,modelo_invariante_stableswap
2022-09-10,7577008327,7417402231,3.8,3.8,0.0,7351359379,1177018924.0,8.9108,3.7298,60.7196,413955.41,260295.76,41195662.34,modelo_invariante_stableswap
2022-09-11,7836801192,7675051919,3.8,3.8,0.0,7286655809,1160589472.0,8.6182,3.7298,60.0802,406446.85,262972.82,40620631.52,modelo_invariante_stableswap
2022-09-12,7723269787,7562725461,3.8,3.8,0.0,7192081392,1073185111.0,8.8198,3.7298,60.2459,387617.37,248945.57,37561478.89,modelo_invariante_stableswap
2022-09-13,7600990361,7429915336,3.8,3.8,0.0,6632054366,880313847.0,9.564,3.7298,61.6664,354246.69,213472.75,30810984.65,modelo_invariante_stableswap
2022-09-14,6962239660,6809530840,3.8,3.8,0.0,6698034102,853111372.0,9.7021,3.7298,60.9248,327289.96,203916.95,29858898.02,modelo_invariante_stableswap
2022-09-15,7241352891,7084421894,4.0,4.0,0.0,6383348324,840415328.0,9.6592,3.9223,54.7588,316394.08,258351.83,29414536.48,modelo_invariante_stableswap
2022-09-16,6543087896,6394625252,5.5,5.5,0.0,6152550787,919573362.0,10.1934,5.3545,54.6099,354565.42,291385.58,32185067.67,modelo_invariante_stableswap
2022-09-17,6407712565,6259532679,4.8,4.8,0.0,6248868873,980881503.0,10.2846,4.6887,53.4671,359756.03,310553.4,34330852.61,modelo_invariante_stableswap
2022-09-18,6464727999,6312012539,4.6,4.6,0.0,5723155462,996890288.0,8.7424,4.4976,53.5445,403098.93,346813.68,34891160.08,modelo_invariante_stableswap
2022-09-19,5988159357,5845514789,5.3,5.3,0.0,5932865782,1077261321.0,8.4948,5.1647,54.0996,427281.14,358949.24,37704146.24,modelo_invariante_stableswap
2022-09-20,6100922345,5953705525,4.9,4.9,0.0,5697552372,1379282418.0,7.6984,4.784,52.7404,552655.74,492184.15,48274884.63,modelo_invariante_stableswap
2022-09-21,5967551614,5823322433,5.3,5.3,0.0,5300665049,1285632469.0,7.5714,5.1647,53.243,550606.89,479896.77,44997136.42,modelo_invariante_stableswap
2022-09-22,5570634133,5430948500,5.2,5.2,0.0,5677021743,1383918377.0,7.4168,5.0697,52.6754,552357.26,493291.93,48437143.2,modelo_invariante_stableswap
2022-09-23,5954843556,5807080738,5.0,5.0,0.0,5762440019,1419904484.0,7.0854,4.8793,52.4484,563679.74,508324.97,49696656.94,modelo_invariante_stableswap
2022-09-24,5926674373,5771149997,5.0,5.0,0.0,5715230579,1425466457.0,6.6918,4.8793,52.5637,571732.3,513045.17,49891326.0,modelo_invariante_stableswap
2022-09-25,5938835079,5783579069,4.7,4.7,0.0,5616952047,1422560207.0,6.4289,4.5932,51.9753,573612.18,527869.95,49789607.24,modelo_invariante_stableswap
2022-09-26,5875016866,5724110674,5.1,5.1,0.0,5749704257,1657012416.0,5.8536,4.9745,53.1864,664890.16,580914.81,57995434.56,modelo_invariante_stableswap
2022-09-27,6077935159,5922650983,5.5,5.5,0.0,5776603773,1717139829.0,6.0035,5.3545,52.0188,674348.24,619416.82,60099894.02,modelo_invariante_stableswap
2022-09-28,6068803098,5915319264,5.6,5.6,0.0,5843639254,1732116774.0,6.4296,5.4492,52.5451,684358.76,614601.63,60624087.09,modelo_invariante_stableswap
2022-09-29,6050701284,5893607577,5.4,5.4,0.0,5843185343,1723461785.0,5.9432,5.2596,51.9198,672563.45,620404.31,60321162.48,modelo_invariante_stableswap
2022-09-30,6054258476,5891058064,5.6,5.6,0.0,5801648031,1726029304.0,5.7634,5.4492,51.7279,674598.62,627412.52,60411025.64,modelo_invariante_stableswap
2022-10-01,6028799812,5871272054,5.4,5.4,0.0,5751410711,1717735728.0,5.7574,5.2596,51.4556,675633.66,635742.29,60120750.48,modelo_invariante_stableswap
2022-10-02,5963070844,5805704245,5.1,5.1,0.0,5716507295,1694136991.0,5.5711,4.9745,51.7877,689966.83,640066.19,59294794.68,modelo_invariante_stableswap
2022-10-03,5827759009,5675489887,5.2,5.2,0.0,5773325745,1722531651.0,5.4852,5.0697,52.425,685958.85,619215.27,60288607.78,modelo_invariante_stableswap
2022-10-04,6028385658,5871482589,5.0,5.0,0.0,5952964141,1779166803.0,6.5117,4.8793,52.4444,688680.5,621155.29,62270838.1,modelo_invariante_stableswap
2022-10-05,6168139745,6006183281,5.3,5.3,0.0,5920188192,1697783050.0,5.7648,5.1647,52.6692,664938.03,593990.7,59422406.75,modelo_invariante_stableswap
2022-10-06,6208059044,6047610516,5.7,5.7,0.0,5943018896,1695941423.0,5.7667,5.5439,52.1633,657470.25,600189.63,59357949.81,modelo_invariante_stableswap
2022-10-07,6187567958,6027893086,5.0,5.0,0.0,5854806263,1671920628.0,5.4447,4.8793,53.4156,675608.62,584496.94,58517221.98,modelo_invariante_stableswap
2022-10-08,6091152486,5934422392,5.8,5.8,0.0,5760214894,1643750385.0,5.3713,5.6385,52.8342,664423.99,589348.86,57531263.48,modelo_invariante_stableswap
2022-10-09,6000948217,5845497638,4.7,4.7,0.0,5805945106,1652584324.0,5.5678,4.5932,53.3663,672085.36,582685.98,57840451.34,modelo_invariante_stableswap
2022-10-10,6073998879,5915679579,5.0,5.0,0.0,5682810416,1617915821.0,4.7948,4.8793,52.6765,663941.09,592914.7,56627053.74,modelo_invariante_stableswap
2022-10-11,5865086505,5713880629,5.2,5.2,0.0,5634787546,1597425845.0,4.9622,5.0697,52.6404,661041.23,591237.07,55909904.58,modelo_invariante_stableswap
2022-10-12,5889584121,5739905134,4.9,4.9,0.0,5726380785,1612208118.0,5.018,4.784,52.7214,660418.58,588635.19,56427284.13,modelo_invariante_stableswap
2022-10-13,5991392050,5842056416,5.1,5.1,0.0,5702727849,1579928734.0,4.6916,4.9745,52.2283,643642.91,585938.58,55297505.69,modelo_invariante_stableswap
2022-10-14,5897564725,5752247894,6.2,6.2,0.0,5696341566,1603351062.0,5.1025,6.0159,52.6436,654413.43,585229.63,56117287.17,modelo_invariante_stableswap
2022-10-15,5933377378,5790577355,5.0,5.0,0.0,5630081851,1581727499.0,5.791,4.8793,51.9731,647439.57,595867.85,55360462.46,modelo_invariante_stableswap
2022-10-16,5850489385,5709656700,5.0,5.0,0.0,5785844872,1626354190.0,4.963,4.8793,52.1746,652575.65,595429.89,56922396.65,modelo_invariante_stableswap
2022-10-17,5972254990,5830383584,5.0,5.0,0.0,5874054170,1652533217.0,5.151,4.8793,52.5057,655144.76,589362.17,57838662.6,modelo_invariante_stableswap
2022-10-18,6110460901,5964553598,5.9,5.9,0.0,5811321656,1627779532.0,5.1488,5.733,52.237,651968.44,593289.15,56972283.62,modelo_invariante_stableswap
2022-10-19,5979875670,5841768808,5.5,5.5,0.0,5743039452,1572943128.0,5.5418,5.3545,52.8013,650053.86,577417.14,55053009.48,modelo_invariante_stableswap
2022-10-20,5877232360,5744785617,6.3,6.3,0.0,5700698685,1568347318.0,5.6175,6.11,52.0253,638529.04,586353.94,54892156.13,modelo_invariante_stableswap
2022-10-21,5890087141,5763221461,5.7,5.7,0.0,5785676210,1590906713.0,5.8473,5.5439,52.3962,644587.62,582585.83,55681734.96,modelo_invariante_stableswap
2022-10-22,6009014505,5882536182,5.6,5.6,0.0,5863410016,1613926165.0,5.4564,5.4492,51.8297,638783.22,591518.8,56487415.78,modelo_invariante_stableswap
2022-10-23,6038833639,5911730739,5.0,5.0,0.0,6018734656,1678290276.0,5.3056,4.8793,50.9482,627902.67,603785.44,58740159.66,modelo_invariante_stableswap
2022-10-24,6280910756,6145081533,5.0,5.0,0.0,6022969192,1650996197.0,5.0262,4.8793,52.3224,645486.43,585245.07,57784866.9,modelo_invariante_stableswap
2022-10-25,6196801225,6065421559,5.0,5.0,0.0,6625011130,1783064689.0,4.9962,4.8793,52.5312,644407.56,579062.97,62407264.12,modelo_invariante_stableswap
2022-10-26,6810434687,6666847257,6.1,6.1,0.0,7016639524,1925908666.0,5.1668,5.9217,50.934,626920.2,603207.41,67406803.31,modelo_invariante_stableswap
2022-10-27,7254349800,7109610986,5.8,5.8,0.0,6923039371,1866397075.0,5.5081,5.6385,51.5932,637771.89,596593.68,65323897.63,modelo_invariante_stableswap
2022-10-28,7113693210,6971842772,5.4,5.4,0.0,7102693764,1899478223.0,5.227,5.2596,51.3687,628785.83,593862.31,66481737.81,modelo_invariante_stableswap
2022-10-29,7268928086,7120329506,5.3,5.3,0.0,7467958839,1960147648.0,4.8784,5.1647,51.783,628882.58,583518.48,68605167.68,modelo_invariante_stableswap
2022-10-30,7609382455,7458109920,5.3,5.3,0.0,7351125624,1923528215.0,4.754,5.1647,51.1873,620108.49,590230.05,67323487.53,modelo_invariante_stableswap
2022-10-31,7501819224,7349917574,5.0,5.0,0.0,7210064108,1888481288.0,4.7857,4.8793,51.0271,613609.23,588058.07,66096845.08,modelo_invariante_stableswap
2022-11-01,7474286123,7323220853,5.3,5.3,0.0,7325844573,1896978740.0,4.5621,5.1647,51.0533,614001.69,587774.73,66394255.9,modelo_invariante_stableswap
2022-11-02,7591802624,7429803453,5.3,5.3,0.0,7054992160,1803060263.0,4.8157,5.1647,50.3244,596787.7,589375.85,63107109.21,modelo_invariante_stableswap
2022-11-03,7384757339,7226800242,5.8,5.8,0.0,7159502067,1829526975.0,5.0036,5.6385,51.1092,611551.63,584033.49,64033444.13,modelo_invariante_stableswap
2022-11-04,7411328033,7252483978,6.2,6.2,0.0,7673028495,1967465073.0,5.3108,6.0159,50.9114,609565.94,587081.52,68861277.56,modelo_invariante_stableswap
2022-11-05,7958186988,7783924722,5.3,5.3,0.0,7645207753,1921554823.0,5.5285,5.1647,50.6091,597538.69,582979.14,67254418.81,modelo_invariante_stableswap
2022-11-06,7887740418,7704804459,4.6,4.6,0.0,7535123379,1884297647.0,4.6583,4.4976,50.5628,606088.71,592498.79,65950417.64,modelo_invariante_stableswap
2022-11-07,7624889840,7460769441,5.0,5.0,0.0,7438152760,1221753893.0,5.2509,4.8793,52.2991,409367.98,371536.08,42761386.26,modelo_invariante_stableswap
2022-11-08,7594177929,7444416556,5.9,5.9,0.0,6202171997,1016254775.0,5.6164,5.733,54.9187,423873.17,343732.91,35568917.12,modelo_invariante_stableswap
2022-11-09,6399103082,6283300004,5.9,5.9,0.0,5180491530,779844055.0,7.7528,5.733,59.2118,429980.03,289122.77,27294541.92,modelo_invariante_stableswap
2022-11-10,5468354993,5397212606,6.9,6.9,0.0,6177737971,914506003.0,3.6006,6.673,58.2471,418807.95,293839.4,32007710.11,modelo_invariante_stableswap
2022-11-11,6214169999,6145920652,6.9,6.9,0.0,5916676591,888590275.0,12.9868,6.673,54.6851,381879.5,312816.68,31100659.63,modelo_invariante_stableswap
2022-11-12,6133909714,6072252789,6.9,6.9,0.0,5847547893,850696819.0,3.1616,6.673,68.6398,489501.32,212528.36,29774388.67,modelo_invariante_stableswap
2022-11-13,6035233262,5980480703,10.2,10.2,0.0,5705998188,830523074.0,13.2394,9.714,60.5422,423175.66,268211.16,29068307.59,modelo_invariante_stableswap
2022-11-14,5804399095,5754964475,10.2,10.2,0.0,5718763865,809248759.0,9.8057,9.714,59.0122,393811.25,267150.09,28323706.56,modelo_invariante_stableswap
2022-11-15,5978998668,5926996331,10.1,10.1,0.0,5830867018,872908853.0,10.9188,9.6232,55.3257,390986.51,311539.32,30551809.86,modelo_invariante_stableswap
2022-11-16,6031112792,5980630108,9.7,9.7,0.0,5660194496,848489154.0,10.1361,9.2591,58.5793,418139.96,289116.78,29697120.39,modelo_invariante_stableswap
2022-11-17,5882952218,5832310756,5.5,5.5,0.0,5667059854,871640581.0,9.8145,5.3545,59.3545,441552.48,295036.16,30507420.34,modelo_invariante_stableswap
2022-11-18,5826362532,5778139963,5.2,5.2,0.0,5662140339,859408908.0,7.027,5.0697,60.4422,440477.2,280428.08,30079311.78,modelo_invariante_stableswap
2022-11-19,5830238013,5783584648,4.8,4.8,0.0,5732534871,871263682.0,6.9128,4.6887,54.5154,394161.57,325247.33,30494228.87,modelo_invariante_stableswap
2022-11-20,5888825007,5842816175,5.3,5.3,0.0,5419250524,816144744.0,5.9542,5.1647,54.4657,393362.38,325282.58,28565066.04,modelo_invariante_stableswap
2022-11-21,5500653742,5456803799,5.3,5.3,0.0,5274056690,793061821.0,6.4127,5.1647,52.5181,377874.55,339749.12,27757163.74,modelo_invariante_stableswap
2022-11-22,5371790230,5328888056,5.4,5.4,0.0,5293241478,782652755.0,7.2299,5.2596,57.6193,405163.59,292197.22,27392846.42,modelo_invariante_stableswap
2022-11-23,5496181373,5451067093,6.3,6.3,0.0,5481722310,777412140.0,7.3906,6.11,59.2553,398899.87,267710.1,27209424.9,modelo_invariante_stableswap
2022-11-24,5722361917,5673251319,4.9,4.9,0.0,5578991151,690385458.0,8.2277,4.784,60.8686,359236.48,224387.29,24163491.03,modelo_invariante_stableswap
2022-11-25,5797427588,5748597417,4.9,4.9,0.0,5617013869,694710117.0,8.6479,4.784,56.3958,332147.28,252660.69,24314854.1,modelo_invariante_stableswap
2022-11-26,5837284788,5788299490,7.7,7.7,0.0,5666576564,700457592.0,7.0287,7.4187,59.4604,354074.91,235477.91,24516015.72,modelo_invariante_stableswap
2022-11-27,5834590243,5785589031,4.4,4.4,0.0,5702807364,718218719.0,8.6336,4.3062,58.6811,360732.93,248307.72,25137655.17,modelo_invariante_stableswap
2022-11-28,5805209272,5756300525,5.0,5.0,0.0,5517604288,694339198.0,6.4944,4.8793,55.5363,334168.23,263850.73,24301871.93,modelo_invariante_stableswap
2022-11-29,5649099738,5602335430,4.8,4.8,0.0,5759108457,724767913.0,6.8458,4.6887,60.0911,367553.12,237691.56,25366876.96,modelo_invariante_stableswap
2022-11-30,6189278062,6140027358,4.7,4.7,0.0,6084415198,773598212.0,6.8926,4.5932,64.0638,397258.72,214559.09,27075937.42,modelo_invariante_stableswap
2022-12-01,6275577816,6225722799,4.8,4.8,0.0,6026474714,757701145.0,6.3583,4.6887,59.3363,361007.65,241413.99,26519540.08,modelo_invariante_stableswap
2022-12-02,6226843844,6177781499,5.0,5.0,0.0,6101101000,762985926.0,6.3603,4.8793,58.2803,351043.88,245936.13,26704507.41,modelo_invariante_stableswap
2022-12-03,6261320348,6212080046,4.6,4.6,0.0,5882960738,733028173.0,6.5417,4.4976,53.0094,314688.05,277041.91,25655986.06,modelo_invariante_stableswap
2022-12-04,6076854257,6028616030,4.6,4.6,0.0,6036426806,754324622.0,6.0677,4.4976,60.4477,366136.67,233040.68,26401361.77,modelo_invariante_stableswap
2022-12-05,6278000898,6228166645,4.4,4.4,0.0,5944511613,743200960.0,6.0334,4.3062,55.2012,329933.53,264309.28,26012033.6,modelo_invariante_stableswap
2022-12-06,6143950848,6094643033,4.5,4.5,0.0,5923663119,734938010.0,6.0427,4.402,56.9335,334944.33,248898.79,25722830.35,modelo_invariante_stableswap
2022-12-07,6160919509,6111075157,4.7,4.7,0.0,5827050199,741581595.0,5.9631,4.5932,59.3188,365770.08,244786.4,25955355.83,modelo_invariante_stableswap
2022-12-08,5991080970,5943392387,5.0,5.0,0.0,6049820121,769798855.0,5.9447,4.8793,60.4568,373461.1,237606.81,26942959.92,modelo_invariante_stableswap
2022-12-09,6203167461,6154698900,4.8,4.8,0.0,5974703310,811022419.0,6.0206,4.6887,59.2834,389672.52,261192.99,28385784.67,modelo_invariante_stableswap
2022-12-10,6146347601,6098437698,4.5,4.5,0.0,6028613481,815916176.0,5.7493,4.402,57.9613,381230.04,270851.02,28557066.16,modelo_invariante_stableswap
2022-12-11,6166249166,6117749291,4.1,4.1,0.0,6012390465,811526008.0,5.5414,4.0184,55.8305,363798.83,283610.9,28403410.28,modelo_invariante_stableswap
2022-12-12,6109663500,6062143993,4.7,4.7,0.0,6053352028,817858902.0,5.4208,4.5932,60.6028,399927.12,252791.59,28625061.57,modelo_invariante_stableswap
2022-12-13,6190291737,6143026225,4.8,4.8,0.0,6265841246,851456932.0,5.9057,4.6887,61.9216,412150.74,245519.93,29800992.62,modelo_invariante_stableswap
2022-12-14,6449735465,6400503429,4.9,4.9,0.0,6225856615,849619387.0,5.9106,4.784,57.8135,382821.74,273746.6,29736678.54,modelo_invariante_stableswap
2022-12-15,6372157606,6322574459,4.7,4.7,0.0,6023963845,825278840.0,6.2837,4.5932,57.1404,379284.33,279315.23,28884759.4,modelo_invariante_stableswap
2022-12-16,6208809734,6159226446,5.0,5.0,0.0,5685196904,776866784.0,5.8303,4.8793,52.0126,347310.78,319105.75,27190337.44,modelo_invariante_stableswap
2022-12-17,5725216905,5681387262,5.4,5.4,0.0,5607159373,772325788.0,6.0011,5.2596,54.1,355166.23,298360.96,27031402.58,modelo_invariante_stableswap
2022-12-18,5791000792,5746709464,4.6,4.6,0.0,5631285759,780562798.0,6.1696,4.4976,57.9584,389830.15,276994.57,27319697.93,modelo_invariante_stableswap
2022-12-19,5813017465,5768933537,4.3,4.3,0.0,5605513021,761925256.0,5.5895,4.2104,55.5604,367657.69,289991.38,26667383.96,modelo_invariante_stableswap
2022-12-20,5726797913,5684224845,4.9,4.9,0.0,5795643490,801200557.0,5.5276,4.784,58.1084,390469.86,275630.72,28042019.5,modelo_invariante_stableswap
2022-12-21,5909156016,5866020297,4.5,4.5,0.0,5793974294,797192361.0,5.7653,4.402,62.6768,425922.87,245169.73,27901732.64,modelo_invariante_stableswap
2022-12-22,5954880389,5912066494,4.8,4.8,0.0,5798852544,803764830.0,5.227,4.6887,58.7548,396639.38,272138.84,28131769.05,modelo_invariante_stableswap
2022-12-23,5957193084,5914835920,5.4,5.4,0.0,5826358459,818753594.0,5.6084,5.2596,59.6078,410218.77,271040.04,28656375.79,modelo_invariante_stableswap
2022-12-24,5979812531,5936965863,4.3,4.3,0.0,5824037691,803045660.0,6.1427,4.2104,57.5638,386017.74,279066.21,28106598.1,modelo_invariante_stableswap
2022-12-25,5985090951,5942959444,4.0,4.0,0.0,5800184754,800659609.0,5.3744,3.9223,59.0877,397462.37,268727.52,28023086.32,modelo_invariante_stableswap
2022-12-26,5968719080,5926961245,4.4,4.4,0.0,5819302332,796346723.0,5.3703,4.3062,59.5476,396307.35,262550.19,27872135.31,modelo_invariante_stableswap
2022-12-27,6002289008,5960296488,4.4,4.4,0.0,5789730094,786714956.0,5.6091,4.3062,62.015,415384.4,246401.7,27535023.46,modelo_invariante_stableswap
2022-12-28,5929278814,5888152184,4.6,4.6,0.0,5669249698,769946082.0,5.5085,4.4976,58.9841,390719.9,265380.9,26948112.87,modelo_invariante_stableswap
2022-12-29,5848598663,5811172605,4.3,4.3,0.0,5718227732,777991031.0,5.6667,4.2104,58.1055,384218.07,271251.18,27229686.08,modelo_invariante_stableswap
2022-12-30,5888326526,5850889786,4.3,4.3,0.0,5737019199,757985783.0,5.5653,4.2104,57.6529,371684.68,267659.21,26529502.4,modelo_invariante_stableswap
2022-12-31,5877772406,5840727043,4.5,4.5,0.0,5722356688,760804570.0,5.6455,4.402,56.3663,364180.61,277386.08,26628159.95,modelo_invariante_stableswap
2023-01-01,5865784383,5828964644,4.2,4.2,0.0,5741314254,765396616.0,7.0748,4.1144,56.5948,366814.11,276630.5,26788881.56,modelo_invariante_stableswap
2023-01-02,5877675394,5841189710,4.4,4.4,0.0,5832839417,776354801.0,6.2108,4.3062,59.102,386871.21,261401.49,27172418.04,modelo_invariante_stableswap
2023-01-03,5978870818,5939103647,4.6,4.6,0.0,5798284845,772959395.0,6.2808,4.4976,59.3797,387250.68,258465.13,27053578.83,modelo_invariante_stableswap
2023-01-04,5971446273,5926454976,4.9,4.9,0.0,5998752856,808910343.0,6.7014,4.784,56.2071,367590.53,281923.21,28311862.01,modelo_invariante_stableswap
2023-01-05,6177010336,6132609824,5.5,5.5,0.0,6002995483,812734050.0,6.3195,5.3545,54.442,357715.21,296108.07,28445691.75,modelo_invariante_stableswap
2023-01-06,6178432119,6133240724,4.5,4.5,0.0,6072713110,833970153.0,6.6955,4.402,61.8679,419534.27,250523.98,29188955.36,modelo_invariante_stableswap
2023-01-07,6251891607,6206539552,4.5,4.5,0.0,6083815367,832985885.0,6.0521,4.402,58.5523,394483.98,273085.48,29154505.98,modelo_invariante_stableswap
2023-01-08,6216768015,6172751295,4.2,4.2,0.0,6101687202,840929408.0,6.2658,4.1144,58.5092,390768.9,271026.27,29432529.28,modelo_invariante_stableswap
2023-01-09,6367278290,6317862863,5.2,5.2,0.0,6371375334,961576880.0,5.7531,5.0697,58.9103,438751.84,298976.02,33655190.8,modelo_invariante_stableswap
2023-01-10,6540307659,6486651651,4.7,4.7,0.0,6450965311,973849013.0,7.1039,4.5932,56.2206,416150.46,318979.5,34084715.46,modelo_invariante_stableswap
2023-01-11,6607654982,6554245704,4.4,4.4,0.0,6481266893,979546538.0,6.3891,4.3062,61.0321,443539.17,275020.33,34284128.83,modelo_invariante_stableswap
2023-01-12,6957810563,6901670527,5.3,5.3,0.0,6850557186,1065907845.0,6.5931,5.1647,56.7879,434375.21,324838.6,37306774.58,modelo_invariante_stableswap
2023-01-13,6965692285,6910456156,5.5,5.5,0.0,6985216931,1149792829.0,6.9868,5.3545,57.8504,467638.33,333859.25,40242749.02,modelo_invariante_stableswap
2023-01-14,7632798212,7567873840,6.0,6.0,0.0,7415052776,1215884064.0,6.674,5.8274,61.7916,499966.53,299584.94,42555942.24,modelo_invariante_stableswap
2023-01-15,7586496588,7512131152,4.8,4.8,0.0,7515309583,1233863369.0,7.297,4.6887,58.5034,475390.18,329802.58,43185217.92,modelo_invariante_stableswap
2023-01-16,7673741330,7600631508,5.0,5.0,0.0,7662579723,1255957665.0,6.2683,4.8793,58.3778,475240.08,331524.18,43958518.28,modelo_invariante_stableswap
2023-01-17,7780131820,7707883071,5.0,5.0,0.0,7671843598,1293871200.0,6.0893,4.8793,58.361,492227.42,343626.6,45285492.0,modelo_invariante_stableswap
2023-01-18,7809191232,7737048870,4.9,4.9,0.0,7437888933,1255361529.0,6.1085,4.784,52.3604,435947.14,394619.07,43937653.52,modelo_invariante_stableswap
2023-01-19,7542156346,7474740273,5.5,5.5,0.0,7570885159,1276315493.0,5.7842,5.3545,54.081,448991.99,377486.94,44671042.26,modelo_invariante_stableswap
2023-01-20,7736681153,7668797814,4.5,4.5,0.0,8081665298,1406336323.0,6.5191,4.402,57.1357,493084.17,363197.0,49221771.31,modelo_invariante_stableswap
2023-01-21,8274947307,8196030030,5.3,5.3,0.0,8089146659,1405466499.0,5.8734,5.1647,53.2364,463316.97,403932.51,49191327.46,modelo_invariante_stableswap
2023-01-22,8178015434,8099691027,4.6,4.6,0.0,7966751218,1380804802.0,5.9845,4.4976,56.1498,483613.58,371832.85,48328168.07,modelo_invariante_stableswap
2023-01-23,8196166621,8119040949,4.6,4.6,0.0,8125797506,1383070916.0,6.0677,4.4976,54.0139,463263.79,390616.3,48407482.06,modelo_invariante_stableswap
2023-01-24,8257377782,8179803734,5.0,5.0,0.0,7787599145,1550040875.0,6.0314,4.8793,50.3974,501708.91,493935.52,54251430.63,modelo_invariante_stableswap
2023-01-25,7860942579,7787439177,5.4,5.4,0.0,8036826105,1545085338.0,5.9645,5.2596,53.6054,518303.81,444767.27,54077986.83,modelo_invariante_stableswap
2023-01-26,8214929842,8136103097,5.0,5.0,0.0,7990514125,1574862881.0,5.7805,4.8793,57.1112,571400.13,421330.47,55120200.84,modelo_invariante_stableswap
2023-01-27,8105353129,8028783864,5.7,5.7,0.0,7980089286,1566769556.0,5.7124,5.5439,55.1527,547677.75,439664.71,54836934.46,modelo_invariante_stableswap
2023-01-28,8170358688,8091100051,4.6,4.6,0.0,7825398568,1542329477.0,5.7851,4.4976,53.6529,530842.63,454596.33,53981531.7,modelo_invariante_stableswap
2023-01-29,8090291824,8012036540,4.4,4.4,0.0,8222577842,1616563685.0,5.2143,4.3062,53.7605,532700.02,454081.16,56579728.98,modelo_invariante_stableswap
2023-01-30,8397851251,8314711589,4.6,4.6,0.0,7788301946,1542021906.0,4.9486,4.4976,53.539,531167.46,457107.92,53970766.71,modelo_invariante_stableswap
2023-01-31,8022423607,7946000022,4.8,4.8,0.0,7888142136,1569664618.0,5.2427,4.6887,54.5022,545204.47,450138.34,54938261.63,modelo_invariante_stableswap
2023-02-01,8115827973,8039291883,4.7,4.7,0.0,8215408628,1620376038.0,5.89,4.5932,58.3913,589029.84,410659.95,56713161.33,modelo_invariante_stableswap
2023-02-02,8617130977,8535224157,5.1,5.1,0.0,8306017890,1644260355.0,5.3901,4.9745,53.3503,538034.96,466786.82,57549112.42,modelo_invariante_stableswap
2023-02-03,8452819125,8373698850,5.0,5.0,0.0,8321479253,1650352012.0,5.6161,4.8793,53.4587,534296.18,461387.86,57762320.42,modelo_invariante_stableswap
2023-02-04,8549030272,8467806233,5.0,5.0,0.0,8455770307,1664329520.0,4.642,4.8793,54.3854,548806.88,455398.63,58251533.2,modelo_invariante_stableswap
2023-02-05,8562793255,8483219266,4.6,4.6,0.0,8259229000,1612137925.0,4.5616,4.4976,54.3336,542537.67,451203.04,56424827.38,modelo_invariante_stableswap
2023-02-06,8447541188,8369179136,4.6,4.6,0.0,8299876201,1611088168.0,4.5408,4.4976,52.5779,527100.62,472706.03,56388085.88,modelo_invariante_stableswap
2023-02-07,8366392538,8291196516,5.0,5.0,0.0,8426802837,1641712736.0,4.7344,4.8793,57.2182,572350.2,420068.44,57459945.76,modelo_invariante_stableswap
2023-02-08,8690052411,8610421720,5.1,5.1,0.0,8334264841,1630460905.0,5.0119,4.9745,54.8493,548295.3,445965.31,57066131.68,modelo_invariante_stableswap
2023-02-09,8542928906,8466450810,5.4,5.4,0.0,7839454933,1514634676.0,5.0831,5.2596,51.9881,511274.94,470244.44,53012213.66,modelo_invariante_stableswap
2023-02-10,8023060718,7954950421,5.1,5.1,0.0,7681386223,1497645992.0,5.2117,4.9745,52.3991,520741.97,470596.85,52417609.72,modelo_invariante_stableswap
2023-02-11,7859431410,7791264243,4.8,4.8,0.0,7769949290,1521430062.0,5.1467,4.6887,54.3668,542890.24,450849.76,53250052.17,modelo_invariante_stableswap
2023-02-12,7987098943,7918021544,4.4,4.4,0.0,7657049802,1524403452.0,5.0406,4.3062,52.2005,527690.52,480951.99,53354120.82,modelo_invariante_stableswap
2023-02-13,7878311523,7807991831,5.0,5.0,0.0,7574235205,1460216887.0,4.5484,4.8793,58.349,577735.61,403534.78,51107591.04,modelo_invariante_stableswap
2023-02-14,7828716249,7760411512,4.8,4.8,0.0,7916797626,1553149603.0,5.0201,4.6887,57.5514,585446.61,423468.55,54360236.1,modelo_invariante_stableswap
2023-02-15,8094204866,8023488922,6.5,6.5,0.0,8504350968,1661514104.0,4.8985,6.298,57.3642,580363.83,423241.22,58152993.64,modelo_invariante_stableswap
2023-02-16,8828021852,8751260418,5.3,5.3,0.0,8610763753,1652098020.0,5.7768,5.1647,52.9944,537504.51,473503.22,57823430.7,modelo_invariante_stableswap
2023-02-17,8670649255,8596728960,5.0,5.0,0.0,8626600457,1691994145.0,5.3411,4.8793,55.5016,561800.8,444252.59,59219795.08,modelo_invariante_stableswap
2023-02-18,8921567312,8842640157,5.4,5.4,0.0,8695335093,1684013039.0,5.3282,5.2596,54.3493,546750.34,454400.53,58940456.36,modelo_invariante_stableswap
2023-02-19,8938626175,8858545567,5.0,5.0,0.0,8689677236,1679012935.0,5.3845,4.8793,53.5806,539589.5,463523.96,58765452.73,modelo_invariante_stableswap
2023-02-20,8856689609,8773461425,4.9,4.9,0.0,8805981338,1691070211.0,5.0258,4.784,56.6451,572224.23,430592.43,59187457.39,modelo_invariante_stableswap
2023-02-21,9034278122,8945698340,5.0,5.0,0.0,8518937163,1636871087.0,4.9587,4.8793,53.9865,538112.95,454260.46,57290488.04,modelo_invariante_stableswap
2023-02-22,8796116232,8712571509,5.3,5.3,0.0,8433148902,1632143646.0,5.2626,5.1647,55.8604,563104.07,438418.14,57125027.61,modelo_invariante_stableswap
2023-02-23,8716993448,8637134669,5.0,5.0,0.0,8543493058,1644501586.0,5.412,4.8793,51.7271,516951.16,480808.27,57557555.51,modelo_invariante_stableswap
2023-02-24,8763753873,8684516652,4.7,4.7,0.0,8334585062,1603065907.0,5.1258,4.5932,53.1419,533527.4,467036.01,56107306.74,modelo_invariante_stableswap
2023-02-25,8534063544,8458180562,4.5,4.5,0.0,8501429801,1585755368.0,5.0396,4.402,50.7515,504946.86,489658.33,55501437.88,modelo_invariante_stableswap
2023-02-26,8785443412,8711764082,4.1,4.1,0.0,8975443870,1631517441.0,5.0421,4.0184,53.8339,540222.31,459043.53,57103110.44,modelo_invariante_stableswap
2023-02-27,9147403554,9071533823,4.0,4.0,0.0,9157302947,1623398414.0,5.1954,3.9223,52.5827,525308.65,471001.49,56818944.49,modelo_invariante_stableswap
2023-02-28,9369689599,9294069212,4.6,4.6,0.0,9119343201,1691595377.0,4.9929,4.4976,50.5883,533008.11,520484.17,59205838.2,modelo_invariante_stableswap
2023-03-01,9296825148,9223785930,4.4,4.4,0.0,9392012530,1749475058.0,5.0665,4.3062,52.5462,555756.56,499084.76,61231627.03,modelo_invariante_stableswap
2023-03-02,9620593714,9545076720,4.8,4.8,0.0,9357036499,1784141979.0,4.995,4.6887,53.3441,582285.57,505310.36,62444969.27,modelo_invariante_stableswap
2023-03-03,9557902329,9483236350,5.2,5.2,0.0,8892671081,1692888014.0,5.1323,5.0697,51.6556,559053.38,521560.27,59251080.49,modelo_invariante_stableswap
2023-03-04,9153048248,9080209347,4.4,4.4,0.0,8893195751,1687275069.0,5.065,4.3062,52.0144,562429.19,516713.88,59054627.42,modelo_invariante_stableswap
2023-03-05,9137117452,9065150337,4.4,4.4,0.0,8949243946,1690468596.0,4.7666,4.3062,52.4458,569733.91,513840.83,59166400.86,modelo_invariante_stableswap
2023-03-06,9147314197,9070411084,4.2,4.2,0.0,8951541051,1692669690.0,3.7856,4.1144,51.8636,562188.68,519835.13,59243439.15,modelo_invariante_stableswap
2023-03-07,9127026748,9050953704,5.0,5.0,0.0,8854505893,1650315880.0,3.7284,4.8793,52.6447,559522.72,500349.81,57761055.8,modelo_invariante_stableswap
2023-03-08,9173596299,9098521815,4.6,4.6,0.0,8887470447,1649500320.0,3.9715,4.4976,53.2977,577500.37,502157.09,57732511.2,modelo_invariante_stableswap
2023-03-09,8969852117,8900073423,4.5,4.5,0.0,8296217480,1540592335.0,3.8305,4.402,50.803,544474.91,526827.73,53920731.72,modelo_invariante_stableswap
2023-03-10,8374692207,8310514624,5.4,5.4,0.0,8156017042,1518476445.0,3.8964,5.2596,49.543,525014.36,536103.81,53146675.58,modelo_invariante_stableswap
2023-03-11,8448997878,8381550725,6.2,6.2,0.0,8444113663,1219518624.0,4.63,6.0159,51.6195,425899.22,397950.76,42683151.84,modelo_invariante_stableswap
2023-03-12,8622372276,8556182153,6.2,6.2,0.0,8901295766,1300877208.0,8.2123,6.0159,55.3808,459160.08,364990.83,45530702.28,modelo_invariante_stableswap
2023-03-13,9520656812,9446366487,6.7,6.7,0.0,9668155721,1428298229.0,7.833,6.4857,55.0227,473572.28,382316.22,49990438.02,modelo_invariante_stableswap
2023-03-14,9891676011,9816987222,6.6,6.6,0.0,9817252564,1444230008.0,8.2631,6.3919,52.79,450378.17,400244.7,50548050.28,modelo_invariante_stableswap
2023-03-15,10064792571,9988454159,6.6,6.6,0.0,9584519671,1413595427.0,4.8191,6.3919,54.3989,469322.84,389217.74,49475839.95,modelo_invariante_stableswap
2023-03-16,9788876042,9717978273,6.7,6.7,0.0,9677336666,1426485651.0,4.8764,6.4857,53.6525,460294.39,394188.22,49926997.78,modelo_invariante_stableswap
2023-03-17,9900397520,9828332890,7.1,7.1,0.0,10229989095,1509757535.0,4.7583,6.8599,54.9307,468349.73,379604.14,52841513.72,modelo_invariante_stableswap
2023-03-18,10655292075,10574998361,6.4,6.4,0.0,10353695377,1502837669.0,5.1703,6.2041,50.4157,429986.27,422994.09,52599318.42,modelo_invariante_stableswap
2023-03-19,10571024285,10492851155,5.6,5.6,0.0,10516009677,1528632357.0,4.2654,5.4492,50.9847,437061.98,419619.08,53502132.5,modelo_invariante_stableswap
2023-03-20,10585485878,10507305636,5.9,5.9,0.0,10243387759,1695710448.0,3.7241,5.733,50.8617,497500.82,480166.79,59349865.68,modelo_invariante_stableswap
2023-03-21,10481967474,10403644940,5.5,5.5,0.0,10485051230,1728478835.0,6.2862,5.3545,53.5857,517009.67,444033.06,60496759.23,modelo_invariante_stableswap
2023-03-22,10692277198,10614755662,5.4,5.4,0.0,10071707518,1657642640.0,3.9708,5.2596,52.4476,502993.71,453610.59,58017492.4,modelo_invariante_stableswap
2023-03-23,10415577735,10340521694,5.3,5.3,0.0,10630295091,1740900984.0,3.661,5.1647,53.6324,518479.08,444400.48,60931534.44,modelo_invariante_stableswap
2023-03-24,10782514766,10704953033,5.2,5.2,0.0,10226382797,1676245503.0,3.813,5.0697,51.6158,495341.25,462910.6,58668592.6,modelo_invariante_stableswap
2023-03-25,10512456268,10439549436,5.0,5.0,0.0,10168213566,1673681279.0,3.7159,4.8793,51.4764,495400.18,465735.44,58578844.77,modelo_invariante_stableswap
2023-03-26,10462997085,10389578498,5.0,5.0,0.0,10323628746,1698248225.0,3.5547,4.8793,51.3424,492171.81,465357.77,59438687.88,modelo_invariante_stableswap
2023-03-27,10626234935,10551195373,4.4,4.4,0.0,10061552075,1652734626.0,3.4657,4.3062,50.8325,490184.13,473696.88,57845711.91,modelo_invariante_stableswap
2023-03-28,10517427391,10444231270,4.5,4.5,0.0,10389190920,1699624764.0,3.8116,4.402,53.4744,516887.46,446054.45,59486866.74,modelo_invariante_stableswap
2023-03-29,10613089441,10539402396,4.5,4.5,0.0,10601059651,1719645095.0,4.2267,4.402,51.7578,498119.73,462685.33,60187578.32,modelo_invariante_stableswap
2023-03-30,10731866826,10656210827,4.5,4.5,0.0,10547319332,1709778645.0,3.7378,4.402,54.6365,527055.65,432642.03,59842252.58,modelo_invariante_stableswap
2023-03-31,10815594771,10741299235,4.5,4.5,0.0,10747720943,1734361289.0,3.9539,4.402,53.3138,511429.14,444401.07,60702645.12,modelo_invariante_stableswap
2023-04-01,10922627300,10846154469,4.5,4.5,0.0,10730333898,1731589450.0,3.6543,4.402,54.027,520798.38,438878.25,60605630.75,modelo_invariante_stableswap
2023-04-02,10886658031,10810973548,4.5,4.5,0.0,10521211443,1690859505.0,3.7086,4.402,51.706,488481.9,454741.78,59180082.68,modelo_invariante_stableswap
2023-04-03,10737547005,10663603877,4.4,4.4,0.0,10644717155,1697154669.0,3.4645,4.3062,54.3931,515432.73,427564.38,59400413.42,modelo_invariante_stableswap
2023-04-04,10843923673,10769634815,4.3,4.3,0.0,11061158560,1747037045.0,3.7184,4.2104,54.1898,511160.7,427748.34,61146296.58,modelo_invariante_stableswap
2023-04-05,11425885344,11348682337,4.3,4.3,0.0,11281430579,1786002985.0,3.3954,4.2104,51.5045,483161.34,453683.36,62510104.48,modelo_invariante_stableswap
2023-04-06,11410804306,11335273757,4.2,4.2,0.0,11015495421,1744523307.0,3.2796,4.1144,51.7742,483938.56,449197.01,61058315.74,modelo_invariante_stableswap
2023-04-07,11306862801,11229897229,4.2,4.2,0.0,10972797807,1740230620.0,3.148,4.1144,51.8647,485600.38,448995.85,60908071.7,modelo_invariante_stableswap
2023-04-08,11169270827,11103060931,4.1,4.1,0.0,10956038463,1698241800.0,3.0952,4.0184,51.3764,472881.59,446470.34,59438463.0,modelo_invariante_stableswap
2023-04-09,11174909539,11109272268,4.7,4.7,0.0,10990326485,1695737720.0,2.9926,4.5932,54.6435,504063.64,413645.13,59350820.2,modelo_invariante_stableswap
2023-04-10,11210286648,11143920803,4.7,4.7,0.0,11164927923,1728904274.0,5.7142,4.5932,55.1848,505698.86,405404.08,60511649.59,modelo_invariante_stableswap
2023-04-11,11514657448,11446482208,4.7,4.7,0.0,11215594575,1711410693.0,2.9669,4.5932,52.8181,480772.94,426741.41,59899374.26,modelo_invariante_stableswap
2023-04-12,11415894400,11340831661,4.8,4.8,0.0,11325762663,1715556314.0,3.3144,4.6887,53.9222,486193.82,411567.74,60044470.99,modelo_invariante_stableswap
2023-04-13,11519570041,11443416769,4.7,4.7,0.0,11939247779,1713922185.0,3.4488,4.5932,53.4058,458443.69,396788.74,59987276.48,modelo_invariante_stableswap
2023-04-14,12679153302,12600650482,4.9,4.9,0.0,12548948812,1775731531.0,3.5186,4.784,52.982,450725.84,397267.59,62150603.59,modelo_invariante_stableswap
2023-04-15,12661382654,12584518863,4.8,4.8,0.0,12487763395,1768701238.0,3.6004,4.6887,53.109,452146.99,396355.19,61904543.33,modelo_invariante_stableswap
2023-04-16,12713971704,12637554521,4.3,4.3,0.0,12775329334,1717422161.0,3.3912,4.2104,51.6585,419818.81,391614.88,60109775.64,modelo_invariante_stableswap
2023-04-17,12711652053,12633564200,4.3,4.3,0.0,12503331778,1625425787.0,3.0685,4.2104,51.0909,400623.88,382894.34,56889902.54,modelo_invariante_stableswap
2023-04-18,12670156316,12593289887,4.4,4.4,0.0,12625056127,1633406067.0,3.4314,4.3062,52.5247,409937.07,368472.52,57169212.35,modelo_invariante_stableswap
2023-04-19,12866240351,12788625761,4.6,4.6,0.0,11943749104,1539368775.0,3.5187,4.4976,52.0867,415876.48,380893.96,53877907.13,modelo_invariante_stableswap
2023-04-20,11965670376,11893493545,4.8,4.8,0.0,11805390053,1523523769.0,4.1272,4.6887,51.9636,409070.67,376637.95,53323331.92,modelo_invariante_stableswap
2023-04-21,12036087665,11966051414,5.0,5.0,0.0,11206169357,1442427558.0,4.0922,4.8793,51.7282,404682.89,376370.48,50484964.53,modelo_invariante_stableswap
2023-04-22,11408312026,11341700537,5.0,5.0,0.0,11469532739,1457709406.0,3.8279,4.8793,51.6366,402866.49,376153.24,51019829.21,modelo_invariante_stableswap
2023-04-23,11523294153,11455366521,5.0,5.0,0.0,11301073938,1447908141.0,3.3918,4.8793,51.0898,397909.66,380317.6,50676784.94,modelo_invariante_stableswap
2023-04-24,11562133755,11494099339,5.1,5.1,0.0,11250425168,1425861077.0,3.4302,4.9745,52.0447,404414.72,371060.93,49905137.7,modelo_invariante_stableswap
2023-04-25,11451796785,11384573767,5.1,5.1,0.0,11476878109,1383386328.0,3.4306,4.9745,52.2681,389226.09,353725.53,48418521.48,modelo_invariante_stableswap
2023-04-26,11663921340,11594950453,5.0,5.0,0.0,11522541503,1370388978.0,3.6656,4.8793,52.31,385961.93,350129.66,47963614.23,modelo_invariante_stableswap
2023-04-27,12026426601,11957187247,4.8,4.8,0.0,11811904152,1402782804.0,3.3536,4.6887,53.224,394088.83,343760.05,49097398.14,modelo_invariante_stableswap
2023-04-28,11926934833,11856146414,4.7,4.7,0.0,11734602500,1317028711.0,3.8304,4.5932,51.5158,359506.06,337409.52,46096004.89,modelo_invariante_stableswap
2023-04-29,11866400136,11793302217,4.7,4.7,0.0,11809665804,1318472076.0,3.5678,4.5932,52.3053,363062.86,329422.62,46146522.66,modelo_invariante_stableswap
2023-04-30,11969869690,11897124912,4.6,4.6,0.0,11754875552,1306109160.0,3.3744,4.4976,50.6668,352739.39,343299.33,45713820.6,modelo_invariante_stableswap
2023-05-01,11862722689,11791245486,4.8,4.8,0.0,11344653069,1242624965.0,3.4205,4.6887,50.2157,340350.82,337690.75,43491873.78,modelo_invariante_stableswap
2023-05-02,11554574210,11485621234,5.0,5.0,0.0,11687973403,1283639677.0,4.0265,4.8793,52.2484,360226.53,327647.21,44927388.7,modelo_invariante_stableswap
2023-05-03,11807514210,11738047323,5.2,5.2,0.0,11969580364,1307941206.0,4.2279,5.0697,53.1408,367582.17,321786.74,45777942.21,modelo_invariante_stableswap
2023-05-04,12146280670,12075844941,5.3,5.3,0.0,11794145002,1285814596.0,4.0402,5.1647,51.2336,351544.48,333943.04,45003510.86,modelo_invariante_stableswap
2023-05-05,12010112399,11941178624,5.4,5.4,0.0,12532452557,1371524657.0,3.6772,5.2596,53.6423,371970.72,318690.91,48003363.0,modelo_invariante_stableswap
2023-05-06,12820678837,12748236264,5.9,5.9,0.0,11998718795,1302550717.0,3.7222,5.733,50.4544,345807.76,339622.2,45589275.1,modelo_invariante_stableswap
2023-05-07,12231194803,12161703499,6.2,6.2,0.0,12201079873,1311057615.0,4.879,6.0159,49.6638,346826.06,352327.07,45887016.53,modelo_invariante_stableswap
2023-05-08,12093641806,12026816486,6.6,6.6,0.0,11769283018,1265339726.0,4.2229,6.3919,52.3443,360022.72,326118.38,44286890.41,modelo_invariante_stableswap
2023-05-09,11964929826,11900286616,6.7,6.7,0.0,11825891141,1259627421.0,4.6592,6.4857,52.8221,362231.89,321467.81,44086959.74,modelo_invariante_stableswap
2023-05-10,12061916616,11996348784,6.7,6.7,0.0,11953720722,1278334382.0,4.0267,6.4857,51.4921,358247.75,336568.36,44741703.37,modelo_invariante_stableswap
2023-05-11,12020341153,11954934004,6.8,6.8,0.0,11656973663,1234946071.0,4.0124,6.5794,50.7756,349304.77,338379.34,43223112.49,modelo_invariante_stableswap
2023-05-12,11857648505,11793834301,7.0,7.0,0.0,11926857913,1237970062.0,4.4172,6.7665,51.1453,350818.23,334513.07,43328952.17,modelo_invariante_stableswap
2023-05-13,12094459159,12028744875,6.7,6.7,0.0,11947345907,1219335450.0,4.5072,6.4857,50.9176,346061.93,333208.76,42676740.75,modelo_invariante_stableswap
2023-05-14,12086630471,12021378408,6.4,6.4,0.0,11960230620,1220155085.0,3.518,6.2041,51.2566,348074.91,330321.87,42705427.98,modelo_invariante_stableswap
2023-05-15,12050111288,11985264498,6.0,6.0,0.0,12186064417,1226104451.0,3.2109,5.8274,51.9301,351693.74,324275.84,42913655.79,modelo_invariante_stableswap
2023-05-16,12336485682,12270864410,5.9,5.9,0.0,12271773774,1217167918.0,3.1758,5.733,53.578,360546.44,309756.56,42600877.13,modelo_invariante_stableswap
2023-05-17,12428309490,12363078631,5.7,5.7,0.0,11509657914,1212949382.0,3.8234,5.5439,53.0291,355517.21,312720.75,42453228.37,modelo_invariante_stableswap
2023-05-18,11676220680,11610343762,5.4,5.4,0.0,11512913999,1201689419.0,3.3552,5.2596,52.6557,353280.88,315769.6,42059129.67,modelo_invariante_stableswap
2023-05-19,11659889154,11595768891,5.2,5.2,0.0,11622635652,1197842374.0,3.5031,5.0697,53.0543,353078.8,310238.86,41924483.09,modelo_invariante_stableswap
2023-05-20,11761640910,11698012908,5.1,5.1,0.0,11683964977,1205084994.0,3.5879,4.9745,53.8186,359525.94,305702.54,42177974.79,modelo_invariante_stableswap
2023-05-21,11932759672,11868593042,5.0,5.0,0.0,11707397228,1192165918.0,3.1229,4.8793,51.8063,343489.11,318392.3,41725807.13,modelo_invariante_stableswap
2023-05-22,11859851377,11798205080,5.0,5.0,0.0,11884917368,1205895647.0,3.0322,4.8793,52.9557,353729.12,312129.61,42206347.65,modelo_invariante_stableswap
2023-05-23,12038781498,11976903464,5.0,5.0,0.0,12299306752,1220039129.0,3.1388,4.8793,53.3047,353419.44,307219.35,42701369.52,modelo_invariante_stableswap
2023-05-24,12483581476,12420434955,4.9,4.9,0.0,12012717117,1176394343.0,3.3369,4.784,51.2559,335661.19,318550.45,41173802.01,modelo_invariante_stableswap
2023-05-25,12152063015,12091406014,4.9,4.9,0.0,12094563155,1183282454.0,3.3328,4.784,53.3353,352196.24,305753.19,41414885.89,modelo_invariante_stableswap
2023-05-26,12261662791,12200667802,4.9,4.9,0.0,12354788390,1199310461.0,3.2635,4.784,52.6415,347276.33,310591.73,41975866.14,modelo_invariante_stableswap
2023-05-27,12525164678,12463782538,4.8,4.8,0.0,12394229250,1200785600.0,3.2423,4.6887,53.4554,353404.36,305223.47,42027496.0,modelo_invariante_stableswap
2023-05-28,12699895191,12634657123,4.8,4.8,0.0,12906011156,1244475419.0,3.2953,4.6887,50.6799,330214.33,321195.64,43556639.67,modelo_invariante_stableswap
2023-05-29,13265641840,13199768147,4.9,4.9,0.0,12910780073,1235112952.0,2.9598,4.784,51.9301,340143.52,313625.38,43228953.32,modelo_invariante_stableswap
2023-05-30,13128479176,13063680527,4.8,4.8,0.0,13128762485,1169489075.0,3.3587,4.6887,51.2599,316002.72,299842.61,40932117.63,modelo_invariante_stableswap
2023-05-31,13320264442,13254232285,4.8,4.8,0.0,12955174289,1137432983.0,3.1262,4.6887,52.4378,319950.15,288661.04,39810154.4,modelo_invariante_stableswap
2023-06-01,13186075636,13121635128,4.7,4.7,0.0,13071758573,1135334629.0,0.719,4.5932,52.8488,324291.41,287468.69,39736712.02,modelo_invariante_stableswap
2023-06-02,13213209957,13151235588,4.7,4.7,0.0,13406397464,1160362873.0,3.1946,4.5932,51.226,312277.28,296737.5,40612700.56,modelo_invariante_stableswap
2023-06-03,13581630491,13517618917,4.5,4.5,0.0,13329420114,1150232265.0,3.2478,4.402,51.1085,311162.01,297169.39,40258129.28,modelo_invariante_stableswap
2023-06-04,13534596887,13470833829,4.4,4.4,0.0,13436235271,1155742501.0,2.1568,4.3062,52.2465,320938.04,291935.62,40450987.54,modelo_invariante_stableswap
2023-06-05,13499806835,13433505636,4.3,4.3,0.0,12777545228,1087811976.0,2.0163,4.2104,51.8823,312681.86,288896.08,38073419.16,modelo_invariante_stableswap
2023-06-06,12994647709,12934316874,4.3,4.3,0.0,13330807337,1131263107.0,2.1399,4.2104,52.8396,319243.9,283104.52,39594208.75,modelo_invariante_stableswap
2023-06-07,13608689123,13544636428,4.2,4.2,0.0,13116024434,1063466504.0,2.2643,4.1144,51.9961,303010.85,278599.12,37221327.64,modelo_invariante_stableswap
2023-06-08,13279517051,13220827423,4.1,4.1,0.0,13244774774,1072949991.0,2.2656,4.0184,53.3277,312324.82,271229.44,37553249.68,modelo_invariante_stableswap
2023-06-09,13374801947,13316097999,4.0,4.0,0.0,13143672743,1063706106.0,2.1081,3.9223,52.429,304665.8,274973.98,37229713.71,modelo_invariante_stableswap
2023-06-10,13298497149,13245478411,4.1,4.1,0.0,12479075978,1007516411.0,2.1388,4.0184,52.6685,304622.6,272128.75,35263074.39,modelo_invariante_stableswap
2023-06-11,12658806802,12610464915,4.1,4.1,0.0,12650513614,1009882093.0,2.9433,4.0184,52.0206,300866.85,276337.37,35345873.26,modelo_invariante_stableswap
2023-06-12,12664068776,12615789642,4.0,4.0,0.0,12478581646,992666236.0,1.8723,3.9223,52.3071,299460.79,271691.83,34743318.26,modelo_invariante_stableswap
2023-06-13,12565609249,12518601778,4.0,4.0,0.0,12498252783,980980379.0,2.0147,3.9223,51.115,288822.92,275756.75,34334313.26,modelo_invariante_stableswap
2023-06-14,12659197483,12612231993,3.9,3.9,0.0,11866758375,892935212.0,1.9827,3.8261,50.6632,274211.8,266913.49,31252732.42,modelo_invariante_stableswap
2023-06-15,12659197483,12612231993,3.9,3.9,0.0,12010401879,898302478.0,1.9906,3.8261,49.6455,267138.93,271588.1,31440586.73,modelo_invariante_stableswap
2023-06-16,12748691975,12699621224,3.9,3.9,0.0,12418632612,915615010.0,2.3962,3.8261,50.9427,272041.37,261655.18,32046525.35,modelo_invariante_stableswap
2023-06-17,12748691975,12699621224,3.9,3.9,0.0,12505620867,919673448.0,1.9485,3.8261,51.9089,277466.59,256068.25,32188570.68,modelo_invariante_stableswap
2023-06-18,12623114008,12575062214,3.8,3.8,0.0,12493032406,917211633.0,2.1228,3.7298,50.4186,268713.57,264309.9,32102407.16,modelo_invariante_stableswap
2023-06-19,12619107113,12571372274,3.8,3.8,0.0,12621688752,826675978.0,1.9374,3.7298,51.6914,246722.01,229823.97,28933659.23,modelo_invariante_stableswap
2023-06-20,12830378845,12780885413,3.8,3.8,0.0,12984451451,831282504.0,1.8553,3.7298,53.1346,248259.53,217387.3,29094887.64,modelo_invariante_stableswap
2023-06-21,13261343754,13210114398,3.8,3.8,0.0,13752738422,877154051.0,2.0837,3.7298,53.132,248246.02,217399.39,30700391.79,modelo_invariante_stableswap
2023-06-22,14181059656,14128056011,3.8,3.8,0.0,13834205696,870595215.0,2.0642,3.7298,50.327,233822.9,230894.13,30470832.52,modelo_invariante_stableswap
2023-06-23,13959826701,13909310009,3.8,3.8,0.0,14065085143,871014399.0,2.141,3.7298,51.4512,237374.94,223401.16,30485503.97,modelo_invariante_stableswap
2023-06-24,14054834324,14002006323,3.8,3.8,0.0,13825125038,879734948.0,2.0923,3.7298,52.0334,245027.62,224928.44,30790723.18,modelo_invariante_stableswap
2023-06-25,13986640824,13936047145,3.8,3.8,0.0,14016611414,887627957.0,1.936,3.7298,51.8206,242905.88,225020.7,31066978.5,modelo_invariante_stableswap
2023-06-26,14157655736,14106383349,3.8,3.8,0.0,13746433412,861984562.0,1.8193,3.7298,52.6936,245750.67,219300.23,30169459.67,modelo_invariante_stableswap
2023-06-27,13964783717,13915160289,3.8,3.8,0.0,14054944171,873284590.0,1.9314,3.7298,51.5994,239175.71,223673.15,30564960.65,modelo_invariante_stableswap
2023-06-28,14050708812,14000996098,3.8,3.8,0.0,13631640138,844157804.0,1.9177,3.7298,52.3995,243246.56,219819.62,29545523.14,modelo_invariante_stableswap
2023-06-29,13758006694,13709414929,3.8,3.8,0.0,13797869759,856651817.0,2.081,3.7298,52.6225,244801.08,219119.89,29982813.6,modelo_invariante_stableswap
2023-06-30,13951078500,13896350522,3.8,3.8,0.0,14446229235,890781256.0,2.0486,3.7298,52.9502,245635.04,216797.31,31177343.96,modelo_invariante_stableswap
2023-07-01,14635473026,14579625925,3.9,3.9,0.0,14437758759,884793059.0,2.3225,3.8261,51.891,239474.71,221174.06,30967757.06,modelo_invariante_stableswap
2023-07-02,14618052475,14560212178,3.9,3.9,0.0,14480416884,889546224.0,2.3678,3.8261,53.1433,245779.36,215135.3,31134117.84,modelo_invariante_stableswap
2023-07-03,14753808923,14694392433,4.0,4.0,0.0,14759097741,839702133.0,1.8954,3.9223,53.6686,232486.3,198960.85,29389574.66,modelo_invariante_stableswap
2023-07-04,14903732389,14844251469,4.0,4.0,0.0,14634764718,814866073.0,2.0136,3.9223,50.8829,214322.01,206667.62,28520312.56,modelo_invariante_stableswap
2023-07-05,14785171275,14726616766,4.0,4.0,0.0,14432378897,765813165.0,2.0079,3.9223,51.2592,205888.83,195365.55,26803460.78,modelo_invariante_stableswap
2023-07-06,14537272522,14478458266,4.0,4.0,0.0,14198927725,750124159.0,1.9439,3.9223,52.4469,213955.42,192956.56,26254345.56,modelo_invariante_stableswap
2023-07-07,14136026935,14075115761,4.0,4.0,0.0,14216155100,748918477.0,2.0813,3.9223,52.7228,212375.78,189280.08,26212146.7,modelo_invariante_stableswap
2023-07-08,14373006487,14308097476,3.9,3.9,0.0,14121987232,736500133.0,2.098,3.8261,54.9873,219788.13,177706.47,25777504.66,modelo_invariante_stableswap
2023-07-09,14355126150,14289354485,3.8,3.8,0.0,14203080552,739340914.0,2.0924,3.7298,51.898,206750.89,190894.38,25876931.99,modelo_invariante_stableswap
2023-07-10,14328936409,14267715255,3.9,3.9,0.0,14243286678,740994688.0,1.9403,3.8261,51.5216,203580.55,191018.69,25934814.08,modelo_invariante_stableswap
2023-07-11,14468614213,14407017636,3.9,3.9,0.0,14305730228,740449548.0,1.962,3.8261,51.4074,203155.19,191554.12,25915734.18,modelo_invariante_stableswap
2023-07-12,14501856695,14438087500,3.9,3.9,0.0,14340151412,736247799.0,2.1197,3.8261,50.8884,200342.45,193142.16,25768672.97,modelo_invariante_stableswap
2023-07-13,14523842175,14461194730,3.9,3.9,0.0,15192588065,619020539.0,1.965,3.8261,52.598,163205.92,146237.99,21665718.86,modelo_invariante_stableswap
2023-07-14,15702768872,15619703066,3.9,3.9,0.0,14830794114,596308022.0,2.0096,3.8261,51.4658,158665.84,149232.16,20870780.77,modelo_invariante_stableswap
2023-07-15,15102160467,15024591817,3.8,3.8,0.0,14925024548,594591779.0,2.1999,3.7298,51.68,159610.49,148750.16,20810712.26,modelo_invariante_stableswap
2023-07-16,15137251266,15059533081,3.8,3.8,0.0,14965006791,594366572.0,1.9395,3.7298,51.3103,158888.03,150438.38,20802830.02,modelo_invariante_stableswap
2023-07-17,15058473484,14980509920,3.9,3.9,0.0,14839930668,585399685.0,1.9182,3.8261,51.6746,158753.27,147985.73,20488988.98,modelo_invariante_stableswap
2023-07-18,15005023017,14929530181,3.8,3.8,0.0,14712713056,579709358.0,2.1294,3.7298,51.0143,156066.23,149649.44,20289827.53,modelo_invariante_stableswap
2023-07-19,14967740891,14896094473,3.9,3.9,0.0,14660569996,574777620.0,2.0379,3.8261,50.5318,153769.1,150519.27,20117216.7,modelo_invariante_stableswap
2023-07-20,14843258799,14770575704,3.9,3.9,0.0,14710232209,575721605.0,2.103,3.8261,50.8836,155082.62,149538.94,20150256.18,modelo_invariante_stableswap
2023-07-21,14860776832,14791015348,3.9,3.9,0.0,14718966304,568458865.0,2.1823,3.8261,50.9249,153177.39,147441.96,19896060.28,modelo_invariante_stableswap
2023-07-22,14907017459,14835391791,3.9,3.9,0.0,14675034133,542323059.0,2.2254,3.8261,51.4001,149843.06,141330.42,18981307.07,modelo_invariante_stableswap
2023-07-23,14652662515,14585929515,3.9,3.9,0.0,14711605371,539204767.0,2.1478,3.8261,51.3694,146966.56,138799.35,18872166.85,modelo_invariante_stableswap
2023-07-24,14917151372,14849261849,4.0,4.0,0.0,14457906517,528045582.0,1.9567,3.9223,51.2187,146481.73,139236.53,18481595.37,modelo_invariante_stableswap
2023-07-25,14636086245,14571846866,4.0,4.0,0.0,14602116521,520555074.0,2.145,3.9223,50.8292,142556.12,137780.82,18219427.59,modelo_invariante_stableswap
2023-07-26,14721066651,14656750184,4.0,4.0,0.0,14690398972,522174008.0,2.1069,3.9223,51.0782,142691.15,136450.48,18276090.28,modelo_invariante_stableswap
2023-07-27,14837123633,14767455923,4.0,4.0,0.0,14638936418,517981801.0,2.1432,3.9223,51.1482,142666.37,136018.42,18129363.04,modelo_invariante_stableswap
2023-07-28,14832020828,14761837012,4.0,4.0,0.0,14814675532,522898997.0,2.1124,3.9223,50.8902,142093.55,136976.18,18301464.9,modelo_invariante_stableswap
2023-07-29,14966842576,14897392843,4.0,4.0,0.0,14875188675,523473171.0,2.0726,3.9223,51.7881,144628.89,134166.43,18321560.99,modelo_invariante_stableswap
2023-07-30,15041003840,14971148558,4.0,4.0,0.0,14726044189,429428903.0,2.1893,3.9223,51.0296,117882.19,112961.15,15030011.61,modelo_invariante_stableswap
2023-07-31,15009087732,14940895402,4.2,4.2,0.0,14750409517,406746134.0,2.0595,4.1144,51.2625,112567.78,106800.04,14236114.69,modelo_invariante_stableswap
2023-08-01,14948825222,14882143286,4.2,4.2,0.0,14700687625,386672768.0,2.2063,4.1144,51.9512,107748.7,99258.72,13533546.88,modelo_invariante_stableswap
2023-08-02,14995249670,14928173217,4.2,4.2,0.0,14655377239,366599402.0,2.353,4.1144,51.4406,102805.33,96797.03,12830979.07,modelo_invariante_stableswap
2023-08-03,14794566483,14730980518,4.1,4.1,0.0,14600270151,365251538.0,2.3138,4.0184,52.3341,104688.18,94870.33,12783803.83,modelo_invariante_stableswap
2023-08-04,14769826320,14707725035,4.1,4.1,0.0,14610943720,363511195.0,2.1529,4.0184,51.8213,103440.9,95822.08,12722891.82,modelo_invariante_stableswap
2023-08-05,14771520320,14709372880,4.1,4.1,0.0,14641436248,386207439.0,2.015,4.0184,51.1504,107847.69,102812.92,13517260.37,modelo_invariante_stableswap
2023-08-06,14804465591,14742381090,4.0,4.0,0.0,14591279620,384262296.0,1.9768,3.9223,51.457,108483.69,102071.91,13449180.36,modelo_invariante_stableswap
2023-08-07,14749835989,14686714595,4.1,4.1,0.0,14573818750,386700802.0,1.9146,4.0184,51.4519,109191.23,102759.7,13534528.07,modelo_invariante_stableswap
2023-08-08,14792749824,14729398750,3.8,3.8,0.0,14882313505,392602454.0,2.0506,3.7298,51.0486,108157.51,103558.24,13741085.89,modelo_invariante_stableswap
2023-08-09,15019361315,14953235952,3.8,3.8,0.0,14841597468,405878202.0,2.2024,3.7298,51.5432,113143.59,106064.67,14205737.07,modelo_invariante_stableswap
2023-08-10,15020386163,14955167067,3.8,3.8,0.0,14893548365,403877088.0,2.0488,3.7298,50.9727,111378.17,106989.13,14135698.08,modelo_invariante_stableswap
2023-08-11,15054618397,14988136260,3.8,3.8,0.0,14862647590,401263118.0,2.0297,3.7298,50.8493,110568.94,106773.58,14044209.13,modelo_invariante_stableswap
2023-08-12,15093337060,15026716547,3.8,3.8,0.0,14939188588,384860766.0,2.0678,3.7298,51.1742,106720.37,101634.78,13470126.81,modelo_invariante_stableswap
2023-08-13,15119680283,15052674938,3.8,3.8,0.0,14992833491,382001502.0,1.8939,3.7298,50.5679,105044.26,102665.94,13370052.57,modelo_invariante_stableswap
2023-08-14,15061323935,14995678171,3.8,3.8,0.0,14934294403,381041636.0,1.838,3.7298,51.0778,105702.95,101081.76,13336457.26,modelo_invariante_stableswap
2023-08-15,15122349121,15054282572,3.8,3.8,0.0,14851919166,368818925.0,1.8858,3.7298,52.532,106644.68,95828.05,12908662.38,modelo_invariante_stableswap
2023-08-16,15024942432,14960350483,3.8,3.8,0.0,14700077357,365549213.0,2.1122,3.7298,51.0351,103470.51,99127.66,12794222.46,modelo_invariante_stableswap
2023-08-17,14736689562,14674011705,3.8,3.8,0.0,13374099524,332928728.0,2.1695,3.7298,50.2533,99229.3,98295.59,11652505.48,modelo_invariante_stableswap
2023-08-18,13952101446,13892150386,4.0,4.0,0.0,13578011052,334619247.0,2.1502,3.9223,49.6339,99757.0,101468.93,11711673.65,modelo_invariante_stableswap
2023-08-19,13781757091,13723079024,4.0,4.0,0.0,13679202464,334820865.0,2.9225,3.9223,50.8986,102191.15,98475.44,11718730.28,modelo_invariante_stableswap
2023-08-20,13869936895,13810142866,4.0,4.0,0.0,13815533540,344916647.0,2.0056,3.9223,50.6613,103757.69,101004.41,12072082.65,modelo_invariante_stableswap
2023-08-21,13953283644,13894456590,4.1,4.1,0.0,13803739456,341037534.0,1.8938,4.0184,49.8576,101804.05,102565.51,11936313.69,modelo_invariante_stableswap
2023-08-22,13911579924,13853810633,4.0,4.0,0.0,13395928704,329203822.0,1.9679,3.9223,50.8073,102454.9,99115.7,11522133.77,modelo_invariante_stableswap
2023-08-23,13721661318,13665781398,4.0,4.0,0.0,13672815226,340808686.0,2.1393,3.9223,50.7011,102954.57,100052.33,11928304.01,modelo_invariante_stableswap
2023-08-24,14174833566,14115933749,4.0,4.0,0.0,13824935039,339406901.0,2.0202,3.9223,50.2777,102739.4,101666.85,11879241.54,modelo_invariante_stableswap
2023-08-25,14008061745,13951774288,4.0,4.0,0.0,13822755099,339287702.0,2.0264,3.9223,50.8504,104477.64,100886.03,11875069.57,modelo_invariante_stableswap
2023-08-26,13960004405,13904980776,3.8,3.8,0.0,13836636769,334963334.0,2.0587,3.7298,51.4497,104954.71,98781.88,11723716.69,modelo_invariante_stableswap
2023-08-27,13945644933,13892071393,3.7,3.7,0.0,13881530102,336219919.0,1.9459,3.6334,50.8416,103226.96,99715.96,11767697.16,modelo_invariante_stableswap
2023-08-28,14050995724,13996170119,3.8,3.8,0.0,13934257171,334208607.0,1.7807,3.7298,50.6712,102530.43,99767.1,11697301.24,modelo_invariante_stableswap
2023-08-29,14120269928,14065820510,3.8,3.8,0.0,14722074923,349094591.0,1.965,3.7298,51.5037,104231.84,97875.27,12218310.68,modelo_invariante_stableswap
2023-08-30,14875506624,14818178497,3.8,3.8,0.0,14513329111,342935095.0,2.2268,3.7298,51.8574,104685.95,96825.28,12002728.32,modelo_invariante_stableswap
2023-08-31,14687616085,14632852178,3.8,3.8,0.0,14032180979,329515249.0,2.1673,3.7298,50.2365,100518.47,99644.16,11533033.72,modelo_invariante_stableswap
2023-09-01,14214115207,14161203291,3.8,3.8,0.0,13876886142,325037214.0,1.9272,3.7298,52.0345,104295.85,95736.45,11376302.49,modelo_invariante_stableswap
2023-09-02,14070700565,14018954976,3.7,3.7,0.0,13958824315,326574483.0,1.9818,3.6334,51.6523,103368.7,96449.81,11430106.9,modelo_invariante_stableswap
2023-09-03,14091118194,14038986031,3.7,3.7,0.0,13975919695,326080836.0,1.7679,3.6334,51.3979,102689.62,96864.62,11412829.26,modelo_invariante_stableswap
2023-09-04,14066324892,14013865167,3.7,3.7,0.0,13866748080,323187520.0,1.6608,3.6334,51.51,102435.93,96163.48,11311563.2,modelo_invariante_stableswap
2023-09-05,14033622762,13981701011,3.7,3.7,0.0,13967571000,278166310.0,1.8081,3.6334,51.3643,87668.27,82814.39,9735820.85,modelo_invariante_stableswap
2023-09-06,14135866825,14082196584,3.6,3.6,0.0,13970318633,277985503.0,1.9953,3.5369,51.4771,87905.06,82638.45,9729492.6,modelo_invariante_stableswap
2023-09-07,14139557452,14089082773,3.6,3.6,0.0,14169315704,281618430.0,2.1763,3.5369,52.0845,89414.16,81900.33,9856645.05,modelo_invariante_stableswap
2023-09-08,14295779260,14244332943,3.6,3.6,0.0,14045647489,278663753.0,2.0601,3.5369,51.1391,87252.06,83218.78,9753231.36,modelo_invariante_stableswap
2023-09-09,14174578650,14124166056,3.6,3.6,0.0,14049050925,279255023.0,1.9356,3.5369,51.3286,87858.99,83121.82,9773925.81,modelo_invariante_stableswap
2023-09-10,14156014355,14106249580,3.7,3.7,0.0,13955271543,276094997.0,1.9864,3.6334,51.219,87636.17,83299.89,9663324.9,modelo_invariante_stableswap
2023-09-11,14039589319,13992737330,3.7,3.7,0.0,13343453068,247371697.0,1.8048,3.6334,50.5996,80691.33,78756.99,8658009.4,modelo_invariante_stableswap
2023-09-12,13521924580,13473928153,3.8,3.8,0.0,13785248596,255145173.0,2.0746,3.7298,50.7124,81300.86,78970.41,8930081.06,modelo_invariante_stableswap
2023-09-13,13877754211,13828797192,3.8,3.8,0.0,13879950122,256123043.0,2.2105,3.7298,51.4253,82119.31,77370.55,8964306.51,modelo_invariante_stableswap
2023-09-14,13981684198,13931333485,3.7,3.7,0.0,14057594564,259485554.0,1.9676,3.6334,51.4731,82313.53,77395.6,9081994.39,modelo_invariante_stableswap
2023-09-15,14159981628,14109138368,3.7,3.7,0.0,14114960131,262564241.0,1.7991,3.6334,50.8234,81358.9,78653.17,9189748.44,modelo_invariante_stableswap
2023-09-16,14374482463,14322751503,3.6,3.6,0.0,14153368317,260163622.0,1.9041,3.5369,50.527,80394.41,78711.56,9105726.77,modelo_invariante_stableswap
2023-09-17,14197370777,14146399904,3.6,3.6,0.0,13981493703,257453288.0,1.831,3.5369,50.7482,80560.93,78131.97,9010865.08,modelo_invariante_stableswap
2023-09-18,14114247897,14061708871,3.6,3.6,0.0,14215283214,260983771.0,1.7102,3.5369,50.9741,81355.55,78144.29,9134431.99,modelo_invariante_stableswap
2023-09-19,14290920992,14233812972,3.6,3.6,0.0,14264640206,260808059.0,1.8049,3.5369,49.3459,78058.4,80381.4,9128282.07,modelo_invariante_stableswap
2023-09-20,14395790735,14337817257,3.6,3.6,0.0,14128241306,257846295.0,1.9256,3.5369,50.1996,79691.81,79123.34,9024620.33,modelo_invariante_stableswap
2023-09-21,14233920760,14178108458,3.6,3.6,0.0,13789892101,251658430.0,1.9468,3.5369,48.8046,77164.76,81320.96,8808045.05,modelo_invariante_stableswap
2023-09-22,13915328318,13861890872,3.6,3.6,0.0,13884326230,252766040.0,1.946,3.5369,49.5112,78335.69,80098.48,8846811.4,modelo_invariante_stableswap
2023-09-23,14049287880,13992785576,3.6,3.6,0.0,13895682649,252205334.0,1.8693,3.5369,50.3219,79588.16,78608.45,8827186.69,modelo_invariante_stableswap
2023-09-24,14029510174,13972998792,3.5,3.5,0.0,13851150619,252037165.0,1.7641,3.4403,50.3558,80251.03,79148.41,8821300.78,modelo_invariante_stableswap
2023-09-25,13860335259,13804525917,3.6,3.6,0.0,13835568829,251117901.0,1.8395,3.5369,50.6595,80128.93,78008.72,8789126.54,modelo_invariante_stableswap
2023-09-26,13981409106,13925369228,3.6,3.6,0.0,13885590804,251377529.0,1.7659,3.5369,50.9968,80562.08,77307.38,8798213.52,modelo_invariante_stableswap
2023-09-27,14035074429,13979772336,3.6,3.6,0.0,13949989210,250799977.0,1.9973,3.5369,50.4168,79134.14,77843.81,8777999.2,modelo_invariante_stableswap
2023-09-28,14129637730,14073985978,3.5,3.5,0.0,14428202205,257061075.0,1.8715,3.4403,51.7005,80671.23,75116.92,8997137.62,modelo_invariante_stableswap
2023-09-29,14625611622,14568050691,3.5,3.5,0.0,14605671694,214340836.0,1.8639,3.4403,50.9146,65502.76,63077.79,7501929.26,modelo_invariante_stableswap
2023-09-30,14758254437,14699628202,3.5,3.5,0.0,14719874125,215239297.0,1.8503,3.4403,49.7598,63959.03,64707.57,7533375.4,modelo_invariante_stableswap
2023-10-01,14855335923,14794067778,3.5,3.5,0.0,14734203793,221999256.0,1.856,3.4403,50.558,64745.61,63306.13,7769973.96,modelo_invariante_stableswap
2023-10-02,15337824048,15273100330,3.5,3.5,0.0,14542703895,212718896.0,1.7785,3.4403,50.2408,64194.58,63624.19,7445161.36,modelo_invariante_stableswap
2023-10-03,14766535283,14703082974,3.6,3.6,0.0,14533845697,212014645.0,1.9146,3.5369,50.6369,64827.11,63172.38,7420512.58,modelo_invariante_stableswap
2023-10-04,14629015965,14568822544,3.6,3.6,0.0,14510015876,211030878.0,2.0303,3.5369,50.9446,65321.92,62822.91,7386080.73,modelo_invariante_stableswap
2023-10-05,14647885045,14590550707,3.6,3.6,0.0,14270638483,206825171.0,1.9246,3.5369,50.0737,64192.1,64077.86,7238880.98,modelo_invariante_stableswap
2023-10-06,14397217191,14340866345,3.6,3.6,0.0,14579420437,210596224.0,1.788,3.5369,50.804,65061.72,62949.89,7370867.84,modelo_invariante_stableswap
2023-10-07,14646932763,14589176908,3.5,3.5,0.0,14398705958,208679731.0,1.743,3.4403,49.8032,63463.18,64086.8,7303790.59,modelo_invariante_stableswap
2023-10-08,14535946314,14478716837,3.5,3.5,0.0,14447474416,208127182.0,1.7205,3.4403,50.4777,64308.69,63095.28,7284451.37,modelo_invariante_stableswap
2023-10-09,14549809854,14492860943,3.4,3.4,0.0,13935228582,201370229.0,1.8813,3.3436,50.9059,64959.47,62577.74,7047958.02,modelo_invariante_stableswap
2023-10-10,14100544991,14046334237,3.4,3.4,0.0,13815001735,199062792.0,1.7666,3.3436,49.3134,62413.52,64360.24,6967197.72,modelo_invariante_stableswap
2023-10-11,13901118413,13846647164,3.3,3.3,0.0,13785380058,198718489.0,1.7573,3.2469,50.8475,64574.34,62362.42,6955147.12,modelo_invariante_stableswap
2023-10-12,13898495823,13845183787,3.3,3.3,0.0,13560728740,195295698.0,1.7611,3.2469,51.4844,65483.2,61540.83,6835349.43,modelo_invariante_stableswap
2023-10-13,13726279754,13673722414,3.3,3.3,0.0,13757708256,198125996.0,1.7911,3.2469,50.9541,65124.4,62607.68,6934409.86,modelo_invariante_stableswap
2023-10-14,13818388474,13764658107,3.3,3.3,0.0,13744564559,197406098.0,1.7511,3.2469,50.8157,64555.44,62428.63,6909213.43,modelo_invariante_stableswap
2023-10-15,13836524177,13782971623,3.3,3.3,0.0,13767392070,197331405.0,1.7511,3.2469,50.4223,63846.86,62790.8,6906599.18,modelo_invariante_stableswap
2023-10-16,13854541047,13800603220,3.3,3.3,0.0,14056132064,202314587.0,1.9011,3.2469,51.2139,64863.7,61667.89,7081010.55,modelo_invariante_stableswap
2023-10-17,14259747155,14201710937,3.4,3.4,0.0,13782074757,196567587.0,2.0911,3.3436,50.2076,62993.91,62522.77,6879865.55,modelo_invariante_stableswap
2023-10-18,13939930131,13883921204,3.5,3.5,0.0,13774496019,196902294.0,2.3511,3.4403,50.2631,63248.82,62627.06,6891580.29,modelo_invariante_stableswap
2023-10-19,13936871415,13882647750,3.6,3.6,0.0,13816376626,196974692.0,1.791,3.5369,50.573,63565.48,62112.39,6894114.22,modelo_invariante_stableswap
2023-10-20,13954548987,13898075691,3.6,3.6,0.0,14204594946,201630216.0,2.081,3.5369,51.1471,64381.83,61384.66,7057057.56,modelo_invariante_stableswap
2023-10-21,14302646422,14242316334,3.6,3.6,0.0,14407011457,197737903.0,1.9211,3.5369,50.1481,60802.68,60502.07,6920826.6,modelo_invariante_stableswap
2023-10-22,14584836718,14520194233,3.7,3.7,0.0,14472835509,201824916.0,1.7811,3.6334,51.384,62495.95,58986.04,7063872.06,modelo_invariante_stableswap
2023-10-23,14820927134,14757657882,3.7,3.7,0.0,15112944899,213950647.0,1.8811,3.6334,51.7476,62929.07,58478.28,7488272.64,modelo_invariante_stableswap
2023-10-24,15839864584,15771543236,3.8,3.8,0.0,15623606476,216361283.0,2.3711,3.7298,50.1365,60729.64,60458.96,7572644.9,modelo_invariante_stableswap
2023-10-25,15773371295,15710634976,3.6,3.6,0.0,15746769109,215835679.0,1.9011,3.5369,50.8632,61480.54,59334.68,7554248.76,modelo_invariante_stableswap
2023-10-26,15898100727,15830940050,3.7,3.7,0.0,15859313343,217346493.0,2.1011,3.6334,51.0617,61612.92,58959.67,7607127.26,modelo_invariante_stableswap
2023-10-27,15965292483,15898409995,3.7,3.7,0.0,15637891985,214717063.0,2.0311,3.6334,51.9567,62923.69,57951.82,7515097.21,modelo_invariante_stableswap
2023-10-28,15815256493,15750224000,3.8,3.8,0.0,15651387910,214565730.0,2.2411,3.7298,50.9778,61647.68,59205.05,7509800.55,modelo_invariante_stableswap
2023-10-29,15764172804,15699911296,3.8,3.8,0.0,15843353945,219976012.0,1.7711,3.7298,51.138,62759.85,59861.68,7699160.42,modelo_invariante_stableswap
2023-10-30,15963129244,15896360515,3.8,3.8,0.0,15917609456,218687773.0,1.7911,3.7298,51.3198,62142.23,58813.47,7654072.06,modelo_invariante_stableswap
2023-10-31,16306961418,16230886612,3.8,3.8,0.0,15931207535,218969387.0,2.0811,3.7298,52.5174,63660.13,57239.06,7663928.55,modelo_invariante_stableswap
2023-11-01,16201928397,16125202288,3.8,3.8,0.0,16279550913,222484759.0,2.0312,3.7298,52.2619,63255.66,57501.31,7786966.56,modelo_invariante_stableswap
2023-11-02,16466391784,16383782249,3.8,3.8,0.0,15988110784,216536121.0,2.2111,3.7298,50.5361,60779.02,59483.47,7578764.24,modelo_invariante_stableswap
2023-11-03,16391026801,16312195986,3.8,3.8,0.0,16175225139,220405681.0,1.9612,3.7298,51.7717,62476.49,57997.6,7714198.84,modelo_invariante_stableswap
2023-11-04,16482794639,16402337881,3.7,3.7,0.0,16326288774,223579542.0,1.8612,3.6334,52.0184,62867.24,57747.24,7825283.97,modelo_invariante_stableswap
2023-11-05,16978112256,16898450489,3.7,3.7,0.0,16675754548,226537036.0,1.7712,3.6334,51.7195,62062.66,57742.37,7928796.26,modelo_invariante_stableswap
2023-11-06,17091136315,17014429893,3.7,3.7,0.0,16899011451,229228043.0,1.9212,3.6334,51.9272,62899.47,58003.02,8022981.51,modelo_invariante_stableswap
2023-11-07,16945073276,16867881999,3.7,3.7,0.0,16809888837,214888845.0,1.9412,3.6334,52.709,60353.66,53822.39,7521109.58,modelo_invariante_stableswap
2023-11-08,17086595532,17005190460,3.7,3.7,0.0,16903230076,216324465.0,2.0013,3.6334,51.3891,58983.45,55658.75,7571356.28,modelo_invariante_stableswap
2023-11-09,17310832823,17229465910,3.6,3.6,0.0,18640962840,239216749.0,2.1311,3.5369,52.6217,59708.87,53446.6,8372586.22,modelo_invariante_stableswap
2023-11-10,18954686142,18869125699,3.8,3.8,0.0,18713957645,237323659.0,2.5212,3.7298,50.8654,58142.26,56107.72,8306328.06,modelo_invariante_stableswap
2023-11-11,18682568282,18588017072,3.8,3.8,0.0,18273188666,231922281.0,2.0713,3.7298,51.2201,57984.7,55113.17,8117279.84,modelo_invariante_stableswap
2023-11-12,18579274517,18478188684,3.9,3.9,0.0,18443652875,233115754.0,1.9313,3.8261,50.8654,58035.76,56004.86,8159051.39,modelo_invariante_stableswap
2023-11-13,18643119720,18544993190,3.9,3.9,0.0,18457953119,223023355.0,2.1412,3.8261,51.3107,55802.78,52834.22,7805817.43,modelo_invariante_stableswap
2023-11-14,18469180601,18380164692,4.0,4.0,0.0,17697307875,214592476.0,2.3113,3.9223,50.2817,54488.75,53910.55,7510736.66,modelo_invariante_stableswap
2023-11-15,18190306894,18086162211,4.0,4.0,0.0,18335659005,220332144.0,2.2114,3.9223,51.995,55830.15,51334.62,7711625.04,modelo_invariante_stableswap
2023-11-16,18505458842,18397367052,4.0,4.0,0.0,17513987382,211086463.0,2.0513,3.9223,50.9406,54903.28,52811.92,7388026.21,modelo_invariante_stableswap
2023-11-17,17823214548,17728052099,3.9,3.9,0.0,17376767659,210796256.0,1.8513,3.8261,52.655,56929.11,50885.94,7377868.96,modelo_invariante_stableswap
2023-11-18,17549241321,17490737763,3.8,3.8,0.0,17570301953,210406269.0,1.9012,3.7298,51.6319,55506.17,51836.25,7364219.42,modelo_invariante_stableswap
2023-11-19,17793180107,17731622128,3.8,3.8,0.0,17820820683,212400783.0,1.7812,3.7298,52.8908,56169.62,49702.17,7434027.4,modelo_invariante_stableswap
2023-11-20,18507484832,18445755904,3.7,3.7,0.0,18196890837,216374015.0,1.8512,3.6334,50.742,54328.51,52704.69,7573090.52,modelo_invariante_stableswap
2023-11-21,18327786533,18271047978,3.7,3.7,0.0,17814285819,210259476.0,1.8912,3.6334,49.0688,53053.94,55283.29,7359081.66,modelo_invariante_stableswap
2023-11-22,18465548894,18411297955,3.6,3.6,0.0,19035437320,221733726.0,2.1512,3.5369,50.95,54791.47,52682.96,7760680.41,modelo_invariante_stableswap
2023-11-23,18976798491,18934503709,3.6,3.6,0.0,19007306629,220794769.0,2.0712,3.5369,51.9494,55842.49,51446.35,7727816.92,modelo_invariante_stableswap
2023-11-24,19519463230,19477030095,3.6,3.6,0.0,19008647949,219896499.0,1.8812,3.5369,50.8135,53736.33,51970.94,7696377.47,modelo_invariante_stableswap
2023-11-25,19232545059,19176600847,3.6,3.6,0.0,19173980973,221942792.0,1.8812,3.5369,51.9542,55540.66,51158.02,7767997.72,modelo_invariante_stableswap
2023-11-26,19394338929,19338093164,3.6,3.6,0.0,19086277361,220758288.0,1.7112,3.5369,51.4158,55149.92,51981.87,7726540.08,modelo_invariante_stableswap
2023-11-27,18811997451,18758986693,3.6,3.6,0.0,18601498706,214698227.0,1.9012,3.5369,51.5946,54801.65,51259.96,7514437.94,modelo_invariante_stableswap
2023-11-28,18827650342,18773684071,3.6,3.6,0.0,19044134257,217377176.0,1.9412,3.5369,51.3074,54543.49,51649.14,7608201.16,modelo_invariante_stableswap
2023-11-29,19130877796,19073050761,3.7,3.7,0.0,18785240361,215843127.0,2.0512,3.6334,50.9114,54195.35,52196.12,7554509.44,modelo_invariante_stableswap
2023-11-30,18989258739,18931657114,3.6,3.6,0.0,18977490523,217326473.0,2.0012,3.5369,51.7279,54954.82,51110.88,7606426.56,modelo_invariante_stableswap
2023-12-01,19580790056,19522626144,3.6,3.6,0.0,19400421889,221356044.0,2.1412,3.5369,51.645,54945.64,51283.91,7747461.54,modelo_invariante_stableswap
2023-12-02,19692269706,19633534825,3.6,3.6,0.0,19993358398,228267686.0,1.9312,3.5369,51.7374,54717.31,50869.48,7989369.01,modelo_invariante_stableswap
2023-12-03,20288333559,20228206799,3.6,3.6,0.0,19999059999,232602287.0,1.8512,3.5369,49.9131,52839.03,53108.38,8141080.05,modelo_invariante_stableswap
2023-12-04,21029960298,20971879566,3.7,3.7,0.0,20971879566,234682765.0,1.9412,3.6334,51.6698,54230.12,50562.4,8213896.78,modelo_invariante_stableswap
2023-12-05,20649515030,20593446445,4.0,4.0,0.0,20593446445,240768363.0,2.3812,3.9223,52.2447,55100.89,50125.4,8426892.7,modelo_invariante_stableswap
2023-12-06,21331001450,21271900517,4.0,4.0,0.0,21271900517,236950030.0,2.3112,3.9223,51.1369,54390.25,51881.14,8293251.05,modelo_invariante_stableswap
2023-12-07,20877082092,20818520476,4.0,4.0,0.0,20818520476,248578722.0,2.1311,3.9223,52.0658,55133.66,50540.85,8700255.27,modelo_invariante_stableswap
2023-12-08,21948528820,21882569405,4.0,4.0,0.0,21882569405,247719267.0,2.1612,3.9223,52.0432,54889.0,50365.32,8670174.35,modelo_invariante_stableswap
2023-12-09,21959468720,21889779990,3.9,3.9,0.0,21889779990,245235806.0,2.3612,3.8261,51.9567,54642.26,50324.77,8583253.21,modelo_invariante_stableswap
2023-12-10,21802994563,21738139244,3.3,3.3,0.0,21738139244,245998785.0,1.8213,3.2469,52.2316,54879.34,49951.87,8609957.48,modelo_invariante_stableswap
2023-12-11,20898098230,20835772031,3.8,3.8,0.0,19898974103,230050230.0,2.1013,3.7298,51.9162,53897.13,49724.84,8051758.05,modelo_invariante_stableswap
2023-12-12,20638101676,20574248307,4.0,4.0,0.0,20574248307,227125287.0,2.4112,3.9223,51.9293,53772.04,49581.58,7949385.05,modelo_invariante_stableswap
2023-12-13,20216591081,20157620655,3.8,3.8,0.0,19996427138,225720690.0,2.3712,3.7298,52.9594,53237.37,46968.98,7900224.15,modelo_invariante_stableswap
2023-12-14,21275160925,21210624182,3.6,3.6,0.0,21210624182,226327651.8,2.3032,3.5369,52.1892,51225.42,46710.68,7921467.81,modelo_invariante_stableswap
2023-12-15,21102822948,21032839211,4.1,4.1,0.0,21032839211,226934613.6,2.2352,4.0184,49.4192,50383.6,51720.45,7942711.48,modelo_invariante_stableswap
2023-12-16,20835168526,20769115893,3.8,3.8,0.0,20769115893,227541575.4,2.1672,3.7298,51.1942,52408.64,49868.39,7963955.14,modelo_invariante_stableswap
2023-12-17,20548834635,20484342411,4.0,4.0,0.0,20484342411,228148537.2,2.0992,3.9223,49.7083,51520.18,52238.01,7985198.8,modelo_invariante_stableswap
2023-12-18,19715918971,19657033873,3.8,3.8,0.0,19981707761,228755499.0,2.0312,3.7298,50.9354,52612.69,50619.85,8006442.47,modelo_invariante_stableswap
2023-12-19,20953205333,20888736627,3.8,3.8,0.0,19957938936,224368291.0,2.0011,3.7298,51.3983,53082.11,50070.43,7852890.18,modelo_invariante_stableswap
2023-12-20,20414245225,20348017152,3.8,3.8,0.0,19936499423,226332676.0,2.3011,3.7298,52.8426,54667.29,48472.77,7921643.66,modelo_invariante_stableswap
2023-12-21,20595670089,20521757427,3.8,3.8,0.0,19989978863,231671663.0,2.3011,3.7298,51.7782,53750.72,49883.54,8108508.21,modelo_invariante_stableswap
2023-12-22,21300697580,21222146897,3.6,3.6,0.0,21222146897,239367828.0,1.9711,3.5369,51.7417,53416.94,49651.31,8377873.98,modelo_invariante_stableswap
2023-12-23,21231078538,21165343604,3.6,3.6,0.0,21165343604,232773203.67,1.9845,3.5369,53.5032,54383.6,46872.98,8147062.13,modelo_invariante_stableswap
2023-12-24,21179534179,21141196015,3.4,3.4,0.0,21141196015,226178579.33,1.9979,3.3436,50.715,50657.33,49200.09,7916250.28,modelo_invariante_stableswap
2023-12-25,20854931920,20816948603,3.6,3.6,0.0,20816948603,219583955.0,2.0113,3.5369,52.4272,50926.19,45966.77,7685438.43,modelo_invariante_stableswap
2023-12-26,20420437750,20381916298,3.6,3.6,0.0,19972627403,214232460.0,1.7613,3.5369,52.8871,51108.7,45230.78,7498136.1,modelo_invariante_stableswap
2023-12-27,20614965165,20577264543,3.4,3.4,0.0,20577264543,226146794.0,1.9113,3.3436,52.8294,50547.51,44845.06,7915137.79,modelo_invariante_stableswap
2023-12-28,22087788382,22053161805,3.8,3.8,0.0,22053161805,225854472.0,2.1013,3.7298,49.2583,47229.74,48817.49,7904906.52,modelo_invariante_stableswap
2023-12-29,21803585147,21768905603,3.6,3.6,0.0,21768905603,218754927.0,1.9812,3.5369,49.7222,47176.53,47805.31,7656422.44,modelo_invariante_stableswap
2023-12-30,21143871129,21111175833,3.2,3.2,0.0,21111175833,224439345.0,1.8012,3.15,50.3617,49295.61,48605.83,7855377.08,modelo_invariante_stableswap
2023-12-31,21439380980,21406486278,3.2,3.2,0.0,21406486278,224421683.0,1.6812,3.15,50.715,49916.2,48480.26,7854758.91,modelo_invariante_stableswap
2024-01-01,21373948242,21341075867,3.1,3.1,0.0,21341075867,228662512.0,1.6812,3.053,52.2841,51073.42,46383.09,8003187.92,modelo_invariante_stableswap
2024-01-02,22389928473,22353941458,3.2,3.2,0.0,22353941458,231568806.0,1.8412,3.15,50.246,49355.23,48906.05,8104908.21,modelo_invariante_stableswap
2024-01-03,22162193305,22128787922,3.3,3.3,0.0,22128787922,217811762.0,1.8912,3.2469,49.697,48855.81,49560.26,7623411.67,modelo_invariante_stableswap
2024-01-04,20638462604,20607960908,5.2,5.2,0.0,20607960908,222631560.0,2.7411,5.0697,51.6246,50809.03,47464.56,7792104.6,modelo_invariante_stableswap
2024-01-05,21029057517,20998170269,3.4,3.4,0.0,20998170269,219182185.0,2.0011,3.3436,52.732,51259.82,45667.29,7671376.48,modelo_invariante_stableswap
2024-01-06,20820181419,20791222318,3.2,3.2,0.0,20791222318,219613935.0,1.7511,3.15,51.8253,50958.64,47197.26,7686487.72,modelo_invariante_stableswap
2024-01-07,20804825994,20776041170,3.1,3.1,0.0,20603031243,217861584.0,1.641,3.053,50.9986,50051.73,48025.86,7625155.44,modelo_invariante_stableswap
2024-01-08,20691353367,20663713223,3.3,3.3,0.0,21702077217,218119156.0,1.801,3.2469,52.7692,49643.41,44156.92,7634170.46,modelo_invariante_stableswap
2024-01-09,21239757026,21209242069,3.5,3.5,0.0,21511050786,218193099.0,1.911,3.4403,51.8706,48449.08,44785.8,7636758.47,modelo_invariante_stableswap
2024-01-10,22623810399,22594258150,4.0,4.0,0.0,23494154968,234712596.0,2.281,3.9223,49.6079,44983.63,45806.33,8214940.86,modelo_invariante_stableswap
2024-01-11,24775778019,24745150830,3.9,3.9,0.0,24326480765,244781953.0,2.281,3.8261,50.9559,47673.6,45827.69,8567368.36,modelo_invariante_stableswap
2024-01-12,24609756907,24580539412,3.3,3.3,0.0,23120204457,235858168.0,1.841,3.2469,49.7079,46341.12,46987.44,8255035.88,modelo_invariante_stableswap
2024-01-13,23715374940,23688274124,3.5,3.5,0.0,23924527266,241783757.0,1.851,3.4403,51.7133,48688.79,45311.45,8462431.5,modelo_invariante_stableswap
2024-01-14,23949880390,23921211378,3.3,3.3,0.0,23471325505,236541704.0,1.801,3.2469,49.9733,47745.06,47865.09,8278959.64,modelo_invariante_stableswap
2024-01-15,23775704642,23747675031,3.3,3.3,0.0,23531312308,236414074.0,1.791,3.2469,50.4186,47452.42,46674.87,8274492.59,modelo_invariante_stableswap
2024-01-16,23768163948,23739579011,3.6,3.6,0.0,24254117547,237797774.0,1.831,3.5369,50.6314,46544.84,45367.66,8322922.09,modelo_invariante_stableswap
2024-01-17,23767514937,23737680828,3.5,3.5,0.0,23424673089,235693768.0,1.881,3.4403,50.8566,47454.71,45811.3,8249281.88,modelo_invariante_stableswap
2024-01-18,23657190172,23628419948,3.4,3.4,0.0,22893966753,230635287.0,1.8009,3.3436,51.1493,47903.43,45669.22,8072235.05,modelo_invariante_stableswap
2024-01-19,23372917350,23345145231,4.5,4.5,0.0,23159085894,231285855.0,2.5009,4.402,50.4642,46879.04,46020.98,8095004.93,modelo_invariante_stableswap
2024-01-20,23175971359,23149080334,3.3,3.3,0.0,22987318068,229370115.0,1.831,3.2469,50.6383,47049.69,45846.03,8027954.02,modelo_invariante_stableswap
2024-01-21,23235261397,23208038959,3.1,3.1,0.0,23036834477,227856370.0,1.681,3.053,50.5766,46972.41,45891.76,7974972.95,modelo_invariante_stableswap
2024-01-22,22361621728,22335837014,3.2,3.2,0.0,21763237201,214146752.0,1.721,3.15,50.8369,47154.69,45559.9,7495136.32,modelo_invariante_stableswap
2024-01-23,20961483686,20939964150,3.8,3.8,0.0,20616051080,201843414.0,2.6109,3.7298,50.8723,45873.12,44254.68,7064519.49,modelo_invariante_stableswap
2024-01-24,21199716485,21176249145,3.2,3.2,0.0,20752318830,201835676.0,1.7909,3.15,51.0931,46245.47,44194.7,7064248.66,modelo_invariante_stableswap
2024-01-25,20905164760,20881321017,3.3,3.3,0.0,20815494202,203126411.0,1.8009,3.2469,50.4759,46229.2,45360.53,7109424.39,modelo_invariante_stableswap
2024-01-26,21239365069,21216164956,3.6,3.6,0.0,21119276969,208579335.0,1.9409,3.5369,50.6274,46592.74,45422.14,7300276.72,modelo_invariante_stableswap
2024-01-27,21326349338,21303202161,3.5,3.5,0.0,21259147600,207474952.0,1.8409,3.4403,51.0044,46725.43,44822.96,7261623.32,modelo_invariante_stableswap
2024-01-28,21600788468,21575916412,3.2,3.2,0.0,21205990693,206551153.0,1.7309,3.15,51.5256,47282.53,44357.56,7229290.36,modelo_invariante_stableswap
2024-01-29,21408839842,21384511902,3.1,3.1,0.0,21678645386,209350041.0,1.7409,3.053,55.2567,50584.37,40426.3,7327251.44,modelo_invariante_stableswap
2024-01-30,21865158723,21839361432,3.3,3.3,0.0,22331470467,216540798.0,1.7509,3.2469,48.8283,44892.94,47262.99,7578927.93,modelo_invariante_stableswap
2024-01-31,21691562309,21667401429,3.5,3.5,0.0,21403505916,207238637.0,1.8609,3.4403,50.5372,45888.89,44908.73,7253352.3,modelo_invariante_stableswap
2024-02-01,21495539729,21472294981,3.5,3.5,0.0,21752922635,211291343.0,1.8408,3.4403,50.8581,46689.3,45069.78,7395197.01,modelo_invariante_stableswap
2024-02-02,22017698740,21998762012,3.3,3.3,0.0,21805522279,213111957.0,1.7808,3.2469,50.9738,47127.68,45268.17,7458918.5,modelo_invariante_stableswap
2024-02-03,22062151002,22044363259,3.5,3.5,0.0,21800358025,212289142.0,1.8209,3.4403,50.1288,46301.5,46110.33,7430119.97,modelo_invariante_stableswap
2024-02-04,21969031353,21951601745,3.0,3.0,0.0,21839623933,210649379.0,1.5909,2.956,50.0474,45988.92,45958.74,7372728.26,modelo_invariante_stableswap
2024-02-05,22201593586,22184052597,3.0,3.0,0.0,21732987500,211224465.0,1.6409,2.956,50.7836,46696.88,45220.55,7392856.28,modelo_invariante_stableswap
2024-02-06,22222462618,22205624362,3.3,3.3,0.0,22646544525,218801965.0,1.7109,3.2469,51.5023,47634.31,44732.29,7658068.78,modelo_invariante_stableswap
2024-02-07,22570978126,22554061468,3.443,3.443,0.0,23175974515,217199819.0,1.9109,3.3852,50.4033,45156.03,44445.18,7601993.67,modelo_invariante_stableswap
2024-02-08,23272659130,23254987192,3.792,3.792,0.0,23182873437,222244114.0,1.9608,3.7221,49.7444,45590.83,46154.61,7778543.99,modelo_invariante_stableswap
2024-02-09,23819885882,23801899892,3.88,3.88,0.0,24068585114,228596671.0,2.0309,3.8068,50.4244,46329.27,45558.66,8000883.48,modelo_invariante_stableswap
2024-02-10,23970134012,23951610586,3.641,3.641,0.0,24053720528,230867479.0,1.8908,3.5765,50.9468,47082.26,45276.92,8080361.76,modelo_invariante_stableswap
2024-02-11,24363525270,24344765068,3.336,3.336,0.0,24053730354,229965438.0,1.7208,3.2817,50.5872,46403.89,45315.7,8048790.33,modelo_invariante_stableswap
2024-02-12,24000159813,23982462225,3.352,3.352,0.0,25451982026,243400234.0,1.7508,3.2972,50.3084,46042.58,45501.91,8519008.19,modelo_invariante_stableswap
2024-02-13,25695718025,25676314550,4.275,4.275,0.0,25424531525,239950264.0,2.2508,4.1864,51.1541,46539.02,44359.38,8398259.24,modelo_invariante_stableswap
2024-02-14,26681482527,26662004791,3.562,3.562,0.0,27049017481,252370045.0,2.2508,3.5002,50.6493,46033.21,44834.74,8832951.58,modelo_invariante_stableswap
2024-02-15,27309904622,27290156478,3.279,3.279,0.0,27309705308,257929883.0,1.9051,3.2265,50.5898,46211.39,45122.72,9027545.91,modelo_invariante_stableswap
2024-02-16,27729975845,27712447674,3.778,3.778,0.0,27263988634,251987573.0,2.12,3.7086,50.5219,45410.38,44469.49,8819565.06,modelo_invariante_stableswap
2024-02-17,27250752381,27233727008,3.126,3.126,0.0,27294369118,250282028.0,1.62,3.0783,50.692,45552.38,44285.5,8759870.98,modelo_invariante_stableswap
2024-02-18,27592849919,27575468933,3.127,3.127,0.0,27997797029,259137855.0,1.62,3.0792,50.5204,45475.81,44536.39,9069824.93,modelo_invariante_stableswap
2024-02-19,28590904790,28573487804,3.263,3.263,0.0,29065348699,266529204.0,1.71,3.211,50.0543,45266.96,45223.92,9328522.14,modelo_invariante_stableswap
2024-02-20,28596157764,28579156598,3.363,3.363,0.0,29251788734,268991857.0,1.79,3.3078,50.4372,45013.64,44240.86,9414715.0,modelo_invariante_stableswap
2024-02-21,28573359818,28557366548,3.466,3.466,0.0,28614502893,262684601.0,1.9418,3.4074,50.9044,45067.53,43417.81,9193961.04,modelo_invariante_stableswap
2024-02-22,29255801847,29239442014,3.468,3.468,0.0,29230175612,265215662.0,2.25,3.4094,49.5824,44150.12,45006.71,9282548.17,modelo_invariante_stableswap
2024-02-23,29083209519,29067401909,3.415,3.415,0.0,28829373369,259611352.0,1.77,3.3581,50.4022,44774.15,44071.37,9086397.32,modelo_invariante_stableswap
2024-02-24,29352938741,29337166919,3.467,3.467,0.0,29277853064,265707805.0,1.83,3.4084,51.0479,45395.97,43466.81,9299773.18,modelo_invariante_stableswap
2024-02-25,29765721779,29749880307,3.148,3.148,0.0,30502625248,271283791.0,1.7,3.0996,50.8132,44323.65,42868.22,9494932.68,modelo_invariante_stableswap
2024-02-26,30192952043,30177326331,3.262,3.262,0.0,31196506470,278124369.0,1.76,3.2101,50.9365,44616.84,42924.78,9734352.92,modelo_invariante_stableswap
2024-02-27,32151806830,32135902223,3.472,3.472,0.0,31861958743,284425455.0,1.94,3.4132,50.8358,44605.47,43098.98,9954890.93,modelo_invariante_stableswap
2024-02-28,32956243612,32939980391,3.426,3.426,0.0,32724017868,288612241.0,1.91,3.3688,51.3238,43849.66,41493.77,10101428.44,modelo_invariante_stableswap
2024-02-29,34471170343,34451411943,3.7,3.7,0.0,32738825734,273977988.0,2.01,3.6334,50.3398,41251.51,40712.56,9589229.58,modelo_invariante_stableswap
2024-03-01,33856353045,33836172965,3.336,3.336,0.0,33744163658,282452071.0,1.76,3.2817,50.9708,41965.66,40314.94,9885822.49,modelo_invariante_stableswap
2024-03-02,33676062555,33656614781,3.49,3.49,0.0,33521374470,280198114.0,1.82,3.4306,51.3205,42115.98,39858.85,9806933.99,modelo_invariante_stableswap
2024-03-03,33654309879,33634889054,3.294,3.294,0.0,34165505427,285212788.0,1.72,3.2411,52.0169,42675.05,39202.01,9982447.58,modelo_invariante_stableswap
2024-03-04,34579559522,34559769766,3.449,3.449,0.0,34789324383,292919339.0,1.75,3.391,50.8179,41037.89,39682.31,10252176.86,modelo_invariante_stableswap
2024-03-05,36890064680,36870254278,3.836,3.836,0.0,34181903127,286747305.0,2.04,3.7644,50.5967,40822.71,39849.27,10036155.68,modelo_invariante_stableswap
2024-03-06,38029548131,38009904555,4.13,4.13,0.0,37810693355,314129345.0,2.29,4.0472,50.4485,41487.86,40755.78,10994527.08,modelo_invariante_stableswap
2024-03-07,37566475300,37545220962,3.904,3.904,0.0,38177828703,316288953.0,2.08,3.8299,51.4067,42071.14,39669.97,11070113.36,modelo_invariante_stableswap
2024-03-08,38973097399,38951175513,3.523,3.523,0.0,38509199913,319708271.0,1.87,3.4625,50.3942,41383.61,40748.09,11189789.49,modelo_invariante_stableswap
2024-03-09,38782184813,38760259255,3.521,3.521,0.0,38499907781,315660772.0,1.82,3.4606,50.8789,41061.18,39601.41,11048127.02,modelo_invariante_stableswap
2024-03-10,39075696233,39054027669,3.404,3.404,0.0,38092100891,309625315.0,1.79,3.3475,51.7253,41403.31,38511.56,10836886.02,modelo_invariante_stableswap
2024-03-11,39894470648,39872378568,3.586,3.586,0.0,40127551638,326657397.0,1.94,3.5234,50.7456,40791.4,39565.96,11433008.9,modelo_invariante_stableswap
2024-03-12,39773410851,39750996068,3.677,3.677,0.0,38802967969,313325208.0,2.1072,3.6112,51.875,40990.12,37883.84,10966382.28,modelo_invariante_stableswap
2024-03-13,40166366166,40143486560,3.644,3.644,0.0,39231372318,315681870.0,2.1267,3.5794,51.1435,40368.84,38495.61,11048865.45,modelo_invariante_stableswap
2024-03-14,39113924177,39088675722,3.438,3.438,0.0,37938616956,306985786.0,1.88,3.3804,50.7789,40174.5,38912.3,10744502.51,modelo_invariante_stableswap
2024-03-15,38410537211,38384392883,3.691,3.691,0.0,36154873244,293267070.0,2.76,3.6247,51.9804,40978.13,37702.08,10264347.45,modelo_invariante_stableswap
2024-03-16,37222495938,37196372888,3.225,3.225,0.0,34614117838,282003903.0,1.87,3.1742,51.1818,41047.56,39078.81,9870136.6,modelo_invariante_stableswap
2024-03-17,34871200857,34844540753,3.311,3.311,0.0,35562183841,289068966.0,1.91,3.2575,49.8233,39467.51,39821.24,10117413.81,modelo_invariante_stableswap
2024-03-18,35583205198,35554873365,3.125,3.125,0.0,34388397375,275308605.0,1.999,3.0773,50.0339,39105.29,39102.15,9635801.18,modelo_invariante_stableswap
2024-03-19,34584367357,34556943839,3.954,3.954,0.0,31527947352,250823265.0,2.86,3.878,50.5515,40160.91,39279.09,8778814.28,modelo_invariante_stableswap
2024-03-20,31341635834,31317429699,3.415,3.415,0.0,34346162385,273181602.0,2.07,3.3581,50.9453,39660.54,38142.2,9561356.07,modelo_invariante_stableswap
2024-03-21,34655417262,34629134325,3.422,3.422,0.0,34243203973,272123473.0,2.1873,3.3649,51.2895,40043.94,37948.21,9524321.56,modelo_invariante_stableswap
2024-03-22,34386569238,34362256395,3.219,3.219,0.0,32076695829,256096001.0,2.11,3.1684,52.7068,40736.01,36330.92,8963360.04,modelo_invariante_stableswap
2024-03-23,32672576578,32648805288,3.345,3.345,0.0,32991205180,263093936.0,2.36,3.2904,51.7706,40964.22,38029.46,9208287.76,modelo_invariante_stableswap
2024-03-24,32895477965,32871391203,3.015,3.015,0.0,33454878812,263952589.0,2.05,2.9706,51.092,39100.48,37368.25,9238340.62,modelo_invariante_stableswap
2024-03-25,33742922378,33718069551,3.165,3.165,0.0,34915326033,276655908.0,2.189,3.1161,50.738,39116.08,37953.45,9682956.78,modelo_invariante_stableswap
2024-03-26,35168489397,35142580853,3.467,3.467,0.0,34702003833,275136557.0,2.419,3.4084,50.3522,38600.94,38076.46,9629779.5,modelo_invariante_stableswap
2024-03-27,34998655460,34972799671,3.255,3.255,0.0,33885814744,268312490.0,2.06,3.2033,50.8818,39045.95,37653.08,9390937.15,modelo_invariante_stableswap
2024-03-28,34115167499,34090093675,3.186,3.186,0.0,34427611674,271725274.0,4.04,3.1364,51.3238,39248.5,37139.78,9510384.59,modelo_invariante_stableswap
2024-03-29,34731970105,34706250520,3.299,3.299,0.0,33672616598,262456512.0,2.8614,3.2459,51.1665,38309.51,36495.92,9185977.92,modelo_invariante_stableswap
2024-03-30,34225204264,34199244924,3.119,3.119,0.0,33907787038,260834639.0,2.55,3.0715,51.7987,38652.67,35840.34,9129212.36,modelo_invariante_stableswap
2024-03-31,34146351588,34119918636,3.07,3.07,0.0,35114644706,269660002.0,2.5422,3.0239,51.7702,38403.68,35652.82,9438100.07,modelo_invariante_stableswap
2024-04-01,35364279318,35337304537,3.127,3.127,0.0,33670763638,260700185.0,2.79,3.0792,51.3187,38256.06,36208.61,9124506.48,modelo_invariante_stableswap
2024-04-02,33911638933,33885614776,3.501,3.501,0.0,31175779818,243586520.0,2.5,3.4413,50.7745,37767.47,36587.83,8525528.2,modelo_invariante_stableswap
2024-04-03,31435308653,31410342941,3.413,3.413,0.0,31442373725,245472281.0,2.6324,3.3562,50.4993,37434.27,36694.18,8591529.84,modelo_invariante_stableswap
2024-04-04,31799605014,31774552410,3.384,3.384,0.0,31769947323,244639317.0,2.54,3.3282,51.4384,37886.3,35675.47,8562376.1,modelo_invariante_stableswap
2024-04-05,31787123597,31762583975,3.489,3.489,0.0,31829397101,245303754.0,2.35,3.4297,50.6482,37450.01,36476.61,8585631.39,modelo_invariante_stableswap
2024-04-06,31916194901,31892721654,3.347,3.347,0.0,31913090574,247796258.0,2.5031,3.2924,49.6893,36627.56,37167.94,8672869.03,modelo_invariante_stableswap
2024-04-07,32201264034,32177435883,3.041,3.041,0.0,32443916249,252127576.0,2.26,2.9958,51.4129,37628.82,35471.82,8824465.16,modelo_invariante_stableswap
2024-04-08,32677916889,32654130164,3.148,3.148,0.0,35126869237,272295924.0,2.22,3.0996,51.1807,37784.14,35973.6,9530357.34,modelo_invariante_stableswap
2024-04-09,35316854023,35292643350,3.22,3.22,0.0,33276151304,258551481.0,2.71,3.1694,51.1059,37760.0,36065.81,9049301.84,modelo_invariante_stableswap
2024-04-10,33534602536,33511373066,3.36,3.36,0.0,33065845586,260823855.0,2.31,3.3049,51.1322,37699.27,35967.35,9128834.93,modelo_invariante_stableswap
2024-04-11,33254541423,33231483014,3.45,3.45,0.0,32973417956,257546062.0,2.28,3.392,50.9698,37497.96,36024.67,9014112.17,modelo_invariante_stableswap
2024-04-12,33152124654,33129053313,3.146,3.146,0.0,30223893379,235539943.0,2.46,3.0977,51.53,37531.94,35203.54,8243898.01,modelo_invariante_stableswap
2024-04-13,30431414219,30411140204,4.31,4.31,0.0,27507790373,220128117.0,3.23,4.2199,51.038,37443.8,35867.78,7704484.1,modelo_invariante_stableswap
2024-04-14,27656598384,27638433659,4.436,4.436,0.0,29603525849,230378966.0,4.39,4.3407,51.3377,37549.99,35511.53,8063263.81,modelo_invariante_stableswap
2024-04-15,28846473466,28827798632,3.101,3.101,0.0,29020898814,227545528.0,2.28,3.054,51.2245,37654.98,35783.6,7964093.48,modelo_invariante_stableswap
2024-04-16,29239640244,29221288033,3.551,3.551,0.0,29035947410,225645986.0,2.81,3.4896,51.3077,37612.24,35615.87,7897609.51,modelo_invariante_stableswap
2024-04-17,29084866926,29066732648,3.191,3.191,0.0,28211076305,219023437.0,2.26,3.1413,51.3709,37786.78,35684.68,7665820.3,modelo_invariante_stableswap
2024-04-18,28207455597,28189570487,3.237,3.237,0.0,28674723530,223717365.0,2.6048,3.1859,50.734,37042.58,35947.68,7830107.78,modelo_invariante_stableswap
2024-04-19,28789243984,28770380339,3.295,3.295,0.0,28811666039,224596941.0,2.41,3.242,50.5347,37103.53,36314.95,7860892.94,modelo_invariante_stableswap
2024-04-20,28976699752,28957664955,3.173,3.173,0.0,29433218852,229350851.0,2.14,3.1238,51.0201,37110.77,35575.97,8027279.79,modelo_invariante_stableswap
2024-04-21,29539456458,29519650952,2.94,2.94,0.0,29335706943,230384907.0,1.76,2.8977,50.5245,36986.9,36216.61,8063471.75,modelo_invariante_stableswap
2024-04-22,29530677241,29511110376,3.058,3.058,0.0,29906775524,233817150.0,2.31,3.0123,49.6101,36142.21,36799.82,8183600.25,modelo_invariante_stableswap
2024-04-23,30154858878,30134181170,3.098,3.098,0.0,30004411402,233050066.0,1.9871,3.0511,50.9095,36888.57,35530.61,8156752.31,modelo_invariante_stableswap
2024-04-24,30048783130,30028309785,3.742,3.742,0.0,29366085501,226543023.0,2.28,3.6739,51.499,37259.53,34994.35,7929005.81,modelo_invariante_stableswap
2024-04-25,29490952687,29471575776,3.293,3.293,0.0,29750078559,229122808.0,2.0,3.2401,50.4471,36612.88,35969.17,8019298.28,modelo_invariante_stableswap
2024-04-26,29790195286,29770957981,3.058,3.058,0.0,29399844844,226748676.0,1.83,3.0123,50.7544,36792.1,35673.49,7936203.66,modelo_invariante_stableswap
2024-04-27,29421686981,29403328506,3.004,3.004,0.0,30259833329,234690160.0,1.85,2.9599,50.7686,36663.83,35527.4,8214155.6,modelo_invariante_stableswap
2024-04-28,30448779049,30430440989,2.942,2.942,0.0,30888607086,238019038.0,1.85,2.8997,50.5686,36896.7,36060.19,8330666.33,modelo_invariante_stableswap
2024-04-29,30960637333,30942129491,3.031,3.031,0.0,29863072008,232361030.0,2.077,2.9861,50.7789,36723.12,35569.35,8132636.05,modelo_invariante_stableswap
2024-04-30,30141577695,30123508193,3.046,3.046,0.0,27877082840,217006116.0,2.1,3.0007,50.1299,36077.17,35926.55,7595214.06,modelo_invariante_stableswap
2024-05-01,28106092971,28089598516,3.31,3.31,0.0,27684411734,214261884.0,2.1973,3.2565,50.3839,36339.07,35796.7,7499165.94,modelo_invariante_stableswap
2024-05-02,27843013292,27825628679,3.103,3.103,0.0,28080831828,216906448.0,1.93,3.056,51.0347,37099.66,35543.1,7591725.68,modelo_invariante_stableswap
2024-05-03,28111786878,28093830035,2.934,2.934,0.0,29054286667,224641658.0,1.72,2.8919,50.7555,36763.75,35644.35,7862458.03,modelo_invariante_stableswap
2024-05-04,29186307371,29167713772,2.999,2.999,0.0,29190217620,224270352.0,1.7676,2.955,50.7201,36508.69,35450.64,7849462.32,modelo_invariante_stableswap
2024-05-05,29243052623,29224107127,2.829,2.829,0.0,29277399792,224384968.0,1.52,2.7898,50.6737,36260.63,35279.53,7853473.88,modelo_invariante_stableswap
2024-05-06,29434973139,29416117349,2.887,2.887,0.0,28826959941,220946201.0,1.67,2.8462,50.3839,36335.6,35793.17,7733117.04,modelo_invariante_stableswap
2024-05-07,28976851756,28956754727,2.922,2.922,0.0,28483572707,217048668.0,1.66,2.8802,50.5485,36496.47,35699.61,7596703.38,modelo_invariante_stableswap
2024-05-08,28606102207,28586657349,2.955,2.955,0.0,27771200544,211111858.0,1.64,2.9123,50.796,36091.47,34931.85,7388915.03,modelo_invariante_stableswap
2024-05-09,27916439525,27898068991,2.91,2.91,0.0,28263829653,216970162.0,1.7179,2.8686,50.5248,36110.11,35357.6,7593955.67,modelo_invariante_stableswap
2024-05-10,28391470109,28371974133,2.934,2.934,0.0,27131548445,206392345.0,1.81,2.8919,50.4431,35773.77,35150.9,7223732.08,modelo_invariante_stableswap
2024-05-11,27315884494,27296978198,2.894,2.894,0.0,27325475523,206974451.0,1.6,2.853,50.6843,36047.74,35056.62,7244105.79,modelo_invariante_stableswap
2024-05-12,27438816479,27419974276,2.812,2.812,0.0,27368608800,208061900.0,1.5882,2.7733,50.385,35783.49,35247.67,7282166.5,modelo_invariante_stableswap
2024-05-13,27536833000,27518270892,2.888,2.888,0.0,27635739808,208835949.0,1.76,2.8472,50.8135,36010.54,34827.56,7309258.22,modelo_invariante_stableswap
2024-05-14,27740589299,27721463226,3.087,3.087,0.0,27107555090,205051128.0,1.84,3.0404,50.7683,36158.21,35038.04,7176789.48,modelo_invariante_stableswap
2024-05-15,27161347277,27142837446,2.997,2.997,0.0,28237127744,214070221.0,1.78,2.9531,50.9504,35957.31,34573.1,7492457.74,modelo_invariante_stableswap
2024-05-16,28324665695,28304477567,3.043,3.043,0.0,27494295812,208223631.0,1.9,2.9977,50.9022,36028.02,34712.61,7287827.09,modelo_invariante_stableswap
2024-05-17,27523743823,27503284092,2.906,2.906,0.0,28917923715,219208500.0,1.83,2.8647,51.0533,36224.57,34677.14,7672297.5,modelo_invariante_stableswap
2024-05-18,29018415379,28996742225,2.776,2.776,0.0,29119269053,221361647.0,1.8083,2.7383,50.8515,36079.45,34837.55,7747657.64,modelo_invariante_stableswap
2024-05-19,29266218398,29243920320,2.853,2.853,0.0,28579330260,217772050.0,1.67,2.8132,50.5613,35850.4,35048.58,7622021.75,modelo_invariante_stableswap
2024-05-20,28712603282,28690646027,2.88,2.88,0.0,34170060889,256876069.0,1.7184,2.8394,51.3464,36083.1,34111.39,8990662.42,modelo_invariante_stableswap
2024-05-21,34106380391,34082480643,3.936,3.936,0.0,35021996587,268573445.0,2.8705,3.8607,50.7986,36033.78,34872.31,9400070.58,modelo_invariante_stableswap
2024-05-22,35311622169,35288645949,3.183,3.183,0.0,34959045610,264990857.0,2.1705,3.1335,50.5274,35829.56,35079.0,9274680.0,modelo_invariante_stableswap
2024-05-23,35111299740,35088250274,3.191,3.191,0.0,35401832827,270176280.0,2.02,3.1413,51.0055,36536.53,35047.37,9456169.8,modelo_invariante_stableswap
2024-05-24,35548518516,35525799914,4.24,4.24,0.0,34713288127,264677500.0,2.5,4.1528,50.5796,35928.19,35097.19,9263712.5,modelo_invariante_stableswap
2024-05-25,34845958155,34824359786,3.022,3.022,0.0,34745485827,265339027.0,1.69,2.9774,50.5537,35782.79,34993.88,9286865.94,modelo_invariante_stableswap
2024-05-26,34907968628,34886367750,2.959,2.959,0.0,35702895399,271420154.0,1.63,2.9162,50.7237,36006.97,34957.97,9499705.39,modelo_invariante_stableswap
2024-05-27,35835746945,35814658258,3.103,3.103,0.0,36093901178,274424553.0,1.7805,3.056,50.2365,35396.04,35088.13,9604859.36,modelo_invariante_stableswap
2024-05-28,36270152684,36248123445,3.222,3.222,0.0,36232785916,272705483.0,1.71,3.1713,50.6916,36016.21,35014.98,9544691.91,modelo_invariante_stableswap
2024-05-29,36507655562,36485751258,3.151,3.151,0.0,35742418096,266795156.0,1.71,3.1025,50.5398,35834.5,35065.23,9337830.46,modelo_invariante_stableswap
2024-05-30,35985925689,35964055230,3.237,3.237,0.0,35585717621,264662793.0,1.7305,3.1859,50.4671,35644.78,34988.06,9263197.76,modelo_invariante_stableswap
2024-05-31,35709394441,35687820290,3.275,3.275,0.0,35918322227,265546752.0,1.83,3.2227,50.4255,35605.12,35011.25,9294136.32,modelo_invariante_stableswap
2024-06-01,36003173962,35981676313,3.131,3.131,0.0,36097095928,269026612.0,1.7805,3.0831,50.6011,35709.72,34851.61,9415931.42,modelo_invariante_stableswap
2024-06-02,36297562606,36275983380,3.15,3.15,0.0,35927306227,266056191.0,1.68,3.1015,50.5226,35554.26,34816.47,9311966.68,modelo_invariante_stableswap
2024-06-03,36000901646,35979855707,3.266,3.266,0.0,35796738203,265601716.0,1.86,3.2139,50.5704,35668.64,34857.18,9296060.06,modelo_invariante_stableswap
2024-06-04,35944065900,35922675711,3.179,3.179,0.0,36265529170,268521655.0,1.7205,3.1296,50.5234,35586.71,34847.16,9398257.93,modelo_invariante_stableswap
2024-06-05,36399082679,36377093354,3.258,3.258,0.0,36717862224,270997309.0,1.72,3.2062,51.1092,35902.37,34286.72,9484905.82,modelo_invariante_stableswap
2024-06-06,36727843961,36705421064,3.499,3.499,0.0,36146875321,267605774.0,2.01,3.4393,50.5409,35487.78,34724.29,9366202.09,modelo_invariante_stableswap
2024-06-07,36299693986,36277676021,3.372,3.372,0.0,35111188709,259267442.0,1.7804,3.3165,50.7394,35784.27,34718.52,9074360.47,modelo_invariante_stableswap
2024-06-08,35202933184,35181945390,3.319,3.319,0.0,34985076582,258558920.0,1.81,3.2653,50.5803,35536.66,34713.6,9049562.2,modelo_invariante_stableswap
2024-06-09,34953965915,34933639937,3.044,3.044,0.0,35269566359,260792226.0,1.7704,2.9987,50.8051,35782.52,34619.49,9127727.91,modelo_invariante_stableswap
2024-06-10,35597308815,35576446833,3.242,3.242,0.0,34867335185,258106653.0,1.91,3.1907,50.6694,35683.57,34724.68,9033732.86,modelo_invariante_stableswap
2024-06-11,35008046698,34987471388,3.577,3.577,0.0,33191496875,246281917.0,2.2004,3.5147,50.4241,35491.07,34901.37,8619867.1,modelo_invariante_stableswap
2024-06-12,33350658525,33331401484,3.263,3.263,0.0,33937043617,251271519.0,1.78,3.211,50.6259,35748.9,34852.87,8794503.17,modelo_invariante_stableswap
2024-06-13,33956429886,33936378132,3.674,3.674,0.0,33064632708,244688578.0,2.04,3.6083,50.8683,35913.67,34652.64,8564100.23,modelo_invariante_stableswap
2024-06-14,33186313631,33167242923,3.073,3.073,0.0,33233388091,244186990.0,1.6603,3.0269,50.6387,35543.23,34633.48,8546544.65,modelo_invariante_stableswap
2024-06-15,33197893407,33179470716,3.126,3.126,0.0,33920186365,249800142.0,1.65,3.0783,50.6449,35495.53,34577.86,8743004.97,modelo_invariante_stableswap
2024-06-16,34047373923,34028631741,2.956,2.956,0.0,34676399878,254234216.0,1.5503,2.9133,50.657,35586.33,34648.48,8898197.56,modelo_invariante_stableswap
2024-06-17,34358500125,34339202761,2.945,2.945,0.0,33655561943,247205306.0,1.5703,2.9026,50.5829,35619.04,34790.25,8652185.71,modelo_invariante_stableswap
2024-06-18,33685640195,33667123192,3.203,3.203,0.0,33087509211,244071913.0,1.71,3.1529,50.5847,35448.64,34621.12,8542516.96,modelo_invariante_stableswap
2024-06-19,33215741714,33198101614,3.005,3.005,0.0,34056850368,250175166.0,1.64,2.9609,50.8796,35798.93,34525.14,8756130.81,modelo_invariante_stableswap
2024-06-20,34005128053,33987899659,3.096,3.096,0.0,33694429852,246533270.0,1.7104,3.0492,50.6,35538.92,34686.5,8628664.45,modelo_invariante_stableswap
2024-06-21,33721466506,33704215998,2.989,2.989,0.0,33631149101,246791998.0,1.68,2.9453,50.573,35504.12,34692.58,8637719.93,modelo_invariante_stableswap
2024-06-22,33786598870,33769310036,2.88,2.88,0.0,33641774470,245192512.0,1.54,2.8394,50.3653,35322.78,34823.22,8581737.92,modelo_invariante_stableswap
2024-06-23,33733516672,33716203476,2.947,2.947,0.0,32931721024,239438238.0,1.69,2.9045,50.4025,35292.37,34737.88,8380338.33,modelo_invariante_stableswap
2024-06-24,33064859052,33048024995,3.007,3.007,0.0,32245121469,233780587.0,1.6504,2.9628,50.6759,35378.69,34418.25,8182320.55,modelo_invariante_stableswap
2024-06-25,32297108455,32280214771,3.044,3.044,0.0,32929269169,238253430.0,1.61,2.9987,50.7245,35618.9,34580.14,8338870.05,modelo_invariante_stableswap
2024-06-26,33031318275,33013545739,2.966,2.966,0.0,32610176370,236685512.0,1.65,2.923,50.7935,35708.04,34564.61,8283992.92,modelo_invariante_stableswap
2024-06-27,32836414989,32818645534,2.979,2.979,0.0,33385636816,241370617.0,1.7103,2.9356,50.6405,35496.56,34585.25,8447971.6,modelo_invariante_stableswap
2024-06-28,33525241598,33505914212,3.133,3.133,0.0,32815057609,236091599.0,1.7103,3.0851,50.5898,35412.09,34577.89,8263205.97,modelo_invariante_stableswap
2024-06-29,32927498439,32909413392,2.822,2.822,0.0,32852223529,236603016.0,1.4703,2.783,50.5628,35474.27,34678.62,8281105.56,modelo_invariante_stableswap
2024-06-30,32933751631,32915695746,2.788,2.788,0.0,33153014476,241206016.0,1.46,2.7499,50.4168,35416.42,34838.78,8442210.56,modelo_invariante_stableswap
2024-07-01,33255412787,33236794111,2.997,2.997,0.0,33592760514,240745025.0,1.61,2.9531,50.6102,35426.28,34561.53,8426075.88,modelo_invariante_stableswap
2024-07-02,33728112518,33709091358,2.975,2.975,0.0,33207938753,238663090.0,1.5603,2.9317,50.6215,35375.45,34495.34,8353208.15,modelo_invariante_stableswap
2024-07-03,33291882493,33272082903,3.04,3.04,0.0,32155306107,230593835.0,1.64,2.9948,50.2478,35162.86,34840.06,8070784.22,modelo_invariante_stableswap
2024-07-04,32206182988,32188028290,3.401,3.401,0.0,30575326637,218763891.0,2.1103,3.3446,49.0232,34968.79,36509.44,7656736.18,modelo_invariante_stableswap
2024-07-05,30723000488,30705779642,4.085,4.085,0.0,28946851048,207613529.0,2.72,4.004,50.6708,35299.47,34348.69,7266473.52,modelo_invariante_stableswap
2024-07-06,29175642844,29158219560,3.033,3.033,0.0,29829267656,213263701.0,1.77,2.988,51.2315,35667.61,33884.89,7464229.54,modelo_invariante_stableswap
2024-07-07,29926773319,29908305851,2.836,2.836,0.0,28707713574,205776372.0,1.85,2.7966,50.1284,35177.17,35032.52,7202173.02,modelo_invariante_stableswap
2024-07-08,28797598786,28780163797,2.92,2.92,0.0,29320772502,210434821.0,1.8103,2.8783,51.0114,35609.78,34149.84,7365218.74,modelo_invariante_stableswap
2024-07-09,29446677384,29428590763,2.969,2.969,0.0,29708773971,213861425.0,1.79,2.9259,50.6982,35405.22,34411.39,7485149.88,modelo_invariante_stableswap
2024-07-10,29788094413,29769779667,3.051,3.051,0.0,30098156877,215856714.0,1.92,3.0055,50.7413,35329.81,34274.9,7554984.99,modelo_invariante_stableswap
2024-07-11,30165920472,30147739910,2.999,2.999,0.0,30083038990,215231263.0,1.66,2.955,50.5215,35075.12,34348.96,7533094.21,modelo_invariante_stableswap
2024-07-12,30323918209,30306306596,3.055,3.055,0.0,30256851311,213944109.0,1.62,3.0094,50.7088,34634.73,33647.19,7488043.82,modelo_invariante_stableswap
2024-07-13,30335958554,30318144550,2.901,2.901,0.0,30746685796,217544867.0,1.5603,2.8598,49.7963,34030.27,34374.8,7614070.35,modelo_invariante_stableswap
2024-07-14,30775544799,30757461211,2.912,2.912,0.0,31559879989,222097187.0,1.5902,2.8705,49.6039,33876.87,34502.31,7773401.55,modelo_invariante_stableswap
2024-07-15,31658633094,31639530898,2.916,2.916,0.0,33708952986,237883262.0,1.6302,2.8744,50.1602,34162.47,33975.89,8325914.17,modelo_invariante_stableswap
2024-07-16,33398502676,33378472214,3.067,3.067,0.0,33545418897,234963092.0,1.73,3.021,50.2219,34242.04,33965.41,8223708.22,modelo_invariante_stableswap
2024-07-17,33547335618,33526759687,3.141,3.141,0.0,33267405570,232525446.0,1.84,3.0928,49.9412,34215.68,34348.8,8138390.61,modelo_invariante_stableswap
2024-07-18,33330916037,33310867080,3.337,3.337,0.0,33315420925,235014240.0,1.7802,3.2827,50.3055,34487.13,34086.51,8225498.4,modelo_invariante_stableswap
2024-07-19,33412716758,33392492315,3.144,3.144,0.0,34329444700,240012244.0,1.72,3.0957,50.5427,34607.02,33859.87,8400428.54,modelo_invariante_stableswap
2024-07-20,34395495449,34373944722,2.886,2.886,0.0,34349451980,238905284.0,1.57,2.8453,50.3712,34182.07,33690.2,8361684.94,modelo_invariante_stableswap
2024-07-21,34434622621,34412457399,2.83,2.83,0.0,34657037998,239973118.0,1.4902,2.7908,50.8646,34548.27,33340.31,8399059.13,modelo_invariante_stableswap
2024-07-22,34629528389,34606157040,3.118,3.118,0.0,33863421471,234465036.0,1.6702,3.0705,50.7387,34601.12,33571.63,8206276.26,modelo_invariante_stableswap
2024-07-23,33947676179,33924737910,2.994,2.994,0.0,34011347816,236123202.0,1.68,2.9502,50.4467,34204.18,33603.34,8264312.07,modelo_invariante_stableswap
2024-07-24,34166282741,34144225994,2.951,2.951,0.0,32727809648,226277008.0,1.66,2.9084,50.5354,34277.37,33547.84,7919695.28,modelo_invariante_stableswap
2024-07-25,32851219268,32828445121,2.995,2.995,0.0,31148432962,215628593.0,2.46,2.9511,50.9741,34670.16,33301.66,7547000.76,modelo_invariante_stableswap
2024-07-26,31189537200,31167676875,2.933,2.933,0.0,32184436314,223319651.0,1.7702,2.8909,50.3401,34301.5,33852.85,7816187.79,modelo_invariante_stableswap
2024-07-27,32248611433,32225357374,2.812,2.812,0.0,32273494149,223053209.0,1.5102,2.7733,50.343,34561.95,34105.52,7806862.32,modelo_invariante_stableswap
2024-07-28,32290918843,32267249770,3.023,3.023,0.0,31966780834,221783794.0,1.5902,2.9783,50.5066,34240.71,33553.34,7762432.79,modelo_invariante_stableswap
2024-07-29,32113582815,32090124560,2.811,2.811,0.0,32731678257,226964836.0,1.5402,2.7723,50.162,34254.96,34065.16,7943769.26,modelo_invariante_stableswap
2024-07-30,33055789526,33032469934,2.913,2.913,0.0,32188713549,222886009.0,1.68,2.8715,50.7343,34511.72,33491.11,7801010.32,modelo_invariante_stableswap
2024-07-31,32360387368,32337589772,2.993,2.993,0.0,31753650141,220674885.0,1.78,2.9492,50.6493,34604.11,33703.04,7723620.98,modelo_invariante_stableswap
2024-08-01,31759335121,31737441448,3.034,3.034,0.0,31248706790,218157843.0,1.8,2.989,50.5606,34458.25,33688.56,7635524.51,modelo_invariante_stableswap
2024-08-02,31285526869,31264376755,3.005,3.005,0.0,29510514082,202486099.0,2.09,2.9609,50.8559,34519.82,33325.41,7087013.47,modelo_invariante_stableswap
2024-08-03,29633810158,29613919490,3.049,3.049,0.0,28571203677,197753974.0,2.35,3.0036,50.6602,34520.62,33606.01,6921389.09,modelo_invariante_stableswap
2024-08-04,28671795988,28653554895,2.925,2.925,0.0,26863039524,185371249.0,2.2402,2.8832,51.4183,35570.01,33523.09,6487993.72,modelo_invariante_stableswap
2024-08-05,26864536013,26846693061,9.908,9.908,0.0,23855331817,166668481.0,14.87,9.4486,49.2101,33811.28,35020.03,5833396.84,modelo_invariante_stableswap
2024-08-06,23928717169,23912371445,3.574,3.574,0.0,24430382356,168488347.0,2.63,3.5118,51.1329,35100.59,33487.08,5897092.14,modelo_invariante_stableswap
2024-08-07,24478105509,24460006392,3.022,3.022,0.0,22954418642,159951295.0,2.24,2.9774,50.7935,34798.67,33684.34,5598295.32,modelo_invariante_stableswap
2024-08-08,23065549671,23050358331,3.074,3.074,0.0,25962923466,182914917.0,2.0702,3.0278,50.5832,34488.71,33685.75,6402022.1,modelo_invariante_stableswap
2024-08-09,25313848539,25297458691,3.078,3.078,0.0,25538757180,176834161.0,2.1002,3.0317,50.3405,34228.54,33780.19,6189195.64,modelo_invariante_stableswap
2024-08-10,25528755542,25513438891,2.918,2.918,0.0,25611210981,177555485.0,1.95,2.8764,51.0621,34790.31,33291.67,6214441.98,modelo_invariante_stableswap
2024-08-11,25615018971,25599593019,2.75,2.75,0.0,25419838600,175090025.0,1.68,2.713,49.9627,34211.73,34313.24,6128150.88,modelo_invariante_stableswap
2024-08-12,25156632780,25142351815,2.987,2.987,0.0,26396528905,183552418.0,1.59,2.9434,50.3821,33932.86,33428.95,6424334.63,modelo_invariante_stableswap
2024-08-13,26343873223,26329570706,3.016,3.016,0.0,26677412367,184747597.0,1.5902,2.9715,50.5894,34577.28,33763.31,6466165.9,modelo_invariante_stableswap
2024-08-14,26731002069,26716361661,2.951,2.951,0.0,25897682010,181486474.0,1.63,2.9084,50.1215,34124.03,33993.92,6352026.59,modelo_invariante_stableswap
2024-08-15,26208793587,26194516625,2.998,2.998,0.0,25184241819,175495453.0,1.7,2.9541,50.3237,34346.36,33920.85,6142340.86,modelo_invariante_stableswap
2024-08-16,25253278667,25239281117,2.921,2.921,0.0,25556007698,176896429.0,1.87,2.8793,50.6055,34530.9,33694.84,6191375.02,modelo_invariante_stableswap
2024-08-17,25659832877,25645967637,2.741,2.741,0.0,25662766301,177693568.0,1.62,2.7042,50.9333,34657.17,33347.4,6219274.88,modelo_invariante_stableswap
2024-08-18,25678331711,25664410204,2.759,2.759,0.0,26064274337,180357158.0,1.46,2.7217,49.4273,34011.54,34902.02,6312500.53,modelo_invariante_stableswap
2024-08-19,26096339670,26082092041,2.778,2.778,0.0,25744523870,178388770.0,1.57,2.7402,51.7074,35091.28,32665.31,6243606.95,modelo_invariante_stableswap
2024-08-20,25771239215,25757164861,2.866,2.866,0.0,25377600560,176252322.0,1.6602,2.8258,48.8425,33304.87,35041.73,6168831.27,modelo_invariante_stableswap
2024-08-21,25483913610,25469897092,2.779,2.779,0.0,25879206560,179350193.0,2.04,2.7412,50.7602,34621.76,33560.69,6277256.76,modelo_invariante_stableswap
2024-08-22,26011559234,25997527309,2.949,2.949,0.0,25747953553,178557530.0,1.65,2.9065,50.5047,34381.54,33693.93,6249513.55,modelo_invariante_stableswap
2024-08-23,25836294001,25822271967,2.744,2.744,0.0,27343519292,188863215.0,1.74,2.7071,50.5679,34553.75,33771.3,6610212.52,modelo_invariante_stableswap
2024-08-24,27419587357,27404634608,2.825,2.825,0.0,26912370857,187403187.0,1.77,2.7859,50.3544,34061.01,33594.94,6559111.55,modelo_invariante_stableswap
2024-08-25,27028886242,27013482442,2.715,2.715,0.0,27231964611,188458875.0,1.81,2.6789,50.669,34750.38,33817.11,6596060.63,modelo_invariante_stableswap
2024-08-26,27273823637,27258186688,2.731,2.731,0.0,26268489415,182989390.0,1.5202,2.6945,50.4763,34445.47,33797.71,6404628.65,modelo_invariante_stableswap
2024-08-27,26423834824,26408536193,2.785,2.785,0.0,23919155785,167419619.0,1.9602,2.747,50.5354,34413.88,33681.39,5859686.67,modelo_invariante_stableswap
2024-08-28,23986438395,23972260695,3.13,3.13,0.0,24701735332,171970107.0,2.08,3.0821,50.2901,34185.15,33810.1,6018953.74,modelo_invariante_stableswap
2024-08-29,24817962962,24804019786,2.773,2.773,0.0,24748840465,172020031.0,1.51,2.7354,50.7424,34540.25,33507.33,6020701.09,modelo_invariante_stableswap
2024-08-30,24794890429,24781443594,2.88,2.88,0.0,24711796261,171890123.0,1.5502,2.8394,50.6018,34445.71,33617.03,6016154.31,modelo_invariante_stableswap
2024-08-31,24809519821,24796210661,2.683,2.683,0.0,24648430075,171293863.0,1.53,2.6477,50.5836,34481.81,33678.53,5995285.21,modelo_invariante_stableswap
2024-09-01,24738657426,24725545006,2.674,2.674,0.0,23767039406,165432796.0,1.39,2.639,50.6778,34547.71,33607.3,5790147.86,modelo_invariante_stableswap
2024-09-02,23796670701,23784003195,2.751,2.751,0.0,24914851835,173002712.0,1.43,2.7139,50.5829,34485.09,33682.66,6055094.92,modelo_invariante_stableswap
2024-09-03,25031175169,25018179145,2.972,2.972,0.0,24087711312,164543986.0,1.63,2.9288,50.1543,34060.82,33883.35,5759039.51,modelo_invariante_stableswap
2024-09-04,24157217263,24144683952,2.906,2.906,0.0,24164509872,164891145.0,2.01,2.8647,50.654,34120.12,33224.91,5771190.08,modelo_invariante_stableswap
2024-09-05,24266617812,24253647389,3.019,3.019,0.0,23290537236,158732711.0,1.9302,2.9744,50.5339,33880.98,33161.92,5555644.89,modelo_invariante_stableswap
2024-09-06,23335281529,23322781133,2.948,2.948,0.0,21680185840,148768910.0,1.8602,2.9055,51.0088,34170.54,32773.2,5206911.85,modelo_invariante_stableswap
2024-09-07,21792695355,21780685610,3.943,3.943,0.0,22250182735,151985934.0,2.39,3.8675,51.1263,34228.19,32663.81,5319507.69,modelo_invariante_stableswap
2024-09-08,22282659954,22270456899,2.755,2.755,0.0,22631599038,154302250.0,2.31,2.7178,50.8752,34206.54,32995.68,5400578.75,modelo_invariante_stableswap
2024-09-09,22780109140,22767513839,2.904,2.904,0.0,23115283807,158089091.0,2.09,2.8627,50.4427,33806.47,33218.3,5533118.18,modelo_invariante_stableswap
2024-09-10,23232076486,23219104263,3.022,3.022,0.0,23344514453,159969154.0,1.7402,2.9774,51.5589,34616.2,32428.66,5598920.39,modelo_invariante_stableswap
2024-09-11,23382501236,23369450565,3.017,3.017,0.0,22861589904,157111699.0,1.66,2.9725,50.2372,33708.1,33413.9,5498909.47,modelo_invariante_stableswap
2024-09-12,22987148148,22974422769,2.896,2.896,0.0,22957976116,158567745.0,1.7102,2.855,50.7489,34095.61,33066.72,5549871.08,modelo_invariante_stableswap
2024-09-13,23012754762,22999740209,2.875,2.875,0.0,23937247640,164511414.0,1.75,2.8346,50.3036,33875.53,33484.55,5757899.49,modelo_invariante_stableswap
2024-09-14,23983464337,23970133850,2.859,2.859,0.0,23615098451,162178407.0,1.6,2.819,50.7183,34029.37,33045.7,5676244.24,modelo_invariante_stableswap
2024-09-15,23650990812,23637919744,2.811,2.811,0.0,22939025457,157395201.0,1.53,2.7723,50.7708,34456.66,33385.48,5508832.04,modelo_invariante_stableswap
2024-09-16,22973435505,22960830183,3.155,3.155,0.0,22286481674,153325255.0,1.6102,3.1064,51.1606,34237.34,32624.8,5366383.93,modelo_invariante_stableswap
2024-09-17,22394237084,22381764515,2.939,2.939,0.0,22830699435,157094388.0,1.75,2.8968,51.3234,34508.45,32654.83,5498303.58,modelo_invariante_stableswap
2024-09-18,22966378279,22953792108,3.113,3.113,0.0,22815692912,156870069.0,1.9602,3.0657,51.8578,34456.78,31868.91,5490452.42,modelo_invariante_stableswap
2024-09-19,22977005056,22964429739,3.261,3.261,0.0,24005713552,165729980.0,1.89,3.2091,50.5971,34030.5,33218.55,5800549.3,modelo_invariante_stableswap
2024-09-20,24024139607,24010685583,3.278,3.278,0.0,24874676396,171194971.0,1.9502,3.2256,51.2088,34297.15,32614.5,5991823.98,modelo_invariante_stableswap
2024-09-21,24885407032,24871381387,3.302,3.302,0.0,25005163960,172332480.0,1.7502,3.2488,50.3204,33134.81,32728.84,6031636.8,modelo_invariante_stableswap
2024-09-22,25039488709,25025398644,3.173,3.173,0.0,25130250992,173264212.0,1.76,3.1238,50.7727,34084.94,33022.84,6064247.42,modelo_invariante_stableswap
2024-09-23,24806398390,24792867937,3.19,3.19,0.0,25844049999,177458992.0,1.75,3.1403,50.538,33865.19,33140.71,6211064.72,modelo_invariante_stableswap
2024-09-24,25931134151,25917397836,3.209,3.209,0.0,25992362970,177923393.0,1.72,3.1587,50.1419,33577.56,33420.3,6227318.76,modelo_invariante_stableswap
2024-09-25,26059716938,26045367579,3.171,3.171,0.0,25223942683,172341674.0,1.77,3.1219,50.7226,33910.93,32924.61,6031958.59,modelo_invariante_stableswap
2024-09-26,25272383218,25258239362,3.124,3.124,0.0,25882496914,176662861.0,1.73,3.0763,50.4978,33891.88,33223.91,6183200.14,modelo_invariante_stableswap
2024-09-27,26028702714,26013879974,3.233,3.233,0.0,26516820363,181458505.0,1.74,3.182,50.5131,34001.18,33309.14,6351047.68,modelo_invariante_stableswap
2024-09-28,26491533877,26477465460,2.968,2.968,0.0,26222189293,179371227.0,1.82,2.9249,51.169,34341.66,32712.37,6277992.94,modelo_invariante_stableswap
2024-09-29,26225790628,26211845383,2.877,2.877,0.0,25985543935,177856853.0,1.77,2.8365,50.8654,34052.73,32861.16,6224989.86,modelo_invariante_stableswap
2024-09-30,26122497002,26108254734,2.959,2.959,0.0,25560791739,174504375.0,1.63,2.9162,50.5471,33890.14,33152.33,6107653.13,modelo_invariante_stableswap
2024-10-01,25647883490,25634051973,3.025,3.025,0.0,24082372334,164396686.0,1.7102,2.9803,50.4639,33873.21,33253.75,5753884.01,modelo_invariante_stableswap
2024-10-02,24283825320,24270873562,3.063,3.063,0.0,23357199334,159005193.0,2.0602,3.0172,50.2876,33786.66,33419.73,5565181.76,modelo_invariante_stableswap
2024-10-03,23274742851,23262335979,3.021,3.021,0.0,23014324628,156799979.0,1.91,2.9764,50.7033,33852.86,32895.37,5487999.26,modelo_invariante_stableswap
2024-10-04,23058641619,23046489004,2.949,2.949,0.0,23745044916,161317403.0,1.83,2.9065,50.558,33780.06,33029.16,5646109.1,modelo_invariante_stableswap
2024-10-05,23804764998,23792072813,2.882,2.882,0.0,23630402140,161051381.0,1.5102,2.8414,50.7113,33829.13,32861.02,5636798.34,modelo_invariante_stableswap
2024-10-06,23715639000,23702996817,2.976,2.976,0.0,23787873333,161895162.0,1.51,2.9327,50.865,33783.51,32601.84,5666330.67,modelo_invariante_stableswap
2024-10-07,23897295453,23884412475,3.051,3.051,0.0,23644264006,162683739.0,1.5502,3.0055,50.0755,33599.1,33536.64,5693930.86,modelo_invariante_stableswap
2024-10-08,23956659285,23943695024,3.358,3.358,0.0,23840952331,162824193.0,1.79,3.303,49.9529,33286.41,33399.26,5698846.76,modelo_invariante_stableswap
2024-10-09,23890849699,23878124615,3.431,3.431,0.0,23043001012,157937421.0,2.1,3.3736,50.7449,33863.84,32847.56,5527809.74,modelo_invariante_stableswap
2024-10-10,23130595568,23118238927,3.149,3.149,0.0,23094808364,158449727.0,1.8402,3.1006,51.2526,34136.91,32401.26,5545740.44,modelo_invariante_stableswap
2024-10-11,23172178694,23159927310,3.188,3.188,0.0,23816397990,162691732.0,1.7402,3.1384,50.5905,33788.85,32991.92,5694210.62,modelo_invariante_stableswap
2024-10-12,23864849038,23851920273,3.062,3.062,0.0,24129105261,165494015.0,1.7002,3.0162,50.5095,33753.9,33072.15,5792290.52,modelo_invariante_stableswap
2024-10-13,24175295704,24162287432,3.085,3.085,0.0,24066158590,164345989.0,1.87,3.0385,50.842,33892.33,32738.93,5752109.62,modelo_invariante_stableswap
2024-10-14,24092024196,24078961303,3.183,3.183,0.0,25707294338,175716555.0,1.93,3.1335,50.569,33806.91,33039.86,6150079.43,modelo_invariante_stableswap
2024-10-15,25625912286,25612101786,3.08,3.08,0.0,25389227061,172947636.0,2.0101,3.0336,50.9424,33848.78,32556.92,6053167.26,modelo_invariante_stableswap
2024-10-16,25339074029,25325453883,3.018,3.018,0.0,25637911080,174601756.0,1.6401,2.9735,50.646,33879.99,33002.55,6111061.46,modelo_invariante_stableswap
2024-10-17,25630602256,25616922426,2.977,2.977,0.0,25414333486,169666881.0,1.65,2.9337,50.9022,33199.13,31986.95,5938340.84,modelo_invariante_stableswap
2024-10-18,25460127241,25446791490,2.975,2.975,0.0,25758078603,171132811.0,1.64,2.9317,50.6121,32799.08,31995.98,5989648.39,modelo_invariante_stableswap
2024-10-19,25830888848,25817246516,2.894,2.894,0.0,25788468831,172028649.0,1.62,2.853,50.4423,32756.75,32187.37,6021002.72,modelo_invariante_stableswap
2024-10-20,25837402801,25823480758,2.833,2.833,0.0,26623435589,178708703.0,1.6401,2.7937,50.8314,33106.59,31994.54,6254804.6,modelo_invariante_stableswap
2024-10-21,26721674456,26707226368,2.835,2.835,0.0,26137349445,173966793.0,1.63,2.7957,50.4215,32898.41,32355.39,6088837.76,modelo_invariante_stableswap
2024-10-22,26097700542,26083073160,2.974,2.974,0.0,25719663412,171588671.0,1.62,2.9308,50.7471,33255.28,32254.17,6005603.48,modelo_invariante_stableswap
2024-10-23,25743720229,25729024049,2.934,2.934,0.0,24426217585,163062796.0,1.5601,2.8919,50.5343,32844.66,32147.04,5707197.86,modelo_invariante_stableswap
2024-10-24,24469936797,24454953841,2.95,2.95,0.0,24782171015,164416442.0,1.8201,2.9074,50.8139,32992.04,31907.69,5754575.47,modelo_invariante_stableswap
2024-10-25,24843997806,24828452394,2.97,2.97,0.0,23973588131,161443074.0,2.0701,2.9269,51.6498,34339.38,32044.49,5650507.59,modelo_invariante_stableswap
2024-10-26,24266901522,24252518082,2.925,2.925,0.0,24204811508,130998764.0,1.63,2.8832,50.4974,26677.89,26152.5,4584956.74,modelo_invariante_stableswap
2024-10-27,24256230372,24241413021,2.818,2.818,0.0,24534483012,132543305.0,1.57,2.7791,50.2846,26580.68,26295.27,4639015.68,modelo_invariante_stableswap
2024-10-28,24531759741,24516429277,2.769,2.769,0.0,25058243871,135072006.0,1.58,2.7315,50.5387,26612.67,26042.6,4727520.21,modelo_invariante_stableswap
2024-10-29,25074321946,25058836133,2.946,2.946,0.0,25646894445,139442204.0,1.5302,2.9036,50.9325,26954.85,25937.0,4880477.14,modelo_invariante_stableswap
2024-10-30,25697403370,25681914507,2.994,2.994,0.0,25931084451,139974642.0,1.85,2.9502,50.6701,26702.39,25984.1,4899112.47,modelo_invariante_stableswap
2024-10-31,26066656377,26051439297,2.916,2.916,0.0,24561133828,132817837.0,1.62,2.8744,50.6226,26734.38,26068.03,4648624.3,modelo_invariante_stableswap
2024-11-01,24604977179,24590382744,3.176,3.176,0.0,24459410999,132294547.0,1.59,3.1267,50.4693,26578.63,26086.48,4630309.15,modelo_invariante_stableswap
2024-11-02,24580968604,24566593062,2.836,2.836,0.0,24323422289,131324731.0,1.8802,2.7966,50.7679,26783.61,25954.27,4596365.59,modelo_invariante_stableswap
2024-11-03,24306081312,24291767182,2.868,2.868,0.0,24063736030,129992535.0,1.59,2.8278,50.6931,26840.74,26092.87,4549738.73,modelo_invariante_stableswap
2024-11-04,24040506684,24026416939,2.868,2.868,0.0,23347094296,126487901.0,1.5502,2.8278,50.7489,26797.83,25989.1,4427076.54,modelo_invariante_stableswap
2024-11-05,23364394755,23350761551,2.933,2.933,0.0,23668012636,128292814.0,1.67,2.8909,50.3117,26629.09,26312.74,4490248.49,modelo_invariante_stableswap
2024-11-06,23709038611,23694590849,3.217,3.217,0.0,26520046509,143996191.0,1.5902,3.1665,50.869,26915.89,25970.02,5039866.69,modelo_invariante_stableswap
2024-11-07,26695560093,26679296450,3.002,3.002,0.0,28021205364,151621029.0,1.82,2.9579,50.5526,26474.55,25892.03,5306736.02,modelo_invariante_stableswap
2024-11-08,28244683207,28227782329,3.031,3.031,0.0,29086536614,155165297.0,3.4,2.9861,50.7869,26623.12,25777.83,5430785.4,modelo_invariante_stableswap
2024-11-09,29048499088,29031344504,3.103,3.103,0.0,30478858199,162640052.0,1.6701,3.056,50.4807,26219.62,25721.71,5692401.82,modelo_invariante_stableswap
2024-11-10,30649483970,30632276360,2.923,2.923,0.0,31191231893,166125836.0,1.78,2.8812,50.7325,26425.8,25646.37,5814404.26,modelo_invariante_stableswap
2024-11-11,31311407693,31293299931,3.057,3.057,0.0,32597301109,174565793.0,1.75,3.0113,50.5146,26130.24,25596.87,6109802.76,modelo_invariante_stableswap
2024-11-12,32779761208,32760777857,3.47,3.47,0.0,31966821903,172051358.0,1.8301,3.4113,50.0828,26513.52,26456.05,6021797.53,modelo_invariante_stableswap
2024-11-13,32174168690,32155796979,3.142,3.142,0.0,31152381971,166284490.0,1.88,3.0938,51.0964,26656.82,25471.12,5819957.15,modelo_invariante_stableswap
2024-11-14,31340772806,31322360985,3.524,3.524,0.0,30289196741,162931474.0,1.76,3.4635,51.3278,27401.34,25924.68,5702601.59,modelo_invariante_stableswap
2024-11-15,30073599744,30055713691,3.218,3.218,0.0,30204008073,161988558.0,1.94,3.1674,51.3099,26844.94,25417.76,5669599.53,modelo_invariante_stableswap
2024-11-16,30380966978,30362286258,3.027,3.027,0.0,30864520874,164613962.0,1.85,2.9822,50.6807,26639.5,25911.11,5761488.67,modelo_invariante_stableswap
2024-11-17,30826322141,30807928879,2.923,2.923,0.0,30155667996,160546642.0,1.81,2.8812,50.5588,26395.42,25807.87,5619132.47,modelo_invariante_stableswap
2024-11-18,30122126036,30102022624,2.915,2.915,0.0,30945709395,164859347.0,1.68,2.8734,50.7143,26078.59,25329.08,5770077.14,modelo_invariante_stableswap
2024-11-19,31032297183,31011909037,3.033,3.033,0.0,30310831925,161220247.0,1.76,2.988,50.5964,26224.08,25599.15,5642708.64,modelo_invariante_stableswap
2024-11-20,30515873075,30495758235,3.033,3.033,0.0,30113280218,169586099.0,1.81,2.988,50.784,28054.78,27167.44,5935513.47,modelo_invariante_stableswap
2024-11-21,30115257205,30095278866,2.985,2.985,0.0,33070140729,186074192.0,1.86,2.9414,50.596,28018.25,27351.01,6512596.72,modelo_invariante_stableswap
2024-11-22,33045145729,33023510644,3.044,3.044,0.0,32432798258,182745146.0,1.8102,2.9987,50.9008,27950.83,26931.94,6396080.11,modelo_invariante_stableswap
2024-11-23,32637781508,32616181376,2.978,2.978,0.0,33394590359,187906994.0,1.69,2.9346,50.4507,27909.74,27414.76,6576744.79,modelo_invariante_stableswap
2024-11-24,33404283056,33382645521,3.01,3.01,0.0,32849261119,184508535.0,1.64,2.9657,50.869,27931.67,26950.07,6457798.72,modelo_invariante_stableswap
2024-11-25,32891432832,32870024400,2.905,2.905,0.0,33637513072,187755443.0,1.6302,2.8637,49.9525,27434.3,27527.7,6571440.51,modelo_invariante_stableswap
2024-11-26,33300288971,33280427632,2.996,2.996,0.0,32623884592,182623490.0,1.7,2.9521,50.5672,27766.17,27138.26,6391822.15,modelo_invariante_stableswap
2024-11-27,32625423209,32606044727,2.96,2.96,0.0,35903173735,200550372.0,1.65,2.9172,50.2135,27513.66,27301.13,7019263.02,modelo_invariante_stableswap
2024-11-28,36008302091,35988036855,2.909,2.909,0.0,35133585056,196534461.0,1.77,2.8676,50.4664,27703.92,27194.34,6878706.14,modelo_invariante_stableswap
2024-11-29,35270700663,35250757469,2.807,2.807,0.0,35281699273,196901749.0,1.61,2.7684,50.5818,27721.95,27078.24,6891561.22,modelo_invariante_stableswap
2024-11-30,35345326398,35324816608,2.804,2.804,0.0,36403092741,194409131.0,1.55,2.7655,50.2179,26325.0,26116.73,6804319.59,modelo_invariante_stableswap
2024-12-01,36656161747,36636153194,2.793,2.793,0.0,36647561588,195332450.0,1.73,2.7548,50.5788,26627.3,26012.16,6836635.75,modelo_invariante_stableswap
2024-12-02,36693035529,36673033115,2.946,2.946,0.0,35450104491,189504218.0,1.67,2.9036,51.2136,26684.08,25369.72,6632647.63,modelo_invariante_stableswap
2024-12-03,35723030177,35704183423,3.113,3.113,0.0,35553300143,189422780.0,2.1,3.0657,50.193,26237.12,26057.25,6629797.3,modelo_invariante_stableswap
2024-12-04,35724961964,35705324187,3.145,3.145,0.0,38042144489,202526844.0,2.1,3.0967,50.8457,26832.76,25915.7,7088439.54,modelo_invariante_stableswap
2024-12-05,37877726009,37858539658,2.996,2.996,0.0,37506409249,199697109.0,2.0204,2.9521,50.5599,26497.77,25906.66,6989398.82,modelo_invariante_stableswap
2024-12-06,37590949522,37571519068,3.34,3.34,0.0,39648039924,210305377.0,2.1,3.2856,50.4234,26466.75,26027.78,7360688.2,modelo_invariante_stableswap
2024-12-07,39296828174,39277136683,2.894,2.894,0.0,39392112943,208263934.0,2.16,2.853,50.5631,26313.04,25722.49,7289237.69,modelo_invariante_stableswap
2024-12-08,39389918530,39369952948,2.781,2.781,0.0,39300530029,207893271.0,1.9104,2.7431,50.481,26197.95,25700.03,7276264.48,modelo_invariante_stableswap
2024-12-09,39485468735,39465760656,2.857,2.857,0.0,36556593528,193052411.0,1.92,2.8171,50.3901,26151.7,25754.51,6756834.39,modelo_invariante_stableswap
2024-12-10,36553397407,36535226909,3.413,3.413,0.0,35862802728,189373405.0,2.2204,3.3562,50.6022,26392.69,25757.34,6628069.18,modelo_invariante_stableswap
2024-12-11,35921462926,35903707468,3.037,3.037,0.0,37667315223,198137178.0,2.39,2.9919,50.8909,26336.17,25386.88,6934801.23,modelo_invariante_stableswap
2024-12-12,37893350514,37874515168,2.925,2.925,0.0,37806016613,200984796.0,3.1502,2.8832,50.6372,26219.11,25549.6,7034467.86,modelo_invariante_stableswap
2024-12-13,38111406555,38092637609,2.898,2.898,0.0,38211965632,202036118.0,2.68,2.8569,51.1249,26454.21,25246.76,7071264.13,modelo_invariante_stableswap
2024-12-14,38383561942,38365011417,2.797,2.797,0.0,37858056582,199767015.0,2.28,2.7587,51.1278,26448.24,25237.9,6991845.52,modelo_invariante_stableswap
2024-12-15,37936189998,37918227543,2.762,2.762,0.0,38024218511,200969651.0,3.3702,2.7246,50.1752,25493.07,25337.64,7033937.79,modelo_invariante_stableswap
2024-12-16,38185981171,38167906949,2.856,2.856,0.0,39661401692,209041734.0,2.0702,2.8161,50.9176,26723.85,25731.23,7316460.69,modelo_invariante_stableswap
2024-12-17,39145886404,39128067642,2.868,2.868,0.0,37834965753,200381803.0,2.41,2.8278,51.2366,26468.39,25139.91,7013363.1,modelo_invariante_stableswap
2024-12-18,37926226560,37907811551,2.858,2.858,0.0,36005647146,190453229.0,2.4802,2.818,50.3752,26502.86,26117.04,6665863.02,modelo_invariante_stableswap
2024-12-19,35849196825,35832228251,2.97,2.97,0.0,33702040259,177056362.0,2.55,2.9269,50.319,26053.46,25735.88,6196972.67,modelo_invariante_stableswap
2024-12-20,33538481237,33522536181,3.278,3.278,0.0,33783903759,179311790.0,3.18,3.2256,51.1709,26471.7,25213.86,6275912.65,modelo_invariante_stableswap
2024-12-21,33933080037,33917270525,2.926,2.926,0.0,32438677834,172078397.0,2.37,2.8841,50.9325,26293.66,25300.86,6022743.9,modelo_invariante_stableswap
2024-12-22,32424583619,32409760511,2.899,2.899,0.0,31784266531,168850202.0,2.5,2.8579,51.1336,26388.51,25174.66,5909757.07,modelo_invariante_stableswap
2024-12-23,31930188766,31915321653,2.861,2.861,0.0,33370048723,177529890.0,2.84,2.8209,51.1293,26619.47,25399.74,6213546.15,modelo_invariante_stableswap
2024-12-24,33368141028,33352392937,2.824,2.824,0.0,33759610053,179819006.0,2.5903,2.785,50.6737,26106.26,25399.98,6293665.21,modelo_invariante_stableswap
2024-12-25,33973999131,33957797243,2.743,2.743,0.0,33508349138,179165005.0,2.32,2.7062,50.5288,25917.84,25373.3,6270775.18,modelo_invariante_stableswap
2024-12-26,33775372131,33759169135,2.752,2.752,0.0,32266644788,171858912.0,2.79,2.7149,50.9792,26334.93,25289.92,6015061.92,modelo_invariante_stableswap
2024-12-27,32131545612,32116137242,2.821,2.821,0.0,32111611770,170940788.0,2.8602,2.782,50.7624,26085.43,25283.6,5982927.58,modelo_invariante_stableswap
2024-12-28,32105636156,32090564053,2.762,2.762,0.0,32950731845,175089594.0,2.04,2.7246,50.5927,26076.4,25458.97,6128135.79,modelo_invariante_stableswap
2024-12-29,32902105888,32886123303,2.743,2.743,0.0,32132479266,172185933.0,1.9802,2.7062,50.112,25733.38,25645.57,6026507.66,modelo_invariante_stableswap
2024-12-30,32449251404,32433698012,2.753,2.753,0.0,32316292712,172828280.0,1.84,2.7159,50.6044,26064.83,25434.94,6048989.8,modelo_invariante_stableswap
2024-12-31,32519760519,32504105165,2.963,2.963,0.0,32219799673,171897789.0,2.33,2.9201,50.4317,26008.67,25568.18,6016422.62,modelo_invariante_stableswap
2025-01-01,32205543613,32189937513,2.849,2.849,0.0,32398716256,173051632.0,2.0802,2.8093,50.6843,26167.97,25448.51,6056807.12,modelo_invariante_stableswap
2025-01-02,32448919351,32432990568,2.991,2.991,0.0,33172489450,177434992.0,1.9,2.9473,51.1209,26325.87,25128.63,6210224.72,modelo_invariante_stableswap
2025-01-03,33281495401,33264526852,2.904,2.904,0.0,34840087743,185402926.0,2.0402,2.8627,50.7559,26121.69,25325.88,6489102.41,modelo_invariante_stableswap
2025-01-04,34862579908,34844808984,2.872,2.872,0.0,35203568526,187509248.0,1.92,2.8316,50.5752,25932.31,25337.19,6562823.68,modelo_invariante_stableswap
2025-01-05,35310944583,35293255892,2.808,2.808,0.0,35068959951,186722953.0,1.9,2.7694,50.481,25936.19,25443.25,6535303.36,modelo_invariante_stableswap
2025-01-06,35195997570,35178496023,2.85,2.85,0.0,35437930296,186838624.0,2.0002,2.8103,50.9376,25832.32,24851.49,6539351.84,modelo_invariante_stableswap
2025-01-07,35553060974,35535240542,2.926,2.926,0.0,32668055293,181596075.0,2.21,2.8841,51.0223,27439.05,26301.77,6355862.63,modelo_invariante_stableswap
2025-01-08,32636977298,32620508488,3.017,3.017,0.0,31884772772,169941430.0,2.08,2.9725,50.7617,25952.68,25155.73,5947950.05,modelo_invariante_stableswap
2025-01-09,32079352802,32063334666,2.954,2.954,0.0,30890782392,164415571.0,2.12,2.9113,50.7836,25955.23,25134.7,5754544.98,modelo_invariante_stableswap
2025-01-10,30977410323,30962408760,2.931,2.931,0.0,31456620529,168045206.0,1.82,2.889,50.4599,25948.36,25478.23,5881582.21,modelo_invariante_stableswap
2025-01-11,31467526279,31452514298,2.759,2.759,0.0,31610835967,168099399.0,1.81,2.7217,50.7898,26032.78,25203.07,5883478.97,modelo_invariante_stableswap
2025-01-12,31648363733,31633257245,2.7,2.7,0.0,31118082148,166362161.0,1.6,2.6643,50.6106,25788.03,25158.16,5822675.64,modelo_invariante_stableswap
2025-01-13,31165002463,31150030867,3.113,3.113,0.0,29926823038,156931934.0,1.62,3.0657,50.7497,25417.58,24649.82,5492617.69,modelo_invariante_stableswap
2025-01-14,30120490969,30105809473,2.984,2.984,0.0,30959407039,163849253.0,2.56,2.9405,50.7172,25793.27,25048.87,5734723.86,modelo_invariante_stableswap
2025-01-15,31079806687,31064755017,2.857,2.857,0.0,32902268917,167320741.0,2.31,2.8171,50.8891,24703.06,23814.46,5856225.94,modelo_invariante_stableswap
2025-01-16,33036360580,33019939714,2.898,2.898,0.0,31545466064,169476017.0,2.13,2.8569,51.3125,26344.41,24941.03,5931660.6,modelo_invariante_stableswap
2025-01-17,31794137280,31777333765,2.892,2.892,0.0,33453282301,177081188.0,2.26,2.8511,50.4989,25740.06,25231.53,6197841.58,modelo_invariante_stableswap
2025-01-18,33480781149,33463344246,2.981,2.981,0.0,31441520141,168390684.0,2.2202,2.9376,50.8066,25901.7,25058.19,5893673.94,modelo_invariante_stableswap
2025-01-19,31545077591,31524950201,3.164,3.164,0.0,30962794807,167358665.0,4.1,3.1151,50.6953,26453.48,25714.17,5857553.28,modelo_invariante_stableswap
2025-01-20,30853578523,30833862969,3.472,3.472,0.0,31492388452,168467538.0,4.14,3.4132,51.4705,26522.68,24940.63,5896363.83,modelo_invariante_stableswap
2025-01-21,31507679289,31488857615,3.428,3.428,0.0,31803851247,168795405.0,3.36,3.3707,51.6424,26279.88,24531.19,5907839.18,modelo_invariante_stableswap
2025-01-22,31883899272,31864518428,2.919,2.919,0.0,31125511344,166248204.0,3.19,2.8773,50.9471,26171.78,25167.9,5818687.14,modelo_invariante_stableswap
2025-01-23,31060369403,31040359004,2.843,2.843,0.0,31707919901,166383834.0,2.55,2.8034,50.638,25275.13,24628.96,5823434.19,modelo_invariante_stableswap
2025-01-24,31962017436,31942283399,4.191,4.191,0.0,31783590197,170337603.0,2.16,4.1058,51.0807,26332.33,25178.03,5961816.1,modelo_invariante_stableswap
2025-01-25,31634574220,31614810723,2.803,2.803,0.0,31914833616,169536127.0,3.19,2.7645,51.1022,26160.03,24990.23,5933764.44,modelo_invariante_stableswap
2025-01-26,31919422812,31899299843,2.735,2.735,0.0,31428284943,168205822.0,2.4802,2.6984,50.9,26485.52,25520.91,5887203.77,modelo_invariante_stableswap
2025-01-27,31229856805,31210889842,3.075,3.075,0.0,30149637527,160542856.0,2.7602,3.0288,51.5457,26106.61,24470.54,5618999.96,modelo_invariante_stableswap
2025-01-28,30247394377,30229116137,2.906,2.906,0.0,29300827813,156059406.0,2.71,2.8647,51.0168,25910.44,24842.41,5462079.21,modelo_invariante_stableswap
2025-01-29,29346346812,29328798810,2.799,2.799,0.0,29817112754,159772405.0,2.94,2.7606,50.7884,26087.36,25257.51,5592034.18,modelo_invariante_stableswap
2025-01-30,29826852785,29808894942,2.881,2.881,0.0,30987994022,165070691.0,2.2,2.8404,50.777,25827.35,25017.92,5777474.18,modelo_invariante_stableswap
2025-01-31,30867377610,30848825540,2.797,2.797,0.0,31143457798,167606694.0,2.2,2.7587,51.0296,25969.2,24885.06,5866234.29,modelo_invariante_stableswap
2025-02-01,31354907312,31336894454,2.825,2.825,0.0,29708656417,159620475.0,2.0202,2.7859,50.9603,26118.36,25102.37,5586716.63,modelo_invariante_stableswap
2025-02-02,29627454957,29610765607,2.768,2.768,0.0,27113145524,148259017.0,2.1,2.7305,53.0236,27594.29,24278.24,5189065.6,modelo_invariante_stableswap
2025-02-03,26681941000,26666780705,11.773,11.773,0.0,27033316297,139071072.0,8.7102,11.1317,52.1677,25266.56,23060.95,4867487.52,modelo_invariante_stableswap
2025-02-04,27138226613,27121288547,3.31,3.31,0.0,25531413448,136159912.0,11.27,3.2565,51.7786,25867.72,24006.22,4765596.92,modelo_invariante_stableswap
2025-02-05,25926745906,25910714194,3.032,3.032,0.0,26206613015,140112535.0,3.62,2.9871,51.0544,25698.81,24599.81,4903938.73,modelo_invariante_stableswap
2025-02-06,26419882854,26404521043,2.817,2.817,0.0,25330796824,136901139.0,2.8101,2.7782,51.3928,26234.91,24752.2,4791539.86,modelo_invariante_stableswap
2025-02-07,25427211850,25412465066,2.922,2.922,0.0,24275250806,131652979.0,2.5201,2.8802,50.9643,25620.21,24619.3,4607854.27,modelo_invariante_stableswap
2025-02-08,25078376937,25063412375,2.848,2.848,0.0,24749917962,136096576.0,2.8001,2.8083,50.6624,26205.3,25508.68,4763380.16,modelo_invariante_stableswap
2025-02-09,24927919212,24912340027,2.706,2.706,0.0,24559063187,133747990.0,2.7801,2.6701,50.4901,25688.46,25190.37,4681179.65,modelo_invariante_stableswap
2025-02-10,24981679224,24965904554,2.857,2.857,0.0,25060988395,137444804.0,2.6701,2.8171,50.9829,26366.65,25316.48,4810568.14,modelo_invariante_stableswap
2025-02-11,25048852502,25033309511,2.807,2.807,0.0,24260932113,135560786.0,2.21,2.7684,50.8628,26517.3,25592.16,4744627.51,modelo_invariante_stableswap
2025-02-12,24500683648,24488670855,2.813,2.813,0.0,25781716831,142165959.0,2.1401,2.7743,50.4759,26217.56,25724.87,4975808.57,modelo_invariante_stableswap
2025-02-13,25690424588,25678527600,2.956,2.956,0.0,25070054895,137870966.0,2.01,2.9133,50.7825,26185.04,25358.43,4825483.81,modelo_invariante_stableswap
2025-02-14,25201734618,25189933502,2.851,2.851,0.0,25546959431,140509458.0,1.78,2.8112,50.9654,26302.4,25273.67,4917831.03,modelo_invariante_stableswap
2025-02-15,25570912385,25558922089,2.688,2.688,0.0,25265227220,139017937.0,1.61,2.6526,50.6767,26167.48,25456.38,4865627.8,modelo_invariante_stableswap
2025-02-16,25325713682,25313910213,2.65,2.65,0.0,25119239869,138068669.0,1.4301,2.6156,50.7522,26328.65,25530.45,4832403.42,modelo_invariante_stableswap
2025-02-17,25049285865,25037846514,2.765,2.765,0.0,25831733442,141805639.0,1.4101,2.7276,50.7029,26224.76,25483.38,4963197.36,modelo_invariante_stableswap
2025-02-18,25630798912,25620083507,2.944,2.944,0.0,25052336028,137182159.0,1.63,2.9016,50.8489,26157.17,25259.61,4801375.57,modelo_invariante_stableswap
2025-02-19,25152989716,25142645476,2.785,2.785,0.0,25502091882,139902136.0,1.6001,2.747,50.4204,25968.3,25540.78,4896574.76,modelo_invariante_stableswap
2025-02-20,25571162213,25560874478,2.722,2.722,0.0,25696853697,140816173.0,1.4901,2.6857,50.6091,26013.52,25379.72,4928566.06,modelo_invariante_stableswap
2025-02-21,25848531668,25837809919,2.739,2.739,0.0,24939857710,135092638.0,1.4601,2.7023,51.3534,26145.16,24709.18,4728242.33,modelo_invariante_stableswap
2025-02-22,25084769060,25074390575,3.013,3.013,0.0,26019595555,141360683.0,6.77,2.9686,51.3322,26312.78,24890.15,4947623.9,modelo_invariante_stableswap
2025-02-23,26044117218,26033659586,2.737,2.737,0.0,26257774676,143419012.0,2.5601,2.7003,51.0734,26003.59,24871.43,5019665.42,modelo_invariante_stableswap
2025-02-24,26661829084,26651598001,2.792,2.792,0.0,23594781685,132771613.0,1.76,2.7538,51.2687,27135.52,25738.26,4647006.46,modelo_invariante_stableswap
2025-02-25,23571649957,23562929580,4.108,4.108,0.0,23637489715,125203379.0,2.89,4.0261,49.766,24937.34,25222.54,4382118.27,modelo_invariante_stableswap
2025-02-26,23391616117,23382820747,2.982,2.982,0.0,22242318413,119353988.0,3.1901,2.9385,51.1479,26230.72,25008.88,4177389.58,modelo_invariante_stableswap
2025-02-27,21896492505,21888228864,3.14,3.14,0.0,21334863382,115958413.0,2.1,3.0918,51.0121,25693.48,24639.38,4058544.46,modelo_invariante_stableswap
2025-02-28,21637428528,21629021029,4.079,4.079,0.0,20886541385,114138181.0,3.8901,3.9982,51.4454,26306.4,24763.91,3994836.34,modelo_invariante_stableswap
2025-03-01,20925003105,20916049392,2.849,2.849,0.0,20869805736,113666288.0,3.59,2.8093,51.522,26493.89,24858.86,3978320.08,modelo_invariante_stableswap
2025-03-02,20898469215,20889697133,2.764,2.764,0.0,23662814664,127145763.0,2.67,2.7266,51.1774,25872.54,24636.29,4450101.7,modelo_invariante_stableswap
2025-03-03,23624236934,23613362593,3.33,3.33,0.0,20249116194,109697455.0,2.0001,3.2759,50.2956,25700.35,25412.58,3839410.92,modelo_invariante_stableswap
2025-03-04,20290133754,20281414378,3.615,3.615,0.0,20468588674,111410612.0,3.2601,3.5514,49.9058,25580.43,25718.78,3899371.42,modelo_invariante_stableswap
2025-03-05,20306332184,20297545555,3.112,3.112,0.0,20982072782,114313071.0,2.6201,3.0647,50.5329,25767.76,25222.09,4000957.49,modelo_invariante_stableswap
2025-03-06,21252454407,21243447967,2.875,2.875,0.0,20808405705,113491331.0,2.2701,2.8346,49.9277,25686.94,25801.71,3972196.59,modelo_invariante_stableswap
2025-03-07,20044381079,20036077134,3.053,3.053,0.0,19934083061,110621741.0,2.23,3.0074,50.734,26254.8,25478.82,3871760.94,modelo_invariante_stableswap
2025-03-08,19971771916,19963240780,2.95,2.95,0.0,20627774763,113404478.0,2.29,2.9074,50.6872,26123.49,25402.05,3969156.73,modelo_invariante_stableswap
2025-03-09,20590046352,20581685190,2.718,2.718,0.0,18876325587,104458487.0,1.9,2.6818,50.427,26129.78,25692.36,3656047.05,modelo_invariante_stableswap
2025-03-10,18994852078,18987058951,3.064,3.064,0.0,17539127202,96843197.0,1.64,3.0181,48.7422,25241.01,26671.54,3389511.9,modelo_invariante_stableswap
2025-03-11,17550933967,17543666377,4.851,4.851,0.0,18198547493,99549049.0,3.5701,4.7373,51.0479,26509.51,25383.04,3484216.72,modelo_invariante_stableswap
2025-03-12,17956725487,17949055899,3.602,3.602,0.0,17872120380,97858188.0,4.4401,3.5388,51.2566,26329.81,24986.83,3425036.58,modelo_invariante_stableswap
2025-03-13,17855783042,17848022072,2.825,2.825,0.0,17422495242,96078252.0,3.36,2.7859,50.9471,26306.97,25297.85,3362738.82,modelo_invariante_stableswap
2025-03-14,17457347491,17449754327,2.811,2.811,0.0,17946296370,98910013.0,1.87,2.7723,50.3985,26099.05,25693.42,3461850.46,modelo_invariante_stableswap
2025-03-15,17913617805,17905432007,2.794,2.794,0.0,18164216941,98916015.0,1.8501,2.7558,50.6058,25844.96,25218.84,3462060.53,modelo_invariante_stableswap
2025-03-16,18107934626,18099632203,2.714,2.714,0.0,17497436401,98916015.0,1.8001,2.6779,50.7727,26628.57,25798.82,3462060.53,modelo_invariante_stableswap
2025-03-17,17694862441,17687064353,2.688,2.688,0.0,18032973845,98916015.0,1.6801,2.6526,50.6332,26000.3,25340.76,3462060.53,modelo_invariante_stableswap
2025-03-18,17940217823,17932435659,2.793,2.793,0.0,17872525625,97922384.0,1.6901,2.7548,51.1019,25936.16,24776.82,3427283.44,modelo_invariante_stableswap
2025-03-19,18035671359,18027982057,2.873,2.873,0.0,19006836697,104618693.0,1.78,2.8326,50.7946,25845.46,25016.69,3661654.26,modelo_invariante_stableswap
2025-03-20,19225032625,19216729988,2.93,2.93,0.0,18435321289,101388562.0,1.71,2.888,50.9606,26100.35,25084.66,3548599.67,modelo_invariante_stableswap
2025-03-21,18599161419,18591305175,2.741,2.741,0.0,18316718570,100915852.0,1.6001,2.7042,50.6303,26013.29,25356.57,3532054.82,modelo_invariante_stableswap
2025-03-22,18368907425,18361044662,2.668,2.668,0.0,18527091642,101872458.0,1.53,2.6331,51.3702,26492.95,25019.91,3565536.03,modelo_invariante_stableswap
2025-03-23,18497386089,18489511873,2.664,2.664,0.0,18643354885,102272018.0,1.47,2.6292,51.3855,26270.84,24793.82,3579520.63,modelo_invariante_stableswap
2025-03-24,18790164072,18781940436,2.669,2.669,0.0,19433883314,106407580.0,1.51,2.6341,51.3333,26352.81,24926.86,3724265.3,modelo_invariante_stableswap
2025-03-25,19561977868,19553301376,2.704,2.704,0.0,19270593654,105731437.0,1.5101,2.6682,51.0292,26130.74,25040.37,3700600.3,modelo_invariante_stableswap
2025-03-26,19320477240,19311701121,2.689,2.689,0.0,18766002009,102566767.0,1.49,2.6536,51.9969,26653.09,24505.03,3589836.84,modelo_invariante_stableswap
2025-03-27,19009551468,19001118130,2.749,2.749,0.0,18799065658,103476930.0,1.45,2.712,50.8781,26319.88,25384.94,3621692.55,modelo_invariante_stableswap
2025-03-28,18735696520,18727270345,3.019,3.019,0.0,17711261719,96946712.0,1.6,2.9744,50.4796,25816.64,25327.59,3393134.92,modelo_invariante_stableswap
2025-03-29,17876625208,17868657583,2.812,2.812,0.0,17025405314,93875612.0,1.7301,2.7733,50.8876,26170.48,25230.69,3285646.42,modelo_invariante_stableswap
2025-03-30,17117355083,17109743296,2.765,2.765,0.0,16846136448,92303401.0,1.58,2.7276,51.0318,26116.85,25024.25,3230619.04,modelo_invariante_stableswap
2025-03-31,16901782336,16894170868,2.743,2.743,0.0,17094090195,93561359.0,1.64,2.7062,50.381,25841.75,25459.12,3274647.57,modelo_invariante_stableswap
2025-04-01,17114913327,17107291963,2.787,2.787,0.0,17952621396,98136877.0,1.62,2.749,50.742,26150.52,25368.94,3434790.7,modelo_invariante_stableswap
2025-04-02,17840828505,17833076304,2.761,2.761,0.0,16759164866,94435006.0,1.89,2.7237,50.2642,26422.38,26161.5,3305225.21,modelo_invariante_stableswap
2025-04-03,16841336395,16834125074,2.993,2.993,0.0,16971584814,92842972.0,1.7901,2.9492,51.2216,26244.12,24942.89,3249504.02,modelo_invariante_stableswap
2025-04-04,17060660906,17053480490,2.852,2.852,0.0,17058197117,93076547.0,2.04,2.8122,51.0227,26197.99,25111.77,3257679.15,modelo_invariante_stableswap
2025-04-05,17045602463,17038117597,2.782,2.782,0.0,16802467043,91728094.0,2.02,2.7441,50.9807,25928.08,24897.68,3210483.29,modelo_invariante_stableswap
2025-04-06,16965508210,16958142613,2.663,2.663,0.0,14727451380,82931433.0,2.05,2.6283,52.079,27511.04,25205.06,2902600.16,modelo_invariante_stableswap
2025-04-07,14756977166,14750542318,7.349,7.349,0.0,14767720006,80313304.0,9.84,7.0922,50.0916,25838.6,25772.94,2810965.64,modelo_invariante_stableswap
2025-04-08,14652039118,14645440865,3.122,3.122,0.0,13684256040,75460973.0,3.88,3.0744,51.0154,26179.86,25102.22,2641134.06,modelo_invariante_stableswap
2025-04-09,13779794667,13773346948,3.293,3.293,0.0,15634304535,83727367.0,2.86,3.2401,51.73,26053.71,24229.13,2930457.84,modelo_invariante_stableswap
2025-04-10,15430675899,15423474815,3.337,3.337,0.0,14329384980,77924373.0,3.41,3.2827,50.623,25918.13,25271.73,2727353.06,modelo_invariante_stableswap
2025-04-11,14428100688,14421171715,3.161,3.161,0.0,14686609500,80165753.0,2.63,3.1122,50.8646,26045.31,25134.63,2805801.36,modelo_invariante_stableswap
2025-04-12,14691027879,14683610355,2.886,2.886,0.0,15371179852,84375582.0,2.0101,2.8453,50.4266,25882.84,25449.99,2953145.37,modelo_invariante_stableswap
2025-04-13,15328792669,15320779880,2.843,2.843,0.0,14800445038,79705591.0,1.76,2.8034,50.7522,25352.76,24584.13,2789695.68,modelo_invariante_stableswap
2025-04-14,14783410798,14775688367,2.976,2.976,0.0,15095512407,81125627.0,1.8501,2.9327,50.243,25099.9,24874.53,2839396.94,modelo_invariante_stableswap
2025-04-15,15107944468,15100173438,2.832,2.832,0.0,14824285212,79996910.0,2.16,2.7927,50.0854,25192.24,25134.97,2799891.85,modelo_invariante_stableswap
2025-04-16,14841878256,14834246792,2.836,2.836,0.0,14746875760,79403473.0,2.05,2.7966,50.9694,25678.56,24670.02,2779121.56,modelo_invariante_stableswap
2025-04-17,14688865983,14680931465,2.787,2.787,0.0,14772271388,79549129.0,2.2,2.749,50.8449,25582.17,24708.5,2784219.52,modelo_invariante_stableswap
2025-04-18,14728004690,14719870904,2.722,2.722,0.0,14811149359,79716579.0,1.9401,2.6857,50.7555,25481.98,24706.11,2790080.26,modelo_invariante_stableswap
2025-04-19,14778751782,14770671600,2.667,2.667,0.0,15007587965,80784131.0,2.01,2.6322,49.9883,25001.91,25048.7,2827444.59,modelo_invariante_stableswap
2025-04-20,14955922933,14947431575,2.684,2.684,0.0,14642724500,78978641.0,2.04,2.6487,51.1796,25509.27,24288.14,2764252.44,modelo_invariante_stableswap
2025-04-21,14878199097,14869667799,2.749,2.749,0.0,14605475291,78853834.0,2.0401,2.712,51.0373,25513.25,24440.24,2759884.19,modelo_invariante_stableswap
2025-04-22,14599768447,14591536849,2.814,2.814,0.0,16137659160,86883716.0,1.96,2.7752,50.7694,25119.34,24339.99,3040930.06,modelo_invariante_stableswap
2025-04-23,16273201917,16264226003,3.161,3.161,0.0,16562611106,89657366.0,3.84,3.1122,49.9288,24884.42,24994.46,3138007.81,modelo_invariante_stableswap
2025-04-24,16629598563,16620501976,2.913,2.913,0.0,16292327561,88057005.0,3.73,2.8715,51.1734,25508.07,24293.42,3081995.18,modelo_invariante_stableswap
2025-04-25,16407426588,16398253508,2.801,2.801,0.0,16622848035,89872548.0,1.9901,2.7626,50.6887,25510.99,24804.98,3145539.18,modelo_invariante_stableswap
2025-04-26,16551204914,16542096625,2.763,2.763,0.0,16820457231,90565450.0,1.98,2.7256,50.8464,25299.7,24434.21,3169790.75,modelo_invariante_stableswap
2025-04-27,17033277319,17024254048,2.692,2.692,0.0,16497553881,89241308.0,2.0601,2.6565,50.6788,25238.13,24550.07,3123445.78,modelo_invariante_stableswap
2025-04-28,16592870321,16584004566,2.705,2.705,0.0,16561024422,89210575.0,1.8901,2.6692,50.6621,25136.07,24468.22,3122370.13,modelo_invariante_stableswap
2025-04-29,16649672726,16640813465,2.825,2.825,0.0,16583597249,89303722.0,1.88,2.7859,51.6421,25713.42,24002.83,3125630.27,modelo_invariante_stableswap
2025-04-30,16630227105,16621419384,2.825,2.825,0.0,16689319174,89188367.0,1.83,2.7859,50.7599,25256.29,24482.63,3121592.84,modelo_invariante_stableswap
2025-05-01,16569438128,16560574228,2.786,2.786,0.0,16560574228,91631992.0,1.86,2.748,50.7376,25294.55,24543.07,3207119.72,modelo_invariante_stableswap
2025-05-02,16945190375,16936134286,2.733,2.733,0.0,16884915209,91259914.0,1.87,2.6964,50.9391,25257.93,24297.33,3194096.99,modelo_invariante_stableswap
2025-05-03,16941398958,16932506673,2.672,2.672,0.0,16888061269,91466399.0,1.77,2.637,50.5964,25242.54,24641.04,3201323.97,modelo_invariante_stableswap
2025-05-04,16878045766,16869240122,2.649,2.649,0.0,16733181589,90417035.0,1.67,2.6146,50.7584,25393.68,24617.4,3164596.22,modelo_invariante_stableswap
2025-05-05,16589440413,16580812691,2.698,2.698,0.0,16796502633,89943077.0,1.7001,2.6623,50.804,25132.12,24316.29,3148007.7,modelo_invariante_stableswap
2025-05-06,16698451494,16689674118,2.718,2.718,0.0,16511829502,89126271.0,1.86,2.6818,50.485,24788.68,24313.31,3119419.49,modelo_invariante_stableswap
2025-05-07,16858372775,16849460383,2.689,2.689,0.0,16576706945,91361239.0,1.8501,2.6536,49.7948,25063.59,25318.96,3197643.36,modelo_invariante_stableswap
2025-05-08,16714481730,16705529727,2.709,2.709,0.0,19989462963,106475950.0,1.9201,2.6731,50.8654,24569.77,23710.1,3726658.25,modelo_invariante_stableswap
2025-05-09,20171118029,20161301508,3.479,3.479,0.0,21425260240,114773695.0,2.46,3.42,50.8862,24926.67,24033.05,4017079.32,modelo_invariante_stableswap
2025-05-10,21684208093,21673861235,2.993,2.993,0.0,23407629041,128939297.0,3.55,2.9492,50.1058,24990.65,24911.99,4512875.4,modelo_invariante_stableswap
2025-05-11,23247906315,23237255770,3.138,3.138,0.0,22755457736,131244363.0,2.18,3.0899,51.0723,26744.42,25581.15,4593552.7,modelo_invariante_stableswap
2025-05-12,23164234168,23153755473,2.929,2.929,0.0,22749588131,126946140.0,2.08,2.887,51.4041,26204.83,24711.83,4443114.9,modelo_invariante_stableswap
2025-05-13,22632781380,22622389132,2.932,2.932,0.0,24582906678,139510493.0,1.99,2.89,50.4726,26270.87,25780.8,4882867.26,modelo_invariante_stableswap
2025-05-14,24565108436,24554152176,2.902,2.902,0.0,23694465110,135993093.0,2.1,2.8608,50.8165,26500.06,25626.32,4759758.26,modelo_invariante_stableswap
2025-05-15,23887234854,23876608811,2.813,2.813,0.0,23205854850,132235570.0,1.77,2.7743,51.7067,26935.69,25074.38,4628244.95,modelo_invariante_stableswap
2025-05-16,23235660527,23225524336,2.865,2.865,0.0,23299795926,134043017.0,1.74,2.8248,49.67,26191.02,26599.32,4691505.6,modelo_invariante_stableswap
2025-05-17,23320532254,23310507242,2.757,2.757,0.0,22430903537,128935047.0,1.77,2.7198,50.9734,26581.0,25532.65,4512726.65,modelo_invariante_stableswap
2025-05-18,22620649586,22610709484,2.625,2.625,0.0,22383100321,124914215.0,1.67,2.5912,51.7187,25946.55,24141.16,4371997.53,modelo_invariante_stableswap
2025-05-19,22321593292,22311383123,3.06,3.06,0.0,22656274747,130932352.0,1.68,3.0142,50.8832,26369.43,25427.2,4582632.32,modelo_invariante_stableswap
2025-05-20,22968337420,22958371735,2.931,2.931,0.0,22568218222,130844223.0,2.16,2.889,51.3793,26697.55,25203.29,4579547.81,modelo_invariante_stableswap
2025-05-21,22810598214,22800534932,2.786,2.786,0.0,22724516883,130517932.0,1.79,2.748,50.6686,25922.09,25226.28,4568127.62,modelo_invariante_stableswap
2025-05-22,23140141635,23129773829,2.94,2.94,0.0,23894953566,137917231.0,1.72,2.8977,51.3851,26665.52,25166.77,4827103.09,modelo_invariante_stableswap
2025-05-23,24007687451,23996935668,2.941,2.941,0.0,22843342637,131228142.0,1.8,2.8987,51.7472,26970.62,25063.43,4592984.97,modelo_invariante_stableswap
2025-05-24,22825754058,22815356379,2.801,2.801,0.0,22770887648,130519804.0,1.81,2.7626,50.9073,26285.16,25319.84,4568193.14,modelo_invariante_stableswap
2025-05-25,22715264957,22704929422,2.68,2.68,0.0,22898189858,130087964.0,1.6,2.6448,50.8464,25945.94,25058.37,4553078.74,modelo_invariante_stableswap
2025-05-26,22971934221,22961772431,2.722,2.722,0.0,23086669677,125087896.0,1.56,2.6857,51.3304,25097.95,23742.78,4378076.36,modelo_invariante_stableswap
2025-05-27,23058695473,23048612418,2.744,2.744,0.0,23965373899,128043015.0,1.56,2.7071,50.5617,24314.66,23770.43,4481505.53,modelo_invariante_stableswap
2025-05-28,23872194401,23862007060,2.83,2.83,0.0,23782788446,127575554.0,1.57,2.7908,51.3753,24494.65,23127.67,4465144.39,modelo_invariante_stableswap
2025-05-29,24303108599,24293181967,2.871,2.871,0.0,23851451859,127811076.0,1.67,2.8307,51.0814,24838.78,23749.2,4473387.66,modelo_invariante_stableswap
2025-05-30,23361868891,23352451643,2.905,2.905,0.0,22706151510,124305382.0,1.77,2.8637,51.0358,25112.63,24057.93,4350688.37,modelo_invariante_stableswap
2025-05-31,22691942168,22682922264,2.887,2.887,0.0,22771797993,122589960.0,1.83,2.8462,50.6274,24548.63,23931.88,4290648.6,modelo_invariante_stableswap
2025-06-01,22610133573,22601119325,2.709,2.709,0.0,22784786834,122483215.0,1.66,2.6731,50.9318,24625.44,23696.34,4286912.53,modelo_invariante_stableswap
2025-06-02,22777295889,22768204040,2.727,2.727,0.0,23127121598,122120588.0,1.66,2.6906,50.3843,23593.36,23240.76,4274220.58,modelo_invariante_stableswap
2025-06-03,23476761187,23467697211,2.789,2.789,0.0,23373393902,124875711.0,1.65,2.7509,50.9442,24561.39,23622.12,4370649.89,modelo_invariante_stableswap
2025-06-04,23295526858,23286592638,2.8,2.8,0.0,23376013285,125496473.0,1.64,2.7616,50.5077,24298.7,23809.78,4392376.56,modelo_invariante_stableswap
2025-06-05,23416675130,23407832266,2.765,2.765,0.0,21672098517,116740459.0,1.47,2.7276,50.1956,24231.3,24062.47,4085916.07,modelo_invariante_stableswap
2025-06-06,21717171088,21708846759,2.878,2.878,0.0,22253377763,119300875.0,1.47,2.8375,50.5099,24326.01,23834.33,4175530.63,modelo_invariante_stableswap
2025-06-07,22282229224,22273708053,2.743,2.743,0.0,22765211512,120568150.0,1.57,2.7062,51.2347,24499.2,23271.38,4219885.25,modelo_invariante_stableswap
2025-06-08,22646375186,22637727324,2.681,2.681,0.0,22500962145,120663679.0,1.46,2.6458,50.8267,24448.22,23631.74,4223228.77,modelo_invariante_stableswap
2025-06-09,22518165347,22509379895,2.68,2.68,0.0,23924565205,125739722.0,1.42,2.6448,50.9449,23917.86,23002.51,4400890.27,modelo_invariante_stableswap
2025-06-10,24177781271,24168509867,2.804,2.804,0.0,25269157459,132712382.0,1.43,2.7655,51.2523,24225.39,22994.07,4644933.37,modelo_invariante_stableswap
2025-06-11,25494775321,25485245335,2.804,2.804,0.0,25101613880,133796292.0,1.57,2.7655,50.2868,24244.43,23981.84,4682870.22,modelo_invariante_stableswap
2025-06-12,25143134872,25133878005,2.834,2.834,0.0,23947529547,126322538.0,1.53,2.7947,50.6788,24153.48,23494.88,4421288.83,modelo_invariante_stableswap
2025-06-13,23213996312,23205454631,2.899,2.899,0.0,23339676914,122199308.0,1.57,2.8579,50.7993,24085.17,23308.06,4276975.78,modelo_invariante_stableswap
2025-06-14,23315709198,23307276303,2.637,2.637,0.0,22957549197,120524174.0,1.56,2.6029,51.2304,24420.86,23201.34,4218346.09,modelo_invariante_stableswap
2025-06-15,23034258809,23026024609,2.566,2.566,0.0,23056611262,121140662.0,1.48,2.5337,50.469,24003.63,23559.47,4239923.17,modelo_invariante_stableswap
2025-06-16,23183848341,23175267126,2.654,2.654,0.0,23757154063,126121891.0,1.49,2.6195,49.528,24521.63,25055.59,4414266.19,modelo_invariante_stableswap
2025-06-17,23142194565,23133818406,2.755,2.755,0.0,23133818406,120130544.0,1.42,2.7178,50.5208,24173.68,23673.96,4204569.04,modelo_invariante_stableswap
2025-06-18,22961965706,22953681258,2.661,2.661,0.0,22953681258,120404248.0,1.47,2.6263,49.3944,23489.0,24137.89,4214148.68,modelo_invariante_stableswap
2025-06-19,22994614748,22986378436,2.747,2.747,0.0,23057071650,119803285.0,1.44,2.71,49.1375,23258.26,24164.73,4193114.98,modelo_invariante_stableswap
2025-06-20,23109878112,23101625399,2.678,2.678,0.0,22032096228,115246545.0,1.45,2.6429,50.7307,24302.04,23587.08,4033629.08,modelo_invariante_stableswap
2025-06-21,21990069339,21982211852,2.697,2.697,0.0,21055638426,109683260.0,1.43,2.6614,53.0539,25473.32,22382.96,3838914.1,modelo_invariante_stableswap
2025-06-22,20562258014,20554662746,2.966,2.966,0.0,20443323846,105200467.0,1.5,2.923,50.692,23945.78,23279.79,3682016.34,modelo_invariante_stableswap
2025-06-23,20603792260,20596319681,2.986,2.986,0.0,22117791195,113091232.0,1.73,2.9424,51.4227,24073.6,22684.03,3958193.12,modelo_invariante_stableswap
2025-06-24,22220070689,22211935671,2.867,2.867,0.0,22304928242,116007905.0,1.8,2.8268,50.9333,24165.31,23252.07,4060276.68,modelo_invariante_stableswap
2025-06-25,22403447692,22395257540,2.756,2.756,0.0,22164963106,116321600.0,1.77,2.7188,50.8274,24460.0,23642.42,4071256.0,modelo_invariante_stableswap
2025-06-26,22156514883,22148449127,2.735,2.735,0.0,22018854777,115243536.0,1.57,2.6984,48.8969,23220.48,24374.73,4033523.76,modelo_invariante_stableswap
2025-06-27,22051279578,22043484864,2.741,2.741,0.0,22067800220,115579313.0,1.88,2.7042,50.9814,24342.02,23373.91,4045275.96,modelo_invariante_stableswap
2025-06-28,22047490228,22039567899,2.631,2.631,0.0,22214008671,116211478.0,1.64,2.5971,50.7281,24204.36,23494.87,4067401.73,modelo_invariante_stableswap
2025-06-29,22216234181,22207827944,2.644,2.644,0.0,22709263855,116073673.0,1.55,2.6097,50.0459,23198.3,23184.5,4062578.56,modelo_invariante_stableswap
2025-06-30,22776902359,22768355353,2.655,2.655,0.0,22638053628,118605278.0,1.58,2.6205,50.6183,24152.91,23555.32,4151184.73,modelo_invariante_stableswap
2025-07-01,22710642481,22702027785,2.685,2.685,0.0,21945024770,114932917.0,1.52,2.6497,50.688,24227.89,23558.06,4022652.1,modelo_invariante_stableswap
2025-07-02,21935554385,21927362721,2.686,2.686,0.0,23619106217,123510875.0,1.55,2.6507,49.0889,23488.4,24454.46,4322880.62,modelo_invariante_stableswap
2025-07-03,23458588779,23450120936,2.702,2.702,0.0,23631216293,123198201.0,1.85,2.6662,50.6967,24118.48,23442.88,4311937.04,modelo_invariante_stableswap
2025-07-04,23612901179,23604408334,2.697,2.697,0.0,22745954285,119230388.0,1.44,2.6614,50.6989,24110.45,23432.89,4173063.58,modelo_invariante_stableswap
2025-07-05,22925583275,22917330613,2.608,2.608,0.0,22890543537,119517073.0,1.48,2.5747,50.7387,24105.86,23388.6,4183097.56,modelo_invariante_stableswap
2025-07-06,22922721559,22914518640,2.622,2.622,0.0,23580920219,122622964.0,1.49,2.5883,50.4682,24066.35,23621.8,4291803.74,modelo_invariante_stableswap
2025-07-07,23413166529,23404747542,2.66,2.66,0.0,23135058400,120557054.0,1.49,2.6253,50.6712,24033.05,23385.42,4219496.89,modelo_invariante_stableswap
2025-07-08,23188714479,23180432284,2.675,2.675,0.0,23812017278,123399095.0,1.47,2.6399,50.6194,23889.94,23297.66,4318968.32,modelo_invariante_stableswap
2025-07-09,23869512664,23861093374,2.684,2.684,0.0,25203176450,130550140.0,1.6,2.6487,50.4734,23779.69,23335.34,4569254.9,modelo_invariante_stableswap
2025-07-10,25283949974,25275246160,2.811,2.811,0.0,27126596599,138320929.0,2.02,2.7723,50.7646,23780.98,23047.81,4841232.52,modelo_invariante_stableswap
2025-07-11,26812777918,26803732468,2.896,2.896,0.0,26784113686,140818607.0,2.37,2.855,50.6132,24103.3,23511.99,4928651.24,modelo_invariante_stableswap
2025-07-12,27014373324,27005367163,2.7,2.7,0.0,26781729652,139150915.0,2.27,2.6643,51.0683,24184.49,23136.59,4870282.03,modelo_invariante_stableswap
2025-07-13,26909911377,26900983710,2.617,2.617,0.0,27084985724,140082730.0,1.7,2.5834,50.8628,23986.67,23149.81,4902895.55,modelo_invariante_stableswap
2025-07-14,27079258987,27070335560,2.749,2.749,0.0,27506789075,142220458.0,1.71,2.712,50.6916,23937.37,23271.97,4977716.03,modelo_invariante_stableswap
2025-07-15,27557561438,27548587777,2.733,2.733,0.0,28438775260,143888626.0,1.74,2.6964,51.357,23590.24,22291.14,5036101.91,modelo_invariante_stableswap
2025-07-16,28618315633,28609189406,2.802,2.802,0.0,30786232400,158765936.0,1.81,2.7636,51.3041,24212.69,22931.12,5556807.76,modelo_invariante_stableswap
2025-07-17,30867121166,30857492943,2.88,2.88,0.0,31695137047,163921889.0,2.29,2.8394,51.1424,24154.87,23035.19,5737266.12,modelo_invariante_stableswap
2025-07-18,31765191334,31755408053,2.84,2.84,0.0,32465247547,168003982.0,3.43,2.8005,51.584,24491.66,22919.21,5880139.37,modelo_invariante_stableswap
2025-07-19,32386910824,32377197720,2.672,2.672,0.0,32423164681,167684624.0,3.31,2.637,51.914,24306.98,22427.47,5868961.84,modelo_invariante_stableswap
2025-07-20,32667909107,32658195982,2.677,2.677,0.0,33848577986,175014688.0,2.89,2.6419,51.1968,23879.26,22719.37,6125514.08,modelo_invariante_stableswap
2025-07-21,34050356452,34040431857,2.81,2.81,0.0,34247712215,177096387.0,2.93,2.7713,51.6669,24391.34,22744.55,6198373.55,modelo_invariante_stableswap
2025-07-22,34374039965,34363185453,2.761,2.761,0.0,33776810092,174428760.0,3.33,2.7237,52.1075,24350.16,22281.95,6105006.6,modelo_invariante_stableswap
2025-07-23,34019620157,34008476788,2.651,2.651,0.0,32836779376,170957923.0,3.0,2.6166,51.4786,24311.44,22853.47,5983527.31,modelo_invariante_stableswap
2025-07-24,33073008373,33062688523,2.817,2.817,0.0,33587199286,174751261.0,2.87,2.7782,51.5121,24344.22,22851.38,6116294.14,modelo_invariante_stableswap
2025-07-25,32873395352,32863741618,2.768,2.768,0.0,33448784156,175455704.0,2.5,2.7305,51.2019,24148.99,22970.98,6140949.64,modelo_invariante_stableswap
2025-07-26,33602188907,33592042374,2.659,2.659,0.0,33710476570,177706993.0,2.37,2.6244,50.8143,24156.27,23361.97,6219744.76,modelo_invariante_stableswap
2025-07-27,33897495501,33887439917,2.682,2.682,0.0,34518932343,180642583.0,2.36,2.6468,51.2154,23920.68,22740.66,6322490.4,modelo_invariante_stableswap
2025-07-28,34813073588,34802737297,2.602,2.602,0.0,34106539190,179609418.0,2.15,2.5688,50.8073,24114.42,23328.4,6286329.63,modelo_invariante_stableswap
2025-07-29,34197750262,34187736293,2.664,2.664,0.0,33830291899,178038234.0,2.09,2.6292,51.2891,24123.71,22861.5,6231338.19,modelo_invariante_stableswap
2025-07-30,33972965395,33963114910,2.717,2.717,0.0,33726852924,177625620.0,2.36,2.6808,51.4884,24080.9,22627.22,6216896.7,modelo_invariante_stableswap
2025-07-31,34143656347,34133988656,2.678,2.678,0.0,33292928839,177203156.0,2.37,2.6429,50.781,24360.86,23593.29,6202110.46,modelo_invariante_stableswap
2025-08-01,33144849657,33135546429,2.688,2.688,0.0,30950224959,167518990.0,2.02,2.6526,51.1249,24593.42,23470.88,5863164.65,modelo_invariante_stableswap
2025-08-02,31315680777,31306725570,2.632,2.632,0.0,30443264595,160512503.0,2.32,2.5981,49.866,23550.94,23718.69,5617937.6,modelo_invariante_stableswap
2025-08-03,30451987350,30443353307,2.788,2.788,0.0,31061520555,164998749.0,2.36,2.7499,50.124,23623.12,23530.38,5774956.22,modelo_invariante_stableswap
2025-08-04,31297917189,31289052742,2.642,2.642,0.0,33077498057,175465027.0,2.39,2.6078,51.4749,24351.38,22894.54,6141275.94,modelo_invariante_stableswap
2025-08-05,32850119959,32840905143,2.649,2.649,0.0,31853925612,169853705.0,2.31,2.6146,50.9778,24004.32,23053.25,5944879.68,modelo_invariante_stableswap
2025-08-06,31943280242,31934363141,2.67,2.67,0.0,32675115384,173785505.0,2.1,2.6351,51.4304,24323.81,22912.26,6082492.68,modelo_invariante_stableswap
2025-08-07,32707070293,32697916439,2.624,2.624,0.0,34596384973,183226825.0,2.25,2.5903,52.0148,24449.21,22461.53,6412938.88,modelo_invariante_stableswap
2025-08-08,34757959573,34748415812,2.65,2.65,0.0,35674338081,190319875.0,2.36,2.6156,50.7248,24090.42,23387.51,6661195.63,modelo_invariante_stableswap
2025-08-09,35680292925,35670624267,2.68,2.68,0.0,38035358220,201102706.0,2.61,2.6448,50.8785,24022.95,23169.31,7038594.71,modelo_invariante_stableswap
2025-08-10,38174275100,38164349569,2.628,2.628,0.0,37465271387,198796416.0,2.6,2.5942,51.2855,24017.02,22763.92,6957874.56,modelo_invariante_stableswap
2025-08-11,37774675596,37764738673,2.67,2.67,0.0,37333879288,198052319.0,2.42,2.6351,50.7661,23803.51,23068.28,6931831.17,modelo_invariante_stableswap
2025-08-12,37553393535,37543872593,2.699,2.699,0.0,40364975323,214868048.0,2.42,2.6633,51.2373,24029.03,22822.32,7520381.68,modelo_invariante_stableswap
2025-08-13,40846502922,40836061889,2.902,2.902,0.0,42035081155,220203939.0,2.81,2.8608,50.3858,23320.05,22970.16,7707137.87,modelo_invariante_stableswap
2025-08-14,41996380123,41985398122,2.764,2.764,0.0,39871809707,212438263.0,3.08,2.7266,50.4777,23576.0,23131.11,7435339.21,modelo_invariante_stableswap
2025-08-15,40466700881,40456209842,3.088,3.088,0.0,39393948759,208200736.0,2.62,3.0414,51.6512,24296.98,22671.79,7287025.76,modelo_invariante_stableswap
2025-08-16,39543558254,39533405431,2.704,2.704,0.0,38927097363,207781162.0,2.61,2.6682,51.3209,24146.19,22851.77,7272340.67,modelo_invariante_stableswap
2025-08-17,39044363361,39034133944,2.638,2.638,0.0,39808694940,212489122.0,2.35,2.6039,50.4296,23950.37,23546.94,7437119.27,modelo_invariante_stableswap
2025-08-18,39271348851,39261040916,2.659,2.659,0.0,38579205794,205449977.0,2.26,2.6244,50.9446,24299.87,23370.29,7190749.2,modelo_invariante_stableswap
2025-08-19,38140766274,38130829937,2.648,2.648,0.0,36437883738,195075990.0,2.26,2.6136,51.4472,24701.84,23251.71,6827659.65,modelo_invariante_stableswap
2025-08-20,36237168339,36227580081,2.613,2.613,0.0,38245331447,204205745.0,2.24,2.5795,51.3793,24264.11,22906.05,7147201.08,modelo_invariante_stableswap
2025-08-21,38337346198,38327189832,2.659,2.659,0.0,37373119182,199910653.0,2.12,2.6244,51.7939,24604.48,22818.92,6996872.86,modelo_invariante_stableswap
2025-08-22,37500398830,37490566286,2.76,2.76,0.0,42441513059,225608107.0,2.24,2.7227,51.7315,24238.69,22539.79,7896283.75,modelo_invariante_stableswap
2025-08-23,42520243901,42509416858,2.841,2.841,0.0,41634215940,223028663.0,2.51,2.8015,51.6081,24172.8,22597.51,7806003.21,modelo_invariante_stableswap
2025-08-24,42048201995,42037069909,2.598,2.598,0.0,41445697460,222888154.0,2.3,2.5649,50.8792,23751.08,22906.36,7801085.39,modelo_invariante_stableswap
2025-08-25,41095111623,41084123340,2.727,2.727,0.0,38363340938,206218907.0,2.15,2.6906,50.6778,23909.97,23259.1,7217661.75,modelo_invariante_stableswap
2025-08-26,38353234496,38343125115,2.798,2.798,0.0,40136530454,214646652.0,2.44,2.7597,51.1314,23898.24,22801.07,7512632.82,modelo_invariante_stableswap
2025-08-27,40180740353,40170192141,2.618,2.618,0.0,39561012990,211351638.0,2.34,2.5844,50.8051,23863.63,23087.97,7397307.33,modelo_invariante_stableswap
2025-08-28,39514578742,39503553218,2.658,2.658,0.0,39184519025,210798248.0,2.4,2.6234,51.4534,24127.51,22704.98,7377938.68,modelo_invariante_stableswap
2025-08-29,39472356822,39460763976,2.615,2.615,0.0,37969130880,203355580.0,2.16,2.5815,51.2355,23944.23,22743.57,7117445.3,modelo_invariante_stableswap
2025-08-30,38081925572,38070909356,2.632,2.632,0.0,38075142811,203058282.0,2.13,2.5981,51.557,24003.51,22488.36,7107039.87,modelo_invariante_stableswap
2025-08-31,38449491207,38438528898,2.736,2.736,0.0,38683077568,208594301.0,2.13,2.6993,51.4935,24534.23,23048.13,7300800.54,modelo_invariante_stableswap
2025-09-01,38441349946,38430554950,2.783,2.783,0.0,37110426917,203687329.0,2.27,2.7451,51.8527,24570.86,22730.48,7129056.52,modelo_invariante_stableswap
2025-09-02,37440868326,37430226934,2.774,2.774,0.0,37532415195,201699785.0,2.37,2.7363,51.3523,24002.54,22685.31,7059492.48,modelo_invariante_stableswap
2025-09-03,37443404616,37432190753,2.719,2.719,0.0,38655729077,207798444.0,2.23,2.6828,50.8555,23768.73,22946.64,7272945.54,modelo_invariante_stableswap
2025-09-04,38859993231,38848608144,2.594,2.594,0.0,37474500276,201484208.0,2.27,2.561,50.3179,23572.46,23286.28,7051947.28,modelo_invariante_stableswap
2025-09-05,37401245701,37390346441,2.709,2.709,0.0,37326699665,200990029.0,2.28,2.6731,51.3074,23996.2,22722.9,7034651.02,modelo_invariante_stableswap
2025-09-06,37566525756,37555542412,2.616,2.616,0.0,36990779425,199014129.0,2.14,2.5825,50.5989,23565.9,23001.78,6965494.52,modelo_invariante_stableswap
2025-09-07,37121091517,37110281507,2.575,2.575,0.0,37320808672,200173157.0,2.11,2.5425,50.1069,23271.7,23197.33,7006060.5,modelo_invariante_stableswap
2025-09-08,37476831564,37465691798,2.576,2.576,0.0,37402557149,200884992.0,2.19,2.5435,51.1234,23879.61,22791.11,7030974.72,modelo_invariante_stableswap
2025-09-09,37289515156,37278033224,2.602,2.602,0.0,37362860871,200719845.0,2.29,2.5688,50.8471,23707.71,22895.96,7025194.58,modelo_invariante_stableswap
2025-09-10,37408519738,37396828771,2.725,2.725,0.0,37465954267,202231783.0,2.14,2.6886,51.3439,23929.82,22624.68,7078112.4,modelo_invariante_stableswap
2025-09-11,37554680642,37542652668,2.633,2.633,0.0,38275003618,206439930.0,2.39,2.599,50.9975,23630.9,22675.53,7225397.55,modelo_invariante_stableswap
2025-09-12,38563734898,38551407318,2.631,2.631,0.0,40678579241,218043596.0,2.11,2.5971,51.7432,24008.97,22315.02,7631525.86,modelo_invariante_stableswap
2025-09-13,40551405872,40538417950,2.642,2.642,0.0,40018529436,221168262.0,2.0,2.6078,51.5428,24489.85,22957.97,7740889.17,modelo_invariante_stableswap
2025-09-14,40228472823,40215477770,2.599,2.599,0.0,39742646814,219614263.0,2.43,2.5659,50.0649,23823.96,23790.47,7686499.21,modelo_invariante_stableswap
2025-09-15,39734945808,39722012496,2.593,2.593,0.0,38814366250,214860085.0,2.62,2.56,51.0125,24246.52,23251.35,7520102.98,modelo_invariante_stableswap
2025-09-16,38937975267,38925445006,2.599,2.599,0.0,38797632691,213147725.0,1.95,2.5659,50.6555,23984.77,23354.12,7460170.38,modelo_invariante_stableswap
2025-09-17,38782956799,38770278431,2.582,2.582,0.0,39289200014,216032399.0,1.99,2.5493,50.9296,23984.42,23081.69,7561133.97,modelo_invariante_stableswap
2025-09-18,39660668762,39647526457,2.645,2.645,0.0,39454698418,217868258.0,2.04,2.6107,50.6175,24034.21,23440.22,7625389.03,modelo_invariante_stableswap
2025-09-19,39502273515,39489062274,2.73,2.73,0.0,38329527825,212289670.0,1.94,2.6935,50.9968,24247.48,23267.87,7430138.45,modelo_invariante_stableswap
2025-09-20,38381071426,38368334203,2.654,2.654,0.0,38368813120,212960790.0,1.99,2.6195,50.8964,24208.1,23330.02,7453627.65,modelo_invariante_stableswap
2025-09-21,38370729354,38357963979,2.538,2.538,0.0,38144499411,211724107.0,1.93,2.5064,50.6993,24127.9,23449.51,7410343.75,modelo_invariante_stableswap
2025-09-22,37372718265,37360286469,2.645,2.645,0.0,35785105082,198499140.0,1.87,2.6107,50.8807,24055.73,23198.71,6947469.9,modelo_invariante_stableswap
2025-09-23,35924947593,35913197194,2.667,2.667,0.0,35706192442,198004143.0,2.01,2.6322,50.6204,24069.99,23472.23,6930145.01,modelo_invariante_stableswap
2025-09-24,35605657808,35594254119,2.649,2.649,0.0,35454099306,197242255.0,1.84,2.6146,50.8745,24184.36,23328.99,6903478.93,modelo_invariante_stableswap
2025-09-25,35513492048,35502175798,2.562,2.562,0.0,33168663350,186439516.0,1.9,2.5298,51.0559,24644.62,23589.29,6525383.06,modelo_invariante_stableswap
2025-09-26,33299962934,33289556931,2.619,2.619,0.0,35044684596,190903650.0,1.83,2.5854,51.0617,24190.19,23148.53,6681627.75,modelo_invariante_stableswap
2025-09-27,35021212393,35010275100,2.787,2.787,0.0,34408453096,190482280.0,1.96,2.749,50.4719,23921.56,23476.05,6666879.8,modelo_invariante_stableswap
2025-09-28,34462033315,34451203570,2.548,2.548,0.0,35100607582,194315024.0,1.8,2.5162,50.7873,23847.76,23090.24,6801025.84,modelo_invariante_stableswap
2025-09-29,35430611177,35419375941,2.545,2.545,0.0,36052891003,199229498.0,1.47,2.5132,50.4336,23820.75,23415.46,6973032.43,modelo_invariante_stableswap
2025-09-30,36006915312,35995533886,2.598,2.598,0.0,35373741194,196859345.0,1.41,2.5649,50.9198,24205.67,23304.39,6890077.08,modelo_invariante_stableswap
2025-10-01,35406427268,35395346204,2.559,2.559,0.0,36761103514,204074095.0,1.39,2.5269,51.5063,24224.1,22744.33,7142593.33,modelo_invariante_stableswap
2025-10-02,37080272912,37068497233,2.575,2.575,0.0,38046198156,210504910.0,1.57,2.5425,51.1632,24041.65,22906.79,7367671.85,modelo_invariante_stableswap
2025-10-03,38230648376,38218241377,2.57,2.57,0.0,38592759202,213085713.0,1.57,2.5376,50.511,23840.1,23357.06,7457999.96,modelo_invariante_stableswap
2025-10-04,38383850159,38371519408,2.582,2.582,0.0,38232676279,211235176.0,1.57,2.5493,50.7803,23912.59,23159.87,7393231.16,modelo_invariante_stableswap
2025-10-05,38286940686,38274797876,2.562,2.562,0.0,38461007494,212214127.0,1.54,2.5298,50.6836,23832.08,23177.55,7427494.44,modelo_invariante_stableswap
2025-10-06,38547018514,38534837233,2.551,2.551,0.0,40003469986,220786357.0,1.55,2.5191,50.5555,23814.42,23287.57,7727522.5,modelo_invariante_stableswap
2025-10-07,39927385613,39915025456,3.153,3.153,0.0,38341273318,211143871.0,1.97,3.1044,50.6785,24051.47,23396.06,7390035.48,modelo_invariante_stableswap
2025-10-08,38027129060,38015406844,2.614,2.614,0.0,38602886397,212637246.0,1.98,2.5805,50.4996,23716.73,23247.43,7442303.61,modelo_invariante_stableswap
2025-10-09,38582334275,38570167516,2.601,2.601,0.0,37170197003,205228163.0,1.65,2.5678,50.5854,23766.63,23211.13,7182985.71,modelo_invariante_stableswap
2025-10-10,37156434409,37144690749,2.643,2.643,0.0,32690720846,182908128.0,1.65,2.6088,50.2879,23920.67,23660.47,6401784.48,modelo_invariante_stableswap
2025-10-11,32903697855,32893642686,7.051,7.051,0.0,31714688410,175051982.0,1.64,6.8142,50.8708,23767.06,22930.02,6126819.37,modelo_invariante_stableswap
2025-10-12,31865313101,31855856841,2.624,2.624,0.0,35153335096,193228910.0,1.83,2.5903,51.1811,23792.34,22651.9,6763011.85,modelo_invariante_stableswap
2025-10-13,35360768886,35350259642,2.673,2.673,0.0,36190773979,198806036.0,1.66,2.638,50.5566,23678.21,23153.27,6958211.26,modelo_invariante_stableswap
2025-10-14,36060987752,36049866307,2.657,2.657,0.0,34953239533,191688928.0,1.61,2.6224,50.4964,23463.12,23002.08,6709112.48,modelo_invariante_stableswap
2025-10-15,34754797743,34744011844,2.632,2.632,0.0,33601774576,185257397.0,1.62,2.5981,50.8909,23669.27,22816.08,6484008.9,modelo_invariante_stableswap
2025-10-16,33839877600,33829542350,2.595,2.595,0.0,32835312989,180636677.0,1.68,2.562,51.1939,23788.67,22636.06,6322283.7,modelo_invariante_stableswap
2025-10-17,33314779989,33304882900,2.674,2.674,0.0,32826883903,180488847.0,1.81,2.639,50.7661,23924.97,23186.0,6317109.64,modelo_invariante_stableswap
2025-10-18,32621313470,32611560316,2.594,2.594,0.0,33008634002,181335163.0,1.79,2.561,50.8891,23745.51,22891.35,6346730.71,modelo_invariante_stableswap
2025-10-19,33028481181,33018502420,2.572,2.572,0.0,34130781600,186670383.0,1.69,2.5396,51.0668,23960.7,22923.9,6533463.4,modelo_invariante_stableswap
2025-10-20,33840526902,33830529233,2.57,2.57,0.0,33710719906,185762240.0,1.73,2.5376,50.708,23676.42,23002.1,6501678.4,modelo_invariante_stableswap
2025-10-21,33749508412,33739413168,2.591,2.591,0.0,33164735768,183166743.0,1.68,2.5581,50.0164,23600.14,23615.95,6410836.01,modelo_invariante_stableswap
2025-10-22,32856301516,32846438865,2.651,2.651,0.0,31888007929,174892971.0,1.84,2.6166,51.4439,23687.56,22300.04,6121253.98,modelo_invariante_stableswap
2025-10-23,32379983381,32370370446,2.555,2.555,0.0,32641983586,179228595.0,1.74,2.523,50.3814,23409.72,23062.78,6273000.82,modelo_invariante_stableswap
2025-10-24,32736909558,32726733008,2.539,2.539,0.0,33787930710,183251867.0,1.8,2.5074,50.6204,23584.17,22998.43,6413815.35,modelo_invariante_stableswap
2025-10-25,33820417575,33810141865,2.544,2.544,0.0,33925852750,183697006.0,1.72,2.5123,50.4591,23443.1,23019.05,6429395.21,modelo_invariante_stableswap
2025-10-26,33946530563,33936232429,2.511,2.511,0.0,35813182164,192282738.0,1.39,2.4801,50.3467,23272.67,22961.75,6729895.83,modelo_invariante_stableswap
2025-10-27,35822389252,35811658004,2.581,2.581,0.0,35441457875,192555485.0,1.41,2.5483,50.4164,23556.89,23173.09,6739441.98,modelo_invariante_stableswap
2025-10-28,35367869568,35357251709,2.529,2.529,0.0,34231758934,185748543.0,1.42,2.4976,50.5106,23560.81,23083.84,6501199.01,modelo_invariante_stableswap
2025-10-29,34265831930,34255484839,2.529,2.529,0.0,33905176035,183910213.0,1.39,2.4976,50.8511,23982.05,23156.98,6436857.46,modelo_invariante_stableswap
2025-10-30,33631549660,33621243628,2.569,2.569,0.0,32444290216,175687168.0,1.34,2.5366,50.6274,23388.02,22800.39,6149050.88,modelo_invariante_stableswap
2025-10-31,32634669745,32624858714,2.568,2.568,0.0,33153029598,179820574.0,1.39,2.5357,50.4971,23603.21,23138.7,6293720.09,modelo_invariante_stableswap
2025-11-01,33122172813,33112212012,2.534,2.534,0.0,33173687996,180080218.0,1.48,2.5025,50.7431,23602.14,22895.61,6302807.63,modelo_invariante_stableswap
2025-11-02,33200889327,33191041971,2.496,2.496,0.0,33154154257,179792497.0,1.48,2.4654,50.4332,23180.01,22785.99,6292737.4,modelo_invariante_stableswap
2025-11-03,33101166826,33091233850,2.79,2.79,0.0,30838337796,168229352.0,1.7,2.7519,50.365,23511.96,23179.77,5888027.32,modelo_invariante_stableswap
2025-11-04,30889305235,30880496792,2.671,2.671,0.0,27859529316,151336863.0,1.78,2.636,51.2274,23592.75,22417.4,5296790.2,modelo_invariante_stableswap
2025-11-05,28288390752,28280107009,2.969,2.969,0.0,29646213918,159110833.0,2.05,2.9259,50.6799,23554.19,22910.85,5568879.16,modelo_invariante_stableswap
2025-11-06,29527626256,29519008585,2.562,2.562,0.0,28569979158,153690236.0,2.15,2.5298,51.1752,23789.56,22654.89,5379158.26,modelo_invariante_stableswap
2025-11-07,28742486566,28734127533,2.651,2.651,0.0,29764680664,159539829.0,2.17,2.6166,51.0037,23719.51,22754.52,5583894.02,modelo_invariante_stableswap
2025-11-08,29629451403,29620807745,2.598,2.598,0.0,29312767255,157399519.0,1.73,2.5649,50.8267,23548.18,22761.74,5508983.17,modelo_invariante_stableswap
2025-11-09,29339506059,29331066015,2.508,2.508,0.0,30858958148,165322246.0,1.74,2.4771,51.0847,23611.2,22572.26,5786278.61,modelo_invariante_stableswap
2025-11-10,31343080912,31334158075,2.58,2.58,0.0,30667169586,163872285.0,1.71,2.5474,50.7445,23318.74,22619.29,5735529.98,modelo_invariante_stableswap
2025-11-11,30721585865,30712695928,2.624,2.624,0.0,29629300927,157402823.0,1.77,2.5903,50.4456,23245.81,22838.54,5509098.81,modelo_invariante_stableswap
2025-11-12,29513724269,29505460236,2.537,2.537,0.0,29458035874,157818767.0,1.83,2.5054,51.1063,23670.41,22608.1,5523656.85,modelo_invariante_stableswap
2025-11-13,29456160632,29447988835,2.55,2.55,0.0,27737219994,148865407.0,1.81,2.5181,49.935,22959.06,23054.45,5210289.24,modelo_invariante_stableswap
2025-11-14,27574485533,27566819867,2.766,2.766,0.0,27340172593,145100718.0,1.69,2.7285,50.9489,23847.74,22931.13,5078525.13,modelo_invariante_stableswap
2025-11-15,27114350510,27106812300,2.618,2.618,0.0,27358729047,145543666.0,2.43,2.5844,50.5471,23235.3,22729.4,5094028.31,modelo_invariante_stableswap
2025-11-16,27392520883,27385064206,2.545,2.545,0.0,26649050241,141649218.0,1.68,2.5132,50.8884,23331.14,22492.61,4957722.63,modelo_invariante_stableswap
2025-11-17,26923026340,26915660148,2.657,2.657,0.0,26028572158,138935006.0,1.43,2.6224,51.0125,23466.01,22502.87,4862725.21,modelo_invariante_stableswap
2025-11-18,26141620431,26134605890,2.768,2.768,0.0,26888972133,143600440.0,2.03,2.7305,51.0241,23495.63,22520.01,5026015.4,modelo_invariante_stableswap
2025-11-19,26624796649,26617316782,2.598,2.598,0.0,25562021647,137011011.0,1.86,2.5649,51.0548,23174.15,22182.85,4795385.39,modelo_invariante_stableswap
2025-11-20,26105966390,26098646040,2.988,2.988,0.0,24968339502,132253088.0,1.74,2.9443,50.7898,23739.31,22982.72,4628858.08,modelo_invariante_stableswap
2025-11-21,24645798345,24638624127,3.498,3.498,0.0,23463883416,126207530.0,2.02,3.4384,51.4125,23519.98,22171.99,4417263.55,modelo_invariante_stableswap
2025-11-22,23881095913,23874235252,2.697,2.697,0.0,24113964136,127035941.0,3.08,2.6614,50.5617,23212.24,22692.66,4446257.94,modelo_invariante_stableswap
2025-11-23,24057154724,24050310244,2.544,2.544,0.0,24430964577,130243838.0,1.85,2.5123,50.9683,23724.51,22793.74,4558534.33,modelo_invariante_stableswap
2025-11-24,24211648588,24204673917,2.545,2.545,0.0,25667734292,136106476.0,1.8,2.5132,50.8599,23467.22,22651.35,4763726.66,modelo_invariante_stableswap
2025-11-25,25377356235,25370010155,2.555,2.555,0.0,25627609170,135501292.0,1.85,2.523,51.0355,23413.36,22430.34,4742545.22,modelo_invariante_stableswap
2025-11-26,25520309102,25512903014,2.556,2.556,0.0,26082024487,135787244.0,1.92,2.524,50.7011,22750.32,22108.92,4752553.54,modelo_invariante_stableswap
2025-11-27,26037888453,26030325045,2.649,2.649,0.0,26101588736,135295019.0,1.74,2.6146,50.6821,22757.88,22134.26,4735325.66,modelo_invariante_stableswap
2025-11-28,26050087951,26042591743,2.576,2.576,0.0,26104922000,136315111.0,1.79,2.5435,51.042,22979.72,22008.75,4771028.89,modelo_invariante_stableswap
2025-11-29,26200613956,26193310832,2.567,2.567,0.0,25783141341,134059349.0,2.21,2.5347,50.738,22750.81,22074.59,4692077.22,modelo_invariante_stableswap
2025-11-30,25882628596,25875410189,2.531,2.531,0.0,26140036491,135857943.0,1.62,2.4996,50.3821,22868.78,22529.2,4755028.01,modelo_invariante_stableswap
2025-12-01,25788980108,25781960262,2.628,2.628,0.0,24266045201,125675448.0,1.48,2.5942,50.3985,22613.09,22261.66,4398640.68,modelo_invariante_stableswap
2025-12-02,24184394859,24177634260,2.613,2.613,0.0,26076624899,134431165.0,2.16,2.5795,50.5365,22663.43,22180.02,4705090.78,modelo_invariante_stableswap
2025-12-03,25967421077,25960073583,2.654,2.654,0.0,27538013593,141988443.0,1.62,2.6195,50.2262,22328.16,22143.64,4969595.51,modelo_invariante_stableswap
2025-12-04,27658243253,27650564664,2.364,2.364,0.0,27218749901,141004950.0,1.4,2.3366,50.5821,22760.75,22231.82,4935173.25,modelo_invariante_stableswap
2025-12-05,27100328126,27092946707,2.546,2.546,0.0,26241030112,135865410.0,1.58,2.5142,50.5686,22721.05,22205.89,4755289.35,modelo_invariante_stableswap
2025-12-06,26141320479,26134239273,2.52,2.52,0.0,26374745386,136706702.0,1.41,2.4889,50.6274,22773.15,22200.99,4784734.57,modelo_invariante_stableswap
2025-12-07,26339685200,26332654202,2.519,2.519,0.0,26448109090,136728978.0,1.37,2.4879,50.9975,22808.44,21886.33,4785514.23,modelo_invariante_stableswap
2025-12-08,26510765126,26503744199,2.573,2.573,0.0,27230130748,140386405.0,1.37,2.5405,50.7756,22826.02,22111.99,4913524.18,modelo_invariante_stableswap
2025-12-09,27315525174,27308431237,2.53,2.53,0.0,29118157411,148475488.0,1.36,2.4986,50.5624,22608.54,22101.86,5196642.08,modelo_invariante_stableswap
2025-12-10,29048323130,29040973278,2.558,2.558,0.0,29159140538,149112022.0,1.47,2.5259,50.442,22614.81,22222.05,5218920.77,modelo_invariante_stableswap
2025-12-11,29040122551,29032880445,2.538,2.538,0.0,28406526897,145378889.0,1.52,2.5064,50.3985,22628.08,22276.41,5088261.12,modelo_invariante_stableswap
2025-12-12,28360668737,28353720267,2.525,2.525,0.0,27063847112,138660290.0,1.42,2.4937,50.5179,22713.29,22246.52,4853110.15,modelo_invariante_stableswap
2025-12-13,27017964206,27011210317,2.534,2.534,0.0,27225348497,139605839.0,1.37,2.5025,50.6599,22701.97,22100.84,4886204.36,modelo_invariante_stableswap
2025-12-14,27328348243,27321555342,2.499,2.499,0.0,26983186934,137647858.0,1.34,2.4684,50.4584,22690.71,22280.99,4817675.03,modelo_invariante_stableswap
2025-12-15,26969933558,26963315785,2.506,2.506,0.0,25784180548,131859891.0,1.32,2.4752,50.8088,22621.09,21882.43,4615096.19,modelo_invariante_stableswap
2025-12-16,26040051674,26033552809,2.572,2.572,0.0,25911760027,132482062.0,1.34,2.5396,50.7409,22693.31,22016.03,4636872.17,modelo_invariante_stableswap
2025-12-17,25931483877,25924964864,2.54,2.54,0.0,24806562536,126791089.0,1.44,2.5084,50.8077,22771.01,22028.49,4437688.12,modelo_invariante_stableswap
2025-12-18,24863479799,24857220288,2.569,2.569,0.0,24792991816,126649976.0,1.76,2.5366,50.4208,22583.15,22211.0,4432749.16,modelo_invariante_stableswap
2025-12-19,24834807142,24828751481,2.784,2.784,0.0,26090945582,133857015.0,1.35,2.7461,50.6354,22768.56,22188.93,4684995.53,modelo_invariante_stableswap
2025-12-20,26100119862,26093731868,2.563,2.563,0.0,26069898424,133356892.0,1.47,2.5308,50.9212,22832.39,21980.92,4667491.22,modelo_invariante_stableswap
2025-12-21,26089173880,26082801578,2.529,2.529,0.0,26100437633,133826845.0,1.34,2.4976,50.4409,22485.4,22095.95,4683939.58,modelo_invariante_stableswap
2025-12-22,26542091330,26535662636,2.55,2.55,0.0,26459353469,133857161.0,1.93,2.5181,51.0026,22742.25,21818.03,4685000.64,modelo_invariante_stableswap
2025-12-23,26415569672,26409202027,2.56,2.56,0.0,26015256157,132722280.0,1.43,2.5279,50.7102,22724.94,22075.71,4645279.8,modelo_invariante_stableswap
2025-12-24,26004751520,25998489737,2.54,2.54,0.0,25947240863,131596602.0,1.46,2.5084,50.4223,22521.73,22149.26,4605881.07,modelo_invariante_stableswap
2025-12-25,25867664909,25861472429,2.552,2.552,0.0,25740184420,131734403.0,1.42,2.5201,50.803,23068.27,22320.53,4610704.11,modelo_invariante_stableswap
2025-12-26,25665780433,25659678362,2.556,2.556,0.0,25684338500,131020557.0,1.39,2.524,50.6544,22693.6,22097.88,4585719.5,modelo_invariante_stableswap
2025-12-27,25728454954,25722285056,2.531,2.531,0.0,25748098148,131787294.0,1.35,2.4996,50.5102,22580.68,22123.89,4612555.29,modelo_invariante_stableswap
2025-12-28,25873869987,25867575807,2.531,2.531,0.0,25790012028,131633692.0,1.34,2.4996,50.6606,22626.5,22026.7,4607179.22,modelo_invariante_stableswap
2025-12-29,25950070625,25943734623,2.545,2.545,0.0,25817937700,131453615.0,1.35,2.5132,50.6051,22675.29,22126.59,4600876.53,modelo_invariante_stableswap
2025-12-30,25810834242,25804616612,2.544,2.544,0.0,26116659097,132719119.0,1.35,2.5123,50.7697,22693.21,21988.8,4645169.16,modelo_invariante_stableswap
2025-12-31,26091672725,26085368796,2.572,2.572,0.0,26190298274,133519075.0,1.35,2.5396,50.6551,22804.88,22205.57,4673167.62,modelo_invariante_stableswap
2026-01-01,26203169488,26196864364,2.545,2.545,0.0,26403576808,133910292.0,1.34,2.5132,50.8343,22708.59,21943.11,4686860.22,modelo_invariante_stableswap
2026-01-02,26477778323,26471371895,2.549,2.549,0.0,27679953237,140203326.0,1.35,2.5171,50.8391,22834.42,22060.17,4907116.41,modelo_invariante_stableswap
2026-01-03,27667195525,27660476423,2.549,2.549,0.0,27569469165,139607108.0,1.35,2.5171,50.7008,22655.99,22017.6,4886248.78,modelo_invariante_stableswap
2026-01-04,27794390579,27787618577,2.503,2.503,0.0,27747134849,140676261.0,1.32,2.4723,50.8358,22790.95,22021.25,4923669.14,modelo_invariante_stableswap
2026-01-05,27887010135,27880221358,2.509,2.509,0.0,28714044884,144998654.0,1.33,2.4781,50.3664,22628.94,22307.85,5074952.89,modelo_invariante_stableswap
2026-01-06,28422227166,28415312108,2.538,2.538,0.0,29030844981,146444333.0,1.34,2.5064,50.5365,22456.42,21977.42,5125551.66,modelo_invariante_stableswap
2026-01-07,28947240293,28940170879,2.54,2.54,0.0,27919771802,140937784.0,1.37,2.5084,50.9022,22678.64,21850.59,4932822.44,modelo_invariante_stableswap
2026-01-08,28081124611,28074221141,2.512,2.512,0.0,27738340529,139262806.0,1.33,2.4811,50.2033,22502.89,22338.87,4874198.21,modelo_invariante_stableswap
2026-01-09,27667339617,27660326619,2.512,2.512,0.0,27419195610,137408894.0,1.34,2.4811,50.5577,22536.7,22036.02,4809311.29,modelo_invariante_stableswap
2026-01-10,27489301646,27482425159,2.501,2.501,0.0,27490833584,137730203.0,1.32,2.4703,50.6464,22639.31,22052.58,4820557.11,modelo_invariante_stableswap
2026-01-11,27477892018,27471030657,2.462,2.462,0.0,27717855529,138488598.0,1.3,2.4323,50.7168,22533.31,21883.3,4847100.93,modelo_invariante_stableswap
2026-01-12,27818256501,27811227029,2.462,2.462,0.0,27651395785,137898656.0,1.28,2.4323,50.7486,22646.15,21963.07,4826452.96,modelo_invariante_stableswap
2026-01-13,27603662635,27596632540,2.473,2.473,0.0,29516236822,146470487.0,1.25,2.443,50.6898,22360.64,21740.73,5126467.05,modelo_invariante_stableswap
2026-01-14,29713729061,29706410142,2.488,2.488,0.0,30022626379,149775970.0,1.28,2.4576,50.2879,22438.68,22194.62,5242158.95,modelo_invariante_stableswap
2026-01-15,29816023320,29808663536,2.47,2.47,0.0,29542296780,146996496.0,1.29,2.4401,50.7121,22485.95,21841.83,5144877.36,modelo_invariante_stableswap
2026-01-16,29633488380,29626310631,2.455,2.455,0.0,29433694645,146440369.0,1.5,2.4254,50.5434,22462.51,21976.88,5125412.92,modelo_invariante_stableswap
2026-01-17,29462348444,29455072741,2.45,2.45,0.0,29689064107,147476980.0,1.48,2.4205,50.7956,22658.14,21930.54,5161694.3,modelo_invariante_stableswap
2026-01-18,29693261082,29686038442,2.433,2.433,0.0,30131145687,149048275.0,1.25,2.404,50.4533,22915.71,22506.84,5216689.63,modelo_invariante_stableswap
2026-01-19,28982804284,28976070655,2.471,2.471,0.0,29113694251,142989399.0,1.61,2.441,50.2606,22538.04,22318.99,5004628.97,modelo_invariante_stableswap
2026-01-20,29074391063,29067641909,2.427,2.427,0.0,27043461562,132930307.0,1.3,2.3981,50.5062,22870.61,22411.78,4652560.74,modelo_invariante_stableswap
2026-01-21,26926177671,26919803527,2.43,2.43,0.0,28027036631,135361872.0,1.35,2.401,50.708,23055.01,22398.37,4737665.52,modelo_invariante_stableswap
2026-01-22,27528984249,27522425716,2.4,2.4,0.0,27483361533,131411782.0,1.28,2.3717,50.7738,22637.66,21931.26,4599412.37,modelo_invariante_stableswap
2026-01-23,27508988372,27502494293,2.357,2.357,0.0,27586760688,131432629.0,1.25,2.3297,50.5628,22506.47,22001.67,4600142.02,modelo_invariante_stableswap
2026-01-24,27635076733,27628630226,2.327,2.327,0.0,27704695386,131671001.0,1.23,2.3004,50.3774,22487.61,22158.15,4608485.04,modelo_invariante_stableswap
2026-01-25,27641753018,27635317228,2.344,2.344,0.0,26448027293,125062730.0,1.24,2.317,50.8504,22605.89,21828.84,4377195.55,modelo_invariante_stableswap
2026-01-26,26649771928,26643716678,2.386,2.386,0.0,27575465792,130179523.0,1.32,2.3581,50.4277,22427.63,22051.54,4556283.31,modelo_invariante_stableswap
2026-01-27,27495401950,27489120287,2.352,2.352,0.0,28440779078,133772464.0,1.32,2.3248,50.3898,22297.37,21959.04,4682036.24,modelo_invariante_stableswap
2026-01-28,28551817399,28545387751,2.313,2.313,0.0,28589572430,134060930.0,1.23,2.2867,50.5548,22545.1,22047.01,4692132.55,modelo_invariante_stableswap
2026-01-29,28543082749,28536777663,2.299,2.299,0.0,26905181820,125221941.0,1.23,2.273,50.5916,22484.87,21953.54,4382767.94,modelo_invariante_stableswap
2026-01-30,27049924851,27043982313,2.431,2.431,0.0,25849834003,119699054.0,1.34,2.402,50.7785,22509.04,21802.14,4189466.89,modelo_invariante_stableswap
2026-01-31,25945545528,25939613956,2.386,2.386,0.0,23152356381,107016006.0,1.96,2.3581,50.658,22181.49,21595.85,3745560.21,modelo_invariante_stableswap
2026-02-01,23722662579,23717284548,3.617,3.617,0.0,22231466677,102983460.0,2.64,3.5533,50.7803,23076.02,22349.66,3604421.1,modelo_invariante_stableswap
2026-02-02,22124035742,22118848237,2.569,2.569,0.0,22489535437,103447263.0,2.27,2.5366,50.6033,22335.6,21796.8,3620654.21,modelo_invariante_stableswap
2026-02-03,22422901673,22417620584,2.331,2.331,0.0,21575519453,100374441.0,1.51,2.3043,50.6471,22830.94,22238.55,3513105.44,modelo_invariante_stableswap
2026-02-04,21432785743,21427815388,2.454,2.454,0.0,20332473382,93727782.0,1.89,2.4245,50.1127,21889.27,21813.96,3280472.37,modelo_invariante_stableswap
2026-02-05,20578432033,20573749629,2.575,2.575,0.0,17987969919,82251128.0,2.64,2.5425,49.0739,22071.23,22993.75,2878789.48,modelo_invariante_stableswap
2026-02-06,17021668592,17017877207,3.878,3.878,0.0,19839754263,91155135.0,4.18,3.8049,51.1267,22625.36,21590.93,3190429.72,modelo_invariante_stableswap
2026-02-07,19744031006,19739540277,2.456,2.456,0.0,20022018681,92648408.0,1.86,2.4264,50.9588,22612.23,21733.94,3242694.28,modelo_invariante_stableswap
2026-02-08,19976782143,19972321411,2.462,2.462,0.0,20029998886,92988165.0,1.8,2.4323,50.4088,22435.56,22077.21,3254585.78,modelo_invariante_stableswap
2026-02-09,19929141311,19924708883,2.326,2.326,0.0,20164931177,93727205.0,1.68,2.2994,50.9351,22721.88,21861.49,3280452.18,modelo_invariante_stableswap
2026-02-10,20115342366,20110929695,2.311,2.311,0.0,19323305448,89208968.0,1.69,2.2848,50.9176,22517.97,21681.57,3122313.88,modelo_invariante_stableswap
2026-02-11,19397045120,19392820110,2.351,2.351,0.0,18697051768,86923263.0,1.79,2.3239,50.9865,22868.15,21953.86,3042314.2,modelo_invariante_stableswap
2026-02-12,18629554631,18625493966,2.379,2.379,0.0,18550762032,85349529.0,1.52,2.3512,50.8219,22298.91,21558.57,2987233.52,modelo_invariante_stableswap
2026-02-13,18594744318,18590729209,2.326,2.326,0.0,19566998359,90544233.0,1.69,2.2994,50.6858,22414.41,21796.69,3169048.16,modelo_invariante_stableswap
2026-02-14,19571083055,19566784785,2.356,2.356,0.0,19910900407,92367180.0,1.64,2.3287,50.4978,22360.0,21919.25,3232851.3,modelo_invariante_stableswap
2026-02-15,19886517559,19882019740,2.283,2.283,0.0,18616693844,86824011.0,1.49,2.2574,51.2902,22699.79,21511.15,3038840.38,modelo_invariante_stableswap
2026-02-16,18701008432,18696631996,2.389,2.389,0.0,18913263436,88126888.0,1.56,2.361,50.8584,22455.34,21676.01,3084441.08,modelo_invariante_stableswap
2026-02-17,18946769414,18942372800,2.306,2.306,0.0,18924478031,88447566.0,2.01,2.2799,50.7248,22534.19,21876.77,3095664.81,modelo_invariante_stableswap
2026-02-18,18904869556,18900577731,2.316,2.316,0.0,18391332987,86144475.0,1.83,2.2897,50.9869,22508.5,21608.35,3015056.63,modelo_invariante_stableswap
2026-02-19,18526525601,18522410898,2.319,2.319,0.0,18396776323,86115175.0,1.75,2.2926,50.9533,22550.62,21679.82,3014031.13,modelo_invariante_stableswap
2026-02-20,18469475515,18465317570,2.339,2.339,0.0,18630671295,87039264.0,1.81,2.3121,50.9285,22539.06,21691.74,3046374.24,modelo_invariante_stableswap
2026-02-21,18639761626,18635494166,2.306,2.306,0.0,18750315920,87198346.0,1.7,2.2799,50.8241,22473.75,21725.53,3051942.11,modelo_invariante_stableswap
2026-02-22,18695553919,18691270113,2.302,2.302,0.0,18425585415,86187474.0,1.67,2.276,51.1008,22532.96,21526.6,3016561.59,modelo_invariante_stableswap
2026-02-23,18494244937,18490087387,2.32,2.32,0.0,17569402070,82393448.0,2.0,2.2936,51.1183,22737.56,21705.91,2883770.68,modelo_invariante_stableswap
2026-02-24,17590287119,17586335836,2.367,2.367,0.0,17508778309,80484041.0,1.89,2.3395,50.3806,21875.71,21552.24,2816941.44,modelo_invariante_stableswap
2026-02-25,17484371341,17480379458,2.334,2.334,0.0,19675878702,90592600.0,1.75,2.3073,50.9698,22502.57,21618.38,3170741.0,modelo_invariante_stableswap
2026-02-26,19396423891,19391972714,2.393,2.393,0.0,19120221727,87370214.0,1.73,2.3649,50.6394,21837.78,21278.2,3057957.49,modelo_invariante_stableswap
2026-02-27,19114056392,19109720345,2.326,2.326,0.0,18100072658,82892034.0,1.71,2.2994,50.8727,21863.13,21091.51,2901221.19,modelo_invariante_stableswap
2026-02-28,18174505188,18170379372,2.363,2.363,0.0,18505994790,84800172.0,1.81,2.3356,50.9712,22024.69,21157.98,2968006.02,modelo_invariante_stableswap
2026-03-01,18456216069,18451939373,2.356,2.356,0.0,18213439986,83150269.0,1.77,2.3287,50.9198,21860.3,21046.36,2910259.42,modelo_invariante_stableswap
2026-03-02,18299842898,18295632398,2.379,2.379,0.0,19254649842,88220778.0,1.7,2.3512,49.6955,21578.45,21891.01,3087727.23,modelo_invariante_stableswap
2026-03-03,19117128438,19112767527,2.501,2.501,0.0,18527131258,85262777.0,1.74,2.4703,50.4467,21689.85,21308.83,2984197.2,modelo_invariante_stableswap
2026-03-04,18499092314,18494716002,2.519,2.519,0.0,19812278879,92763833.0,2.07,2.4879,50.7303,22143.93,21492.7,3246734.16,modelo_invariante_stableswap
2026-03-05,19762266803,19757694950,2.438,2.438,0.0,19226712087,89730989.0,1.68,2.4088,50.3839,21816.76,21491.01,3140584.62,modelo_invariante_stableswap
2026-03-06,19189911209,19185450693,2.34,2.34,0.0,18302451735,85559047.0,1.35,2.3131,50.0441,21611.57,21600.39,2994566.65,modelo_invariante_stableswap
2026-03-07,18277609683,18273353793,2.332,2.332,0.0,18177090725,85673960.0,1.35,2.3053,50.6245,22029.88,21478.97,2998588.6,modelo_invariante_stableswap
2026-03-08,18193395444,18189209393,2.338,2.338,0.0,17961033353,86092008.33,1.47,2.3112,49.8631,22128.13,22288.49,3013220.29,modelo_invariante_stableswap
2026-03-09,17978656961,17974495567,2.371,2.371,0.0,18459971862,86510056.67,1.59,2.3434,50.3558,21849.93,21549.67,3027851.98,modelo_invariante_stableswap
2026-03-10,18473289181,18468996646,2.384,2.384,0.0,18678517241,86928105.0,1.71,2.3561,50.781,21686.03,21002.74,3042483.68,modelo_invariante_stableswap
2026-03-11,18836554697,18832236115,2.43,2.43,0.0,19027269889,88469863.0,1.56,2.401,50.3255,21691.52,21421.12,3096445.2,modelo_invariante_stableswap
2026-03-12,18944391298,18940033241,2.464,2.464,0.0,18977173557,88354654.0,1.98,2.4342,50.0109,21285.58,21304.73,3092412.89,modelo_invariante_stableswap
2026-03-13,19347154063,19342664719,4.568,4.568,0.0,19169047136,89178131.0,3.18,4.467,51.3804,21949.52,20720.11,3121234.59,modelo_invariante_stableswap
2026-03-14,19259126693,19254707141,2.412,2.412,0.0,19152262698,89201657.0,1.51,2.3834,50.6577,21557.07,20988.21,3122058.0,modelo_invariante_stableswap
2026-03-15,19213325544,19208912307,2.372,2.372,0.0,19962892307,92262327.0,1.48,2.3444,51.1263,21700.09,20708.33,3229181.44,modelo_invariante_stableswap
2026-03-16,19946945318,19942334427,2.512,2.512,0.0,21711206042,100865195.0,1.67,2.4811,50.8099,21815.91,21102.47,3530281.82,modelo_invariante_stableswap
2026-03-17,21663118328,21658293903,2.408,2.408,0.0,21352820748,99573096.0,1.57,2.3795,50.3766,21632.18,21315.99,3485058.36,modelo_invariante_stableswap
2026-03-18,21345683804,21340912878,2.387,2.387,0.0,20199105328,94119539.0,1.32,2.359,50.6759,21654.29,21066.49,3294183.86,modelo_invariante_stableswap
2026-03-19,20389041084,20384523526,2.456,2.456,0.0,19786603356,91774424.0,1.58,2.4264,49.8518,21366.87,21532.15,3212104.84,modelo_invariante_stableswap
2026-03-20,19738092918,19733612449,2.447,2.447,0.0,19852582547,91958687.0,1.33,2.4176,50.419,21595.38,21241.12,3218554.05,modelo_invariante_stableswap
2026-03-21,19778104090,19773593922,2.382,2.382,0.0,19743823926,91770966.0,1.27,2.3541,46.5394,20345.48,23624.77,3211983.81,modelo_invariante_stableswap
2026-03-22,19135445843,19131083885,2.928,2.928,0.0,18763094759,87483368.0,1.55,2.8861,50.3671,21454.31,21149.26,3061917.88,modelo_invariante_stableswap
2026-03-23,18855135858,18850808128,2.499,2.499,0.0,19761025070,91689621.0,1.34,2.4684,50.5661,21546.94,21060.7,3209136.74,modelo_invariante_stableswap
2026-03-24,19697635615,19693061744,2.443,2.443,0.0,19717508855,91706365.0,1.29,2.4137,50.1616,21319.66,21201.9,3209722.78,modelo_invariante_stableswap
2026-03-25,19864241938,19859657228,2.425,2.425,0.0,19842698181,92449394.0,1.3,2.3961,50.6551,21609.69,21041.8,3235728.79,modelo_invariante_stableswap
2026-03-26,19875845066,19871257950,2.455,2.455,0.0,18955321206,88024520.0,1.3,2.4254,50.7533,21706.56,21047.57,3080858.2,modelo_invariante_stableswap
2026-03-27,18827443963,18823125185,2.462,2.462,0.0,18238284039,84642195.0,1.29,2.4323,50.5639,21496.78,21013.64,2962476.82,modelo_invariante_stableswap
2026-03-28,18311443686,18307283325,2.406,2.406,0.0,18451341645,86046509.0,1.26,2.3776,50.4704,21791.82,21387.4,3011627.82,modelo_invariante_stableswap
2026-03-29,18328731186,18324608857,2.384,2.384,0.0,18131957303,85386376.0,1.27,2.3561,50.2095,21607.37,21444.16,2988523.16,modelo_invariante_stableswap
2026-03-30,18235284778,18231193439,2.41,2.41,0.0,18726113839,86319770.0,1.27,2.3815,50.5723,21577.6,21085.1,3021191.95,modelo_invariante_stableswap
2026-03-31,18609641628,18605507730,2.421,2.421,0.0,19331329288,88930651.0,1.27,2.3922,50.8055,21484.9,20786.23,3112572.78,modelo_invariante_stableswap
2026-04-01,19385379185,19381197656,2.434,2.434,0.0,19831173985,90937058.0,1.28,2.4049,50.4646,21455.03,21061.95,3182797.03,modelo_invariante_stableswap
2026-04-02,19784016607,19779927292,2.521,2.521,0.0,19076234220,87471818.0,1.35,2.4898,50.5347,21492.91,21036.16,3061513.63,modelo_invariante_stableswap
2026-04-03,19014927904,19010936793,2.412,2.412,0.0,19017515514,87086917.0,1.27,2.3834,50.5679,21450.57,20964.8,3048042.1,modelo_invariante_stableswap
2026-04-04,19047673754,19043623764,2.367,2.367,0.0,19232967738,87448525.0,1.24,2.3395,50.7059,21481.32,20871.52,3060698.38,modelo_invariante_stableswap
2026-04-05,19193132001,19189061194,2.366,2.366,0.0,19346858310,87417734.0,1.24,2.3385,50.4898,20927.44,20521.91,3059620.69,modelo_invariante_stableswap
2026-04-06,19795123847,19790964500,2.383,2.383,0.0,19740314124,90649354.0,1.25,2.3551,50.7526,21842.51,21180.05,3172727.39,modelo_invariante_stableswap
2026-04-07,19737038477,19733014265,2.401,2.401,0.0,20715088078,92089311.0,1.26,2.3727,50.4493,20720.74,20354.5,3223125.88,modelo_invariante_stableswap
2026-04-08,20901391598,20897128910,2.423,2.423,0.0,20542820790,93100948.0,1.34,2.3942,50.335,21385.36,21110.22,3258533.18,modelo_invariante_stableswap
2026-04-09,20469602429,20465462415,2.358,2.358,0.0,20883508263,93440746.0,1.24,2.3307,50.4285,21520.54,21159.0,3270426.11,modelo_invariante_stableswap
2026-04-10,20647874307,20643692086,2.378,2.378,0.0,21085535262,94684611.0,1.27,2.3502,50.4701,21283.01,20888.24,3313961.38,modelo_invariante_stableswap
2026-04-11,21076937862,21072673536,2.367,2.367,0.0,21509974947,97140377.0,1.25,2.3395,50.4321,21432.11,21068.8,3399913.2,modelo_invariante_stableswap
2026-04-12,21484367870,21480111929,2.359,2.359,0.0,20591041646,92942959.0,1.24,2.3317,50.4438,21383.4,21010.4,3253003.57,modelo_invariante_stableswap
2026-04-13,20779074593,20774946598,2.392,2.392,0.0,22147232348,98334614.0,1.26,2.3639,50.0839,20750.57,20704.69,3441711.49,modelo_invariante_stableswap
2026-04-14,22370824465,22366494343,2.411,2.411,0.0,21893434948,97945017.0,1.37,2.3825,51.0804,21568.56,20623.32,3428075.6,modelo_invariante_stableswap
2026-04-15,22012225671,22008015990,2.373,2.373,0.0,22428279587,99974408.0,1.3,2.3454,50.1171,21213.46,21136.42,3499104.28,modelo_invariante_stableswap
2026-04-16,22264434722,22260178625,2.374,2.374,0.0,22067983214,98823507.0,1.36,2.3463,50.2182,21113.91,20946.54,3458822.74,modelo_invariante_stableswap
2026-04-17,22101841329,22097381490,2.446,2.446,0.0,22888695246,102867710.0,1.32,2.4166,50.5365,21474.35,21016.31,3600369.85,modelo_invariante_stableswap
2026-04-18,22816462859,22812029218,2.459,2.459,0.0,22130557281,99187344.0,1.46,2.4293,52.2885,22167.9,20128.35,3471557.04,modelo_invariante_stableswap
2026-04-19,22143077220,22138773233,2.665,2.665,0.0,21230675911,95662271.0,5.93,2.6302,52.5225,22307.25,20052.84,3348179.49,modelo_invariante_stableswap
2026-04-20,21401249344,21397073331,2.829,2.829,0.0,21729203244,97184535.0,6.19,2.7898,52.8083,22308.15,19809.47,3401458.72,modelo_invariante_stableswap
2026-04-21,21833714841,21829437049,2.626,2.626,0.0,21602140175,96637830.0,5.9,2.5922,52.1896,21765.54,19846.88,3382324.05,modelo_invariante_stableswap
2026-04-22,21801017652,21796705556,2.586,2.586,0.0,22397742893,100094669.0,3.13,2.5532,51.2552,21636.45,20534.14,3503313.42,modelo_invariante_stableswap
2026-04-23,22211076930,22206736474,2.613,2.613,0.0,21758150863,97567721.0,2.52,2.5795,52.0881,21892.76,20049.9,3414870.24,modelo_invariante_stableswap
2026-04-24,21871793896,21867482466,2.639,2.639,0.0,21609650652,96774488.0,2.27,2.6049,51.6278,21642.6,20215.1,3387107.08,modelo_invariante_stableswap
2026-04-25,21684192309,21679883703,2.482,2.482,0.0,21619974358,96886187.0,2.11,2.4518,51.6074,21628.46,20219.57,3391016.55,modelo_invariante_stableswap
2026-04-26,21656804884,21652504124,2.523,2.523,0.0,21976270313,98593150.0,2.28,2.4918,50.6153,21065.29,20546.6,3450760.25,modelo_invariante_stableswap
2026-04-27,22160224251,22155889591,2.508,2.508,0.0,21364493936,95786676.0,2.41,2.4771,52.1794,21802.2,19889.1,3352533.66,modelo_invariante_stableswap
2026-04-28,21546181742,21541951034,2.543,2.543,0.0,21308071762,95843866.0,2.07,2.5113,52.0049,21861.38,20092.58,3354535.31,modelo_invariante_stableswap
2026-04-29,21361830662,21357629031,2.8,2.8,0.0,20720864868,94065115.0,2.34,2.7616,50.7734,21210.38,20548.8,3292279.03,modelo_invariante_stableswap
2026-04-30,20915932502,20911736886,2.674,2.674,0.0,20548748101,94588818.0,2.17,2.639,50.8679,21346.85,20597.65,3310608.63,modelo_invariante_stableswap
2026-05-01,20612767051,20608608628,2.557,2.557,0.0,20836085149,95921032.0,1.97,2.5249,51.8071,21729.99,20141.76,3357236.12,modelo_invariante_stableswap
2026-05-02,20823231009,20819047197,2.448,2.448,0.0,21027995759,97014143.0,1.77,2.4186,50.7683,21279.66,20620.46,3395495.01,modelo_invariante_stableswap
2026-05-03,21024351160,21020134159,2.375,2.375,0.0,21234150325,97832201.0,1.75,2.3473,50.8559,21451.27,20708.97,3424127.04,modelo_invariante_stableswap
2026-05-04,21072424497,21068230154,2.44,2.44,0.0,21315690812,98580731.0,1.82,2.4108,51.092,21500.52,20548.0,3450325.59,modelo_invariante_stableswap
2026-05-05,21304100288,21299893210,2.43,2.43,0.0,21331552268,99197121.0,1.83,2.401,50.861,21388.66,20644.12,3471899.24,modelo_invariante_stableswap
2026-05-06,21413858435,21409542251,2.535,2.535,0.0,21171703693,98266793.0,1.91,2.5035,51.4808,21577.61,20281.74,3439337.76,modelo_invariante_stableswap
2026-05-07,21205758245,21201305951,3.232,3.232,0.0,20139254536,95772844.0,2.29,3.181,50.8468,21275.17,20547.01,3352049.54,modelo_invariante_stableswap
2026-05-08,20239417960,20234996653,2.599,2.599,0.0,20395616761,96842694.0,1.75,2.5659,50.7712,21328.7,20665.42,3389494.29,modelo_invariante_stableswap
2026-05-09,20376089786,20371471460,2.533,2.533,0.0,20493346604,97449722.0,1.7,2.5015,50.7095,21250.75,20644.19,3410740.27,modelo_invariante_stableswap
2026-05-10,20466751510,20462114274,2.421,2.421,0.0,20673584619,98930043.0,1.45,2.3922,49.9091,20808.07,20917.75,3462551.51,modelo_invariante_stableswap
2026-05-11,20755130633,20750349784,2.481,2.481,0.0,20495953911,97892009.0,1.42,2.4508,50.462,21114.0,20729.47,3426220.32,modelo_invariante_stableswap
2026-05-12,20495733191,20490898300,2.506,2.506,0.0,20006228588,94511364.0,1.43,2.4752,49.8656,20683.18,20830.85,3307897.74,modelo_invariante_stableswap
2026-05-13,20015760669,20011065119,2.452,2.452,0.0,19787887597,93380496.0,1.31,2.4225,50.5077,20892.0,20471.56,3268317.36,modelo_invariante_stableswap
2026-05-14,19810253674,19805712340,2.47,2.47,0.0,20139999171,94880726.0,1.35,2.4401,49.3356,20457.05,21075.05,3320825.41,modelo_invariante_stableswap
2026-05-15,20045016403,20040413353,2.41,2.41,0.0,19434994742,91754505.0,1.62,2.3815,50.5113,20846.15,20423.46,3211407.68,modelo_invariante_stableswap
2026-05-16,19515486957,19511040443,2.427,2.427,0.0,19298443995,90117372.0,1.34,2.3981,50.366,20815.19,20520.16,3154108.02,modelo_invariante_stableswap
2026-05-17,19275178512,19270881673,2.369,2.369,0.0,19334113103,90302014.0,1.24,2.3414,50.6106,21486.78,20961.92,3160570.49,modelo_invariante_stableswap
2026-05-18,18730971917,18726712464,2.426,2.426,0.0,18953649370,88409505.0,1.4,2.3971,50.4562,20954.86,20578.35,3094332.68,modelo_invariante_stableswap
2026-05-19,18897816391,18893551229,2.393,2.393,0.0,18666975969,87348132.0,1.37,2.3649,50.3595,20839.72,20550.19,3057184.62,modelo_invariante_stableswap
2026-05-20,18720266657,18716060420,2.379,2.379,0.0,18778193777,87946744.0,1.25,2.3512,50.7719,21008.87,20354.91,3078136.04,modelo_invariante_stableswap
2026-05-21,18863103053,18858803626,2.412,2.412,0.0,18882931429,88270024.0,1.39,2.3834,50.262,20801.9,20598.44,3089450.84,modelo_invariante_stableswap
2026-05-22,18860928751,18856578901,2.345,2.345,0.0,18356177238,85785264.0,1.26,2.318,50.5077,20986.31,20563.94,3002484.24,modelo_invariante_stableswap
2026-05-23,18313879753,18309671822,2.355,2.355,0.0,18781582906,87276575.0,1.25,2.3278,50.4223,20793.24,20449.33,3054680.13,modelo_invariante_stableswap
2026-05-24,18762899492,18758620507,2.363,2.363,0.0,18527161225,86174393.0,1.24,2.3356,50.2686,20634.61,20427.05,3016103.76,modelo_invariante_stableswap
2026-05-25,18658829964,18654571407,2.358,2.358,0.0,18723755999,87351374.0,1.26,2.3307,50.7588,21014.8,20372.02,3057298.09,modelo_invariante_stableswap
2026-05-26,18661365881,18657146825,2.368,2.368,0.0,18342825877,85845101.0,1.27,2.3405,50.5449,20955.43,20501.04,3004578.54,modelo_invariante_stableswap
2026-05-27,18409014218,18404835814,2.393,2.393,0.0,17971037204,84250177.0,1.49,2.3649,50.6836,21126.78,20546.51,2948756.2,modelo_invariante_stableswap
2026-05-28,17955088381,17950971319,2.464,2.464,0.0,17838550893,83181236.0,1.61,2.4342,50.8073,21069.35,20382.59,2911343.26,modelo_invariante_stableswap
2026-05-29,17830570086,17826459393,2.403,2.403,0.0,17870628834,83119343.0,1.41,2.3747,50.8464,21025.73,20306.45,2909177.01,modelo_invariante_stableswap
2026-05-30,17883643782,17879548763,2.391,2.391,0.0,17914493692,83610961.0,1.29,2.3629,50.3777,20850.79,20544.93,2926383.64,modelo_invariante_stableswap
2026-05-31,17907241355,17903121070,2.365,2.365,0.0,17832800205,83179021.0,1.24,2.3375,50.6668,21036.0,20473.01,2911265.74,modelo_invariante_stableswap
