data,preco_eth_usd,preco_steth_usd,razao_steth_eth,depeg_pct,retorno_log_eth,retorno_log_steth,volatilidade_anual_eth_30d,volatilidade_anual_steth_30d
2022-05-01,2827.76,2828.92,1.000412,0.0412,0.035113,0.039255,58.85,58.55
2022-05-02,2857.41,2851.12,0.9978,-0.22,0.010432,0.007819,59.13,58.68
2022-05-03,2783.48,2773.49,0.996411,-0.3589,-0.026215,-0.027608,58.6,58.26
2022-05-04,2940.64,2913.22,0.990673,-0.9327,0.054928,0.049153,62.53,61.57
2022-05-05,2749.21,2730.36,0.993144,-0.6856,-0.067314,-0.064823,65.54,64.35
2022-05-06,2694.98,2687.43,0.997198,-0.2802,-0.019924,-0.01585,61.31,60.15
2022-05-07,2636.09,2625.69,0.996055,-0.3945,-0.022093,-0.023239,60.91,59.68
2022-05-08,2517.46,2497.32,0.991999,-0.8001,-0.046047,-0.050128,62.41,61.54
2022-05-09,2245.43,2228.75,0.992573,-0.7427,-0.114353,-0.113774,71.65,70.83
2022-05-10,2343.51,2322.29,0.990943,-0.9057,0.042753,0.04111,74.17,73.24
2022-05-11,2072.11,2065.02,0.99658,-0.342,-0.123083,-0.117411,81.06,79.37
2022-05-12,1961.7,1911.84,0.974585,-2.5415,-0.054755,-0.077073,81.7,81.95
2022-05-13,2014.42,1950.68,0.968359,-3.1641,0.026518,0.020109,81.57,81.45
2022-05-14,2056.27,2016.44,0.980628,-1.9372,0.020565,0.033156,82.21,83.06
2022-05-15,2145.71,2111.3,0.983963,-1.6037,0.042573,0.045968,84.2,85.41
2022-05-16,2022.73,1985.29,0.981493,-1.8507,-0.059023,-0.061536,85.5,86.79
2022-05-17,2090.41,2031.4,0.971771,-2.8229,0.032914,0.022959,86.96,87.69
2022-05-18,1916.66,1879.14,0.980428,-1.9572,-0.086778,-0.07791,89.89,89.58
2022-05-19,2018.34,1989.54,0.985734,-1.4266,0.051691,0.057089,92.33,92.62
2022-05-20,1961.32,1932.66,0.985388,-1.4612,-0.028658,-0.029008,92.44,92.75
2022-05-21,1974.52,1925.22,0.975035,-2.4965,0.006709,-0.003854,92.58,92.71
2022-05-22,2043.17,1994.96,0.976406,-2.3594,0.034178,0.035584,94.07,94.27
2022-05-23,1972.18,1929.03,0.978119,-2.1881,-0.035362,-0.033609,94.4,94.51
2022-05-24,1978.98,1930.15,0.975323,-2.4677,0.003442,0.000579,94.54,94.61
2022-05-25,1944.83,1898.44,0.976146,-2.3854,-0.017409,-0.016566,93.31,93.35
2022-05-26,1803.91,1761.27,0.97636,-2.364,-0.075215,-0.074996,93.78,93.75
2022-05-27,1724.92,1674.0,0.970479,-2.9521,-0.044776,-0.050818,93.02,93.08
2022-05-28,1757.94,1754.23,0.997887,-0.2113,0.018961,0.046811,93.13,95.12
2022-05-29,1812.03,1769.73,0.976655,-2.3345,0.030305,0.008798,94.1,95.05
2022-05-30,1996.44,1954.13,0.978808,-2.1192,0.096918,0.09912,101.6,102.88
2022-05-31,1942.33,1901.57,0.979014,-2.0986,-0.027479,-0.027268,100.4,101.39
2022-06-01,1823.57,1784.91,0.9788,-2.12,-0.063092,-0.06331,101.56,102.56
2022-06-02,1834.15,1792.18,0.977116,-2.2884,0.005786,0.004064,101.72,102.69
2022-06-03,1775.08,1735.81,0.977877,-2.2123,-0.032737,-0.031959,98.81,100.22
2022-06-04,1801.61,1760.2,0.977014,-2.2986,0.014836,0.013953,97.68,99.28
2022-06-05,1805.2,1766.12,0.978348,-2.1652,0.001994,0.003358,97.81,99.48
2022-06-06,1859.29,1813.79,0.975527,-2.4473,0.02952,0.026632,98.88,100.41
2022-06-07,1814.05,1774.35,0.978114,-2.1886,-0.024634,-0.021984,98.23,99.55
2022-06-08,1793.57,1743.58,0.972126,-2.7874,-0.011352,-0.017493,90.87,92.5
2022-06-09,1789.83,1733.32,0.968428,-3.1572,-0.002091,-0.005902,89.08,90.79
2022-06-10,1665.04,1574.48,0.945609,-5.4391,-0.072268,-0.096114,82.4,87.87
2022-06-11,1529.66,1470.48,0.961307,-3.8693,-0.084803,-0.068338,85.2,87.06
2022-06-12,1445.22,1391.47,0.962811,-3.7189,-0.056789,-0.055225,85.86,87.88
2022-06-13,1204.58,1151.9,0.956266,-4.3734,-0.182126,-0.188947,103.72,106.03
2022-06-14,1211.66,1151.99,0.950753,-4.9247,0.00586,7.9e-05,101.8,103.69
2022-06-15,1233.21,1155.19,0.936737,-6.3263,0.017624,0.002772,101.52,102.89
2022-06-16,1067.73,1006.15,0.942328,-5.7672,-0.144082,-0.138131,109.16,109.91
2022-06-17,1086.52,1023.43,0.941934,-5.8066,0.017444,0.017026,107.47,108.97
2022-06-18,993.64,931.39,0.937352,-6.2648,-0.089363,-0.094239,107.06,108.23
2022-06-19,1127.66,1056.49,0.936888,-6.3112,0.126525,0.126029,119.15,120.39
2022-06-20,1127.64,1065.32,0.944729,-5.5271,-1.2e-05,0.008323,118.99,120.67
2022-06-21,1124.82,1062.25,0.944367,-5.5633,-0.002502,-0.002886,117.62,119.19
2022-06-22,1051.42,995.94,0.947231,-5.2769,-0.067484,-0.064456,118.68,120.08
2022-06-23,1143.39,1090.67,0.953895,-4.6105,0.083851,0.090862,123.96,126.2
2022-06-24,1226.84,1177.94,0.960141,-3.9859,0.070451,0.076977,127.77,130.57
2022-06-25,1243.45,1200.8,0.965705,-3.4295,0.013442,0.01922,126.27,129.33
2022-06-26,1199.83,1157.18,0.964449,-3.5551,-0.035706,-0.037008,126.02,128.91
2022-06-27,1193.68,1151.0,0.964241,-3.5759,-0.00514,-0.005355,125.55,127.17
2022-06-28,1144.58,1097.7,0.959046,-4.0954,-0.042004,-0.047407,124.95,127.41
2022-06-29,1098.94,1057.35,0.962152,-3.7848,-0.040687,-0.037454,118.44,120.62
2022-06-30,1067.3,1028.61,0.963752,-3.6248,-0.029219,-0.027557,118.46,120.62
2022-07-01,1059.77,1021.74,0.964115,-3.5885,-0.007082,-0.006706,117.5,119.7
2022-07-02,1066.51,1029.73,0.965512,-3.4488,0.006345,0.007793,117.51,119.8
2022-07-03,1073.77,1040.7,0.969205,-3.0795,0.006779,0.010596,117.7,120.11
2022-07-04,1151.06,1117.43,0.970787,-2.9213,0.069509,0.07114,121.05,123.58
2022-07-05,1134.54,1099.65,0.969245,-3.0755,-0.014454,-0.016044,120.89,123.4
2022-07-06,1186.97,1154.85,0.972934,-2.7066,0.045179,0.048978,121.75,124.6
2022-07-07,1237.59,1206.63,0.974977,-2.5023,0.041761,0.043859,123.28,126.25
2022-07-08,1222.51,1187.25,0.971159,-2.8841,-0.012266,-0.01619,123.28,126.24
2022-07-09,1216.98,1182.88,0.971985,-2.8015,-0.004532,-0.003682,123.25,126.26
2022-07-10,1168.4,1135.29,0.971658,-2.8342,-0.040734,-0.041071,121.82,123.11
2022-07-11,1097.24,1065.78,0.971335,-2.8665,-0.062842,-0.063174,120.4,122.82
2022-07-12,1038.19,997.49,0.960794,-3.9206,-0.055314,-0.066226,120.33,123.38
2022-07-13,1113.59,1073.39,0.963906,-3.6094,0.070106,0.07334,106.56,108.85
2022-07-14,1191.53,1151.89,0.966737,-3.3263,0.067649,0.070582,109.33,111.79
2022-07-15,1233.13,1194.77,0.968891,-3.1109,0.03432,0.036545,109.83,112.51
2022-07-16,1352.63,1316.74,0.973469,-2.6531,0.092493,0.097207,101.45,105.59
2022-07-17,1338.64,1306.27,0.975824,-2.4176,-0.010397,-0.007982,101.58,105.71
2022-07-18,1578.72,1539.23,0.974988,-2.5012,0.164962,0.164105,109.65,112.41
2022-07-19,1542.98,1508.95,0.977945,-2.2055,-0.022901,-0.019872,102.76,105.89
2022-07-20,1520.2,1487.75,0.978656,-2.1344,-0.01487,-0.014143,103.08,106.27
2022-07-21,1576.75,1523.66,0.966327,-3.3673,0.036523,0.023845,103.39,106.24
2022-07-22,1537.41,1495.6,0.972806,-2.7194,-0.025269,-0.018587,100.35,103.25
2022-07-23,1549.3,1522.93,0.982982,-1.7018,0.007706,0.018112,97.01,99.44
2022-07-24,1599.48,1571.57,0.982553,-1.7447,0.031875,0.031438,94.9,96.88
2022-07-25,1445.38,1415.89,0.979595,-2.0405,-0.101302,-0.104316,102.34,104.61
2022-07-26,1441.81,1416.86,0.9827,-1.73,-0.002478,0.000687,101.33,103.5
2022-07-27,1636.23,1603.9,0.980239,-1.9761,0.126499,0.123992,109.56,111.15
2022-07-28,1725.47,1684.33,0.976158,-2.3842,0.053102,0.04893,108.84,109.84
2022-07-29,1727.41,1681.37,0.973347,-2.6653,0.001123,-0.001761,107.18,108.43
2022-07-30,1695.97,1653.05,0.974691,-2.5309,-0.018367,-0.016987,106.68,107.96
2022-07-31,1681.52,1640.54,0.975631,-2.4369,-0.008558,-0.007595,106.72,107.98
2022-08-01,1635.2,1595.32,0.975615,-2.4385,-0.027934,-0.02795,107.75,109.03
2022-08-02,1632.95,1594.17,0.976257,-2.3743,-0.001377,-0.000719,107.86,109.15
2022-08-03,1618.87,1577.04,0.974158,-2.5842,-0.008654,-0.010806,106.23,107.51
2022-08-04,1608.21,1564.43,0.972777,-2.7223,-0.006612,-0.008031,106.02,107.28
2022-08-05,1732.25,1679.93,0.969794,-3.0206,0.074305,0.071233,107.66,108.53
2022-08-06,1691.66,1630.95,0.964112,-3.5888,-0.023715,-0.029591,107.85,108.88
2022-08-07,1699.35,1637.93,0.963856,-3.6144,0.004537,0.004272,107.56,108.49
2022-08-08,1775.52,1714.87,0.96584,-3.416,0.043845,0.045901,108.0,109.04
2022-08-09,1703.03,1641.62,0.963945,-3.6055,-0.041685,-0.043649,108.06,109.2
2022-08-10,1851.74,1785.73,0.964353,-3.5647,0.083721,0.084144,107.28,108.48
2022-08-11,1881.22,1824.74,0.969976,-3.0024,0.015796,0.021609,104.03,104.22
2022-08-12,1957.25,1898.73,0.970103,-2.9897,0.039616,0.039747,102.71,102.71
2022-08-13,1981.34,1931.25,0.97472,-2.528,0.012233,0.016981,101.2,101.01
2022-08-14,1936.8,1887.38,0.974481,-2.5519,-0.022733,-0.022978,101.92,101.71
2022-08-15,1904.23,1849.76,0.971394,-2.8606,-0.016961,-0.020134,98.55,97.97
2022-08-16,1878.14,1825.47,0.971959,-2.8041,-0.013795,-0.013214,98.65,98.12
2022-08-17,1833.0,1783.44,0.972961,-2.7039,-0.024328,-0.023297,82.27,81.76
2022-08-18,1847.01,1797.95,0.973439,-2.6561,0.007613,0.008104,81.66,81.27
2022-08-19,1612.99,1567.68,0.971912,-2.8088,-0.135479,-0.13705,95.24,95.19
2022-08-20,1577.0,1533.14,0.972185,-2.7815,-0.022561,-0.02228,94.78,95.2
2022-08-21,1619.32,1573.74,0.971854,-2.8146,0.026479,0.026139,94.76,95.37
2022-08-22,1622.51,1581.65,0.974819,-2.5181,0.001966,0.005012,94.73,95.2
2022-08-23,1662.77,1616.0,0.971869,-2.8131,0.024513,0.021483,94.47,94.86
2022-08-24,1657.06,1618.97,0.977012,-2.2988,-0.00344,0.001837,86.96,86.93
2022-08-25,1696.46,1652.9,0.974324,-2.5676,0.023498,0.020742,87.17,87.11
2022-08-26,1507.78,1465.26,0.971795,-2.8205,-0.117902,-0.120501,86.12,86.86
2022-08-27,1491.4,1447.4,0.970504,-2.9496,-0.010928,-0.012258,83.76,84.86
2022-08-28,1430.55,1386.72,0.969361,-3.0639,-0.041655,-0.042834,84.7,85.86
2022-08-29,1553.04,1512.57,0.973945,-2.6055,0.082155,0.086874,89.99,91.7
2022-08-30,1523.84,1482.17,0.972654,-2.7346,-0.01898,-0.020306,90.14,91.88
2022-08-31,1553.68,1510.69,0.972326,-2.7674,0.019397,0.019059,90.03,91.77
2022-09-01,1586.18,1540.62,0.971278,-2.8722,0.020697,0.01962,90.37,92.07
2022-09-02,1577.22,1527.07,0.968205,-3.1795,-0.005662,-0.008831,90.34,92.05
2022-09-03,1556.87,1508.05,0.968637,-3.1363,-0.012985,-0.012539,90.42,92.1
2022-09-04,1577.64,1525.95,0.967233,-3.2767,0.013252,0.011801,86.43,88.48
2022-09-05,1617.18,1563.29,0.966672,-3.3328,0.024755,0.024174,86.63,88.45
2022-09-06,1561.75,1496.89,0.958471,-4.1529,-0.03488,-0.043399,87.37,89.62
2022-09-07,1629.91,1566.21,0.960921,-3.9079,0.042717,0.045269,87.3,89.58
2022-09-08,1635.35,1577.71,0.964758,-3.5242,0.003333,0.007318,86.18,88.42
2022-09-09,1719.09,1667.03,0.969721,-3.0279,0.049937,0.055069,82.72,85.42
2022-09-10,1776.2,1726.47,0.972001,-2.7999,0.032686,0.035034,83.4,86.01
2022-09-11,1761.8,1715.56,0.973753,-2.6247,-0.008142,-0.006342,82.06,84.7
2022-09-12,1713.77,1668.01,0.973299,-2.6701,-0.027643,-0.028109,82.27,84.8
2022-09-13,1580.79,1532.43,0.969407,-3.0593,-0.080769,-0.084776,86.26,89.09
2022-09-14,1634.76,1588.06,0.971439,-2.8561,0.03357,0.035664,87.3,90.17
2022-09-15,1471.69,1454.52,0.988332,-1.1668,-0.105079,-0.087839,94.0,94.66
2022-09-16,1432.45,1416.32,0.98874,-1.126,-0.027029,-0.026616,94.06,94.74
2022-09-17,1469.74,1457.79,0.991871,-0.8129,0.025702,0.028863,94.65,95.45
2022-09-18,1335.33,1324.19,0.991659,-0.8341,-0.095909,-0.096122,88.75,89.3
2022-09-19,1377.54,1363.96,0.990138,-0.9862,0.031123,0.029587,89.48,89.91
2022-09-20,1324.39,1316.26,0.993862,-0.6138,-0.03935,-0.035596,89.56,89.89
2022-09-21,1252.61,1243.19,0.992485,-0.7515,-0.055723,-0.05711,91.1,91.54
2022-09-22,1327.68,1319.77,0.99404,-0.596,0.058206,0.059772,93.37,94.03
2022-09-23,1328.26,1321.17,0.994662,-0.5338,0.000436,0.001062,93.4,94.02
2022-09-24,1317.99,1310.54,0.994346,-0.5654,-0.007759,-0.008077,92.74,93.5
2022-09-25,1294.22,1288.99,0.995958,-0.4042,-0.018205,-0.016585,84.04,84.29
2022-09-26,1335.32,1325.49,0.99264,-0.736,0.031265,0.027928,84.95,84.98
2022-09-27,1330.13,1324.59,0.995839,-0.4161,-0.003896,-0.000679,83.84,83.75
2022-09-28,1337.41,1329.92,0.994397,-0.5603,0.005461,0.004012,78.18,77.49
2022-09-29,1335.65,1330.46,0.99611,-0.389,-0.001316,0.000406,78.02,77.29
2022-09-30,1327.98,1323.51,0.996636,-0.3364,-0.005762,-0.005235,77.55,76.86
2022-10-01,1311.64,1308.21,0.997382,-0.2618,-0.012376,-0.011628,77.01,76.4
2022-10-02,1276.09,1271.59,0.996472,-0.3528,-0.027478,-0.028391,77.37,76.81
2022-10-03,1323.44,1316.46,0.994726,-0.5274,0.03643,0.034677,78.8,78.07
2022-10-04,1362.13,1354.87,0.994673,-0.5327,0.028813,0.02876,79.44,78.74
2022-10-05,1352.84,1344.8,0.994057,-0.5943,-0.006843,-0.007462,78.72,78.09
2022-10-06,1351.71,1345.55,0.995443,-0.4557,-0.000834,0.000559,78.04,76.86
2022-10-07,1332.52,1321.87,0.992012,-0.7988,-0.0143,-0.017753,76.18,74.94
2022-10-08,1315.5,1307.09,0.993605,-0.6395,-0.012852,-0.011248,76.12,74.82
2022-10-09,1322.6,1312.22,0.992147,-0.7853,0.005386,0.003917,73.45,71.6
2022-10-10,1291.34,1283.64,0.994037,-0.5963,-0.023924,-0.022021,72.07,70.03
2022-10-11,1279.58,1272.07,0.994136,-0.5864,-0.00915,-0.00905,72.07,70.02
2022-10-12,1294.91,1287.03,0.993914,-0.6086,0.01191,0.011687,72.21,70.1
2022-10-13,1288.12,1282.03,0.995265,-0.4735,-0.005252,-0.003893,67.46,64.5
2022-10-14,1297.42,1289.8,0.994127,-0.5873,0.007192,0.006048,66.09,62.9
2022-10-15,1274.87,1269.73,0.995964,-0.4036,-0.017534,-0.015687,56.16,55.86
2022-10-16,1306.3,1300.3,0.995412,-0.4588,0.024351,0.023796,56.46,56.12
2022-10-17,1331.71,1324.4,0.994505,-0.5495,0.01927,0.018359,56.09,55.49
2022-10-18,1310.45,1304.21,0.995241,-0.4759,-0.016098,-0.015359,45.39,44.54
2022-10-19,1285.74,1277.64,0.993695,-0.6305,-0.019031,-0.020585,44.33,43.7
2022-10-20,1283.2,1277.84,0.995821,-0.4179,-0.00198,0.000158,42.27,42.0
2022-10-21,1299.95,1293.19,0.994805,-0.5195,0.012965,0.011944,37.62,37.0
2022-10-22,1314.3,1309.51,0.996357,-0.3643,0.010981,0.012539,31.77,30.75
2022-10-23,1363.45,1361.77,0.998772,-0.1228,0.036712,0.039134,34.3,33.68
2022-10-24,1345.0,1338.28,0.995007,-0.4993,-0.013623,-0.0174,34.55,34.15
2022-10-25,1461.67,1453.53,0.994435,-0.5565,0.083184,0.082609,44.3,43.95
2022-10-26,1566.57,1564.7,0.998811,-0.1189,0.06931,0.073701,48.98,49.62
2022-10-27,1514.37,1509.84,0.997005,-0.2995,-0.033884,-0.035693,50.77,51.64
2022-10-28,1555.48,1551.78,0.99762,-0.238,0.02678,0.027396,51.38,52.26
2022-10-29,1619.7,1614.01,0.996485,-0.3515,0.040457,0.039319,52.77,53.56
2022-10-30,1590.78,1587.79,0.998117,-0.1883,-0.018013,-0.016377,53.3,54.0
2022-10-31,1572.71,1570.44,0.998556,-0.1444,-0.011423,-0.010984,53.26,53.98
2022-11-01,1579.7,1577.31,0.998484,-0.1516,0.004435,0.004363,51.88,52.53
2022-11-02,1519.71,1520.44,1.000481,0.0481,-0.038717,-0.036719,53.14,53.72
2022-11-03,1531.54,1528.99,0.998331,-0.1669,0.007754,0.005603,52.43,53.02
2022-11-04,1645.09,1643.24,0.998873,-0.1127,0.071522,0.072065,57.31,57.89
2022-11-05,1627.97,1627.48,0.999701,-0.0299,-0.010465,-0.009636,57.56,58.13
2022-11-06,1572.23,1571.97,0.999828,-0.0172,-0.034835,-0.034707,58.91,59.31
2022-11-07,1568.59,1560.86,0.995071,-0.4929,-0.00232,-0.007089,58.61,59.17
2022-11-08,1332.84,1316.7,0.987894,-1.2106,-0.162869,-0.170109,83.07,85.29
2022-11-09,1100.17,1073.91,0.976132,-2.3868,-0.191844,-0.203821,106.55,110.94
2022-11-10,1299.46,1271.88,0.978775,-2.1225,0.166488,0.169192,122.22,126.62
2022-11-11,1287.22,1272.46,0.988534,-1.1466,-0.009467,0.000455,122.2,126.56
2022-11-12,1255.27,1192.88,0.950302,-4.9698,-0.025136,-0.06458,122.5,128.52
2022-11-13,1221.82,1188.2,0.972487,-2.7513,-0.027008,-0.003932,122.79,128.49
2022-11-14,1241.6,1212.65,0.976679,-2.3321,0.016063,0.020365,122.82,128.64
2022-11-15,1251.74,1235.19,0.986779,-1.3221,0.008127,0.018415,122.53,128.52
2022-11-16,1215.6,1188.69,0.977865,-2.2135,-0.029292,-0.038367,122.67,128.93
2022-11-17,1200.81,1171.68,0.975741,-2.4259,-0.012245,-0.014418,122.62,128.92
2022-11-18,1212.3,1179.28,0.972761,-2.7239,0.009524,0.006465,122.56,128.82
2022-11-19,1218.43,1205.02,0.988999,-1.1001,0.005041,0.021596,122.58,129.09
2022-11-20,1142.47,1130.05,0.989135,-1.0865,-0.064371,-0.064233,124.37,130.78
2022-11-21,1108.35,1102.22,0.994471,-0.5529,-0.030315,-0.024934,124.56,130.82
2022-11-22,1135.17,1113.03,0.980495,-1.9505,0.02391,0.009757,124.09,129.95
2022-11-23,1183.2,1154.82,0.976013,-2.3987,0.041437,0.036855,125.16,130.77
2022-11-24,1203.98,1169.78,0.971593,-2.8407,0.017413,0.012874,121.42,127.1
2022-11-25,1198.93,1179.56,0.983847,-1.6153,-0.004209,0.008324,118.31,123.87
2022-11-26,1205.9,1176.29,0.975451,-2.4549,0.005798,-0.002772,118.07,123.52
2022-11-27,1195.13,1168.34,0.977586,-2.2414,-0.008972,-0.006786,117.41,122.85
2022-11-28,1170.09,1153.94,0.986202,-1.3798,-0.021175,-0.012399,116.12,121.59
2022-11-29,1216.9,1184.92,0.973723,-2.6277,0.03923,0.026496,117.39,122.27
2022-11-30,1295.69,1247.54,0.962839,-3.7161,0.062735,0.051494,120.01,124.12
2022-12-01,1276.27,1245.38,0.975791,-2.4209,-0.015097,-0.001736,119.98,124.07
2022-12-02,1294.3,1266.71,0.978684,-2.1316,0.014028,0.016989,119.64,123.91
2022-12-03,1243.33,1234.79,0.993125,-0.6875,-0.040175,-0.025528,120.15,124.01
2022-12-04,1280.26,1245.36,0.972746,-2.7254,0.029263,0.008529,117.55,120.85
2022-12-05,1259.68,1243.45,0.98712,-1.288,-0.016205,-0.001536,117.58,120.88
2022-12-06,1271.65,1249.24,0.982374,-1.7626,0.009463,0.004643,117.35,120.6
2022-12-07,1232.44,1202.66,0.975839,-2.4161,-0.031324,-0.037998,117.64,121.06
2022-12-08,1281.12,1246.17,0.972721,-2.7279,0.038738,0.035537,104.53,106.99
2022-12-09,1264.28,1233.86,0.975936,-2.4064,-0.013225,-0.009925,79.0,78.49
2022-12-10,1266.38,1240.5,0.979558,-2.0442,0.001659,0.005364,53.21,51.39
2022-12-11,1263.87,1245.41,0.985396,-1.4604,-0.001988,0.003953,53.12,51.41
2022-12-12,1274.62,1239.34,0.972321,-2.7679,0.00847,-0.004888,52.46,46.01
2022-12-13,1320.55,1279.23,0.968708,-3.1292,0.0354,0.031678,52.85,47.17
2022-12-14,1309.33,1283.09,0.979963,-2.0037,-0.008533,0.003019,52.76,46.72
2022-12-15,1266.35,1243.31,0.981807,-1.8193,-0.033373,-0.031494,54.1,47.73
2022-12-16,1168.26,1163.42,0.995856,-0.4144,-0.080627,-0.066419,60.25,51.44
2022-12-17,1188.15,1176.43,0.990137,-0.9863,0.016882,0.011124,60.45,51.36
2022-12-18,1184.72,1160.51,0.979566,-2.0434,-0.002895,-0.013629,60.35,51.53
2022-12-19,1167.61,1151.42,0.986136,-1.3864,-0.014544,-0.007859,60.5,50.96
2022-12-20,1217.7,1192.32,0.979155,-2.0845,0.042008,0.034904,57.89,47.19
2022-12-21,1213.6,1173.11,0.966639,-3.3361,-0.003376,-0.016241,56.74,46.67
2022-12-22,1218.18,1190.63,0.977384,-2.2616,0.003769,0.014823,56.24,46.8
2022-12-23,1220.16,1189.71,0.975047,-2.4953,0.001622,-0.000772,54.44,45.11
2022-12-24,1221.15,1197.52,0.980647,-1.9353,0.00081,0.006537,54.12,44.96
2022-12-25,1218.96,1190.28,0.976472,-2.3528,-0.001792,-0.006059,54.1,44.93
2022-12-26,1226.97,1196.56,0.975212,-2.4788,0.006552,0.00526,54.11,44.95
2022-12-27,1212.79,1174.53,0.968452,-3.1548,-0.011626,-0.018583,54.17,45.38
2022-12-28,1189.99,1162.33,0.976756,-2.3244,-0.018983,-0.010446,54.07,45.32
2022-12-29,1201.6,1176.56,0.979163,-2.0837,0.009709,0.01217,52.37,44.54
2022-12-30,1199.23,1175.73,0.980403,-1.9597,-0.001968,-0.000702,47.15,40.44
2022-12-31,1196.77,1177.54,0.983928,-1.6072,-0.002055,0.001534,46.93,40.46
2023-01-01,1200.96,1180.91,0.983302,-1.6698,0.003498,0.002862,46.62,39.93
2023-01-02,1214.66,1186.03,0.976433,-2.3567,0.011336,0.004325,44.8,39.1
2023-01-03,1214.78,1185.23,0.975672,-2.4328,0.000101,-0.000679,43.48,38.94
2023-01-04,1256.53,1236.88,0.984364,-1.5636,0.033789,0.042659,44.86,41.89
2023-01-05,1250.44,1236.93,0.9892,-1.08,-0.004857,4.4e-05,44.76,41.86
2023-01-06,1269.38,1229.84,0.968855,-3.1145,0.015033,-0.005747,43.65,39.66
2023-01-07,1264.27,1236.38,0.977939,-2.2061,-0.004033,0.005299,41.49,37.67
2023-01-08,1287.36,1259.11,0.978057,-2.1943,0.018098,0.018219,41.72,38.04
2023-01-09,1321.54,1291.09,0.976958,-2.3042,0.026204,0.025079,42.66,38.96
2023-01-10,1336.59,1315.64,0.984327,-1.5673,0.011322,0.018836,42.78,39.43
2023-01-11,1387.93,1347.88,0.971145,-2.8855,0.037697,0.024214,44.53,40.1
2023-01-12,1417.94,1393.51,0.982773,-1.7227,0.021389,0.033292,43.49,40.25
2023-01-13,1451.61,1422.38,0.979862,-2.0138,0.023473,0.020506,43.91,40.72
2023-01-14,1550.71,1502.73,0.969064,-3.0936,0.066034,0.054953,47.01,42.51
2023-01-15,1552.48,1518.44,0.978073,-2.1927,0.001142,0.010397,34.99,33.45
2023-01-16,1576.83,1542.8,0.978417,-2.1583,0.015565,0.015917,34.96,33.53
2023-01-17,1567.85,1534.08,0.978463,-2.1537,-0.005716,-0.005668,35.1,32.96
2023-01-18,1515.51,1507.78,0.994903,-0.5097,-0.033953,-0.01729,37.34,33.74
2023-01-19,1552.56,1537.32,0.990189,-0.9811,0.024153,0.019403,35.83,32.65
2023-01-20,1659.75,1629.58,0.98182,-1.818,0.066767,0.058279,40.98,35.75
2023-01-21,1627.12,1614.92,0.992503,-0.7497,-0.019859,-0.009037,42.28,36.39
2023-01-22,1628.38,1603.18,0.984521,-1.5479,0.000776,-0.007299,42.3,36.71
2023-01-23,1628.25,1612.58,0.990373,-0.9627,-8e-05,0.005846,42.32,36.72
2023-01-24,1556.6,1557.04,1.000281,0.0281,-0.045,-0.035045,46.28,39.58
2023-01-25,1611.71,1598.0,0.991492,-0.8508,0.03479,0.025964,47.2,40.0
2023-01-26,1603.11,1574.07,0.981887,-1.8113,-0.005353,-0.015089,46.9,39.71
2023-01-27,1598.16,1577.78,0.987253,-1.2747,-0.003092,0.002358,46.01,39.13
2023-01-28,1572.44,1558.85,0.991362,-0.8638,-0.016225,-0.012072,46.9,39.88
2023-01-29,1646.16,1631.45,0.991067,-0.8933,0.045817,0.04552,48.44,41.63
2023-01-30,1567.33,1554.28,0.991674,-0.8326,-0.049071,-0.048459,52.58,46.43
2023-01-31,1586.54,1569.14,0.989035,-1.0965,0.012181,0.009517,52.55,46.37
2023-02-01,1641.79,1606.3,0.97838,-2.162,0.034236,0.023404,53.27,46.58
2023-02-02,1643.24,1630.41,0.992191,-0.7809,0.000882,0.0149,53.25,46.44
2023-02-03,1664.75,1651.25,0.991894,-0.8106,0.013001,0.012702,52.57,45.0
2023-02-04,1667.06,1649.31,0.989355,-1.0645,0.001389,-0.001174,52.4,45.03
2023-02-05,1631.65,1614.51,0.989497,-1.0503,-0.021472,-0.021329,53.46,46.02
2023-02-06,1616.25,1607.05,0.994307,-0.5693,-0.009482,-0.004633,53.66,46.25
2023-02-07,1672.0,1641.23,0.981594,-1.8406,0.033916,0.021048,54.3,46.33
2023-02-08,1650.72,1631.05,0.988084,-1.1916,-0.012813,-0.006223,54.43,46.24
2023-02-09,1546.44,1540.13,0.995923,-0.4077,-0.065255,-0.057354,60.0,51.31
2023-02-10,1514.87,1506.99,0.994797,-0.5203,-0.020625,-0.021756,59.43,51.67
2023-02-11,1539.93,1523.61,0.989406,-1.0594,0.016406,0.010971,59.26,50.64
2023-02-12,1515.03,1507.98,0.995341,-0.4659,-0.016297,-0.010316,59.14,50.44
2023-02-13,1507.17,1474.76,0.978496,-2.1504,-0.005207,-0.022275,54.37,47.32
2023-02-14,1556.88,1526.8,0.980681,-1.9319,0.03245,0.03468,55.6,48.77
2023-02-15,1673.75,1642.27,0.981194,-1.8806,0.072384,0.072907,60.87,54.77
2023-02-16,1640.07,1628.86,0.993166,-0.6834,-0.020327,-0.008199,61.32,54.82
2023-02-17,1694.78,1671.56,0.986297,-1.3703,0.032817,0.025877,60.88,54.97
2023-02-18,1691.82,1673.98,0.989454,-1.0546,-0.00175,0.001446,60.46,54.67
2023-02-19,1681.44,1667.24,0.99156,-0.844,-0.006156,-0.004031,55.94,50.91
2023-02-20,1702.68,1674.01,0.983164,-1.6836,0.012552,0.004049,55.6,50.8
2023-02-21,1658.04,1642.2,0.990448,-0.9552,-0.026567,-0.019185,56.46,51.22
2023-02-22,1643.23,1619.1,0.985314,-1.4686,-0.008969,-0.014166,56.55,51.44
2023-02-23,1651.07,1645.52,0.996638,-0.3362,0.004761,0.016188,54.15,50.12
2023-02-24,1608.37,1596.73,0.992762,-0.7238,-0.026203,-0.030099,53.67,50.54
2023-02-25,1594.91,1593.82,0.999311,-0.0689,-0.008403,-0.001828,53.72,50.25
2023-02-26,1640.82,1625.83,0.990866,-0.9134,0.028374,0.019887,54.62,50.71
2023-02-27,1634.33,1625.0,0.994294,-0.5706,-0.003964,-0.00051,54.3,50.49
2023-02-28,1605.9,1605.51,0.999758,-0.0242,-0.017549,-0.012069,52.22,48.09
2023-03-01,1663.43,1654.11,0.994394,-0.5606,0.035203,0.029822,50.67,45.98
2023-03-02,1647.32,1634.48,0.992208,-0.7792,-0.009735,-0.011936,50.69,46.15
2023-03-03,1569.17,1564.2,0.996834,-0.3166,-0.048604,-0.043952,52.12,48.04
2023-03-04,1566.92,1560.42,0.995851,-0.4149,-0.001431,-0.002418,52.12,47.71
2023-03-05,1564.47,1556.13,0.994669,-0.5331,-0.001568,-0.002755,51.85,47.43
2023-03-06,1567.4,1561.54,0.996264,-0.3736,0.001871,0.003473,51.86,47.47
2023-03-07,1561.93,1552.76,0.994124,-0.5876,-0.003493,-0.005643,51.39,46.97
2023-03-08,1534.09,1522.33,0.992335,-0.7665,-0.017988,-0.019789,51.64,47.4
2023-03-09,1438.66,1437.47,0.99917,-0.083,-0.064224,-0.057359,54.38,50.44
2023-03-10,1429.16,1432.91,1.002622,0.2622,-0.006627,-0.003178,54.31,50.44
2023-03-11,1482.62,1478.07,0.996933,-0.3067,0.036723,0.031033,51.61,48.11
2023-03-12,1590.29,1569.03,0.986628,-1.3372,0.07011,0.059719,56.8,52.0
2023-03-13,1680.31,1659.49,0.987609,-1.2391,0.055059,0.056054,59.6,55.32
2023-03-14,1703.51,1692.82,0.993726,-0.6274,0.013711,0.019886,59.3,55.42
2023-03-15,1656.18,1638.49,0.989318,-1.0682,-0.028175,-0.032621,60.28,56.15
2023-03-16,1677.22,1662.73,0.991363,-0.8637,0.012621,0.014685,59.45,55.17
2023-03-17,1792.49,1770.73,0.987861,-1.2139,0.066468,0.06293,58.61,53.67
2023-03-18,1761.66,1762.07,1.000231,0.0231,-0.017347,-0.004903,58.47,53.6
2023-03-19,1785.58,1783.2,0.998672,-0.1328,0.013485,0.011925,57.59,53.05
2023-03-20,1735.32,1733.6,0.999009,-0.0991,-0.028549,-0.028211,58.54,54.1
2023-03-21,1806.76,1791.49,0.991546,-0.8454,0.040343,0.032845,60.07,55.17
2023-03-22,1737.72,1728.44,0.994664,-0.5336,-0.038963,-0.035824,61.64,56.75
2023-03-23,1816.41,1800.82,0.991418,-0.8582,0.044287,0.041019,62.64,57.92
2023-03-24,1752.04,1746.69,0.996943,-0.3057,-0.036076,-0.030519,64.0,58.81
2023-03-25,1743.76,1739.1,0.997325,-0.2675,-0.004737,-0.004354,64.03,58.64
2023-03-26,1775.68,1771.58,0.997692,-0.2308,0.018135,0.018503,63.46,57.76
2023-03-27,1715.46,1713.9,0.999089,-0.0911,-0.0345,-0.0331,64.7,59.13
2023-03-28,1772.79,1758.34,0.991851,-0.8149,0.03287,0.025599,64.95,59.38
2023-03-29,1793.0,1786.82,0.996554,-0.3446,0.011339,0.016069,64.97,59.55
2023-03-30,1792.74,1772.42,0.988667,-1.1333,-0.000148,-0.008093,64.56,59.44
2023-03-31,1822.02,1807.98,0.992291,-0.7709,0.016203,0.019862,63.73,58.98
2023-04-01,1813.86,1796.33,0.990337,-0.9663,-0.004489,-0.00646,63.62,58.83
2023-04-02,1795.71,1789.78,0.996696,-0.3304,-0.010058,-0.003658,61.04,56.4
2023-04-03,1810.3,1790.99,0.989334,-1.0666,0.008092,0.000678,61.01,56.36
2023-04-04,1871.01,1852.09,0.989891,-1.0109,0.032985,0.033548,61.74,57.18
2023-04-05,1909.11,1903.86,0.997248,-0.2752,0.020163,0.027568,61.92,57.68
2023-04-06,1872.92,1866.38,0.996509,-0.3491,-0.019139,-0.019881,62.48,58.27
2023-04-07,1865.64,1858.66,0.996261,-0.3739,-0.003898,-0.004148,61.99,57.64
2023-04-08,1849.5,1845.06,0.997599,-0.2401,-0.008688,-0.007345,56.82,53.12
2023-04-09,1859.39,1838.28,0.988648,-1.1352,0.005333,-0.00368,56.58,53.13
2023-04-10,1911.21,1886.68,0.987165,-1.2835,0.027488,0.025986,56.09,52.89
2023-04-11,1892.19,1880.17,0.993649,-0.6351,-0.010001,-0.003453,51.81,49.62
2023-04-12,1920.68,1902.67,0.990624,-0.9376,0.014946,0.011896,48.81,46.3
2023-04-13,2012.63,1996.61,0.992039,-0.7961,0.046764,0.048192,50.91,48.48
2023-04-14,2101.64,2087.34,0.9932,-0.68,0.043271,0.044441,51.06,48.3
2023-04-15,2092.47,2077.51,0.992852,-0.7148,-0.004372,-0.004723,51.2,48.44
2023-04-16,2120.01,2113.28,0.996826,-0.3174,0.013075,0.01707,46.63,44.29
2023-04-17,2076.24,2072.88,0.998381,-0.1619,-0.020859,-0.019301,46.86,45.01
2023-04-18,2104.54,2092.86,0.994453,-0.5547,0.013536,0.009594,46.86,44.98
2023-04-19,1936.4,1927.99,0.995653,-0.4347,-0.083263,-0.082057,55.04,53.2
2023-04-20,1943.1,1935.31,0.99599,-0.401,0.003451,0.00379,53.42,52.14
2023-04-21,1850.0,1843.77,0.996635,-0.3365,-0.049098,-0.048451,54.52,53.48
2023-04-22,1874.23,1868.39,0.996886,-0.3114,0.013012,0.013264,52.53,51.79
2023-04-23,1862.06,1859.05,0.998384,-0.1616,-0.006513,-0.005011,50.88,50.58
2023-04-24,1842.76,1834.96,0.995768,-0.4232,-0.010421,-0.013045,51.02,50.8
2023-04-25,1866.75,1857.71,0.995156,-0.4844,0.012938,0.012323,50.84,50.59
2023-04-26,1866.56,1857.31,0.995041,-0.4959,-0.000101,-0.000217,49.15,49.03
2023-04-27,1908.79,1894.54,0.992537,-0.7463,0.022368,0.019849,48.47,48.73
2023-04-28,1892.51,1887.25,0.997217,-0.2783,-0.008562,-0.003859,48.51,48.53
2023-04-29,1908.92,1899.48,0.995054,-0.4946,0.008631,0.00646,48.56,48.42
2023-04-30,1876.92,1876.07,0.999543,-0.0457,-0.016902,-0.0124,48.72,48.26
2023-05-01,1831.95,1833.38,1.000779,0.0779,-0.024251,-0.023015,49.48,48.93
2023-05-02,1870.79,1861.83,0.99521,-0.479,0.020977,0.015397,49.85,49.17
2023-05-03,1904.65,1890.87,0.992765,-0.7235,0.017939,0.015478,50.13,49.41
2023-05-04,1877.7,1873.93,0.99799,-0.201,-0.014249,-0.009,49.12,48.19
2023-05-05,1995.06,1977.89,0.991391,-0.8609,0.060625,0.053991,53.06,50.87
2023-05-06,1900.22,1900.46,1.000125,0.0125,-0.048704,-0.039933,55.46,52.38
2023-05-07,1873.08,1877.37,1.002291,0.2291,-0.014388,-0.012224,55.68,52.55
2023-05-08,1849.04,1839.7,0.994947,-0.5053,-0.012914,-0.020269,55.79,52.98
2023-05-09,1848.6,1836.84,0.993638,-0.6362,-0.000238,-0.001554,55.75,52.96
2023-05-10,1842.4,1837.39,0.997282,-0.2718,-0.00336,0.0003,54.86,52.13
2023-05-11,1796.49,1795.14,0.999245,-0.0755,-0.025235,-0.023268,55.42,52.7
2023-05-12,1808.02,1804.82,0.998232,-0.1768,0.006397,0.005382,55.17,52.54
2023-05-13,1796.11,1794.06,0.998856,-0.1144,-0.006606,-0.005981,52.3,49.36
2023-05-14,1800.5,1796.77,0.997927,-0.2073,0.002439,0.001508,49.54,46.28
2023-05-15,1817.55,1810.43,0.996082,-0.3918,0.009424,0.007574,49.8,46.49
2023-05-16,1824.12,1808.74,0.991567,-0.8433,0.003609,-0.000934,49.49,45.86
2023-05-17,1821.86,1809.24,0.993071,-0.6929,-0.001241,0.000274,49.17,45.6
2023-05-18,1801.73,1791.09,0.994094,-0.5906,-0.011111,-0.010081,48.79,45.35
2023-05-19,1812.59,1799.9,0.993002,-0.6998,0.00601,0.00491,39.94,35.98
2023-05-20,1820.48,1803.93,0.990908,-0.9092,0.004343,0.002232,39.96,35.95
2023-05-21,1804.53,1798.07,0.996421,-0.3579,-0.008798,-0.00325,36.31,31.88
2023-05-22,1817.53,1805.31,0.993272,-0.6728,0.00718,0.004015,36.08,31.52
2023-05-23,1854.38,1840.13,0.992316,-0.7684,0.02007,0.019106,36.76,32.27
2023-05-24,1800.1,1796.37,0.997929,-0.2071,-0.029709,-0.024068,38.03,33.03
2023-05-25,1805.95,1791.92,0.992232,-0.7768,0.003247,-0.002479,37.74,32.7
2023-05-26,1828.69,1817.96,0.994133,-0.5867,0.012511,0.014426,38.04,33.15
2023-05-27,1831.12,1816.29,0.991903,-0.8097,0.001327,-0.000919,37.13,32.31
2023-05-28,1910.91,1909.97,0.999507,-0.0493,0.042655,0.050292,40.07,36.98
2023-05-29,1893.08,1885.66,0.996082,-0.3918,-0.009378,-0.012811,40.09,37.19
2023-05-30,1901.03,1897.07,0.997918,-0.2082,0.00419,0.006032,39.66,36.99
2023-05-31,1874.13,1864.18,0.994691,-0.5309,-0.014249,-0.017488,39.03,36.59
2023-06-01,1862.2,1850.22,0.993565,-0.6435,-0.006385,-0.007519,38.4,36.3
2023-06-02,1907.26,1903.46,0.998011,-0.1989,0.023907,0.028372,38.81,37.26
2023-06-03,1892.41,1889.26,0.998333,-0.1667,-0.007813,-0.007491,38.58,37.22
2023-06-04,1890.51,1881.47,0.995215,-0.4785,-0.001004,-0.004132,31.84,31.79
2023-06-05,1811.83,1804.97,0.996213,-0.3787,-0.042512,-0.04151,30.75,32.03
2023-06-06,1884.49,1872.41,0.99359,-0.641,0.039323,0.036687,33.52,34.46
2023-06-07,1832.4,1824.89,0.995901,-0.4099,-0.028035,-0.025712,34.66,34.91
2023-06-08,1846.3,1832.0,0.992253,-0.7747,0.00756,0.00389,34.76,34.94
2023-06-09,1840.23,1830.5,0.994715,-0.5285,-0.003297,-0.000819,34.76,34.94
2023-06-10,1752.38,1741.97,0.994059,-0.5941,-0.04891,-0.049569,37.77,38.19
2023-06-11,1753.42,1746.11,0.995834,-0.4166,0.000588,0.002371,37.69,38.14
2023-06-12,1742.53,1733.9,0.995049,-0.4951,-0.006228,-0.007017,37.68,38.16
2023-06-13,1739.04,1736.11,0.998315,-0.1685,-0.002005,0.001272,37.66,38.15
2023-06-14,1650.52,1649.78,0.999553,-0.0447,-0.052242,-0.051003,41.44,41.77
2023-06-15,1665.52,1669.42,1.002341,0.2341,0.009047,0.011833,41.59,42.09
2023-06-16,1716.67,1714.59,0.998787,-0.1213,0.030248,0.026696,43.18,43.31
2023-06-17,1727.2,1720.54,0.99614,-0.386,0.006118,0.003465,43.14,43.24
2023-06-18,1720.58,1720.96,1.000223,0.0223,-0.003844,0.000246,43.06,43.19
2023-06-19,1737.66,1731.99,0.996736,-0.3264,0.009879,0.006387,43.21,43.26
2023-06-20,1792.12,1779.18,0.992782,-0.7218,0.03086,0.026885,44.56,44.36
2023-06-21,1891.01,1877.37,0.992789,-0.7211,0.05371,0.053718,48.33,48.19
2023-06-22,1872.94,1873.83,1.000474,0.0474,-0.009599,-0.001888,47.99,47.77
2023-06-23,1892.86,1887.93,0.997394,-0.2606,0.010579,0.007496,46.86,46.98
2023-06-24,1876.06,1868.18,0.995799,-0.4201,-0.008916,-0.010517,47.0,47.15
2023-06-25,1900.51,1893.63,0.996382,-0.3618,0.012947,0.013532,47.01,47.12
2023-06-26,1859.43,1848.26,0.99399,-0.601,-0.021849,-0.024253,47.7,47.96
2023-06-27,1889.7,1884.01,0.996988,-0.3012,0.016148,0.01916,45.6,45.04
2023-06-28,1827.97,1818.46,0.994796,-0.5204,-0.033213,-0.035414,46.94,46.49
2023-06-29,1852.23,1841.46,0.994185,-0.5815,0.013182,0.012568,47.17,46.67
2023-06-30,1933.19,1920.21,0.993287,-0.6713,0.042782,0.041878,49.28,48.59
2023-07-01,1924.57,1917.23,0.996189,-0.3811,-0.004471,-0.001554,49.25,48.5
2023-07-02,1937.44,1923.41,0.992758,-0.7242,0.006666,0.003217,48.61,47.51
2023-07-03,1955.39,1938.42,0.991319,-0.8681,0.009223,0.007773,48.6,47.49
2023-07-04,1936.63,1934.6,0.998951,-0.1049,-0.009638,-0.001969,48.74,47.47
2023-07-05,1910.59,1906.61,0.99792,-0.208,-0.01354,-0.014573,46.5,45.32
2023-07-06,1848.64,1838.78,0.994666,-0.5334,-0.032963,-0.036229,45.98,45.39
2023-07-07,1870.6,1859.21,0.99391,-0.609,0.011812,0.011052,45.09,44.64
2023-07-08,1865.54,1842.6,0.987706,-1.2294,-0.00271,-0.008972,45.03,44.75
2023-07-09,1863.01,1855.87,0.99617,-0.383,-0.001357,0.007176,45.02,44.81
2023-07-10,1880.56,1875.29,0.997201,-0.2799,0.009374,0.010409,41.43,41.11
2023-07-11,1878.34,1873.67,0.997514,-0.2486,-0.001181,-0.000868,41.44,41.13
2023-07-12,1872.11,1870.12,0.998936,-0.1064,-0.003318,-0.001894,41.38,41.02
2023-07-13,2006.51,1994.98,0.994252,-0.5748,0.069329,0.06463,47.46,46.38
2023-07-14,1939.35,1934.22,0.997354,-0.2646,-0.034046,-0.030931,45.07,43.81
2023-07-15,1931.47,1925.22,0.996767,-0.3233,-0.004072,-0.004661,45.17,43.88
2023-07-16,1923.68,1919.41,0.99778,-0.222,-0.004039,-0.003023,44.33,43.22
2023-07-17,1911.65,1905.49,0.996782,-0.3218,-0.006276,-0.007277,44.46,43.4
2023-07-18,1897.6,1894.93,0.998591,-0.1409,-0.007375,-0.005562,44.54,43.5
2023-07-19,1889.01,1888.84,0.999913,-0.0087,-0.004538,-0.003215,44.56,43.54
2023-07-20,1890.97,1888.98,0.998949,-0.1051,0.001038,7.3e-05,43.39,42.67
2023-07-21,1892.08,1889.88,0.998836,-0.1164,0.000587,0.000475,39.14,38.38
2023-07-22,1864.91,1860.31,0.997534,-0.2466,-0.014463,-0.015767,39.33,38.78
2023-07-23,1889.19,1884.69,0.997618,-0.2382,0.012935,0.013019,39.42,38.96
2023-07-24,1850.0,1846.36,0.998031,-0.1969,-0.020962,-0.020549,39.98,39.45
2023-07-25,1857.74,1856.07,0.999098,-0.0902,0.004175,0.005244,39.72,39.19
2023-07-26,1872.16,1869.19,0.998416,-0.1584,0.007731,0.007048,39.08,38.33
2023-07-27,1860.36,1857.05,0.998224,-0.1776,-0.006324,-0.006517,38.71,37.79
2023-07-28,1874.74,1872.74,0.998931,-0.1069,0.007704,0.008412,36.96,35.73
2023-07-29,1881.07,1874.43,0.996471,-0.3529,0.003368,0.000902,36.7,35.48
2023-07-30,1861.64,1858.94,0.998549,-0.1451,-0.01038,-0.008297,33.54,32.31
2023-07-31,1856.16,1852.29,0.997911,-0.2089,-0.002949,-0.003588,33.53,32.32
2023-08-01,1871.79,1864.35,0.996024,-0.3976,0.008385,0.006492,33.59,32.4
2023-08-02,1839.09,1834.35,0.997423,-0.2577,-0.017626,-0.016222,33.85,32.65
2023-08-03,1835.14,1825.91,0.994975,-0.5025,-0.002152,-0.004609,33.74,32.67
2023-08-04,1827.71,1821.1,0.99638,-0.362,-0.004053,-0.002642,33.48,32.35
2023-08-05,1834.99,1831.72,0.998218,-0.1782,0.003972,0.005815,31.53,29.91
2023-08-06,1827.46,1822.67,0.997378,-0.2622,-0.00411,-0.004952,31.25,29.67
2023-08-07,1826.94,1822.17,0.997392,-0.2608,-0.000286,-0.000272,31.25,29.52
2023-08-08,1855.81,1853.02,0.998497,-0.1503,0.015678,0.016785,31.76,30.02
2023-08-09,1854.3,1849.0,0.997142,-0.2858,-0.000814,-0.002172,31.58,29.78
2023-08-10,1850.75,1848.36,0.998705,-0.1295,-0.001913,-0.000346,31.58,29.78
2023-08-11,1847.12,1845.36,0.999043,-0.0957,-0.001963,-0.001624,31.57,29.78
2023-08-12,1848.89,1845.47,0.998153,-0.1847,0.000955,6.4e-05,19.09,18.35
2023-08-13,1839.28,1838.94,0.999814,-0.0186,-0.005211,-0.003548,15.43,15.25
2023-08-14,1844.19,1841.27,0.998417,-0.1583,0.002664,0.001266,15.48,15.24
2023-08-15,1826.93,1816.76,0.994433,-0.5567,-0.009399,-0.013398,15.7,15.79
2023-08-16,1805.66,1803.01,0.998534,-0.1466,-0.011713,-0.007597,16.01,15.81
2023-08-17,1684.93,1686.07,1.000676,0.0676,-0.0692,-0.067057,28.4,27.7
2023-08-18,1660.95,1664.89,1.002373,0.2373,-0.014339,-0.012644,28.63,27.87
2023-08-19,1669.47,1667.65,0.998908,-0.1092,0.005121,0.001657,28.76,27.91
2023-08-20,1684.85,1684.11,0.999558,-0.0442,0.00917,0.009821,29.09,28.29
2023-08-21,1667.27,1670.2,1.00176,0.176,-0.010491,-0.00829,28.95,28.01
2023-08-22,1633.89,1632.52,0.999158,-0.0842,-0.020222,-0.022823,28.85,28.13
2023-08-23,1679.27,1678.35,0.999449,-0.0551,0.027397,0.027688,30.34,29.71
2023-08-24,1659.94,1660.96,1.000609,0.0609,-0.011578,-0.010418,30.36,29.66
2023-08-25,1652.94,1651.35,0.99904,-0.096,-0.004232,-0.005801,30.07,29.41
2023-08-26,1646.31,1642.02,0.997398,-0.2602,-0.004018,-0.005664,30.06,29.4
2023-08-27,1657.51,1655.96,0.999064,-0.0936,0.006784,0.008453,30.02,29.4
2023-08-28,1652.46,1651.68,0.999531,-0.0469,-0.003055,-0.002587,29.9,29.35
2023-08-29,1729.73,1724.97,0.99725,-0.275,0.045699,0.043414,34.51,33.67
2023-08-30,1705.11,1698.77,0.996281,-0.3719,-0.014332,-0.015303,34.76,33.97
2023-08-31,1645.64,1646.83,1.000722,0.0722,-0.035502,-0.031055,36.32,35.17
2023-09-01,1628.49,1621.65,0.995796,-0.4204,-0.010475,-0.015409,36.07,35.13
2023-09-02,1637.03,1631.86,0.996843,-0.3157,0.005227,0.006277,36.21,35.32
2023-09-03,1636.12,1632.09,0.99754,-0.246,-0.000555,0.000144,36.23,35.34
2023-09-04,1629.66,1625.15,0.997233,-0.2767,-0.003958,-0.004265,36.12,35.18
2023-09-05,1633.63,1629.76,0.997632,-0.2368,0.002436,0.002835,36.19,35.25
2023-09-06,1632.25,1627.88,0.997323,-0.2677,-0.000843,-0.001152,36.18,35.24
2023-09-07,1647.6,1640.45,0.995659,-0.4341,0.009358,0.007688,35.82,34.72
2023-09-08,1636.14,1633.27,0.998249,-0.1751,-0.00698,-0.004383,35.82,34.71
2023-09-09,1635.16,1631.45,0.99773,-0.227,-0.000596,-0.001116,35.83,34.7
2023-09-10,1616.83,1613.64,0.99803,-0.197,-0.011275,-0.010975,35.91,34.77
2023-09-11,1551.64,1551.21,0.999727,-0.0273,-0.041156,-0.039457,38.05,36.79
2023-09-12,1592.43,1591.5,0.999418,-0.0582,0.02595,0.02564,39.64,38.39
2023-09-13,1607.99,1603.91,0.997465,-0.2535,0.009723,0.007768,39.88,38.59
2023-09-14,1626.97,1622.64,0.997334,-0.2666,0.011738,0.011607,40.24,38.85
2023-09-15,1641.64,1640.19,0.999114,-0.0886,0.008974,0.010757,40.38,39.15
2023-09-16,1635.22,1635.1,0.999926,-0.0074,-0.003918,-0.003105,32.62,31.65
2023-09-17,1622.9,1621.79,0.99932,-0.068,-0.007566,-0.008173,32.35,31.48
2023-09-18,1637.35,1635.22,0.998701,-0.1299,0.008865,0.008246,32.46,31.63
2023-09-19,1643.54,1648.74,1.003162,0.3162,0.003778,0.008235,32.31,31.57
2023-09-20,1622.89,1624.23,1.000823,0.0823,-0.012646,-0.014981,32.4,31.86
2023-09-21,1584.31,1591.67,1.004645,0.4645,-0.024062,-0.020251,32.72,31.65
2023-09-22,1593.27,1597.58,1.002709,0.2709,0.00564,0.003711,31.18,29.99
2023-09-23,1593.86,1594.64,1.000488,0.0488,0.00037,-0.001847,30.99,29.82
2023-09-24,1580.85,1581.48,1.000395,0.0395,-0.008193,-0.008286,31.06,29.88
2023-09-25,1588.32,1587.63,0.999563,-0.0437,0.004714,0.003882,31.12,29.9
2023-09-26,1593.42,1591.25,0.998639,-0.1361,0.003202,0.002278,31.03,29.72
2023-09-27,1597.49,1597.86,1.000228,0.0228,0.002553,0.004143,31.05,29.78
2023-09-28,1652.88,1647.45,0.996711,-0.3289,0.034086,0.030564,29.05,27.62
2023-09-29,1667.94,1666.05,0.998864,-0.1136,0.009071,0.011228,28.9,27.51
2023-09-30,1671.16,1674.55,1.002028,0.2028,0.001927,0.005091,26.04,25.28
2023-10-01,1733.81,1733.53,0.999841,-0.0159,0.036802,0.034617,28.62,27.25
2023-10-02,1663.63,1664.81,1.00071,0.071,-0.041321,-0.040452,32.34,30.99
2023-10-03,1656.69,1656.06,0.999625,-0.0375,-0.004181,-0.005266,32.38,31.06
2023-10-04,1647.84,1645.83,0.998782,-0.1218,-0.005355,-0.006199,32.41,31.1
2023-10-05,1611.48,1613.36,1.001168,0.1168,-0.022313,-0.019927,33.35,31.88
2023-10-06,1645.83,1644.46,0.999167,-0.0833,0.021095,0.019094,34.18,32.59
2023-10-07,1634.51,1637.63,1.001909,0.1909,-0.006902,-0.004161,34.11,32.52
2023-10-08,1633.55,1633.65,1.000061,0.0061,-0.000589,-0.002436,34.02,32.49
2023-10-09,1579.81,1578.05,0.998888,-0.1112,-0.033452,-0.034626,35.96,34.67
2023-10-10,1567.71,1572.81,1.003251,0.3251,-0.007685,-0.003326,35.86,34.5
2023-10-11,1566.25,1564.76,0.999048,-0.0952,-0.000931,-0.005128,32.81,31.62
2023-10-12,1539.61,1535.46,0.997303,-0.2697,-0.017157,-0.018905,32.0,30.94
2023-10-13,1552.09,1550.16,0.998756,-0.1244,0.008071,0.009527,31.94,31.01
2023-10-14,1555.26,1553.91,0.999135,-0.0865,0.002039,0.002418,31.62,30.69
2023-10-15,1558.07,1558.4,1.000213,0.0213,0.001807,0.002886,31.42,30.42
2023-10-16,1600.53,1597.4,0.998044,-0.1956,0.02689,0.024719,32.95,31.78
2023-10-17,1565.44,1566.69,1.000801,0.0801,-0.022171,-0.019412,33.72,32.34
2023-10-18,1563.75,1564.76,1.000649,0.0649,-0.00108,-0.001232,33.52,32.17
2023-10-19,1567.46,1567.14,0.9998,-0.02,0.002368,0.001519,33.5,32.0
2023-10-20,1604.67,1601.82,0.998227,-0.1773,0.023462,0.021886,34.35,32.65
2023-10-21,1629.3,1630.88,1.000964,0.0964,0.015237,0.017976,33.67,32.45
2023-10-22,1663.43,1659.4,0.997578,-0.2422,0.020728,0.017339,34.34,32.95
2023-10-23,1765.38,1759.35,0.996582,-0.3418,0.059486,0.058487,39.86,38.49
2023-10-24,1784.44,1786.21,1.000996,0.0996,0.010736,0.015155,39.71,38.47
2023-10-25,1787.4,1785.62,0.999005,-0.0995,0.001657,-0.000333,39.72,38.5
2023-10-26,1804.04,1801.26,0.998461,-0.1539,0.009268,0.008723,39.76,38.53
2023-10-27,1780.05,1772.94,0.996009,-0.3991,-0.013389,-0.015848,40.23,39.16
2023-10-28,1776.62,1774.29,0.998691,-0.1309,-0.001927,0.000762,38.73,37.92
2023-10-29,1795.55,1792.41,0.998252,-0.1748,0.010598,0.010157,38.76,37.89
2023-10-30,1810.09,1806.02,0.997754,-0.2246,0.008067,0.007568,38.81,37.92
2023-10-31,1816.46,1806.42,0.994473,-0.5527,0.003513,0.00022,36.81,36.12
2023-11-01,1847.09,1838.17,0.995173,-0.4827,0.016722,0.017426,33.74,33.2
2023-11-02,1800.62,1800.44,0.999901,-0.0099,-0.02548,-0.020739,35.14,34.13
2023-11-03,1832.8,1826.41,0.996516,-0.3484,0.017711,0.014319,35.39,34.2
2023-11-04,1857.7,1849.97,0.99584,-0.416,0.013496,0.012818,34.28,33.28
2023-11-05,1894.16,1887.83,0.996659,-0.3341,0.019436,0.020257,34.19,33.34
2023-11-06,1899.84,1892.41,0.99609,-0.391,0.002994,0.002423,33.94,33.21
2023-11-07,1888.12,1876.7,0.993948,-0.6052,-0.006184,-0.008337,34.11,33.43
2023-11-08,1889.32,1884.72,0.997564,-0.2436,0.000634,0.004266,31.25,30.29
2023-11-09,2120.56,2108.23,0.994187,-0.5813,0.115462,0.112072,48.97,47.63
2023-11-10,2078.29,2076.21,0.998999,-0.1001,-0.020135,-0.015307,49.97,48.16
2023-11-11,2052.71,2048.66,0.998027,-0.1973,-0.012383,-0.013356,49.67,47.79
2023-11-12,2045.19,2043.14,0.998999,-0.1001,-0.003674,-0.0027,49.89,47.98
2023-11-13,2055.27,2050.7,0.997779,-0.2221,0.004916,0.003695,49.84,47.96
2023-11-14,1979.05,1980.24,1.000598,0.0598,-0.037787,-0.034966,52.44,50.35
2023-11-15,2060.41,2051.97,0.995904,-0.4096,0.040286,0.035583,53.25,50.95
2023-11-16,1960.88,1958.51,0.998793,-0.1207,-0.04951,-0.046613,56.01,53.62
2023-11-17,1961.28,1949.7,0.994096,-0.5904,0.000204,-0.00451,55.99,53.7
2023-11-18,1963.29,1957.2,0.996899,-0.3101,0.001021,0.003837,56.0,53.68
2023-11-19,2013.2,2000.02,0.99345,-0.655,0.025109,0.021643,56.06,53.67
2023-11-20,2022.24,2020.9,0.999337,-0.0663,0.004478,0.010386,56.0,53.55
2023-11-21,1937.07,1944.66,1.003921,0.3921,-0.043031,-0.038454,58.43,55.7
2023-11-22,2064.43,2061.88,0.998767,-0.1233,0.063677,0.05853,58.94,55.71
2023-11-23,2062.21,2054.02,0.996029,-0.3971,-0.001073,-0.003818,58.94,55.68
2023-11-24,2081.15,2079.36,0.999141,-0.0859,0.009143,0.012263,58.95,55.71
2023-11-25,2084.41,2076.11,0.996016,-0.3984,0.001566,-0.001567,58.94,55.74
2023-11-26,2063.29,2058.11,0.997491,-0.2509,-0.010187,-0.008707,58.83,55.46
2023-11-27,2027.42,2021.34,0.997001,-0.2999,-0.017537,-0.018029,59.31,56.03
2023-11-28,2049.34,2044.8,0.997788,-0.2212,0.010754,0.011542,59.31,56.05
2023-11-29,2029.93,2027.64,0.998873,-0.1127,-0.009516,-0.008429,59.49,56.21
2023-11-30,2052.56,2045.65,0.996636,-0.3364,0.011085,0.008844,59.54,56.22
2023-12-01,2087.14,2080.59,0.996863,-0.3137,0.016709,0.016936,59.54,56.21
2023-12-02,2165.7,2158.36,0.99661,-0.339,0.036951,0.036698,59.62,56.58
2023-12-03,2193.69,2197.22,1.001608,0.1608,0.01284,0.017843,59.53,56.66
2023-12-04,2243.22,2236.03,0.996795,-0.3205,0.022325,0.017508,59.75,56.75
2023-12-05,2293.84,2282.88,0.99522,-0.478,0.022318,0.020736,59.84,56.76
2023-12-06,2231.66,2227.77,0.998255,-0.1745,-0.027482,-0.024437,60.99,57.76
2023-12-07,2357.58,2347.47,0.99571,-0.429,0.054889,0.052336,63.21,59.78
2023-12-08,2358.73,2348.76,0.995772,-0.4228,0.000489,0.000551,63.21,59.82
2023-12-09,2341.18,2331.83,0.996009,-0.3991,-0.007471,-0.007233,49.9,46.53
2023-12-10,2352.46,2341.3,0.995256,-0.4744,0.00481,0.004053,49.18,46.04
2023-12-11,2224.58,2215.95,0.99612,-0.388,-0.055895,-0.055028,53.2,50.13
2023-12-12,2202.04,2193.42,0.996084,-0.3916,-0.010184,-0.01022,53.35,50.3
2023-12-13,2260.65,2245.42,0.993262,-0.6738,0.026268,0.023431,53.99,50.83
2023-12-14,2316.58,2305.86,0.995372,-0.4628,0.02444,0.026561,52.38,49.56
2023-12-15,2219.34,2225.91,1.002961,0.2961,-0.042883,-0.035287,53.4,50.23
2023-12-16,2226.93,2222.69,0.998098,-0.1902,0.003414,-0.001448,50.0,47.01
2023-12-17,2196.48,2201.25,1.002169,0.2169,-0.013766,-0.009694,50.38,47.17
2023-12-18,2217.27,2214.63,0.998807,-0.1193,0.009422,0.006061,50.41,47.17
2023-12-19,2177.87,2172.51,0.997539,-0.2461,-0.01793,-0.0192,50.38,47.41
2023-12-20,2201.91,2187.78,0.993582,-0.6418,0.010977,0.007002,50.46,47.36
2023-12-21,2239.54,2231.7,0.996498,-0.3502,0.016946,0.019876,47.87,45.32
2023-12-22,2326.52,2318.61,0.996598,-0.3402,0.038104,0.038205,44.64,42.75
2023-12-23,2309.05,2290.05,0.991772,-0.8228,-0.007541,-0.012396,44.78,43.05
2023-12-24,2265.69,2264.36,0.999411,-0.0589,-0.018954,-0.011282,45.43,43.24
2023-12-25,2272.56,2260.56,0.99472,-0.528,0.003027,-0.001677,45.43,43.24
2023-12-26,2231.47,2216.87,0.99346,-0.654,-0.018249,-0.019517,45.8,43.77
2023-12-27,2378.74,2363.56,0.993618,-0.6382,0.063912,0.064071,49.92,48.08
2023-12-28,2347.57,2355.55,1.003402,0.3402,-0.013192,-0.003393,50.29,48.12
2023-12-29,2300.69,2305.59,1.002131,0.2131,-0.02017,-0.021438,50.8,48.77
2023-12-30,2292.07,2292.93,1.000379,0.0379,-0.003756,-0.005505,50.81,48.86
2023-12-31,2281.47,2280.13,0.999411,-0.0589,-0.004633,-0.005602,50.66,48.73
2024-01-01,2352.33,2340.83,0.995112,-0.4888,0.030585,0.026275,50.17,47.95
2024-01-02,2355.84,2357.48,1.000696,0.0696,0.00149,0.007086,50.04,47.67
2024-01-03,2210.76,2215.62,1.0022,0.22,-0.063559,-0.062057,54.5,52.34
2024-01-04,2269.04,2262.05,0.996919,-0.3081,0.026019,0.020736,54.71,52.34
2024-01-05,2268.65,2254.77,0.993885,-0.6115,-0.000172,-0.00322,53.83,51.63
2024-01-06,2241.62,2233.49,0.996369,-0.3631,-0.011983,-0.009487,50.27,48.19
2024-01-07,2222.87,2219.83,0.998634,-0.1366,-0.008404,-0.006133,50.32,48.2
2024-01-08,2333.03,2318.53,0.993783,-0.6217,0.048372,0.043503,53.23,50.68
2024-01-09,2344.83,2336.02,0.996245,-0.3755,0.005043,0.007517,53.24,50.73
2024-01-10,2582.1,2588.41,1.002444,0.2444,0.096393,0.102596,59.31,58.45
2024-01-11,2619.62,2616.35,0.998751,-0.1249,0.014425,0.010733,59.14,58.21
2024-01-12,2524.46,2529.94,1.00217,0.217,-0.037002,-0.033584,60.48,59.43
2024-01-13,2576.6,2568.03,0.996676,-0.3324,0.020443,0.014946,60.32,59.01
2024-01-14,2472.24,2475.81,1.001443,0.1443,-0.041345,-0.036573,60.18,59.12
2024-01-15,2511.36,2511.92,1.000223,0.0223,0.015701,0.014482,60.33,59.21
2024-01-16,2587.69,2586.76,0.99964,-0.036,0.02994,0.029357,60.63,59.63
2024-01-17,2528.37,2525.9,0.999023,-0.0977,-0.023191,-0.023809,61.42,60.49
2024-01-18,2467.02,2462.63,0.998221,-0.1779,-0.024564,-0.025366,61.77,60.83
2024-01-19,2489.5,2489.74,1.000098,0.0098,0.009071,0.010949,61.75,60.87
2024-01-20,2469.59,2468.65,0.999621,-0.0379,-0.00803,-0.008507,61.71,60.76
2024-01-21,2453.91,2453.4,0.99979,-0.021,-0.006368,-0.0062,60.48,59.52
2024-01-22,2310.83,2308.69,0.999077,-0.0923,-0.060079,-0.060792,64.17,63.26
2024-01-23,2240.69,2238.4,0.99898,-0.102,-0.030823,-0.03092,64.74,64.08
2024-01-24,2233.56,2229.93,0.998375,-0.1625,-0.003185,-0.00379,64.73,64.08
2024-01-25,2217.71,2217.86,1.000066,0.0066,-0.007122,-0.00543,64.47,63.74
2024-01-26,2267.2,2266.41,0.999651,-0.0349,0.02207,0.021655,60.78,59.99
2024-01-27,2267.89,2264.75,0.998618,-0.1382,0.000303,-0.000731,60.64,59.98
2024-01-28,2257.21,2250.87,0.99719,-0.281,-0.004719,-0.00615,60.26,59.57
2024-01-29,2317.06,2286.87,0.986968,-1.3032,0.026172,0.015868,60.97,59.83
2024-01-30,2344.49,2355.23,1.00458,0.458,0.011768,0.029456,61.07,60.66
2024-01-31,2282.54,2282.31,0.999898,-0.0102,-0.026779,-0.03145,60.84,60.99
2024-02-01,2303.82,2301.57,0.999019,-0.0981,0.00928,0.0084,60.94,61.01
2024-02-02,2308.04,2305.04,0.998702,-0.1298,0.001827,0.001509,56.57,56.86
2024-02-03,2296.04,2298.37,1.001017,0.1017,-0.005213,-0.002897,55.9,56.45
2024-02-04,2289.55,2292.39,1.00124,0.124,-0.002832,-0.002608,55.91,56.44
2024-02-05,2298.89,2297.1,0.999223,-0.0777,0.004072,0.002056,55.75,56.33
2024-02-06,2372.2,2365.69,0.997254,-0.2746,0.031393,0.02942,56.64,57.12
2024-02-07,2423.75,2424.39,1.000265,0.0265,0.021495,0.02451,54.62,55.76
2024-02-08,2419.91,2424.92,1.00207,0.207,-0.001585,0.000217,54.61,55.72
2024-02-09,2487.52,2488.03,1.000207,0.0207,0.027556,0.025695,43.67,43.15
2024-02-10,2501.23,2498.17,0.998776,-0.1224,0.005497,0.004066,43.37,42.98
2024-02-11,2507.57,2506.97,0.999761,-0.0239,0.002532,0.003518,41.46,41.42
2024-02-12,2658.12,2659.51,1.000525,0.0525,0.058303,0.059067,45.72,46.06
2024-02-13,2642.19,2637.45,0.998208,-0.1792,-0.006011,-0.008329,43.18,44.16
2024-02-14,2777.9,2776.77,0.999591,-0.0409,0.05009,0.051474,46.1,47.25
2024-02-15,2824.38,2823.68,0.999754,-0.0246,0.016592,0.016755,45.36,46.57
2024-02-16,2803.69,2803.52,0.99994,-0.006,-0.007352,-0.007165,44.55,45.72
2024-02-17,2786.67,2785.21,0.999474,-0.0526,-0.006089,-0.006555,43.54,44.69
2024-02-18,2879.0,2878.84,0.999944,-0.0056,0.032594,0.033065,44.64,45.77
2024-02-19,2943.57,2947.17,1.001221,0.1221,0.022182,0.023459,44.79,45.95
2024-02-20,3013.5,3014.02,1.000172,0.0172,0.023479,0.022431,44.97,46.09
2024-02-21,2970.36,2967.06,0.998892,-0.1108,-0.014422,-0.015703,38.82,40.05
2024-02-22,2971.01,2978.48,1.002514,0.2514,0.000219,0.003839,36.3,37.51
2024-02-23,2921.66,2922.44,1.000268,0.0268,-0.01675,-0.018993,37.19,38.55
2024-02-24,2992.39,2987.89,0.998499,-0.1501,0.02392,0.02215,37.08,38.45
2024-02-25,3112.7,3110.03,0.999142,-0.0858,0.039419,0.040062,38.26,39.67
2024-02-26,3178.99,3175.19,0.998804,-0.1196,0.021075,0.020737,38.25,39.61
2024-02-27,3244.52,3241.53,0.99908,-0.092,0.020403,0.020678,37.93,39.23
2024-02-28,3385.7,3378.06,0.997743,-0.2257,0.042595,0.041256,39.11,40.51
2024-02-29,3341.92,3343.39,1.000439,0.0439,-0.013016,-0.010318,40.12,40.85
2024-03-01,3435.05,3430.62,0.99871,-0.129,0.027487,0.025757,37.96,38.02
2024-03-02,3422.05,3414.36,0.997752,-0.2248,-0.003793,-0.004752,38.42,38.52
2024-03-03,3490.99,3476.48,0.995844,-0.4156,0.019947,0.018032,38.26,38.33
2024-03-04,3630.43,3627.27,0.999129,-0.0871,0.039166,0.04246,38.62,39.11
2024-03-05,3554.96,3554.02,0.999735,-0.0265,-0.021007,-0.020401,40.18,40.6
2024-03-06,3819.23,3819.76,1.000141,0.0141,0.071703,0.072108,44.62,44.98
2024-03-07,3874.35,3864.73,0.997516,-0.2484,0.014329,0.011702,44.32,44.79
2024-03-08,3892.06,3893.19,1.00029,0.029,0.004562,0.007338,44.46,44.8
2024-03-09,3915.42,3911.35,0.998962,-0.1038,0.005983,0.004655,44.17,44.63
2024-03-10,3881.19,3868.16,0.996643,-0.3357,-0.00878,-0.011104,44.79,45.46
2024-03-11,4066.45,4063.71,0.999327,-0.0673,0.046627,0.049316,45.99,46.84
2024-03-12,3980.27,3965.28,0.996233,-0.3767,-0.021419,-0.024519,47.62,48.78
2024-03-13,4006.46,3999.39,0.998237,-0.1763,0.006557,0.008566,45.1,46.19
2024-03-14,3883.14,3880.17,0.999236,-0.0764,-0.031263,-0.030263,47.3,48.09
2024-03-15,3735.22,3720.07,0.995944,-0.4056,-0.038837,-0.042137,48.63,49.69
2024-03-16,3522.86,3516.28,0.998132,-0.1868,-0.058534,-0.05634,54.08,54.68
2024-03-17,3642.41,3649.17,1.001854,0.1854,0.033373,0.037096,54.55,55.38
2024-03-18,3517.99,3522.48,1.001277,0.1277,-0.034758,-0.035334,56.42,57.26
2024-03-19,3157.62,3157.17,0.999859,-0.0141,-0.10807,-0.109488,68.64,69.61
2024-03-20,3513.39,3509.11,0.99878,-0.122,0.106764,0.105685,77.38,78.04
2024-03-21,3492.99,3485.44,0.997837,-0.2163,-0.005824,-0.006768,77.22,77.92
2024-03-22,3333.69,3313.53,0.993954,-0.6046,-0.046679,-0.050579,79.04,80.0
2024-03-23,3336.59,3324.98,0.996519,-0.3481,0.000871,0.003449,79.03,80.0
2024-03-24,3454.64,3449.03,0.998378,-0.1622,0.034767,0.03663,79.38,80.37
2024-03-25,3590.88,3588.54,0.999348,-0.0652,0.038681,0.039653,79.98,81.06
2024-03-26,3587.5,3588.96,1.000405,0.0405,-0.000941,0.000115,79.09,80.14
2024-03-27,3500.12,3496.45,0.998954,-0.1046,-0.024661,-0.026112,79.51,80.63
2024-03-28,3561.29,3553.25,0.997743,-0.2257,0.017328,0.016115,79.43,80.52
2024-03-29,3511.81,3505.39,0.998174,-0.1826,-0.013993,-0.013562,78.34,79.52
2024-03-30,3507.94,3495.46,0.996442,-0.3558,-0.0011,-0.002837,78.18,79.42
2024-03-31,3647.86,3635.16,0.99652,-0.348,0.03911,0.039188,78.76,80.07
2024-04-01,3505.03,3497.17,0.997757,-0.2243,-0.039941,-0.0387,80.1,81.3
2024-04-02,3277.23,3274.77,0.999248,-0.0752,-0.067199,-0.065707,83.18,84.26
2024-04-03,3311.44,3311.45,1.000002,0.0002,0.010384,0.011139,81.98,82.87
2024-04-04,3330.04,3321.48,0.997429,-0.2571,0.005601,0.003024,81.77,82.66
2024-04-05,3318.89,3317.54,0.999594,-0.0406,-0.003356,-0.001188,77.31,78.19
2024-04-06,3354.18,3361.63,1.002221,0.2221,0.01058,0.013205,77.2,78.23
2024-04-07,3453.49,3444.86,0.997499,-0.2501,0.029178,0.024456,78.05,78.79
2024-04-08,3695.29,3688.4,0.998135,-0.1865,0.067673,0.06831,81.91,82.71
2024-04-09,3505.16,3499.34,0.99834,-0.166,-0.052823,-0.052618,83.8,84.53
2024-04-10,3543.74,3537.6,0.998268,-0.1732,0.010945,0.010873,82.02,82.56
2024-04-11,3505.25,3500.74,0.998713,-0.1287,-0.010921,-0.010475,81.83,82.28
2024-04-12,3243.03,3233.88,0.997178,-0.2822,-0.077752,-0.07929,85.63,86.18
2024-04-13,3004.9,3000.47,0.998526,-0.1474,-0.076265,-0.074914,88.62,89.05
2024-04-14,3156.94,3149.7,0.997705,-0.2295,0.049359,0.048536,90.15,90.36
2024-04-15,3101.6,3095.45,0.998015,-0.1985,-0.017686,-0.017374,88.24,88.61
2024-04-16,3084.92,3078.09,0.997787,-0.2213,-0.005392,-0.005621,87.19,87.34
2024-04-17,2984.73,2977.61,0.997614,-0.2386,-0.033017,-0.033191,87.11,87.25
2024-04-18,3066.03,3064.06,0.999359,-0.0641,0.026874,0.028622,79.5,79.51
2024-04-19,3059.28,3058.99,0.999905,-0.0095,-0.002204,-0.001657,69.35,69.58
2024-04-20,3157.63,3153.13,0.998575,-0.1425,0.031642,0.030311,70.49,70.63
2024-04-21,3147.29,3147.08,0.999933,-0.0067,-0.00328,-0.00192,68.73,68.54
2024-04-22,3201.65,3209.46,1.002438,0.2438,0.017126,0.019627,69.05,68.93
2024-04-23,3219.91,3216.3,0.998878,-0.1122,0.005687,0.002129,67.87,67.58
2024-04-24,3139.81,3131.21,0.997263,-0.2737,-0.025193,-0.026812,66.65,66.35
2024-04-25,3156.51,3156.97,1.000145,0.0145,0.005306,0.008192,66.73,66.48
2024-04-26,3130.16,3127.98,0.999303,-0.0697,-0.008381,-0.009224,66.35,66.04
2024-04-27,3252.17,3249.77,0.999264,-0.0736,0.038236,0.038197,67.57,67.31
2024-04-28,3262.77,3262.16,0.999812,-0.0188,0.003256,0.003805,67.49,67.24
2024-04-29,3215.43,3212.97,0.999236,-0.0764,-0.014617,-0.015193,67.62,67.39
2024-04-30,3012.29,3015.34,1.001014,0.1014,-0.065261,-0.063484,69.23,68.84
2024-05-01,2969.78,2970.73,1.000318,0.0318,-0.01421,-0.014905,68.24,67.92
2024-05-02,2988.17,2983.79,0.998535,-0.1465,0.006171,0.004387,64.6,64.4
2024-05-03,3103.54,3101.37,0.9993,-0.07,0.037883,0.038649,66.01,65.86
2024-05-04,3117.58,3115.7,0.999397,-0.0603,0.004512,0.004609,66.0,65.88
2024-05-05,3137.25,3135.75,0.999524,-0.0476,0.00629,0.006417,66.06,65.95
2024-05-06,3062.73,3063.7,1.000318,0.0318,-0.02404,-0.023246,66.34,66.13
2024-05-07,3006.58,3006.18,0.999867,-0.0133,-0.018504,-0.018955,65.51,65.58
2024-05-08,2973.66,2971.24,0.999189,-0.0811,-0.01101,-0.011688,60.11,60.1
2024-05-09,3036.02,3035.82,0.999932,-0.0068,0.020755,0.021499,58.54,58.6
2024-05-10,2909.79,2910.25,1.000156,0.0156,-0.042466,-0.042243,59.69,59.73
2024-05-11,2911.6,2910.13,0.999495,-0.0505,0.000622,-3.9e-05,59.72,59.76
2024-05-12,2928.7,2929.62,1.000315,0.0315,0.005856,0.006676,53.95,53.74
2024-05-13,2949.36,2946.83,0.999141,-0.0859,0.007029,0.005855,47.19,47.17
2024-05-14,2881.16,2879.04,0.999265,-0.0735,-0.023396,-0.023272,44.22,44.32
2024-05-15,3037.06,3033.31,0.998766,-0.1234,0.052697,0.052198,47.95,47.97
2024-05-16,2945.13,2941.89,0.998898,-0.1102,-0.030736,-0.030603,49.06,49.08
2024-05-17,3094.12,3089.43,0.998484,-0.1516,0.04935,0.048935,50.79,50.73
2024-05-18,3122.95,3119.94,0.999037,-0.0963,0.009275,0.009828,50.04,49.87
2024-05-19,3071.84,3071.33,0.999832,-0.0168,-0.0165,-0.015704,50.39,50.19
2024-05-20,3663.86,3655.36,0.997681,-0.2319,0.176238,0.174085,78.93,78.27
2024-05-21,3789.31,3786.21,0.999182,-0.0818,0.033669,0.035172,79.49,78.93
2024-05-22,3737.22,3736.94,0.999925,-0.0075,-0.013843,-0.0131,79.69,79.05
2024-05-23,3776.93,3771.7,0.998615,-0.1385,0.010569,0.009258,79.71,79.06
2024-05-24,3726.93,3726.12,0.999782,-0.0218,-0.013325,-0.012156,79.25,78.47
2024-05-25,3749.24,3748.69,0.999853,-0.0147,0.005966,0.006037,79.25,78.47
2024-05-26,3825.9,3823.55,0.999387,-0.0613,0.020241,0.019774,79.23,78.42
2024-05-27,3892.01,3894.82,1.000722,0.0722,0.017132,0.018468,78.51,77.73
2024-05-28,3840.26,3838.24,0.999475,-0.0525,-0.013386,-0.014633,78.8,78.06
2024-05-29,3763.2,3762.79,0.999891,-0.0109,-0.02027,-0.019854,79.01,78.23
2024-05-30,3746.85,3747.19,1.00009,0.009,-0.004353,-0.004155,74.92,74.31
2024-05-31,3760.03,3760.79,1.000204,0.0204,0.003511,0.003625,74.53,73.89
2024-06-01,3813.2,3812.14,0.999723,-0.0277,0.014042,0.013561,74.56,73.91
2024-06-02,3780.9,3780.66,0.999938,-0.0062,-0.008507,-0.008293,73.98,73.28
2024-06-03,3766.39,3765.66,0.999807,-0.0193,-0.003844,-0.003975,74.07,73.37
2024-06-04,3812.52,3812.27,0.999936,-0.0064,0.012173,0.012301,74.1,73.4
2024-06-05,3864.26,3857.81,0.998331,-0.1669,0.013481,0.011875,73.3,72.63
2024-06-06,3811.61,3811.18,0.999888,-0.0112,-0.01372,-0.012161,73.11,72.35
2024-06-07,3678.63,3676.22,0.999344,-0.0656,-0.03551,-0.036055,74.39,73.67
2024-06-08,3680.95,3680.14,0.99978,-0.022,0.000631,0.001067,74.26,73.51
2024-06-09,3705.9,3702.81,0.999164,-0.0836,0.006756,0.00614,72.13,71.39
2024-06-10,3666.72,3665.02,0.999536,-0.0464,-0.01063,-0.010258,72.39,71.62
2024-06-11,3498.33,3499.06,1.000208,0.0208,-0.047011,-0.046339,74.86,74.06
2024-06-12,3559.62,3558.39,0.999655,-0.0345,0.017367,0.016814,74.97,74.16
2024-06-13,3469.28,3465.78,0.998991,-0.1009,-0.025706,-0.02637,75.09,74.32
2024-06-14,3480.27,3478.95,0.99962,-0.038,0.003163,0.003792,73.19,72.44
2024-06-15,3565.55,3564.14,0.999603,-0.0397,0.024208,0.024191,72.36,71.61
2024-06-16,3620.56,3619.01,0.99957,-0.043,0.015311,0.015278,70.77,70.04
2024-06-17,3511.38,3510.58,0.999773,-0.0227,-0.030621,-0.030418,71.85,71.11
2024-06-18,3483.68,3482.87,0.999768,-0.0232,-0.007919,-0.007924,71.6,70.89
2024-06-19,3559.35,3555.64,0.99896,-0.104,0.021488,0.020678,36.58,36.44
2024-06-20,3511.09,3510.12,0.999726,-0.0274,-0.013652,-0.012885,34.62,34.24
2024-06-21,3516.08,3515.37,0.9998,-0.02,0.00142,0.001494,34.4,34.05
2024-06-22,3494.81,3496.1,1.000369,0.0369,-0.006065,-0.005497,34.12,33.82
2024-06-23,3418.61,3419.52,1.000267,0.0267,-0.022045,-0.022147,34.6,34.35
2024-06-24,3350.26,3348.64,0.999518,-0.0482,-0.020198,-0.020947,34.96,34.76
2024-06-25,3395.03,3392.94,0.999385,-0.0615,0.013275,0.013142,34.44,34.27
2024-06-26,3369.48,3366.77,0.999196,-0.0804,-0.007555,-0.007743,33.6,33.31
2024-06-27,3444.8,3443.47,0.999615,-0.0385,0.022108,0.022527,34.72,34.44
2024-06-28,3373.64,3372.81,0.999754,-0.0246,-0.020875,-0.020735,34.76,34.5
2024-06-29,3372.97,3372.39,0.999828,-0.0172,-0.000198,-0.000125,34.78,34.52
2024-06-30,3432.89,3433.67,1.000228,0.0228,0.017609,0.018009,35.47,35.25
2024-07-01,3440.34,3439.3,0.999698,-0.0302,0.002169,0.001639,34.99,34.79
2024-07-02,3416.35,3415.22,0.999667,-0.0333,-0.006997,-0.007028,34.97,34.77
2024-07-03,3292.92,3295.19,1.000691,0.0691,-0.0368,-0.035777,36.86,36.56
2024-07-04,3054.52,3066.88,1.004046,0.4046,-0.075151,-0.071803,43.82,42.92
2024-07-05,2981.6,2980.2,0.999532,-0.0468,-0.024163,-0.02867,43.53,42.98
2024-07-06,3069.38,3063.23,0.997996,-0.2004,0.029015,0.027478,45.42,44.75
2024-07-07,2929.39,2932.37,1.001018,0.1018,-0.046682,-0.043659,46.45,45.44
2024-07-08,3018.73,3014.5,0.998599,-0.1401,0.030044,0.027624,48.21,46.99
2024-07-09,3064.03,3062.37,0.999457,-0.0543,0.014895,0.015755,48.57,47.44
2024-07-10,3102.22,3100.17,0.999339,-0.0661,0.012386,0.012267,48.98,47.85
2024-07-11,3100.33,3100.15,0.999941,-0.0059,-0.000609,-6e-06,46.66,45.56
2024-07-12,3134.16,3132.36,0.999428,-0.0572,0.010852,0.010338,46.33,45.24
2024-07-13,3177.2,3183.32,1.001928,0.1928,0.013639,0.016138,46.07,45.06
2024-07-14,3244.08,3252.04,1.002455,0.2455,0.020832,0.021357,46.77,45.79
2024-07-15,3489.55,3492.8,1.000931,0.0931,0.072942,0.071421,52.94,51.79
2024-07-16,3443.51,3446.14,1.000762,0.0762,-0.013281,-0.01345,52.79,51.65
2024-07-17,3388.75,3393.94,1.001531,0.1531,-0.01603,-0.015263,52.02,50.85
2024-07-18,3426.26,3428.09,1.000533,0.0533,0.011007,0.01001,52.13,50.93
2024-07-19,3505.73,3505.32,0.999883,-0.0117,0.022931,0.022281,52.21,51.02
2024-07-20,3519.3,3520.54,1.000353,0.0353,0.003861,0.004331,52.01,50.85
2024-07-21,3536.61,3533.07,0.999001,-0.0999,0.004907,0.003554,52.04,50.86
2024-07-22,3440.42,3438.17,0.999346,-0.0654,-0.027574,-0.027228,52.9,51.72
2024-07-23,3482.0,3482.51,1.000146,0.0146,0.012012,0.012812,52.48,51.32
2024-07-24,3336.34,3336.02,0.999903,-0.0097,-0.042731,-0.042975,54.17,53.03
2024-07-25,3174.43,3170.3,0.998701,-0.1299,-0.049747,-0.05095,56.61,55.66
2024-07-26,3275.95,3277.39,1.000438,0.0438,0.031481,0.033219,57.78,56.97
2024-07-27,3247.61,3249.0,1.00043,0.043,-0.00869,-0.008698,57.23,56.39
2024-07-28,3271.46,3271.41,0.999982,-0.0018,0.007319,0.006872,56.9,56.06
2024-07-29,3320.54,3323.61,1.000926,0.0926,0.014889,0.015832,57.17,56.36
2024-07-30,3278.67,3276.56,0.999358,-0.0642,-0.01269,-0.014258,56.93,56.16
2024-07-31,3231.3,3229.97,0.999591,-0.0409,-0.014554,-0.01432,57.1,56.32
2024-08-01,3201.56,3201.03,0.999834,-0.0166,-0.009244,-0.009,57.13,56.34
2024-08-02,2986.01,2983.1,0.999025,-0.0975,-0.0697,-0.070511,60.68,60.13
2024-08-03,2903.39,2902.11,0.999561,-0.0439,-0.028062,-0.027524,55.67,55.59
2024-08-04,2686.4,2679.64,0.997484,-0.2516,-0.077676,-0.079757,61.24,61.26
2024-08-05,2417.21,2425.75,1.003534,0.3534,-0.105589,-0.099542,69.67,68.73
2024-08-06,2458.72,2454.46,0.998266,-0.1734,0.01703,0.011767,68.75,67.8
2024-08-07,2336.59,2334.71,0.999196,-0.0804,-0.05095,-0.050019,69.24,68.37
2024-08-08,2683.35,2682.74,0.999772,-0.0228,0.138375,0.138951,85.89,85.29
2024-08-09,2599.6,2600.73,1.000437,0.0437,-0.03171,-0.031045,86.18,85.56
2024-08-10,2610.02,2606.0,0.99846,-0.154,0.004002,0.002024,86.23,85.58
2024-08-11,2553.25,2557.01,1.001472,0.1472,-0.021991,-0.018979,86.2,85.5
2024-08-12,2724.43,2725.31,1.000323,0.0323,0.064892,0.063745,89.52,88.66
2024-08-13,2703.67,2703.01,0.999755,-0.0245,-0.007649,-0.008217,89.03,88.14
2024-08-14,2662.91,2665.68,1.001037,0.1037,-0.015189,-0.013908,84.37,83.59
2024-08-15,2570.09,2571.33,1.000483,0.0483,-0.035481,-0.036035,84.86,84.12
2024-08-16,2593.19,2592.44,0.999711,-0.0289,0.008947,0.008176,85.08,84.32
2024-08-17,2614.55,2611.44,0.998813,-0.1187,0.008203,0.007304,85.0,84.25
2024-08-18,2613.36,2621.04,1.002939,0.2939,-0.000455,0.003668,84.28,83.62
2024-08-19,2637.31,2628.58,0.996692,-0.3308,0.009122,0.002874,84.41,83.59
2024-08-20,2573.11,2584.79,1.004541,0.4541,-0.024644,-0.0168,84.4,83.49
2024-08-21,2631.4,2629.52,0.999287,-0.0713,0.0224,0.017156,84.93,83.8
2024-08-22,2622.95,2622.92,0.999987,-0.0013,-0.003214,-0.002514,84.63,83.47
2024-08-23,2764.45,2763.93,0.999814,-0.0186,0.05254,0.052368,86.42,85.25
2024-08-24,2769.39,2770.49,1.000399,0.0399,0.001786,0.002371,85.01,83.75
2024-08-25,2749.16,2747.89,0.999537,-0.0463,-0.007332,-0.008194,84.01,82.64
2024-08-26,2681.34,2681.52,1.000065,0.0065,-0.024978,-0.02445,84.27,82.89
2024-08-27,2458.73,2458.49,0.999903,-0.0097,-0.086673,-0.086836,88.62,87.33
2024-08-28,2528.42,2529.87,1.000575,0.0575,0.027949,0.028621,89.18,87.91
2024-08-29,2528.79,2527.11,0.999336,-0.0664,0.000149,-0.001089,89.23,87.93
2024-08-30,2525.82,2525.12,0.999721,-0.0279,-0.001175,-0.000791,89.24,87.95
2024-08-31,2513.39,2512.82,0.999771,-0.0229,-0.004933,-0.004883,89.25,87.96
2024-09-01,2427.9,2426.72,0.999513,-0.0487,-0.034606,-0.034864,87.01,85.62
2024-09-02,2538.19,2537.61,0.999773,-0.0227,0.044422,0.044682,88.45,87.12
2024-09-03,2420.6,2422.9,1.000947,0.0947,-0.047433,-0.046259,85.89,84.21
2024-09-04,2448.98,2447.94,0.999578,-0.0422,0.011653,0.010285,77.69,76.81
2024-09-05,2367.74,2367.52,0.999907,-0.0093,-0.033736,-0.033406,78.34,77.58
2024-09-06,2223.88,2220.78,0.998606,-0.1394,-0.062683,-0.063985,79.38,78.82
2024-09-07,2274.11,2270.2,0.998284,-0.1716,0.022336,0.022013,62.04,61.14
2024-09-08,2297.29,2294.93,0.998972,-0.1028,0.010144,0.010833,61.54,60.68
2024-09-09,2358.48,2358.85,1.000157,0.0157,0.026287,0.027473,62.39,61.65
2024-09-10,2389.58,2382.65,0.997099,-0.2901,0.0131,0.010037,62.27,61.56
2024-09-11,2339.84,2341.53,1.00072,0.072,-0.021035,-0.01741,57.66,56.92
2024-09-12,2361.78,2360.17,0.999318,-0.0682,0.009333,0.007932,57.87,57.09
2024-09-13,2441.61,2442.92,1.000538,0.0538,0.03324,0.03446,59.2,58.56
2024-09-14,2418.6,2417.15,0.999402,-0.0598,-0.009469,-0.010605,58.08,57.41
2024-09-15,2320.9,2319.17,0.999258,-0.0742,-0.041233,-0.041378,59.51,58.88
2024-09-16,2295.28,2291.13,0.99819,-0.181,-0.011097,-0.012167,59.4,58.81
2024-09-17,2341.71,2336.42,0.997744,-0.2256,0.020024,0.019577,60.0,59.35
2024-09-18,2369.73,2360.91,0.99628,-0.372,0.011895,0.010427,60.08,59.51
2024-09-19,2464.75,2464.1,0.999734,-0.0266,0.039316,0.042776,61.38,61.44
2024-09-20,2561.07,2556.1,0.998058,-0.1942,0.038335,0.036657,62.4,62.56
2024-09-21,2615.86,2617.14,1.000492,0.0492,0.021166,0.023602,62.87,63.14
2024-09-22,2582.86,2580.93,0.999253,-0.0747,-0.012694,-0.013932,60.05,60.38
2024-09-23,2648.55,2648.27,0.999896,-0.0104,0.025113,0.025755,60.79,61.15
2024-09-24,2654.35,2656.96,1.000981,0.0981,0.002191,0.003275,60.77,61.13
2024-09-25,2579.39,2577.82,0.99939,-0.061,-0.028649,-0.03024,60.96,61.44
2024-09-26,2632.2,2632.22,1.000006,0.0006,0.020268,0.020884,53.0,53.55
2024-09-27,2695.9,2695.8,0.999964,-0.0036,0.023912,0.02387,52.78,53.28
2024-09-28,2677.54,2672.63,0.998167,-0.1833,-0.006834,-0.008633,52.87,53.4
2024-09-29,2659.35,2656.69,0.998999,-0.1001,-0.006818,-0.005984,52.94,53.46
2024-09-30,2603.06,2602.73,0.999871,-0.0129,-0.021392,-0.020519,53.51,53.98
2024-10-01,2448.92,2449.16,1.000099,0.0099,-0.061041,-0.060814,56.45,56.84
2024-10-02,2365.23,2366.61,1.000582,0.0582,-0.034772,-0.034288,55.41,55.75
2024-10-03,2349.79,2348.48,0.999443,-0.0557,-0.006549,-0.007688,53.0,53.5
2024-10-04,2414.79,2414.41,0.999841,-0.0159,0.027287,0.027686,53.75,54.3
2024-10-05,2415.63,2414.23,0.999421,-0.0579,0.000347,-7.4e-05,52.39,52.99
2024-10-06,2439.96,2437.52,0.999,-0.1,0.01002,0.009599,47.21,47.64
2024-10-07,2421.8,2424.61,1.001163,0.1163,-0.007471,-0.005308,46.82,47.22
2024-10-08,2439.84,2443.5,1.001499,0.1499,0.007423,0.007758,46.77,47.16
2024-10-09,2368.28,2366.69,0.999329,-0.0671,-0.029767,-0.031937,47.19,47.69
2024-10-10,2383.86,2378.94,0.997938,-0.2062,0.006555,0.005162,47.02,47.59
2024-10-11,2436.51,2435.91,0.999752,-0.0248,0.021848,0.023664,47.0,47.86
2024-10-12,2476.52,2476.46,0.999974,-0.0026,0.016288,0.01651,47.21,48.1
2024-10-13,2467.68,2465.36,0.999063,-0.0937,-0.003578,-0.00449,45.82,46.65
2024-10-14,2628.9,2628.4,0.999811,-0.0189,0.063288,0.064036,50.64,51.47
2024-10-15,2606.02,2602.86,0.998788,-0.1212,-0.008741,-0.009764,48.3,49.19
2024-10-16,2611.1,2610.06,0.9996,-0.04,0.001947,0.00276,48.0,48.85
2024-10-17,2604.27,2601.4,0.998898,-0.1102,-0.002619,-0.003321,47.72,48.6
2024-10-18,2641.55,2640.74,0.999693,-0.0307,0.014213,0.015009,47.77,48.71
2024-10-19,2648.66,2649.08,1.000158,0.0158,0.002686,0.003151,46.01,46.63
2024-10-20,2746.36,2743.87,0.999092,-0.0908,0.036225,0.035159,45.8,46.49
2024-10-21,2665.71,2666.29,1.000215,0.0215,-0.029807,-0.028683,46.61,47.06
2024-10-22,2620.2,2618.42,0.999323,-0.0677,-0.017222,-0.018114,46.8,47.25
2024-10-23,2509.1,2508.86,0.999906,-0.0094,-0.043326,-0.042744,48.33,48.65
2024-10-24,2534.5,2532.32,0.99914,-0.086,0.010072,0.009306,48.49,48.78
2024-10-25,2435.93,2428.26,0.99685,-0.315,-0.039666,-0.04196,49.41,49.81
2024-10-26,2479.6,2479.62,1.000007,0.0007,0.017768,0.020931,49.27,49.81
2024-10-27,2505.94,2507.42,1.00059,0.059,0.010566,0.011148,48.6,49.17
2024-10-28,2565.35,2565.08,0.999894,-0.0106,0.02343,0.022733,49.4,49.88
2024-10-29,2637.96,2634.83,0.998815,-0.1185,0.027911,0.026832,50.4,50.81
2024-10-30,2657.37,2656.14,0.999534,-0.0466,0.007333,0.008052,49.88,50.35
2024-10-31,2515.8,2514.96,0.999664,-0.0336,-0.054747,-0.054617,48.93,49.43
2024-11-01,2511.89,2512.1,1.000084,0.0084,-0.001557,-0.001137,47.23,47.79
2024-11-02,2491.07,2489.24,0.999266,-0.0734,-0.008322,-0.00914,47.27,47.83
2024-11-03,2456.43,2455.12,0.999471,-0.0529,-0.014005,-0.0138,46.68,47.2
2024-11-04,2397.03,2395.39,0.999318,-0.0682,-0.024478,-0.024631,47.49,48.02
2024-11-05,2422.65,2423.9,1.000516,0.0516,0.010633,0.011832,47.51,48.08
2024-11-06,2724.17,2721.42,0.998989,-0.1011,0.117301,0.115774,62.64,62.76
2024-11-07,2895.59,2895.17,0.999856,-0.0144,0.061024,0.061891,65.73,65.95
2024-11-08,2962.3,2959.97,0.999214,-0.0786,0.022778,0.022135,64.71,64.75
2024-11-09,3131.14,3131.31,1.000053,0.0053,0.055434,0.056273,66.83,66.94
2024-11-10,3191.33,3189.3,0.999363,-0.0637,0.01904,0.018349,66.77,66.82
2024-11-11,3374.81,3374.68,0.99996,-0.004,0.055902,0.056499,68.72,68.82
2024-11-12,3246.26,3249.97,1.001143,0.1143,-0.038837,-0.037655,70.69,70.66
2024-11-13,3192.6,3187.38,0.998366,-0.1634,-0.016668,-0.019447,68.45,68.48
2024-11-14,3058.95,3052.01,0.997732,-0.2268,-0.042763,-0.043398,70.4,70.45
2024-11-15,3103.04,3096.16,0.997781,-0.2219,0.014311,0.01436,70.46,70.52
2024-11-16,3133.27,3131.72,0.999505,-0.0495,0.009696,0.011422,70.4,70.47
2024-11-17,3075.66,3075.17,0.999839,-0.0161,-0.018558,-0.018224,70.86,70.9
2024-11-18,3207.86,3205.97,0.999413,-0.0587,0.042083,0.041657,72.01,72.03
2024-11-19,3111.38,3110.56,0.999736,-0.0264,-0.030535,-0.030212,72.3,72.35
2024-11-20,3072.19,3069.8,0.999222,-0.0778,-0.012678,-0.013192,71.53,71.66
2024-11-21,3361.05,3360.17,0.999737,-0.0263,0.089865,0.09038,76.94,77.1
2024-11-22,3331.6,3327.94,0.998902,-0.1098,-0.008802,-0.009638,74.94,75.18
2024-11-23,3396.22,3396.68,1.000135,0.0135,0.019211,0.020444,75.02,75.28
2024-11-24,3363.66,3360.26,0.998989,-0.1011,-0.009634,-0.01078,73.24,73.34
2024-11-25,3413.54,3418.66,1.0015,0.15,0.014721,0.017232,73.21,73.29
2024-11-26,3326.52,3325.9,0.999816,-0.0184,-0.025825,-0.027509,74.31,74.49
2024-11-27,3657.25,3660.12,1.000785,0.0785,0.094785,0.095754,79.95,80.26
2024-11-28,3579.81,3580.14,1.000092,0.0092,-0.021401,-0.022093,80.55,80.93
2024-11-29,3593.49,3592.69,0.999776,-0.0224,0.003815,0.003499,80.57,80.96
2024-11-30,3705.71,3708.57,1.000773,0.0773,0.030749,0.031746,77.37,77.82
2024-12-01,3711.17,3710.36,0.999784,-0.0216,0.001472,0.000483,77.31,77.78
2024-12-02,3644.2,3637.07,0.998045,-0.1955,-0.018209,-0.01995,77.73,78.26
2024-12-03,3620.71,3623.76,1.000841,0.0841,-0.006466,-0.003668,77.45,77.91
2024-12-04,3841.33,3837.7,0.999053,-0.0947,0.059148,0.05736,77.86,78.17
2024-12-05,3811.01,3810.38,0.999836,-0.0164,-0.007925,-0.007142,78.28,78.57
2024-12-06,4005.81,4006.65,1.00021,0.021,0.049852,0.050226,70.32,70.95
2024-12-07,4002.69,4002.0,0.999827,-0.0173,-0.000779,-0.001161,68.27,68.85
2024-12-08,4005.7,4005.91,1.000052,0.0052,0.000752,0.000977,68.22,68.81
2024-12-09,3718.69,3719.81,1.000301,0.0301,-0.074348,-0.074099,72.25,72.71
2024-12-10,3631.83,3630.82,0.99972,-0.028,-0.023634,-0.024215,72.79,73.3
2024-12-11,3832.82,3828.72,0.998929,-0.1071,0.053864,0.053072,72.61,73.0
2024-12-12,3883.1,3881.64,0.999624,-0.0376,0.013033,0.013728,70.98,71.47
2024-12-13,3911.21,3904.51,0.998288,-0.1712,0.007211,0.005875,70.51,70.89
2024-12-14,3868.41,3861.75,0.99828,-0.172,-0.011003,-0.011011,68.54,68.87
2024-12-15,3951.94,3955.46,1.00089,0.089,0.021365,0.023975,68.67,69.07
2024-12-16,3987.48,3982.92,0.998856,-0.1144,0.008953,0.006919,68.67,69.06
2024-12-17,3886.77,3878.92,0.997982,-0.2018,-0.025582,-0.026457,69.05,69.51
2024-12-18,3618.79,3620.03,1.000342,0.0342,-0.071437,-0.069076,73.19,73.34
2024-12-19,3417.93,3419.62,1.000496,0.0496,-0.057106,-0.056951,75.32,75.47
2024-12-20,3472.55,3466.17,0.998162,-0.1838,0.015856,0.013521,75.23,75.32
2024-12-21,3337.22,3333.27,0.998815,-0.1185,-0.039751,-0.039097,70.03,69.99
2024-12-22,3277.54,3271.85,0.998264,-0.1736,-0.018047,-0.018599,70.25,70.21
2024-12-23,3415.79,3409.9,0.998276,-0.1724,0.041316,0.041328,71.44,71.37
2024-12-24,3492.05,3490.39,0.999524,-0.0476,0.022081,0.023331,71.75,71.7
2024-12-25,3493.24,3492.96,0.999921,-0.0079,0.000339,0.000736,71.58,71.47
2024-12-26,3331.23,3326.85,0.998687,-0.1313,-0.047488,-0.048724,72.98,72.89
2024-12-27,3328.92,3326.52,0.999281,-0.0719,-0.000693,-9.8e-05,64.49,64.19
2024-12-28,3397.9,3397.04,0.999746,-0.0254,0.020511,0.020976,64.65,64.36
2024-12-29,3349.51,3353.07,1.001063,0.1063,-0.014343,-0.013027,64.76,64.44
2024-12-30,3356.39,3355.43,0.999714,-0.0286,0.002052,0.000703,63.68,63.28
2024-12-31,3332.53,3333.16,1.000187,0.0187,-0.007134,-0.006661,63.67,63.27
2025-01-01,3353.5,3351.81,0.999495,-0.0505,0.006274,0.005581,63.54,63.07
2025-01-02,3451.39,3445.52,0.998299,-0.1701,0.028772,0.027575,64.46,63.94
2025-01-03,3605.01,3602.48,0.999299,-0.0701,0.043547,0.044548,62.82,62.6
2025-01-04,3657.71,3656.95,0.999794,-0.0206,0.014512,0.015007,63.04,62.85
2025-01-05,3634.1,3634.29,1.000052,0.0052,-0.006474,-0.006216,60.29,60.04
2025-01-06,3688.61,3684.19,0.998801,-0.1199,0.014888,0.013635,60.61,60.32
2025-01-07,3381.58,3376.74,0.998569,-0.1431,-0.086908,-0.08714,67.32,67.09
2025-01-08,3326.33,3323.94,0.999283,-0.0717,-0.016473,-0.015759,62.76,62.53
2025-01-09,3219.43,3216.93,0.999223,-0.0777,-0.032665,-0.032724,63.2,62.95
2025-01-10,3267.49,3267.85,1.00011,0.011,0.014818,0.015705,60.09,59.96
2025-01-11,3282.22,3279.61,0.999206,-0.0794,0.004497,0.003592,59.83,59.66
2025-01-12,3265.95,3264.96,0.999697,-0.0303,-0.004968,-0.004477,59.66,59.52
2025-01-13,3135.5,3133.36,0.999316,-0.0684,-0.040762,-0.041143,60.86,60.76
2025-01-14,3223.68,3221.76,0.999405,-0.0595,0.027736,0.027825,61.27,61.02
2025-01-15,3450.54,3446.86,0.998934,-0.1066,0.068005,0.067534,66.43,66.18
2025-01-16,3308.35,3300.98,0.997774,-0.2226,-0.042082,-0.043244,67.32,67.13
2025-01-17,3474.11,3474.12,1.000003,0.0003,0.048889,0.051121,65.52,65.85
2025-01-18,3305.79,3303.01,0.99916,-0.084,-0.049662,-0.050506,64.77,65.2
2025-01-19,3208.96,3207.25,0.999465,-0.0535,-0.029727,-0.029421,65.21,65.71
2025-01-20,3278.04,3269.32,0.997341,-0.2659,0.021296,0.019168,64.31,64.77
2025-01-21,3327.41,3316.99,0.99687,-0.313,0.014949,0.014477,64.21,64.64
2025-01-22,3240.22,3236.26,0.998775,-0.1225,-0.02655,-0.024641,63.14,63.48
2025-01-23,3334.71,3333.45,0.999622,-0.0378,0.028744,0.029592,63.5,63.82
2025-01-24,3309.55,3304.29,0.998409,-0.1591,-0.007573,-0.008787,63.53,63.87
2025-01-25,3317.27,3311.8,0.99835,-0.165,0.002328,0.002269,61.36,61.59
2025-01-26,3236.13,3232.59,0.998904,-0.1096,-0.024763,-0.024207,61.96,62.16
2025-01-27,3178.92,3169.81,0.997135,-0.2865,-0.017838,-0.019611,61.73,61.97
2025-01-28,3077.11,3072.76,0.998584,-0.1416,-0.03255,-0.031097,62.5,62.68
2025-01-29,3113.0,3110.54,0.99921,-0.079,0.011595,0.012221,62.68,62.89
2025-01-30,3247.78,3245.32,0.999241,-0.0759,0.042385,0.042417,64.57,64.79
2025-01-31,3298.27,3293.48,0.998549,-0.1451,0.015425,0.014732,64.78,64.98
2025-02-01,3118.33,3114.4,0.998739,-0.1261,-0.056099,-0.055909,66.68,66.92
2025-02-02,2868.69,2848.86,0.993086,-0.6914,-0.083441,-0.089118,70.06,71.0
2025-02-03,2884.57,2871.39,0.995431,-0.4569,0.005518,0.007877,69.77,70.75
2025-02-04,2735.05,2725.47,0.996497,-0.3503,-0.053224,-0.052154,71.53,72.39
2025-02-05,2787.78,2783.54,0.998481,-0.1519,0.019095,0.021084,71.73,72.74
2025-02-06,2688.4,2681.82,0.997554,-0.2446,-0.036299,-0.037227,66.84,67.95
2025-02-07,2622.21,2618.87,0.998728,-0.1272,-0.024929,-0.023753,67.05,68.12
2025-02-08,2632.31,2631.14,0.999555,-0.0445,0.003843,0.004671,66.56,67.66
2025-02-09,2628.72,2628.79,1.000027,0.0027,-0.001364,-0.000892,66.14,67.21
2025-02-10,2661.17,2657.65,0.998677,-0.1323,0.012267,0.010917,66.37,67.41
2025-02-11,2602.78,2600.19,0.999006,-0.0994,-0.022184,-0.021855,66.58,67.6
2025-02-12,2736.9,2737.08,1.000066,0.0066,0.050246,0.051306,68.41,69.49
2025-02-13,2675.9,2673.83,0.999226,-0.0774,-0.02254,-0.02338,67.67,68.78
2025-02-14,2726.09,2722.61,0.998725,-0.1275,0.018582,0.01808,62.87,64.11
2025-02-15,2693.56,2692.26,0.999516,-0.0484,-0.012005,-0.011213,61.67,62.85
2025-02-16,2663.32,2661.47,0.999309,-0.0691,-0.011292,-0.011499,58.31,59.28
2025-02-17,2743.2,2741.67,0.999444,-0.0556,0.029553,0.029689,57.88,58.79
2025-02-18,2669.34,2666.79,0.999044,-0.0956,-0.027294,-0.027695,57.76,58.71
2025-02-19,2715.77,2716.36,1.000218,0.0218,0.017245,0.01842,57.53,58.67
2025-02-20,2740.39,2739.57,0.999701,-0.0299,0.009023,0.008507,57.29,58.44
2025-02-21,2659.66,2653.44,0.997662,-0.2338,-0.029902,-0.031944,57.45,58.78
2025-02-22,2764.03,2757.73,0.99772,-0.228,0.038493,0.038551,58.3,59.56
2025-02-23,2821.31,2816.88,0.998429,-0.1571,0.020512,0.021222,59.04,60.32
2025-02-24,2513.82,2508.53,0.997894,-0.2106,-0.115397,-0.115933,70.32,71.5
2025-02-25,2493.59,2498.61,1.002011,0.2011,-0.00808,-0.003962,70.1,71.31
2025-02-26,2331.45,2327.31,0.998225,-0.1775,-0.067233,-0.071019,72.97,74.5
2025-02-27,2305.48,2302.25,0.998597,-0.1403,-0.011201,-0.010828,72.53,74.12
2025-02-28,2237.91,2232.11,0.99741,-0.259,-0.029751,-0.03094,72.44,74.05
2025-03-01,2216.64,2210.44,0.9972,-0.28,-0.009546,-0.009757,69.84,71.5
2025-03-02,2519.69,2515.02,0.998144,-0.1856,0.128144,0.12909,84.99,86.58
2025-03-03,2145.57,2146.78,1.00056,0.056,-0.160731,-0.158313,98.97,99.9
2025-03-04,2170.02,2173.55,1.001628,0.1628,0.011327,0.012394,95.89,96.3
2025-03-05,2241.98,2241.78,0.99991,-0.009,0.032624,0.030907,96.88,97.14
2025-03-06,2202.48,2205.93,1.001568,0.1568,-0.017776,-0.016119,95.6,95.9
2025-03-07,2138.99,2137.62,0.999359,-0.0641,-0.02925,-0.031458,95.41,95.71
2025-03-08,2201.51,2200.38,0.999487,-0.0513,0.028811,0.028939,95.75,96.02
2025-03-09,2015.51,2015.91,1.0002,0.02,-0.088272,-0.087558,99.74,99.95
2025-03-10,1861.15,1870.11,1.004816,0.4816,-0.079677,-0.075072,102.62,102.45
2025-03-11,1919.84,1916.96,0.998499,-0.1501,0.031049,0.024743,103.65,103.16
2025-03-12,1908.98,1905.02,0.997927,-0.2073,-0.005674,-0.006247,103.34,102.89
2025-03-13,1862.97,1860.69,0.998775,-0.1225,-0.024399,-0.023549,103.37,102.91
2025-03-14,1909.47,1910.0,1.000278,0.0278,0.024653,0.026156,101.83,101.35
2025-03-15,1937.39,1936.83,0.99971,-0.029,0.01452,0.013952,102.17,101.66
2025-03-16,1887.44,1886.03,0.999253,-0.0747,-0.026125,-0.026583,101.74,101.26
2025-03-17,1927.0,1926.3,0.999635,-0.0365,0.020747,0.021129,102.39,101.93
2025-03-18,1932.54,1929.36,0.998351,-0.1649,0.002871,0.001585,102.51,102.02
2025-03-19,2057.75,2056.09,0.999193,-0.0807,0.062776,0.06362,104.78,104.38
2025-03-20,1982.1,1979.6,0.998738,-0.1262,-0.037456,-0.037912,105.06,104.66
2025-03-21,1964.85,1964.15,0.999643,-0.0357,-0.008742,-0.007836,104.6,104.16
2025-03-22,1980.04,1975.32,0.997616,-0.2384,0.007701,0.005671,104.57,104.1
2025-03-23,2005.3,2000.43,0.997574,-0.2426,0.012677,0.012635,104.65,104.13
2025-03-24,2077.48,2072.74,0.997717,-0.2283,0.035362,0.035505,104.47,103.96
2025-03-25,2067.76,2064.77,0.99855,-0.145,-0.004687,-0.003852,103.93,103.39
2025-03-26,2009.19,2000.95,0.995899,-0.4101,-0.028737,-0.031395,97.08,96.5
2025-03-27,2002.36,2000.28,0.998964,-0.1036,-0.003406,-0.000333,97.09,96.53
2025-03-28,1895.5,1895.61,1.000056,0.0056,-0.054841,-0.053749,96.22,95.27
2025-03-29,1827.32,1825.38,0.998938,-0.1062,-0.036634,-0.037752,96.77,95.88
2025-03-30,1806.22,1803.59,0.998543,-0.1457,-0.011615,-0.01201,96.45,95.53
2025-03-31,1823.48,1824.07,1.000326,0.0326,0.009511,0.011295,96.62,95.74
2025-04-01,1905.49,1904.23,0.999337,-0.0663,0.043993,0.043005,85.7,84.44
2025-04-02,1795.31,1796.47,1.000646,0.0646,-0.05956,-0.058252,68.81,67.79
2025-04-03,1815.64,1812.05,0.998023,-0.1977,0.011257,0.008632,68.8,67.67
2025-04-04,1815.34,1812.74,0.998568,-0.1432,-0.000166,0.00038,67.43,66.4
2025-04-05,1805.97,1803.59,0.998683,-0.1317,-0.00517,-0.005055,67.32,66.32
2025-04-06,1576.73,1569.91,0.995674,-0.4326,-0.135748,-0.138765,80.74,80.42
2025-04-07,1555.24,1556.98,1.001119,0.1119,-0.013721,-0.008268,79.51,79.18
2025-04-08,1472.55,1470.47,0.998588,-0.1412,-0.054633,-0.057164,76.22,76.15
2025-04-09,1668.04,1662.42,0.99663,-0.337,0.124652,0.122689,85.61,85.7
2025-04-10,1522.52,1522.01,0.999663,-0.0337,-0.091283,-0.088245,89.9,89.9
2025-04-11,1567.15,1565.58,0.999001,-0.0999,0.028892,0.028231,90.8,90.77
2025-04-12,1643.53,1643.86,1.000201,0.0201,0.047587,0.048787,92.48,92.55
2025-04-13,1596.69,1595.58,0.999309,-0.0691,-0.028915,-0.029807,92.26,92.31
2025-04-14,1622.77,1623.91,1.000704,0.0704,0.016204,0.017599,92.31,92.41
2025-04-15,1588.63,1590.44,1.001136,0.1136,-0.021261,-0.02083,92.19,92.27
2025-04-16,1578.11,1576.08,0.998714,-0.1286,-0.006649,-0.009071,91.7,91.77
2025-04-17,1582.55,1581.05,0.999055,-0.0945,0.002811,0.003153,91.7,91.79
2025-04-18,1588.92,1587.81,0.9993,-0.07,0.004021,0.004266,88.32,88.34
2025-04-19,1612.92,1615.18,1.001402,0.1402,0.01499,0.017092,88.06,88.13
2025-04-20,1587.51,1584.56,0.998138,-0.1862,-0.015879,-0.019144,88.12,88.23
2025-04-21,1579.73,1577.41,0.998528,-0.1472,-0.004913,-0.004522,87.96,88.12
2025-04-22,1757.33,1756.03,0.999262,-0.0738,0.10654,0.107275,96.37,96.61
2025-04-23,1796.1,1798.91,1.001565,0.1565,0.021823,0.024125,95.78,96.1
2025-04-24,1769.83,1766.57,0.998155,-0.1845,-0.014736,-0.018145,95.84,96.22
2025-04-25,1786.63,1785.71,0.999483,-0.0517,0.009449,0.010778,95.58,95.9
2025-04-26,1821.88,1820.15,0.999051,-0.0949,0.019536,0.019104,95.93,96.22
2025-04-27,1792.86,1791.99,0.99951,-0.049,-0.016055,-0.015595,94.24,94.6
2025-04-28,1798.85,1798.05,0.999556,-0.0444,0.003334,0.003379,93.41,93.72
2025-04-29,1799.18,1793.55,0.996871,-0.3129,0.00018,-0.002509,93.33,93.64
2025-04-30,1793.78,1792.5,0.999288,-0.0712,-0.003006,-0.000585,93.27,93.54
2025-05-01,1839.22,1838.02,0.999349,-0.0651,0.02502,0.025082,92.36,92.7
2025-05-02,1842.71,1840.49,0.998797,-0.1203,0.001894,0.00134,89.92,90.38
2025-05-03,1833.84,1833.36,0.999736,-0.0264,-0.004824,-0.003884,89.86,90.35
2025-05-04,1808.59,1807.31,0.999292,-0.0708,-0.013862,-0.014306,90.0,90.5
2025-05-05,1819.7,1818.18,0.999167,-0.0833,0.00612,0.005995,90.01,90.5
2025-05-06,1815.09,1815.16,1.000041,0.0041,-0.002537,-0.001663,75.5,75.36
2025-05-07,1811.61,1815.11,1.001932,0.1932,-0.00192,-3e-05,75.24,75.24
2025-05-08,2206.51,2204.31,0.998999,-0.1001,0.1972,0.194268,97.94,97.01
2025-05-09,2345.51,2343.03,0.998942,-0.1058,0.061088,0.061031,91.13,90.43
2025-05-10,2582.42,2585.21,1.00108,0.108,0.096226,0.098364,87.96,87.93
2025-05-11,2510.24,2506.3,0.998432,-0.1568,-0.02835,-0.031,89.3,89.45
2025-05-12,2496.4,2490.21,0.997523,-0.2477,-0.005529,-0.006439,88.83,88.95
2025-05-13,2680.13,2680.33,1.000075,0.0075,0.071016,0.073571,89.6,89.87
2025-05-14,2610.06,2607.8,0.999133,-0.0867,-0.026491,-0.027433,90.89,91.21
2025-05-15,2546.86,2538.44,0.996694,-0.3306,-0.024514,-0.026959,91.07,91.55
2025-05-16,2536.3,2542.06,1.002274,0.2274,-0.004155,0.001428,90.99,91.26
2025-05-17,2475.75,2472.54,0.998703,-0.1297,-0.02416,-0.027729,91.96,92.44
2025-05-18,2498.23,2489.89,0.996661,-0.3339,0.009039,0.006992,91.9,92.4
2025-05-19,2529.17,2526.51,0.99895,-0.105,0.012306,0.014601,91.91,92.4
2025-05-20,2524.17,2518.09,0.997591,-0.2409,-0.001976,-0.003338,91.44,91.83
2025-05-21,2552.35,2551.17,0.999538,-0.0462,0.0111,0.01305,91.17,91.55
2025-05-22,2664.16,2657.7,0.997575,-0.2425,0.042874,0.040909,85.75,85.98
2025-05-23,2526.44,2517.81,0.996583,-0.3417,-0.053076,-0.054071,88.8,89.07
2025-05-24,2530.65,2527.82,0.998884,-0.1116,0.001663,0.003969,88.38,88.49
2025-05-25,2551.76,2549.34,0.999051,-0.0949,0.00831,0.008477,88.38,88.5
2025-05-26,2564.14,2558.3,0.997725,-0.2275,0.004838,0.00351,88.37,88.5
2025-05-27,2663.07,2662.62,0.999831,-0.0169,0.037857,0.039966,88.26,88.5
2025-05-28,2682.21,2675.78,0.997602,-0.2398,0.007163,0.00493,88.22,88.48
2025-05-29,2632.65,2628.46,0.998407,-0.1593,-0.018649,-0.017842,88.82,88.98
2025-05-30,2529.94,2526.23,0.998532,-0.1468,-0.039796,-0.039671,90.55,90.74
2025-05-31,2529.09,2528.21,0.999651,-0.0349,-0.000338,0.000782,90.5,90.68
2025-06-01,2536.27,2533.27,0.998817,-0.1183,0.002835,0.002,90.49,90.67
2025-06-02,2607.1,2607.92,1.000317,0.0317,0.027544,0.029045,90.5,90.74
2025-06-03,2593.28,2590.12,0.998783,-0.1217,-0.005314,-0.006848,90.24,90.5
2025-06-04,2608.64,2608.59,0.999979,-0.0021,0.005907,0.007103,90.24,90.49
2025-06-05,2416.29,2418.3,1.000834,0.0834,-0.076599,-0.075744,95.3,95.46
2025-06-06,2477.19,2477.13,0.999973,-0.0027,0.024895,0.024035,95.35,95.52
2025-06-07,2526.51,2521.42,0.997987,-0.2013,0.01971,0.017722,67.68,68.88
2025-06-08,2510.79,2508.54,0.999105,-0.0895,-0.006241,-0.00512,64.6,65.84
2025-06-09,2681.52,2678.25,0.998781,-0.1219,0.065786,0.065462,59.72,60.59
2025-06-10,2813.52,2807.72,0.997939,-0.2061,0.048053,0.047209,60.88,61.49
2025-06-11,2773.53,2775.15,1.000584,0.0584,-0.014315,-0.011668,61.13,61.63
2025-06-12,2651.8,2650.5,0.99951,-0.049,-0.044884,-0.045958,58.32,58.58
2025-06-13,2579.49,2577.37,0.99918,-0.082,-0.027647,-0.027977,58.39,58.61
2025-06-14,2533.44,2528.37,0.997999,-0.2001,-0.018011,-0.019193,58.1,58.23
2025-06-15,2546.84,2547.05,1.000085,0.0085,0.005273,0.00736,58.11,58.29
2025-06-16,2540.6,2547.37,1.002663,0.2663,-0.00245,0.000125,57.46,57.42
2025-06-17,2510.76,2510.62,0.999943,-0.0057,-0.011816,-0.014533,57.54,57.62
2025-06-18,2524.3,2531.95,1.003029,0.3029,0.005378,0.00846,57.41,57.47
2025-06-19,2521.65,2531.07,1.003733,0.3733,-0.00105,-0.000348,57.41,57.46
2025-06-20,2407.3,2405.78,0.999368,-0.0632,-0.046407,-0.050766,59.47,59.92
2025-06-21,2300.5,2284.4,0.993003,-0.6997,-0.045383,-0.051772,59.06,60.29
2025-06-22,2228.21,2227.04,0.999474,-0.0526,-0.031925,-0.025429,57.33,58.15
2025-06-23,2421.82,2415.7,0.997472,-0.2528,0.083321,0.081316,64.95,65.32
2025-06-24,2448.01,2445.1,0.998813,-0.1187,0.010754,0.012097,65.0,65.4
2025-06-25,2419.31,2417.14,0.999103,-0.0897,-0.011792,-0.011503,65.06,65.47
2025-06-26,2416.15,2426.76,1.004392,0.4392,-0.001308,0.003971,63.45,63.75
2025-06-27,2423.87,2420.67,0.998681,-0.1319,0.00319,-0.002512,63.39,63.69
2025-06-28,2437.11,2435.59,0.999375,-0.0625,0.005448,0.006143,63.21,63.55
2025-06-29,2500.96,2504.07,1.001244,0.1244,0.025862,0.02773,62.49,62.94
2025-06-30,2486.46,2485.66,0.999676,-0.0324,-0.005813,-0.00738,62.52,62.98
2025-07-01,2405.79,2404.55,0.999485,-0.0515,-0.032982,-0.033173,63.52,63.99
2025-07-02,2571.34,2581.28,1.003866,0.3866,0.066546,0.070919,67.13,68.06
2025-07-03,2591.01,2589.61,0.999461,-0.0539,0.007621,0.003224,67.17,68.03
2025-07-04,2508.52,2507.15,0.999455,-0.0545,-0.032354,-0.032361,68.06,68.9
2025-07-05,2517.28,2515.63,0.999346,-0.0654,0.003487,0.003378,62.41,63.46
2025-07-06,2571.24,2571.46,1.000087,0.0087,0.021208,0.02195,62.25,63.37
2025-07-07,2543.01,2541.82,0.999531,-0.0469,-0.011037,-0.011593,62.02,63.23
2025-07-08,2615.51,2614.65,0.999673,-0.0327,0.028108,0.02825,62.73,63.94
2025-07-09,2770.78,2770.98,1.000073,0.0073,0.05767,0.058071,61.73,63.06
2025-07-10,2954.85,2952.7,0.999275,-0.0725,0.064318,0.06352,63.53,64.79
2025-07-11,2957.89,2956.97,0.99969,-0.031,0.001029,0.001443,63.27,64.61
2025-07-12,2942.91,2938.33,0.998443,-0.1557,-0.005075,-0.006324,61.03,62.34
2025-07-13,2973.36,2970.4,0.999006,-0.0994,0.010293,0.010857,60.02,61.34
2025-07-14,3013.35,3011.77,0.999475,-0.0525,0.01336,0.01383,59.52,60.8
2025-07-15,3139.89,3132.52,0.997652,-0.2348,0.041135,0.039309,60.78,61.91
2025-07-16,3371.51,3364.08,0.997797,-0.2203,0.071172,0.071317,64.64,65.79
2025-07-17,3476.78,3470.67,0.99824,-0.176,0.030748,0.031193,64.59,65.64
2025-07-18,3549.02,3538.48,0.99703,-0.297,0.020563,0.01935,64.64,65.7
2025-07-19,3595.27,3581.35,0.996126,-0.3874,0.01295,0.012042,64.49,65.57
2025-07-20,3759.47,3752.29,0.998091,-0.1909,0.044658,0.046629,61.91,62.65
2025-07-21,3763.37,3751.34,0.996803,-0.3197,0.001037,-0.000254,58.23,58.18
2025-07-22,3749.15,3732.64,0.995596,-0.4404,-0.003787,-0.004998,56.08,56.74
2025-07-23,3629.7,3619.97,0.997319,-0.2681,-0.032377,-0.030648,53.41,54.2
2025-07-24,3708.01,3697.72,0.997227,-0.2773,0.021343,0.021251,53.47,54.27
2025-07-25,3727.27,3720.1,0.998077,-0.1923,0.005181,0.006032,52.77,53.58
2025-07-26,3741.4,3738.18,0.999139,-0.0861,0.003784,0.004848,52.6,53.56
2025-07-27,3875.25,3867.65,0.99804,-0.196,0.03515,0.03405,52.91,53.62
2025-07-28,3787.43,3784.24,0.999158,-0.0842,-0.022923,-0.021803,54.5,55.11
2025-07-29,3793.45,3785.25,0.997838,-0.2162,0.001591,0.000269,54.53,55.13
2025-07-30,3808.2,3797.89,0.997292,-0.2708,0.00388,0.003332,54.2,54.73
2025-07-31,3696.71,3693.86,0.99923,-0.077,-0.029714,-0.027773,53.85,54.18
2025-08-01,3488.37,3482.39,0.998288,-0.1712,-0.058009,-0.058952,56.12,56.0
2025-08-02,3392.74,3398.64,1.001737,0.1737,-0.027795,-0.024346,57.66,57.23
2025-08-03,3497.38,3500.98,1.00103,0.103,0.030376,0.029669,56.14,55.65
2025-08-04,3718.99,3709.05,0.997329,-0.2671,0.061437,0.057733,58.73,57.88
2025-08-05,3611.9,3607.17,0.998691,-0.1309,-0.029217,-0.027852,60.45,59.49
2025-08-06,3683.92,3674.53,0.997451,-0.2549,0.019744,0.018501,59.97,58.96
2025-08-07,3914.33,3898.08,0.99585,-0.415,0.060666,0.059059,62.08,60.96
2025-08-08,4009.85,4007.38,0.999384,-0.0616,0.02411,0.027653,60.15,59.04
2025-08-09,4263.6,4259.18,0.998963,-0.1037,0.06136,0.060939,59.83,58.76
2025-08-10,4254.22,4245.06,0.997848,-0.2152,-0.002203,-0.00332,59.92,58.89
2025-08-11,4226.97,4223.89,0.999271,-0.0729,-0.006426,-0.005001,59.97,58.84
2025-08-12,4590.92,4581.65,0.99798,-0.202,0.082597,0.081304,64.81,63.6
2025-08-13,4756.28,4757.77,1.000313,0.0313,0.035383,0.037718,65.22,64.11
2025-08-14,4548.17,4548.44,1.000061,0.0061,-0.044741,-0.044993,67.75,66.81
2025-08-15,4439.99,4425.99,0.996846,-0.3154,-0.024072,-0.027292,65.45,64.7
2025-08-16,4426.18,4416.23,0.997751,-0.2249,-0.003115,-0.002207,65.11,64.31
2025-08-17,4473.27,4474.14,1.000193,0.0193,0.010583,0.013028,64.96,64.21
2025-08-18,4312.5,4307.25,0.998782,-0.1218,-0.036601,-0.038013,66.73,66.14
2025-08-19,4073.46,4062.9,0.997405,-0.2595,-0.057025,-0.058405,68.73,68.16
2025-08-20,4334.5,4324.06,0.997591,-0.2409,0.062113,0.062298,71.78,71.25
2025-08-21,4223.21,4208.24,0.996455,-0.3545,-0.026011,-0.02715,72.52,72.05
2025-08-22,4831.35,4815.05,0.996626,-0.3374,0.13453,0.134702,84.39,84.11
2025-08-23,4776.09,4761.59,0.996964,-0.3036,-0.011503,-0.011164,84.59,84.3
2025-08-24,4779.65,4774.68,0.998961,-0.1039,0.000745,0.002745,84.63,84.32
2025-08-25,4372.99,4370.86,0.999513,-0.0487,-0.08892,-0.088368,91.17,90.82
2025-08-26,4600.43,4592.47,0.99827,-0.173,0.050703,0.049458,91.97,91.6
2025-08-27,4503.39,4499.63,0.999164,-0.0836,-0.021318,-0.020423,91.91,91.55
2025-08-28,4507.18,4495.4,0.997388,-0.2612,0.00084,-0.000939,91.92,91.56
2025-08-29,4360.15,4351.37,0.997985,-0.2015,-0.033164,-0.032566,92.91,92.52
2025-08-30,4374.15,4361.48,0.997104,-0.2896,0.003206,0.002322,92.09,91.79
2025-08-31,4390.02,4378.07,0.997278,-0.2722,0.003621,0.003795,89.2,88.81
2025-09-01,4314.47,4298.48,0.996294,-0.3706,-0.017359,-0.018346,88.75,88.56
2025-09-02,4325.37,4315.27,0.997665,-0.2335,0.002522,0.003898,88.4,88.22
2025-09-03,4450.39,4446.05,0.999026,-0.0974,0.028495,0.029858,86.58,86.72
2025-09-04,4298.74,4300.89,1.000499,0.0499,-0.034669,-0.033195,86.87,87.0
2025-09-05,4306.99,4297.46,0.997788,-0.2212,0.001916,-0.000797,86.74,86.91
2025-09-06,4274.24,4273.08,0.999729,-0.0271,-0.007632,-0.005689,84.48,84.77
2025-09-07,4305.35,4309.98,1.001077,0.1077,0.007251,0.008599,84.16,84.33
2025-09-08,4308.07,4300.71,0.998292,-0.1708,0.000633,-0.002153,81.42,81.65
2025-09-09,4309.04,4304.94,0.999049,-0.0951,0.000225,0.000983,81.41,81.64
2025-09-10,4349.15,4339.09,0.997688,-0.2312,0.009264,0.007902,81.43,81.66
2025-09-11,4461.23,4455.15,0.998637,-0.1363,0.025446,0.026396,76.51,76.96
2025-09-12,4715.25,4699.19,0.996594,-0.3406,0.055376,0.053328,78.01,78.13
2025-09-13,4668.18,4654.84,0.997143,-0.2857,-0.010032,-0.009481,76.44,76.55
2025-09-14,4609.6,4615.09,1.001192,0.1192,-0.012629,-0.008577,76.08,75.96
2025-09-15,4526.82,4520.46,0.998596,-0.1404,-0.018121,-0.020717,76.36,76.35
2025-09-16,4503.56,4501.65,0.999574,-0.0426,-0.005151,-0.004171,76.31,76.23
2025-09-17,4592.73,4587.33,0.998823,-0.1177,0.019606,0.018855,75.41,75.22
2025-09-18,4589.92,4588.44,0.999678,-0.0322,-0.000613,0.000243,72.34,71.99
2025-09-19,4470.92,4464.83,0.998639,-0.1361,-0.026269,-0.027309,69.93,69.62
2025-09-20,4482.27,4477.4,0.998914,-0.1086,0.002535,0.002811,69.25,68.87
2025-09-21,4451.33,4448.9,0.999454,-0.0546,-0.006926,-0.006386,50.1,49.54
2025-09-22,4202.88,4198.49,0.998957,-0.1043,-0.057433,-0.05793,53.56,53.11
2025-09-23,4165.5,4164.13,0.99967,-0.033,-0.008932,-0.008218,53.55,53.07
2025-09-24,4153.47,4149.21,0.998974,-0.1026,-0.002893,-0.00359,44.07,43.61
2025-09-25,3868.33,3862.44,0.998477,-0.1523,-0.07112,-0.071618,46.26,46.1
2025-09-26,4035.89,4029.68,0.998461,-0.1539,0.042402,0.042387,48.83,48.72
2025-09-27,4018.66,4018.97,1.000077,0.0077,-0.004278,-0.002661,48.81,48.71
2025-09-28,4141.48,4138.22,0.999213,-0.0787,0.030104,0.02924,49.01,48.88
2025-09-29,4217.34,4218.11,1.000182,0.0182,0.018153,0.019123,49.47,49.4
2025-09-30,4145.96,4141.19,0.99885,-0.115,-0.017071,-0.018405,49.74,49.73
2025-10-01,4351.11,4339.11,0.997243,-0.2757,0.048298,0.046687,52.38,52.13
2025-10-02,4487.92,4479.77,0.998183,-0.1817,0.030959,0.031901,53.46,53.27
2025-10-03,4514.87,4514.73,0.99997,-0.003,0.005986,0.007775,52.58,52.33
2025-10-04,4489.2,4485.75,0.999232,-0.0768,-0.005703,-0.00644,51.1,50.97
2025-10-05,4515.42,4513.15,0.999497,-0.0503,0.005825,0.00609,51.12,50.99
2025-10-06,4687.77,4687.06,0.999848,-0.0152,0.037458,0.03781,52.5,52.44
2025-10-07,4451.15,4448.98,0.999511,-0.0489,-0.051794,-0.052131,55.84,55.81
2025-10-08,4527.65,4527.65,1.000001,0.0001,0.01704,0.017529,56.12,56.09
2025-10-09,4369.14,4368.12,0.999766,-0.0234,-0.035636,-0.035871,57.61,57.6
2025-10-10,3843.01,3845.24,1.000581,0.0581,-0.128311,-0.127496,72.91,72.77
2025-10-11,3750.61,3746.8,0.998984,-0.1016,-0.024337,-0.025934,72.44,72.31
2025-10-12,4164.43,4156.66,0.998134,-0.1866,0.10466,0.103809,79.38,79.3
2025-10-13,4245.47,4244.81,0.999845,-0.0155,0.019273,0.020986,79.77,79.75
2025-10-14,4125.41,4125.45,1.00001,0.001,-0.028686,-0.028521,80.2,80.23
2025-10-15,3987.46,3983.19,0.998929,-0.1071,-0.034012,-0.035093,80.75,80.77
2025-10-16,3894.75,3887.35,0.998099,-0.1901,-0.023524,-0.024355,81.03,81.07
2025-10-17,3832.56,3829.77,0.999271,-0.0729,-0.016098,-0.014924,80.63,80.68
2025-10-18,3890.35,3886.2,0.998934,-0.1066,0.014965,0.014628,80.95,80.98
2025-10-19,3984.65,3978.46,0.998447,-0.1553,0.023951,0.023463,81.22,81.2
2025-10-20,3980.76,3978.49,0.99943,-0.057,-0.000977,8e-06,81.19,81.17
2025-10-21,3876.76,3881.9,1.001325,0.1325,-0.026472,-0.024578,81.57,81.49
2025-10-22,3808.12,3798.27,0.997414,-0.2586,-0.017865,-0.021779,79.49,79.46
2025-10-23,3856.03,3857.28,1.000325,0.0325,0.012501,0.015416,79.64,79.7
2025-10-24,3934.57,3933.27,0.99967,-0.033,0.020164,0.019509,80.04,80.07
2025-10-25,3953.47,3953.91,1.000112,0.0112,0.004793,0.005235,76.04,76.02
2025-10-26,4157.99,4159.73,1.00042,0.042,0.050438,0.050745,76.65,76.65
2025-10-27,4120.12,4121.07,1.000229,0.0229,-0.009149,-0.009339,76.71,76.73
2025-10-28,3982.26,3982.15,0.999971,-0.0029,-0.034033,-0.034291,76.89,76.97
2025-10-29,3903.35,3899.6,0.999038,-0.0962,-0.020014,-0.020947,76.83,76.9
2025-10-30,3804.38,3803.05,0.999651,-0.0349,-0.025684,-0.025071,77.09,77.1
2025-10-31,3847.08,3847.11,1.000008,0.0008,0.011163,0.01152,75.05,75.21
2025-11-01,3874.19,3871.61,0.999334,-0.0666,0.007022,0.006347,74.1,74.2
2025-11-02,3911.06,3911.78,1.000183,0.0183,0.009473,0.010322,74.17,74.26
2025-11-03,3602.31,3603.64,1.00037,0.037,-0.082234,-0.082047,78.94,79.0
2025-11-04,3292.57,3286.01,0.998007,-0.1993,-0.089905,-0.09227,83.84,84.19
2025-11-05,3425.17,3423.48,0.999507,-0.0493,0.039482,0.040983,83.99,84.42
2025-11-06,3312.26,3306.13,0.99815,-0.185,-0.033521,-0.034879,83.1,83.56
2025-11-07,3435.3,3430.56,0.99862,-0.138,0.036474,0.036945,84.16,84.63
2025-11-08,3400.38,3397.33,0.999105,-0.0895,-0.010219,-0.009733,83.62,84.08
2025-11-09,3582.62,3576.88,0.998398,-0.1602,0.052209,0.051501,74.2,74.84
2025-11-10,3568.46,3566.07,0.99933,-0.067,-0.003961,-0.003027,73.78,74.36
2025-11-11,3415.28,3415.79,1.000149,0.0149,-0.043874,-0.043056,64.44,65.23
2025-11-12,3413.09,3407.43,0.998339,-0.1661,-0.000641,-0.002452,63.81,64.49
2025-11-13,3232.76,3237.76,1.001548,0.1548,-0.054284,-0.051075,65.49,65.89
2025-11-14,3103.79,3099.97,0.99877,-0.123,-0.040713,-0.04349,65.87,66.39
2025-11-15,3166.63,3166.22,0.999871,-0.0129,0.020046,0.021147,66.35,66.9
2025-11-16,3092.85,3089.56,0.998936,-0.1064,-0.023576,-0.024512,66.54,67.13
2025-11-17,3024.54,3020.29,0.998596,-0.1404,-0.022334,-0.022674,66.25,66.87
2025-11-18,3122.98,3118.49,0.998564,-0.1436,0.032029,0.031997,66.8,67.44
2025-11-19,3023.07,3018.48,0.99848,-0.152,-0.032514,-0.032598,67.28,67.91
2025-11-20,2831.78,2829.53,0.999206,-0.0794,-0.065368,-0.064642,69.86,70.44
2025-11-21,2765.7,2758.78,0.9975,-0.25,-0.023611,-0.02532,69.96,70.52
2025-11-22,2767.61,2767.14,0.999831,-0.0169,0.00069,0.003024,69.59,70.08
2025-11-23,2801.68,2798.08,0.998717,-0.1283,0.012235,0.01112,69.2,69.67
2025-11-24,2952.71,2949.8,0.999014,-0.0986,0.052507,0.052805,72.52,73.0
2025-11-25,2957.94,2953.6,0.998533,-0.1467,0.001767,0.001285,69.35,69.81
2025-11-26,3027.81,3026.14,0.999449,-0.0551,0.023348,0.024265,70.4,70.91
2025-11-27,3014.54,3013.04,0.999501,-0.0499,-0.004392,-0.004341,69.9,70.4
2025-11-28,3032.3,3027.8,0.998515,-0.1485,0.005875,0.004888,69.98,70.44
2025-11-29,2991.69,2989.74,0.999348,-0.0652,-0.013486,-0.012652,69.73,70.2
2025-11-30,2992.11,2993.08,1.000323,0.0323,0.000143,0.001118,69.46,69.93
2025-12-01,2800.19,2800.97,1.000278,0.0278,-0.066293,-0.066337,72.07,72.55
2025-12-02,2997.94,2997.64,0.9999,-0.01,0.068238,0.06786,76.9,77.28
2025-12-03,3191.57,3193.97,1.00075,0.075,0.062588,0.063438,76.1,76.6
2025-12-04,3134.32,3133.61,0.999775,-0.0225,-0.018102,-0.019077,69.76,69.95
2025-12-05,3024.43,3023.86,0.999812,-0.0188,-0.035688,-0.03565,69.11,69.19
2025-12-06,3040.21,3039.15,0.999651,-0.0349,0.005202,0.005041,68.35,68.35
2025-12-07,3061.3,3057.13,0.998637,-0.1363,0.006914,0.005899,66.97,66.92
2025-12-08,3125.2,3122.84,0.999245,-0.0755,0.020657,0.021267,67.47,67.45
2025-12-09,3321.11,3320.55,0.999829,-0.0171,0.060803,0.061387,68.41,68.53
2025-12-10,3325.39,3325.92,1.000159,0.0159,0.001286,0.001616,68.42,68.55
2025-12-11,3237.06,3237.96,1.000278,0.0278,-0.026922,-0.026803,67.37,67.56
2025-12-12,3084.17,3084.02,0.999951,-0.0049,-0.048381,-0.048708,69.3,69.51
2025-12-13,3116.7,3115.33,0.999562,-0.0438,0.01049,0.010101,66.96,67.47
2025-12-14,3060.59,3060.94,1.000114,0.0114,-0.018164,-0.017612,65.73,66.02
2025-12-15,2964.18,2961.68,0.999154,-0.0846,-0.032008,-0.032968,66.19,66.49
2025-12-16,2964.18,2962.22,0.99934,-0.066,-1e-06,0.000185,65.75,66.01
2025-12-17,2831.4,2829.02,0.999157,-0.0843,-0.045828,-0.046011,67.18,67.44
2025-12-18,2827.07,2827.68,1.000217,0.0217,-0.001532,-0.000471,66.04,66.31
2025-12-19,2977.97,2976.87,0.999629,-0.0371,0.052002,0.051414,67.89,68.08
2025-12-20,2977.58,2974.15,0.998846,-0.1154,-0.00013,-0.000914,63.73,64.03
2025-12-21,3001.61,3002.1,1.000162,0.0162,0.008038,0.009355,63.1,63.33
2025-12-22,3006.07,3001.93,0.998623,-0.1377,0.001485,-5.5e-05,63.1,63.34
2025-12-23,2963.37,2961.67,0.999424,-0.0576,-0.014306,-0.013504,63.28,63.51
2025-12-24,2945.59,2946.22,1.000213,0.0213,-0.006019,-0.00523,60.62,60.82
2025-12-25,2903.58,2901.17,0.99917,-0.083,-0.014365,-0.015409,60.82,61.05
2025-12-26,2925.75,2924.51,0.999577,-0.0423,0.007605,0.008013,60.29,60.48
2025-12-27,2948.0,2947.92,0.999972,-0.0028,0.007577,0.007973,60.35,60.55
2025-12-28,2948.57,2947.27,0.99956,-0.044,0.000193,-0.000219,60.3,60.52
2025-12-29,2934.54,2933.69,0.999712,-0.0288,-0.00477,-0.004617,60.15,60.39
2025-12-30,2971.42,2969.22,0.999261,-0.0739,0.012489,0.012037,60.32,60.55
2025-12-31,2967.04,2965.78,0.999575,-0.0425,-0.001475,-0.001161,55.43,55.67
2026-01-01,3000.39,2997.65,0.999084,-0.0916,0.01118,0.010689,50.16,50.47
2026-01-02,3124.42,3121.52,0.999071,-0.0929,0.040506,0.040493,47.2,47.38
2026-01-03,3125.92,3124.2,0.99945,-0.055,0.000478,0.000857,46.78,46.92
2026-01-04,3140.71,3137.82,0.99908,-0.092,0.004721,0.004352,45.0,45.15
2026-01-05,3226.13,3227.31,1.000366,0.0366,0.026834,0.028121,45.86,46.1
2026-01-06,3295.95,3295.62,0.9999,-0.01,0.02141,0.020944,46.33,46.55
2026-01-07,3166.84,3163.35,0.998898,-0.1102,-0.039958,-0.040961,48.13,48.42
2026-01-08,3104.38,3106.91,1.000813,0.0813,-0.019921,-0.018005,43.39,43.51
2026-01-09,3083.05,3082.56,0.999842,-0.0158,-0.006896,-0.007867,43.4,43.53
2026-01-10,3082.4,3081.16,0.999599,-0.0401,-0.000211,-0.000455,42.5,42.64
2026-01-11,3118.89,3117.03,0.999406,-0.0594,0.011768,0.011576,39.22,39.33
2026-01-12,3092.33,3090.22,0.999319,-0.0681,-0.008552,-0.008639,39.17,39.29
2026-01-13,3322.1,3320.37,0.99948,-0.052,0.071672,0.071834,45.95,46.11
2026-01-14,3354.72,3356.67,1.000581,0.0581,0.009773,0.010874,44.25,44.34
2026-01-15,3317.1,3315.18,0.999419,-0.0581,-0.011278,-0.012439,44.56,44.7
2026-01-16,3295.48,3295.09,0.999881,-0.0119,-0.006539,-0.006077,41.02,41.14
2026-01-17,3308.86,3306.18,0.99919,-0.081,0.004053,0.003361,40.96,41.09
2026-01-18,3281.16,3281.58,1.000128,0.0128,-0.008409,-0.007471,37.56,37.76
2026-01-19,3186.62,3188.71,1.000656,0.0656,-0.029235,-0.028707,39.22,39.35
2026-01-20,2935.61,2935.56,0.999983,-0.0017,-0.082047,-0.08272,48.93,49.17
2026-01-21,2978.9,2977.2,0.99943,-0.057,0.014641,0.014087,49.22,49.44
2026-01-22,2949.63,2947.42,0.99925,-0.075,-0.009874,-0.010054,49.09,49.34
2026-01-23,2953.26,2952.75,0.999828,-0.0172,0.001228,0.001806,49.04,49.31
2026-01-24,2948.74,2949.73,1.000336,0.0336,-0.00153,-0.001022,48.77,48.99
2026-01-25,2815.9,2813.2,0.99904,-0.096,-0.046095,-0.047391,51.32,51.67
2026-01-26,2926.46,2927.04,1.000198,0.0198,0.03851,0.039668,53.09,53.53
2026-01-27,3022.21,3023.12,1.000302,0.0302,0.032196,0.0323,54.29,54.72
2026-01-28,3006.61,3006.16,0.99985,-0.015,-0.005176,-0.005629,54.29,54.74
2026-01-29,2818.23,2817.53,0.999749,-0.0251,-0.064702,-0.064803,58.7,59.14
2026-01-30,2702.38,2700.31,0.999237,-0.0763,-0.041979,-0.042491,60.35,60.82
2026-01-31,2445.09,2444.03,0.999567,-0.0433,-0.100048,-0.099718,68.9,69.27
2026-02-01,2267.96,2266.22,0.999232,-0.0768,-0.0752,-0.075535,70.7,71.1
2026-02-02,2344.36,2343.69,0.999717,-0.0283,0.033128,0.033613,72.24,72.67
2026-02-03,2227.56,2226.66,0.999597,-0.0403,-0.051105,-0.051225,73.47,73.9
2026-02-04,2143.5,2145.78,1.001061,0.1061,-0.038464,-0.037,72.71,73.0
2026-02-05,1821.68,1828.8,1.003907,0.3907,-0.162681,-0.159843,88.24,87.94
2026-02-06,2063.39,2059.84,0.998283,-0.1717,0.124588,0.11897,101.21,99.93
2026-02-07,2090.55,2087.92,0.998743,-0.1257,0.013078,0.013539,101.63,100.39
2026-02-08,2088.76,2089.28,1.00025,0.025,-0.000855,0.000652,101.7,100.49
2026-02-09,2103.57,2101.06,0.998808,-0.1192,0.007063,0.005621,101.85,100.61
2026-02-10,2019.5,2017.19,0.998856,-0.1144,-0.040786,-0.040738,101.91,100.67
2026-02-11,1940.62,1938.03,0.998667,-0.1333,-0.03984,-0.04003,102.26,101.03
2026-02-12,1946.94,1945.22,0.999118,-0.0882,0.003251,0.003703,97.6,96.3
2026-02-13,2048.53,2047.48,0.999491,-0.0509,0.050862,0.051235,100.08,98.81
2026-02-14,2086.01,2086.02,1.000006,0.0006,0.018132,0.018647,100.79,99.56
2026-02-15,1966.04,1961.79,0.997835,-0.2165,-0.05923,-0.061404,101.88,100.77
2026-02-16,1997.92,1995.96,0.999018,-0.0982,0.016083,0.017268,102.28,101.25
2026-02-17,1992.19,1990.97,0.999384,-0.0616,-0.002869,-0.002503,102.35,101.32
2026-02-18,1953.97,1951.37,0.998666,-0.1334,-0.019371,-0.020089,102.26,101.23
2026-02-19,1948.2,1945.78,0.998758,-0.1242,-0.002959,-0.002867,99.54,98.44
2026-02-20,1969.02,1966.71,0.998826,-0.1174,0.010631,0.010699,99.41,98.33
2026-02-21,1973.74,1971.98,0.999112,-0.0888,0.002392,0.002678,99.56,98.49
2026-02-22,1957.81,1954.58,0.998354,-0.1646,-0.008104,-0.008863,99.44,98.35
2026-02-23,1855.5,1852.36,0.998306,-0.1694,-0.053669,-0.053717,100.3,99.21
2026-02-24,1852.97,1853.58,1.000327,0.0327,-0.001366,0.000656,99.79,98.68
2026-02-25,2054.63,2051.98,0.998713,-0.1287,0.103305,0.10169,106.42,105.08
2026-02-26,2026.79,2026.02,0.999618,-0.0382,-0.01364,-0.012735,105.23,103.87
2026-02-27,1930.76,1928.79,0.998979,-0.1021,-0.04854,-0.049179,105.89,104.57
2026-02-28,1965.05,1962.51,0.998709,-0.1291,0.017603,0.017332,104.89,103.54
2026-03-01,1939.07,1936.84,0.99885,-0.115,-0.013311,-0.013169,104.34,102.96
2026-03-02,2027.27,2031.74,1.002204,0.2204,0.044483,0.047834,100.95,99.79
2026-03-03,1982.77,1983.06,1.000146,0.0146,-0.022195,-0.024251,98.04,96.86
2026-03-04,2126.51,2125.16,0.999369,-0.0631,0.069986,0.069209,100.63,99.38
2026-03-05,2071.61,2072.26,1.000318,0.0318,-0.026156,-0.025207,99.51,98.21
2026-03-06,1978.75,1981.22,1.001249,0.1249,-0.045858,-0.044928,99.88,98.6
2026-03-07,1969.46,1968.78,0.999659,-0.0341,-0.004709,-0.006297,81.54,80.72
2026-03-08,1936.6,1939.98,1.001745,0.1745,-0.016821,-0.014737,68.84,69.06
2026-03-09,1992.94,1993.73,1.000395,0.0395,0.028674,0.027325,69.49,69.61
2026-03-10,2037.12,2035.55,0.99923,-0.077,0.021927,0.020762,69.97,70.04
2026-03-11,2051.57,2052.55,1.000478,0.0478,0.00707,0.008318,69.97,70.08
2026-03-12,2073.14,2075.91,1.00134,0.134,0.010456,0.011317,68.56,68.68
2026-03-13,2092.56,2087.52,0.997588,-0.2412,0.009327,0.005573,67.01,67.08
2026-03-14,2097.09,2096.18,0.999568,-0.0432,0.002159,0.004141,67.01,67.08
2026-03-15,2177.48,2173.74,0.998284,-0.1716,0.037617,0.036333,65.95,65.91
2026-03-16,2351.18,2349.18,0.999151,-0.0849,0.076749,0.077617,70.75,70.81
2026-03-17,2318.05,2318.84,1.000338,0.0338,-0.014188,-0.013,67.35,67.11
2026-03-18,2203.67,2202.61,0.999518,-0.0482,-0.050603,-0.051424,69.99,69.82
2026-03-19,2137.42,2141.22,1.001776,0.1776,-0.030524,-0.028267,70.96,70.66
2026-03-20,2146.5,2146.97,1.000222,0.0222,0.004236,0.002684,70.52,70.2
2026-03-21,2076.69,2099.22,1.010851,1.0851,-0.033062,-0.022491,71.62,70.74
2026-03-22,2053.05,2053.8,1.000364,0.0364,-0.01145,-0.021878,71.71,71.18
2026-03-23,2152.15,2151.76,0.999819,-0.0181,0.04714,0.046595,73.46,72.9
2026-03-24,2155.7,2157.7,1.000927,0.0927,0.001652,0.00276,73.36,72.78
2026-03-25,2168.02,2167.1,0.999575,-0.0425,0.005697,0.004346,70.43,69.81
2026-03-26,2059.58,2058.15,0.999306,-0.0694,-0.051314,-0.051583,73.12,72.57
2026-03-27,1991.27,1990.92,0.999825,-0.0175,-0.033728,-0.033208,64.72,64.38
2026-03-28,1992.69,1992.86,1.000081,0.0081,0.000714,0.00097,64.56,64.25
2026-03-29,1982.56,1984.14,1.000796,0.0796,-0.005099,-0.004384,62.24,61.83
2026-03-30,2023.51,2023.11,0.999802,-0.0198,0.020447,0.019453,62.34,61.91
2026-03-31,2104.71,2102.95,0.999163,-0.0837,0.039341,0.038702,63.52,63.05
2026-04-01,2138.74,2138.94,1.000097,0.0097,0.016039,0.016973,61.92,61.16
2026-04-02,2056.85,2056.66,0.999905,-0.0095,-0.039039,-0.039231,63.01,62.17
2026-04-03,2053.39,2053.0,0.999814,-0.0186,-0.001687,-0.001778,57.92,57.13
2026-04-04,2065.35,2064.19,0.999436,-0.0564,0.005811,0.005432,57.25,56.5
2026-04-05,2109.0,2109.05,1.000028,0.0028,0.020911,0.021504,55.24,54.59
2026-04-06,2107.76,2106.3,0.999308,-0.0692,-0.000585,-0.001306,55.19,54.52
2026-04-07,2241.81,2242.12,1.000139,0.0139,0.061656,0.062486,58.47,58.03
2026-04-08,2190.34,2191.33,1.000452,0.0452,-0.023227,-0.022914,58.61,58.23
2026-04-09,2189.14,2189.57,1.000196,0.0196,-0.000544,-0.0008,58.23,57.89
2026-04-10,2245.15,2245.33,1.000082,0.0082,0.025261,0.025147,58.75,58.4
2026-04-11,2285.39,2285.82,1.000186,0.0186,0.017765,0.017869,58.92,58.57
2026-04-12,2192.2,2192.54,1.000154,0.0154,-0.041631,-0.041662,60.91,60.61
2026-04-13,2370.71,2373.42,1.00114,0.114,0.078285,0.079271,66.53,66.39
2026-04-14,2323.31,2319.61,0.99841,-0.159,-0.020199,-0.022931,65.92,65.99
2026-04-15,2359.44,2361.91,1.001049,0.1049,0.015431,0.018071,60.43,60.46
2026-04-16,2348.65,2350.46,1.000772,0.0772,-0.004584,-0.004861,60.24,60.3
2026-04-17,2421.07,2420.83,0.9999,-0.01,0.030372,0.0295,58.19,58.1
2026-04-18,2351.1,2339.58,0.9951,-0.49,-0.029327,-0.034139,58.1,58.54
2026-04-19,2264.92,2252.37,0.994459,-0.5541,-0.037345,-0.037989,59.79,60.25
2026-04-20,2315.21,2300.57,0.993676,-0.6324,0.021963,0.021176,58.83,59.98
2026-04-21,2327.97,2317.19,0.995371,-0.4629,0.005495,0.0072,58.58,59.31
2026-04-22,2376.09,2371.17,0.997931,-0.2069,0.020459,0.023027,56.83,57.73
2026-04-23,2331.51,2321.37,0.995649,-0.4351,-0.018938,-0.021227,57.36,58.36
2026-04-24,2315.69,2308.53,0.99691,-0.309,-0.00681,-0.005544,57.44,58.42
2026-04-25,2318.83,2311.79,0.996966,-0.3034,0.001355,0.001411,54.1,55.12
2026-04-26,2369.73,2368.98,0.999684,-0.0316,0.021713,0.024436,52.68,53.9
2026-04-27,2303.06,2292.47,0.995399,-0.4601,-0.028535,-0.032831,54.01,55.54
2026-04-28,2289.42,2279.98,0.995877,-0.4123,-0.005942,-0.005462,54.03,55.57
2026-04-29,2253.42,2251.73,0.999251,-0.0749,-0.015851,-0.012469,54.19,55.61
2026-04-30,2256.25,2253.98,0.998992,-0.1008,0.001257,0.000997,52.63,54.15
2026-05-01,2295.09,2286.88,0.996419,-0.3581,0.017069,0.014491,52.66,54.07
2026-05-02,2316.23,2314.53,0.999265,-0.0735,0.009168,0.01202,50.54,52.04
2026-05-03,2321.64,2319.37,0.999025,-0.0975,0.00233,0.00209,50.5,52.0
2026-05-04,2346.4,2342.59,0.998378,-0.1622,0.010609,0.009962,50.55,52.04
2026-05-05,2361.18,2358.85,0.999011,-0.0989,0.006282,0.006915,50.2,51.68
2026-05-06,2350.8,2344.49,0.997313,-0.2687,-0.004406,-0.006108,50.26,51.77
2026-05-07,2291.11,2288.93,0.99905,-0.095,-0.025721,-0.023981,46.68,48.03
2026-05-08,2306.97,2305.26,0.999257,-0.0743,0.006901,0.007108,45.91,47.31
2026-05-09,2326.73,2325.39,0.999426,-0.0574,0.008527,0.008696,45.96,47.37
2026-05-10,2369.04,2372.88,1.001619,0.1619,0.018024,0.020216,45.57,47.09
2026-05-11,2339.36,2339.6,1.000104,0.0104,-0.012609,-0.014123,45.46,47.04
2026-05-12,2274.64,2278.6,1.001738,0.1738,-0.028054,-0.026421,44.09,45.59
2026-05-13,2257.58,2257.53,0.999979,-0.0021,-0.007532,-0.009289,34.28,35.98
2026-05-14,2280.93,2288.21,1.00319,0.319,0.010294,0.0135,33.85,35.51
2026-05-15,2223.33,2223.26,0.999969,-0.0031,-0.02558,-0.028796,34.42,36.19
2026-05-16,2179.75,2180.55,1.000367,0.0367,-0.019794,-0.019397,34.97,36.68
2026-05-17,2127.65,2127.0,0.999697,-0.0303,-0.024195,-0.024865,33.67,35.6
2026-05-18,2128.52,2128.77,1.00012,0.012,0.000409,0.000832,32.47,33.96
2026-05-19,2109.96,2110.78,1.000385,0.0385,-0.008754,-0.008489,30.15,31.63
2026-05-20,2126.98,2125.4,0.999255,-0.0745,0.008034,0.006903,29.11,30.68
2026-05-21,2131.41,2132.8,1.000652,0.0652,0.002079,0.003477,29.01,30.56
2026-05-22,2064.64,2064.59,0.999979,-0.0021,-0.03183,-0.032502,29.43,30.8
2026-05-23,2115.95,2116.4,1.000213,0.0213,0.02455,0.024784,30.66,31.84
2026-05-24,2097.99,2099.32,1.000634,0.0634,-0.008523,-0.008102,30.69,31.88
2026-05-25,2111.37,2109.87,0.999291,-0.0709,0.006356,0.005012,30.84,31.97
2026-05-26,2070.86,2070.6,0.999877,-0.0123,-0.019374,-0.018788,29.99,30.83
2026-05-27,2022.2,2021.18,0.999497,-0.0503,-0.023778,-0.024157,29.55,29.96
2026-05-28,2007.55,2005.86,0.999158,-0.0842,-0.007269,-0.007608,29.57,29.98
2026-05-29,2011.98,2010.07,0.999051,-0.0949,0.002202,0.002095,29.35,29.91
2026-05-30,2019.46,2020.13,1.000335,0.0335,0.003711,0.004995,29.42,30.02
2026-05-31,2004.34,2003.43,0.999543,-0.0457,-0.007514,-0.008305,28.47,29.33
