Date,preco_eth_usd,fonte_preco_eth,retorno_log_eth,volatilidade_7d_anual_eth,volatilidade_30d_anual_eth,preco_steth_usd,fonte_preco_steth,retorno_log_steth,volatilidade_7d_anual_steth,volatilidade_30d_anual_steth,preco_steth_eth,liquid_staking_basis,depeg_pct
2022-05-01,2827.756103515625,Yahoo Finance via yfinance,0.0351134809733128,79.98313877300282,58.85063191390311,2828.919921875,Yahoo Finance via yfinance,0.039254668274294253,81.98986558201935,58.5487238759937,1.0004115695685099,0.0004115695685098508,0.04115695685098508
2022-05-02,2857.410400390625,Yahoo Finance via yfinance,0.010432259389035846,76.1943273831628,59.125927235569364,2851.124755859375,Yahoo Finance via yfinance,0.007818581845610665,78.12380955105294,58.68058310704626,0.9978002304007885,-0.002199769599211532,-0.21997695992115318
2022-05-03,2783.476318359375,Yahoo Finance via yfinance,-0.026215139510623486,59.50188395343725,58.5968136152694,2773.48779296875,Yahoo Finance via yfinance,-0.027607908410793577,61.783918511618374,58.257794882878976,0.9964114925912096,-0.0035885074087903535,-0.35885074087903535
2022-05-04,2940.644775390625,Yahoo Finance via yfinance,0.05492824792191639,69.77044192150234,62.52917161154134,2913.2177734375,Yahoo Finance via yfinance,0.04915257515028794,68.96033144955787,61.567925518179564,0.9906731332588508,-0.009326866741149242,-0.9326866741149242
2022-05-05,2749.213134765625,Yahoo Finance via yfinance,-0.0673141307405492,84.3048444565631,65.5387171285013,2730.36376953125,Yahoo Finance via yfinance,-0.06482338511192169,82.13284581948356,64.35334098335844,0.9931437235636582,-0.0068562764363417905,-0.685627643634179
2022-05-06,2694.979736328125,Yahoo Finance via yfinance,-0.019924052577192305,80.488510196649,61.31374700106458,2687.427490234375,Yahoo Finance via yfinance,-0.015850436520669055,77.65161830657523,60.15068634024264,0.9971976612692309,-0.0028023387307690717,-0.28023387307690717
2022-05-07,2636.093017578125,Yahoo Finance via yfinance,-0.022092781930447968,79.10575470180832,60.91490220423257,2625.694091796875,Yahoo Finance via yfinance,-0.0232391356974202,76.40251171196924,59.6812851674224,0.9960551749456839,-0.003944825054316148,-0.3944825054316148
2022-05-08,2517.4599609375,Yahoo Finance via yfinance,-0.046047462225365786,75.69918254522207,62.41189454993705,2497.317626953125,Yahoo Finance via yfinance,-0.05012807038115023,72.01350584315398,61.541145559054065,0.9919989456448499,-0.008001054355150083,-0.8001054355150083
2022-05-09,2245.430419921875,Yahoo Finance via yfinance,-0.11435321457567539,98.71640754771973,71.6492614745031,2228.75439453125,Yahoo Finance via yfinance,-0.11377434469300214,95.41266065078426,70.82573774678868,0.9925733501948347,-0.007426649805165275,-0.7426649805165275
2022-05-10,2343.510986328125,Yahoo Finance via yfinance,0.042752999756193504,113.64233305963577,74.17387875057987,2322.286865234375,Yahoo Finance via yfinance,0.041109556010585246,110.4491305883375,73.2439901418124,0.990943451420723,-0.009056548579276957,-0.9056548579276957
2022-05-11,2072.108642578125,Yahoo Finance via yfinance,-0.12308346967034775,110.53517713676568,81.05775835134766,2065.02294921875,Yahoo Finance via yfinance,-0.11741107817654402,107.53660024096779,79.37273722158059,0.9965804431226353,-0.0034195568773647267,-0.34195568773647267
2022-05-12,1961.7015380859373,Yahoo Finance via yfinance,-0.05475452838877209,109.70796859408543,81.70297814724653,1911.8447265625,Yahoo Finance via yfinance,-0.0770727383997149,108.97615791669817,81.94551369093513,0.9745849149039851,-0.025415085096014867,-2.5415085096014867
2022-05-13,2014.418212890625,Yahoo Finance via yfinance,0.026518197304114123,121.48683477377126,81.56686585980744,1950.679931640625,Yahoo Finance via yfinance,0.020109393317880066,118.6757730122842,81.44831936947773,0.968358962978925,-0.031641037021075014,-3.1641037021075014
2022-05-14,2056.27392578125,Yahoo Finance via yfinance,0.020565145487466706,129.30310058026075,82.20873850455703,2016.4405517578125,Yahoo Finance via yfinance,0.03315585930054557,131.48528358550078,83.05663381496628,0.9806283717728398,-0.01937162822716021,-1.937162822716021
2022-05-15,2145.706787109375,Yahoo Finance via yfinance,0.0425734314830471,140.26996189823438,84.20190935693243,2111.29638671875,Yahoo Finance via yfinance,0.04596830611620813,143.70916515089462,85.40963907677856,0.9839631395131198,-0.016036860486880244,-1.6036860486880244
2022-05-16,2022.7259521484373,Yahoo Finance via yfinance,-0.05902291964196638,122.92478501428452,85.50290993799652,1985.292236328125,Yahoo Finance via yfinance,-0.06153603447472597,127.9402025253745,86.78755220051569,0.981493431781724,-0.01850656821827601,-1.850656821827601
2022-05-17,2090.4091796875,Yahoo Finance via yfinance,0.03291374362591901,120.29361894116192,86.9634051746902,2031.4000244140625,Yahoo Finance via yfinance,0.022959096907048053,123.56262243015246,87.68700134766117,0.9717714809871535,-0.02822851901284651,-2.822851901284651
2022-05-18,1916.6561279296875,Yahoo Finance via yfinance,-0.08677775891458377,102.18718007157021,89.88567052373824,1879.1427001953125,Yahoo Finance via yfinance,-0.07790956023858035,106.5709542123254,89.57548551089968,0.9804276692163367,-0.019572330783663272,-1.9572330783663272
2022-05-19,2018.336181640625,Yahoo Finance via yfinance,0.05169143189887024,103.45044439397446,92.33022584423631,1989.5418701171875,Yahoo Finance via yfinance,0.057088733908084645,101.792377604189,92.62130577961028,0.9857336395267751,-0.014266360473224937,-1.4266360473224937
2022-05-20,1961.315673828125,Yahoo Finance via yfinance,-0.028657989349473723,103.83733224872958,92.4374352011667,1932.6578369140625,Yahoo Finance via yfinance,-0.029008223079019443,103.72080524739384,92.75456601840055,0.9853884628076582,-0.014611537192341761,-1.4611537192341761
2022-05-21,1974.518310546875,Yahoo Finance via yfinance,0.006708965008305254,102.32922169334219,92.58048238739465,1925.22412109375,Yahoo Finance via yfinance,-0.003853785627180204,99.59694527983439,92.71433346139504,0.9750348278920381,-0.024965172107961897,-2.4965172107961897
2022-05-22,2043.170166015625,Yahoo Finance via yfinance,0.0341781293795885,100.06978899023542,94.06781990063298,1994.964599609375,Yahoo Finance via yfinance,0.035583918122774616,96.49585044460413,94.26823340593639,0.9764064847813164,-0.02359351521868358,-2.359351521868358
2022-05-23,1972.181884765625,Yahoo Finance via yfinance,-0.03536211901070593,93.85168019246215,94.39667952947686,1929.0291748046875,Yahoo Finance via yfinance,-0.033609447502919616,88.89531141351766,94.50734906756418,0.9781193051744993,-0.0218806948255007,-2.18806948255007
2022-05-24,1978.9827880859373,Yahoo Finance via yfinance,0.003442483723002159,89.16963668409072,94.53841029467499,1930.146728515625,Yahoo Finance via yfinance,0.0005791670398931672,86.17748127724585,94.61114287536991,0.9753226456216194,-0.02467735437838059,-2.467735437838059
2022-05-25,1944.827880859375,Yahoo Finance via yfinance,-0.017409489280917304,61.61881597565597,93.3086989649989,1898.4359130859373,Yahoo Finance via yfinance,-0.016565681649427354,64.18017085770282,93.35492912652936,0.9761459776312246,-0.02385402236877543,-2.385402236877543
2022-05-26,1803.913330078125,Yahoo Finance via yfinance,-0.07521510273085805,67.3436490214168,93.77745045249574,1761.2691650390625,Yahoo Finance via yfinance,-0.074995677845279,65.39326769202167,93.74522105355608,0.9763601918517806,-0.02363980814821942,-2.363980814821942
2022-05-27,1724.9228515625,Yahoo Finance via yfinance,-0.044776051541073544,70.12827014743856,93.01537756479381,1674.001708984375,Yahoo Finance via yfinance,-0.050817672704519694,69.5129912627322,93.08202061115173,0.9704791767747765,-0.029520823225223536,-2.9520823225223536
2022-05-28,1757.9417724609375,Yahoo Finance via yfinance,0.018961351496110807,73.27872529142513,93.13227015450892,1754.226806640625,Yahoo Finance via yfinance,0.04681120085793661,84.8423404728188,95.11861395083363,0.9978867526339557,-0.0021132473660443463,-0.21132473660443463
2022-05-29,1812.031005859375,Yahoo Finance via yfinance,0.030304641628396484,71.68196201566668,94.1025842957726,1769.7288818359375,Yahoo Finance via yfinance,0.008798166926026738,77.3281370387178,95.04944573808038,0.976654856408831,-0.023345143591169015,-2.3345143591169015
2022-05-30,1996.4412841796875,Yahoo Finance via yfinance,0.09691791883629919,106.44854310655303,101.59711777491613,1954.132080078125,Yahoo Finance via yfinance,0.09911978530434111,111.81195949378868,102.8761010103199,0.9788076892434395,-0.021192310756560473,-2.1192310756560473
2022-05-31,1942.3280029296875,Yahoo Finance via yfinance,-0.02747898255305248,108.47140670222184,100.40419749936463,1901.566650390625,Yahoo Finance via yfinance,-0.027268046801110113,113.79464689177237,101.39023406516965,0.9790141765563898,-0.02098582344361022,-2.098582344361022
2022-06-01,1823.5693359375,Yahoo Finance via yfinance,-0.06309150106858519,116.93314124573813,101.55742373260455,1784.909912109375,Yahoo Finance via yfinance,-0.06331015470116094,122.10444310548012,102.5595787425868,0.9788001349516825,-0.0211998650483175,-2.11998650483175
2022-06-02,1834.1505126953125,Yahoo Finance via yfinance,0.0057856843673090245,102.8997263538763,101.72475067268087,1792.1787109375,Yahoo Finance via yfinance,0.004064092114515547,108.63789660939315,102.68821958167665,0.9771164899132873,-0.022883510086712744,-2.2883510086712744
2022-06-03,1775.07861328125,Yahoo Finance via yfinance,-0.03273672733860295,99.86628613941149,98.81297356842235,1735.8084716796875,Yahoo Finance via yfinance,-0.03195875388778779,103.75261297339912,100.22247414381116,0.9778769563737961,-0.022123043626203875,-2.2123043626203875
2022-06-04,1801.6094970703125,Yahoo Finance via yfinance,0.014835719294589681,99.53655835311937,97.67823147503687,1760.19775390625,Yahoo Finance via yfinance,0.013952880133940406,98.30176714441211,99.27932630635617,0.9770140292713797,-0.022985970728620297,-2.2985970728620297
2022-06-05,1805.2049560546875,Yahoo Finance via yfinance,0.0019937039856387836,96.96572541372431,97.8124952927742,1766.1185302734375,Yahoo Finance via yfinance,0.003358054952454611,98.10019674581794,99.47558457035531,0.9783479290536216,-0.021652070946378443,-2.1652070946378443
2022-06-06,1859.2896728515625,Yahoo Finance via yfinance,0.029520384068369997,61.4767412953477,98.88326189725389,1813.786376953125,Yahoo Finance via yfinance,0.026632363361781902,59.96710308791867,100.40879814666914,0.9755265160868398,-0.024473483913160177,-2.4473483913160177
2022-06-07,1814.04833984375,Yahoo Finance via yfinance,-0.024633518924954634,61.02195626497499,98.22526668932362,1774.346923828125,Yahoo Finance via yfinance,-0.021984156239605042,59.19256469828888,99.55160831579745,0.9781144663327744,-0.021885533667225565,-2.1885533667225565
2022-06-08,1793.572265625,Yahoo Finance via yfinance,-0.011351689292160249,41.98071422959252,90.86950485367524,1743.5789794921875,Yahoo Finance via yfinance,-0.017492539485901536,40.256695119330445,92.50421796128188,0.9721264165983345,-0.027873583401665458,-2.787358340166546
2022-06-09,1789.8260498046875,Yahoo Finance via yfinance,-0.0020908740002338988,41.43160194415832,89.0773962275921,1733.3184814453125,Yahoo Finance via yfinance,-0.005902117015236503,39.78103308083728,90.788730772799,0.9684284579691187,-0.031571542030881306,-3.1571542030881306
2022-06-10,1665.042236328125,Yahoo Finance via yfinance,-0.07226794597572235,62.75233977012684,82.39814722172291,1574.4781494140625,Yahoo Finance via yfinance,-0.09611388481652865,76.49085024319632,87.86698878543469,0.94560853476379,-0.05439146523620997,-5.439146523620996
2022-06-11,1529.6634521484375,Yahoo Finance via yfinance,-0.08480274498246529,78.7893459917632,85.19576247298018,1470.4757080078125,Yahoo Finance via yfinance,-0.06833792433949608,81.17657966821015,87.06494065794,0.9613066886984226,-0.03869331130157738,-3.869331130157738
2022-06-12,1445.216552734375,Yahoo Finance via yfinance,-0.056788571472257895,78.7087911725191,85.86444256791087,1391.47021484375,Yahoo Finance via yfinance,-0.05522506264585314,79.42690760650642,87.88362851812091,0.9628108757895584,-0.037189124210441626,-3.7189124210441626
2022-06-13,1204.582763671875,Yahoo Finance via yfinance,-0.18212592105140693,117.33989780034881,103.71677101932875,1151.9013671875,Yahoo Finance via yfinance,-0.1889469568363966,120.92445033526435,106.02851232860664,0.9562658556363627,-0.04373414436363732,-4.373414436363731
2022-06-14,1211.662841796875,Yahoo Finance via yfinance,0.005860412842474421,125.06068217005397,101.79871016046944,1151.9921875,Yahoo Finance via yfinance,7.884071932261728e-05,126.59938642694924,103.69019806797162,0.9507530872132841,-0.04924691278671589,-4.924691278671589
2022-06-15,1233.2064208984375,Yahoo Finance via yfinance,0.01762395810200834,133.07980209189523,101.52088331291611,1155.190185546875,Yahoo Finance via yfinance,0.002772212662795474,131.64964486868624,102.88618864129838,0.9367370830791453,-0.06326291692085473,-6.326291692085473
2022-06-16,1067.730712890625,Yahoo Finance via yfinance,-0.1440820564562429,139.06659965383085,109.16351495010699,1006.15234375,Yahoo Finance via yfinance,-0.1381314978779021,133.9280396047785,109.90861308891982,0.9423278094399699,-0.057672190560030145,-5.7672190560030145
2022-06-17,1086.519287109375,Yahoo Finance via yfinance,0.017443704896270215,153.95786959645946,107.46684236532924,1023.4297485351562,Yahoo Finance via yfinance,0.017025989950901006,148.5822423382678,108.96917405348749,0.9419342672304833,-0.058065732769516654,-5.806573276951665
2022-06-18,993.6367797851562,Yahoo Finance via yfinance,-0.08936282394912362,154.42159936352607,107.06377792006391,931.3876953125,Yahoo Finance via yfinance,-0.09423914478290443,150.4685663510745,108.23220220104714,0.9373522742524529,-0.06264772574754707,-6.264772574754707
2022-06-19,1127.656494140625,Yahoo Finance via yfinance,0.12652513202322718,206.03043859258764,119.14645872219461,1056.4874267578125,Yahoo Finance via yfinance,0.12602931663911834,204.88890445105886,120.3907259147316,0.9368876357715212,-0.06311236422847877,-6.311236422847877
2022-06-20,1127.6424560546875,Yahoo Finance via yfinance,-1.244898015539338e-05,165.05051263575228,118.9907944657532,1065.31689453125,Yahoo Finance via yfinance,0.008322651292895842,162.3721466920961,120.67252751567503,0.9447293233872219,-0.05527067661277807,-5.5270676612778065
2022-06-21,1124.8245849609375,Yahoo Finance via yfinance,-0.002502032227301735,164.68932766719618,117.62020506358446,1062.247314453125,Yahoo Finance via yfinance,-0.002885536610384312,162.2613641008805,119.19023597634961,0.9443670850153176,-0.05563291498468237,-5.563291498468237
2022-06-22,1051.421875,Yahoo Finance via yfinance,-0.06748368424041079,167.2556602618718,118.68068265543867,995.9393920898438,Yahoo Finance via yfinance,-0.06445564640566866,165.86419162968116,120.08298679489555,0.9472309981089596,-0.05276900189104039,-5.276900189104039
2022-06-23,1143.38671875,Yahoo Finance via yfinance,0.08385124942460077,146.37540285294716,123.95889704498883,1090.6710205078125,Yahoo Finance via yfinance,0.09086199653703754,149.24088377834053,126.19664161259337,0.9538951280632167,-0.046104871936783254,-4.610487193678326
2022-06-24,1226.8447265625,Yahoo Finance via yfinance,0.0704509462982519,152.92190413718686,127.76697619752548,1177.9437255859375,Yahoo Finance via yfinance,0.07697719096629402,156.67909216194852,130.56860077535987,0.9601408394087666,-0.0398591605912334,-3.98591605912334
2022-06-25,1243.4468994140625,Yahoo Finance via yfinance,0.01344167032550677,124.6922621954897,126.27295866553567,1200.8028564453125,Yahoo Finance via yfinance,0.019220067180664394,124.4139611266615,129.3321956271781,0.9657049746242926,-0.03429502537570739,-3.429502537570739
2022-06-26,1199.8316650390625,Yahoo Finance via yfinance,-0.035706013007877895,103.06192364293712,126.0196618658379,1157.1759033203125,Yahoo Finance via yfinance,-0.037007909479265605,107.4209760220246,128.90985267168736,0.964448544773686,-0.03555145522631398,-3.5551455226313977
2022-06-27,1193.6806640625,Yahoo Finance via yfinance,-0.005139739154583573,103.39648774731856,125.55151433748281,1150.995849609375,Yahoo Finance via yfinance,-0.005354946806773928,108.23459405945744,127.1712323703855,0.9642410103990006,-0.035758989600999436,-3.5758989600999436
2022-06-28,1144.5792236328125,Yahoo Finance via yfinance,-0.04200444947713469,109.61522549998924,124.95142746033541,1097.703857421875,Yahoo Finance via yfinance,-0.047406928033712034,116.20316458082904,127.41136438754816,0.9590457652532269,-0.040954234746773066,-4.095423474677307
2022-06-29,1098.94384765625,Yahoo Finance via yfinance,-0.04068749910629359,100.54208734109392,118.44450636692048,1057.350830078125,Yahoo Finance via yfinance,-0.037454032839013385,107.7578495809718,120.61542650950227,0.9621518263496068,-0.03784817365039317,-3.784817365039317
2022-06-30,1067.298828125,Yahoo Finance via yfinance,-0.02921858312549719,78.15726283767941,118.46006865853526,1028.6116943359375,Yahoo Finance via yfinance,-0.027556539489245628,84.04907640984383,120.61751416587924,0.9637522943250796,-0.036247705674920416,-3.6247705674920416
2022-07-01,1059.767333984375,Yahoo Finance via yfinance,-0.007081609166298482,40.85697640515416,117.50036573157885,1021.7372436523438,Yahoo Finance via yfinance,-0.00670566489038531,45.01407874658922,119.7003368194648,0.9641146795975956,-0.03588532040240444,-3.588532040240444
2022-07-02,1066.5128173828125,Yahoo Finance via yfinance,0.006344889241282355,37.402071008619515,117.51482919371772,1029.7310791015625,Yahoo Finance via yfinance,0.007793321320036294,39.30129185105738,119.79621874151994,0.9655121460504233,-0.03448785394957665,-3.4487853949576652
2022-07-03,1073.7669677734375,Yahoo Finance via yfinance,0.006778719510311701,40.34680205932739,117.70239198682813,1040.700439453125,Yahoo Finance via yfinance,0.01059630602728813,43.063385278204116,120.11237707388334,0.9692051168337956,-0.03079488316620438,-3.079488316620438
2022-07-04,1151.05908203125,Yahoo Finance via yfinance,0.06950946292442169,74.2093193727978,121.04678799585058,1117.432861328125,Yahoo Finance via yfinance,0.07113998042386525,76.27389213451343,123.5767516829451,0.9707867117960743,-0.029213288203925658,-2.921328820392566
2022-07-05,1134.541015625,Yahoo Finance via yfinance,-0.014454281840769207,68.3296093092762,120.8931613529534,1099.6480712890625,Yahoo Finance via yfinance,-0.01604377292993512,68.43209670060463,123.39626638380605,0.96924488065624,-0.030755119343759962,-3.0755119343759962
2022-07-06,1186.9739990234375,Yahoo Finance via yfinance,0.04517903298009994,66.28926401883021,121.74715832073258,1154.8475341796875,Yahoo Finance via yfinance,0.04897813679871177,67.91963144687628,124.60350310179744,0.9729341460974027,-0.027065853902597303,-2.7065853902597303
2022-07-07,1237.5933837890625,Yahoo Finance via yfinance,0.04176146365600772,59.559725230278794,123.27623551329549,1206.6256103515625,Yahoo Finance via yfinance,0.04385938179909965,61.508418747514014,126.24795071868095,0.974977424860912,-0.02502257513908801,-2.502257513908801
2022-07-08,1222.5062255859375,Yahoo Finance via yfinance,-0.012265639403591082,61.15084766453113,123.27534626531356,1187.2481689453125,Yahoo Finance via yfinance,-0.01618954583976486,64.58073833640474,126.24274252700822,0.9711592007445802,-0.028840799255419824,-2.8840799255419824
2022-07-09,1216.978271484375,Yahoo Finance via yfinance,-0.004532075174142032,63.144415619372495,123.25165077091023,1182.884521484375,Yahoo Finance via yfinance,-0.003682200923999068,66.55808089806185,126.26040479543161,0.9719849147689259,-0.0280150852310741,-2.80150852310741
2022-07-10,1168.401611328125,Yahoo Finance via yfinance,-0.0407342890636578,76.56608738938556,121.82105741004425,1135.2864990234375,Yahoo Finance via yfinance,-0.04107092412906621,80.00635758673339,123.10586254090916,0.9716577656315918,-0.028342234368408215,-2.8342234368408215
2022-07-11,1097.236572265625,Yahoo Finance via yfinance,-0.0628418587339451,75.80387928084548,120.39734839972425,1065.7841796875,Yahoo Finance via yfinance,-0.06317419396038179,78.82370249231874,122.81546869539002,0.9713349031802863,-0.028665096819713742,-2.8665096819713742
2022-07-12,1038.191650390625,Yahoo Finance via yfinance,-0.055314409897435454,83.63764036920001,120.32797867613294,997.48828125,Yahoo Finance via yfinance,-0.06622572557440999,89.96134250893515,123.37575859364436,0.960793973708698,-0.03920602629130199,-3.9206026291301987
2022-07-13,1113.587158203125,Yahoo Finance via yfinance,0.07010607675696244,95.25722354949018,106.56333972849752,1073.3934326171875,Yahoo Finance via yfinance,0.07333994084968325,101.32669079622607,108.85372938563142,0.9639060801933153,-0.03609391980668475,-3.609391980668475
2022-07-14,1191.5262451171875,Yahoo Finance via yfinance,0.06764856552378615,105.00402089585752,109.32572673585092,1151.8929443359375,Yahoo Finance via yfinance,0.0705815652492176,111.37823945115022,111.79021729209873,0.9667373665131883,-0.03326263348681169,-3.326263348681169
2022-07-15,1233.129150390625,Yahoo Finance via yfinance,0.034319919269879505,108.4868651071779,109.8291721092994,1194.76806640625,Yahoo Finance via yfinance,0.0365454521654127,115.07365926165727,112.51409702775493,0.9688912682242382,-0.03110873177576179,-3.110873177576179
2022-07-16,1352.62646484375,Yahoo Finance via yfinance,0.09249326833356561,126.47995763113396,101.44783445261317,1316.7406005859375,Yahoo Finance via yfinance,0.09720736115530246,134.11453906681342,105.5857869630174,0.97346949420958,-0.026530505790420045,-2.6530505790420045
2022-07-17,1338.6357421875,Yahoo Finance via yfinance,-0.010397239373836612,120.06806985150118,101.58233489283568,1306.272705078125,Yahoo Finance via yfinance,-0.007981622554275493,127.62292223328622,105.70580985530276,0.975823865978291,-0.02417613402170904,-2.417613402170904
2022-07-18,1578.7178955078125,Yahoo Finance via yfinance,0.16496206658988707,136.6489121106441,109.6459064264066,1539.231201171875,Yahoo Finance via yfinance,0.1641052532975625,142.16654476131595,112.41217144349737,0.9749881252069825,-0.025011874793017475,-2.5011874793017475
2022-07-19,1542.9752197265625,Yahoo Finance via yfinance,-0.02290054563807826,122.43221929134992,102.7627629735959,1508.9453125,Yahoo Finance via yfinance,-0.019872133514484244,120.97667367249716,105.89042720985053,0.9779452665269679,-0.022054733473032107,-2.2054733473032107
2022-07-20,1520.20068359375,Yahoo Finance via yfinance,-0.014870158627478716,131.75346229904554,103.08337606885421,1487.754150390625,Yahoo Finance via yfinance,-0.01414323699234384,130.81961975090545,106.27473263933749,0.978656414542308,-0.021343585457691994,-2.1343585457691994
2022-07-21,1576.74951171875,Yahoo Finance via yfinance,0.03652310206255386,130.33108212208236,103.38802064835737,1523.65576171875,Yahoo Finance via yfinance,0.02384485236419702,129.96556161167757,106.23993497196929,0.9663270864488015,-0.0336729135511985,-3.3672913551198502
2022-07-22,1537.4051513671875,Yahoo Finance via yfinance,-0.025269428257882164,138.74755970258516,100.34521513788728,1495.5970458984375,Yahoo Finance via yfinance,-0.018587064688918735,136.76580126482588,103.24653888173077,0.9728060586816879,-0.027193941318312098,-2.71939413183121
2022-07-23,1549.2974853515625,Yahoo Finance via yfinance,0.007705564304018057,129.25962464776325,97.0058253721399,1522.9322509765625,Yahoo Finance via yfinance,0.018112100070943313,125.29877951134196,99.43854761736998,0.9829824584211357,-0.01701754157886426,-1.701754157886426
2022-07-24,1599.4766845703125,Yahoo Finance via yfinance,0.03187491067046729,126.91590426343602,94.89681640397409,1571.5701904296875,Yahoo Finance via yfinance,0.03143765187004833,123.00604061388194,96.87873416605717,0.9825527346476314,-0.017447265352368624,-1.7447265352368624
2022-07-25,1445.3834228515625,Yahoo Finance via yfinance,-0.10130187270170739,88.73433647579819,102.34449325809622,1415.8909912109375,Yahoo Finance via yfinance,-0.10431623216487286,87.93349486111283,104.61085391861347,0.979595426947377,-0.020404573052623,-2.0404573052623
2022-07-26,1441.8067626953125,Yahoo Finance via yfinance,-0.0024776074702502673,88.51812158378904,101.33170197661185,1416.864013671875,Yahoo Finance via yfinance,0.0006869796346861847,88.05727938087212,103.50379364698571,0.9827003523157226,-0.017299647684277386,-1.7299647684277386
2022-07-27,1636.232666015625,Yahoo Finance via yfinance,0.12649942102926798,131.77652491683622,109.5592096796449,1603.8997802734375,Yahoo Finance via yfinance,0.12399203803128084,129.7628999449628,111.1508086131096,0.9802394326835431,-0.019760567316456923,-1.9760567316456923
2022-07-28,1725.4681396484375,Yahoo Finance via yfinance,0.05310195450870282,134.28747524778603,108.84141261911616,1684.330322265625,Yahoo Finance via yfinance,0.048930023582954514,132.5387998896914,109.84450880080097,0.9761584601665295,-0.023841539833470482,-2.384153983347048
2022-07-29,1727.406982421875,Yahoo Finance via yfinance,0.0011230310443704164,131.03987094636597,107.17703526255531,1681.36669921875,Yahoo Finance via yfinance,-0.0017610758151447622,130.53907812308233,108.42543373030315,0.9733471708337226,-0.026652829166277425,-2.6652829166277425
2022-07-30,1695.969482421875,Yahoo Finance via yfinance,-0.018366886660011843,133.45231346450447,106.67824720490356,1653.0469970703125,Yahoo Finance via yfinance,-0.016986724319597298,132.75397748635476,107.95930100180354,0.9746914754089393,-0.0253085245910607,-2.53085245910607
2022-07-31,1681.517333984375,Yahoo Finance via yfinance,-0.008557982564043836,133.15253140670296,106.71870772308914,1640.5396728515625,Yahoo Finance via yfinance,-0.007594993297453697,132.21673472450448,107.98309219979696,0.9756305449223557,-0.02436945507764432,-2.436945507764432
2022-08-01,1635.19580078125,Yahoo Finance via yfinance,-0.027934007780179175,104.19152259167595,107.74915130542205,1595.3214111328125,Yahoo Finance via yfinance,-0.027950028898698652,101.29064828630521,109.03065658909334,0.975614914354974,-0.02438508564502595,-2.438508564502595
2022-08-02,1632.9454345703125,Yahoo Finance via yfinance,-0.0013771538036708396,104.0653029205613,107.8577879109238,1594.1744384765625,Yahoo Finance via yfinance,-0.0007192188106043301,101.43378787343991,109.15422746807704,0.976257016754542,-0.023742983245457983,-2.3742983245457983
2022-08-03,1618.87451171875,Yahoo Finance via yfinance,-0.008654237260966648,49.773935599507126,106.22584038306793,1577.0400390625,Yahoo Finance via yfinance,-0.01080631176237616,46.80545564770695,107.50548123639538,0.9741582980314919,-0.025841701968508102,-2.58417019685081
2022-08-04,1608.205810546875,Yahoo Finance via yfinance,-0.006612007743759959,19.185318320359208,106.02092126482883,1564.4259033203125,Yahoo Finance via yfinance,-0.008030775292466081,18.010530994913776,107.28334198296554,0.9727771738297134,-0.027222826170286596,-2.7222826170286596
2022-08-05,1732.254638671875,Yahoo Finance via yfinance,0.0743046651520902,64.46554513042744,107.65508348233281,1679.930419921875,Yahoo Finance via yfinance,0.07123345409167864,62.3152394308079,108.52894078282414,0.9697941529023024,-0.03020584709769758,-3.020584709769758
2022-08-06,1691.6580810546875,Yahoo Finance via yfinance,-0.023714658344009317,65.5196673003315,107.84520904139453,1630.94775390625,Yahoo Finance via yfinance,-0.029591085884500642,64.99732912330815,108.88055119521557,0.9641119397422281,-0.035888060257771914,-3.5888060257771914
2022-08-07,1699.350830078125,Yahoo Finance via yfinance,0.004537152465114219,65.20496014400597,107.5592645391157,1637.9302978515625,Yahoo Finance via yfinance,0.0042721413614884495,64.932169077273,108.49327369048434,0.9638564732252852,-0.036143526774714774,-3.6143526774714774
2022-08-08,1775.51611328125,Yahoo Finance via yfinance,0.04384483523495011,66.0838290532824,108.00397031680014,1714.865234375,Yahoo Finance via yfinance,0.04590106566964226,67.59520582588056,109.0415905698087,0.9658404232704124,-0.03415957672958758,-3.415957672958758
2022-08-09,1703.0250244140625,Yahoo Finance via yfinance,-0.04168505282330071,76.54132490220049,108.06354546359059,1641.6224365234375,Yahoo Finance via yfinance,-0.043649453617163735,78.14633222019356,109.20426170040105,0.9639449878831047,-0.036055012116895324,-3.6055012116895324
2022-08-10,1851.74267578125,Yahoo Finance via yfinance,0.08372108672275558,93.06292096319807,107.28196016990923,1785.7333984375,Yahoo Finance via yfinance,0.08414415494689556,95.26506197974865,108.47791952856052,0.9643528886561408,-0.03564711134385923,-3.564711134385923
2022-08-11,1881.22412109375,Yahoo Finance via yfinance,0.015795510583422143,90.65776884916986,104.03005424097542,1824.74169921875,Yahoo Finance via yfinance,0.021609244022155884,92.75593867046335,104.21837627242093,0.9699757082414184,-0.030024291758581567,-3.0024291758581567
2022-08-12,1957.2464599609373,Yahoo Finance via yfinance,0.03961592493298782,81.58231752849802,102.71011706399868,1898.72998046875,Yahoo Finance via yfinance,0.03974678899751325,85.0535120005454,102.7075046596255,0.9701026515110646,-0.029897348488935438,-2.989734848893544
2022-08-13,1981.3365478515625,Yahoo Finance via yfinance,0.01223302302337811,74.35933976823806,101.20059428377768,1931.2481689453125,Yahoo Finance via yfinance,0.016981282204203904,75.48039455411144,101.00780742071696,0.9747199036122547,-0.02528009638774531,-2.528009638774531
2022-08-14,1936.802001953125,Yahoo Finance via yfinance,-0.022733480866810634,80.72020544406683,101.92228376754606,1887.37744140625,Yahoo Finance via yfinance,-0.022978245216946736,82.11775301982979,101.70627656517873,0.9744813561236337,-0.025518643876366265,-2.5518643876366265
2022-08-15,1904.2281494140625,Yahoo Finance via yfinance,-0.016961404717251303,81.1313733061171,98.54946043904846,1849.75634765625,Yahoo Finance via yfinance,-0.020134341880680848,83.4042914952235,97.97096146995594,0.9713942881400143,-0.028605711859985727,-2.8605711859985727
2022-08-16,1878.139404296875,Yahoo Finance via yfinance,-0.013795147342322981,72.34740303798141,98.65113103306112,1825.4736328125,Yahoo Finance via yfinance,-0.013214448254430427,73.63704993137941,98.117676301389,0.9719585397314574,-0.028041460268542595,-2.8041460268542595
2022-08-17,1832.9996337890625,Yahoo Finance via yfinance,-0.02432783915137373,46.408645388477474,82.27416352293073,1783.437744140625,Yahoo Finance via yfinance,-0.02329665955030935,49.24021412332781,81.76034896633743,0.9729613204853804,-0.02703867951461958,-2.703867951461958
2022-08-18,1847.0078125,Yahoo Finance via yfinance,0.007613161970514982,44.91054213961271,81.65894832205674,1797.949951171875,Yahoo Finance via yfinance,0.008104281186617348,46.49319419749353,81.27401780357721,0.9734392778438099,-0.026560722156190097,-2.6560722156190097
2022-08-19,1612.9873046875,Yahoo Finance via yfinance,-0.1354790025497318,94.89439221877576,95.2443234644372,1567.68115234375,Yahoo Finance via yfinance,-0.1370495452978655,97.24061475840593,95.19267937393124,0.9719116497618513,-0.028088350238148707,-2.8088350238148707
2022-08-20,1577.0037841796875,Yahoo Finance via yfinance,-0.022561220905913087,89.15402601228315,94.7754181345592,1533.139404296875,Yahoo Finance via yfinance,-0.022280023161236933,90.2271609166214,95.20445896326787,0.9721849875549731,-0.027815012445026932,-2.781501244502693
2022-08-21,1619.3189697265625,Yahoo Finance via yfinance,0.026478964213690254,99.00713814724078,94.7573369990509,1573.7421875,Yahoo Finance via yfinance,0.026138810737066278,99.98240306849752,95.37126843630575,0.9718543516881923,-0.02814564831180766,-2.814564831180766
2022-08-22,1622.505859375,Yahoo Finance via yfinance,0.0019661091163398346,100.9336326355748,94.73292981083615,1581.649169921875,Yahoo Finance via yfinance,0.005011739005743862,102.49135610173734,95.19679513248028,0.9748187723224228,-0.025181227677577245,-2.5181227677577245
2022-08-23,1662.7698974609375,Yahoo Finance via yfinance,0.02451304379415949,106.65770909303613,94.470655215401,1615.9952392578125,Yahoo Finance via yfinance,0.021482932978240627,107.32524470344134,94.86236674204068,0.971869434084325,-0.028130565915674977,-2.8130565915674977
2022-08-24,1657.0592041015625,Yahoo Finance via yfinance,-0.003440357209568945,106.89850231668214,86.96288477377169,1618.96728515625,Yahoo Finance via yfinance,0.0018374535792618277,108.01932454558569,86.93429934951348,0.9770123367644155,-0.022987663235584543,-2.2987663235584543
2022-08-25,1696.45703125,Yahoo Finance via yfinance,0.02349750954116691,109.47410612764759,87.17020802304269,1652.8992919921875,Yahoo Finance via yfinance,0.020742424928282703,109.94819991207888,87.1058138040757,0.9743242897076397,-0.025675710292360265,-2.5675710292360265
2022-08-26,1507.7828369140625,Yahoo Finance via yfinance,-0.11790172517616755,97.50963447643689,86.1226628943096,1465.2559814453125,Yahoo Finance via yfinance,-0.1205009340310076,98.55948466580897,86.86374079194857,0.971795105748923,-0.028204894251076973,-2.8204894251076973
2022-08-27,1491.39501953125,Yahoo Finance via yfinance,-0.010928315201041365,96.93166003231359,83.76222924185643,1447.4049072265625,Yahoo Finance via yfinance,-0.012257724749657877,98.04269679719552,84.85731555700508,0.9705040504168281,-0.02949594958317192,-2.949594958317192
2022-08-28,1430.54736328125,Yahoo Finance via yfinance,-0.04165479410441762,94.65912503177388,84.70143061335122,1386.7164306640625,Yahoo Finance via yfinance,-0.04283356135837094,95.96652261810787,85.86019144882499,0.9693607260114392,-0.03063927398856081,-3.063927398856081
2022-08-29,1553.037353515625,Yahoo Finance via yfinance,0.0821554538075937,119.30080916670671,89.9890865603772,1512.5731201171875,Yahoo Finance via yfinance,0.08687358117422075,122.48737347702145,91.69617143203979,0.9739450997061737,-0.02605490029382629,-2.605490029382629
2022-08-30,1523.8388671875,Yahoo Finance via yfinance,-0.01897987488373285,116.58085858425108,90.14434479859972,1482.1678466796875,Yahoo Finance via yfinance,-0.020306476303758918,120.40402546654254,91.88404166785807,0.9726539193840598,-0.027346080615940238,-2.734608061594024
2022-08-31,1553.6849365234375,Yahoo Finance via yfinance,0.019396766357597673,118.80142733443937,90.02694586103127,1510.6875,Yahoo Finance via yfinance,0.019059067893682176,122.26623273546686,91.76516132600815,0.9723255111041692,-0.027674488895830796,-2.7674488895830796
2022-09-01,1586.1767578125,Yahoo Finance via yfinance,0.020697077972305716,118.34886742701656,90.3656698346018,1540.619140625,Yahoo Finance via yfinance,0.01961952977286217,122.09766866210698,92.06950891832496,0.9712783477862023,-0.028721652213797744,-2.8721652213797744
2022-09-02,1577.220458984375,Yahoo Finance via yfinance,-0.005662471163262736,76.06634533573211,90.33966599252001,1527.073486328125,Yahoo Finance via yfinance,-0.008831225275844342,80.02285014825075,92.04598172996971,0.9682054766848882,-0.03179452331511179,-3.179452331511179
2022-09-03,1556.8726806640625,Yahoo Finance via yfinance,-0.012984977354194235,76.36579497125405,90.4179737421012,1508.0450439453125,Yahoo Finance via yfinance,-0.012539010590479778,80.0619327410084,92.10228653209391,0.9686373604436792,-0.03136263955632079,-3.1362639556320793
2022-09-04,1577.6416015625,Yahoo Finance via yfinance,0.01325195738219183,64.89213050683789,86.43118134305801,1525.94677734375,Yahoo Finance via yfinance,0.01180091589197228,68.77045128900807,88.479295315102,0.9672328466949963,-0.03276715330500368,-3.2767153305003682
2022-09-05,1617.1832275390625,Yahoo Finance via yfinance,0.024754812756716524,34.17525943370297,86.63060441404437,1563.2852783203125,Yahoo Finance via yfinance,0.024174499481434655,34.56587990884694,88.44871195875655,0.966671711466629,-0.033328288533371,-3.3328288533370998
2022-09-06,1561.74853515625,Yahoo Finance via yfinance,-0.034879837993163236,42.17565058005573,87.37268129380192,1496.8912353515625,Yahoo Finance via yfinance,-0.04339910678112531,46.64499026160463,89.61837737075781,0.9584713554425082,-0.041528644557491834,-4.152864455749183
2022-09-07,1629.9063720703125,Yahoo Finance via yfinance,0.04271652328035794,50.13058813258262,87.29769720958039,1566.211181640625,Yahoo Finance via yfinance,0.0452689949310418,55.64796148845487,89.57522770068258,0.9609209513373571,-0.03907904866264289,-3.907904866264289
2022-09-08,1635.34765625,Yahoo Finance via yfinance,0.003332842816660751,48.76046959327069,86.18237921110821,1577.7147216796875,Yahoo Finance via yfinance,0.007317978686527534,54.39792256431038,88.42250527409857,0.9647579923754744,-0.03524200762452556,-3.524200762452556
2022-09-09,1719.08544921875,Yahoo Finance via yfinance,0.04993701830610943,57.5448621496398,82.72113924349914,1667.0340576171875,Yahoo Finance via yfinance,0.05506861270439716,64.32253548947779,85.41577792895552,0.9697214634530136,-0.030278536546986423,-3.0278536546986423
2022-09-10,1776.2037353515625,Yahoo Finance via yfinance,0.03268591999770879,54.71568718342101,83.3977807895084,1726.4720458984375,Yahoo Finance via yfinance,0.03503401247569167,62.18212111624869,86.01485581016264,0.972001134518906,-0.027998865481093982,-2.799886548109398
2022-09-11,1761.800048828125,Yahoo Finance via yfinance,-0.008142312433257365,58.11735293192362,82.05738698846181,1715.5582275390625,Yahoo Finance via yfinance,-0.006341521757327391,64.8405433976188,84.70218099040086,0.9737530820709077,-0.026246917929092284,-2.6246917929092284
2022-09-12,1713.7652587890625,Yahoo Finance via yfinance,-0.027643185811010818,65.08902734452187,82.27323746469882,1668.0062255859375,Yahoo Finance via yfinance,-0.028109488467277653,71.80698269444636,84.79800891925728,0.9732991242712796,-0.026700875728720375,-2.6700875728720375
2022-09-13,1580.7879638671875,Yahoo Finance via yfinance,-0.08076942156538781,88.004105902512,86.25627746954447,1532.4267578125,Yahoo Finance via yfinance,-0.08477644122740464,93.27432306981207,89.08881058229942,0.969406898863034,-0.030593101136966006,-3.0593101136966006
2022-09-14,1634.7550048828125,Yahoo Finance via yfinance,0.03356951498102785,85.62842911983375,87.29936408467941,1588.06494140625,Yahoo Finance via yfinance,0.035663662013004534,90.8754204330911,90.16848098433354,0.9714391065712569,-0.028560893428743128,-2.856089342874313
2022-09-15,1471.6934814453125,Yahoo Finance via yfinance,-0.10507918310363468,114.3548415011746,93.99531511924334,1454.5216064453125,Yahoo Finance via yfinance,-0.08783920334270524,111.18347514306957,94.6605360197571,0.9883318943676125,-0.011668105632387515,-1.1668105632387515
2022-09-16,1432.44775390625,Yahoo Finance via yfinance,-0.02702906893553504,100.39478095331744,94.05860785093029,1416.3189697265625,Yahoo Finance via yfinance,-0.02661582272777026,95.98845665854648,94.7369809520468,0.9887404031765175,-0.011259596823482543,-1.1259596823482543
2022-09-17,1469.74169921875,Yahoo Finance via yfinance,0.02570197355988559,98.00708070785002,94.65157970362718,1457.79443359375,Yahoo Finance via yfinance,0.028863400587586976,93.78600308319388,95.44643953477822,0.9918711800642585,-0.00812881993574155,-0.8128819935741549
2022-09-18,1335.3291015625,Yahoo Finance via yfinance,-0.09590889103782882,107.71391963210077,88.7457877598291,1324.1917724609375,Yahoo Finance via yfinance,-0.0961223413234826,105.1280877751531,89.296728159926,0.991659487471268,-0.008340512528732025,-0.8340512528732025
2022-09-19,1377.5413818359375,Yahoo Finance via yfinance,0.03112252335792943,119.40460506222617,89.47996996562902,1363.9561767578125,Yahoo Finance via yfinance,0.029587140153974605,115.80652707460798,89.90985346456658,0.9901380784219933,-0.009861921578006694,-0.9861921578006694
2022-09-20,1324.38818359375,Yahoo Finance via yfinance,-0.03934969828540063,112.48984081767641,89.55685275099677,1316.2587890625,Yahoo Finance via yfinance,-0.03559596863428057,106.39473821550074,89.89274595978013,0.9938617735857543,-0.006138226414245662,-0.6138226414245662
2022-09-21,1252.6077880859375,Yahoo Finance via yfinance,-0.055722995942389726,102.06776766634596,91.10140995594898,1243.19384765625,Yahoo Finance via yfinance,-0.057109709971634275,96.5933522373974,91.53539070464225,0.9924845266657071,-0.007515473334292921,-0.7515473334292921
2022-09-22,1327.68017578125,Yahoo Finance via yfinance,0.058205581933538045,104.88795514480036,93.3736091810955,1319.7672119140625,Yahoo Finance via yfinance,0.05977161461287008,105.8196662377735,94.02929255033618,0.9940400075172235,-0.005959992482776455,-0.5959992482776455
2022-09-23,1328.259521484375,Yahoo Finance via yfinance,0.00043626420653308323,104.80083246443056,93.40461744361527,1321.1693115234375,Yahoo Finance via yfinance,0.0010618200995489,105.68191827374858,94.02076588859207,0.9946620296363364,-0.005337970363663569,-0.5337970363663569
2022-09-24,1317.9932861328125,Yahoo Finance via yfinance,-0.007759112680025444,100.40662593258986,92.73834891019862,1310.54150390625,Yahoo Finance via yfinance,-0.008076772971846929,100.67995105096902,93.49504924807374,0.9943461151851334,-0.0056538848148666165,-0.5653884814866617
2022-09-25,1294.216796875,Yahoo Finance via yfinance,-0.018204619951859718,75.06272668890144,84.03568379425984,1288.98583984375,Yahoo Finance via yfinance,-0.016584675047518788,74.86906812764623,84.29371580687572,0.9959582065045975,-0.004041793495402457,-0.4041793495402457
2022-09-26,1335.3201904296875,Yahoo Finance via yfinance,0.031265383978659585,75.10399193456759,84.95059030373092,1325.4923095703125,Yahoo Finance via yfinance,0.027928206306032866,74.4266407659918,84.9772568126804,0.9926400567221165,-0.007359943277883474,-0.7359943277883474
2022-09-27,1330.127685546875,Yahoo Finance via yfinance,-0.003896164316827129,69.21336235525847,83.84013387606578,1324.5924072265625,Yahoo Finance via yfinance,-0.0006791498948209437,69.54461110855887,83.74925917513325,0.9958385361191571,-0.0041614638808429305,-0.41614638808429305
2022-09-28,1337.410888671875,Yahoo Finance via yfinance,0.005460630480265401,50.48181447201849,78.1786243738944,1329.9173583984375,Yahoo Finance via yfinance,0.004012008833766102,49.70353100054366,77.49456699762719,0.9943969872408628,-0.005603012759137216,-0.5603012759137216
2022-09-29,1335.65234375,Yahoo Finance via yfinance,-0.0013157527695159426,29.297092797959863,78.02320846605058,1330.45703125,Yahoo Finance via yfinance,0.00040571196374845924,26.204973386676265,77.29227294183309,0.9961102808494211,-0.0038897191505788964,-0.38897191505788964
2022-09-30,1327.9786376953125,Yahoo Finance via yfinance,-0.005761854654836134,29.69024519586343,77.54975526096848,1323.5107421875,Yahoo Finance via yfinance,-0.00523465657243627,26.609533579309737,76.85920463051585,0.9966355667320324,-0.003364433267967648,-0.3364433267967648
2022-10-01,1311.6444091796875,Yahoo Finance via yfinance,-0.012376340653965177,30.59485197572273,77.01413623958173,1308.2105712890625,Yahoo Finance via yfinance,-0.011627631849883063,27.397590058453336,76.40110382090906,0.9973820359644787,-0.0026179640355212808,-0.2617964035521281
2022-10-02,1276.093505859375,Yahoo Finance via yfinance,-0.027478161506315324,34.32933522116335,77.36529596090111,1271.5908203125,Yahoo Finance via yfinance,-0.028391496279138353,32.52538581238142,76.81356215423321,0.9964715081409001,-0.0035284918590998693,-0.35284918590998693
2022-10-03,1323.439208984375,Yahoo Finance via yfinance,0.03643034692804469,37.43722840027777,78.79598906059445,1316.459228515625,Yahoo Finance via yfinance,0.03467699884725048,36.42673191655149,78.07089259929455,0.9947258775307809,-0.0052741224692191,-0.52741224692191
2022-10-04,1362.1265869140625,Yahoo Finance via yfinance,0.028813335722636096,43.07185889827927,79.44426589347334,1354.869873046875,Yahoo Finance via yfinance,0.028759685198168614,42.302061688110044,78.73859698055597,0.9946725113973234,-0.005327488602676622,-0.5327488602676622
2022-10-05,1352.837158203125,Yahoo Finance via yfinance,-0.00684315949242965,43.625844397545215,78.72118185469053,1344.7974853515625,Yahoo Finance via yfinance,-0.007461981862912435,42.978787928847964,78.08620837879144,0.9940571762071934,-0.00594282379280664,-0.594282379280664
2022-10-06,1351.70947265625,Yahoo Finance via yfinance,-0.0008339184093623792,43.60737977197011,78.03917107237193,1345.549072265625,Yahoo Finance via yfinance,0.0005587287120961355,42.97636595756923,76.86258624306316,0.9954425114898994,-0.004557488510100627,-0.4557488510100627
2022-10-07,1332.5169677734375,Yahoo Finance via yfinance,-0.014300456675176725,44.91339197975839,76.18038398900067,1321.872314453125,Yahoo Finance via yfinance,-0.017753010286416154,45.08825041177817,74.94378248701314,0.9920116189303771,-0.007988381069622852,-0.7988381069622852
2022-10-08,1315.50048828125,Yahoo Finance via yfinance,-0.012852418091934563,44.99757750143188,76.12086111371612,1307.0872802734375,Yahoo Finance via yfinance,-0.011247940126448006,45.030387118672515,74.81901713028303,0.9936045572899751,-0.006395442710024901,-0.6395442710024901
2022-10-09,1322.604248046875,Yahoo Finance via yfinance,0.005385515470594665,38.372871075715054,73.4471759174555,1312.2176513671875,Yahoo Finance via yfinance,0.003917358068954393,38.22060712447712,71.59882090811585,0.9921468597314536,-0.007853140268546444,-0.7853140268546444
2022-10-10,1291.337646484375,Yahoo Finance via yfinance,-0.023924091757363534,32.745662400781065,72.069918343355,1283.6375732421875,Yahoo Finance via yfinance,-0.022020667979798365,32.47835322680524,70.0336396583775,0.9940371340809658,-0.005962865919034166,-0.5962865919034166
2022-10-11,1279.57568359375,Yahoo Finance via yfinance,-0.009150090604978236,18.190466382078235,72.06640314859581,1272.07275390625,Yahoo Finance via yfinance,-0.009050241844312107,17.644991642534112,70.02278961713108,0.994136392412188,-0.005863607587812014,-0.5863607587812014
2022-10-12,1294.9063720703125,Yahoo Finance via yfinance,0.011909867196354756,23.704615912701975,72.2136916718489,1287.026123046875,Yahoo Finance via yfinance,0.011686566286262601,23.20690352750164,70.10107014648875,0.9939144256346206,-0.006085574365379376,-0.6085574365379376
2022-10-13,1288.1239013671875,Yahoo Finance via yfinance,-0.0052515732089481165,23.301554567930086,67.4600677444407,1282.0252685546875,Yahoo Finance via yfinance,-0.0038931574704147314,22.625037177166078,64.49823012969235,0.9952654920803604,-0.004734507919639586,-0.47345079196395856
2022-10-14,1297.422119140625,Yahoo Finance via yfinance,0.007192490703478946,24.28741315558708,66.08558200204193,1289.80224609375,Yahoo Finance via yfinance,0.00604784045525797,22.209140463163013,62.90092659169926,0.9941269129495632,-0.005873087050436765,-0.5873087050436765
2022-10-15,1274.8717041015625,Yahoo Finance via yfinance,-0.017533761159325558,25.549781168343866,56.15951862172061,1269.7265625,Yahoo Finance via yfinance,-0.015687336849642936,23.352185404263388,55.861297653135026,0.9959641887218852,-0.004035811278114809,-0.4035811278114809
2022-10-16,1306.296630859375,Yahoo Finance via yfinance,0.024350585046003355,32.680460342056904,56.456972839616206,1300.30322265625,Yahoo Finance via yfinance,0.023795913295559707,30.76215839027609,56.119561265472264,0.9954119087031694,-0.0045880912968305765,-0.45880912968305765
2022-10-17,1331.713623046875,Yahoo Finance via yfinance,0.019270416930953306,29.609615837954824,56.087757499061716,1324.39599609375,Yahoo Finance via yfinance,0.01835901803488222,27.904834679794654,55.488525997465906,0.9945051046813033,-0.005494895318696735,-0.5494895318696735
2022-10-18,1310.447021484375,Yahoo Finance via yfinance,-0.01609823451129519,31.88156741177831,45.38755094277858,1304.210205078125,Yahoo Finance via yfinance,-0.01535885277496819,30.052816563835762,44.53574718734713,0.9952406955000856,-0.004759304499914352,-0.4759304499914352
2022-10-19,1285.7442626953125,Yahoo Finance via yfinance,-0.01903057334023134,34.57557512991253,44.33094364318847,1277.637451171875,Yahoo Finance via yfinance,-0.02058501954616293,33.575362390706694,43.699252396191625,0.9936948491557387,-0.006305150844261309,-0.6305150844261309
2022-10-20,1283.200927734375,Yahoo Finance via yfinance,-0.001980062323923632,34.4119988454196,42.268268343263735,1277.8388671875,Yahoo Finance via yfinance,0.0001576348132009517,33.49371045758348,42.00477866675801,0.9958213398767235,-0.004178660123276501,-0.4178660123276501
2022-10-21,1299.9464111328125,Yahoo Finance via yfinance,0.012965360297434125,35.43899660328954,37.621403521964424,1293.19287109375,Yahoo Finance via yfinance,0.01194398825129426,34.448409021112965,37.00018902647793,0.9948047550412656,-0.005195244958734357,-0.5195244958734357
2022-10-22,1314.2991943359375,Yahoo Finance via yfinance,0.01098055009473197,32.587675333686875,31.772336647573873,1309.5107421875,Yahoo Finance via yfinance,0.012539333961412085,32.411676553352805,30.74753305509188,0.9963566498639932,-0.0036433501360068066,-0.36433501360068066
2022-10-23,1363.447021484375,Yahoo Finance via yfinance,0.03671247624466532,37.97942779554423,34.30243984841997,1361.773193359375,Yahoo Finance via yfinance,0.03913408095497907,39.17913593732676,33.68137122575989,0.9987723555821203,-0.001227644417879703,-0.1227644417879703
2022-10-24,1344.99853515625,Yahoo Finance via yfinance,-0.013623143801651505,38.473556564666296,34.548241604256994,1338.2828369140625,Yahoo Finance via yfinance,-0.017400341966186172,41.11093274509419,34.15164962776906,0.9950069103670753,-0.004993089632924663,-0.4993089632924663
2022-10-25,1461.6654052734375,Yahoo Finance via yfinance,0.08318355022278977,67.11205210072339,44.2988756528692,1453.5311279296875,Yahoo Finance via yfinance,0.08260852943684965,68.45645002123607,43.95345884800205,0.994434925178907,-0.00556507482109303,-0.556507482109303
2022-10-26,1566.566650390625,Yahoo Finance via yfinance,0.06930990366099621,69.64930714261553,48.98028849600259,1564.7039794921875,Yahoo Finance via yfinance,0.0737007989849064,71.99920655944389,49.623206516450665,0.9988109852217439,-0.001189014778256059,-0.1189014778256059
2022-10-27,1514.3748779296875,Yahoo Finance via yfinance,-0.03388364585290344,80.95709009575019,50.774749517410875,1509.83984375,Yahoo Finance via yfinance,-0.03569307415672768,84.32171618622597,51.63674227793288,0.997005342438137,-0.0029946575618630122,-0.2994657561863012
2022-10-28,1555.4779052734375,Yahoo Finance via yfinance,0.026780101013655827,80.45960845465629,51.375807310703905,1551.7755126953125,Yahoo Finance via yfinance,0.027396185957250796,83.73250163233583,52.25720144681624,0.9976197716691616,-0.0023802283308383965,-0.23802283308383965
2022-10-29,1619.698486328125,Yahoo Finance via yfinance,0.04045717937677171,80.00732082280312,52.773102899894596,1614.005126953125,Yahoo Finance via yfinance,0.03931897897638903,83.33769242358542,53.559747458133245,0.9964849264087992,-0.0035150735912008457,-0.3515073591200846
2022-10-30,1590.7833251953125,Yahoo Finance via yfinance,-0.018013460099468862,86.6357750829801,53.29966752081495,1587.7884521484375,Yahoo Finance via yfinance,-0.016376608973971647,89.02810160978211,54.00457539073745,0.9981173595426597,-0.0018826404573403233,-0.18826404573403233
2022-10-31,1572.7144775390625,Yahoo Finance via yfinance,-0.011423459268426934,86.09798158081333,53.259296599491215,1570.4429931640625,Yahoo Finance via yfinance,-0.010984396608410444,87.40939468611192,53.978506717193866,0.9985556918261767,-0.0014443081738233499,-0.14443081738233499
2022-11-01,1579.70458984375,Yahoo Finance via yfinance,0.004434768101308678,69.4072382512501,51.87597002059244,1577.31005859375,Yahoo Finance via yfinance,0.0043631607758904435,71.72250302844571,52.53482084982104,0.9984841904838443,-0.0015158095161557084,-0.15158095161557084
2022-11-02,1519.7117919921875,Yahoo Finance via yfinance,-0.038717154756392515,57.01695216158238,53.137877049001816,1520.44287109375,Yahoo Finance via yfinance,-0.036719246605068506,56.292656652513486,53.720990392446375,1.0004810643079922,0.00048106430799221833,0.04810643079922183
2022-11-03,1531.541748046875,Yahoo Finance via yfinance,0.007754200150845921,51.55746715516785,52.433626068265205,1528.98583984375,Yahoo Finance via yfinance,0.0056030108649435684,49.706190387008505,53.02389959196877,0.998331153423415,-0.001668846576584948,-0.1668846576584948
2022-11-04,1645.0933837890625,Yahoo Finance via yfinance,0.07152224436768091,71.21901935444502,57.309531866113005,1643.239501953125,Yahoo Finance via yfinance,0.07206493370638005,70.01554924589747,57.887500831539676,0.9988730841335781,-0.0011269158664218848,-0.11269158664218848
2022-11-05,1627.968017578125,Yahoo Finance via yfinance,-0.010464528701810014,66.43398281913234,57.56295769637031,1627.4814453125,Yahoo Finance via yfinance,-0.009635905247406302,65.55313536889902,58.1319060341219,0.9997011168153359,-0.00029888318466408936,-0.029888318466408936
2022-11-06,1572.2347412109375,Yahoo Finance via yfinance,-0.03483461283610738,70.31757079176954,58.9131078368025,1571.965087890625,Yahoo Finance via yfinance,-0.034707209266530724,69.74342870423736,59.30530446564512,0.9998284904198816,-0.00017150958011835638,-0.017150958011835638
2022-11-07,1568.59130859375,Yahoo Finance via yfinance,-0.0023200484163604517,69.85560891288947,58.61361717215745,1560.860107421875,Yahoo Finance via yfinance,-0.007089464804585973,69.47505528070793,59.17265192351442,0.995071245690628,-0.004928754309372008,-0.49287543093720076
2022-11-08,1332.8355712890625,Yahoo Finance via yfinance,-0.16286927969588255,135.9995588788903,83.06758233052427,1316.6998291015625,Yahoo Finance via yfinance,-0.1701085436476783,139.95524217229504,85.28521861970617,0.9878936738071192,-0.012106326192880768,-1.2106326192880768
2022-11-09,1100.1697998046875,Yahoo Finance via yfinance,-0.19184414986642734,182.79168514562207,106.55042816458338,1073.9111328125,Yahoo Finance via yfinance,-0.20382122804640712,190.7027561987892,110.94040719545187,0.9761321688735237,-0.02386783112647628,-2.386783112647628
2022-11-10,1299.464599609375,Yahoo Finance via yfinance,0.16648780183080164,238.66580566736917,122.22036001421532,1271.8834228515625,Yahoo Finance via yfinance,0.16919156347557993,247.6345434850147,126.62494486994855,0.9787749687324275,-0.02122503126757247,-2.122503126757247
2022-11-11,1287.2210693359375,Yahoo Finance via yfinance,-0.009466648272293352,225.8779780707054,122.19694078527532,1272.462158203125,Yahoo Finance via yfinance,0.00045491883323758777,235.42850541387628,126.55500668284472,0.988534284060137,-0.011465715939863008,-1.1465715939863008
2022-11-12,1255.268310546875,Yahoo Finance via yfinance,-0.025136341911160882,225.15402512947747,122.49691117552048,1192.884033203125,Yahoo Finance via yfinance,-0.06457979849118681,234.95276709810557,128.5220992323379,0.9503020375647248,-0.049697962435275245,-4.969796243527524
2022-11-13,1221.8192138671875,Yahoo Finance via yfinance,-0.027008436018424144,225.27367365285906,122.79442540982753,1188.202880859375,Yahoo Finance via yfinance,-0.003931950864186564,236.7674716914716,128.48665157055456,0.9724866554509213,-0.027513344549078722,-2.751334454907872
2022-11-14,1241.604248046875,Yahoo Finance via yfinance,0.016063384891228275,227.32850705005174,122.81873995458923,1212.649169921875,Yahoo Finance via yfinance,0.020365381507829287,239.8971542977784,128.6445257278458,0.9766793016610983,-0.023320698338901713,-2.3320698338901713
2022-11-15,1251.7362060546875,Yahoo Finance via yfinance,0.008127260568099008,199.97100983282323,122.52927305792085,1235.1871337890625,Yahoo Finance via yfinance,0.018415120934386395,212.92338469942388,128.52481872326462,0.9867791055451007,-0.013220894454899268,-1.3220894454899268
2022-11-16,1215.6025390625,Yahoo Finance via yfinance,-0.02929168164834802,132.6592999560354,122.66782509814256,1188.6947021484375,Yahoo Finance via yfinance,-0.038366667786825,142.89342971137825,128.93224086847513,0.9778646094842691,-0.02213539051573088,-2.213539051573088
2022-11-17,1200.80859375,Yahoo Finance via yfinance,-0.012244712791506736,33.92880402812585,122.62355432547693,1171.6785888671875,Yahoo Finance via yfinance,-0.014418404186760722,58.66794831903754,128.92186556799535,0.9757413420969594,-0.024258657903040604,-2.4258657903040604
2022-11-18,1212.30029296875,Yahoo Finance via yfinance,0.009524465435230129,37.16333059004573,122.5556398381171,1179.2781982421875,Yahoo Finance via yfinance,0.006465142947249383,59.58031828913213,128.81780799582086,0.9727607962168382,-0.027239203783161803,-2.7239203783161803
2022-11-19,1218.4267578125,Yahoo Finance via yfinance,0.005040860358800193,35.32124643364282,122.57996502271507,1205.022705078125,Yahoo Finance via yfinance,0.021595854243514987,42.31045431054631,129.09378960782735,0.9889988851209736,-0.011001114879026441,-1.1001114879026441
2022-11-20,1142.4666748046875,Yahoo Finance via yfinance,-0.06437080909304099,54.86134834097272,124.36843841349159,1130.0537109375,Yahoo Finance via yfinance,-0.06423324575584204,63.881178640143375,130.78493249086767,0.9891349444662711,-0.010865055533728851,-1.0865055533728851
2022-11-21,1108.35302734375,Yahoo Finance via yfinance,-0.030314520385908678,51.803599231406224,124.56362849013483,1102.2249755859375,Yahoo Finance via yfinance,-0.024934321428868974,60.27694829827895,130.8238014206469,0.9944710289892934,-0.005528971010706596,-0.5528971010706596
2022-11-22,1135.1734619140625,Yahoo Finance via yfinance,0.023910314822505673,57.280074948584335,124.09440172775383,1113.0321044921875,Yahoo Finance via yfinance,0.009757074914979071,57.74717051231287,129.9538253290806,0.9804951770238343,-0.019504822976165737,-1.9504822976165737
2022-11-23,1183.1995849609375,Yahoo Finance via yfinance,0.04143681250133044,67.6050827460432,125.15630796659877,1154.8187255859375,Yahoo Finance via yfinance,0.03685546722770289,64.30655266853708,130.7682097765075,0.9760134640548095,-0.023986535945190512,-2.3986535945190512
2022-11-24,1203.983154296875,Yahoo Finance via yfinance,0.017413073703338357,68.74972153169406,121.41861587224483,1169.781982421875,Yahoo Finance via yfinance,0.012874007524322812,64.66923059810006,127.10470291633284,0.9715933136166066,-0.028406686383393387,-2.8406686383393387
2022-11-25,1198.9259033203125,Yahoo Finance via yfinance,-0.004209279937229201,68.35223585799083,118.31217339400142,1179.559326171875,Yahoo Finance via yfinance,0.008323524694262775,64.80008754667533,123.86927672839663,0.9838467272290943,-0.016153272770905724,-1.6153272770905724
2022-11-26,1205.89794921875,Yahoo Finance via yfinance,0.005798400099244531,68.39907941555857,118.06755689637791,1176.294189453125,Yahoo Finance via yfinance,-0.0027719370391839646,62.20463751857543,123.5221511893482,0.9754508581884528,-0.024549141811547215,-2.4549141811547215
2022-11-27,1195.126953125,Yahoo Finance via yfinance,-0.008972058837567288,45.161089698756804,117.41431319355718,1168.3388671875,Yahoo Finance via yfinance,-0.006786010946644595,36.62826437852375,122.8517425144952,0.9775855729239016,-0.02241442707609842,-2.241442707609842
2022-11-28,1170.086181640625,Yahoo Finance via yfinance,-0.021175011046580646,40.919507798713816,116.12203382619464,1153.941650390625,Yahoo Finance via yfinance,-0.01239936445649169,31.156058916783785,121.58509027065512,0.986202271675952,-0.01379772832404802,-1.379772832404802
2022-11-29,1216.9012451171875,Yahoo Finance via yfinance,0.039230258929018644,45.805341406605265,117.3866453778902,1184.9248046875,Yahoo Finance via yfinance,0.026495712725939802,34.38168188562077,122.27235462691395,0.9737230604718395,-0.02627693952816046,-2.627693952816046
2022-11-30,1295.6885986328125,Yahoo Finance via yfinance,0.06273462567793704,56.13392673031583,120.0091088390878,1247.53955078125,Yahoo Finance via yfinance,0.05149393556027625,42.32001322802661,124.12143761191913,0.9628390279096625,-0.03716097209033753,-3.716097209033753
2022-12-01,1276.27392578125,Yahoo Finance via yfinance,-0.015097452965501133,59.384843346750785,119.97934298905359,1245.3760986328125,Yahoo Finance via yfinance,-0.0017356806212664008,43.23831387466001,124.06522007355917,0.9757905990835597,-0.024209400916440305,-2.4209400916440305
2022-12-02,1294.3033447265625,Yahoo Finance via yfinance,0.01402775539992225,58.49578135481883,119.64056986752641,1266.714599609375,Yahoo Finance via yfinance,0.016989047592348518,43.61360430586267,123.9079754431211,0.9786844828690325,-0.021315517130967465,-2.1315517130967465
2022-12-03,1243.3348388671875,Yahoo Finance via yfinance,-0.04017543678819541,69.36260923371927,120.1467543696371,1234.787353515625,Yahoo Finance via yfinance,-0.02552784727860142,50.30757609396355,124.01410767445178,0.9931253552266337,-0.006874644773366301,-0.6874644773366301
2022-12-04,1280.256591796875,Yahoo Finance via yfinance,0.02926336431092535,70.37697393929946,117.54900932731307,1245.364501953125,Yahoo Finance via yfinance,0.008529487853712193,48.96453792419042,120.84760640820119,0.9727460182065706,-0.027253981793429416,-2.7253981793429416
2022-12-05,1259.6767578125,Yahoo Finance via yfinance,-0.01620537355058696,69.1254621362087,117.5790105629658,1243.45263671875,Yahoo Finance via yfinance,-0.0015363648704716595,46.6329619426786,120.87729826928559,0.987120409269181,-0.012879590730819013,-1.2879590730819013
2022-12-06,1271.65380859375,Yahoo Finance via yfinance,0.009463118187259801,64.81728545850861,117.34762816565616,1249.2392578125,Yahoo Finance via yfinance,0.004642877446099171,44.75422860610039,120.60178596591116,0.9823737005859818,-0.017626299414018165,-1.7626299414018165
2022-12-07,1232.4375,Yahoo Finance via yfinance,-0.0313243491098491,48.524792463719926,117.63553314115876,1202.6607666015625,Yahoo Finance via yfinance,-0.03799836459472687,37.34117973393294,121.06440164774415,0.9758391533863279,-0.024160846613672127,-2.4160846613672127
2022-12-08,1281.1163330078125,Yahoo Finance via yfinance,0.0387379172952175,57.83868364118151,104.52653640704261,1246.16845703125,Yahoo Finance via yfinance,0.035537201785096485,47.72215697703471,106.98552580755086,0.972720763075035,-0.027279236924965033,-2.7279236924965033
2022-12-09,1264.2847900390625,Yahoo Finance via yfinance,-0.01322525408327693,57.31841430079956,79.00015189658892,1233.8612060546875,Yahoo Finance via yfinance,-0.009925165162929812,45.845091011793635,78.4948647929725,0.9759361306692339,-0.024063869330766097,-2.4063869330766097
2022-12-10,1266.3841552734375,Yahoo Finance via yfinance,0.0016591389560043366,48.2049545113039,53.207336348959664,1240.4971923828125,Yahoo Finance via yfinance,0.005363816529066304,42.201931011983646,51.38501068278332,0.9795583648272703,-0.020441635172729677,-2.0441635172729677
2022-12-11,1263.8685302734375,Yahoo Finance via yfinance,-0.001988438422173628,42.662369526028414,53.11894475833218,1245.4107666015625,Yahoo Finance via yfinance,0.003953147661679311,41.810305603920575,51.410526713170256,0.9853958198738585,-0.014604180126141508,-1.4604180126141508
2022-12-12,1274.6190185546875,Yahoo Finance via yfinance,0.008470045525837319,41.307425239749165,52.45523946626564,1239.33837890625,Yahoo Finance via yfinance,-0.004887736691957546,41.955266069695746,46.01031319579167,0.9723206392381915,-0.027679360761808547,-2.7679360761808547
2022-12-13,1320.5491943359375,Yahoo Finance via yfinance,0.03540038140457801,47.98496543045544,52.84996322249768,1279.22705078125,Yahoo Finance via yfinance,0.03167835713143287,48.05890134526632,47.165374425700016,0.9687083648743073,-0.03129163512569266,-3.1291635125692663
2022-12-14,1309.3287353515625,Yahoo Finance via yfinance,-0.008533116264882437,39.43787148276229,52.75704659546815,1283.0943603515625,Yahoo Finance via yfinance,0.0030186006252534976,33.489153599891296,46.72258236992758,0.9799634925197331,-0.020036507480266863,-2.0036507480266863
2022-12-15,1266.3538818359375,Yahoo Finance via yfinance,-0.03337277794308664,40.331477989243076,54.09656961498227,1243.3145751953125,Yahoo Finance via yfinance,-0.031493771679249695,36.33741902655667,47.73208395232525,0.9818065811057308,-0.018193418894269175,-1.8193418894269175
2022-12-16,1168.2593994140625,Yahoo Finance via yfinance,-0.0806268638905218,70.31521436341498,60.254329286780994,1163.4176025390625,Yahoo Finance via yfinance,-0.0664189752641226,60.36769359148866,51.444756585993424,0.995855546398832,-0.004144453601167997,-0.41444536011679967
2022-12-17,1188.1495361328125,Yahoo Finance via yfinance,0.016882136897420408,72.8340483790215,60.44612681672204,1176.43115234375,Yahoo Finance via yfinance,0.011123525792734717,61.302487195386256,51.35990868240526,0.9901372820232683,-0.00986271797673166,-0.9862717976731661
2022-12-18,1184.7152099609375,Yahoo Finance via yfinance,-0.002894668628354817,72.78306775312518,60.34583465198893,1160.5067138671875,Yahoo Finance via yfinance,-0.013628676389650618,60.60175262490569,51.52616534497796,0.9795659784814038,-0.02043402151859619,-2.043402151859619
2022-12-19,1167.60986328125,Yahoo Finance via yfinance,-0.014543609111301281,71.25783115458148,60.495057031135424,1151.421875,Yahoo Finance via yfinance,-0.00785914034899889,60.48454338888058,50.95502325607366,0.9861357900525454,-0.013864209947454631,-1.386420994745463
2022-12-20,1217.70361328125,Yahoo Finance via yfinance,0.04200799338122731,74.0658122028681,57.88595932133384,1192.3203125,Yahoo Finance via yfinance,0.0349036593955781,61.8818383751584,47.191828077397346,0.9791547791232617,-0.020845220876738346,-2.0845220876738346
2022-12-21,1213.5999755859375,Yahoo Finance via yfinance,-0.0033756718913286222,74.28830149724523,56.737063000879196,1173.1126708984375,Yahoo Finance via yfinance,-0.016240632404725213,60.963340427426424,46.666744958328614,0.9666386737788517,-0.03336132622114829,-3.336132622114829
2022-12-22,1218.18212890625,Yahoo Finance via yfinance,0.0037685602956308416,72.25030620529357,56.23660322400094,1190.63134765625,Yahoo Finance via yfinance,0.014823092003205335,61.4963610105262,46.80492165838538,0.9773836928023755,-0.02261630719762453,-2.261630719762453
2022-12-23,1220.159423828125,Yahoo Finance via yfinance,0.0016218362460934089,35.123157370544625,54.439939110824135,1189.712890625,Yahoo Finance via yfinance,-0.000771701052359878,34.90011770181089,45.11266423926815,0.975047085972092,-0.024952914027908002,-2.4952914027908
2022-12-24,1221.1485595703125,Yahoo Finance via yfinance,0.0008103326602292066,34.0533384712518,54.117972489062026,1197.515625,Yahoo Finance via yfinance,0.006537088603323419,34.41994097901351,44.95647891960343,0.9806469619235941,-0.01935303807640587,-1.935303807640587
2022-12-25,1218.9620361328125,Yahoo Finance via yfinance,-0.001792151574256242,33.9283241491585,54.09822116509251,1190.2822265625,Yahoo Finance via yfinance,-0.006058654051715729,32.645332617942096,44.932672747670324,0.9764719419307759,-0.02352805806922409,-2.352805806922409
2022-12-26,1226.974365234375,Yahoo Finance via yfinance,0.00655156671818168,30.090038330555746,54.10805050866829,1196.5601806640625,Yahoo Finance via yfinance,0.005260480172340907,31.180928324059526,44.95086571968905,0.9752120456367458,-0.024787954363254205,-2.4787954363254205
2022-12-27,1212.7916259765625,Yahoo Finance via yfinance,-0.011626442101575315,11.244897291312434,54.174894129403924,1174.5302734375,Yahoo Finance via yfinance,-0.018582623974491494,23.45352206435353,45.380098085091724,0.9684518331759969,-0.03154816682400308,-3.1548166824003077
2022-12-28,1189.986083984375,Yahoo Finance via yfinance,-0.01898321825514631,17.510048625193427,54.069871164113295,1162.3255615234375,Yahoo Finance via yfinance,-0.010445507764082434,21.63822058662935,45.317024463707945,0.9767555916550528,-0.02324440834494723,-2.324440834494723
2022-12-29,1201.5953369140625,Yahoo Finance via yfinance,0.009708508365278899,19.300804383606714,52.36632262689537,1176.5572509765625,Yahoo Finance via yfinance,0.012169797498281903,20.48833105420154,44.54126739035833,0.9791626305726162,-0.02083736942738379,-2.083736942738379
2022-12-30,1199.2327880859375,Yahoo Finance via yfinance,-0.0019681122243845202,19.068375667085306,47.14802883815141,1175.7313232421875,Yahoo Finance via yfinance,-0.0007022333716774257,20.49030447243024,40.44395663091657,0.9804029167003847,-0.019597083299615292,-1.9597083299615292
2022-12-31,1196.771240234375,Yahoo Finance via yfinance,-0.002054711668669348,18.879717971050926,46.93114540698028,1177.536865234375,Yahoo Finance via yfinance,0.0015344977298540612,19.566169949751984,40.46248442218652,0.9839281106084793,-0.01607188939152071,-1.607188939152071
2023-01-01,1200.96484375,Yahoo Finance via yfinance,0.0034979727916243848,19.443304192294043,46.61713973336762,1180.9114990234375,Yahoo Finance via yfinance,0.002861742612873481,19.6126632797639,39.93042798609098,0.9833023049501215,-0.016697695049878503,-1.6697695049878503
2023-01-02,1214.6566162109375,Yahoo Finance via yfinance,0.011336146257185528,20.987773125186298,44.80402766330494,1186.0303955078125,Yahoo Finance via yfinance,0.004325331751295023,19.43817619807503,39.09736108843928,0.976432663914166,-0.023567336085833945,-2.3567336085833945
2023-01-03,1214.77880859375,Yahoo Finance via yfinance,0.0001005932338583726,19.1540140376956,43.47807024493122,1185.2254638671875,Yahoo Finance via yfinance,-0.0006789074813329728,12.950131641173575,38.93631176479696,0.9756718305279181,-0.02432816947208194,-2.432816947208194
2023-01-04,1256.526611328125,Yahoo Finance via yfinance,0.03378924703011539,24.190021904306047,44.86116851073589,1236.879638671875,Yahoo Finance via yfinance,0.04265876632762158,29.658284393781702,41.89199566420526,0.9843640616289985,-0.015635938371001523,-1.5635938371001523
2023-01-05,1250.4385986328125,Yahoo Finance via yfinance,-0.004856888032440565,25.719168087045635,44.75557220171292,1236.9334716796875,Yahoo Finance via yfinance,4.352229163611678e-05,30.129231544735024,41.856100202212865,0.9891996880391479,-0.010800311960852071,-1.0800311960852071
2023-01-06,1269.3790283203125,Yahoo Finance via yfinance,0.015033458138128267,25.568423588228388,43.652456811643006,1229.8447265625,Yahoo Finance via yfinance,-0.005747387126618449,31.132548293257155,39.656987253659246,0.9688554002580886,-0.031144599741911416,-3.1144599741911416
2023-01-07,1264.2703857421875,Yahoo Finance via yfinance,-0.004032641195671222,26.082014300076295,41.4926045513191,1236.379150390625,Yahoo Finance via yfinance,0.005299145126478798,30.890301232127726,37.670886795800165,0.9779388684049662,-0.022061131595033756,-2.2061131595033756
2023-01-08,1287.3594970703125,Yahoo Finance via yfinance,0.01809803349242052,26.72679640995857,41.71581701462783,1259.1114501953125,Yahoo Finance via yfinance,0.01821920596147219,31.63071687303377,38.03965038532699,0.9780573748519469,-0.02194262514805312,-2.194262514805312
2023-01-09,1321.5389404296875,Yahoo Finance via yfinance,0.026203702356813168,29.242514739677627,42.6618298116234,1291.0877685546875,Yahoo Finance via yfinance,0.025078820554979203,33.211605739635694,38.956035002832564,0.9769577944747515,-0.023042205525248494,-2.3042205525248494
2023-01-10,1336.5860595703125,Yahoo Finance via yfinance,0.011321724802568729,27.5258094336115,42.78040231347965,1315.6378173828125,Yahoo Finance via yfinance,0.01883648577846842,31.58466156326017,39.425144492465826,0.984327053213293,-0.015672946786707054,-1.5672946786707054
2023-01-11,1387.9327392578125,Yahoo Finance via yfinance,0.03769675589136458,29.349137809266395,44.527367438203235,1347.8834228515625,Yahoo Finance via yfinance,0.024213946916353292,23.50171777933078,40.10214166333263,0.9711446273486811,-0.028855372651318878,-2.885537265131888
2023-01-12,1417.9384765625,Yahoo Finance via yfinance,0.021388637532641704,24.73313680800375,43.493974962544144,1393.51220703125,Yahoo Finance via yfinance,0.03329180069461957,25.176298536997333,40.25205327527942,0.9827733925448822,-0.017226607455117837,-1.7226607455117837
2023-01-13,1451.6148681640625,Yahoo Finance via yfinance,0.023472599213271415,24.87629910275038,43.91468702784573,1422.3819580078125,Yahoo Finance via yfinance,0.020505573625959114,16.302488754166706,40.72056553088878,0.9798618002630254,-0.020138199736974616,-2.0138199736974616
2023-01-14,1550.7069091796875,Yahoo Finance via yfinance,0.06603425849276162,34.658876031497684,47.00681198174031,1502.7335205078125,Yahoo Finance via yfinance,0.05495289514679783,24.82438084926752,42.51237091082088,0.9690635358700681,-0.030936464129931895,-3.0936464129931895
2023-01-15,1552.4794921875,Yahoo Finance via yfinance,0.0011424277960363034,39.74452719331879,34.99397266866885,1518.438232421875,Yahoo Finance via yfinance,0.010396531316681874,27.2033537181102,33.447990541134196,0.9780729729848736,-0.021927027015126388,-2.192702701512639
2023-01-16,1576.83349609375,Yahoo Finance via yfinance,0.015565394516856729,40.56758501599041,34.96190652305911,1542.8001708984375,Yahoo Finance via yfinance,0.015916730153233385,28.327789885871642,33.53018788158794,0.9784166652473946,-0.021583334752605432,-2.158333475260543
2023-01-17,1567.8460693359375,Yahoo Finance via yfinance,-0.005715972671190544,45.66654367801262,35.100699204997525,1534.0797119140625,Yahoo Finance via yfinance,-0.005668393090415102,36.229814460768964,32.96309178096507,0.9784632190096463,-0.02153678099035372,-2.153678099035372
2023-01-18,1515.5069580078125,Yahoo Finance via yfinance,-0.03395273830849871,58.85120130238472,37.3441021637132,1507.7830810546875,Yahoo Finance via yfinance,-0.01729025124855946,45.78421497256927,33.736174524625504,0.9949034368253391,-0.005096563174660895,-0.5096563174660895
2023-01-19,1552.5565185546875,Yahoo Finance via yfinance,0.024152930294644378,59.136570344590076,35.827837820942136,1537.323974609375,Yahoo Finance via yfinance,0.019402812300771205,43.64437757655544,32.653363845161984,0.9901887346687431,-0.009811265331256869,-0.9811265331256869
2023-01-20,1659.754150390625,Yahoo Finance via yfinance,0.06676655019692047,70.91110418615463,40.9834491251272,1629.5802001953125,Yahoo Finance via yfinance,0.05827920967025118,54.2807146670916,35.75364461071992,0.9818202291054907,-0.018179770894509284,-1.8179770894509284
2023-01-21,1627.1181640625,Yahoo Finance via yfinance,-0.01985903666710156,63.046678913252705,42.27552866836649,1614.9197998046875,Yahoo Finance via yfinance,-0.009037139877703982,48.1212634763828,36.39174466664054,0.9925030864216055,-0.007496913578394548,-0.7496913578394548
2023-01-22,1628.382080078125,Yahoo Finance via yfinance,0.0007764804081359887,63.06745816525654,42.296752665785945,1603.1761474609375,Yahoo Finance via yfinance,-0.007298542160905579,49.764807957954844,36.70834387431112,0.9845208732486308,-0.015479126751369199,-1.5479126751369199
2023-01-23,1628.2510986328125,Yahoo Finance via yfinance,-8.043979054159996e-05,62.75869049128055,42.321238737439536,1612.5760498046875,Yahoo Finance via yfinance,0.00584617752826405,49.289447995103544,36.71720104812454,0.9903730764614335,-0.009626923538566534,-0.9626923538566534
2023-01-24,1556.604248046875,Yahoo Finance via yfinance,-0.04499980858207428,72.3575925049568,46.28206133461285,1557.0418701171875,Yahoo Finance via yfinance,-0.03504514722175307,57.51429146685072,39.584910554034884,1.0002811389412958,0.00028113894129577766,0.028113894129577766
2023-01-25,1611.7110595703125,Yahoo Finance via yfinance,0.03478969998133842,70.32730828598721,47.19832179588103,1597.9990234375,Yahoo Finance via yfinance,0.02596445220495194,57.112583862767885,39.998406976557476,0.9914922491526067,-0.008507750847393303,-0.8507750847393303
2023-01-26,1603.10595703125,Yahoo Finance via yfinance,-0.005353413924201912,69.63090497819032,46.90153654501879,1574.068603515625,Yahoo Finance via yfinance,-0.015088501722039504,58.44923254434353,39.70556205114678,0.9818868157851534,-0.018113184214846645,-1.8113184214846645
2023-01-27,1598.156494140625,Yahoo Finance via yfinance,-0.003092196850388313,45.90626817037077,46.0145445928343,1577.7843017578125,Yahoo Finance via yfinance,0.0023577876729703596,36.21222989293118,39.13254374159297,0.9872526924256143,-0.012747307574385691,-1.2747307574385691
2023-01-28,1572.43505859375,Yahoo Finance via yfinance,-0.01622536325299565,45.280890506005704,46.90375521714182,1558.851806640625,Yahoo Finance via yfinance,-0.012071993298859498,36.50285759635021,39.88424932849499,0.9913616451891675,-0.008638354810832527,-0.8638354810832527
2023-01-29,1646.1556396484375,Yahoo Finance via yfinance,0.04581724352364491,58.46652547631813,48.4382002830555,1631.4501953125,Yahoo Finance via yfinance,0.04551978077403265,51.40525256139898,41.6341088442625,0.991066795883846,-0.008933204116153948,-0.8933204116153948
2023-01-30,1567.3265380859375,Yahoo Finance via yfinance,-0.04907132817840733,69.043834392772,52.57844911974012,1554.2767333984375,Yahoo Finance via yfinance,-0.04845899544314136,62.92033800963732,46.42833398232874,0.9916738443646613,-0.008326155635338672,-0.8326155635338672
2023-01-31,1586.535400390625,Yahoo Finance via yfinance,0.012181319413260568,60.99437712186625,52.551492041197754,1569.1392822265625,Yahoo Finance via yfinance,0.009516926935792702,58.134016154301605,46.371027174920656,0.9890351528495491,-0.010964847150450874,-1.0964847150450874
2023-02-01,1641.792724609375,Yahoo Finance via yfinance,0.034236124265502516,60.818376431323806,53.26640365216934,1606.29638671875,Yahoo Finance via yfinance,0.023403906988261336,57.49381801807514,46.581411307475186,0.9783795254062473,-0.021620474593752714,-2.1620474593752714
2023-02-02,1643.2415771484375,Yahoo Finance via yfinance,0.0008820928489129534,60.4854787273458,53.248736385965714,1630.4093017578125,Yahoo Finance via yfinance,0.01489994053442844,56.54158858491169,46.44399261631803,0.9921908771241699,-0.007809122875830132,-0.7809122875830132
2023-02-03,1664.74560546875,Yahoo Finance via yfinance,0.013001459829638557,60.52957471327443,52.572690209226344,1651.2503662109375,Yahoo Finance via yfinance,0.012701709962497915,56.73789728871464,44.99671678840681,0.991893512610287,-0.00810648738971298,-0.810648738971298
2023-02-04,1667.0592041015625,Yahoo Finance via yfinance,0.0013887962452246037,57.9043432234356,52.40472163550381,1649.313232421875,Yahoo Finance via yfinance,-0.0011738201392567055,55.089413573356104,45.03135428207663,0.9893549241466494,-0.010645075853350616,-1.0645075853350616
2023-02-05,1631.6458740234375,Yahoo Finance via yfinance,-0.02147187445568897,51.442191381752636,53.46335559473694,1614.50830078125,Yahoo Finance via yfinance,-0.02132852589575531,48.14710638023812,46.016504889741675,0.9894967569158077,-0.01050324308419226,-1.050324308419226
2023-02-06,1616.2470703125,Yahoo Finance via yfinance,-0.009482405582902836,34.071242414462574,53.65590856510097,1607.0457763671875,Yahoo Finance via yfinance,-0.004632880642731605,28.55282544259167,46.24880237600131,0.9943070003873025,-0.005692999612697536,-0.5692999612697536
2023-02-07,1672.0035400390625,Yahoo Finance via yfinance,0.03391579345123585,40.16435751790339,54.30341031303678,1641.229248046875,Yahoo Finance via yfinance,0.021047930607529453,30.841482908799716,46.33222158540399,0.9815943619404845,-0.01840563805951545,-1.840563805951545
2023-02-08,1650.716796875,Yahoo Finance via yfinance,-0.012813015981606406,35.16698079891556,54.42704209053806,1631.0474853515625,Yahoo Finance via yfinance,-0.00622306509108696,28.223545210087963,46.23731928228246,0.9880843815482621,-0.011915618451737942,-1.1915618451737942
2023-02-09,1546.438232421875,Yahoo Finance via yfinance,-0.06525524381958801,59.23560347952383,60.00357567998369,1540.133056640625,Yahoo Finance via yfinance,-0.05735362436185429,48.999273923826955,51.30615039552114,0.9959227755437892,-0.004077224456210837,-0.40772244562108373
2023-02-10,1514.869140625,Yahoo Finance via yfinance,-0.020625312701673705,56.6716612469326,59.432419889656984,1506.987548828125,Yahoo Finance via yfinance,-0.021756155723204714,46.32912680549532,51.672088263066726,0.9947971797790909,-0.005202820220909121,-0.5202820220909121
2023-02-11,1539.9267578125,Yahoo Finance via yfinance,0.016405796026875204,60.00736680683355,59.262673841364254,1523.6121826171875,Yahoo Finance via yfinance,0.010971294146293603,48.978952458195124,50.64052667961442,0.9894056161356092,-0.010594383864390822,-1.0594383864390822
2023-02-12,1515.03369140625,Yahoo Finance via yfinance,-0.016297178166478982,59.59034496316343,59.13588476762916,1507.97509765625,Yahoo Finance via yfinance,-0.010316195573451118,48.25081994069331,50.43841112848894,0.9953409658213949,-0.004659034178605137,-0.4659034178605137
2023-02-13,1507.1658935546875,Yahoo Finance via yfinance,-0.005206681693073825,59.71867171954804,54.36827066094268,1474.7559814453125,Yahoo Finance via yfinance,-0.02227521616143988,48.79098505629037,47.32068614264931,0.9784961215961865,-0.021503878403813514,-2.1503878403813514
2023-02-14,1556.8751220703125,Yahoo Finance via yfinance,0.03244968986860499,59.0689171404431,55.602558393929705,1526.7977294921875,Yahoo Finance via yfinance,0.034680014988093276,55.04630908308905,48.768567923635615,0.9806809215769802,-0.01931907842301983,-1.931907842301983
2023-02-15,1673.7459716796875,Yahoo Finance via yfinance,0.07238352581533515,83.67906949652672,60.874436678422626,1642.2694091796875,Yahoo Finance via yfinance,0.07290651658613775,81.79180325248899,54.76529839701292,0.9811939427890531,-0.018806057210946858,-1.8806057210946858
2023-02-16,1640.067626953125,Yahoo Finance via yfinance,-0.020326734323949925,66.177700033933,61.318877396201785,1628.8590087890625,Yahoo Finance via yfinance,-0.008199296271538386,66.79196898347115,54.81747312003564,0.9931657585456488,-0.0068342414543511865,-0.6834241454351186
2023-02-17,1694.7833251953125,Yahoo Finance via yfinance,0.03281742398510527,63.100133898436006,60.881266529851054,1671.5596923828125,Yahoo Finance via yfinance,0.025877363005523388,62.60735712095278,54.97343390774121,0.9862969900238878,-0.01370300997611218,-1.370300997611218
2023-02-18,1691.8194580078125,Yahoo Finance via yfinance,-0.0017503487323079013,64.3837106289788,60.45640169349451,1673.977783203125,Yahoo Finance via yfinance,0.0014455621908519888,63.33594823901074,54.67305178533996,0.989454149661042,-0.010545850338958052,-1.0545850338958052
2023-02-19,1681.4361572265625,Yahoo Finance via yfinance,-0.006156268459437538,61.903170933362986,55.936872679395385,1667.244384765625,Yahoo Finance via yfinance,-0.004030505733724324,62.05097878072435,50.91106073614281,0.991559731602093,-0.008440268397907014,-0.8440268397907014
2023-02-20,1702.6751708984375,Yahoo Finance via yfinance,0.012552360417918552,59.684895615206855,55.59847277202182,1674.0089111328125,Yahoo Finance via yfinance,0.004049100747701515,55.125648813715124,50.798553529401225,0.9831639879082169,-0.016836012091783092,-1.6836012091783092
2023-02-21,1658.036376953125,Yahoo Finance via yfinance,-0.026566647410582005,65.57064213781672,56.45549842357801,1642.1993408203125,Yahoo Finance via yfinance,-0.019184890418369384,58.86775041552917,51.21625416331202,0.9904483180508288,-0.00955168194917122,-0.955168194917122
2023-02-22,1643.231689453125,Yahoo Finance via yfinance,-0.00896915151985511,38.42075032205822,56.55406337519785,1619.0992431640625,Yahoo Finance via yfinance,-0.014166433024008017,28.245885193085314,51.443368602377426,0.9853140330460071,-0.014685966953992935,-1.4685966953992935
2023-02-23,1651.0738525390625,Yahoo Finance via yfinance,0.00476105072802483,35.55457033569998,54.14918483014417,1645.5224609375,Yahoo Finance via yfinance,0.01618796735644426,30.41199899864931,50.12061066096833,0.9966377084871004,-0.0033622915128995734,-0.33622915128995734
2023-02-24,1608.3731689453125,Yahoo Finance via yfinance,-0.026202681869558177,28.151772111146762,53.67272189172928,1596.73193359375,Yahoo Finance via yfinance,-0.03009894031544171,29.92267873791055,50.53773883986239,0.9927621054763079,-0.007237894523692057,-0.7237894523692057
2023-02-25,1594.9149169921875,Yahoo Finance via yfinance,-0.00840282283684143,27.735467292481598,53.721026867881996,1593.8157958984375,Yahoo Finance via yfinance,-0.0018279861356642133,29.481164133543796,50.25116947377146,0.9993108591047459,-0.0006891408952540701,-0.06891408952540701
2023-02-26,1640.817138671875,Yahoo Finance via yfinance,0.02837398180046356,38.55312994319058,54.61934831799208,1625.8291015625,Yahoo Finance via yfinance,0.01988688923831995,35.41365228614738,50.706355446756966,0.9908655042928752,-0.009134495707124768,-0.9134495707124768
2023-02-27,1634.326416015625,Yahoo Finance via yfinance,-0.003963631545004294,36.140654499075744,54.30262091182758,1625.0008544921875,Yahoo Finance via yfinance,-0.000509560388842343,34.96532917466074,50.491126233762195,0.994293941875961,-0.005706058124039015,-0.5706058124039015
2023-02-28,1605.8951416015625,Yahoo Finance via yfinance,-0.017549419753221152,33.48573049722742,52.22074460358475,1605.5072021484375,Yahoo Finance via yfinance,-0.012068621163123724,33.46081365260281,48.094296057824366,0.9997584279053624,-0.00024157209463759877,-0.024157209463759877
2023-03-01,1663.4337158203125,Yahoo Finance via yfinance,0.035202647729229694,43.611593120302224,50.67164607967333,1654.1082763671875,Yahoo Finance via yfinance,0.029822337340792926,39.28333553816381,45.981088250077875,0.9943938617064003,-0.005606138293599683,-0.5606138293599683
2023-03-02,1647.3193359375,Yahoo Finance via yfinance,-0.009734647607413407,44.253298051916346,50.69315226410267,1634.48291015625,Yahoo Finance via yfinance,-0.011935566374395837,38.810564698738474,46.15263498081743,0.9922076882719617,-0.0077923117280382925,-0.7792311728038293
2023-03-03,1569.1676025390625,Yahoo Finance via yfinance,-0.04860403256495922,54.086111237014,52.12431388190111,1564.19970703125,Yahoo Finance via yfinance,-0.043952167537047504,45.797713453706294,48.044665065555215,0.9968340567956068,-0.003165943204393229,-0.3165943204393229
2023-03-04,1566.9239501953125,Yahoo Finance via yfinance,-0.0014308592008995468,53.93774479145521,52.117207735607366,1560.4222412109375,Yahoo Finance via yfinance,-0.0024178718086042754,45.79097543487269,47.70708561600823,0.9958506544088725,-0.004149345591127451,-0.4149345591127451
2023-03-05,1564.46875,Yahoo Finance via yfinance,-0.0015681205990365002,47.444272907922155,51.85106559331237,1556.1292724609375,Yahoo Finance via yfinance,-0.00275494978753255,41.62883765845159,47.43335254797898,0.9946694508669077,-0.005330549133092277,-0.5330549133092277
2023-03-06,1567.398681640625,Yahoo Finance via yfinance,0.0018710450294194586,47.8423867986624,51.855388144611084,1561.5426025390625,Yahoo Finance via yfinance,0.00347267816199684,42.06052509197632,47.47093815126897,0.9962638228740675,-0.0037361771259325494,-0.37361771259325494
2023-03-07,1561.93310546875,Yahoo Finance via yfinance,-0.0034931302279607333,46.8395714227155,51.38514043592027,1552.755126953125,Yahoo Finance via yfinance,-0.0056433261496042515,41.7223535948275,46.9724160716577,0.9941239618499087,-0.005876038150091301,-0.5876038150091301
2023-03-08,1534.0882568359375,Yahoo Finance via yfinance,-0.017987989214627065,33.68129379363405,51.63739650317726,1522.3289794921875,Yahoo Finance via yfinance,-0.019789468753584425,30.59365022860694,47.403304972623324,0.9923346800346392,-0.007665319965360795,-0.7665319965360795
2023-03-09,1438.6607666015625,Yahoo Finance via yfinance,-0.06422357742676012,50.609282691337796,54.382120534148015,1437.46728515625,Yahoo Finance via yfinance,-0.05735865027358218,44.89970155479235,50.43790129282358,0.9991704219138944,-0.0008295780861056201,-0.08295780861056201
2023-03-10,1429.1580810546875,Yahoo Finance via yfinance,-0.006627141274041085,44.56379409649628,54.31317327100709,1432.9056396484375,Yahoo Finance via yfinance,-0.003178436717202767,40.15892330975749,50.43537326083489,1.0026222141857004,0.002622214185700411,0.2622214185700411
2023-03-11,1482.61669921875,Yahoo Finance via yfinance,0.03672305026517496,57.43121556227303,51.60812064669589,1478.0694580078125,Yahoo Finance via yfinance,0.031032517453343515,51.06359903169816,48.10611610635143,0.996932962367594,-0.003067037632406011,-0.3067037632406011
2023-03-12,1590.29296875,Yahoo Finance via yfinance,0.07010968968857462,80.8056688687396,56.79842959503204,1569.0272216796875,Yahoo Finance via yfinance,0.0597190072862734,70.8658477657002,51.99772245639639,0.9866277802340861,-0.01337221976591385,-1.337221976591385
2023-03-13,1680.3089599609375,Yahoo Finance via yfinance,0.05505942491105562,89.29953356049532,59.59625993766215,1659.4888916015625,Yahoo Finance via yfinance,0.05605383503235099,81.3039098203818,55.31987043461108,0.9876093808606132,-0.012390619139386772,-1.2390619139386772
2023-03-14,1703.507080078125,Yahoo Finance via yfinance,0.013711433059796017,88.58680260582523,59.29757600692243,1692.8199462890625,Yahoo Finance via yfinance,0.01988608729518524,80.6531997581583,55.4183240722385,0.993726393089853,-0.0062736069101470004,-0.6273606910147
2023-03-15,1656.1805419921875,Yahoo Finance via yfinance,-0.02817504134257235,90.98520459006852,60.275100176626026,1638.4892578125,Yahoo Finance via yfinance,-0.03262111260370568,84.21614231380389,56.14501642106923,0.9893180219600896,-0.010681978039910445,-1.0681978039910445
2023-03-16,1677.2154541015625,Yahoo Finance via yfinance,0.012620877536401303,65.80318110686417,59.45285972397482,1662.728515625,Yahoo Finance via yfinance,0.014685304085123058,62.05064604370245,55.17261450193044,0.991362505967176,-0.008637494032823989,-0.8637494032823989
2023-03-17,1792.485107421875,Yahoo Finance via yfinance,0.06646803468576684,67.65692263953513,58.60726347861893,1770.7264404296875,Yahoo Finance via yfinance,0.0629299435994407,64.81298439033651,53.66724598042971,0.9878611727918438,-0.012138827208156178,-1.2138827208156178
2023-03-18,1761.65966796875,Yahoo Finance via yfinance,-0.017346627309423105,76.25500117795555,58.471613717364555,1762.066650390625,Yahoo Finance via yfinance,-0.0049025273550451455,69.56610671303547,53.596715920947204,1.0002310221601112,0.00023102216011117171,0.02310221601111717
2023-03-19,1785.5765380859375,Yahoo Finance via yfinance,0.013484995730340676,65.98358368761782,57.587316930719844,1783.2049560546875,Yahoo Finance via yfinance,0.011924929035557275,63.386686777907045,53.05289871773044,0.9986718116078114,-0.0013281883921886228,-0.13281883921886228
2023-03-20,1735.3212890625,Yahoo Finance via yfinance,-0.028548776334941982,63.88344553659875,58.54243649728525,1733.601318359375,Yahoo Finance via yfinance,-0.028211350674870617,62.029136280760596,54.10099201371349,0.9990088459618598,-0.0009911540381402073,-0.09911540381402073
2023-03-21,1806.7607421875,Yahoo Finance via yfinance,0.04034301947849053,68.89173309602499,60.069276077732745,1791.4869384765625,Yahoo Finance via yfinance,0.03284503519078612,64.42288530044702,55.17352920045381,0.9915463052997017,-0.008453694700298331,-0.8453694700298331
2023-03-22,1737.717041015625,Yahoo Finance via yfinance,-0.03896339040133464,72.71123645024426,61.64011434758999,1728.4443359375,Yahoo Finance via yfinance,-0.0358241907254048,65.68351018778841,56.753495722830415,0.9946638578898291,-0.005336142110170861,-0.5336142110170861
2023-03-23,1816.4051513671875,Yahoo Finance via yfinance,0.044287149920960535,77.662919294106,62.64469946041089,1800.8173828125,Yahoo Finance via yfinance,0.04101888721165168,70.01277282809231,57.92263871560651,0.9914183415836744,-0.008581658416325633,-0.8581658416325633
2023-03-24,1752.0447998046875,Yahoo Finance via yfinance,-0.036075793416849404,68.13770811733265,63.99769024386443,1746.689208984375,Yahoo Finance via yfinance,-0.03051854790306154,59.968174799887805,58.8092511267456,0.9969432340880156,-0.0030567659119844492,-0.3056765911984449
2023-03-25,1743.7647705078125,Yahoo Finance via yfinance,-0.004737125758273195,67.15312396100266,64.03442321841764,1739.100341796875,Yahoo Finance via yfinance,-0.004354180920362543,59.95307059895305,58.644999131282574,0.9973250814617736,-0.002674918538226434,-0.2674918538226434
2023-03-26,1775.6767578125,Yahoo Finance via yfinance,0.01813518517494087,67.86283354847046,63.45722206199507,1771.5787353515625,Yahoo Finance via yfinance,0.018503155351152326,61.05223956094653,57.75670015860845,0.9976921348759523,-0.002307865124047681,-0.2307865124047681
2023-03-27,1715.4608154296875,Yahoo Finance via yfinance,-0.03449988069985198,69.46069290503038,64.70355993788158,1713.898681640625,Yahoo Finance via yfinance,-0.03310038371938405,62.466721309860276,59.13102759618173,0.9990893794979099,-0.0009106205020901204,-0.09106205020901204
2023-03-28,1772.78564453125,Yahoo Finance via yfinance,0.0328703783446537,66.87426254585517,64.94903131283448,1758.3394775390625,Yahoo Finance via yfinance,0.02559917882287599,60.21226895039186,59.376447737367144,0.9918511484810634,-0.008148851518936628,-0.8148851518936628
2023-03-29,1793.0018310546875,Yahoo Finance via yfinance,0.01133909593298425,59.77390502104625,64.97435416649756,1786.8228759765625,Yahoo Finance via yfinance,0.016069228153739963,54.187682441437076,59.54810956658343,0.9965538489860379,-0.003446151013962062,-0.3446151013962062
2023-03-30,1792.7371826171875,Yahoo Finance via yfinance,-0.0001476116566049356,49.49819138793701,64.56086952790498,1772.4207763671875,Yahoo Finance via yfinance,-0.008092830736078395,45.01701295932227,59.436144924745626,0.9886673816736816,-0.011332618326318378,-1.1332618326318378
2023-03-31,1822.0220947265625,Yahoo Finance via yfinance,0.01620332120801775,41.227684376170146,63.72762915159578,1807.97607421875,Yahoo Finance via yfinance,0.01986174615574563,40.23086617897399,58.97642287883684,0.9922909713617274,-0.007709028638272608,-0.7709028638272608
2023-04-01,1813.860595703125,Yahoo Finance via yfinance,-0.004489425774266541,41.190293111318816,63.6215143839325,1796.33349609375,Yahoo Finance via yfinance,-0.006460387706065002,40.55389107509631,58.83306414348242,0.9903371297381425,-0.009662870261857526,-0.9662870261857526
2023-04-02,1795.7081298828125,Yahoo Finance via yfinance,-0.010058054151126426,41.01411306314658,61.03864947826888,1789.7750244140625,Yahoo Finance via yfinance,-0.0036577136214689743,39.070752235338375,56.40157765381032,0.9966959522151647,-0.0033040477848352845,-0.33040477848352845
2023-04-03,1810.297119140625,Yahoo Finance via yfinance,0.008091540554718994,27.517851287560696,61.01265660610329,1790.9892578125,Yahoo Finance via yfinance,0.0006781979204859282,26.479030672172964,56.3641741048717,0.9893344240986857,-0.01066557590131434,-1.066557590131434
2023-04-04,1871.005126953125,Yahoo Finance via yfinance,0.03298480148175826,27.58160366819723,61.74386443965353,1852.092041015625,Yahoo Finance via yfinance,0.03354770797237161,30.345690809627545,57.184862568635054,0.9898914836389041,-0.010108516361095887,-1.0108516361095887
2023-04-05,1909.114013671875,Yahoo Finance via yfinance,0.020163479742369997,28.989353577080458,61.92065887588583,1903.861083984375,Yahoo Finance via yfinance,0.027568140453558532,33.32867561622634,57.676753030625086,0.9972484987015539,-0.002751501298446146,-0.2751501298446146
2023-04-06,1872.922607421875,Yahoo Finance via yfinance,-0.019139164759578154,35.19925598160417,62.47880671522531,1866.384765625,Yahoo Finance via yfinance,-0.01988069436183035,37.806218981893664,58.268119788653024,0.9965092835278044,-0.0034907164721955652,-0.3490716472195565
2023-04-07,1865.6361083984373,Yahoo Finance via yfinance,-0.003898030660272307,34.73148686072475,61.987812546192266,1858.6597900390625,Yahoo Finance via yfinance,-0.004147594233892839,36.94949943403692,57.644392285643754,0.9962606221395641,-0.0037393778604358774,-0.37393778604358774
2023-04-08,1849.4981689453125,Yahoo Finance via yfinance,-0.008687729568505841,35.43528940818458,56.82192637932468,1845.058349609375,Yahoo Finance via yfinance,-0.007344782222548784,37.1062622931978,53.116041349879076,0.9975994464820318,-0.002400553517968196,-0.24005535179681958
2023-04-09,1859.3878173828125,Yahoo Finance via yfinance,0.005332960847435061,33.74587272286201,56.577148350292205,1838.280517578125,Yahoo Finance via yfinance,-0.0036802694108636026,37.10903215967243,53.1300021549821,0.9886482531468894,-0.011351746853110578,-1.1351746853110578
2023-04-10,1911.20751953125,Yahoo Finance via yfinance,0.027487948366718452,37.52900451425268,56.09253693220821,1886.6768798828125,Yahoo Finance via yfinance,0.025986383511697103,40.178516497982756,52.88690691715677,0.9871648476694702,-0.012835152330529787,-1.2835152330529787
2023-04-11,1892.189697265625,Yahoo Finance via yfinance,-0.010000523048081017,32.43603952647087,51.80795224195693,1880.17333984375,Yahoo Finance via yfinance,-0.003453042261719473,33.951023150063556,49.621485210376,0.9936494964330269,-0.006350503566973087,-0.6350503566973087
2023-04-12,1920.68212890625,Yahoo Finance via yfinance,0.014945669987220005,30.79771250884697,48.8095852321335,1902.6732177734373,Yahoo Finance via yfinance,0.011895879422979217,28.214695932210525,46.29783567681983,0.9906236899579692,-0.009376310042030767,-0.9376310042030767
2023-04-13,2012.6346435546875,Yahoo Finance via yfinance,0.046764233285983225,40.1169965685923,50.91459098278738,1996.6129150390625,Yahoo Finance via yfinance,0.048192348356237744,39.663066868586924,48.478760137690266,0.9920394252543882,-0.007960574745611848,-0.7960574745611848
2023-04-14,2101.635498046875,Yahoo Finance via yfinance,0.04327121850679109,44.22646195903924,51.0554776479632,2087.344970703125,Yahoo Finance via yfinance,0.04444070703833969,44.6022162422597,48.30309057497855,0.9932002826574681,-0.00679971734253193,-0.679971734253193
2023-04-15,2092.466796875,Yahoo Finance via yfinance,-0.004372194635680744,42.78703588174994,51.20324502399778,2077.510498046875,Yahoo Finance via yfinance,-0.004722608507424306,43.77928511857038,48.442756844978085,0.9928523124713561,-0.00714768752864392,-0.714768752864392
2023-04-16,2120.005859375,Yahoo Finance via yfinance,0.01307519696283164,41.78666489665776,46.63018799422808,2113.27783203125,Yahoo Finance via yfinance,0.01706991604418898,40.25258394955214,44.2923746142564,0.9968264109676879,-0.0031735890323121296,-0.31735890323121296
2023-04-17,2076.242919921875,Yahoo Finance via yfinance,-0.020858880628287772,49.50028453682812,46.863177702081714,2072.880859375,Yahoo Finance via yfinance,-0.01930085775226562,48.530322886984706,45.01302119042806,0.9983806998137764,-0.0016193001862235823,-0.16193001862235823
2023-04-18,2104.537353515625,Yahoo Finance via yfinance,0.013535686517087031,45.977518143590665,46.86427127850602,2092.86279296875,Yahoo Finance via yfinance,0.009593526878034997,46.64441406835771,44.97791618081388,0.9944526712593755,-0.005547328740624469,-0.5547328740624469
2023-04-19,1936.4034423828125,Yahoo Finance via yfinance,-0.08326330162021343,84.69258651187609,55.03768823468265,1927.9859619140625,Yahoo Finance via yfinance,-0.08205697111920882,84.66800664391397,53.202392464050604,0.9956530337198781,-0.004346966280121878,-0.4346966280121878
2023-04-20,1943.09765625,Yahoo Finance via yfinance,0.0034510728781589465,75.81591619788345,53.423098817893745,1935.3062744140625,Yahoo Finance via yfinance,0.0037896803105696513,75.46659911504399,52.142980420593496,0.9959902263219368,-0.004009773678063211,-0.4009773678063211
2023-04-21,1849.9998779296875,Yahoo Finance via yfinance,-0.04909785657670008,69.06144742147046,54.51705118205735,1843.7744140625,Yahoo Finance via yfinance,-0.048450812763762036,68.32573941700034,53.482087352252975,0.9966348841740712,-0.0033651158259287994,-0.33651158259287994
2023-04-22,1874.2286376953125,Yahoo Finance via yfinance,0.013011608441518507,72.24896705150321,52.52509352826779,1868.3927001953125,Yahoo Finance via yfinance,0.013263760112692834,71.56563593529609,51.793031809790605,0.9968862190115843,-0.0031137809884157486,-0.31137809884157486
2023-04-23,1862.06201171875,Yahoo Finance via yfinance,-0.006512699424307825,68.79949125770783,50.882008865941884,1859.0528564453125,Yahoo Finance via yfinance,-0.005011401591206256,67.15737516619666,50.575088649446464,0.9983839661329754,-0.00161603386702458,-0.161603386702458
2023-04-24,1842.7574462890625,Yahoo Finance via yfinance,-0.010421420187486955,68.99742526849299,51.01561497760717,1834.958251953125,Yahoo Finance via yfinance,-0.013045410796732344,67.25309651620864,50.80455321723291,0.9957676500769846,-0.004232349923015355,-0.4232349923015355
2023-04-25,1866.753662109375,Yahoo Finance via yfinance,0.01293785075247709,68.83741394339073,50.83858072030974,1857.711181640625,Yahoo Finance via yfinance,0.012323452206294211,67.94539935858164,50.59395092021407,0.9951560397859178,-0.004843960214082177,-0.4843960214082177
2023-04-26,1866.564208984375,Yahoo Finance via yfinance,-0.00010149316597420684,40.65869062179419,49.146261440296236,1857.3076171875,Yahoo Finance via yfinance,-0.00021726105657380026,40.420409958316725,49.03284133847025,0.9950408393387594,-0.00495916066124058,-0.49591606612405803
2023-04-27,1908.786376953125,Yahoo Finance via yfinance,0.0223682158443065,45.16561982104353,48.46973907657863,1894.5413818359373,Yahoo Finance via yfinance,0.0198488729635416,44.12003353049819,48.7346406300994,0.9925371454400643,-0.007462854559935672,-0.7462854559935672
2023-04-28,1892.5128173828125,Yahoo Finance via yfinance,-0.008562156334883395,24.51135388735459,48.50815632977942,1887.2452392578125,Yahoo Finance via yfinance,-0.0038585739289825802,22.798601043241348,48.530897041023444,0.9972166222196135,-0.002783377780386509,-0.2783377780386509
2023-04-29,1908.9169921875,Yahoo Finance via yfinance,0.008630582412971032,23.638099291940538,48.56039338469869,1899.4759521484373,Yahoo Finance via yfinance,0.006459813017036935,21.48660725928621,48.42201578232167,0.995054242757699,-0.004945757242300952,-0.4945757242300952
2023-04-30,1876.92431640625,Yahoo Finance via yfinance,-0.016901626227118743,27.0272352974086,48.72233383074937,1876.0672607421875,Yahoo Finance via yfinance,-0.012400330254412248,23.587791282905172,48.257316699231346,0.9995433722838097,-0.000456627716190261,-0.0456627716190261
2023-05-01,1831.954833984375,Yahoo Finance via yfinance,-0.024250823208415286,32.010209675524074,49.48366504400228,1833.38232421875,Yahoo Finance via yfinance,-0.023015177700989282,27.96852519150888,48.93025734194782,1.0007792169369538,0.0007792169369538193,0.07792169369538193
2023-05-02,1870.789306640625,Yahoo Finance via yfinance,0.020976818915212615,34.54139140778021,49.846337342326535,1861.82861328125,Yahoo Finance via yfinance,0.01539660467943187,28.873850878277064,49.168438182132235,0.9952102070887577,-0.004789792911242263,-0.4789792911242263
2023-05-03,1904.65185546875,Yahoo Finance via yfinance,0.017938807917938802,36.79414250440405,50.13110819138868,1890.870849609375,Yahoo Finance via yfinance,0.015478359746276264,30.853943928599996,49.41468339412154,0.9927645538895699,-0.007235446110430144,-0.7235446110430144
2023-05-04,1877.7041015625,Yahoo Finance via yfinance,-0.01424943087374444,34.42371646321292,49.11744104022341,1873.929931640625,Yahoo Finance via yfinance,-0.00899969655576644,27.911350513694394,48.18851992930361,0.9979900081601066,-0.002009991839893366,-0.20099918398933658
2023-05-05,1995.0609130859373,Yahoo Finance via yfinance,0.06062477478209235,56.19317283883694,53.06466683654095,1977.8858642578125,Yahoo Finance via yfinance,0.05399073555161147,48.604898822739514,50.870796929194505,0.9913912158192911,-0.008608784180708873,-0.8608784180708873
2023-05-06,1900.2218017578125,Yahoo Finance via yfinance,-0.04870396562452291,69.24994277640748,55.457784847219614,1900.4588623046875,Yahoo Finance via yfinance,-0.039933165445419375,59.14686582613861,52.37871712204081,1.0001247541453613,0.00012475414536128326,0.012475414536128326
2023-05-07,1873.076416015625,Yahoo Finance via yfinance,-0.01438839576966011,68.91415820709035,55.682333113269,1877.368408203125,Yahoo Finance via yfinance,-0.012224350130616487,59.12441997530385,52.54641235923351,1.002291413287147,0.0022914132871469928,0.22914132871469928
2023-05-08,1849.042724609375,Yahoo Finance via yfinance,-0.012914162345005442,66.97558342430433,55.7860152932223,1839.699951171875,Yahoo Finance via yfinance,-0.020268525051686703,58.501184157691974,52.97571939363518,0.9949472376634922,-0.0050527623365077545,-0.5052762336507755
2023-05-09,1848.6031494140625,Yahoo Finance via yfinance,-0.00023775948933960428,64.90918581543413,55.75271592552043,1836.8428955078125,Yahoo Finance via yfinance,-0.0015542080472469454,57.138549194406366,52.96280836023936,0.993638302569171,-0.006361697430829039,-0.6361697430829039
2023-05-10,1842.4014892578125,Yahoo Finance via yfinance,-0.0033604216734156264,62.77514932890287,54.856072728253935,1837.393310546875,Yahoo Finance via yfinance,0.00029960787075846855,55.34850748219198,52.12619216925628,0.9972817115378283,-0.002718288462171703,-0.2718288462171703
2023-05-11,1796.4906005859375,Yahoo Finance via yfinance,-0.025234782361342904,64.27012103469028,55.41740612853171,1795.1351318359375,Yahoo Finance via yfinance,-0.0232675866652386,57.04986257835467,52.7041794859971,0.9992454907642946,-0.000754509235705414,-0.0754509235705414
2023-05-12,1808.019775390625,Yahoo Finance via yfinance,0.006397104138644187,35.31862530944389,55.1733272103464,1804.8233642578125,Yahoo Finance via yfinance,0.005382426392859279,30.508249618018553,52.54387024810274,0.9982320928253553,-0.0017679071746447006,-0.17679071746447006
2023-05-13,1796.1148681640625,Yahoo Finance via yfinance,-0.006606274016334966,19.930594051308507,52.3003043975201,1794.0601806640625,Yahoo Finance via yfinance,-0.005981419264755361,20.557232337442603,49.36328754945461,0.9988560378089291,-0.0011439621910709352,-0.11439621910709352
2023-05-14,1800.5009765625,Yahoo Finance via yfinance,0.0024390208808186785,20.373844652081928,49.54206075933847,1796.76806640625,Yahoo Finance via yfinance,0.001508223768545906,21.31208314027514,46.28366767079369,0.9979267380552179,-0.002073261944782079,-0.20732619447820788
2023-05-15,1817.5499267578125,Yahoo Finance via yfinance,0.009424453575591261,21.85718180620752,49.80254489846692,1810.42919921875,Yahoo Finance via yfinance,0.007574411444678696,19.600566736039905,46.49112397533703,0.9960822382734956,-0.003917761726504376,-0.3917761726504376
2023-05-16,1824.1214599609373,Yahoo Finance via yfinance,0.0036090792596990724,22.26714487145426,49.485873263290294,1808.7391357421875,Yahoo Finance via yfinance,-0.0009339513628505094,19.619862457533067,45.85534628642308,0.9915672697479919,-0.00843273025200808,-0.843273025200808
2023-05-17,1821.859619140625,Yahoo Finance via yfinance,-0.001240731129097684,22.235420481989223,49.167200122260866,1809.235595703125,Yahoo Finance via yfinance,0.0002744408133858527,19.61791822102651,45.60468678371403,0.9930708034225739,-0.006929196577426078,-0.6929196577426078
2023-05-18,1801.728515625,Yahoo Finance via yfinance,-0.011111257616523266,13.868091309105127,48.78846068092199,1791.0877685546875,Yahoo Finance via yfinance,-0.010081306045698497,11.73172968650678,45.35320964626527,0.9940941451622519,-0.005905854837748081,-0.5905854837748081
2023-05-19,1812.5894775390625,Yahoo Finance via yfinance,0.006009982865914986,13.768985919705628,39.94018357151093,1799.904296875,Yahoo Finance via yfinance,0.00491036787316521,11.596255760625601,35.977350402851975,0.9930016251218201,-0.006998374878179892,-0.6998374878179892
2023-05-20,1820.47802734375,Yahoo Finance via yfinance,0.004342645541990229,12.620858288221164,39.95727489188981,1803.927001953125,Yahoo Finance via yfinance,0.0022324611866027613,10.666468684535909,35.94831079970324,0.9909084179308802,-0.009091582069119752,-0.9091582069119752
2023-05-21,1804.5313720703125,Yahoo Finance via yfinance,-0.008798188574408906,14.768148226299301,36.30636000854178,1798.0728759765625,Yahoo Finance via yfinance,-0.0032504893555569893,11.017514553498437,31.87856429422895,0.9964209566019679,-0.0035790433980320557,-0.3579043398032056
2023-05-22,1817.5347900390625,Yahoo Finance via yfinance,0.007180141528087589,13.995092080470275,36.08284271649372,1805.3072509765625,Yahoo Finance via yfinance,0.0040153325294809365,9.779613329581057,31.52495751828997,0.9932724594161759,-0.0067275405838240765,-0.6727540583824076
2023-05-23,1854.380615234375,Yahoo Finance via yfinance,0.020069668217180637,20.234802361674962,36.75888782498796,1840.130859375,Yahoo Finance via yfinance,0.01910588887120713,17.092126661777403,32.26633828689472,0.9923156250975078,-0.007684374902492186,-0.7684374902492186
2023-05-24,1800.0999755859375,Yahoo Finance via yfinance,-0.029708534807232487,30.9257228732536,38.031596165496225,1796.37109375,Yahoo Finance via yfinance,-0.024068117425802664,25.802936198278115,33.032555811085665,0.997928514034492,-0.002071485965507991,-0.2071485965507991
2023-05-25,1805.9537353515625,Yahoo Finance via yfinance,0.0032466321229346956,29.996293080078523,37.74072900404873,1791.9241943359375,Yahoo Finance via yfinance,-0.0024785595017023368,24.74082414380335,32.699384123476015,0.9922315058569904,-0.007768494143009619,-0.7768494143009619
2023-05-26,1828.689697265625,Yahoo Finance via yfinance,0.01251086049601085,31.091841675388952,38.03811607617165,1817.9615478515625,Yahoo Finance via yfinance,0.014425833344805019,26.746897862453466,33.15066649630717,0.9941334227287966,-0.0058665772712034325,-0.5866577271203433
2023-05-27,1831.1182861328125,Yahoo Finance via yfinance,0.0013271675643503394,30.98623065180285,37.13044356352305,1816.2911376953125,Yahoo Finance via yfinance,-0.0009192592912006818,26.785888346180354,32.31014319306743,0.9919026812468713,-0.00809731875312869,-0.809731875312869
2023-05-28,1910.9141845703125,Yahoo Finance via yfinance,0.042654892681299954,41.68562531261776,40.06604809555184,1909.9722900390625,Yahoo Finance via yfinance,0.05029214867666237,44.011440047820535,36.97671651203903,0.9995070974202529,-0.0004929025797471009,-0.049290257974710094
2023-05-29,1893.078125,Yahoo Finance via yfinance,-0.009377616370766508,43.5987182770705,40.08843932796679,1885.660400390625,Yahoo Finance via yfinance,-0.012810629542050426,46.67967656245108,37.1894951733005,0.9960816595409262,-0.003918340459073799,-0.3918340459073799
2023-05-30,1901.026611328125,Yahoo Finance via yfinance,0.004189920157065886,41.916339899203585,39.66038766486227,1897.069580078125,Yahoo Finance via yfinance,0.006032264709895034,45.422077403612946,36.986328165831296,0.9979184766660181,-0.0020815233339819272,-0.20815233339819272
2023-05-31,1874.1304931640625,Yahoo Finance via yfinance,-0.014249247118842005,35.44094182576037,39.02552050678698,1864.18115234375,Yahoo Finance via yfinance,-0.017488473013151297,43.107051548133136,36.59466660650058,0.9946912230196334,-0.005308776980366581,-0.5308776980366581
2023-06-01,1862.201416015625,Yahoo Finance via yfinance,-0.00638547001263108,36.52208001852969,38.40345277071574,1850.21728515625,Yahoo Finance via yfinance,-0.007518812645876153,43.80780726438893,36.296677652934214,0.9935645356316953,-0.006435464368304666,-0.6435464368304666
2023-06-02,1907.256591796875,Yahoo Finance via yfinance,0.0239065252896256,38.913840642121755,38.81155218157464,1903.46337890625,Yahoo Finance via yfinance,0.028371974206245126,46.773016531824666,37.263779165885644,0.9980111680269244,-0.0019888319730756443,-0.19888319730756443
2023-06-03,1892.4124755859373,Yahoo Finance via yfinance,-0.007813412940096588,40.12386253699735,38.57741539205445,1889.25732421875,Yahoo Finance via yfinance,-0.007491256137808851,47.64540474584227,37.22048874884209,0.9983327359083224,-0.0016672640916776116,-0.16672640916776116
2023-06-04,1890.5135498046875,Yahoo Finance via yfinance,-0.0010039455849780313,24.24691519582329,31.841094731263553,1881.4677734375,Yahoo Finance via yfinance,-0.004131598915442352,29.274259912001195,31.78718626978571,0.9952151750681067,-0.00478482493189325,-0.478482493189325
2023-06-05,1811.828369140625,Yahoo Finance via yfinance,-0.04251202751853726,38.42674800031773,30.74741681399773,1804.966552734375,Yahoo Finance via yfinance,-0.041510141510069404,40.72806719770985,32.02996211761815,0.9962127668806153,-0.0037872331193846698,-0.378723311938467
2023-06-06,1884.494873046875,Yahoo Finance via yfinance,0.03932332901333518,50.667773695223396,33.51618920029548,1872.4144287109373,Yahoo Finance via yfinance,0.03668667514014919,51.05649424471488,34.46201683167542,0.9935895583964068,-0.006410441603593164,-0.6410441603593164
2023-06-07,1832.39599609375,Yahoo Finance via yfinance,-0.028035415163873995,53.706624593755656,34.656625440606724,1824.88525390625,Yahoo Finance via yfinance,-0.025711625926389838,52.89893148522818,34.91254368233756,0.9959011358879243,-0.0040988641120757174,-0.40988641120757174
2023-06-08,1846.3018798828125,Yahoo Finance via yfinance,0.0075602566414878485,54.148441539226475,34.76499897569651,1831.9979248046875,Yahoo Finance via yfinance,0.00389002301691574,52.953250740492244,34.93896478666576,0.9922526455538068,-0.007747354446193233,-0.7747354446193233
2023-06-09,1840.2252197265625,Yahoo Finance via yfinance,-0.003296688452608854,49.8611658127012,34.76424027984113,1830.4989013671875,Yahoo Finance via yfinance,-0.0008185801066052845,46.80284568474006,34.939580320111645,0.9947146043565145,-0.005285395643485513,-0.5285395643485513
2023-06-10,1752.384765625,Yahoo Finance via yfinance,-0.04891038267058314,59.17707389555736,37.774437855806234,1741.974609375,Yahoo Finance via yfinance,-0.04956925063177363,56.66902511327655,38.185862254507,0.9940594346320472,-0.005940565367952844,-0.5940565367952844
2023-06-11,1753.415283203125,Yahoo Finance via yfinance,0.0005878929736166297,59.35126331270855,37.68882823912722,1746.110595703125,Yahoo Finance via yfinance,0.002371494974089756,57.38013883541062,38.13691301920973,0.9958340231376016,-0.004165976862398391,-0.41659768623983906
2023-06-12,1742.5286865234375,Yahoo Finance via yfinance,-0.006228150087489563,52.98211871046351,37.682007158367185,1733.901123046875,Yahoo Finance via yfinance,-0.007016943470283756,51.170644317396366,38.155293161551455,0.9950488255698243,-0.0049511744301756755,-0.49511744301756755
2023-06-13,1739.03759765625,Yahoo Finance via yfinance,-0.002005470958931595,37.95111916286447,37.662696613999216,1736.1080322265625,Yahoo Finance via yfinance,0.001271990578982332,38.00537042574263,38.153320841397075,0.9983154099522427,-0.0016845900477573394,-0.16845900477573394
2023-06-14,1650.519287109375,Yahoo Finance via yfinance,-0.05224189755336002,47.26026325987535,41.435231240391396,1649.781982421875,Yahoo Finance via yfinance,-0.05100269753039828,47.29536752103661,41.7681818833759,0.9995532892628045,-0.00044671073719548815,-0.044671073719548815
2023-06-15,1665.519775390625,Yahoo Finance via yfinance,0.009047294268028925,47.70096280281623,41.591056248442115,1669.4190673828125,Yahoo Finance via yfinance,0.011832554750599711,49.46303319282521,42.08756479042357,1.0023411862469618,0.0023411862469617795,0.23411862469617795
2023-06-16,1716.6688232421875,Yahoo Finance via yfinance,0.030248430137366597,57.69226770068299,43.18165824808168,1714.5858154296875,Yahoo Finance via yfinance,0.026695842344924413,57.08201219356357,43.31157674204303,0.998786598915121,-0.0012134010848789956,-0.12134010848789956
2023-06-17,1727.2041015625,Yahoo Finance via yfinance,0.006118292640112686,47.93217405983168,43.141401906355455,1720.5367431640625,Yahoo Finance via yfinance,0.0034647577115806075,46.14639391523712,43.24291224969111,0.9961397970324376,-0.0038602029675623983,-0.38602029675623983
2023-06-18,1720.5775146484375,Yahoo Finance via yfinance,-0.0038439761048233256,47.88962217832775,43.06499846002293,1720.9605712890625,Yahoo Finance via yfinance,0.00024630449389738705,46.05582270349138,43.18863692543,1.0002226325971157,0.00022263259711574612,0.022263259711574612
2023-06-19,1737.659423828125,Yahoo Finance via yfinance,0.009879050169205828,48.57540714431979,43.20643055515772,1731.9881591796875,Yahoo Finance via yfinance,0.006387366997762313,46.19731089636293,43.258031234551424,0.9967362622556131,-0.0032637377443869298,-0.326373774438693
2023-06-20,1792.1199951171875,Yahoo Finance via yfinance,0.03086022490301783,53.46574752220076,44.562463989530336,1779.1839599609375,Yahoo Finance via yfinance,0.02688483610822398,50.20767213892739,44.355159964125725,0.9927817137292728,-0.007218286270727181,-0.7218286270727181
2023-06-21,1891.0072021484373,Yahoo Finance via yfinance,0.053710324442616045,37.7351823379998,48.33241674927965,1877.3709716796875,Yahoo Finance via yfinance,0.05371756909795412,35.98106625296895,48.19311108246656,0.9927889061166678,-0.007211093883332187,-0.7211093883332187
2023-06-22,1872.9429931640625,Yahoo Finance via yfinance,-0.009598611426714872,42.90455361363122,47.9905694145902,1873.829833984375,Yahoo Finance via yfinance,-0.0018880027653262992,38.77440174427291,47.77160718251749,1.0004735012349812,0.00047350123498124397,0.0473501234981244
2023-06-23,1892.862060546875,Yahoo Finance via yfinance,0.010579014510562092,41.47197272348037,46.86063031016502,1887.929443359375,Yahoo Finance via yfinance,0.007496319866575014,38.17753383915851,46.981956308932546,0.9973940958032225,-0.002605904196777531,-0.2605904196777531
2023-06-24,1876.0596923828125,Yahoo Finance via yfinance,-0.00891633235310276,44.51054639061942,47.00112393365057,1868.1788330078125,Yahoo Finance via yfinance,-0.010516625683730262,41.64799166543665,47.154353944661835,0.9957992491353032,-0.004200750864696845,-0.4200750864696845
2023-06-25,1900.506103515625,Yahoo Finance via yfinance,0.012946551928309865,42.52534372465925,47.014483223776374,1893.6300048828125,Yahoo Finance via yfinance,0.013531554270487856,40.502643659930285,47.12425792203298,0.9963819644566819,-0.0036180355433180766,-0.36180355433180766
2023-06-26,1859.432861328125,Yahoo Finance via yfinance,-0.021848693008354386,50.00430532484954,47.70177733255457,1848.2568359375,Yahoo Finance via yfinance,-0.024252680461464084,49.00066434716249,47.96165540570797,0.9939895515331258,-0.006010448466874152,-0.6010448466874152
2023-06-27,1889.703369140625,Yahoo Finance via yfinance,0.016148341244193568,47.26630271654557,45.60424496437235,1884.01123046875,Yahoo Finance via yfinance,0.01916019305881921,47.61029734574904,45.04080626857838,0.9969878136617476,-0.0030121863382523983,-0.30121863382523983
2023-06-28,1827.97119140625,Yahoo Finance via yfinance,-0.03321315592616908,35.981401788907945,46.93509504259406,1818.458251953125,Yahoo Finance via yfinance,-0.03541410933393234,38.350628231278876,46.487962483991545,0.9947959029672635,-0.005204097032736499,-0.5204097032736499
2023-06-29,1852.227294921875,Yahoo Finance via yfinance,0.013182144849619147,37.86108136980344,47.16848405224917,1841.457275390625,Yahoo Finance via yfinance,0.012568227878134558,40.331678551335806,46.671650054962576,0.9941853683072388,-0.005814631692761196,-0.5814631692761196
2023-06-30,1933.18896484375,Yahoo Finance via yfinance,0.04278209460658563,49.507028673017125,49.279566452651,1920.2119140625,Yahoo Finance via yfinance,0.04187829620543047,51.582556843551366,48.58517271106378,0.9932872310895386,-0.006712768910461353,-0.6712768910461353
2023-07-01,1924.56591796875,Yahoo Finance via yfinance,-0.004470507587039554,48.95644064938776,49.24779420984194,1917.2305908203125,Yahoo Finance via yfinance,-0.0015538076926056793,50.61179368803291,48.49820717337636,0.9961885809782086,-0.0038114190217913846,-0.38114190217913846
2023-07-02,1937.4383544921875,Yahoo Finance via yfinance,0.006666219550552589,48.437987177506656,48.60579891163113,1923.4073486328125,Yahoo Finance via yfinance,0.003216529772033616,49.93675726946943,47.50703244723094,0.9927579601039473,-0.007242039896052654,-0.7242039896052654
2023-07-03,1955.38916015625,Yahoo Finance via yfinance,0.0092225678282851,43.81487926818061,48.60126754009659,1938.415283203125,Yahoo Finance via yfinance,0.00777250099534543,44.68370825531666,47.48837783504014,0.9913194379415662,-0.008680562058433816,-0.8680562058433816
2023-07-04,1936.633544921875,Yahoo Finance via yfinance,-0.009638052931703962,44.55729162582289,48.74122344908698,1934.6029052734373,Yahoo Finance via yfinance,-0.0019686864225640535,43.72386143238708,47.465772385319134,0.9989514590131094,-0.001048540986890556,-0.1048540986890556
2023-07-05,1910.5880126953125,Yahoo Finance via yfinance,-0.013540124870224116,36.17048786493578,46.496601270211066,1906.6142578125,Yahoo Finance via yfinance,-0.01457305932437918,33.827316674720834,45.315764739165814,0.9979201403670451,-0.0020798596329548724,-0.20798596329548724
2023-07-06,1848.636474609375,Yahoo Finance via yfinance,-0.03296272813878403,45.089476059681175,45.98189151334032,1838.7760009765625,Yahoo Finance via yfinance,-0.03622889577911853,45.179950753024976,45.39307787869076,0.9946660829382932,-0.005333917061706828,-0.5333917061706828
2023-07-07,1870.6025390625,Yahoo Finance via yfinance,0.01181226577883662,30.177900098427962,45.08582948023825,1859.21044921875,Yahoo Finance via yfinance,0.011051774531104678,30.95561873762903,44.63877897314212,0.9939099356459447,-0.006090064354055347,-0.6090064354055347
2023-07-08,1865.53955078125,Yahoo Finance via yfinance,-0.0027102777457200535,30.212843411499524,45.031082975065736,1842.6043701171875,Yahoo Finance via yfinance,-0.008971918534289445,30.973260120924266,44.74555148730534,0.987705872730247,-0.012294127269752986,-1.2294127269752986
2023-07-09,1863.009765625,Yahoo Finance via yfinance,-0.0013569811365045717,28.94597279131668,45.01641716223447,1855.8740234375,Yahoo Finance via yfinance,0.007175767355066845,31.785714949512705,44.809658793318576,0.9961697773574976,-0.0038302226425024344,-0.38302226425024344
2023-07-10,1880.556396484375,Yahoo Finance via yfinance,0.009374355145353378,28.993413079185267,41.42677486305239,1875.2928466796875,Yahoo Finance via yfinance,0.010409075365311417,32.48489964329178,41.11282521559153,0.9972010678251779,-0.0027989321748220775,-0.27989321748220775
2023-07-11,1878.3360595703125,Yahoo Finance via yfinance,-0.0011813783970974622,28.915367903551196,41.44085732213152,1873.6663818359373,Yahoo Finance via yfinance,-0.0008676887886236864,32.55148094338581,41.129206734191115,0.9975139285057204,-0.002486071494279596,-0.24860714942795958
2023-07-12,1872.11376953125,Yahoo Finance via yfinance,-0.003318159704377879,27.865585658802623,41.37792059399352,1870.12109375,Yahoo Finance via yfinance,-0.0018939585480350226,31.45070598746414,41.02103239960527,0.9989356011297599,-0.0010643988702401241,-0.10643988702401241
2023-07-13,2006.511474609375,Yahoo Finance via yfinance,0.06932947889636883,49.918444612451744,47.45848413614441,1994.9781494140625,Yahoo Finance via yfinance,0.06462991282123272,46.75960896703773,46.381061760678776,0.9942520512136329,-0.005747948786367085,-0.5747948786367085
2023-07-14,1939.3470458984373,Yahoo Finance via yfinance,-0.03404628728508824,59.854391192794274,45.07176766743654,1934.216064453125,Yahoo Finance via yfinance,-0.030930987864207417,55.99945217176811,43.80774348364349,0.9973542737200317,-0.0026457262799682857,-0.26457262799682857
2023-07-15,1931.466552734375,Yahoo Finance via yfinance,-0.0040717558988267386,59.9711980497487,45.1694383764872,1925.2215576171875,Yahoo Finance via yfinance,-0.004661053760069903,55.3979981657995,43.87599029382162,0.9967667081222057,-0.0032332918777943087,-0.32332918777943087
2023-07-16,1923.681884765625,Yahoo Finance via yfinance,-0.004038588228567911,60.17398474275459,44.32673106799772,1919.410888671875,Yahoo Finance via yfinance,-0.0030227458415468915,55.784241443493876,43.22499051925339,0.9977797804680838,-0.002220219531916201,-0.2220219531916201
2023-07-17,1911.6461181640625,Yahoo Finance via yfinance,-0.006276285158144104,60.47563701166791,44.45561880291464,1905.494140625,Yahoo Finance via yfinance,-0.007276943794636121,56.16474203333777,43.396321786491384,0.9967818428941384,-0.0032181571058615965,-0.32181571058615965
2023-07-18,1897.5992431640625,Yahoo Finance via yfinance,-0.007375181874016909,60.85935467638931,44.5448344144364,1894.9251708984373,Yahoo Finance via yfinance,-0.005562016244537891,56.42659052482606,43.496683602710306,0.9985908129573415,-0.0014091870426584663,-0.14091870426584663
2023-07-19,1889.0079345703125,Yahoo Finance via yfinance,-0.0045377420643504885,60.92391165761043,44.5592271271961,1888.843017578125,Yahoo Finance via yfinance,-0.003214868488657045,56.48454609521376,43.53733093652174,0.9999126965063675,-8.730349363250678e-05,-0.008730349363250678
2023-07-20,1890.9691162109373,Yahoo Finance via yfinance,0.0010376686367424054,22.129324494870097,43.39310508408016,1888.98095703125,Yahoo Finance via yfinance,7.302587633168899e-05,19.976772778879408,42.673356887501306,0.9989486030402913,-0.0010513969597086836,-0.10513969597086836
2023-07-21,1892.080078125,Yahoo Finance via yfinance,0.0005873367693250364,6.127064016284127,39.140908132297646,1889.8779296875,Yahoo Finance via yfinance,0.00047473202889294306,5.431445405567676,38.37601487768331,0.9988361230251511,-0.0011638769748488764,-0.11638769748488764
2023-07-22,1864.912353515625,Yahoo Finance via yfinance,-0.014462737766929305,10.037627425583654,39.327663946674164,1860.3143310546875,Yahoo Finance via yfinance,-0.015766770881036087,10.584376879509076,38.775290851721714,0.997534456537719,-0.0024655434622810057,-0.24655434622810057
2023-07-23,1889.191650390625,Yahoo Finance via yfinance,0.012934982819089802,16.46287482336849,39.416993092535456,1884.691650390625,Yahoo Finance via yfinance,0.013018758186840852,16.817685435447043,38.9613910129038,0.9976180288542618,-0.0023819711457382375,-0.23819711457382375
2023-07-24,1850.0020751953125,Yahoo Finance via yfinance,-0.020962278559767157,21.200250526758914,39.97742085580072,1846.3585205078125,Yahoo Finance via yfinance,-0.02054889480819077,21.21503698163609,39.45439297788484,0.9980305131889566,-0.001969486811043364,-0.1969486811043364
2023-07-25,1857.741943359375,Yahoo Finance via yfinance,0.0041749804559229105,21.93567679181425,39.72328822028504,1856.066650390625,Yahoo Finance via yfinance,0.0052442124736697725,22.294693376137282,39.19132198426333,0.9990982100744732,-0.000901789925526808,-0.0901789925526808
2023-07-26,1872.159912109375,Yahoo Finance via yfinance,0.007731056269678713,23.177422993667257,39.081426560037976,1869.1949462890625,Yahoo Finance via yfinance,0.007048283674565093,23.426347813835076,38.331880221098814,0.998416286022826,-0.0015837139771740505,-0.15837139771740505
2023-07-27,1860.357177734375,Yahoo Finance via yfinance,-0.006324297212905574,23.338710369059925,38.713544659549655,1857.0523681640625,Yahoo Finance via yfinance,-0.006517345780213903,23.640593474766394,37.790665905534084,0.9982235617923988,-0.0017764382076012053,-0.17764382076012053
2023-07-28,1874.744873046875,Yahoo Finance via yfinance,0.007704082126493943,24.420865404377366,36.95562439482051,1872.7401123046875,Yahoo Finance via yfinance,0.008412176674294747,24.896424787829456,35.727184971140964,0.9989306487666616,-0.0010693512333384003,-0.10693512333384003
2023-07-29,1881.06884765625,Yahoo Finance via yfinance,0.003367568817880407,21.838675280224997,36.70083337962541,1874.4306640625,Yahoo Finance via yfinance,0.0009023084206211016,21.71051589607486,35.481843658559555,0.9964710576106659,-0.0035289423893341,-0.35289423893341
2023-07-30,1861.643798828125,Yahoo Finance via yfinance,-0.01038029102636269,20.698026512216362,33.54372949484509,1858.942626953125,Yahoo Finance via yfinance,-0.008297121533024376,19.965992553008547,32.30789029929301,0.9985490393615039,-0.001450960638496146,-0.1450960638496146
2023-07-31,1856.162353515625,Yahoo Finance via yfinance,-0.002948754754670777,13.571181826123253,33.529577649323336,1852.285400390625,Yahoo Finance via yfinance,-0.0035876177124550953,12.851097865298502,32.31942346151255,0.997911307102174,-0.0020886928978259833,-0.20886928978259833
2023-08-01,1871.7921142578125,Yahoo Finance via yfinance,0.008385216320091819,14.573034061636855,33.585691038582056,1864.349609375,Yahoo Finance via yfinance,0.0064920291202137615,13.161654968787357,32.39521145397083,0.9960238613967216,-0.00397613860327839,-0.39761386032783896
2023-08-02,1839.0897216796875,Yahoo Finance via yfinance,-0.01762558908303738,18.502155253616724,33.84677668796922,1834.350341796875,Yahoo Finance via yfinance,-0.016221875701380718,16.554184715669987,32.65382852455356,0.9974229751670387,-0.0025770248329612944,-0.25770248329612944
2023-08-03,1835.136474609375,Yahoo Finance via yfinance,-0.0021518809047709076,18.227097346815178,33.735917366785415,1825.91455078125,Yahoo Finance via yfinance,-0.0046093964230126076,16.341678161118654,32.668133061125886,0.9949748021710004,-0.0050251978289995725,-0.5025197828999572
2023-08-04,1827.712890625,Yahoo Finance via yfinance,-0.004053453150028359,16.315889031204673,33.48152771993826,1821.09619140625,Yahoo Finance via yfinance,-0.002642362482115176,13.606604727048632,32.35037931462036,0.99637979288066,-0.0036202071193399687,-0.3620207119339969
2023-08-05,1834.9879150390625,Yahoo Finance via yfinance,0.003972496999979245,16.478741811876088,31.531961023871375,1831.7174072265625,Yahoo Finance via yfinance,0.005815377908785884,15.06649384953451,29.906162873956603,0.9982176951762484,-0.0017823048237516348,-0.17823048237516348
2023-08-06,1827.4620361328125,Yahoo Finance via yfinance,-0.0041097569109865275,15.488380944198438,31.253404603160234,1822.669677734375,Yahoo Finance via yfinance,-0.00495171845181731,14.576245175510117,29.673231810938212,0.9973775879861346,-0.0026224120138653717,-0.26224120138653717
2023-08-07,1826.9388427734373,Yahoo Finance via yfinance,-0.0002863360535894776,15.575938790830058,31.245975580078934,1822.1748046875,Yahoo Finance via yfinance,-0.000271546866980249,14.665738297627854,29.52135102839736,0.997392338498477,-0.0026076615015230287,-0.26076615015230287
2023-08-08,1855.807373046875,Yahoo Finance via yfinance,0.015678040193483726,19.10128289442725,31.761413419367894,1853.017578125,Yahoo Finance via yfinance,0.016784698226693703,19.517729708536628,30.016653891212204,0.9984967217167078,-0.0015032782832922198,-0.15032782832922198
2023-08-09,1854.297607421875,Yahoo Finance via yfinance,-0.0008138668400405227,13.295669517057746,31.575996578067212,1848.99755859375,Yahoo Finance via yfinance,-0.0021718015528820905,14.881596691544384,29.784719450922815,0.997141748548393,-0.002858251451607008,-0.2858251451607008
2023-08-10,1850.75341796875,Yahoo Finance via yfinance,-0.0019131669226014547,13.260387338837058,31.57910688157781,1848.3572998046875,Yahoo Finance via yfinance,-0.0003463334302402816,14.182294684935254,29.784400012876688,0.9987053282512954,-0.0012946717487045678,-0.12946717487045678
2023-08-11,1847.1243896484373,Yahoo Finance via yfinance,-0.0019627633330060105,12.834605122100925,31.567382535068628,1845.3572998046875,Yahoo Finance via yfinance,-0.001624381407253776,14.008699407903405,29.782907279573084,0.9990433292670202,-0.0009566707329797808,-0.09566707329797808
2023-08-12,1848.889892578125,Yahoo Finance via yfinance,0.0009553551091288965,12.666153707389768,19.087315503517907,1845.4747314453125,Yahoo Finance via yfinance,6.363423730486977e-05,13.639227420293821,18.346153008160957,0.9981528585631184,-0.001847141436881583,-0.1847141436881583
2023-08-13,1839.2801513671875,Yahoo Finance via yfinance,-0.005211127926941038,12.962092490275431,15.4323256953914,1838.93798828125,Yahoo Finance via yfinance,-0.003548326704842213,13.295693155038006,15.248031071299422,0.9998139690216941,-0.00018603097830593995,-0.018603097830593995
2023-08-14,1844.185791015625,Yahoo Finance via yfinance,0.002663601415372453,12.96998793134319,15.484399414410078,1841.2667236328125,Yahoo Finance via yfinance,0.0012655468076729194,13.233503062344967,15.242515123174597,0.9984171511368142,-0.0015828488631858262,-0.15828488631858262
2023-08-15,1826.9327392578125,Yahoo Finance via yfinance,-0.009399412543856542,7.664163676323699,15.704552713143388,1816.7620849609373,Yahoo Finance via yfinance,-0.013397929054554267,9.404833177621061,15.793792018014074,0.9944329344598603,-0.005567065540139748,-0.5567065540139748
2023-08-16,1805.6590576171875,Yahoo Finance via yfinance,-0.011712807846728535,10.087844914686578,16.014496799428997,1803.01220703125,Yahoo Finance via yfinance,-0.007597127861134581,9.97504841738205,15.80807339869258,0.9985341360126809,-0.0014658639873190715,-0.14658639873190715
2023-08-17,1684.9334716796875,Yahoo Finance via yfinance,-0.06919957367312145,48.044523052628634,28.402350072505445,1686.0723876953125,Yahoo Finance via yfinance,-0.06705692136418305,46.43392069497529,27.70498030243404,1.0006759412373056,0.0006759412373056328,0.06759412373056328
2023-08-18,1660.945068359375,Yahoo Finance via yfinance,-0.014339321685126798,47.072083881528634,28.632191057159556,1664.88720703125,Yahoo Finance via yfinance,-0.012644415621169747,45.44442390028971,27.87069127037499,1.0023734310947254,0.002373431094725431,0.2373431094725431
2023-08-19,1669.471923828125,Yahoo Finance via yfinance,0.005120604489073207,48.02691814542096,28.762910686274413,1667.64892578125,Yahoo Finance via yfinance,0.001657428020075602,45.77284004748339,27.90677031293964,0.9989080391105382,-0.0010919608894618404,-0.10919608894618404
2023-08-20,1684.85205078125,Yahoo Finance via yfinance,0.009170393112570728,50.778027343156694,29.094832868255544,1684.1070556640625,Yahoo Finance via yfinance,0.009820680413561461,48.64226156301355,28.28965867447065,0.9995578275749244,-0.0004421724250756043,-0.04421724250756043
2023-08-21,1667.26904296875,Yahoo Finance via yfinance,-0.010490772010026319,49.24936344080592,28.945368733383685,1670.20361328125,Yahoo Finance via yfinance,-0.008289942929542047,47.464637777766114,28.01185065372667,1.0017601060397996,0.0017601060397995916,0.17601060397995916
2023-08-22,1633.892578125,Yahoo Finance via yfinance,-0.020221731633509595,49.19991493142854,28.85244740374922,1632.51611328125,Yahoo Finance via yfinance,-0.022823090687186142,47.88646729152533,28.126195167506424,0.9991575548710004,-0.0008424451289995583,-0.08424451289995583
2023-08-23,1679.2744140625,Yahoo Finance via yfinance,0.027396551114522154,58.48037974180082,30.343468423140674,1678.3489990234375,Yahoo Finance via yfinance,0.027688119104542434,57.20125124019335,29.71200622516838,0.9994489197052531,-0.0005510802947469307,-0.055108029474693065
2023-08-24,1659.944580078125,Yahoo Finance via yfinance,-0.011577587413650496,32.04120004160136,30.357269210649022,1660.955322265625,Yahoo Finance via yfinance,-0.010417639359134933,32.0795674036225,29.655262109919782,1.0006089011643102,0.0006089011643102271,0.06089011643102271
2023-08-25,1652.93505859375,Yahoo Finance via yfinance,-0.004231685246031956,30.49295361192556,30.0731501116753,1651.3486328125,Yahoo Finance via yfinance,-0.005800624894305342,31.08197512474594,29.406629224383764,0.9990402370782796,-0.0009597629217203973,-0.09597629217203973
2023-08-26,1646.3067626953125,Yahoo Finance via yfinance,-0.004018077591921441,30.14555251473298,30.062933853375597,1642.0223388671875,Yahoo Finance via yfinance,-0.005663691673833513,31.12690021178673,29.399415121342287,0.9973975543773442,-0.002602445622655769,-0.2602445622655769
2023-08-27,1657.5130615234375,Yahoo Finance via yfinance,0.006783869824214081,29.653009557306405,30.019237811908045,1655.961669921875,Yahoo Finance via yfinance,0.008453293905634665,30.819476363386755,29.40162138455208,0.9990640245090217,-0.0009359754909783469,-0.09359754909783469
2023-08-28,1652.4573974609375,Yahoo Finance via yfinance,-0.003054811549960939,28.885381769184175,29.901373321198925,1651.6827392578125,Yahoo Finance via yfinance,-0.0025872993113522586,30.429992781444582,29.352038963072697,0.9995312083662095,-0.000468791633790544,-0.0468791633790544
2023-08-29,1729.7257080078125,Yahoo Finance via yfinance,0.045699333902423034,39.75748952883569,34.51322817556206,1724.9681396484375,Yahoo Finance via yfinance,0.04341397034233692,38.76561447333049,33.67154378629585,0.997249524397221,-0.002750475602778968,-0.2750475602778968
2023-08-30,1705.1121826171875,Yahoo Finance via yfinance,-0.014331940827344741,38.87265497355069,34.7614375422668,1698.771484375,Yahoo Finance via yfinance,-0.015303246973456853,37.8136018072679,33.966153311200706,0.9962813600730627,-0.0037186399269373283,-0.3718639926937328
2023-08-31,1645.63916015625,Yahoo Finance via yfinance,-0.03550204886755331,47.01099359260517,36.31537012319175,1646.8275146484375,Yahoo Finance via yfinance,-0.03105461484843961,44.23673952272488,35.16538426476007,1.0007221233676007,0.0007221233676006911,0.0722123367600691
2023-09-01,1628.4912109375,Yahoo Finance via yfinance,-0.01047490726975087,47.46692540749932,36.06975458353701,1621.645263671875,Yahoo Finance via yfinance,-0.015409489985913946,45.371579011424785,35.13136625017514,0.9957961411030988,-0.004203858896901225,-0.42038588969012247
2023-09-02,1637.025390625,Yahoo Finance via yfinance,0.005226860039809269,47.71183775597675,36.210278202399124,1631.856689453125,Yahoo Finance via yfinance,0.006277211115124915,45.69810729356068,35.31655999920775,0.9968426261428348,-0.003157373857165191,-0.3157373857165191
2023-09-03,1636.11767578125,Yahoo Finance via yfinance,-0.0005546441744855993,47.29396544467555,36.227854110176594,1632.09228515625,Yahoo Finance via yfinance,0.0001443623692447436,45.054311419023314,35.34088328713301,0.9975396692520433,-0.002460330747956707,-0.24603307479567071
2023-09-04,1629.6552734375,Yahoo Finance via yfinance,-0.003957660792301494,47.312377160585974,36.12215572107391,1625.146484375,Yahoo Finance via yfinance,-0.004264846270569203,45.08221036982255,35.17550983543835,0.9972332866122113,-0.0027667133877886663,-0.2766713387788666
2023-09-05,1633.62939453125,Yahoo Finance via yfinance,0.0024356582172813594,26.541662152182717,36.190726915195995,1629.7603759765625,Yahoo Finance via yfinance,0.0028350394587881365,25.167205548378053,35.25344847570599,0.9976316424229146,-0.0023683575770854226,-0.23683575770854226
2023-09-06,1632.2523193359375,Yahoo Finance via yfinance,-0.0008433099527620387,26.4221901102419,36.18456296052594,1627.883544921875,Yahoo Finance via yfinance,-0.0011522629900122617,24.77845580894581,35.24391434042292,0.9973234687049856,-0.0026765312950144393,-0.26765312950144393
2023-09-07,1647.5982666015625,Yahoo Finance via yfinance,0.009357779476783406,12.258582954540714,35.82267135334309,1640.446533203125,Yahoo Finance via yfinance,0.007687748700500454,14.826965925445187,34.715414811068094,0.9956592978134232,-0.004340702186576784,-0.43407021865767836
2023-09-08,1636.1378173828125,Yahoo Finance via yfinance,-0.006980156417867569,10.553661318425945,35.81893464459005,1633.2724609375,Yahoo Finance via yfinance,-0.004382834178803139,9.162330039280587,34.70883211652704,0.9982487071597086,-0.0017512928402914074,-0.17512928402914074
2023-09-09,1635.162353515625,Yahoo Finance via yfinance,-0.0005963768808357888,9.83721729234327,35.83232974121293,1631.4508056640625,Yahoo Finance via yfinance,-0.0011159631697588378,8.072544956415717,34.69929462045109,0.9977301655437562,-0.0022698344562438466,-0.22698344562438466
2023-09-10,1616.828857421875,Yahoo Finance via yfinance,-0.011275362778105829,12.720585993024303,35.90864434443293,1613.64404296875,Yahoo Finance via yfinance,-0.010974681635820023,11.278214831438605,34.76647655187678,0.9980302092961135,-0.001969790703886476,-0.1969790703886476
2023-09-11,1551.6376953125,Yahoo Finance via yfinance,-0.04115578466077816,31.396705582682078,38.05270271365164,1551.2147216796875,Yahoo Finance via yfinance,-0.03945668672297606,29.766476869086063,36.79138832433546,0.999727401806433,-0.00027259819356695303,-0.027259819356695303
2023-09-12,1592.429443359375,Yahoo Finance via yfinance,0.02594985113300058,39.29681070199154,39.63709931739048,1591.501953125,Yahoo Finance via yfinance,0.025639879550361917,37.68854907790805,38.3891954149211,0.999417562744621,-0.0005824372553789869,-0.058243725537898694
2023-09-13,1607.988525390625,Yahoo Finance via yfinance,0.009723232880359704,40.47873868854057,39.880238835598675,1603.9122314453125,Yahoo Finance via yfinance,0.007767594434901084,38.55174541872626,38.585352431648104,0.997464973237715,-0.0025350267622850087,-0.25350267622850087
2023-09-14,1626.974365234375,Yahoo Finance via yfinance,0.011738037483995224,40.92405815052879,40.23789956864179,1622.6370849609375,Yahoo Finance via yfinance,0.011606866590644124,39.255679859792686,38.85260662589484,0.9973341434468067,-0.002665856553193291,-0.2665856553193291
2023-09-15,1641.640380859375,Yahoo Finance via yfinance,0.008973901904285443,41.31511115510575,40.37675717123302,1640.1866455078125,Yahoo Finance via yfinance,0.01075738760936351,40.106411671538346,39.151191793436915,0.9991144617490455,-0.0008855382509544985,-0.08855382509544985
2023-09-16,1635.2216796875,Yahoo Finance via yfinance,-0.003917595103213167,41.43715747203196,32.61590999580059,1635.1014404296875,Yahoo Finance via yfinance,-0.003105198096025889,40.18394019564407,31.649720391663454,0.999926469139135,-7.353086086503424e-05,-0.007353086086503424
2023-09-17,1622.896728515625,Yahoo Finance via yfinance,-0.00756572255383155,40.90599047569074,32.35169686331007,1621.7926025390625,Yahoo Finance via yfinance,-0.00817276324880774,39.753508421819745,31.48105045631004,0.9993196572787645,-0.0006803427212355162,-0.06803427212355162
2023-09-18,1637.3470458984375,Yahoo Finance via yfinance,0.00886462056818693,20.99293335356757,32.46369901778802,1635.220458984375,Yahoo Finance via yfinance,0.008245550306718759,20.859404919416434,31.63124508328652,0.998701199651357,-0.0012988003486430477,-0.12988003486430477
2023-09-19,1643.544677734375,Yahoo Finance via yfinance,0.00377802117826014,14.290354023645884,32.31257643592032,1648.7420654296875,Yahoo Finance via yfinance,0.00823498000270248,14.479847699572302,31.569927107657648,1.0031623038702404,0.0031623038702404127,0.31623038702404127
2023-09-20,1622.890625,Yahoo Finance via yfinance,-0.012646402630916957,17.981858887822906,32.40233821044089,1624.2265625,Yahoo Finance via yfinance,-0.014980871623907498,20.10532725816622,31.857151824003125,1.0008231839406923,0.0008231839406922514,0.08231839406922514
2023-09-21,1584.3070068359375,Yahoo Finance via yfinance,-0.024061803567986477,23.18960665230252,32.71671557722298,1591.66552734375,Yahoo Finance via yfinance,-0.020250771478238186,23.52091859659671,31.64660118254019,1.0046446304132104,0.004644630413210393,0.4644630413210393
2023-09-22,1593.268310546875,Yahoo Finance via yfinance,0.005640355663340097,22.175620991972277,31.181844876188418,1597.583740234375,Yahoo Finance via yfinance,0.0037113559883767424,21.524399820015656,29.98734641656911,1.0027085392076986,0.002708539207698646,0.2708539207698646
2023-09-23,1593.8577880859375,Yahoo Finance via yfinance,0.00036991165554260767,22.43202071213096,30.98589556497081,1594.6361083984375,Yahoo Finance via yfinance,-0.001846760444740305,21.566817648563188,29.820284146274904,1.00048832481688,0.0004883248168801035,0.048832481688010354
2023-09-24,1580.8533935546875,Yahoo Finance via yfinance,-0.008192535649686675,22.502864282731363,31.062894515277762,1581.4781494140625,Yahoo Finance via yfinance,-0.008285617702836192,21.581586913160958,29.87941623705417,1.0003952016435693,0.00039520164356932064,0.039520164356932064
2023-09-25,1588.3228759765625,Yahoo Finance via yfinance,0.004713840832936815,21.25226703269337,31.12258073123144,1587.6290283203125,Yahoo Finance via yfinance,0.0038817788637904947,20.318077722421958,29.895134956522295,0.999563157046502,-0.0004368429534979956,-0.04368429534979956
2023-09-26,1593.417236328125,Yahoo Finance via yfinance,0.0032022506710494814,21.12209763479902,31.0319513965443,1591.2493896484375,Yahoo Finance via yfinance,0.002277761158100761,18.467813860518316,29.72326764281207,0.9986394984124289,-0.0013605015875710613,-0.13605015875710613
2023-09-27,1597.4912109375,Yahoo Finance via yfinance,0.0025534902616827573,20.361003656610777,31.054017975589087,1597.8560791015625,Yahoo Finance via yfinance,0.004143292825660617,17.35427904155873,29.78005944525814,1.0002284007333275,0.0002284007333275273,0.02284007333275273
2023-09-28,1652.8826904296875,Yahoo Finance via yfinance,0.03408644314956767,25.194474975901716,29.049495717882046,1647.44677734375,Yahoo Finance via yfinance,0.0305639016225704,23.24103163047401,27.62136366902818,0.9967112529416565,-0.0032887470583434775,-0.32887470583434775
2023-09-29,1667.94384765625,Yahoo Finance via yfinance,0.009070790251801169,25.281886471630845,28.896400625803263,1666.048583984375,Yahoo Finance via yfinance,0.011228023604617436,23.633568673568554,27.5066295436324,0.9988637125437178,-0.0011362874562822478,-0.11362874562822478
2023-09-30,1671.161865234375,Yahoo Finance via yfinance,0.0019274733123827276,25.074682375031433,26.036084394865327,1674.5517578125,Yahoo Finance via yfinance,0.005090816812800094,22.747636734424486,25.27675732248276,1.002028464536348,0.0020284645363479736,0.20284645363479736
2023-10-01,1733.8104248046875,Yahoo Finance via yfinance,0.03680243191831558,29.419552952192674,28.61913767911095,1733.534423828125,Yahoo Finance via yfinance,0.03461682174949903,26.078234136270307,27.245998228244893,0.9998408124829486,-0.00015918751705135126,-0.015918751705135126
2023-10-02,1663.6275634765625,Yahoo Finance via yfinance,-0.0413210468044494,49.45182660478261,32.34042616154175,1664.80810546875,Yahoo Finance via yfinance,-0.04045247911752511,46.935870610886795,30.989451184581895,1.000709619158822,0.0007096191588220613,0.07096191588220613
2023-10-03,1656.6856689453125,Yahoo Finance via yfinance,-0.004181475758509447,50.045891812333885,32.380557126604344,1656.0640869140625,Yahoo Finance via yfinance,-0.005266109778086296,47.6863120590975,31.058309993489548,0.9996248038822925,-0.00037519611770753247,-0.03751961177075325
2023-10-04,1647.838134765625,Yahoo Finance via yfinance,-0.005354814095119953,50.65722979388314,32.407967118196325,1645.83056640625,Yahoo Finance via yfinance,-0.006198594654750105,48.47045133795421,31.102832157746384,0.9987816956550405,-0.0012183043449595088,-0.12183043449595088
2023-10-05,1611.4764404296875,Yahoo Finance via yfinance,-0.022313404954047225,46.7970500359226,33.34560415390288,1613.3587646484375,Yahoo Finance via yfinance,-0.019926965238797365,45.395245913488516,31.88407437707792,1.0011680743022517,0.0011680743022517426,0.11680743022517426
2023-10-06,1645.83154296875,Yahoo Finance via yfinance,0.02109495122828737,49.50831906073209,34.18102043221212,1644.4603271484375,Yahoo Finance via yfinance,0.019094066640250814,47.21264275461201,32.593141735430436,0.9991668553041345,-0.0008331446958654842,-0.08331446958654842
2023-10-07,1634.51123046875,Yahoo Finance via yfinance,-0.006901935694143669,49.502894641131775,34.107733319277706,1637.6317138671875,Yahoo Finance via yfinance,-0.004161140546384873,46.85497792729325,32.51879214138984,1.0019091232536486,0.0019091232536485592,0.19091232536485592
2023-10-08,1633.548583984375,Yahoo Finance via yfinance,-0.0005891241696125072,36.89428194718574,34.022126972609755,1633.6475830078125,Yahoo Finance via yfinance,-0.002435825539618789,34.74374811005791,32.49327701524229,1.0000606036602817,6.06036602817106e-05,0.00606036602817106
2023-10-09,1579.806640625,Yahoo Finance via yfinance,-0.0334522336796812,32.85339860781165,35.963049865817794,1578.0491943359375,Yahoo Finance via yfinance,-0.03462589864670136,31.593730576639516,34.66860944990404,0.9988875560819473,-0.0011124439180526524,-0.11124439180526524
2023-10-10,1567.7130126953125,Yahoo Finance via yfinance,-0.007684582639813547,32.742770385271456,35.85743572403835,1572.8089599609375,Yahoo Finance via yfinance,-0.003326229839489228,31.713443322701018,34.49689987456776,1.0032505613108764,0.003250561310876421,0.3250561310876421
2023-10-11,1566.2547607421875,Yahoo Finance via yfinance,-0.0009306107553027609,33.104673300485175,32.80706361893706,1564.7640380859375,Yahoo Finance via yfinance,-0.005128128977556865,31.746871935778653,31.620233308602895,0.9990482246607547,-0.0009517753392452866,-0.09517753392452866
2023-10-12,1539.6124267578125,Yahoo Finance via yfinance,-0.017156552988921717,31.863766152396046,32.00299012807495,1535.459716796875,Yahoo Finance via yfinance,-0.018905212267531155,31.505658018702054,30.935525959033317,0.9973027562724455,-0.0026972437275545325,-0.26972437275545325
2023-10-13,1552.0894775390625,Yahoo Finance via yfinance,0.008071359338065555,25.81118166826085,31.93763876163162,1550.1580810546875,Yahoo Finance via yfinance,0.0095270875369707,27.12542888963962,31.005692939676326,0.9987556152449166,-0.001244384755083372,-0.1244384755083372
2023-10-14,1555.2568359375,Yahoo Finance via yfinance,0.0020386266452902587,26.906306838875132,31.62151317874338,1553.911376953125,Yahoo Finance via yfinance,0.0024183078235749736,28.152888787420306,30.69447113631773,0.9991348959520477,-0.0008651040479522587,-0.08651040479522587
2023-10-15,1558.06982421875,Yahoo Finance via yfinance,0.0018070632180871068,27.31164761947437,31.420834237138223,1558.4019775390625,Yahoo Finance via yfinance,0.002885701528517504,28.98477413472224,30.422282725872098,1.0002131825641891,0.0002131825641891183,0.02131825641891183
2023-10-16,1600.5343017578125,Yahoo Finance via yfinance,0.026889749083233876,26.167767932103853,32.95249696576522,1597.4044189453125,Yahoo Finance via yfinance,0.024719150973375903,25.744680911154393,31.778949970664634,0.9980444762670425,-0.001955523732957487,-0.1955523732957487
2023-10-17,1565.4395751953125,Yahoo Finance via yfinance,-0.022170848827160933,31.02314648912097,33.7195386102474,1566.6939697265625,Yahoo Finance via yfinance,-0.01941242645235543,29.948292158770336,32.34494109058696,1.0008013049823998,0.0008013049823998308,0.08013049823998308
2023-10-18,1563.7498779296875,Yahoo Finance via yfinance,-0.0010799585356926883,31.025452062765346,33.52373724752374,1564.764404296875,Yahoo Finance via yfinance,-0.0012323751066942296,29.717757706785385,32.166806188715384,1.000648777903363,0.0006487779033630403,0.06487779033630403
2023-10-19,1567.45703125,Yahoo Finance via yfinance,0.0023678761320827203,27.554153852882763,33.499218608526334,1567.143798828125,Yahoo Finance via yfinance,0.0015194538503135635,25.11717252358512,31.996683364099194,0.999800165225821,-0.000199834774178953,-0.0199834774178953
2023-10-20,1604.6668701171875,Yahoo Finance via yfinance,0.023461596611029707,31.399448236456394,34.35462126048188,1601.8211669921875,Yahoo Finance via yfinance,0.02188648519922874,28.458882685571602,32.64706076805011,0.9982266081652249,-0.0017733918347750954,-0.17733918347750954
2023-10-21,1629.304443359375,Yahoo Finance via yfinance,0.015237024402029386,32.14141538311065,33.67246632391133,1630.875732421875,Yahoo Finance via yfinance,0.017975918377233398,29.887090957345208,32.45320271029991,1.0009643925473255,0.0009643925473254988,0.09643925473254988
2023-10-22,1663.429931640625,Yahoo Finance via yfinance,0.020728492662093916,33.29243785338867,34.34252987258298,1659.4005126953125,Yahoo Finance via yfinance,0.017339270511104024,30.519996059338826,32.95079969409703,0.997577644318725,-0.0024223556812750235,-0.24223556812750235
2023-10-23,1765.3826904296875,Yahoo Finance via yfinance,0.059485794112344045,48.56024040817808,39.85881244177677,1759.348388671875,Yahoo Finance via yfinance,0.05848710657520597,46.61602141598796,38.48865109049231,0.9965818732728462,-0.003418126727153803,-0.3418126727153803
2023-10-24,1784.4375,Yahoo Finance via yfinance,0.010735750862524152,38.39794557228453,39.712054361768914,1786.2142333984375,Yahoo Finance via yfinance,0.015154919984105524,37.41010475062485,38.47081571783711,1.0009956826161956,0.0009956826161956478,0.09956826161956478
2023-10-25,1787.3975830078125,Yahoo Finance via yfinance,0.0016574582065942418,37.582103453519515,39.71981619578532,1785.6199951171875,Yahoo Finance via yfinance,-0.0003327356471296176,37.12256272116069,38.50131971523608,0.9990054882542508,-0.0009945117457491603,-0.09945117457491603
2023-10-26,1804.039306640625,Yahoo Finance via yfinance,0.009267512281385481,36.0112414609923,39.76203247838697,1801.263427734375,Yahoo Finance via yfinance,0.008722631854927613,35.39994506665632,38.5323898729151,0.9984612979905526,-0.0015387020094473902,-0.15387020094473902
2023-10-27,1780.0452880859375,Yahoo Finance via yfinance,-0.013389403281273107,43.05089594886253,40.228148152141614,1772.94189453125,Yahoo Finance via yfinance,-0.01584806882633968,43.63462698236475,39.15755812418115,0.996009430994688,-0.003990569005312028,-0.3990569005312028
2023-10-28,1776.6181640625,Yahoo Finance via yfinance,-0.0019271573654481044,44.70164072415719,38.727124994165735,1774.29345703125,Yahoo Finance via yfinance,0.0007620371536999505,44.561061895137094,37.92212753889754,0.9986914987821951,-0.0013085012178049027,-0.13085012178049027
2023-10-29,1795.5460205078125,Yahoo Finance via yfinance,0.010597516022088605,44.143763595395654,38.763836679962296,1792.4066162109375,Yahoo Finance via yfinance,0.010156903874351317,44.342816545250905,37.89283082008061,0.9982515601042701,-0.0017484398957299252,-0.17484398957299252
2023-10-30,1810.088623046875,Yahoo Finance via yfinance,0.008066641706526727,16.997222435815267,38.81239325811333,1806.0228271484373,Yahoo Finance via yfinance,0.007567899350896115,19.42241372285323,37.92450455873528,0.9977538139035459,-0.002246186096454106,-0.22461860964541058
2023-10-31,1816.458984375,Yahoo Finance via yfinance,0.0035131858560219814,15.911015475461904,36.8122529023954,1806.41943359375,Yahoo Finance via yfinance,0.00021957801303371376,16.915298735400434,36.115108361961326,0.9944730099233678,-0.0055269900766321545,-0.5526990076632154
2023-11-01,1847.0897216796875,Yahoo Finance via yfinance,0.016722284071564633,18.849589785930732,33.74348316578599,1838.17333984375,Yahoo Finance via yfinance,0.01742565588820846,20.215281515119763,33.20396688501683,0.9951727402674142,-0.004827259732585798,-0.4827259732585798
2023-11-02,1800.6209716796875,Yahoo Finance via yfinance,-0.025479687340772706,28.133069912998977,35.14150360810801,1800.443603515625,Yahoo Finance via yfinance,-0.020739247496467852,26.40320956624569,34.13217528684157,0.9999014961133674,-9.85038866325727e-05,-0.00985038866325727
2023-11-03,1832.795166015625,Yahoo Finance via yfinance,0.017710624992429473,28.274024272816074,35.38981287896806,1826.4090576171875,Yahoo Finance via yfinance,0.01431869455792491,24.33852802222667,34.202598924207045,0.9965156453285937,-0.0034843546714062867,-0.3484354671406287
2023-11-04,1857.6986083984373,Yahoo Finance via yfinance,0.013496199648100346,28.44307000483699,34.28346039717919,1849.9713134765625,Yahoo Finance via yfinance,0.012818357246437193,24.840963949533908,33.277883954731045,0.9958403936532327,-0.004159606346767264,-0.4159606346767264
2023-11-05,1894.15771484375,Yahoo Finance via yfinance,0.01943584775415126,29.91894863243428,34.18859406520699,1887.8291015625,Yahoo Finance via yfinance,0.02025741264495894,26.865616322807305,33.34423343074962,0.9966588773301952,-0.003341122669804797,-0.3341122669804797
2023-11-06,1899.83740234375,Yahoo Finance via yfinance,0.0029940427266941364,30.0984098157401,33.9398423632425,1892.40869140625,Yahoo Finance via yfinance,0.002422912173748852,27.10302818929073,33.205283776624356,0.9960898175136801,-0.003910182486319913,-0.3910182486319913
2023-11-07,1888.124267578125,Yahoo Finance via yfinance,-0.006184419547505903,31.544688304838065,34.1117869099631,1876.697509765625,Yahoo Finance via yfinance,-0.008336869167547938,28.98189272940648,33.43060889375768,0.9939480901714394,-0.006051909828560631,-0.6051909828560631
2023-11-08,1889.3223876953125,Yahoo Finance via yfinance,0.0006343545080602957,30.181255843054572,31.24933088190686,1884.7200927734373,Yahoo Finance via yfinance,0.004265729584294597,27.176213169054197,30.288375253337698,0.9975640499727051,-0.0024359500272949086,-0.24359500272949086
2023-11-09,2120.56103515625,Yahoo Finance via yfinance,0.11546245314063243,79.66098248260577,48.97478870109618,2108.234619140625,Yahoo Finance via yfinance,0.11207160591179054,77.50768510129336,47.63402937050002,0.9941871911200534,-0.005812808879946618,-0.5812808879946618
2023-11-10,2078.289794921875,Yahoo Finance via yfinance,-0.020135351367736306,85.74990281021097,49.96576332081922,2076.2099609375,Yahoo Finance via yfinance,-0.015306826445624418,82.22901552185765,48.163979188788744,0.9989992569903116,-0.0010007430096884429,-0.10007430096884429
2023-11-11,2052.7138671875,Yahoo Finance via yfinance,-0.012382586227762105,88.55915115820791,49.67295437064424,2048.6640625,Yahoo Finance via yfinance,-0.013356193555339482,85.403935465839,47.79058684987002,0.9980270973211436,-0.001972902678856414,-0.1972902678856414
2023-11-12,2045.18701171875,Yahoo Finance via yfinance,-0.003673521715431939,89.30666124636043,49.88655616240134,2043.1392822265625,Yahoo Finance via yfinance,-0.0027004150323564216,86.08081767547553,47.98324661653378,0.9989987568469513,-0.0010012431530487254,-0.10012431530487254
2023-11-13,2055.265380859375,Yahoo Finance via yfinance,0.004915745127926334,89.21312712437185,49.84467663884781,2050.70166015625,Yahoo Finance via yfinance,0.003694518980092521,86.0059604446592,47.96259040047943,0.9977794980903066,-0.002220501909693362,-0.2220501909693362
2023-11-14,1979.0526123046875,Yahoo Finance via yfinance,-0.037786727149761994,95.65279715583138,52.43878711703452,1980.23681640625,Yahoo Finance via yfinance,-0.03496556603513556,91.69876704223852,50.352101070705025,1.000598369186448,0.0005983691864479557,0.05983691864479557
2023-11-15,2060.408447265625,Yahoo Finance via yfinance,0.040285986954170384,98.36526228515756,53.24897206408915,2051.96826171875,Yahoo Finance via yfinance,0.03558301839024082,93.7565190165452,50.94561769684509,0.9959036347584014,-0.004096365241598621,-0.40963652415986207
2023-11-16,1960.881591796875,Yahoo Finance via yfinance,-0.04951007466964237,56.36736103986989,56.008102870503095,1958.5146484375,Yahoo Finance via yfinance,-0.04661310667782441,51.26368087133943,53.62412841436607,0.998792918772211,-0.0012070812277890086,-0.12070812277890086
2023-11-17,1961.28076171875,Yahoo Finance via yfinance,0.00020354584398841086,56.31577799779907,55.9851183637425,1949.7022705078125,Yahoo Finance via yfinance,-0.004509674384684766,51.243693564321546,53.70296958441555,0.99409646418966,-0.005903535810339977,-0.5903535810339977
2023-11-18,1963.2850341796875,Yahoo Finance via yfinance,0.0010213984116557823,56.55276935656317,56.00277331016671,1957.197021484375,Yahoo Finance via yfinance,0.0038366794790700605,51.85102427727792,53.67748251798936,0.9968990683526214,-0.0031009316473785686,-0.31009316473785686
2023-11-19,2013.2044677734373,Yahoo Finance via yfinance,0.025108607052151122,61.027591602288986,56.06474772771104,2000.017822265625,Yahoo Finance via yfinance,0.02164273304624503,55.774494078135305,53.66927446099391,0.9934499223904483,-0.00655007760955173,-0.655007760955173
2023-11-20,2022.2391357421875,Yahoo Finance via yfinance,0.004477665382766092,60.99710491722755,56.00490332870767,2020.8978271484373,Yahoo Finance via yfinance,0.010385789898388259,56.471461576945195,53.54619170241581,0.9993367210781142,-0.0006632789218857793,-0.06632789218857793
2023-11-21,1937.0667724609373,Yahoo Finance via yfinance,-0.04303052460772705,62.93884047365279,58.4298717446009,1944.662109375,Yahoo Finance via yfinance,-0.03845364225894169,57.7484378152349,55.70266573975762,1.0039210506431915,0.0039210506431914816,0.39210506431914816
2023-11-22,2064.42529296875,Yahoo Finance via yfinance,0.063677023255911,74.02887958231338,58.93717716888136,2061.87939453125,Yahoo Finance via yfinance,0.058529655033611946,68.37515660526482,55.707782053668694,0.9987667761840687,-0.0012332238159312725,-0.12332238159312725
2023-11-23,2062.210693359375,Yahoo Finance via yfinance,-0.0010733196866971198,61.396372790481365,58.941920925524585,2054.021240234375,Yahoo Finance via yfinance,-0.0038184419606643273,56.27841750385222,55.67796797412869,0.996028799020696,-0.003971200979304035,-0.3971200979304035
2023-11-24,2081.152099609375,Yahoo Finance via yfinance,0.009143074911916294,61.11556653163747,58.94916137439306,2079.364501953125,Yahoo Finance via yfinance,0.012262866757466812,55.5258272957446,55.70923481867176,0.9991410538150549,-0.0008589461849450863,-0.08589461849450863
2023-11-25,2084.4130859375,Yahoo Finance via yfinance,0.0015656876553503114,61.07643681789507,58.94138389872617,2076.108154296875,Yahoo Finance via yfinance,-0.0015672577307896643,55.978511538699,55.740084440324544,0.9960156978016238,-0.0039843021983761995,-0.39843021983761995
2023-11-26,2063.2861328125,Yahoo Finance via yfinance,-0.010187400160361982,60.57192987468248,58.827381192851156,2058.10986328125,Yahoo Finance via yfinance,-0.008707041886531057,55.90929609211358,55.4631808010528,0.9974912497840549,-0.002508750215945099,-0.2508750215945099
2023-11-27,2027.4173583984373,Yahoo Finance via yfinance,-0.017537176077817594,62.41602784206932,59.30616302717364,2021.337646484375,Yahoo Finance via yfinance,-0.01802852602108095,57.69918766741702,56.027087094583,0.9970012529048953,-0.0029987470951047257,-0.29987470951047257
2023-11-28,2049.338134765625,Yahoo Finance via yfinance,0.01075413409883308,50.639955783683874,59.308247525351256,2044.8040771484373,Yahoo Finance via yfinance,0.011542485625198032,47.870582891414095,56.04725761314793,0.9977875502630481,-0.0022124497369518936,-0.22124497369518936
2023-11-29,2029.92919921875,Yahoo Finance via yfinance,-0.009515964716186757,20.100739032908695,59.48851526589577,2027.640869140625,Yahoo Finance via yfinance,-0.008428995284962696,21.108991946220076,56.21066292869309,0.998872704486932,-0.0011272955130680051,-0.11272955130680051
2023-11-30,2052.55615234375,Yahoo Finance via yfinance,0.011085004780645596,22.379736353515277,59.542191005350254,2045.652099609375,Yahoo Finance via yfinance,0.00884362995476115,22.521458599765026,56.2208901167315,0.9966363635282321,-0.00336363647176785,-0.336363647176785
2023-12-01,2087.139892578125,Yahoo Finance via yfinance,0.01670873631853236,24.920483489372838,59.54182895265605,2080.591796875,Yahoo Finance via yfinance,0.01693575719458893,24.323583298832666,56.20658329804837,0.9968626464730945,-0.003137353526905473,-0.3137353526905473
2023-12-02,2165.7041015625,Yahoo Finance via yfinance,0.03695087239059371,36.38204438123488,59.62389683771811,2158.363037109375,Yahoo Finance via yfinance,0.03669771021597055,35.752305479755115,56.57740004725217,0.9966103105000224,-0.003389689499977644,-0.3389689499977644
2023-12-03,2193.691650390625,Yahoo Finance via yfinance,0.012840281062667463,34.08235469010747,59.52920764572915,2197.2197265625,Yahoo Finance via yfinance,0.017842719301878668,34.42702312244929,56.65556959488522,1.0016082826277097,0.001608282627709734,0.1608282627709734
2023-12-04,2243.2158203125,Yahoo Finance via yfinance,0.022324660631914274,26.739486633930465,59.74853593480369,2236.026611328125,Yahoo Finance via yfinance,0.017507656039621795,25.695142637516376,56.748453136197384,0.9967951327200548,-0.0032048672799451783,-0.32048672799451783
2023-12-05,2293.841796875,Yahoo Finance via yfinance,0.022317582058232848,27.06898672836944,59.83675319701985,2282.87744140625,Yahoo Finance via yfinance,0.02073622644161096,25.925382046402945,56.76350032529051,0.9952200908172102,-0.00477990918278981,-0.477990918278981
2023-12-06,2231.661376953125,Yahoo Finance via yfinance,-0.027481732281027516,38.22287983210992,60.987103700098885,2227.767333984375,Yahoo Finance via yfinance,-0.024436794554874252,35.72582267800678,57.7608169851485,0.9982550923679709,-0.001744907632029058,-0.1744907632029058
2023-12-07,2357.57958984375,Yahoo Finance via yfinance,0.05488917505378805,48.27973391754891,63.21131139484651,2347.46533203125,Yahoo Finance via yfinance,0.05233627553511957,44.93437093530578,59.78133562600224,0.995709897618697,-0.004290102381303007,-0.4290102381303007
2023-12-08,2358.73193359375,Yahoo Finance via yfinance,0.0004886631288898086,50.28894410561383,63.213294941599926,2348.760009765625,Yahoo Finance via yfinance,0.0005513695246484915,47.04656128083069,59.82034760319147,0.9957723369552505,-0.00422766304474953,-0.422766304474953
2023-12-09,2341.17529296875,Yahoo Finance via yfinance,-0.007471093126813073,50.053434368686325,49.90491690538234,2331.83251953125,Yahoo Finance via yfinance,-0.007233085951718203,46.73256765435255,46.527968791859,0.9960093661224091,-0.00399063387759091,-0.399063387759091
2023-12-10,2352.462646484375,Yahoo Finance via yfinance,0.004809648899278448,50.22210524085617,49.18391335953139,2341.3037109375,Yahoo Finance via yfinance,0.004053468123873963,46.57261869380617,46.037839001427564,0.9952564876796018,-0.004743512320398158,-0.4743512320398158
2023-12-11,2224.578857421875,Yahoo Finance via yfinance,-0.05589509399028756,67.36432951454776,53.20041963224548,2215.947509765625,Yahoo Finance via yfinance,-0.055027833974602335,64.56107512512918,50.12862904164912,0.9961200082310172,-0.0038799917689827934,-0.38799917689827934
2023-12-12,2202.0380859375,Yahoo Finance via yfinance,-0.010184285922753354,64.49124079988789,53.34655811378015,2193.415771484375,Yahoo Finance via yfinance,-0.010220039929690053,61.9538568321079,50.29734703341967,0.9960843935860201,-0.003915606413979922,-0.3915606413979922
2023-12-13,2260.648681640625,Yahoo Finance via yfinance,0.026268465157370285,65.19169433705405,53.98620709835178,2245.416748046875,Yahoo Finance via yfinance,0.02343109609433047,62.78907831560788,50.83126775677582,0.9932621403239464,-0.006737859676053559,-0.6737859676053559
2023-12-14,2316.5791015625,Yahoo Finance via yfinance,0.024439772933182627,52.61408577842611,52.383216429221804,2305.857177734375,Yahoo Finance via yfinance,0.0265613470210563,51.797594723119545,49.55829735904121,0.9953716564994939,-0.004628343500506116,-0.4628343500506116
2023-12-15,2219.33740234375,Yahoo Finance via yfinance,-0.042882888386342424,59.925435559407845,53.404669468504494,2225.90966796875,Yahoo Finance via yfinance,-0.035286813258715584,56.72091005908791,50.22787177762032,1.0029613638818773,0.002961363881877288,0.2961363881877288
2023-12-16,2226.926513671875,Yahoo Finance via yfinance,0.003413705907421287,60.57342639792316,50.002587335512835,2222.68994140625,Yahoo Finance via yfinance,-0.0014475238984927286,56.90186988631947,47.01316719557525,0.9980975697942365,-0.0019024302057635278,-0.19024302057635278
2023-12-17,2196.481201171875,Yahoo Finance via yfinance,-0.013765763969279048,59.82332413704042,50.38053311026992,2201.246337890625,Yahoo Finance via yfinance,-0.009694430527136304,56.1607508306466,47.16883371171106,1.0021694411571598,0.0021694411571597794,0.21694411571597794
2023-12-18,2217.2734375,Yahoo Finance via yfinance,0.009421633885768003,46.26381248049496,50.407937500320166,2214.6279296875,Yahoo Finance via yfinance,0.006060694642587071,40.803682223264104,47.17397689556574,0.998806864427383,-0.0011931355726170212,-0.11931355726170212
2023-12-19,2177.87255859375,Yahoo Finance via yfinance,-0.017929749988651676,47.572753453138134,50.380911351226885,2172.512939453125,Yahoo Finance via yfinance,-0.019199877660043666,42.63468298715464,47.41493619058523,0.9975390574992663,-0.0024609425007336982,-0.24609425007336982
2023-12-20,2201.911376953125,Yahoo Finance via yfinance,0.010977281118820084,43.20941908286427,50.462007972669234,2187.77880859375,Yahoo Finance via yfinance,0.007002252325507864,38.24604373094712,47.36108105819779,0.9935816815756996,-0.0064183184243004066,-0.6418318424300407
2023-12-21,2239.54248046875,Yahoo Finance via yfinance,0.01694580433910401,40.48719897728156,47.87043973146222,2231.69921875,Yahoo Finance via yfinance,0.019876490328721907,35.21103502968938,45.31642219348148,0.9964978285577738,-0.0035021714422261985,-0.35021714422261985
2023-12-22,2326.52490234375,Yahoo Finance via yfinance,0.03810410081071799,36.191681993386545,44.63598175939482,2318.610595703125,Yahoo Finance via yfinance,0.03820484830106563,36.31056804389586,42.75354524392846,0.9965982282705627,-0.0034017717294373417,-0.3401771729437342
2023-12-23,2309.04638671875,Yahoo Finance via yfinance,-0.0075410763271413625,37.6393707916101,44.78497955375978,2290.04736328125,Yahoo Finance via yfinance,-0.0123956251069862,38.44320355445385,43.05236792078052,0.9917719178156059,-0.008228082184394081,-0.8228082184394081
2023-12-24,2265.692138671875,Yahoo Finance via yfinance,-0.018954327455434107,39.37405929796425,45.428326361901675,2264.35693359375,Yahoo Finance via yfinance,-0.01128169591234099,38.8091675723528,43.24074553363893,0.9994106855669687,-0.0005893144330313405,-0.058931443303134046
2023-12-25,2272.561767578125,Yahoo Finance via yfinance,0.0030274349100100914,39.15121696078371,45.42605936803228,2260.562255859375,Yahoo Finance via yfinance,-0.0016772359748626954,38.96576907653213,43.24217366745014,0.9947198303298317,-0.005280169670168311,-0.5280169670168311
2023-12-26,2231.46533203125,Yahoo Finance via yfinance,-0.018249257910316962,39.25823092797754,45.80343123195183,2216.871337890625,Yahoo Finance via yfinance,-0.019516673500405583,39.07574916653524,43.76659385859879,0.9934599055019419,-0.006540094498058147,-0.6540094498058147
2023-12-27,2378.739990234375,Yahoo Finance via yfinance,0.06391246238319338,59.03930847334304,49.919755043667394,2363.558349609375,Yahoo Finance via yfinance,0.06407136412368493,59.25244084299667,48.081374645640956,0.9936177805530128,-0.006382219446987247,-0.6382219446987247
2023-12-28,2347.566162109375,Yahoo Finance via yfinance,-0.013191815850142955,61.176039157262565,50.28948942425191,2355.552734375,Yahoo Finance via yfinance,-0.0033928520738688325,59.52328485681555,48.116153124753424,1.0034020648254909,0.0034020648254908803,0.34020648254908803
2023-12-29,2300.690673828125,Yahoo Finance via yfinance,-0.02016974495032379,57.347644429443726,50.79869650120597,2305.5927734375,Yahoo Finance via yfinance,-0.021437594764060503,56.43967596409516,48.77290919777332,1.0021307078196733,0.002130707819673283,0.21307078196732832
2023-12-30,2292.0654296875,Yahoo Finance via yfinance,-0.0037560253958340796,57.173778535703946,50.808321337685726,2292.934814453125,Yahoo Finance via yfinance,-0.005505236496605935,55.794441953878014,48.86072852722448,1.0003793018970422,0.00037930189704216133,0.03793018970421613
2023-12-31,2281.47119140625,Yahoo Finance via yfinance,-0.004632851164384597,55.35244307248822,50.664598192302726,2280.12646484375,Yahoo Finance via yfinance,-0.005601666944530559,55.23254496575569,48.730581586516145,0.9994105879716714,-0.0005894120283286286,-0.05894120283286286
2024-01-01,2352.327880859375,Yahoo Finance via yfinance,0.03058493118294786,59.39812104302402,50.17345005700026,2340.830322265625,Yahoo Finance via yfinance,0.026274796539502317,58.0282457463015,47.954275153628814,0.9951122636060626,-0.004887736393937359,-0.48877363939373586
2024-01-02,2355.83642578125,Yahoo Finance via yfinance,0.0014904091458289848,56.34420208163136,50.04233273131734,2357.47705078125,Yahoo Finance via yfinance,0.00708629591648533,54.2519176905425,47.6728671034173,1.0006964087073473,0.0006964087073473291,0.06964087073473291
2024-01-03,2210.761962890625,Yahoo Finance via yfinance,-0.06355859889814774,54.19216223863438,54.50132244834832,2215.625,Yahoo Finance via yfinance,-0.06205747018247507,52.48185130604447,52.33807930252535,1.0021997108648533,0.002199710864853266,0.2199710864853266
2024-01-04,2269.0380859375,Yahoo Finance via yfinance,0.026018755301935443,60.06862288902134,54.71111524050598,2262.046875,Yahoo Finance via yfinance,0.020735569552530014,56.82751661433036,52.33804606377248,0.996918865760417,-0.0030811342395830055,-0.30811342395830055
2024-01-05,2268.647216796875,Yahoo Finance via yfinance,-0.00017227688370381207,58.68797981345526,53.82950351029741,2254.7744140625,Yahoo Finance via yfinance,-0.0032201704501451695,55.27671931480498,51.62518883765662,0.9938849889786028,-0.006115011021397221,-0.6115011021397221
2024-01-06,2241.624755859375,Yahoo Finance via yfinance,-0.011982773739482165,59.13635669320574,50.268773327260995,2233.485595703125,Yahoo Finance via yfinance,-0.00948651725538409,55.45290390628508,48.186676182118646,0.9963690800010238,-0.0036309199989762453,-0.36309199989762453
2024-01-07,2222.865966796875,Yahoo Finance via yfinance,-0.008403601048354675,59.255319870399035,50.31613194703276,2219.828857421875,Yahoo Finance via yfinance,-0.006133310924258889,55.46501492360457,48.20449043107053,0.9986336965789366,-0.001366303421063364,-0.1366303421063364
2024-01-08,2333.03271484375,Yahoo Finance via yfinance,0.04837167626578345,66.47165980877217,53.23436711036174,2318.5283203125,Yahoo Finance via yfinance,0.043502538042513014,62.1458520759817,50.68050555629697,0.9937830299425435,-0.006216970057456472,-0.6216970057456472
2024-01-09,2344.8271484375,Yahoo Finance via yfinance,0.005042672902309552,66.6077170969936,53.23714289519486,2336.021728515625,Yahoo Finance via yfinance,0.007516726809703827,62.1822382531204,50.73138044647616,0.9962447466851693,-0.003755253314830731,-0.3755253314830731
2024-01-10,2582.103515625,Yahoo Finance via yfinance,0.09639269438375238,74.41964581681675,59.30663968460379,2588.414306640625,Yahoo Finance via yfinance,0.10259608488634915,76.37238158070882,58.447622185224645,1.0024440503556253,0.002444050355625338,0.2444050355625338
2024-01-11,2619.619140625,Yahoo Finance via yfinance,0.01442455815505959,74.52677910348532,59.136249220839,2616.3466796875,Yahoo Finance via yfinance,0.010733496231239117,76.8304556234986,58.209284335104364,0.9987507875145853,-0.0012492124854146525,-0.12492124854146525
2024-01-12,2524.460205078125,Yahoo Finance via yfinance,-0.0370016813266483,84.7875141132055,60.48106748520451,2529.937744140625,Yahoo Finance via yfinance,-0.03358425225327352,85.26757639220658,59.42974103319948,1.0021697862582588,0.00216978625825881,0.216978625825881
2024-01-13,2576.597900390625,Yahoo Finance via yfinance,0.020442625792997573,81.62273727246345,60.32424517962457,2568.03369140625,Yahoo Finance via yfinance,0.014945810070507019,82.52789708318694,59.01079750162449,0.9966761561891063,-0.0033238438108936785,-0.33238438108936785
2024-01-14,2472.2412109375,Yahoo Finance via yfinance,-0.04134477342382033,91.4454495029187,60.177454658594755,2475.80859375,Yahoo Finance via yfinance,-0.03657345823833678,90.88252804506935,59.11909093379975,1.0014429752229344,0.0014429752229343507,0.14429752229343507
2024-01-15,2511.36376953125,Yahoo Finance via yfinance,0.015700827990378897,87.17721128447985,60.32517625976167,2511.9248046875,Yahoo Finance via yfinance,0.014482266508419451,87.82521186293407,59.21076234578124,1.0002233986024074,0.00022339860240738751,0.02233986024073875
2024-01-16,2587.691162109375,Yahoo Finance via yfinance,0.029940094873086853,88.07439169232055,60.63006213263922,2586.759765625,Yahoo Finance via yfinance,0.029356723026442603,88.64306662628792,59.632821676215244,0.9996400665975859,-0.0003599334024141365,-0.03599334024141365
2024-01-17,2528.369384765625,Yahoo Finance via yfinance,-0.023191451936679628,56.89986478208676,61.424080212633015,2525.89794921875,Yahoo Finance via yfinance,-0.023809413783400152,51.48399926235781,60.49383995414188,0.9990225180063615,-0.0009774819936384516,-0.09774819936384516
2024-01-18,2467.018798828125,Yahoo Finance via yfinance,-0.02456412536699194,56.599204591128895,61.76993617424591,2462.631103515625,Yahoo Finance via yfinance,-0.02536629030800776,52.012411666419744,60.83369394803167,0.9982214585010117,-0.001778541498988262,-0.1778541498988262
2024-01-19,2489.49853515625,Yahoo Finance via yfinance,0.009070841056131802,52.12281204772404,61.74701137018154,2489.743408203125,Yahoo Finance via yfinance,0.010949323599051293,48.871232528019426,60.87232309280439,1.0000983623984578,9.836239845784078e-05,0.009836239845784078
2024-01-20,2469.589111328125,Yahoo Finance via yfinance,-0.008029513578219509,48.60370721221729,61.707160074477564,2468.654052734375,Yahoo Finance via yfinance,-0.008506572055451932,46.72739568661829,60.7637600775669,0.9996213707821027,-0.0003786292178973305,-0.03786292178973305
2024-01-21,2453.9130859375,Yahoo Finance via yfinance,-0.006367856754760763,38.71258499928088,60.484089061828385,2453.39697265625,Yahoo Finance via yfinance,-0.006199500519205444,39.00379314028014,59.520482563050045,0.9997896774404083,-0.00021032255959174684,-0.021032255959174684
2024-01-22,2310.826416015625,Yahoo Finance via yfinance,-0.060078711952873384,54.28984031236881,64.16681731044764,2308.692626953125,Yahoo Finance via yfinance,-0.060792181719048696,55.0501630583203,63.25832395966863,0.9990766121385356,-0.0009233878614643976,-0.09233878614643976
2024-01-23,2240.68603515625,Yahoo Finance via yfinance,-0.03082313173331791,42.19297896658956,64.73967377860416,2238.400634765625,Yahoo Finance via yfinance,-0.030919793449490397,43.45338165651196,64.07529024007161,0.998980044345898,-0.001019955654101956,-0.10199556541019561
2024-01-24,2233.561767578125,Yahoo Finance via yfinance,-0.003184568183573405,43.876313045311704,64.73490434449324,2229.93212890625,Yahoo Finance via yfinance,-0.0037904589682980347,44.95041677292075,64.08489619565985,0.9983749548704844,-0.0016250451295155566,-0.16250451295155566
2024-01-25,2217.710205078125,Yahoo Finance via yfinance,-0.007122292057593543,44.02646137613957,64.46838487766146,2217.85595703125,Yahoo Finance via yfinance,-0.005430205448623738,45.21442273718762,63.744994341910555,1.0000657218209987,6.572182099873203e-05,0.006572182099873203
2024-01-26,2267.19970703125,Yahoo Finance via yfinance,0.022070236302984544,49.09800428127907,60.776983057794475,2266.408203125,Yahoo Finance via yfinance,0.021655344886986592,49.4119281816393,59.98646894091586,0.9996508891987789,-0.0003491108012211308,-0.03491108012211308
2024-01-27,2267.885986328125,Yahoo Finance via yfinance,0.0003026532897133695,50.008747101403586,60.635172047459264,2264.752685546875,Yahoo Finance via yfinance,-0.0007307256098228025,50.19570545294943,59.98251927423469,0.9986184046287429,-0.0013815953712571494,-0.13815953712571494
2024-01-28,2257.208740234375,Yahoo Finance via yfinance,-0.004719134760411953,50.13915511968373,60.26358109996589,2250.866455078125,Yahoo Finance via yfinance,-0.006150330135752874,50.19936236219507,59.57250171063625,0.9971902088436927,-0.0028097911563073064,-0.28097911563073064
2024-01-29,2317.064208984375,Yahoo Finance via yfinance,0.02617197792421556,36.61918386274516,60.968593015501185,2286.8681640625,Yahoo Finance via yfinance,0.015868034348568812,32.59166514843105,59.826009490863555,0.9869679723139348,-0.01303202768606515,-1.303202768606515
2024-01-30,2344.49365234375,Yahoo Finance via yfinance,0.01176849488962161,25.877700225796378,61.06781526943893,2355.2314453125,Yahoo Finance via yfinance,0.029455733321554236,28.130593592883578,60.66323517466303,1.0045800051358704,0.004580005135870424,0.4580005135870424
2024-01-31,2282.54443359375,Yahoo Finance via yfinance,-0.02677865170655261,35.171851993648964,60.8367277766927,2282.3125,Yahoo Finance via yfinance,-0.031449817559857936,39.527110383663164,60.98642314520015,0.999898388136355,-0.00010161186364499031,-0.01016118636449903
2024-02-01,2303.82470703125,Yahoo Finance via yfinance,0.009279857551232404,34.254386272963615,60.93751143466625,2301.5654296875,Yahoo Finance via yfinance,0.008400329676664172,38.922294610933385,61.0096466593021,0.9990193362642328,-0.0009806637357672177,-0.09806637357672177
2024-02-02,2308.0380859375,Yahoo Finance via yfinance,0.0018271922941494475,31.265028556532958,56.565607351338876,2305.041259765625,Yahoo Finance via yfinance,0.001509063383119118,36.40752135772685,56.864772924247205,0.998701569878706,-0.0012984301212940474,-0.12984301212940474
2024-02-03,2296.038330078125,Yahoo Finance via yfinance,-0.005212677612854426,31.756038570341516,55.90236516110409,2298.372314453125,Yahoo Finance via yfinance,-0.002897393367074164,36.554710999027186,56.44506345844985,1.0010165267471474,0.0010165267471473616,0.10165267471473616
2024-02-04,2289.546142578125,Yahoo Finance via yfinance,-0.002831565693074856,31.550254965543733,55.91345195649801,2292.385009765625,Yahoo Finance via yfinance,-0.002608418463175421,36.155400711082876,56.44034959886722,1.0012399257366804,0.001239925736680414,0.1239925736680414
2024-02-05,2298.888916015625,Yahoo Finance via yfinance,0.0040723193113711,24.51551169071673,55.749551419207776,2297.103515625,Yahoo Finance via yfinance,0.0020562236928055805,34.40797978385455,56.32545771967325,0.9992233637831794,-0.0007766362168205587,-0.07766362168205587
2024-02-06,2372.201904296875,Yahoo Finance via yfinance,0.03139267114716761,33.3116048303426,56.6400339618475,2365.687744140625,Yahoo Finance via yfinance,0.0294197923084341,34.38967281137543,57.12335497925921,0.9972539604894294,-0.0027460395105706192,-0.2746039510570619
2024-02-07,2423.7451171875,Yahoo Finance via yfinance,0.021495315634996227,25.561834561925313,54.620381652875416,2424.38818359375,Yahoo Finance via yfinance,0.02451041655770849,25.123353372214,55.759559511699585,1.0002653193199607,0.00026531931996065516,0.026531931996065516
2024-02-08,2419.906494140625,Yahoo Finance via yfinance,-0.0015850123660973584,26.563859024840898,54.61170947577744,2424.915283203125,Yahoo Finance via yfinance,0.00021739188527164846,25.8525847457527,55.71834543451744,1.002069827522108,0.0020698275221080475,0.20698275221080475
2024-02-09,2487.515625,Yahoo Finance via yfinance,0.027555570800685655,29.802124993337664,43.667806889176894,2488.02978515625,Yahoo Finance via yfinance,0.02569455731348314,28.254265708752385,43.152041574714836,1.000206696251908,0.00020669625190805618,0.02066962519080562
2024-02-10,2501.228271484375,Yahoo Finance via yfinance,0.005497448377436639,27.214892546920126,43.37468712977622,2498.16552734375,Yahoo Finance via yfinance,0.004065527125587621,26.581688890078414,42.97998500485326,0.9987755039491828,-0.0012244960508172031,-0.12244960508172031
2024-02-11,2507.570556640625,Yahoo Finance via yfinance,0.00253245888425133,25.63923615721848,41.45640920145276,2506.97021484375,Yahoo Finance via yfinance,0.003518264852622228,24.858638520331738,41.41849243832001,0.9997605882732651,-0.00023941172673491717,-0.023941172673491717
2024-02-12,2658.115966796875,Yahoo Finance via yfinance,0.05830320998391219,40.02748538927308,45.716443281874454,2659.51025390625,Yahoo Finance via yfinance,0.05906705246019996,39.606340387736516,46.062003804469946,1.0005245396088023,0.0005245396088022769,0.05245396088022769
2024-02-13,2642.185302734375,Yahoo Finance via yfinance,-0.006011247747516866,42.97672454766886,43.184736585441726,2637.451171875,Yahoo Finance via yfinance,-0.008329005171867456,43.83668527102157,44.16381074771639,0.9982082517624802,-0.001791748237519819,-0.1791748237519819
2024-02-14,2777.90234375,Yahoo Finance via yfinance,0.050089749340529226,49.85435653765859,46.10353099056517,2776.76708984375,Yahoo Finance via yfinance,0.05147434806947125,50.943240821513314,47.24571315349812,0.9995913269201834,-0.0004086730798166238,-0.04086730798166238
2024-02-15,2824.37890625,Yahoo Finance via yfinance,0.016592393955267293,46.816724597531284,45.364217305838686,2823.682861328125,Yahoo Finance via yfinance,0.016754678428210542,48.4986391340782,46.572011362462526,0.9997535582352868,-0.0002464417647132233,-0.024644176471322332
2024-02-16,2803.69140625,Yahoo Finance via yfinance,-0.0073515759483139004,50.93740329254845,44.54587794265159,2803.523193359375,Yahoo Finance via yfinance,-0.007165102546571654,52.511024383241875,45.72376498688111,0.9999400030651554,-5.999693484459723e-05,-0.005999693484459723
2024-02-17,2786.672607421875,Yahoo Finance via yfinance,-0.006088638007300581,53.17962725740123,43.53849677953239,2785.2060546875,Yahoo Finance via yfinance,-0.006555051585963892,54.62664765103165,44.689380011386234,0.9994737262172567,-0.0005262737827432806,-0.05262737827432806
2024-02-18,2878.998046875,Yahoo Finance via yfinance,0.032594062949665735,53.17204531106484,44.638408560361476,2878.83740234375,Yahoo Finance via yfinance,0.03306467494271255,54.83785100797376,45.7685423102064,0.9999442012364599,-5.5798763540115814e-05,-0.0055798763540115814
2024-02-19,2943.57470703125,Yahoo Finance via yfinance,0.02218239627841091,42.57367004226562,44.78532783315641,2947.169677734375,Yahoo Finance via yfinance,0.023458745620958062,44.332463284280784,45.95304076644824,1.0012212941952985,0.0012212941952984835,0.12212941952984835
2024-02-20,3013.503662109375,Yahoo Finance via yfinance,0.02347867967053285,39.082602954388726,44.96994552419821,3014.0234375,Yahoo Finance via yfinance,0.022430597858626288,39.97409869468431,46.088706860428694,1.000172482083616,0.00017248208361597683,0.017248208361597683
2024-02-21,2970.35546875,Yahoo Finance via yfinance,-0.014421777074224512,35.219915214247166,38.816739672301495,2967.06396484375,Yahoo Finance via yfinance,-0.015702976547832613,36.086364465816025,40.04579554445122,0.998891882153204,-0.0011081178467959862,-0.11081178467959862
2024-02-22,2971.00732421875,Yahoo Finance via yfinance,0.0002194296137367094,35.21820532527716,36.30050802541558,2978.477783203125,Yahoo Finance via yfinance,0.0038394591660113964,35.703271875566664,37.50932302787145,1.0025144532372836,0.0025144532372836093,0.2514453237283609
2024-02-23,2921.658203125,Yahoo Finance via yfinance,-0.01674972883315023,38.11972421258756,37.190065841270666,2922.44091796875,Yahoo Finance via yfinance,-0.018993161107428998,39.50322692628617,38.54884269789271,1.000267900893716,0.0002679008937160887,0.02679008937160887
2024-02-24,2992.385986328125,Yahoo Finance via yfinance,0.023919725036211665,38.54088524519778,37.07743948058422,2987.894775390625,Yahoo Finance via yfinance,0.022149853021925535,39.42022904310824,38.44832697870253,0.998499120448358,-0.0015008795516420204,-0.15008795516420204
2024-02-25,3112.697265625,Yahoo Finance via yfinance,0.03941858037918275,41.180536968406315,38.26386611726871,3110.02587890625,Yahoo Finance via yfinance,0.04006199643048225,42.137195633552906,39.67119244917911,0.9991417775354348,-0.0008582224645652392,-0.08582224645652392
2024-02-26,3178.99365234375,Yahoo Finance via yfinance,0.021075046883897868,41.00746055411987,38.24868340806248,3175.1923828125,Yahoo Finance via yfinance,0.02073717617254144,41.692531439804455,39.609682647840735,0.9988042538152136,-0.0011957461847863504,-0.11957461847863504
2024-02-27,3244.519287109375,Yahoo Finance via yfinance,0.02040251443617926,40.49457169086931,37.930399503594906,3241.533203125,Yahoo Finance via yfinance,0.020678205195563012,41.40945582246999,39.22877968131556,0.999079652879168,-0.0009203471208319991,-0.09203471208319991
2024-02-28,3385.703857421875,Yahoo Finance via yfinance,0.04259461937803647,40.03097539995276,39.111693798273336,3378.063232421875,Yahoo Finance via yfinance,0.04125610838745642,39.972274640527814,40.50962674198216,0.9977432683655274,-0.0022567316344725974,-0.22567316344725974
2024-02-29,3341.919677734375,Yahoo Finance via yfinance,-0.01301642330107799,44.62494189159102,40.12372635959977,3343.387451171875,Yahoo Finance via yfinance,-0.010318037137884411,44.219761751113204,40.85077097830761,1.0004392006927274,0.0004392006927274039,0.04392006927274039
2024-03-01,3435.053955078125,Yahoo Finance via yfinance,0.027487237303691882,34.72364351601922,37.96041869495952,3430.62158203125,Yahoo Finance via yfinance,0.02575696404479815,32.6583101616076,38.02494449215196,0.998709664213477,-0.0012903357865230447,-0.12903357865230447
2024-03-02,3422.0498046875,Yahoo Finance via yfinance,-0.0037929033703291183,39.741889818708195,38.419834171538994,3414.356689453125,Yahoo Finance via yfinance,-0.004752366638690315,38.32226012436169,38.524146451265224,0.9977518985188827,-0.002248101481117315,-0.2248101481117315
2024-03-03,3490.99365234375,Yahoo Finance via yfinance,0.01994668020261981,36.01864114947373,38.264950152494656,3476.484130859375,Yahoo Finance via yfinance,0.018032378485687395,34.0402255713277,38.326529449120905,0.9958437273368762,-0.0041562726631237945,-0.41562726631237945
2024-03-04,3630.433837890625,Yahoo Finance via yfinance,0.03916574587631505,39.638569748293214,38.62004631971161,3627.273193359375,Yahoo Finance via yfinance,0.04245970373479098,39.14438903413961,39.1120516916387,0.9991294030762212,-0.000870596923778777,-0.0870596923778777
2024-03-05,3554.964599609375,Yahoo Finance via yfinance,-0.02100705041604603,48.91979457337132,40.181202012104926,3554.0234375,Yahoo Finance via yfinance,-0.02040085519974161,48.260945700870884,40.59643574683051,0.999735254154295,-0.0002647458457050167,-0.02647458457050167
2024-03-06,3819.226318359375,Yahoo Finance via yfinance,0.07170276235487734,62.298660933212105,44.616832248649416,3819.76318359375,Yahoo Finance via yfinance,0.07210810248039845,62.29391818852468,44.98489606732507,1.0001405691073593,0.00014056910735926742,0.014056910735926742
2024-03-07,3874.34765625,Yahoo Finance via yfinance,0.014329434214494485,57.1429081612832,44.31619538645199,3864.725341796875,Yahoo Finance via yfinance,0.011702189716651802,58.194590044787645,44.79090210238714,0.9975164039712331,-0.00248359602876691,-0.248359602876691
2024-03-08,3892.06103515625,Yahoo Finance via yfinance,0.004561544550283379,57.98047173398613,44.46222132767611,3893.188232421875,Yahoo Finance via yfinance,0.0073378023779249015,58.738455570099525,44.79815944614364,1.0002896144884275,0.00028961448842745874,0.028961448842745874
2024-03-09,3915.4189453125,Yahoo Finance via yfinance,0.005983487605016488,56.16237743125062,44.16741787577258,3911.353759765625,Yahoo Finance via yfinance,0.004655125224805214,56.87827540716208,44.630450362677855,0.9989617495334077,-0.0010382504665923387,-0.10382504665923387
2024-03-10,3881.193115234375,Yahoo Finance via yfinance,-0.008779723722582707,59.6641682957355,44.789092724002636,3868.163818359375,Yahoo Finance via yfinance,-0.011103615285457008,61.04703879861651,45.4558615409468,0.9966429660962095,-0.003357033903790496,-0.3357033903790496
2024-03-11,4066.445068359375,Yahoo Finance via yfinance,0.04662655990742743,61.70055090229266,45.99203615445763,4063.708251953125,Yahoo Finance via yfinance,0.04931599039482281,63.073138983823775,46.84140817272763,0.9993269756850904,-0.0006730243149095649,-0.0673024314909565
2024-03-12,3980.273193359375,Yahoo Finance via yfinance,-0.02141871171114795,61.85210493102281,47.6178827617393,3965.2802734375,Yahoo Finance via yfinance,-0.02451937984381427,64.58034815090883,48.77901441722249,0.9962331932524409,-0.003766806747559137,-0.3766806747559137
2024-03-13,4006.45703125,Yahoo Finance via yfinance,0.0065568589305074676,40.434579434421906,45.1044847081297,3999.393310546875,Yahoo Finance via yfinance,0.008566137795098055,43.71036614527817,46.185418093321864,0.9982369158965069,-0.0017630841034931288,-0.17630841034931288
2024-03-14,3883.140380859375,Yahoo Finance via yfinance,-0.031263114641918506,47.991977043433565,47.29841704191814,3880.173095703125,Yahoo Finance via yfinance,-0.030262912318490202,50.66133112584067,48.09056907177259,0.999235854266079,-0.0007641457339210289,-0.07641457339210289
2024-03-15,3735.22021484375,Yahoo Finance via yfinance,-0.0388374261325502,55.331417956457784,48.63460152634915,3720.07080078125,Yahoo Finance via yfinance,-0.04213706436268503,58.613244857363775,49.69075261226866,0.9959441711087619,-0.004055828891238122,-0.40558288912381224
2024-03-16,3522.860107421875,Yahoo Finance via yfinance,-0.058533586440877035,65.5825222036481,54.08215908054586,3516.2783203125,Yahoo Finance via yfinance,-0.05633956565881146,67.43691657494466,54.683609766158106,0.9981316921737798,-0.0018683078262201613,-0.18683078262201613
2024-03-17,3642.4130859375,Yahoo Finance via yfinance,0.033373207497597146,74.5073641160011,54.55077947246687,3649.16748046875,Yahoo Finance via yfinance,0.03709591912246576,77.45976370875118,55.38365076980457,1.00185437356277,0.001854373562770073,0.1854373562770073
2024-03-18,3517.985107421875,Yahoo Finance via yfinance,-0.0347579846458721,59.07586737344087,56.415299534071906,3522.478759765625,Yahoo Finance via yfinance,-0.03533411913806514,61.64249519055799,57.26485839686273,1.0012773369433172,0.00127733694331722,0.127733694331722
2024-03-19,3157.6181640625,Yahoo Finance via yfinance,-0.10807041521511272,86.49378394811002,68.63662211296905,3157.174072265625,Yahoo Finance via yfinance,-0.10948758833513274,89.3768418540508,69.61382802587256,0.9998593586134228,-0.0001406413865772116,-0.014064138657721159
2024-03-20,3513.39306640625,Yahoo Finance via yfinance,0.1067642582840092,132.4730849895542,77.383023956039,3509.10791015625,Yahoo Finance via yfinance,0.10568450196138396,133.28714494750992,78.04204861236495,0.9987803367943732,-0.0012196632056268308,-0.12196632056268308
2024-03-21,3492.9912109375,Yahoo Finance via yfinance,-0.005823806495559265,132.28605982969876,77.219987311079,3485.4375,Yahoo Finance via yfinance,-0.006768274170522911,133.1250404629771,77.92420585174762,0.9978374663772851,-0.0021625336227149017,-0.21625336227149017
2024-03-22,3333.68798828125,Yahoo Finance via yfinance,-0.04667925447782236,133.25873148090773,79.03540924311353,3313.531005859375,Yahoo Finance via yfinance,-0.05057918441642336,134.29376450685393,80.00347550822478,0.9939535485946099,-0.006046451405390063,-0.6046451405390063
2024-03-23,3336.593994140625,Yahoo Finance via yfinance,0.0008713292933912685,128.61439497605855,79.03197079076682,3324.978759765625,Yahoo Finance via yfinance,0.003448896110088356,130.39587018766642,80.00349436896093,0.9965188349570258,-0.0034811650429742436,-0.34811650429742436
2024-03-24,3454.636474609375,Yahoo Finance via yfinance,0.03476671005015742,128.88915459618983,79.38246333096095,3449.03173828125,Yahoo Finance via yfinance,0.03663025003447082,130.29831608346208,80.37219824676724,0.998377619072421,-0.001622380927579048,-0.1622380927579048
2024-03-25,3590.8837890625,Yahoo Finance via yfinance,0.03868111850586601,130.36329306665078,79.97632575790583,3588.54248046875,Yahoo Finance via yfinance,0.039652589682319175,131.98915238296547,81.05689502169741,0.9993479854177176,-0.0006520145822823675,-0.06520145822823675
2024-03-26,3587.5048828125,Yahoo Finance via yfinance,-0.0009414108524901415,92.25509511617355,79.09278286146848,3588.9560546875,Yahoo Finance via yfinance,0.00011524188188458553,93.43869288579313,80.1431305018497,1.0004045072891614,0.00040450728916141543,0.04045072891614154
2024-03-27,3500.115234375,Yahoo Finance via yfinance,-0.024661050087006715,57.97757304873493,79.51111091212334,3496.452880859375,Yahoo Finance via yfinance,-0.02611237566238862,61.463731199857044,80.6331996095142,0.9989536477314642,-0.0010463522685357773,-0.10463522685357773
2024-03-28,3561.2939453125,Yahoo Finance via yfinance,0.017328054549411047,59.09382407325745,79.43462378664694,3553.2548828125,Yahoo Finance via yfinance,0.016115059834840413,62.26368245005217,80.52443374668718,0.9977426568479186,-0.0022573431520813703,-0.22573431520813703
2024-03-29,3511.80615234375,Yahoo Finance via yfinance,-0.013993468162303119,45.63780839887688,78.33869884451316,3505.392578125,Yahoo Finance via yfinance,-0.013561532432500223,46.789998332788855,79.51561168848856,0.9981737106376246,-0.0018262893623753884,-0.18262893623753884
2024-03-30,3507.9443359375,Yahoo Finance via yfinance,-0.0011002718123070431,45.83212216684186,78.17625953731037,3495.46337890625,Yahoo Finance via yfinance,-0.00283656911021227,47.38166907321323,79.42158503796969,0.9964420880618351,-0.003557911938164904,-0.3557911938164904
2024-03-31,3647.8564453125,Yahoo Finance via yfinance,0.03910951318856647,47.50068157092146,78.7632564921576,3635.161376953125,Yahoo Finance via yfinance,0.03918755503497646,48.37538771101932,80.07372212054712,0.996519855276737,-0.003480144723262968,-0.3480144723262968
2024-04-01,3505.030029296875,Yahoo Finance via yfinance,-0.03994063181430367,50.23005429802123,80.09601063387495,3497.1689453125,Yahoo Finance via yfinance,-0.03869973689697275,49.769737868162764,81.2964900633667,0.997757199248318,-0.002242800751682039,-0.22428007516820392
2024-04-02,3277.234619140625,Yahoo Finance via yfinance,-0.06719912514607995,67.89241725633086,83.18239270024685,3274.7685546875,Yahoo Finance via yfinance,-0.06570657214789526,66.57189053867239,84.25558512498039,0.99924751665971,-0.0007524833402899889,-0.07524833402899889
2024-04-03,3311.44189453125,Yahoo Finance via yfinance,0.010383749354783272,68.9148529913694,81.98218759768802,3311.449951171875,Yahoo Finance via yfinance,0.011138948920364327,67.5653343822186,82.87272131621499,1.0000024329705552,2.4329705552439407e-06,0.00024329705552439407
2024-04-04,3330.04052734375,Yahoo Finance via yfinance,0.0056007620735010885,66.78907831596128,81.77436923162314,3321.47998046875,Yahoo Finance via yfinance,0.0030243156629735667,65.37639540545098,82.65748050074139,0.9974292964891246,-0.002570703510875405,-0.2570703510875405
2024-04-05,3318.88525390625,Yahoo Finance via yfinance,-0.003355514641428632,66.80428962116072,77.30829054266951,3317.53662109375,Yahoo Finance via yfinance,-0.0011879349233160467,65.53482430912885,78.19111312686961,0.9995936488581783,-0.00040635114182174803,-0.0406351141821748
2024-04-06,3354.183837890625,Yahoo Finance via yfinance,0.010579513784222233,68.06622574486191,77.20322653190742,3361.634033203125,Yahoo Finance via yfinance,0.013204649240303425,67.28444246948536,78.23252383853747,1.0022211648712687,0.002221164871268666,0.2221164871268666
2024-04-07,3453.49462890625,Yahoo Finance via yfinance,0.029178180850127813,64.30012307387788,78.05197139769732,3444.8583984375,Yahoo Finance via yfinance,0.024455624953550446,61.95166827376768,78.78850394527731,0.9974992778629324,-0.002500722137067646,-0.2500722137067646
2024-04-08,3695.292724609375,Yahoo Finance via yfinance,0.06767311879336713,77.25096624212662,81.91413597923479,3688.40087890625,Yahoo Finance via yfinance,0.06831019785272112,75.96397146519102,82.7076551460824,0.9981349662349541,-0.001865033765045876,-0.1865033765045876
2024-04-09,3505.163330078125,Yahoo Finance via yfinance,-0.05282265451086566,69.05063837027431,83.79669840610848,3499.34326171875,Yahoo Finance via yfinance,-0.052617686592175306,68.50089786322306,84.53300255828506,0.998339572849735,-0.0016604271502650425,-0.16604271502650425
2024-04-10,3543.737060546875,Yahoo Finance via yfinance,0.010944718575246242,69.05567349523976,82.02123266092744,3537.6005859375,Yahoo Finance via yfinance,0.010873385372447008,68.4972430053219,82.55956477832866,0.9982683606304504,-0.0017316393695495647,-0.17316393695495647
2024-04-11,3505.247802734375,Yahoo Finance via yfinance,-0.010920619373458104,70.66200832142198,81.83159300852361,3500.73681640625,Yahoo Finance via yfinance,-0.010475231439818638,69.9444738370264,82.2784011657825,0.9987130763409634,-0.0012869236590365984,-0.12869236590365984
2024-04-12,3243.034912109375,Yahoo Finance via yfinance,-0.0777516251273086,94.05256344319591,85.62796757864888,3233.883056640625,Yahoo Finance via yfinance,-0.07928986540496631,94.33618246418678,86.18318631371494,0.9971779966245268,-0.0028220033754732254,-0.28220033754732254
2024-04-13,3004.900390625,Yahoo Finance via yfinance,-0.07626517308246297,106.35639450144063,88.61644137100548,3000.472412109375,Yahoo Finance via yfinance,-0.07491385293358137,105.55239953121517,89.0542336206968,0.9985264142101217,-0.0014735857898783289,-0.1473585789878329
2024-04-14,3156.94189453125,Yahoo Finance via yfinance,0.04935938456730982,112.36638756455524,90.14868862481961,3149.69677734375,Yahoo Finance via yfinance,0.0485364400693996,112.40950658599064,90.35934142607586,0.9977050204186366,-0.0022949795813633767,-0.22949795813633767
2024-04-15,3101.600341796875,Yahoo Finance via yfinance,-0.017685586551786654,89.80698902899002,88.23592173459677,3095.445068359375,Yahoo Finance via yfinance,-0.01737448886760877,89.49184296740395,88.6078248208703,0.9980154524248169,-0.001984547575183071,-0.1984547575183071
2024-04-16,3084.920166015625,Yahoo Finance via yfinance,-0.0053924386671186314,87.3723403800757,87.18558424773228,3078.094482421875,Yahoo Finance via yfinance,-0.0056209671867480165,87.08293838491159,87.34287957621522,0.9977874034897423,-0.002212596510257736,-0.2212596510257736
2024-04-17,2984.7275390625,Yahoo Finance via yfinance,-0.033017312925022226,84.14525281537864,87.11424203866514,2977.606201171875,Yahoo Finance via yfinance,-0.03319104147796001,83.84859252670157,87.2544340066849,0.9976140743845376,-0.0023859256154623587,-0.23859256154623587
2024-04-18,3066.027587890625,Yahoo Finance via yfinance,0.026874312433905416,91.92841058599487,79.4955986076797,3064.061767578125,Yahoo Finance via yfinance,0.028621721295286336,92.19756236584746,79.51340969258126,0.9993588380221157,-0.0006411619778843303,-0.06411619778843303
2024-04-19,3059.278564453125,Yahoo Finance via yfinance,-0.0022036534993674084,77.70562067944405,69.34536368325675,3058.988037109375,Yahoo Finance via yfinance,-0.0016572563646682747,77.14609350820929,69.58192528848124,0.9999050340341263,-9.496596587366124e-05,-0.009496596587366124
2024-04-20,3157.627197265625,Yahoo Finance via yfinance,0.03164173368360715,56.489137084099504,70.4850618795455,3153.127197265625,Yahoo Finance via yfinance,0.030310566971188158,56.13402789083869,70.62898816382753,0.9985748792625372,-0.001425120737462815,-0.1425120737462815
2024-04-21,3147.28857421875,Yahoo Finance via yfinance,-0.0032795465278029896,43.911669979104886,68.73212665022271,3147.07861328125,Yahoo Finance via yfinance,-0.0019201232545809207,43.978672727453,68.54128291229206,0.9999332883107003,-6.671168929972549e-05,-0.0066711689299725485
2024-04-22,3201.652099609375,Yahoo Finance via yfinance,0.01712564563340568,42.7737486468892,69.04826174025838,3209.4580078125,Yahoo Finance via yfinance,0.019627479809459055,43.25737321439792,68.92601583586662,1.0024380875748735,0.0024380875748735154,0.24380875748735154
2024-04-23,3219.91162109375,Yahoo Finance via yfinance,0.005686954607987599,41.94963773139611,67.86736645417348,3216.29931640625,Yahoo Finance via yfinance,0.0021293400399327823,42.43575959417679,67.58148528090442,0.9988781354544529,-0.00112186454554708,-0.11218645455470799
2024-04-24,3139.80517578125,Yahoo Finance via yfinance,-0.02519316024865432,37.671548247411266,66.65370522804068,3131.211181640625,Yahoo Finance via yfinance,-0.026811529314369885,38.93192162335456,66.35015715846875,0.9972628893643101,-0.002737110635689932,-0.2737110635689932
2024-04-25,3156.509521484375,Yahoo Finance via yfinance,0.0053060832242908225,33.858137253937656,66.73096467163813,3156.968505859375,Yahoo Finance via yfinance,0.008192344861682847,34.648383946860804,66.4812337455444,1.0001454088358916,0.00014540883589164721,0.014540883589164721
2024-04-26,3130.164794921875,Yahoo Finance via yfinance,-0.008381181989109839,34.84340287700475,66.34522739521782,3127.982666015625,Yahoo Finance via yfinance,-0.009223952442434779,35.84559689743404,66.04256485324773,0.9993028709191957,-0.0006971290808043262,-0.06971290808043262
2024-04-27,3252.168212890625,Yahoo Finance via yfinance,0.03823626302807226,38.26690149488123,67.56976794607897,3249.77490234375,Yahoo Finance via yfinance,0.0381974520130941,39.71923692802413,67.31390030810861,0.9992640877131175,-0.000735912286882523,-0.0735912286882523
2024-04-28,3262.774658203125,Yahoo Finance via yfinance,0.0032560391987989765,37.776164579075456,67.4852284915163,3262.162353515625,Yahoo Finance via yfinance,0.00380454099203901,39.386446386169034,67.24268729363861,0.9998123362010427,-0.0001876637989572938,-0.01876637989572938
2024-04-29,3215.428955078125,Yahoo Finance via yfinance,-0.014617183696819814,38.59864476612864,67.61573007200539,3212.9736328125,Yahoo Finance via yfinance,-0.015193400425250648,39.61519627302146,67.39082642364134,0.9992363935574607,-0.0007636064425392552,-0.07636064425392552
2024-04-30,3012.286865234375,Yahoo Finance via yfinance,-0.06526122564673097,60.6348976583486,69.23489816192323,3015.340087890625,Yahoo Finance via yfinance,-0.06348425123760154,60.47056253641596,68.8380246560083,1.001013589605787,0.001013589605787013,0.10135896057870131
2024-05-01,2969.78466796875,Yahoo Finance via yfinance,-0.0142100983654365,59.41448313258655,68.2397126553651,2970.728515625,Yahoo Finance via yfinance,-0.014905408263077525,58.955351754906424,67.91969425578247,1.0003178168661284,0.00031781686612841753,0.03178168661284175
2024-05-02,2988.16845703125,Yahoo Finance via yfinance,0.0061711957178097335,59.53509044202008,64.59508976944231,2983.7900390625,Yahoo Finance via yfinance,0.004387103429698342,58.39998442352289,64.40075388688362,0.9985347486155115,-0.0014652513844884973,-0.14652513844884973
2024-05-03,3103.5419921875,Yahoo Finance via yfinance,0.03788339383392521,68.0400070843953,66.01302975620821,3101.369384765625,Yahoo Finance via yfinance,0.038649433353689734,67.36309941590466,65.8646746856375,0.9992999587479905,-0.000700041252009509,-0.0700041252009509
2024-05-04,3117.576416015625,Yahoo Finance via yfinance,0.004511872854835109,60.02939608210185,65.99800580505443,3115.697998046875,Yahoo Finance via yfinance,0.004609452582393102,59.28914213677493,65.88277152497903,0.9993974749234372,-0.0006025250765627765,-0.060252507656277654
2024-05-05,3137.2490234375,Yahoo Finance via yfinance,0.006290398503118544,60.354296739171374,66.06243699954565,3135.75439453125,Yahoo Finance via yfinance,0.0064165777931611346,59.581697941334596,65.94984753614446,0.9995235861434384,-0.0004764138565616083,-0.04764138565616083
2024-05-06,3062.728759765625,Yahoo Finance via yfinance,-0.024040038580963836,61.58136334511548,66.34394780001284,3063.702880859375,Yahoo Finance via yfinance,-0.0232455051732939,60.64092401525085,66.12592082750834,1.000318056599248,0.00031805659924799556,0.031805659924799556
2024-05-07,3006.5771484375,Yahoo Finance via yfinance,-0.018503998431245543,40.18782587618074,65.5099362899691,3006.177001953125,Yahoo Finance via yfinance,-0.018955103694930274,40.49730344947193,65.58104994470813,0.9998669096235954,-0.00013309037640463206,-0.013309037640463206
2024-05-08,2973.6572265625,Yahoo Finance via yfinance,-0.011009687024774535,39.574306947390056,60.10769334812469,2971.244873046875,Yahoo Finance via yfinance,-0.011688158312361122,39.859579143981385,60.10388935826345,0.9991887587129826,-0.0008112412870173724,-0.08112412870173724
2024-05-09,3036.0205078125,Yahoo Finance via yfinance,0.020755029698057075,42.22823588318282,58.54392435454802,3035.8154296875,Yahoo Finance via yfinance,0.02149904960462189,42.80526391673976,58.59695570129166,0.9999324516667552,-6.754833324484899e-05,-0.006754833324484899
2024-05-10,2909.791259765625,Yahoo Finance via yfinance,-0.04246626781829076,40.84163243656284,59.69026442638445,2910.245849609375,Yahoo Finance via yfinance,-0.042242501758143536,41.030172294470766,59.73397859290831,1.000156227647679,0.0001562276476789748,0.015622764767897479
2024-05-11,2911.60205078125,Yahoo Finance via yfinance,0.0006221160390406102,40.1371888297598,59.7201544428982,2910.132568359375,Yahoo Finance via yfinance,-3.892573364805311e-05,40.215461946598275,59.757635332960334,0.9994953010760929,-0.0005046989239071431,-0.05046989239071431
2024-05-12,2928.701904296875,Yahoo Finance via yfinance,0.005855826173073679,40.03253211861904,53.95169296664189,2929.624267578125,Yahoo Finance via yfinance,0.006675542201542774,40.27917838701478,53.73621710635873,1.0003149392841575,0.0003149392841574894,0.03149392841574894
2024-05-13,2949.359619140625,Yahoo Finance via yfinance,0.007028779746072381,39.60624418885982,47.19203565260376,2946.82666015625,Yahoo Finance via yfinance,0.00585470445602406,39.81043814721445,47.17141177340488,0.9991411834053953,-0.0008588165946047388,-0.08588165946047388
2024-05-14,2881.157958984375,Yahoo Finance via yfinance,-0.023395786097884168,40.733185940683775,44.22374619671541,2879.039306640625,Yahoo Finance via yfinance,-0.02327221852403268,40.8039852025199,44.320431760576376,0.999264652485594,-0.0007353475144059596,-0.07353475144059596
2024-05-15,3037.056640625,Yahoo Finance via yfinance,0.05269655364749688,58.256842114756914,47.94876482226341,3033.3095703125,Yahoo Finance via yfinance,0.0521976264445686,58.003935519647875,47.97263095298993,0.9987662165195151,-0.0012337834804848624,-0.12337834804848624
2024-05-16,2945.131103515625,Yahoo Finance via yfinance,-0.03073550264355441,60.53821524023919,49.06277598840534,2941.886962890625,Yahoo Finance via yfinance,-0.030603091279056676,60.035930261789694,49.07549045271425,0.9988984732730141,-0.0011015267269859352,-0.11015267269859352
2024-05-17,3094.11865234375,Yahoo Finance via yfinance,0.04934976715389136,61.65854106153039,50.79428068330757,3089.429443359375,Yahoo Finance via yfinance,0.04893522811639783,61.24649605949251,50.734964300333694,0.9984844766761537,-0.0015155233238463017,-0.15155233238463017
2024-05-18,3122.948974609375,Yahoo Finance via yfinance,0.009274638996405352,61.277977962926,50.039986802040595,3119.94189453125,Yahoo Finance via yfinance,0.009827950401856135,60.81910107853302,49.8740285482977,0.9990371023982224,-0.0009628976017775903,-0.09628976017775903
2024-05-19,3071.843017578125,Yahoo Finance via yfinance,-0.01650002665483795,64.25418969858721,50.38853324092227,3071.32763671875,Yahoo Finance via yfinance,-0.015704455025635826,63.632970548170164,50.19379197906324,0.9998322242196539,-0.0001677757803461022,-0.01677757803461022
2024-05-20,3663.85546875,Yahoo Finance via yfinance,0.1762382868010669,138.20884810909357,78.92761171308172,3655.359619140625,Yahoo Finance via yfinance,0.17408455629675237,136.46765396043617,78.2720148165769,0.9976811722837218,-0.0023188277162782267,-0.23188277162782267
2024-05-21,3789.312744140625,Yahoo Finance via yfinance,0.03366866891950015,130.4750626975141,79.4925287892578,3786.214599609375,Yahoo Finance via yfinance,0.03517225422068423,128.68924477151808,78.930184285621,0.9991823993582898,-0.0008176006417102144,-0.08176006417102144
2024-05-22,3737.2177734375,Yahoo Finance via yfinance,-0.013843244909627229,135.037176364212,79.68992672665264,3736.937255859375,Yahoo Finance via yfinance,-0.0131003732057851,133.21424587876606,79.05294178520167,0.999924939461618,-7.506053838202131e-05,-0.007506053838202131
2024-05-23,3776.92724609375,Yahoo Finance via yfinance,0.010569357450196248,126.84918307103324,79.71221659312076,3771.695068359375,Yahoo Finance via yfinance,0.009258160279187105,125.08013118727932,79.05864827024054,0.9986146998887028,-0.0013853001112972274,-0.13853001112972274
2024-05-24,3726.9345703125,Yahoo Finance via yfinance,-0.01332471644000898,130.71204624747241,79.24657351172476,3726.122314453125,Yahoo Finance via yfinance,-0.012156421742798148,128.81075379858115,78.4723109395565,0.9997820579234621,-0.00021794207653791364,-0.021794207653791364
2024-05-25,3749.236572265625,Yahoo Finance via yfinance,0.005966173775721023,131.00007261436423,79.24648015350732,3748.68505859375,Yahoo Finance via yfinance,0.0060370285255020775,129.14271144523994,78.46763588528809,0.999852899740722,-0.00014710025927799908,-0.014710025927799908
2024-05-26,3825.8974609375,Yahoo Finance via yfinance,0.02024083153978704,126.33342775568619,79.23359667331474,3823.55029296875,Yahoo Finance via yfinance,0.019774259614288286,124.59601995816934,78.42415361299135,0.9993865052598209,-0.0006134947401791324,-0.06134947401791324
2024-05-27,3892.0068359375,Yahoo Finance via yfinance,0.017131850662020106,33.383093003858384,78.51474270222263,3894.81787109375,Yahoo Finance via yfinance,0.01846753149911151,33.4158942456916,77.7254297756971,1.0007222585351838,0.0007222585351838173,0.07222585351838173
2024-05-28,3840.25634765625,Yahoo Finance via yfinance,-0.01338579915596923,28.904587836771462,78.80164931314603,3838.24072265625,Yahoo Finance via yfinance,-0.014632802084117774,28.77545834089436,78.05738168465848,0.9994751326949228,-0.0005248673050771702,-0.05248673050771702
2024-05-29,3763.196533203125,Yahoo Finance via yfinance,-0.020270383528343885,31.307866065485047,79.00708336737048,3762.787353515625,Yahoo Finance via yfinance,-0.01985411629135153,31.232636880317493,78.22903929105416,0.9998912680526011,-0.00010873194739891012,-0.010873194739891012
2024-05-30,3746.849609375,Yahoo Finance via yfinance,-0.004353355314895978,30.370521267718143,74.91659208408616,3747.185546875,Yahoo Finance via yfinance,-0.00415496281890363,30.56588691326446,74.30541614298862,1.0000896586559438,8.965865594379174e-05,0.008965865594379174
2024-05-31,3760.026611328125,Yahoo Finance via yfinance,0.0035106521272609877,28.646500589508516,74.53098531887893,3760.7939453125,Yahoo Finance via yfinance,0.003625053412572935,29.130870331844143,73.89018522009978,1.0002040767429845,0.00020407674298450473,0.020407674298450473
2024-06-01,3813.198974609375,Yahoo Finance via yfinance,0.014042427874062515,30.014129642030458,74.5590410747975,3812.143310546875,Yahoo Finance via yfinance,0.013561488887572627,30.352662049644163,73.90519574415559,0.9997231552642468,-0.0002768447357531789,-0.02768447357531789
2024-06-02,3780.89599609375,Yahoo Finance via yfinance,-0.00850744518516571,26.614851910410582,73.98245562193362,3780.660888671875,Yahoo Finance via yfinance,-0.0082927470453239,27.17862019009671,73.2794561238035,0.9999378170089529,-6.218299104709946e-05,-0.006218299104709946
2024-06-03,3766.38916015625,Yahoo Finance via yfinance,-0.0038442575052388345,21.387350517131868,74.06922759003778,3765.6640625,Yahoo Finance via yfinance,-0.003974609100886767,21.284842064651286,73.369946210512,0.9998074820138289,-0.0001925179861711479,-0.01925179861711479
2024-06-04,3812.515869140625,Yahoo Finance via yfinance,0.012172544281108134,22.968011059016895,74.09752275547832,3812.272216796875,Yahoo Finance via yfinance,0.012301170213544698,22.575778862841503,73.39967003341282,0.9999360914545373,-6.390854546267644e-05,-0.006390854546267644
2024-06-05,3864.260986328125,Yahoo Finance via yfinance,0.013481152792515601,18.21160913504572,73.30278068362797,3857.81103515625,Yahoo Finance via yfinance,0.011874539548298313,17.481349343655054,72.62579126020616,0.9983308707163685,-0.0016691292836314986,-0.16691292836314986
2024-06-06,3811.60595703125,Yahoo Finance via yfinance,-0.013719845755309394,21.683242999695622,73.10585799459959,3811.178955078125,Yahoo Finance via yfinance,-0.012161354981780285,20.35196298510695,72.3503056942014,0.99988797321708,-0.0001120267829199939,-0.01120267829199939
2024-06-07,3678.629150390625,Yahoo Finance via yfinance,-0.035510442059965494,34.83760467194447,74.39204690912861,3676.21630859375,Yahoo Finance via yfinance,-0.03605453206953001,34.30677889103905,73.66820062685738,0.9993440921337181,-0.0006559078662818907,-0.06559078662818907
2024-06-08,3680.949951171875,Yahoo Finance via yfinance,0.0006306884744769404,32.051422841938795,74.25789039477839,3680.140380859375,Yahoo Finance via yfinance,0.0010668521942229726,31.667048437740863,73.51001026096013,0.9997800648410766,-0.0002199351589233789,-0.02199351589233789
2024-06-09,3705.90380859375,Yahoo Finance via yfinance,0.006756314164966851,32.93069180554685,72.13376747870728,3702.806396484375,Yahoo Finance via yfinance,0.006140119255792978,32.46848742636511,71.38568961783275,0.999164195222177,-0.0008358047778229682,-0.08358047778229682
2024-06-10,3666.717529296875,Yahoo Finance via yfinance,-0.010630316278621378,33.41485632242491,72.3861706820492,3665.015380859375,Yahoo Finance via yfinance,-0.010258485664488101,32.90066176221782,71.61966822570791,0.9995357841382927,-0.00046421586170730667,-0.046421586170730667
2024-06-11,3498.33056640625,Yahoo Finance via yfinance,-0.047010981983524644,42.31505743498931,74.86097396658262,3499.058349609375,Yahoo Finance via yfinance,-0.046338642689157786,41.49338698115751,74.05963805630773,1.000208037287875,0.00020803728787499587,0.020803728787499587
2024-06-12,3559.61767578125,Yahoo Finance via yfinance,0.01736727097632723,43.82088048335143,74.96695440250303,3558.390625,Yahoo Finance via yfinance,0.016814481691474106,43.35209965991848,74.15701070688046,0.9996552857938653,-0.0003447142061346886,-0.03447142061346886
2024-06-13,3469.28125,Yahoo Finance via yfinance,-0.025705704714259918,44.990895734523036,75.086232364141,3465.782470703125,Yahoo Finance via yfinance,-0.026369942600715245,44.6697379872507,74.32010759584495,0.9989914973607645,-0.0010085026392354646,-0.10085026392354646
2024-06-14,3480.27197265625,Yahoo Finance via yfinance,0.0031630038557184355,42.02058743752173,73.18881576517023,3478.94970703125,Yahoo Finance via yfinance,0.0037920114899069914,41.632958209192275,72.44218928502247,0.999620068306331,-0.00037993169366901114,-0.037993169366901114
2024-06-15,3565.549560546875,Yahoo Finance via yfinance,0.024207752622054518,47.966847622934104,72.3601826983515,3564.13525390625,Yahoo Finance via yfinance,0.024191019009559396,47.57955274838879,71.61026905146413,0.9996033411914185,-0.00039665880858152924,-0.039665880858152924
2024-06-16,3620.5634765625,Yahoo Finance via yfinance,0.015311473816653393,49.56481705076308,70.77228555342691,3619.0078125,Yahoo Finance via yfinance,0.015278444406494287,49.25950391517862,70.03889942394767,0.9995703254279146,-0.0004296745720854256,-0.04296745720854256
2024-06-17,3511.37890625,Yahoo Finance via yfinance,-0.030620859117855167,53.31646810784557,71.84583605032587,3510.583251953125,Yahoo Finance via yfinance,-0.0304177110038772,53.007616858011644,71.10819335314653,0.9997734068814224,-0.00022659311857764486,-0.022659311857764486
2024-06-18,3483.681396484375,Yahoo Finance via yfinance,-0.00791920392908301,41.202874867534085,71.6009904866153,3482.87451171875,Yahoo Finance via yfinance,-0.00792423037772709,41.242533791069356,70.88922309477944,0.9997683815843666,-0.00023161841563335006,-0.023161841563335006
2024-06-19,3559.347412109375,Yahoo Finance via yfinance,0.021487609668652857,42.38629448523442,36.58471059818173,3555.644775390625,Yahoo Finance via yfinance,0.02067845628411366,42.31894219187697,36.44072808789456,0.9989597428151707,-0.0010402571848292519,-0.10402571848292519
2024-06-20,3511.0869140625,Yahoo Finance via yfinance,-0.013651565186732603,38.67202194255559,34.617020144701435,3510.124267578125,Yahoo Finance via yfinance,-0.012884977507810447,38.14285060433642,34.23854777010494,0.9997258266434478,-0.00027417335655222086,-0.027417335655222086
2024-06-21,3516.07568359375,Yahoo Finance via yfinance,0.0014198534045649273,38.65269187939093,34.39856516560567,3515.372802734375,Yahoo Finance via yfinance,0.0014941394409953542,38.10651242346233,34.04904061288989,0.9998000950711458,-0.00019990492885424427,-0.019990492885424427
2024-06-22,3494.8134765625,Yahoo Finance via yfinance,-0.006065499463015878,33.6768133794439,34.1197424335438,3496.101318359375,Yahoo Finance via yfinance,-0.005497141563060344,33.03990905409378,33.82117299966289,1.000368500867217,0.00036850086721695874,0.036850086721695874
2024-06-23,3418.61181640625,Yahoo Finance via yfinance,-0.022045438571424145,32.18343488586611,34.59739562784662,3419.524658203125,Yahoo Finance via yfinance,-0.02214688601224325,31.637282431394816,34.35441954570973,1.0002670211904416,0.00026702119044164085,0.026702119044164085
2024-06-24,3350.25634765625,Yahoo Finance via yfinance,-0.020197702440774193,28.42680893136188,34.95733907954507,3348.64208984375,Yahoo Finance via yfinance,-0.02094663523852383,28.116144399895642,34.761562834167364,0.9995181688668006,-0.0004818311331994396,-0.04818311331994396
2024-06-25,3395.029052734375,Yahoo Finance via yfinance,0.013275453882714556,31.798456879985164,34.4362176087461,3392.94091796875,Yahoo Finance via yfinance,0.013142155385694349,31.49196858852331,34.269890856944166,0.9993849434767154,-0.0006150565232846406,-0.061505652328464056
2024-06-26,3369.477294921875,Yahoo Finance via yfinance,-0.0075546915107269795,23.697337643136247,33.59746831659271,3366.76953125,Yahoo Finance via yfinance,-0.007743384183367409,23.84661614536384,33.31496311990774,0.9991963846511279,-0.0008036153488720776,-0.08036153488720776
2024-06-27,3444.800537109375,Yahoo Finance via yfinance,0.022108376577073693,31.22704238681026,34.71898501418751,3443.473388671875,Yahoo Finance via yfinance,0.022526979435355882,31.675633657694192,34.444765765703735,0.9996147386697131,-0.00038526133028693454,-0.038526133028693454
2024-06-28,3373.635986328125,Yahoo Finance via yfinance,-0.020874913112926562,33.49532499627825,34.756089829955336,3372.807373046875,Yahoo Finance via yfinance,-0.020735222030422388,33.86040641296888,34.49836940427216,0.9997543856881395,-0.0002456143118605425,-0.02456143118605425
2024-06-29,3372.9677734375,Yahoo Finance via yfinance,-0.00019808867293944407,33.74554499014866,34.775610094721706,3372.387451171875,Yahoo Finance via yfinance,-0.0001245099323253841,34.121915529429664,34.519540929225336,0.9998279490630788,-0.00017205093692118645,-0.017205093692118645
2024-06-30,3432.88916015625,Yahoo Finance via yfinance,0.017609225609107902,33.75911703516007,35.474239293670486,3433.670166015625,Yahoo Finance via yfinance,0.0180087723402478,34.27154644205577,35.25074093097974,1.0002275068675213,0.00022750686752126548,0.022750686752126548
2024-07-01,3440.341552734375,Yahoo Finance via yfinance,0.0021685276720193785,28.891092469010786,34.99334871792504,3439.302734375,Yahoo Finance via yfinance,0.0016390489827299484,29.1328531302695,34.786565505367555,0.9996980478991834,-0.00030195210081662704,-0.030195210081662704
2024-07-02,3416.354736328125,Yahoo Finance via yfinance,-0.006996638978035451,28.548926568821116,34.96971760050302,3415.21728515625,Yahoo Finance via yfinance,-0.007027639653004431,28.844313149238005,34.767104107139325,0.9996670570653042,-0.00033294293469576797,-0.0332942934695768
2024-07-03,3292.916748046875,Yahoo Finance via yfinance,-0.03680039448140592,39.51794298803755,36.862978694055684,3295.19091796875,Yahoo Finance via yfinance,-0.035777009695236624,39.21442164580511,36.55811314197696,1.0006906247852223,0.0006906247852223046,0.06906247852223046
2024-07-04,3054.52197265625,Yahoo Finance via yfinance,-0.07515061496466699,59.070867117776196,43.824930892211775,3066.8818359375,Yahoo Finance via yfinance,-0.07180275117814636,56.91915581391014,42.92424072144058,1.0040464149192228,0.004046414919222752,0.40464149192227516
2024-07-05,2981.5986328125,Yahoo Finance via yfinance,-0.02416349597673571,59.2435650721708,43.5347564973305,2980.202880859375,Yahoo Finance via yfinance,-0.028669977792964745,57.55923803885992,42.98006131845523,0.9995318779872768,-0.0004681220127231711,-0.04681220127231711
2024-07-06,3069.3779296875,Yahoo Finance via yfinance,0.029015301659585418,67.63872578452863,45.41880064801685,3063.227294921875,Yahoo Finance via yfinance,0.02747765270688061,65.5733379218301,44.7543863902608,0.9979961298652293,-0.002003870134770658,-0.20038701347706578
2024-07-07,2929.38720703125,Yahoo Finance via yfinance,-0.046681655503527444,65.56583197710884,46.45005683997481,2932.368408203125,Yahoo Finance via yfinance,-0.04365860478147148,62.458139429300765,45.442973279246715,1.001017687646317,0.0010176876463170448,0.10176876463170448
2024-07-08,3018.73193359375,Yahoo Finance via yfinance,0.0300435968726786,74.47171480471525,48.205196829706765,3014.502197265625,Yahoo Finance via yfinance,0.027624280895299738,70.83580639374131,46.993455475557134,0.9985988367231106,-0.0014011632768894389,-0.1401163276889439
2024-07-09,3064.032958984375,Yahoo Finance via yfinance,0.014895154999188484,78.14741510026707,48.57146025070474,3062.37060546875,Yahoo Finance via yfinance,0.015754615856803468,74.93722073053767,47.44035740845085,0.9994574622604008,-0.0005425377395992248,-0.05425377395992248
2024-07-10,3102.21875,Yahoo Finance via yfinance,0.012385572618808289,78.08159941270296,48.977339939896524,3100.167724609375,Yahoo Finance via yfinance,0.012266891037470112,75.08997513132775,47.854418522314134,0.999338852106859,-0.0006611478931409787,-0.06611478931409787
2024-07-11,3100.330810546875,Yahoo Finance via yfinance,-0.0006087624106830084,54.3263647364312,46.65538980083564,3100.1484375,Yahoo Finance via yfinance,-6.221330935671309e-06,53.06129264295152,45.56149235107786,0.9999411762621413,-5.8823737858704206e-05,-0.005882373785870421
2024-07-12,3134.15869140625,Yahoo Finance via yfinance,0.010851959194587995,49.70570227192109,46.33361573679481,3132.364990234375,Yahoo Finance via yfinance,0.010338313764254578,46.63801171608253,45.24338317243483,0.9994276929318247,-0.0005723070681753484,-0.05723070681753484
2024-07-13,3177.19873046875,Yahoo Finance via yfinance,0.013639128129379254,46.738524838655465,46.07145629277279,3183.324462890625,Yahoo Finance via yfinance,0.016137772120627607,44.28543410901662,45.05688493012283,1.001928029355901,0.0019280293559009731,0.1928029355900973
2024-07-14,3244.0791015625,Yahoo Finance via yfinance,0.02083161371346049,17.932272571225646,46.77250627713373,3252.042236328125,Yahoo Finance via yfinance,0.021357100107858216,16.649919817775512,45.7925445811517,1.0024546672619017,0.0024546672619016885,0.24546672619016885
2024-07-15,3489.552734375,Yahoo Finance via yfinance,0.07294205174733921,45.698961406643654,52.93712334391751,3492.802001953125,Yahoo Finance via yfinance,0.07142110057706906,44.2914094357683,51.79470732246971,1.000931141560383,0.0009311415603829865,0.09311415603829865
2024-07-16,3443.513427734375,Yahoo Finance via yfinance,-0.013281276223357542,51.976347434203376,52.786684244296275,3446.138916015625,Yahoo Finance via yfinance,-0.013449830435231364,50.93331870204019,51.650206797176835,1.000762444618367,0.000762444618366942,0.0762444618366942
2024-07-17,3388.75244140625,Yahoo Finance via yfinance,-0.016030453163747214,57.193101183650406,52.01931873463553,3393.941162109375,Yahoo Finance via yfinance,-0.015262618736703865,56.06637731545129,50.85146353672157,1.0015311595617684,0.0015311595617684137,0.15311595617684137
2024-07-18,3426.258544921875,Yahoo Finance via yfinance,0.011007020314281727,56.16440819888434,52.12971579776207,3428.085693359375,Yahoo Finance via yfinance,0.010010167678781547,55.11859341169011,50.93442192768066,1.0005332780388707,0.0005332780388707103,0.053327803887071035
2024-07-19,3505.73486328125,Yahoo Finance via yfinance,0.02293129734260735,56.392749669554554,52.20891709446974,3505.323486328125,Yahoo Finance via yfinance,0.022280810560213367,55.262333285374375,51.02138361805355,0.9998826559996211,-0.00011734400037888282,-0.011734400037888282
2024-07-20,3519.29541015625,Yahoo Finance via yfinance,0.003860642072703653,57.08025212851718,52.01090398621967,3520.5390625,Yahoo Finance via yfinance,0.004331311594404206,55.907463198661134,50.84744215066126,1.0003533810603569,0.0003533810603568721,0.03533810603568721
2024-07-21,3536.60546875,Yahoo Finance via yfinance,0.004906557962795613,57.182351717034095,52.03644029392258,3533.072509765625,Yahoo Finance via yfinance,0.003553771093836076,56.03457371832082,50.859629790392965,0.9990010310690314,-0.0009989689309686245,-0.09989689309686245
2024-07-22,3440.419921875,Yahoo Finance via yfinance,-0.02757382571951999,33.55572105703685,52.89579757137353,3438.1708984375,Yahoo Finance via yfinance,-0.02722827733040923,32.60695791504739,51.72180011936288,0.9993462939151119,-0.0006537060848881282,-0.06537060848881282
2024-07-23,3481.995849609375,Yahoo Finance via yfinance,0.01201211514150231,33.364636934694126,52.48403019269111,3482.505859375,Yahoo Finance via yfinance,0.01281249478619008,32.63514165831257,51.32101521131286,1.0001464705265752,0.00014647052657523751,0.014647052657523751
2024-07-24,3336.33935546875,Yahoo Finance via yfinance,-0.04273144480608137,45.35738365245043,54.170035541796416,3336.015380859375,Yahoo Finance via yfinance,-0.04297501413492114,45.06292558154984,53.03215347472712,0.9999028951869527,-9.710481304725516e-05,-0.009710481304725516
2024-07-25,3174.42724609375,Yahoo Finance via yfinance,-0.04974698344282357,54.80603103248003,56.611175191479504,3170.303955078125,Yahoo Finance via yfinance,-0.05094962688001174,55.168085665952404,55.660815815509004,0.9987010913478332,-0.0012989086521667526,-0.12989086521667526
2024-07-26,3275.951416015625,Yahoo Finance via yfinance,0.03148111446436277,58.25634354296633,57.77535562901972,3277.38720703125,Yahoo Finance via yfinance,0.03321905355765059,59.590641897836186,56.97154529978281,1.0004382821456403,0.0004382821456403452,0.04382821456403452
2024-07-27,3247.60791015625,Yahoo Finance via yfinance,-0.00868963790870826,57.176071722249254,57.22519445379724,3249.004638671875,Yahoo Finance via yfinance,-0.008697837323970274,58.46912428454832,56.39386476113669,1.0004300791703509,0.0004300791703508722,0.04300791703508722
2024-07-28,3271.464599609375,Yahoo Finance via yfinance,0.007319076729185486,57.62142702323945,56.89665643945669,3271.4072265625,Yahoo Finance via yfinance,0.006871552443147776,59.03396911685688,56.056802025401986,0.9999824625805573,-1.7537419442659186e-05,-0.0017537419442659186
2024-07-29,3320.539306640625,Yahoo Finance via yfinance,0.014889437070117674,58.40401001642419,57.1669997176076,3323.61376953125,Yahoo Finance via yfinance,0.015832438904871137,60.01046240914367,56.36427306441523,1.0009258926357163,0.0009258926357162967,0.09258926357162967
2024-07-30,3278.667724609375,Yahoo Finance via yfinance,-0.012690053134925989,56.70902186508261,56.93392727103224,3276.561767578125,Yahoo Finance via yfinance,-0.014258044742358169,58.326098109431136,56.155023213599144,0.9993576790305883,-0.0006423209694117471,-0.06423209694117471
2024-07-31,3231.295654296875,Yahoo Finance via yfinance,-0.014553970196310946,49.59478862566066,57.09568508728303,3229.974365234375,Yahoo Finance via yfinance,-0.014320430271432493,51.336388650482476,56.31624299770856,0.9995910962029293,-0.00040890379707070323,-0.04089037970707032
2024-08-01,3201.564453125,Yahoo Finance via yfinance,-0.009243606225469832,32.996735970308286,57.125362503658074,3201.034423828125,Yahoo Finance via yfinance,-0.00900018572758692,34.46950917258007,56.34219361063471,0.9998344467823043,-0.00016555321769573528,-0.016555321769573528
2024-08-02,2986.01318359375,Yahoo Finance via yfinance,-0.06970046769621462,51.973669302324176,60.67822125183165,2983.100341796875,Yahoo Finance via yfinance,-0.07051087216838793,52.72743990755494,60.12621211534272,0.9990245047098656,-0.0009754952901344094,-0.09754952901344094
2024-08-03,2903.3857421875,Yahoo Finance via yfinance,-0.028061560938994944,52.81787152317757,55.67305812459145,2902.112548828125,Yahoo Finance via yfinance,-0.027524205943500475,53.444940924696304,55.59096783734585,0.9995614797782896,-0.0004385202217104256,-0.04385202217104256
2024-08-04,2686.39892578125,Yahoo Finance via yfinance,-0.07767594583538323,64.37825710793152,61.24212507896986,2679.63916015625,Yahoo Finance via yfinance,-0.07975679317863917,65.91735147998548,61.260975545185104,0.9974837074419116,-0.0025162925580883844,-0.25162925580883844
2024-08-05,2417.206298828125,Yahoo Finance via yfinance,-0.10558915612966013,73.51607894044857,69.6714734928943,2425.7490234375,Yahoo Finance via yfinance,-0.09954179138349595,71.14877293429683,68.731355398963,1.0035341313703827,0.0035341313703827204,0.35341313703827204
2024-08-06,2458.723876953125,Yahoo Finance via yfinance,0.01703001480287719,83.94332430106776,68.75322039232027,2454.460205078125,Yahoo Finance via yfinance,0.011766508996831519,79.92679138681962,67.80226119725853,0.998265900488068,-0.0017340995119320413,-0.17340995119320413
2024-08-07,2336.58935546875,Yahoo Finance via yfinance,-0.050950140414945395,81.00060382837204,69.23563191645017,2334.709716796875,Yahoo Finance via yfinance,-0.050019296233921165,76.69616498206857,68.37254126490006,0.9991955631110465,-0.0008044368889534859,-0.08044368889534859
2024-08-08,2683.352783203125,Yahoo Finance via yfinance,0.13837472540841295,156.78450944279615,85.88959041194768,2682.73974609375,Yahoo Finance via yfinance,0.13895100055094325,154.99320089852543,85.28844931209262,0.9997715406214149,-0.00022845937858506637,-0.022845937858506637
2024-08-09,2599.5986328125,Yahoo Finance via yfinance,-0.031709990019111754,152.5719430048694,86.18020754568944,2600.7333984375,Yahoo Finance via yfinance,-0.03104508408186297,150.5356392784253,85.56001586311808,1.0004365157031077,0.00043651570310765386,0.043651570310765386
2024-08-10,2610.02294921875,Yahoo Finance via yfinance,0.004001952984403117,153.27059002313922,86.2307749173474,2606.00244140625,Yahoo Finance via yfinance,0.002023933969173185,151.09997092237347,85.58041212117121,0.9984595890952976,-0.0015404109047023606,-0.15404109047023606
2024-08-11,2553.252197265625,Yahoo Finance via yfinance,-0.021991096048381804,144.48920012079455,86.19643793338474,2557.009521484375,Yahoo Finance via yfinance,-0.0189789955470249,141.4089600056522,85.49603299019294,1.0014715836621129,0.001471583662112863,0.1471583662112863
2024-08-12,2724.431884765625,Yahoo Finance via yfinance,0.06489200567317864,125.04772604663579,89.51843979366299,2725.312744140625,Yahoo Finance via yfinance,0.06374477002612633,124.31026838720535,88.65541764756016,1.0003233185530993,0.00032331855309930546,0.032331855309930546
2024-08-13,2703.671875,Yahoo Finance via yfinance,-0.00764912091036673,126.31860915570887,89.02894584332478,2703.009765625,Yahoo Finance via yfinance,-0.008217309850163454,125.61703768403392,88.13997149138606,0.9997551073482244,-0.00024489265177563,-0.024489265177563002
2024-08-14,2662.914794921875,Yahoo Finance via yfinance,-0.015189492393236552,117.54211106465013,84.3694258122689,2665.67724609375,Yahoo Finance via yfinance,-0.013907728724402988,116.86121458964764,83.59447917655231,1.0010373787314348,0.0010373787314348348,0.10373787314348348
2024-08-15,2570.087646484375,Yahoo Finance via yfinance,-0.03548130840522891,65.24922546567015,84.86472621258712,2571.32958984375,Yahoo Finance via yfinance,-0.03603503618577252,63.81344368501923,84.1150985297701,1.0004832299634114,0.00048322996341143565,0.048322996341143565
2024-08-16,2593.1865234375,Yahoo Finance via yfinance,0.008947435404047986,62.093291849304556,85.07908876682981,2592.437744140625,Yahoo Finance via yfinance,0.00817553173980011,60.67921343537426,84.31920305174927,0.9997112512771035,-0.00028874872289652576,-0.028874872289652576
2024-08-17,2614.546875,Yahoo Finance via yfinance,0.008203365923541336,62.346141609584315,85.00202857112147,2611.4423828125,Yahoo Finance via yfinance,0.007304058778630716,60.92978170365214,84.2477486831451,0.9988126079447323,-0.0011873920552677442,-0.11873920552677442
2024-08-18,2613.357177734375,Yahoo Finance via yfinance,-0.00045513355798471977,59.54984258653065,84.28425682683167,2621.03759765625,Yahoo Finance via yfinance,0.003667563233883716,58.72579763680389,83.62382343305293,1.0029389093795948,0.002938909379594845,0.2938909379594845
2024-08-19,2637.306396484375,Yahoo Finance via yfinance,0.00912242214579242,31.47029124745389,84.41141988950946,2628.58154296875,Yahoo Finance via yfinance,0.0028740944070138833,30.356267603473942,83.59460985845615,0.9966917558281224,-0.0033082441718775835,-0.33082441718775835
2024-08-20,2573.10693359375,Yahoo Finance via yfinance,-0.02464399960665874,34.68626127936781,84.40082042812303,2584.79052734375,Yahoo Finance via yfinance,-0.016799892653376468,31.492992416075584,83.48865947991337,1.0045406561217733,0.004540656121773345,0.45406561217733454
2024-08-21,2631.3955078125,Yahoo Finance via yfinance,0.02240022447604025,39.60573357910125,84.93436669096587,2629.51904296875,Yahoo Finance via yfinance,0.01715648530298902,34.796582260379964,83.7986744209127,0.9992868936508484,-0.0007131063491515599,-0.07131063491515599
2024-08-22,2622.951416015625,Yahoo Finance via yfinance,-0.0032141383843607603,28.024087679492137,84.62720329442516,2622.9169921875,Yahoo Finance via yfinance,-0.0025139018215457856,20.1650722626055,83.46785840227828,0.9999868759185112,-1.3124081488791184e-05,-0.0013124081488791184
2024-08-23,2764.447021484375,Yahoo Finance via yfinance,0.052540444326856055,45.787939470536024,86.41632055363809,2763.932861328125,Yahoo Finance via yfinance,0.05236756095930015,41.37565966766655,85.25391080566506,0.9998140097631627,-0.00018599023683729676,-0.018599023683729676
2024-08-24,2769.3896484375,Yahoo Finance via yfinance,0.0017863296523750458,46.100864800736005,85.01099079069836,2770.493896484375,Yahoo Finance via yfinance,0.002370991077120479,41.66195541643376,83.75234098740304,1.0003987333626014,0.00039873336260143333,0.03987333626014333
2024-08-25,2749.15771484375,Yahoo Finance via yfinance,-0.0073323731435487914,47.14376263111084,84.01263713636156,2747.8857421875,Yahoo Finance via yfinance,-0.008193811323954045,43.336365363218455,82.64368202416549,0.9995373227773067,-0.00046267722269333067,-0.04626772226933307
2024-08-26,2681.340576171875,Yahoo Finance via yfinance,-0.024977694805671382,52.446516031164094,84.27377829017065,2681.51513671875,Yahoo Finance via yfinance,-0.024449810666450186,48.95143113218312,82.89369288583775,1.000065101967436,6.510196743603203e-05,0.006510196743603203
2024-08-27,2458.7265625,Yahoo Finance via yfinance,-0.08667332605342254,82.4335401308078,88.61524215784463,2458.487548828125,Yahoo Finance via yfinance,-0.08683564097793653,81.4129763635312,87.3309564179803,0.9999027896491133,-9.721035088672281e-05,-0.00972103508867228
2024-08-28,2528.41552734375,Yahoo Finance via yfinance,0.02794927437788038,83.70442809446227,89.18327949836396,2529.869384765625,Yahoo Finance via yfinance,0.028621331514963343,83.8794089367474,87.91029282974338,1.0005750073143247,0.0005750073143246937,0.057500731432469365
2024-08-29,2528.792724609375,Yahoo Finance via yfinance,0.00014917213115699394,83.80044380694093,89.23037913597146,2527.11474609375,Yahoo Finance via yfinance,-0.0010894394259681136,83.91675317664327,87.93296983567042,0.9993364507500772,-0.0006635492499228457,-0.06635492499228457
2024-08-30,2525.822021484375,Yahoo Finance via yfinance,-0.001175442092530881,68.93459079210722,89.24111264870518,2525.11669921875,Yahoo Finance via yfinance,-0.0007909562342084421,69.1719957580999,87.94993275068649,0.9997207553582059,-0.00027924464179407416,-0.027924464179407416
2024-08-31,2513.393798828125,Yahoo Finance via yfinance,-0.004932611857998876,68.23115890730045,89.24750009451175,2512.817138671875,Yahoo Finance via yfinance,-0.004882789405116543,68.39110449467266,87.95698031967638,0.9997705651392477,-0.0002294348607523311,-0.02294348607523311
2024-09-01,2427.90234375,Yahoo Finance via yfinance,-0.03460629942396255,69.47578367571052,87.00854350330418,2426.720947265625,Yahoo Finance via yfinance,-0.03486354809757836,69.72501883250787,85.61966356902877,0.9995134085654572,-0.0004865914345427713,-0.04865914345427713
2024-09-02,2538.187255859375,Yahoo Finance via yfinance,0.0444224959173987,82.0256428813126,88.45082485880698,2537.60986328125,Yahoo Finance via yfinance,0.04468169763604264,82.40474169478208,87.11971295717295,0.9997725177380857,-0.00022748226191426912,-0.022748226191426912
2024-09-03,2420.603759765625,Yahoo Finance via yfinance,-0.04743315088676016,61.37857428545054,85.89299048765004,2422.89697265625,Yahoo Finance via yfinance,-0.04625871894577658,61.24649739988391,84.2114180801331,1.0009473722749431,0.0009473722749431257,0.09473722749431257
2024-09-04,2448.97705078125,Yahoo Finance via yfinance,0.011653410515005637,57.50997383993476,77.69347774339485,2447.94384765625,Yahoo Finance via yfinance,0.010284505978807059,56.9336981820135,76.81128431483953,0.9995781082862045,-0.00042189171379547474,-0.042189171379547474
2024-09-05,2367.737548828125,Yahoo Finance via yfinance,-0.033735528614387535,60.925617236468085,78.34389389022684,2367.51806640625,Yahoo Finance via yfinance,-0.03340624928329296,60.36507768591287,77.57511313699065,0.9999073028925931,-9.269710740689163e-05,-0.009269710740689163
2024-09-06,2223.87646484375,Yahoo Finance via yfinance,-0.06268304999646478,71.19717099849886,79.38061006165793,2220.77685546875,Yahoo Finance via yfinance,-0.06398510748770242,71.2077620608217,78.8241506502269,0.9986062133288426,-0.0013937866711574154,-0.13937866711574154
2024-09-07,2274.107177734375,Yahoo Finance via yfinance,0.022335697564614777,76.78874646351046,62.04425877779043,2270.203857421875,Yahoo Finance via yfinance,0.02201256292565816,76.73536752029365,61.136780701870144,0.9982835812002543,-0.0017164187997457114,-0.17164187997457114
2024-09-08,2297.29296875,Yahoo Finance via yfinance,0.010143933626153243,76.38520735957829,61.53575426287921,2294.930419921875,Yahoo Finance via yfinance,0.010832892443331184,76.45432087861572,60.683473858376615,0.9989715944547506,-0.0010284055452494112,-0.10284055452494112
2024-09-09,2358.482177734375,Yahoo Finance via yfinance,0.026286807450088948,69.65422437427745,62.390996928891255,2358.85302734375,Yahoo Finance via yfinance,0.02747297059974053,69.97964557611019,61.65191882734074,1.000157240793624,0.00015724079362389176,0.015724079362389176
2024-09-10,2389.5810546875,Yahoo Finance via yfinance,0.013099792549207671,63.57329829925996,62.27390959735748,2382.64892578125,Yahoo Finance via yfinance,0.010037367254644944,64.0001129758874,61.5551078460778,0.9970990191386679,-0.0029009808613320587,-0.29009808613320587
2024-09-11,2339.841552734375,Yahoo Finance via yfinance,-0.02103484508209975,63.733602318667636,57.662686068516834,2341.5263671875,Yahoo Finance via yfinance,-0.017409852402025642,63.78692731338494,56.92125435279755,1.0007200549332735,0.0007200549332735395,0.07200549332735395
2024-09-12,2361.78173828125,Yahoo Finance via yfinance,0.00933309346577322,60.02232823766549,57.871055937620184,2360.172119140625,Yahoo Finance via yfinance,0.007931537828934292,59.99156249167426,57.086957791268254,0.9993184725266796,-0.000681527473320398,-0.0681527473320398
2024-09-13,2441.607177734375,Yahoo Finance via yfinance,0.03324019383426923,33.57005142280422,59.19615352399874,2442.921142578125,Yahoo Finance via yfinance,0.034459964608942635,32.276075338239316,58.55993519579189,1.000538155709785,0.0005381557097849932,0.053815570978499316
2024-09-14,2418.595703125,Yahoo Finance via yfinance,-0.009469418098884515,36.144768800509944,58.07855546109925,2417.14990234375,Yahoo Finance via yfinance,-0.010605393026575316,35.5448199298008,57.4098792543831,0.9994022147730677,-0.0005977852269323236,-0.05977852269323236
2024-09-15,2320.897216796875,Yahoo Finance via yfinance,-0.04123324147661824,50.97845402830578,59.50534322987616,2319.1748046875,Yahoo Finance via yfinance,-0.041377685028066914,50.654154456776936,58.8808952201268,0.999257867993072,-0.0007421320069279647,-0.07421320069279647
2024-09-16,2295.28369140625,Yahoo Finance via yfinance,-0.01109739360862194,46.88635557136522,59.400233161798646,2291.129150390625,Yahoo Finance via yfinance,-0.012166659955715694,46.180034210374046,58.814010524516426,0.9981899662202193,-0.0018100337797807287,-0.18100337797807287
2024-09-17,2341.707763671875,Yahoo Finance via yfinance,0.020024028033948524,48.645436297907516,59.99539145554298,2336.424072265625,Yahoo Finance via yfinance,0.019576811458979007,48.42357995367619,59.34676256581722,0.9977436589278054,-0.002256341072194634,-0.22563410721946342
2024-09-18,2369.72900390625,Yahoo Finance via yfinance,0.011895127545669125,46.95615628798918,60.07747409372624,2360.9130859375,Yahoo Finance via yfinance,0.01042685875673721,47.47673427354619,59.51241557856645,0.9962797780023717,-0.003720221997628337,-0.3720221997628337
2024-09-19,2464.752197265625,Yahoo Finance via yfinance,0.039315669682806115,54.294918011649294,61.38129320829062,2464.095458984375,Yahoo Finance via yfinance,0.042776341360103054,56.33342296362386,61.443507891470105,0.9997335479477496,-0.0002664520522503988,-0.02664520522503988
2024-09-20,2561.072021484375,Yahoo Finance via yfinance,0.038334655280300785,55.943857761181135,62.403176532239954,2556.097412109375,Yahoo Finance via yfinance,0.03665686055120603,57.02302341160298,62.55885974174604,0.9980576066064254,-0.001942393393574604,-0.1942393393574604
2024-09-21,2615.857177734375,Yahoo Finance via yfinance,0.021165907208287316,54.879651758327185,62.86723779618849,2617.14404296875,Yahoo Finance via yfinance,0.02360201634700202,56.13491968289638,63.1369298617478,1.000491947819372,0.0004919478193718962,0.049194781937189624
2024-09-22,2582.862548828125,Yahoo Finance via yfinance,-0.012693537511001317,40.197118369556044,60.048241677501416,2580.934326171875,Yahoo Finance via yfinance,-0.013932187986932801,42.22560330826656,60.38108876267659,0.9992534551801354,-0.0007465448198645808,-0.07465448198645808
2024-09-23,2648.54638671875,Yahoo Finance via yfinance,0.025112657258749498,33.727075141464795,60.792922220817566,2648.2705078125,Yahoo Finance via yfinance,0.025755313072509185,35.58991536900895,61.15393906266853,0.9998958376158207,-0.00010416238417931822,-0.010416238417931822
2024-09-24,2654.35498046875,Yahoo Finance via yfinance,0.00219072378340883,36.22982461093242,60.768423177982456,2656.958984375,Yahoo Finance via yfinance,0.0032754414651299606,37.78058584370319,61.126872710786216,1.0009810307684581,0.0009810307684581243,0.09810307684581243
2024-09-25,2579.388671875,Yahoo Finance via yfinance,-0.028649257997379086,49.65997256409408,60.96265381467383,2577.81591796875,Yahoo Finance via yfinance,-0.030239732850359972,51.79282982360799,61.43755492455648,0.9993902609857138,-0.0006097390142861814,-0.06097390142861814
2024-09-26,2632.199951171875,Yahoo Finance via yfinance,0.02026755789673181,44.99809729219068,53.00415805369498,2632.217041015625,Yahoo Finance via yfinance,0.020883975464861638,46.124535340564236,53.54791206303615,1.00000649260849,6.492608489949703e-06,0.0006492608489949703
2024-09-27,2695.900634765625,Yahoo Finance via yfinance,0.023912355962124945,40.3161062438703,52.77623621595404,2695.804443359375,Yahoo Finance via yfinance,0.023870182118090357,42.298176371056826,53.278671731036184,0.9999643193799469,-3.568062005310235e-05,-0.003568062005310235
2024-09-28,2677.5390625,Yahoo Finance via yfinance,-0.00683422342755452,39.532636027804614,52.86549570750956,2672.630615234375,Yahoo Finance via yfinance,-0.008633418049051912,41.27290653986138,53.4006679965358,0.9981668064774966,-0.0018331935225034401,-0.18331935225034401
2024-09-29,2659.346923828125,Yahoo Finance via yfinance,-0.0068175371109074024,38.2920652817072,52.94345069783719,2656.68603515625,Yahoo Finance via yfinance,-0.005983741893734402,39.65701911586406,53.46386951795418,0.9989994202531332,-0.0010005797468668476,-0.10005797468668476
2024-09-30,2603.062744140625,Yahoo Finance via yfinance,-0.02139184502068316,37.53600335632612,53.51187139227343,2602.727783203125,Yahoo Finance via yfinance,-0.02051945218772521,38.364843516224454,53.98163485912091,0.9998713204519353,-0.00012867954806472515,-0.012867954806472515
2024-10-01,2448.921142578125,Yahoo Finance via yfinance,-0.06104115266475197,55.98973431976735,56.44995207298804,2449.16259765625,Yahoo Finance via yfinance,-0.06081387318699805,56.25800475326525,56.844915966828346,1.0000985965100824,9.859651008237158e-05,0.009859651008237158
2024-10-02,2365.231689453125,Yahoo Finance via yfinance,-0.034771594518332734,57.289437190842264,55.405929808292164,2366.608642578125,Yahoo Finance via yfinance,-0.03428819139767265,57.14153954216697,55.74922582097403,1.0005821641622425,0.0005821641622425489,0.058216416224254885
2024-10-03,2349.791259765625,Yahoo Finance via yfinance,-0.006549484508482835,50.909579923675416,53.0022282209631,2348.483154296875,Yahoo Finance via yfinance,-0.0076883243617060235,50.401593926618396,53.501631592890796,0.9994433099266526,-0.0005566900733473545,-0.055669007334735454
2024-10-04,2414.7939453125,Yahoo Finance via yfinance,0.027287462033179014,52.55945657513648,53.74691516542317,2414.410888671875,Yahoo Finance via yfinance,0.02768566541217723,52.29110645169018,54.30349064783696,0.9998413708791308,-0.00015862912086916925,-0.015862912086916925
2024-10-05,2415.6318359375,Yahoo Finance via yfinance,0.00034692206084847404,53.5454884915225,52.389413132833816,2414.23291015625,Yahoo Finance via yfinance,-7.371780695385581e-05,53.35415100630975,52.98685648556336,0.999420886179575,-0.0005791138204249702,-0.05791138204249702
2024-10-06,2439.957763671875,Yahoo Finance via yfinance,0.010019846511531982,56.36069590603835,47.2055267263046,2437.518798828125,Yahoo Finance via yfinance,0.00959903509825401,55.99314528577553,47.63540882265615,0.9990004069414383,-0.0009995930585616764,-0.09995930585616764
2024-10-07,2421.796630859375,Yahoo Finance via yfinance,-0.00747105501970075,55.88905304415498,46.819449248893555,2424.6142578125,Yahoo Finance via yfinance,-0.00530819340652749,55.71140844706708,47.22190312572762,1.0011634449058282,0.0011634449058282037,0.11634449058282037
2024-10-08,2439.8408203125,Yahoo Finance via yfinance,0.0074231254351555245,36.63334710435107,46.770188044120125,2443.497314453125,Yahoo Finance via yfinance,0.007757895876678724,36.42516571778845,47.163239720931294,1.0014986609413956,0.0014986609413956131,0.1498660941395613
2024-10-09,2368.283447265625,Yahoo Finance via yfinance,-0.029767390727599395,33.8612721755654,47.19257537303545,2366.693359375,Yahoo Finance via yfinance,-0.031936564745308184,35.1072545567371,47.68866820360987,0.9993285905483734,-0.0006714094516265812,-0.06714094516265812
2024-10-10,2383.85791015625,Yahoo Finance via yfinance,0.006554737109736946,33.59713440004193,47.02123252125923,2378.941650390625,Yahoo Finance via yfinance,0.005161930147283251,34.61703983404166,47.59115793202158,0.9979376875841972,-0.0020623124158027917,-0.20623124158027917
2024-10-11,2436.513427734375,Yahoo Finance via yfinance,0.021847948378953628,31.260413949078654,46.99502778335665,2435.90869140625,Yahoo Finance via yfinance,0.023664162070789547,32.86819208649705,47.861358935227635,0.9997518025875657,-0.0002481974124343145,-0.024819741243431448
2024-10-12,2476.523193359375,Yahoo Finance via yfinance,0.01628754401931218,33.03982464491379,47.205858532720654,2476.458251953125,Yahoo Finance via yfinance,0.016509549080327184,34.59299754218508,48.103476151809446,0.9999737771863295,-2.6222813670484513e-05,-0.0026222813670484513
2024-10-13,2467.677001953125,Yahoo Finance via yfinance,-0.0035784153134817112,32.880295916558914,45.824741154225336,2465.364501953125,Yahoo Finance via yfinance,-0.004489747685395056,34.61142992638933,46.65163724296772,0.9990628838384563,-0.0009371161615436829,-0.0937116161543683
2024-10-14,2628.89990234375,Yahoo Finance via yfinance,0.06328824753346127,53.94186966471687,50.63650929312321,2628.402099609375,Yahoo Finance via yfinance,0.06403642732007259,55.86211803107219,51.470721136734596,0.9998106421876576,-0.00018935781234241666,-0.018935781234241666
2024-10-15,2606.02197265625,Yahoo Finance via yfinance,-0.008740560369299363,55.9508903680384,48.29618773946561,2602.862548828125,Yahoo Finance via yfinance,-0.009764275146187563,57.974696297607665,49.186649445530065,0.9987876449771815,-0.0012123550228184676,-0.12123550228184676
2024-10-16,2611.10205078125,Yahoo Finance via yfinance,0.0019474636630232294,46.29400692537347,48.00106359602694,2610.056640625,Yahoo Finance via yfinance,0.0027601027764170916,47.535142291447485,48.84942041132887,0.9995996287636719,-0.0004003712363280787,-0.04003712363280787
2024-10-17,2604.2734375,Yahoo Finance via yfinance,-0.00261864834037678,47.639095013268516,47.71625657407301,2601.403564453125,Yahoo Finance via yfinance,-0.003320790635748029,48.86864914153179,48.603055653993756,0.9988980139314289,-0.001101986068571148,-0.1101986068571148
2024-10-18,2641.55224609375,Yahoo Finance via yfinance,0.014212990821686776,47.05616568064937,47.774138091352405,2640.741455078125,Yahoo Finance via yfinance,0.015008600070056213,48.08837815928078,48.71043701046076,0.9996930626616135,-0.0003069373383864926,-0.030693733838649262
2024-10-19,2648.656982421875,Yahoo Finance via yfinance,0.0026859960703630786,47.246451369674375,46.00516482340872,2649.075439453125,Yahoo Finance via yfinance,0.0031509564268523403,48.21492553118872,46.629464448987925,1.0001579883820468,0.0001579883820468364,0.01579883820468364
2024-10-20,2746.364013671875,Yahoo Finance via yfinance,0.03622514753887915,49.195112415802505,45.80321082252487,2743.870361328125,Yahoo Finance via yfinance,0.035158775984457914,49.63307890476042,46.493724912415374,0.9990920168152014,-0.0009079831847985664,-0.09079831847985664
2024-10-21,2665.712158203125,Yahoo Finance via yfinance,-0.029806611723017833,38.75800666298479,46.608409506298834,2666.285888671875,Yahoo Finance via yfinance,-0.028683013265670552,38.04059619538403,47.06095355657205,1.0002152259639079,0.0002152259639078835,0.02152259639078835
2024-10-22,2620.197509765625,Yahoo Finance via yfinance,-0.01722154792344878,40.624818856672995,46.797690821337675,2618.4248046875,Yahoo Finance via yfinance,-0.01811353368485262,40.04236267234037,47.2459254025085,0.9993234460106469,-0.0006765539893530681,-0.06765539893530681
2024-10-23,2509.098876953125,Yahoo Finance via yfinance,-0.04332602482144412,51.52240309891398,48.32702678083998,2508.86181640625,Yahoo Finance via yfinance,-0.04274372668242122,50.76808829986687,48.65434691576842,0.9999055196472915,-9.448035270853694e-05,-0.009448035270853694
2024-10-24,2534.49853515625,Yahoo Finance via yfinance,0.010072125451518981,52.782585718608345,48.48692760664359,2532.318603515625,Yahoo Finance via yfinance,0.009306136437572577,51.92592922087924,48.778880806369145,0.9991398962712399,-0.0008601037287601088,-0.08601037287601088
2024-10-25,2435.93408203125,Yahoo Finance via yfinance,-0.039665511408436306,55.79997484040267,49.4056912089464,2428.26025390625,Yahoo Finance via yfinance,-0.04196027109129357,55.51380539632067,49.805472505521735,0.9968497390050058,-0.0031502609949941585,-0.31502609949941585
2024-10-26,2479.603271484375,Yahoo Finance via yfinance,0.017768286644448166,59.10981609049154,49.272014693085914,2479.621826171875,Yahoo Finance via yfinance,0.02093100305539612,59.7830815743581,49.808193792232935,1.0000074829258832,7.482925883151026e-06,0.0007482925883151026
2024-10-27,2505.940673828125,Yahoo Finance via yfinance,0.010565606337183628,49.1143701752946,48.60430119147141,2507.42041015625,Yahoo Finance via yfinance,0.011148440532484058,50.711641406576014,49.17042806372636,1.0005904913646118,0.000590491364611756,0.0590491364611756
2024-10-28,2565.34814453125,Yahoo Finance via yfinance,0.023430015732824112,52.982219766831626,49.39945148846507,2565.07568359375,Yahoo Finance via yfinance,0.02273348482694523,54.41655117575297,49.88321582320728,0.999893791827795,-0.00010620817220496903,-0.010620817220496903
2024-10-29,2637.95751953125,Yahoo Finance via yfinance,0.02791075260486656,56.78574013651526,50.39758741784236,2634.832763671875,Yahoo Finance via yfinance,0.02683172822019259,57.673964247146095,50.80584817773386,0.9988154639200064,-0.0011845360799935811,-0.11845360799935811
2024-10-30,2657.37255859375,Yahoo Finance via yfinance,0.007332923830771978,42.81233078124667,49.87558032746042,2656.135009765625,Yahoo Finance via yfinance,0.008052349630364754,44.439875549473044,50.34835132762551,0.9995342960759782,-0.0004657039240217875,-0.04657039240217875
2024-10-31,2515.79931640625,Yahoo Finance via yfinance,-0.054747302007758666,62.259340619477975,48.93459092381978,2514.955078125,Yahoo Finance via yfinance,-0.054617120500689516,63.368440458252614,49.433899703193354,0.9996644254270424,-0.00033557457295763093,-0.03355745729576309
2024-11-01,2511.885498046875,Yahoo Finance via yfinance,-0.0015569071230169813,53.323708299481446,47.22908652221249,2512.095947265625,Yahoo Finance via yfinance,-0.0011374983676197443,53.378533818263776,47.79032795496403,1.0000837813741565,8.378137415654408e-05,0.008378137415654408
2024-11-02,2491.068603515625,Yahoo Finance via yfinance,-0.008321889126305491,52.6646423724734,47.27351877322655,2489.240234375,Yahoo Finance via yfinance,-0.00913990628509834,52.27227660574263,47.82998805502514,0.9992660301936106,-0.0007339698063894007,-0.07339698063894007
2024-11-03,2456.42529296875,Yahoo Finance via yfinance,-0.014004616269904045,52.84130818445728,46.67792701415902,2455.124755859375,Yahoo Finance via yfinance,-0.013799960152944418,52.300374206919166,47.20429554728386,0.9994705570272796,-0.0005294429727203953,-0.05294429727203953
2024-11-04,2397.0263671875,Yahoo Finance via yfinance,-0.02447820471317373,49.569230548033495,47.48897831789049,2395.390625,Yahoo Finance via yfinance,-0.02463125923374943,49.2090682254545,48.015839375492284,0.9993175952463889,-0.0006824047536111433,-0.06824047536111433
2024-11-05,2422.650634765625,Yahoo Finance via yfinance,0.0106332889134209,42.68785102815181,47.506166882547376,2423.901611328125,Yahoo Finance via yfinance,0.011832160224955755,43.252168338688065,48.079832563952884,1.0005163668853232,0.000516366885323194,0.0516366885323194
2024-11-06,2724.169189453125,Yahoo Finance via yfinance,0.11730125264069904,103.61656032082564,62.63991099098951,2721.416015625,Yahoo Finance via yfinance,0.1157738608284416,102.65958422611985,62.76392676107198,0.998989352849748,-0.0010106471502520087,-0.10106471502520087
2024-11-07,2895.58544921875,Yahoo Finance via yfinance,0.0610238212650149,97.54027901616429,65.73091369902706,2895.16845703125,Yahoo Finance via yfinance,0.06189095946364953,96.86687489796309,65.94771848193314,0.9998559903705786,-0.00014400962942140438,-0.014400962942140438
2024-11-08,2962.296630859375,Yahoo Finance via yfinance,0.022777538004594824,95.82338208251939,64.70886896494349,2959.96875,Yahoo Finance via yfinance,0.0221354125585057,95.20455257128545,64.75475011347658,0.999214163485478,-0.0007858365145220203,-0.07858365145220203
2024-11-09,3131.14453125,Yahoo Finance via yfinance,0.05543374635533525,93.95973553107517,66.83397642977003,3131.31201171875,Yahoo Finance via yfinance,0.0562733789488485,93.28638521342731,66.94400396304698,1.0000534885780834,5.34885780834049e-05,0.00534885780834049
2024-11-10,3191.331298828125,Yahoo Finance via yfinance,0.01903956214350408,86.72550148208464,66.7736504961467,3189.29833984375,Yahoo Finance via yfinance,0.01834884664436003,86.1350237226673,66.82462444548241,0.9993629746353437,-0.0006370253646562629,-0.06370253646562629
2024-11-11,3374.81298828125,Yahoo Finance via yfinance,0.05590174711708531,69.56850467961331,68.71945560133447,3374.678466796875,Yahoo Finance via yfinance,0.056499114247867334,68.78101230204585,68.817609199813,0.9999601395737061,-3.986042629389175e-05,-0.003986042629389175
2024-11-12,3246.25732421875,Yahoo Finance via yfinance,-0.03883717170826067,91.74690565450602,70.68902321649212,3249.96923828125,Yahoo Finance via yfinance,-0.037654519536261616,90.79362909671958,70.66318747671447,1.0011434441856495,0.0011434441856494892,0.11434441856494892
2024-11-13,3192.595947265625,Yahoo Finance via yfinance,-0.016668377768941905,73.96306161761414,68.44658646319029,3187.377685546875,Yahoo Finance via yfinance,-0.019446994566109387,74.98820630134755,68.47684129520282,0.998365511387929,-0.00163448861207105,-0.163448861207105
2024-11-14,3058.94873046875,Yahoo Finance via yfinance,-0.042763057630081716,79.01758102749626,70.39945897724387,3052.011962890625,Yahoo Finance via yfinance,-0.04339750348304917,79.79716040662541,70.45416973181061,0.9977323034188081,-0.002267696581191858,-0.2267696581191858
2024-11-15,3103.04052734375,Yahoo Finance via yfinance,0.01431114127592229,78.27701820438156,70.45650195456574,3096.156005859375,Yahoo Finance via yfinance,0.014360310843973207,79.12654358839032,70.51756544687301,0.9977813626912994,-0.002218637308700644,-0.2218637308700644
2024-11-16,3133.27392578125,Yahoo Finance via yfinance,0.009695994492798173,67.09947058171267,70.40323986056293,3131.72216796875,Yahoo Finance via yfinance,0.01142172270127541,67.74813878336556,70.46786325970874,0.999504748755054,-0.0004952512449459823,-0.04952512449459823
2024-11-17,3075.66162109375,Yahoo Finance via yfinance,-0.0185584011251578,66.12811269154396,70.85819761804363,3075.1669921875,Yahoo Finance via yfinance,-0.01822386046232973,66.87018438137461,70.89619096616869,0.9998391796734538,-0.00016082032654618494,-0.016082032654618494
2024-11-18,3207.8564453125,Yahoo Finance via yfinance,0.0420829005896754,58.68522563197154,72.01433748968694,3205.973876953125,Yahoo Finance via yfinance,0.04165669979346216,58.92540940887244,72.02776351773412,0.9994131382150452,-0.0005868617849548174,-0.058686178495481744
2024-11-19,3111.384033203125,Yahoo Finance via yfinance,-0.03053528608605521,56.22120765960441,72.29701118992328,3110.5634765625,Yahoo Finance via yfinance,-0.030212014025770884,56.80196148611846,72.34659004465402,0.9997362727866864,-0.0002637272133135804,-0.02637272133135804
2024-11-20,3072.18798828125,Yahoo Finance via yfinance,-0.012677646434410245,55.83575095033718,71.52691882433557,3069.798828125,Yahoo Finance via yfinance,-0.013191860800084691,56.09393605151634,71.65941983212478,0.9992223261840215,-0.0007776738159784857,-0.07776738159784857
2024-11-21,3361.053955078125,Yahoo Finance via yfinance,0.08986459438020718,79.2175690357077,76.93867103061945,3360.171630859375,Yahoo Finance via yfinance,0.09038002212946454,79.3013175343662,77.09872038482725,0.9997374858510031,-0.0002625141489969174,-0.02625141489969174
2024-11-22,3331.600830078125,Yahoo Finance via yfinance,-0.008801683663305197,80.80773312003396,74.93940350554716,3327.943115234375,Yahoo Finance via yfinance,-0.009637623248705563,81.06123958959907,75.18022586564973,0.9989021149200326,-0.0010978850799674422,-0.10978850799674422
2024-11-23,3396.223388671875,Yahoo Finance via yfinance,0.019211127992395893,81.06669443197895,75.01669764787559,3396.6806640625,Yahoo Finance via yfinance,0.020444249444532672,81.39741766050659,75.27846820463037,1.0001346423183322,0.00013464231833215656,0.013464231833215656
2024-11-24,3363.659912109375,Yahoo Finance via yfinance,-0.009634405505680803,79.2896059035727,73.23681097978692,3360.260009765625,Yahoo Finance via yfinance,-0.01078032463932566,79.90191428816155,73.34143219744642,0.9989892252984583,-0.0010107747015416502,-0.10107747015416502
2024-11-25,3413.5439453125,Yahoo Finance via yfinance,0.01472139104925894,75.51130623497623,73.20780159810269,3418.664794921875,Yahoo Finance via yfinance,0.017231709162849315,76.37970303233134,73.28862686594384,1.0015001563452572,0.001500156345257242,0.1500156345257242
2024-11-26,3326.517333984375,Yahoo Finance via yfinance,-0.02582512070414831,74.07872924356619,74.30560673300067,3325.904052734375,Yahoo Finance via yfinance,-0.02750853129267359,75.55205174157335,74.48972942565987,0.9998156386429331,-0.00018436135706689782,-0.018436135706689782
2024-11-27,3657.249267578125,Yahoo Finance via yfinance,0.09478538754645882,92.75197118015339,79.95029544537367,3660.118896484375,Yahoo Finance via yfinance,0.09575409955375162,94.23879270639736,80.26352071188634,1.0007846413236554,0.0007846413236554106,0.07846413236554106
2024-11-28,3579.8115234375,Yahoo Finance via yfinance,-0.021401146668093715,79.14661629570827,80.54920708411122,3580.141357421875,Yahoo Finance via yfinance,-0.02209334731742361,80.91759837975253,80.92561762736753,1.0000921372486276,9.213724862755512e-05,0.009213724862755512
2024-11-29,3593.494384765625,Yahoo Finance via yfinance,0.003814943374230773,77.934624837231,80.57418315670091,3592.688720703125,Yahoo Finance via yfinance,0.0034985845037432623,79.61673873667417,80.95654796590247,0.9997757992705052,-0.00022420072949480563,-0.022420072949480563
2024-11-30,3705.705322265625,Yahoo Finance via yfinance,0.03074851569555738,79.12734901255143,77.37437273420488,3708.5712890625,Yahoo Finance via yfinance,0.03174583571240469,80.84662548180461,77.81515051357647,1.0007733930649194,0.0007733930649194143,0.07733930649194143
2024-12-01,3711.1650390625,Yahoo Finance via yfinance,0.0014722430127681644,77.6332147751395,77.31027878471858,3710.36279296875,Yahoo Finance via yfinance,0.00048295453801392634,79.26297467663439,77.7802816331857,0.9997838290441665,-0.00021617095583348345,-0.021617095583348345
2024-12-02,3644.198486328125,Yahoo Finance via yfinance,-0.018209406755861343,81.0264123417346,77.72945534058277,3637.074951171875,Yahoo Finance via yfinance,-0.019949885942236824,82.85207345137597,78.25750049081907,0.9980452395271621,-0.0019547604728379353,-0.19547604728379353
2024-12-03,3620.711669921875,Yahoo Finance via yfinance,-0.0064658468521986735,77.02214889107309,77.44767406681137,3623.75830078125,Yahoo Finance via yfinance,-0.003668081846705156,78.14282922166781,77.90566341163905,1.0008414453116177,0.0008414453116176723,0.08414453116176723
2024-12-04,3841.3310546875,Yahoo Finance via yfinance,0.05914833494591177,54.86159857257196,77.85555735347157,3837.695068359375,Yahoo Finance via yfinance,0.057360251855493934,54.53788745732845,78.17280290618723,0.9990534566595899,-0.0009465433404101109,-0.09465433404101109
2024-12-05,3811.00830078125,Yahoo Finance via yfinance,-0.0079251353622021,51.36707023201882,78.27613420211912,3810.383544921875,Yahoo Finance via yfinance,-0.00714209173674318,50.65503507527529,78.57044951787157,0.9998360654687509,-0.00016393453124907698,-0.016393453124907698
2024-12-06,4005.810546875,Yahoo Finance via yfinance,0.0498521437821613,58.79294643539451,70.3238809024353,4006.650146484375,Yahoo Finance via yfinance,0.05022566522640648,58.28489431768736,70.95479264583372,1.0002095954363168,0.00020959543631682287,0.020959543631682287
2024-12-07,4002.692626953125,Yahoo Finance via yfinance,-0.0007786523927710283,58.22928581843484,68.26971393163119,4002.0009765625,Yahoo Finance via yfinance,-0.0011610370767070615,57.57175510721972,68.85201979635266,0.999827203721323,-0.00017279627867694547,-0.017279627867694547
2024-12-08,4005.70458984375,Yahoo Finance via yfinance,0.0007522012085822692,58.303332586709,68.21530903972915,4005.913330078125,Yahoo Finance via yfinance,0.000977121801531513,57.51855598793818,68.80879571632848,1.0000521107409928,5.211074099276125e-05,0.005211074099276125
2024-12-09,3718.6904296875,Yahoo Finance via yfinance,-0.07434792132244801,83.85417684570939,72.25110282738711,3719.809814453125,Yahoo Finance via yfinance,-0.07409906015054814,82.90317902969804,72.71077766613406,1.0003010158513568,0.00030101585135677844,0.030101585135677844
2024-12-10,3631.833740234375,Yahoo Finance via yfinance,-0.023633887951846233,85.91069709950955,72.79309955932942,3630.8173828125,Yahoo Finance via yfinance,-0.024214744573773164,85.23549021160233,73.29521325326246,0.9997201530976995,-0.0002798469023005401,-0.02798469023005401
2024-12-11,3832.822021484375,Yahoo Finance via yfinance,0.05386366878061331,83.77184890859962,72.61454685204576,3828.718017578125,Yahoo Finance via yfinance,0.05307222864457729,83.52767760718496,72.99731131109334,0.9989292474622496,-0.0010707525377503524,-0.10707525377503524
2024-12-12,3883.1015625,Yahoo Finance via yfinance,0.013032853981372694,83.98064903028072,70.9769952087256,3881.640625,Yahoo Finance via yfinance,0.013727879855839962,83.8518254815715,71.47287848428084,0.9996237704637683,-0.0003762295362317314,-0.03762295362317314
2024-12-13,3911.205322265625,Yahoo Finance via yfinance,0.0072113869709225994,74.52121889752428,70.50549820904254,3904.510986328125,Yahoo Finance via yfinance,0.005874642119443725,74.09057902107715,70.8850455225025,0.9982884212446249,-0.0017115787553750872,-0.17115787553750872
2024-12-14,3868.4052734375,Yahoo Finance via yfinance,-0.011003244988306717,74.66683139980486,68.54027908621786,3861.752685546875,Yahoo Finance via yfinance,-0.01101140384296698,74.22743001183353,68.87207212382792,0.9982802763877132,-0.0017197236122867832,-0.17197236122867832
2024-12-15,3951.941162109375,Yahoo Finance via yfinance,0.021364543575881818,77.0570897860756,68.66831734150468,3955.45703125,Yahoo Finance via yfinance,0.023975008347272182,77.1714474821148,69.06794176777613,1.0008896562464884,0.0008896562464884017,0.08896562464884017
2024-12-16,3987.48095703125,Yahoo Finance via yfinance,0.008952800788842093,47.080056505546914,68.66657919563063,3982.91943359375,Yahoo Finance via yfinance,0.00691892404469343,47.46001058110569,69.0590721520914,0.9988560388158202,-0.0011439611841798092,-0.11439611841798092
2024-12-17,3886.76611328125,Yahoo Finance via yfinance,-0.025582213898984484,47.939203107506394,69.05158978130008,3878.924560546875,Yahoo Finance via yfinance,-0.026457136327922536,48.45384057635284,69.51102081131609,0.9979824994594915,-0.0020175005405085322,-0.20175005405085322
2024-12-18,3618.791259765625,Yahoo Finance via yfinance,-0.07143741459791197,61.24326229770446,73.18754588167225,3620.027099609375,Yahoo Finance via yfinance,-0.0690764282086781,60.36307954625679,73.33645325991127,1.0003415062530658,0.0003415062530658375,0.03415062530658375
2024-12-19,3417.927978515625,Yahoo Finance via yfinance,-0.05710555070104135,67.10586198050459,75.32208003199531,3419.622314453125,Yahoo Finance via yfinance,-0.05695140128383856,66.17767913800597,75.47075310206203,1.0004957201989482,0.0004957201989481685,0.049572019894816854
2024-12-20,3472.553466796875,Yahoo Finance via yfinance,0.015855679498072085,69.35212380478897,75.22576611917832,3466.17138671875,Yahoo Finance via yfinance,0.013520527450934999,68.06635439153672,75.31742264491619,0.9981621362668285,-0.0018378637331715186,-0.18378637331715186
2024-12-21,3337.222412109375,Yahoo Finance via yfinance,-0.039751344867883016,70.93044926748378,70.02947142668002,3333.267822265625,Yahoo Finance via yfinance,-0.03909748724419909,69.56513151406786,69.98998565059361,0.9988150056078371,-0.001184994392162908,-0.1184994392162908
2024-12-22,3277.53515625,Yahoo Finance via yfinance,-0.018047184722855183,61.68319762260106,70.245705389419,3271.845703125,Yahoo Finance via yfinance,-0.01859888993054628,58.76688259358542,70.21042813293019,0.9982641061487469,-0.0017358938512530564,-0.17358938512530564
2024-12-23,3415.785400390625,Yahoo Finance via yfinance,0.04131578891043393,75.86817806462022,71.44115102881554,3409.89794921875,Yahoo Finance via yfinance,0.04132810305033558,74.13062363323391,71.36540575155938,0.9982763989882966,-0.001723601011703435,-0.1723601011703435
2024-12-24,3492.0498046875,Yahoo Finance via yfinance,0.022081448333140734,82.09184611043224,71.74800256581592,3490.38916015625,Yahoo Finance via yfinance,0.023330873273679893,80.80489075470459,71.70014806919521,0.9995244499293736,-0.0004755500706263849,-0.04755500706263849
2024-12-25,3493.2353515625,Yahoo Finance via yfinance,0.00033944122820036106,67.2524258843653,71.5832821768442,3492.960693359375,Yahoo Finance via yfinance,0.0007364755807165316,66.96417390877066,71.46834486263268,0.9999213742632593,-7.862573674066731e-05,-0.00786257367406673
2024-12-26,3331.225830078125,Yahoo Finance via yfinance,-0.04748798822014693,62.94389967376895,72.98138695007033,3326.8505859375,Yahoo Finance via yfinance,-0.04872362630569365,63.24941487252572,72.8918136539772,0.9986865963570767,-0.0013134036429233165,-0.13134036429233165
2024-12-27,3328.9169921875,Yahoo Finance via yfinance,-0.0006933298713642455,60.922768639203376,64.48605800983977,3326.5234375,Yahoo Finance via yfinance,-9.834061233027601e-05,61.70952265809703,64.19416166636799,0.9992809809637436,-0.0007190190362563742,-0.07190190362563742
2024-12-28,3397.90234375,Yahoo Finance via yfinance,0.020511259981722818,55.97418426936135,64.64880449960182,3397.0390625,Yahoo Finance via yfinance,0.020976442360544016,57.11028726513715,64.35519102194506,0.999745937003873,-0.00025406299612695804,-0.025406299612695804
2024-12-29,3349.513427734375,Yahoo Finance via yfinance,-0.01434319366939035,55.202647705697714,64.76264489899326,3353.07275390625,Yahoo Finance via yfinance,-0.013027022827736743,55.97621093399249,64.4436495091382,1.0010626397680342,0.0010626397680342237,0.10626397680342237
2024-12-30,3356.392578125,Yahoo Finance via yfinance,0.0020516699153482506,45.00826467355276,63.68159967290009,3355.43212890625,Yahoo Finance via yfinance,0.0007033981903549347,46.090422239572064,63.278599697750124,0.9997138447912769,-0.0002861552087231045,-0.02861552087231045
2024-12-31,3332.53173828125,Yahoo Finance via yfinance,-0.007134462860039393,39.96048018963759,63.67117878917674,3333.155029296875,Yahoo Finance via yfinance,-0.00666125190752595,40.7194758088952,63.273406330315275,1.000187032281933,0.00018703228193306387,0.018703228193306387
2025-01-01,3353.504150390625,Yahoo Finance via yfinance,0.006273517295701473,40.81515138437996,63.53606323608406,3351.809814453125,Yahoo Finance via yfinance,0.005581131394241292,41.394061119419455,63.06809100917714,0.9994947565705853,-0.0005052434294147146,-0.050524342941471456
2025-01-02,3451.392578125,Yahoo Finance via yfinance,0.0287719812471198,28.86697355980376,64.46030945669392,3445.5224609375,Yahoo Finance via yfinance,0.027575107634948796,27.80229596724075,63.94460005309669,0.998299203276757,-0.00170079672324297,-0.170079672324297
2025-01-03,3605.009765625,Yahoo Finance via yfinance,0.04354668421094001,39.29404557730163,62.818651091449,3602.4833984375,Yahoo Finance via yfinance,0.04454788982253946,39.179080056857494,62.59764287451942,0.9992992065620488,-0.0007007934379511527,-0.07007934379511527
2025-01-04,3657.706787109375,Yahoo Finance via yfinance,0.014511910498409194,38.680183656401155,63.04463118888856,3656.95361328125,Yahoo Finance via yfinance,0.015007014186883433,38.52169375655955,62.84971486696347,0.999794085783262,-0.00020591421673799015,-0.020591421673799015
2025-01-05,3634.103759765625,Yahoo Finance via yfinance,-0.006473868081853754,35.92138359135296,60.285890192148806,3634.293212890625,Yahoo Finance via yfinance,-0.006215802013049907,36.233622847299685,60.0384740416532,1.0000521320076485,5.213200764853099e-05,0.005213200764853099
2025-01-06,3688.611328125,Yahoo Finance via yfinance,0.01488753131858787,35.019494168986505,60.613362365647205,3684.18798828125,Yahoo Finance via yfinance,0.013635492687833005,35.07306855094798,60.32446810397201,0.9988008116198032,-0.0011991883801968362,-0.11991883801968362
2025-01-07,3381.577392578125,Yahoo Finance via yfinance,-0.08690776855318222,80.90570745502819,67.32157880599958,3376.739501953125,Yahoo Finance via yfinance,-0.0871395458641598,81.03682160292458,67.0885663304101,0.9985693390795615,-0.0014306609204385312,-0.14306609204385312
2025-01-08,3326.329345703125,Yahoo Finance via yfinance,-0.01647288739964766,81.85146908168444,62.7601115301212,3323.943359375,Yahoo Finance via yfinance,-0.015758762584725867,81.90055031855341,62.533397166136815,0.9992826969069653,-0.000717303093034749,-0.0717303093034749
2025-01-09,3219.4306640625,Yahoo Finance via yfinance,-0.03266486590658005,80.18885199556446,63.19835847332036,3216.9306640625,Yahoo Finance via yfinance,-0.032724141904443886,80.57973259090721,62.9529193418891,0.9992234651834851,-0.0007765348165148511,-0.07765348165148511
2025-01-10,3267.489990234375,Yahoo Finance via yfinance,0.014817571558857769,70.64766462058051,60.08841417736392,3267.850830078125,Yahoo Finance via yfinance,0.015704835280674956,70.84803611575971,59.964955232418745,1.0001104333432782,0.00011043334327820453,0.011043334327820453
2025-01-11,3282.2177734375,Yahoo Finance via yfinance,0.004497241268526795,68.52341465071525,59.83351844839939,3279.61083984375,Yahoo Finance via yfinance,0.003592238642878029,68.45104923740884,59.66404783888045,0.9992057402117411,-0.0007942597882588665,-0.07942597882588665
2025-01-12,3265.951171875,Yahoo Finance via yfinance,-0.004968300347394521,68.65221230236882,59.655746601295,3264.9599609375,Yahoo Finance via yfinance,-0.0044772694272677835,68.60672573655982,59.52217592696608,0.9996965016054018,-0.0003034983945982006,-0.03034983945982006
2025-01-13,3135.499755859375,Yahoo Finance via yfinance,-0.040762470862644534,65.4738010756775,60.86019915071626,3133.35546875,Yahoo Finance via yfinance,-0.04114303446306842,65.89702271852255,60.75890980444609,0.9993161258885866,-0.0006838741114133517,-0.06838741114133517
2025-01-14,3223.6845703125,Yahoo Finance via yfinance,0.027736408727976197,47.48821814811118,61.27317387915028,3221.764892578125,Yahoo Finance via yfinance,0.027824847610131313,47.76530671202211,61.01995093374708,0.9994045081978387,-0.0005954918021613409,-0.05954918021613409
2025-01-15,3450.53759765625,Yahoo Finance via yfinance,0.06800506244582687,70.60676402888213,66.42800625464788,3446.8603515625,Yahoo Finance via yfinance,0.06753446098964712,70.58493025969341,66.18451151478146,0.9989342976305351,-0.0010657023694649048,-0.10657023694649048
2025-01-16,3308.34521484375,Yahoo Finance via yfinance,-0.04208191502412489,73.93115541335938,67.32036601085805,3300.98095703125,Yahoo Finance via yfinance,-0.04324408967139339,74.33154658709897,67.12759457458905,0.9977740358595414,-0.002225964140458614,-0.2225964140458614
2025-01-17,3474.107177734375,Yahoo Finance via yfinance,0.04888938944737178,80.7715781326125,65.51710025163574,3474.118408203125,Yahoo Finance via yfinance,0.05112106734353696,81.83618909589262,65.85275430703014,1.0000032326201167,3.2326201166998914e-06,0.00032326201166998914
2025-01-18,3305.78955078125,Yahoo Finance via yfinance,-0.04966217811293385,91.29277785676314,64.76713864651542,3303.01123046875,Yahoo Finance via yfinance,-0.05050620486526025,92.53262251818208,65.20326410497768,0.9991595592309125,-0.0008404407690875138,-0.08404407690875138
2025-01-19,3208.96435546875,Yahoo Finance via yfinance,-0.029727086231321007,93.99181470399834,65.214171950721,3207.24853515625,Yahoo Finance via yfinance,-0.02942113106592504,95.14945734632438,65.70514787875197,0.9994653040288292,-0.0005346959711708399,-0.05346959711708399
2025-01-20,3278.035400390625,Yahoo Finance via yfinance,0.021296025259985578,89.18932947498277,64.31086597657605,3269.318115234375,Yahoo Finance via yfinance,0.01916802029471576,90.10000995303014,64.7667270054607,0.9973406982867814,-0.002659301713218598,-0.2659301713218598
2025-01-21,3327.40625,Yahoo Finance via yfinance,0.01494881693485586,87.79111385755598,64.21375856754719,3316.991943359375,Yahoo Finance via yfinance,0.01447689535517003,88.64301692957174,64.64020108117417,0.9968701427303549,-0.0031298572696450977,-0.31298572696450977
2025-01-22,3240.224609375,Yahoo Finance via yfinance,-0.026550445302571023,71.17737450208924,63.13921648397866,3236.255615234375,Yahoo Finance via yfinance,-0.024641343880840553,71.97717342665266,63.47544432414941,0.9987750867241915,-0.0012249132758085368,-0.12249132758085368
2025-01-23,3334.714111328125,Yahoo Finance via yfinance,0.0287443006707829,69.49655225533978,63.49761260953605,3333.453125,Yahoo Finance via yfinance,0.029591753992841467,70.09214767115367,63.82332410914779,0.9996218607394735,-0.00037813926052654434,-0.037813926052654434
2025-01-24,3309.554931640625,Yahoo Finance via yfinance,-0.007573233345215728,56.67004727486814,63.52816246377,3304.290771484375,Yahoo Finance via yfinance,-0.008786883496551745,56.2148855072327,63.867123795213246,0.9984094054140263,-0.0015905945859736592,-0.15905945859736592
2025-01-25,3317.26953125,Yahoo Finance via yfinance,0.002328295592442531,43.795183302312715,61.35832056871059,3311.79541015625,Yahoo Finance via yfinance,0.002268604635560387,42.76849536848906,61.59311081975195,0.9983498111798931,-0.0016501888201069237,-0.16501888201069237
2025-01-26,3236.13427734375,Yahoo Finance via yfinance,-0.024762521012446293,41.81291855265274,61.95709007199237,3232.58837890625,Yahoo Finance via yfinance,-0.024207290300158658,40.67282656210284,62.16195213757777,0.9989042795713624,-0.0010957204286375921,-0.10957204286375921
2025-01-27,3178.92041015625,Yahoo Finance via yfinance,-0.017837847698675705,39.87793915745545,61.729339448442055,3169.81201171875,Yahoo Finance via yfinance,-0.01961088818523537,39.83819624668743,61.971493970335004,0.9971347510279277,-0.0028652489720722985,-0.28652489720722985
2025-01-28,3077.112548828125,Yahoo Finance via yfinance,-0.03254997236383924,40.61151589492781,62.501210668211385,3072.75634765625,Yahoo Finance via yfinance,-0.031097291932985913,40.280646758957054,62.68136514613034,0.9985843217942958,-0.0014156782057042072,-0.14156782057042072
2025-01-29,3112.9990234375,Yahoo Finance via yfinance,0.011594904629125801,41.16158008150026,62.683353800024854,3110.53955078125,Yahoo Finance via yfinance,0.01222120824002514,41.42409508029342,62.89332559795709,0.9992099346521689,-0.0007900653478311037,-0.07900653478311037
2025-01-30,3247.780029296875,Yahoo Finance via yfinance,0.04238511728102197,48.61396688703456,64.57475554423485,3245.31591796875,Yahoo Finance via yfinance,0.04241650058271992,48.49502658398054,64.78838278162287,0.9992412936510794,-0.0007587063489206125,-0.07587063489206125
2025-01-31,3298.26513671875,Yahoo Finance via yfinance,0.015424919053598832,50.326847098244606,64.78053999748776,3293.47900390625,Yahoo Finance via yfinance,0.014731753345228336,49.98288135350539,64.98175503352604,0.9985488938535544,-0.0014511061464456132,-0.14511061464456132
2025-02-01,3118.32861328125,Yahoo Finance via yfinance,-0.056099456678397046,64.12980634955112,66.68121787096271,3114.39794921875,Yahoo Finance via yfinance,-0.055908595238485924,63.791780998584066,66.92385824666364,0.9987394965220282,-0.0012605034779717972,-0.12605034779717972
2025-02-02,2868.69287109375,Yahoo Finance via yfinance,-0.08344067699827871,83.93492413848305,70.05870215404869,2848.858154296875,Yahoo Finance via yfinance,-0.08911759244558756,86.5145641331495,70.9953393116255,0.9930857998091261,-0.006914200190873854,-0.6914200190873854
2025-02-03,2884.566650390625,Yahoo Finance via yfinance,0.0055182004281227595,85.50957449484015,69.77082309948754,2871.386474609375,Yahoo Finance via yfinance,0.007876738933721277,88.46816037870708,70.74988477726411,0.9954307952012601,-0.004569204798739901,-0.4569204798739901
2025-02-04,2735.05126953125,Yahoo Finance via yfinance,-0.05322449942735329,89.46711303684417,71.53265569289276,2725.470947265625,Yahoo Finance via yfinance,-0.05215376745107456,92.15532429415131,72.39447182320816,0.9964972056018289,-0.0035027943981711385,-0.35027943981711385
2025-02-05,2787.779052734375,Yahoo Finance via yfinance,0.019095058966454467,91.06656644602651,71.72779546054794,2783.543701171875,Yahoo Finance via yfinance,0.021083590730516077,94.07484072693263,72.74103507155208,0.9984807434583649,-0.0015192565416350945,-0.15192565416350945
2025-02-06,2688.40087890625,Yahoo Finance via yfinance,-0.03629869234094331,77.16682875745232,66.84489040934118,2681.824462890625,Yahoo Finance via yfinance,-0.03722749595842107,80.68375482778846,67.94799077649809,0.9975537814813167,-0.0024462185186833185,-0.24462185186833185
2025-02-07,2622.211181640625,Yahoo Finance via yfinance,-0.024928623743827878,68.70744901956128,67.0501715465435,2618.87451171875,Yahoo Finance via yfinance,-0.02375268284039598,72.91544660043174,68.12459166189096,0.998727535773916,-0.001272464226083958,-0.1272464226083958
2025-02-08,2632.308349609375,Yahoo Finance via yfinance,0.0038432364127754287,69.94805772998441,66.56245439996957,2631.135986328125,Yahoo Finance via yfinance,0.0046710370990431845,74.31561714227622,67.65991276241958,0.9995546253988732,-0.0004453746011268134,-0.04453746011268134
2025-02-09,2628.72119140625,Yahoo Finance via yfinance,-0.0013636717798480905,49.90113263049557,66.14169971769947,2628.791259765625,Yahoo Finance via yfinance,-0.0008915434028293701,51.001987434564086,67.21438148747339,1.0000266549224026,2.665492240261358e-05,0.002665492240261358
2025-02-10,2661.166748046875,Yahoo Finance via yfinance,0.012267164782037834,51.591275396657025,66.37053136513168,2657.64697265625,Yahoo Finance via yfinance,0.010916991065958831,51.74592206411711,67.41141226702472,0.9986773563162819,-0.0013226436837181499,-0.132264368371815
2025-02-11,2602.781982421875,Yahoo Finance via yfinance,-0.022183787478293967,39.860850741364665,66.57579968922795,2600.19384765625,Yahoo Finance via yfinance,-0.02185513552216447,40.51066517622467,67.60150727885609,0.9990056275235097,-0.0009943724764902573,-0.09943724764902573
2025-02-12,2736.902099609375,Yahoo Finance via yfinance,0.05024579395397725,55.56034500649967,68.40714218261729,2737.08203125,Yahoo Finance via yfinance,0.051306401797952976,56.03431711661684,69.49078038101798,1.0000657428121564,6.574281215643296e-05,0.006574281215643296
2025-02-13,2675.902587890625,Yahoo Finance via yfinance,-0.022539920715982806,51.20617522783198,67.66603904281547,2673.83154296875,Yahoo Finance via yfinance,-0.02337992228357877,51.50863923206202,68.78392526687892,0.9992260387462357,-0.000773961253764277,-0.0773961253764277
2025-02-14,2726.091552734375,Yahoo Finance via yfinance,0.018582178249458774,48.21618895189639,62.869702168369344,2722.614501953125,Yahoo Finance via yfinance,0.018080154037491074,48.76888580647118,64.11482140373805,0.998724528977113,-0.0012754710228870536,-0.12754710228870536
2025-02-15,2693.559814453125,Yahoo Finance via yfinance,-0.012005247865075232,49.88670680865502,61.67276448654896,2692.255859375,Yahoo Finance via yfinance,-0.01121318098054016,50.268738933100366,62.85106725282413,0.9995158989708979,-0.00048410102910212416,-0.048410102910212416
2025-02-16,2663.31591796875,Yahoo Finance via yfinance,-0.011291737700936885,50.95334973013868,58.307266327796505,2661.474365234375,Yahoo Finance via yfinance,-0.01149920972464279,51.375708850090874,59.28254520341658,0.9993085488950257,-0.0006914511049742611,-0.06914511049742611
2025-02-17,2743.19970703125,Yahoo Finance via yfinance,0.029553083215087584,54.50467738834577,57.875455034867805,2741.674560546875,Yahoo Finance via yfinance,0.029688645320239942,55.065589849068374,58.79300899439415,0.9994440264482145,-0.0005559735517854936,-0.05559735517854936
2025-02-18,2669.3388671875,Yahoo Finance via yfinance,-0.027294188903542998,56.118409721024506,57.757174786463594,2666.78662109375,Yahoo Finance via yfinance,-0.027694652295822932,56.89348457773535,58.710242640896304,0.9990438658331757,-0.000956134166824274,-0.0956134166824274
2025-02-19,2715.77099609375,Yahoo Finance via yfinance,0.01724506306915038,42.94826229687859,57.531847110567405,2716.363037109375,Yahoo Finance via yfinance,0.0184196319470415,43.50262949432928,58.67018742337257,1.0002180010820045,0.0002180010820045375,0.02180010820045375
2025-02-20,2740.386474609375,Yahoo Finance via yfinance,0.009023070046993532,39.25509501442343,57.29337806086381,2739.568359375,Yahoo Finance via yfinance,0.008506508058300088,39.46799907811945,58.44217948595472,0.9997014599064931,-0.0002985400935069382,-0.029854009350693822
2025-02-21,2659.655517578125,Yahoo Finance via yfinance,-0.029902349843719034,43.25764852780984,57.45294834400699,2653.437744140625,Yahoo Finance via yfinance,-0.031944313694795765,44.4222119834018,58.78398068912447,0.9976621884313943,-0.0023378115686056855,-0.23378115686056855
2025-02-22,2764.029296875,Yahoo Finance via yfinance,0.038492895560236925,51.76731171254122,58.30173192978827,2757.7275390625,Yahoo Finance via yfinance,0.03855092395295649,52.99362253693671,59.55657314949624,0.9977200828444095,-0.002279917155590505,-0.2279917155590505
2025-02-23,2821.310302734375,Yahoo Finance via yfinance,0.020511918097523604,51.25990817597563,59.040251633846864,2816.877197265625,Yahoo Finance via yfinance,0.021221909325397293,52.65131412261778,60.31513376189719,0.9984287068797596,-0.0015712931202404024,-0.15712931202404024
2025-02-24,2513.8212890625,Yahoo Finance via yfinance,-0.1153974020454973,99.11183684151675,70.3228711341205,2508.526611328125,Yahoo Finance via yfinance,-0.11593332115070235,100.02872791798163,71.49838095254609,0.9978937732139465,-0.0021062267860535444,-0.21062267860535444
2025-02-25,2493.592529296875,Yahoo Finance via yfinance,-0.008079567833921199,98.3321679215489,70.09993610932263,2498.60791015625,Yahoo Finance via yfinance,-0.003961832502430433,99.32955110513568,71.31416924861938,1.002011307300792,0.002011307300791909,0.2011307300791909
2025-02-26,2331.45263671875,Yahoo Finance via yfinance,-0.06723293096623037,103.04329609255096,72.96995810343621,2327.31396484375,Yahoo Finance via yfinance,-0.07101894304698769,104.97812598978831,74.49786803331439,0.9982248526906278,-0.001775147309372227,-0.1775147309372227
2025-02-27,2305.484375,Yahoo Finance via yfinance,-0.011200727179471915,100.36344149468628,72.5305684222945,2302.248779296875,Yahoo Finance via yfinance,-0.010828422401555852,102.4487744862468,74.1201584142011,0.998596565763702,-0.0014034342362979624,-0.14034342362979624
2025-02-28,2237.9052734375,Yahoo Finance via yfinance,-0.029750512811404645,100.35870131643667,72.44193244284617,2232.108154296875,Yahoo Finance via yfinance,-0.03093987582610686,102.40899108750492,74.04808036726484,0.9974095779613941,-0.002590422038605933,-0.2590422038605933
2025-03-01,2216.643310546875,Yahoo Finance via yfinance,-0.009546253209763234,87.08478843670106,69.84312235079685,2210.436279296875,Yahoo Finance via yfinance,-0.009756592078162285,89.36898981475696,71.49795766538577,0.9971998060218048,-0.002800193978195198,-0.2800193978195198
2025-03-02,2519.694580078125,Yahoo Finance via yfinance,0.12814366644777012,142.96509288154613,84.98730188662847,2515.016845703125,Yahoo Finance via yfinance,0.12908959412882848,144.867116574817,86.5774120113056,0.9981435311993825,-0.0018564688006175167,-0.18564688006175167
2025-03-03,2145.573974609375,Yahoo Finance via yfinance,-0.16073059198113754,164.26967088165696,98.97460909630729,2146.775390625,Yahoo Finance via yfinance,-0.15831260364969155,164.51667849491253,99.90491815369971,1.0005599508708822,0.0005599508708822309,0.055995087088223094
2025-03-04,2170.01513671875,Yahoo Finance via yfinance,0.011327039159087922,165.90483674942988,95.89294330921419,2173.548583984375,Yahoo Finance via yfinance,0.01239422610447471,166.03945908168706,96.3037954549489,1.0016283053541128,0.0016283053541128467,0.16283053541128467
2025-03-05,2241.977294921875,Yahoo Finance via yfinance,0.032624054470729545,164.21881106010184,96.88128682549836,2241.775634765625,Yahoo Finance via yfinance,0.030907121865971103,163.24278574154977,97.1437083881031,0.9999100525430357,-8.994745696433437e-05,-0.008994745696433437
2025-03-06,2202.476806640625,Yahoo Finance via yfinance,-0.01777564914208305,164.42395871949492,95.59756099797733,2205.930419921875,Yahoo Finance via yfinance,-0.016118866895392756,163.39543271232634,95.89916251289291,1.0015680588648366,0.0015680588648365745,0.15680588648365745
2025-03-07,2138.987548828125,Yahoo Finance via yfinance,-0.029249939244508128,164.38134531846737,95.40978481446135,2137.61669921875,Yahoo Finance via yfinance,-0.03145786258313086,163.44374727284398,95.71015078477116,0.9993591128615377,-0.0006408871384623316,-0.06408871384623316
2025-03-08,2201.51025390625,Yahoo Finance via yfinance,0.028810994834996623,166.2656967795174,95.75285312213197,2200.38037109375,Yahoo Finance via yfinance,0.028938724906997264,165.30635405187672,96.01888529028871,0.9994867692255827,-0.0005132307744173392,-0.05132307744173392
2025-03-09,2015.5091552734373,Yahoo Finance via yfinance,-0.08827175789597289,134.41397952017124,99.74001211898612,2015.912109375,Yahoo Finance via yfinance,-0.08755848865260536,132.67229295261734,99.95259700395518,1.0001999267036363,0.0001999267036363328,0.01999267036363328
2025-03-10,1861.1513671875,Yahoo Finance via yfinance,-0.07967653516610534,93.74203702565023,102.62334022325919,1870.114501953125,Yahoo Finance via yfinance,-0.0750720927356562,91.5536947291599,102.44679228205264,1.0048159085411574,0.004815908541157432,0.4815908541157432
2025-03-11,1919.844970703125,Yahoo Finance via yfinance,0.031049127522702755,98.74039368602823,103.6461668443676,1916.96337890625,Yahoo Finance via yfinance,0.024742700562816314,94.57228027273922,103.16480550261727,0.9984990497457616,-0.0015009502542383535,-0.15009502542383535
2025-03-12,1908.982666015625,Yahoo Finance via yfinance,-0.005673973790330683,90.43758250314646,103.3391575589915,1905.024658203125,Yahoo Finance via yfinance,-0.006247408112206324,86.34441650583604,102.88913092840079,0.9979266402555865,-0.002073359744413472,-0.20733597444134721
2025-03-13,1862.9696044921875,Yahoo Finance via yfinance,-0.02439868843331954,90.33257983335,103.37201280362578,1860.6876220703125,Yahoo Finance via yfinance,-0.023548843741563012,86.13738653662396,102.91311125985143,0.9987750833849504,-0.0012249166150496427,-0.12249166150496427
2025-03-14,1909.467529296875,Yahoo Finance via yfinance,0.02465264658862097,96.5668716611462,101.8329430009771,1909.9981689453125,Yahoo Finance via yfinance,0.026156174698725755,93.00406656538817,101.3539876201404,1.000277899278357,0.0002778992783569745,0.027789927835697448
2025-03-15,1937.3946533203125,Yahoo Finance via yfinance,0.014519685568090907,92.99865040768483,102.17006873223605,1936.833740234375,Yahoo Finance via yfinance,0.013952263707684657,89.1400012258254,101.66213214786879,0.9997104807298935,-0.00028951927010645306,-0.028951927010645306
2025-03-16,1887.43505859375,Yahoo Finance via yfinance,-0.026125312781194558,73.27130558791384,101.74299156699105,1886.0252685546875,Yahoo Finance via yfinance,-0.02658296501574607,68.85485068251437,101.26091848510114,0.9992530656709785,-0.0007469343290215091,-0.07469343290215091
2025-03-17,1927.0029296875,Yahoo Finance via yfinance,0.02074711426099319,45.1458086316632,102.39242839244007,1926.2998046875,Yahoo Finance via yfinance,0.021129381010762116,43.51377697994464,101.92830958694685,0.9996351199112531,-0.0003648800887469106,-0.03648800887469106
2025-03-18,1932.54345703125,Yahoo Finance via yfinance,0.002871078927171029,39.47133404312606,102.50929666383995,1929.3558349609373,Yahoo Finance via yfinance,0.001585219842755274,39.938649364177756,102.0249494121538,0.9983505560722502,-0.001649443927749794,-0.1649443927749794
2025-03-19,2057.7490234375,Yahoo Finance via yfinance,0.06277568959842908,58.73756090180257,104.78074426267642,2056.089111328125,Yahoo Finance via yfinance,0.0636195058031822,59.42288739400634,104.37591344835073,0.9991933359751511,-0.0008066640248488577,-0.08066640248488577
2025-03-20,1982.099853515625,Yahoo Finance via yfinance,-0.037455863474503096,64.00709255119212,105.05650791576022,1979.5980224609373,Yahoo Finance via yfinance,-0.03791188360315878,65.12042763102444,104.65940320606218,0.9987377875790413,-0.0012622124209586971,-0.1262212420958697
2025-03-21,1964.8475341796875,Yahoo Finance via yfinance,-0.008742163255528916,63.533835637038585,104.60074704422777,1964.146484375,Yahoo Finance via yfinance,-0.007836013272888194,64.24497398296984,104.1637036097926,0.9996432039674874,-0.0003567960325125963,-0.03567960325125963
2025-03-22,1980.037841796875,Yahoo Finance via yfinance,0.0077013049797792395,63.04142297786791,104.57024941803677,1975.3177490234373,Yahoo Finance via yfinance,0.005671479130580702,63.74040418159659,104.10221620692894,0.9976161603208784,-0.002383839679121591,-0.2383839679121591
2025-03-23,2005.2991943359373,Yahoo Finance via yfinance,0.012677317190986968,58.13001962686041,104.64763761399252,2000.4339599609373,Yahoo Finance via yfinance,0.012634866009787454,58.84129401970705,104.12941246088239,0.9975738112353797,-0.0024261887646203073,-0.24261887646203073
2025-03-24,2077.47900390625,Yahoo Finance via yfinance,0.03536186753998939,60.872914121729906,104.47278669687267,2072.73583984375,Yahoo Finance via yfinance,0.03550525940776969,61.58306006269547,103.95810767961207,0.9977168654635827,-0.002283134536417264,-0.2283134536417264
2025-03-25,2067.76416015625,Yahoo Finance via yfinance,-0.004687233608202074,61.7063546092691,103.92947382974435,2064.7666015625,Yahoo Finance via yfinance,-0.0038522022640659777,62.18236698240636,103.39129043055142,0.998550338258342,-0.0014496617416579483,-0.14496617416579483
2025-03-26,2009.1893310546875,Yahoo Finance via yfinance,-0.028736584831997834,47.546316198552866,97.0755619314523,2000.9498291015625,Yahoo Finance via yfinance,-0.031395211772863044,48.37041240588369,96.50134420489867,0.9958990913271475,-0.00410090867285251,-0.410090867285251
2025-03-27,2002.357421875,Yahoo Finance via yfinance,-0.003406125470101087,38.142253696356505,97.08554926650918,2000.2838134765625,Yahoo Finance via yfinance,-0.0003329051440854188,38.990096315047815,96.52655821937289,0.9989644164544331,-0.001035583545566876,-0.1035583545566876
2025-03-28,1895.5029296875,Yahoo Finance via yfinance,-0.05484099578862807,55.98852442026874,96.21526277272801,1895.608154296875,Yahoo Finance via yfinance,-0.053749364431351844,56.03662446351103,95.27415281217868,1.00005551276536,5.551276536008842e-05,0.005551276536008842
2025-03-29,1827.3203125,Yahoo Finance via yfinance,-0.03663361798023462,58.884110900992404,96.76573092128467,1825.3792724609373,Yahoo Finance via yfinance,-0.03775192682976434,59.62886218842649,95.87697157094325,0.9989377669444242,-0.0010622330555758452,-0.10622330555758452
2025-03-30,1806.2186279296875,Yahoo Finance via yfinance,-0.01161507948672106,55.330427013112484,96.45298280622117,1803.5870361328125,Yahoo Finance via yfinance,-0.012010306203233416,56.17207371785877,95.52709627277135,0.9985430380596333,-0.0014569619403667078,-0.14569619403667078
2025-03-31,1823.47998046875,Yahoo Finance via yfinance,0.009511248469109864,42.75429205488292,96.62214656974263,1824.0740966796875,Yahoo Finance via yfinance,0.011295034240625777,44.48825911395517,95.73555918986507,1.000325814496074,0.00032581449607405055,0.032581449607405055
2025-04-01,1905.491455078125,Yahoo Finance via yfinance,0.0439932043987864,62.36497245206225,85.70359429302377,1904.228759765625,Yahoo Finance via yfinance,0.04300456208114203,62.81096876799806,84.44420209723933,0.9993373387694104,-0.0006626612305895563,-0.06626612305895563
2025-04-02,1795.313232421875,Yahoo Finance via yfinance,-0.05956044751702156,70.88468487975722,68.80605015624674,1796.47265625,Yahoo Finance via yfinance,-0.05825196920000428,70.49363495848299,67.78653895353925,1.0006458058723051,0.0006458058723051163,0.06458058723051163
2025-04-03,1815.63720703125,Yahoo Finance via yfinance,0.011256974898995098,73.23135587211355,68.80384133677666,1812.04736328125,Yahoo Finance via yfinance,0.00863223906753327,71.94166127810297,67.67108979817775,0.9980228188009709,-0.001977181199029121,-0.1977181199029121
2025-04-04,1815.335205078125,Yahoo Finance via yfinance,-0.00016634769948358936,64.8360446701433,67.42733902538494,1812.7354736328125,Yahoo Finance via yfinance,0.00037966983998097433,63.9798013331196,66.39774348291948,0.9985679055647463,-0.0014320944352537168,-0.14320944352537168
2025-04-05,1805.9732666015625,Yahoo Finance via yfinance,-0.0051704843188780415,59.614341366476964,67.31791271316636,1803.594482421875,Yahoo Finance via yfinance,-0.0050554074380081485,58.336078348174304,66.32030273672618,0.998682824256771,-0.0013171757432289821,-0.1317175743228982
2025-04-06,1576.72802734375,Yahoo Finance via yfinance,-0.13574782128357926,114.4080527634961,80.73654855529448,1569.9066162109375,Yahoo Finance via yfinance,-0.13876547088655544,115.6223494382696,80.42257751308426,0.9956736919655673,-0.00432630803443268,-0.432630803443268
2025-04-07,1555.240966796875,Yahoo Finance via yfinance,-0.013721334859379302,112.04058620145835,79.50585536619879,1556.980712890625,Yahoo Finance via yfinance,-0.008267632049129107,113.25823690209731,79.17586402262373,1.0011186344308645,0.0011186344308644625,0.11186344308644625
2025-04-08,1472.5531005859375,Yahoo Finance via yfinance,-0.0546327987842089,98.07404664448978,76.21996304170263,1470.4735107421875,Yahoo Finance via yfinance,-0.05716404034812955,100.30855657495957,76.15455326314327,0.9985877658042196,-0.001412234195780404,-0.1412234195780404
2025-04-09,1668.0400390625,Yahoo Finance via yfinance,0.12465161047070344,149.05064818439726,85.6100828549305,1662.4185791015625,Yahoo Finance via yfinance,0.12268905229853144,149.79561842868378,85.6980965430462,0.9966299010639476,-0.003370098936052446,-0.3370098936052446
2025-04-10,1522.518798828125,Yahoo Finance via yfinance,-0.09128324001492942,158.06256770681267,89.8959442110852,1522.005126953125,Yahoo Finance via yfinance,-0.08824488937507755,158.14279304321693,89.90021454313253,0.9996626170557662,-0.00033738294423379944,-0.033738294423379944
2025-04-11,1567.1497802734375,Yahoo Finance via yfinance,0.028892475031186984,162.19579273606425,90.79943035114398,1565.5843505859375,Yahoo Finance via yfinance,0.028230513259447594,162.08278377876505,90.77004546526813,0.9990010975930923,-0.000998902406907698,-0.0998902406907698
2025-04-12,1643.528564453125,Yahoo Finance via yfinance,0.04758695132972755,169.63185573962988,92.47739090926605,1643.858154296875,Yahoo Finance via yfinance,0.0487868708138403,169.7733641220381,92.55339170849179,1.0002005379467558,0.0002005379467557855,0.02005379467557855
2025-04-13,1596.685791015625,Yahoo Finance via yfinance,-0.028915393873991904,137.2291814222552,92.26287269106493,1595.583251953125,Yahoo Finance via yfinance,-0.029806667470619753,135.55065857698872,92.30668135577143,0.999309482761916,-0.0006905172380839986,-0.06905172380839986
2025-04-14,1622.7698974609375,Yahoo Finance via yfinance,0.016204402070607807,136.87147315356773,92.31180550959544,1623.9129638671875,Yahoo Finance via yfinance,0.017599302025807968,135.60875897319355,92.41458018482504,1.0007043921680077,0.0007043921680076615,0.07043921680076615
2025-04-15,1588.6324462890625,Yahoo Finance via yfinance,-0.021260952961947972,129.80656174242768,92.19322882953847,1590.4368896484375,Yahoo Finance via yfinance,-0.020829894772803226,127.6137796668561,92.27399897761067,1.001135846975548,0.0011358469755480272,0.11358469755480272
2025-04-16,1578.1053466796875,Yahoo Finance via yfinance,-0.006648569648291471,87.50828745898879,91.69630583050714,1576.07568359375,Yahoo Finance via yfinance,-0.009070738985143639,86.4037576727646,91.76945647241918,0.998713860839387,-0.0012861391606130423,-0.12861391606130423
2025-04-17,1582.54833984375,Yahoo Finance via yfinance,0.0028114412594665455,52.25413008357719,91.69552814831238,1581.05322265625,Yahoo Finance via yfinance,0.0031532087124079987,53.43950026046714,91.78887741307604,0.999055247065851,-0.0009447529341489735,-0.09447529341489735
2025-04-18,1588.9246826171875,Yahoo Finance via yfinance,0.004021066122809572,48.4346792079752,88.323977187615,1587.81298828125,Yahoo Finance via yfinance,0.004266368744157194,49.90656302530249,88.34102474697751,0.9993003479975486,-0.0006996520024513675,-0.06996520024513675
2025-04-19,1612.9228515625,Yahoo Finance via yfinance,0.014990481640512511,33.02843967537601,88.06288945576372,1615.1849365234375,Yahoo Finance via yfinance,0.017091871573793094,34.79674503128181,88.12825713219075,1.0014024756105018,0.0014024756105017744,0.14024756105017744
2025-04-20,1587.5142822265625,Yahoo Finance via yfinance,-0.01587852041533123,27.63062473222288,88.11714533379174,1584.5579833984375,Yahoo Finance via yfinance,-0.019143968288920857,30.265941383789425,88.23349093136666,0.9981377812714991,-0.0018622187285008973,-0.18622187285008973
2025-04-21,1579.7344970703125,Yahoo Finance via yfinance,-0.004912655332703996,23.632567355278287,87.96002674479485,1577.408447265625,Yahoo Finance via yfinance,-0.004522216458554321,25.90091655002391,88.11849972443329,0.998527569152284,-0.0014724308477159775,-0.14724308477159775
2025-04-22,1757.3316650390625,Yahoo Finance via yfinance,0.10653976610910525,79.78817835224577,96.36536782379764,1756.034423828125,Yahoo Finance via yfinance,0.10727482141715643,81.41440825639602,96.6138585986048,0.9992618119637031,-0.0007381880362968829,-0.07381880362968829
2025-04-23,1796.104248046875,Yahoo Finance via yfinance,0.021823453566225958,77.84022885495618,95.77618872916202,1798.91455078125,Yahoo Finance via yfinance,0.0241253570967058,79.1521393002634,96.1032937602011,1.0015646657132686,0.0015646657132686315,0.15646657132686315
2025-04-24,1769.8316650390625,Yahoo Finance via yfinance,-0.014735575199703031,80.95838931261382,95.83813565020878,1766.567138671875,Yahoo Finance via yfinance,-0.018145261962076803,83.12304702872608,96.21624592927084,0.9981554593966905,-0.001844540603309519,-0.1844540603309519
2025-04-25,1786.634521484375,Yahoo Finance via yfinance,0.009449256980928297,80.56460611799864,95.5823383300665,1785.7099609375,Yahoo Finance via yfinance,0.010777879672834322,82.70298291205968,95.8950635430105,0.9994825127714946,-0.00051748722850542,-0.051748722850541995
2025-04-26,1821.881103515625,Yahoo Finance via yfinance,0.019535846133511708,80.57094679973738,95.93200406858841,1820.15185546875,Yahoo Finance via yfinance,0.01910386130375753,82.72036113528745,96.22244653530736,0.9990508447321078,-0.0009491552678921877,-0.09491552678921877
2025-04-27,1792.864990234375,Yahoo Finance via yfinance,-0.016054647143695623,80.6152930603545,94.24056980219129,1791.9866943359375,Yahoo Finance via yfinance,-0.015595045189343125,81.80996756311599,94.60369526021859,0.9995101159857427,-0.0004898840142573135,-0.048988401425731354
2025-04-28,1798.851806640625,Yahoo Finance via yfinance,0.0033336826310850502,79.43954535163965,93.41167785623176,1798.0526123046875,Yahoo Finance via yfinance,0.003379307702909571,80.703168144499,93.7241710742454,0.9995557197469035,-0.0004442802530965073,-0.04442802530965073
2025-04-29,1799.1756591796875,Yahoo Finance via yfinance,0.00018001671360959627,28.70123506542556,93.32596599355188,1793.546875,Yahoo Finance via yfinance,-0.002509043496838043,31.09574320583829,93.63589630390724,0.9968714649117397,-0.003128535088260276,-0.3128535088260276
2025-04-30,1793.775390625,Yahoo Finance via yfinance,-0.0030060374028753173,24.23858513734362,93.26531828575865,1792.4976806640625,Yahoo Finance via yfinance,-0.0005851541159564736,25.510795771469024,93.54420538954014,0.9992876979093284,-0.0007123020906716349,-0.07123020906716349
2025-05-01,1839.2215576171875,Yahoo Finance via yfinance,0.02501986011273316,26.605312141463767,92.35523624988305,1838.02490234375,Yahoo Finance via yfinance,0.025081572871396726,26.413286509884376,92.69818837792009,0.9993493686127799,-0.0006506313872201019,-0.0650631387220102
2025-05-02,1842.7078857421875,Yahoo Finance via yfinance,0.001893751208733253,26.48112302889049,89.92141206579653,1840.4903564453125,Yahoo Finance via yfinance,0.0013404617337608123,26.180010333143354,90.38190274721106,0.9987965920621316,-0.0012034079378684392,-0.12034079378684392
2025-05-03,1833.8397216796875,Yahoo Finance via yfinance,-0.004824189543207279,23.71726178665145,89.8625133983942,1833.35595703125,Yahoo Finance via yfinance,-0.003883890491656946,23.395672533401537,90.3509448708843,0.9997362012379172,-0.00026379876208282305,-0.026379876208282305
2025-05-04,1808.59423828125,Yahoo Finance via yfinance,-0.013862097671099437,22.79680940044808,89.99895901852904,1807.314453125,Yahoo Finance via yfinance,-0.014306127784278725,22.85057016499796,90.49624559048202,0.9992923868001116,-0.000707613199888435,-0.0707613199888435
2025-05-05,1819.697509765625,Yahoo Finance via yfinance,0.0061204042648664225,23.039441391571525,90.00544516293732,1818.1815185546875,Yahoo Finance via yfinance,0.005994820051924111,23.078071017309874,90.50216799802834,0.9991668993320034,-0.000833100667996578,-0.0833100667996578
2025-05-06,1815.0875244140625,Yahoo Finance via yfinance,-0.0025365944781066225,23.227338099292346,75.49542979310895,1815.1612548828125,Yahoo Finance via yfinance,-0.0016625265249518265,22.99454067699582,75.36099637574529,1.0000406208889425,4.0620888942521916e-05,0.0040620888942521916
2025-05-07,1811.606689453125,Yahoo Finance via yfinance,-0.0019195641123836865,23.119004837946754,75.24494365096098,1815.1065673828125,Yahoo Finance via yfinance,-3.0128631099224763e-05,22.96429340319817,75.23535626404255,1.0019319193012828,0.0019319193012827807,0.19319193012827807
2025-05-08,2206.5146484375,Yahoo Finance via yfinance,0.19720006321216074,144.69989313067106,97.93952108514567,2204.305908203125,Yahoo Finance via yfinance,0.19426849768002027,142.2924885323366,97.00666637109964,0.9989989913568265,-0.0010010086431735399,-0.10010086431735399
2025-05-09,2345.50732421875,Yahoo Finance via yfinance,0.06108753297833395,145.0111920634682,91.13136525830215,2343.02587890625,Yahoo Finance via yfinance,0.06103052618113763,142.53770763753593,90.43249934878386,0.998942043247157,-0.0010579567528430367,-0.10579567528430367
2025-05-10,2582.422607421875,Yahoo Finance via yfinance,0.09622623202823417,146.7040171310183,87.96471165974538,2585.2119140625,Yahoo Finance via yfinance,0.09836427829529341,144.89623665957347,87.93337995296129,1.00108011238463,0.0010801123846300165,0.10801123846300165
2025-05-11,2510.23779296875,Yahoo Finance via yfinance,-0.028350466587270695,150.79092570003792,89.29679707216113,2506.301025390625,Yahoo Finance via yfinance,-0.03099951183748516,149.75948683207946,89.45108657271275,0.9984317152784681,-0.0015682847215319207,-0.15682847215319207
2025-05-12,2496.397705078125,Yahoo Finance via yfinance,-0.005528712106074084,152.9237673039322,88.83063455570941,2490.2138671875,Yahoo Finance via yfinance,-0.006439373898609261,152.0672976193426,88.95165688337062,0.9975228955394223,-0.002477104460577695,-0.24771044605776948
2025-05-13,2680.129638671875,Yahoo Finance via yfinance,0.07101639120680912,148.11326205586184,89.59919698084349,2680.330322265625,Yahoo Finance via yfinance,0.07357144427927892,147.68449912514038,89.87068328357817,1.0000748783159048,7.487831590480276e-05,0.007487831590480276
2025-05-14,2610.063232421875,Yahoo Finance via yfinance,-0.02649071796891156,154.83590712241144,90.89110147084132,2607.80029296875,Yahoo Finance via yfinance,-0.027432975153782607,155.11180021566702,91.21382779291224,0.9991329943945361,-0.000867005605463933,-0.0867005605463933
2025-05-15,2546.85693359375,Yahoo Finance via yfinance,-0.024514424159045915,102.38555568584707,91.06517503202566,2538.4365234375,Yahoo Finance via yfinance,-0.026958716797507706,105.93984261570533,91.54794929577032,0.9966938032344171,-0.0033061967655828584,-0.33061967655828584
2025-05-16,2536.297607421875,Yahoo Finance via yfinance,-0.004154641089668359,97.36484848945605,90.9921543769352,2542.064697265625,Yahoo Finance via yfinance,0.001428274214410165,100.55834233859801,91.26487616431376,1.0022738222150562,0.0022738222150562315,0.22738222150562315
2025-05-17,2475.75439453125,Yahoo Finance via yfinance,-0.02416022732598703,67.66837409837552,91.95854838524853,2472.54296875,Yahoo Finance via yfinance,-0.0277294607383482,71.40693355564609,92.4374247046333,0.998702849608853,-0.0012971503911469728,-0.12971503911469728
2025-05-18,2498.233642578125,Yahoo Finance via yfinance,0.009038783738296415,65.51642993920457,91.90035632440522,2489.890869140625,Yahoo Finance via yfinance,0.006991718832747741,68.6506220423315,92.40282758144403,0.9966605311467623,-0.0033394688532376593,-0.33394688532376593
2025-05-19,2529.166748046875,Yahoo Finance via yfinance,0.012305960707905102,65.97839631483988,91.90547123613746,2526.51171875,Yahoo Finance via yfinance,0.014600702210943272,69.3030977829986,92.39980157686466,0.9989502355671387,-0.001049764432861311,-0.1049764432861311
2025-05-20,2524.173095703125,Yahoo Finance via yfinance,-0.001976377652648227,31.463112745116607,91.44445862433304,2518.09130859375,Yahoo Finance via yfinance,-0.0033383867594498897,34.58799417769032,91.82928188247644,0.9975905823892474,-0.00240941761075264,-0.240941761075264
2025-05-21,2552.34716796875,Yahoo Finance via yfinance,0.01109987159403035,30.11436260743604,91.16564658449529,2551.167236328125,Yahoo Finance via yfinance,0.013049796862697098,33.74949089906982,91.55264320975695,0.9995377072306492,-0.0004622927693508361,-0.04622927693508361
2025-05-22,2664.156982421875,Yahoo Finance via yfinance,0.04287428444195701,39.07414648738959,85.75076079977708,2657.6962890625,Yahoo Finance via yfinance,0.040908696630395015,39.66962225486698,85.98463326280473,0.9975749577063203,-0.00242504229367968,-0.242504229367968
2025-05-23,2526.44189453125,Yahoo Finance via yfinance,-0.053075731196588455,58.35121943220752,88.80185739332906,2517.80810546875,Yahoo Finance via yfinance,-0.054070967195210866,59.3817893268435,89.07484638237408,0.9965826290795807,-0.0034173709204192715,-0.34173709204192715
2025-05-24,2530.646240234375,Yahoo Finance via yfinance,0.0016627539642371373,54.87236906961282,88.37824387154777,2527.821044921875,Yahoo Finance via yfinance,0.003968960975477748,55.07741520453619,88.4897401128102,0.9988836071721197,-0.0011163928278803414,-0.11163928278803414
2025-05-25,2551.763916015625,Yahoo Finance via yfinance,0.008310150759836423,54.82716511900355,88.38314448516975,2549.341552734375,Yahoo Finance via yfinance,0.008477426626589261,55.150714724450424,88.49719341367722,0.9990507102690627,-0.0009492897309373305,-0.09492897309373305
2025-05-26,2564.138427734375,Yahoo Finance via yfinance,0.004837674772017543,54.32130196281687,88.37163120081006,2558.304931640625,Yahoo Finance via yfinance,0.0035097918914529513,54.35261676335807,88.50385931950868,0.9977249683438876,-0.002275031656112425,-0.2275031656112425
2025-05-27,2663.06982421875,Yahoo Finance via yfinance,0.037857000045733294,59.894020618506104,88.26490628793451,2662.620849609375,Yahoo Finance via yfinance,0.039966016425434146,60.51457124876733,88.4969033765997,0.9998314071207252,-0.00016859287927484257,-0.016859287927484257
2025-05-28,2682.212890625,Yahoo Finance via yfinance,0.007162632649870233,59.82358916448174,88.22119162398404,2675.78076171875,Yahoo Finance via yfinance,0.004930291770776239,60.38406335997198,88.47689285093794,0.9976019319984883,-0.002398068001511655,-0.2398068001511655
2025-05-29,2632.65478515625,Yahoo Finance via yfinance,-0.01864939819501646,53.60924231092624,88.81654973070535,2628.461669921875,Yahoo Finance via yfinance,-0.01784245262105647,54.85308718193157,88.98088212944822,0.9984072673492866,-0.0015927326507133577,-0.15927326507133577
2025-05-30,2529.943603515625,Yahoo Finance via yfinance,-0.03979574968718857,46.21475438858605,90.54502186511596,2526.2294921875,Yahoo Finance via yfinance,-0.03967088686427895,46.875806828058906,90.74454192636068,0.9985319390823717,-0.0014680609176283,-0.14680609176283
2025-05-31,2529.08740234375,Yahoo Finance via yfinance,-0.0003384842587673538,46.19875597991482,90.49915629552432,2528.205078125,Yahoo Finance via yfinance,0.0007817238548141363,46.78778820950109,90.68050302907362,0.9996511294082078,-0.00034887059179222746,-0.034887059179222746
2025-06-01,2536.266357421875,Yahoo Finance via yfinance,0.0028345344571224593,45.76035484988662,90.48833684409945,2533.2666015625,Yahoo Finance via yfinance,0.0020000211183727,46.3069794509151,90.67229288053186,0.9988172551945907,-0.0011827448054092526,-0.11827448054092526
2025-06-02,2607.097412109375,Yahoo Finance via yfinance,0.027544438260729224,50.20505589315428,90.49608411290959,2607.92333984375,Yahoo Finance via yfinance,0.02904463261195085,51.19996380374289,90.73545353286741,1.0003167997216134,0.0003167997216133589,0.03167997216133589
2025-06-03,2593.2802734375,Yahoo Finance via yfinance,-0.005313910650714507,40.35585510508841,90.24061311648289,2590.1240234375,Yahoo Finance via yfinance,-0.0068484893386198875,40.54787912491064,90.50293220167748,0.9987829121162379,-0.0012170878837620691,-0.12170878837620691
2025-06-04,2608.64306640625,Yahoo Finance via yfinance,0.005906599013369018,40.158118282354025,90.24240093929372,2608.58837890625,Yahoo Finance via yfinance,0.00710346396609471,40.86631653604294,90.49450626348889,0.9999790360357443,-2.0963964255660272e-05,-0.0020963964255660272
2025-06-05,2416.28564453125,Yahoo Finance via yfinance,-0.07659868477592427,66.32076030419432,95.30039003956317,2418.300048828125,Yahoo Finance via yfinance,-0.07574438986154872,66.47724125652599,95.45869844298578,1.0008336780468958,0.0008336780468958249,0.08336780468958249
2025-06-06,2477.19482421875,Yahoo Finance via yfinance,0.024895297275804328,66.4278349562558,95.35365059934279,2477.1279296875,Yahoo Finance via yfinance,0.024034962034592447,66.20646238685765,95.52335178494067,0.9999729958537794,-2.7004146220588332e-05,-0.002700414622058833
2025-06-07,2526.50537109375,Yahoo Finance via yfinance,0.01971027093844131,68.46468365137092,67.67981513964332,2521.41845703125,Yahoo Finance via yfinance,0.017721826739023634,67.87364830853251,68.87705037293064,0.9979865809427123,-0.002013419057287691,-0.2013419057287691
2025-06-08,2510.787109375,Yahoo Finance via yfinance,-0.00624077827324931,68.53794089306098,64.60084367452177,2508.540771484375,Yahoo Finance via yfinance,-0.005120404797732285,67.91623976593425,65.83914102984232,0.9991053252256086,-0.0008946747743914241,-0.0894674774391424
2025-06-09,2681.51708984375,Yahoo Finance via yfinance,0.06578641928354498,82.51487174950563,59.716565587058646,2678.247802734375,Yahoo Finance via yfinance,0.06546155760673819,81.56654719152381,60.58596371239271,0.9987808069089854,-0.001219193091014592,-0.1219193091014592
2025-06-10,2813.517578125,Yahoo Finance via yfinance,0.048052794989455826,87.67919338045965,60.88432297669378,2807.717529296875,Yahoo Finance via yfinance,0.04720911037456046,86.46618210895753,61.49272556067073,0.9979385062765486,-0.0020614937234514352,-0.20614937234514352
2025-06-11,2773.529296875,Yahoo Finance via yfinance,-0.014314884050645356,89.67735159563975,61.13043084315115,2775.148193359375,Yahoo Finance via yfinance,-0.011667737338909866,88.09700090223829,61.62903628612235,1.0005836954692344,0.0005836954692344243,0.05836954692344243
2025-06-12,2651.795166015625,Yahoo Finance via yfinance,-0.04488379180962811,72.61523452518551,58.324455778855885,2650.49560546875,Yahoo Finance via yfinance,-0.04595750534139479,71.82094349363955,58.57835475662211,0.999509931776206,-0.000490068223794049,-0.0490068223794049
2025-06-13,2579.486083984375,Yahoo Finance via yfinance,-0.027646644951977682,77.26804742136716,58.39100746136094,2577.36962890625,Yahoo Finance via yfinance,-0.027977288257500097,76.65969703104642,58.610300692302744,0.9991795051381491,-0.0008204948618508734,-0.08204948618508734
2025-06-14,2533.444091796875,Yahoo Finance via yfinance,-0.01801050872339616,77.92933506945272,58.096167134686084,2528.37451171875,Yahoo Finance via yfinance,-0.019192744415477653,77.75500475727371,58.228591225890966,0.9979989374565084,-0.0020010625434916385,-0.20010625434916385
2025-06-15,2546.837158203125,Yahoo Finance via yfinance,0.005272581093273376,77.77655083931788,58.10796790956283,2547.052734375,Yahoo Finance via yfinance,0.007360289517762544,77.73888128528912,58.28533756982488,1.0000846446625693,8.464466256929981e-05,0.008464466256929981
2025-06-16,2540.60498046875,Yahoo Finance via yfinance,-0.002450025251177809,56.431347828915044,57.45511995492094,2547.370361328125,Yahoo Finance via yfinance,0.00012469594596676843,56.90812280891222,57.416819144069976,1.002662901518097,0.002662901518097005,0.2662901518097005
2025-06-17,2510.761474609375,Yahoo Finance via yfinance,-0.011816150483902362,31.48883687430227,57.54199326969408,2510.617431640625,Yahoo Finance via yfinance,-0.014532884639374844,33.79769594923067,57.624318730321924,0.9999426297678188,-5.737023218121973e-05,-0.005737023218121973
2025-06-18,2524.301513671875,Yahoo Finance via yfinance,0.0053783127371164275,35.22036514891738,57.408631709009036,2531.948486328125,Yahoo Finance via yfinance,0.008460447428006255,38.19794771435864,57.47180874172313,1.0030293420238563,0.0030293420238562963,0.3029342023856296
2025-06-19,2521.653564453125,Yahoo Finance via yfinance,-0.0010495335058742672,23.790743433014942,57.405656333179856,2531.0673828125,Yahoo Finance via yfinance,-0.00034805481447939646,26.84356563726527,57.4589408631406,1.0037331925733488,0.003733192573348809,0.3733192573348809
2025-06-20,2407.30419921875,Yahoo Finance via yfinance,-0.04640733082546842,34.87811020765453,59.469382830173856,2405.782470703125,Yahoo Finance via yfinance,-0.0507659019223371,39.805147330922544,59.91770550844657,0.999367870285725,-0.0006321297142749538,-0.06321297142749538
2025-06-21,2300.49560546875,Yahoo Finance via yfinance,-0.04538295151749372,43.33938959552187,59.063258306221634,2284.400146484375,Yahoo Finance via yfinance,-0.05177173035371256,50.085234851934736,60.29246290341721,0.9930034819687928,-0.006996518031207155,-0.6996518031207155
2025-06-22,2228.213134765625,Yahoo Finance via yfinance,-0.03192460094781509,41.68386119555195,57.326755131017315,2227.04150390625,Yahoo Finance via yfinance,-0.025429447141853034,46.87438772505143,58.15087835312225,0.9994741836671301,-0.0005258163328698551,-0.05258163328698551
2025-06-23,2421.824951171875,Yahoo Finance via yfinance,0.08332138861020585,85.5006240124952,64.945299995938,2415.7021484375,Yahoo Finance via yfinance,0.081315964750604,86.84173923756468,65.3170807903019,0.9974718227544017,-0.0025281772455982843,-0.2528177245598284
2025-06-24,2448.0087890625,Yahoo Finance via yfinance,0.010753586923480026,86.25153830637547,64.99716052523723,2445.103515625,Yahoo Finance via yfinance,0.012097470168452803,87.67012384233897,65.398918738104,0.9988132095560766,-0.0011867904439234467,-0.11867904439234467
2025-06-25,2419.310302734375,Yahoo Finance via yfinance,-0.011792454268337168,86.0532677666357,65.05563280063465,2417.139404296875,Yahoo Finance via yfinance,-0.011502683070194357,87.15857390180825,65.46691375983391,0.9991026787944289,-0.0008973212055710666,-0.08973212055710666
2025-06-26,2416.146728515625,Yahoo Finance via yfinance,-0.0013084904486505942,86.04428194104412,63.454939036513025,2426.7578125,Yahoo Finance via yfinance,0.003971356291912762,87.40340179769072,63.75175305904354,1.0043917382413667,0.004391738241366738,0.43917382413667383
2025-06-27,2423.866943359375,Yahoo Finance via yfinance,0.0031901651171337433,79.08443943340093,63.38803872232395,2420.670166015625,Yahoo Finance via yfinance,-0.002511702994561021,78.90515340757298,63.68670383906595,0.9986811250706198,-0.0013188749293802093,-0.13188749293802093
2025-06-28,2437.109375,Yahoo Finance via yfinance,0.00544847929008879,68.80661905849327,63.21429518498839,2435.58642578125,Yahoo Finance via yfinance,0.006143129545499545,65.30594932698578,63.54863680702313,0.9993751001763103,-0.0006248998236897396,-0.06248998236897396
2025-06-29,2500.9599609375,Yahoo Finance via yfinance,0.025861987908843406,60.42861579651313,62.492680161367566,2504.0712890625,Yahoo Finance via yfinance,0.027730363423256185,59.17406255580462,62.93787850925901,1.001244053552874,0.001244053552873936,0.1244053552873936
2025-06-30,2486.46435546875,Yahoo Finance via yfinance,-0.005812878698818224,23.396016220137902,62.52134411715675,2485.658935546875,Yahoo Finance via yfinance,-0.007380133296949224,25.21920405477006,62.98469704376664,0.9996760782353049,-0.0003239217646950898,-0.03239217646950898
2025-07-01,2405.792724609375,Yahoo Finance via yfinance,-0.03298229937844865,34.24600629513278,63.516406466783636,2404.554931640625,Yahoo Finance via yfinance,-0.0331729627853269,35.537864712601504,63.991200701972495,0.9994854947576787,-0.0005145052423213281,-0.05145052423213281
2025-07-02,2571.33544921875,Yahoo Finance via yfinance,0.06654592952363875,59.03933072423677,67.13499264103446,2581.27587890625,Yahoo Finance via yfinance,0.07091897658014626,62.37991375355867,68.06383930859353,1.0038658626553452,0.0038658626553451647,0.38658626553451647
2025-07-03,2591.00732421875,Yahoo Finance via yfinance,0.007621334375845826,58.4672317503867,67.16889907235925,2589.61181640625,Yahoo Finance via yfinance,0.003224183239875672,62.42168364767381,68.03332874296476,0.9994614033702429,-0.0005385966297570821,-0.05385966297570821
2025-07-04,2508.518310546875,Yahoo Finance via yfinance,-0.032354464051921744,66.11287588260586,68.06321020986209,2507.150634765625,Yahoo Finance via yfinance,-0.03236108360574743,69.20437790597038,68.90131390520578,0.9994547874035842,-0.0005452125964158228,-0.054521259641582276
2025-07-05,2517.280029296875,Yahoo Finance via yfinance,0.0034867008319645725,66.11822415090894,62.4102942705926,2515.63330078125,Yahoo Finance via yfinance,0.003377678271319061,69.20575630445863,63.45704672118858,0.9993458302229152,-0.0006541697770847676,-0.06541697770847676
2025-07-06,2571.236572265625,Yahoo Finance via yfinance,0.021207974563753385,65.2890085552718,62.24836087957748,2571.460693359375,Yahoo Finance via yfinance,0.02194951931601974,68.14921410167558,63.36717683163403,1.0000871647113951,8.716471139513793e-05,0.008716471139513793
2025-07-07,2543.01318359375,Yahoo Finance via yfinance,-0.01103726901740234,65.87108168639445,62.023712932369,2541.82080078125,Yahoo Finance via yfinance,-0.011593425707822609,68.63563866653371,63.23270583200574,0.9995311141836808,-0.0004688858163192089,-0.04688858163192089
2025-07-08,2615.505859375,Yahoo Finance via yfinance,0.028107853381816286,59.95617249367824,62.72678546152194,2614.65087890625,Yahoo Finance via yfinance,0.028249906576612586,62.93247582702213,63.94209746565078,0.9996731108570507,-0.0003268891429493159,-0.03268891429493159
2025-07-09,2770.777587890625,Yahoo Finance via yfinance,0.057670474379015416,55.19197379764626,61.73366954659522,2770.98095703125,Yahoo Finance via yfinance,0.05807081212662123,55.90197569931183,63.05569182618472,1.0000733978582452,7.339785824522771e-05,0.007339785824522771
2025-07-10,2954.84521484375,Yahoo Finance via yfinance,0.06431827026714018,67.17055346576336,63.52569296288163,2952.704345703125,Yahoo Finance via yfinance,0.06352008415060337,67.18663550590395,64.78861860748594,0.9992754716457328,-0.0007245283542671732,-0.07245283542671732
2025-07-11,2957.88623046875,Yahoo Finance via yfinance,0.0010286331862912074,54.922197037800956,63.26577383875747,2956.968505859375,Yahoo Finance via yfinance,0.001443112335789626,54.84512933726751,64.60984982007045,0.9996897363394435,-0.0003102636605565312,-0.03102636605565312
2025-07-12,2942.91162109375,Yahoo Finance via yfinance,-0.005075463317871468,57.127744139578994,61.02540473002652,2938.328125,Yahoo Finance via yfinance,-0.006323835473254582,57.406024643733865,62.33730157912968,0.9984425301592826,-0.0015574698407173626,-0.15574698407173626
2025-07-13,2973.35888671875,Yahoo Finance via yfinance,0.010292813483774067,57.79648185783029,60.01695430312722,2970.403076171875,Yahoo Finance via yfinance,0.01085690485546943,57.98991540011122,61.3379058112548,0.9990059018572975,-0.0009940981427024598,-0.09940981427024598
2025-07-14,3013.350830078125,Yahoo Finance via yfinance,0.013360440086174895,52.028921988942244,59.515883550166784,3011.7685546875,Yahoo Finance via yfinance,0.013829806423186302,51.999543972299136,60.795949116558134,0.9994749116582008,-0.0005250883417992069,-0.052508834179920694
2025-07-15,3139.8896484375,Yahoo Finance via yfinance,0.04113496333191673,53.448574037268024,60.77840495715535,3132.515625,Yahoo Finance via yfinance,0.0393089298923637,53.12007187918587,61.90822098028887,0.9976515023573617,-0.0023484976426383364,-0.23484976426383364
2025-07-16,3371.5068359375,Yahoo Finance via yfinance,0.07117212126317728,58.90960194085786,64.64327421115375,3364.077880859375,Yahoo Finance via yfinance,0.07131749730450186,58.59264586698806,65.78696797312989,0.9977965475261866,-0.002203452473813372,-0.2203452473813372
2025-07-17,3476.784423828125,Yahoo Finance via yfinance,0.030748073722898034,50.753795711563654,64.58728042344852,3470.666259765625,Yahoo Finance via yfinance,0.03119268811529991,50.68978200222216,65.6379120508645,0.9982402808697113,-0.0017597191302887172,-0.17597191302887172
2025-07-18,3549.016357421875,Yahoo Finance via yfinance,0.020562632197560386,47.403502641884806,64.64249151158701,3538.47607421875,Yahoo Finance via yfinance,0.019349565726327816,47.59262082756436,65.6990537892462,0.9970300832282493,-0.0029699167717507358,-0.2969916771750736
2025-07-19,3595.273681640625,Yahoo Finance via yfinance,0.012949634010720346,41.64603319568836,64.48857467666973,3581.34521484375,Yahoo Finance via yfinance,0.012042341218861764,41.55154684364476,65.56798498855323,0.9961258952641071,-0.0038741047358928915,-0.38741047358928915
2025-07-20,3759.471435546875,Yahoo Finance via yfinance,0.04465825518044695,39.80728721622575,61.91043181984499,3752.2939453125,Yahoo Finance via yfinance,0.04662888353930318,40.44574398509298,62.6497897414633,0.9980908246392006,-0.0019091753607993756,-0.19091753607993756
2025-07-21,3763.371337890625,Yahoo Finance via yfinance,0.001036816217104121,44.33917229869933,58.23351429735503,3751.339599609375,Yahoo Finance via yfinance,-0.000254368954069412,45.544723097210074,58.17541016594875,0.9968029361970977,-0.0031970638029023,-0.31970638029023
2025-07-22,3749.1455078125,Yahoo Finance via yfinance,-0.003787238650889784,50.05363537966843,56.081601132339266,3732.635986328125,Yahoo Finance via yfinance,-0.00499831994536643,51.671613403927594,56.73930944846228,0.995596457526129,-0.0044035424738709805,-0.44035424738709805
2025-07-23,3629.70361328125,Yahoo Finance via yfinance,-0.0323769537244437,48.18170603518504,53.40661835541327,3619.972412109375,Yahoo Finance via yfinance,-0.030648277964856925,48.47801348066554,54.20262556210977,0.997319009426481,-0.0026809905735190043,-0.2680990573519004
2025-07-24,3708.005615234375,Yahoo Finance via yfinance,0.021343166349625905,46.221023623933796,53.46608655770153,3697.724365234375,Yahoo Finance via yfinance,0.021251189170171377,46.379307606894116,54.267187381223614,0.9972272830554088,-0.002772716944591247,-0.2772716944591247
2025-07-25,3727.266845703125,Yahoo Finance via yfinance,0.005181053863514262,45.24455296906668,52.76507886171754,3720.097900390625,Yahoo Finance via yfinance,0.006032391233518472,45.57064098808656,53.57896873024808,0.9980766213932967,-0.0019233786067033298,-0.19233786067033298
2025-07-26,3741.39599609375,Yahoo Finance via yfinance,0.003783586846917838,44.99483542282156,52.60384886180359,3738.17529296875,Yahoo Finance via yfinance,0.004847617540976334,45.39662841388925,53.55842733101586,0.9991391707457958,-0.0008608292542041651,-0.08608292542041651
2025-07-27,3875.24658203125,Yahoo Finance via yfinance,0.03515049208380752,40.26051784353791,52.91351822295274,3867.650146484375,Yahoo Finance via yfinance,0.03404952254285499,39.03104808633036,53.62352907677709,0.998039754274709,-0.0019602457252909655,-0.19602457252909655
2025-07-28,3787.42578125,Yahoo Finance via yfinance,-0.0229227199194111,44.903521314363964,54.50292313044023,3784.2353515625,Yahoo Finance via yfinance,-0.02180327957467259,43.423840661185615,55.11055379356699,0.9991576258198129,-0.0008423741801870666,-0.08423741801870666
2025-07-29,3793.454833984375,Yahoo Finance via yfinance,0.0015905946318109279,44.728861347616295,54.53458079949334,3785.2529296875,Yahoo Finance via yfinance,0.00026886312345595124,43.12854983132271,55.12505440431196,0.9978378800708534,-0.002162119929146611,-0.2162119929146611
2025-07-30,3808.20166015625,Yahoo Finance via yfinance,0.0038799029350239005,34.40712509450196,54.19765513457935,3797.88720703125,Yahoo Finance via yfinance,0.0033322050776980173,33.352479707551794,54.73291864932144,0.9972915160368433,-0.002708483963156705,-0.2708483963156705
2025-07-31,3696.707763671875,Yahoo Finance via yfinance,-0.0297144425540805,40.53803775293318,53.85039371735674,3693.860595703125,Yahoo Finance via yfinance,-0.027772770927235402,38.81796973539103,54.17507196113876,0.9992298098332982,-0.0007701901667017674,-0.07701901667017674
2025-08-01,3488.365966796875,Yahoo Finance via yfinance,-0.05800920773041707,57.38953967275248,56.12391134229602,3482.39453125,Yahoo Finance via yfinance,-0.05895200217328095,56.745549402367814,56.00350247658618,0.9982881854702996,-0.0017118145297003728,-0.17118145297003728
2025-08-02,3392.7412109375,Yahoo Finance via yfinance,-0.02779521078260077,57.485552532892356,57.66453249689552,3398.635498046875,Yahoo Finance via yfinance,-0.024346113891680045,56.189228568654,57.23432733330645,1.001737322932375,0.0017373229323749406,0.17373229323749406
2025-08-03,3497.379150390625,Yahoo Finance via yfinance,0.0303756623862349,55.05535393506072,56.13523523703974,3500.981689453125,Yahoo Finance via yfinance,0.02966938490215692,53.974837623494295,55.65166706956563,1.001030068204672,0.0010300682046719967,0.10300682046719967
2025-08-04,3718.986083984375,Yahoo Finance via yfinance,0.06143719924574832,76.7688728432039,58.72838781472374,3709.052490234375,Yahoo Finance via yfinance,0.05773303866471292,74.01963752496879,57.883528413801386,0.9973289510835283,-0.002671048916471741,-0.2671048916471741
2025-08-05,3611.8994140625,Yahoo Finance via yfinance,-0.029217285611139645,78.93728620917972,60.45093398390557,3607.171875,Yahoo Finance via yfinance,-0.027852399344901076,76.05242966583384,59.49234862247765,0.9986911210638664,-0.0013088789361336284,-0.13088789361336284
2025-08-06,3683.920654296875,Yahoo Finance via yfinance,0.01974379278503146,81.07054196801646,59.969125399106574,3674.530517578125,Yahoo Finance via yfinance,0.01850132299700169,78.0544902734457,58.95965013829889,0.9974510480545238,-0.002548951945476219,-0.2548951945476219
2025-08-07,3914.325927734375,Yahoo Finance via yfinance,0.06066555755519165,89.91934867504139,62.0835941039466,3898.08251953125,Yahoo Finance via yfinance,0.059059396386566904,87.11054170770097,60.95528217282885,0.9958502668140037,-0.004149733185996318,-0.4149733185996318
2025-08-08,4009.848876953125,Yahoo Finance via yfinance,0.02411041626824569,70.63675512894264,60.147696889937954,4007.378662109375,Yahoo Finance via yfinance,0.027652556769504594,66.91346231143203,59.037283624190394,0.9993839631069521,-0.0006160368930478999,-0.06160368930478999
2025-08-09,4263.59912109375,Yahoo Finance via yfinance,0.06136011362803994,62.93086742443457,59.83385981642647,4259.17919921875,Yahoo Finance via yfinance,0.06093913813587062,60.5174259278814,58.76166210791103,0.9989633354943872,-0.0010366645056127943,-0.10366645056127943
2025-08-10,4254.2177734375,Yahoo Finance via yfinance,-0.0022027595957320296,67.84865627140125,59.92049996257784,4245.0634765625,Yahoo Finance via yfinance,-0.003319692571757745,65.82646443392865,58.89485220975465,0.9978481832941987,-0.002151816705801335,-0.2151816705801335
2025-08-11,4226.966796875,Yahoo Finance via yfinance,-0.006426241550935542,65.13694516273834,59.97110397223563,4223.8857421875,Yahoo Finance via yfinance,-0.0050012765387484025,63.87481191626955,58.84469722163318,0.9992710956022229,-0.0007289043977770637,-0.07289043977770637
2025-08-12,4590.9248046875,Yahoo Finance via yfinance,0.08259681973596456,65.56632267138215,64.80936455188406,4581.65283203125,Yahoo Finance via yfinance,0.08130431701401668,64.24861064091925,63.596513533042966,0.9979803693045064,-0.0020196306954936016,-0.20196306954936016
2025-08-13,4756.27587890625,Yahoo Finance via yfinance,0.03538349736429032,64.42196938332285,65.21548392895559,4757.76611328125,Yahoo Finance via yfinance,0.03771844077265316,62.88307274318199,64.11119917109866,1.0003133195829974,0.0003133195829974067,0.03133195829974067
2025-08-14,4548.16650390625,Yahoo Finance via yfinance,-0.04474079806887246,82.72964396102061,67.7493093548887,4548.44482421875,Yahoo Finance via yfinance,-0.04499287649126774,82.43402094542418,66.81451828107026,1.000061193958546,6.119395854597975e-05,0.006119395854597975
2025-08-15,4439.98876953125,Yahoo Finance via yfinance,-0.024072338519640694,88.8717824148197,65.44782963484886,4425.98583984375,Yahoo Finance via yfinance,-0.027292335350555842,89.41213288549072,64.69591436111,0.9968461790300929,-0.0031538209699071285,-0.31538209699071285
2025-08-16,4426.18017578125,Yahoo Finance via yfinance,-0.0031148977647721,79.96453645003874,65.10801793558365,4416.22705078125,Yahoo Finance via yfinance,-0.0022073191734898177,80.51300215576765,64.311095007105,0.9977513059557628,-0.0022486940442372205,-0.22486940442372205
2025-08-17,4473.271484375,Yahoo Finance via yfinance,0.010583067342857232,79.76300416788936,64.95946508493897,4474.13671875,Yahoo Finance via yfinance,0.013027697967782179,80.32919545443652,64.20878420189241,1.0001934231754148,0.00019342317541481968,0.019342317541481968
2025-08-18,4312.5048828125,Yahoo Finance via yfinance,-0.03660110203095192,85.65141399714659,66.73203795994698,4307.25341796875,Yahoo Finance via yfinance,-0.03801297813715575,86.73780834394857,66.1393472743654,0.998782270400509,-0.0012177295994909576,-0.12177295994909576
2025-08-19,4073.464111328125,Yahoo Finance via yfinance,-0.0570251441525558,62.89855247704645,68.72594854656569,4062.89501953125,Yahoo Finance via yfinance,-0.05840466446286763,65.99666831938684,68.16494365579184,0.9974053799154673,-0.002594620084532706,-0.2594620084532706
2025-08-20,4334.50048828125,Yahoo Finance via yfinance,0.06211260552585306,77.6854138187369,71.77698252074009,4324.05712890625,Yahoo Finance via yfinance,0.06229833323445092,79.44777915852748,71.25148864819384,0.9975906429349276,-0.0024093570650723928,-0.24093570650723928
2025-08-21,4223.2099609375,Yahoo Finance via yfinance,-0.026010882828823047,74.16660294225389,72.52281749916702,4208.23828125,Yahoo Finance via yfinance,-0.02715001213558899,76.14226657064343,72.04690180257633,0.996454905196289,-0.003545094803711013,-0.3545094803711013
2025-08-22,4831.3486328125,Yahoo Finance via yfinance,0.1345301555861272,126.55203278675683,84.39130062794314,4815.046875,Yahoo Finance via yfinance,0.13470168080062578,127.6353246352029,84.11387612076254,0.9966258369967786,-0.003374163003221353,-0.3374163003221353
2025-08-23,4776.09033203125,Yahoo Finance via yfinance,-0.011503359080490645,127.30695524747676,84.59020801451051,4761.59228515625,Yahoo Finance via yfinance,-0.011163654410807545,128.40487447613015,84.30405096957918,0.9969644529589887,-0.0030355470410112773,-0.3035547041011277
2025-08-24,4779.6474609375,Yahoo Finance via yfinance,0.0007445011882122046,127.51847107416354,84.62585261803366,4774.6826171875,Yahoo Finance via yfinance,0.0027453781245255432,128.50886729065783,84.32360526234086,0.998961253148778,-0.001038746851221961,-0.10387468512219611
2025-08-25,4372.98779296875,Yahoo Finance via yfinance,-0.08892030986931461,143.59850705424245,91.17178303706493,4370.85888671875,Yahoo Finance via yfinance,-0.08836797273994225,143.99501973053682,90.82461339410054,0.999513168947459,-0.00048683105254099246,-0.048683105254099246
2025-08-26,4600.4267578125,Yahoo Finance via yfinance,0.05070259165713758,137.61123749357176,91.97268197380068,4592.466796875,Yahoo Finance via yfinance,0.04945777684357314,137.33756120998788,91.59610047348788,0.9982697342319422,-0.0017302657680577926,-0.17302657680577926
2025-08-27,4503.39306640625,Yahoo Finance via yfinance,-0.021317945222453807,134.2594119406856,91.91146740487957,4499.62646484375,Yahoo Finance via yfinance,-0.020422922704108223,133.87030196246653,91.54513631164544,0.999163608082404,-0.0008363919175959911,-0.08363919175959911
2025-08-28,4507.177734375,Yahoo Finance via yfinance,0.0008400507082163926,131.8081653004778,91.91613717430536,4495.40380859375,Yahoo Finance via yfinance,-0.0009388865699900462,131.2720533925126,91.55524244392019,0.9973877387413739,-0.002612261258626125,-0.2612261258626125
2025-08-29,4360.15283203125,Yahoo Finance via yfinance,-0.03316406815035287,80.53263798497464,92.91361317144654,4351.3662109375,Yahoo Finance via yfinance,-0.03256563167809002,79.54398745899687,92.52474775247504,0.9979847905722019,-0.0020152094277980925,-0.20152094277980925
2025-08-30,4374.1533203125,Yahoo Finance via yfinance,0.0032058643303688183,81.57702452510253,92.09326354081799,4361.48388671875,Yahoo Finance via yfinance,0.002322473178269571,80.47516459071791,91.794731039425,0.9971035689272901,-0.0028964310727098708,-0.2896431072709871
2025-08-31,4390.01904296875,Yahoo Finance via yfinance,0.003620590588626398,81.88818266296963,89.19827887532617,4378.0693359375,Yahoo Finance via yfinance,0.0037954958810226818,80.59996598016134,88.80698734099089,0.997277982871079,-0.0027220171289209505,-0.27220171289209505
2025-09-01,4314.47021484375,Yahoo Finance via yfinance,-0.017359025442644074,51.8807210514169,88.74927118395087,4298.48095703125,Yahoo Finance via yfinance,-0.01834614184988096,50.793837704918396,88.55939727690065,0.9962940391250148,-0.0037059608749852035,-0.37059608749852035
2025-09-02,4325.36572265625,Yahoo Finance via yfinance,0.002522157519447648,28.584097985915193,88.39693540778214,4315.267578125,Yahoo Finance via yfinance,0.003897639285967741,28.08222705244287,88.21503791919925,0.9976653663114876,-0.0023346336885123886,-0.23346336885123886
2025-09-03,4450.38916015625,Yahoo Finance via yfinance,0.02849484711440696,36.77873234611569,86.57553199794398,4446.0537109375,Yahoo Finance via yfinance,0.029857562435980353,37.437573071065124,86.7192946825967,0.9990258269417055,-0.000974173058294503,-0.0974173058294503
2025-09-04,4298.744140625,Yahoo Finance via yfinance,-0.03466862435314752,43.59774943718012,86.87487347806908,4300.888671875,Yahoo Finance via yfinance,-0.03319522697715468,43.74698781872621,87.00168663671614,1.0004988738989449,0.0004988738989448738,0.04988738989448738
2025-09-05,4306.98876953125,Yahoo Finance via yfinance,0.001916078854581932,37.625348052405414,86.73725203006634,4297.4619140625,Yahoo Finance via yfinance,-0.0007970733362582838,37.756756123725815,86.90921377590729,0.9977880472927756,-0.002211952707224407,-0.22119527072244072
2025-09-06,4274.2421875,Yahoo Finance via yfinance,-0.007632177983046839,37.57035943955202,84.4834324459404,4273.08349609375,Yahoo Finance via yfinance,-0.005688899025620826,37.67020260121148,84.76890124049838,0.9997289130200346,-0.0002710869799653626,-0.027108697996536257
2025-09-07,4305.34765625,Yahoo Finance via yfinance,0.0072510704136302725,38.06543377708234,84.15553422852372,4309.98486328125,Yahoo Finance via yfinance,0.00859869524709879,38.34513172201287,84.33262775501368,1.001077080738072,0.0010770807380720004,0.10770807380720004
2025-09-08,4308.072265625,Yahoo Finance via yfinance,0.0006326428969182894,36.037201434133344,81.41919366679696,4300.7138671875,Yahoo Finance via yfinance,-0.0021533675643315106,35.91297651087344,81.65179175284756,0.9982919510203637,-0.0017080489796362786,-0.17080489796362786
2025-09-09,4309.04150390625,Yahoo Finance via yfinance,0.00022495659480887043,35.9692891172673,81.41403230576606,4304.9423828125,Yahoo Finance via yfinance,0.0009827294612912555,35.78564714580691,81.64142086536211,0.9990487162655467,-0.0009512837344533009,-0.0951283734453301
2025-09-10,4349.14599609375,Yahoo Finance via yfinance,0.009264012590971931,28.412669109477047,81.43175114731183,4339.0927734375,Yahoo Finance via yfinance,0.007901533875551064,26.930357070786137,81.65669977552389,0.9976884605241398,-0.002311539475860158,-0.23115394758601582
2025-09-11,4461.2333984375,Yahoo Finance via yfinance,0.025445771445145746,19.909615962268344,76.51094644171764,4455.154296875,Yahoo Finance via yfinance,0.026396406980563485,20.552062738338883,76.96275237228483,0.9986373495803584,-0.0013626504196415645,-0.13626504196415645
2025-09-12,4715.24609375,Yahoo Finance via yfinance,0.055375833984928235,40.822615658617565,78.00917116300657,4699.18798828125,Yahoo Finance via yfinance,0.05332803047617343,39.571683940901025,78.13312384818445,0.9965944289758206,-0.003405571024179377,-0.3405571024179377
2025-09-13,4668.1796875,Yahoo Finance via yfinance,-0.01003190137015891,41.587799411409435,76.44359624172928,4654.8447265625,Yahoo Finance via yfinance,-0.009481171436469048,40.72552894353641,76.54874131891196,0.9971434345226241,-0.002856565477375894,-0.2856565477375894
2025-09-14,4609.59765625,Yahoo Finance via yfinance,-0.012628630251366887,45.44072362912447,76.07701116427816,4615.0908203125,Yahoo Finance via yfinance,-0.008577006767056,43.453026112209486,75.9612867626389,1.0011916797239455,0.0011916797239455157,0.11916797239455157
2025-09-15,4526.8203125,Yahoo Finance via yfinance,-0.018120801633332004,49.56183929229876,76.3648774030855,4520.462890625,Yahoo Finance via yfinance,-0.020717149104540186,48.34439510129672,76.34516698662746,0.9985956098461772,-0.0014043901538227654,-0.14043901538227654
2025-09-16,4503.564453125,Yahoo Finance via yfinance,-0.005150591340382687,50.162220265632875,76.30705277010101,4501.6455078125,Yahoo Finance via yfinance,-0.004171399692306564,48.88263825607245,76.23344930050477,0.9995739052183058,-0.00042609478169419734,-0.042609478169419734
2025-09-17,4592.7333984375,Yahoo Finance via yfinance,0.01960617454339147,51.08052516373597,75.40623693075716,4587.32958984375,Yahoo Finance via yfinance,0.018855067724014855,49.722367317986546,75.21916516857397,0.9988234003315785,-0.0011765996684215407,-0.11765996684215407
2025-09-18,4589.9189453125,Yahoo Finance via yfinance,-0.0006129935246967591,49.02420872822511,72.34438454077102,4588.44287109375,Yahoo Finance via yfinance,0.00024265668317353397,47.349027621145304,71.99423844722757,0.9996784095239291,-0.00032159047607094315,-0.032159047607094315
2025-09-19,4470.9169921875,Yahoo Finance via yfinance,-0.026268833690720465,27.96348214954167,69.9338240928494,4464.83056640625,Yahoo Finance via yfinance,-0.027309456190860348,28.525046905417078,69.6156118595645,0.998638662763839,-0.0013613372361610532,-0.13613372361610532
2025-09-20,4482.265625,Yahoo Finance via yfinance,0.002535107207270289,28.76001586226534,69.24993685612712,4477.39990234375,Yahoo Finance via yfinance,0.0028112324457324244,29.325273232993105,68.8674962548486,0.9989144501769125,-0.001085549823087506,-0.1085549823087506
2025-09-21,4451.3291015625,Yahoo Finance via yfinance,-0.006925912367546399,28.22688374817147,50.10395399018005,4448.896484375,Yahoo Finance via yfinance,-0.006386414614274726,29.23033182888739,49.538258811161704,0.9994535076755735,-0.0005464923244264952,-0.05464923244264952
2025-09-22,4202.87744140625,Yahoo Finance via yfinance,-0.057433330283538045,47.22930797452697,53.55833800901895,4198.494140625,Yahoo Finance via yfinance,-0.05793016133364386,47.72065636622928,53.108595837879705,0.9989570714724949,-0.0010429285275050937,-0.10429285275050937
2025-09-23,4165.50390625,Yahoo Finance via yfinance,-0.00893214161372529,47.042096067155,53.55085098128905,4164.13134765625,Yahoo Finance via yfinance,-0.008218229172144056,47.48017881468544,53.06592796200745,0.9996704939847276,-0.0003295060152723739,-0.03295060152723739
2025-09-24,4153.46923828125,Yahoo Finance via yfinance,-0.0028933081415406605,40.43587051417337,44.06589840489453,4149.2080078125,Yahoo Finance via yfinance,-0.0035902193415644937,41.20818410004323,43.61129071397504,0.9989740551273438,-0.0010259448726561704,-0.10259448726561704
2025-09-25,3868.333984375,Yahoo Finance via yfinance,-0.0711200266948419,55.20688476290695,46.25962086207572,3862.440673828125,Yahoo Finance via yfinance,-0.07161819195988248,55.81919661386478,46.10066756932156,0.9984765248888334,-0.0015234751111665723,-0.15234751111665723
2025-09-26,4035.887939453125,Yahoo Finance via yfinance,0.042402417497849315,73.16711696549123,48.83324567886592,4029.675537109375,Yahoo Finance via yfinance,0.04238657825460008,73.6165068011728,48.7194789246971,0.9984607099015262,-0.0015392900984737556,-0.15392900984737556
2025-09-27,4018.658203125,Yahoo Finance via yfinance,-0.0042782702597103876,72.35600514827287,48.80659491079783,4018.966552734375,Yahoo Finance via yfinance,-0.0026610676869223706,72.9297806245499,48.710999662272926,1.0000767294937238,7.67294937238372e-05,0.0076729493723837194
2025-09-28,4141.4765625,Yahoo Finance via yfinance,0.030104315261995657,79.63081376569221,49.00845084971106,4138.21630859375,Yahoo Finance via yfinance,0.02924005851583954,79.82869562273372,48.87703700566716,0.9992127798245266,-0.000787220175473391,-0.0787220175473391
2025-09-29,4217.341796875,Yahoo Finance via yfinance,0.018152641761310057,70.61341771533058,49.47246211868717,4218.111328125,Yahoo Finance via yfinance,0.019122623626636182,70.76086415214992,49.398444987033216,1.000182468314655,0.00018246831465495994,0.018246831465495994
2025-09-30,4145.95751953125,Yahoo Finance via yfinance,-0.017071255792248,71.51299495436724,49.74353724795471,4141.18896484375,Yahoo Finance via yfinance,-0.01840453910738375,71.91180926697808,49.72657427688371,0.9988498303069832,-0.0011501696930168448,-0.11501696930168448
2025-10-01,4351.1123046875,Yahoo Finance via yfinance,0.04829774681358695,79.63775175964258,52.3785667397798,4339.1142578125,Yahoo Finance via yfinance,0.04668730303989943,79.48617944250852,52.1279315230632,0.9972425333949495,-0.002757466605050496,-0.2757466605050496
2025-10-02,4487.923828125,Yahoo Finance via yfinance,0.030958681092087215,46.02053744722303,53.45965218007434,4479.77001953125,Yahoo Finance via yfinance,0.03190147096127608,45.61130442954946,53.27286970204141,0.9981831668927508,-0.0018168331072492272,-0.18168331072492272
2025-10-03,4514.87060546875,Yahoo Finance via yfinance,0.00598633191392021,43.255354654631624,52.58414844950079,4514.73486328125,Yahoo Finance via yfinance,0.007774751435756428,42.568705615898715,52.32867453536502,0.9999699344235169,-3.0065576483107037e-05,-0.0030065576483107037
2025-10-04,4489.197265625,Yahoo Finance via yfinance,-0.0057026245883215225,43.67221400622713,51.09690856507807,4485.75146484375,Yahoo Finance via yfinance,-0.0064404294533978515,43.66281200586904,50.97426760910132,0.9992324238438717,-0.0007675761561283245,-0.07675761561283245
2025-10-05,4515.4228515625,Yahoo Finance via yfinance,0.0058249342556798145,42.33935677653158,51.119629454304516,4513.1513671875,Yahoo Finance via yfinance,0.006089628375589596,42.47878568358558,50.99345637105114,0.9994969497985745,-0.0005030502014254923,-0.05030502014254923
2025-10-06,4687.771484375,Yahoo Finance via yfinance,0.03745846897136311,46.07899843201524,52.49834459298866,4687.060546875,Yahoo Finance via yfinance,0.037809976360623915,46.25593169451241,52.444052364879724,0.9998483421168524,-0.00015165788314763784,-0.015165788314763784
2025-10-07,4451.15185546875,Yahoo Finance via yfinance,-0.05179439967668895,64.12017657567031,55.841123215358465,4448.97705078125,Yahoo Finance via yfinance,-0.052131443378097095,64.07749100421731,55.81015610289798,0.999511406315013,-0.0004885936849869932,-0.04885936849869932
2025-10-08,4527.64794921875,Yahoo Finance via yfinance,0.017039681537971894,56.3024929546234,56.11604410008428,4527.6513671875,Yahoo Finance via yfinance,0.01752914953391214,57.0640329279264,56.08918323053863,1.00000075491045,7.549104499293691e-07,7.54910449929369e-05
2025-10-09,4369.1435546875,Yahoo Finance via yfinance,-0.03563558115607337,58.60352417258845,57.6055440335835,4368.119140625,Yahoo Finance via yfinance,-0.03587082920280002,59.34483710438466,57.60231726143207,0.9997655343548049,-0.00023446564519513657,-0.023446564519513657
2025-10-10,3843.0087890625,Yahoo Finance via yfinance,-0.12831140837959246,105.99313485759052,72.9133081373622,3845.240966796875,Yahoo Finance via yfinance,-0.12749624269258594,105.78308443458077,72.77178423149279,1.0005808411733867,0.000580841173386748,0.0580841173386748
2025-10-11,3750.611572265625,Yahoo Finance via yfinance,-0.024336685988953978,104.99071992124314,72.43840507447749,3746.802001953125,Yahoo Finance via yfinance,-0.02593359449934526,104.86713792191738,72.30588223896089,0.9989842802329438,-0.0010157197670561668,-0.10157197670561668
2025-10-12,4164.427734375,Yahoo Finance via yfinance,0.1046599548465011,141.08477378197648,79.38252402007639,4156.6572265625,Yahoo Finance via yfinance,0.10380852328286817,140.56135765392781,79.3043151360202,0.9981340754821223,-0.001865924517877704,-0.1865924517877704
2025-10-13,4245.4677734375,Yahoo Finance via yfinance,0.01927314020135495,137.81435274415213,79.76598808848425,4244.8115234375,Yahoo Finance via yfinance,0.020986219170575145,137.44286300631921,79.75437611599864,0.9998454233938352,-0.0001545766061648024,-0.01545766061648024
2025-10-14,4125.412109375,Yahoo Finance via yfinance,-0.028686087571137622,134.95584888295417,80.20125003278756,4125.4541015625,Yahoo Finance via yfinance,-0.02852132016126712,134.50056471749951,80.22958109349588,1.0000101789073157,1.0178907315694374e-05,0.0010178907315694374
2025-10-15,3987.45947265625,Yahoo Finance via yfinance,-0.03401161563733763,133.5639704866855,80.75055154772463,3983.189697265625,Yahoo Finance via yfinance,-0.035093169159583784,133.12207109228348,80.7673984941725,0.9989291990501961,-0.0010708009498039406,-0.10708009498039406
2025-10-16,3894.75439453125,Yahoo Finance via yfinance,-0.023523683730590886,132.88398381277844,81.0307698875536,3887.35009765625,Yahoo Finance via yfinance,-0.024355213121930452,132.45563024389665,81.07220655651956,0.9980989053159818,-0.001901094684018223,-0.1901094684018223
2025-10-17,3832.558837890625,Yahoo Finance via yfinance,-0.016097936733144195,94.59233482631255,80.6310155632574,3829.76513671875,Yahoo Finance via yfinance,-0.014924237366733439,94.71830161251216,80.68221096258068,0.9992710611134642,-0.0007289388865358015,-0.07289388865358015
2025-10-18,3890.34619140625,Yahoo Finance via yfinance,0.014965464892231361,92.7794013736056,80.94526535710492,3886.2001953125,Yahoo Finance via yfinance,0.014628387386016831,92.61774987391787,80.97816880162743,0.9989342860789848,-0.0010657139210151767,-0.10657139210151767
2025-10-19,3984.649658203125,Yahoo Finance via yfinance,0.02395124435582602,47.33427272885325,81.21938331328361,3978.46142578125,Yahoo Finance via yfinance,0.023463301426789058,48.0264953504304,81.19628492406285,0.9984469820554649,-0.0015530179445351067,-0.15530179445351067
2025-10-20,3980.76025390625,Yahoo Finance via yfinance,-0.0009765736224249387,42.710567311331175,81.1939333875597,3978.491943359375,Yahoo Finance via yfinance,7.670669088942113e-06,42.902323770195004,81.17324585928598,0.9994301815728166,-0.0005698184271833995,-0.05698184271833995
2025-10-21,3876.76416015625,Yahoo Finance via yfinance,-0.02647199328426445,42.12183276776064,81.56932064483003,3881.901611328125,Yahoo Finance via yfinance,-0.024577699203769073,41.90804326772973,81.48969209653775,1.0013251905351055,0.0013251905351054916,0.13251905351054916
2025-10-22,3808.122314453125,Yahoo Finance via yfinance,-0.017864589534395174,37.63627161081356,79.48503838918654,3798.2734375,Yahoo Finance via yfinance,-0.021778534657276655,37.69686708752387,79.45915655872415,0.9974137183262877,-0.0025862816737123318,-0.2586281673712332
2025-10-23,3856.0263671875,Yahoo Finance via yfinance,0.012500977883111481,36.746186951765104,79.64489751231237,3857.279541015625,Yahoo Finance via yfinance,0.01541554795317779,37.36183590188076,79.70376097220296,1.0003249909904115,0.00032499099041150004,0.032499099041150004
2025-10-24,3934.5673828125,Yahoo Finance via yfinance,0.020163720301495172,37.2650371387412,80.03832707991373,3933.2705078125,Yahoo Finance via yfinance,0.019509117205141552,37.88644369015336,80.07227134499372,0.9996703894294288,-0.0003296105705712371,-0.03296105705712371
2025-10-25,3953.470947265625,Yahoo Finance via yfinance,0.004792978900665804,36.10905617071929,76.04418358101515,3953.91455078125,Yahoo Finance via yfinance,0.005234843599780529,36.847630292368954,76.02062822666494,1.000112206089672,0.00011220608967210666,0.011220608967210666
2025-10-26,4157.9892578125,Yahoo Finance via yfinance,0.050437692043162216,48.655908373991785,76.64771205274258,4159.734375,Yahoo Finance via yfinance,0.05074510638538994,49.424164009418014,76.64970788823437,1.000419702187595,0.00041970218759490585,0.041970218759490585
2025-10-27,4120.1220703125,Yahoo Finance via yfinance,-0.009148814294667162,49.72339090528926,76.70867839921071,4121.06689453125,Yahoo Finance via yfinance,-0.00933913524938061,50.6023552861976,76.72585565295607,1.0002293194722451,0.0002293194722451375,0.02293194722451375
2025-10-28,3982.262451171875,Yahoo Finance via yfinance,-0.03403267878386088,52.8294690813245,76.89013983410679,3982.14697265625,Yahoo Finance via yfinance,-0.034290970605105706,54.40304138498253,76.96547769424399,0.9999710017817658,-2.8998218234210782e-05,-0.002899821823421078
2025-10-29,3903.35302734375,Yahoo Finance via yfinance,-0.020014178492566474,53.38647248716737,76.82688306832323,3899.599853515625,Yahoo Finance via yfinance,-0.0209471680075581,54.16953249963129,76.89749582398356,0.9990384744085833,-0.000961525591416712,-0.0961525591416712
2025-10-30,3804.375244140625,Yahoo Finance via yfinance,-0.025684149923013565,56.51163882569416,77.08966059979556,3803.04736328125,Yahoo Finance via yfinance,-0.025071263151332995,56.70067089177642,77.10464594459452,0.9996509595467955,-0.0003490404532044966,-0.03490404532044966
2025-10-31,3847.080322265625,Yahoo Finance via yfinance,0.011162718308131604,54.716503075495915,75.0488317057733,3847.112548828125,Yahoo Finance via yfinance,0.011520196543440744,55.12674704148872,75.21412458052869,1.0000083768883934,8.376888393391013e-06,0.0008376888393391013
2025-11-01,3874.18798828125,Yahoo Finance via yfinance,0.007021586687225155,54.93807158081728,74.09972408691044,3871.609130859375,Yahoo Finance via yfinance,0.0063473371090078,55.235602423787014,74.19973407339586,0.9993343489191346,-0.0006656510808653593,-0.06656510808653593
2025-11-02,3911.063232421875,Yahoo Finance via yfinance,0.009473174047530416,35.14452561026474,74.1741538610024,3911.77880859375,Yahoo Finance via yfinance,0.010321992093365633,35.48923737789503,74.25963613865248,1.000182962056441,0.00018296205644108277,0.018296205644108277
2025-11-03,3602.30810546875,Yahoo Finance via yfinance,-0.08223448305523949,63.68807159082084,78.94358044910247,3603.64208984375,Yahoo Finance via yfinance,-0.08204718313325259,63.76105228326877,79.0039049393655,1.000370313792142,0.00037031379214202964,0.037031379214202964
2025-11-04,3292.574462890625,Yahoo Finance via yfinance,-0.08990501013567212,81.81144366244898,83.84454542929342,3286.011962890625,Yahoo Finance via yfinance,-0.0922703654986242,82.97710533209181,84.18559632396374,0.9980068787892382,-0.0019931212107617835,-0.19931212107617835
2025-11-05,3425.171142578125,Yahoo Finance via yfinance,0.039481668810072805,95.16684281886336,83.99312221534736,3423.481201171875,Yahoo Finance via yfinance,0.04098326827846122,96.82467620229504,84.42210203981642,0.9995066111047001,-0.0004933888952999288,-0.04933888952999288
2025-11-06,3312.2578125,Yahoo Finance via yfinance,-0.03352136366985419,95.68513194180055,83.09838718958608,3306.130615234375,Yahoo Finance via yfinance,-0.03487942129136142,97.48012764649141,83.56066595807184,0.9981501448219091,-0.0018498551780908867,-0.18498551780908867
2025-11-07,3435.301025390625,Yahoo Finance via yfinance,0.03647448115981518,102.19050286726265,84.15968226428903,3430.560791015625,Yahoo Finance via yfinance,0.03694523657803564,103.99322091363831,84.63033881491731,0.998620140028497,-0.001379859971503028,-0.1379859971503028
2025-11-08,3400.3759765625,Yahoo Finance via yfinance,-0.010218549741346181,100.555279315406,83.62018788439553,3397.333251953125,Yahoo Finance via yfinance,-0.009732957529214917,102.49362509299816,84.0848285439345,0.9991051799476448,-0.0008948200523551941,-0.08948200523551941
2025-11-09,3582.621337890625,Yahoo Finance via yfinance,0.05220874290983875,111.9159723836304,74.203946295445,3576.8828125,Yahoo Finance via yfinance,0.05150091214043176,113.32071357240396,74.84143454784267,0.9983982327883963,-0.0016017672116036552,-0.16017672116036552
2025-11-10,3568.4599609375,Yahoo Finance via yfinance,-0.003960630532174714,95.29823018533699,73.78284874751988,3566.070556640625,Yahoo Finance via yfinance,-0.0030273931687821586,97.15250015846858,74.36026219388809,0.9993304102265317,-0.0006695897734683154,-0.06695897734683154
2025-11-11,3415.2822265625,Yahoo Finance via yfinance,-0.04387398640993172,72.29825918809955,64.44315169768585,3415.789794921875,Yahoo Finance via yfinance,-0.043055566590680064,72.56889982915085,65.23066151455885,1.0001486168128149,0.00014861681281486128,0.014861681281486128
2025-11-12,3413.09423828125,Yahoo Finance via yfinance,-0.0006408517068140884,66.28940642462908,63.80766270004453,3407.42529296875,Yahoo Finance via yfinance,-0.0024517785341516907,66.15582649738417,64.4938227775593,0.9983390598334739,-0.0016609401665260703,-0.16609401665260703
2025-11-13,3232.757080078125,Yahoo Finance via yfinance,-0.054283922809847215,73.84514348635706,65.49128068480107,3237.761474609375,Yahoo Finance via yfinance,-0.051074771931873555,72.02362017427,65.89141445314742,1.0015480267793981,0.0015480267793981373,0.15480267793981373
2025-11-14,3103.78564453125,Yahoo Finance via yfinance,-0.04071281618360177,69.34273986091651,65.8652702821441,3099.968994140625,Yahoo Finance via yfinance,-0.04349007857153872,68.21474470879483,66.38796820357953,0.9987703241049041,-0.0012296758950959275,-0.12296758950959275
2025-11-15,3166.63134765625,Yahoo Finance via yfinance,0.020045814386644864,73.7805121494694,66.3535087670413,3166.22314453125,Yahoo Finance via yfinance,0.0211473309564499,72.9978122418064,66.90305398190083,0.9998710923122447,-0.0001289076877553086,-0.012890768775530859
2025-11-16,3092.847412109375,Yahoo Finance via yfinance,-0.023576197316441422,51.829698327669924,66.53502357888017,3089.556640625,Yahoo Finance via yfinance,-0.024511841890664677,51.4564010996239,67.13206529747447,0.998936005872294,-0.0010639941277059695,-0.10639941277059695
2025-11-17,3024.538818359375,Yahoo Finance via yfinance,-0.022333536068642135,49.81397102286222,66.24612535115179,3020.29150390625,Yahoo Finance via yfinance,-0.022674247415886167,49.206206384644936,66.86872879154787,0.9985957150136929,-0.0014042849863070694,-0.14042849863070694
2025-11-18,3122.97900390625,Yahoo Finance via yfinance,0.032028732106195945,60.12939996928973,66.80007074221487,3118.493408203125,Yahoo Finance via yfinance,0.031996652009301865,59.94746710538627,67.44431791446537,0.9985636804802356,-0.0014363195197644174,-0.14363195197644174
2025-11-19,3023.07080078125,Yahoo Finance via yfinance,-0.03251421900082368,60.617258497145535,67.27953158989607,3018.476318359375,Yahoo Finance via yfinance,-0.03259782948622084,60.666075778275385,67.90720523105178,0.9984801935764496,-0.0015198064235504294,-0.15198064235504294
2025-11-20,2831.777587890625,Yahoo Finance via yfinance,-0.06536849882670856,65.09084760104982,69.8568827656721,2829.530029296875,Yahoo Finance via yfinance,-0.0646415432457726,65.83002981684318,70.43941446956947,0.9992063082201932,-0.0007936917798068155,-0.07936917798068155
2025-11-21,2765.69921875,Yahoo Finance via yfinance,-0.023611152385789574,62.73633560067752,69.96212320212463,2758.784423828125,Yahoo Finance via yfinance,-0.025320473914422353,63.007481829243076,70.52132451754046,0.9974998022651934,-0.0025001977348065862,-0.2500197734806586
2025-11-22,2767.607421875,Yahoo Finance via yfinance,0.0006897153274086759,57.19378954500942,69.59027168425924,2767.1396484375,Yahoo Finance via yfinance,0.0030240122257351783,57.51184394431843,70.07572731070285,0.9998309827348334,-0.00016901726516660442,-0.016901726516660442
2025-11-23,2801.676025390625,Yahoo Finance via yfinance,0.012234618260287876,61.244770078935275,69.1964162214781,2798.08056640625,Yahoo Finance via yfinance,0.011119501323124947,61.16659503022286,69.67487842759316,0.9987166756784901,-0.0012833243215099044,-0.12833243215099044
2025-11-24,2952.71337890625,Yahoo Finance via yfinance,0.05250671846439223,76.96774907262623,72.51656267045513,2949.803466796875,Yahoo Finance via yfinance,0.05280487659502913,77.00488133020751,72.99671090836931,0.9990144955720515,-0.0009855044279485359,-0.09855044279485359
2025-11-25,2957.936279296875,Yahoo Finance via yfinance,0.0017672851723719149,71.38547259723383,69.35217334587196,2953.59765625,Yahoo Finance via yfinance,0.0012854250952883542,71.41381923495133,69.80528747560255,0.9985332263317361,-0.0014667736682638655,-0.14667736682638655
2025-11-26,3027.81201171875,Yahoo Finance via yfinance,0.023348428095094007,70.99567489519961,70.4004961176826,3026.144775390625,Yahoo Finance via yfinance,0.02426548623588886,71.1872635453399,70.90646139771033,0.9994493593652207,-0.0005506406347792758,-0.05506406347792758
2025-11-27,3014.542236328125,Yahoo Finance via yfinance,-0.004392260426713515,45.96693734204964,69.89855536091723,3013.03759765625,Yahoo Finance via yfinance,-0.0043407194898274545,46.846077588610704,70.39848062368777,0.9995008732490981,-0.0004991267509019126,-0.04991267509019126
2025-11-28,3032.304443359375,Yahoo Finance via yfinance,0.005874882913213043,37.3995827896273,69.98143474941818,3027.801025390625,Yahoo Finance via yfinance,0.004887883305237866,37.54776121596613,70.4370620619616,0.9985148529598958,-0.0014851470401041622,-0.14851470401041622
2025-11-29,2991.685302734375,Yahoo Finance via yfinance,-0.013485997805236051,41.453148415094375,69.73152030018053,2989.73583984375,Yahoo Finance via yfinance,-0.012651586232875446,41.63891981662727,70.20067511766514,0.999348373009406,-0.0006516269905939565,-0.06516269905939565
2025-11-30,2992.112548828125,Yahoo Finance via yfinance,0.00014280097860070945,42.16910538897692,69.45555305477141,2993.078857421875,Yahoo Finance via yfinance,0.0011175401864197266,42.25107649382349,69.92947507018341,1.000322951953839,0.00032295195383902353,0.03229519538390235
2025-12-01,2800.18896484375,Yahoo Finance via yfinance,-0.0662927736435053,53.906542705177905,72.06826990911715,2800.96826171875,Yahoo Finance via yfinance,-0.06633741064763353,54.105859821024474,72.55121003663277,1.000278301530641,0.0002783015306409009,0.02783015306409009
2025-12-02,2997.939697265625,Yahoo Finance via yfinance,0.06823838280892502,77.23655275531436,76.90387882604983,2997.638916015625,Yahoo Finance via yfinance,0.06785978564405826,77.08237413199325,77.28032503393808,0.9998996706804095,-0.00010032931959047531,-0.01003293195904753
2025-12-03,3191.57177734375,Yahoo Finance via yfinance,0.06258823046337834,88.26911393311609,76.09996539069012,3193.9658203125,Yahoo Finance via yfinance,0.06343839771424506,88.30380103701413,76.600405994953,1.0007501140929196,0.0007501140929195849,0.07501140929195849
2025-12-04,3134.31640625,Yahoo Finance via yfinance,-0.01810241754529839,89.93460168383093,69.75976523423961,3133.61083984375,Yahoo Finance via yfinance,-0.019077385924736536,90.14917775935464,69.95357733693119,0.999774889859606,-0.00022511014039394706,-0.022511014039394706
2025-12-05,3024.432861328125,Yahoo Finance via yfinance,-0.03568750802814642,94.72778738567997,69.10682924523394,3023.864013671875,Yahoo Finance via yfinance,-0.03565047431140101,94.96922320337686,69.18736946388262,0.9998119159252885,-0.00018808407471149202,-0.018808407471149202
2025-12-06,3040.207763671875,Yahoo Finance via yfinance,0.005202266348911221,94.11306969094252,68.35107545728383,3039.14697265625,Yahoo Finance via yfinance,0.005041386660059003,94.41419141620855,68.35101567573577,0.999651079433353,-0.0003489205666470374,-0.03489205666470374
2025-12-07,3061.3017578125,Yahoo Finance via yfinance,0.006914380156550822,94.14573785237415,66.97401015439847,3057.1279296875,Yahoo Finance via yfinance,0.005899015205713638,94.43960637022487,66.92134990342615,0.9986365838929964,-0.0013634161070036344,-0.13634161070036344
2025-12-08,3125.197998046875,Yahoo Finance via yfinance,0.020657404003744346,73.8040365962255,67.46811844416543,3122.839111328125,Yahoo Finance via yfinance,0.021266669479704348,74.34759798028897,67.44934052525497,0.9992452040733981,-0.0007547959266018811,-0.07547959266018811
2025-12-09,3321.114990234375,Yahoo Finance via yfinance,0.06080292642241868,70.71393894089461,68.4102712623731,3320.548583984375,Yahoo Finance via yfinance,0.061387445790505896,71.67568678709335,68.5307508292346,0.9998294529844147,-0.00017054701558527618,-0.01705470155852762
2025-12-10,3325.39013671875,Yahoo Finance via yfinance,0.001286434597521452,58.16066912633864,68.42090798351838,3325.91943359375,Yahoo Finance via yfinance,0.0016161518461238324,58.80430914565714,68.54521071318533,1.0001591683541595,0.00015916835415952235,0.015916835415952235
2025-12-11,3237.056884765625,Yahoo Finance via yfinance,-0.02692245348848621,60.66671813037158,67.37359566896879,3237.957763671875,Yahoo Finance via yfinance,-0.02680334604960218,61.0144172068373,67.55698410545973,1.0002783018458803,0.00027830184588029105,0.027830184588029105
2025-12-12,3084.172607421875,Yahoo Finance via yfinance,-0.048381125268667786,66.23278341536316,69.30171766795293,3084.021484375,Yahoo Finance via yfinance,-0.0487083891388288,66.72627494749281,69.51308973907314,0.999951000457461,-4.8999542539007734e-05,-0.0048999542539007734
2025-12-13,3116.6953125,Yahoo Finance via yfinance,0.010489822947687412,66.4593935551928,66.95646485751531,3115.331298828125,Yahoo Finance via yfinance,0.010101080472132313,66.92873437512003,67.46904124964252,0.9995623525769733,-0.0004376474230266547,-0.04376474230266547
2025-12-14,3060.5947265625,Yahoo Finance via yfinance,-0.01816399360114702,68.13314133972969,65.73323255260604,3060.94384765625,Yahoo Finance via yfinance,-0.017612187197310416,68.55743104472958,66.01983847086015,1.000114069690678,0.00011406969067806472,0.011406969067806472
2025-12-15,2964.18310546875,Yahoo Finance via yfinance,-0.03200777016588088,69.01168426165879,66.19470605356975,2961.675537109375,Yahoo Finance via yfinance,-0.0329681473320131,69.58679692167019,66.4912997831873,0.9991540440417636,-0.000845955958236444,-0.0845955958236444
2025-12-16,2964.180908203125,Yahoo Finance via yfinance,-7.412721688312701e-07,40.41400991266155,65.74585648589475,2962.223876953125,Yahoo Finance via yfinance,0.00018512800673642753,40.75182867239752,66.00572773228349,0.9993397733435958,-0.0006602266564041948,-0.06602266564041948
2025-12-17,2831.403564453125,Yahoo Finance via yfinance,-0.045828192848759323,42.260224098187166,67.18173241795628,2829.016357421875,Yahoo Finance via yfinance,-0.04601122167194843,42.48034096286794,67.43867991049652,0.99915688209861,-0.0008431179013900225,-0.08431179013900225
2025-12-18,2827.069091796875,Yahoo Finance via yfinance,-0.0015320294953636582,44.72234082910545,66.0398296208821,2827.683349609375,Yahoo Finance via yfinance,-0.00047130231626674743,45.255013851815676,66.30913489995366,1.0002172772551907,0.0002172772551907176,0.02172772551907176
2025-12-19,2977.970703125,Yahoo Finance via yfinance,0.05200157806139122,60.89556177822468,67.89093749098694,2976.866943359375,Yahoo Finance via yfinance,0.051413614123244855,60.82226141545921,68.08268834784919,0.9996293584203274,-0.0003706415796725926,-0.03706415796725926
2025-12-20,2977.58251953125,Yahoo Finance via yfinance,-0.0001303602133292682,59.72316755966276,63.731782502988565,2974.14697265625,Yahoo Finance via yfinance,-0.0009141201586536491,59.661861439839385,64.02986333069552,0.9988461959148186,-0.001153804085181398,-0.1153804085181398
2025-12-21,3001.61376953125,Yahoo Finance via yfinance,0.008038330984924418,59.61327883385961,63.10444137489585,3002.099609375,Yahoo Finance via yfinance,0.009354647663227402,59.81851962954323,63.32927153908643,1.0001618595465818,0.00016185954658176627,0.016185954658176627
2025-12-22,3006.07373046875,Yahoo Finance via yfinance,0.0014847515809792915,54.29218161989067,63.101817663762475,3001.93408203125,Yahoo Finance via yfinance,-5.513871250556344e-05,54.166079577819644,63.33711412252442,0.9986229052216712,-0.0013770947783288134,-0.13770947783288134
2025-12-23,2963.3740234375,Yahoo Finance via yfinance,-0.014306326840175283,55.58108740388725,63.278836150328765,2961.668212890625,Yahoo Finance via yfinance,-0.013504079935253634,55.32375806072643,63.50797968746801,0.9994243687994213,-0.0005756312005786857,-0.057563120057868566
2025-12-24,2945.590576171875,Yahoo Finance via yfinance,-0.006019159755460499,41.20463781233104,60.62144311946687,2946.218994140625,Yahoo Finance via yfinance,-0.005230043643102268,40.574558055961745,60.8218410331738,1.0002133419266865,0.00021334192668653884,0.021334192668653884
2025-12-25,2903.57958984375,Yahoo Finance via yfinance,-0.014365015056822025,43.54079473329404,60.82038779988468,2901.168212890625,Yahoo Finance via yfinance,-0.015409163465623179,43.31981810373708,61.05435072606002,0.9991695158067788,-0.0008304841932211815,-0.08304841932211815
2025-12-26,2925.74560546875,Yahoo Finance via yfinance,0.007605038907991378,17.90862017354208,60.285117956544084,2924.50732421875,Yahoo Finance via yfinance,0.008012542423687366,18.369929211211662,60.48184909301384,0.9995767638691192,-0.0004232361308807997,-0.04232361308807997
2025-12-27,2947.998291015625,Yahoo Finance via yfinance,0.007577038564263875,19.343544725137278,60.348455722639336,2947.916748046875,Yahoo Finance via yfinance,0.007972703449082076,19.903779621265137,60.552262825244085,0.9999723395468042,-2.766045319579913e-05,-0.002766045319579913
2025-12-28,2948.568115234375,Yahoo Finance via yfinance,0.00019327323098403297,17.774254229725994,60.30254721606926,2947.270751953125,Yahoo Finance via yfinance,-0.00021916049195578281,17.895488020399796,60.51883848997035,0.9995600022687124,-0.0004399977312875558,-0.04399977312875558
2025-12-29,2934.538330078125,Yahoo Finance via yfinance,-0.00476952504017534,17.48255389435487,60.1506351174393,2933.693115234375,Yahoo Finance via yfinance,-0.004617495073846037,17.798641780545296,60.38720045308599,0.9997119768942573,-0.0002880231057427185,-0.02880231057427185
2025-12-30,2971.416748046875,Yahoo Finance via yfinance,0.012488715813386491,18.049504964398064,60.32483137734182,2969.219482421875,Yahoo Finance via yfinance,0.01203703952953592,18.42241556169521,60.54689529708269,0.9992605326646139,-0.0007394673353861014,-0.07394673353861014
2025-12-31,2967.03759765625,Yahoo Finance via yfinance,-0.0014748454494985343,17.353165294749374,55.42903150013893,2965.775146484375,Yahoo Finance via yfinance,-0.001160687259060773,17.897619954170587,55.66664890351575,0.9995745078616893,-0.000425492138310668,-0.0425492138310668
2026-01-01,3000.394287109375,Yahoo Finance via yfinance,0.01117969589667102,12.755983843866447,50.16059653256503,2997.64599609375,Yahoo Finance via yfinance,0.010688882200231871,12.497313971219628,50.47059616254326,0.9990840233807161,-0.000915976619283887,-0.0915976619283887
2026-01-02,3124.422607421875,Yahoo Finance via yfinance,0.04050579142356504,29.05171754130719,47.19806964972535,3121.521484375,Yahoo Finance via yfinance,0.04049322551829636,28.952442280373536,47.38064802876697,0.9990714690644014,-0.0009285309355986371,-0.09285309355986371
2026-01-03,3125.91748046875,Yahoo Finance via yfinance,0.0004783333560596635,29.76405874500924,46.77936155933052,3124.197509765625,Yahoo Finance via yfinance,0.0008569151307917289,29.601590705208412,46.918882352642754,0.9994497709188193,-0.000550229081180742,-0.0550229081180742
2026-01-04,3140.71044921875,Yahoo Finance via yfinance,0.004721198192569982,29.181075836976138,44.99861843829801,3137.822265625,Yahoo Finance via yfinance,0.004351559991190639,28.979114475404486,45.14527816177191,0.9990804043733262,-0.0009195956266737637,-0.09195956266737637
2026-01-05,3226.13037109375,Yahoo Finance via yfinance,0.02683435946003148,29.020215354303495,45.861636504703206,3227.311767578125,Yahoo Finance via yfinance,0.028120507279278104,29.29568578984331,46.09800205252642,1.0003661961385566,0.00036619613855659594,0.036619613855659594
2026-01-06,3295.94677734375,Yahoo Finance via yfinance,0.021410072765534124,29.535321872282953,46.334277012591606,3295.61767578125,Yahoo Finance via yfinance,0.02094408828765781,29.704834041446915,46.554513939383945,0.9999001496126205,-9.985038737947427e-05,-0.009985038737947427
2026-01-07,3166.843994140625,Yahoo Finance via yfinance,-0.039957957746070624,49.06033610915609,48.12754198999036,3163.353515625,Yahoo Finance via yfinance,-0.04096090488902624,49.860084933633246,48.42051222639287,0.9988978053475058,-0.0011021946524941706,-0.11021946524941706
2026-01-08,3104.382568359375,Yahoo Finance via yfinance,-0.019920661678139835,53.29653072504672,43.388050582279035,3106.90673828125,Yahoo Finance via yfinance,-0.018005090689980182,53.5148110255276,43.510804091077915,1.0008130988582407,0.0008130988582406573,0.08130988582406573
2026-01-09,3083.047119140625,Yahoo Finance via yfinance,-0.006896412519137501,44.23558434178452,43.39799731793221,3082.5615234375,Yahoo Finance via yfinance,-0.007866698515730386,44.74003220505078,43.531385388241674,0.9998424948810837,-0.00015750511891632346,-0.015750511891632346
2026-01-10,3082.39599609375,Yahoo Finance via yfinance,-0.00021121695136130524,44.21578697234969,42.49859709222177,3081.158935546875,Yahoo Finance via yfinance,-0.00045511081307712705,44.70275219500419,42.64354935226141,0.9995986691689054,-0.0004013308310946151,-0.04013308310946151
2026-01-11,3118.88525390625,Yahoo Finance via yfinance,0.011768432191719677,45.15069770045827,39.22349676841557,3117.03271484375,Yahoo Finance via yfinance,0.011575692363191488,45.620317932200585,39.326707374688155,0.9994060252584862,-0.0005939747415137919,-0.05939747415137919
2026-01-12,3092.3251953125,Yahoo Finance via yfinance,-0.008552349240195838,38.643450887348784,39.16766770480625,3090.21923828125,Yahoo Finance via yfinance,-0.008639457056066512,38.54433286872214,39.285405989653825,0.9993189729739801,-0.0006810270260199092,-0.06810270260199092
2026-01-13,3322.095458984375,Yahoo Finance via yfinance,0.07167244785080332,67.0070625323781,45.94762497802245,3320.368408203125,Yahoo Finance via yfinance,0.07183370380549339,67.20675677542654,46.11148749972782,0.9994801321025922,-0.0005198678974077664,-0.05198678974077664
2026-01-14,3354.72265625,Yahoo Finance via yfinance,0.009773355035415114,57.38925364178418,44.251493540951515,3356.670654296875,Yahoo Finance via yfinance,0.010873862936572968,57.15864010024034,44.34366728309621,1.0005806733511176,0.0005806733511175555,0.05806733511175555
2026-01-15,3317.101318359375,Yahoo Finance via yfinance,-0.01127779653171091,55.10375084274016,44.557611121046456,3315.17529296875,Yahoo Finance via yfinance,-0.012439105071505079,55.71310531108124,44.703738371291955,0.9994193649196167,-0.0005806350803833071,-0.05806350803833071
2026-01-16,3295.482177734375,Yahoo Finance via yfinance,-0.006538811242779367,55.039714333747014,41.02270911042797,3295.0908203125,Yahoo Finance via yfinance,-0.006076770319740111,55.39226945333821,41.136442801696624,0.9998812442608492,-0.00011875573915076654,-0.011875573915076654
2026-01-17,3308.8642578125,Yahoo Finance via yfinance,0.004052512545503773,54.66601096365065,40.95596655218084,3306.183837890625,Yahoo Finance via yfinance,0.003360874556577633,55.041460668819134,41.09300713022574,0.9991899275059271,-0.0008100724940729442,-0.08100724940729442
2026-01-18,3281.15771484375,Yahoo Finance via yfinance,-0.008408684018054191,56.21734853147902,37.555220679682904,3281.57666015625,Yahoo Finance via yfinance,-0.007470609226140253,56.4253602522204,37.75788369610678,1.0001276821624894,0.00012768216248937314,0.012768216248937314
2026-01-19,3186.62109375,Yahoo Finance via yfinance,-0.02923518479382044,61.48978422138839,39.21848872057977,3188.710693359375,Yahoo Finance via yfinance,-0.028707332237300525,61.51570411514924,39.35432370450263,1.0006557414728325,0.0006557414728325384,0.06557414728325384
2026-01-20,2935.605712890625,Yahoo Finance via yfinance,-0.08204732940901807,59.16239298312013,48.933325791136575,2935.5556640625,Yahoo Finance via yfinance,-0.08271990501583623,59.7882809411589,49.165234246272355,0.9999829511068515,-1.7048893148463584e-05,-0.0017048893148463584
2026-01-21,2978.901123046875,Yahoo Finance via yfinance,0.014640674097217414,60.622206478568174,49.22296073153158,2977.202392578125,Yahoo Finance via yfinance,0.014087306415992356,60.75635893113008,49.437013372883456,0.9994297459369808,-0.0005702540630192487,-0.057025406301924875
2026-01-22,2949.63330078125,Yahoo Finance via yfinance,-0.009873624051331843,60.71087747902126,49.08833818900451,2947.42041015625,Yahoo Finance via yfinance,-0.010053714563656259,60.89285003596607,49.33535653645147,0.9992497743280787,-0.0007502256719212896,-0.07502256719212896
2026-01-23,2953.25634765625,Yahoo Finance via yfinance,0.0012275504187740749,61.75730060781708,49.04443769386994,2952.7470703125,Yahoo Finance via yfinance,0.001805596746546012,61.993123001881536,49.3053952388881,0.999827553966267,-0.00017244603373300915,-0.017244603373300915
2026-01-24,2948.74072265625,Yahoo Finance via yfinance,-0.0015302026847261398,60.79719279672411,48.77200482186848,2949.73046875,Yahoo Finance via yfinance,-0.0010221476677134227,61.25090175678722,48.99115165546225,1.000335650430757,0.0003356504307570063,0.03356504307570063
2026-01-25,2815.90234375,Yahoo Finance via yfinance,-0.046095446910964524,63.77824243921246,51.31973707678047,2813.19970703125,Yahoo Finance via yfinance,-0.047391278341155925,64.45107525551312,51.6678754862962,0.9990402235628844,-0.0009597764371156448,-0.09597764371156448
2026-01-26,2926.45703125,Yahoo Finance via yfinance,0.0385097283715548,76.49546783020821,53.09482682748246,2927.037353515625,Yahoo Finance via yfinance,0.039668248024084404,77.67732610511158,53.532484792322045,1.0001983019943324,0.00019830199433235052,0.019830199433235052
2026-01-27,3022.2109375,Yahoo Finance via yfinance,0.03219617504335294,54.257817754096415,54.28808584088591,3023.12451171875,Yahoo Finance via yfinance,0.03230013374463754,55.389077528247576,54.72234874436837,1.0003022867157993,0.0003022867157993492,0.030228671579934918
2026-01-28,3006.607421875,Yahoo Finance via yfinance,-0.005176321307197195,53.81292661823503,54.293544767124125,3006.15576171875,Yahoo Finance via yfinance,-0.005628796152325283,55.07672871188659,54.736194478388235,0.9998497774757809,-0.00015022252421914573,-0.015022252421914573
2026-01-29,2818.232666015625,Yahoo Finance via yfinance,-0.06470236643237812,72.18187309427375,58.700795535602026,2817.526611328125,Yahoo Finance via yfinance,-0.06480269502576082,73.19964739426221,59.13813796794651,0.9997494689860017,-0.0002505310139983008,-0.02505310139983008
2026-01-30,2702.375244140625,Yahoo Finance via yfinance,-0.04197886796827195,76.00572433622213,60.35259395744074,2700.313720703125,Yahoo Finance via yfinance,-0.0424914527881833,77.05209845280383,60.81976657551127,0.9992371439007333,-0.0007628560992667399,-0.07628560992667399
2026-01-31,2445.091796875,Yahoo Finance via yfinance,-0.10004843937927187,97.4731758471714,68.90167191338821,2444.03369140625,Yahoo Finance via yfinance,-0.09971813254465474,98.00970485846673,69.26896382652615,0.9995672532744568,-0.00043274672554316496,-0.043274672554316496
2026-02-01,2267.96484375,Yahoo Finance via yfinance,-0.07519978220290023,103.08976543451827,70.69527616607144,2266.22412109375,Yahoo Finance via yfinance,-0.07553476281069915,103.54566165070467,71.09611770046851,0.9992324737038817,-0.0007675262961183149,-0.07675262961183149
2026-02-02,2344.356689453125,Yahoo Finance via yfinance,0.03312814665299069,100.93582670184801,72.24415793659806,2343.69287109375,Yahoo Finance via yfinance,0.033612771681436615,101.09901237866701,72.66548841044566,0.9997168441294102,-0.00028315587058980185,-0.028315587058980185
2026-02-03,2227.558837890625,Yahoo Finance via yfinance,-0.05110473707553693,85.62786016801515,73.46616523489094,2226.66064453125,Yahoo Finance via yfinance,-0.05122484111455518,85.72993598875475,73.89955948346963,0.9995967813087148,-0.00040321869128523424,-0.040321869128523424
2026-02-04,2143.504150390625,Yahoo Finance via yfinance,-0.03846435100865618,79.7146573414748,72.70997945909046,2145.779052734375,Yahoo Finance via yfinance,-0.037000313136259906,80.06423048365362,72.99794146598872,1.0010613006479765,0.001061300647976493,0.1061300647976493
2026-02-05,1821.68310546875,Yahoo Finance via yfinance,-0.16268108635736284,115.37214305430474,88.2399975112298,1828.80029296875,Yahoo Finance via yfinance,-0.15984250693303675,114.20985922771534,87.93725266508177,1.0039069295195382,0.003906929519538194,0.39069295195381937
2026-02-06,2063.386962890625,Yahoo Finance via yfinance,0.12458793243377704,178.61389346062552,101.21286942504994,2059.843505859375,Yahoo Finance via yfinance,0.1189698376306864,174.41105474290904,99.93111324646563,0.998282698739995,-0.001717301260005022,-0.1717301260005022
2026-02-07,2090.54931640625,Yahoo Finance via yfinance,0.013078072860626821,173.52277654684238,101.63499152223233,2087.922119140625,Yahoo Finance via yfinance,0.013539358176261477,169.40021656729328,100.38860756342578,0.9987432981154727,-0.0012567018845273115,-0.12567018845273115
2026-02-08,2088.762939453125,Yahoo Finance via yfinance,-0.00085486651992098,167.97147243677253,101.70382420594899,2089.28466796875,Yahoo Finance via yfinance,0.0006523731985946224,163.72774147464932,100.49001793379209,1.0002497787114901,0.0002497787114901229,0.024977871149012287
2026-02-09,2103.567626953125,Yahoo Finance via yfinance,0.007062777520560773,164.75796016885374,101.85029330202423,2101.06103515625,Yahoo Finance via yfinance,0.005620728706240555,160.23444158670642,100.60749299110141,0.9988084092164389,-0.001191590783561125,-0.1191590783561125
2026-02-10,2019.4974365234373,Yahoo Finance via yfinance,-0.04078608660125574,163.56493439385153,101.90854296992893,2017.18798828125,Yahoo Finance via yfinance,-0.04073801541412603,158.99068800138926,100.66946099682626,0.9988564242764463,-0.0011435757235537247,-0.11435757235537247
2026-02-11,1940.621337890625,Yahoo Finance via yfinance,-0.03984048759789168,163.6930728276737,102.26294920634133,1938.033935546875,Yahoo Finance via yfinance,-0.040030432635945606,159.27083810276895,101.03402418638392,0.998666714472715,-0.0013332855272849553,-0.13332855272849553
2026-02-12,1946.940673828125,Yahoo Finance via yfinance,0.003251056309532056,105.72211133480805,97.59799029795107,1945.223876953125,Yahoo Finance via yfinance,0.003703050361044309,101.99488134446011,96.30131828197419,0.9991182079155887,-0.0008817920844113036,-0.08817920844113036
2026-02-13,2048.52734375,Yahoo Finance via yfinance,0.05086191072713562,60.72887501615764,100.08037033617076,2047.484130859375,Yahoo Finance via yfinance,0.05123471194060768,60.970950905586804,98.81141633035728,0.9994907498336266,-0.0005092501663733762,-0.05092501663733762
2026-02-14,2086.009765625,Yahoo Finance via yfinance,0.018131871977993777,61.54735616280761,100.79455225886153,2086.022705078125,Yahoo Finance via yfinance,0.01864745480565764,61.810602625687174,99.5634283700676,1.0000062029686236,6.202968623636451e-06,0.0006202968623636451
2026-02-15,1966.04296875,Yahoo Finance via yfinance,-0.05923016066341757,74.85716761800448,101.87732675638605,1961.78564453125,Yahoo Finance via yfinance,-0.06140413940197111,75.95726055069115,100.77144721444186,0.9978345721398669,-0.0021654278601330734,-0.21654278601330734
2026-02-16,1997.917724609375,Yahoo Finance via yfinance,0.016082623092426845,76.27876933947324,102.27907669754033,1995.956298828125,Yahoo Finance via yfinance,0.017268181652193078,77.76482420263994,101.24572599032022,0.9990182649880472,-0.0009817350119527557,-0.09817350119527557
2026-02-17,1992.1943359375,Yahoo Finance via yfinance,-0.002868787898831094,70.89530857683475,102.35462206749557,1990.96630859375,Yahoo Finance via yfinance,-0.0025031801874734706,72.49550069528449,101.31827502362415,0.9993835805465373,-0.000616419453462691,-0.0616419453462691
2026-02-18,1953.97412109375,Yahoo Finance via yfinance,-0.019371403139241388,65.58088681695435,102.25953737328143,1951.367919921875,Yahoo Finance via yfinance,-0.02008947905022788,67.35792951191961,101.23382454290623,0.9986662048674338,-0.0013337951325661512,-0.13337951325661512
2026-02-19,1948.2010498046875,Yahoo Finance via yfinance,-0.002958901252870125,65.60334516523525,99.54481694303949,1945.7808837890625,Yahoo Finance via yfinance,-0.0028672448714919677,67.36340653020386,98.43977859593782,0.9987577431929484,-0.0012422568070515894,-0.12422568070515894
2026-02-20,1969.0223388671875,Yahoo Finance via yfinance,0.010630736664791151,51.60131613711615,99.41103212415801,1966.710205078125,Yahoo Finance via yfinance,0.010698821008129333,53.57058670527318,98.32638898537445,0.9988257452729599,-0.001174254727040136,-0.1174254727040136
2026-02-21,1973.7371826171875,Yahoo Finance via yfinance,0.002391647764317804,48.33582363151823,99.56395329501282,1971.984130859375,Yahoo Finance via yfinance,0.0026780087426741196,50.28672911860232,98.48793521087985,0.9991118109476521,-0.0008881890523478875,-0.08881890523478875
2026-02-22,1957.805908203125,Yahoo Finance via yfinance,-0.008104381025179103,22.50798341158278,99.4446296669666,1954.5841064453125,Yahoo Finance via yfinance,-0.008862771386169217,23.586677741341852,98.35088297549916,0.9983543814306038,-0.0016456185693961567,-0.16456185693961567
2026-02-23,1855.5028076171875,Yahoo Finance via yfinance,-0.053668696967508325,40.34539170500061,100.30062970349802,1852.3599853515625,Yahoo Finance via yfinance,-0.053716943655304814,40.583325984227145,99.20623940558066,0.9983062153003902,-0.0016937846996097905,-0.16937846996097905
2026-02-24,1852.969482421875,Yahoo Finance via yfinance,-0.001366236763411363,40.53388648666885,99.79218868943569,1853.5758056640625,Yahoo Finance via yfinance,0.0006561475560737736,41.03154869359036,98.67694220476727,1.0003272170685698,0.00032721706856975175,0.032721706856975175
2026-02-25,2054.6279296875,Yahoo Finance via yfinance,0.10330529755605292,90.2425057956392,106.41870472097644,2051.983642578125,Yahoo Finance via yfinance,0.1016903143924855,89.18212103870705,105.0790053116903,0.9987130092650025,-0.0012869907349974952,-0.12869907349974952
2026-02-26,2026.7926025390625,Yahoo Finance via yfinance,-0.013640230652308093,91.29569896183708,105.228523503941,2026.0181884765625,Yahoo Finance via yfinance,-0.012734572507015329,90.13804328524779,103.86516190576893,0.9996179115408602,-0.0003820884591397844,-0.03820884591397844
2026-02-27,1930.7618408203125,Yahoo Finance via yfinance,-0.04853988358482078,99.00466514384378,105.89123836473684,1928.7908935546875,Yahoo Finance via yfinance,-0.049179056743872,98.16059444100652,104.56665775055842,0.9989791867521125,-0.0010208132478874976,-0.10208132478874976
2026-02-28,1965.050537109375,Yahoo Finance via yfinance,0.017603302415937827,100.09357284898996,104.89278746317167,1962.512939453125,Yahoo Finance via yfinance,0.017332437431893142,99.22104990377545,103.54219575254528,0.9987086349137957,-0.0012913650862043102,-0.12913650862043102
2026-03-01,1939.066650390625,Yahoo Finance via yfinance,-0.013311214361673498,100.4002447359024,104.3373921399476,1936.837158203125,Yahoo Finance via yfinance,-0.013169452188022283,99.48529152731724,102.9608453184397,0.9988502240564805,-0.0011497759435195043,-0.11497759435195043
2026-03-02,2027.2689208984373,Yahoo Finance via yfinance,0.04448277882265156,94.12006936939706,100.94747821019423,2031.736328125,Yahoo Finance via yfinance,0.04783444969912386,93.80134159436477,99.78716516923187,1.0022036579264397,0.0022036579264397282,0.22036579264397282
2026-03-03,1982.7689208984373,Yahoo Finance via yfinance,-0.02219521539096451,97.15939042575691,98.04183767892133,1983.057861328125,Yahoo Finance via yfinance,-0.024250733720866426,97.48032306664042,96.8600114980835,1.0001457257205528,0.00014572572055282507,0.014572572055282507
2026-03-04,2126.50537109375,Yahoo Finance via yfinance,0.06998564880773499,78.88631067115094,100.63004059408063,2125.163818359375,Yahoo Finance via yfinance,0.06920886260283302,80.09396502180643,99.38346671931352,0.9993691279821763,-0.000630872017823747,-0.0630872017823747
2026-03-05,2071.60546875,Yahoo Finance via yfinance,-0.02615606606712972,81.16180324100499,99.5068078976448,2072.263671875,Yahoo Finance via yfinance,-0.025207319330706947,82.25191624383476,98.21056500335654,1.0003177260993605,0.00031772609936053797,0.0317726099360538
2026-03-06,1978.751220703125,Yahoo Finance via yfinance,-0.04585794631276462,80.13992591132254,99.87662721139483,1981.22216796875,Yahoo Finance via yfinance,-0.04492766023511246,80.64579860332083,98.60028021454676,1.0012487407410149,0.0012487407410148865,0.12487407410148865
2026-03-07,1969.4554443359373,Yahoo Finance via yfinance,-0.004708868776353749,79.36835653222293,81.5382536678088,1968.7847900390625,Yahoo Finance via yfinance,-0.006297416265223969,80.04216354275619,80.71656405763969,0.9996594722166458,-0.0003405277833542497,-0.03405277833542497
2026-03-08,1936.604736328125,Yahoo Finance via yfinance,-0.016820776457913442,79.77444934069564,68.84111998628805,1939.98388671875,Yahoo Finance via yfinance,-0.014736827340959926,80.21229297849511,69.05659161200515,1.0017448838822072,0.001744883882207171,0.1744883882207171
2026-03-09,1992.938232421875,Yahoo Finance via yfinance,0.028673744603590037,75.06792919539616,69.48620248793628,1993.7252197265625,Yahoo Finance via yfinance,0.027325191270838618,73.9291372460886,69.61217460132167,1.0003948879558255,0.00039488795582554026,0.039488795582554026
2026-03-10,2037.1204833984373,Yahoo Finance via yfinance,0.021927234478122906,74.764942045835,69.96941080651612,2035.5509033203125,Yahoo Finance via yfinance,0.020761637923902405,73.0866164848171,70.0438898421634,0.9992295104335183,-0.0007704895664817357,-0.07704895664817357
2026-03-11,2051.5732421875,Yahoo Finance via yfinance,0.007069651069372434,50.914729904178415,69.9695084912958,2052.553466796875,Yahoo Finance via yfinance,0.008318115181282892,49.23617072223088,70.08165175156039,1.000477791671883,0.00047779167188299887,0.04777916718829989
2026-03-12,2073.13623046875,Yahoo Finance via yfinance,0.010455613837732266,48.52232133372318,68.55555563517231,2075.914794921875,Yahoo Finance via yfinance,0.011317309951130972,47.12044355463751,68.6841573287041,1.001340271040701,0.001340271040700891,0.1340271040700891
2026-03-13,2092.5634765625,Yahoo Finance via yfinance,0.00932731032254328,29.26258272370859,67.00806420163539,2087.5166015625,Yahoo Finance via yfinance,0.005573209002740218,27.824913691297485,67.08226821411833,0.9975881854689108,-0.0024118145310891848,-0.24118145310891848
2026-03-14,2097.086669921875,Yahoo Finance via yfinance,0.0021592233043722896,27.835016557714304,67.00763227019289,2096.1796875,Yahoo Finance via yfinance,0.004141360997817601,25.6172571720492,67.08345093883298,0.9995675036063679,-0.0004324963936320758,-0.04324963936320758
2026-03-15,2177.476318359375,Yahoo Finance via yfinance,0.03761747257489843,24.735177822200615,65.95490956511972,2173.739990234375,Yahoo Finance via yfinance,0.0363326902848244,23.323048450184398,65.91177264061763,0.9982841016026226,-0.0017158983973774022,-0.17158983973774022
2026-03-16,2351.176025390625,Yahoo Finance via yfinance,0.0767490852405507,50.145582496714304,70.75034683849094,2349.18017578125,Yahoo Finance via yfinance,0.07761722408189974,50.40152002395233,70.81417031817841,0.9991511271007268,-0.0008488728992731565,-0.08488728992731565
2026-03-17,2318.053466796875,Yahoo Finance via yfinance,-0.014187828746907258,57.173785016609415,67.34730115645111,2318.837890625,Yahoo Finance via yfinance,-0.013000254952176438,56.961235317204654,67.1064564674312,1.0003383976424016,0.0003383976424016222,0.03383976424016222
2026-03-18,2203.671630859375,Yahoo Finance via yfinance,-0.05060291819156262,76.17167670562364,69.99212182078867,2202.608642578125,Yahoo Finance via yfinance,-0.05142374641954257,76.51137826096812,69.82232018489427,0.9995176285493881,-0.0004823714506119181,-0.04823714506119181
2026-03-19,2137.423828125,Yahoo Finance via yfinance,-0.030523607148640667,81.64467707161322,70.95535366101254,2141.2197265625,Yahoo Finance via yfinance,-0.02826677219995919,81.3105920951335,70.66431703304883,1.0017759222048301,0.0017759222048301382,0.17759222048301382
2026-03-20,2146.4970703125,Yahoo Finance via yfinance,0.004235958585431247,81.5390481964308,70.52243913163917,2146.973876953125,Yahoo Finance via yfinance,0.0026837192423046718,81.31253681868773,70.19599384009939,1.0002221324441667,0.00022213244416668942,0.022213244416668942
2026-03-21,2076.68994140625,Yahoo Finance via yfinance,-0.033061992006107994,85.78299102908942,71.62280473860385,2099.224609375,Yahoo Finance via yfinance,-0.02249130867582578,83.53075353059724,70.74055088127504,1.0108512433750656,0.0108512433750656,1.08512433750656
2026-03-22,2053.04833984375,Yahoo Finance via yfinance,-0.011449568094526609,79.2782990405496,71.70696899796238,2053.79638671875,Yahoo Finance via yfinance,-0.021878066449443716,78.64945217191386,71.17835690821109,1.0003643591144362,0.00036435911443621904,0.036435911443621904
2026-03-23,2152.14599609375,Yahoo Finance via yfinance,0.04713979833568274,60.61778159126641,73.46266994287734,2151.757080078125,Yahoo Finance via yfinance,0.04659477845794935,58.75310238719037,72.90167264201199,0.9998192892042032,-0.00018071079579684568,-0.018071079579684568
2026-03-24,2155.704345703125,Yahoo Finance via yfinance,0.0016520306586044232,61.44453449856185,73.35773327258696,2157.703125,Yahoo Finance via yfinance,0.002759532940176513,59.771348797762535,72.77809543855678,1.000927204744407,0.0009272047444071063,0.09272047444071063
2026-03-25,2168.021484375,Yahoo Finance via yfinance,0.005697480587391201,51.696348284828865,70.4284458506832,2167.1005859375,Yahoo Finance via yfinance,0.004345850751142291,49.02304474657058,69.81074984176139,0.9995752355573333,-0.000424764442666703,-0.0424764442666703
2026-03-26,2059.578369140625,Yahoo Finance via yfinance,-0.05131370661715102,60.09189255006717,73.11708598416612,2058.148681640625,Yahoo Finance via yfinance,-0.051583258117311626,58.50432867914777,72.56529816829399,0.9993058348633771,-0.000694165136622904,-0.0694165136622904
2026-03-27,1991.27197265625,Yahoo Finance via yfinance,-0.033727669892453536,62.62651665842181,64.72134996224557,1990.923828125,Yahoo Finance via yfinance,-0.03320811424616215,61.07729512132203,64.38279496371503,0.9998251647509578,-0.00017483524904216008,-0.017483524904216008
2026-03-28,1992.694580078125,Yahoo Finance via yfinance,0.0007141663784116856,59.99125737068783,64.56320912969844,1992.8560791015625,Yahoo Finance via yfinance,0.0009700591765023871,60.689010007739675,64.24591439522457,1.0000810455475977,8.104554759769123e-05,0.008104554759769123
2026-03-29,1982.5596923828125,Yahoo Finance via yfinance,-0.005098999439741094,59.808756220804845,62.236656805004856,1984.1376953125,Yahoo Finance via yfinance,-0.004384416094059767,59.45740486352443,61.83311647724315,1.000795942203279,0.0007959422032790542,0.07959422032790542
2026-03-30,2023.514892578125,Yahoo Finance via yfinance,0.02044726139354914,47.493216262947975,62.34064349312981,2023.1138916015625,Yahoo Finance via yfinance,0.019453445636749375,47.09422857632272,61.90825534961927,0.9998018294908363,-0.0001981705091637087,-0.01981705091637087
2026-03-31,2104.708251953125,Yahoo Finance via yfinance,0.039340814763852025,58.95535038799036,63.51588817208158,2102.946533203125,Yahoo Finance via yfinance,0.03870161736754016,58.28594364636892,63.04598826497836,0.9991629629672591,-0.0008370370327408505,-0.08370370327408505
2026-04-01,2138.737060546875,Yahoo Finance via yfinance,0.016038636316827372,60.383852061615414,61.91743227548292,2138.94482421875,Yahoo Finance via yfinance,0.016973162300433036,60.02977891774848,61.1586313959215,1.0000971431578511,9.71431578511428e-05,0.00971431578511428
2026-04-02,2056.8525390625,Yahoo Finance via yfinance,-0.03903857547596571,54.65744074144321,63.00757851807579,2056.657470703125,Yahoo Finance via yfinance,-0.039230556694305835,54.18454934919973,62.17384667359428,0.9999051617188542,-9.483828114575932e-05,-0.009483828114575932
2026-04-03,2053.38525390625,Yahoo Finance via yfinance,-0.0016871461717564678,47.0671189137195,57.91675777345661,2053.003662109375,Yahoo Finance via yfinance,-0.0017781561245070465,46.745512926211966,57.12869353222072,0.9998141645382185,-0.000185835461781525,-0.0185835461781525
2026-04-04,2065.3515625,Yahoo Finance via yfinance,0.005810685555501069,46.96889198830691,57.250251807895616,2064.185791015625,Yahoo Finance via yfinance,0.005431936775550601,46.65809123782637,56.50106213811296,0.9994355578461597,-0.0005644421538403277,-0.05644421538403277
2026-04-05,2108.99560546875,Yahoo Finance via yfinance,0.020911357684258978,47.28189026782389,55.23529036168727,2109.054931640625,Yahoo Finance via yfinance,0.0215040888594011,47.224015362726,54.59104353131698,1.0000281300595038,2.813005950375036e-05,0.002813005950375036
2026-04-06,2107.761474609375,Yahoo Finance via yfinance,-0.0005853459761497797,46.572605029448134,55.189788070028015,2106.30322265625,Yahoo Finance via yfinance,-0.0013055637383630409,46.73086608482092,54.522304689292824,0.9993081513393752,-0.000691848660624772,-0.0691848660624772
2026-04-07,2241.806640625,Yahoo Finance via yfinance,0.06165560497032879,57.78006589281416,58.465605825631975,2242.117431640625,Yahoo Finance via yfinance,0.06248631763551752,58.58425978187919,58.034585328712176,1.0001386341756657,0.00013863417566573055,0.013863417566573055
2026-04-08,2190.33544921875,Yahoo Finance via yfinance,-0.02322737152703056,61.70041713264966,58.609559320065344,2191.325439453125,Yahoo Finance via yfinance,-0.022914117102601272,62.30784815540111,58.22840429796686,1.0004519811039574,0.00045198110395738844,0.045198110395738844
2026-04-09,2189.14404296875,Yahoo Finance via yfinance,-0.0005440857898826656,50.90909865399031,58.22621425096142,2189.57275390625,Yahoo Finance via yfinance,-0.0008001489936666449,51.54081539481389,57.89233275326689,1.0001958349606446,0.00019583496064456973,0.019583496064456973
2026-04-10,2245.148681640625,Yahoo Finance via yfinance,0.025261127435567108,51.2164366095899,58.75323520190497,2245.33203125,Yahoo Finance via yfinance,0.025146973109830547,51.799123435816774,58.40305842340384,1.0000816647961333,8.166479613325173e-05,0.008166479613325173
2026-04-11,2285.39013671875,Yahoo Finance via yfinance,0.017765001038666954,50.95727383752073,58.92495898419487,2285.815185546875,Yahoo Finance via yfinance,0.017869307521647233,51.50167671830816,58.56509743816372,1.0001859852378356,0.0001859852378356397,0.01859852378356397
2026-04-12,2192.201171875,Yahoo Finance via yfinance,-0.04163060757712065,64.3854482083605,60.910729950013874,2192.5390625,Yahoo Finance via yfinance,-0.04166245436181949,64.80734221309511,60.607285938740915,1.000154133037303,0.00015413303730293926,0.015413303730293926
2026-04-13,2370.71484375,Yahoo Finance via yfinance,0.07828539113868566,82.47709351795302,66.53467449777641,2373.418212890625,Yahoo Finance via yfinance,0.0792709384495697,83.14888349909243,66.38797265110547,1.0011403181398015,0.0011403181398015327,0.11403181398015327
2026-04-14,2323.30859375,Yahoo Finance via yfinance,-0.02019924377033633,76.34451774665439,65.92104941959373,2319.61376953125,Yahoo Finance via yfinance,-0.022930506805885976,77.43950851812936,65.98809843321641,0.9984096713502935,-0.0015903286497065405,-0.15903286497065405
2026-04-15,2359.43701171875,Yahoo Finance via yfinance,0.015430748489014857,72.63136333868061,60.429726600007285,2361.912353515625,Yahoo Finance via yfinance,0.018070917023589872,74.08160575830672,60.455432420354285,1.0010491239158241,0.001049123915824124,0.10491239158241239
2026-04-16,2348.64501953125,Yahoo Finance via yfinance,-0.004584461790341291,73.06659482302288,60.236137415604695,2350.4580078125,Yahoo Finance via yfinance,-0.004861404084761077,74.52217798160191,60.298551210759975,1.000771929459826,0.0007719294598260706,0.07719294598260706
2026-04-17,2421.07177734375,Yahoo Finance via yfinance,0.03037175089257519,73.80343780194418,58.18751289235624,2420.828857421875,Yahoo Finance via yfinance,0.02949977848708414,75.11968964746274,58.10287903105805,0.9998996643039879,-0.00010033569601208825,-0.010033569601208825
2026-04-18,2351.1005859375,Yahoo Finance via yfinance,-0.029326772361462847,78.75852231950134,58.10180870634161,2339.579345703125,Yahoo Finance via yfinance,-0.034138838178612504,81.25839296691811,58.536967576833064,0.9950996395886733,-0.004900360411326687,-0.49003604113266874
2026-04-19,2264.9169921875,Yahoo Finance via yfinance,-0.0373454427406088,77.29373078930179,59.79205277694244,2252.367431640625,Yahoo Finance via yfinance,-0.03798929152532438,80.05578661943615,60.25452569058868,0.9944591521057227,-0.005540847894277334,-0.5540847894277334
2026-04-20,2315.21240234375,Yahoo Finance via yfinance,0.021963323579239753,50.82624800069912,58.82795092982818,2300.5712890625,Yahoo Finance via yfinance,0.02117562375042277,53.268632980395545,59.98181567950153,0.9936761252373958,-0.006323874762604209,-0.6323874762604209
2026-04-21,2327.970458984375,Yahoo Finance via yfinance,0.0054954065471357755,49.00914859984184,58.57785978001044,2317.1943359375,Yahoo Finance via yfinance,0.007199637239823984,51.31834899920524,59.314455624987836,0.9953710224262999,-0.004628977573700066,-0.4628977573700066
2026-04-22,2376.088134765625,Yahoo Finance via yfinance,0.02045865422003999,50.0771484006874,56.82876446315871,2371.171142578125,Yahoo Finance via yfinance,0.02302687019920114,52.499922972851344,57.73402469409172,0.997930635604144,-0.0020693643958560326,-0.20693643958560326
2026-04-23,2331.513916015625,Yahoo Finance via yfinance,-0.0189376886242059,52.08402740098268,57.35527002196182,2321.369384765625,Yahoo Finance via yfinance,-0.021226722478069768,54.807093048871,58.361786318448914,0.9956489510183425,-0.0043510489816575015,-0.43510489816575015
2026-04-24,2315.690185546875,Yahoo Finance via yfinance,-0.006810026535066285,44.859223978224314,57.436486928673936,2308.5341796875,Yahoo Finance via yfinance,-0.005544494731030961,48.0681317277279,58.423003210667744,0.9969097740690709,-0.0030902259309291136,-0.30902259309291136
2026-04-25,2318.8291015625,Yahoo Finance via yfinance,0.001354581263398566,40.56815407619602,54.101905866984765,2311.793701171875,Yahoo Finance via yfinance,0.0014109483608841982,42.26605038545356,55.124448686346305,0.9969659685632355,-0.003034031436764506,-0.3034031436764506
2026-04-26,2369.72900390625,Yahoo Finance via yfinance,0.02171324359272805,30.37939741102521,52.679515795754604,2368.98046875,Yahoo Finance via yfinance,0.02443596339821577,32.59903453268565,53.89720473063608,0.9996841262629541,-0.00031587373704589083,-0.03158737370458908
2026-04-27,2303.06396484375,Yahoo Finance via yfinance,-0.02853520923910551,36.05877031686921,54.00617287511123,2292.46728515625,Yahoo Finance via yfinance,-0.03283102596250279,40.81637237408186,55.542513541563096,0.9953988773871424,-0.004601122612857611,-0.4601122612857611
2026-04-28,2289.419677734375,Yahoo Finance via yfinance,-0.005942025412355139,35.79825909451272,54.02646727761257,2279.980712890625,Yahoo Finance via yfinance,-0.005461670995635117,40.384311364993245,55.56587922941222,0.9958771364920341,-0.004122863507965868,-0.4122863507965868
2026-04-29,2253.415771484375,Yahoo Finance via yfinance,-0.01585118391858995,30.98037643094787,54.18638916031077,2251.72900390625,Yahoo Finance via yfinance,-0.01246861637878262,34.547491301503705,55.60984615818696,0.9992514618919996,-0.0007485381080003517,-0.07485381080003517
2026-04-30,2256.251220703125,Yahoo Finance via yfinance,0.0012574984349416124,29.886401599916105,52.62954928121689,2253.97607421875,Yahoo Finance via yfinance,0.0009974334581752716,32.81404569812966,54.14765413707532,0.9989916253724326,-0.001008374627567421,-0.1008374627567421
2026-05-01,2295.09375,Yahoo Finance via yfinance,0.01706900822062238,33.59846853371155,52.66457487251282,2286.87548828125,Yahoo Finance via yfinance,0.014490669554468335,35.40490879675128,54.069921087393155,0.9964192043489509,-0.0035807956510490735,-0.35807956510490735
2026-05-02,2316.23193359375,Yahoo Finance via yfinance,0.00916800638403556,34.43399654411155,50.53742706198212,2314.52880859375,Yahoo Finance via yfinance,0.012019658111084708,36.71218034859127,52.040909251998876,0.9992647001471232,-0.0007352998528767918,-0.07352998528767918
2026-05-03,2321.6357421875,Yahoo Finance via yfinance,0.0023302997915724253,29.423974461534108,50.500351622080764,2319.371826171875,Yahoo Finance via yfinance,0.002090256016765166,30.796014304000458,52.00491525955826,0.9990248616634874,-0.0009751383365126376,-0.09751383365126376
2026-05-04,2346.39697265625,Yahoo Finance via yfinance,0.010608949945406291,21.100603123862044,50.54860717910745,2342.59228515625,Yahoo Finance via yfinance,0.009961745931860968,18.743573871660686,52.04387344173136,0.9983784979505438,-0.0016215020494562138,-0.16215020494562138
2026-05-05,2361.1826171875,Yahoo Finance via yfinance,0.00628165402969772,19.878939127250764,50.19814466761784,2358.847900390625,Yahoo Finance via yfinance,0.006915191673715169,17.390317716494373,51.6814917041986,0.9990112087138537,-0.0009887912861462622,-0.09887912861462622
2026-05-06,2350.802001953125,Yahoo Finance via yfinance,-0.004406055141063485,13.466663791972644,50.25747536866063,2344.485107421875,Yahoo Finance via yfinance,-0.006107514646013621,13.763178354462022,51.767463059972144,0.9973128768284178,-0.002687123171582151,-0.2687123171582151
2026-05-07,2291.107666015625,Yahoo Finance via yfinance,-0.02572114978849261,26.7953375179182,46.675549106232175,2288.93017578125,Yahoo Finance via yfinance,-0.023981271134029314,25.684760791898086,48.03311384861115,0.9990495906121418,-0.0009504093878581754,-0.09504093878581754
2026-05-08,2306.97216796875,Yahoo Finance via yfinance,0.006900517380177334,24.245165791066672,45.90630489926105,2305.2578125,Yahoo Finance via yfinance,0.007107983175416873,24.035689352411527,47.31244480161213,0.9992568807320031,-0.0007431192679968612,-0.07431192679968612
2026-05-09,2326.727294921875,Yahoo Finance via yfinance,0.008526770803293412,24.113589697942846,45.95876961557779,2325.391845703125,Yahoo Finance via yfinance,0.008696041190317068,23.227029340507702,47.365469094411054,0.9994260396473345,-0.0005739603526655479,-0.05739603526655479
2026-05-10,2369.0439453125,Yahoo Finance via yfinance,0.018023789401602215,27.2405565302803,45.566014635814895,2372.87939453125,Yahoo Finance via yfinance,0.020215591487791625,27.24229599431584,47.092679988967326,1.001618986100422,0.001618986100422104,0.1618986100422104
2026-05-11,2339.36083984375,Yahoo Finance via yfinance,-0.012608728464913158,28.3728852611521,45.457331482711325,2339.603759765625,Yahoo Finance via yfinance,-0.014122570515249544,29.12335643381394,47.0443567052543,1.0001038402959208,0.00010384029592080957,0.010384029592080957
2026-05-12,2274.6435546875,Yahoo Finance via yfinance,-0.028054385823506677,33.75535079860702,44.08927173115128,2278.597900390625,Yahoo Finance via yfinance,-0.026421283763243823,33.76050575617417,45.591867986034664,1.0017384463139185,0.001738446313918507,0.1738446313918507
2026-05-13,2257.576416015625,Yahoo Finance via yfinance,-0.007531505292275851,33.77851305411875,34.283093815132,2257.529296875,Yahoo Finance via yfinance,-0.009289314034801825,33.90504415348922,35.9761274731373,0.9999791284404413,-2.087155955865505e-05,-0.002087155955865505
2026-05-14,2280.934814453125,Yahoo Finance via yfinance,0.01029350969888902,30.717441098484137,33.851498979364266,2288.211669921875,Yahoo Finance via yfinance,0.013499598516676845,32.166617348999296,35.50737680510519,1.0031902952344978,0.003190295234497764,0.3190295234497764
2026-05-15,2223.328857421875,Yahoo Finance via yfinance,-0.025579807171991084,34.58089825226503,34.4226665342874,2223.259765625,Yahoo Finance via yfinance,-0.02879610052853886,37.34176121100066,36.1865162912879,0.9999689241667312,-3.107583326877883e-05,-0.003107583326877883
2026-05-16,2179.751953125,Yahoo Finance via yfinance,-0.019794470746775893,33.741244114767994,34.97193747768594,2180.551513671875,Yahoo Finance via yfinance,-0.019396649059856427,36.49448922396455,36.68211778873188,1.0003668126300924,0.0003668126300924168,0.03668126300924168
2026-05-17,2127.645263671875,Yahoo Finance via yfinance,-0.024195229175847065,25.753649481209255,33.674256468944925,2126.999755859375,Yahoo Finance via yfinance,-0.024865411291410375,27.907744788460555,35.59831276625802,0.9996966092874966,-0.0003033907125034041,-0.03033907125034041
2026-05-18,2128.51611328125,Yahoo Finance via yfinance,0.0004092183281597835,28.19715674884718,32.46926575269031,2128.770751953125,Yahoo Finance via yfinance,0.0008322799327304866,30.378260933741934,33.96290335897659,1.000119632015133,0.00011963201513309762,0.011963201513309762
2026-05-19,2109.9638671875,Yahoo Finance via yfinance,-0.00875425372369268,25.443798662156443,30.14617999864467,2110.776123046875,Yahoo Finance via yfinance,-0.008488990686444459,28.432456740392492,31.63271663719077,1.0003849619758929,0.0003849619758928835,0.03849619758928835
2026-05-20,2126.9833984375,Yahoo Finance via yfinance,0.008033908248005973,28.886114631360726,29.10506046567285,2125.398193359375,Yahoo Finance via yfinance,0.006903459249573868,31.263949015022284,30.684846732735878,0.9992547167602298,-0.0007452832397701892,-0.07452832397701892
2026-05-21,2131.41064453125,Yahoo Finance via yfinance,0.002079303908552925,26.10831800338377,29.00634723651738,2132.800537109375,Yahoo Finance via yfinance,0.0034767523429758596,27.570425642811163,30.561823222906266,1.000652099857759,0.0006520998577590476,0.06520998577590476
2026-05-22,2064.636962890625,Yahoo Finance via yfinance,-0.031829628880296966,28.685673234429952,29.428366884741653,2064.593994140625,Yahoo Finance via yfinance,-0.03250232820008953,29.186150725240427,30.80059830243013,0.9999791882298088,-2.0811770191198065e-05,-0.0020811770191198065
2026-05-23,2115.951416015625,Yahoo Finance via yfinance,0.024550147375465292,36.75616295206192,30.660767158771872,2116.402099609375,Yahoo Finance via yfinance,0.0247839300386056,37.357083372149255,31.840949900630815,1.0002129933562458,0.0002129933562458053,0.02129933562458053
2026-05-24,2097.993896484375,Yahoo Finance via yfinance,-0.008522952674199372,33.145982691651646,30.691719605436973,2099.32470703125,Yahoo Finance via yfinance,-0.008101799178850951,33.49534196632252,31.878321731274323,1.0006343252709673,0.0006343252709672953,0.06343252709672953
2026-05-25,2111.370361328125,Yahoo Finance via yfinance,0.006355596261768782,33.68321685622495,30.83622229342397,2109.87255859375,Yahoo Finance via yfinance,0.0050118219582429725,33.834786827191834,31.968017539444528,0.9992906016103055,-0.0007093983896945266,-0.07093983896945266
2026-05-26,2070.858154296875,Yahoo Finance via yfinance,-0.019374108363781214,35.93813844429363,29.98968626690159,2070.602783203125,Yahoo Finance via yfinance,-0.018787782391226096,35.923598703671225,30.825975370419055,0.9998766834448704,-0.0001233165551296489,-0.01233165551296489
2026-05-27,2022.1982421875,Yahoo Finance via yfinance,-0.023777930243884346,37.48126805932262,29.552404837578433,2021.1820068359373,Yahoo Finance via yfinance,-0.024157272324458863,37.80128746863637,29.95845118097235,0.999497460075693,-0.0005025399243070439,-0.050253992430704386
2026-05-28,2007.552734375,Yahoo Finance via yfinance,-0.0072687232435778805,36.669864870528976,29.565104555873706,2005.86279296875,Yahoo Finance via yfinance,-0.007608203297667367,36.73216581319417,29.979194152115497,0.9991582082117628,-0.0008417917882371784,-0.08417917882371784
2026-05-29,2011.978515625,Yahoo Finance via yfinance,0.00220213888797984,31.38122078891623,29.353300788631238,2010.0689697265625,Yahoo Finance via yfinance,0.0020947458992849476,31.212847683975504,29.90819187947676,0.9990509113871704,-0.0009490886128296072,-0.09490886128296072
2026-05-30,2019.458251953125,Yahoo Finance via yfinance,0.0037107092790728668,22.252819759154367,29.418664751174024,2020.1337890625,Yahoo Finance via yfinance,0.004994706649921858,22.12831106529808,30.02091595641468,1.0003345140255915,0.00033451402559148136,0.033451402559148136
2026-05-31,2004.341552734375,Yahoo Finance via yfinance,-0.007513679144432405,22.213536761085415,28.4690702026455,2003.42529296875,Yahoo Finance via yfinance,-0.008305379291346105,22.13691988909637,29.332194834870663,0.9995428624605547,-0.0004571375394453181,-0.04571375394453181
