Date,total_staked_eth_network,apr_rede_ethstore_pct,preco_eth_usd,preco_steth_usd,preco_steth_eth,depeg_pct,retorno_log_eth,retorno_log_steth,volatilidade_30d_anual_eth,volatilidade_30d_anual_steth,apr_lido_liquido_pct,delta_apr_pp,timestamp_staking_fonte_ms,inicio_periodo_ethstore_utc,timestamp_ethstore_fonte_ms,recompensas_ethstore_eth,saldo_efetivo_elegivel_ethstore_eth,fim_periodo_ethstore_utc,fonte_staking,fonte_apr_rede,qualidade_staking_apr,staking_igual_dia_anterior,apr_rede_direto_total_pct,inicio_periodo_lido_utc,fim_periodo_lido_utc,fonte_apr_lido,status_apr_lido,fonte_preco_eth,volatilidade_7d_anual_eth,fonte_preco_steth,volatilidade_7d_anual_steth,liquid_staking_basis,comparacao_apr_alinhada,escopo_dataset,status_comparacao_apr
2022-05-01,11625590,4.713,2827.756103515625,2828.919921875,1.00041156956851,0.041156956850985,0.0351134809733128,0.0392546682742942,58.85063191390311,58.5487238759937,,,1651363200000,2022-05-01T12:00:23+00:00,1651406423000,1498.969502,11607830,2022-05-02 12:00:23+00:00,https://beaconcha.in/charts/staked_ether,https://www.beaconcha.in/ethstore,extraido_html_sem_imputacao; consistencia_interna_verificada,0,4.713,,,,ausente_nao_estimado,Yahoo Finance via yfinance,79.98313877300282,Yahoo Finance via yfinance,81.98986558201935,0.0004115695685098,0,staking_apr_rede,indisponivel_sem_dados_comparaveis
2022-05-02,11661590,4.663,2857.410400390625,2851.124755859375,0.9978002304007884,-0.2199769599211531,0.0104322593890358,0.0078185818456106,59.12592723556936,58.68058310704626,,,1651449600000,2022-05-02T12:00:23+00:00,1651492823000,1487.415486,11643830,2022-05-03 12:00:23+00:00,https://beaconcha.in/charts/staked_ether,https://www.beaconcha.in/ethstore,extraido_html_sem_imputacao; consistencia_interna_verificada,0,4.663,,,,ausente_nao_estimado,Yahoo Finance via yfinance,76.1943273831628,Yahoo Finance via yfinance,78.12380955105294,-0.0021997695992115,0,staking_apr_rede,indisponivel_sem_dados_comparaveis
2022-05-03,11697430,4.709,2783.476318359375,2773.48779296875,0.9964114925912096,-0.3588507408790353,-0.0262151395106234,-0.0276079084107935,58.5968136152694,58.257794882878976,,,1651536000000,2022-05-03T12:00:23+00:00,1651579223000,1506.701534,11679670,2022-05-04 12:00:23+00:00,https://beaconcha.in/charts/staked_ether,https://www.beaconcha.in/ethstore,extraido_html_sem_imputacao; consistencia_interna_verificada,0,4.709,,,,ausente_nao_estimado,Yahoo Finance via yfinance,59.50188395343725,Yahoo Finance via yfinance,61.78391851161837,-0.0035885074087903,0,staking_apr_rede,indisponivel_sem_dados_comparaveis
2022-05-04,11733398,4.697,2940.644775390625,2913.2177734375,0.9906731332588508,-0.9326866741149242,0.0549282479219163,0.0491525751502879,62.52917161154134,61.56792551817957,,,1651622400000,2022-05-04T12:00:23+00:00,1651665623000,1507.675725,11715638,2022-05-05 12:00:23+00:00,https://beaconcha.in/charts/staked_ether,https://www.beaconcha.in/ethstore,extraido_html_sem_imputacao; consistencia_interna_verificada,0,4.697,,,,ausente_nao_estimado,Yahoo Finance via yfinance,69.77044192150234,Yahoo Finance via yfinance,68.96033144955787,-0.0093268667411492,0,staking_apr_rede,indisponivel_sem_dados_comparaveis
2022-05-05,11769398,4.702,2749.213134765625,2730.36376953125,0.9931437235636582,-0.685627643634179,-0.0673141307405492,-0.0648233851119216,65.5387171285013,64.35334098335844,,,1651708800000,2022-05-05T12:00:23+00:00,1651752023000,1513.707674,11751638,2022-05-06 12:00:23+00:00,https://beaconcha.in/charts/staked_ether,https://www.beaconcha.in/ethstore,extraido_html_sem_imputacao; consistencia_interna_verificada,0,4.702,,,,ausente_nao_estimado,Yahoo Finance via yfinance,84.3048444565631,Yahoo Finance via yfinance,82.13284581948356,-0.0068562764363417,0,staking_apr_rede,indisponivel_sem_dados_comparaveis
2022-05-06,11805366,4.652,2694.979736328125,2687.427490234375,0.9971976612692308,-0.2802338730769071,-0.0199240525771923,-0.015850436520669,61.31374700106458,60.15068634024264,,,1651795200000,2022-05-06T12:00:23+00:00,1651838423000,1502.248207,11787574,2022-05-07 12:00:23+00:00,https://beaconcha.in/charts/staked_ether,https://www.beaconcha.in/ethstore,extraido_html_sem_imputacao; consistencia_interna_verificada,0,4.652,,,,ausente_nao_estimado,Yahoo Finance via yfinance,80.488510196649,Yahoo Finance via yfinance,77.65161830657523,-0.002802338730769,0,staking_apr_rede,indisponivel_sem_dados_comparaveis
2022-05-07,11841334,4.675,2636.093017578125,2625.694091796875,0.996055174945684,-0.3944825054316148,-0.0220927819304479,-0.0232391356974202,60.91490220423257,59.6812851674224,,,1651881600000,2022-05-07T12:00:23+00:00,1651924823000,1514.44808,11823574,2022-05-08 12:00:23+00:00,https://beaconcha.in/charts/staked_ether,https://www.beaconcha.in/ethstore,extraido_html_sem_imputacao; consistencia_interna_verificada,0,4.675,,,,ausente_nao_estimado,Yahoo Finance via yfinance,79.10575470180832,Yahoo Finance via yfinance,76.40251171196924,-0.0039448250543161,0,staking_apr_rede,indisponivel_sem_dados_comparaveis
2022-05-08,11877334,4.689,2517.4599609375,2497.317626953125,0.99199894564485,-0.8001054355150083,-0.0460474622253657,-0.0501280703811502,62.41189454993705,61.54114555905407,,,1651968000000,2022-05-08T12:00:23+00:00,1652011223000,1523.414553,11859542,2022-05-09 12:00:23+00:00,https://beaconcha.in/charts/staked_ether,https://www.beaconcha.in/ethstore,extraido_html_sem_imputacao; consistencia_interna_verificada,0,4.689,,,,ausente_nao_estimado,Yahoo Finance via yfinance,75.69918254522207,Yahoo Finance via yfinance,72.01350584315398,-0.00800105435515,0,staking_apr_rede,indisponivel_sem_dados_comparaveis
2022-05-09,11913302,4.679,2245.430419921875,2228.75439453125,0.9925733501948348,-0.7426649805165275,-0.1143532145756753,-0.1137743446930021,71.6492614745031,70.82573774678868,,,1652054400000,2022-05-09T12:00:23+00:00,1652097623000,1524.906744,11895542,2022-05-10 12:00:23+00:00,https://beaconcha.in/charts/staked_ether,https://www.beaconcha.in/ethstore,extraido_html_sem_imputacao; consistencia_interna_verificada,0,4.679,,,,ausente_nao_estimado,Yahoo Finance via yfinance,98.71640754771973,Yahoo Finance via yfinance,95.41266065078426,-0.0074266498051652,0,staking_apr_rede,indisponivel_sem_dados_comparaveis
2022-05-10,11949270,4.66,2343.510986328125,2322.286865234375,0.990943451420723,-0.9056548579276956,0.0427529997561935,0.0411095560105852,74.17387875057987,73.2439901418124,,,1652140800000,2022-05-10T12:00:23+00:00,1652184023000,1523.341855,11931510,2022-05-11 12:00:23+00:00,https://beaconcha.in/charts/staked_ether,https://www.beaconcha.in/ethstore,extraido_html_sem_imputacao; consistencia_interna_verificada,0,4.66,,,,ausente_nao_estimado,Yahoo Finance via yfinance,113.64233305963576,Yahoo Finance via yfinance,110.4491305883375,-0.0090565485792769,0,staking_apr_rede,indisponivel_sem_dados_comparaveis
2022-05-11,11985270,4.68,2072.108642578125,2065.02294921875,0.9965804431226352,-0.3419556877364726,-0.1230834696703477,-0.117411078176544,81.05775835134766,79.37273722158059,,,1652227200000,2022-05-11T12:00:23+00:00,1652270423000,1534.515957,11967510,2022-05-12 12:00:23+00:00,https://beaconcha.in/charts/staked_ether,https://www.beaconcha.in/ethstore,extraido_html_sem_imputacao; consistencia_interna_verificada,0,4.68,,,,ausente_nao_estimado,Yahoo Finance via yfinance,110.53517713676568,Yahoo Finance via yfinance,107.5366002409678,-0.0034195568773647,0,staking_apr_rede,indisponivel_sem_dados_comparaveis
2022-05-12,12021270,4.654,1961.7015380859373,1911.8447265625,0.9745849149039852,-2.5415085096014867,-0.054754528388772,-0.0770727383997149,81.70297814724653,81.94551369093513,,,1652313600000,2022-05-12T12:00:23+00:00,1652356823000,1530.496276,12003510,2022-05-13 12:00:23+00:00,https://beaconcha.in/charts/staked_ether,https://www.beaconcha.in/ethstore,extraido_html_sem_imputacao; consistencia_interna_verificada,0,4.654,,,,ausente_nao_estimado,Yahoo Finance via yfinance,109.70796859408544,Yahoo Finance via yfinance,108.97615791669816,-0.0254150850960148,0,staking_apr_rede,indisponivel_sem_dados_comparaveis
2022-05-13,12057269,4.63,2014.418212890625,1950.679931640625,0.968358962978925,-3.1641037021075014,0.0265181973041141,0.02010939331788,81.56686585980744,81.44831936947773,,,1652400000000,2022-05-13T12:00:23+00:00,1652443223000,1527.322648,12039509,2022-05-14 12:00:23+00:00,https://beaconcha.in/charts/staked_ether,https://www.beaconcha.in/ethstore,extraido_html_sem_imputacao; consistencia_interna_verificada,0,4.63,,,,ausente_nao_estimado,Yahoo Finance via yfinance,121.48683477377126,Yahoo Finance via yfinance,118.6757730122842,-0.031641037021075,0,staking_apr_rede,indisponivel_sem_dados_comparaveis
2022-05-14,12093269,4.655,2056.27392578125,2016.4405517578125,0.9806283717728398,-1.937162822716021,0.0205651454874667,0.0331558593005455,82.20873850455703,83.05663381496628,,,1652486400000,2022-05-14T12:00:23+00:00,1652529623000,1540.103037,12075509,2022-05-15 12:00:23+00:00,https://beaconcha.in/charts/staked_ether,https://www.beaconcha.in/ethstore,extraido_html_sem_imputacao; consistencia_interna_verificada,0,4.655,,,,ausente_nao_estimado,Yahoo Finance via yfinance,129.30310058026075,Yahoo Finance via yfinance,131.48528358550078,-0.0193716282271602,0,staking_apr_rede,indisponivel_sem_dados_comparaveis
2022-05-15,12129269,4.629,2145.706787109375,2111.29638671875,0.9839631395131198,-1.6036860486880244,0.0425734314830471,0.0459683061162081,84.20190935693243,85.40963907677856,,,1652572800000,2022-05-15T12:00:23+00:00,1652616023000,1536.097527,12111509,2022-05-16 12:00:23+00:00,https://beaconcha.in/charts/staked_ether,https://www.beaconcha.in/ethstore,extraido_html_sem_imputacao; consistencia_interna_verificada,0,4.629,,,,ausente_nao_estimado,Yahoo Finance via yfinance,140.26996189823438,Yahoo Finance via yfinance,143.70916515089462,-0.0160368604868802,0,staking_apr_rede,indisponivel_sem_dados_comparaveis
2022-05-16,12165269,4.64,2022.7259521484373,1985.292236328125,0.981493431781724,-1.850656821827601,-0.0590229196419663,-0.0615360344747259,85.50290993799652,86.78755220051569,,,1652659200000,2022-05-16T12:00:23+00:00,1652702423000,1544.163444,12147509,2022-05-17 12:00:23+00:00,https://beaconcha.in/charts/staked_ether,https://www.beaconcha.in/ethstore,extraido_html_sem_imputacao; consistencia_interna_verificada,0,4.64,,,,ausente_nao_estimado,Yahoo Finance via yfinance,122.92478501428452,Yahoo Finance via yfinance,127.9402025253745,-0.018506568218276,0,staking_apr_rede,indisponivel_sem_dados_comparaveis
2022-05-17,12201237,4.628,2090.4091796875,2031.4000244140625,0.9717714809871536,-2.822851901284651,0.032913743625919,0.022959096907048,86.9634051746902,87.68700134766117,,,1652745600000,2022-05-17T12:00:23+00:00,1652788823000,1544.90089,12183477,2022-05-18 12:00:23+00:00,https://beaconcha.in/charts/staked_ether,https://www.beaconcha.in/ethstore,extraido_html_sem_imputacao; consistencia_interna_verificada,0,4.628,,,,ausente_nao_estimado,Yahoo Finance via yfinance,120.29361894116192,Yahoo Finance via yfinance,123.56262243015246,-0.0282285190128465,0,staking_apr_rede,indisponivel_sem_dados_comparaveis
2022-05-18,12237237,4.61,1916.6561279296875,1879.1427001953125,0.9804276692163368,-1.9572330783663272,-0.0867777589145837,-0.0779095602385803,89.88567052373824,89.57548551089968,,,1652832000000,2022-05-18T12:00:23+00:00,1652875223000,1543.256837,12219477,2022-05-19 12:00:23+00:00,https://beaconcha.in/charts/staked_ether,https://www.beaconcha.in/ethstore,extraido_html_sem_imputacao; consistencia_interna_verificada,0,4.61,,,,ausente_nao_estimado,Yahoo Finance via yfinance,102.1871800715702,Yahoo Finance via yfinance,106.5709542123254,-0.0195723307836632,0,staking_apr_rede,indisponivel_sem_dados_comparaveis
2022-05-19,12273237,4.564,2018.336181640625,1989.5418701171875,0.9857336395267752,-1.4266360473224935,0.0516914318988702,0.0570887339080846,92.33022584423632,92.62130577961028,,,1652918400000,2022-05-19T12:00:23+00:00,1652961623000,1532.314363,12255477,2022-05-20 12:00:23+00:00,https://beaconcha.in/charts/staked_ether,https://www.beaconcha.in/ethstore,extraido_html_sem_imputacao; consistencia_interna_verificada,0,4.564,,,,ausente_nao_estimado,Yahoo Finance via yfinance,103.45044439397446,Yahoo Finance via yfinance,101.792377604189,-0.0142663604732249,0,staking_apr_rede,indisponivel_sem_dados_comparaveis
2022-05-20,12309237,4.578,1961.315673828125,1932.6578369140625,0.9853884628076582,-1.461153719234176,-0.0286579893494737,-0.0290082230790194,92.4374352011667,92.75456601840057,,,1653004800000,2022-05-20T12:00:23+00:00,1653048023000,1541.736416,12291477,2022-05-21 12:00:23+00:00,https://beaconcha.in/charts/staked_ether,https://www.beaconcha.in/ethstore,extraido_html_sem_imputacao; consistencia_interna_verificada,0,4.578,,,,ausente_nao_estimado,Yahoo Finance via yfinance,103.83733224872958,Yahoo Finance via yfinance,103.72080524739384,-0.0146115371923417,0,staking_apr_rede,indisponivel_sem_dados_comparaveis
2022-05-21,12345237,4.601,1974.518310546875,1925.22412109375,0.975034827892038,-2.4965172107961897,0.0067089650083052,-0.0038537856271802,92.58048238739464,92.71433346139504,,,1653091200000,2022-05-21T12:00:23+00:00,1653134423000,1554.017559,12327477,2022-05-22 12:00:23+00:00,https://beaconcha.in/charts/staked_ether,https://www.beaconcha.in/ethstore,extraido_html_sem_imputacao; consistencia_interna_verificada,0,4.601,,,,ausente_nao_estimado,Yahoo Finance via yfinance,102.3292216933422,Yahoo Finance via yfinance,99.5969452798344,-0.0249651721079618,0,staking_apr_rede,indisponivel_sem_dados_comparaveis
2022-05-22,12381237,4.451,2043.170166015625,1994.964599609375,0.9764064847813164,-2.359351521868358,0.0341781293795885,0.0355839181227746,94.06781990063298,94.2682334059364,,,1653177600000,2022-05-22T12:00:23+00:00,1653220823000,1507.734558,12363477,2022-05-23 12:00:23+00:00,https://beaconcha.in/charts/staked_ether,https://www.beaconcha.in/ethstore,extraido_html_sem_imputacao; consistencia_interna_verificada,0,4.451,,,,ausente_nao_estimado,Yahoo Finance via yfinance,100.06978899023542,Yahoo Finance via yfinance,96.49585044460412,-0.0235935152186835,0,staking_apr_rede,indisponivel_sem_dados_comparaveis
2022-05-23,12417237,4.607,1972.181884765625,1929.0291748046875,0.9781193051744992,-2.18806948255007,-0.0353621190107059,-0.0336094475029196,94.39667952947686,94.50734906756418,,,1653264000000,2022-05-23T12:00:23+00:00,1653307223000,1564.970514,12399477,2022-05-24 12:00:23+00:00,https://beaconcha.in/charts/staked_ether,https://www.beaconcha.in/ethstore,extraido_html_sem_imputacao; consistencia_interna_verificada,0,4.607,,,,ausente_nao_estimado,Yahoo Finance via yfinance,93.85168019246215,Yahoo Finance via yfinance,88.89531141351766,-0.0218806948255007,0,staking_apr_rede,indisponivel_sem_dados_comparaveis
2022-05-24,12453237,4.584,1978.9827880859373,1930.146728515625,0.9753226456216194,-2.467735437838059,0.0034424837230021,0.0005791670398931,94.538410294675,94.61114287536992,,,1653350400000,2022-05-24T12:00:23+00:00,1653393623000,1561.697414,12435477,2022-05-25 12:00:23+00:00,https://beaconcha.in/charts/staked_ether,https://www.beaconcha.in/ethstore,extraido_html_sem_imputacao; consistencia_interna_verificada,0,4.584,,,,ausente_nao_estimado,Yahoo Finance via yfinance,89.16963668409072,Yahoo Finance via yfinance,86.17748127724585,-0.0246773543783805,0,staking_apr_rede,indisponivel_sem_dados_comparaveis
2022-05-25,12489237,4.581,1944.827880859375,1898.4359130859373,0.9761459776312246,-2.385402236877543,-0.0174094892809173,-0.0165656816494273,93.3086989649989,93.35492912652936,,,1653436800000,2022-05-25T12:00:23+00:00,1653480023000,1565.208952,12471477,2022-05-26 12:00:23+00:00,https://beaconcha.in/charts/staked_ether,https://www.beaconcha.in/ethstore,extraido_html_sem_imputacao; consistencia_interna_verificada,0,4.581,,,,ausente_nao_estimado,Yahoo Finance via yfinance,61.61881597565597,Yahoo Finance via yfinance,64.18017085770282,-0.0238540223687754,0,staking_apr_rede,indisponivel_sem_dados_comparaveis
2022-05-26,12525237,4.558,1803.913330078125,1761.2691650390625,0.9763601918517806,-2.363980814821942,-0.075215102730858,-0.074995677845279,93.77745045249574,93.74522105355608,,,1653523200000,2022-05-26T12:00:23+00:00,1653566423000,1561.723705,12507477,2022-05-27 12:00:23+00:00,https://beaconcha.in/charts/staked_ether,https://www.beaconcha.in/ethstore,extraido_html_sem_imputacao; consistencia_interna_verificada,0,4.558,,,,ausente_nao_estimado,Yahoo Finance via yfinance,67.3436490214168,Yahoo Finance via yfinance,65.39326769202167,-0.0236398081482194,0,staking_apr_rede,indisponivel_sem_dados_comparaveis
2022-05-27,12561237,4.568,1724.9228515625,1674.001708984375,0.9704791767747764,-2.9520823225223536,-0.0447760515410735,-0.0508176727045196,93.0153775647938,93.08202061115172,,,1653609600000,2022-05-27T12:00:23+00:00,1653652823000,1569.810164,12543477,2022-05-28 12:00:23+00:00,https://beaconcha.in/charts/staked_ether,https://www.beaconcha.in/ethstore,extraido_html_sem_imputacao; consistencia_interna_verificada,0,4.568,,,,ausente_nao_estimado,Yahoo Finance via yfinance,70.12827014743856,Yahoo Finance via yfinance,69.5129912627322,-0.0295208232252235,0,staking_apr_rede,indisponivel_sem_dados_comparaveis
2022-05-28,12599989,4.556,1757.9417724609375,1754.226806640625,0.9978867526339557,-0.2113247366044346,0.0189613514961108,0.0468112008579366,93.13227015450892,95.11861395083363,,,1653696000000,2022-05-28T12:00:23+00:00,1653739223000,1570.276427,12579477,2022-05-29 12:00:23+00:00,https://beaconcha.in/charts/staked_ether,https://www.beaconcha.in/ethstore,extraido_html_sem_imputacao; consistencia_interna_verificada,0,4.556,,,,ausente_nao_estimado,Yahoo Finance via yfinance,73.27872529142513,Yahoo Finance via yfinance,84.8423404728188,-0.0021132473660443,0,staking_apr_rede,indisponivel_sem_dados_comparaveis
2022-05-29,12643189,4.547,1812.031005859375,1769.7288818359375,0.976654856408831,-2.334514359116901,0.0303046416283964,0.0087981669260267,94.1025842957726,95.04944573808038,,,1653782400000,2022-05-29T12:00:23+00:00,1653825623000,1572.511161,12621877,2022-05-30 12:00:23+00:00,https://beaconcha.in/charts/staked_ether,https://www.beaconcha.in/ethstore,extraido_html_sem_imputacao; consistencia_interna_verificada,0,4.547,,,,ausente_nao_estimado,Yahoo Finance via yfinance,71.68196201566668,Yahoo Finance via yfinance,77.3281370387178,-0.023345143591169,0,staking_apr_rede,indisponivel_sem_dados_comparaveis
2022-05-30,12686389,4.545,1996.4412841796875,1954.132080078125,0.9788076892434396,-2.119231075656048,0.0969179188362991,0.0991197853043411,101.59711777491611,102.8761010103199,,,1653868800000,2022-05-30T12:00:23+00:00,1653912023000,1577.121171,12665077,2022-05-31 12:00:23+00:00,https://beaconcha.in/charts/staked_ether,https://www.beaconcha.in/ethstore,extraido_html_sem_imputacao; consistencia_interna_verificada,0,4.545,,,,ausente_nao_estimado,Yahoo Finance via yfinance,106.44854310655305,Yahoo Finance via yfinance,111.81195949378868,-0.0211923107565604,0,staking_apr_rede,indisponivel_sem_dados_comparaveis
2022-05-31,12701012,4.546,1942.3280029296875,1901.566650390625,0.9790141765563898,-2.098582344361022,-0.0274789825530524,-0.0272680468011101,100.40419749936464,101.39023406516964,,,1653955200000,2022-05-31T12:00:23+00:00,1653998423000,1581.731835,12698452,2022-06-01 12:00:23+00:00,https://beaconcha.in/charts/staked_ether,https://www.beaconcha.in/ethstore,extraido_html_sem_imputacao; consistencia_interna_verificada,0,4.546,,,,ausente_nao_estimado,Yahoo Finance via yfinance,108.47140670222184,Yahoo Finance via yfinance,113.79464689177236,-0.0209858234436102,0,staking_apr_rede,indisponivel_sem_dados_comparaveis
2022-06-01,12721748,4.535,1823.5693359375,1784.909912109375,0.9788001349516824,-2.11998650483175,-0.0630915010685851,-0.0633101547011609,101.55742373260456,102.5595787425868,,,1654041600000,2022-06-01T12:00:23+00:00,1654084823000,1579.054778,12708116,2022-06-02 12:00:23+00:00,https://beaconcha.in/charts/staked_ether,https://www.beaconcha.in/ethstore,extraido_html_sem_imputacao; consistencia_interna_verificada,0,4.535,,,,ausente_nao_estimado,Yahoo Finance via yfinance,116.93314124573811,Yahoo Finance via yfinance,122.10444310548012,-0.0211998650483175,0,staking_apr_rede,indisponivel_sem_dados_comparaveis
2022-06-02,12747796,4.547,1834.1505126953125,1792.1787109375,0.9771164899132871,-2.2883510086712744,0.005785684367309,0.0040640921145155,101.72475067268088,102.68821958167663,,,1654128000000,2022-06-02T12:00:23+00:00,1654171223000,1586.159718,12733268,2022-06-03 12:00:23+00:00,https://beaconcha.in/charts/staked_ether,https://www.beaconcha.in/ethstore,extraido_html_sem_imputacao; consistencia_interna_verificada,0,4.547,,,,ausente_nao_estimado,Yahoo Finance via yfinance,102.8997263538763,Yahoo Finance via yfinance,108.63789660939317,-0.0228835100867127,0,staking_apr_rede,indisponivel_sem_dados_comparaveis
2022-06-03,12760500,4.546,1775.07861328125,1735.8084716796875,0.977876956373796,-2.2123043626203875,-0.0327367273386029,-0.0319587538877877,98.81297356842236,100.22247414381116,,,1654214400000,2022-06-03T12:00:23+00:00,1654257623000,1588.799632,12757204,2022-06-04 12:00:23+00:00,https://beaconcha.in/charts/staked_ether,https://www.beaconcha.in/ethstore,extraido_html_sem_imputacao; consistencia_interna_verificada,0,4.546,,,,ausente_nao_estimado,Yahoo Finance via yfinance,99.86628613941149,Yahoo Finance via yfinance,103.75261297339912,-0.0221230436262038,0,staking_apr_rede,indisponivel_sem_dados_comparaveis
2022-06-04,12768755,4.512,1801.6094970703125,1760.19775390625,0.9770140292713796,-2.2985970728620297,0.0148357192945896,0.0139528801339404,97.67823147503688,99.27932630635615,,,1654300800000,2022-06-04T12:00:23+00:00,1654344023000,1577.684596,12763188,2022-06-05 12:00:23+00:00,https://beaconcha.in/charts/staked_ether,https://www.beaconcha.in/ethstore,extraido_html_sem_imputacao; consistencia_interna_verificada,0,4.512,,,,ausente_nao_estimado,Yahoo Finance via yfinance,99.53655835311936,Yahoo Finance via yfinance,98.30176714441212,-0.0229859707286202,0,staking_apr_rede,indisponivel_sem_dados_comparaveis
2022-06-05,12771507,4.525,1805.2049560546875,1766.1185302734375,0.9783479290536216,-2.1652070946378443,0.0019937039856387,0.0033580549524546,97.8124952927742,99.47558457035532,,,1654387200000,2022-06-05T12:00:23+00:00,1654430423000,1583.120198,12769683,2022-06-06 12:00:23+00:00,https://beaconcha.in/charts/staked_ether,https://www.beaconcha.in/ethstore,extraido_html_sem_imputacao; consistencia_interna_verificada,0,4.525,,,,ausente_nao_estimado,Yahoo Finance via yfinance,96.96572541372431,Yahoo Finance via yfinance,98.10019674581794,-0.0216520709463784,0,staking_apr_rede,indisponivel_sem_dados_comparaveis
2022-06-06,12778675,4.535,1859.2896728515625,1813.786376953125,0.9755265160868398,-2.4473483913160177,0.0295203840683699,0.0266323633617819,98.88326189725387,100.40879814666914,,,1654473600000,2022-06-06T12:00:23+00:00,1654516823000,1587.005839,12771891,2022-06-07 12:00:23+00:00,https://beaconcha.in/charts/staked_ether,https://www.beaconcha.in/ethstore,extraido_html_sem_imputacao; consistencia_interna_verificada,0,4.535,,,,ausente_nao_estimado,Yahoo Finance via yfinance,61.4767412953477,Yahoo Finance via yfinance,59.96710308791867,-0.0244734839131601,0,staking_apr_rede,indisponivel_sem_dados_comparaveis
2022-06-07,12781875,4.533,1814.04833984375,1774.346923828125,0.9781144663327744,-2.1885533667225565,-0.0246335189249546,-0.021984156239605,98.22526668932362,99.55160831579744,,,1654560000000,2022-06-07T12:00:23+00:00,1654603223000,1587.127489,12779667,2022-06-08 12:00:23+00:00,https://beaconcha.in/charts/staked_ether,https://www.beaconcha.in/ethstore,extraido_html_sem_imputacao; consistencia_interna_verificada,0,4.533,,,,ausente_nao_estimado,Yahoo Finance via yfinance,61.02195626497499,Yahoo Finance via yfinance,59.19256469828888,-0.0218855336672255,0,staking_apr_rede,indisponivel_sem_dados_comparaveis
2022-06-08,12786867,4.531,1793.572265625,1743.5789794921875,0.9721264165983344,-2.787358340166546,-0.0113516892921602,-0.0174925394859015,90.86950485367524,92.50421796128188,,,1654646400000,2022-06-08T12:00:23+00:00,1654689623000,1587.123724,12784723,2022-06-09 12:00:23+00:00,https://beaconcha.in/charts/staked_ether,https://www.beaconcha.in/ethstore,extraido_html_sem_imputacao; consistencia_interna_verificada,0,4.531,,,,ausente_nao_estimado,Yahoo Finance via yfinance,41.98071422959252,Yahoo Finance via yfinance,40.256695119330445,-0.0278735834016654,0,staking_apr_rede,indisponivel_sem_dados_comparaveis
2022-06-09,12788979,4.528,1789.8260498046875,1733.3184814453125,0.9684284579691188,-3.1571542030881306,-0.0020908740002338,-0.0059021170152365,89.0773962275921,90.788730772799,,,1654732800000,2022-06-09T12:00:23+00:00,1654776023000,1586.385794,12787923,2022-06-10 12:00:23+00:00,https://beaconcha.in/charts/staked_ether,https://www.beaconcha.in/ethstore,extraido_html_sem_imputacao; consistencia_interna_verificada,0,4.528,,,,ausente_nao_estimado,Yahoo Finance via yfinance,41.43160194415832,Yahoo Finance via yfinance,39.78103308083728,-0.0315715420308813,0,staking_apr_rede,indisponivel_sem_dados_comparaveis
2022-06-10,12793491,4.531,1665.042236328125,1574.4781494140625,0.94560853476379,-5.439146523620996,-0.0722679459757223,-0.0961138848165286,82.39814722172291,87.86698878543469,,,1654819200000,2022-06-10T12:00:23+00:00,1654862423000,1587.883539,12792211,2022-06-11 12:00:23+00:00,https://beaconcha.in/charts/staked_ether,https://www.beaconcha.in/ethstore,extraido_html_sem_imputacao; consistencia_interna_verificada,0,4.531,,,,ausente_nao_estimado,Yahoo Finance via yfinance,62.75233977012684,Yahoo Finance via yfinance,76.49085024319632,-0.0543914652362099,0,staking_apr_rede,indisponivel_sem_dados_comparaveis
2022-06-11,12802866,4.533,1529.6634521484375,1470.4757080078125,0.9613066886984226,-3.869331130157738,-0.0848027449824652,-0.068337924339496,85.19576247298018,87.06494065794,,,1654905600000,2022-06-11T12:00:23+00:00,1654948823000,1589.521142,12799667,2022-06-12 12:00:23+00:00,https://beaconcha.in/charts/staked_ether,https://www.beaconcha.in/ethstore,extraido_html_sem_imputacao; consistencia_interna_verificada,0,4.533,,,,ausente_nao_estimado,Yahoo Finance via yfinance,78.7893459917632,Yahoo Finance via yfinance,81.17657966821015,-0.0386933113015773,0,staking_apr_rede,indisponivel_sem_dados_comparaveis
2022-06-12,12832018,4.51,1445.216552734375,1391.47021484375,0.9628108757895584,-3.718912421044162,-0.0567885714722578,-0.0552250626458531,85.86444256791087,87.88362851812091,,,1654992000000,2022-06-12T12:00:23+00:00,1655035223000,1583.656828,12815922,2022-06-13 12:00:23+00:00,https://beaconcha.in/charts/staked_ether,https://www.beaconcha.in/ethstore,extraido_html_sem_imputacao; consistencia_interna_verificada,0,4.51,,,,ausente_nao_estimado,Yahoo Finance via yfinance,78.7087911725191,Yahoo Finance via yfinance,79.42690760650642,-0.0371891242104416,0,staking_apr_rede,indisponivel_sem_dados_comparaveis
2022-06-13,12849810,4.505,1204.582763671875,1151.9013671875,0.9562658556363628,-4.373414436363731,-0.1821259210514069,-0.1889469568363966,103.71677101932876,106.02851232860664,,,1655078400000,2022-06-13T12:00:23+00:00,1655121623000,1585.46748,12845874,2022-06-14 12:00:23+00:00,https://beaconcha.in/charts/staked_ether,https://www.beaconcha.in/ethstore,extraido_html_sem_imputacao; consistencia_interna_verificada,0,4.505,,,,ausente_nao_estimado,Yahoo Finance via yfinance,117.3398978003488,Yahoo Finance via yfinance,120.92445033526435,-0.0437341443636373,0,staking_apr_rede,indisponivel_sem_dados_comparaveis
2022-06-14,12857138,4.518,1211.662841796875,1151.9921875,0.950753087213284,-4.924691278671589,0.0058604128424744,7.884071932261728e-05,101.79871016046944,103.69019806797162,,,1655164800000,2022-06-14T12:00:23+00:00,1655208023000,1590.962454,12852658,2022-06-15 12:00:23+00:00,https://beaconcha.in/charts/staked_ether,https://www.beaconcha.in/ethstore,extraido_html_sem_imputacao; consistencia_interna_verificada,0,4.518,,,,ausente_nao_estimado,Yahoo Finance via yfinance,125.06068217005397,Yahoo Finance via yfinance,126.59938642694924,-0.0492469127867158,0,staking_apr_rede,indisponivel_sem_dados_comparaveis
2022-06-15,12861618,4.492,1233.2064208984375,1155.190185546875,0.9367370830791452,-6.326291692085473,0.0176239581020083,0.0027722126627954,101.52088331291613,102.88618864129838,,,1655251200000,2022-06-15T12:00:23+00:00,1655294423000,1582.692434,12860434,2022-06-16 12:00:23+00:00,https://beaconcha.in/charts/staked_ether,https://www.beaconcha.in/ethstore,extraido_html_sem_imputacao; consistencia_interna_verificada,0,4.492,,,,ausente_nao_estimado,Yahoo Finance via yfinance,133.07980209189523,Yahoo Finance via yfinance,131.64964486868624,-0.0632629169208547,0,staking_apr_rede,indisponivel_sem_dados_comparaveis
2022-06-16,12871442,4.489,1067.730712890625,1006.15234375,0.94232780943997,-5.767219056003015,-0.1440820564562429,-0.1381314978779021,109.163514950107,109.90861308891982,,,1655337600000,2022-06-16T12:00:23+00:00,1655380823000,1582.003156,12863954,2022-06-17 12:00:23+00:00,https://beaconcha.in/charts/staked_ether,https://www.beaconcha.in/ethstore,extraido_html_sem_imputacao; consistencia_interna_verificada,0,4.489,,,,ausente_nao_estimado,Yahoo Finance via yfinance,139.06659965383085,Yahoo Finance via yfinance,133.9280396047785,-0.0576721905600301,0,staking_apr_rede,indisponivel_sem_dados_comparaveis
2022-06-17,12883698,4.499,1086.519287109375,1023.4297485351562,0.9419342672304832,-5.806573276951665,0.0174437048962702,0.017025989950901,107.46684236532924,108.96917405348748,,,1655424000000,2022-06-17T12:00:23+00:00,1655467223000,1586.77294,12872946,2022-06-18 12:00:23+00:00,https://beaconcha.in/charts/staked_ether,https://www.beaconcha.in/ethstore,extraido_html_sem_imputacao; consistencia_interna_verificada,0,4.499,,,,ausente_nao_estimado,Yahoo Finance via yfinance,153.95786959645946,Yahoo Finance via yfinance,148.5822423382678,-0.0580657327695166,0,staking_apr_rede,indisponivel_sem_dados_comparaveis
2022-06-18,12891602,4.458,993.6367797851562,931.3876953125,0.9373522742524528,-6.264772574754707,-0.0893628239491236,-0.0942391447829044,107.06377792006391,108.23220220104714,,,1655510400000,2022-06-18T12:00:23+00:00,1655553623000,1574.404132,12890578,2022-06-19 12:00:23+00:00,https://beaconcha.in/charts/staked_ether,https://www.beaconcha.in/ethstore,extraido_html_sem_imputacao; consistencia_interna_verificada,0,4.458,,,,ausente_nao_estimado,Yahoo Finance via yfinance,154.42159936352607,Yahoo Finance via yfinance,150.4685663510745,-0.062647725747547,0,staking_apr_rede,indisponivel_sem_dados_comparaveis
2022-06-19,12898674,4.503,1127.656494140625,1056.4874267578125,0.9368876357715212,-6.311236422847877,0.1265251320232271,0.1260293166391183,119.1464587221946,120.3907259147316,,,1655596800000,2022-06-19T12:00:23+00:00,1655640023000,1590.810658,12895954,2022-06-20 12:00:23+00:00,https://beaconcha.in/charts/staked_ether,https://www.beaconcha.in/ethstore,extraido_html_sem_imputacao; consistencia_interna_verificada,0,4.503,,,,ausente_nao_estimado,Yahoo Finance via yfinance,206.03043859258764,Yahoo Finance via yfinance,204.8889044510589,-0.0631123642284787,0,staking_apr_rede,indisponivel_sem_dados_comparaveis
2022-06-20,12899986,4.504,1127.6424560546875,1065.31689453125,0.944729323387222,-5.527067661277807,-1.244898015539338e-05,0.0083226512928958,118.9907944657532,120.67252751567504,,,1655683200000,2022-06-20T12:00:23+00:00,1655726423000,1591.908492,12899346,2022-06-21 12:00:23+00:00,https://beaconcha.in/charts/staked_ether,https://www.beaconcha.in/ethstore,extraido_html_sem_imputacao; consistencia_interna_verificada,0,4.504,,,,ausente_nao_estimado,Yahoo Finance via yfinance,165.05051263575228,Yahoo Finance via yfinance,162.3721466920961,-0.055270676612778,0,staking_apr_rede,indisponivel_sem_dados_comparaveis
2022-06-21,12909554,4.505,1124.8245849609375,1062.247314453125,0.9443670850153176,-5.563291498468237,-0.0025020322273017,-0.0028855366103843,117.62020506358446,119.1902359763496,,,1655769600000,2022-06-21T12:00:23+00:00,1655812823000,1592.354262,12901266,2022-06-22 12:00:23+00:00,https://beaconcha.in/charts/staked_ether,https://www.beaconcha.in/ethstore,extraido_html_sem_imputacao; consistencia_interna_verificada,0,4.505,,,,ausente_nao_estimado,Yahoo Finance via yfinance,164.68932766719618,Yahoo Finance via yfinance,162.2613641008805,-0.0556329149846823,0,staking_apr_rede,indisponivel_sem_dados_comparaveis
2022-06-22,12921970,4.489,1051.421875,995.9393920898438,0.9472309981089596,-5.276900189104039,-0.0674836842404107,-0.0644556464056686,118.68068265543867,120.08298679489556,,,1655856000000,2022-06-22T12:00:23+00:00,1655899223000,1588.203,12914642,2022-06-23 12:00:23+00:00,https://beaconcha.in/charts/staked_ether,https://www.beaconcha.in/ethstore,extraido_html_sem_imputacao; consistencia_interna_verificada,0,4.489,,,,ausente_nao_estimado,Yahoo Finance via yfinance,167.2556602618718,Yahoo Finance via yfinance,165.86419162968116,-0.0527690018910403,0,staking_apr_rede,indisponivel_sem_dados_comparaveis
2022-06-23,12931634,4.505,1143.38671875,1090.6710205078125,0.9538951280632167,-4.610487193678326,0.0838512494246007,0.0908619965370375,123.95889704498884,126.19664161259335,,,1655942400000,2022-06-23T12:00:23+00:00,1655985623000,1595.925316,12929906,2022-06-24 12:00:23+00:00,https://beaconcha.in/charts/staked_ether,https://www.beaconcha.in/ethstore,extraido_html_sem_imputacao; consistencia_interna_verificada,0,4.505,,,,ausente_nao_estimado,Yahoo Finance via yfinance,146.37540285294716,Yahoo Finance via yfinance,149.24088377834053,-0.0461048719367832,0,staking_apr_rede,indisponivel_sem_dados_comparaveis
2022-06-24,12934226,4.496,1226.8447265625,1177.9437255859375,0.9601408394087666,-3.98591605912334,0.0704509462982519,0.076977190966294,127.76697619752548,130.56860077535987,,,1656028800000,2022-06-24T12:00:23+00:00,1656072023000,1592.839812,12932402,2022-06-25 12:00:23+00:00,https://beaconcha.in/charts/staked_ether,https://www.beaconcha.in/ethstore,extraido_html_sem_imputacao; consistencia_interna_verificada,0,4.496,,,,ausente_nao_estimado,Yahoo Finance via yfinance,152.92190413718686,Yahoo Finance via yfinance,156.67909216194852,-0.0398591605912334,0,staking_apr_rede,indisponivel_sem_dados_comparaveis
2022-06-25,12938994,4.5,1243.4468994140625,1200.8028564453125,0.9657049746242926,-3.429502537570739,0.0134416703255067,0.0192200671806643,126.27295866553568,129.3321956271781,,,1656115200000,2022-06-25T12:00:23+00:00,1656158423000,1595.144522,12937074,2022-06-26 12:00:23+00:00,https://beaconcha.in/charts/staked_ether,https://www.beaconcha.in/ethstore,extraido_html_sem_imputacao; consistencia_interna_verificada,0,4.5,,,,ausente_nao_estimado,Yahoo Finance via yfinance,124.6922621954897,Yahoo Finance via yfinance,124.4139611266615,-0.0342950253757073,0,staking_apr_rede,indisponivel_sem_dados_comparaveis
2022-06-26,12941234,4.492,1199.8316650390625,1157.1759033203125,0.964448544773686,-3.5551455226313977,-0.0357060130078778,-0.0370079094792656,126.0196618658379,128.90985267168736,,,1656201600000,2022-06-26T12:00:23+00:00,1656244823000,1592.412882,12939858,2022-06-27 12:00:23+00:00,https://beaconcha.in/charts/staked_ether,https://www.beaconcha.in/ethstore,extraido_html_sem_imputacao; consistencia_interna_verificada,0,4.492,,,,ausente_nao_estimado,Yahoo Finance via yfinance,103.06192364293712,Yahoo Finance via yfinance,107.4209760220246,-0.0355514552263139,0,staking_apr_rede,indisponivel_sem_dados_comparaveis
2022-06-27,12946226,4.495,1193.6806640625,1150.995849609375,0.9642410103990006,-3.575898960099944,-0.0051397391545835,-0.0053549468067739,125.5515143374828,127.1712323703855,,,1656288000000,2022-06-27T12:00:23+00:00,1656331223000,1594.291294,12945042,2022-06-28 12:00:23+00:00,https://beaconcha.in/charts/staked_ether,https://www.beaconcha.in/ethstore,extraido_html_sem_imputacao; consistencia_interna_verificada,0,4.495,,,,ausente_nao_estimado,Yahoo Finance via yfinance,103.39648774731856,Yahoo Finance via yfinance,108.23459405945744,-0.0357589896009994,0,staking_apr_rede,indisponivel_sem_dados_comparaveis
2022-06-28,12954194,4.498,1144.5792236328125,1097.703857421875,0.9590457652532268,-4.095423474677307,-0.0420044494771346,-0.047406928033712,124.9514274603354,127.41136438754816,,,1656374400000,2022-06-28T12:00:23+00:00,1656417623000,1596.102118,12950642,2022-06-29 12:00:23+00:00,https://beaconcha.in/charts/staked_ether,https://www.beaconcha.in/ethstore,extraido_html_sem_imputacao; consistencia_interna_verificada,0,4.498,,,,ausente_nao_estimado,Yahoo Finance via yfinance,109.61522549998924,Yahoo Finance via yfinance,116.20316458082904,-0.040954234746773,0,staking_apr_rede,indisponivel_sem_dados_comparaveis
2022-06-29,12956434,4.502,1098.94384765625,1057.350830078125,0.9621518263496068,-3.784817365039317,-0.0406874991062935,-0.0374540328390133,118.44450636692048,120.61542650950229,,,1656460800000,2022-06-29T12:00:23+00:00,1656504023000,1597.866192,12955122,2022-06-30 12:00:23+00:00,https://beaconcha.in/charts/staked_ether,https://www.beaconcha.in/ethstore,extraido_html_sem_imputacao; consistencia_interna_verificada,0,4.502,,,,ausente_nao_estimado,Yahoo Finance via yfinance,100.54208734109392,Yahoo Finance via yfinance,107.7578495809718,-0.0378481736503931,0,staking_apr_rede,indisponivel_sem_dados_comparaveis
2022-06-30,12966866,4.49,1067.298828125,1028.6116943359375,0.9637522943250796,-3.6247705674920416,-0.0292185831254971,-0.0275565394892456,118.46006865853526,120.61751416587924,,,1656547200000,2022-06-30T12:00:23+00:00,1656590423000,1593.791604,12957266,2022-07-01 12:00:23+00:00,https://beaconcha.in/charts/staked_ether,https://www.beaconcha.in/ethstore,extraido_html_sem_imputacao; consistencia_interna_verificada,0,4.49,,,,ausente_nao_estimado,Yahoo Finance via yfinance,78.15726283767941,Yahoo Finance via yfinance,84.04907640984383,-0.0362477056749204,0,staking_apr_rede,indisponivel_sem_dados_comparaveis
2022-07-01,12969426,4.481,1059.767333984375,1021.7372436523438,0.9641146795975956,-3.588532040240444,-0.0070816091662984,-0.0067056648903853,117.50036573157884,119.7003368194648,,,1656633600000,2022-07-01T12:00:23+00:00,1656676823000,1591.782836,12967122,2022-07-02 12:00:23+00:00,https://beaconcha.in/charts/staked_ether,https://www.beaconcha.in/ethstore,extraido_html_sem_imputacao; consistencia_interna_verificada,0,4.481,,,,ausente_nao_estimado,Yahoo Finance via yfinance,40.85697640515416,Yahoo Finance via yfinance,45.01407874658922,-0.0358853204024044,0,staking_apr_rede,indisponivel_sem_dados_comparaveis
2022-07-02,12972946,4.484,1066.5128173828125,1029.7310791015625,0.9655121460504232,-3.448785394957665,0.0063448892412823,0.0077933213200362,117.51482919371772,119.79621874151994,,,1656720000000,2022-07-02T12:00:23+00:00,1656763223000,1593.466377,12970546,2022-07-03 12:00:23+00:00,https://beaconcha.in/charts/staked_ether,https://www.beaconcha.in/ethstore,extraido_html_sem_imputacao; consistencia_interna_verificada,0,4.484,,,,ausente_nao_estimado,Yahoo Finance via yfinance,37.40207100861952,Yahoo Finance via yfinance,39.30129185105738,-0.0344878539495766,0,staking_apr_rede,indisponivel_sem_dados_comparaveis
2022-07-03,12975346,4.488,1073.7669677734375,1040.700439453125,0.9692051168337956,-3.079488316620438,0.0067787195103117,0.0105963060272881,117.70239198682812,120.11237707388334,,,1656806400000,2022-07-03T12:00:23+00:00,1656849623000,1595.325376,12973074,2022-07-04 12:00:23+00:00,https://beaconcha.in/charts/staked_ether,https://www.beaconcha.in/ethstore,extraido_html_sem_imputacao; consistencia_interna_verificada,0,4.488,,,,ausente_nao_estimado,Yahoo Finance via yfinance,40.34680205932739,Yahoo Finance via yfinance,43.06338527820412,-0.0307948831662043,0,staking_apr_rede,indisponivel_sem_dados_comparaveis
2022-07-04,12977362,4.494,1151.05908203125,1117.432861328125,0.9707867117960745,-2.921328820392566,0.0695094629244216,0.0711399804238652,121.04678799585058,123.5767516829451,,,1656892800000,2022-07-04T12:00:23+00:00,1656936023000,1597.790617,12975986,2022-07-05 12:00:23+00:00,https://beaconcha.in/charts/staked_ether,https://www.beaconcha.in/ethstore,extraido_html_sem_imputacao; consistencia_interna_verificada,0,4.494,,,,ausente_nao_estimado,Yahoo Finance via yfinance,74.2093193727978,Yahoo Finance via yfinance,76.27389213451343,-0.0292132882039256,0,staking_apr_rede,indisponivel_sem_dados_comparaveis
2022-07-05,12979058,4.484,1134.541015625,1099.6480712890625,0.96924488065624,-3.075511934375996,-0.0144542818407692,-0.0160437729299351,120.8931613529534,123.39626638380604,,,1656979200000,2022-07-05T12:00:23+00:00,1657022423000,1594.364912,12977618,2022-07-06 12:00:23+00:00,https://beaconcha.in/charts/staked_ether,https://www.beaconcha.in/ethstore,extraido_html_sem_imputacao; consistencia_interna_verificada,0,4.484,,,,ausente_nao_estimado,Yahoo Finance via yfinance,68.3296093092762,Yahoo Finance via yfinance,68.43209670060463,-0.0307551193437599,0,staking_apr_rede,indisponivel_sem_dados_comparaveis
2022-07-06,12983250,4.488,1186.9739990234375,1154.8475341796875,0.9729341460974028,-2.7065853902597303,0.0451790329800999,0.0489781367987117,121.74715832073258,124.60350310179744,,,1657065600000,2022-07-06T12:00:23+00:00,1657108823000,1596.081279,12979506,2022-07-07 12:00:23+00:00,https://beaconcha.in/charts/staked_ether,https://www.beaconcha.in/ethstore,extraido_html_sem_imputacao; consistencia_interna_verificada,0,4.488,,,,ausente_nao_estimado,Yahoo Finance via yfinance,66.28926401883021,Yahoo Finance via yfinance,67.91963144687628,-0.0270658539025973,0,staking_apr_rede,indisponivel_sem_dados_comparaveis
2022-07-07,12986162,4.501,1237.5933837890625,1206.6256103515625,0.974977424860912,-2.502257513908801,0.0417614636560077,0.0438593817990996,123.27623551329548,126.24795071868095,,,1657152000000,2022-07-07T12:00:23+00:00,1657195223000,1601.357559,12984914,2022-07-08 12:00:23+00:00,https://beaconcha.in/charts/staked_ether,https://www.beaconcha.in/ethstore,extraido_html_sem_imputacao; consistencia_interna_verificada,0,4.501,,,,ausente_nao_estimado,Yahoo Finance via yfinance,59.5597252302788,Yahoo Finance via yfinance,61.508418747514014,-0.025022575139088,0,staking_apr_rede,indisponivel_sem_dados_comparaveis
2022-07-08,12990226,4.502,1222.5062255859375,1187.2481689453125,0.9711592007445802,-2.8840799255419824,-0.012265639403591,-0.0161895458397648,123.27534626531356,126.24274252700822,,,1657238400000,2022-07-08T12:00:23+00:00,1657281623000,1602.071009,12987602,2022-07-09 12:00:23+00:00,https://beaconcha.in/charts/staked_ether,https://www.beaconcha.in/ethstore,extraido_html_sem_imputacao; consistencia_interna_verificada,0,4.502,,,,ausente_nao_estimado,Yahoo Finance via yfinance,61.15084766453113,Yahoo Finance via yfinance,64.58073833640474,-0.0288407992554198,0,staking_apr_rede,indisponivel_sem_dados_comparaveis
2022-07-09,12993650,4.505,1216.978271484375,1182.884521484375,0.971984914768926,-2.80150852310741,-0.004532075174142,-0.003682200923999,123.25165077091025,126.2604047954316,,,1657324800000,2022-07-09T12:00:23+00:00,1657368023000,1603.378278,12991634,2022-07-10 12:00:23+00:00,https://beaconcha.in/charts/staked_ether,https://www.beaconcha.in/ethstore,extraido_html_sem_imputacao; consistencia_interna_verificada,0,4.505,,,,ausente_nao_estimado,Yahoo Finance via yfinance,63.144415619372495,Yahoo Finance via yfinance,66.55808089806185,-0.0280150852310741,0,staking_apr_rede,indisponivel_sem_dados_comparaveis
2022-07-10,12999569,4.499,1168.401611328125,1135.2864990234375,0.9716577656315918,-2.834223436840821,-0.0407342890636578,-0.0410709241290662,121.82105741004423,123.10586254090916,,,1657411200000,2022-07-10T12:00:23+00:00,1657454423000,1601.644129,12995025,2022-07-11 12:00:23+00:00,https://beaconcha.in/charts/staked_ether,https://www.beaconcha.in/ethstore,extraido_html_sem_imputacao; consistencia_interna_verificada,0,4.499,,,,ausente_nao_estimado,Yahoo Finance via yfinance,76.56608738938556,Yahoo Finance via yfinance,80.00635758673339,-0.0283422343684082,0,staking_apr_rede,indisponivel_sem_dados_comparaveis
2022-07-11,13002161,4.47,1097.236572265625,1065.7841796875,0.9713349031802864,-2.8665096819713742,-0.0628418587339451,-0.0631741939603817,120.39734839972424,122.81546869539002,,,1657497600000,2022-07-11T12:00:23+00:00,1657540823000,1592.189515,13001617,2022-07-12 12:00:23+00:00,https://beaconcha.in/charts/staked_ether,https://www.beaconcha.in/ethstore,extraido_html_sem_imputacao; consistencia_interna_verificada,0,4.47,,,,ausente_nao_estimado,Yahoo Finance via yfinance,75.80387928084548,Yahoo Finance via yfinance,78.82370249231874,-0.0286650968197137,0,staking_apr_rede,indisponivel_sem_dados_comparaveis
2022-07-12,13004977,4.474,1038.191650390625,997.48828125,0.960793973708698,-3.920602629130199,-0.0553144098974354,-0.0662257255744099,120.32797867613294,123.37575859364436,,,1657584000000,2022-07-12T12:00:23+00:00,1657627223000,1593.981343,13003153,2022-07-13 12:00:23+00:00,https://beaconcha.in/charts/staked_ether,https://www.beaconcha.in/ethstore,extraido_html_sem_imputacao; consistencia_interna_verificada,0,4.474,,,,ausente_nao_estimado,Yahoo Finance via yfinance,83.63764036920001,Yahoo Finance via yfinance,89.96134250893515,-0.0392060262913019,0,staking_apr_rede,indisponivel_sem_dados_comparaveis
2022-07-13,13007505,4.473,1113.587158203125,1073.3934326171875,0.9639060801933153,-3.609391980668475,0.0701060767569624,0.0733399408496832,106.56333972849752,108.85372938563142,,,1657670400000,2022-07-13T12:00:23+00:00,1657713623000,1593.783801,13006321,2022-07-14 12:00:23+00:00,https://beaconcha.in/charts/staked_ether,https://www.beaconcha.in/ethstore,extraido_html_sem_imputacao; consistencia_interna_verificada,0,4.473,,,,ausente_nao_estimado,Yahoo Finance via yfinance,95.25722354949018,Yahoo Finance via yfinance,101.32669079622607,-0.0360939198066847,0,staking_apr_rede,indisponivel_sem_dados_comparaveis
2022-07-14,13048593,4.458,1191.5262451171875,1151.8929443359375,0.9667373665131884,-3.326263348681169,0.0676485655237861,0.0705815652492176,109.32572673585092,111.79021729209872,,,1657756800000,2022-07-14T12:00:23+00:00,1657800023000,1591.267127,13027249,2022-07-15 12:00:23+00:00,https://beaconcha.in/charts/staked_ether,https://www.beaconcha.in/ethstore,extraido_html_sem_imputacao; consistencia_interna_verificada,0,4.458,,,,ausente_nao_estimado,Yahoo Finance via yfinance,105.00402089585752,Yahoo Finance via yfinance,111.37823945115022,-0.0332626334868116,0,staking_apr_rede,indisponivel_sem_dados_comparaveis
2022-07-15,13077041,4.477,1233.129150390625,1194.76806640625,0.9688912682242382,-3.110873177576179,0.0343199192698795,0.0365454521654127,109.8291721092994,112.51409702775491,,,1657843200000,2022-07-15T12:00:23+00:00,1657886423000,1603.046586,13070449,2022-07-16 12:00:23+00:00,https://beaconcha.in/charts/staked_ether,https://www.beaconcha.in/ethstore,extraido_html_sem_imputacao; consistencia_interna_verificada,0,4.477,,,,ausente_nao_estimado,Yahoo Finance via yfinance,108.4868651071779,Yahoo Finance via yfinance,115.07365926165728,-0.0311087317757617,0,staking_apr_rede,indisponivel_sem_dados_comparaveis
2022-07-16,13084625,4.465,1352.62646484375,1316.7406005859375,0.97346949420958,-2.6530505790420045,0.0924932683335656,0.0972073611553024,101.44783445261317,105.5857869630174,,,1657929600000,2022-07-16T12:00:23+00:00,1657972823000,1600.398874,13082801,2022-07-17 12:00:23+00:00,https://beaconcha.in/charts/staked_ether,https://www.beaconcha.in/ethstore,extraido_html_sem_imputacao; consistencia_interna_verificada,0,4.465,,,,ausente_nao_estimado,Yahoo Finance via yfinance,126.47995763113396,Yahoo Finance via yfinance,134.11453906681342,-0.02653050579042,0,staking_apr_rede,indisponivel_sem_dados_comparaveis
2022-07-17,13087889,4.487,1338.6357421875,1306.272705078125,0.975823865978291,-2.417613402170904,-0.0103972393738366,-0.0079816225542754,101.58233489283568,105.70580985530276,,,1658016000000,2022-07-17T12:00:23+00:00,1658059223000,1608.758752,13086929,2022-07-18 12:00:23+00:00,https://beaconcha.in/charts/staked_ether,https://www.beaconcha.in/ethstore,extraido_html_sem_imputacao; consistencia_interna_verificada,0,4.487,,,,ausente_nao_estimado,Yahoo Finance via yfinance,120.06806985150118,Yahoo Finance via yfinance,127.62292223328622,-0.024176134021709,0,staking_apr_rede,indisponivel_sem_dados_comparaveis
2022-07-18,13091505,4.493,1578.7178955078125,1539.231201171875,0.9749881252069824,-2.5011874793017475,0.164962066589887,0.1641052532975625,109.6459064264066,112.41217144349736,,,1658102400000,2022-07-18T12:00:23+00:00,1658145623000,1611.123723,13089809,2022-07-19 12:00:23+00:00,https://beaconcha.in/charts/staked_ether,https://www.beaconcha.in/ethstore,extraido_html_sem_imputacao; consistencia_interna_verificada,0,4.493,,,,ausente_nao_estimado,Yahoo Finance via yfinance,136.6489121106441,Yahoo Finance via yfinance,142.16654476131595,-0.0250118747930174,0,staking_apr_rede,indisponivel_sem_dados_comparaveis
2022-07-19,13102001,4.483,1542.9752197265625,1508.9453125,0.977945266526968,-2.2054733473032107,-0.0229005456380782,-0.0198721335144842,102.7627629735959,105.89042720985051,,,1658188800000,2022-07-19T12:00:23+00:00,1658232023000,1609.063502,13100625,2022-07-20 12:00:23+00:00,https://beaconcha.in/charts/staked_ether,https://www.beaconcha.in/ethstore,extraido_html_sem_imputacao; consistencia_interna_verificada,0,4.483,,,,ausente_nao_estimado,Yahoo Finance via yfinance,122.43221929134992,Yahoo Finance via yfinance,120.97667367249716,-0.0220547334730321,0,staking_apr_rede,indisponivel_sem_dados_comparaveis
2022-07-20,13106545,4.469,1520.20068359375,1487.754150390625,0.978656414542308,-2.1343585457692,-0.0148701586274787,-0.0141432369923438,103.0833760688542,106.27473263933749,,,1658275200000,2022-07-20T12:00:23+00:00,1658318423000,1604.504042,13103409,2022-07-21 12:00:23+00:00,https://beaconcha.in/charts/staked_ether,https://www.beaconcha.in/ethstore,extraido_html_sem_imputacao; consistencia_interna_verificada,0,4.469,,,,ausente_nao_estimado,Yahoo Finance via yfinance,131.75346229904554,Yahoo Finance via yfinance,130.81961975090545,-0.0213435854576919,0,staking_apr_rede,indisponivel_sem_dados_comparaveis
2022-07-21,13120849,4.476,1576.74951171875,1523.65576171875,0.9663270864488016,-3.3672913551198502,0.0365231020625538,0.023844852364197,103.38802064835735,106.23993497196928,,,1658361600000,2022-07-21T12:00:23+00:00,1658404823000,1607.423176,13109329,2022-07-22 12:00:23+00:00,https://beaconcha.in/charts/staked_ether,https://www.beaconcha.in/ethstore,extraido_html_sem_imputacao; consistencia_interna_verificada,0,4.476,,,,ausente_nao_estimado,Yahoo Finance via yfinance,130.33108212208236,Yahoo Finance via yfinance,129.96556161167757,-0.0336729135511985,0,staking_apr_rede,indisponivel_sem_dados_comparaveis
2022-07-22,13129457,4.495,1537.4051513671875,1495.5970458984375,0.972806058681688,-2.71939413183121,-0.0252694282578821,-0.0185870646889187,100.34521513788728,103.24653888173076,,,1658448000000,2022-07-22T12:00:23+00:00,1658491223000,1616.682347,13127889,2022-07-23 12:00:23+00:00,https://beaconcha.in/charts/staked_ether,https://www.beaconcha.in/ethstore,extraido_html_sem_imputacao; consistencia_interna_verificada,0,4.495,,,,ausente_nao_estimado,Yahoo Finance via yfinance,138.74755970258516,Yahoo Finance via yfinance,136.76580126482588,-0.027193941318312,0,staking_apr_rede,indisponivel_sem_dados_comparaveis
2022-07-23,13130961,4.506,1549.2974853515625,1522.9322509765625,0.9829824584211356,-1.701754157886426,0.007705564304018,0.0181121000709433,97.0058253721399,99.43854761736998,,,1658534400000,2022-07-23T12:00:23+00:00,1658577623000,1621.09076,13130737,2022-07-24 12:00:23+00:00,https://beaconcha.in/charts/staked_ether,https://www.beaconcha.in/ethstore,extraido_html_sem_imputacao; consistencia_interna_verificada,0,4.506,,,,ausente_nao_estimado,Yahoo Finance via yfinance,129.25962464776325,Yahoo Finance via yfinance,125.29877951134196,-0.0170175415788642,0,staking_apr_rede,indisponivel_sem_dados_comparaveis
2022-07-24,13132944,4.496,1599.4766845703125,1571.5701904296875,0.9825527346476314,-1.7447265352368624,0.0318749106704672,0.0314376518700483,94.89681640397409,96.87873416605716,,,1658620800000,2022-07-24T12:00:23+00:00,1658664023000,1617.645337,13132144,2022-07-25 12:00:23+00:00,https://beaconcha.in/charts/staked_ether,https://www.beaconcha.in/ethstore,extraido_html_sem_imputacao; consistencia_interna_verificada,0,4.496,,,,ausente_nao_estimado,Yahoo Finance via yfinance,126.91590426343602,Yahoo Finance via yfinance,123.00604061388194,-0.0174472653523686,0,staking_apr_rede,indisponivel_sem_dados_comparaveis
2022-07-25,13134224,4.501,1445.3834228515625,1415.8909912109375,0.979595426947377,-2.0404573052623,-0.1013018727017073,-0.1043162321648728,102.34449325809622,104.61085391861349,,,1658707200000,2022-07-25T12:00:23+00:00,1658750423000,1619.740173,13133680,2022-07-26 12:00:23+00:00,https://beaconcha.in/charts/staked_ether,https://www.beaconcha.in/ethstore,extraido_html_sem_imputacao; consistencia_interna_verificada,0,4.501,,,,ausente_nao_estimado,Yahoo Finance via yfinance,88.73433647579819,Yahoo Finance via yfinance,87.93349486111283,-0.020404573052623,0,staking_apr_rede,indisponivel_sem_dados_comparaveis
2022-07-26,13135856,4.49,1441.8067626953125,1416.864013671875,0.9827003523157226,-1.7299647684277386,-0.0024776074702502,0.0006869796346861,101.33170197661184,103.50379364698571,,,1658793600000,2022-07-26T12:00:23+00:00,1658836823000,1615.755111,13134992,2022-07-27 12:00:23+00:00,https://beaconcha.in/charts/staked_ether,https://www.beaconcha.in/ethstore,extraido_html_sem_imputacao; consistencia_interna_verificada,0,4.49,,,,ausente_nao_estimado,Yahoo Finance via yfinance,88.51812158378904,Yahoo Finance via yfinance,88.05727938087212,-0.0172996476842773,0,staking_apr_rede,indisponivel_sem_dados_comparaveis
2022-07-27,13144624,4.515,1636.232666015625,1603.8997802734375,0.9802394326835432,-1.9760567316456925,0.1264994210292679,0.1239920380312808,109.5592096796449,111.1508086131096,,,1658880000000,2022-07-27T12:00:23+00:00,1658923223000,1624.831104,13136816,2022-07-28 12:00:23+00:00,https://beaconcha.in/charts/staked_ether,https://www.beaconcha.in/ethstore,extraido_html_sem_imputacao; consistencia_interna_verificada,0,4.515,,,,ausente_nao_estimado,Yahoo Finance via yfinance,131.77652491683622,Yahoo Finance via yfinance,129.7628999449628,-0.0197605673164569,0,staking_apr_rede,indisponivel_sem_dados_comparaveis
2022-07-28,13151056,4.416,1725.4681396484375,1684.330322265625,0.9761584601665296,-2.384153983347048,0.0531019545087028,0.0489300235829545,108.84141261911616,109.84450880080097,,,1658966400000,2022-07-28T12:00:23+00:00,1659009623000,1590.318467,13145264,2022-07-29 12:00:23+00:00,https://beaconcha.in/charts/staked_ether,https://www.beaconcha.in/ethstore,extraido_html_sem_imputacao; consistencia_interna_verificada,0,4.416,,,,ausente_nao_estimado,Yahoo Finance via yfinance,134.28747524778603,Yahoo Finance via yfinance,132.5387998896914,-0.0238415398334704,0,staking_apr_rede,indisponivel_sem_dados_comparaveis
2022-07-29,13158512,4.489,1727.406982421875,1681.36669921875,0.9733471708337226,-2.6652829166277425,0.0011230310443704,-0.0017610758151447,107.17703526255532,108.42543373030315,,,1659052800000,2022-07-29T12:00:23+00:00,1659096023000,1617.873714,13153840,2022-07-30 12:00:23+00:00,https://beaconcha.in/charts/staked_ether,https://www.beaconcha.in/ethstore,extraido_html_sem_imputacao; consistencia_interna_verificada,0,4.489,,,,ausente_nao_estimado,Yahoo Finance via yfinance,131.03987094636597,Yahoo Finance via yfinance,130.53907812308233,-0.0266528291662774,0,staking_apr_rede,indisponivel_sem_dados_comparaveis
2022-07-30,13163376,4.491,1695.969482421875,1653.0469970703125,0.9746914754089392,-2.53085245910607,-0.0183668866600118,-0.0169867243195972,106.67824720490356,107.95930100180354,,,1659139200000,2022-07-30T12:00:23+00:00,1659182423000,1618.986766,13159440,2022-07-31 12:00:23+00:00,https://beaconcha.in/charts/staked_ether,https://www.beaconcha.in/ethstore,extraido_html_sem_imputacao; consistencia_interna_verificada,0,4.491,,,,ausente_nao_estimado,Yahoo Finance via yfinance,133.45231346450447,Yahoo Finance via yfinance,132.75397748635476,-0.0253085245910607,0,staking_apr_rede,indisponivel_sem_dados_comparaveis
2022-07-31,13167632,4.494,1681.517333984375,1640.5396728515625,0.9756305449223556,-2.436945507764432,-0.0085579825640438,-0.0075949932974536,106.71870772308914,107.98309219979696,,,1659225600000,2022-07-31T12:00:23+00:00,1659268823000,1620.868003,13165040,2022-08-01 12:00:23+00:00,https://beaconcha.in/charts/staked_ether,https://www.beaconcha.in/ethstore,extraido_html_sem_imputacao; consistencia_interna_verificada,0,4.494,,,,ausente_nao_estimado,Yahoo Finance via yfinance,133.15253140670296,Yahoo Finance via yfinance,132.21673472450448,-0.0243694550776443,0,staking_apr_rede,indisponivel_sem_dados_comparaveis
2022-08-01,13170672,4.495,1635.19580078125,1595.3214111328125,0.975614914354974,-2.438508564502595,-0.0279340077801791,-0.0279500288986986,107.74915130542205,109.03065658909334,,,1659312000000,2022-08-01T12:00:23+00:00,1659355223000,1621.687784,13168656,2022-08-02 12:00:23+00:00,https://beaconcha.in/charts/staked_ether,https://www.beaconcha.in/ethstore,extraido_html_sem_imputacao; consistencia_interna_verificada,0,4.495,,,,ausente_nao_estimado,Yahoo Finance via yfinance,104.19152259167596,Yahoo Finance via yfinance,101.2906482863052,-0.0243850856450259,0,staking_apr_rede,indisponivel_sem_dados_comparaveis
2022-08-02,13174064,4.485,1632.9454345703125,1594.1744384765625,0.976257016754542,-2.3742983245457983,-0.0013771538036708,-0.0007192188106043,107.8577879109238,109.15422746807704,,,1659398400000,2022-08-02T12:00:23+00:00,1659441623000,1618.479717,13171120,2022-08-03 12:00:23+00:00,https://beaconcha.in/charts/staked_ether,https://www.beaconcha.in/ethstore,extraido_html_sem_imputacao; consistencia_interna_verificada,0,4.485,,,,ausente_nao_estimado,Yahoo Finance via yfinance,104.0653029205613,Yahoo Finance via yfinance,101.43378787343993,-0.0237429832454579,0,staking_apr_rede,indisponivel_sem_dados_comparaveis
2022-08-03,13177296,4.487,1618.87451171875,1577.0400390625,0.974158298031492,-2.58417019685081,-0.0086542372609666,-0.0108063117623761,106.22584038306792,107.50548123639538,,,1659484800000,2022-08-03T12:00:23+00:00,1659528023000,1619.555414,13175088,2022-08-04 12:00:23+00:00,https://beaconcha.in/charts/staked_ether,https://www.beaconcha.in/ethstore,extraido_html_sem_imputacao; consistencia_interna_verificada,0,4.487,,,,ausente_nao_estimado,Yahoo Finance via yfinance,49.773935599507126,Yahoo Finance via yfinance,46.80545564770695,-0.0258417019685081,0,staking_apr_rede,indisponivel_sem_dados_comparaveis
2022-08-04,13181265,4.485,1608.205810546875,1564.4259033203125,0.9727771738297134,-2.72228261702866,-0.0066120077437599,-0.008030775292466,106.02092126482884,107.28334198296554,,,1659571200000,2022-08-04T12:00:23+00:00,1659614423000,1619.146683,13178033,2022-08-05 12:00:23+00:00,https://beaconcha.in/charts/staked_ether,https://www.beaconcha.in/ethstore,extraido_html_sem_imputacao; consistencia_interna_verificada,0,4.485,,,,ausente_nao_estimado,Yahoo Finance via yfinance,19.185318320359208,Yahoo Finance via yfinance,18.010530994913776,-0.0272228261702865,0,staking_apr_rede,indisponivel_sem_dados_comparaveis
2022-08-05,13184305,4.482,1732.254638671875,1679.930419921875,0.9697941529023024,-3.020584709769758,0.0743046651520902,0.0712334540916786,107.6550834823328,108.52894078282414,,,1659657600000,2022-08-05T12:00:23+00:00,1659700823000,1618.621901,13182289,2022-08-06 12:00:23+00:00,https://beaconcha.in/charts/staked_ether,https://www.beaconcha.in/ethstore,extraido_html_sem_imputacao; consistencia_interna_verificada,0,4.482,,,,ausente_nao_estimado,Yahoo Finance via yfinance,64.46554513042744,Yahoo Finance via yfinance,62.3152394308079,-0.0302058470976975,0,staking_apr_rede,indisponivel_sem_dados_comparaveis
2022-08-06,13187697,4.463,1691.6580810546875,1630.94775390625,0.964111939742228,-3.5888060257771914,-0.0237146583440093,-0.0295910858845006,107.84520904139453,108.88055119521556,,,1659744000000,2022-08-06T12:00:23+00:00,1659787223000,1612.377407,13185905,2022-08-07 12:00:23+00:00,https://beaconcha.in/charts/staked_ether,https://www.beaconcha.in/ethstore,extraido_html_sem_imputacao; consistencia_interna_verificada,0,4.463,,,,ausente_nao_estimado,Yahoo Finance via yfinance,65.5196673003315,Yahoo Finance via yfinance,64.99732912330815,-0.0358880602577719,0,staking_apr_rede,indisponivel_sem_dados_comparaveis
2022-08-07,13190769,4.499,1699.350830078125,1637.9302978515625,0.9638564732252852,-3.614352677471477,0.0045371524651142,0.0042721413614884,107.5592645391157,108.49327369048434,,,1659830400000,2022-08-07T12:00:23+00:00,1659873623000,1625.572966,13188369,2022-08-08 12:00:23+00:00,https://beaconcha.in/charts/staked_ether,https://www.beaconcha.in/ethstore,extraido_html_sem_imputacao; consistencia_interna_verificada,0,4.499,,,,ausente_nao_estimado,Yahoo Finance via yfinance,65.20496014400597,Yahoo Finance via yfinance,64.932169077273,-0.0361435267747147,0,staking_apr_rede,indisponivel_sem_dados_comparaveis
2022-08-08,13194801,4.475,1775.51611328125,1714.865234375,0.9658404232704124,-3.415957672958758,0.0438448352349501,0.0459010656696422,108.00397031680014,109.0415905698087,,,1659916800000,2022-08-08T12:00:23+00:00,1659960023000,1617.331741,13192497,2022-08-09 12:00:23+00:00,https://beaconcha.in/charts/staked_ether,https://www.beaconcha.in/ethstore,extraido_html_sem_imputacao; consistencia_interna_verificada,0,4.475,,,,ausente_nao_estimado,Yahoo Finance via yfinance,66.0838290532824,Yahoo Finance via yfinance,67.59520582588056,-0.0341595767295875,0,staking_apr_rede,indisponivel_sem_dados_comparaveis
2022-08-09,13200209,4.481,1703.0250244140625,1641.6224365234375,0.9639449878831048,-3.605501211689533,-0.0416850528233007,-0.0436494536171637,108.0635454635906,109.20426170040103,,,1660003200000,2022-08-09T12:00:23+00:00,1660046423000,1619.939913,13195537,2022-08-10 12:00:23+00:00,https://beaconcha.in/charts/staked_ether,https://www.beaconcha.in/ethstore,extraido_html_sem_imputacao; consistencia_interna_verificada,0,4.481,,,,ausente_nao_estimado,Yahoo Finance via yfinance,76.54132490220049,Yahoo Finance via yfinance,78.14633222019356,-0.0360550121168953,0,staking_apr_rede,indisponivel_sem_dados_comparaveis
2022-08-10,13216528,4.485,1851.74267578125,1785.7333984375,0.9643528886561408,-3.564711134385923,0.0837210867227555,0.0841441549468955,107.28196016990924,108.47791952856052,,,1660089600000,2022-08-10T12:00:23+00:00,1660132823000,1621.939884,13200976,2022-08-11 12:00:23+00:00,https://beaconcha.in/charts/staked_ether,https://www.beaconcha.in/ethstore,extraido_html_sem_imputacao; consistencia_interna_verificada,0,4.485,,,,ausente_nao_estimado,Yahoo Finance via yfinance,93.06292096319808,Yahoo Finance via yfinance,95.26506197974864,-0.0356471113438592,0,staking_apr_rede,indisponivel_sem_dados_comparaveis
2022-08-11,13232784,4.482,1881.22412109375,1824.74169921875,0.9699757082414184,-3.0024291758581567,0.0157955105834221,0.0216092440221558,104.03005424097542,104.21837627242093,,,1660176000000,2022-08-11T12:00:23+00:00,1660219223000,1623.102509,13218608,2022-08-12 12:00:23+00:00,https://beaconcha.in/charts/staked_ether,https://www.beaconcha.in/ethstore,extraido_html_sem_imputacao; consistencia_interna_verificada,0,4.482,,,,ausente_nao_estimado,Yahoo Finance via yfinance,90.65776884916986,Yahoo Finance via yfinance,92.75593867046337,-0.0300242917585815,0,staking_apr_rede,indisponivel_sem_dados_comparaveis
2022-08-12,13256400,4.475,1957.2464599609373,1898.72998046875,0.9701026515110646,-2.989734848893544,0.0396159249329878,0.0397467889975132,102.71011706399868,102.7075046596255,,,1660262400000,2022-08-12T12:00:23+00:00,1660305623000,1623.230802,13240464,2022-08-13 12:00:23+00:00,https://beaconcha.in/charts/staked_ether,https://www.beaconcha.in/ethstore,extraido_html_sem_imputacao; consistencia_interna_verificada,0,4.475,,,,ausente_nao_estimado,Yahoo Finance via yfinance,81.58231752849802,Yahoo Finance via yfinance,85.0535120005454,-0.0298973484889354,0,staking_apr_rede,indisponivel_sem_dados_comparaveis
2022-08-13,13279024,4.474,1981.3365478515625,1931.2481689453125,0.9747199036122548,-2.528009638774531,0.0122330230233781,0.0169812822042039,101.20059428377768,101.00780742071696,,,1660348800000,2022-08-13T12:00:23+00:00,1660392023000,1626.865713,13273168,2022-08-14 12:00:23+00:00,https://beaconcha.in/charts/staked_ether,https://www.beaconcha.in/ethstore,extraido_html_sem_imputacao; consistencia_interna_verificada,0,4.474,,,,ausente_nao_estimado,Yahoo Finance via yfinance,74.35933976823806,Yahoo Finance via yfinance,75.48039455411144,-0.0252800963877453,0,staking_apr_rede,indisponivel_sem_dados_comparaveis
2022-08-14,13283664,4.477,1936.802001953125,1887.37744140625,0.9744813561236336,-2.5518643876366265,-0.0227334808668106,-0.0229782452169467,101.92228376754606,101.70627656517873,,,1660435200000,2022-08-14T12:00:23+00:00,1660478423000,1629.118877,13280592,2022-08-15 12:00:23+00:00,https://beaconcha.in/charts/staked_ether,https://www.beaconcha.in/ethstore,extraido_html_sem_imputacao; consistencia_interna_verificada,0,4.477,,,,ausente_nao_estimado,Yahoo Finance via yfinance,80.72020544406683,Yahoo Finance via yfinance,82.11775301982979,-0.0255186438763662,0,staking_apr_rede,indisponivel_sem_dados_comparaveis
2022-08-15,13289264,4.442,1904.2281494140625,1849.75634765625,0.9713942881400144,-2.8605711859985727,-0.0169614047172513,-0.0201343418806808,98.54946043904846,97.97096146995594,,,1660521600000,2022-08-15T12:00:23+00:00,1660564823000,1617.286462,13287952,2022-08-16 12:00:23+00:00,https://beaconcha.in/charts/staked_ether,https://www.beaconcha.in/ethstore,extraido_html_sem_imputacao; consistencia_interna_verificada,0,4.442,,,,ausente_nao_estimado,Yahoo Finance via yfinance,81.1313733061171,Yahoo Finance via yfinance,83.4042914952235,-0.0286057118599857,0,staking_apr_rede,indisponivel_sem_dados_comparaveis
2022-08-16,13292752,4.459,1878.139404296875,1825.4736328125,0.9719585397314574,-2.8041460268542595,-0.0137951473423229,-0.0132144482544304,98.65113103306112,98.117676301389,,,1660608000000,2022-08-16T12:00:23+00:00,1660651223000,1623.73574,13289936,2022-08-17 12:00:23+00:00,https://beaconcha.in/charts/staked_ether,https://www.beaconcha.in/ethstore,extraido_html_sem_imputacao; consistencia_interna_verificada,0,4.459,,,,ausente_nao_estimado,Yahoo Finance via yfinance,72.34740303798141,Yahoo Finance via yfinance,73.63704993137941,-0.0280414602685425,0,staking_apr_rede,indisponivel_sem_dados_comparaveis
2022-08-17,13306832,4.453,1832.9996337890625,1783.437744140625,0.9729613204853804,-2.703867951461958,-0.0243278391513737,-0.0232966595503093,82.27416352293073,81.76034896633743,,,1660694400000,2022-08-17T12:00:23+00:00,1660737623000,1621.920214,13294704,2022-08-18 12:00:23+00:00,https://beaconcha.in/charts/staked_ether,https://www.beaconcha.in/ethstore,extraido_html_sem_imputacao; consistencia_interna_verificada,0,4.453,,,,ausente_nao_estimado,Yahoo Finance via yfinance,46.408645388477474,Yahoo Finance via yfinance,49.24021412332781,-0.0270386795146195,0,staking_apr_rede,indisponivel_sem_dados_comparaveis
2022-08-18,13311472,4.434,1847.0078125,1797.949951171875,0.97343927784381,-2.6560722156190097,0.0076131619705149,0.0081042811866173,81.65894832205674,81.27401780357721,,,1660780800000,2022-08-18T12:00:23+00:00,1660824023000,1616.603899,13307280,2022-08-19 12:00:23+00:00,https://beaconcha.in/charts/staked_ether,https://www.beaconcha.in/ethstore,extraido_html_sem_imputacao; consistencia_interna_verificada,0,4.434,,,,ausente_nao_estimado,Yahoo Finance via yfinance,44.91054213961271,Yahoo Finance via yfinance,46.49319419749353,-0.02656072215619,0,staking_apr_rede,indisponivel_sem_dados_comparaveis
2022-08-19,13316848,4.474,1612.9873046875,1567.68115234375,0.9719116497618512,-2.8088350238148707,-0.1354790025497318,-0.1370495452978655,95.2443234644372,95.19267937393124,,,1660867200000,2022-08-19T12:00:23+00:00,1660910423000,1632.078639,13314448,2022-08-20 12:00:23+00:00,https://beaconcha.in/charts/staked_ether,https://www.beaconcha.in/ethstore,extraido_html_sem_imputacao; consistencia_interna_verificada,0,4.474,,,,ausente_nao_estimado,Yahoo Finance via yfinance,94.89439221877576,Yahoo Finance via yfinance,97.24061475840593,-0.0280883502381487,0,staking_apr_rede,indisponivel_sem_dados_comparaveis
2022-08-20,13320080,4.46,1577.0037841796875,1533.139404296875,0.9721849875549732,-2.781501244502693,-0.022561220905913,-0.0222800231612369,94.7754181345592,95.20445896326788,,,1660953600000,2022-08-20T12:00:23+00:00,1660996823000,1627.223637,13317712,2022-08-21 12:00:23+00:00,https://beaconcha.in/charts/staked_ether,https://www.beaconcha.in/ethstore,extraido_html_sem_imputacao; consistencia_interna_verificada,0,4.46,,,,ausente_nao_estimado,Yahoo Finance via yfinance,89.15402601228315,Yahoo Finance via yfinance,90.2271609166214,-0.0278150124450269,0,staking_apr_rede,indisponivel_sem_dados_comparaveis
2022-08-21,13323248,4.451,1619.3189697265625,1573.7421875,0.9718543516881925,-2.814564831180766,0.0264789642136902,0.0261388107370662,94.7573369990509,95.37126843630575,,,1661040000000,2022-08-21T12:00:23+00:00,1661083223000,1624.788568,13322768,2022-08-22 12:00:23+00:00,https://beaconcha.in/charts/staked_ether,https://www.beaconcha.in/ethstore,extraido_html_sem_imputacao; consistencia_interna_verificada,0,4.451,,,,ausente_nao_estimado,Yahoo Finance via yfinance,99.00713814724078,Yahoo Finance via yfinance,99.98240306849752,-0.0281456483118076,0,staking_apr_rede,indisponivel_sem_dados_comparaveis
2022-08-22,13326960,4.445,1622.505859375,1581.649169921875,0.9748187723224228,-2.5181227677577245,0.0019661091163398,0.0050117390057438,94.73292981083615,95.19679513248028,,,1661126400000,2022-08-22T12:00:23+00:00,1661169623000,1622.506614,13324016,2022-08-23 12:00:23+00:00,https://beaconcha.in/charts/staked_ether,https://www.beaconcha.in/ethstore,extraido_html_sem_imputacao; consistencia_interna_verificada,0,4.445,,,,ausente_nao_estimado,Yahoo Finance via yfinance,100.9336326355748,Yahoo Finance via yfinance,102.49135610173734,-0.0251812276775772,0,staking_apr_rede,indisponivel_sem_dados_comparaveis
2022-08-23,13330704,4.437,1662.7698974609375,1615.9952392578125,0.971869434084325,-2.8130565915674977,0.0245130437941594,0.0214829329782406,94.470655215401,94.86236674204068,,,1661212800000,2022-08-23T12:00:23+00:00,1661256023000,1620.548316,13330064,2022-08-24 12:00:23+00:00,https://beaconcha.in/charts/staked_ether,https://www.beaconcha.in/ethstore,extraido_html_sem_imputacao; consistencia_interna_verificada,0,4.437,,,,ausente_nao_estimado,Yahoo Finance via yfinance,106.65770909303612,Yahoo Finance via yfinance,107.32524470344134,-0.0281305659156749,0,staking_apr_rede,indisponivel_sem_dados_comparaveis
2022-08-24,13343760,4.429,1657.0592041015625,1618.96728515625,0.9770123367644156,-2.2987663235584543,-0.0034403572095689,0.0018374535792618,86.96288477377169,86.93429934951348,,,1661299200000,2022-08-24T12:00:23+00:00,1661342423000,1618.701043,13338992,2022-08-25 12:00:23+00:00,https://beaconcha.in/charts/staked_ether,https://www.beaconcha.in/ethstore,extraido_html_sem_imputacao; consistencia_interna_verificada,0,4.429,,,,ausente_nao_estimado,Yahoo Finance via yfinance,106.89850231668214,Yahoo Finance via yfinance,108.01932454558568,-0.0229876632355845,0,staking_apr_rede,indisponivel_sem_dados_comparaveis
2022-08-25,13355792,4.378,1696.45703125,1652.8992919921875,0.9743242897076396,-2.5675710292360265,0.0234975095411669,0.0207424249282827,87.17020802304269,87.1058138040757,,,1661385600000,2022-08-25T12:00:23+00:00,1661428823000,1601.038661,13348048,2022-08-26 12:00:23+00:00,https://beaconcha.in/charts/staked_ether,https://www.beaconcha.in/ethstore,extraido_html_sem_imputacao; consistencia_interna_verificada,0,4.378,,,,ausente_nao_estimado,Yahoo Finance via yfinance,109.4741061276476,Yahoo Finance via yfinance,109.94819991207888,-0.0256757102923602,0,staking_apr_rede,indisponivel_sem_dados_comparaveis
2022-08-26,13359215,4.457,1507.7828369140625,1465.2559814453125,0.971795105748923,-2.8204894251076973,-0.1179017251761675,-0.1205009340310076,86.1226628943096,86.86374079194857,,,1661472000000,2022-08-26T12:00:23+00:00,1661515223000,1631.042085,13356623,2022-08-27 12:00:23+00:00,https://beaconcha.in/charts/staked_ether,https://www.beaconcha.in/ethstore,extraido_html_sem_imputacao; consistencia_interna_verificada,0,4.457,,,,ausente_nao_estimado,Yahoo Finance via yfinance,97.50963447643689,Yahoo Finance via yfinance,98.55948466580897,-0.0282048942510769,0,staking_apr_rede,indisponivel_sem_dados_comparaveis
2022-08-27,13368943,4.451,1491.39501953125,1447.4049072265625,0.970504050416828,-2.949594958317192,-0.0109283152010413,-0.0122577247496578,83.76222924185643,84.85731555700508,,,1661558400000,2022-08-27T12:00:23+00:00,1661601623000,1629.866946,13366575,2022-08-28 12:00:23+00:00,https://beaconcha.in/charts/staked_ether,https://www.beaconcha.in/ethstore,extraido_html_sem_imputacao; consistencia_interna_verificada,0,4.451,,,,ausente_nao_estimado,Yahoo Finance via yfinance,96.9316600323136,Yahoo Finance via yfinance,98.04269679719552,-0.0294959495831719,0,staking_apr_rede,indisponivel_sem_dados_comparaveis
2022-08-28,13371247,4.429,1430.54736328125,1386.7164306640625,0.9693607260114392,-3.063927398856081,-0.0416547941044176,-0.0428335613583709,84.70143061335122,85.86019144882499,,,1661644800000,2022-08-28T12:00:23+00:00,1661688023000,1622.310606,13369039,2022-08-29 12:00:23+00:00,https://beaconcha.in/charts/staked_ether,https://www.beaconcha.in/ethstore,extraido_html_sem_imputacao; consistencia_interna_verificada,0,4.429,,,,ausente_nao_estimado,Yahoo Finance via yfinance,94.65912503177388,Yahoo Finance via yfinance,95.96652261810787,-0.0306392739885608,0,staking_apr_rede,indisponivel_sem_dados_comparaveis
2022-08-29,13374351,4.429,1553.037353515625,1512.5731201171875,0.9739450997061736,-2.605490029382629,0.0821554538075937,0.0868735811742207,89.9890865603772,91.6961714320398,,,1661731200000,2022-08-29T12:00:23+00:00,1661774423000,1622.609819,13372815,2022-08-30 12:00:23+00:00,https://beaconcha.in/charts/staked_ether,https://www.beaconcha.in/ethstore,extraido_html_sem_imputacao; consistencia_interna_verificada,0,4.429,,,,ausente_nao_estimado,Yahoo Finance via yfinance,119.30080916670671,Yahoo Finance via yfinance,122.48737347702144,-0.0260549002938262,0,staking_apr_rede,indisponivel_sem_dados_comparaveis
2022-08-30,13380975,4.409,1523.8388671875,1482.1678466796875,0.9726539193840598,-2.734608061594024,-0.0189798748837328,-0.0203064763037589,90.14434479859972,91.88404166785809,,,1661817600000,2022-08-30T12:00:23+00:00,1661860823000,1615.838465,13376463,2022-08-31 12:00:23+00:00,https://beaconcha.in/charts/staked_ether,https://www.beaconcha.in/ethstore,extraido_html_sem_imputacao; consistencia_interna_verificada,0,4.409,,,,ausente_nao_estimado,Yahoo Finance via yfinance,116.58085858425108,Yahoo Finance via yfinance,120.40402546654254,-0.0273460806159402,0,staking_apr_rede,indisponivel_sem_dados_comparaveis
2022-08-31,13392751,4.442,1553.6849365234375,1510.6875,0.9723255111041692,-2.76744888958308,0.0193967663575976,0.0190590678936821,90.02694586103127,91.76516132600815,,,1661904000000,2022-08-31T12:00:23+00:00,1661947223000,1629.138511,13385711,2022-09-01 12:00:23+00:00,https://beaconcha.in/charts/staked_ether,https://www.beaconcha.in/ethstore,extraido_html_sem_imputacao; consistencia_interna_verificada,0,4.442,,,,ausente_nao_estimado,Yahoo Finance via yfinance,118.80142733443935,Yahoo Finance via yfinance,122.26623273546686,-0.0276744888958307,0,staking_apr_rede,indisponivel_sem_dados_comparaveis
2022-09-01,13387023,4.416,1586.1767578125,1540.619140625,0.9712783477862024,-2.8721652213797744,0.0206970779723057,0.0196195297728621,90.3656698346018,92.06950891832496,,,1661990400000,2022-09-01T12:00:23+00:00,1662033623000,1618.487735,13376047,2022-09-02 12:00:23+00:00,https://beaconcha.in/charts/staked_ether,https://www.beaconcha.in/ethstore,extraido_html_sem_imputacao; consistencia_interna_verificada,0,4.416,,,,ausente_nao_estimado,Yahoo Finance via yfinance,118.34886742701656,Yahoo Finance via yfinance,122.09766866210698,-0.0287216522137977,0,staking_apr_rede,indisponivel_sem_dados_comparaveis
2022-09-02,13430223,4.406,1577.220458984375,1527.073486328125,0.9682054766848882,-3.179452331511179,-0.0056624711632627,-0.0088312252758443,90.33966599252,92.04598172996972,,,1662076800000,2022-09-02T12:00:23+00:00,1662120023000,1618.485983,13408847,2022-09-03 12:00:23+00:00,https://beaconcha.in/charts/staked_ether,https://www.beaconcha.in/ethstore,extraido_html_sem_imputacao; consistencia_interna_verificada,0,4.406,,,,ausente_nao_estimado,Yahoo Finance via yfinance,76.06634533573211,Yahoo Finance via yfinance,80.02285014825075,-0.0317945233151117,0,staking_apr_rede,indisponivel_sem_dados_comparaveis
2022-09-03,13473327,4.413,1556.8726806640625,1508.0450439453125,0.9686373604436792,-3.13626395563208,-0.0129849773541942,-0.0125390105904797,90.4179737421012,92.10228653209391,,,1662163200000,2022-09-03T12:00:23+00:00,1662206423000,1626.314224,13451695,2022-09-04 12:00:23+00:00,https://beaconcha.in/charts/staked_ether,https://www.beaconcha.in/ethstore,extraido_html_sem_imputacao; consistencia_interna_verificada,0,4.413,,,,ausente_nao_estimado,Yahoo Finance via yfinance,76.36579497125405,Yahoo Finance via yfinance,80.0619327410084,-0.0313626395563207,0,staking_apr_rede,indisponivel_sem_dados_comparaveis
2022-09-04,13484399,4.398,1577.6416015625,1525.94677734375,0.9672328466949964,-3.276715330500368,0.0132519573821918,0.0118009158919722,86.43118134305801,88.479295315102,,,1662249600000,2022-09-04T12:00:23+00:00,1662292823000,1624.680687,13482799,2022-09-05 12:00:23+00:00,https://beaconcha.in/charts/staked_ether,https://www.beaconcha.in/ethstore,extraido_html_sem_imputacao; consistencia_interna_verificada,0,4.398,,,,ausente_nao_estimado,Yahoo Finance via yfinance,64.89213050683789,Yahoo Finance via yfinance,68.77045128900807,-0.0327671533050036,0,staking_apr_rede,indisponivel_sem_dados_comparaveis
2022-09-05,13486703,4.376,1617.1832275390625,1563.2852783203125,0.966671711466629,-3.3328288533371,0.0247548127567165,0.0241744994814346,86.63060441404437,88.44871195875655,,,1662336000000,2022-09-05T12:00:23+00:00,1662379223000,1616.837733,13484623,2022-09-06 12:00:23+00:00,https://beaconcha.in/charts/staked_ether,https://www.beaconcha.in/ethstore,extraido_html_sem_imputacao; consistencia_interna_verificada,0,4.376,,,,ausente_nao_estimado,Yahoo Finance via yfinance,34.17525943370297,Yahoo Finance via yfinance,34.56587990884694,-0.033328288533371,0,staking_apr_rede,indisponivel_sem_dados_comparaveis
2022-09-06,13497710,4.158,1561.74853515625,1496.8912353515625,0.9584713554425082,-4.152864455749183,-0.0348798379931632,-0.0433991067811253,87.37268129380192,89.61837737075781,,,1662422400000,2022-09-06T12:00:23+00:00,1662465623000,1536.581021,13488110,2022-09-07 12:00:23+00:00,https://beaconcha.in/charts/staked_ether,https://www.beaconcha.in/ethstore,extraido_html_sem_imputacao; consistencia_interna_verificada,0,4.158,,,,ausente_nao_estimado,Yahoo Finance via yfinance,42.17565058005573,Yahoo Finance via yfinance,46.64499026160463,-0.0415286445574918,0,staking_apr_rede,indisponivel_sem_dados_comparaveis
2022-09-07,13504974,4.326,1629.9063720703125,1566.211181640625,0.9609209513373572,-3.907904866264289,0.0427165232803579,0.0452689949310418,87.29769720958039,89.57522770068258,,,1662508800000,2022-09-07T12:00:23+00:00,1662552023000,1599.909667,13499310,2022-09-08 12:00:23+00:00,https://beaconcha.in/charts/staked_ether,https://www.beaconcha.in/ethstore,extraido_html_sem_imputacao; consistencia_interna_verificada,0,4.326,,,,ausente_nao_estimado,Yahoo Finance via yfinance,50.13058813258262,Yahoo Finance via yfinance,55.64796148845487,-0.0390790486626428,0,staking_apr_rede,indisponivel_sem_dados_comparaveis
2022-09-08,13535086,4.357,1635.34765625,1577.7147216796875,0.9647579923754744,-3.524200762452556,0.0033328428166607,0.0073179786865275,86.18237921110821,88.42250527409857,,,1662595200000,2022-09-08T12:00:23+00:00,1662638423000,1613.039738,13513774,2022-09-09 12:00:23+00:00,https://beaconcha.in/charts/staked_ether,https://www.beaconcha.in/ethstore,extraido_html_sem_imputacao; consistencia_interna_verificada,0,4.357,,,,ausente_nao_estimado,Yahoo Finance via yfinance,48.76046959327069,Yahoo Finance via yfinance,54.39792256431038,-0.0352420076245255,0,staking_apr_rede,indisponivel_sem_dados_comparaveis
2022-09-09,13578285,4.369,1719.08544921875,1667.0340576171875,0.9697214634530136,-3.0278536546986423,0.0499370183061094,0.0550686127043971,82.72113924349914,85.41577792895552,,,1662681600000,2022-09-09T12:00:23+00:00,1662724823000,1622.655667,13556974,2022-09-10 12:00:23+00:00,https://beaconcha.in/charts/staked_ether,https://www.beaconcha.in/ethstore,extraido_html_sem_imputacao; consistencia_interna_verificada,0,4.369,,,,ausente_nao_estimado,Yahoo Finance via yfinance,57.5448621496398,Yahoo Finance via yfinance,64.32253548947779,-0.0302785365469864,0,staking_apr_rede,indisponivel_sem_dados_comparaveis
2022-09-10,13596909,4.375,1776.2037353515625,1726.4720458984375,0.972001134518906,-2.799886548109398,0.0326859199977087,0.0350340124756916,83.3977807895084,86.01485581016264,,,1662768000000,2022-09-10T12:00:23+00:00,1662811223000,1628.933404,13590541,2022-09-11 12:00:23+00:00,https://beaconcha.in/charts/staked_ether,https://www.beaconcha.in/ethstore,extraido_html_sem_imputacao; consistencia_interna_verificada,0,4.375,,,,ausente_nao_estimado,Yahoo Finance via yfinance,54.71568718342101,Yahoo Finance via yfinance,62.18212111624869,-0.0279988654810939,0,staking_apr_rede,indisponivel_sem_dados_comparaveis
2022-09-11,13601293,4.371,1761.800048828125,1715.5582275390625,0.9737530820709076,-2.6246917929092284,-0.0081423124332573,-0.0063415217573273,82.05738698846181,84.70218099040086,,,1662854400000,2022-09-11T12:00:23+00:00,1662897623000,1628.296955,13598317,2022-09-12 12:00:23+00:00,https://beaconcha.in/charts/staked_ether,https://www.beaconcha.in/ethstore,extraido_html_sem_imputacao; consistencia_interna_verificada,0,4.371,,,,ausente_nao_estimado,Yahoo Finance via yfinance,58.11735293192362,Yahoo Finance via yfinance,64.8405433976188,-0.0262469179290922,0,staking_apr_rede,indisponivel_sem_dados_comparaveis
2022-09-12,13621356,4.369,1713.7652587890625,1668.0062255859375,0.9732991242712796,-2.670087572872037,-0.0276431858110108,-0.0281094884672776,82.27323746469882,84.79800891925728,,,1662940800000,2022-09-12T12:00:23+00:00,1662984023000,1628.413876,13605613,2022-09-13 12:00:23+00:00,https://beaconcha.in/charts/staked_ether,https://www.beaconcha.in/ethstore,extraido_html_sem_imputacao; consistencia_interna_verificada,0,4.369,,,,ausente_nao_estimado,Yahoo Finance via yfinance,65.08902734452187,Yahoo Finance via yfinance,71.80698269444636,-0.0267008757287203,0,staking_apr_rede,indisponivel_sem_dados_comparaveis
2022-09-13,13664524,4.382,1580.7879638671875,1532.4267578125,0.969406898863034,-3.059310113696601,-0.0807694215653878,-0.0847764412274046,86.25627746954447,89.08881058229942,,,1663027200000,2022-09-13T12:00:23+00:00,1663070423000,1637.997036,13643212,2022-09-14 12:00:23+00:00,https://beaconcha.in/charts/staked_ether,https://www.beaconcha.in/ethstore,extraido_html_sem_imputacao; consistencia_interna_verificada,0,4.382,,,,ausente_nao_estimado,Yahoo Finance via yfinance,88.004105902512,Yahoo Finance via yfinance,93.27432306981208,-0.030593101136966,0,staking_apr_rede,indisponivel_sem_dados_comparaveis
2022-09-14,13669676,4.834,1634.7550048828125,1588.06494140625,0.9714391065712568,-2.856089342874313,0.0335695149810278,0.0356636620130045,87.29936408467941,90.16848098433354,,,1663113600000,2022-09-14T12:00:23+00:00,1663156823000,1809.909801,13666252,2022-09-15 12:00:23+00:00,https://beaconcha.in/charts/staked_ether,https://www.beaconcha.in/ethstore,extraido_html_sem_imputacao; consistencia_interna_verificada,0,4.834,,,,ausente_nao_estimado,Yahoo Finance via yfinance,85.62842911983375,Yahoo Finance via yfinance,90.8754204330911,-0.0285608934287431,0,staking_apr_rede,indisponivel_sem_dados_comparaveis
2022-09-15,13674316,5.854,1471.6934814453125,1454.5216064453125,0.9883318943676124,-1.1668105632387515,-0.1050791831036346,-0.0878392033427052,93.99531511924334,94.6605360197571,,,1663200000000,2022-09-15T12:00:23+00:00,1663243223000,2192.653974,13671148,2022-09-16 12:00:23+00:00,https://beaconcha.in/charts/staked_ether,https://www.beaconcha.in/ethstore,extraido_html_sem_imputacao; consistencia_interna_verificada,0,5.854,,,,ausente_nao_estimado,Yahoo Finance via yfinance,114.3548415011746,Yahoo Finance via yfinance,111.18347514306956,-0.0116681056323875,0,staking_apr_rede,indisponivel_sem_dados_comparaveis
2022-09-16,13709804,5.611,1432.44775390625,1416.3189697265625,0.9887404031765176,-1.1259596823482545,-0.027029068935535,-0.0266158227277702,94.05860785093029,94.7369809520468,,,1663286400000,2022-09-16T12:00:23+00:00,1663329623000,2105.199283,13694252,2022-09-17 12:00:23+00:00,https://beaconcha.in/charts/staked_ether,https://www.beaconcha.in/ethstore,extraido_html_sem_imputacao; consistencia_interna_verificada,0,5.611,,,,ausente_nao_estimado,Yahoo Finance via yfinance,100.39478095331744,Yahoo Finance via yfinance,95.98845665854648,-0.0112595968234825,0,staking_apr_rede,indisponivel_sem_dados_comparaveis
2022-09-17,13726795,5.232,1469.74169921875,1457.79443359375,0.9918711800642585,-0.8128819935741549,0.0257019735598855,0.0288634005875869,94.65157970362718,95.44643953477822,,,1663372800000,2022-09-17T12:00:23+00:00,1663416023000,1965.796296,13714988,2022-09-18 12:00:23+00:00,https://beaconcha.in/charts/staked_ether,https://www.beaconcha.in/ethstore,extraido_html_sem_imputacao; consistencia_interna_verificada,0,5.232,,,,ausente_nao_estimado,Yahoo Finance via yfinance,98.00708070785002,Yahoo Finance via yfinance,93.78600308319388,-0.0081288199357415,0,staking_apr_rede,indisponivel_sem_dados_comparaveis
2022-09-18,13748715,5.802,1335.3291015625,1324.1917724609375,0.991659487471268,-0.8340512528732025,-0.0959088910378288,-0.0961223413234826,88.7457877598291,89.296728159926,,,1663459200000,2022-09-18T12:00:23+00:00,1663502423000,2183.115638,13734059,2022-09-19 12:00:23+00:00,https://beaconcha.in/charts/staked_ether,https://www.beaconcha.in/ethstore,extraido_html_sem_imputacao; consistencia_interna_verificada,0,5.802,,,,ausente_nao_estimado,Yahoo Finance via yfinance,107.71391963210075,Yahoo Finance via yfinance,105.1280877751531,-0.008340512528732,0,staking_apr_rede,indisponivel_sem_dados_comparaveis
2022-09-19,13765674,5.533,1377.5413818359375,1363.9561767578125,0.9901380784219932,-0.9861921578006694,0.0311225233579294,0.0295871401539746,89.47996996562902,89.90985346456658,,,1663545600000,2022-09-19T12:00:23+00:00,1663588823000,2085.886666,13760138,2022-09-20 12:00:23+00:00,https://beaconcha.in/charts/staked_ether,https://www.beaconcha.in/ethstore,extraido_html_sem_imputacao; consistencia_interna_verificada,0,5.533,,,,ausente_nao_estimado,Yahoo Finance via yfinance,119.40460506222615,Yahoo Finance via yfinance,115.80652707460798,-0.0098619215780066,0,staking_apr_rede,indisponivel_sem_dados_comparaveis
2022-09-20,13790186,5.744,1324.38818359375,1316.2587890625,0.9938617735857544,-0.6138226414245662,-0.0393496982854006,-0.0355959686342805,89.55685275099677,89.89274595978013,,,1663632000000,2022-09-20T12:00:23+00:00,1663675223000,2167.932329,13776490,2022-09-21 12:00:23+00:00,https://beaconcha.in/charts/staked_ether,https://www.beaconcha.in/ethstore,extraido_html_sem_imputacao; consistencia_interna_verificada,0,5.744,,,,ausente_nao_estimado,Yahoo Finance via yfinance,112.4898408176764,Yahoo Finance via yfinance,106.39473821550074,-0.0061382264142456,0,staking_apr_rede,indisponivel_sem_dados_comparaveis
2022-09-21,13805930,6.249,1252.6077880859375,1243.19384765625,0.9924845266657072,-0.7515473334292921,-0.0557229959423897,-0.0571097099716342,91.10140995594898,91.53539070464224,,,1663718400000,2022-09-21T12:00:23+00:00,1663761623000,2362.124084,13796650,2022-09-22 12:00:23+00:00,https://beaconcha.in/charts/staked_ether,https://www.beaconcha.in/ethstore,extraido_html_sem_imputacao; consistencia_interna_verificada,0,6.249,,,,ausente_nao_estimado,Yahoo Finance via yfinance,102.06776766634596,Yahoo Finance via yfinance,96.5933522373974,-0.0075154733342929,0,staking_apr_rede,indisponivel_sem_dados_comparaveis
2022-09-22,13826730,5.639,1327.68017578125,1319.7672119140625,0.9940400075172235,-0.5959992482776455,0.058205581933538,0.05977161461287,93.3736091810955,94.02929255033618,,,1663804800000,2022-09-22T12:00:23+00:00,1663848023000,2134.134173,13814186,2022-09-23 12:00:23+00:00,https://beaconcha.in/charts/staked_ether,https://www.beaconcha.in/ethstore,extraido_html_sem_imputacao; consistencia_interna_verificada,0,5.639,,,,ausente_nao_estimado,Yahoo Finance via yfinance,104.88795514480036,Yahoo Finance via yfinance,105.8196662377735,-0.0059599924827764,0,staking_apr_rede,indisponivel_sem_dados_comparaveis
2022-09-23,13854985,5.594,1328.259521484375,1321.1693115234375,0.9946620296363364,-0.5337970363663569,0.000436264206533,0.0010618200995489,93.40461744361528,94.02076588859208,,,1663891200000,2022-09-23T12:00:23+00:00,1663934423000,2120.243127,13833674,2022-09-24 12:00:23+00:00,https://beaconcha.in/charts/staked_ether,https://www.beaconcha.in/ethstore,extraido_html_sem_imputacao; consistencia_interna_verificada,0,5.594,,,,ausente_nao_estimado,Yahoo Finance via yfinance,104.80083246443056,Yahoo Finance via yfinance,105.68191827374858,-0.0053379703636635,0,staking_apr_rede,indisponivel_sem_dados_comparaveis
2022-09-24,13898153,5.306,1317.9932861328125,1310.54150390625,0.9943461151851334,-0.5653884814866617,-0.0077591126800254,-0.0080767729718469,92.73834891019862,93.49504924807374,,,1663977600000,2022-09-24T12:00:23+00:00,1664020823000,2017.197039,13876841,2022-09-25 12:00:23+00:00,https://beaconcha.in/charts/staked_ether,https://www.beaconcha.in/ethstore,extraido_html_sem_imputacao; consistencia_interna_verificada,0,5.306,,,,ausente_nao_estimado,Yahoo Finance via yfinance,100.40662593258986,Yahoo Finance via yfinance,100.67995105096902,-0.0056538848148666,0,staking_apr_rede,indisponivel_sem_dados_comparaveis
2022-09-25,13912744,5.663,1294.216796875,1288.98583984375,0.9959582065045977,-0.4041793495402457,-0.0182046199518597,-0.0165846750475187,84.03568379425984,84.29371580687572,,,1664064000000,2022-09-25T12:00:23+00:00,1664107223000,2157.688394,13906856,2022-09-26 12:00:23+00:00,https://beaconcha.in/charts/staked_ether,https://www.beaconcha.in/ethstore,extraido_html_sem_imputacao; consistencia_interna_verificada,0,5.663,,,,ausente_nao_estimado,Yahoo Finance via yfinance,75.06272668890144,Yahoo Finance via yfinance,74.86906812764623,-0.0040417934954024,0,staking_apr_rede,indisponivel_sem_dados_comparaveis
2022-09-26,13924744,5.732,1335.3201904296875,1325.4923095703125,0.9926400567221164,-0.7359943277883474,0.0312653839786595,0.0279282063060328,84.95059030373092,84.9772568126804,,,1664150400000,2022-09-26T12:00:23+00:00,1664193623000,2185.458906,13915848,2022-09-27 12:00:23+00:00,https://beaconcha.in/charts/staked_ether,https://www.beaconcha.in/ethstore,extraido_html_sem_imputacao; consistencia_interna_verificada,0,5.732,,,,ausente_nao_estimado,Yahoo Finance via yfinance,75.10399193456759,Yahoo Finance via yfinance,74.4266407659918,-0.0073599432778834,0,staking_apr_rede,indisponivel_sem_dados_comparaveis
2022-09-27,13956200,5.62,1330.127685546875,1324.5924072265625,0.9958385361191572,-0.416146388084293,-0.0038961643168271,-0.0006791498948209,83.84013387606578,83.74925917513325,,,1664236800000,2022-09-27T12:00:23+00:00,1664280023000,2146.527524,13940680,2022-09-28 12:00:23+00:00,https://beaconcha.in/charts/staked_ether,https://www.beaconcha.in/ethstore,extraido_html_sem_imputacao; consistencia_interna_verificada,0,5.62,,,,ausente_nao_estimado,Yahoo Finance via yfinance,69.21336235525847,Yahoo Finance via yfinance,69.54461110855887,-0.0041614638808429,0,staking_apr_rede,indisponivel_sem_dados_comparaveis
2022-09-28,13980136,5.812,1337.410888671875,1329.9173583984375,0.9943969872408628,-0.5603012759137216,0.0054606304802654,0.0040120088337661,78.1786243738944,77.49456699762719,,,1664323200000,2022-09-28T12:00:23+00:00,1664366423000,2224.772668,13972232,2022-09-29 12:00:23+00:00,https://beaconcha.in/charts/staked_ether,https://www.beaconcha.in/ethstore,extraido_html_sem_imputacao; consistencia_interna_verificada,0,5.812,,,,ausente_nao_estimado,Yahoo Finance via yfinance,50.48181447201849,Yahoo Finance via yfinance,49.70353100054366,-0.0056030127591372,0,staking_apr_rede,indisponivel_sem_dados_comparaveis
2022-09-29,13997960,5.669,1335.65234375,1330.45703125,0.9961102808494212,-0.3889719150578896,-0.0013157527695159,0.0004057119637484,78.02320846605058,77.29227294183309,,,1664409600000,2022-09-29T12:00:23+00:00,1664452823000,2172.294648,13986408,2022-09-30 12:00:23+00:00,https://beaconcha.in/charts/staked_ether,https://www.beaconcha.in/ethstore,extraido_html_sem_imputacao; consistencia_interna_verificada,0,5.669,,,,ausente_nao_estimado,Yahoo Finance via yfinance,29.297092797959863,Yahoo Finance via yfinance,26.204973386676265,-0.0038897191505788,0,staking_apr_rede,indisponivel_sem_dados_comparaveis
2022-09-30,14018312,5.513,1327.9786376953125,1323.5107421875,0.9966355667320324,-0.3364433267967648,-0.0057618546548361,-0.0052346565724362,77.54975526096848,76.85920463051585,,,1664496000000,2022-09-30T12:00:23+00:00,1664539223000,2115.192018,14005352,2022-10-01 12:00:23+00:00,https://beaconcha.in/charts/staked_ether,https://www.beaconcha.in/ethstore,extraido_html_sem_imputacao; consistencia_interna_verificada,0,5.513,,,,ausente_nao_estimado,Yahoo Finance via yfinance,29.69024519586343,Yahoo Finance via yfinance,26.609533579309737,-0.0033644332679676,0,staking_apr_rede,indisponivel_sem_dados_comparaveis
2022-10-01,14046248,5.216,1311.6444091796875,1308.2105712890625,0.9973820359644788,-0.2617964035521281,-0.0123763406539651,-0.011627631849883,77.01413623958173,76.40110382090906,,,1664582400000,2022-10-01T12:00:23+00:00,1664625623000,2005.293854,14033768,2022-10-02 12:00:23+00:00,https://beaconcha.in/charts/staked_ether,https://www.beaconcha.in/ethstore,extraido_html_sem_imputacao; consistencia_interna_verificada,0,5.216,,,,ausente_nao_estimado,Yahoo Finance via yfinance,30.59485197572273,Yahoo Finance via yfinance,27.397590058453336,-0.0026179640355212,0,staking_apr_rede,indisponivel_sem_dados_comparaveis
2022-10-02,14059911,5.335,1276.093505859375,1271.5908203125,0.9964715081409,-0.3528491859099869,-0.0274781615063153,-0.0283914962791383,77.36529596090111,76.81356215423321,,,1664668800000,2022-10-02T12:00:23+00:00,1664712023000,2053.27072,14047464,2022-10-03 12:00:23+00:00,https://beaconcha.in/charts/staked_ether,https://www.beaconcha.in/ethstore,extraido_html_sem_imputacao; consistencia_interna_verificada,0,5.335,,,,ausente_nao_estimado,Yahoo Finance via yfinance,34.32933522116335,Yahoo Finance via yfinance,32.52538581238142,-0.0035284918590998,0,staking_apr_rede,indisponivel_sem_dados_comparaveis
2022-10-03,14069479,5.403,1323.439208984375,1316.459228515625,0.9947258775307808,-0.52741224692191,0.0364303469280446,0.0346769988472504,78.79598906059445,78.07089259929455,,,1664755200000,2022-10-03T12:00:23+00:00,1664798423000,2081.620139,14063143,2022-10-04 12:00:23+00:00,https://beaconcha.in/charts/staked_ether,https://www.beaconcha.in/ethstore,extraido_html_sem_imputacao; consistencia_interna_verificada,0,5.403,,,,ausente_nao_estimado,Yahoo Finance via yfinance,37.43722840027777,Yahoo Finance via yfinance,36.42673191655149,-0.0052741224692191,0,staking_apr_rede,indisponivel_sem_dados_comparaveis
2022-10-04,14080102,5.396,1362.1265869140625,1354.869873046875,0.9946725113973234,-0.5327488602676622,0.028813335722636,0.0287596851981686,79.44426589347334,78.73859698055597,,,1664841600000,2022-10-04T12:00:23+00:00,1664884823000,2080.137408,14071271,2022-10-05 12:00:23+00:00,https://beaconcha.in/charts/staked_ether,https://www.beaconcha.in/ethstore,extraido_html_sem_imputacao; consistencia_interna_verificada,0,5.396,,,,ausente_nao_estimado,Yahoo Finance via yfinance,43.07185889827927,Yahoo Finance via yfinance,42.30206168811005,-0.0053274886026766,0,staking_apr_rede,indisponivel_sem_dados_comparaveis
2022-10-05,14089222,5.828,1352.837158203125,1344.7974853515625,0.9940571762071934,-0.594282379280664,-0.0068431594924296,-0.0074619818629124,78.72118185469053,78.08620837879144,,,1664928000000,2022-10-05T12:00:23+00:00,1664971223000,2248.98317,14084422,2022-10-06 12:00:23+00:00,https://beaconcha.in/charts/staked_ether,https://www.beaconcha.in/ethstore,extraido_html_sem_imputacao; consistencia_interna_verificada,0,5.828,,,,ausente_nao_estimado,Yahoo Finance via yfinance,43.625844397545215,Yahoo Finance via yfinance,42.97878792884797,-0.0059428237928066,0,staking_apr_rede,indisponivel_sem_dados_comparaveis
2022-10-06,14101510,5.449,1351.70947265625,1345.549072265625,0.9954425114898994,-0.4557488510100627,-0.0008339184093623,0.0005587287120961,78.03917107237193,76.86258624306316,,,1665014400000,2022-10-06T12:00:23+00:00,1665057623000,2103.822119,14091718,2022-10-07 12:00:23+00:00,https://beaconcha.in/charts/staked_ether,https://www.beaconcha.in/ethstore,extraido_html_sem_imputacao; consistencia_interna_verificada,0,5.449,,,,ausente_nao_estimado,Yahoo Finance via yfinance,43.60737977197011,Yahoo Finance via yfinance,42.97636595756923,-0.0045574885101006,0,staking_apr_rede,indisponivel_sem_dados_comparaveis
2022-10-07,14115142,5.673,1332.5169677734375,1321.872314453125,0.9920116189303771,-0.7988381069622852,-0.0143004566751767,-0.0177530102864161,76.18038398900067,74.94378248701314,,,1665100800000,2022-10-07T12:00:23+00:00,1665144023000,2192.860301,14108102,2022-10-08 12:00:23+00:00,https://beaconcha.in/charts/staked_ether,https://www.beaconcha.in/ethstore,extraido_html_sem_imputacao; consistencia_interna_verificada,0,5.673,,,,ausente_nao_estimado,Yahoo Finance via yfinance,44.91339197975839,Yahoo Finance via yfinance,45.08825041177817,-0.0079883810696228,0,staking_apr_rede,indisponivel_sem_dados_comparaveis
2022-10-08,14131334,5.187,1315.50048828125,1307.0872802734375,0.9936045572899752,-0.6395442710024901,-0.0128524180919345,-0.011247940126448,76.12086111371612,74.81901713028303,,,1665187200000,2022-10-08T12:00:23+00:00,1665230423000,2006.908141,14122950,2022-10-09 12:00:23+00:00,https://beaconcha.in/charts/staked_ether,https://www.beaconcha.in/ethstore,extraido_html_sem_imputacao; consistencia_interna_verificada,0,5.187,,,,ausente_nao_estimado,Yahoo Finance via yfinance,44.99757750143188,Yahoo Finance via yfinance,45.03038711867252,-0.0063954427100249,0,staking_apr_rede,indisponivel_sem_dados_comparaveis
2022-10-09,14136102,5.379,1322.604248046875,1312.2176513671875,0.9921468597314536,-0.7853140268546444,0.0053855154705946,0.0039173580689543,73.4471759174555,71.59882090811585,,,1665273600000,2022-10-09T12:00:23+00:00,1665316823000,2082.966646,14133606,2022-10-10 12:00:23+00:00,https://beaconcha.in/charts/staked_ether,https://www.beaconcha.in/ethstore,extraido_html_sem_imputacao; consistencia_interna_verificada,0,5.379,,,,ausente_nao_estimado,Yahoo Finance via yfinance,38.372871075715054,Yahoo Finance via yfinance,38.22060712447712,-0.0078531402685464,0,staking_apr_rede,indisponivel_sem_dados_comparaveis
2022-10-10,14147270,5.542,1291.337646484375,1283.6375732421875,0.9940371340809658,-0.5962865919034166,-0.0239240917573635,-0.0220206679797983,72.069918343355,70.0336396583775,,,1665360000000,2022-10-10T12:00:23+00:00,1665403223000,2147.517148,14144070,2022-10-11 12:00:23+00:00,https://beaconcha.in/charts/staked_ether,https://www.beaconcha.in/ethstore,extraido_html_sem_imputacao; consistencia_interna_verificada,0,5.542,,,,ausente_nao_estimado,Yahoo Finance via yfinance,32.745662400781065,Yahoo Finance via yfinance,32.47835322680524,-0.0059628659190341,0,staking_apr_rede,indisponivel_sem_dados_comparaveis
2022-10-11,14156869,5.309,1279.57568359375,1272.07275390625,0.994136392412188,-0.5863607587812014,-0.0091500906049782,-0.0090502418443121,72.06640314859581,70.02278961713108,,,1665446400000,2022-10-11T12:00:23+00:00,1665489623000,2058.60099,14153189,2022-10-12 12:00:23+00:00,https://beaconcha.in/charts/staked_ether,https://www.beaconcha.in/ethstore,extraido_html_sem_imputacao; consistencia_interna_verificada,0,5.309,,,,ausente_nao_estimado,Yahoo Finance via yfinance,18.190466382078235,Yahoo Finance via yfinance,17.644991642534112,-0.005863607587812,0,staking_apr_rede,indisponivel_sem_dados_comparaveis
2022-10-12,14165413,5.449,1294.9063720703125,1287.026123046875,0.9939144256346206,-0.6085574365379376,0.0119098671963547,0.0116865662862626,72.2136916718489,70.10107014648875,,,1665532800000,2022-10-12T12:00:23+00:00,1665576023000,2113.640342,14158885,2022-10-13 12:00:23+00:00,https://beaconcha.in/charts/staked_ether,https://www.beaconcha.in/ethstore,extraido_html_sem_imputacao; consistencia_interna_verificada,0,5.449,,,,ausente_nao_estimado,Yahoo Finance via yfinance,23.70461591270197,Yahoo Finance via yfinance,23.20690352750164,-0.0060855743653793,0,staking_apr_rede,indisponivel_sem_dados_comparaveis
2022-10-13,14188772,5.829,1288.1239013671875,1282.0252685546875,0.9952654920803604,-0.4734507919639585,-0.0052515732089481,-0.0038931574704147,67.4600677444407,64.49823012969235,,,1665619200000,2022-10-13T12:00:23+00:00,1665662423000,2263.990777,14176516,2022-10-14 12:00:23+00:00,https://beaconcha.in/charts/staked_ether,https://www.beaconcha.in/ethstore,extraido_html_sem_imputacao; consistencia_interna_verificada,0,5.829,,,,ausente_nao_estimado,Yahoo Finance via yfinance,23.301554567930086,Yahoo Finance via yfinance,22.62503717716608,-0.0047345079196395,0,staking_apr_rede,indisponivel_sem_dados_comparaveis
2022-10-14,14198468,5.309,1297.422119140625,1289.80224609375,0.9941269129495632,-0.5873087050436765,0.0071924907034789,0.0060478404552579,66.08558200204193,62.90092659169926,,,1665705600000,2022-10-14T12:00:23+00:00,1665748823000,2064.509937,14194564,2022-10-15 12:00:23+00:00,https://beaconcha.in/charts/staked_ether,https://www.beaconcha.in/ethstore,extraido_html_sem_imputacao; consistencia_interna_verificada,0,5.309,,,,ausente_nao_estimado,Yahoo Finance via yfinance,24.28741315558708,Yahoo Finance via yfinance,22.209140463163013,-0.0058730870504367,0,staking_apr_rede,indisponivel_sem_dados_comparaveis
2022-10-15,14206852,5.337,1274.8717041015625,1269.7265625,0.9959641887218852,-0.4035811278114809,-0.0175337611593255,-0.0156873368496429,56.15951862172061,55.86129765313503,,,1665792000000,2022-10-15T12:00:23+00:00,1665835223000,2077.151496,14204996,2022-10-16 12:00:23+00:00,https://beaconcha.in/charts/staked_ether,https://www.beaconcha.in/ethstore,extraido_html_sem_imputacao; consistencia_interna_verificada,0,5.337,,,,ausente_nao_estimado,Yahoo Finance via yfinance,25.549781168343863,Yahoo Finance via yfinance,23.352185404263388,-0.0040358112781148,0,staking_apr_rede,indisponivel_sem_dados_comparaveis
2022-10-16,14216164,5.351,1306.296630859375,1300.30322265625,0.9954119087031694,-0.4588091296830576,0.0243505850460033,0.0237959132955597,56.456972839616206,56.11956126547226,,,1665878400000,2022-10-16T12:00:23+00:00,1665921623000,2083.12891,14208644,2022-10-17 12:00:23+00:00,https://beaconcha.in/charts/staked_ether,https://www.beaconcha.in/ethstore,extraido_html_sem_imputacao; consistencia_interna_verificada,0,5.351,,,,ausente_nao_estimado,Yahoo Finance via yfinance,32.680460342056904,Yahoo Finance via yfinance,30.76215839027609,-0.0045880912968305,0,staking_apr_rede,indisponivel_sem_dados_comparaveis
2022-10-17,14226019,6.016,1331.713623046875,1324.39599609375,0.9945051046813032,-0.5494895318696735,0.0192704169309533,0.0183590180348822,56.08775749906172,55.48852599746591,,,1665964800000,2022-10-17T12:00:23+00:00,1666008023000,2344.074341,14221315,2022-10-18 12:00:23+00:00,https://beaconcha.in/charts/staked_ether,https://www.beaconcha.in/ethstore,extraido_html_sem_imputacao; consistencia_interna_verificada,0,6.016,,,,ausente_nao_estimado,Yahoo Finance via yfinance,29.609615837954824,Yahoo Finance via yfinance,27.904834679794654,-0.0054948953186967,0,staking_apr_rede,indisponivel_sem_dados_comparaveis
2022-10-18,14242371,5.698,1310.447021484375,1304.210205078125,0.9952406955000856,-0.4759304499914352,-0.0160982345112951,-0.0153588527749681,45.38755094277858,44.53574718734713,,,1666051200000,2022-10-18T12:00:23+00:00,1666094423000,2221.472971,14229283,2022-10-19 12:00:23+00:00,https://beaconcha.in/charts/staked_ether,https://www.beaconcha.in/ethstore,extraido_html_sem_imputacao; consistencia_interna_verificada,0,5.698,,,,ausente_nao_estimado,Yahoo Finance via yfinance,31.88156741177831,Yahoo Finance via yfinance,30.05281656383576,-0.0047593044999143,0,staking_apr_rede,indisponivel_sem_dados_comparaveis
2022-10-19,14283843,5.978,1285.7442626953125,1277.637451171875,0.9936948491557388,-0.6305150844261309,-0.0190305733402313,-0.0205850195461629,44.33094364318847,43.699252396191625,,,1666137600000,2022-10-19T12:00:23+00:00,1666180823000,2336.076947,14262531,2022-10-20 12:00:23+00:00,https://beaconcha.in/charts/staked_ether,https://www.beaconcha.in/ethstore,extraido_html_sem_imputacao; consistencia_interna_verificada,0,5.978,,,,ausente_nao_estimado,Yahoo Finance via yfinance,34.57557512991253,Yahoo Finance via yfinance,33.575362390706694,-0.0063051508442613,0,staking_apr_rede,indisponivel_sem_dados_comparaveis
2022-10-20,14318083,5.947,1283.200927734375,1277.8388671875,0.9958213398767236,-0.4178660123276501,-0.0019800623239236,0.0001576348132009,42.268268343263735,42.00477866675801,,,1666224000000,2022-10-20T12:00:23+00:00,1666267223000,2330.056327,14300003,2022-10-21 12:00:23+00:00,https://beaconcha.in/charts/staked_ether,https://www.beaconcha.in/ethstore,extraido_html_sem_imputacao; consistencia_interna_verificada,0,5.947,,,,ausente_nao_estimado,Yahoo Finance via yfinance,34.4119988454196,Yahoo Finance via yfinance,33.49371045758348,-0.0041786601232765,0,staking_apr_rede,indisponivel_sem_dados_comparaveis
2022-10-21,14336131,5.778,1299.9464111328125,1293.19287109375,0.9948047550412656,-0.5195244958734357,0.0129653602974341,0.0119439882512942,37.62140352196442,37.00018902647793,,,1666310400000,2022-10-21T12:00:23+00:00,1666353623000,2267.04677,14322083,2022-10-22 12:00:23+00:00,https://beaconcha.in/charts/staked_ether,https://www.beaconcha.in/ethstore,extraido_html_sem_imputacao; consistencia_interna_verificada,0,5.778,,,,ausente_nao_estimado,Yahoo Finance via yfinance,35.43899660328954,Yahoo Finance via yfinance,34.448409021112965,-0.0051952449587343,0,staking_apr_rede,indisponivel_sem_dados_comparaveis
2022-10-22,14360226,5.368,1314.2991943359375,1309.5107421875,0.9963566498639932,-0.3643350136006806,0.0109805500947319,0.012539333961412,31.77233664757388,30.74753305509188,,,1666396800000,2022-10-22T12:00:23+00:00,1666440023000,2108.937749,14340419,2022-10-23 12:00:23+00:00,https://beaconcha.in/charts/staked_ether,https://www.beaconcha.in/ethstore,extraido_html_sem_imputacao; consistencia_interna_verificada,0,5.368,,,,ausente_nao_estimado,Yahoo Finance via yfinance,32.587675333686875,Yahoo Finance via yfinance,32.411676553352805,-0.0036433501360068,0,staking_apr_rede,indisponivel_sem_dados_comparaveis
2022-10-23,14374178,5.36,1363.447021484375,1361.773193359375,0.9987723555821204,-0.1227644417879703,0.0367124762446653,0.039134080954979,34.30243984841997,33.68137122575989,,,1666483200000,2022-10-23T12:00:23+00:00,1666526423000,2110.011986,14369762,2022-10-24 12:00:23+00:00,https://beaconcha.in/charts/staked_ether,https://www.beaconcha.in/ethstore,extraido_html_sem_imputacao; consistencia_interna_verificada,0,5.36,,,,ausente_nao_estimado,Yahoo Finance via yfinance,37.97942779554423,Yahoo Finance via yfinance,39.17913593732676,-0.0012276444178797,0,staking_apr_rede,indisponivel_sem_dados_comparaveis
2022-10-24,14384226,5.445,1344.99853515625,1338.2828369140625,0.9950069103670752,-0.4993089632924663,-0.0136231438016515,-0.0174003419661861,34.548241604256994,34.15164962776906,,,1666569600000,2022-10-24T12:00:23+00:00,1666612823000,2145.00979,14379298,2022-10-25 12:00:23+00:00,https://beaconcha.in/charts/staked_ether,https://www.beaconcha.in/ethstore,extraido_html_sem_imputacao; consistencia_interna_verificada,0,5.445,,,,ausente_nao_estimado,Yahoo Finance via yfinance,38.473556564666296,Yahoo Finance via yfinance,41.11093274509419,-0.0049930896329246,0,staking_apr_rede,indisponivel_sem_dados_comparaveis
2022-10-25,14400194,5.687,1461.6654052734375,1453.5311279296875,0.994434925178907,-0.556507482109303,0.0831835502227897,0.0826085294368496,44.2988756528692,43.95345884800205,,,1666656000000,2022-10-25T12:00:23+00:00,1666699223000,2242.291318,14390658,2022-10-26 12:00:23+00:00,https://beaconcha.in/charts/staked_ether,https://www.beaconcha.in/ethstore,extraido_html_sem_imputacao; consistencia_interna_verificada,0,5.687,,,,ausente_nao_estimado,Yahoo Finance via yfinance,67.11205210072339,Yahoo Finance via yfinance,68.45645002123607,-0.005565074821093,0,staking_apr_rede,indisponivel_sem_dados_comparaveis
2022-10-26,14436866,5.624,1566.566650390625,1564.7039794921875,0.998810985221744,-0.1189014778256059,0.0693099036609962,0.0737007989849064,48.98028849600259,49.623206516450665,,,1666742400000,2022-10-26T12:00:23+00:00,1666785623000,2221.070054,14415554,2022-10-27 12:00:23+00:00,https://beaconcha.in/charts/staked_ether,https://www.beaconcha.in/ethstore,extraido_html_sem_imputacao; consistencia_interna_verificada,0,5.624,,,,ausente_nao_estimado,Yahoo Finance via yfinance,69.64930714261553,Yahoo Finance via yfinance,71.99920655944389,-0.001189014778256,0,staking_apr_rede,indisponivel_sem_dados_comparaveis
2022-10-27,14471042,5.42,1514.3748779296875,1509.83984375,0.997005342438137,-0.2994657561863012,-0.0338836458529034,-0.0356930741567276,50.77474951741088,51.63674227793288,,,1666828800000,2022-10-27T12:00:23+00:00,1666872023000,2145.952243,14452610,2022-10-28 12:00:23+00:00,https://beaconcha.in/charts/staked_ether,https://www.beaconcha.in/ethstore,extraido_html_sem_imputacao; consistencia_interna_verificada,0,5.42,,,,ausente_nao_estimado,Yahoo Finance via yfinance,80.95709009575019,Yahoo Finance via yfinance,84.32171618622597,-0.002994657561863,0,staking_apr_rede,indisponivel_sem_dados_comparaveis
2022-10-28,14514241,5.464,1555.4779052734375,1551.7755126953125,0.9976197716691616,-0.2380228330838396,0.0267801010136558,0.0273961859572507,51.37580731070391,52.25720144681624,,,1666915200000,2022-10-28T12:00:23+00:00,1666958423000,2169.758339,14492930,2022-10-29 12:00:23+00:00,https://beaconcha.in/charts/staked_ether,https://www.beaconcha.in/ethstore,extraido_html_sem_imputacao; consistencia_interna_verificada,0,5.464,,,,ausente_nao_estimado,Yahoo Finance via yfinance,80.45960845465629,Yahoo Finance via yfinance,83.73250163233583,-0.0023802283308383,0,staking_apr_rede,indisponivel_sem_dados_comparaveis
2022-10-29,14543617,5.354,1619.698486328125,1614.005126953125,0.9964849264087992,-0.3515073591200846,0.0404571793767717,0.039318978976389,52.7731028998946,53.559747458133245,,,1667001600000,2022-10-29T12:00:23+00:00,1667044823000,2130.758088,14526657,2022-10-30 12:00:23+00:00,https://beaconcha.in/charts/staked_ether,https://www.beaconcha.in/ethstore,extraido_html_sem_imputacao; consistencia_interna_verificada,0,5.354,,,,ausente_nao_estimado,Yahoo Finance via yfinance,80.00732082280312,Yahoo Finance via yfinance,83.33769242358542,-0.0035150735912008,0,staking_apr_rede,indisponivel_sem_dados_comparaveis
2022-10-30,14586401,5.233,1590.7833251953125,1587.7884521484375,0.9981173595426596,-0.1882640457340323,-0.0180134600994688,-0.0163766089739716,53.29966752081495,54.00457539073745,,,1667088000000,2022-10-30T12:00:23+00:00,1667131223000,2088.442209,14565441,2022-10-31 12:00:23+00:00,https://beaconcha.in/charts/staked_ether,https://www.beaconcha.in/ethstore,extraido_html_sem_imputacao; consistencia_interna_verificada,0,5.233,,,,ausente_nao_estimado,Yahoo Finance via yfinance,86.6357750829801,Yahoo Finance via yfinance,89.02810160978211,-0.0018826404573403,0,staking_apr_rede,indisponivel_sem_dados_comparaveis
2022-10-31,14620961,5.548,1572.7144775390625,1570.4429931640625,0.9985556918261768,-0.1444308173823349,-0.0114234592684269,-0.0109843966084104,53.259296599491215,53.978506717193866,,,1667174400000,2022-10-31T12:00:23+00:00,1667217623000,2220.409012,14608257,2022-11-01 12:00:23+00:00,https://beaconcha.in/charts/staked_ether,https://www.beaconcha.in/ethstore,extraido_html_sem_imputacao; consistencia_interna_verificada,0,5.548,,,,ausente_nao_estimado,Yahoo Finance via yfinance,86.09798158081333,Yahoo Finance via yfinance,87.40939468611192,-0.0014443081738233,0,staking_apr_rede,indisponivel_sem_dados_comparaveis
2022-11-01,14647265,5.515,1579.70458984375,1577.31005859375,0.9984841904838444,-0.1515809516155708,0.0044347681013086,0.0043631607758904,51.87597002059244,52.53482084982104,,,1667260800000,2022-11-01T12:00:23+00:00,1667304023000,2211.13816,14633473,2022-11-02 12:00:23+00:00,https://beaconcha.in/charts/staked_ether,https://www.beaconcha.in/ethstore,extraido_html_sem_imputacao; consistencia_interna_verificada,0,5.515,,,,ausente_nao_estimado,Yahoo Finance via yfinance,69.4072382512501,Yahoo Finance via yfinance,71.72250302844571,-0.0015158095161557,0,staking_apr_rede,indisponivel_sem_dados_comparaveis
2022-11-02,14674881,5.636,1519.7117919921875,1520.44287109375,1.0004810643079922,0.0481064307992218,-0.0387171547563925,-0.0367192466050685,53.137877049001816,53.720990392446375,,,1667347200000,2022-11-02T12:00:23+00:00,1667390423000,2263.113508,14655297,2022-11-03 12:00:23+00:00,https://beaconcha.in/charts/staked_ether,https://www.beaconcha.in/ethstore,extraido_html_sem_imputacao; consistencia_interna_verificada,0,5.636,,,,ausente_nao_estimado,Yahoo Finance via yfinance,57.01695216158238,Yahoo Finance via yfinance,56.292656652513486,0.0004810643079922,0,staking_apr_rede,indisponivel_sem_dados_comparaveis
2022-11-03,14693761,7.223,1531.541748046875,1528.98583984375,0.998331153423415,-0.1668846576584948,0.0077542001508459,0.0056030108649435,52.433626068265205,53.02389959196877,,,1667433600000,2022-11-03T12:00:23+00:00,1667476823000,2907.200186,14690273,2022-11-04 12:00:23+00:00,https://beaconcha.in/charts/staked_ether,https://www.beaconcha.in/ethstore,extraido_html_sem_imputacao; consistencia_interna_verificada,0,7.223,,,,ausente_nao_estimado,Yahoo Finance via yfinance,51.55746715516785,Yahoo Finance via yfinance,49.706190387008505,-0.0016688465765849,0,staking_apr_rede,indisponivel_sem_dados_comparaveis
2022-11-04,14722177,5.552,1645.0933837890625,1643.239501953125,0.998873084133578,-0.1126915866421884,0.0715222443676809,0.07206493370638,57.309531866113005,57.88750083153968,,,1667520000000,2022-11-04T12:00:23+00:00,1667563223000,2236.18178,14700033,2022-11-05 12:00:23+00:00,https://beaconcha.in/charts/staked_ether,https://www.beaconcha.in/ethstore,extraido_html_sem_imputacao; consistencia_interna_verificada,0,5.552,,,,ausente_nao_estimado,Yahoo Finance via yfinance,71.21901935444502,Yahoo Finance via yfinance,70.01554924589747,-0.0011269158664218,0,staking_apr_rede,indisponivel_sem_dados_comparaveis
2022-11-05,14736545,5.035,1627.968017578125,1627.4814453125,0.999701116815336,-0.0298883184664089,-0.01046452870181,-0.0096359052474063,57.56295769637031,58.1319060341219,,,1667606400000,2022-11-05T12:00:23+00:00,1667649623000,2031.659922,14727393,2022-11-06 12:00:23+00:00,https://beaconcha.in/charts/staked_ether,https://www.beaconcha.in/ethstore,extraido_html_sem_imputacao; consistencia_interna_verificada,0,5.035,,,,ausente_nao_estimado,Yahoo Finance via yfinance,66.43398281913234,Yahoo Finance via yfinance,65.55313536889902,-0.000298883184664,0,staking_apr_rede,indisponivel_sem_dados_comparaveis
2022-11-06,14749312,5.215,1572.2347412109375,1571.965087890625,0.9998284904198816,-0.0171509580118356,-0.0348346128361073,-0.0347072092665307,58.9131078368025,59.30530446564512,,,1667692800000,2022-11-06T12:00:23+00:00,1667736023000,2106.713004,14743648,2022-11-07 12:00:23+00:00,https://beaconcha.in/charts/staked_ether,https://www.beaconcha.in/ethstore,extraido_html_sem_imputacao; consistencia_interna_verificada,0,5.215,,,,ausente_nao_estimado,Yahoo Finance via yfinance,70.31757079176954,Yahoo Finance via yfinance,69.74342870423736,-0.0001715095801183,0,staking_apr_rede,indisponivel_sem_dados_comparaveis
2022-11-07,14761120,5.822,1568.59130859375,1560.860107421875,0.995071245690628,-0.4928754309372007,-0.0023200484163604,-0.0070894648045859,58.61361717215745,59.17265192351442,,,1667779200000,2022-11-07T12:00:23+00:00,1667822423000,2353.479966,14754880,2022-11-08 12:00:23+00:00,https://beaconcha.in/charts/staked_ether,https://www.beaconcha.in/ethstore,extraido_html_sem_imputacao; consistencia_interna_verificada,0,5.822,,,,ausente_nao_estimado,Yahoo Finance via yfinance,69.85560891288947,Yahoo Finance via yfinance,69.47505528070793,-0.004928754309372,0,staking_apr_rede,indisponivel_sem_dados_comparaveis
2022-11-08,14772896,7.318,1332.8355712890625,1316.6998291015625,0.9878936738071192,-1.2106326192880768,-0.1628692796958825,-0.1701085436476783,83.06758233052427,85.28521861970617,,,1667865600000,2022-11-08T12:00:23+00:00,1667908823000,2960.164621,14764160,2022-11-09 12:00:23+00:00,https://beaconcha.in/charts/staked_ether,https://www.beaconcha.in/ethstore,extraido_html_sem_imputacao; consistencia_interna_verificada,0,7.318,,,,ausente_nao_estimado,Yahoo Finance via yfinance,135.9995588788903,Yahoo Finance via yfinance,139.95524217229504,-0.0121063261928807,0,staking_apr_rede,indisponivel_sem_dados_comparaveis
2022-11-09,14800128,8.004,1100.1697998046875,1073.9111328125,0.9761321688735236,-2.386783112647628,-0.1918441498664273,-0.2038212280464071,106.55042816458338,110.94040719545188,,,1667952000000,2022-11-09T12:00:23+00:00,1667995223000,3242.477235,14787200,2022-11-10 12:00:23+00:00,https://beaconcha.in/charts/staked_ether,https://www.beaconcha.in/ethstore,extraido_html_sem_imputacao; consistencia_interna_verificada,0,8.004,,,,ausente_nao_estimado,Yahoo Finance via yfinance,182.79168514562207,Yahoo Finance via yfinance,190.7027561987892,-0.0238678311264762,0,staking_apr_rede,indisponivel_sem_dados_comparaveis
2022-11-10,14821728,6.707,1299.464599609375,1271.8834228515625,0.9787749687324276,-2.122503126757247,0.1664878018308016,0.1691915634755799,122.22036001421532,126.62494486994856,,,1668038400000,2022-11-10T12:00:23+00:00,1668081623000,2721.213163,14808384,2022-11-11 12:00:23+00:00,https://beaconcha.in/charts/staked_ether,https://www.beaconcha.in/ethstore,extraido_html_sem_imputacao; consistencia_interna_verificada,0,6.707,,,,ausente_nao_estimado,Yahoo Finance via yfinance,238.6658056673692,Yahoo Finance via yfinance,247.6345434850147,-0.0212250312675724,0,staking_apr_rede,indisponivel_sem_dados_comparaveis
2022-11-11,14844735,6.375,1287.2210693359375,1272.462158203125,0.988534284060137,-1.1465715939863008,-0.0094666482722933,0.0004549188332375,122.19694078527532,126.55500668284472,,,1668124800000,2022-11-11T12:00:23+00:00,1668168023000,2589.96845,14828800,2022-11-12 12:00:23+00:00,https://beaconcha.in/charts/staked_ether,https://www.beaconcha.in/ethstore,extraido_html_sem_imputacao; consistencia_interna_verificada,0,6.375,,,,ausente_nao_estimado,Yahoo Finance via yfinance,225.8779780707054,Yahoo Finance via yfinance,235.42850541387628,-0.011465715939863,0,staking_apr_rede,indisponivel_sem_dados_comparaveis
2022-11-12,14884191,5.257,1255.268310546875,1192.884033203125,0.9503020375647248,-4.969796243527524,-0.0251363419111608,-0.0645797984911868,122.49691117552048,128.5220992323379,,,1668211200000,2022-11-12T12:00:23+00:00,1668254423000,2140.126743,14859327,2022-11-13 12:00:23+00:00,https://beaconcha.in/charts/staked_ether,https://www.beaconcha.in/ethstore,extraido_html_sem_imputacao; consistencia_interna_verificada,0,5.257,,,,ausente_nao_estimado,Yahoo Finance via yfinance,225.15402512947747,Yahoo Finance via yfinance,234.9527670981056,-0.0496979624352752,0,staking_apr_rede,indisponivel_sem_dados_comparaveis
2022-11-13,14903359,5.855,1221.8192138671875,1188.202880859375,0.9724866554509212,-2.751334454907872,-0.0270084360184241,-0.0039319508641865,122.79442540982753,128.48665157055456,,,1668297600000,2022-11-13T12:00:23+00:00,1668340823000,2389.332041,14895327,2022-11-14 12:00:23+00:00,https://beaconcha.in/charts/staked_ether,https://www.beaconcha.in/ethstore,extraido_html_sem_imputacao; consistencia_interna_verificada,0,5.855,,,,ausente_nao_estimado,Yahoo Finance via yfinance,225.27367365285903,Yahoo Finance via yfinance,236.7674716914716,-0.0275133445490787,0,staking_apr_rede,indisponivel_sem_dados_comparaveis
2022-11-14,14943583,5.572,1241.604248046875,1212.649169921875,0.9766793016610984,-2.332069833890172,0.0160633848912282,0.0203653815078292,122.81873995458923,128.6445257278458,,,1668384000000,2022-11-14T12:00:23+00:00,1668427223000,2278.998108,14928895,2022-11-15 12:00:23+00:00,https://beaconcha.in/charts/staked_ether,https://www.beaconcha.in/ethstore,extraido_html_sem_imputacao; consistencia_interna_verificada,0,5.572,,,,ausente_nao_estimado,Yahoo Finance via yfinance,227.3285070500517,Yahoo Finance via yfinance,239.8971542977784,-0.0233206983389017,0,staking_apr_rede,indisponivel_sem_dados_comparaveis
2022-11-15,14973983,5.328,1251.7362060546875,1235.1871337890625,0.9867791055451008,-1.3220894454899268,0.008127260568099,0.0184151209343863,122.52927305792085,128.52481872326462,,,1668470400000,2022-11-15T12:00:23+00:00,1668513623000,2183.255625,14956799,2022-11-16 12:00:23+00:00,https://beaconcha.in/charts/staked_ether,https://www.beaconcha.in/ethstore,extraido_html_sem_imputacao; consistencia_interna_verificada,0,5.328,,,,ausente_nao_estimado,Yahoo Finance via yfinance,199.97100983282323,Yahoo Finance via yfinance,212.92338469942388,-0.0132208944548992,0,staking_apr_rede,indisponivel_sem_dados_comparaveis
2022-11-16,14993503,5.331,1215.6025390625,1188.6947021484375,0.9778646094842692,-2.213539051573088,-0.029291681648348,-0.038366667786825,122.66782509814256,128.93224086847513,,,1668556800000,2022-11-16T12:00:23+00:00,1668600023000,2189.15297,14989247,2022-11-17 12:00:23+00:00,https://beaconcha.in/charts/staked_ether,https://www.beaconcha.in/ethstore,extraido_html_sem_imputacao; consistencia_interna_verificada,0,5.331,,,,ausente_nao_estimado,Yahoo Finance via yfinance,132.6592999560354,Yahoo Finance via yfinance,142.89342971137825,-0.0221353905157308,0,staking_apr_rede,indisponivel_sem_dados_comparaveis
2022-11-17,15011711,5.764,1200.80859375,1171.6785888671875,0.9757413420969594,-2.4258657903040604,-0.0122447127915067,-0.0144184041867607,122.62355432547692,128.92186556799535,,,1668643200000,2022-11-17T12:00:23+00:00,1668686423000,2369.17411,15003359,2022-11-18 12:00:23+00:00,https://beaconcha.in/charts/staked_ether,https://www.beaconcha.in/ethstore,extraido_html_sem_imputacao; consistencia_interna_verificada,0,5.764,,,,ausente_nao_estimado,Yahoo Finance via yfinance,33.92880402812585,Yahoo Finance via yfinance,58.66794831903754,-0.0242586579030406,0,staking_apr_rede,indisponivel_sem_dados_comparaveis
2022-11-18,15040863,4.97,1212.30029296875,1179.2781982421875,0.9727607962168382,-2.7239203783161803,0.0095244654352301,0.0064651429472493,122.5556398381171,128.81780799582086,,,1668729600000,2022-11-18T12:00:23+00:00,1668772823000,2044.731304,15017247,2022-11-19 12:00:23+00:00,https://beaconcha.in/charts/staked_ether,https://www.beaconcha.in/ethstore,extraido_html_sem_imputacao; consistencia_interna_verificada,0,4.97,,,,ausente_nao_estimado,Yahoo Finance via yfinance,37.16333059004573,Yahoo Finance via yfinance,59.58031828913213,-0.0272392037831618,0,staking_apr_rede,indisponivel_sem_dados_comparaveis
2022-11-19,15078495,5.043,1218.4267578125,1205.022705078125,0.9889988851209736,-1.100111487902644,0.0050408603588001,0.0215958542435149,122.57996502271509,129.09378960782735,,,1668816000000,2022-11-19T12:00:23+00:00,1668859223000,2080.137691,15056927,2022-11-20 12:00:23+00:00,https://beaconcha.in/charts/staked_ether,https://www.beaconcha.in/ethstore,extraido_html_sem_imputacao; consistencia_interna_verificada,0,5.043,,,,ausente_nao_estimado,Yahoo Finance via yfinance,35.32124643364282,Yahoo Finance via yfinance,42.31045431054631,-0.0110011148790264,0,staking_apr_rede,indisponivel_sem_dados_comparaveis
2022-11-20,15095296,5.151,1142.4666748046875,1130.0537109375,0.9891349444662711,-1.0865055533728851,-0.0643708090930409,-0.064233245755842,124.3684384134916,130.78493249086767,,,1668902400000,2022-11-20T12:00:23+00:00,1668945623000,2128.685456,15085151,2022-11-21 12:00:23+00:00,https://beaconcha.in/charts/staked_ether,https://www.beaconcha.in/ethstore,extraido_html_sem_imputacao; consistencia_interna_verificada,0,5.151,,,,ausente_nao_estimado,Yahoo Finance via yfinance,54.86134834097272,Yahoo Finance via yfinance,63.881178640143375,-0.0108650555337288,0,staking_apr_rede,indisponivel_sem_dados_comparaveis
2022-11-21,15126080,5.299,1108.35302734375,1102.2249755859375,0.9944710289892934,-0.5528971010706596,-0.0303145203859086,-0.0249343214288689,124.56362849013485,130.8238014206469,,,1668988800000,2022-11-21T12:00:23+00:00,1669032023000,2193.326281,15106464,2022-11-22 12:00:23+00:00,https://beaconcha.in/charts/staked_ether,https://www.beaconcha.in/ethstore,extraido_html_sem_imputacao; consistencia_interna_verificada,0,5.299,,,,ausente_nao_estimado,Yahoo Finance via yfinance,51.803599231406224,Yahoo Finance via yfinance,60.27694829827895,-0.0055289710107065,0,staking_apr_rede,indisponivel_sem_dados_comparaveis
2022-11-22,15153952,5.331,1135.1734619140625,1113.0321044921875,0.9804951770238344,-1.9504822976165737,0.0239103148225056,0.009757074914979,124.09440172775383,129.9538253290806,,,1669075200000,2022-11-22T12:00:23+00:00,1669118423000,2210.710878,15135584,2022-11-23 12:00:23+00:00,https://beaconcha.in/charts/staked_ether,https://www.beaconcha.in/ethstore,extraido_html_sem_imputacao; consistencia_interna_verificada,0,5.331,,,,ausente_nao_estimado,Yahoo Finance via yfinance,57.280074948584335,Yahoo Finance via yfinance,57.74717051231287,-0.0195048229761657,0,staking_apr_rede,indisponivel_sem_dados_comparaveis
2022-11-23,15193600,5.04,1183.1995849609375,1154.8187255859375,0.9760134640548096,-2.3986535945190512,0.0414368125013304,0.0368554672277028,125.15630796659876,130.7682097765075,,,1669161600000,2022-11-23T12:00:23+00:00,1669204823000,2094.692343,15168736,2022-11-24 12:00:23+00:00,https://beaconcha.in/charts/staked_ether,https://www.beaconcha.in/ethstore,extraido_html_sem_imputacao; consistencia_interna_verificada,0,5.04,,,,ausente_nao_estimado,Yahoo Finance via yfinance,67.6050827460432,Yahoo Finance via yfinance,64.30655266853708,-0.0239865359451905,0,staking_apr_rede,indisponivel_sem_dados_comparaveis
2022-11-24,15244000,4.965,1203.983154296875,1169.781982421875,0.9715933136166066,-2.8406686383393387,0.0174130737033383,0.0128740075243228,121.41861587224484,127.10470291633284,,,1669248000000,2022-11-24T12:00:23+00:00,1669291223000,2070.128637,15219136,2022-11-25 12:00:23+00:00,https://beaconcha.in/charts/staked_ether,https://www.beaconcha.in/ethstore,extraido_html_sem_imputacao; consistencia_interna_verificada,0,4.965,,,,ausente_nao_estimado,Yahoo Finance via yfinance,68.74972153169406,Yahoo Finance via yfinance,64.66923059810006,-0.0284066863833933,0,staking_apr_rede,indisponivel_sem_dados_comparaveis
2022-11-25,15294400,4.858,1198.9259033203125,1179.559326171875,0.9838467272290944,-1.6153272770905724,-0.0042092799372292,0.0083235246942627,118.31217339400142,123.86927672839664,,,1669334400000,2022-11-25T12:00:23+00:00,1669377623000,2032.105163,15269536,2022-11-26 12:00:23+00:00,https://beaconcha.in/charts/staked_ether,https://www.beaconcha.in/ethstore,extraido_html_sem_imputacao; consistencia_interna_verificada,0,4.858,,,,ausente_nao_estimado,Yahoo Finance via yfinance,68.35223585799083,Yahoo Finance via yfinance,64.80008754667533,-0.0161532727709057,0,staking_apr_rede,indisponivel_sem_dados_comparaveis
2022-11-26,15335552,4.806,1205.89794921875,1176.294189453125,0.9754508581884528,-2.454914181154721,0.0057984000992445,-0.0027719370391839,118.06755689637792,123.5221511893482,,,1669420800000,2022-11-26T12:00:23+00:00,1669464023000,2017.101015,15319904,2022-11-27 12:00:23+00:00,https://beaconcha.in/charts/staked_ether,https://www.beaconcha.in/ethstore,extraido_html_sem_imputacao; consistencia_interna_verificada,0,4.806,,,,ausente_nao_estimado,Yahoo Finance via yfinance,68.39907941555857,Yahoo Finance via yfinance,62.20463751857543,-0.0245491418115472,0,staking_apr_rede,indisponivel_sem_dados_comparaveis
2022-11-27,15344128,4.931,1195.126953125,1168.3388671875,0.9775855729239016,-2.241442707609842,-0.0089720588375672,-0.0067860109466445,117.41431319355718,122.8517425144952,,,1669507200000,2022-11-27T12:00:23+00:00,1669550423000,2072.324067,15338816,2022-11-28 12:00:23+00:00,https://beaconcha.in/charts/staked_ether,https://www.beaconcha.in/ethstore,extraido_html_sem_imputacao; consistencia_interna_verificada,0,4.931,,,,ausente_nao_estimado,Yahoo Finance via yfinance,45.1610896987568,Yahoo Finance via yfinance,36.62826437852375,-0.0224144270760984,0,staking_apr_rede,indisponivel_sem_dados_comparaveis
2022-11-28,15351488,5.038,1170.086181640625,1153.941650390625,0.986202271675952,-1.379772832404802,-0.0211750110465806,-0.0123993644564916,116.12203382619464,121.58509027065512,,,1669593600000,2022-11-28T12:00:23+00:00,1669636823000,2118.365918,15348736,2022-11-29 12:00:23+00:00,https://beaconcha.in/charts/staked_ether,https://www.beaconcha.in/ethstore,extraido_html_sem_imputacao; consistencia_interna_verificada,0,5.038,,,,ausente_nao_estimado,Yahoo Finance via yfinance,40.919507798713816,Yahoo Finance via yfinance,31.156058916783785,-0.013797728324048,0,staking_apr_rede,indisponivel_sem_dados_comparaveis
2022-11-29,15362624,5.051,1216.9012451171875,1184.9248046875,0.9737230604718397,-2.627693952816046,0.0392302589290186,0.0264957127259398,117.3866453778902,122.27235462691397,,,1669680000000,2022-11-29T12:00:23+00:00,1669723223000,2125.400238,15358752,2022-11-30 12:00:23+00:00,https://beaconcha.in/charts/staked_ether,https://www.beaconcha.in/ethstore,extraido_html_sem_imputacao; consistencia_interna_verificada,0,5.051,,,,ausente_nao_estimado,Yahoo Finance via yfinance,45.80534140660527,Yahoo Finance via yfinance,34.38168188562077,-0.0262769395281604,0,staking_apr_rede,indisponivel_sem_dados_comparaveis
2022-11-30,15394944,5.005,1295.6885986328125,1247.53955078125,0.9628390279096624,-3.716097209033753,0.062734625677937,0.0514939355602762,120.0091088390878,124.12143761191912,,,1669766400000,2022-11-30T12:00:23+00:00,1669809623000,2107.667373,15370080,2022-12-01 12:00:23+00:00,https://beaconcha.in/charts/staked_ether,https://www.beaconcha.in/ethstore,extraido_html_sem_imputacao; consistencia_interna_verificada,0,5.005,,,,ausente_nao_estimado,Yahoo Finance via yfinance,56.13392673031583,Yahoo Finance via yfinance,42.32001322802661,-0.0371609720903375,0,staking_apr_rede,indisponivel_sem_dados_comparaveis
2022-12-01,15414880,5.011,1276.27392578125,1245.3760986328125,0.9757905990835596,-2.4209400916440305,-0.0150974529655011,-0.0017356806212664,119.9793429890536,124.06522007355916,,,1669852800000,2022-12-01T12:00:23+00:00,1669896023000,2115.26162,15406016,2022-12-02 12:00:23+00:00,https://beaconcha.in/charts/staked_ether,https://www.beaconcha.in/ethstore,extraido_html_sem_imputacao; consistencia_interna_verificada,0,5.011,,,,ausente_nao_estimado,Yahoo Finance via yfinance,59.38484334675079,Yahoo Finance via yfinance,43.23831387466001,-0.0242094009164403,0,staking_apr_rede,indisponivel_sem_dados_comparaveis
2022-12-02,15446783,4.921,1294.3033447265625,1266.714599609375,0.9786844828690324,-2.1315517130967465,0.0140277553999222,0.0169890475923485,119.6405698675264,123.9079754431211,,,1669939200000,2022-12-02T12:00:23+00:00,1669982423000,2080.079112,15428480,2022-12-03 12:00:23+00:00,https://beaconcha.in/charts/staked_ether,https://www.beaconcha.in/ethstore,extraido_html_sem_imputacao; consistencia_interna_verificada,0,4.921,,,,ausente_nao_estimado,Yahoo Finance via yfinance,58.49578135481883,Yahoo Finance via yfinance,43.61360430586267,-0.0213155171309674,0,staking_apr_rede,indisponivel_sem_dados_comparaveis
2022-12-03,15475071,4.714,1243.3348388671875,1234.787353515625,0.9931253552266336,-0.6874644773366301,-0.0401754367881954,-0.0255278472786014,120.1467543696371,124.01410767445178,,,1670025600000,2022-12-03T12:00:23+00:00,1670068823000,1997.201739,15465503,2022-12-04 12:00:23+00:00,https://beaconcha.in/charts/staked_ether,https://www.beaconcha.in/ethstore,extraido_html_sem_imputacao; consistencia_interna_verificada,0,4.714,,,,ausente_nao_estimado,Yahoo Finance via yfinance,69.36260923371927,Yahoo Finance via yfinance,50.30757609396355,-0.0068746447733663,0,staking_apr_rede,indisponivel_sem_dados_comparaveis
2022-12-04,15482719,4.829,1280.256591796875,1245.364501953125,0.9727460182065706,-2.7253981793429416,0.0292633643109253,0.0085294878537121,117.54900932731309,120.8476064082012,,,1670112000000,2022-12-04T12:00:23+00:00,1670155223000,2047.730286,15478015,2022-12-05 12:00:23+00:00,https://beaconcha.in/charts/staked_ether,https://www.beaconcha.in/ethstore,extraido_html_sem_imputacao; consistencia_interna_verificada,0,4.829,,,,ausente_nao_estimado,Yahoo Finance via yfinance,70.37697393929946,Yahoo Finance via yfinance,48.96453792419042,-0.0272539817934294,0,staking_apr_rede,indisponivel_sem_dados_comparaveis
2022-12-05,15490399,4.979,1259.6767578125,1243.45263671875,0.987120409269181,-1.2879590730819013,-0.0162053735505869,-0.0015363648704716,117.5790105629658,120.8772982692856,,,1670198400000,2022-12-05T12:00:23+00:00,1670241623000,2112.390083,15487007,2022-12-06 12:00:23+00:00,https://beaconcha.in/charts/staked_ether,https://www.beaconcha.in/ethstore,extraido_html_sem_imputacao; consistencia_interna_verificada,0,4.979,,,,ausente_nao_estimado,Yahoo Finance via yfinance,69.1254621362087,Yahoo Finance via yfinance,46.6329619426786,-0.012879590730819,0,staking_apr_rede,indisponivel_sem_dados_comparaveis
2022-12-06,15503551,4.847,1271.65380859375,1249.2392578125,0.9823737005859818,-1.7626299414018165,0.0094631181872598,0.0046428774460991,117.34762816565616,120.60178596591116,,,1670284800000,2022-12-06T12:00:23+00:00,1670328023000,2058.155296,15498495,2022-12-07 12:00:23+00:00,https://beaconcha.in/charts/staked_ether,https://www.beaconcha.in/ethstore,extraido_html_sem_imputacao; consistencia_interna_verificada,0,4.847,,,,ausente_nao_estimado,Yahoo Finance via yfinance,64.81728545850861,Yahoo Finance via yfinance,44.75422860610039,-0.0176262994140181,0,staking_apr_rede,indisponivel_sem_dados_comparaveis
2022-12-07,15518847,5.402,1232.4375,1202.6607666015625,0.975839153386328,-2.4160846613672127,-0.0313243491098491,-0.0379983645947268,117.63553314115876,121.06440164774416,,,1670371200000,2022-12-07T12:00:23+00:00,1670414423000,2295.102421,15508543,2022-12-08 12:00:23+00:00,https://beaconcha.in/charts/staked_ether,https://www.beaconcha.in/ethstore,extraido_html_sem_imputacao; consistencia_interna_verificada,0,5.402,,,,ausente_nao_estimado,Yahoo Finance via yfinance,48.524792463719926,Yahoo Finance via yfinance,37.34117973393294,-0.0241608466136721,0,staking_apr_rede,indisponivel_sem_dados_comparaveis
2022-12-08,15529727,4.957,1281.1163330078125,1246.16845703125,0.972720763075035,-2.727923692496504,0.0387379172952175,0.0355372017850964,104.5265364070426,106.98552580755086,,,1670457600000,2022-12-08T12:00:23+00:00,1670500823000,2108.22687,15523999,2022-12-09 12:00:23+00:00,https://beaconcha.in/charts/staked_ether,https://www.beaconcha.in/ethstore,extraido_html_sem_imputacao; consistencia_interna_verificada,0,4.957,,,,ausente_nao_estimado,Yahoo Finance via yfinance,57.83868364118151,Yahoo Finance via yfinance,47.72215697703471,-0.027279236924965,0,staking_apr_rede,indisponivel_sem_dados_comparaveis
2022-12-09,15546814,4.879,1264.2847900390625,1233.8612060546875,0.975936130669234,-2.4063869330766097,-0.0132252540832769,-0.0099251651629298,79.00015189658892,78.4948647929725,,,1670544000000,2022-12-09T12:00:23+00:00,1670587223000,2076.305299,15534207,2022-12-10 12:00:23+00:00,https://beaconcha.in/charts/staked_ether,https://www.beaconcha.in/ethstore,extraido_html_sem_imputacao; consistencia_interna_verificada,0,4.879,,,,ausente_nao_estimado,Yahoo Finance via yfinance,57.31841430079956,Yahoo Finance via yfinance,45.84509101179364,-0.024063869330766,0,staking_apr_rede,indisponivel_sem_dados_comparaveis
2022-12-10,15575038,4.812,1266.3841552734375,1240.4971923828125,0.9795583648272704,-2.044163517272968,0.0016591389560043,0.0053638165290663,53.207336348959664,51.38501068278332,,,1670630400000,2022-12-10T12:00:23+00:00,1670673623000,2051.588643,15562590,2022-12-11 12:00:23+00:00,https://beaconcha.in/charts/staked_ether,https://www.beaconcha.in/ethstore,extraido_html_sem_imputacao; consistencia_interna_verificada,0,4.812,,,,ausente_nao_estimado,Yahoo Finance via yfinance,48.2049545113039,Yahoo Finance via yfinance,42.201931011983646,-0.0204416351727296,0,staking_apr_rede,indisponivel_sem_dados_comparaveis
2022-12-11,15580830,4.831,1263.8685302734375,1245.4107666015625,0.9853958198738584,-1.4604180126141508,-0.0019884384221736,0.0039531476616793,53.11894475833218,51.410526713170256,,,1670716800000,2022-12-11T12:00:23+00:00,1670760023000,2061.530482,15577118,2022-12-12 12:00:23+00:00,https://beaconcha.in/charts/staked_ether,https://www.beaconcha.in/ethstore,extraido_html_sem_imputacao; consistencia_interna_verificada,0,4.831,,,,ausente_nao_estimado,Yahoo Finance via yfinance,42.662369526028414,Yahoo Finance via yfinance,41.810305603920575,-0.0146041801261415,0,staking_apr_rede,indisponivel_sem_dados_comparaveis
2022-12-12,15593406,4.985,1274.6190185546875,1239.33837890625,0.9723206392381916,-2.7679360761808547,0.0084700455258373,-0.0048877366919575,52.45523946626564,46.01031319579167,,,1670803200000,2022-12-12T12:00:23+00:00,1670846423000,2128.552802,15586110,2022-12-13 12:00:23+00:00,https://beaconcha.in/charts/staked_ether,https://www.beaconcha.in/ethstore,extraido_html_sem_imputacao; consistencia_interna_verificada,0,4.985,,,,ausente_nao_estimado,Yahoo Finance via yfinance,41.307425239749165,Yahoo Finance via yfinance,41.95526606969575,-0.0276793607618085,0,staking_apr_rede,indisponivel_sem_dados_comparaveis
2022-12-13,15596542,5.069,1320.5491943359375,1279.22705078125,0.9687083648743072,-3.1291635125692663,0.035400381404578,0.0316783571314328,52.84996322249768,47.165374425700016,,,1670889600000,2022-12-13T12:00:23+00:00,1670932823000,2165.28726,15590622,2022-12-14 12:00:23+00:00,https://beaconcha.in/charts/staked_ether,https://www.beaconcha.in/ethstore,extraido_html_sem_imputacao; consistencia_interna_verificada,0,5.069,,,,ausente_nao_estimado,Yahoo Finance via yfinance,47.98496543045544,Yahoo Finance via yfinance,48.05890134526632,-0.0312916351256926,0,staking_apr_rede,indisponivel_sem_dados_comparaveis
2022-12-14,15608669,5.062,1309.3287353515625,1283.0943603515625,0.9799634925197332,-2.0036507480266863,-0.0085331162648824,0.0030186006252534,52.75704659546815,46.72258236992758,,,1670976000000,2022-12-14T12:00:23+00:00,1671019223000,2164.00536,15604830,2022-12-15 12:00:23+00:00,https://beaconcha.in/charts/staked_ether,https://www.beaconcha.in/ethstore,extraido_html_sem_imputacao; consistencia_interna_verificada,0,5.062,,,,ausente_nao_estimado,Yahoo Finance via yfinance,39.43787148276229,Yahoo Finance via yfinance,33.489153599891296,-0.0200365074802668,0,staking_apr_rede,indisponivel_sem_dados_comparaveis
2022-12-15,15617757,5.063,1266.3538818359375,1243.3145751953125,0.9818065811057308,-1.819341889426917,-0.0333727779430866,-0.0314937716792496,54.09656961498227,47.73208395232525,,,1671062400000,2022-12-15T12:00:23+00:00,1671105623000,2165.882579,15614717,2022-12-16 12:00:23+00:00,https://beaconcha.in/charts/staked_ether,https://www.beaconcha.in/ethstore,extraido_html_sem_imputacao; consistencia_interna_verificada,0,5.063,,,,ausente_nao_estimado,Yahoo Finance via yfinance,40.33147798924308,Yahoo Finance via yfinance,36.33741902655667,-0.0181934188942691,0,staking_apr_rede,indisponivel_sem_dados_comparaveis
2022-12-16,15630141,5.245,1168.2593994140625,1163.4176025390625,0.995855546398832,-0.4144453601167996,-0.0806268638905218,-0.0664189752641226,60.254329286780994,51.444756585993424,,,1671148800000,2022-12-16T12:00:23+00:00,1671192023000,2245.354966,15624317,2022-12-17 12:00:23+00:00,https://beaconcha.in/charts/staked_ether,https://www.beaconcha.in/ethstore,extraido_html_sem_imputacao; consistencia_interna_verificada,0,5.245,,,,ausente_nao_estimado,Yahoo Finance via yfinance,70.31521436341498,Yahoo Finance via yfinance,60.36769359148866,-0.0041444536011679,0,staking_apr_rede,indisponivel_sem_dados_comparaveis
2022-12-17,15645821,4.845,1188.1495361328125,1176.43115234375,0.9901372820232685,-0.986271797673166,0.0168821368974204,0.0111235257927347,60.44612681672204,51.35990868240526,,,1671235200000,2022-12-17T12:00:23+00:00,1671278423000,2075.146854,15634781,2022-12-18 12:00:23+00:00,https://beaconcha.in/charts/staked_ether,https://www.beaconcha.in/ethstore,extraido_html_sem_imputacao; consistencia_interna_verificada,0,4.845,,,,ausente_nao_estimado,Yahoo Finance via yfinance,72.8340483790215,Yahoo Finance via yfinance,61.302487195386256,-0.0098627179767316,0,staking_apr_rede,indisponivel_sem_dados_comparaveis
2022-12-18,15662492,4.734,1184.7152099609375,1160.5067138671875,0.9795659784814038,-2.043402151859619,-0.0028946686283548,-0.0136286763896506,60.34583465198893,51.52616534497796,,,1671321600000,2022-12-18T12:00:23+00:00,1671364823000,2030.151657,15652636,2022-12-19 12:00:23+00:00,https://beaconcha.in/charts/staked_ether,https://www.beaconcha.in/ethstore,extraido_html_sem_imputacao; consistencia_interna_verificada,0,4.734,,,,ausente_nao_estimado,Yahoo Finance via yfinance,72.78306775312518,Yahoo Finance via yfinance,60.60175262490569,-0.0204340215185961,0,staking_apr_rede,indisponivel_sem_dados_comparaveis
2022-12-19,15668188,5.025,1167.60986328125,1151.421875,0.9861357900525454,-1.386420994745463,-0.0145436091113012,-0.0078591403489988,60.495057031135424,50.95502325607366,,,1671408000000,2022-12-19T12:00:23+00:00,1671451223000,2156.784778,15665884,2022-12-20 12:00:23+00:00,https://beaconcha.in/charts/staked_ether,https://www.beaconcha.in/ethstore,extraido_html_sem_imputacao; consistencia_interna_verificada,0,5.025,,,,ausente_nao_estimado,Yahoo Finance via yfinance,71.25783115458148,Yahoo Finance via yfinance,60.48454338888058,-0.0138642099474546,0,staking_apr_rede,indisponivel_sem_dados_comparaveis
2022-12-20,15683387,4.896,1217.70361328125,1192.3203125,0.9791547791232617,-2.084522087673834,0.0420079933812273,0.0349036593955781,57.88595932133384,47.19182807739735,,,1671494400000,2022-12-20T12:00:23+00:00,1671537623000,2103.091802,15677148,2022-12-21 12:00:23+00:00,https://beaconcha.in/charts/staked_ether,https://www.beaconcha.in/ethstore,extraido_html_sem_imputacao; consistencia_interna_verificada,0,4.896,,,,ausente_nao_estimado,Yahoo Finance via yfinance,74.0658122028681,Yahoo Finance via yfinance,61.8818383751584,-0.0208452208767383,0,staking_apr_rede,indisponivel_sem_dados_comparaveis
2022-12-21,15690363,4.878,1213.5999755859375,1173.1126708984375,0.9666386737788516,-3.336132622114829,-0.0033756718913286,-0.0162406324047252,56.7370630008792,46.66674495832861,,,1671580800000,2022-12-21T12:00:23+00:00,1671624023000,2096.251054,15686459,2022-12-22 12:00:23+00:00,https://beaconcha.in/charts/staked_ether,https://www.beaconcha.in/ethstore,extraido_html_sem_imputacao; consistencia_interna_verificada,0,4.878,,,,ausente_nao_estimado,Yahoo Finance via yfinance,74.28830149724523,Yahoo Finance via yfinance,60.96334042742642,-0.0333613262211482,0,staking_apr_rede,indisponivel_sem_dados_comparaveis
2022-12-22,15703994,4.87,1218.18212890625,1190.63134765625,0.9773836928023756,-2.261630719762453,0.0037685602956308,0.0148230920032053,56.23660322400094,46.80492165838538,,,1671667200000,2022-12-22T12:00:23+00:00,1671710423000,2094.565944,15697723,2022-12-23 12:00:23+00:00,https://beaconcha.in/charts/staked_ether,https://www.beaconcha.in/ethstore,extraido_html_sem_imputacao; consistencia_interna_verificada,0,4.87,,,,ausente_nao_estimado,Yahoo Finance via yfinance,72.25030620529357,Yahoo Finance via yfinance,61.4963610105262,-0.0226163071976245,0,staking_apr_rede,indisponivel_sem_dados_comparaveis
2022-12-23,15711514,4.77,1220.159423828125,1189.712890625,0.975047085972092,-2.4952914027908,0.0016218362460934,-0.0007717010523598,54.439939110824135,45.11266423926815,,,1671753600000,2022-12-23T12:00:23+00:00,1671796823000,2052.860803,15708282,2022-12-24 12:00:23+00:00,https://beaconcha.in/charts/staked_ether,https://www.beaconcha.in/ethstore,extraido_html_sem_imputacao; consistencia_interna_verificada,0,4.77,,,,ausente_nao_estimado,Yahoo Finance via yfinance,35.123157370544625,Yahoo Finance via yfinance,34.90011770181089,-0.024952914027908,0,staking_apr_rede,indisponivel_sem_dados_comparaveis
2022-12-24,15723865,4.597,1221.1485595703125,1197.515625,0.980646961923594,-1.935303807640587,0.0008103326602292,0.0065370886033234,54.117972489062026,44.95647891960343,,,1671840000000,2022-12-24T12:00:23+00:00,1671883223000,1979.616691,15718458,2022-12-25 12:00:23+00:00,https://beaconcha.in/charts/staked_ether,https://www.beaconcha.in/ethstore,extraido_html_sem_imputacao; consistencia_interna_verificada,0,4.597,,,,ausente_nao_estimado,Yahoo Finance via yfinance,34.0533384712518,Yahoo Finance via yfinance,34.41994097901351,-0.0193530380764058,0,staking_apr_rede,indisponivel_sem_dados_comparaveis
2022-12-25,15726617,4.73,1218.9620361328125,1190.2822265625,0.976471941930776,-2.352805806922409,-0.0017921515742562,-0.0060586540517157,54.09822116509251,44.93267274767032,,,1671926400000,2022-12-25T12:00:23+00:00,1671969623000,2038.025759,15726009,2022-12-26 12:00:23+00:00,https://beaconcha.in/charts/staked_ether,https://www.beaconcha.in/ethstore,extraido_html_sem_imputacao; consistencia_interna_verificada,0,4.73,,,,ausente_nao_estimado,Yahoo Finance via yfinance,33.9283241491585,Yahoo Finance via yfinance,32.645332617942096,-0.023528058069224,0,staking_apr_rede,indisponivel_sem_dados_comparaveis
2022-12-26,15734871,4.783,1226.974365234375,1196.5601806640625,0.9752120456367458,-2.4787954363254205,0.0065515667181816,0.0052604801723409,54.10805050866829,44.95086571968905,,,1672012800000,2022-12-26T12:00:23+00:00,1672056023000,2061.301405,15729049,2022-12-27 12:00:23+00:00,https://beaconcha.in/charts/staked_ether,https://www.beaconcha.in/ethstore,extraido_html_sem_imputacao; consistencia_interna_verificada,0,4.783,,,,ausente_nao_estimado,Yahoo Finance via yfinance,30.090038330555743,Yahoo Finance via yfinance,31.18092832405953,-0.0247879543632542,0,staking_apr_rede,indisponivel_sem_dados_comparaveis
2022-12-27,15741398,4.893,1212.7916259765625,1174.5302734375,0.9684518331759968,-3.154816682400308,-0.0116264421015753,-0.0185826239744914,54.17489412940392,45.38009808509173,,,1672099200000,2022-12-27T12:00:23+00:00,1672142423000,2110.098315,15741399,2022-12-28 12:00:23+00:00,https://beaconcha.in/charts/staked_ether,https://www.beaconcha.in/ethstore,extraido_html_sem_imputacao; consistencia_interna_verificada,0,4.893,,,,ausente_nao_estimado,Yahoo Finance via yfinance,11.244897291312434,Yahoo Finance via yfinance,23.45352206435353,-0.031548166824003,0,staking_apr_rede,indisponivel_sem_dados_comparaveis
2022-12-28,15771478,4.853,1189.986083984375,1162.3255615234375,0.9767555916550528,-2.324440834494723,-0.0189832182551463,-0.0104455077640824,54.069871164113295,45.317024463707945,,,1672185600000,2022-12-28T12:00:23+00:00,1672228823000,2096.157489,15766262,2022-12-29 12:00:23+00:00,https://beaconcha.in/charts/staked_ether,https://www.beaconcha.in/ethstore,extraido_html_sem_imputacao; consistencia_interna_verificada,0,4.853,,,,ausente_nao_estimado,Yahoo Finance via yfinance,17.510048625193427,Yahoo Finance via yfinance,21.63822058662935,-0.0232444083449472,0,staking_apr_rede,indisponivel_sem_dados_comparaveis
2022-12-29,15779574,4.808,1201.5953369140625,1176.5572509765625,0.9791626305726162,-2.083736942738379,0.0097085083652788,0.0121697974982819,52.36632262689537,44.54126739035833,,,1672272000000,2022-12-29T12:00:23+00:00,1672315223000,2078.173377,15776854,2022-12-30 12:00:23+00:00,https://beaconcha.in/charts/staked_ether,https://www.beaconcha.in/ethstore,extraido_html_sem_imputacao; consistencia_interna_verificada,0,4.808,,,,ausente_nao_estimado,Yahoo Finance via yfinance,19.30080438360672,Yahoo Finance via yfinance,20.48833105420154,-0.0208373694273837,0,staking_apr_rede,indisponivel_sem_dados_comparaveis
2022-12-30,15797046,4.812,1199.2327880859375,1175.7313232421875,0.9804029167003848,-1.9597083299615288,-0.0019681122243845,-0.0007022333716774,47.14802883815141,40.44395663091657,,,1672358400000,2022-12-30T12:00:23+00:00,1672401623000,2081.302898,15786902,2022-12-31 12:00:23+00:00,https://beaconcha.in/charts/staked_ether,https://www.beaconcha.in/ethstore,extraido_html_sem_imputacao; consistencia_interna_verificada,0,4.812,,,,ausente_nao_estimado,Yahoo Finance via yfinance,19.068375667085306,Yahoo Finance via yfinance,20.49030447243024,-0.0195970832996152,0,staking_apr_rede,indisponivel_sem_dados_comparaveis
2022-12-31,15804310,4.697,1196.771240234375,1177.536865234375,0.9839281106084792,-1.607188939152071,-0.0020547116686693,0.001534497729854,46.93114540698028,40.46248442218652,,,1672444800000,2022-12-31T12:00:23+00:00,1672488023000,2033.727586,15803094,2023-01-01 12:00:23+00:00,https://beaconcha.in/charts/staked_ether,https://www.beaconcha.in/ethstore,extraido_html_sem_imputacao; consistencia_interna_verificada,0,4.697,,,,ausente_nao_estimado,Yahoo Finance via yfinance,18.87971797105093,Yahoo Finance via yfinance,19.566169949751984,-0.0160718893915207,0,staking_apr_rede,indisponivel_sem_dados_comparaveis
2023-01-01,15812660,4.811,1200.96484375,1180.9114990234375,0.9833023049501216,-1.6697695049878505,0.0034979727916243,0.0028617426128734,46.61713973336762,39.93042798609098,,,1672531200000,2023-01-01T12:00:23+00:00,1672574423000,2083.231332,15806005,2023-01-02 12:00:23+00:00,https://beaconcha.in/charts/staked_ether,https://www.beaconcha.in/ethstore,extraido_html_sem_imputacao; consistencia_interna_verificada,0,4.811,,,,ausente_nao_estimado,Yahoo Finance via yfinance,19.443304192294043,Yahoo Finance via yfinance,19.6126632797639,-0.0166976950498785,0,staking_apr_rede,indisponivel_sem_dados_comparaveis
2023-01-02,15818578,4.974,1214.6566162109375,1186.0303955078125,0.976432663914166,-2.3567336085833945,0.0113361462571855,0.004325331751295,44.80402766330494,39.09736108843928,,,1672617600000,2023-01-02T12:00:23+00:00,1672660823000,2155.437999,15816627,2023-01-03 12:00:23+00:00,https://beaconcha.in/charts/staked_ether,https://www.beaconcha.in/ethstore,extraido_html_sem_imputacao; consistencia_interna_verificada,0,4.974,,,,ausente_nao_estimado,Yahoo Finance via yfinance,20.987773125186298,Yahoo Finance via yfinance,19.43817619807503,-0.0235673360858339,0,staking_apr_rede,indisponivel_sem_dados_comparaveis
2023-01-03,15827408,5.042,1214.77880859375,1185.2254638671875,0.975671830527918,-2.432816947208194,0.0001005932338583,-0.0006789074813329,43.47807024493122,38.93631176479696,,,1672704000000,2023-01-03T12:00:23+00:00,1672747223000,2185.861336,15824466,2023-01-04 12:00:23+00:00,https://beaconcha.in/charts/staked_ether,https://www.beaconcha.in/ethstore,extraido_html_sem_imputacao; consistencia_interna_verificada,0,5.042,,,,ausente_nao_estimado,Yahoo Finance via yfinance,19.1540140376956,Yahoo Finance via yfinance,12.950131641173575,-0.0243281694720819,0,staking_apr_rede,indisponivel_sem_dados_comparaveis
2023-01-04,15843984,6.534,1256.526611328125,1236.879638671875,0.9843640616289984,-1.5635938371001523,0.0337892470301153,0.0426587663276215,44.86116851073589,41.89199566420526,,,1672790400000,2023-01-04T12:00:23+00:00,1672833623000,2833.786614,15830608,2023-01-05 12:00:23+00:00,https://beaconcha.in/charts/staked_ether,https://www.beaconcha.in/ethstore,extraido_html_sem_imputacao; consistencia_interna_verificada,0,6.534,,,,ausente_nao_estimado,Yahoo Finance via yfinance,24.190021904306047,Yahoo Finance via yfinance,29.658284393781702,-0.0156359383710015,0,staking_apr_rede,indisponivel_sem_dados_comparaveis
2023-01-05,15847855,4.924,1250.4385986328125,1236.9334716796875,0.989199688039148,-1.0800311960852071,-0.0048568880324405,4.352229163611678e-05,44.75557220171292,41.85610020221287,,,1672876800000,2023-01-05T12:00:23+00:00,1672920023000,2137.742885,15845519,2023-01-06 12:00:23+00:00,https://beaconcha.in/charts/staked_ether,https://www.beaconcha.in/ethstore,extraido_html_sem_imputacao; consistencia_interna_verificada,0,4.924,,,,ausente_nao_estimado,Yahoo Finance via yfinance,25.719168087045635,Yahoo Finance via yfinance,30.129231544735024,-0.010800311960852,0,staking_apr_rede,indisponivel_sem_dados_comparaveis
2023-01-06,15867662,4.915,1269.3790283203125,1229.8447265625,0.9688554002580886,-3.1144599741911416,0.0150334581381282,-0.0057473871266184,43.652456811643006,39.656987253659246,,,1672963200000,2023-01-06T12:00:23+00:00,1673006423000,2135.008741,15855311,2023-01-07 12:00:23+00:00,https://beaconcha.in/charts/staked_ether,https://www.beaconcha.in/ethstore,extraido_html_sem_imputacao; consistencia_interna_verificada,0,4.915,,,,ausente_nao_estimado,Yahoo Finance via yfinance,25.568423588228388,Yahoo Finance via yfinance,31.132548293257155,-0.0311445997419114,0,staking_apr_rede,indisponivel_sem_dados_comparaveis
2023-01-07,15886638,4.789,1264.2703857421875,1236.379150390625,0.9779388684049662,-2.206113159503376,-0.0040326411956712,0.0052991451264787,41.4926045513191,37.670886795800165,,,1673049600000,2023-01-07T12:00:23+00:00,1673092823000,2083.591075,15880878,2023-01-08 12:00:23+00:00,https://beaconcha.in/charts/staked_ether,https://www.beaconcha.in/ethstore,extraido_html_sem_imputacao; consistencia_interna_verificada,0,4.789,,,,ausente_nao_estimado,Yahoo Finance via yfinance,26.08201430007629,Yahoo Finance via yfinance,30.89030123212773,-0.0220611315950337,0,staking_apr_rede,indisponivel_sem_dados_comparaveis
2023-01-08,15899758,4.953,1287.3594970703125,1259.1114501953125,0.9780573748519468,-2.194262514805312,0.0180980334924205,0.0182192059614721,41.71581701462783,38.03965038532699,,,1673136000000,2023-01-08T12:00:23+00:00,1673179223000,2156.479439,15891790,2023-01-09 12:00:23+00:00,https://beaconcha.in/charts/staked_ether,https://www.beaconcha.in/ethstore,extraido_html_sem_imputacao; consistencia_interna_verificada,0,4.953,,,,ausente_nao_estimado,Yahoo Finance via yfinance,26.72679640995857,Yahoo Finance via yfinance,31.63071687303377,-0.0219426251480531,0,staking_apr_rede,indisponivel_sem_dados_comparaveis
2023-01-09,15908270,4.961,1321.5389404296875,1291.0877685546875,0.9769577944747516,-2.3042205525248494,0.0262037023568131,0.0250788205549792,42.6618298116234,38.95603500283256,,,1673222400000,2023-01-09T12:00:23+00:00,1673265623000,2161.504566,15903886,2023-01-10 12:00:23+00:00,https://beaconcha.in/charts/staked_ether,https://www.beaconcha.in/ethstore,extraido_html_sem_imputacao; consistencia_interna_verificada,0,4.961,,,,ausente_nao_estimado,Yahoo Finance via yfinance,29.242514739677627,Yahoo Finance via yfinance,33.211605739635694,-0.0230422055252484,0,staking_apr_rede,indisponivel_sem_dados_comparaveis
2023-01-10,15920814,4.919,1336.5860595703125,1315.6378173828125,0.984327053213293,-1.5672946786707054,0.0113217248025687,0.0188364857784684,42.78040231347965,39.42514449246583,,,1673308800000,2023-01-10T12:00:23+00:00,1673352023000,2144.785434,15915854,2023-01-11 12:00:23+00:00,https://beaconcha.in/charts/staked_ether,https://www.beaconcha.in/ethstore,extraido_html_sem_imputacao; consistencia_interna_verificada,0,4.919,,,,ausente_nao_estimado,Yahoo Finance via yfinance,27.5258094336115,Yahoo Finance via yfinance,31.58466156326017,-0.015672946786707,0,staking_apr_rede,indisponivel_sem_dados_comparaveis
2023-01-11,15934606,5.106,1387.9327392578125,1347.8834228515625,0.9711446273486812,-2.885537265131888,0.0376967558913645,0.0242139469163532,44.52736743820324,40.10214166333263,,,1673395200000,2023-01-11T12:00:23+00:00,1673438423000,2227.32945,15922734,2023-01-12 12:00:23+00:00,https://beaconcha.in/charts/staked_ether,https://www.beaconcha.in/ethstore,extraido_html_sem_imputacao; consistencia_interna_verificada,0,5.106,,,,ausente_nao_estimado,Yahoo Finance via yfinance,29.349137809266395,Yahoo Finance via yfinance,23.50171777933078,-0.0288553726513188,0,staking_apr_rede,indisponivel_sem_dados_comparaveis
2023-01-12,15965230,5.102,1417.9384765625,1393.51220703125,0.9827733925448822,-1.7226607455117835,0.0213886375326417,0.0332918006946195,43.493974962544144,40.25205327527942,,,1673481600000,2023-01-12T12:00:23+00:00,1673524823000,2228.903057,15945166,2023-01-13 12:00:23+00:00,https://beaconcha.in/charts/staked_ether,https://www.beaconcha.in/ethstore,extraido_html_sem_imputacao; consistencia_interna_verificada,0,5.102,,,,ausente_nao_estimado,Yahoo Finance via yfinance,24.73313680800375,Yahoo Finance via yfinance,25.176298536997333,-0.0172266074551178,0,staking_apr_rede,indisponivel_sem_dados_comparaveis
2023-01-13,15971918,5.461,1451.6148681640625,1422.3819580078125,0.9798618002630254,-2.0138199736974616,0.0234725992132714,0.0205055736259591,43.91468702784573,40.72056553088878,,,1673568000000,2023-01-13T12:00:23+00:00,1673611223000,2388.93497,15967566,2023-01-14 12:00:23+00:00,https://beaconcha.in/charts/staked_ether,https://www.beaconcha.in/ethstore,extraido_html_sem_imputacao; consistencia_interna_verificada,0,5.461,,,,ausente_nao_estimado,Yahoo Finance via yfinance,24.87629910275038,Yahoo Finance via yfinance,16.302488754166706,-0.0201381997369746,0,staking_apr_rede,indisponivel_sem_dados_comparaveis
2023-01-14,15987950,4.921,1550.7069091796875,1502.7335205078125,0.969063535870068,-3.093646412993189,0.0660342584927616,0.0549528951467978,47.00681198174031,42.51237091082088,,,1673654400000,2023-01-14T12:00:23+00:00,1673697623000,2154.727205,15982350,2023-01-15 12:00:23+00:00,https://beaconcha.in/charts/staked_ether,https://www.beaconcha.in/ethstore,extraido_html_sem_imputacao; consistencia_interna_verificada,0,4.921,,,,ausente_nao_estimado,Yahoo Finance via yfinance,34.658876031497684,Yahoo Finance via yfinance,24.82438084926752,-0.0309364641299318,0,staking_apr_rede,indisponivel_sem_dados_comparaveis
2023-01-15,16001070,5.04,1552.4794921875,1518.438232421875,0.9780729729848736,-2.192702701512639,0.0011424277960363,0.0103965313166818,34.99397266866885,33.4479905411342,,,1673740800000,2023-01-15T12:00:23+00:00,1673784023000,2208.136941,15990446,2023-01-16 12:00:23+00:00,https://beaconcha.in/charts/staked_ether,https://www.beaconcha.in/ethstore,extraido_html_sem_imputacao; consistencia_interna_verificada,0,5.04,,,,ausente_nao_estimado,Yahoo Finance via yfinance,39.74452719331879,Yahoo Finance via yfinance,27.2033537181102,-0.0219270270151263,0,staking_apr_rede,indisponivel_sem_dados_comparaveis
2023-01-16,16022446,5.267,1576.83349609375,1542.8001708984375,0.9784166652473946,-2.158333475260543,0.0155653945168567,0.0159167301532333,34.96190652305911,33.53018788158794,,,1673827200000,2023-01-16T12:00:23+00:00,1673870423000,2310.236186,16010894,2023-01-17 12:00:23+00:00,https://beaconcha.in/charts/staked_ether,https://www.beaconcha.in/ethstore,extraido_html_sem_imputacao; consistencia_interna_verificada,0,5.267,,,,ausente_nao_estimado,Yahoo Finance via yfinance,40.56758501599041,Yahoo Finance via yfinance,28.32778988587164,-0.0215833347526054,0,staking_apr_rede,indisponivel_sem_dados_comparaveis
2023-01-17,16034412,5.114,1567.8460693359375,1534.0797119140625,0.9784632190096464,-2.153678099035372,-0.0057159726711905,-0.0056683930904151,35.100699204997525,32.96309178096507,,,1673913600000,2023-01-17T12:00:23+00:00,1673956823000,2245.755869,16027725,2023-01-18 12:00:23+00:00,https://beaconcha.in/charts/staked_ether,https://www.beaconcha.in/ethstore,extraido_html_sem_imputacao; consistencia_interna_verificada,0,5.114,,,,ausente_nao_estimado,Yahoo Finance via yfinance,45.66654367801262,Yahoo Finance via yfinance,36.22981446076896,-0.0215367809903537,0,staking_apr_rede,indisponivel_sem_dados_comparaveis
2023-01-18,16046986,5.319,1515.5069580078125,1507.7830810546875,0.9949034368253392,-0.5096563174660895,-0.0339527383084987,-0.0172902512485594,37.3441021637132,33.736174524625504,,,1674000000000,2023-01-18T12:00:23+00:00,1674043223000,2337.140346,16037483,2023-01-19 12:00:23+00:00,https://beaconcha.in/charts/staked_ether,https://www.beaconcha.in/ethstore,extraido_html_sem_imputacao; consistencia_interna_verificada,0,5.319,,,,ausente_nao_estimado,Yahoo Finance via yfinance,58.85120130238472,Yahoo Finance via yfinance,45.78421497256927,-0.0050965631746608,0,staking_apr_rede,indisponivel_sem_dados_comparaveis
2023-01-19,16066090,4.902,1552.5565185546875,1537.323974609375,0.9901887346687432,-0.9811265331256868,0.0241529302946443,0.0194028123007712,35.827837820942136,32.653363845161984,,,1674086400000,2023-01-19T12:00:23+00:00,1674129623000,2155.645761,16051818,2023-01-20 12:00:23+00:00,https://beaconcha.in/charts/staked_ether,https://www.beaconcha.in/ethstore,extraido_html_sem_imputacao; consistencia_interna_verificada,0,4.902,,,,ausente_nao_estimado,Yahoo Finance via yfinance,59.13657034459008,Yahoo Finance via yfinance,43.64437757655544,-0.0098112653312568,0,staking_apr_rede,indisponivel_sem_dados_comparaveis
2023-01-20,16093417,5.182,1659.754150390625,1629.5802001953125,0.9818202291054908,-1.8179770894509284,0.0667665501969204,0.0582792096702511,40.9834491251272,35.75364461071992,,,1674172800000,2023-01-20T12:00:23+00:00,1674216023000,2283.409301,16083818,2023-01-21 12:00:23+00:00,https://beaconcha.in/charts/staked_ether,https://www.beaconcha.in/ethstore,extraido_html_sem_imputacao; consistencia_interna_verificada,0,5.182,,,,ausente_nao_estimado,Yahoo Finance via yfinance,70.91110418615463,Yahoo Finance via yfinance,54.2807146670916,-0.0181797708945092,0,staking_apr_rede,indisponivel_sem_dados_comparaveis
2023-01-21,16102121,4.861,1627.1181640625,1614.9197998046875,0.9925030864216056,-0.7496913578394548,-0.0198590366671015,-0.0090371398777039,42.27552866836649,36.39174466664054,,,1674259200000,2023-01-21T12:00:23+00:00,1674302423000,2143.888173,16097225,2023-01-22 12:00:23+00:00,https://beaconcha.in/charts/staked_ether,https://www.beaconcha.in/ethstore,extraido_html_sem_imputacao; consistencia_interna_verificada,0,4.861,,,,ausente_nao_estimado,Yahoo Finance via yfinance,63.04667891325271,Yahoo Finance via yfinance,48.1212634763828,-0.0074969135783945,0,staking_apr_rede,indisponivel_sem_dados_comparaveis
2023-01-22,16114153,4.85,1628.382080078125,1603.1761474609375,0.9845208732486308,-1.54791267513692,0.0007764804081359,-0.0072985421609055,42.296752665785945,36.70834387431112,,,1674345600000,2023-01-22T12:00:23+00:00,1674388823000,2140.750411,16109769,2023-01-23 12:00:23+00:00,https://beaconcha.in/charts/staked_ether,https://www.beaconcha.in/ethstore,extraido_html_sem_imputacao; consistencia_interna_verificada,0,4.85,,,,ausente_nao_estimado,Yahoo Finance via yfinance,63.06745816525654,Yahoo Finance via yfinance,49.76480795795485,-0.0154791267513691,0,staking_apr_rede,indisponivel_sem_dados_comparaveis
2023-01-23,16122313,5.014,1628.2510986328125,1612.5760498046875,0.9903730764614336,-0.9626923538566534,-8.043979054159996e-05,0.005846177528264,42.321238737439536,36.71720104812454,,,1674432000000,2023-01-23T12:00:23+00:00,1674475223000,2214.451306,16120297,2023-01-24 12:00:23+00:00,https://beaconcha.in/charts/staked_ether,https://www.beaconcha.in/ethstore,extraido_html_sem_imputacao; consistencia_interna_verificada,0,5.014,,,,ausente_nao_estimado,Yahoo Finance via yfinance,62.75869049128055,Yahoo Finance via yfinance,49.28944799510354,-0.0096269235385665,0,staking_apr_rede,indisponivel_sem_dados_comparaveis
2023-01-24,16158409,5.727,1556.604248046875,1557.0418701171875,1.0002811389412958,0.0281138941295777,-0.0449998085820742,-0.035045147221753,46.28206133461285,39.58491055403488,,,1674518400000,2023-01-24T12:00:23+00:00,1674561623000,2531.434923,16133545,2023-01-25 12:00:23+00:00,https://beaconcha.in/charts/staked_ether,https://www.beaconcha.in/ethstore,extraido_html_sem_imputacao; consistencia_interna_verificada,0,5.727,,,,ausente_nao_estimado,Yahoo Finance via yfinance,72.3575925049568,Yahoo Finance via yfinance,57.51429146685072,0.0002811389412957,0,staking_apr_rede,indisponivel_sem_dados_comparaveis
2023-01-25,16204681,5.231,1611.7110595703125,1597.9990234375,0.9914922491526068,-0.8507750847393303,0.0347896999813384,0.0259644522049519,47.19832179588103,39.99840697655748,,,1674604800000,2023-01-25T12:00:23+00:00,1674648023000,2319.201201,16183945,2023-01-26 12:00:23+00:00,https://beaconcha.in/charts/staked_ether,https://www.beaconcha.in/ethstore,extraido_html_sem_imputacao; consistencia_interna_verificada,0,5.231,,,,ausente_nao_estimado,Yahoo Finance via yfinance,70.32730828598721,Yahoo Finance via yfinance,57.112583862767885,-0.0085077508473933,0,staking_apr_rede,indisponivel_sem_dados_comparaveis
2023-01-26,16234473,5.423,1603.10595703125,1574.068603515625,0.9818868157851534,-1.8113184214846645,-0.0053534139242019,-0.0150885017220395,46.90153654501879,39.70556205114678,,,1674691200000,2023-01-26T12:00:23+00:00,1674734423000,2410.45357,16223337,2023-01-27 12:00:23+00:00,https://beaconcha.in/charts/staked_ether,https://www.beaconcha.in/ethstore,extraido_html_sem_imputacao; consistencia_interna_verificada,0,5.423,,,,ausente_nao_estimado,Yahoo Finance via yfinance,69.63090497819032,Yahoo Finance via yfinance,58.44923254434353,-0.0181131842148466,0,staking_apr_rede,indisponivel_sem_dados_comparaveis
2023-01-27,16246377,4.987,1598.156494140625,1577.7843017578125,0.9872526924256144,-1.2747307574385691,-0.0030921968503883,0.0023577876729703,46.0145445928343,39.13254374159297,,,1674777600000,2023-01-27T12:00:23+00:00,1674820823000,2219.037033,16241321,2023-01-28 12:00:23+00:00,https://beaconcha.in/charts/staked_ether,https://www.beaconcha.in/ethstore,extraido_html_sem_imputacao; consistencia_interna_verificada,0,4.987,,,,ausente_nao_estimado,Yahoo Finance via yfinance,45.90626817037077,Yahoo Finance via yfinance,36.21222989293118,-0.0127473075743856,0,staking_apr_rede,indisponivel_sem_dados_comparaveis
2023-01-28,16257385,4.795,1572.43505859375,1558.851806640625,0.9913616451891676,-0.8638354810832527,-0.0162253632529956,-0.0120719932988594,46.90375521714182,39.88424932849499,,,1674864000000,2023-01-28T12:00:23+00:00,1674907223000,2134.71243,16251017,2023-01-29 12:00:23+00:00,https://beaconcha.in/charts/staked_ether,https://www.beaconcha.in/ethstore,extraido_html_sem_imputacao; consistencia_interna_verificada,0,4.795,,,,ausente_nao_estimado,Yahoo Finance via yfinance,45.2808905060057,Yahoo Finance via yfinance,36.50285759635021,-0.0086383548108325,0,staking_apr_rede,indisponivel_sem_dados_comparaveis
2023-01-29,16270633,4.88,1646.1556396484375,1631.4501953125,0.991066795883846,-0.8933204116153948,0.0458172435236449,0.0455197807740326,48.4382002830555,41.6341088442625,,,1674950400000,2023-01-29T12:00:23+00:00,1674993623000,2175.126419,16267497,2023-01-30 12:00:23+00:00,https://beaconcha.in/charts/staked_ether,https://www.beaconcha.in/ethstore,extraido_html_sem_imputacao; consistencia_interna_verificada,0,4.88,,,,ausente_nao_estimado,Yahoo Finance via yfinance,58.46652547631813,Yahoo Finance via yfinance,51.40525256139898,-0.0089332041161539,0,staking_apr_rede,indisponivel_sem_dados_comparaveis
2023-01-30,16287913,5.106,1567.3265380859375,1554.2767333984375,0.9916738443646612,-0.8326155635338672,-0.0490713281784073,-0.0484589954431413,52.57844911974012,46.42833398232874,,,1675036800000,2023-01-30T12:00:23+00:00,1675080023000,2277.28983,16279913,2023-01-31 12:00:23+00:00,https://beaconcha.in/charts/staked_ether,https://www.beaconcha.in/ethstore,extraido_html_sem_imputacao; consistencia_interna_verificada,0,5.106,,,,ausente_nao_estimado,Yahoo Finance via yfinance,69.043834392772,Yahoo Finance via yfinance,62.92033800963732,-0.0083261556353386,0,staking_apr_rede,indisponivel_sem_dados_comparaveis
2023-01-31,16302089,5.066,1586.535400390625,1569.1392822265625,0.9890351528495492,-1.0964847150450874,0.0121813194132605,0.0095169269357927,52.55149204119776,46.371027174920656,,,1675123200000,2023-01-31T12:00:23+00:00,1675166423000,2261.645576,16295625,2023-02-01 12:00:23+00:00,https://beaconcha.in/charts/staked_ether,https://www.beaconcha.in/ethstore,extraido_html_sem_imputacao; consistencia_interna_verificada,0,5.066,,,,ausente_nao_estimado,Yahoo Finance via yfinance,60.99437712186625,Yahoo Finance via yfinance,58.134016154301605,-0.0109648471504508,0,staking_apr_rede,indisponivel_sem_dados_comparaveis
2023-02-01,16334729,5.309,1641.792724609375,1606.29638671875,0.9783795254062472,-2.1620474593752714,0.0342361242655025,0.0234039069882613,53.26640365216934,46.58141130747519,,,1675209600000,2023-02-01T12:00:23+00:00,1675252823000,2372.676681,16313225,2023-02-02 12:00:23+00:00,https://beaconcha.in/charts/staked_ether,https://www.beaconcha.in/ethstore,extraido_html_sem_imputacao; consistencia_interna_verificada,0,5.309,,,,ausente_nao_estimado,Yahoo Finance via yfinance,60.818376431323806,Yahoo Finance via yfinance,57.49381801807514,-0.0216204745937527,0,staking_apr_rede,indisponivel_sem_dados_comparaveis
2023-02-02,16358825,5.2,1643.2415771484375,1630.4093017578125,0.99219087712417,-0.7809122875830132,0.0008820928489129,0.0148999405344284,53.248736385965714,46.44399261631803,,,1675296000000,2023-02-02T12:00:23+00:00,1675339223000,2328.663283,16345161,2023-02-03 12:00:23+00:00,https://beaconcha.in/charts/staked_ether,https://www.beaconcha.in/ethstore,extraido_html_sem_imputacao; consistencia_interna_verificada,0,5.2,,,,ausente_nao_estimado,Yahoo Finance via yfinance,60.4854787273458,Yahoo Finance via yfinance,56.54158858491169,-0.0078091228758301,0,staking_apr_rede,indisponivel_sem_dados_comparaveis
2023-02-03,16373224,5.06,1664.74560546875,1651.2503662109375,0.991893512610287,-0.810648738971298,0.0130014598296385,0.0127017099624979,52.57269020922634,44.99671678840681,,,1675382400000,2023-02-03T12:00:23+00:00,1675425623000,2268.334751,16363816,2023-02-04 12:00:23+00:00,https://beaconcha.in/charts/staked_ether,https://www.beaconcha.in/ethstore,extraido_html_sem_imputacao; consistencia_interna_verificada,0,5.06,,,,ausente_nao_estimado,Yahoo Finance via yfinance,60.52957471327443,Yahoo Finance via yfinance,56.73789728871464,-0.0081064873897129,0,staking_apr_rede,indisponivel_sem_dados_comparaveis
2023-02-04,16386312,4.909,1667.0592041015625,1649.313232421875,0.9893549241466494,-1.0645075853350616,0.0013887962452246,-0.0011738201392567,52.40472163550381,45.03135428207663,,,1675468800000,2023-02-04T12:00:23+00:00,1675512023000,2203.106844,16380712,2023-02-05 12:00:23+00:00,https://beaconcha.in/charts/staked_ether,https://www.beaconcha.in/ethstore,extraido_html_sem_imputacao; consistencia_interna_verificada,0,4.909,,,,ausente_nao_estimado,Yahoo Finance via yfinance,57.9043432234356,Yahoo Finance via yfinance,55.0894135733561,-0.0106450758533506,0,staking_apr_rede,indisponivel_sem_dados_comparaveis
2023-02-05,16408648,4.888,1631.6458740234375,1614.50830078125,0.9894967569158076,-1.050324308419226,-0.0214718744556889,-0.0213285258957553,53.46335559473694,46.01650488974168,,,1675555200000,2023-02-05T12:00:23+00:00,1675598423000,2195.570695,16394888,2023-02-06 12:00:23+00:00,https://beaconcha.in/charts/staked_ether,https://www.beaconcha.in/ethstore,extraido_html_sem_imputacao; consistencia_interna_verificada,0,4.888,,,,ausente_nao_estimado,Yahoo Finance via yfinance,51.44219138175264,Yahoo Finance via yfinance,48.14710638023812,-0.0105032430841922,0,staking_apr_rede,indisponivel_sem_dados_comparaveis
2023-02-06,16422823,5.3,1616.2470703125,1607.0457763671875,0.9943070003873024,-0.5692999612697536,-0.0094824055829028,-0.0046328806427316,53.65590856510097,46.24880237600131,,,1675641600000,2023-02-06T12:00:23+00:00,1675684823000,2384.287799,16418952,2023-02-07 12:00:23+00:00,https://beaconcha.in/charts/staked_ether,https://www.beaconcha.in/ethstore,extraido_html_sem_imputacao; consistencia_interna_verificada,0,5.3,,,,ausente_nao_estimado,Yahoo Finance via yfinance,34.071242414462574,Yahoo Finance via yfinance,28.55282544259167,-0.0056929996126975,0,staking_apr_rede,indisponivel_sem_dados_comparaveis
2023-02-07,16435015,5.393,1672.0035400390625,1641.229248046875,0.9815943619404844,-1.840563805951545,0.0339157934512358,0.0210479306075294,54.30341031303678,46.33222158540399,,,1675728000000,2023-02-07T12:00:23+00:00,1675771223000,2427.371672,16430023,2023-02-08 12:00:23+00:00,https://beaconcha.in/charts/staked_ether,https://www.beaconcha.in/ethstore,extraido_html_sem_imputacao; consistencia_interna_verificada,0,5.393,,,,ausente_nao_estimado,Yahoo Finance via yfinance,40.16435751790339,Yahoo Finance via yfinance,30.84148290879972,-0.0184056380595154,0,staking_apr_rede,indisponivel_sem_dados_comparaveis
2023-02-08,16445703,5.294,1650.716796875,1631.0474853515625,0.988084381548262,-1.1915618451737942,-0.0128130159816064,-0.0062230650910869,54.42704209053806,46.23731928228246,,,1675814400000,2023-02-08T12:00:23+00:00,1675857623000,2384.623013,16441447,2023-02-09 12:00:23+00:00,https://beaconcha.in/charts/staked_ether,https://www.beaconcha.in/ethstore,extraido_html_sem_imputacao; consistencia_interna_verificada,0,5.294,,,,ausente_nao_estimado,Yahoo Finance via yfinance,35.16698079891556,Yahoo Finance via yfinance,28.223545210087963,-0.0119156184517379,0,staking_apr_rede,indisponivel_sem_dados_comparaveis
2023-02-09,16467783,5.172,1546.438232421875,1540.133056640625,0.9959227755437892,-0.4077224456210837,-0.065255243819588,-0.0573536243618542,60.00357567998369,51.30615039552114,,,1675900800000,2023-02-09T12:00:23+00:00,1675944023000,2332.676448,16461959,2023-02-10 12:00:23+00:00,https://beaconcha.in/charts/staked_ether,https://www.beaconcha.in/ethstore,extraido_html_sem_imputacao; consistencia_interna_verificada,0,5.172,,,,ausente_nao_estimado,Yahoo Finance via yfinance,59.23560347952383,Yahoo Finance via yfinance,48.99927392382696,-0.0040772244562108,0,staking_apr_rede,indisponivel_sem_dados_comparaveis
2023-02-10,16502023,4.887,1514.869140625,1506.987548828125,0.9947971797790908,-0.5202820220909121,-0.0206253127016737,-0.0217561557232047,59.43241988965698,51.672088263066726,,,1675987200000,2023-02-10T12:00:23+00:00,1676030423000,2206.321059,16477159,2023-02-11 12:00:23+00:00,https://beaconcha.in/charts/staked_ether,https://www.beaconcha.in/ethstore,extraido_html_sem_imputacao; consistencia_interna_verificada,0,4.887,,,,ausente_nao_estimado,Yahoo Finance via yfinance,56.6716612469326,Yahoo Finance via yfinance,46.32912680549532,-0.0052028202209091,0,staking_apr_rede,indisponivel_sem_dados_comparaveis
2023-02-11,16519239,4.763,1539.9267578125,1523.6121826171875,0.9894056161356092,-1.0594383864390822,0.0164057960268752,0.0109712941462936,59.262673841364254,50.64052667961442,,,1676073600000,2023-02-11T12:00:23+00:00,1676116823000,2154.849736,16511911,2023-02-12 12:00:23+00:00,https://beaconcha.in/charts/staked_ether,https://www.beaconcha.in/ethstore,extraido_html_sem_imputacao; consistencia_interna_verificada,0,4.763,,,,ausente_nao_estimado,Yahoo Finance via yfinance,60.00736680683355,Yahoo Finance via yfinance,48.97895245819512,-0.0105943838643908,0,staking_apr_rede,indisponivel_sem_dados_comparaveis
2023-02-12,16541287,4.995,1515.03369140625,1507.97509765625,0.9953409658213948,-0.4659034178605137,-0.0162971781664789,-0.0103161955734511,59.13588476762916,50.43841112848894,,,1676160000000,2023-02-12T12:00:23+00:00,1676203223000,2261.257146,16524487,2023-02-13 12:00:23+00:00,https://beaconcha.in/charts/staked_ether,https://www.beaconcha.in/ethstore,extraido_html_sem_imputacao; consistencia_interna_verificada,0,4.995,,,,ausente_nao_estimado,Yahoo Finance via yfinance,59.59034496316343,Yahoo Finance via yfinance,48.25081994069331,-0.0046590341786051,0,staking_apr_rede,indisponivel_sem_dados_comparaveis
2023-02-13,16552583,4.949,1507.1658935546875,1474.7559814453125,0.9784961215961864,-2.1503878403813514,-0.0052066816930738,-0.0222752161614398,54.36827066094268,47.32068614264931,,,1676246400000,2023-02-13T12:00:23+00:00,1676289623000,2243.377954,16545831,2023-02-14 12:00:23+00:00,https://beaconcha.in/charts/staked_ether,https://www.beaconcha.in/ethstore,extraido_html_sem_imputacao; consistencia_interna_verificada,0,4.949,,,,ausente_nao_estimado,Yahoo Finance via yfinance,59.71867171954804,Yahoo Finance via yfinance,48.79098505629037,-0.0215038784038135,0,staking_apr_rede,indisponivel_sem_dados_comparaveis
2023-02-14,16574471,5.628,1556.8751220703125,1526.7977294921875,0.9806809215769802,-1.931907842301983,0.0324496898686049,0.0346800149880932,55.602558393929705,48.768567923635615,,,1676332800000,2023-02-14T12:00:23+00:00,1676376023000,2553.155974,16557223,2023-02-15 12:00:23+00:00,https://beaconcha.in/charts/staked_ether,https://www.beaconcha.in/ethstore,extraido_html_sem_imputacao; consistencia_interna_verificada,0,5.628,,,,ausente_nao_estimado,Yahoo Finance via yfinance,59.0689171404431,Yahoo Finance via yfinance,55.04630908308905,-0.0193190784230198,0,staking_apr_rede,indisponivel_sem_dados_comparaveis
2023-02-15,16597415,5.388,1673.7459716796875,1642.2694091796875,0.9811939427890533,-1.8806057210946856,0.0723835258153351,0.0729065165861377,60.87443667842263,54.76529839701292,,,1676419200000,2023-02-15T12:00:23+00:00,1676462423000,2448.314674,16586119,2023-02-16 12:00:23+00:00,https://beaconcha.in/charts/staked_ether,https://www.beaconcha.in/ethstore,extraido_html_sem_imputacao; consistencia_interna_verificada,0,5.388,,,,ausente_nao_estimado,Yahoo Finance via yfinance,83.67906949652672,Yahoo Finance via yfinance,81.79180325248899,-0.0188060572109468,0,staking_apr_rede,indisponivel_sem_dados_comparaveis
2023-02-16,16613127,5.225,1640.067626953125,1628.8590087890625,0.9931657585456488,-0.6834241454351186,-0.0203267343239499,-0.0081992962715383,61.318877396201785,54.81747312003564,,,1676505600000,2023-02-16T12:00:23+00:00,1676548823000,2376.532767,16603079,2023-02-17 12:00:23+00:00,https://beaconcha.in/charts/staked_ether,https://www.beaconcha.in/ethstore,extraido_html_sem_imputacao; consistencia_interna_verificada,0,5.225,,,,ausente_nao_estimado,Yahoo Finance via yfinance,66.177700033933,Yahoo Finance via yfinance,66.79196898347115,-0.0068342414543511,0,staking_apr_rede,indisponivel_sem_dados_comparaveis
2023-02-17,16647911,5.136,1694.7833251953125,1671.5596923828125,0.9862969900238878,-1.370300997611218,0.0328174239851052,0.0258773630055233,60.881266529851054,54.97343390774121,,,1676592000000,2023-02-17T12:00:23+00:00,1676635223000,2339.416402,16626887,2023-02-18 12:00:23+00:00,https://beaconcha.in/charts/staked_ether,https://www.beaconcha.in/ethstore,extraido_html_sem_imputacao; consistencia_interna_verificada,0,5.136,,,,ausente_nao_estimado,Yahoo Finance via yfinance,63.100133898436006,Yahoo Finance via yfinance,62.60735712095278,-0.0137030099761121,0,staking_apr_rede,indisponivel_sem_dados_comparaveis
2023-02-18,16660423,4.9,1691.8194580078125,1673.977783203125,0.989454149661042,-1.0545850338958052,-0.0017503487323079,0.0014455621908519,60.45640169349451,54.67305178533996,,,1676678400000,2023-02-18T12:00:23+00:00,1676721623000,2235.626238,16653991,2023-02-19 12:00:23+00:00,https://beaconcha.in/charts/staked_ether,https://www.beaconcha.in/ethstore,extraido_html_sem_imputacao; consistencia_interna_verificada,0,4.9,,,,ausente_nao_estimado,Yahoo Finance via yfinance,64.3837106289788,Yahoo Finance via yfinance,63.33594823901074,-0.010545850338958,0,staking_apr_rede,indisponivel_sem_dados_comparaveis
2023-02-19,16673831,5.062,1681.4361572265625,1667.244384765625,0.991559731602093,-0.8440268397907014,-0.0061562684594375,-0.0040305057337243,55.936872679395385,50.91106073614281,,,1676764800000,2023-02-19T12:00:23+00:00,1676808023000,2311.2662,16664359,2023-02-20 12:00:23+00:00,https://beaconcha.in/charts/staked_ether,https://www.beaconcha.in/ethstore,extraido_html_sem_imputacao; consistencia_interna_verificada,0,5.062,,,,ausente_nao_estimado,Yahoo Finance via yfinance,61.903170933362986,Yahoo Finance via yfinance,62.05097878072435,-0.008440268397907,0,staking_apr_rede,indisponivel_sem_dados_comparaveis
2023-02-20,16693767,5.565,1702.6751708984375,1674.0089111328125,0.9831639879082168,-1.6836012091783092,0.0125523604179185,0.0040491007477015,55.59847277202182,50.798553529401225,,,1676851200000,2023-02-20T12:00:23+00:00,1676894423000,2543.552827,16683239,2023-02-21 12:00:23+00:00,https://beaconcha.in/charts/staked_ether,https://www.beaconcha.in/ethstore,extraido_html_sem_imputacao; consistencia_interna_verificada,0,5.565,,,,ausente_nao_estimado,Yahoo Finance via yfinance,59.684895615206855,Yahoo Finance via yfinance,55.12564881371512,-0.016836012091783,0,staking_apr_rede,indisponivel_sem_dados_comparaveis
2023-02-21,16733799,5.171,1658.036376953125,1642.1993408203125,0.9904483180508288,-0.955168194917122,-0.026566647410582,-0.0191848904183693,56.45549842357801,51.21625416331202,,,1676937600000,2023-02-21T12:00:23+00:00,1676980823000,2367.256015,16708935,2023-02-22 12:00:23+00:00,https://beaconcha.in/charts/staked_ether,https://www.beaconcha.in/ethstore,extraido_html_sem_imputacao; consistencia_interna_verificada,0,5.171,,,,ausente_nao_estimado,Yahoo Finance via yfinance,65.57064213781672,Yahoo Finance via yfinance,58.86775041552917,-0.0095516819491712,0,staking_apr_rede,indisponivel_sem_dados_comparaveis
2023-02-22,16770470,4.965,1643.231689453125,1619.0992431640625,0.9853140330460072,-1.4685966953992935,-0.0089691515198551,-0.014166433024008,56.55406337519785,51.44336860237743,,,1677024000000,2023-02-22T12:00:23+00:00,1677067223000,2279.052203,16755302,2023-02-23 12:00:23+00:00,https://beaconcha.in/charts/staked_ether,https://www.beaconcha.in/ethstore,extraido_html_sem_imputacao; consistencia_interna_verificada,0,4.965,,,,ausente_nao_estimado,Yahoo Finance via yfinance,38.42075032205822,Yahoo Finance via yfinance,28.245885193085314,-0.0146859669539929,0,staking_apr_rede,indisponivel_sem_dados_comparaveis
2023-02-23,16798598,4.853,1651.0738525390625,1645.5224609375,0.9966377084871004,-0.3362291512899573,0.0047610507280248,0.0161879673564442,54.14918483014417,50.12061066096833,,,1677110400000,2023-02-23T12:00:23+00:00,1677153623000,2231.063537,16779910,2023-02-24 12:00:23+00:00,https://beaconcha.in/charts/staked_ether,https://www.beaconcha.in/ethstore,extraido_html_sem_imputacao; consistencia_interna_verificada,0,4.853,,,,ausente_nao_estimado,Yahoo Finance via yfinance,35.55457033569998,Yahoo Finance via yfinance,30.41199899864931,-0.0033622915128995,0,staking_apr_rede,indisponivel_sem_dados_comparaveis
2023-02-24,16821765,4.787,1608.3731689453125,1596.73193359375,0.992762105476308,-0.7237894523692057,-0.0262026818695581,-0.0300989403154417,53.67272189172928,50.53773883986239,,,1677196800000,2023-02-24T12:00:23+00:00,1677240023000,2205.211955,16816038,2023-02-25 12:00:23+00:00,https://beaconcha.in/charts/staked_ether,https://www.beaconcha.in/ethstore,extraido_html_sem_imputacao; consistencia_interna_verificada,0,4.787,,,,ausente_nao_estimado,Yahoo Finance via yfinance,28.15177211114676,Yahoo Finance via yfinance,29.92267873791055,-0.007237894523692,0,staking_apr_rede,indisponivel_sem_dados_comparaveis
2023-02-25,16836900,4.638,1594.9149169921875,1593.8157958984375,0.999310859104746,-0.068914089525407,-0.0084028228368414,-0.0018279861356642,53.721026867882,50.25116947377146,,,1677283200000,2023-02-25T12:00:23+00:00,1677326423000,2138.953173,16831684,2023-02-26 12:00:23+00:00,https://beaconcha.in/charts/staked_ether,https://www.beaconcha.in/ethstore,extraido_html_sem_imputacao; consistencia_interna_verificada,0,4.638,,,,ausente_nao_estimado,Yahoo Finance via yfinance,27.7354672924816,Yahoo Finance via yfinance,29.4811641335438,-0.000689140895254,0,staking_apr_rede,indisponivel_sem_dados_comparaveis
2023-02-26,16892452,4.688,1640.817138671875,1625.8291015625,0.9908655042928752,-0.9134495707124768,0.0283739818004635,0.0198868892383199,54.61934831799208,50.706355446756966,,,1677369600000,2023-02-26T12:00:23+00:00,1677412823000,2166.185286,16864036,2023-02-27 12:00:23+00:00,https://beaconcha.in/charts/staked_ether,https://www.beaconcha.in/ethstore,extraido_html_sem_imputacao; consistencia_interna_verificada,0,4.688,,,,ausente_nao_estimado,Yahoo Finance via yfinance,38.55312994319058,Yahoo Finance via yfinance,35.41365228614738,-0.0091344957071247,0,staking_apr_rede,indisponivel_sem_dados_comparaveis
2023-02-27,16950052,4.946,1634.326416015625,1625.0008544921875,0.994293941875961,-0.5706058124039015,-0.0039636315450042,-0.0005095603888423,54.30262091182758,50.4911262337622,,,1677456000000,2023-02-27T12:00:23+00:00,1677499223000,2293.117897,16921636,2023-02-28 12:00:23+00:00,https://beaconcha.in/charts/staked_ether,https://www.beaconcha.in/ethstore,extraido_html_sem_imputacao; consistencia_interna_verificada,0,4.946,,,,ausente_nao_estimado,Yahoo Finance via yfinance,36.140654499075744,Yahoo Finance via yfinance,34.96532917466074,-0.005706058124039,0,staking_apr_rede,indisponivel_sem_dados_comparaveis
2023-02-28,17007651,4.964,1605.8951416015625,1605.5072021484375,0.9997584279053624,-0.0241572094637598,-0.0175494197532211,-0.0120686211631237,52.22074460358475,48.094296057824366,,,1677542400000,2023-02-28T12:00:23+00:00,1677585623000,2309.335174,16979204,2023-03-01 12:00:23+00:00,https://beaconcha.in/charts/staked_ether,https://www.beaconcha.in/ethstore,extraido_html_sem_imputacao; consistencia_interna_verificada,0,4.964,,,,ausente_nao_estimado,Yahoo Finance via yfinance,33.48573049722742,Yahoo Finance via yfinance,33.46081365260281,-0.0002415720946375,0,staking_apr_rede,indisponivel_sem_dados_comparaveis
2023-03-01,17065187,5.18,1663.4337158203125,1654.1082763671875,0.9943938617064004,-0.5606138293599683,0.0352026477292296,0.0298223373407929,50.67164607967333,45.98108825007788,,,1677628800000,2023-03-01T12:00:23+00:00,1677672023000,2417.934164,17036771,2023-03-02 12:00:23+00:00,https://beaconcha.in/charts/staked_ether,https://www.beaconcha.in/ethstore,extraido_html_sem_imputacao; consistencia_interna_verificada,0,5.18,,,,ausente_nao_estimado,Yahoo Finance via yfinance,43.611593120302224,Yahoo Finance via yfinance,39.28333553816381,-0.0056061382935996,0,staking_apr_rede,indisponivel_sem_dados_comparaveis
2023-03-02,17122787,5.111,1647.3193359375,1634.48291015625,0.9922076882719616,-0.7792311728038293,-0.0097346476074134,-0.0119355663743958,50.69315226410267,46.15263498081743,,,1677715200000,2023-03-02T12:00:23+00:00,1677758423000,2393.648059,17094371,2023-03-03 12:00:23+00:00,https://beaconcha.in/charts/staked_ether,https://www.beaconcha.in/ethstore,extraido_html_sem_imputacao; consistencia_interna_verificada,0,5.111,,,,ausente_nao_estimado,Yahoo Finance via yfinance,44.253298051916346,Yahoo Finance via yfinance,38.81056469873848,-0.0077923117280382,0,staking_apr_rede,indisponivel_sem_dados_comparaveis
2023-03-03,17180387,4.863,1569.1676025390625,1564.19970703125,0.9968340567956068,-0.3165943204393229,-0.0486040325649592,-0.0439521675370475,52.12431388190111,48.044665065555215,,,1677801600000,2023-03-03T12:00:23+00:00,1677844823000,2285.244597,17151939,2023-03-04 12:00:23+00:00,https://beaconcha.in/charts/staked_ether,https://www.beaconcha.in/ethstore,extraido_html_sem_imputacao; consistencia_interna_verificada,0,4.863,,,,ausente_nao_estimado,Yahoo Finance via yfinance,54.086111237014,Yahoo Finance via yfinance,45.79771345370629,-0.0031659432043932,0,staking_apr_rede,indisponivel_sem_dados_comparaveis
2023-03-04,17237955,4.699,1566.9239501953125,1560.4222412109375,0.9958506544088724,-0.4149345591127451,-0.0014308592008995,-0.0024178718086042,52.117207735607366,47.70708561600823,,,1677888000000,2023-03-04T12:00:23+00:00,1677931223000,2215.775366,17209539,2023-03-05 12:00:23+00:00,https://beaconcha.in/charts/staked_ether,https://www.beaconcha.in/ethstore,extraido_html_sem_imputacao; consistencia_interna_verificada,0,4.699,,,,ausente_nao_estimado,Yahoo Finance via yfinance,53.93774479145521,Yahoo Finance via yfinance,45.79097543487269,-0.0041493455911274,0,staking_apr_rede,indisponivel_sem_dados_comparaveis
2023-03-05,17295523,4.793,1564.46875,1556.1292724609375,0.9946694508669076,-0.5330549133092277,-0.0015681205990365,-0.0027549497875325,51.85106559331237,47.43335254797898,,,1677974400000,2023-03-05T12:00:23+00:00,1678017623000,2267.302954,17267075,2023-03-06 12:00:23+00:00,https://beaconcha.in/charts/staked_ether,https://www.beaconcha.in/ethstore,extraido_html_sem_imputacao; consistencia_interna_verificada,0,4.793,,,,ausente_nao_estimado,Yahoo Finance via yfinance,47.44427290792216,Yahoo Finance via yfinance,41.62883765845159,-0.0053305491330922,0,staking_apr_rede,indisponivel_sem_dados_comparaveis
2023-03-06,17353092,4.987,1567.398681640625,1561.5426025390625,0.9962638228740676,-0.3736177125932549,0.0018710450294194,0.0034726781619968,51.85538814461109,47.47093815126897,,,1678060800000,2023-03-06T12:00:23+00:00,1678104023000,2366.918988,17324676,2023-03-07 12:00:23+00:00,https://beaconcha.in/charts/staked_ether,https://www.beaconcha.in/ethstore,extraido_html_sem_imputacao; consistencia_interna_verificada,0,4.987,,,,ausente_nao_estimado,Yahoo Finance via yfinance,47.8423867986624,Yahoo Finance via yfinance,42.06052509197632,-0.0037361771259325,0,staking_apr_rede,indisponivel_sem_dados_comparaveis
2023-03-07,17410660,4.902,1561.93310546875,1552.755126953125,0.9941239618499088,-0.5876038150091301,-0.0034931302279607,-0.0056433261496042,51.38514043592027,46.9724160716577,,,1678147200000,2023-03-07T12:00:23+00:00,1678190423000,2334.629772,17382244,2023-03-08 12:00:23+00:00,https://beaconcha.in/charts/staked_ether,https://www.beaconcha.in/ethstore,extraido_html_sem_imputacao; consistencia_interna_verificada,0,4.902,,,,ausente_nao_estimado,Yahoo Finance via yfinance,46.8395714227155,Yahoo Finance via yfinance,41.7223535948275,-0.0058760381500913,0,staking_apr_rede,indisponivel_sem_dados_comparaveis
2023-03-08,17468258,4.852,1534.0882568359375,1522.3289794921875,0.9923346800346392,-0.7665319965360795,-0.017987989214627,-0.0197894687535844,51.63739650317726,47.40330497262333,,,1678233600000,2023-03-08T12:00:23+00:00,1678276823000,2318.270504,17439811,2023-03-09 12:00:23+00:00,https://beaconcha.in/charts/staked_ether,https://www.beaconcha.in/ethstore,extraido_html_sem_imputacao; consistencia_interna_verificada,0,4.852,,,,ausente_nao_estimado,Yahoo Finance via yfinance,33.68129379363405,Yahoo Finance via yfinance,30.59365022860694,-0.0076653199653607,0,staking_apr_rede,indisponivel_sem_dados_comparaveis
2023-03-09,17490946,5.019,1438.6607666015625,1437.46728515625,0.9991704219138944,-0.082957808610562,-0.0642235774267601,-0.0573586502735821,54.382120534148015,50.43790129282358,,,1678320000000,2023-03-09T12:00:23+00:00,1678363223000,2404.856281,17488258,2023-03-10 12:00:23+00:00,https://beaconcha.in/charts/staked_ether,https://www.beaconcha.in/ethstore,extraido_html_sem_imputacao; consistencia_interna_verificada,0,5.019,,,,ausente_nao_estimado,Yahoo Finance via yfinance,50.6092826913378,Yahoo Finance via yfinance,44.89970155479235,-0.0008295780861056,0,staking_apr_rede,indisponivel_sem_dados_comparaveis
2023-03-10,17530690,7.893,1429.1580810546875,1432.9056396484375,1.0026222141857004,0.2622214185700411,-0.006627141274041,-0.0031784367172027,54.31317327100709,50.43537326083489,,,1678406400000,2023-03-10T12:00:23+00:00,1678449623000,3788.527344,17518946,2023-03-11 12:00:23+00:00,https://beaconcha.in/charts/staked_ether,https://www.beaconcha.in/ethstore,extraido_html_sem_imputacao; consistencia_interna_verificada,0,7.893,,,,ausente_nao_estimado,Yahoo Finance via yfinance,44.56379409649628,Yahoo Finance via yfinance,40.15892330975749,0.0026222141857004,0,staking_apr_rede,indisponivel_sem_dados_comparaveis
2023-03-11,17542049,5.236,1482.61669921875,1478.0694580078125,0.996932962367594,-0.3067037632406011,0.0367230502651749,0.0310325174533435,51.60812064669589,48.10611610635143,,,1678492800000,2023-03-11T12:00:23+00:00,1678536023000,2515.803035,17536738,2023-03-12 12:00:23+00:00,https://beaconcha.in/charts/staked_ether,https://www.beaconcha.in/ethstore,extraido_html_sem_imputacao; consistencia_interna_verificada,0,5.236,,,,ausente_nao_estimado,Yahoo Finance via yfinance,57.43121556227303,Yahoo Finance via yfinance,51.06359903169816,-0.003067037632406,0,staking_apr_rede,indisponivel_sem_dados_comparaveis
2023-03-12,17560256,6.208,1590.29296875,1569.0272216796875,0.986627780234086,-1.337221976591385,0.0701096896885746,0.0597190072862734,56.79842959503204,51.99772245639639,,,1678579200000,2023-03-12T12:00:23+00:00,1678622423000,2985.245024,17550464,2023-03-13 12:00:23+00:00,https://beaconcha.in/charts/staked_ether,https://www.beaconcha.in/ethstore,extraido_html_sem_imputacao; consistencia_interna_verificada,0,6.208,,,,ausente_nao_estimado,Yahoo Finance via yfinance,80.8056688687396,Yahoo Finance via yfinance,70.8658477657002,-0.0133722197659138,0,staking_apr_rede,indisponivel_sem_dados_comparaveis
2023-03-13,17573626,5.117,1680.3089599609375,1659.4888916015625,0.9876093808606132,-1.2390619139386772,0.0550594249110556,0.0560538350323509,59.59625993766215,55.31987043461108,,,1678665600000,2023-03-13T12:00:23+00:00,1678708823000,2462.904464,17567680,2023-03-14 12:00:23+00:00,https://beaconcha.in/charts/staked_ether,https://www.beaconcha.in/ethstore,extraido_html_sem_imputacao; consistencia_interna_verificada,0,5.117,,,,ausente_nao_estimado,Yahoo Finance via yfinance,89.29953356049532,Yahoo Finance via yfinance,81.3039098203818,-0.0123906191393867,0,staking_apr_rede,indisponivel_sem_dados_comparaveis
2023-03-14,17587692,5.171,1703.507080078125,1692.8199462890625,0.993726393089853,-0.6273606910147,0.013711433059796,0.0198860872951852,59.29757600692243,55.4183240722385,,,1678752000000,2023-03-14T12:00:23+00:00,1678795223000,2490.357997,17577231,2023-03-15 12:00:23+00:00,https://beaconcha.in/charts/staked_ether,https://www.beaconcha.in/ethstore,extraido_html_sem_imputacao; consistencia_interna_verificada,0,5.171,,,,ausente_nao_estimado,Yahoo Finance via yfinance,88.58680260582523,Yahoo Finance via yfinance,80.6531997581583,-0.006273606910147,0,staking_apr_rede,indisponivel_sem_dados_comparaveis
2023-03-15,17608458,5.285,1656.1805419921875,1638.4892578125,0.9893180219600896,-1.0681978039910445,-0.0281750413425723,-0.0326211126037056,60.275100176626026,56.14501642106923,,,1678838400000,2023-03-15T12:00:23+00:00,1678881623000,2548.377109,17598379,2023-03-16 12:00:23+00:00,https://beaconcha.in/charts/staked_ether,https://www.beaconcha.in/ethstore,extraido_html_sem_imputacao; consistencia_interna_verificada,0,5.285,,,,ausente_nao_estimado,Yahoo Finance via yfinance,90.98520459006852,Yahoo Finance via yfinance,84.21614231380389,-0.0106819780399104,0,staking_apr_rede,indisponivel_sem_dados_comparaveis
2023-03-16,17626986,4.861,1677.2154541015625,1662.728515625,0.991362505967176,-0.8637494032823989,0.0126208775364013,0.014685304085123,59.45285972397482,55.17261450193044,,,1678924800000,2023-03-16T12:00:23+00:00,1678968023000,2345.304144,17610602,2023-03-17 12:00:23+00:00,https://beaconcha.in/charts/staked_ether,https://www.beaconcha.in/ethstore,extraido_html_sem_imputacao; consistencia_interna_verificada,0,4.861,,,,ausente_nao_estimado,Yahoo Finance via yfinance,65.80318110686417,Yahoo Finance via yfinance,62.05064604370245,-0.0086374940328239,0,staking_apr_rede,indisponivel_sem_dados_comparaveis
2023-03-17,17648106,4.775,1792.485107421875,1770.7264404296875,0.9878611727918438,-1.2138827208156178,0.0664680346857668,0.0629299435994407,58.60726347861893,53.66724598042971,,,1679011200000,2023-03-17T12:00:23+00:00,1679054423000,2307.003704,17633162,2023-03-18 12:00:23+00:00,https://beaconcha.in/charts/staked_ether,https://www.beaconcha.in/ethstore,extraido_html_sem_imputacao; consistencia_interna_verificada,0,4.775,,,,ausente_nao_estimado,Yahoo Finance via yfinance,67.65692263953513,Yahoo Finance via yfinance,64.81298439033651,-0.0121388272081561,0,staking_apr_rede,indisponivel_sem_dados_comparaveis
2023-03-18,17668618,4.553,1761.65966796875,1762.066650390625,1.0002310221601112,0.0231022160111171,-0.0173466273094231,-0.0049025273550451,58.47161371736456,53.5967159209472,,,1679097600000,2023-03-18T12:00:23+00:00,1679140823000,2202.269143,17654154,2023-03-19 12:00:23+00:00,https://beaconcha.in/charts/staked_ether,https://www.beaconcha.in/ethstore,extraido_html_sem_imputacao; consistencia_interna_verificada,0,4.553,,,,ausente_nao_estimado,Yahoo Finance via yfinance,76.25500117795555,Yahoo Finance via yfinance,69.56610671303547,0.0002310221601111,0,staking_apr_rede,indisponivel_sem_dados_comparaveis
2023-03-19,17685098,4.929,1785.5765380859375,1783.2049560546875,0.9986718116078114,-0.1328188392188622,0.0134849957303406,0.0119249290355572,57.58731693071984,53.05289871773044,,,1679184000000,2023-03-19T12:00:23+00:00,1679227223000,2386.671219,17672874,2023-03-20 12:00:23+00:00,https://beaconcha.in/charts/staked_ether,https://www.beaconcha.in/ethstore,extraido_html_sem_imputacao; consistencia_interna_verificada,0,4.929,,,,ausente_nao_estimado,Yahoo Finance via yfinance,65.98358368761782,Yahoo Finance via yfinance,63.386686777907045,-0.0013281883921886,0,staking_apr_rede,indisponivel_sem_dados_comparaveis
2023-03-20,17695658,4.858,1735.3212890625,1733.601318359375,0.9990088459618598,-0.0991154038140207,-0.0285487763349419,-0.0282113506748706,58.54243649728525,54.10099201371349,,,1679270400000,2023-03-20T12:00:23+00:00,1679313623000,2354.26008,17687498,2023-03-21 12:00:23+00:00,https://beaconcha.in/charts/staked_ether,https://www.beaconcha.in/ethstore,extraido_html_sem_imputacao; consistencia_interna_verificada,0,4.858,,,,ausente_nao_estimado,Yahoo Finance via yfinance,63.88344553659875,Yahoo Finance via yfinance,62.0291362807606,-0.0009911540381402,0,staking_apr_rede,indisponivel_sem_dados_comparaveis
2023-03-21,17722986,4.715,1806.7607421875,1791.4869384765625,0.9915463052997016,-0.8453694700298331,0.0403430194784905,0.0328450351907861,60.069276077732745,55.17352920045381,,,1679356800000,2023-03-21T12:00:23+00:00,1679400023000,2288.797371,17717002,2023-03-22 12:00:23+00:00,https://beaconcha.in/charts/staked_ether,https://www.beaconcha.in/ethstore,extraido_html_sem_imputacao; consistencia_interna_verificada,0,4.715,,,,ausente_nao_estimado,Yahoo Finance via yfinance,68.89173309602499,Yahoo Finance via yfinance,64.42288530044702,-0.0084536947002983,0,staking_apr_rede,indisponivel_sem_dados_comparaveis
2023-03-22,17732874,4.734,1737.717041015625,1728.4443359375,0.9946638578898293,-0.5336142110170861,-0.0389633904013346,-0.0358241907254048,61.64011434758999,56.753495722830415,,,1679443200000,2023-03-22T12:00:23+00:00,1679486423000,2298.99911,17724842,2023-03-23 12:00:23+00:00,https://beaconcha.in/charts/staked_ether,https://www.beaconcha.in/ethstore,extraido_html_sem_imputacao; consistencia_interna_verificada,0,4.734,,,,ausente_nao_estimado,Yahoo Finance via yfinance,72.71123645024426,Yahoo Finance via yfinance,65.68351018778841,-0.0053361421101708,0,staking_apr_rede,indisponivel_sem_dados_comparaveis
2023-03-23,17758602,4.695,1816.4051513671875,1800.8173828125,0.9914183415836744,-0.8581658416325633,0.0442871499209605,0.0410188872116516,62.64469946041089,57.92263871560651,,,1679529600000,2023-03-23T12:00:23+00:00,1679572823000,2281.658684,17737610,2023-03-24 12:00:23+00:00,https://beaconcha.in/charts/staked_ether,https://www.beaconcha.in/ethstore,extraido_html_sem_imputacao; consistencia_interna_verificada,0,4.695,,,,ausente_nao_estimado,Yahoo Finance via yfinance,77.662919294106,Yahoo Finance via yfinance,70.01277282809231,-0.0085816584163256,0,staking_apr_rede,indisponivel_sem_dados_comparaveis
2023-03-24,17783370,4.543,1752.0447998046875,1746.689208984375,0.9969432340880156,-0.3056765911984449,-0.0360757934168494,-0.0305185479030615,63.99769024386443,58.8092511267456,,,1679616000000,2023-03-24T12:00:23+00:00,1679659223000,2212.011674,17771722,2023-03-25 12:00:23+00:00,https://beaconcha.in/charts/staked_ether,https://www.beaconcha.in/ethstore,extraido_html_sem_imputacao; consistencia_interna_verificada,0,4.543,,,,ausente_nao_estimado,Yahoo Finance via yfinance,68.13770811733265,Yahoo Finance via yfinance,59.968174799887805,-0.0030567659119844,0,staking_apr_rede,indisponivel_sem_dados_comparaveis
2023-03-25,17796042,4.441,1743.7647705078125,1739.100341796875,0.9973250814617736,-0.2674918538226434,-0.0047371257582731,-0.0043541809203625,64.03442321841764,58.644999131282574,,,1679702400000,2023-03-25T12:00:23+00:00,1679745623000,2164.264323,17786378,2023-03-26 12:00:23+00:00,https://beaconcha.in/charts/staked_ether,https://www.beaconcha.in/ethstore,extraido_html_sem_imputacao; consistencia_interna_verificada,0,4.441,,,,ausente_nao_estimado,Yahoo Finance via yfinance,67.15312396100266,Yahoo Finance via yfinance,59.95307059895305,-0.0026749185382264,0,staking_apr_rede,indisponivel_sem_dados_comparaveis
2023-03-26,17806538,4.766,1775.6767578125,1771.5787353515625,0.9976921348759524,-0.2307865124047681,0.0181351851749408,0.0185031553511523,63.45722206199507,57.75670015860845,,,1679788800000,2023-03-26T12:00:23+00:00,1679832023000,2324.556789,17801834,2023-03-27 12:00:23+00:00,https://beaconcha.in/charts/staked_ether,https://www.beaconcha.in/ethstore,extraido_html_sem_imputacao; consistencia_interna_verificada,0,4.766,,,,ausente_nao_estimado,Yahoo Finance via yfinance,67.86283354847046,Yahoo Finance via yfinance,61.05223956094653,-0.0023078651240476,0,staking_apr_rede,indisponivel_sem_dados_comparaveis
2023-03-27,17818057,5.225,1715.4608154296875,1713.898681640625,0.99908937949791,-0.091062050209012,-0.0344998806998519,-0.033100383719384,64.70355993788158,59.13102759618173,,,1679875200000,2023-03-27T12:00:23+00:00,1679918423000,2549.711571,17811561,2023-03-28 12:00:23+00:00,https://beaconcha.in/charts/staked_ether,https://www.beaconcha.in/ethstore,extraido_html_sem_imputacao; consistencia_interna_verificada,0,5.225,,,,ausente_nao_estimado,Yahoo Finance via yfinance,69.46069290503038,Yahoo Finance via yfinance,62.46672130986028,-0.0009106205020901,0,staking_apr_rede,indisponivel_sem_dados_comparaveis
2023-03-28,17829033,4.86,1772.78564453125,1758.3394775390625,0.9918511484810634,-0.8148851518936628,0.0328703783446537,0.0255991788228759,64.94903131283448,59.37644773736714,,,1679961600000,2023-03-28T12:00:23+00:00,1680004823000,2372.722987,17821001,2023-03-29 12:00:23+00:00,https://beaconcha.in/charts/staked_ether,https://www.beaconcha.in/ethstore,extraido_html_sem_imputacao; consistencia_interna_verificada,0,4.86,,,,ausente_nao_estimado,Yahoo Finance via yfinance,66.87426254585517,Yahoo Finance via yfinance,60.21226895039186,-0.0081488515189366,0,staking_apr_rede,indisponivel_sem_dados_comparaveis
2023-03-29,17855272,4.909,1793.0018310546875,1786.8228759765625,0.996553848986038,-0.3446151013962062,0.0113390959329842,0.0160692281537399,64.97435416649756,59.54810956658343,,,1680048000000,2023-03-29T12:00:23+00:00,1680091223000,2399.956566,17844201,2023-03-30 12:00:23+00:00,https://beaconcha.in/charts/staked_ether,https://www.beaconcha.in/ethstore,extraido_html_sem_imputacao; consistencia_interna_verificada,0,4.909,,,,ausente_nao_estimado,Yahoo Finance via yfinance,59.77390502104625,Yahoo Finance via yfinance,54.18768244143708,-0.003446151013962,0,staking_apr_rede,indisponivel_sem_dados_comparaveis
2023-03-30,17875208,4.655,1792.7371826171875,1772.4207763671875,0.9886673816736816,-1.1332618326318378,-0.0001476116566049,-0.0080928307360783,64.56086952790498,59.436144924745626,,,1680134400000,2023-03-30T12:00:23+00:00,1680177623000,2278.607248,17868168,2023-03-31 12:00:23+00:00,https://beaconcha.in/charts/staked_ether,https://www.beaconcha.in/ethstore,extraido_html_sem_imputacao; consistencia_interna_verificada,0,4.655,,,,ausente_nao_estimado,Yahoo Finance via yfinance,49.49819138793701,Yahoo Finance via yfinance,45.01701295932227,-0.0113326183263183,0,staking_apr_rede,indisponivel_sem_dados_comparaveis
2023-03-31,17904328,4.708,1822.0220947265625,1807.97607421875,0.9922909713617274,-0.7709028638272608,0.0162033212080177,0.0198617461557456,63.72762915159578,58.97642287883684,,,1680220800000,2023-03-31T12:00:23+00:00,1680264023000,2306.474054,17881288,2023-04-01 12:00:23+00:00,https://beaconcha.in/charts/staked_ether,https://www.beaconcha.in/ethstore,extraido_html_sem_imputacao; consistencia_interna_verificada,0,4.708,,,,ausente_nao_estimado,Yahoo Finance via yfinance,41.22768437617015,Yahoo Finance via yfinance,40.23086617897399,-0.0077090286382726,0,staking_apr_rede,indisponivel_sem_dados_comparaveis
2023-04-01,17960392,4.435,1813.860595703125,1796.33349609375,0.9903371297381424,-0.9662870261857526,-0.0044894257742665,-0.006460387706065,63.6215143839325,58.83306414348242,,,1680307200000,2023-04-01T12:00:23+00:00,1680350423000,2178.857657,17933480,2023-04-02 12:00:23+00:00,https://beaconcha.in/charts/staked_ether,https://www.beaconcha.in/ethstore,extraido_html_sem_imputacao; consistencia_interna_verificada,0,4.435,,,,ausente_nao_estimado,Yahoo Finance via yfinance,41.190293111318816,Yahoo Finance via yfinance,40.55389107509631,-0.0096628702618575,0,staking_apr_rede,indisponivel_sem_dados_comparaveis
2023-04-02,17968360,4.526,1795.7081298828125,1789.7750244140625,0.9966959522151648,-0.3304047784835284,-0.0100580541511264,-0.0036577136214689,61.03864947826888,56.40157765381032,,,1680393600000,2023-04-02T12:00:23+00:00,1680436823000,2227.38301,17963496,2023-04-03 12:00:23+00:00,https://beaconcha.in/charts/staked_ether,https://www.beaconcha.in/ethstore,extraido_html_sem_imputacao; consistencia_interna_verificada,0,4.526,,,,ausente_nao_estimado,Yahoo Finance via yfinance,41.01411306314658,Yahoo Finance via yfinance,39.070752235338375,-0.0033040477848352,0,staking_apr_rede,indisponivel_sem_dados_comparaveis
2023-04-03,17977064,4.849,1810.297119140625,1790.9892578125,0.9893344240986855,-1.066557590131434,0.0080915405547189,0.0006781979204859,61.01265660610329,56.3641741048717,,,1680480000000,2023-04-03T12:00:23+00:00,1680523223000,2387.344104,17971848,2023-04-04 12:00:23+00:00,https://beaconcha.in/charts/staked_ether,https://www.beaconcha.in/ethstore,extraido_html_sem_imputacao; consistencia_interna_verificada,0,4.849,,,,ausente_nao_estimado,Yahoo Finance via yfinance,27.517851287560696,Yahoo Finance via yfinance,26.479030672172964,-0.0106655759013143,0,staking_apr_rede,indisponivel_sem_dados_comparaveis
2023-04-04,17986728,4.654,1871.005126953125,1852.092041015625,0.989891483638904,-1.0108516361095887,0.0329848014817582,0.0335477079723716,61.74386443965353,57.184862568635054,,,1680566400000,2023-04-04T12:00:23+00:00,1680609623000,2292.494936,17979848,2023-04-05 12:00:23+00:00,https://beaconcha.in/charts/staked_ether,https://www.beaconcha.in/ethstore,extraido_html_sem_imputacao; consistencia_interna_verificada,0,4.654,,,,ausente_nao_estimado,Yahoo Finance via yfinance,27.58160366819723,Yahoo Finance via yfinance,30.345690809627545,-0.0101085163610958,0,staking_apr_rede,indisponivel_sem_dados_comparaveis
2023-04-05,17997032,4.432,1909.114013671875,1903.861083984375,0.997248498701554,-0.2751501298446146,0.0201634797423699,0.0275681404535585,61.92065887588583,57.676753030625086,,,1680652800000,2023-04-05T12:00:23+00:00,1680696023000,2184.817585,17993928,2023-04-06 12:00:23+00:00,https://beaconcha.in/charts/staked_ether,https://www.beaconcha.in/ethstore,extraido_html_sem_imputacao; consistencia_interna_verificada,0,4.432,,,,ausente_nao_estimado,Yahoo Finance via yfinance,28.989353577080458,Yahoo Finance via yfinance,33.32867561622634,-0.0027515012984461,0,staking_apr_rede,indisponivel_sem_dados_comparaveis
2023-04-06,18024070,4.429,1872.922607421875,1866.384765625,0.9965092835278044,-0.3490716472195565,-0.0191391647595781,-0.0198806943618303,62.47880671522531,58.268119788653024,,,1680739200000,2023-04-06T12:00:23+00:00,1680782423000,2185.434303,18012135,2023-04-07 12:00:23+00:00,https://beaconcha.in/charts/staked_ether,https://www.beaconcha.in/ethstore,extraido_html_sem_imputacao; consistencia_interna_verificada,0,4.429,,,,ausente_nao_estimado,Yahoo Finance via yfinance,35.19925598160417,Yahoo Finance via yfinance,37.806218981893664,-0.0034907164721955,0,staking_apr_rede,indisponivel_sem_dados_comparaveis
2023-04-07,18038438,4.382,1865.6361083984373,1858.6597900390625,0.996260622139564,-0.3739377860435877,-0.0038980306602723,-0.0041475942338928,61.987812546192266,57.64439228564376,,,1680825600000,2023-04-07T12:00:23+00:00,1680868823000,2164.939227,18033894,2023-04-08 12:00:23+00:00,https://beaconcha.in/charts/staked_ether,https://www.beaconcha.in/ethstore,extraido_html_sem_imputacao; consistencia_interna_verificada,0,4.382,,,,ausente_nao_estimado,Yahoo Finance via yfinance,34.73148686072475,Yahoo Finance via yfinance,36.94949943403692,-0.0037393778604358,0,staking_apr_rede,indisponivel_sem_dados_comparaveis
2023-04-08,18041510,4.538,1849.4981689453125,1845.058349609375,0.9975994464820318,-0.2400553517968195,-0.0086877295685058,-0.0073447822225487,56.82192637932468,53.11604134987908,,,1680912000000,2023-04-08T12:00:23+00:00,1680955223000,2241.860924,18030534,2023-04-09 12:00:23+00:00,https://beaconcha.in/charts/staked_ether,https://www.beaconcha.in/ethstore,extraido_html_sem_imputacao; consistencia_interna_verificada,0,4.538,,,,ausente_nao_estimado,Yahoo Finance via yfinance,35.43528940818458,Yahoo Finance via yfinance,37.1062622931978,-0.0024005535179681,0,staking_apr_rede,indisponivel_sem_dados_comparaveis
2023-04-09,18030886,4.356,1859.3878173828125,1838.280517578125,0.9886482531468894,-1.1351746853110578,0.005332960847435,-0.0036802694108636,56.577148350292205,53.1300021549821,,,1680998400000,2023-04-09T12:00:23+00:00,1681041623000,2147.987969,17998118,2023-04-10 12:00:23+00:00,https://beaconcha.in/charts/staked_ether,https://www.beaconcha.in/ethstore,extraido_html_sem_imputacao; consistencia_interna_verificada,0,4.356,,,,ausente_nao_estimado,Yahoo Finance via yfinance,33.74587272286201,Yahoo Finance via yfinance,37.10903215967243,-0.0113517468531105,0,staking_apr_rede,indisponivel_sem_dados_comparaveis
2023-04-10,18005126,4.593,1911.20751953125,1886.6768798828125,0.9871648476694702,-1.2835152330529789,0.0274879483667184,0.0259863835116971,56.09253693220821,52.88690691715677,,,1681084800000,2023-04-10T12:00:23+00:00,1681128023000,2265.297316,18000166,2023-04-11 12:00:23+00:00,https://beaconcha.in/charts/staked_ether,https://www.beaconcha.in/ethstore,extraido_html_sem_imputacao; consistencia_interna_verificada,0,4.593,,,,ausente_nao_estimado,Yahoo Finance via yfinance,37.52900451425268,Yahoo Finance via yfinance,40.17851649798276,-0.0128351523305297,0,staking_apr_rede,indisponivel_sem_dados_comparaveis
2023-04-11,18008582,4.916,1892.189697265625,1880.17333984375,0.9936494964330268,-0.6350503566973087,-0.010000523048081,-0.0034530422617194,51.80795224195693,49.621485210376,,,1681171200000,2023-04-11T12:00:23+00:00,1681214423000,2424.688366,18002822,2023-04-12 12:00:23+00:00,https://beaconcha.in/charts/staked_ether,https://www.beaconcha.in/ethstore,extraido_html_sem_imputacao; consistencia_interna_verificada,0,4.916,,,,ausente_nao_estimado,Yahoo Finance via yfinance,32.43603952647087,Yahoo Finance via yfinance,33.95102315006356,-0.006350503566973,0,staking_apr_rede,indisponivel_sem_dados_comparaveis
2023-04-12,18014182,4.237,1920.68212890625,1902.6732177734373,0.9906236899579692,-0.9376310042030768,0.01494566998722,0.0118958794229792,48.8095852321335,46.29783567681983,,,1681257600000,2023-04-12T12:00:23+00:00,1681300823000,2086.336876,17973414,2023-04-13 12:00:23+00:00,https://beaconcha.in/charts/staked_ether,https://www.beaconcha.in/ethstore,extraido_html_sem_imputacao; consistencia_interna_verificada,0,4.237,,,,ausente_nao_estimado,Yahoo Finance via yfinance,30.79771250884697,Yahoo Finance via yfinance,28.214695932210525,-0.0093763100420307,0,staking_apr_rede,indisponivel_sem_dados_comparaveis
2023-04-13,17972764,4.684,2012.6346435546875,1996.6129150390625,0.9920394252543882,-0.7960574745611848,0.0467642332859832,0.0481923483562377,50.91459098278738,48.478760137690266,,,1681344000000,2023-04-13T12:00:23+00:00,1681387223000,2301.644818,17936422,2023-04-14 12:00:23+00:00,https://beaconcha.in/charts/staked_ether,https://www.beaconcha.in/ethstore,extraido_html_sem_imputacao; consistencia_interna_verificada,0,4.684,,,,ausente_nao_estimado,Yahoo Finance via yfinance,40.1169965685923,Yahoo Finance via yfinance,39.66306686858693,-0.0079605747456118,0,staking_apr_rede,indisponivel_sem_dados_comparaveis
2023-04-14,17972763,4.611,2101.635498046875,2087.344970703125,0.993200282657468,-0.679971734253193,0.043271218506791,0.0444407070383396,51.0554776479632,48.30309057497855,,,1681430400000,2023-04-14T12:00:23+00:00,1681473623000,2263.145639,17915389,2023-04-15 12:00:23+00:00,https://beaconcha.in/charts/staked_ether,https://www.beaconcha.in/ethstore,extraido_html_sem_imputacao; consistencia_interna_verificada,0,4.611,,,,ausente_nao_estimado,Yahoo Finance via yfinance,44.22646195903924,Yahoo Finance via yfinance,44.6022162422597,-0.0067997173425319,0,staking_apr_rede,indisponivel_sem_dados_comparaveis
2023-04-15,17972763,4.305,2092.466796875,2077.510498046875,0.992852312471356,-0.714768752864392,-0.0043721946356807,-0.0047226085074243,51.20324502399778,48.442756844978085,,,1681516800000,2023-04-15T12:00:23+00:00,1681560023000,2113.216264,17915419,2023-04-16 12:00:23+00:00,https://beaconcha.in/charts/staked_ether,https://www.beaconcha.in/ethstore,extraido_html_sem_imputacao; consistencia_interna_verificada,1,4.305,,,,ausente_nao_estimado,Yahoo Finance via yfinance,42.78703588174994,Yahoo Finance via yfinance,43.77928511857038,-0.0071476875286439,0,staking_apr_rede,indisponivel_sem_dados_comparaveis
2023-04-16,17972763,4.882,2120.005859375,2113.27783203125,0.996826410967688,-0.3173589032312129,0.0130751969628316,0.0170699160441889,46.63018799422808,44.2923746142564,,,1681603200000,2023-04-16T12:00:23+00:00,1681646423000,2396.083727,17915419,2023-04-17 12:00:23+00:00,https://beaconcha.in/charts/staked_ether,https://www.beaconcha.in/ethstore,extraido_html_sem_imputacao; consistencia_interna_verificada,1,4.882,,,,ausente_nao_estimado,Yahoo Finance via yfinance,41.78666489665776,Yahoo Finance via yfinance,40.25258394955214,-0.0031735890323121,0,staking_apr_rede,indisponivel_sem_dados_comparaveis
2023-04-17,17972763,5.437,2076.242919921875,2072.880859375,0.9983806998137764,-0.1619300186223582,-0.0208588806282877,-0.0193008577522656,46.863177702081714,45.01302119042806,,,1681689600000,2023-04-17T12:00:23+00:00,1681732823000,2668.480127,17915419,2023-04-18 12:00:23+00:00,https://beaconcha.in/charts/staked_ether,https://www.beaconcha.in/ethstore,extraido_html_sem_imputacao; consistencia_interna_verificada,1,5.437,,,,ausente_nao_estimado,Yahoo Finance via yfinance,49.50028453682812,Yahoo Finance via yfinance,48.53032288698471,-0.0016193001862235,0,staking_apr_rede,indisponivel_sem_dados_comparaveis
2023-04-18,17972763,6.412,2104.537353515625,2092.86279296875,0.9944526712593756,-0.5547328740624469,0.013535686517087,0.0095935268780349,46.86427127850602,44.97791618081388,,,1681776000000,2023-04-18T12:00:23+00:00,1681819223000,3147.22478,17915419,2023-04-19 12:00:23+00:00,https://beaconcha.in/charts/staked_ether,https://www.beaconcha.in/ethstore,extraido_html_sem_imputacao; consistencia_interna_verificada,1,6.412,,,,ausente_nao_estimado,Yahoo Finance via yfinance,45.977518143590665,Yahoo Finance via yfinance,46.64441406835771,-0.0055473287406244,0,staking_apr_rede,indisponivel_sem_dados_comparaveis
2023-04-19,17972763,6.384,1936.4034423828125,1927.9859619140625,0.995653033719878,-0.4346966280121878,-0.0832633016202134,-0.0820569711192088,55.03768823468265,53.20239246405061,,,1681862400000,2023-04-19T12:00:23+00:00,1681905623000,3133.633667,17915419,2023-04-20 12:00:23+00:00,https://beaconcha.in/charts/staked_ether,https://www.beaconcha.in/ethstore,extraido_html_sem_imputacao; consistencia_interna_verificada,1,6.384,,,,ausente_nao_estimado,Yahoo Finance via yfinance,84.69258651187609,Yahoo Finance via yfinance,84.66800664391397,-0.0043469662801218,0,staking_apr_rede,indisponivel_sem_dados_comparaveis
2023-04-20,17972761,5.827,1943.09765625,1935.3062744140625,0.9959902263219368,-0.4009773678063211,0.0034510728781589,0.0037896803105696,53.42309881789375,52.142980420593496,,,1681948800000,2023-04-20T12:00:23+00:00,1681992023000,2859.884769,17915356,2023-04-21 12:00:23+00:00,https://beaconcha.in/charts/staked_ether,https://www.beaconcha.in/ethstore,extraido_html_sem_imputacao; consistencia_interna_verificada,0,5.827,,,,ausente_nao_estimado,Yahoo Finance via yfinance,75.81591619788345,Yahoo Finance via yfinance,75.46659911504399,-0.0040097736780632,0,staking_apr_rede,indisponivel_sem_dados_comparaveis
2023-04-21,17972761,5.04,1849.9998779296875,1843.7744140625,0.9966348841740712,-0.3365115825928799,-0.0490978565767,-0.048450812763762,54.51705118205735,53.482087352252975,,,1682035200000,2023-04-21T12:00:23+00:00,1682078423000,2473.750219,17915417,2023-04-22 12:00:23+00:00,https://beaconcha.in/charts/staked_ether,https://www.beaconcha.in/ethstore,extraido_html_sem_imputacao; consistencia_interna_verificada,1,5.04,,,,ausente_nao_estimado,Yahoo Finance via yfinance,69.06144742147046,Yahoo Finance via yfinance,68.32573941700034,-0.0033651158259287,0,staking_apr_rede,indisponivel_sem_dados_comparaveis
2023-04-22,17972773,5.333,1874.2286376953125,1868.3927001953125,0.9968862190115844,-0.3113780988415748,0.0130116084415185,0.0132637601126928,52.52509352826779,51.793031809790605,,,1682121600000,2023-04-22T12:00:23+00:00,1682164823000,2617.454169,17915429,2023-04-23 12:00:23+00:00,https://beaconcha.in/charts/staked_ether,https://www.beaconcha.in/ethstore,extraido_html_sem_imputacao; consistencia_interna_verificada,0,5.333,,,,ausente_nao_estimado,Yahoo Finance via yfinance,72.24896705150321,Yahoo Finance via yfinance,71.56563593529609,-0.0031137809884157,0,staking_apr_rede,indisponivel_sem_dados_comparaveis
2023-04-23,17972773,5.258,1862.06201171875,1859.0528564453125,0.9983839661329754,-0.161603386702458,-0.0065126994243078,-0.0050114015912062,50.88200886594189,50.575088649446464,,,1682208000000,2023-04-23T12:00:23+00:00,1682251223000,2580.594139,17915429,2023-04-24 12:00:23+00:00,https://beaconcha.in/charts/staked_ether,https://www.beaconcha.in/ethstore,extraido_html_sem_imputacao; consistencia_interna_verificada,1,5.258,,,,ausente_nao_estimado,Yahoo Finance via yfinance,68.79949125770783,Yahoo Finance via yfinance,67.15737516619666,-0.0016160338670245,0,staking_apr_rede,indisponivel_sem_dados_comparaveis
2023-04-24,17972773,5.383,1842.7574462890625,1834.958251953125,0.9957676500769846,-0.4232349923015355,-0.0104214201874869,-0.0130454107967323,51.01561497760717,50.80455321723291,,,1682294400000,2023-04-24T12:00:23+00:00,1682337623000,2642.178129,17915429,2023-04-25 12:00:23+00:00,https://beaconcha.in/charts/staked_ether,https://www.beaconcha.in/ethstore,extraido_html_sem_imputacao; consistencia_interna_verificada,1,5.383,,,,ausente_nao_estimado,Yahoo Finance via yfinance,68.99742526849299,Yahoo Finance via yfinance,67.25309651620864,-0.0042323499230153,0,staking_apr_rede,indisponivel_sem_dados_comparaveis
2023-04-25,17972773,5.082,1866.753662109375,1857.711181640625,0.9951560397859178,-0.4843960214082177,0.012937850752477,0.0123234522062942,50.83858072030974,50.59395092021407,,,1682380800000,2023-04-25T12:00:23+00:00,1682424023000,2494.298858,17915429,2023-04-26 12:00:23+00:00,https://beaconcha.in/charts/staked_ether,https://www.beaconcha.in/ethstore,extraido_html_sem_imputacao; consistencia_interna_verificada,1,5.082,,,,ausente_nao_estimado,Yahoo Finance via yfinance,68.83741394339073,Yahoo Finance via yfinance,67.94539935858164,-0.0048439602140821,0,staking_apr_rede,indisponivel_sem_dados_comparaveis
2023-04-26,17972773,5.274,1866.564208984375,1857.3076171875,0.9950408393387594,-0.495916066124058,-0.0001014931659742,-0.0002172610565738,49.14626144029624,49.03284133847025,,,1682467200000,2023-04-26T12:00:23+00:00,1682510423000,2588.736957,17915429,2023-04-27 12:00:23+00:00,https://beaconcha.in/charts/staked_ether,https://www.beaconcha.in/ethstore,extraido_html_sem_imputacao; consistencia_interna_verificada,1,5.274,,,,ausente_nao_estimado,Yahoo Finance via yfinance,40.65869062179419,Yahoo Finance via yfinance,40.420409958316725,-0.0049591606612405,0,staking_apr_rede,indisponivel_sem_dados_comparaveis
2023-04-27,17972773,5.314,1908.786376953125,1894.5413818359373,0.9925371454400644,-0.7462854559935672,0.0223682158443065,0.0198488729635416,48.46973907657863,48.7346406300994,,,1682553600000,2023-04-27T12:00:23+00:00,1682596823000,2608.488805,17915429,2023-04-28 12:00:23+00:00,https://beaconcha.in/charts/staked_ether,https://www.beaconcha.in/ethstore,extraido_html_sem_imputacao; consistencia_interna_verificada,1,5.314,,,,ausente_nao_estimado,Yahoo Finance via yfinance,45.16561982104353,Yahoo Finance via yfinance,44.12003353049819,-0.0074628545599356,0,staking_apr_rede,indisponivel_sem_dados_comparaveis
2023-04-28,17972773,5.127,1892.5128173828125,1887.2452392578125,0.9972166222196136,-0.2783377780386509,-0.0085621563348833,-0.0038585739289825,48.50815632977942,48.53089704102344,,,1682640000000,2023-04-28T12:00:23+00:00,1682683223000,2516.478121,17915429,2023-04-29 12:00:23+00:00,https://beaconcha.in/charts/staked_ether,https://www.beaconcha.in/ethstore,extraido_html_sem_imputacao; consistencia_interna_verificada,1,5.127,,,,ausente_nao_estimado,Yahoo Finance via yfinance,24.51135388735459,Yahoo Finance via yfinance,22.798601043241348,-0.0027833777803865,0,staking_apr_rede,indisponivel_sem_dados_comparaveis
2023-04-29,17972773,5.087,1908.9169921875,1899.4759521484373,0.995054242757699,-0.4945757242300952,0.008630582412971,0.0064598130170369,48.56039338469869,48.42201578232167,,,1682726400000,2023-04-29T12:00:23+00:00,1682769623000,2496.779006,17915429,2023-04-30 12:00:23+00:00,https://beaconcha.in/charts/staked_ether,https://www.beaconcha.in/ethstore,extraido_html_sem_imputacao; consistencia_interna_verificada,1,5.087,,,,ausente_nao_estimado,Yahoo Finance via yfinance,23.63809929194053,Yahoo Finance via yfinance,21.48660725928621,-0.0049457572423009,0,staking_apr_rede,indisponivel_sem_dados_comparaveis
2023-04-30,17972773,6.103,1876.92431640625,1876.0672607421875,0.9995433722838096,-0.0456627716190261,-0.0169016262271187,-0.0124003302544122,48.72233383074937,48.25731669923135,,,1682812800000,2023-04-30T12:00:23+00:00,1682856023000,2995.783042,17915429,2023-05-01 12:00:23+00:00,https://beaconcha.in/charts/staked_ether,https://www.beaconcha.in/ethstore,extraido_html_sem_imputacao; consistencia_interna_verificada,1,6.103,,,,ausente_nao_estimado,Yahoo Finance via yfinance,27.0272352974086,Yahoo Finance via yfinance,23.58779128290517,-0.0004566277161902,0,staking_apr_rede,indisponivel_sem_dados_comparaveis
2023-05-01,17972773,6.739,1831.954833984375,1833.38232421875,1.0007792169369538,0.0779216936953819,-0.0242508232084152,-0.0230151777009892,49.48366504400228,48.93025734194782,,,1682899200000,2023-05-01T12:00:23+00:00,1682942423000,3307.680281,17915429,2023-05-02 12:00:23+00:00,https://beaconcha.in/charts/staked_ether,https://www.beaconcha.in/ethstore,extraido_html_sem_imputacao; consistencia_interna_verificada,1,6.739,,,,ausente_nao_estimado,Yahoo Finance via yfinance,32.010209675524074,Yahoo Finance via yfinance,27.96852519150888,0.0007792169369538,0,staking_apr_rede,indisponivel_sem_dados_comparaveis
2023-05-02,17972773,6.627,1870.789306640625,1861.82861328125,0.9952102070887576,-0.4789792911242263,0.0209768189152126,0.0153966046794318,49.846337342326535,49.16843818213224,,,1682985600000,2023-05-02T12:00:23+00:00,1683028823000,3252.569181,17915429,2023-05-03 12:00:23+00:00,https://beaconcha.in/charts/staked_ether,https://www.beaconcha.in/ethstore,extraido_html_sem_imputacao; consistencia_interna_verificada,1,6.627,,,,ausente_nao_estimado,Yahoo Finance via yfinance,34.54139140778021,Yahoo Finance via yfinance,28.873850878277064,-0.0047897929112422,0,staking_apr_rede,indisponivel_sem_dados_comparaveis
2023-05-03,17972776,6.295,1904.65185546875,1890.870849609375,0.99276455388957,-0.7235446110430144,0.0179388079179388,0.0154783597462762,50.13110819138868,49.41468339412154,,,1683072000000,2023-05-03T12:00:23+00:00,1683115223000,3089.588946,17915432,2023-05-04 12:00:23+00:00,https://beaconcha.in/charts/staked_ether,https://www.beaconcha.in/ethstore,extraido_html_sem_imputacao; consistencia_interna_verificada,0,6.295,,,,ausente_nao_estimado,Yahoo Finance via yfinance,36.79414250440405,Yahoo Finance via yfinance,30.8539439286,-0.0072354461104301,0,staking_apr_rede,indisponivel_sem_dados_comparaveis
2023-05-04,17972776,6.663,1877.7041015625,1873.929931640625,0.9979900081601066,-0.2009991839893365,-0.0142494308737444,-0.0089996965557664,49.11744104022341,48.18851992930361,,,1683158400000,2023-05-04T12:00:23+00:00,1683201623000,3270.41376,17915432,2023-05-05 12:00:23+00:00,https://beaconcha.in/charts/staked_ether,https://www.beaconcha.in/ethstore,extraido_html_sem_imputacao; consistencia_interna_verificada,1,6.663,,,,ausente_nao_estimado,Yahoo Finance via yfinance,34.42371646321292,Yahoo Finance via yfinance,27.911350513694394,-0.0020099918398933,0,staking_apr_rede,indisponivel_sem_dados_comparaveis
2023-05-05,17972776,8.618,1995.0609130859373,1977.8858642578125,0.9913912158192912,-0.8608784180708873,0.0606247747820923,0.0539907355516114,53.06466683654095,50.870796929194505,,,1683244800000,2023-05-05T12:00:23+00:00,1683288023000,4229.780176,17915432,2023-05-06 12:00:23+00:00,https://beaconcha.in/charts/staked_ether,https://www.beaconcha.in/ethstore,extraido_html_sem_imputacao; consistencia_interna_verificada,1,8.618,,,,ausente_nao_estimado,Yahoo Finance via yfinance,56.19317283883694,Yahoo Finance via yfinance,48.60489882273952,-0.0086087841807088,0,staking_apr_rede,indisponivel_sem_dados_comparaveis
2023-05-06,17972776,7.687,1900.2218017578125,1900.4588623046875,1.0001247541453613,0.0124754145361283,-0.0487039656245229,-0.0399331654454193,55.457784847219614,52.37871712204081,,,1683331200000,2023-05-06T12:00:23+00:00,1683374423000,3773.152432,17915432,2023-05-07 12:00:23+00:00,https://beaconcha.in/charts/staked_ether,https://www.beaconcha.in/ethstore,extraido_html_sem_imputacao; consistencia_interna_verificada,1,7.687,,,,ausente_nao_estimado,Yahoo Finance via yfinance,69.24994277640748,Yahoo Finance via yfinance,59.14686582613861,0.0001247541453612,0,staking_apr_rede,indisponivel_sem_dados_comparaveis
2023-05-07,17972777,8.299,1873.076416015625,1877.368408203125,1.002291413287147,0.2291413287146992,-0.0143883957696601,-0.0122243501306164,55.682333113269,52.54641235923351,,,1683417600000,2023-05-07T12:00:23+00:00,1683460823000,4077.801035,17933996,2023-05-08 12:00:23+00:00,https://beaconcha.in/charts/staked_ether,https://www.beaconcha.in/ethstore,extraido_html_sem_imputacao; consistencia_interna_verificada,0,8.299,,,,ausente_nao_estimado,Yahoo Finance via yfinance,68.91415820709035,Yahoo Finance via yfinance,59.12441997530385,0.0022914132871469,0,staking_apr_rede,indisponivel_sem_dados_comparaveis
2023-05-08,18003528,6.72,1849.042724609375,1839.699951171875,0.9949472376634922,-0.5052762336507755,-0.0129141623450054,-0.0202685250516867,55.7860152932223,52.97571939363518,,,1683504000000,2023-05-08T12:00:23+00:00,1683547223000,3307.270618,17963531,2023-05-09 12:00:23+00:00,https://beaconcha.in/charts/staked_ether,https://www.beaconcha.in/ethstore,extraido_html_sem_imputacao; consistencia_interna_verificada,0,6.72,,,,ausente_nao_estimado,Yahoo Finance via yfinance,66.97558342430433,Yahoo Finance via yfinance,58.50118415769197,-0.0050527623365077,0,staking_apr_rede,indisponivel_sem_dados_comparaveis
2023-05-09,18044550,6.835,1848.6031494140625,1836.8428955078125,0.993638302569171,-0.6361697430829039,-0.0002377594893396,-0.0015542080472469,55.75271592552043,52.96280836023936,,,1683590400000,2023-05-09T12:00:23+00:00,1683633623000,3373.301625,18013706,2023-05-10 12:00:23+00:00,https://beaconcha.in/charts/staked_ether,https://www.beaconcha.in/ethstore,extraido_html_sem_imputacao; consistencia_interna_verificada,0,6.835,,,,ausente_nao_estimado,Yahoo Finance via yfinance,64.90918581543413,Yahoo Finance via yfinance,57.138549194406366,-0.006361697430829,0,staking_apr_rede,indisponivel_sem_dados_comparaveis
2023-05-10,18082981,8.01,1842.4014892578125,1837.393310546875,0.9972817115378284,-0.2718288462171703,-0.0033604216734156,0.0002996078707584,54.856072728253935,52.12619216925628,,,1683676800000,2023-05-10T12:00:23+00:00,1683720023000,3961.573854,18052326,2023-05-11 12:00:23+00:00,https://beaconcha.in/charts/staked_ether,https://www.beaconcha.in/ethstore,extraido_html_sem_imputacao; consistencia_interna_verificada,0,8.01,,,,ausente_nao_estimado,Yahoo Finance via yfinance,62.77514932890287,Yahoo Finance via yfinance,55.34850748219198,-0.0027182884621717,0,staking_apr_rede,indisponivel_sem_dados_comparaveis
2023-05-11,18129188,7.385,1796.4906005859375,1795.1351318359375,0.9992454907642946,-0.0754509235705414,-0.0252347823613429,-0.0232675866652386,55.41740612853171,52.7041794859971,,,1683763200000,2023-05-11T12:00:23+00:00,1683806423000,3660.855337,18092452,2023-05-12 12:00:23+00:00,https://beaconcha.in/charts/staked_ether,https://www.beaconcha.in/ethstore,extraido_html_sem_imputacao; consistencia_interna_verificada,0,7.385,,,,ausente_nao_estimado,Yahoo Finance via yfinance,64.27012103469028,Yahoo Finance via yfinance,57.04986257835467,-0.0007545092357054,0,staking_apr_rede,indisponivel_sem_dados_comparaveis
2023-05-12,18173349,5.626,1808.019775390625,1804.8233642578125,0.9982320928253552,-0.17679071746447,0.0063971041386441,0.0053824263928592,55.1733272103464,52.54387024810274,,,1683849600000,2023-05-12T12:00:23+00:00,1683892823000,2796.386857,18143045,2023-05-13 12:00:23+00:00,https://beaconcha.in/charts/staked_ether,https://www.beaconcha.in/ethstore,extraido_html_sem_imputacao; consistencia_interna_verificada,0,5.626,,,,ausente_nao_estimado,Yahoo Finance via yfinance,35.31862530944389,Yahoo Finance via yfinance,30.50824961801856,-0.0017679071746447,0,staking_apr_rede,indisponivel_sem_dados_comparaveis
2023-05-13,18224389,5.267,1796.1148681640625,1794.0601806640625,0.9988560378089292,-0.1143962191070935,-0.0066062740163349,-0.0059814192647553,52.3003043975201,49.36328754945461,,,1683936000000,2023-05-13T12:00:23+00:00,1683979223000,2625.351927,18194245,2023-05-14 12:00:23+00:00,https://beaconcha.in/charts/staked_ether,https://www.beaconcha.in/ethstore,extraido_html_sem_imputacao; consistencia_interna_verificada,0,5.267,,,,ausente_nao_estimado,Yahoo Finance via yfinance,19.930594051308507,Yahoo Finance via yfinance,20.557232337442603,-0.0011439621910709,0,staking_apr_rede,indisponivel_sem_dados_comparaveis
2023-05-14,18274565,5.503,1800.5009765625,1796.76806640625,0.997926738055218,-0.2073261944782078,0.0024390208808186,0.0015082237685459,49.54206075933847,46.28366767079369,,,1684022400000,2023-05-14T12:00:23+00:00,1684065623000,2749.983952,18239141,2023-05-15 12:00:23+00:00,https://beaconcha.in/charts/staked_ether,https://www.beaconcha.in/ethstore,extraido_html_sem_imputacao; consistencia_interna_verificada,0,5.503,,,,ausente_nao_estimado,Yahoo Finance via yfinance,20.373844652081928,Yahoo Finance via yfinance,21.31208314027514,-0.002073261944782,0,staking_apr_rede,indisponivel_sem_dados_comparaveis
2023-05-15,18319461,6.634,1817.5499267578125,1810.42919921875,0.9960822382734956,-0.3917761726504376,0.0094244535755912,0.0075744114446786,49.80254489846692,46.49112397533703,,,1684108800000,2023-05-15T12:00:23+00:00,1684152023000,3321.064687,18272805,2023-05-16 12:00:23+00:00,https://beaconcha.in/charts/staked_ether,https://www.beaconcha.in/ethstore,extraido_html_sem_imputacao; consistencia_interna_verificada,0,6.634,,,,ausente_nao_estimado,Yahoo Finance via yfinance,21.85718180620752,Yahoo Finance via yfinance,19.600566736039905,-0.0039177617265043,0,staking_apr_rede,indisponivel_sem_dados_comparaveis
2023-05-16,18355685,5.488,1824.1214599609373,1808.7391357421875,0.991567269747992,-0.843273025200808,0.003609079259699,-0.0009339513628505,49.48587326329029,45.85534628642308,,,1684195200000,2023-05-16T12:00:23+00:00,1684238423000,2752.455345,18306117,2023-05-17 12:00:23+00:00,https://beaconcha.in/charts/staked_ether,https://www.beaconcha.in/ethstore,extraido_html_sem_imputacao; consistencia_interna_verificada,0,5.488,,,,ausente_nao_estimado,Yahoo Finance via yfinance,22.26714487145426,Yahoo Finance via yfinance,19.619862457533067,-0.008432730252008,0,staking_apr_rede,indisponivel_sem_dados_comparaveis
2023-05-17,18385957,5.675,1821.859619140625,1809.235595703125,0.993070803422574,-0.6929196577426078,-0.0012407311290976,0.0002744408133858,49.16720012226087,45.60468678371403,,,1684281600000,2023-05-17T12:00:23+00:00,1684324823000,2853.398072,18352293,2023-05-18 12:00:23+00:00,https://beaconcha.in/charts/staked_ether,https://www.beaconcha.in/ethstore,extraido_html_sem_imputacao; consistencia_interna_verificada,0,5.675,,,,ausente_nao_estimado,Yahoo Finance via yfinance,22.235420481989223,Yahoo Finance via yfinance,19.61791822102651,-0.006929196577426,0,staking_apr_rede,indisponivel_sem_dados_comparaveis
2023-05-18,18420741,6.122,1801.728515625,1791.0877685546875,0.994094145162252,-0.5905854837748081,-0.0111112576165232,-0.0100813060456984,48.78846068092199,45.35320964626527,,,1684368000000,2023-05-18T12:00:23+00:00,1684411223000,3083.41751,18382181,2023-05-19 12:00:23+00:00,https://beaconcha.in/charts/staked_ether,https://www.beaconcha.in/ethstore,extraido_html_sem_imputacao; consistencia_interna_verificada,0,6.122,,,,ausente_nao_estimado,Yahoo Finance via yfinance,13.868091309105129,Yahoo Finance via yfinance,11.73172968650678,-0.005905854837748,0,staking_apr_rede,indisponivel_sem_dados_comparaveis
2023-05-19,18462309,5.074,1812.5894775390625,1799.904296875,0.99300162512182,-0.6998374878179892,0.0060099828659149,0.0049103678731652,39.94018357151093,35.977350402851975,,,1684454400000,2023-05-19T12:00:23+00:00,1684497623000,2562.003483,18428357,2023-05-20 12:00:23+00:00,https://beaconcha.in/charts/staked_ether,https://www.beaconcha.in/ethstore,extraido_html_sem_imputacao; consistencia_interna_verificada,0,5.074,,,,ausente_nao_estimado,Yahoo Finance via yfinance,13.768985919705628,Yahoo Finance via yfinance,11.5962557606256,-0.0069983748781798,0,staking_apr_rede,indisponivel_sem_dados_comparaveis
2023-05-20,18511076,4.968,1820.47802734375,1803.927001953125,0.9909084179308802,-0.9091582069119752,0.0043426455419902,0.0022324611866027,39.95727489188981,35.94831079970324,,,1684540800000,2023-05-20T12:00:23+00:00,1684584023000,2515.188413,18478757,2023-05-21 12:00:23+00:00,https://beaconcha.in/charts/staked_ether,https://www.beaconcha.in/ethstore,extraido_html_sem_imputacao; consistencia_interna_verificada,0,4.968,,,,ausente_nao_estimado,Yahoo Finance via yfinance,12.620858288221164,Yahoo Finance via yfinance,10.666468684535907,-0.0090915820691197,0,staking_apr_rede,indisponivel_sem_dados_comparaveis
2023-05-21,18561092,5.337,1804.5313720703125,1798.0728759765625,0.996420956601968,-0.3579043398032056,-0.0087981885744089,-0.0032504893555569,36.30636000854178,31.87856429422895,,,1684627200000,2023-05-21T12:00:23+00:00,1684670423000,2709.664706,18531236,2023-05-22 12:00:23+00:00,https://beaconcha.in/charts/staked_ether,https://www.beaconcha.in/ethstore,extraido_html_sem_imputacao; consistencia_interna_verificada,0,5.337,,,,ausente_nao_estimado,Yahoo Finance via yfinance,14.7681482262993,Yahoo Finance via yfinance,11.017514553498437,-0.003579043398032,0,staking_apr_rede,indisponivel_sem_dados_comparaveis
2023-05-22,18612420,5.834,1817.5347900390625,1805.3072509765625,0.993272459416176,-0.6727540583824076,0.0071801415280875,0.0040153325294809,36.08284271649372,31.52495751828997,,,1684713600000,2023-05-22T12:00:23+00:00,1684756823000,2969.350914,18577412,2023-05-23 12:00:23+00:00,https://beaconcha.in/charts/staked_ether,https://www.beaconcha.in/ethstore,extraido_html_sem_imputacao; consistencia_interna_verificada,0,5.834,,,,ausente_nao_estimado,Yahoo Finance via yfinance,13.995092080470275,Yahoo Finance via yfinance,9.779613329581055,-0.006727540583824,0,staking_apr_rede,indisponivel_sem_dados_comparaveis
2023-05-23,18654660,5.602,1854.380615234375,1840.130859375,0.9923156250975078,-0.7684374902492186,0.0200696682171806,0.0191058888712071,36.75888782498796,32.26633828689472,,,1684800000000,2023-05-23T12:00:23+00:00,1684843223000,2858.242361,18623972,2023-05-24 12:00:23+00:00,https://beaconcha.in/charts/staked_ether,https://www.beaconcha.in/ethstore,extraido_html_sem_imputacao; consistencia_interna_verificada,0,5.602,,,,ausente_nao_estimado,Yahoo Finance via yfinance,20.23480236167496,Yahoo Finance via yfinance,17.092126661777403,-0.0076843749024921,0,staking_apr_rede,indisponivel_sem_dados_comparaveis
2023-05-24,18705220,5.709,1800.0999755859375,1796.37109375,0.997928514034492,-0.2071485965507991,-0.0297085348072324,-0.0240681174258026,38.03159616549623,33.032555811085665,,,1684886400000,2023-05-24T12:00:23+00:00,1684929623000,2920.688954,18674470,2023-05-25 12:00:23+00:00,https://beaconcha.in/charts/staked_ether,https://www.beaconcha.in/ethstore,extraido_html_sem_imputacao; consistencia_interna_verificada,0,5.709,,,,ausente_nao_estimado,Yahoo Finance via yfinance,30.9257228732536,Yahoo Finance via yfinance,25.802936198278115,-0.0020714859655079,0,staking_apr_rede,indisponivel_sem_dados_comparaveis
2023-05-25,18759302,5.509,1805.9537353515625,1791.9241943359375,0.9922315058569904,-0.7768494143009619,0.0032466321229346,-0.0024785595017023,37.74072900404873,32.699384123476015,,,1684972800000,2023-05-25T12:00:23+00:00,1685016023000,2826.390238,18727750,2023-05-26 12:00:23+00:00,https://beaconcha.in/charts/staked_ether,https://www.beaconcha.in/ethstore,extraido_html_sem_imputacao; consistencia_interna_verificada,0,5.509,,,,ausente_nao_estimado,Yahoo Finance via yfinance,29.996293080078523,Yahoo Finance via yfinance,24.74082414380335,-0.0077684941430096,0,staking_apr_rede,indisponivel_sem_dados_comparaveis
2023-05-26,18808102,5.47,1828.689697265625,1817.9615478515625,0.9941334227287966,-0.5866577271203433,0.0125108604960108,0.014425833344805,38.03811607617165,33.15066649630717,,,1685059200000,2023-05-26T12:00:23+00:00,1685102423000,2813.966269,18778278,2023-05-27 12:00:23+00:00,https://beaconcha.in/charts/staked_ether,https://www.beaconcha.in/ethstore,extraido_html_sem_imputacao; consistencia_interna_verificada,0,5.47,,,,ausente_nao_estimado,Yahoo Finance via yfinance,31.091841675388952,Yahoo Finance via yfinance,26.746897862453466,-0.0058665772712034,0,staking_apr_rede,indisponivel_sem_dados_comparaveis
2023-05-27,18862342,4.891,1831.1182861328125,1816.2911376953125,0.9919026812468712,-0.809731875312869,0.0013271675643503,-0.0009192592912006,37.13044356352305,32.31014319306743,,,1685145600000,2023-05-27T12:00:23+00:00,1685188823000,2523.047644,18828998,2023-05-28 12:00:23+00:00,https://beaconcha.in/charts/staked_ether,https://www.beaconcha.in/ethstore,extraido_html_sem_imputacao; consistencia_interna_verificada,0,4.891,,,,ausente_nao_estimado,Yahoo Finance via yfinance,30.98623065180285,Yahoo Finance via yfinance,26.78588834618036,-0.0080973187531286,0,staking_apr_rede,indisponivel_sem_dados_comparaveis
2023-05-28,18919110,5.57,1910.9141845703125,1909.9722900390625,0.9995070974202528,-0.04929025797471,0.0426548926812999,0.0502921486766623,40.06604809555184,36.97671651203903,,,1685232000000,2023-05-28T12:00:23+00:00,1685275223000,2881.335229,18882726,2023-05-29 12:00:23+00:00,https://beaconcha.in/charts/staked_ether,https://www.beaconcha.in/ethstore,extraido_html_sem_imputacao; consistencia_interna_verificada,0,5.57,,,,ausente_nao_estimado,Yahoo Finance via yfinance,41.68562531261776,Yahoo Finance via yfinance,44.011440047820535,-0.0004929025797471,0,staking_apr_rede,indisponivel_sem_dados_comparaveis
2023-05-29,18957542,5.267,1893.078125,1885.660400390625,0.9960816595409262,-0.3918340459073799,-0.0093776163707665,-0.0128106295420504,40.08843932796679,37.1894951733005,,,1685318400000,2023-05-29T12:00:23+00:00,1685361623000,2730.724885,18922374,2023-05-30 12:00:23+00:00,https://beaconcha.in/charts/staked_ether,https://www.beaconcha.in/ethstore,extraido_html_sem_imputacao; consistencia_interna_verificada,0,5.267,,,,ausente_nao_estimado,Yahoo Finance via yfinance,43.5987182770705,Yahoo Finance via yfinance,46.67967656245108,-0.0039183404590737,0,staking_apr_rede,indisponivel_sem_dados_comparaveis
2023-05-30,19017222,5.359,1901.026611328125,1897.069580078125,0.997918476666018,-0.2081523333981927,0.0041899201570658,0.006032264709895,39.66038766486227,36.986328165831296,,,1685404800000,2023-05-30T12:00:23+00:00,1685448023000,2786.2813,18976902,2023-05-31 12:00:23+00:00,https://beaconcha.in/charts/staked_ether,https://www.beaconcha.in/ethstore,extraido_html_sem_imputacao; consistencia_interna_verificada,0,5.359,,,,ausente_nao_estimado,Yahoo Finance via yfinance,41.91633989920359,Yahoo Finance via yfinance,45.42207740361295,-0.0020815233339819,0,staking_apr_rede,indisponivel_sem_dados_comparaveis
2023-05-31,19058886,5.354,1874.1304931640625,1864.18115234375,0.9946912230196334,-0.5308776980366581,-0.014249247118842,-0.0174884730131512,39.02552050678698,36.59466660650058,,,1685491200000,2023-05-31T12:00:23+00:00,1685534423000,2789.688723,19019558,2023-06-01 12:00:23+00:00,https://beaconcha.in/charts/staked_ether,https://www.beaconcha.in/ethstore,extraido_html_sem_imputacao; consistencia_interna_verificada,0,5.354,,,,ausente_nao_estimado,Yahoo Finance via yfinance,35.44094182576037,Yahoo Finance via yfinance,43.107051548133136,-0.0053087769803665,0,staking_apr_rede,indisponivel_sem_dados_comparaveis
2023-06-01,19111654,5.063,1862.201416015625,1850.21728515625,0.9935645356316952,-0.6435464368304666,-0.006385470012631,-0.0075188126458761,38.40345277071574,36.29667765293421,,,1685577600000,2023-06-01T12:00:23+00:00,1685620823000,2645.244554,19068710,2023-06-02 12:00:23+00:00,https://beaconcha.in/charts/staked_ether,https://www.beaconcha.in/ethstore,extraido_html_sem_imputacao; consistencia_interna_verificada,0,5.063,,,,ausente_nao_estimado,Yahoo Finance via yfinance,36.52208001852969,Yahoo Finance via yfinance,43.80780726438893,-0.0064354643683046,0,staking_apr_rede,indisponivel_sem_dados_comparaveis
2023-06-02,19157286,4.865,1907.256591796875,1903.46337890625,0.9980111680269244,-0.1988831973075644,0.0239065252896256,0.0283719742062451,38.81155218157464,37.26377916588565,,,1685664000000,2023-06-02T12:00:23+00:00,1685707223000,2549.09785,19124390,2023-06-03 12:00:23+00:00,https://beaconcha.in/charts/staked_ether,https://www.beaconcha.in/ethstore,extraido_html_sem_imputacao; consistencia_interna_verificada,0,4.865,,,,ausente_nao_estimado,Yahoo Finance via yfinance,38.91384064212176,Yahoo Finance via yfinance,46.773016531824666,-0.0019888319730756,0,staking_apr_rede,indisponivel_sem_dados_comparaveis
2023-06-03,19220358,4.646,1892.4124755859373,1889.25732421875,0.9983327359083224,-0.1667264091677611,-0.0078134129400965,-0.0074912561378088,38.57741539205445,37.22048874884209,,,1685750400000,2023-06-03T12:00:23+00:00,1685793623000,2442.467746,19187174,2023-06-04 12:00:23+00:00,https://beaconcha.in/charts/staked_ether,https://www.beaconcha.in/ethstore,extraido_html_sem_imputacao; consistencia_interna_verificada,0,4.646,,,,ausente_nao_estimado,Yahoo Finance via yfinance,40.12386253699735,Yahoo Finance via yfinance,47.64540474584227,-0.0016672640916776,0,staking_apr_rede,indisponivel_sem_dados_comparaveis
2023-06-04,19283174,4.665,1890.5135498046875,1881.4677734375,0.9952151750681067,-0.478482493189325,-0.001003945584978,-0.0041315989154423,31.84109473126356,31.78718626978571,,,1685836800000,2023-06-04T12:00:23+00:00,1685880023000,2460.267857,19250567,2023-06-05 12:00:23+00:00,https://beaconcha.in/charts/staked_ether,https://www.beaconcha.in/ethstore,extraido_html_sem_imputacao; consistencia_interna_verificada,0,4.665,,,,ausente_nao_estimado,Yahoo Finance via yfinance,24.24691519582329,Yahoo Finance via yfinance,29.274259912001195,-0.0047848249318932,0,staking_apr_rede,indisponivel_sem_dados_comparaveis
2023-06-05,19346533,5.041,1811.828369140625,1804.966552734375,0.9962127668806152,-0.378723311938467,-0.0425120275185372,-0.0415101415100694,30.74741681399773,32.02996211761815,,,1685923200000,2023-06-05T12:00:23+00:00,1685966423000,2666.000969,19303813,2023-06-06 12:00:23+00:00,https://beaconcha.in/charts/staked_ether,https://www.beaconcha.in/ethstore,extraido_html_sem_imputacao; consistencia_interna_verificada,0,5.041,,,,ausente_nao_estimado,Yahoo Finance via yfinance,38.42674800031773,Yahoo Finance via yfinance,40.72806719770985,-0.0037872331193846,0,staking_apr_rede,indisponivel_sem_dados_comparaveis
2023-06-06,19380965,4.724,1884.494873046875,1872.4144287109373,0.9935895583964068,-0.6410441603593164,0.0393233290133351,0.0366866751401491,33.51618920029548,34.46201683167542,,,1686009600000,2023-06-06T12:00:23+00:00,1686052823000,2500.279714,19318821,2023-06-07 12:00:23+00:00,https://beaconcha.in/charts/staked_ether,https://www.beaconcha.in/ethstore,extraido_html_sem_imputacao; consistencia_interna_verificada,0,4.724,,,,ausente_nao_estimado,Yahoo Finance via yfinance,50.6677736952234,Yahoo Finance via yfinance,51.05649424471488,-0.0064104416035931,0,staking_apr_rede,indisponivel_sem_dados_comparaveis
2023-06-07,19398692,4.745,1832.39599609375,1824.88525390625,0.9959011358879244,-0.4098864112075717,-0.0280354151638739,-0.0257116259263898,34.656625440606724,34.91254368233756,,,1686096000000,2023-06-07T12:00:23+00:00,1686139223000,2516.552845,19357573,2023-06-08 12:00:23+00:00,https://beaconcha.in/charts/staked_ether,https://www.beaconcha.in/ethstore,extraido_html_sem_imputacao; consistencia_interna_verificada,0,4.745,,,,ausente_nao_estimado,Yahoo Finance via yfinance,53.706624593755656,Yahoo Finance via yfinance,52.89893148522818,-0.0040988641120757,0,staking_apr_rede,indisponivel_sem_dados_comparaveis
2023-06-08,19422115,4.791,1846.3018798828125,1831.9979248046875,0.9922526455538068,-0.7747354446193233,0.0075602566414878,0.0038900230169157,34.76499897569651,34.93896478666576,,,1686182400000,2023-06-08T12:00:23+00:00,1686225623000,2542.749739,19373543,2023-06-09 12:00:23+00:00,https://beaconcha.in/charts/staked_ether,https://www.beaconcha.in/ethstore,extraido_html_sem_imputacao; consistencia_interna_verificada,0,4.791,,,,ausente_nao_estimado,Yahoo Finance via yfinance,54.14844153922648,Yahoo Finance via yfinance,52.95325074049224,-0.0077473544461932,0,staking_apr_rede,indisponivel_sem_dados_comparaveis
2023-06-09,19460131,4.934,1840.2252197265625,1830.4989013671875,0.9947146043565144,-0.5285395643485513,-0.0032966884526088,-0.0008185801066052,34.76424027984113,34.939580320111645,,,1686268800000,2023-06-09T12:00:23+00:00,1686312023000,2625.349151,19421572,2023-06-10 12:00:23+00:00,https://beaconcha.in/charts/staked_ether,https://www.beaconcha.in/ethstore,extraido_html_sem_imputacao; consistencia_interna_verificada,0,4.934,,,,ausente_nao_estimado,Yahoo Finance via yfinance,49.8611658127012,Yahoo Finance via yfinance,46.80284568474006,-0.0052853956434855,0,staking_apr_rede,indisponivel_sem_dados_comparaveis
2023-06-10,19509505,4.36,1752.384765625,1741.974609375,0.9940594346320472,-0.5940565367952844,-0.0489103826705831,-0.0495692506317736,37.77443785580624,38.185862254507,,,1686355200000,2023-06-10T12:00:23+00:00,1686398423000,2326.410521,19473825,2023-06-11 12:00:23+00:00,https://beaconcha.in/charts/staked_ether,https://www.beaconcha.in/ethstore,extraido_html_sem_imputacao; consistencia_interna_verificada,0,4.36,,,,ausente_nao_estimado,Yahoo Finance via yfinance,59.17707389555736,Yahoo Finance via yfinance,56.66902511327655,-0.0059405653679528,0,staking_apr_rede,indisponivel_sem_dados_comparaveis
2023-06-11,19566913,4.409,1753.415283203125,1746.110595703125,0.9958340231376016,-0.416597686239839,0.0005878929736166,0.0023714949740897,37.68882823912722,38.13691301920973,,,1686441600000,2023-06-11T12:00:23+00:00,1686484823000,2358.016144,19521345,2023-06-12 12:00:23+00:00,https://beaconcha.in/charts/staked_ether,https://www.beaconcha.in/ethstore,extraido_html_sem_imputacao; consistencia_interna_verificada,0,4.409,,,,ausente_nao_estimado,Yahoo Finance via yfinance,59.35126331270855,Yahoo Finance via yfinance,57.38013883541062,-0.0041659768623983,0,staking_apr_rede,indisponivel_sem_dados_comparaveis
2023-06-12,19599617,4.434,1742.5286865234375,1733.901123046875,0.9950488255698244,-0.4951174430175675,-0.0062281500874895,-0.0070169434702837,37.68200715836719,38.155293161551455,,,1686528000000,2023-06-12T12:00:23+00:00,1686571223000,2373.046548,19535105,2023-06-13 12:00:23+00:00,https://beaconcha.in/charts/staked_ether,https://www.beaconcha.in/ethstore,extraido_html_sem_imputacao; consistencia_interna_verificada,0,4.434,,,,ausente_nao_estimado,Yahoo Finance via yfinance,52.98211871046351,Yahoo Finance via yfinance,51.170644317396366,-0.0049511744301756,0,staking_apr_rede,indisponivel_sem_dados_comparaveis
2023-06-13,19599617,4.5,1739.03759765625,1736.1080322265625,0.9983154099522428,-0.1684590047757339,-0.0020054709589315,0.0012719905789823,37.662696613999216,38.15332084139708,,,1686614400000,2023-06-13T12:00:23+00:00,1686657623000,2408.430154,19535105,2023-06-14 12:00:23+00:00,https://beaconcha.in/charts/staked_ether,https://www.beaconcha.in/ethstore,extraido_html_sem_imputacao; consistencia_interna_verificada,1,4.5,,,,ausente_nao_estimado,Yahoo Finance via yfinance,37.95111916286447,Yahoo Finance via yfinance,38.00537042574263,-0.0016845900477573,0,staking_apr_rede,indisponivel_sem_dados_comparaveis
2023-06-14,19610753,4.597,1650.519287109375,1649.781982421875,0.9995532892628044,-0.0446710737195488,-0.05224189755336,-0.0510026975303982,41.4352312403914,41.7681818833759,,,1686700800000,2023-06-14T12:00:23+00:00,1686744023000,2465.354931,19574465,2023-06-15 12:00:23+00:00,https://beaconcha.in/charts/staked_ether,https://www.beaconcha.in/ethstore,extraido_html_sem_imputacao; consistencia_interna_verificada,0,4.597,,,,ausente_nao_estimado,Yahoo Finance via yfinance,47.26026325987535,Yahoo Finance via yfinance,47.29536752103661,-0.0004467107371954,0,staking_apr_rede,indisponivel_sem_dados_comparaveis
2023-06-15,19665889,4.611,1665.519775390625,1669.4190673828125,1.0023411862469618,0.2341186246961779,0.0090472942680289,0.0118325547505997,41.59105624844212,42.08756479042357,,,1686787200000,2023-06-15T12:00:23+00:00,1686830423000,2480.130886,19631268,2023-06-16 12:00:23+00:00,https://beaconcha.in/charts/staked_ether,https://www.beaconcha.in/ethstore,extraido_html_sem_imputacao; consistencia_interna_verificada,0,4.611,,,,ausente_nao_estimado,Yahoo Finance via yfinance,47.70096280281623,Yahoo Finance via yfinance,49.46303319282521,0.0023411862469617,0,staking_apr_rede,indisponivel_sem_dados_comparaveis
2023-06-16,19725316,4.793,1716.6688232421875,1714.5858154296875,0.998786598915121,-0.1213401084878995,0.0302484301373665,0.0266958423449244,43.18165824808168,43.31157674204303,,,1686873600000,2023-06-16T12:00:23+00:00,1686916823000,2584.337172,19681156,2023-06-17 12:00:23+00:00,https://beaconcha.in/charts/staked_ether,https://www.beaconcha.in/ethstore,extraido_html_sem_imputacao; consistencia_interna_verificada,0,4.793,,,,ausente_nao_estimado,Yahoo Finance via yfinance,57.69226770068299,Yahoo Finance via yfinance,57.08201219356357,-0.0012134010848789,0,staking_apr_rede,indisponivel_sem_dados_comparaveis
2023-06-17,19775620,4.639,1727.2041015625,1720.5367431640625,0.9961397970324376,-0.3860202967562398,0.0061182926401126,0.0034647577115806,43.141401906355455,43.24291224969111,,,1686960000000,2023-06-17T12:00:23+00:00,1687003223000,2509.301886,19741828,2023-06-18 12:00:23+00:00,https://beaconcha.in/charts/staked_ether,https://www.beaconcha.in/ethstore,extraido_html_sem_imputacao; consistencia_interna_verificada,0,4.639,,,,ausente_nao_estimado,Yahoo Finance via yfinance,47.93217405983168,Yahoo Finance via yfinance,46.14639391523712,-0.0038602029675623,0,staking_apr_rede,indisponivel_sem_dados_comparaveis
2023-06-18,19837668,4.403,1720.5775146484375,1720.9605712890625,1.0002226325971155,0.0222632597115746,-0.0038439761048233,0.0002463044938973,43.06499846002293,43.18863692543,,,1687046400000,2023-06-18T12:00:23+00:00,1687089623000,2388.458242,19800132,2023-06-19 12:00:23+00:00,https://beaconcha.in/charts/staked_ether,https://www.beaconcha.in/ethstore,extraido_html_sem_imputacao; consistencia_interna_verificada,0,4.403,,,,ausente_nao_estimado,Yahoo Finance via yfinance,47.88962217832775,Yahoo Finance via yfinance,46.05582270349138,0.0002226325971157,0,staking_apr_rede,indisponivel_sem_dados_comparaveis
2023-06-19,19893605,4.57,1737.659423828125,1731.9881591796875,0.9967362622556132,-0.326373774438693,0.0098790501692058,0.0063873669977623,43.20643055515772,43.258031234551424,,,1687132800000,2023-06-19T12:00:23+00:00,1687176023000,2486.409794,19856997,2023-06-20 12:00:23+00:00,https://beaconcha.in/charts/staked_ether,https://www.beaconcha.in/ethstore,extraido_html_sem_imputacao; consistencia_interna_verificada,0,4.57,,,,ausente_nao_estimado,Yahoo Finance via yfinance,48.57540714431979,Yahoo Finance via yfinance,46.19731089636293,-0.0032637377443869,0,staking_apr_rede,indisponivel_sem_dados_comparaveis
2023-06-20,19949029,4.641,1792.1199951171875,1779.1839599609375,0.9927817137292728,-0.7218286270727181,0.0308602249030178,0.0268848361082239,44.562463989530336,44.355159964125725,,,1687219200000,2023-06-20T12:00:23+00:00,1687262423000,2532.26063,19913605,2023-06-21 12:00:23+00:00,https://beaconcha.in/charts/staked_ether,https://www.beaconcha.in/ethstore,extraido_html_sem_imputacao; consistencia_interna_verificada,0,4.641,,,,ausente_nao_estimado,Yahoo Finance via yfinance,53.46574752220076,Yahoo Finance via yfinance,50.20767213892739,-0.0072182862707271,0,staking_apr_rede,indisponivel_sem_dados_comparaveis
2023-06-21,19991845,4.692,1891.0072021484373,1877.3709716796875,0.9927889061166678,-0.7211093883332187,0.053710324442616,0.0537175690979541,48.33241674927965,48.19311108246656,,,1687305600000,2023-06-21T12:00:23+00:00,1687348823000,2565.029028,19953160,2023-06-22 12:00:23+00:00,https://beaconcha.in/charts/staked_ether,https://www.beaconcha.in/ethstore,extraido_html_sem_imputacao; consistencia_interna_verificada,0,4.692,,,,ausente_nao_estimado,Yahoo Finance via yfinance,37.7351823379998,Yahoo Finance via yfinance,35.98106625296895,-0.0072110938833321,0,staking_apr_rede,indisponivel_sem_dados_comparaveis
2023-06-22,20044585,4.647,1872.9429931640625,1873.829833984375,1.0004735012349812,0.0473501234981244,-0.0095986114267148,-0.0018880027653262,47.9905694145902,47.77160718251749,,,1687392000000,2023-06-22T12:00:23+00:00,1687435223000,2547.966899,20010985,2023-06-23 12:00:23+00:00,https://beaconcha.in/charts/staked_ether,https://www.beaconcha.in/ethstore,extraido_html_sem_imputacao; consistencia_interna_verificada,0,4.647,,,,ausente_nao_estimado,Yahoo Finance via yfinance,42.90455361363122,Yahoo Finance via yfinance,38.77440174427291,0.0004735012349812,0,staking_apr_rede,indisponivel_sem_dados_comparaveis
2023-06-23,20103881,4.557,1892.862060546875,1887.929443359375,0.9973940958032224,-0.2605904196777531,0.010579014510562,0.007496319866575,46.86063031016502,46.98195630893255,,,1687478400000,2023-06-23T12:00:23+00:00,1687521623000,2505.490746,20070313,2023-06-24 12:00:23+00:00,https://beaconcha.in/charts/staked_ether,https://www.beaconcha.in/ethstore,extraido_html_sem_imputacao; consistencia_interna_verificada,0,4.557,,,,ausente_nao_estimado,Yahoo Finance via yfinance,41.47197272348037,Yahoo Finance via yfinance,38.17753383915851,-0.0026059041967775,0,staking_apr_rede,indisponivel_sem_dados_comparaveis
2023-06-24,20165416,4.29,1876.0596923828125,1868.1788330078125,0.9957992491353032,-0.4200750864696845,-0.0089163323531027,-0.0105166256837302,47.00112393365057,47.15435394466184,,,1687564800000,2023-06-24T12:00:23+00:00,1687608023000,2366.148907,20132457,2023-06-25 12:00:23+00:00,https://beaconcha.in/charts/staked_ether,https://www.beaconcha.in/ethstore,extraido_html_sem_imputacao; consistencia_interna_verificada,0,4.29,,,,ausente_nao_estimado,Yahoo Finance via yfinance,44.51054639061942,Yahoo Finance via yfinance,41.64799166543665,-0.0042007508646968,0,staking_apr_rede,indisponivel_sem_dados_comparaveis
2023-06-25,20227560,4.237,1900.506103515625,1893.6300048828125,0.996381964456682,-0.3618035543318076,0.0129465519283098,0.0135315542704878,47.01448322377637,47.12425792203298,,,1687651200000,2023-06-25T12:00:23+00:00,1687694423000,2344.203263,20193960,2023-06-26 12:00:23+00:00,https://beaconcha.in/charts/staked_ether,https://www.beaconcha.in/ethstore,extraido_html_sem_imputacao; consistencia_interna_verificada,0,4.237,,,,ausente_nao_estimado,Yahoo Finance via yfinance,42.52534372465925,Yahoo Finance via yfinance,40.502643659930285,-0.003618035543318,0,staking_apr_rede,indisponivel_sem_dados_comparaveis
2023-06-26,20287368,4.417,1859.432861328125,1848.2568359375,0.9939895515331258,-0.6010448466874152,-0.0218486930083543,-0.024252680461464,47.70177733255457,47.96165540570797,,,1687737600000,2023-06-26T12:00:23+00:00,1687780823000,2450.779251,20252296,2023-06-27 12:00:23+00:00,https://beaconcha.in/charts/staked_ether,https://www.beaconcha.in/ethstore,extraido_html_sem_imputacao; consistencia_interna_verificada,0,4.417,,,,ausente_nao_estimado,Yahoo Finance via yfinance,50.00430532484954,Yahoo Finance via yfinance,49.00066434716249,-0.0060104484668741,0,staking_apr_rede,indisponivel_sem_dados_comparaveis
2023-06-27,20346696,5.073,1889.703369140625,1884.01123046875,0.9969878136617476,-0.3012186338252398,0.0161483412441935,0.0191601930588192,45.60424496437235,45.04080626857838,,,1687824000000,2023-06-27T12:00:23+00:00,1687867223000,2823.29553,20312456,2023-06-28 12:00:23+00:00,https://beaconcha.in/charts/staked_ether,https://www.beaconcha.in/ethstore,extraido_html_sem_imputacao; consistencia_interna_verificada,0,5.073,,,,ausente_nao_estimado,Yahoo Finance via yfinance,47.26630271654557,Yahoo Finance via yfinance,47.61029734574904,-0.0030121863382523,0,staking_apr_rede,indisponivel_sem_dados_comparaveis
2023-06-28,20406953,4.795,1827.97119140625,1818.458251953125,0.9947959029672636,-0.5204097032736499,-0.033213155926169,-0.0354141093339323,46.93509504259406,46.487962483991545,,,1687910400000,2023-06-28T12:00:23+00:00,1687953623000,2676.168392,20372649,2023-06-29 12:00:23+00:00,https://beaconcha.in/charts/staked_ether,https://www.beaconcha.in/ethstore,extraido_html_sem_imputacao; consistencia_interna_verificada,0,4.795,,,,ausente_nao_estimado,Yahoo Finance via yfinance,35.981401788907945,Yahoo Finance via yfinance,38.35062823127888,-0.0052040970327364,0,staking_apr_rede,indisponivel_sem_dados_comparaveis
2023-06-29,20467498,5.022,1852.227294921875,1841.457275390625,0.9941853683072388,-0.5814631692761196,0.0131821448496191,0.0125682278781345,47.16848405224917,46.671650054962576,,,1687996800000,2023-06-29T12:00:23+00:00,1688040023000,2811.457274,20431722,2023-06-30 12:00:23+00:00,https://beaconcha.in/charts/staked_ether,https://www.beaconcha.in/ethstore,extraido_html_sem_imputacao; consistencia_interna_verificada,0,5.022,,,,ausente_nao_estimado,Yahoo Finance via yfinance,37.86108136980344,Yahoo Finance via yfinance,40.331678551335806,-0.0058146316927611,0,staking_apr_rede,indisponivel_sem_dados_comparaveis
2023-06-30,20526282,4.844,1933.18896484375,1920.2119140625,0.9932872310895386,-0.6712768910461353,0.0427820946065856,0.0418782962054304,49.279566452651,48.58517271106378,,,1688083200000,2023-06-30T12:00:23+00:00,1688126423000,2719.521085,20492266,2023-07-01 12:00:23+00:00,https://beaconcha.in/charts/staked_ether,https://www.beaconcha.in/ethstore,extraido_html_sem_imputacao; consistencia_interna_verificada,0,4.844,,,,ausente_nao_estimado,Yahoo Finance via yfinance,49.507028673017125,Yahoo Finance via yfinance,51.582556843551366,-0.0067127689104613,0,staking_apr_rede,indisponivel_sem_dados_comparaveis
2023-07-01,20587434,4.433,1924.56591796875,1917.2305908203125,0.9961885809782086,-0.3811419021791384,-0.0044705075870395,-0.0015538076926056,49.24779420984194,48.49820717337636,,,1688169600000,2023-07-01T12:00:23+00:00,1688212823000,2496.435515,20554288,2023-07-02 12:00:23+00:00,https://beaconcha.in/charts/staked_ether,https://www.beaconcha.in/ethstore,extraido_html_sem_imputacao; consistencia_interna_verificada,0,4.433,,,,ausente_nao_estimado,Yahoo Finance via yfinance,48.95644064938776,Yahoo Finance via yfinance,50.61179368803291,-0.0038114190217913,0,staking_apr_rede,indisponivel_sem_dados_comparaveis
2023-07-02,20648168,4.555,1937.4383544921875,1923.4073486328125,0.9927579601039472,-0.7242039896052654,0.0066662195505525,0.0032165297720336,48.60579891163113,47.50703244723094,,,1688256000000,2023-07-02T12:00:23+00:00,1688299223000,2572.092249,20611368,2023-07-03 12:00:23+00:00,https://beaconcha.in/charts/staked_ether,https://www.beaconcha.in/ethstore,extraido_html_sem_imputacao; consistencia_interna_verificada,0,4.555,,,,ausente_nao_estimado,Yahoo Finance via yfinance,48.437987177506656,Yahoo Finance via yfinance,49.93675726946943,-0.0072420398960526,0,staking_apr_rede,indisponivel_sem_dados_comparaveis
2023-07-03,20702120,4.533,1955.38916015625,1938.415283203125,0.9913194379415662,-0.8680562058433816,0.0092225678282851,0.0077725009953454,48.60126754009659,47.48837783504014,,,1688342400000,2023-07-03T12:00:23+00:00,1688385623000,2566.571027,20666024,2023-07-04 12:00:23+00:00,https://beaconcha.in/charts/staked_ether,https://www.beaconcha.in/ethstore,extraido_html_sem_imputacao; consistencia_interna_verificada,0,4.533,,,,ausente_nao_estimado,Yahoo Finance via yfinance,43.81487926818061,Yahoo Finance via yfinance,44.68370825531666,-0.0086805620584338,0,staking_apr_rede,indisponivel_sem_dados_comparaveis
2023-07-04,20749799,4.475,1936.633544921875,1934.6029052734373,0.9989514590131094,-0.1048540986890556,-0.0096380529317039,-0.001968686422564,48.74122344908698,47.465772385319134,,,1688428800000,2023-07-04T12:00:23+00:00,1688472023000,2539.039272,20711016,2023-07-05 12:00:23+00:00,https://beaconcha.in/charts/staked_ether,https://www.beaconcha.in/ethstore,extraido_html_sem_imputacao; consistencia_interna_verificada,0,4.475,,,,ausente_nao_estimado,Yahoo Finance via yfinance,44.55729162582289,Yahoo Finance via yfinance,43.72386143238708,-0.0010485409868905,0,staking_apr_rede,indisponivel_sem_dados_comparaveis
2023-07-05,20804807,4.667,1910.5880126953125,1906.6142578125,0.9979201403670452,-0.2079859632954872,-0.0135401248702241,-0.0145730593243791,46.496601270211066,45.31576473916581,,,1688515200000,2023-07-05T12:00:23+00:00,1688558423000,2655.357209,20768839,2023-07-06 12:00:23+00:00,https://beaconcha.in/charts/staked_ether,https://www.beaconcha.in/ethstore,extraido_html_sem_imputacao; consistencia_interna_verificada,0,4.667,,,,ausente_nao_estimado,Yahoo Finance via yfinance,36.17048786493578,Yahoo Finance via yfinance,33.827316674720834,-0.0020798596329548,0,staking_apr_rede,indisponivel_sem_dados_comparaveis
2023-07-06,20863111,4.914,1848.636474609375,1838.7760009765625,0.9946660829382932,-0.5333917061706828,-0.032962728138784,-0.0362288957791185,45.98189151334032,45.39307787869076,,,1688601600000,2023-07-06T12:00:23+00:00,1688644823000,2804.318124,20828327,2023-07-07 12:00:23+00:00,https://beaconcha.in/charts/staked_ether,https://www.beaconcha.in/ethstore,extraido_html_sem_imputacao; consistencia_interna_verificada,0,4.914,,,,ausente_nao_estimado,Yahoo Finance via yfinance,45.089476059681175,Yahoo Finance via yfinance,45.179950753024976,-0.0053339170617068,0,staking_apr_rede,indisponivel_sem_dados_comparaveis
2023-07-07,20916134,4.815,1870.6025390625,1859.21044921875,0.9939099356459448,-0.6090064354055347,0.0118122657788366,0.0110517745311046,45.08582948023825,44.63877897314212,,,1688688000000,2023-07-07T12:00:23+00:00,1688731223000,2751.389915,20856936,2023-07-08 12:00:23+00:00,https://beaconcha.in/charts/staked_ether,https://www.beaconcha.in/ethstore,extraido_html_sem_imputacao; consistencia_interna_verificada,0,4.815,,,,ausente_nao_estimado,Yahoo Finance via yfinance,30.17790009842796,Yahoo Finance via yfinance,30.95561873762903,-0.0060900643540553,0,staking_apr_rede,indisponivel_sem_dados_comparaveis
2023-07-08,20936673,4.551,1865.53955078125,1842.6043701171875,0.987705872730247,-1.2294127269752986,-0.00271027774572,-0.0089719185342894,45.031082975065736,44.74555148730534,,,1688774400000,2023-07-08T12:00:23+00:00,1688817623000,2606.485354,20902949,2023-07-09 12:00:23+00:00,https://beaconcha.in/charts/staked_ether,https://www.beaconcha.in/ethstore,extraido_html_sem_imputacao; consistencia_interna_verificada,0,4.551,,,,ausente_nao_estimado,Yahoo Finance via yfinance,30.212843411499524,Yahoo Finance via yfinance,30.973260120924262,-0.0122941272697529,0,staking_apr_rede,indisponivel_sem_dados_comparaveis
2023-07-09,21002273,4.597,1863.009765625,1855.8740234375,0.9961697773574976,-0.3830222642502434,-0.0013569811365045,0.0071757673550668,45.01641716223447,44.809658793318576,,,1688860800000,2023-07-09T12:00:23+00:00,1688904023000,2640.268667,20965505,2023-07-10 12:00:23+00:00,https://beaconcha.in/charts/staked_ether,https://www.beaconcha.in/ethstore,extraido_html_sem_imputacao; consistencia_interna_verificada,0,4.597,,,,ausente_nao_estimado,Yahoo Finance via yfinance,28.94597279131668,Yahoo Finance via yfinance,31.785714949512705,-0.0038302226425024,0,staking_apr_rede,indisponivel_sem_dados_comparaveis
2023-07-10,21053473,4.752,1880.556396484375,1875.2928466796875,0.997201067825178,-0.2798932174822077,0.0093743551453533,0.0104090753653114,41.42677486305239,41.11282521559153,,,1688947200000,2023-07-10T12:00:23+00:00,1688990423000,2736.064892,21015457,2023-07-11 12:00:23+00:00,https://beaconcha.in/charts/staked_ether,https://www.beaconcha.in/ethstore,extraido_html_sem_imputacao; consistencia_interna_verificada,0,4.752,,,,ausente_nao_estimado,Yahoo Finance via yfinance,28.993413079185267,Yahoo Finance via yfinance,32.48489964329178,-0.002798932174822,0,staking_apr_rede,indisponivel_sem_dados_comparaveis
2023-07-11,21120545,4.501,1878.3360595703125,1873.6663818359373,0.9975139285057204,-0.2486071494279595,-0.0011813783970974,-0.0008676887886236,41.44085732213152,41.12920673419112,,,1689033600000,2023-07-11T12:00:23+00:00,1689076823000,2599.456347,21081826,2023-07-12 12:00:23+00:00,https://beaconcha.in/charts/staked_ether,https://www.beaconcha.in/ethstore,extraido_html_sem_imputacao; consistencia_interna_verificada,0,4.501,,,,ausente_nao_estimado,Yahoo Finance via yfinance,28.9153679035512,Yahoo Finance via yfinance,32.55148094338581,-0.0024860714942795,0,staking_apr_rede,indisponivel_sem_dados_comparaveis
2023-07-12,21186272,4.656,1872.11376953125,1870.12109375,0.99893560112976,-0.1064398870240124,-0.0033181597043778,-0.001893958548035,41.37792059399352,41.02103239960527,,,1689120000000,2023-07-12T12:00:23+00:00,1689163223000,2697.672008,21149312,2023-07-13 12:00:23+00:00,https://beaconcha.in/charts/staked_ether,https://www.beaconcha.in/ethstore,extraido_html_sem_imputacao; consistencia_interna_verificada,0,4.656,,,,ausente_nao_estimado,Yahoo Finance via yfinance,27.865585658802623,Yahoo Finance via yfinance,31.45070598746414,-0.0010643988702401,0,staking_apr_rede,indisponivel_sem_dados_comparaveis
2023-07-13,21253728,4.75,2006.511474609375,1994.9781494140625,0.9942520512136328,-0.5747948786367085,0.0693294788963688,0.0646299128212327,47.45848413614441,46.381061760678776,,,1689206400000,2023-07-13T12:00:23+00:00,1689249623000,2760.990584,21215808,2023-07-14 12:00:23+00:00,https://beaconcha.in/charts/staked_ether,https://www.beaconcha.in/ethstore,extraido_html_sem_imputacao; consistencia_interna_verificada,0,4.75,,,,ausente_nao_estimado,Yahoo Finance via yfinance,49.918444612451744,Yahoo Finance via yfinance,46.75960896703773,-0.005747948786367,0,staking_apr_rede,indisponivel_sem_dados_comparaveis
2023-07-14,21320576,4.416,1939.3470458984373,1934.216064453125,0.9973542737200316,-0.2645726279968285,-0.0340462872850882,-0.0309309878642074,45.07176766743654,43.80774348364349,,,1689292800000,2023-07-14T12:00:23+00:00,1689336023000,2575.006439,21282176,2023-07-15 12:00:23+00:00,https://beaconcha.in/charts/staked_ether,https://www.beaconcha.in/ethstore,extraido_html_sem_imputacao; consistencia_interna_verificada,0,4.416,,,,ausente_nao_estimado,Yahoo Finance via yfinance,59.854391192794274,Yahoo Finance via yfinance,55.99945217176811,-0.0026457262799682,0,staking_apr_rede,indisponivel_sem_dados_comparaveis
2023-07-15,21387392,4.455,1931.466552734375,1925.2215576171875,0.9967667081222056,-0.3233291877794308,-0.0040717558988267,-0.0046610537600699,45.1694383764872,43.87599029382162,,,1689379200000,2023-07-15T12:00:23+00:00,1689422423000,2606.032278,21351104,2023-07-16 12:00:23+00:00,https://beaconcha.in/charts/staked_ether,https://www.beaconcha.in/ethstore,extraido_html_sem_imputacao; consistencia_interna_verificada,0,4.455,,,,ausente_nao_estimado,Yahoo Finance via yfinance,59.9711980497487,Yahoo Finance via yfinance,55.3979981657995,-0.0032332918777943,0,staking_apr_rede,indisponivel_sem_dados_comparaveis
2023-07-16,21456609,4.708,1923.681884765625,1919.410888671875,0.9977797804680838,-0.2220219531916201,-0.0040385882285679,-0.0030227458415468,44.32673106799772,43.22499051925339,,,1689465600000,2023-07-16T12:00:23+00:00,1689508823000,2762.991111,21419681,2023-07-17 12:00:23+00:00,https://beaconcha.in/charts/staked_ether,https://www.beaconcha.in/ethstore,extraido_html_sem_imputacao; consistencia_interna_verificada,0,4.708,,,,ausente_nao_estimado,Yahoo Finance via yfinance,60.17398474275459,Yahoo Finance via yfinance,55.78424144349388,-0.0022202195319162,0,staking_apr_rede,indisponivel_sem_dados_comparaveis
2023-07-17,21519713,4.54,1911.6461181640625,1905.494140625,0.9967818428941384,-0.3218157105861596,-0.0062762851581441,-0.0072769437946361,44.45561880291464,43.39632178649138,,,1689552000000,2023-07-17T12:00:23+00:00,1689595223000,2671.944639,21480577,2023-07-18 12:00:23+00:00,https://beaconcha.in/charts/staked_ether,https://www.beaconcha.in/ethstore,extraido_html_sem_imputacao; consistencia_interna_verificada,0,4.54,,,,ausente_nao_estimado,Yahoo Finance via yfinance,60.47563701166791,Yahoo Finance via yfinance,56.16474203333777,-0.0032181571058615,0,staking_apr_rede,indisponivel_sem_dados_comparaveis
2023-07-18,21580320,4.698,1897.5992431640625,1894.9251708984373,0.9985908129573416,-0.1409187042658466,-0.0073751818740169,-0.0055620162445378,44.5448344144364,43.49668360271031,,,1689638400000,2023-07-18T12:00:23+00:00,1689681623000,2772.846137,21542433,2023-07-19 12:00:23+00:00,https://beaconcha.in/charts/staked_ether,https://www.beaconcha.in/ethstore,extraido_html_sem_imputacao; consistencia_interna_verificada,0,4.698,,,,ausente_nao_estimado,Yahoo Finance via yfinance,60.85935467638931,Yahoo Finance via yfinance,56.42659052482606,-0.0014091870426584,0,staking_apr_rede,indisponivel_sem_dados_comparaveis
2023-07-19,21646144,4.839,1889.0079345703125,1888.843017578125,0.9999126965063676,-0.0087303493632506,-0.0045377420643504,-0.003214868488657,44.5592271271961,43.53733093652174,,,1689724800000,2023-07-19T12:00:23+00:00,1689768023000,2864.846878,21607424,2023-07-20 12:00:23+00:00,https://beaconcha.in/charts/staked_ether,https://www.beaconcha.in/ethstore,extraido_html_sem_imputacao; consistencia_interna_verificada,0,4.839,,,,ausente_nao_estimado,Yahoo Finance via yfinance,60.92391165761043,Yahoo Finance via yfinance,56.48454609521376,-8.730349363250678e-05,0,staking_apr_rede,indisponivel_sem_dados_comparaveis
2023-07-20,21710528,4.785,1890.9691162109373,1888.98095703125,0.9989486030402912,-0.1051396959708683,0.0010376686367424,7.302587633168899e-05,43.39310508408016,42.673356887501306,,,1689811200000,2023-07-20T12:00:23+00:00,1689854423000,2840.770418,21670464,2023-07-21 12:00:23+00:00,https://beaconcha.in/charts/staked_ether,https://www.beaconcha.in/ethstore,extraido_html_sem_imputacao; consistencia_interna_verificada,0,4.785,,,,ausente_nao_estimado,Yahoo Finance via yfinance,22.129324494870097,Yahoo Finance via yfinance,19.976772778879408,-0.0010513969597086,0,staking_apr_rede,indisponivel_sem_dados_comparaveis
2023-07-21,21776224,4.743,1892.080078125,1889.8779296875,0.9988361230251512,-0.1163876974848876,0.000587336769325,0.0004747320288929,39.140908132297646,38.37601487768331,,,1689897600000,2023-07-21T12:00:23+00:00,1689940823000,2824.948187,21740096,2023-07-22 12:00:23+00:00,https://beaconcha.in/charts/staked_ether,https://www.beaconcha.in/ethstore,extraido_html_sem_imputacao; consistencia_interna_verificada,0,4.743,,,,ausente_nao_estimado,Yahoo Finance via yfinance,6.127064016284127,Yahoo Finance via yfinance,5.431445405567676,-0.0011638769748488,0,staking_apr_rede,indisponivel_sem_dados_comparaveis
2023-07-22,21845952,4.512,1864.912353515625,1860.3143310546875,0.997534456537719,-0.2465543462281005,-0.0144627377669293,-0.015766770881036,39.32766394667416,38.775290851721714,,,1689984000000,2023-07-22T12:00:23+00:00,1690027223000,2695.162391,21803040,2023-07-23 12:00:23+00:00,https://beaconcha.in/charts/staked_ether,https://www.beaconcha.in/ethstore,extraido_html_sem_imputacao; consistencia_interna_verificada,0,4.512,,,,ausente_nao_estimado,Yahoo Finance via yfinance,10.037627425583654,Yahoo Finance via yfinance,10.584376879509076,-0.002465543462281,0,staking_apr_rede,indisponivel_sem_dados_comparaveis
2023-07-23,21908607,4.694,1889.191650390625,1884.691650390625,0.9976180288542618,-0.2381971145738237,0.0129349828190898,0.0130187581868408,39.416993092535456,38.9613910129038,,,1690070400000,2023-07-23T12:00:23+00:00,1690113623000,2812.795671,21871392,2023-07-24 12:00:23+00:00,https://beaconcha.in/charts/staked_ether,https://www.beaconcha.in/ethstore,extraido_html_sem_imputacao; consistencia_interna_verificada,0,4.694,,,,ausente_nao_estimado,Yahoo Finance via yfinance,16.46287482336849,Yahoo Finance via yfinance,16.817685435447043,-0.0023819711457382,0,staking_apr_rede,indisponivel_sem_dados_comparaveis
2023-07-24,21975935,4.886,1850.0020751953125,1846.3585205078125,0.9980305131889566,-0.1969486811043364,-0.0209622785597671,-0.0205488948081907,39.97742085580072,39.45439297788484,,,1690156800000,2023-07-24T12:00:23+00:00,1690200023000,2936.639691,21935618,2023-07-25 12:00:23+00:00,https://beaconcha.in/charts/staked_ether,https://www.beaconcha.in/ethstore,extraido_html_sem_imputacao; consistencia_interna_verificada,0,4.886,,,,ausente_nao_estimado,Yahoo Finance via yfinance,21.200250526758914,Yahoo Finance via yfinance,21.21503698163609,-0.0019694868110433,0,staking_apr_rede,indisponivel_sem_dados_comparaveis
2023-07-25,22041246,4.824,1857.741943359375,1856.066650390625,0.9990982100744732,-0.0901789925526808,0.0041749804559229,0.0052442124736697,39.72328822028504,39.19132198426333,,,1690243200000,2023-07-25T12:00:23+00:00,1690286423000,2907.196282,21998558,2023-07-26 12:00:23+00:00,https://beaconcha.in/charts/staked_ether,https://www.beaconcha.in/ethstore,extraido_html_sem_imputacao; consistencia_interna_verificada,0,4.824,,,,ausente_nao_estimado,Yahoo Finance via yfinance,21.93567679181425,Yahoo Finance via yfinance,22.29469337613728,-0.0009017899255268,0,staking_apr_rede,indisponivel_sem_dados_comparaveis
2023-07-26,22103358,4.777,1872.159912109375,1869.1949462890625,0.998416286022826,-0.158371397717405,0.0077310562696787,0.007048283674565,39.081426560037976,38.331880221098814,,,1690329600000,2023-07-26T12:00:23+00:00,1690372823000,2888.253846,22066590,2023-07-27 12:00:23+00:00,https://beaconcha.in/charts/staked_ether,https://www.beaconcha.in/ethstore,extraido_html_sem_imputacao; consistencia_interna_verificada,0,4.777,,,,ausente_nao_estimado,Yahoo Finance via yfinance,23.177422993667257,Yahoo Finance via yfinance,23.42634781383508,-0.001583713977174,0,staking_apr_rede,indisponivel_sem_dados_comparaveis
2023-07-27,22168958,4.813,1860.357177734375,1857.0523681640625,0.9982235617923988,-0.1776438207601205,-0.0063242972129055,-0.0065173457802139,38.713544659549655,37.79066590553408,,,1690416000000,2023-07-27T12:00:23+00:00,1690459223000,2918.202378,22128478,2023-07-28 12:00:23+00:00,https://beaconcha.in/charts/staked_ether,https://www.beaconcha.in/ethstore,extraido_html_sem_imputacao; consistencia_interna_verificada,0,4.813,,,,ausente_nao_estimado,Yahoo Finance via yfinance,23.338710369059925,Yahoo Finance via yfinance,23.6405934747664,-0.0017764382076012,0,staking_apr_rede,indisponivel_sem_dados_comparaveis
2023-07-28,22230750,4.695,1874.744873046875,1872.7401123046875,0.9989306487666616,-0.10693512333384,0.0077040821264939,0.0084121766742947,36.95562439482051,35.727184971140964,,,1690502400000,2023-07-28T12:00:23+00:00,1690545623000,2854.529691,22194046,2023-07-29 12:00:23+00:00,https://beaconcha.in/charts/staked_ether,https://www.beaconcha.in/ethstore,extraido_html_sem_imputacao; consistencia_interna_verificada,0,4.695,,,,ausente_nao_estimado,Yahoo Finance via yfinance,24.420865404377366,Yahoo Finance via yfinance,24.896424787829456,-0.0010693512333384,0,staking_apr_rede,indisponivel_sem_dados_comparaveis
2023-07-29,22299646,4.265,1881.06884765625,1874.4306640625,0.996471057610666,-0.35289423893341,0.0033675688178804,0.0009023084206211,36.70083337962541,35.481843658559555,,,1690588800000,2023-07-29T12:00:23+00:00,1690632023000,2601.582622,22263198,2023-07-30 12:00:23+00:00,https://beaconcha.in/charts/staked_ether,https://www.beaconcha.in/ethstore,extraido_html_sem_imputacao; consistencia_interna_verificada,0,4.265,,,,ausente_nao_estimado,Yahoo Finance via yfinance,21.838675280225,Yahoo Finance via yfinance,21.71051589607486,-0.0035289423893341,0,staking_apr_rede,indisponivel_sem_dados_comparaveis
2023-07-30,22365054,4.495,1861.643798828125,1858.942626953125,0.998549039361504,-0.1450960638496146,-0.0103802910263626,-0.0082971215330243,33.54372949484509,32.30789029929301,,,1690675200000,2023-07-30T12:00:23+00:00,1690718423000,2749.96713,22328606,2023-07-31 12:00:23+00:00,https://beaconcha.in/charts/staked_ether,https://www.beaconcha.in/ethstore,extraido_html_sem_imputacao; consistencia_interna_verificada,0,4.495,,,,ausente_nao_estimado,Yahoo Finance via yfinance,20.69802651221636,Yahoo Finance via yfinance,19.965992553008547,-0.0014509606384961,0,staking_apr_rede,indisponivel_sem_dados_comparaveis
2023-07-31,22425886,4.323,1856.162353515625,1852.285400390625,0.997911307102174,-0.2088692897825983,-0.0029487547546707,-0.003587617712455,33.529577649323336,32.31942346151255,,,1690761600000,2023-07-31T12:00:23+00:00,1690804823000,2651.316523,22383966,2023-08-01 12:00:23+00:00,https://beaconcha.in/charts/staked_ether,https://www.beaconcha.in/ethstore,extraido_html_sem_imputacao; consistencia_interna_verificada,0,4.323,,,,ausente_nao_estimado,Yahoo Finance via yfinance,13.571181826123253,Yahoo Finance via yfinance,12.851097865298502,-0.0020886928978259,0,staking_apr_rede,indisponivel_sem_dados_comparaveis
2023-08-01,22487774,4.395,1871.7921142578125,1864.349609375,0.9960238613967216,-0.3976138603278389,0.0083852163200918,0.0064920291202137,33.585691038582056,32.39521145397083,,,1690848000000,2023-08-01T12:00:23+00:00,1690891223000,2703.087303,22448094,2023-08-02 12:00:23+00:00,https://beaconcha.in/charts/staked_ether,https://www.beaconcha.in/ethstore,extraido_html_sem_imputacao; consistencia_interna_verificada,0,4.395,,,,ausente_nao_estimado,Yahoo Finance via yfinance,14.573034061636855,Yahoo Finance via yfinance,13.161654968787357,-0.0039761386032783,0,staking_apr_rede,indisponivel_sem_dados_comparaveis
2023-08-02,22550718,4.468,1839.0897216796875,1834.350341796875,0.9974229751670388,-0.2577024832961294,-0.0176255890830373,-0.0162218757013807,33.84677668796922,32.65382852455356,,,1690934400000,2023-08-02T12:00:23+00:00,1690977623000,2756.083655,22513854,2023-08-03 12:00:23+00:00,https://beaconcha.in/charts/staked_ether,https://www.beaconcha.in/ethstore,extraido_html_sem_imputacao; consistencia_interna_verificada,0,4.468,,,,ausente_nao_estimado,Yahoo Finance via yfinance,18.502155253616724,Yahoo Finance via yfinance,16.554184715669987,-0.0025770248329612,0,staking_apr_rede,indisponivel_sem_dados_comparaveis
2023-08-03,22602398,4.286,1835.136474609375,1825.91455078125,0.9949748021710004,-0.5025197828999572,-0.0021518809047709,-0.0046093964230126,33.735917366785415,32.668133061125886,,,1691020800000,2023-08-03T12:00:23+00:00,1691064023000,2649.571796,22564638,2023-08-04 12:00:23+00:00,https://beaconcha.in/charts/staked_ether,https://www.beaconcha.in/ethstore,extraido_html_sem_imputacao; consistencia_interna_verificada,0,4.286,,,,ausente_nao_estimado,Yahoo Finance via yfinance,18.22709734681517,Yahoo Finance via yfinance,16.341678161118654,-0.0050251978289995,0,staking_apr_rede,indisponivel_sem_dados_comparaveis
2023-08-04,22669566,4.232,1827.712890625,1821.09619140625,0.99637979288066,-0.3620207119339969,-0.0040534531500283,-0.0026423624821151,33.48152771993826,32.35037931462036,,,1691107200000,2023-08-04T12:00:23+00:00,1691150423000,2624.350956,22633342,2023-08-05 12:00:23+00:00,https://beaconcha.in/charts/staked_ether,https://www.beaconcha.in/ethstore,extraido_html_sem_imputacao; consistencia_interna_verificada,0,4.232,,,,ausente_nao_estimado,Yahoo Finance via yfinance,16.315889031204673,Yahoo Finance via yfinance,13.606604727048632,-0.0036202071193399,0,staking_apr_rede,indisponivel_sem_dados_comparaveis
2023-08-05,22735806,4.239,1834.9879150390625,1831.7174072265625,0.9982176951762484,-0.1782304823751634,0.0039724969999792,0.0058153779087858,31.53196102387137,29.906162873956603,,,1691193600000,2023-08-05T12:00:23+00:00,1691236823000,2636.276781,22699070,2023-08-06 12:00:23+00:00,https://beaconcha.in/charts/staked_ether,https://www.beaconcha.in/ethstore,extraido_html_sem_imputacao; consistencia_interna_verificada,0,4.239,,,,ausente_nao_estimado,Yahoo Finance via yfinance,16.478741811876088,Yahoo Finance via yfinance,15.06649384953451,-0.0017823048237516,0,staking_apr_rede,indisponivel_sem_dados_comparaveis
2023-08-06,22798270,4.254,1827.4620361328125,1822.669677734375,0.9973775879861346,-0.2622412013865371,-0.0041097569109865,-0.0049517184518173,31.253404603160234,29.67323181093821,,,1691280000000,2023-08-06T12:00:23+00:00,1691323223000,2652.470042,22760734,2023-08-07 12:00:23+00:00,https://beaconcha.in/charts/staked_ether,https://www.beaconcha.in/ethstore,extraido_html_sem_imputacao; consistencia_interna_verificada,0,4.254,,,,ausente_nao_estimado,Yahoo Finance via yfinance,15.488380944198438,Yahoo Finance via yfinance,14.576245175510117,-0.0026224120138653,0,staking_apr_rede,indisponivel_sem_dados_comparaveis
2023-08-07,22861662,4.321,1826.9388427734373,1822.1748046875,0.997392338498477,-0.2607661501523028,-0.0002863360535894,-0.0002715468669802,31.24597558007893,29.52135102839736,,,1691366400000,2023-08-07T12:00:23+00:00,1691409623000,2701.863564,22824702,2023-08-08 12:00:23+00:00,https://beaconcha.in/charts/staked_ether,https://www.beaconcha.in/ethstore,extraido_html_sem_imputacao; consistencia_interna_verificada,0,4.321,,,,ausente_nao_estimado,Yahoo Finance via yfinance,15.575938790830058,Yahoo Finance via yfinance,14.665738297627854,-0.002607661501523,0,staking_apr_rede,indisponivel_sem_dados_comparaveis
2023-08-08,22922462,4.338,1855.807373046875,1853.017578125,0.9984967217167078,-0.1503278283292219,0.0156780401934837,0.0167846982266937,31.76141341936789,30.016653891212204,,,1691452800000,2023-08-08T12:00:23+00:00,1691496023000,2718.256015,22872990,2023-08-09 12:00:23+00:00,https://beaconcha.in/charts/staked_ether,https://www.beaconcha.in/ethstore,extraido_html_sem_imputacao; consistencia_interna_verificada,0,4.338,,,,ausente_nao_estimado,Yahoo Finance via yfinance,19.10128289442725,Yahoo Finance via yfinance,19.517729708536628,-0.0015032782832922,0,staking_apr_rede,indisponivel_sem_dados_comparaveis
2023-08-09,22978718,4.251,1854.297607421875,1848.99755859375,0.997141748548393,-0.2858251451607008,-0.0008138668400405,-0.002171801552882,31.57599657806721,29.78471945092281,,,1691539200000,2023-08-09T12:00:23+00:00,1691582423000,2672.009579,22941566,2023-08-10 12:00:23+00:00,https://beaconcha.in/charts/staked_ether,https://www.beaconcha.in/ethstore,extraido_html_sem_imputacao; consistencia_interna_verificada,0,4.251,,,,ausente_nao_estimado,Yahoo Finance via yfinance,13.295669517057746,Yahoo Finance via yfinance,14.881596691544384,-0.002858251451607,0,staking_apr_rede,indisponivel_sem_dados_comparaveis
2023-08-10,23046270,4.24,1850.75341796875,1848.3572998046875,0.9987053282512954,-0.1294671748704567,-0.0019131669226014,-0.0003463334302402,31.57910688157781,29.784400012876688,,,1691625600000,2023-08-10T12:00:23+00:00,1691668823000,2672.740267,23007710,2023-08-11 12:00:23+00:00,https://beaconcha.in/charts/staked_ether,https://www.beaconcha.in/ethstore,extraido_html_sem_imputacao; consistencia_interna_verificada,0,4.24,,,,ausente_nao_estimado,Yahoo Finance via yfinance,13.260387338837058,Yahoo Finance via yfinance,14.182294684935254,-0.0012946717487045,0,staking_apr_rede,indisponivel_sem_dados_comparaveis
2023-08-11,23111486,4.108,1847.1243896484373,1845.3572998046875,0.9990433292670202,-0.095667073297978,-0.001962763333006,-0.0016243814072537,31.567382535068628,29.782907279573084,,,1691712000000,2023-08-11T12:00:23+00:00,1691755223000,2596.715088,23070718,2023-08-12 12:00:23+00:00,https://beaconcha.in/charts/staked_ether,https://www.beaconcha.in/ethstore,extraido_html_sem_imputacao; consistencia_interna_verificada,0,4.108,,,,ausente_nao_estimado,Yahoo Finance via yfinance,12.834605122100925,Yahoo Finance via yfinance,14.008699407903404,-0.0009566707329797,0,staking_apr_rede,indisponivel_sem_dados_comparaveis
2023-08-12,23185309,4.096,1848.889892578125,1845.4747314453125,0.9981528585631184,-0.1847141436881583,0.0009553551091288,6.363423730486977e-05,19.087315503517907,18.34615300816096,,,1691798400000,2023-08-12T12:00:23+00:00,1691841623000,2597.314331,23145726,2023-08-13 12:00:23+00:00,https://beaconcha.in/charts/staked_ether,https://www.beaconcha.in/ethstore,extraido_html_sem_imputacao; consistencia_interna_verificada,0,4.096,,,,ausente_nao_estimado,Yahoo Finance via yfinance,12.666153707389768,Yahoo Finance via yfinance,13.63922742029382,-0.0018471414368815,0,staking_apr_rede,indisponivel_sem_dados_comparaveis
2023-08-13,23262682,4.096,1839.2801513671875,1838.93798828125,0.999813969021694,-0.0186030978305939,-0.005211127926941,-0.0035483267048422,15.4323256953914,15.248031071299422,,,1691884800000,2023-08-13T12:00:23+00:00,1691928023000,2605.835962,23219325,2023-08-14 12:00:23+00:00,https://beaconcha.in/charts/staked_ether,https://www.beaconcha.in/ethstore,extraido_html_sem_imputacao; consistencia_interna_verificada,0,4.096,,,,ausente_nao_estimado,Yahoo Finance via yfinance,12.962092490275433,Yahoo Finance via yfinance,13.295693155038006,-0.0001860309783059,0,staking_apr_rede,indisponivel_sem_dados_comparaveis
2023-08-14,23335032,4.209,1844.185791015625,1841.2667236328125,0.9984171511368142,-0.1582848863185826,0.0026636014153724,0.0012655468076729,15.484399414410078,15.242515123174597,,,1691971200000,2023-08-14T12:00:23+00:00,1692014423000,2684.893927,23284186,2023-08-15 12:00:23+00:00,https://beaconcha.in/charts/staked_ether,https://www.beaconcha.in/ethstore,extraido_html_sem_imputacao; consistencia_interna_verificada,0,4.209,,,,ausente_nao_estimado,Yahoo Finance via yfinance,12.96998793134319,Yahoo Finance via yfinance,13.233503062344967,-0.0015828488631858,0,staking_apr_rede,indisponivel_sem_dados_comparaveis
2023-08-15,23398104,4.457,1826.9327392578125,1816.7620849609373,0.9944329344598604,-0.5567065540139748,-0.0093994125438565,-0.0133979290545542,15.704552713143388,15.793792018014074,,,1692057600000,2023-08-15T12:00:23+00:00,1692100823000,2851.943347,23353944,2023-08-16 12:00:23+00:00,https://beaconcha.in/charts/staked_ether,https://www.beaconcha.in/ethstore,extraido_html_sem_imputacao; consistencia_interna_verificada,0,4.457,,,,ausente_nao_estimado,Yahoo Finance via yfinance,7.664163676323699,Yahoo Finance via yfinance,9.40483317762106,-0.0055670655401397,0,staking_apr_rede,indisponivel_sem_dados_comparaveis
2023-08-16,23469107,4.319,1805.6590576171875,1803.01220703125,0.9985341360126808,-0.1465863987319071,-0.0117128078467285,-0.0075971278611345,16.014496799428997,15.80807339869258,,,1692144000000,2023-08-16T12:00:23+00:00,1692187223000,2771.101159,23417043,2023-08-17 12:00:23+00:00,https://beaconcha.in/charts/staked_ether,https://www.beaconcha.in/ethstore,extraido_html_sem_imputacao; consistencia_interna_verificada,0,4.319,,,,ausente_nao_estimado,Yahoo Finance via yfinance,10.087844914686578,Yahoo Finance via yfinance,9.97504841738205,-0.001465863987319,0,staking_apr_rede,indisponivel_sem_dados_comparaveis
2023-08-17,23533971,4.485,1684.9334716796875,1686.0723876953125,1.0006759412373056,0.0675941237305632,-0.0691995736731214,-0.067056921364183,28.402350072505445,27.70498030243404,,,1692230400000,2023-08-17T12:00:23+00:00,1692273623000,2886.373559,23492403,2023-08-18 12:00:23+00:00,https://beaconcha.in/charts/staked_ether,https://www.beaconcha.in/ethstore,extraido_html_sem_imputacao; consistencia_interna_verificada,0,4.485,,,,ausente_nao_estimado,Yahoo Finance via yfinance,48.04452305262864,Yahoo Finance via yfinance,46.43392069497529,0.0006759412373056,0,staking_apr_rede,indisponivel_sem_dados_comparaveis
2023-08-18,23607859,4.14,1660.945068359375,1664.88720703125,1.0023734310947254,0.2373431094725431,-0.0143393216851267,-0.0126444156211697,28.63219105715956,27.87069127037499,,,1692316800000,2023-08-18T12:00:23+00:00,1692360023000,2673.43534,23567539,2023-08-19 12:00:23+00:00,https://beaconcha.in/charts/staked_ether,https://www.beaconcha.in/ethstore,extraido_html_sem_imputacao; consistencia_interna_verificada,0,4.14,,,,ausente_nao_estimado,Yahoo Finance via yfinance,47.07208388152864,Yahoo Finance via yfinance,45.44442390028971,0.0023734310947254,0,staking_apr_rede,indisponivel_sem_dados_comparaveis
2023-08-19,23684819,3.983,1669.471923828125,1667.64892578125,0.9989080391105382,-0.109196088946184,0.0051206044890732,0.0016574280200756,28.762910686274413,27.90677031293964,,,1692403200000,2023-08-19T12:00:23+00:00,1692446423000,2579.687325,23639412,2023-08-20 12:00:23+00:00,https://beaconcha.in/charts/staked_ether,https://www.beaconcha.in/ethstore,extraido_html_sem_imputacao; consistencia_interna_verificada,0,3.983,,,,ausente_nao_estimado,Yahoo Finance via yfinance,48.02691814542096,Yahoo Finance via yfinance,45.77284004748339,-0.0010919608894618,0,staking_apr_rede,indisponivel_sem_dados_comparaveis
2023-08-20,23754803,4.09,1684.85205078125,1684.1070556640625,0.9995578275749244,-0.0442172425075604,0.0091703931125707,0.0098206804135614,29.094832868255544,28.28965867447065,,,1692489600000,2023-08-20T12:00:23+00:00,1692532823000,2654.306976,23689715,2023-08-21 12:00:23+00:00,https://beaconcha.in/charts/staked_ether,https://www.beaconcha.in/ethstore,extraido_html_sem_imputacao; consistencia_interna_verificada,0,4.09,,,,ausente_nao_estimado,Yahoo Finance via yfinance,50.77802734315669,Yahoo Finance via yfinance,48.64226156301355,-0.0004421724250756,0,staking_apr_rede,indisponivel_sem_dados_comparaveis
2023-08-21,23787795,4.2,1667.26904296875,1670.20361328125,1.0017601060397996,0.1760106039799591,-0.0104907720100263,-0.008289942929542,28.945368733383685,28.01185065372667,,,1692576000000,2023-08-21T12:00:23+00:00,1692619223000,2732.333743,23746588,2023-08-22 12:00:23+00:00,https://beaconcha.in/charts/staked_ether,https://www.beaconcha.in/ethstore,extraido_html_sem_imputacao; consistencia_interna_verificada,0,4.2,,,,ausente_nao_estimado,Yahoo Finance via yfinance,49.24936344080592,Yahoo Finance via yfinance,47.464637777766114,0.0017601060397995,0,staking_apr_rede,indisponivel_sem_dados_comparaveis
2023-08-22,23859760,4.189,1633.892578125,1632.51611328125,0.9991575548710004,-0.0842445128999558,-0.0202217316335095,-0.0228230906871861,28.85244740374922,28.126195167506424,,,1692662400000,2023-08-22T12:00:23+00:00,1692705623000,2733.298733,23817904,2023-08-23 12:00:23+00:00,https://beaconcha.in/charts/staked_ether,https://www.beaconcha.in/ethstore,extraido_html_sem_imputacao; consistencia_interna_verificada,0,4.189,,,,ausente_nao_estimado,Yahoo Finance via yfinance,49.19991493142854,Yahoo Finance via yfinance,47.88646729152533,-0.0008424451289995,0,staking_apr_rede,indisponivel_sem_dados_comparaveis
2023-08-23,23932272,4.126,1679.2744140625,1678.3489990234375,0.9994489197052532,-0.055108029474693,0.0273965511145221,0.0276881191045424,30.34346842314068,29.71200622516838,,,1692748800000,2023-08-23T12:00:23+00:00,1692792023000,2700.123105,23887568,2023-08-24 12:00:23+00:00,https://beaconcha.in/charts/staked_ether,https://www.beaconcha.in/ethstore,extraido_html_sem_imputacao; consistencia_interna_verificada,0,4.126,,,,ausente_nao_estimado,Yahoo Finance via yfinance,58.48037974180082,Yahoo Finance via yfinance,57.20125124019335,-0.0005510802947469,0,staking_apr_rede,indisponivel_sem_dados_comparaveis
2023-08-24,24003920,4.259,1659.944580078125,1660.955322265625,1.0006089011643102,0.0608901164310227,-0.0115775874136504,-0.0104176393591349,30.357269210649022,29.655262109919786,,,1692835200000,2023-08-24T12:00:23+00:00,1692878423000,2795.575245,23958448,2023-08-25 12:00:23+00:00,https://beaconcha.in/charts/staked_ether,https://www.beaconcha.in/ethstore,extraido_html_sem_imputacao; consistencia_interna_verificada,0,4.259,,,,ausente_nao_estimado,Yahoo Finance via yfinance,32.04120004160136,Yahoo Finance via yfinance,32.0795674036225,0.0006089011643102,0,staking_apr_rede,indisponivel_sem_dados_comparaveis
2023-08-25,24075024,4.082,1652.93505859375,1651.3486328125,0.9990402370782796,-0.0959762921720397,-0.0042316852460319,-0.0058006248943053,30.0731501116753,29.406629224383764,,,1692921600000,2023-08-25T12:00:23+00:00,1692964823000,2687.424801,24031664,2023-08-26 12:00:23+00:00,https://beaconcha.in/charts/staked_ether,https://www.beaconcha.in/ethstore,extraido_html_sem_imputacao; consistencia_interna_verificada,0,4.082,,,,ausente_nao_estimado,Yahoo Finance via yfinance,30.49295361192556,Yahoo Finance via yfinance,31.08197512474594,-0.0009597629217203,0,staking_apr_rede,indisponivel_sem_dados_comparaveis
2023-08-26,24137007,3.842,1646.3067626953125,1642.0223388671875,0.9973975543773442,-0.2602445622655769,-0.0040180775919214,-0.0056636916738335,30.0629338533756,29.399415121342287,,,1693008000000,2023-08-26T12:00:23+00:00,1693051223000,2536.433614,24094128,2023-08-27 12:00:23+00:00,https://beaconcha.in/charts/staked_ether,https://www.beaconcha.in/ethstore,extraido_html_sem_imputacao; consistencia_interna_verificada,0,3.842,,,,ausente_nao_estimado,Yahoo Finance via yfinance,30.14555251473298,Yahoo Finance via yfinance,31.12690021178673,-0.0026024456226557,0,staking_apr_rede,indisponivel_sem_dados_comparaveis
2023-08-27,24201263,4.038,1657.5130615234375,1655.961669921875,0.9990640245090217,-0.0935975490978346,0.006783869824214,0.0084532939056346,30.019237811908045,29.40162138455208,,,1693094400000,2023-08-27T12:00:23+00:00,1693137623000,2673.054079,24160015,2023-08-28 12:00:23+00:00,https://beaconcha.in/charts/staked_ether,https://www.beaconcha.in/ethstore,extraido_html_sem_imputacao; consistencia_interna_verificada,0,4.038,,,,ausente_nao_estimado,Yahoo Finance via yfinance,29.653009557306405,Yahoo Finance via yfinance,30.819476363386755,-0.0009359754909783,0,staking_apr_rede,indisponivel_sem_dados_comparaveis
2023-08-28,24275887,4.479,1652.4573974609375,1651.6827392578125,0.9995312083662096,-0.0468791633790544,-0.0030548115499609,-0.0025872993113522,29.901373321198925,29.352038963072697,,,1693180800000,2023-08-28T12:00:23+00:00,1693224023000,2973.820555,24234095,2023-08-29 12:00:23+00:00,https://beaconcha.in/charts/staked_ether,https://www.beaconcha.in/ethstore,extraido_html_sem_imputacao; consistencia_interna_verificada,0,4.479,,,,ausente_nao_estimado,Yahoo Finance via yfinance,28.88538176918417,Yahoo Finance via yfinance,30.429992781444582,-0.0004687916337905,0,staking_apr_rede,indisponivel_sem_dados_comparaveis
2023-08-29,24346671,4.208,1729.7257080078125,1724.9681396484375,0.997249524397221,-0.2750475602778968,0.045699333902423,0.0434139703423369,34.51322817556206,33.67154378629585,,,1693267200000,2023-08-29T12:00:23+00:00,1693310423000,2802.20944,24305808,2023-08-30 12:00:23+00:00,https://beaconcha.in/charts/staked_ether,https://www.beaconcha.in/ethstore,extraido_html_sem_imputacao; consistencia_interna_verificada,0,4.208,,,,ausente_nao_estimado,Yahoo Finance via yfinance,39.75748952883569,Yahoo Finance via yfinance,38.76561447333049,-0.0027504756027789,0,staking_apr_rede,indisponivel_sem_dados_comparaveis
2023-08-30,24414158,4.018,1705.1121826171875,1698.771484375,0.9962813600730628,-0.3718639926937328,-0.0143319408273447,-0.0153032469734568,34.7614375422668,33.966153311200706,,,1693353600000,2023-08-30T12:00:23+00:00,1693396823000,2682.93275,24369230,2023-08-31 12:00:23+00:00,https://beaconcha.in/charts/staked_ether,https://www.beaconcha.in/ethstore,extraido_html_sem_imputacao; consistencia_interna_verificada,0,4.018,,,,ausente_nao_estimado,Yahoo Finance via yfinance,38.87265497355069,Yahoo Finance via yfinance,37.8136018072679,-0.0037186399269373,0,staking_apr_rede,indisponivel_sem_dados_comparaveis
2023-08-31,24483245,3.962,1645.63916015625,1646.8275146484375,1.0007221233676007,0.0722123367600691,-0.0355020488675533,-0.0310546148484396,36.31537012319175,35.16538426476007,,,1693440000000,2023-08-31T12:00:23+00:00,1693483223000,2652.740749,24438317,2023-09-01 12:00:23+00:00,https://beaconcha.in/charts/staked_ether,https://www.beaconcha.in/ethstore,extraido_html_sem_imputacao; consistencia_interna_verificada,0,3.962,,,,ausente_nao_estimado,Yahoo Finance via yfinance,47.01099359260517,Yahoo Finance via yfinance,44.23673952272488,0.0007221233676006,0,staking_apr_rede,indisponivel_sem_dados_comparaveis
2023-09-01,24545229,3.877,1628.4912109375,1621.645263671875,0.9957961411030988,-0.4203858896901224,-0.0104749072697508,-0.0154094899859139,36.06975458353701,35.13136625017514,,,1693526400000,2023-09-01T12:00:23+00:00,1693569623000,2602.828499,24503821,2023-09-02 12:00:23+00:00,https://beaconcha.in/charts/staked_ether,https://www.beaconcha.in/ethstore,extraido_html_sem_imputacao; consistencia_interna_verificada,0,3.877,,,,ausente_nao_estimado,Yahoo Finance via yfinance,47.46692540749932,Yahoo Finance via yfinance,45.37157901142479,-0.0042038588969012,0,staking_apr_rede,indisponivel_sem_dados_comparaveis
2023-09-02,24619309,3.75,1637.025390625,1631.856689453125,0.9968426261428348,-0.3157373857165191,0.0052268600398092,0.0062772111151249,36.21027820239912,35.31655999920775,,,1693612800000,2023-09-02T12:00:23+00:00,1693656023000,2525.289366,24578509,2023-09-03 12:00:23+00:00,https://beaconcha.in/charts/staked_ether,https://www.beaconcha.in/ethstore,extraido_html_sem_imputacao; consistencia_interna_verificada,0,3.75,,,,ausente_nao_estimado,Yahoo Finance via yfinance,47.71183775597675,Yahoo Finance via yfinance,45.69810729356068,-0.0031573738571651,0,staking_apr_rede,indisponivel_sem_dados_comparaveis
2023-09-03,24694701,3.853,1636.11767578125,1632.09228515625,0.9975396692520432,-0.2460330747956707,-0.0005546441744855,0.0001443623692447,36.227854110176594,35.34088328713301,,,1693699200000,2023-09-03T12:00:23+00:00,1693742423000,2602.584161,24654829,2023-09-04 12:00:23+00:00,https://beaconcha.in/charts/staked_ether,https://www.beaconcha.in/ethstore,extraido_html_sem_imputacao; consistencia_interna_verificada,0,3.853,,,,ausente_nao_estimado,Yahoo Finance via yfinance,47.29396544467555,Yahoo Finance via yfinance,45.054311419023314,-0.0024603307479567,0,staking_apr_rede,indisponivel_sem_dados_comparaveis
2023-09-04,24769677,3.891,1629.6552734375,1625.146484375,0.9972332866122112,-0.2766713387788666,-0.0039576607923014,-0.0042648462705692,36.12215572107391,35.17550983543835,,,1693785600000,2023-09-04T12:00:23+00:00,1693828823000,2636.162793,24728045,2023-09-05 12:00:23+00:00,https://beaconcha.in/charts/staked_ether,https://www.beaconcha.in/ethstore,extraido_html_sem_imputacao; consistencia_interna_verificada,0,3.891,,,,ausente_nao_estimado,Yahoo Finance via yfinance,47.31237716058597,Yahoo Finance via yfinance,45.08221036982255,-0.0027667133877886,0,staking_apr_rede,indisponivel_sem_dados_comparaveis
2023-09-05,24843021,4.117,1633.62939453125,1629.7603759765625,0.9976316424229146,-0.2368357577085422,0.0024356582172813,0.0028350394587881,36.190726915196,35.25344847570599,,,1693872000000,2023-09-05T12:00:23+00:00,1693915223000,2796.119393,24790573,2023-09-06 12:00:23+00:00,https://beaconcha.in/charts/staked_ether,https://www.beaconcha.in/ethstore,extraido_html_sem_imputacao; consistencia_interna_verificada,0,4.117,,,,ausente_nao_estimado,Yahoo Finance via yfinance,26.54166215218272,Yahoo Finance via yfinance,25.167205548378053,-0.0023683575770854,0,staking_apr_rede,indisponivel_sem_dados_comparaveis
2023-09-06,24899565,3.917,1632.2523193359375,1627.883544921875,0.9973234687049856,-0.2676531295014439,-0.000843309952762,-0.0011522629900122,36.18456296052594,35.24391434042292,,,1693958400000,2023-09-06T12:00:23+00:00,1694001623000,2666.952945,24853261,2023-09-07 12:00:23+00:00,https://beaconcha.in/charts/staked_ether,https://www.beaconcha.in/ethstore,extraido_html_sem_imputacao; consistencia_interna_verificada,0,3.917,,,,ausente_nao_estimado,Yahoo Finance via yfinance,26.4221901102419,Yahoo Finance via yfinance,24.77845580894581,-0.0026765312950144,0,staking_apr_rede,indisponivel_sem_dados_comparaveis
2023-09-07,24966285,4.005,1647.5982666015625,1640.446533203125,0.9956592978134232,-0.4340702186576783,0.0093577794767834,0.0076877487005004,35.82267135334309,34.715414811068094,,,1694044800000,2023-09-07T12:00:23+00:00,1694088023000,2734.724139,24923277,2023-09-08 12:00:23+00:00,https://beaconcha.in/charts/staked_ether,https://www.beaconcha.in/ethstore,extraido_html_sem_imputacao; consistencia_interna_verificada,0,4.005,,,,ausente_nao_estimado,Yahoo Finance via yfinance,12.258582954540714,Yahoo Finance via yfinance,14.826965925445188,-0.0043407021865767,0,staking_apr_rede,indisponivel_sem_dados_comparaveis
2023-09-08,25017037,4.18,1636.1378173828125,1633.2724609375,0.9982487071597086,-0.1751292840291407,-0.0069801564178675,-0.0043828341788031,35.81893464459005,34.70883211652704,,,1694131200000,2023-09-08T12:00:23+00:00,1694174423000,2859.915353,24974925,2023-09-09 12:00:23+00:00,https://beaconcha.in/charts/staked_ether,https://www.beaconcha.in/ethstore,extraido_html_sem_imputacao; consistencia_interna_verificada,0,4.18,,,,ausente_nao_estimado,Yahoo Finance via yfinance,10.553661318425943,Yahoo Finance via yfinance,9.162330039280588,-0.0017512928402914,0,staking_apr_rede,indisponivel_sem_dados_comparaveis
2023-09-09,25089901,3.798,1635.162353515625,1631.4508056640625,0.9977301655437562,-0.2269834456243846,-0.0005963768808357,-0.0011159631697588,35.83232974121293,34.69929462045109,,,1694217600000,2023-09-09T12:00:23+00:00,1694260823000,2606.491529,25048141,2023-09-10 12:00:23+00:00,https://beaconcha.in/charts/staked_ether,https://www.beaconcha.in/ethstore,extraido_html_sem_imputacao; consistencia_interna_verificada,0,3.798,,,,ausente_nao_estimado,Yahoo Finance via yfinance,9.83721729234327,Yahoo Finance via yfinance,8.072544956415717,-0.0022698344562438,0,staking_apr_rede,indisponivel_sem_dados_comparaveis
2023-09-10,25164397,3.776,1616.828857421875,1613.64404296875,0.9980302092961136,-0.1969790703886476,-0.0112753627781058,-0.01097468163582,35.90864434443293,34.76647655187678,,,1694304000000,2023-09-10T12:00:23+00:00,1694347223000,2599.390386,25124237,2023-09-11 12:00:23+00:00,https://beaconcha.in/charts/staked_ether,https://www.beaconcha.in/ethstore,extraido_html_sem_imputacao; consistencia_interna_verificada,0,3.776,,,,ausente_nao_estimado,Yahoo Finance via yfinance,12.720585993024304,Yahoo Finance via yfinance,11.278214831438603,-0.0019697907038864,0,staking_apr_rede,indisponivel_sem_dados_comparaveis
2023-09-11,25246189,4.047,1551.6376953125,1551.2147216796875,0.999727401806433,-0.0272598193566953,-0.0411557846607781,-0.039456686722976,38.05270271365164,36.79138832433546,,,1694390400000,2023-09-11T12:00:23+00:00,1694433623000,2792.851333,25190189,2023-09-12 12:00:23+00:00,https://beaconcha.in/charts/staked_ether,https://www.beaconcha.in/ethstore,extraido_html_sem_imputacao; consistencia_interna_verificada,0,4.047,,,,ausente_nao_estimado,Yahoo Finance via yfinance,31.39670558268208,Yahoo Finance via yfinance,29.766476869086063,-0.0002725981935669,0,staking_apr_rede,indisponivel_sem_dados_comparaveis
2023-09-12,25315597,3.936,1592.429443359375,1591.501953125,0.999417562744621,-0.0582437255378986,0.0259498511330005,0.0256398795503619,39.63709931739048,38.3891954149211,,,1694476800000,2023-09-12T12:00:23+00:00,1694520023000,2724.187097,25264653,2023-09-13 12:00:23+00:00,https://beaconcha.in/charts/staked_ether,https://www.beaconcha.in/ethstore,extraido_html_sem_imputacao; consistencia_interna_verificada,0,3.936,,,,ausente_nao_estimado,Yahoo Finance via yfinance,39.29681070199154,Yahoo Finance via yfinance,37.68854907790805,-0.0005824372553789,0,staking_apr_rede,indisponivel_sem_dados_comparaveis
2023-09-13,25391757,3.926,1607.988525390625,1603.9122314453125,0.997464973237715,-0.2535026762285008,0.0097232328803597,0.007767594434901,39.88023883559868,38.5853524316481,,,1694563200000,2023-09-13T12:00:23+00:00,1694606423000,2726.424308,25346573,2023-09-14 12:00:23+00:00,https://beaconcha.in/charts/staked_ether,https://www.beaconcha.in/ethstore,extraido_html_sem_imputacao; consistencia_interna_verificada,0,3.926,,,,ausente_nao_estimado,Yahoo Finance via yfinance,40.47873868854057,Yahoo Finance via yfinance,38.55174541872626,-0.002535026762285,0,staking_apr_rede,indisponivel_sem_dados_comparaveis
2023-09-14,25465868,3.91,1626.974365234375,1622.6370849609375,0.9973341434468068,-0.2665856553193291,0.0117380374839952,0.0116068665906441,40.23789956864179,38.85260662589484,,,1694649600000,2023-09-14T12:00:23+00:00,1694692823000,2723.315078,25422348,2023-09-15 12:00:23+00:00,https://beaconcha.in/charts/staked_ether,https://www.beaconcha.in/ethstore,extraido_html_sem_imputacao; consistencia_interna_verificada,0,3.91,,,,ausente_nao_estimado,Yahoo Finance via yfinance,40.92405815052879,Yahoo Finance via yfinance,39.255679859792686,-0.0026658565531932,0,staking_apr_rede,indisponivel_sem_dados_comparaveis
2023-09-15,25539978,3.851,1641.640380859375,1640.1866455078125,0.9991144617490456,-0.0885538250954498,0.0089739019042854,0.0107573876093635,40.37675717123302,39.15119179343692,,,1694736000000,2023-09-15T12:00:23+00:00,1694779223000,2690.352445,25496173,2023-09-16 12:00:23+00:00,https://beaconcha.in/charts/staked_ether,https://www.beaconcha.in/ethstore,extraido_html_sem_imputacao; consistencia_interna_verificada,0,3.851,,,,ausente_nao_estimado,Yahoo Finance via yfinance,41.31511115510575,Yahoo Finance via yfinance,40.106411671538346,-0.0008855382509544,0,staking_apr_rede,indisponivel_sem_dados_comparaveis
2023-09-16,25623785,3.603,1635.2216796875,1635.1014404296875,0.999926469139135,-0.0073530860865034,-0.0039175951032131,-0.0031051980960258,32.61590999580059,31.64972039166345,,,1694822400000,2023-09-16T12:00:23+00:00,1694865623000,2524.778505,25578506,2023-09-17 12:00:23+00:00,https://beaconcha.in/charts/staked_ether,https://www.beaconcha.in/ethstore,extraido_html_sem_imputacao; consistencia_interna_verificada,0,3.603,,,,ausente_nao_estimado,Yahoo Finance via yfinance,41.43715747203196,Yahoo Finance via yfinance,40.18394019564407,-7.353086086503424e-05,0,staking_apr_rede,indisponivel_sem_dados_comparaveis
2023-09-17,25704809,3.689,1622.896728515625,1621.7926025390625,0.9993196572787644,-0.0680342721235516,-0.0075657225538315,-0.0081727632488077,32.35169686331007,31.48105045631004,,,1694908800000,2023-09-17T12:00:23+00:00,1694952023000,2592.65572,25654825,2023-09-18 12:00:23+00:00,https://beaconcha.in/charts/staked_ether,https://www.beaconcha.in/ethstore,extraido_html_sem_imputacao; consistencia_interna_verificada,0,3.689,,,,ausente_nao_estimado,Yahoo Finance via yfinance,40.90599047569074,Yahoo Finance via yfinance,39.75350842181975,-0.0006803427212355,0,staking_apr_rede,indisponivel_sem_dados_comparaveis
2023-09-18,25780553,3.871,1637.3470458984375,1635.220458984375,0.998701199651357,-0.1298800348643047,0.0088646205681869,0.0082455503067187,32.46369901778802,31.63124508328652,,,1694995200000,2023-09-18T12:00:23+00:00,1695038423000,2727.355848,25719081,2023-09-19 12:00:23+00:00,https://beaconcha.in/charts/staked_ether,https://www.beaconcha.in/ethstore,extraido_html_sem_imputacao; consistencia_interna_verificada,0,3.871,,,,ausente_nao_estimado,Yahoo Finance via yfinance,20.99293335356757,Yahoo Finance via yfinance,20.85940491941644,-0.001298800348643,0,staking_apr_rede,indisponivel_sem_dados_comparaveis
2023-09-19,25840041,3.871,1643.544677734375,1648.7420654296875,1.0031623038702404,0.3162303870240412,0.0037780211782601,0.0082349800027024,32.31257643592032,31.569927107657648,,,1695081600000,2023-09-19T12:00:23+00:00,1695124823000,2732.320148,25763945,2023-09-20 12:00:23+00:00,https://beaconcha.in/charts/staked_ether,https://www.beaconcha.in/ethstore,extraido_html_sem_imputacao; consistencia_interna_verificada,0,3.871,,,,ausente_nao_estimado,Yahoo Finance via yfinance,14.290354023645884,Yahoo Finance via yfinance,14.479847699572302,0.0031623038702404,0,staking_apr_rede,indisponivel_sem_dados_comparaveis
2023-09-20,25885512,3.839,1622.890625,1624.2265625,1.0008231839406925,0.0823183940692251,-0.0126464026309169,-0.0149808716239074,32.40233821044089,31.857151824003125,,,1695168000000,2023-09-20T12:00:23+00:00,1695211223000,2717.60629,25836840,2023-09-21 12:00:23+00:00,https://beaconcha.in/charts/staked_ether,https://www.beaconcha.in/ethstore,extraido_html_sem_imputacao; consistencia_interna_verificada,0,3.839,,,,ausente_nao_estimado,Yahoo Finance via yfinance,17.981858887822906,Yahoo Finance via yfinance,20.10532725816622,0.0008231839406922,0,staking_apr_rede,indisponivel_sem_dados_comparaveis
2023-09-21,25962407,3.821,1584.3070068359375,1591.66552734375,1.0046446304132104,0.4644630413210393,-0.0240618035679864,-0.0202507714782381,32.71671557722298,31.64660118254019,,,1695254400000,2023-09-21T12:00:23+00:00,1695297623000,2712.915681,25917513,2023-09-22 12:00:23+00:00,https://beaconcha.in/charts/staked_ether,https://www.beaconcha.in/ethstore,extraido_html_sem_imputacao; consistencia_interna_verificada,0,3.821,,,,ausente_nao_estimado,Yahoo Finance via yfinance,23.18960665230252,Yahoo Finance via yfinance,23.52091859659671,0.0046446304132103,0,staking_apr_rede,indisponivel_sem_dados_comparaveis
2023-09-22,26041000,3.638,1593.268310546875,1597.583740234375,1.0027085392076986,0.2708539207698646,0.00564035566334,0.0037113559883767,31.181844876188418,29.98734641656911,,,1695340800000,2023-09-22T12:00:23+00:00,1695384023000,2590.873003,25997064,2023-09-23 12:00:23+00:00,https://beaconcha.in/charts/staked_ether,https://www.beaconcha.in/ethstore,extraido_html_sem_imputacao; consistencia_interna_verificada,0,3.638,,,,ausente_nao_estimado,Yahoo Finance via yfinance,22.17562099197228,Yahoo Finance via yfinance,21.524399820015656,0.0027085392076986,0,staking_apr_rede,indisponivel_sem_dados_comparaveis
2023-09-23,26124551,3.548,1593.8577880859375,1594.6361083984375,1.00048832481688,0.0488324816880103,0.0003699116555426,-0.0018467604447403,30.98589556497081,29.820284146274904,,,1695427200000,2023-09-23T12:00:23+00:00,1695470423000,2535.326431,26080776,2023-09-24 12:00:23+00:00,https://beaconcha.in/charts/staked_ether,https://www.beaconcha.in/ethstore,extraido_html_sem_imputacao; consistencia_interna_verificada,0,3.548,,,,ausente_nao_estimado,Yahoo Finance via yfinance,22.43202071213096,Yahoo Finance via yfinance,21.566817648563188,0.0004883248168801,0,staking_apr_rede,indisponivel_sem_dados_comparaveis
2023-09-24,26203014,3.63,1580.8533935546875,1581.4781494140625,1.000395201643569,0.039520164356932,-0.0081925356496866,-0.0082856177028361,31.06289451527776,29.87941623705417,,,1695513600000,2023-09-24T12:00:23+00:00,1695556823000,2601.159812,26157415,2023-09-25 12:00:23+00:00,https://beaconcha.in/charts/staked_ether,https://www.beaconcha.in/ethstore,extraido_html_sem_imputacao; consistencia_interna_verificada,0,3.63,,,,ausente_nao_estimado,Yahoo Finance via yfinance,22.502864282731363,Yahoo Finance via yfinance,21.58158691316096,0.0003952016435693,0,staking_apr_rede,indisponivel_sem_dados_comparaveis
2023-09-25,26284424,3.852,1588.3228759765625,1587.6290283203125,0.999563157046502,-0.0436842953497995,0.0047138408329368,0.0038817788637904,31.12258073123144,29.89513495652229,,,1695600000000,2023-09-25T12:00:23+00:00,1695643223000,2768.723697,26235144,2023-09-26 12:00:23+00:00,https://beaconcha.in/charts/staked_ether,https://www.beaconcha.in/ethstore,extraido_html_sem_imputacao; consistencia_interna_verificada,0,3.852,,,,ausente_nao_estimado,Yahoo Finance via yfinance,21.25226703269337,Yahoo Finance via yfinance,20.31807772242196,-0.0004368429534979,0,staking_apr_rede,indisponivel_sem_dados_comparaveis
2023-09-26,26350664,3.798,1593.417236328125,1591.2493896484375,0.9986394984124288,-0.1360501587571061,0.0032022506710494,0.0022777611581007,31.0319513965443,29.72326764281207,,,1695686400000,2023-09-26T12:00:23+00:00,1695729623000,2736.443828,26298056,2023-09-27 12:00:23+00:00,https://beaconcha.in/charts/staked_ether,https://www.beaconcha.in/ethstore,extraido_html_sem_imputacao; consistencia_interna_verificada,0,3.798,,,,ausente_nao_estimado,Yahoo Finance via yfinance,21.12209763479902,Yahoo Finance via yfinance,18.46781386051832,-0.001360501587571,0,staking_apr_rede,indisponivel_sem_dados_comparaveis
2023-09-27,26414696,3.724,1597.4912109375,1597.8560791015625,1.0002284007333275,0.0228400733327527,0.0025534902616827,0.0041432928256606,31.054017975589087,29.78005944525814,,,1695772800000,2023-09-27T12:00:23+00:00,1695816023000,2689.777355,26364936,2023-09-28 12:00:23+00:00,https://beaconcha.in/charts/staked_ether,https://www.beaconcha.in/ethstore,extraido_html_sem_imputacao; consistencia_interna_verificada,0,3.724,,,,ausente_nao_estimado,Yahoo Finance via yfinance,20.361003656610777,Yahoo Finance via yfinance,17.35427904155873,0.0002284007333275,0,staking_apr_rede,indisponivel_sem_dados_comparaveis
2023-09-28,26487208,3.667,1652.8826904296875,1647.44677734375,0.9967112529416564,-0.3288747058343477,0.0340864431495676,0.0305639016225704,29.04949571788205,27.62136366902818,,,1695859200000,2023-09-28T12:00:23+00:00,1695902423000,2656.038802,26439880,2023-09-29 12:00:23+00:00,https://beaconcha.in/charts/staked_ether,https://www.beaconcha.in/ethstore,extraido_html_sem_imputacao; consistencia_interna_verificada,0,3.667,,,,ausente_nao_estimado,Yahoo Finance via yfinance,25.19447497590172,Yahoo Finance via yfinance,23.24103163047401,-0.0032887470583434,0,staking_apr_rede,indisponivel_sem_dados_comparaveis
2023-09-29,26564711,3.652,1667.94384765625,1666.048583984375,0.9988637125437178,-0.1136287456282247,0.0090707902518011,0.0112280236046174,28.896400625803263,27.5066295436324,,,1695945600000,2023-09-29T12:00:23+00:00,1695988823000,2653.420847,26520647,2023-09-30 12:00:23+00:00,https://beaconcha.in/charts/staked_ether,https://www.beaconcha.in/ethstore,extraido_html_sem_imputacao; consistencia_interna_verificada,0,3.652,,,,ausente_nao_estimado,Yahoo Finance via yfinance,25.281886471630845,Yahoo Finance via yfinance,23.63356867356856,-0.0011362874562822,0,staking_apr_rede,indisponivel_sem_dados_comparaveis
2023-09-30,26644999,3.572,1671.161865234375,1674.5517578125,1.002028464536348,0.2028464536347973,0.0019274733123827,0.0050908168128,26.036084394865327,25.27675732248276,,,1696032000000,2023-09-30T12:00:23+00:00,1696075223000,2603.066422,26598311,2023-10-01 12:00:23+00:00,https://beaconcha.in/charts/staked_ether,https://www.beaconcha.in/ethstore,extraido_html_sem_imputacao; consistencia_interna_verificada,0,3.572,,,,ausente_nao_estimado,Yahoo Finance via yfinance,25.07468237503144,Yahoo Finance via yfinance,22.74763673442449,0.0020284645363479,0,staking_apr_rede,indisponivel_sem_dados_comparaveis
2023-10-01,26725190,3.805,1733.8104248046875,1733.534423828125,0.9998408124829486,-0.0159187517051351,0.0368024319183155,0.034616821749499,28.61913767911095,27.245998228244893,,,1696118400000,2023-10-01T12:00:23+00:00,1696161623000,2781.763329,26681095,2023-10-02 12:00:23+00:00,https://beaconcha.in/charts/staked_ether,https://www.beaconcha.in/ethstore,extraido_html_sem_imputacao; consistencia_interna_verificada,0,3.805,,,,ausente_nao_estimado,Yahoo Finance via yfinance,29.419552952192674,Yahoo Finance via yfinance,26.078234136270307,-0.0001591875170513,0,staking_apr_rede,indisponivel_sem_dados_comparaveis
2023-10-02,26806438,3.894,1663.6275634765625,1664.80810546875,1.000709619158822,0.0709619158822061,-0.0413210468044494,-0.0404524791175251,32.34042616154175,30.98945118458189,,,1696204800000,2023-10-02T12:00:23+00:00,1696248023000,2855.240128,26760774,2023-10-03 12:00:23+00:00,https://beaconcha.in/charts/staked_ether,https://www.beaconcha.in/ethstore,extraido_html_sem_imputacao; consistencia_interna_verificada,0,3.894,,,,ausente_nao_estimado,Yahoo Finance via yfinance,49.45182660478261,Yahoo Finance via yfinance,46.9358706108868,0.000709619158822,0,staking_apr_rede,indisponivel_sem_dados_comparaveis
2023-10-03,26870656,3.712,1656.6856689453125,1656.0640869140625,0.9996248038822924,-0.0375196117707532,-0.0041814757585094,-0.0052661097780862,32.380557126604344,31.058309993489548,,,1696291200000,2023-10-03T12:00:23+00:00,1696334423000,2727.701112,26820390,2023-10-04 12:00:23+00:00,https://beaconcha.in/charts/staked_ether,https://www.beaconcha.in/ethstore,extraido_html_sem_imputacao; consistencia_interna_verificada,0,3.712,,,,ausente_nao_estimado,Yahoo Finance via yfinance,50.045891812333885,Yahoo Finance via yfinance,47.6863120590975,-0.0003751961177075,0,staking_apr_rede,indisponivel_sem_dados_comparaveis
2023-10-04,26917248,3.567,1647.838134765625,1645.83056640625,0.9987816956550404,-0.1218304344959508,-0.0053548140951199,-0.0061985946547501,32.407967118196325,31.102832157746384,,,1696377600000,2023-10-04T12:00:23+00:00,1696420823000,2623.36405,26844544,2023-10-05 12:00:23+00:00,https://beaconcha.in/charts/staked_ether,https://www.beaconcha.in/ethstore,extraido_html_sem_imputacao; consistencia_interna_verificada,0,3.567,,,,ausente_nao_estimado,Yahoo Finance via yfinance,50.65722979388314,Yahoo Finance via yfinance,48.47045133795421,-0.0012183043449595,0,staking_apr_rede,indisponivel_sem_dados_comparaveis
2023-10-05,26934624,3.566,1611.4764404296875,1613.3587646484375,1.0011680743022515,0.1168074302251742,-0.0223134049540472,-0.0199269652387973,33.34560415390288,31.88407437707792,,,1696464000000,2023-10-05T12:00:23+00:00,1696507223000,2627.226423,26888352,2023-10-06 12:00:23+00:00,https://beaconcha.in/charts/staked_ether,https://www.beaconcha.in/ethstore,extraido_html_sem_imputacao; consistencia_interna_verificada,0,3.566,,,,ausente_nao_estimado,Yahoo Finance via yfinance,46.7970500359226,Yahoo Finance via yfinance,45.39524591348852,0.0011680743022517,0,staking_apr_rede,indisponivel_sem_dados_comparaveis
2023-10-06,27010496,3.556,1645.83154296875,1644.4603271484375,0.9991668553041344,-0.0833144695865484,0.0210949512282873,0.0190940666402508,34.18102043221212,32.59314173543044,,,1696550400000,2023-10-06T12:00:23+00:00,1696593623000,2626.964841,26963040,2023-10-07 12:00:23+00:00,https://beaconcha.in/charts/staked_ether,https://www.beaconcha.in/ethstore,extraido_html_sem_imputacao; consistencia_interna_verificada,0,3.556,,,,ausente_nao_estimado,Yahoo Finance via yfinance,49.50831906073209,Yahoo Finance via yfinance,47.21264275461201,-0.0008331446958654,0,staking_apr_rede,indisponivel_sem_dados_comparaveis
2023-10-07,27088384,3.441,1634.51123046875,1637.6317138671875,1.0019091232536486,0.1909123253648559,-0.0069019356941436,-0.0041611405463848,34.107733319277706,32.51879214138984,,,1696636800000,2023-10-07T12:00:23+00:00,1696680023000,2549.048387,27039776,2023-10-08 12:00:23+00:00,https://beaconcha.in/charts/staked_ether,https://www.beaconcha.in/ethstore,extraido_html_sem_imputacao; consistencia_interna_verificada,0,3.441,,,,ausente_nao_estimado,Yahoo Finance via yfinance,49.502894641131775,Yahoo Finance via yfinance,46.85497792729325,0.0019091232536485,0,staking_apr_rede,indisponivel_sem_dados_comparaveis
2023-10-08,27166847,3.474,1633.548583984375,1633.6475830078125,1.0000606036602817,0.006060366028171,-0.0005891241696125,-0.0024358255396187,34.022126972609755,32.49327701524229,,,1696723200000,2023-10-08T12:00:23+00:00,1696766423000,2581.111678,27121183,2023-10-09 12:00:23+00:00,https://beaconcha.in/charts/staked_ether,https://www.beaconcha.in/ethstore,extraido_html_sem_imputacao; consistencia_interna_verificada,0,3.474,,,,ausente_nao_estimado,Yahoo Finance via yfinance,36.89428194718574,Yahoo Finance via yfinance,34.74374811005791,6.06036602817106e-05,0,staking_apr_rede,indisponivel_sem_dados_comparaveis
2023-10-09,27241855,3.517,1579.806640625,1578.0491943359375,0.9988875560819472,-0.1112443918052652,-0.0334522336796812,-0.0346258986467013,35.963049865817794,34.66860944990404,,,1696809600000,2023-10-09T12:00:23+00:00,1696852823000,2620.11869,27195615,2023-10-10 12:00:23+00:00,https://beaconcha.in/charts/staked_ether,https://www.beaconcha.in/ethstore,extraido_html_sem_imputacao; consistencia_interna_verificada,0,3.517,,,,ausente_nao_estimado,Yahoo Finance via yfinance,32.85339860781165,Yahoo Finance via yfinance,31.59373057663952,-0.0011124439180526,0,staking_apr_rede,indisponivel_sem_dados_comparaveis
2023-10-10,27311807,3.52,1567.7130126953125,1572.8089599609375,1.0032505613108764,0.3250561310876421,-0.0076845826398135,-0.0033262298394892,35.85743572403835,34.49689987456776,,,1696896000000,2023-10-10T12:00:23+00:00,1696939223000,2626.002478,27230783,2023-10-11 12:00:23+00:00,https://beaconcha.in/charts/staked_ether,https://www.beaconcha.in/ethstore,extraido_html_sem_imputacao; consistencia_interna_verificada,0,3.52,,,,ausente_nao_estimado,Yahoo Finance via yfinance,32.742770385271456,Yahoo Finance via yfinance,31.713443322701018,0.0032505613108764,0,staking_apr_rede,indisponivel_sem_dados_comparaveis
2023-10-11,27347294,3.499,1566.2547607421875,1564.7640380859375,0.9990482246607548,-0.0951775339245286,-0.0009306107553027,-0.0051281289775568,32.80706361893706,31.62023330860289,,,1696982400000,2023-10-11T12:00:23+00:00,1697025623000,2616.474094,27296927,2023-10-12 12:00:23+00:00,https://beaconcha.in/charts/staked_ether,https://www.beaconcha.in/ethstore,extraido_html_sem_imputacao; consistencia_interna_verificada,0,3.499,,,,ausente_nao_estimado,Yahoo Finance via yfinance,33.104673300485175,Yahoo Finance via yfinance,31.746871935778653,-0.0009517753392452,0,staking_apr_rede,indisponivel_sem_dados_comparaveis
2023-10-12,27432254,3.567,1539.6124267578125,1535.459716796875,0.9973027562724456,-0.2697243727554532,-0.0171565529889217,-0.0189052122675311,32.00299012807495,30.93552595903332,,,1697068800000,2023-10-12T12:00:23+00:00,1697112023000,2675.62946,27382014,2023-10-13 12:00:23+00:00,https://beaconcha.in/charts/staked_ether,https://www.beaconcha.in/ethstore,extraido_html_sem_imputacao; consistencia_interna_verificada,0,3.567,,,,ausente_nao_estimado,Yahoo Finance via yfinance,31.86376615239605,Yahoo Finance via yfinance,31.505658018702054,-0.0026972437275545,0,staking_apr_rede,indisponivel_sem_dados_comparaveis
2023-10-13,27490654,3.571,1552.0894775390625,1550.1580810546875,0.9987556152449166,-0.1244384755083372,0.0080713593380655,0.0095270875369707,31.93763876163162,31.00569293967633,,,1697155200000,2023-10-13T12:00:23+00:00,1697198423000,2685.522662,27448126,2023-10-14 12:00:23+00:00,https://beaconcha.in/charts/staked_ether,https://www.beaconcha.in/ethstore,extraido_html_sem_imputacao; consistencia_interna_verificada,0,3.571,,,,ausente_nao_estimado,Yahoo Finance via yfinance,25.81118166826085,Yahoo Finance via yfinance,27.12542888963962,-0.0012443847550833,0,staking_apr_rede,indisponivel_sem_dados_comparaveis
2023-10-14,27556414,3.388,1555.2568359375,1553.911376953125,0.9991348959520476,-0.0865104047952258,0.0020386266452902,0.0024183078235749,31.62151317874338,30.69447113631773,,,1697241600000,2023-10-14T12:00:23+00:00,1697284823000,2554.628566,27522206,2023-10-15 12:00:23+00:00,https://beaconcha.in/charts/staked_ether,https://www.beaconcha.in/ethstore,extraido_html_sem_imputacao; consistencia_interna_verificada,0,3.388,,,,ausente_nao_estimado,Yahoo Finance via yfinance,26.90630683887513,Yahoo Finance via yfinance,28.152888787420306,-0.0008651040479522,0,staking_apr_rede,indisponivel_sem_dados_comparaveis
2023-10-15,27581821,3.502,1558.06982421875,1558.4019775390625,1.0002131825641891,0.0213182564189118,0.0018070632180871,0.0028857015285175,31.420834237138223,30.422282725872098,,,1697328000000,2023-10-15T12:00:23+00:00,1697371223000,2645.483214,27571329,2023-10-16 12:00:23+00:00,https://beaconcha.in/charts/staked_ether,https://www.beaconcha.in/ethstore,extraido_html_sem_imputacao; consistencia_interna_verificada,0,3.502,,,,ausente_nao_estimado,Yahoo Finance via yfinance,27.31164761947437,Yahoo Finance via yfinance,28.98477413472224,0.0002131825641891,0,staking_apr_rede,indisponivel_sem_dados_comparaveis
2023-10-16,27591996,3.66,1600.5343017578125,1597.4044189453125,0.9980444762670424,-0.1955523732957487,0.0268897490832338,0.0247191509733759,32.95249696576522,31.77894997066464,,,1697414400000,2023-10-16T12:00:23+00:00,1697457623000,2764.816232,27574205,2023-10-17 12:00:23+00:00,https://beaconcha.in/charts/staked_ether,https://www.beaconcha.in/ethstore,extraido_html_sem_imputacao; consistencia_interna_verificada,0,3.66,,,,ausente_nao_estimado,Yahoo Finance via yfinance,26.167767932103853,Yahoo Finance via yfinance,25.7446809111544,-0.0019555237329574,0,staking_apr_rede,indisponivel_sem_dados_comparaveis
2023-10-17,27621500,3.555,1565.4395751953125,1566.6939697265625,1.0008013049823998,0.080130498239983,-0.0221708488271609,-0.0194124264523554,33.7195386102474,32.34494109058696,,,1697500800000,2023-10-17T12:00:23+00:00,1697544023000,2685.27141,27572060,2023-10-18 12:00:23+00:00,https://beaconcha.in/charts/staked_ether,https://www.beaconcha.in/ethstore,extraido_html_sem_imputacao; consistencia_interna_verificada,0,3.555,,,,ausente_nao_estimado,Yahoo Finance via yfinance,31.02314648912097,Yahoo Finance via yfinance,29.948292158770336,0.0008013049823998,0,staking_apr_rede,indisponivel_sem_dados_comparaveis
2023-10-18,27629595,3.517,1563.7498779296875,1564.764404296875,1.000648777903363,0.064877790336304,-0.0010799585356926,-0.0012323751066942,33.52373724752374,32.166806188715384,,,1697587200000,2023-10-18T12:00:23+00:00,1697630423000,2656.842336,27573947,2023-10-19 12:00:23+00:00,https://beaconcha.in/charts/staked_ether,https://www.beaconcha.in/ethstore,extraido_html_sem_imputacao; consistencia_interna_verificada,0,3.517,,,,ausente_nao_estimado,Yahoo Finance via yfinance,31.025452062765343,Yahoo Finance via yfinance,29.717757706785385,0.000648777903363,0,staking_apr_rede,indisponivel_sem_dados_comparaveis
2023-10-19,27612411,3.738,1567.45703125,1567.143798828125,0.999800165225821,-0.0199834774178953,0.0023678761320827,0.0015194538503135,33.499218608526334,31.996683364099194,,,1697673600000,2023-10-19T12:00:23+00:00,1697716823000,2825.79516,27590299,2023-10-20 12:00:23+00:00,https://beaconcha.in/charts/staked_ether,https://www.beaconcha.in/ethstore,extraido_html_sem_imputacao; consistencia_interna_verificada,0,3.738,,,,ausente_nao_estimado,Yahoo Finance via yfinance,27.554153852882763,Yahoo Finance via yfinance,25.11717252358512,-0.0001998347741789,0,staking_apr_rede,indisponivel_sem_dados_comparaveis
2023-10-20,27629274,3.638,1604.6668701171875,1601.8211669921875,0.9982266081652248,-0.1773391834775095,0.0234615966110297,0.0218864851992287,34.35462126048188,32.64706076805011,,,1697760000000,2023-10-20T12:00:23+00:00,1697803223000,2752.065521,27612378,2023-10-21 12:00:23+00:00,https://beaconcha.in/charts/staked_ether,https://www.beaconcha.in/ethstore,extraido_html_sem_imputacao; consistencia_interna_verificada,0,3.638,,,,ausente_nao_estimado,Yahoo Finance via yfinance,31.3994482364564,Yahoo Finance via yfinance,28.4588826855716,-0.001773391834775,0,staking_apr_rede,indisponivel_sem_dados_comparaveis
2023-10-21,27647226,3.52,1629.304443359375,1630.875732421875,1.0009643925473255,0.0964392547325498,0.0152370244020293,0.0179759183772333,33.67246632391133,32.45320271029991,,,1697846400000,2023-10-21T12:00:23+00:00,1697889623000,2663.901984,27625178,2023-10-22 12:00:23+00:00,https://beaconcha.in/charts/staked_ether,https://www.beaconcha.in/ethstore,extraido_html_sem_imputacao; consistencia_interna_verificada,0,3.52,,,,ausente_nao_estimado,Yahoo Finance via yfinance,32.14141538311065,Yahoo Finance via yfinance,29.887090957345208,0.0009643925473254,0,staking_apr_rede,indisponivel_sem_dados_comparaveis
2023-10-22,27663354,3.604,1663.429931640625,1659.4005126953125,0.997577644318725,-0.2422355681275023,0.0207284926620939,0.017339270511104,34.34252987258298,32.95079969409703,,,1697932800000,2023-10-22T12:00:23+00:00,1697976023000,2729.511216,27642266,2023-10-23 12:00:23+00:00,https://beaconcha.in/charts/staked_ether,https://www.beaconcha.in/ethstore,extraido_html_sem_imputacao; consistencia_interna_verificada,0,3.604,,,,ausente_nao_estimado,Yahoo Finance via yfinance,33.29243785338867,Yahoo Finance via yfinance,30.519996059338823,-0.002422355681275,0,staking_apr_rede,indisponivel_sem_dados_comparaveis
2023-10-23,27641082,3.945,1765.3826904296875,1759.348388671875,0.9965818732728462,-0.3418126727153803,0.059485794112344,0.0584871065752059,39.85881244177677,38.48865109049231,,,1698019200000,2023-10-23T12:00:23+00:00,1698062423000,2983.001506,27598106,2023-10-24 12:00:23+00:00,https://beaconcha.in/charts/staked_ether,https://www.beaconcha.in/ethstore,extraido_html_sem_imputacao; consistencia_interna_verificada,0,3.945,,,,ausente_nao_estimado,Yahoo Finance via yfinance,48.56024040817808,Yahoo Finance via yfinance,46.61602141598796,-0.0034181267271538,0,staking_apr_rede,indisponivel_sem_dados_comparaveis
2023-10-24,27653434,3.66,1784.4375,1786.2142333984375,1.0009956826161956,0.0995682616195647,0.0107357508625241,0.0151549199841055,39.712054361768914,38.47081571783711,,,1698105600000,2023-10-24T12:00:23+00:00,1698148823000,2768.642664,27609946,2023-10-25 12:00:23+00:00,https://beaconcha.in/charts/staked_ether,https://www.beaconcha.in/ethstore,extraido_html_sem_imputacao; consistencia_interna_verificada,0,3.66,,,,ausente_nao_estimado,Yahoo Finance via yfinance,38.39794557228453,Yahoo Finance via yfinance,37.41010475062485,0.0009956826161956,0,staking_apr_rede,indisponivel_sem_dados_comparaveis
2023-10-25,27671130,3.868,1787.3975830078125,1785.6199951171875,0.9990054882542508,-0.099451174574916,0.0016574582065942,-0.0003327356471296,39.71981619578532,38.50131971523608,,,1698192000000,2023-10-25T12:00:23+00:00,1698235223000,2928.984873,27636218,2023-10-26 12:00:23+00:00,https://beaconcha.in/charts/staked_ether,https://www.beaconcha.in/ethstore,extraido_html_sem_imputacao; consistencia_interna_verificada,0,3.868,,,,ausente_nao_estimado,Yahoo Finance via yfinance,37.58210345351952,Yahoo Finance via yfinance,37.12256272116069,-0.0009945117457491,0,staking_apr_rede,indisponivel_sem_dados_comparaveis
2023-10-26,27680248,3.79,1804.039306640625,1801.263427734375,0.9984612979905526,-0.153870200944739,0.0092675122813854,0.0087226318549276,39.76203247838697,38.5323898729151,,,1698278400000,2023-10-26T12:00:23+00:00,1698321623000,2869.162371,27629787,2023-10-27 12:00:23+00:00,https://beaconcha.in/charts/staked_ether,https://www.beaconcha.in/ethstore,extraido_html_sem_imputacao; consistencia_interna_verificada,0,3.79,,,,ausente_nao_estimado,Yahoo Finance via yfinance,36.0112414609923,Yahoo Finance via yfinance,35.39994506665632,-0.0015387020094473,0,staking_apr_rede,indisponivel_sem_dados_comparaveis
2023-10-27,27684728,3.742,1780.0452880859375,1772.94189453125,0.996009430994688,-0.3990569005312028,-0.0133894032812731,-0.0158480688263396,40.228148152141614,39.15755812418115,,,1698364800000,2023-10-27T12:00:23+00:00,1698408023000,2836.987066,27669560,2023-10-28 12:00:23+00:00,https://beaconcha.in/charts/staked_ether,https://www.beaconcha.in/ethstore,extraido_html_sem_imputacao; consistencia_interna_verificada,0,3.742,,,,ausente_nao_estimado,Yahoo Finance via yfinance,43.05089594886253,Yahoo Finance via yfinance,43.63462698236475,-0.003990569005312,0,staking_apr_rede,indisponivel_sem_dados_comparaveis
2023-10-28,27707256,3.609,1776.6181640625,1774.29345703125,0.9986914987821952,-0.1308501217804902,-0.0019271573654481,0.0007620371536999,38.727124994165735,37.92212753889754,,,1698451200000,2023-10-28T12:00:23+00:00,1698494423000,2736.352743,27677784,2023-10-29 12:00:23+00:00,https://beaconcha.in/charts/staked_ether,https://www.beaconcha.in/ethstore,extraido_html_sem_imputacao; consistencia_interna_verificada,0,3.609,,,,ausente_nao_estimado,Yahoo Finance via yfinance,44.70164072415719,Yahoo Finance via yfinance,44.56106189513709,-0.0013085012178049,0,staking_apr_rede,indisponivel_sem_dados_comparaveis
2023-10-29,27721144,3.638,1795.5460205078125,1792.4066162109375,0.99825156010427,-0.1748439895729925,0.0105975160220886,0.0101569038743513,38.763836679962296,37.89283082008061,,,1698537600000,2023-10-29T12:00:23+00:00,1698580823000,2761.22951,27703480,2023-10-30 12:00:23+00:00,https://beaconcha.in/charts/staked_ether,https://www.beaconcha.in/ethstore,extraido_html_sem_imputacao; consistencia_interna_verificada,0,3.638,,,,ausente_nao_estimado,Yahoo Finance via yfinance,44.14376359539565,Yahoo Finance via yfinance,44.342816545250905,-0.0017484398957299,0,staking_apr_rede,indisponivel_sem_dados_comparaveis
2023-10-30,27755352,3.832,1810.088623046875,1806.0228271484373,0.997753813903546,-0.2246186096454105,0.0080666417065267,0.0075678993508961,38.81239325811333,37.92450455873528,,,1698624000000,2023-10-30T12:00:23+00:00,1698667223000,2910.150907,27720728,2023-10-31 12:00:23+00:00,https://beaconcha.in/charts/staked_ether,https://www.beaconcha.in/ethstore,extraido_html_sem_imputacao; consistencia_interna_verificada,0,3.832,,,,ausente_nao_estimado,Yahoo Finance via yfinance,16.997222435815267,Yahoo Finance via yfinance,19.42241372285323,-0.0022461860964541,0,staking_apr_rede,indisponivel_sem_dados_comparaveis
2023-10-31,27845240,3.691,1816.458984375,1806.41943359375,0.9944730099233678,-0.5526990076632154,0.0035131858560219,0.0002195780130337,36.8122529023954,36.115108361961326,,,1698710400000,2023-10-31T12:00:23+00:00,1698753623000,2808.514784,27772376,2023-11-01 12:00:23+00:00,https://beaconcha.in/charts/staked_ether,https://www.beaconcha.in/ethstore,extraido_html_sem_imputacao; consistencia_interna_verificada,0,3.691,,,,ausente_nao_estimado,Yahoo Finance via yfinance,15.911015475461904,Yahoo Finance via yfinance,16.915298735400434,-0.0055269900766321,0,staking_apr_rede,indisponivel_sem_dados_comparaveis
2023-11-01,27882072,3.81,1847.0897216796875,1838.17333984375,0.9951727402674142,-0.4827259732585798,0.0167222840715646,0.0174256558882084,33.74348316578599,33.20396688501683,,,1698796800000,2023-11-01T12:00:23+00:00,1698840023000,2905.40433,27830776,2023-11-02 12:00:23+00:00,https://beaconcha.in/charts/staked_ether,https://www.beaconcha.in/ethstore,extraido_html_sem_imputacao; consistencia_interna_verificada,0,3.81,,,,ausente_nao_estimado,Yahoo Finance via yfinance,18.84958978593073,Yahoo Finance via yfinance,20.215281515119763,-0.0048272597325857,0,staking_apr_rede,indisponivel_sem_dados_comparaveis
2023-11-02,27896088,3.727,1800.6209716796875,1800.443603515625,0.9999014961133674,-0.0098503886632572,-0.0254796873407727,-0.0207392474964678,35.14150360810801,34.13217528684157,,,1698883200000,2023-11-02T12:00:23+00:00,1698926423000,2841.931736,27831448,2023-11-03 12:00:23+00:00,https://beaconcha.in/charts/staked_ether,https://www.beaconcha.in/ethstore,extraido_html_sem_imputacao; consistencia_interna_verificada,0,3.727,,,,ausente_nao_estimado,Yahoo Finance via yfinance,28.133069912998977,Yahoo Finance via yfinance,26.40320956624569,-9.85038866325727e-05,0,staking_apr_rede,indisponivel_sem_dados_comparaveis
2023-11-03,27884119,3.707,1832.795166015625,1826.4090576171875,0.9965156453285936,-0.3484354671406287,0.0177106249924294,0.0143186945579249,35.38981287896806,34.202598924207045,,,1698969600000,2023-11-03T12:00:23+00:00,1699012823000,2829.206018,27856728,2023-11-04 12:00:23+00:00,https://beaconcha.in/charts/staked_ether,https://www.beaconcha.in/ethstore,extraido_html_sem_imputacao; consistencia_interna_verificada,0,3.707,,,,ausente_nao_estimado,Yahoo Finance via yfinance,28.274024272816074,Yahoo Finance via yfinance,24.33852802222667,-0.0034843546714062,0,staking_apr_rede,indisponivel_sem_dados_comparaveis
2023-11-04,27941463,3.6,1857.6986083984373,1849.9713134765625,0.9958403936532328,-0.4159606346767264,0.0134961996481003,0.0128183572464371,34.28346039717919,33.277883954731045,,,1699056000000,2023-11-04T12:00:23+00:00,1699099223000,2750.642582,27892183,2023-11-05 12:00:23+00:00,https://beaconcha.in/charts/staked_ether,https://www.beaconcha.in/ethstore,extraido_html_sem_imputacao; consistencia_interna_verificada,0,3.6,,,,ausente_nao_estimado,Yahoo Finance via yfinance,28.44307000483699,Yahoo Finance via yfinance,24.840963949533908,-0.0041596063467672,0,staking_apr_rede,indisponivel_sem_dados_comparaveis
2023-11-05,28003735,3.738,1894.15771484375,1887.8291015625,0.9966588773301952,-0.3341122669804797,0.0194358477541512,0.0202574126449589,34.18859406520699,33.34423343074962,,,1699142400000,2023-11-05T12:00:23+00:00,1699185623000,2864.554316,27971447,2023-11-06 12:00:23+00:00,https://beaconcha.in/charts/staked_ether,https://www.beaconcha.in/ethstore,extraido_html_sem_imputacao; consistencia_interna_verificada,0,3.738,,,,ausente_nao_estimado,Yahoo Finance via yfinance,29.91894863243428,Yahoo Finance via yfinance,26.865616322807305,-0.0033411226698047,0,staking_apr_rede,indisponivel_sem_dados_comparaveis
2023-11-06,28041815,3.764,1899.83740234375,1892.40869140625,0.99608981751368,-0.3910182486319913,0.0029940427266941,0.0024229121737488,33.9398423632425,33.20528377662436,,,1699228800000,2023-11-06T12:00:23+00:00,1699272023000,2887.394143,27999927,2023-11-07 12:00:23+00:00,https://beaconcha.in/charts/staked_ether,https://www.beaconcha.in/ethstore,extraido_html_sem_imputacao; consistencia_interna_verificada,0,3.764,,,,ausente_nao_estimado,Yahoo Finance via yfinance,30.0984098157401,Yahoo Finance via yfinance,27.10302818929073,-0.0039101824863199,0,staking_apr_rede,indisponivel_sem_dados_comparaveis
2023-11-07,28099351,3.665,1888.124267578125,1876.697509765625,0.9939480901714394,-0.6051909828560631,-0.0061844195475059,-0.0083368691675479,34.1117869099631,33.43060889375768,,,1699315200000,2023-11-07T12:00:23+00:00,1699358423000,2815.979922,28045111,2023-11-08 12:00:23+00:00,https://beaconcha.in/charts/staked_ether,https://www.beaconcha.in/ethstore,extraido_html_sem_imputacao; consistencia_interna_verificada,0,3.665,,,,ausente_nao_estimado,Yahoo Finance via yfinance,31.544688304838065,Yahoo Finance via yfinance,28.98189272940648,-0.0060519098285606,0,staking_apr_rede,indisponivel_sem_dados_comparaveis
2023-11-08,28147447,3.779,1889.3223876953125,1884.7200927734373,0.9975640499727052,-0.2435950027294908,0.0006343545080602,0.0042657295842945,31.24933088190686,30.288375253337698,,,1699401600000,2023-11-08T12:00:23+00:00,1699444823000,2909.88475,28105911,2023-11-09 12:00:23+00:00,https://beaconcha.in/charts/staked_ether,https://www.beaconcha.in/ethstore,extraido_html_sem_imputacao; consistencia_interna_verificada,0,3.779,,,,ausente_nao_estimado,Yahoo Finance via yfinance,30.18125584305457,Yahoo Finance via yfinance,27.1762131690542,-0.0024359500272949,0,staking_apr_rede,indisponivel_sem_dados_comparaveis
2023-11-09,28184023,3.994,2120.56103515625,2108.234619140625,0.9941871911200534,-0.5812808879946618,0.1154624531406324,0.1120716059117905,48.97478870109618,47.63402937050002,,,1699488000000,2023-11-09T12:00:23+00:00,1699531223000,3073.654967,28090839,2023-11-10 12:00:23+00:00,https://beaconcha.in/charts/staked_ether,https://www.beaconcha.in/ethstore,extraido_html_sem_imputacao; consistencia_interna_verificada,0,3.994,,,,ausente_nao_estimado,Yahoo Finance via yfinance,79.66098248260577,Yahoo Finance via yfinance,77.50768510129336,-0.0058128088799466,0,staking_apr_rede,indisponivel_sem_dados_comparaveis
2023-11-10,28194135,3.858,2078.289794921875,2076.2099609375,0.9989992569903116,-0.1000743009688442,-0.0201353513677363,-0.0153068264456244,49.96576332081922,48.16397918878874,,,1699574400000,2023-11-10T12:00:23+00:00,1699617623000,2973.884506,28134711,2023-11-11 12:00:23+00:00,https://beaconcha.in/charts/staked_ether,https://www.beaconcha.in/ethstore,extraido_html_sem_imputacao; consistencia_interna_verificada,0,3.858,,,,ausente_nao_estimado,Yahoo Finance via yfinance,85.74990281021097,Yahoo Finance via yfinance,82.22901552185765,-0.0010007430096884,0,staking_apr_rede,indisponivel_sem_dados_comparaveis
2023-11-11,28211350,3.702,2052.7138671875,2048.6640625,0.9980270973211436,-0.1972902678856414,-0.0123825862277621,-0.0133561935553394,49.67295437064424,47.79058684987002,,,1699660800000,2023-11-11T12:00:23+00:00,1699704023000,2857.337288,28172790,2023-11-12 12:00:23+00:00,https://beaconcha.in/charts/staked_ether,https://www.beaconcha.in/ethstore,extraido_html_sem_imputacao; consistencia_interna_verificada,0,3.702,,,,ausente_nao_estimado,Yahoo Finance via yfinance,88.55915115820791,Yahoo Finance via yfinance,85.403935465839,-0.0019729026788564,0,staking_apr_rede,indisponivel_sem_dados_comparaveis
2023-11-12,28214838,3.926,2045.18701171875,2043.1392822265625,0.9989987568469512,-0.1001243153048725,-0.0036735217154319,-0.0027004150323564,49.88655616240134,47.98324661653378,,,1699747200000,2023-11-12T12:00:23+00:00,1699790423000,3029.215162,28166134,2023-11-13 12:00:23+00:00,https://beaconcha.in/charts/staked_ether,https://www.beaconcha.in/ethstore,extraido_html_sem_imputacao; consistencia_interna_verificada,0,3.926,,,,ausente_nao_estimado,Yahoo Finance via yfinance,89.30666124636043,Yahoo Finance via yfinance,86.08081767547553,-0.0010012431530487,0,staking_apr_rede,indisponivel_sem_dados_comparaveis
2023-11-13,28215382,4.285,2055.265380859375,2050.70166015625,0.9977794980903066,-0.2220501909693362,0.0049157451279263,0.0036945189800925,49.84467663884781,47.96259040047943,,,1699833600000,2023-11-13T12:00:23+00:00,1699876823000,3302.807917,28131126,2023-11-14 12:00:23+00:00,https://beaconcha.in/charts/staked_ether,https://www.beaconcha.in/ethstore,extraido_html_sem_imputacao; consistencia_interna_verificada,0,4.285,,,,ausente_nao_estimado,Yahoo Finance via yfinance,89.21312712437185,Yahoo Finance via yfinance,86.0059604446592,-0.0022205019096933,0,staking_apr_rede,indisponivel_sem_dados_comparaveis
2023-11-14,28186070,3.916,1979.0526123046875,1980.23681640625,1.000598369186448,0.0598369186447955,-0.0377867271497619,-0.0349655660351355,52.43878711703452,50.35210107070503,,,1699920000000,2023-11-14T12:00:23+00:00,1699963223000,3022.152757,28169878,2023-11-15 12:00:23+00:00,https://beaconcha.in/charts/staked_ether,https://www.beaconcha.in/ethstore,extraido_html_sem_imputacao; consistencia_interna_verificada,0,3.916,,,,ausente_nao_estimado,Yahoo Finance via yfinance,95.65279715583138,Yahoo Finance via yfinance,91.69876704223852,0.0005983691864479,0,staking_apr_rede,indisponivel_sem_dados_comparaveis
2023-11-15,28221748,3.854,2060.408447265625,2051.96826171875,0.9959036347584014,-0.409636524159862,0.0402859869541703,0.0355830183902408,53.24897206408915,50.94561769684509,,,1700006400000,2023-11-15T12:00:23+00:00,1700049623000,2976.864878,28195414,2023-11-16 12:00:23+00:00,https://beaconcha.in/charts/staked_ether,https://www.beaconcha.in/ethstore,extraido_html_sem_imputacao; consistencia_interna_verificada,0,3.854,,,,ausente_nao_estimado,Yahoo Finance via yfinance,98.36526228515756,Yahoo Finance via yfinance,93.7565190165452,-0.0040963652415986,0,staking_apr_rede,indisponivel_sem_dados_comparaveis
2023-11-16,28236308,3.718,1960.881591796875,1958.5146484375,0.998792918772211,-0.1207081227789008,-0.0495100746696423,-0.0466131066778244,56.008102870503095,53.62412841436607,,,1700092800000,2023-11-16T12:00:23+00:00,1700136023000,2874.955923,28221524,2023-11-17 12:00:23+00:00,https://beaconcha.in/charts/staked_ether,https://www.beaconcha.in/ethstore,extraido_html_sem_imputacao; consistencia_interna_verificada,0,3.718,,,,ausente_nao_estimado,Yahoo Finance via yfinance,56.36736103986989,Yahoo Finance via yfinance,51.26368087133943,-0.001207081227789,0,staking_apr_rede,indisponivel_sem_dados_comparaveis
2023-11-17,28283188,3.771,1961.28076171875,1949.7022705078125,0.99409646418966,-0.5903535810339977,0.0002035458439884,-0.0045096743846847,55.9851183637425,53.70296958441555,,,1700179200000,2023-11-17T12:00:23+00:00,1700222423000,2917.890319,28240916,2023-11-18 12:00:23+00:00,https://beaconcha.in/charts/staked_ether,https://www.beaconcha.in/ethstore,extraido_html_sem_imputacao; consistencia_interna_verificada,0,3.771,,,,ausente_nao_estimado,Yahoo Finance via yfinance,56.31577799779907,Yahoo Finance via yfinance,51.243693564321546,-0.0059035358103399,0,staking_apr_rede,indisponivel_sem_dados_comparaveis
2023-11-18,28324211,3.604,1963.2850341796875,1957.197021484375,0.9968990683526214,-0.3100931647378568,0.0010213984116557,0.00383667947907,56.00277331016671,53.67748251798936,,,1700265600000,2023-11-18T12:00:23+00:00,1700308823000,2795.005894,28310036,2023-11-19 12:00:23+00:00,https://beaconcha.in/charts/staked_ether,https://www.beaconcha.in/ethstore,extraido_html_sem_imputacao; consistencia_interna_verificada,0,3.604,,,,ausente_nao_estimado,Yahoo Finance via yfinance,56.55276935656317,Yahoo Finance via yfinance,51.85102427727792,-0.0031009316473785,0,staking_apr_rede,indisponivel_sem_dados_comparaveis
2023-11-19,28345971,3.681,2013.2044677734373,2000.017822265625,0.9934499223904484,-0.655007760955173,0.0251086070521511,0.021642733046245,56.06474772771104,53.66927446099391,,,1700352000000,2023-11-19T12:00:23+00:00,1700395223000,2854.754955,28304371,2023-11-20 12:00:23+00:00,https://beaconcha.in/charts/staked_ether,https://www.beaconcha.in/ethstore,extraido_html_sem_imputacao; consistencia_interna_verificada,0,3.681,,,,ausente_nao_estimado,Yahoo Finance via yfinance,61.027591602288986,Yahoo Finance via yfinance,55.774494078135305,-0.0065500776095517,0,staking_apr_rede,indisponivel_sem_dados_comparaveis
2023-11-20,28319763,3.688,2022.2391357421875,2020.8978271484373,0.9993367210781142,-0.0663278921885779,0.004477665382766,0.0103857898983882,56.00490332870767,53.54619170241581,,,1700438400000,2023-11-20T12:00:23+00:00,1700481623000,2854.768103,28254931,2023-11-21 12:00:23+00:00,https://beaconcha.in/charts/staked_ether,https://www.beaconcha.in/ethstore,extraido_html_sem_imputacao; consistencia_interna_verificada,0,3.688,,,,ausente_nao_estimado,Yahoo Finance via yfinance,60.99710491722755,Yahoo Finance via yfinance,56.4714615769452,-0.0006632789218857,0,staking_apr_rede,indisponivel_sem_dados_comparaveis
2023-11-21,28307379,3.803,1937.0667724609373,1944.662109375,1.0039210506431917,0.3921050643191481,-0.043030524607727,-0.0384536422589416,58.4298717446009,55.70266573975762,,,1700524800000,2023-11-21T12:00:23+00:00,1700568023000,2942.131369,28237107,2023-11-22 12:00:23+00:00,https://beaconcha.in/charts/staked_ether,https://www.beaconcha.in/ethstore,extraido_html_sem_imputacao; consistencia_interna_verificada,0,3.803,,,,ausente_nao_estimado,Yahoo Finance via yfinance,62.93884047365279,Yahoo Finance via yfinance,57.7484378152349,0.0039210506431914,0,staking_apr_rede,indisponivel_sem_dados_comparaveis
2023-11-22,28290483,3.967,2064.42529296875,2061.87939453125,0.9987667761840688,-0.1233223815931272,0.063677023255911,0.0585296550336119,58.93717716888136,55.70778205366869,,,1700611200000,2023-11-22T12:00:23+00:00,1700654423000,3068.882052,28233203,2023-11-23 12:00:23+00:00,https://beaconcha.in/charts/staked_ether,https://www.beaconcha.in/ethstore,extraido_html_sem_imputacao; consistencia_interna_verificada,0,3.967,,,,ausente_nao_estimado,Yahoo Finance via yfinance,74.02887958231338,Yahoo Finance via yfinance,68.37515660526482,-0.0012332238159312,0,staking_apr_rede,indisponivel_sem_dados_comparaveis
2023-11-23,28306739,3.679,2062.210693359375,2054.021240234375,0.996028799020696,-0.3971200979304035,-0.0010733196866971,-0.0038184419606643,58.941920925524585,55.67796797412869,,,1700697600000,2023-11-23T12:00:23+00:00,1700740823000,2843.809712,28213555,2023-11-24 12:00:23+00:00,https://beaconcha.in/charts/staked_ether,https://www.beaconcha.in/ethstore,extraido_html_sem_imputacao; consistencia_interna_verificada,0,3.679,,,,ausente_nao_estimado,Yahoo Finance via yfinance,61.396372790481365,Yahoo Finance via yfinance,56.27841750385222,-0.003971200979304,0,staking_apr_rede,indisponivel_sem_dados_comparaveis
2023-11-24,28306739,3.667,2081.152099609375,2079.364501953125,0.9991410538150548,-0.0858946184945086,0.0091430749119162,0.0122628667574668,58.94916137439306,55.70923481867176,,,1700784000000,2023-11-24T12:00:23+00:00,1700827223000,2834.505091,28213555,2023-11-25 12:00:23+00:00,https://beaconcha.in/charts/staked_ether,https://www.beaconcha.in/ethstore,extraido_html_sem_imputacao; consistencia_interna_verificada,1,3.667,,,,ausente_nao_estimado,Yahoo Finance via yfinance,61.11556653163747,Yahoo Finance via yfinance,55.5258272957446,-0.000858946184945,0,staking_apr_rede,indisponivel_sem_dados_comparaveis
2023-11-25,28261491,3.56,2084.4130859375,2076.108154296875,0.9960156978016238,-0.3984302198376199,0.0015656876553503,-0.0015672577307896,58.94138389872617,55.740084440324544,,,1700870400000,2023-11-25T12:00:23+00:00,1700913623000,2748.451885,28179859,2023-11-26 12:00:23+00:00,https://beaconcha.in/charts/staked_ether,https://www.beaconcha.in/ethstore,extraido_html_sem_imputacao; consistencia_interna_verificada,0,3.56,,,,ausente_nao_estimado,Yahoo Finance via yfinance,61.07643681789507,Yahoo Finance via yfinance,55.978511538699,-0.0039843021983761,0,staking_apr_rede,indisponivel_sem_dados_comparaveis
2023-11-26,28202770,3.721,2063.2861328125,2058.10986328125,0.9974912497840548,-0.2508750215945099,-0.0101874001603619,-0.008707041886531,58.82738119285116,55.4631808010528,,,1700956800000,2023-11-26T12:00:23+00:00,1701000023000,2869.50111,28146034,2023-11-27 12:00:23+00:00,https://beaconcha.in/charts/staked_ether,https://www.beaconcha.in/ethstore,extraido_html_sem_imputacao; consistencia_interna_verificada,0,3.721,,,,ausente_nao_estimado,Yahoo Finance via yfinance,60.57192987468248,Yahoo Finance via yfinance,55.90929609211358,-0.002508750215945,0,staking_apr_rede,indisponivel_sem_dados_comparaveis
2023-11-27,28144337,3.877,2027.4173583984373,2021.337646484375,0.9970012529048952,-0.2998747095104725,-0.0175371760778175,-0.0180285260210809,59.30616302717364,56.027087094583,,,1701043200000,2023-11-27T12:00:23+00:00,1701086423000,2982.4459,28077202,2023-11-28 12:00:23+00:00,https://beaconcha.in/charts/staked_ether,https://www.beaconcha.in/ethstore,extraido_html_sem_imputacao; consistencia_interna_verificada,0,3.877,,,,ausente_nao_estimado,Yahoo Finance via yfinance,62.41602784206932,Yahoo Finance via yfinance,57.69918766741702,-0.0029987470951047,0,staking_apr_rede,indisponivel_sem_dados_comparaveis
2023-11-28,28149041,4.051,2049.338134765625,2044.8040771484373,0.997787550263048,-0.2212449736951893,0.010754134098833,0.011542485625198,59.308247525351256,56.04725761314793,,,1701129600000,2023-11-28T12:00:23+00:00,1701172823000,3122.157638,28129426,2023-11-29 12:00:23+00:00,https://beaconcha.in/charts/staked_ether,https://www.beaconcha.in/ethstore,extraido_html_sem_imputacao; consistencia_interna_verificada,0,4.051,,,,ausente_nao_estimado,Yahoo Finance via yfinance,50.639955783683874,Yahoo Finance via yfinance,47.870582891414095,-0.0022124497369518,0,staking_apr_rede,indisponivel_sem_dados_comparaveis
2023-11-29,28159921,3.914,2029.92919921875,2027.640869140625,0.998872704486932,-0.1127295513068005,-0.0095159647161867,-0.0084289952849626,59.48851526589577,56.21066292869309,,,1701216000000,2023-11-29T12:00:23+00:00,1701259223000,3016.543336,28132017,2023-11-30 12:00:23+00:00,https://beaconcha.in/charts/staked_ether,https://www.beaconcha.in/ethstore,extraido_html_sem_imputacao; consistencia_interna_verificada,0,3.914,,,,ausente_nao_estimado,Yahoo Finance via yfinance,20.10073903290869,Yahoo Finance via yfinance,21.10899194622008,-0.001127295513068,0,staking_apr_rede,indisponivel_sem_dados_comparaveis
2023-11-30,28174993,3.909,2052.55615234375,2045.652099609375,0.996636363528232,-0.336363647176785,0.0110850047806455,0.0088436299547611,59.542191005350254,56.2208901167315,,,1701302400000,2023-11-30T12:00:23+00:00,1701345623000,3014.737752,28148593,2023-12-01 12:00:23+00:00,https://beaconcha.in/charts/staked_ether,https://www.beaconcha.in/ethstore,extraido_html_sem_imputacao; consistencia_interna_verificada,0,3.909,,,,ausente_nao_estimado,Yahoo Finance via yfinance,22.37973635351528,Yahoo Finance via yfinance,22.521458599765023,-0.0033636364717678,0,staking_apr_rede,indisponivel_sem_dados_comparaveis
2023-12-01,28240241,3.902,2087.139892578125,2080.591796875,0.9968626464730944,-0.3137353526905473,0.0167087363185323,0.0169357571945889,59.54182895265605,56.20658329804837,,,1701388800000,2023-12-01T12:00:23+00:00,1701432023000,3011.491465,28168497,2023-12-02 12:00:23+00:00,https://beaconcha.in/charts/staked_ether,https://www.beaconcha.in/ethstore,extraido_html_sem_imputacao; consistencia_interna_verificada,0,3.902,,,,ausente_nao_estimado,Yahoo Finance via yfinance,24.92048348937284,Yahoo Finance via yfinance,24.323583298832663,-0.0031373535269054,0,staking_apr_rede,indisponivel_sem_dados_comparaveis
2023-12-02,28288784,3.662,2165.7041015625,2158.363037109375,0.9966103105000224,-0.3389689499977644,0.0369508723905937,0.0366977102159705,59.62389683771811,56.57740004725217,,,1701475200000,2023-12-02T12:00:23+00:00,1701518423000,2832.866949,28236689,2023-12-03 12:00:23+00:00,https://beaconcha.in/charts/staked_ether,https://www.beaconcha.in/ethstore,extraido_html_sem_imputacao; consistencia_interna_verificada,0,3.662,,,,ausente_nao_estimado,Yahoo Finance via yfinance,36.38204438123488,Yahoo Finance via yfinance,35.752305479755115,-0.0033896894999776,0,staking_apr_rede,indisponivel_sem_dados_comparaveis
2023-12-03,28357552,3.842,2193.691650390625,2197.2197265625,1.0016082826277095,0.1608282627709734,0.0128402810626674,0.0178427193018786,59.52920764572915,56.65556959488522,,,1701561600000,2023-12-03T12:00:23+00:00,1701604823000,2979.300607,28306544,2023-12-04 12:00:23+00:00,https://beaconcha.in/charts/staked_ether,https://www.beaconcha.in/ethstore,extraido_html_sem_imputacao; consistencia_interna_verificada,0,3.842,,,,ausente_nao_estimado,Yahoo Finance via yfinance,34.08235469010747,Yahoo Finance via yfinance,34.42702312244929,0.0016082826277097,0,staking_apr_rede,indisponivel_sem_dados_comparaveis
2023-12-04,28429168,3.877,2243.2158203125,2236.026611328125,0.9967951327200548,-0.3204867279945178,0.0223246606319142,0.0175076560396217,59.74853593480369,56.74845313619738,,,1701648000000,2023-12-04T12:00:23+00:00,1701691223000,3009.558726,28335984,2023-12-05 12:00:23+00:00,https://beaconcha.in/charts/staked_ether,https://www.beaconcha.in/ethstore,extraido_html_sem_imputacao; consistencia_interna_verificada,0,3.877,,,,ausente_nao_estimado,Yahoo Finance via yfinance,26.739486633930465,Yahoo Finance via yfinance,25.695142637516376,-0.0032048672799451,0,staking_apr_rede,indisponivel_sem_dados_comparaveis
2023-12-05,28429168,3.926,2293.841796875,2282.87744140625,0.9952200908172102,-0.477990918278981,0.0223175820582328,0.0207362264416109,59.83675319701985,56.76350032529051,,,1701734400000,2023-12-05T12:00:23+00:00,1701777623000,3047.733177,28336336,2023-12-06 12:00:23+00:00,https://beaconcha.in/charts/staked_ether,https://www.beaconcha.in/ethstore,extraido_html_sem_imputacao; consistencia_interna_verificada,1,3.926,,,,ausente_nao_estimado,Yahoo Finance via yfinance,27.06898672836944,Yahoo Finance via yfinance,25.925382046402945,-0.0047799091827898,0,staking_apr_rede,indisponivel_sem_dados_comparaveis
2023-12-06,28456303,3.882,2231.661376953125,2227.767333984375,0.9982550923679708,-0.1744907632029058,-0.0274817322810275,-0.0244367945548742,60.987103700098885,57.7608169851485,,,1701820800000,2023-12-06T12:00:23+00:00,1701864023000,3020.205473,28398352,2023-12-07 12:00:23+00:00,https://beaconcha.in/charts/staked_ether,https://www.beaconcha.in/ethstore,extraido_html_sem_imputacao; consistencia_interna_verificada,0,3.882,,,,ausente_nao_estimado,Yahoo Finance via yfinance,38.22287983210992,Yahoo Finance via yfinance,35.72582267800678,-0.001744907632029,0,staking_apr_rede,indisponivel_sem_dados_comparaveis
2023-12-07,28486286,3.862,2357.57958984375,2347.46533203125,0.995709897618697,-0.4290102381303007,0.054889175053788,0.0523362755351195,63.21131139484651,59.78133562600224,,,1701907200000,2023-12-07T12:00:23+00:00,1701950423000,3009.486641,28440719,2023-12-08 12:00:23+00:00,https://beaconcha.in/charts/staked_ether,https://www.beaconcha.in/ethstore,extraido_html_sem_imputacao; consistencia_interna_verificada,0,3.862,,,,ausente_nao_estimado,Yahoo Finance via yfinance,48.27973391754891,Yahoo Finance via yfinance,44.93437093530578,-0.004290102381303,0,staking_apr_rede,indisponivel_sem_dados_comparaveis
2023-12-08,28497709,3.77,2358.73193359375,2348.760009765625,0.9957723369552504,-0.422766304474953,0.0004886631288898,0.0005513695246484,63.213294941599926,59.82034760319147,,,1701993600000,2023-12-08T12:00:23+00:00,1702036823000,2938.638315,28448045,2023-12-09 12:00:23+00:00,https://beaconcha.in/charts/staked_ether,https://www.beaconcha.in/ethstore,extraido_html_sem_imputacao; consistencia_interna_verificada,0,3.77,,,,ausente_nao_estimado,Yahoo Finance via yfinance,50.28894410561383,Yahoo Finance via yfinance,47.04656128083069,-0.0042276630447495,0,staking_apr_rede,indisponivel_sem_dados_comparaveis
2023-12-09,28473772,3.594,2341.17529296875,2331.83251953125,0.9960093661224092,-0.399063387759091,-0.007471093126813,-0.0072330859517182,49.90491690538234,46.527968791859,,,1702080000000,2023-12-09T12:00:23+00:00,1702123223000,2800.542247,28444717,2023-12-10 12:00:23+00:00,https://beaconcha.in/charts/staked_ether,https://www.beaconcha.in/ethstore,extraido_html_sem_imputacao; consistencia_interna_verificada,0,3.594,,,,ausente_nao_estimado,Yahoo Finance via yfinance,50.053434368686325,Yahoo Finance via yfinance,46.73256765435255,-0.0039906338775909,0,staking_apr_rede,indisponivel_sem_dados_comparaveis
2023-12-10,28461516,3.677,2352.462646484375,2341.3037109375,0.9952564876796018,-0.4743512320398158,0.0048096488992784,0.0040534681238739,49.18391335953139,46.03783900142757,,,1702166400000,2023-12-10T12:00:23+00:00,1702209623000,2864.388808,28436717,2023-12-11 12:00:23+00:00,https://beaconcha.in/charts/staked_ether,https://www.beaconcha.in/ethstore,extraido_html_sem_imputacao; consistencia_interna_verificada,0,3.677,,,,ausente_nao_estimado,Yahoo Finance via yfinance,50.22210524085617,Yahoo Finance via yfinance,46.57261869380617,-0.0047435123203981,0,staking_apr_rede,indisponivel_sem_dados_comparaveis
2023-12-11,28431211,3.761,2224.578857421875,2215.947509765625,0.9961200082310172,-0.3879991768982793,-0.0558950939902875,-0.0550278339746023,53.20041963224548,50.12862904164912,,,1702252800000,2023-12-11T12:00:23+00:00,1702296023000,2925.923283,28392523,2023-12-12 12:00:23+00:00,https://beaconcha.in/charts/staked_ether,https://www.beaconcha.in/ethstore,extraido_html_sem_imputacao; consistencia_interna_verificada,0,3.761,,,,ausente_nao_estimado,Yahoo Finance via yfinance,67.36432951454776,Yahoo Finance via yfinance,64.56107512512918,-0.0038799917689827,0,staking_apr_rede,indisponivel_sem_dados_comparaveis
2023-12-12,28455787,3.924,2202.0380859375,2193.415771484375,0.99608439358602,-0.3915606413979922,-0.0101842859227533,-0.01022003992969,53.34655811378015,50.29734703341967,,,1702339200000,2023-12-12T12:00:23+00:00,1702382423000,3050.983296,28380747,2023-12-13 12:00:23+00:00,https://beaconcha.in/charts/staked_ether,https://www.beaconcha.in/ethstore,extraido_html_sem_imputacao; consistencia_interna_verificada,0,3.924,,,,ausente_nao_estimado,Yahoo Finance via yfinance,64.49124079988789,Yahoo Finance via yfinance,61.9538568321079,-0.0039156064139799,0,staking_apr_rede,indisponivel_sem_dados_comparaveis
2023-12-13,28458923,3.774,2260.648681640625,2245.416748046875,0.9932621403239464,-0.6737859676053559,0.0262684651573702,0.0234310960943304,53.98620709835178,50.83126775677582,,,1702425600000,2023-12-13T12:00:23+00:00,1702468823000,2937.488743,28411980,2023-12-14 12:00:23+00:00,https://beaconcha.in/charts/staked_ether,https://www.beaconcha.in/ethstore,extraido_html_sem_imputacao; consistencia_interna_verificada,0,3.774,,,,ausente_nao_estimado,Yahoo Finance via yfinance,65.19169433705405,Yahoo Finance via yfinance,62.78907831560788,-0.0067378596760535,0,staking_apr_rede,indisponivel_sem_dados_comparaveis
2023-12-14,28503020,4.201,2316.5791015625,2305.857177734375,0.995371656499494,-0.4628343500506116,0.0244397729331826,0.0265613470210563,52.38321642922181,49.55829735904121,,,1702512000000,2023-12-14T12:00:23+00:00,1702555223000,3275.479132,28460012,2023-12-15 12:00:23+00:00,https://beaconcha.in/charts/staked_ether,https://www.beaconcha.in/ethstore,extraido_html_sem_imputacao; consistencia_interna_verificada,0,4.201,,,,ausente_nao_estimado,Yahoo Finance via yfinance,52.61408577842611,Yahoo Finance via yfinance,51.797594723119545,-0.0046283435005061,0,staking_apr_rede,indisponivel_sem_dados_comparaveis
2023-12-15,28526636,3.865,2219.33740234375,2225.90966796875,1.0029613638818773,0.2961363881877288,-0.0428828883863424,-0.0352868132587155,53.404669468504494,50.22787177762032,,,1702598400000,2023-12-15T12:00:23+00:00,1702641623000,3015.611416,28477132,2023-12-16 12:00:23+00:00,https://beaconcha.in/charts/staked_ether,https://www.beaconcha.in/ethstore,extraido_html_sem_imputacao; consistencia_interna_verificada,0,3.865,,,,ausente_nao_estimado,Yahoo Finance via yfinance,59.925435559407845,Yahoo Finance via yfinance,56.72091005908791,0.0029613638818772,0,staking_apr_rede,indisponivel_sem_dados_comparaveis
2023-12-16,28501388,3.649,2226.926513671875,2222.68994140625,0.9980975697942364,-0.1902430205763527,0.0034137059074212,-0.0014475238984927,50.00258733551284,47.01316719557525,,,1702684800000,2023-12-16T12:00:23+00:00,1702728023000,2847.717225,28482477,2023-12-17 12:00:23+00:00,https://beaconcha.in/charts/staked_ether,https://www.beaconcha.in/ethstore,extraido_html_sem_imputacao; consistencia_interna_verificada,0,3.649,,,,ausente_nao_estimado,Yahoo Finance via yfinance,60.57342639792316,Yahoo Finance via yfinance,56.90186988631947,-0.0019024302057635,0,staking_apr_rede,indisponivel_sem_dados_comparaveis
2023-12-17,28497260,3.769,2196.481201171875,2201.246337890625,1.0021694411571598,0.2169441157159779,-0.013765763969279,-0.0096944305271363,50.38053311026992,47.16883371171106,,,1702771200000,2023-12-17T12:00:23+00:00,1702814423000,2940.214176,28473356,2023-12-18 12:00:23+00:00,https://beaconcha.in/charts/staked_ether,https://www.beaconcha.in/ethstore,extraido_html_sem_imputacao; consistencia_interna_verificada,0,3.769,,,,ausente_nao_estimado,Yahoo Finance via yfinance,59.82332413704042,Yahoo Finance via yfinance,56.1607508306466,0.0021694411571597,0,staking_apr_rede,indisponivel_sem_dados_comparaveis
2023-12-18,28499242,3.847,2217.2734375,2214.6279296875,0.998806864427383,-0.1193135572617021,0.009421633885768,0.006060694642587,50.407937500320166,47.17397689556574,,,1702857600000,2023-12-18T12:00:23+00:00,1702900823000,2998.818104,28452778,2023-12-19 12:00:23+00:00,https://beaconcha.in/charts/staked_ether,https://www.beaconcha.in/ethstore,extraido_html_sem_imputacao; consistencia_interna_verificada,0,3.847,,,,ausente_nao_estimado,Yahoo Finance via yfinance,46.26381248049496,Yahoo Finance via yfinance,40.8036822232641,-0.001193135572617,0,staking_apr_rede,indisponivel_sem_dados_comparaveis
2023-12-19,28492901,3.65,2177.87255859375,2172.512939453125,0.9975390574992664,-0.2460942500733698,-0.0179297499886516,-0.0191998776600436,50.380911351226885,47.41493619058523,,,1702944000000,2023-12-19T12:00:23+00:00,1702987223000,2845.289808,28450469,2023-12-20 12:00:23+00:00,https://beaconcha.in/charts/staked_ether,https://www.beaconcha.in/ethstore,extraido_html_sem_imputacao; consistencia_interna_verificada,0,3.65,,,,ausente_nao_estimado,Yahoo Finance via yfinance,47.57275345313813,Yahoo Finance via yfinance,42.63468298715464,-0.0024609425007336,0,staking_apr_rede,indisponivel_sem_dados_comparaveis
2023-12-20,28536572,3.702,2201.911376953125,2187.77880859375,0.9935816815756996,-0.6418318424300407,0.01097728111882,0.0070022523255078,50.462007972669234,47.36108105819779,,,1703030400000,2023-12-20T12:00:23+00:00,1703073623000,2887.735087,28470428,2023-12-21 12:00:23+00:00,https://beaconcha.in/charts/staked_ether,https://www.beaconcha.in/ethstore,extraido_html_sem_imputacao; consistencia_interna_verificada,0,3.702,,,,ausente_nao_estimado,Yahoo Finance via yfinance,43.20941908286427,Yahoo Finance via yfinance,38.24604373094712,-0.0064183184243004,0,staking_apr_rede,indisponivel_sem_dados_comparaveis
2023-12-21,28553852,3.683,2239.54248046875,2231.69921875,0.9964978285577738,-0.3502171442226198,0.016945804339104,0.0198764903287219,47.87043973146222,45.31642219348148,,,1703116800000,2023-12-21T12:00:23+00:00,1703160023000,2874.841481,28487804,2023-12-22 12:00:23+00:00,https://beaconcha.in/charts/staked_ether,https://www.beaconcha.in/ethstore,extraido_html_sem_imputacao; consistencia_interna_verificada,0,3.683,,,,ausente_nao_estimado,Yahoo Finance via yfinance,40.48719897728156,Yahoo Finance via yfinance,35.21103502968938,-0.0035021714422261,0,staking_apr_rede,indisponivel_sem_dados_comparaveis
2023-12-22,28551772,3.667,2326.52490234375,2318.610595703125,0.9965982282705628,-0.3401771729437342,0.0381041008107179,0.0382048483010656,44.63598175939482,42.75354524392846,,,1703203200000,2023-12-22T12:00:23+00:00,1703246423000,2862.308721,28489692,2023-12-23 12:00:23+00:00,https://beaconcha.in/charts/staked_ether,https://www.beaconcha.in/ethstore,extraido_html_sem_imputacao; consistencia_interna_verificada,0,3.667,,,,ausente_nao_estimado,Yahoo Finance via yfinance,36.19168199338655,Yahoo Finance via yfinance,36.31056804389586,-0.0034017717294373,0,staking_apr_rede,indisponivel_sem_dados_comparaveis
2023-12-23,28586043,3.572,2309.04638671875,2290.04736328125,0.991771917815606,-0.8228082184394081,-0.0075410763271413,-0.0123956251069862,44.78497955375978,43.05236792078052,,,1703289600000,2023-12-23T12:00:23+00:00,1703332823000,2789.437343,28504667,2023-12-24 12:00:23+00:00,https://beaconcha.in/charts/staked_ether,https://www.beaconcha.in/ethstore,extraido_html_sem_imputacao; consistencia_interna_verificada,0,3.572,,,,ausente_nao_estimado,Yahoo Finance via yfinance,37.6393707916101,Yahoo Finance via yfinance,38.44320355445385,-0.008228082184394,0,staking_apr_rede,indisponivel_sem_dados_comparaveis
2023-12-24,28594426,3.683,2265.692138671875,2264.35693359375,0.9994106855669688,-0.058931443303134,-0.0189543274554341,-0.0112816959123409,45.42832636190168,43.24074553363893,,,1703376000000,2023-12-24T12:00:23+00:00,1703419223000,2883.133311,28570458,2023-12-25 12:00:23+00:00,https://beaconcha.in/charts/staked_ether,https://www.beaconcha.in/ethstore,extraido_html_sem_imputacao; consistencia_interna_verificada,0,3.683,,,,ausente_nao_estimado,Yahoo Finance via yfinance,39.37405929796425,Yahoo Finance via yfinance,38.8091675723528,-0.0005893144330313,0,staking_apr_rede,indisponivel_sem_dados_comparaveis
2023-12-25,28611546,3.512,2272.561767578125,2260.562255859375,0.9947198303298316,-0.5280169670168311,0.00302743491001,-0.0016772359748626,45.42605936803228,43.24217366745014,,,1703462400000,2023-12-25T12:00:23+00:00,1703505623000,2750.399629,28586618,2023-12-26 12:00:23+00:00,https://beaconcha.in/charts/staked_ether,https://www.beaconcha.in/ethstore,extraido_html_sem_imputacao; consistencia_interna_verificada,0,3.512,,,,ausente_nao_estimado,Yahoo Finance via yfinance,39.15121696078371,Yahoo Finance via yfinance,38.96576907653213,-0.0052801696701683,0,staking_apr_rede,indisponivel_sem_dados_comparaveis
2023-12-26,28647546,3.59,2231.46533203125,2216.871337890625,0.993459905501942,-0.6540094498058147,-0.0182492579103169,-0.0195166735004055,45.80343123195183,43.76659385859879,,,1703548800000,2023-12-26T12:00:23+00:00,1703592023000,2813.477118,28604986,2023-12-27 12:00:23+00:00,https://beaconcha.in/charts/staked_ether,https://www.beaconcha.in/ethstore,extraido_html_sem_imputacao; consistencia_interna_verificada,0,3.59,,,,ausente_nao_estimado,Yahoo Finance via yfinance,39.25823092797754,Yahoo Finance via yfinance,39.07574916653524,-0.0065400944980581,0,staking_apr_rede,indisponivel_sem_dados_comparaveis
2023-12-27,28638617,3.71,2378.739990234375,2363.558349609375,0.9936177805530128,-0.6382219446987247,0.0639124623831933,0.0640713641236849,49.919755043667394,48.08137464564096,,,1703635200000,2023-12-27T12:00:23+00:00,1703678423000,2908.370027,28614010,2023-12-28 12:00:23+00:00,https://beaconcha.in/charts/staked_ether,https://www.beaconcha.in/ethstore,extraido_html_sem_imputacao; consistencia_interna_verificada,0,3.71,,,,ausente_nao_estimado,Yahoo Finance via yfinance,59.03930847334304,Yahoo Finance via yfinance,59.25244084299667,-0.0063822194469872,0,staking_apr_rede,indisponivel_sem_dados_comparaveis
2023-12-28,28695993,3.769,2347.566162109375,2355.552734375,1.0034020648254909,0.340206482549088,-0.0131918158501429,-0.0033928520738688,50.28948942425191,48.116153124753424,,,1703721600000,2023-12-28T12:00:23+00:00,1703764823000,2957.926901,28643609,2023-12-29 12:00:23+00:00,https://beaconcha.in/charts/staked_ether,https://www.beaconcha.in/ethstore,extraido_html_sem_imputacao; consistencia_interna_verificada,0,3.769,,,,ausente_nao_estimado,Yahoo Finance via yfinance,61.176039157262565,Yahoo Finance via yfinance,59.52328485681555,0.0034020648254908,0,staking_apr_rede,indisponivel_sem_dados_comparaveis
2023-12-29,28769945,3.481,2300.690673828125,2305.5927734375,1.0021307078196733,0.2130707819673283,-0.0201697449503237,-0.0214375947640605,50.79869650120597,48.77290919777332,,,1703808000000,2023-12-29T12:00:23+00:00,1703851223000,2737.871773,28704153,2023-12-30 12:00:23+00:00,https://beaconcha.in/charts/staked_ether,https://www.beaconcha.in/ethstore,extraido_html_sem_imputacao; consistencia_interna_verificada,0,3.481,,,,ausente_nao_estimado,Yahoo Finance via yfinance,57.347644429443726,Yahoo Finance via yfinance,56.43967596409516,0.0021307078196732,0,staking_apr_rede,indisponivel_sem_dados_comparaveis
2023-12-30,28795385,3.422,2292.0654296875,2292.934814453125,1.0003793018970422,0.0379301897042161,-0.003756025395834,-0.0055052364966059,50.808321337685726,48.86072852722448,,,1703894400000,2023-12-30T12:00:23+00:00,1703937623000,2695.738245,28755193,2023-12-31 12:00:23+00:00,https://beaconcha.in/charts/staked_ether,https://www.beaconcha.in/ethstore,extraido_html_sem_imputacao; consistencia_interna_verificada,0,3.422,,,,ausente_nao_estimado,Yahoo Finance via yfinance,57.173778535703946,Yahoo Finance via yfinance,55.794441953878014,0.0003793018970421,0,staking_apr_rede,indisponivel_sem_dados_comparaveis
2023-12-31,28867224,3.362,2281.47119140625,2280.12646484375,0.9994105879716714,-0.0589412028328628,-0.0046328511643845,-0.0056016669445305,50.664598192302726,48.73058158651615,,,1703980800000,2023-12-31T12:00:23+00:00,1704024023000,2655.29487,28825689,2024-01-01 12:00:23+00:00,https://beaconcha.in/charts/staked_ether,https://www.beaconcha.in/ethstore,extraido_html_sem_imputacao; consistencia_interna_verificada,0,3.362,,,,ausente_nao_estimado,Yahoo Finance via yfinance,55.35244307248822,Yahoo Finance via yfinance,55.23254496575569,-0.0005894120283286,0,staking_apr_rede,indisponivel_sem_dados_comparaveis
2024-01-01,28907832,3.468,2352.327880859375,2340.830322265625,0.9951122636060626,-0.4887736393937358,0.0305849311829478,0.0262747965395023,50.17345005700026,47.954275153628814,,,1704067200000,2024-01-01T12:00:23+00:00,1704110423000,2743.246206,28868184,2024-01-02 12:00:23+00:00,https://beaconcha.in/charts/staked_ether,https://www.beaconcha.in/ethstore,extraido_html_sem_imputacao; consistencia_interna_verificada,0,3.468,,,,ausente_nao_estimado,Yahoo Finance via yfinance,59.39812104302402,Yahoo Finance via yfinance,58.0282457463015,-0.0048877363939373,0,staking_apr_rede,indisponivel_sem_dados_comparaveis
2024-01-02,28926391,3.53,2355.83642578125,2357.47705078125,1.000696408707347,0.0696408707347329,0.0014904091458289,0.0070862959164853,50.04233273131734,47.6728671034173,,,1704153600000,2024-01-02T12:00:23+00:00,1704196823000,2794.748165,28895927,2024-01-03 12:00:23+00:00,https://beaconcha.in/charts/staked_ether,https://www.beaconcha.in/ethstore,extraido_html_sem_imputacao; consistencia_interna_verificada,0,3.53,,,,ausente_nao_estimado,Yahoo Finance via yfinance,56.34420208163136,Yahoo Finance via yfinance,54.2519176905425,0.0006964087073473,0,staking_apr_rede,indisponivel_sem_dados_comparaveis
2024-01-03,28959957,3.852,2210.761962890625,2215.625,1.0021997108648533,0.2199710864853266,-0.0635585988981477,-0.062057470182475,54.50132244834832,52.33807930252535,,,1704240000000,2024-01-03T12:00:23+00:00,1704283223000,3050.661207,28909462,2024-01-04 12:00:23+00:00,https://beaconcha.in/charts/staked_ether,https://www.beaconcha.in/ethstore,extraido_html_sem_imputacao; consistencia_interna_verificada,0,3.852,,,,ausente_nao_estimado,Yahoo Finance via yfinance,54.19216223863438,Yahoo Finance via yfinance,52.48185130604447,0.0021997108648532,0,staking_apr_rede,indisponivel_sem_dados_comparaveis
2024-01-04,29006773,3.498,2269.0380859375,2262.046875,0.996918865760417,-0.3081134239583005,0.0260187553019354,0.02073556955253,54.71111524050598,52.33804606377248,,,1704326400000,2024-01-04T12:00:23+00:00,1704369623000,2772.337054,28925205,2024-01-05 12:00:23+00:00,https://beaconcha.in/charts/staked_ether,https://www.beaconcha.in/ethstore,extraido_html_sem_imputacao; consistencia_interna_verificada,0,3.498,,,,ausente_nao_estimado,Yahoo Finance via yfinance,60.06862288902134,Yahoo Finance via yfinance,56.82751661433036,-0.003081134239583,0,staking_apr_rede,indisponivel_sem_dados_comparaveis
2024-01-05,28937169,3.43,2268.647216796875,2254.7744140625,0.9938849889786028,-0.6115011021397221,-0.0001722768837038,-0.0032201704501451,53.82950351029741,51.62518883765662,,,1704412800000,2024-01-05T12:00:23+00:00,1704456023000,2713.090827,28874036,2024-01-06 12:00:23+00:00,https://beaconcha.in/charts/staked_ether,https://www.beaconcha.in/ethstore,extraido_html_sem_imputacao; consistencia_interna_verificada,0,3.43,,,,ausente_nao_estimado,Yahoo Finance via yfinance,58.68797981345526,Yahoo Finance via yfinance,55.27671931480498,-0.0061150110213972,0,staking_apr_rede,indisponivel_sem_dados_comparaveis
2024-01-06,28907057,3.291,2241.624755859375,2233.485595703125,0.9963690800010238,-0.3630919998976245,-0.0119827737394821,-0.009486517255384,50.268773327261,48.186676182118646,,,1704499200000,2024-01-06T12:00:23+00:00,1704542423000,2599.077292,28822577,2024-01-07 12:00:23+00:00,https://beaconcha.in/charts/staked_ether,https://www.beaconcha.in/ethstore,extraido_html_sem_imputacao; consistencia_interna_verificada,0,3.291,,,,ausente_nao_estimado,Yahoo Finance via yfinance,59.13635669320574,Yahoo Finance via yfinance,55.45290390628508,-0.0036309199989762,0,staking_apr_rede,indisponivel_sem_dados_comparaveis
2024-01-07,28835057,3.398,2222.865966796875,2219.828857421875,0.9986336965789366,-0.1366303421063364,-0.0084036010483546,-0.0061333109242588,50.31613194703276,48.20449043107053,,,1704585600000,2024-01-07T12:00:23+00:00,1704628823000,2678.807443,28774196,2024-01-08 12:00:23+00:00,https://beaconcha.in/charts/staked_ether,https://www.beaconcha.in/ethstore,extraido_html_sem_imputacao; consistencia_interna_verificada,0,3.398,,,,ausente_nao_estimado,Yahoo Finance via yfinance,59.25531987039904,Yahoo Finance via yfinance,55.46501492360457,-0.0013663034210633,0,staking_apr_rede,indisponivel_sem_dados_comparaveis
2024-01-08,28763152,3.546,2333.03271484375,2318.5283203125,0.9937830299425436,-0.6216970057456472,0.0483716762657834,0.043502538042513,53.23436711036174,50.68050555629697,,,1704672000000,2024-01-08T12:00:23+00:00,1704715223000,2788.378513,28701008,2024-01-09 12:00:23+00:00,https://beaconcha.in/charts/staked_ether,https://www.beaconcha.in/ethstore,extraido_html_sem_imputacao; consistencia_interna_verificada,0,3.546,,,,ausente_nao_estimado,Yahoo Finance via yfinance,66.47165980877217,Yahoo Finance via yfinance,62.1458520759817,-0.0062169700574564,0,staking_apr_rede,indisponivel_sem_dados_comparaveis
2024-01-09,28723504,3.656,2344.8271484375,2336.021728515625,0.9962447466851692,-0.3755253314830731,0.0050426729023095,0.0075167268097038,53.23714289519486,50.73138044647616,,,1704758400000,2024-01-09T12:00:23+00:00,1704801623000,2870.188553,28652208,2024-01-10 12:00:23+00:00,https://beaconcha.in/charts/staked_ether,https://www.beaconcha.in/ethstore,extraido_html_sem_imputacao; consistencia_interna_verificada,0,3.656,,,,ausente_nao_estimado,Yahoo Finance via yfinance,66.6077170969936,Yahoo Finance via yfinance,62.1822382531204,-0.0037552533148307,0,staking_apr_rede,indisponivel_sem_dados_comparaveis
2024-01-10,28693746,3.953,2582.103515625,2588.414306640625,1.0024440503556251,0.2444050355625338,0.0963926943837523,0.1025960848863491,59.30663968460379,58.447622185224645,,,1704844800000,2024-01-10T12:00:23+00:00,1704888023000,3098.292631,28611250,2024-01-11 12:00:23+00:00,https://beaconcha.in/charts/staked_ether,https://www.beaconcha.in/ethstore,extraido_html_sem_imputacao; consistencia_interna_verificada,0,3.953,,,,ausente_nao_estimado,Yahoo Finance via yfinance,74.41964581681675,Yahoo Finance via yfinance,76.37238158070882,0.0024440503556253,0,staking_apr_rede,indisponivel_sem_dados_comparaveis
2024-01-11,28693746,3.501,2619.619140625,2616.3466796875,0.9987507875145852,-0.1249212485414652,0.0144245581550595,0.0107334962312391,59.136249220839,58.20928433510437,,,1704931200000,2024-01-11T12:00:23+00:00,1704974423000,2743.014847,28600562,2024-01-12 12:00:23+00:00,https://beaconcha.in/charts/staked_ether,https://www.beaconcha.in/ethstore,extraido_html_sem_imputacao; consistencia_interna_verificada,1,3.501,,,,ausente_nao_estimado,Yahoo Finance via yfinance,74.52677910348532,Yahoo Finance via yfinance,76.8304556234986,-0.0012492124854146,0,staking_apr_rede,indisponivel_sem_dados_comparaveis
2024-01-12,28664722,3.635,2524.460205078125,2529.937744140625,1.0021697862582588,0.216978625825881,-0.0370016813266483,-0.0335842522532735,60.48106748520451,59.42974103319948,,,1705017600000,2024-01-12T12:00:23+00:00,1705060823000,2850.369163,28617586,2024-01-13 12:00:23+00:00,https://beaconcha.in/charts/staked_ether,https://www.beaconcha.in/ethstore,extraido_html_sem_imputacao; consistencia_interna_verificada,0,3.635,,,,ausente_nao_estimado,Yahoo Finance via yfinance,84.7875141132055,Yahoo Finance via yfinance,85.26757639220658,0.0021697862582588,0,staking_apr_rede,indisponivel_sem_dados_comparaveis
2024-01-13,28690098,3.604,2576.597900390625,2568.03369140625,0.9966761561891064,-0.3323843810893678,0.0204426257929975,0.014945810070507,60.32424517962457,59.01079750162449,,,1705104000000,2024-01-13T12:00:23+00:00,1705147223000,2830.999989,28670578,2024-01-14 12:00:23+00:00,https://beaconcha.in/charts/staked_ether,https://www.beaconcha.in/ethstore,extraido_html_sem_imputacao; consistencia_interna_verificada,0,3.604,,,,ausente_nao_estimado,Yahoo Finance via yfinance,81.62273727246345,Yahoo Finance via yfinance,82.52789708318694,-0.0033238438108936,0,staking_apr_rede,indisponivel_sem_dados_comparaveis
2024-01-14,28707569,3.543,2472.2412109375,2475.80859375,1.0014429752229344,0.144297522293435,-0.0413447734238203,-0.0365734582383367,60.17745465859476,59.11909093379975,,,1705190400000,2024-01-14T12:00:23+00:00,1705233623000,2781.824269,28659634,2024-01-15 12:00:23+00:00,https://beaconcha.in/charts/staked_ether,https://www.beaconcha.in/ethstore,extraido_html_sem_imputacao; consistencia_interna_verificada,0,3.543,,,,ausente_nao_estimado,Yahoo Finance via yfinance,91.4454495029187,Yahoo Finance via yfinance,90.88252804506936,0.0014429752229343,0,staking_apr_rede,indisponivel_sem_dados_comparaveis
2024-01-15,28670066,3.687,2511.36376953125,2511.9248046875,1.0002233986024074,0.0223398602407387,0.0157008279903788,0.0144822665084194,60.32517625976167,59.21076234578124,,,1705276800000,2024-01-15T12:00:23+00:00,1705320023000,2894.501469,28654738,2024-01-16 12:00:23+00:00,https://beaconcha.in/charts/staked_ether,https://www.beaconcha.in/ethstore,extraido_html_sem_imputacao; consistencia_interna_verificada,0,3.687,,,,ausente_nao_estimado,Yahoo Finance via yfinance,87.17721128447985,Yahoo Finance via yfinance,87.82521186293407,0.0002233986024073,0,staking_apr_rede,indisponivel_sem_dados_comparaveis
2024-01-16,28704561,3.849,2587.691162109375,2586.759765625,0.999640066597586,-0.0359933402414136,0.0299400948730868,0.0293567230264426,60.63006213263922,59.63282167621525,,,1705363200000,2024-01-16T12:00:23+00:00,1705406423000,3022.858342,28667537,2024-01-17 12:00:23+00:00,https://beaconcha.in/charts/staked_ether,https://www.beaconcha.in/ethstore,extraido_html_sem_imputacao; consistencia_interna_verificada,0,3.849,,,,ausente_nao_estimado,Yahoo Finance via yfinance,88.07439169232055,Yahoo Finance via yfinance,88.64306662628792,-0.0003599334024141,0,staking_apr_rede,indisponivel_sem_dados_comparaveis
2024-01-17,28739377,3.684,2528.369384765625,2525.89794921875,0.9990225180063615,-0.0977481993638451,-0.0231914519366796,-0.0238094137834001,61.424080212633015,60.49383995414188,,,1705449600000,2024-01-17T12:00:23+00:00,1705492823000,2897.670184,28709809,2024-01-18 12:00:23+00:00,https://beaconcha.in/charts/staked_ether,https://www.beaconcha.in/ethstore,extraido_html_sem_imputacao; consistencia_interna_verificada,0,3.684,,,,ausente_nao_estimado,Yahoo Finance via yfinance,56.89986478208676,Yahoo Finance via yfinance,51.48399926235781,-0.0009774819936384,0,staking_apr_rede,indisponivel_sem_dados_comparaveis
2024-01-18,28799153,3.738,2467.018798828125,2462.631103515625,0.9982214585010116,-0.1778541498988262,-0.0245641253669919,-0.0253662903080077,61.76993617424591,60.83369394803167,,,1705536000000,2024-01-18T12:00:23+00:00,1705579223000,2944.733851,28756593,2024-01-19 12:00:23+00:00,https://beaconcha.in/charts/staked_ether,https://www.beaconcha.in/ethstore,extraido_html_sem_imputacao; consistencia_interna_verificada,0,3.738,,,,ausente_nao_estimado,Yahoo Finance via yfinance,56.599204591128895,Yahoo Finance via yfinance,52.012411666419744,-0.0017785414989882,0,staking_apr_rede,indisponivel_sem_dados_comparaveis
2024-01-19,28876657,3.601,2489.49853515625,2489.743408203125,1.0000983623984578,0.009836239845784,0.0090708410561318,0.0109493235990512,61.74701137018154,60.87232309280439,,,1705622400000,2024-01-19T12:00:23+00:00,1705665623000,2843.506631,28825073,2024-01-20 12:00:23+00:00,https://beaconcha.in/charts/staked_ether,https://www.beaconcha.in/ethstore,extraido_html_sem_imputacao; consistencia_interna_verificada,0,3.601,,,,ausente_nao_estimado,Yahoo Finance via yfinance,52.12281204772404,Yahoo Finance via yfinance,48.87123252801943,9.836239845784078e-05,0,staking_apr_rede,indisponivel_sem_dados_comparaveis
2024-01-20,28951768,3.473,2469.589111328125,2468.654052734375,0.9996213707821028,-0.037862921789733,-0.0080295135782195,-0.0085065720554519,61.70716007447757,60.7637600775669,,,1705708800000,2024-01-20T12:00:23+00:00,1705752023000,2748.579684,28890397,2024-01-21 12:00:23+00:00,https://beaconcha.in/charts/staked_ether,https://www.beaconcha.in/ethstore,extraido_html_sem_imputacao; consistencia_interna_verificada,0,3.473,,,,ausente_nao_estimado,Yahoo Finance via yfinance,48.60370721221729,Yahoo Finance via yfinance,46.72739568661829,-0.0003786292178973,0,staking_apr_rede,indisponivel_sem_dados_comparaveis
2024-01-21,28984056,3.346,2453.9130859375,2453.39697265625,0.9997896774404084,-0.0210322559591746,-0.0063678567547607,-0.0061995005192054,60.48408906182839,59.520482563050045,,,1705795200000,2024-01-21T12:00:23+00:00,1705838423000,2654.653402,28960568,2024-01-22 12:00:23+00:00,https://beaconcha.in/charts/staked_ether,https://www.beaconcha.in/ethstore,extraido_html_sem_imputacao; consistencia_interna_verificada,0,3.346,,,,ausente_nao_estimado,Yahoo Finance via yfinance,38.71258499928088,Yahoo Finance via yfinance,39.00379314028014,-0.0002103225595917,0,staking_apr_rede,indisponivel_sem_dados_comparaveis
2024-01-22,28980439,3.523,2310.826416015625,2308.692626953125,0.9990766121385356,-0.0923387861464397,-0.0600787119528733,-0.0607921817190486,64.16681731044764,63.25832395966863,,,1705881600000,2024-01-22T12:00:23+00:00,1705924823000,2789.904853,28904824,2024-01-23 12:00:23+00:00,https://beaconcha.in/charts/staked_ether,https://www.beaconcha.in/ethstore,extraido_html_sem_imputacao; consistencia_interna_verificada,0,3.523,,,,ausente_nao_estimado,Yahoo Finance via yfinance,54.28984031236881,Yahoo Finance via yfinance,55.0501630583203,-0.0009233878614643,0,staking_apr_rede,indisponivel_sem_dados_comparaveis
2024-01-23,28948119,3.432,2240.68603515625,2238.400634765625,0.998980044345898,-0.1019955654101956,-0.0308231317333179,-0.0309197934494903,64.73967377860416,64.07529024007161,,,1705968000000,2024-01-23T12:00:23+00:00,1706011223000,2716.303429,28892055,2024-01-24 12:00:23+00:00,https://beaconcha.in/charts/staked_ether,https://www.beaconcha.in/ethstore,extraido_html_sem_imputacao; consistencia_interna_verificada,0,3.432,,,,ausente_nao_estimado,Yahoo Finance via yfinance,42.19297896658956,Yahoo Finance via yfinance,43.45338165651196,-0.0010199556541019,0,staking_apr_rede,indisponivel_sem_dados_comparaveis
2024-01-24,28949493,3.532,2233.561767578125,2229.93212890625,0.9983749548704844,-0.1625045129515556,-0.0031845681835734,-0.003790458968298,64.73490434449324,64.08489619565985,,,1706054400000,2024-01-24T12:00:23+00:00,1706097623000,2792.216604,28856310,2024-01-25 12:00:23+00:00,https://beaconcha.in/charts/staked_ether,https://www.beaconcha.in/ethstore,extraido_html_sem_imputacao; consistencia_interna_verificada,0,3.532,,,,ausente_nao_estimado,Yahoo Finance via yfinance,43.8763130453117,Yahoo Finance via yfinance,44.95041677292075,-0.0016250451295155,0,staking_apr_rede,indisponivel_sem_dados_comparaveis
2024-01-25,28940308,3.656,2217.710205078125,2217.85595703125,1.0000657218209987,0.0065721820998732,-0.0071222920575935,-0.0054302054486237,64.46838487766146,63.74499434191056,,,1706140800000,2024-01-25T12:00:23+00:00,1706184023000,2890.686345,28856246,2024-01-26 12:00:23+00:00,https://beaconcha.in/charts/staked_ether,https://www.beaconcha.in/ethstore,extraido_html_sem_imputacao; consistencia_interna_verificada,0,3.656,,,,ausente_nao_estimado,Yahoo Finance via yfinance,44.02646137613957,Yahoo Finance via yfinance,45.21442273718762,6.572182099873203e-05,0,staking_apr_rede,indisponivel_sem_dados_comparaveis
2024-01-26,28927828,3.394,2267.19970703125,2266.408203125,0.9996508891987788,-0.034911080122113,0.0220702363029845,0.0216553448869865,60.77698305779448,59.98646894091586,,,1706227200000,2024-01-26T12:00:23+00:00,1706270423000,2681.437625,28834644,2024-01-27 12:00:23+00:00,https://beaconcha.in/charts/staked_ether,https://www.beaconcha.in/ethstore,extraido_html_sem_imputacao; consistencia_interna_verificada,0,3.394,,,,ausente_nao_estimado,Yahoo Finance via yfinance,49.09800428127907,Yahoo Finance via yfinance,49.4119281816393,-0.0003491108012211,0,staking_apr_rede,indisponivel_sem_dados_comparaveis
2024-01-27,28964468,3.332,2267.885986328125,2264.752685546875,0.9986184046287429,-0.1381595371257149,0.0003026532897133,-0.0007307256098228,60.635172047459264,59.98251927423469,,,1706313600000,2024-01-27T12:00:23+00:00,1706356823000,2639.295603,28915988,2024-01-28 12:00:23+00:00,https://beaconcha.in/charts/staked_ether,https://www.beaconcha.in/ethstore,extraido_html_sem_imputacao; consistencia_interna_verificada,0,3.332,,,,ausente_nao_estimado,Yahoo Finance via yfinance,50.00874710140359,Yahoo Finance via yfinance,50.19570545294943,-0.0013815953712571,0,staking_apr_rede,indisponivel_sem_dados_comparaveis
2024-01-28,29053523,3.398,2257.208740234375,2250.866455078125,0.9971902088436928,-0.2809791156307306,-0.0047191347604119,-0.0061503301357528,60.26358109996589,59.57250171063625,,,1706400000000,2024-01-28T12:00:23+00:00,1706443223000,2699.814612,29003123,2024-01-29 12:00:23+00:00,https://beaconcha.in/charts/staked_ether,https://www.beaconcha.in/ethstore,extraido_html_sem_imputacao; consistencia_interna_verificada,0,3.398,,,,ausente_nao_estimado,Yahoo Finance via yfinance,50.13915511968373,Yahoo Finance via yfinance,50.19936236219507,-0.0028097911563073,0,staking_apr_rede,indisponivel_sem_dados_comparaveis
2024-01-29,29124499,3.583,2317.064208984375,2286.8681640625,0.9869679723139348,-1.303202768606515,0.0261719779242155,0.0158680343485688,60.96859301550119,59.82600949086356,,,1706486400000,2024-01-29T12:00:23+00:00,1706529623000,2852.499736,29057939,2024-01-30 12:00:23+00:00,https://beaconcha.in/charts/staked_ether,https://www.beaconcha.in/ethstore,extraido_html_sem_imputacao; consistencia_interna_verificada,0,3.583,,,,ausente_nao_estimado,Yahoo Finance via yfinance,36.61918386274516,Yahoo Finance via yfinance,32.59166514843105,-0.0130320276860651,0,staking_apr_rede,indisponivel_sem_dados_comparaveis
2024-01-30,29164212,3.891,2344.49365234375,2355.2314453125,1.0045800051358704,0.4580005135870424,0.0117684948896216,0.0294557333215542,61.06781526943893,60.66323517466303,,,1706572800000,2024-01-30T12:00:23+00:00,1706616023000,3105.31682,29131446,2024-01-31 12:00:23+00:00,https://beaconcha.in/charts/staked_ether,https://www.beaconcha.in/ethstore,extraido_html_sem_imputacao; consistencia_interna_verificada,0,3.891,,,,ausente_nao_estimado,Yahoo Finance via yfinance,25.87770022579637,Yahoo Finance via yfinance,28.13059359288357,0.0045800051358704,0,staking_apr_rede,indisponivel_sem_dados_comparaveis
2024-01-31,29215476,3.645,2282.54443359375,2282.3125,0.999898388136355,-0.010161186364499,-0.0267786517065526,-0.0314498175598579,60.8367277766927,60.98642314520015,,,1706659200000,2024-01-31T12:00:23+00:00,1706702423000,2913.802572,29178548,2024-02-01 12:00:23+00:00,https://beaconcha.in/charts/staked_ether,https://www.beaconcha.in/ethstore,extraido_html_sem_imputacao; consistencia_interna_verificada,0,3.645,,,,ausente_nao_estimado,Yahoo Finance via yfinance,35.171851993648964,Yahoo Finance via yfinance,39.52711038366317,-0.0001016118636449,0,staking_apr_rede,indisponivel_sem_dados_comparaveis
2024-02-01,29293812,3.675,2303.82470703125,2301.5654296875,0.9990193362642328,-0.0980663735767217,0.0092798575512324,0.0084003296766641,60.93751143466625,61.0096466593021,,,1706745600000,2024-02-01T12:00:23+00:00,1706788823000,2944.353062,29241620,2024-02-02 12:00:23+00:00,https://beaconcha.in/charts/staked_ether,https://www.beaconcha.in/ethstore,extraido_html_sem_imputacao; consistencia_interna_verificada,0,3.675,,,,ausente_nao_estimado,Yahoo Finance via yfinance,34.254386272963615,Yahoo Finance via yfinance,38.922294610933385,-0.0009806637357672,0,staking_apr_rede,indisponivel_sem_dados_comparaveis
2024-02-02,29375862,3.665,2308.0380859375,2305.041259765625,0.998701569878706,-0.1298430121294047,0.0018271922941494,0.0015090633831191,56.56560735133888,56.864772924247205,,,1706832000000,2024-02-02T12:00:23+00:00,1706875223000,2941.666371,29293494,2024-02-03 12:00:23+00:00,https://beaconcha.in/charts/staked_ether,https://www.beaconcha.in/ethstore,extraido_html_sem_imputacao; consistencia_interna_verificada,0,3.665,,,,ausente_nao_estimado,Yahoo Finance via yfinance,31.26502855653296,Yahoo Finance via yfinance,36.40752135772685,-0.001298430121294,0,staking_apr_rede,indisponivel_sem_dados_comparaveis
2024-02-03,29420373,3.375,2296.038330078125,2298.372314453125,1.0010165267471474,0.1016526747147361,-0.0052126776128544,-0.0028973933670741,55.90236516110409,56.44506345844985,,,1706918400000,2024-02-03T12:00:23+00:00,1706961623000,2714.923499,29363638,2024-02-04 12:00:23+00:00,https://beaconcha.in/charts/staked_ether,https://www.beaconcha.in/ethstore,extraido_html_sem_imputacao; consistencia_interna_verificada,0,3.375,,,,ausente_nao_estimado,Yahoo Finance via yfinance,31.75603857034152,Yahoo Finance via yfinance,36.55471099902719,0.0010165267471473,0,staking_apr_rede,indisponivel_sem_dados_comparaveis
2024-02-04,29510261,3.297,2289.546142578125,2292.385009765625,1.0012399257366804,0.1239925736680414,-0.0028315656930748,-0.0026084184631754,55.91345195649801,56.44034959886722,,,1707004800000,2024-02-04T12:00:23+00:00,1707048023000,2660.794576,29454198,2024-02-05 12:00:23+00:00,https://beaconcha.in/charts/staked_ether,https://www.beaconcha.in/ethstore,extraido_html_sem_imputacao; consistencia_interna_verificada,0,3.297,,,,ausente_nao_estimado,Yahoo Finance via yfinance,31.550254965543733,Yahoo Finance via yfinance,36.15540071108288,0.0012399257366804,0,staking_apr_rede,indisponivel_sem_dados_comparaveis
2024-02-05,29567027,3.586,2298.888916015625,2297.103515625,0.9992233637831794,-0.0776636216820558,0.0040723193113711,0.0020562236928055,55.749551419207776,56.32545771967325,,,1707091200000,2024-02-05T12:00:23+00:00,1707134423000,2899.923035,29515060,2024-02-06 12:00:23+00:00,https://beaconcha.in/charts/staked_ether,https://www.beaconcha.in/ethstore,extraido_html_sem_imputacao; consistencia_interna_verificada,0,3.586,,,,ausente_nao_estimado,Yahoo Finance via yfinance,24.51551169071673,Yahoo Finance via yfinance,34.40797978385455,-0.0007766362168205,0,staking_apr_rede,indisponivel_sem_dados_comparaveis
2024-02-06,29628467,3.54,2372.201904296875,2365.687744140625,0.9972539604894294,-0.2746039510570619,0.0313926711471676,0.0294197923084341,56.6400339618475,57.12335497925921,,,1707177600000,2024-02-06T12:00:23+00:00,1707220823000,2868.83779,29575667,2024-02-07 12:00:23+00:00,https://beaconcha.in/charts/staked_ether,https://www.beaconcha.in/ethstore,extraido_html_sem_imputacao; consistencia_interna_verificada,0,3.54,,,,ausente_nao_estimado,Yahoo Finance via yfinance,33.3116048303426,Yahoo Finance via yfinance,34.38967281137543,-0.0027460395105706,0,staking_apr_rede,indisponivel_sem_dados_comparaveis
2024-02-07,29721746,3.805,2423.7451171875,2424.38818359375,1.0002653193199609,0.0265319319960655,0.0214953156349962,0.0245104165577084,54.620381652875416,55.75955951169959,,,1707264000000,2024-02-07T12:00:23+00:00,1707307223000,3091.498256,29655699,2024-02-08 12:00:23+00:00,https://beaconcha.in/charts/staked_ether,https://www.beaconcha.in/ethstore,extraido_html_sem_imputacao; consistencia_interna_verificada,0,3.805,,,,ausente_nao_estimado,Yahoo Finance via yfinance,25.56183456192532,Yahoo Finance via yfinance,25.123353372214,0.0002653193199606,0,staking_apr_rede,indisponivel_sem_dados_comparaveis
2024-02-08,29784402,4.101,2419.906494140625,2424.915283203125,1.002069827522108,0.2069827522108047,-0.0015850123660973,0.0002173918852716,54.61170947577744,55.71834543451744,,,1707350400000,2024-02-08T12:00:23+00:00,1707393623000,3339.84609,29722994,2024-02-09 12:00:23+00:00,https://beaconcha.in/charts/staked_ether,https://www.beaconcha.in/ethstore,extraido_html_sem_imputacao; consistencia_interna_verificada,0,4.101,,,,ausente_nao_estimado,Yahoo Finance via yfinance,26.56385902484089,Yahoo Finance via yfinance,25.8525847457527,0.002069827522108,0,staking_apr_rede,indisponivel_sem_dados_comparaveis
2024-02-09,29844402,3.883,2487.515625,2488.02978515625,1.000206696251908,0.0206696251908056,0.0275555708006856,0.0256945573134831,43.667806889176894,43.15204157471484,,,1707436800000,2024-02-09T12:00:23+00:00,1707480023000,3164.159071,29744050,2024-02-10 12:00:23+00:00,https://beaconcha.in/charts/staked_ether,https://www.beaconcha.in/ethstore,extraido_html_sem_imputacao; consistencia_interna_verificada,0,3.883,,,,ausente_nao_estimado,Yahoo Finance via yfinance,29.802124993337664,Yahoo Finance via yfinance,28.254265708752385,0.000206696251908,0,staking_apr_rede,indisponivel_sem_dados_comparaveis
2024-02-10,29883890,3.581,2501.228271484375,2498.16552734375,0.9987755039491828,-0.1224496050817203,0.0054974483774366,0.0040655271255876,43.37468712977622,42.97998500485326,,,1707523200000,2024-02-10T12:00:23+00:00,1707566423000,2926.471054,29830738,2024-02-11 12:00:23+00:00,https://beaconcha.in/charts/staked_ether,https://www.beaconcha.in/ethstore,extraido_html_sem_imputacao; consistencia_interna_verificada,0,3.581,,,,ausente_nao_estimado,Yahoo Finance via yfinance,27.21489254692013,Yahoo Finance via yfinance,26.58168889007841,-0.0012244960508172,0,staking_apr_rede,indisponivel_sem_dados_comparaveis
2024-02-11,29976242,3.538,2507.570556640625,2506.97021484375,0.9997605882732652,-0.0239411726734917,0.0025324588842513,0.0035182648526222,41.45640920145276,41.41849243832001,,,1707609600000,2024-02-11T12:00:23+00:00,1707652823000,2900.04455,29921298,2024-02-12 12:00:23+00:00,https://beaconcha.in/charts/staked_ether,https://www.beaconcha.in/ethstore,extraido_html_sem_imputacao; consistencia_interna_verificada,0,3.538,,,,ausente_nao_estimado,Yahoo Finance via yfinance,25.63923615721848,Yahoo Finance via yfinance,24.858638520331738,-0.0002394117267349,0,staking_apr_rede,indisponivel_sem_dados_comparaveis
2024-02-12,30050418,3.959,2658.115966796875,2659.51025390625,1.0005245396088025,0.0524539608802276,0.0583032099839121,0.0590670524601999,45.71644328187445,46.062003804469946,,,1707696000000,2024-02-12T12:00:23+00:00,1707739223000,3252.080264,29979154,2024-02-13 12:00:23+00:00,https://beaconcha.in/charts/staked_ether,https://www.beaconcha.in/ethstore,extraido_html_sem_imputacao; consistencia_interna_verificada,0,3.959,,,,ausente_nao_estimado,Yahoo Finance via yfinance,40.02748538927308,Yahoo Finance via yfinance,39.60634038773652,0.0005245396088022,0,staking_apr_rede,indisponivel_sem_dados_comparaveis
2024-02-13,30119922,3.541,2642.185302734375,2637.451171875,0.9982082517624802,-0.1791748237519819,-0.0060112477475168,-0.0083290051718674,43.184736585441726,44.16381074771639,,,1707782400000,2024-02-13T12:00:23+00:00,1707825623000,2916.973287,30064148,2024-02-14 12:00:23+00:00,https://beaconcha.in/charts/staked_ether,https://www.beaconcha.in/ethstore,extraido_html_sem_imputacao; consistencia_interna_verificada,0,3.541,,,,ausente_nao_estimado,Yahoo Finance via yfinance,42.97672454766886,Yahoo Finance via yfinance,43.83668527102157,-0.0017917482375198,0,staking_apr_rede,indisponivel_sem_dados_comparaveis
2024-02-14,30175155,3.487,2777.90234375,2776.76708984375,0.9995913269201834,-0.0408673079816623,0.0500897493405292,0.0514743480694712,46.10353099056517,47.24571315349812,,,1707868800000,2024-02-14T12:00:23+00:00,1707912023000,2877.139885,30119638,2024-02-15 12:00:23+00:00,https://beaconcha.in/charts/staked_ether,https://www.beaconcha.in/ethstore,extraido_html_sem_imputacao; consistencia_interna_verificada,0,3.487,,,,ausente_nao_estimado,Yahoo Finance via yfinance,49.85435653765859,Yahoo Finance via yfinance,50.943240821513314,-0.0004086730798166,0,staking_apr_rede,indisponivel_sem_dados_comparaveis
2024-02-15,30234354,3.745,2824.37890625,2823.682861328125,0.9997535582352868,-0.0246441764713223,0.0165923939552672,0.0167546784282105,45.364217305838686,46.572011362462526,,,1707955200000,2024-02-15T12:00:23+00:00,1707998423000,3094.467486,30162003,2024-02-16 12:00:23+00:00,https://beaconcha.in/charts/staked_ether,https://www.beaconcha.in/ethstore,extraido_html_sem_imputacao; consistencia_interna_verificada,0,3.745,,,,ausente_nao_estimado,Yahoo Finance via yfinance,46.81672459753128,Yahoo Finance via yfinance,48.4986391340782,-0.0002464417647132,0,staking_apr_rede,indisponivel_sem_dados_comparaveis
2024-02-16,30286195,3.363,2803.69140625,2803.523193359375,0.9999400030651554,-0.0059996934844597,-0.0073515759483139,-0.0071651025465716,44.54587794265159,45.72376498688111,,,1708041600000,2024-02-16T12:00:23+00:00,1708084823000,2785.401379,30231827,2024-02-17 12:00:23+00:00,https://beaconcha.in/charts/staked_ether,https://www.beaconcha.in/ethstore,extraido_html_sem_imputacao; consistencia_interna_verificada,0,3.363,,,,ausente_nao_estimado,Yahoo Finance via yfinance,50.93740329254845,Yahoo Finance via yfinance,52.51102438324188,-5.999693484459723e-05,0,staking_apr_rede,indisponivel_sem_dados_comparaveis
2024-02-17,30380050,3.425,2786.672607421875,2785.2060546875,0.9994737262172568,-0.052627378274328,-0.0060886380073005,-0.0065550515859638,43.53849677953239,44.68938001138624,,,1708128000000,2024-02-17T12:00:23+00:00,1708171223000,2845.551994,30325394,2024-02-18 12:00:23+00:00,https://beaconcha.in/charts/staked_ether,https://www.beaconcha.in/ethstore,extraido_html_sem_imputacao; consistencia_interna_verificada,0,3.425,,,,ausente_nao_estimado,Yahoo Finance via yfinance,53.17962725740123,Yahoo Finance via yfinance,54.62664765103165,-0.0005262737827432,0,staking_apr_rede,indisponivel_sem_dados_comparaveis
2024-02-18,30469042,3.456,2878.998046875,2878.83740234375,0.99994420123646,-0.0055798763540115,0.0325940629496657,0.0330646749427125,44.63840856036148,45.7685423102064,,,1708214400000,2024-02-18T12:00:23+00:00,1708257623000,2879.202005,30407282,2024-02-19 12:00:23+00:00,https://beaconcha.in/charts/staked_ether,https://www.beaconcha.in/ethstore,extraido_html_sem_imputacao; consistencia_interna_verificada,0,3.456,,,,ausente_nao_estimado,Yahoo Finance via yfinance,53.17204531106484,Yahoo Finance via yfinance,54.83785100797376,-5.579876354011581e-05,0,staking_apr_rede,indisponivel_sem_dados_comparaveis
2024-02-19,30540017,3.51,2943.57470703125,2947.169677734375,1.0012212941952985,0.1221294195298483,0.0221823962784109,0.023458745620958,44.78532783315641,45.95304076644824,,,1708300800000,2024-02-19T12:00:23+00:00,1708344023000,2931.713995,30483857,2024-02-20 12:00:23+00:00,https://beaconcha.in/charts/staked_ether,https://www.beaconcha.in/ethstore,extraido_html_sem_imputacao; consistencia_interna_verificada,0,3.51,,,,ausente_nao_estimado,Yahoo Finance via yfinance,42.57367004226562,Yahoo Finance via yfinance,44.332463284280784,0.0012212941952984,0,staking_apr_rede,indisponivel_sem_dados_comparaveis
2024-02-20,30625393,3.549,3013.503662109375,3014.0234375,1.000172482083616,0.0172482083615976,0.0234786796705328,0.0224305978586262,44.96994552419821,46.08870686042869,,,1708387200000,2024-02-20T12:00:23+00:00,1708430423000,2970.506264,30552497,2024-02-21 12:00:23+00:00,https://beaconcha.in/charts/staked_ether,https://www.beaconcha.in/ethstore,extraido_html_sem_imputacao; consistencia_interna_verificada,0,3.549,,,,ausente_nao_estimado,Yahoo Finance via yfinance,39.082602954388726,Yahoo Finance via yfinance,39.97409869468431,0.0001724820836159,0,staking_apr_rede,indisponivel_sem_dados_comparaveis
2024-02-21,30662764,3.511,2970.35546875,2967.06396484375,0.998891882153204,-0.1108117846795986,-0.0144217770742245,-0.0157029765478326,38.816739672301495,40.04579554445122,,,1708473600000,2024-02-21T12:00:23+00:00,1708516823000,2940.012804,30562287,2024-02-22 12:00:23+00:00,https://beaconcha.in/charts/staked_ether,https://www.beaconcha.in/ethstore,extraido_html_sem_imputacao; consistencia_interna_verificada,0,3.511,,,,ausente_nao_estimado,Yahoo Finance via yfinance,35.219915214247166,Yahoo Finance via yfinance,36.086364465816025,-0.0011081178467959,0,staking_apr_rede,indisponivel_sem_dados_comparaveis
2024-02-22,30662763,3.533,2971.00732421875,2978.477783203125,1.0025144532372836,0.2514453237283609,0.0002194296137367,0.0038394591660113,36.30050802541558,37.50932302787145,,,1708560000000,2024-02-22T12:00:23+00:00,1708603223000,2959.937997,30581808,2024-02-23 12:00:23+00:00,https://beaconcha.in/charts/staked_ether,https://www.beaconcha.in/ethstore,extraido_html_sem_imputacao; consistencia_interna_verificada,0,3.533,,,,ausente_nao_estimado,Yahoo Finance via yfinance,35.21820532527716,Yahoo Finance via yfinance,35.703271875566664,0.0025144532372836,0,staking_apr_rede,indisponivel_sem_dados_comparaveis
2024-02-23,30724880,3.486,2921.658203125,2922.44091796875,1.000267900893716,0.0267900893716088,-0.0167497288331502,-0.0189931611074289,37.190065841270666,38.54884269789271,,,1708646400000,2024-02-23T12:00:23+00:00,1708689623000,2928.686157,30666032,2024-02-24 12:00:23+00:00,https://beaconcha.in/charts/staked_ether,https://www.beaconcha.in/ethstore,extraido_html_sem_imputacao; consistencia_interna_verificada,0,3.486,,,,ausente_nao_estimado,Yahoo Finance via yfinance,38.11972421258756,Yahoo Finance via yfinance,39.50322692628617,0.000267900893716,0,staking_apr_rede,indisponivel_sem_dados_comparaveis
2024-02-24,30806672,3.333,2992.385986328125,2987.894775390625,0.998499120448358,-0.150087955164202,0.0239197250362116,0.0221498530219255,37.07743948058422,38.44832697870253,,,1708732800000,2024-02-24T12:00:23+00:00,1708776023000,2808.144832,30753072,2024-02-25 12:00:23+00:00,https://beaconcha.in/charts/staked_ether,https://www.beaconcha.in/ethstore,extraido_html_sem_imputacao; consistencia_interna_verificada,0,3.333,,,,ausente_nao_estimado,Yahoo Finance via yfinance,38.54088524519778,Yahoo Finance via yfinance,39.42022904310824,-0.001500879551642,0,staking_apr_rede,indisponivel_sem_dados_comparaveis
2024-02-25,30849421,3.396,3112.697265625,3110.02587890625,0.9991417775354348,-0.0858222464565239,0.0394185803791827,0.0400619964304822,38.26386611726871,39.67119244917911,,,1708819200000,2024-02-25T12:00:23+00:00,1708862423000,2867.638137,30825427,2024-02-26 12:00:23+00:00,https://beaconcha.in/charts/staked_ether,https://www.beaconcha.in/ethstore,extraido_html_sem_imputacao; consistencia_interna_verificada,0,3.396,,,,ausente_nao_estimado,Yahoo Finance via yfinance,41.18053696840632,Yahoo Finance via yfinance,42.137195633552906,-0.0008582224645652,0,staking_apr_rede,indisponivel_sem_dados_comparaveis
2024-02-26,30873777,3.575,3178.99365234375,3175.1923828125,0.9988042538152136,-0.119574618478635,0.0210750468838978,0.0207371761725414,38.24868340806248,39.609682647840735,,,1708905600000,2024-02-26T12:00:23+00:00,1708948823000,3019.753551,30832209,2024-02-27 12:00:23+00:00,https://beaconcha.in/charts/staked_ether,https://www.beaconcha.in/ethstore,extraido_html_sem_imputacao; consistencia_interna_verificada,0,3.575,,,,ausente_nao_estimado,Yahoo Finance via yfinance,41.00746055411987,Yahoo Finance via yfinance,41.692531439804455,-0.0011957461847863,0,staking_apr_rede,indisponivel_sem_dados_comparaveis
2024-02-27,30941648,3.574,3244.519287109375,3241.533203125,0.999079652879168,-0.0920347120831999,0.0204025144361792,0.020678205195563,37.930399503594906,39.22877968131556,,,1708992000000,2024-02-27T12:00:23+00:00,1709035223000,3024.011711,30883634,2024-02-28 12:00:23+00:00,https://beaconcha.in/charts/staked_ether,https://www.beaconcha.in/ethstore,extraido_html_sem_imputacao; consistencia_interna_verificada,0,3.574,,,,ausente_nao_estimado,Yahoo Finance via yfinance,40.49457169086931,Yahoo Finance via yfinance,41.40945582246999,-0.0009203471208319,0,staking_apr_rede,indisponivel_sem_dados_comparaveis
2024-02-28,30998319,3.744,3385.703857421875,3378.063232421875,0.9977432683655274,-0.2256731634472597,0.0425946193780364,0.0412561083874564,39.111693798273336,40.50962674198216,,,1709078400000,2024-02-28T12:00:23+00:00,1709121623000,3172.029431,30920687,2024-02-29 12:00:23+00:00,https://beaconcha.in/charts/staked_ether,https://www.beaconcha.in/ethstore,extraido_html_sem_imputacao; consistencia_interna_verificada,0,3.744,,,,ausente_nao_estimado,Yahoo Finance via yfinance,40.03097539995276,Yahoo Finance via yfinance,39.97227464052781,-0.0022567316344725,0,staking_apr_rede,indisponivel_sem_dados_comparaveis
2024-02-29,31046351,3.49,3341.919677734375,3343.387451171875,1.0004392006927274,0.0439200692727403,-0.0130164233010779,-0.0103180371378844,40.12372635959977,40.85077097830761,,,1709164800000,2024-02-29T12:00:23+00:00,1709208023000,2962.202229,30977199,2024-03-01 12:00:23+00:00,https://beaconcha.in/charts/staked_ether,https://www.beaconcha.in/ethstore,extraido_html_sem_imputacao; consistencia_interna_verificada,0,3.49,,,,ausente_nao_estimado,Yahoo Finance via yfinance,44.62494189159102,Yahoo Finance via yfinance,44.2197617511132,0.0004392006927274,0,staking_apr_rede,indisponivel_sem_dados_comparaveis
2024-03-01,31113167,3.595,3435.053955078125,3430.62158203125,0.998709664213477,-0.1290335786523044,0.0274872373036918,0.0257569640447981,37.96041869495952,38.02494449215196,,,1709251200000,2024-03-01T12:00:23+00:00,1709294423000,3058.318012,31048111,2024-03-02 12:00:23+00:00,https://beaconcha.in/charts/staked_ether,https://www.beaconcha.in/ethstore,extraido_html_sem_imputacao; consistencia_interna_verificada,0,3.595,,,,ausente_nao_estimado,Yahoo Finance via yfinance,34.72364351601922,Yahoo Finance via yfinance,32.6583101616076,-0.001290335786523,0,staking_apr_rede,indisponivel_sem_dados_comparaveis
2024-03-02,31186991,3.464,3422.0498046875,3414.356689453125,0.9977518985188828,-0.2248101481117315,-0.0037929033703291,-0.0047523666386903,38.419834171538994,38.52414645126522,,,1709337600000,2024-03-02T12:00:23+00:00,1709380823000,2954.552179,31129423,2024-03-03 12:00:23+00:00,https://beaconcha.in/charts/staked_ether,https://www.beaconcha.in/ethstore,extraido_html_sem_imputacao; consistencia_interna_verificada,0,3.464,,,,ausente_nao_estimado,Yahoo Finance via yfinance,39.7418898187082,Yahoo Finance via yfinance,38.32226012436169,-0.0022481014811173,0,staking_apr_rede,indisponivel_sem_dados_comparaveis
2024-03-03,31275983,3.632,3490.99365234375,3476.484130859375,0.9958437273368762,-0.4156272663123794,0.0199466802026198,0.0180323784856873,38.264950152494656,38.326529449120905,,,1709424000000,2024-03-03T12:00:23+00:00,1709467223000,3105.068986,31202671,2024-03-04 12:00:23+00:00,https://beaconcha.in/charts/staked_ether,https://www.beaconcha.in/ethstore,extraido_html_sem_imputacao; consistencia_interna_verificada,0,3.632,,,,ausente_nao_estimado,Yahoo Finance via yfinance,36.01864114947373,Yahoo Finance via yfinance,34.0402255713277,-0.0041562726631237,0,staking_apr_rede,indisponivel_sem_dados_comparaveis
2024-03-04,31325552,3.911,3630.433837890625,3627.273193359375,0.9991294030762212,-0.0870596923778777,0.039165745876315,0.0424597037347909,38.62004631971161,39.1120516916387,,,1709510400000,2024-03-04T12:00:23+00:00,1709553623000,3346.818607,31238544,2024-03-05 12:00:23+00:00,https://beaconcha.in/charts/staked_ether,https://www.beaconcha.in/ethstore,extraido_html_sem_imputacao; consistencia_interna_verificada,0,3.911,,,,ausente_nao_estimado,Yahoo Finance via yfinance,39.638569748293214,Yahoo Finance via yfinance,39.14438903413961,-0.0008705969237787,0,staking_apr_rede,indisponivel_sem_dados_comparaveis
2024-03-05,31320847,3.979,3554.964599609375,3554.0234375,0.999735254154295,-0.0264745845705016,-0.021007050416046,-0.0204008551997416,40.181202012104926,40.59643574683051,,,1709596800000,2024-03-05T12:00:23+00:00,1709640023000,3406.751967,31254288,2024-03-06 12:00:23+00:00,https://beaconcha.in/charts/staked_ether,https://www.beaconcha.in/ethstore,extraido_html_sem_imputacao; consistencia_interna_verificada,0,3.979,,,,ausente_nao_estimado,Yahoo Finance via yfinance,48.91979457337132,Yahoo Finance via yfinance,48.26094570087088,-0.000264745845705,0,staking_apr_rede,indisponivel_sem_dados_comparaveis
2024-03-06,31291279,3.869,3819.226318359375,3819.76318359375,1.0001405691073593,0.0140569107359267,0.0717027623548773,0.0721081024803984,44.616832248649416,44.98489606732507,,,1709683200000,2024-03-06T12:00:23+00:00,1709726423000,3308.580129,31212367,2024-03-07 12:00:23+00:00,https://beaconcha.in/charts/staked_ether,https://www.beaconcha.in/ethstore,extraido_html_sem_imputacao; consistencia_interna_verificada,0,3.869,,,,ausente_nao_estimado,Yahoo Finance via yfinance,62.298660933212105,Yahoo Finance via yfinance,62.29391818852468,0.0001405691073592,0,staking_apr_rede,indisponivel_sem_dados_comparaveis
2024-03-07,31279600,3.684,3874.34765625,3864.725341796875,0.9975164039712332,-0.248359602876691,0.0143294342144944,0.0117021897166518,44.31619538645199,44.79090210238714,,,1709769600000,2024-03-07T12:00:23+00:00,1709812823000,3151.354548,31221328,2024-03-08 12:00:23+00:00,https://beaconcha.in/charts/staked_ether,https://www.beaconcha.in/ethstore,extraido_html_sem_imputacao; consistencia_interna_verificada,0,3.684,,,,ausente_nao_estimado,Yahoo Finance via yfinance,57.1429081612832,Yahoo Finance via yfinance,58.194590044787645,-0.0024835960287669,0,staking_apr_rede,indisponivel_sem_dados_comparaveis
2024-03-08,31312336,3.524,3892.06103515625,3893.188232421875,1.0002896144884277,0.0289614488427458,0.0045615445502833,0.0073378023779249,44.46222132767611,44.79815944614364,,,1709856000000,2024-03-08T12:00:23+00:00,1709899223000,3017.952296,31256592,2024-03-09 12:00:23+00:00,https://beaconcha.in/charts/staked_ether,https://www.beaconcha.in/ethstore,extraido_html_sem_imputacao; consistencia_interna_verificada,0,3.524,,,,ausente_nao_estimado,Yahoo Finance via yfinance,57.98047173398613,Yahoo Finance via yfinance,58.738455570099525,0.0002896144884274,0,staking_apr_rede,indisponivel_sem_dados_comparaveis
2024-03-09,31357104,3.583,3915.4189453125,3911.353759765625,0.9989617495334076,-0.1038250466592338,0.0059834876050164,0.0046551252248052,44.16741787577258,44.630450362677855,,,1709942400000,2024-03-09T12:00:23+00:00,1709985623000,3072.058035,31291600,2024-03-10 12:00:23+00:00,https://beaconcha.in/charts/staked_ether,https://www.beaconcha.in/ethstore,extraido_html_sem_imputacao; consistencia_interna_verificada,0,3.583,,,,ausente_nao_estimado,Yahoo Finance via yfinance,56.16237743125062,Yahoo Finance via yfinance,56.87827540716208,-0.0010382504665923,0,staking_apr_rede,indisponivel_sem_dados_comparaveis
2024-03-10,31371952,3.727,3881.193115234375,3868.163818359375,0.9966429660962096,-0.3357033903790496,-0.0087797237225827,-0.011103615285457,44.78909272400264,45.4558615409468,,,1710028800000,2024-03-10T12:00:23+00:00,1710072023000,3198.508361,31328209,2024-03-11 12:00:23+00:00,https://beaconcha.in/charts/staked_ether,https://www.beaconcha.in/ethstore,extraido_html_sem_imputacao; consistencia_interna_verificada,0,3.727,,,,ausente_nao_estimado,Yahoo Finance via yfinance,59.6641682957355,Yahoo Finance via yfinance,61.04703879861651,-0.0033570339037904,0,staking_apr_rede,indisponivel_sem_dados_comparaveis
2024-03-11,31357135,3.716,4066.445068359375,4063.708251953125,0.9993269756850904,-0.0673024314909565,0.0466265599074274,0.0493159903948228,45.99203615445763,46.84140817272763,,,1710115200000,2024-03-11T12:00:23+00:00,1710158423000,3185.267649,31289167,2024-03-12 12:00:23+00:00,https://beaconcha.in/charts/staked_ether,https://www.beaconcha.in/ethstore,extraido_html_sem_imputacao; consistencia_interna_verificada,0,3.716,,,,ausente_nao_estimado,Yahoo Finance via yfinance,61.70055090229266,Yahoo Finance via yfinance,63.073138983823775,-0.0006730243149095,0,staking_apr_rede,indisponivel_sem_dados_comparaveis
2024-03-12,31322831,3.679,3980.273193359375,3965.2802734375,0.9962331932524408,-0.3766806747559137,-0.0214187117111479,-0.0245193798438142,47.6178827617393,48.77901441722249,,,1710201600000,2024-03-12T12:00:23+00:00,1710244823000,3150.592448,31258639,2024-03-13 12:00:23+00:00,https://beaconcha.in/charts/staked_ether,https://www.beaconcha.in/ethstore,extraido_html_sem_imputacao; consistencia_interna_verificada,0,3.679,,,,ausente_nao_estimado,Yahoo Finance via yfinance,61.85210493102281,Yahoo Finance via yfinance,64.58034815090883,-0.0037668067475591,0,staking_apr_rede,indisponivel_sem_dados_comparaveis
2024-03-13,31293775,3.482,4006.45703125,3999.393310546875,0.9982369158965068,-0.1763084103493128,0.0065568589305074,0.008566137795098,45.1044847081297,46.18541809332186,,,1710288000000,2024-03-13T12:00:23+00:00,1710331223000,2981.869747,31261840,2024-03-14 12:00:23+00:00,https://beaconcha.in/charts/staked_ether,https://www.beaconcha.in/ethstore,extraido_html_sem_imputacao; consistencia_interna_verificada,0,3.482,,,,ausente_nao_estimado,Yahoo Finance via yfinance,40.43457943442191,Yahoo Finance via yfinance,43.71036614527817,-0.0017630841034931,0,staking_apr_rede,indisponivel_sem_dados_comparaveis
2024-03-14,31315405,3.617,3883.140380859375,3880.173095703125,0.999235854266079,-0.0764145733921028,-0.0312631146419185,-0.0302629123184902,47.29841704191814,48.09056907177259,,,1710374400000,2024-03-14T12:00:23+00:00,1710417623000,3096.675325,31251213,2024-03-15 12:00:23+00:00,https://beaconcha.in/charts/staked_ether,https://www.beaconcha.in/ethstore,extraido_html_sem_imputacao; consistencia_interna_verificada,0,3.617,,,,ausente_nao_estimado,Yahoo Finance via yfinance,47.991977043433565,Yahoo Finance via yfinance,50.66133112584067,-0.000764145733921,0,staking_apr_rede,indisponivel_sem_dados_comparaveis
2024-03-15,31284109,3.398,3735.22021484375,3720.07080078125,0.995944171108762,-0.4055828891238122,-0.0388374261325502,-0.042137064362685,48.63460152634915,49.69075261226866,,,1710460800000,2024-03-15T12:00:23+00:00,1710504023000,2905.172894,31205261,2024-03-16 12:00:23+00:00,https://beaconcha.in/charts/staked_ether,https://www.beaconcha.in/ethstore,extraido_html_sem_imputacao; consistencia_interna_verificada,0,3.398,,,,ausente_nao_estimado,Yahoo Finance via yfinance,55.33141795645778,Yahoo Finance via yfinance,58.613244857363775,-0.0040558288912381,0,staking_apr_rede,indisponivel_sem_dados_comparaveis
2024-03-16,31240910,3.428,3522.860107421875,3516.2783203125,0.9981316921737798,-0.1868307826220161,-0.058533586440877,-0.0563395656588114,54.08215908054586,54.683609766158106,,,1710547200000,2024-03-16T12:00:23+00:00,1710590423000,2929.846941,31196110,2024-03-17 12:00:23+00:00,https://beaconcha.in/charts/staked_ether,https://www.beaconcha.in/ethstore,extraido_html_sem_imputacao; consistencia_interna_verificada,0,3.428,,,,ausente_nao_estimado,Yahoo Finance via yfinance,65.5825222036481,Yahoo Finance via yfinance,67.43691657494466,-0.0018683078262201,0,staking_apr_rede,indisponivel_sem_dados_comparaveis
2024-03-17,31274734,3.343,3642.4130859375,3649.16748046875,1.00185437356277,0.1854373562770073,0.0333732074975971,0.0370959191224657,54.55077947246687,55.38365076980457,,,1710633600000,2024-03-17T12:00:23+00:00,1710676823000,2858.975807,31212718,2024-03-18 12:00:23+00:00,https://beaconcha.in/charts/staked_ether,https://www.beaconcha.in/ethstore,extraido_html_sem_imputacao; consistencia_interna_verificada,0,3.343,,,,ausente_nao_estimado,Yahoo Finance via yfinance,74.5073641160011,Yahoo Finance via yfinance,77.45976370875118,0.00185437356277,0,staking_apr_rede,indisponivel_sem_dados_comparaveis
2024-03-18,31266190,3.543,3517.985107421875,3522.478759765625,1.0012773369433172,0.127733694331722,-0.0347579846458721,-0.0353341191380651,56.41529953407191,57.26485839686273,,,1710720000000,2024-03-18T12:00:23+00:00,1710763223000,3029.48739,31212334,2024-03-19 12:00:23+00:00,https://beaconcha.in/charts/staked_ether,https://www.beaconcha.in/ethstore,extraido_html_sem_imputacao; consistencia_interna_verificada,0,3.543,,,,ausente_nao_estimado,Yahoo Finance via yfinance,59.07586737344087,Yahoo Finance via yfinance,61.64249519055799,0.0012773369433172,0,staking_apr_rede,indisponivel_sem_dados_comparaveis
2024-03-19,31273682,3.471,3157.6181640625,3157.174072265625,0.9998593586134228,-0.0140641386577211,-0.1080704152151127,-0.1094875883351327,68.63662211296905,69.61382802587256,,,1710806400000,2024-03-19T12:00:23+00:00,1710849623000,2970.346177,31237171,2024-03-20 12:00:23+00:00,https://beaconcha.in/charts/staked_ether,https://www.beaconcha.in/ethstore,extraido_html_sem_imputacao; consistencia_interna_verificada,0,3.471,,,,ausente_nao_estimado,Yahoo Finance via yfinance,86.49378394811002,Yahoo Finance via yfinance,89.3768418540508,-0.0001406413865772,0,staking_apr_rede,indisponivel_sem_dados_comparaveis
2024-03-20,31313968,3.468,3513.39306640625,3509.10791015625,0.9987803367943732,-0.121966320562683,0.1067642582840092,0.1056845019613839,77.383023956039,78.04204861236495,,,1710892800000,2024-03-20T12:00:23+00:00,1710936023000,2970.437172,31264816,2024-03-21 12:00:23+00:00,https://beaconcha.in/charts/staked_ether,https://www.beaconcha.in/ethstore,extraido_html_sem_imputacao; consistencia_interna_verificada,0,3.468,,,,ausente_nao_estimado,Yahoo Finance via yfinance,132.4730849895542,Yahoo Finance via yfinance,133.28714494750992,-0.0012196632056268,0,staking_apr_rede,indisponivel_sem_dados_comparaveis
2024-03-21,31342480,3.354,3492.9912109375,3485.4375,0.9978374663772852,-0.2162533622714901,-0.0058238064955592,-0.0067682741705229,77.219987311079,77.92420585174762,,,1710979200000,2024-03-21T12:00:23+00:00,1711022423000,2875.737027,31296048,2024-03-22 12:00:23+00:00,https://beaconcha.in/charts/staked_ether,https://www.beaconcha.in/ethstore,extraido_html_sem_imputacao; consistencia_interna_verificada,0,3.354,,,,ausente_nao_estimado,Yahoo Finance via yfinance,132.28605982969876,Yahoo Finance via yfinance,133.1250404629771,-0.0021625336227149,0,staking_apr_rede,indisponivel_sem_dados_comparaveis
2024-03-22,31337744,3.343,3333.68798828125,3313.531005859375,0.99395354859461,-0.6046451405390063,-0.0466792544778223,-0.0505791844164233,79.03540924311353,80.00347550822478,,,1711065600000,2024-03-22T12:00:23+00:00,1711108823000,2862.545014,31258896,2024-03-23 12:00:23+00:00,https://beaconcha.in/charts/staked_ether,https://www.beaconcha.in/ethstore,extraido_html_sem_imputacao; consistencia_interna_verificada,0,3.343,,,,ausente_nao_estimado,Yahoo Finance via yfinance,133.25873148090773,Yahoo Finance via yfinance,134.29376450685393,-0.00604645140539,0,staking_apr_rede,indisponivel_sem_dados_comparaveis
2024-03-23,31324560,3.202,3336.593994140625,3324.978759765625,0.9965188349570258,-0.3481165042974243,0.0008713292933912,0.0034488961100883,79.03197079076682,80.00349436896093,,,1711152000000,2024-03-23T12:00:23+00:00,1711195223000,2742.221056,31260976,2024-03-24 12:00:23+00:00,https://beaconcha.in/charts/staked_ether,https://www.beaconcha.in/ethstore,extraido_html_sem_imputacao; consistencia_interna_verificada,0,3.202,,,,ausente_nao_estimado,Yahoo Finance via yfinance,128.61439497605855,Yahoo Finance via yfinance,130.39587018766642,-0.0034811650429742,0,staking_apr_rede,indisponivel_sem_dados_comparaveis
2024-03-24,31344336,3.252,3454.636474609375,3449.03173828125,0.998377619072421,-0.1622380927579048,0.0347667100501574,0.0366302500344708,79.38246333096095,80.37219824676724,,,1711238400000,2024-03-24T12:00:23+00:00,1711281623000,2789.087819,31304657,2024-03-25 12:00:23+00:00,https://beaconcha.in/charts/staked_ether,https://www.beaconcha.in/ethstore,extraido_html_sem_imputacao; consistencia_interna_verificada,0,3.252,,,,ausente_nao_estimado,Yahoo Finance via yfinance,128.88915459618983,Yahoo Finance via yfinance,130.29831608346208,-0.001622380927579,0,staking_apr_rede,indisponivel_sem_dados_comparaveis
2024-03-25,31357615,3.419,3590.8837890625,3588.54248046875,0.9993479854177176,-0.0652014582282367,0.038681118505866,0.0396525896823191,79.97632575790583,81.05689502169741,,,1711324800000,2024-03-25T12:00:23+00:00,1711368023000,2931.519081,31293679,2024-03-26 12:00:23+00:00,https://beaconcha.in/charts/staked_ether,https://www.beaconcha.in/ethstore,extraido_html_sem_imputacao; consistencia_interna_verificada,0,3.419,,,,ausente_nao_estimado,Yahoo Finance via yfinance,130.36329306665078,Yahoo Finance via yfinance,131.98915238296547,-0.0006520145822823,0,staking_apr_rede,indisponivel_sem_dados_comparaveis
2024-03-26,31360911,3.411,3587.5048828125,3588.9560546875,1.0004045072891614,0.0404507289161415,-0.0009414108524901,0.0001152418818845,79.09278286146848,80.1431305018497,,,1711411200000,2024-03-26T12:00:23+00:00,1711454423000,2924.854008,31294287,2024-03-27 12:00:23+00:00,https://beaconcha.in/charts/staked_ether,https://www.beaconcha.in/ethstore,extraido_html_sem_imputacao; consistencia_interna_verificada,0,3.411,,,,ausente_nao_estimado,Yahoo Finance via yfinance,92.25509511617356,Yahoo Finance via yfinance,93.43869288579312,0.0004045072891614,0,staking_apr_rede,indisponivel_sem_dados_comparaveis
2024-03-27,31349339,3.348,3500.115234375,3496.452880859375,0.9989536477314642,-0.1046352268535777,-0.0246610500870067,-0.0261123756623886,79.51111091212334,80.6331996095142,,,1711497600000,2024-03-27T12:00:23+00:00,1711540823000,2869.943527,31288860,2024-03-28 12:00:23+00:00,https://beaconcha.in/charts/staked_ether,https://www.beaconcha.in/ethstore,extraido_html_sem_imputacao; consistencia_interna_verificada,0,3.348,,,,ausente_nao_estimado,Yahoo Finance via yfinance,57.97757304873493,Yahoo Finance via yfinance,61.46373119985704,-0.0010463522685357,0,staking_apr_rede,indisponivel_sem_dados_comparaveis
2024-03-28,31324538,3.482,3561.2939453125,3553.2548828125,0.9977426568479186,-0.225734315208137,0.017328054549411,0.0161150598348404,79.43462378664694,80.52443374668718,,,1711584000000,2024-03-28T12:00:23+00:00,1711627223000,2980.752002,31245690,2024-03-29 12:00:23+00:00,https://beaconcha.in/charts/staked_ether,https://www.beaconcha.in/ethstore,extraido_html_sem_imputacao; consistencia_interna_verificada,0,3.482,,,,ausente_nao_estimado,Yahoo Finance via yfinance,59.09382407325745,Yahoo Finance via yfinance,62.26368245005217,-0.0022573431520813,0,staking_apr_rede,indisponivel_sem_dados_comparaveis
2024-03-29,31288602,3.303,3511.80615234375,3505.392578125,0.9981737106376246,-0.1826289362375388,-0.0139934681623031,-0.0135615324325002,78.33869884451316,79.51561168848856,,,1711670400000,2024-03-29T12:00:23+00:00,1711713623000,2825.478228,31223578,2024-03-30 12:00:23+00:00,https://beaconcha.in/charts/staked_ether,https://www.beaconcha.in/ethstore,extraido_html_sem_imputacao; consistencia_interna_verificada,0,3.303,,,,ausente_nao_estimado,Yahoo Finance via yfinance,45.63780839887688,Yahoo Finance via yfinance,46.789998332788855,-0.0018262893623753,0,staking_apr_rede,indisponivel_sem_dados_comparaveis
2024-03-30,31297050,3.317,3507.9443359375,3495.46337890625,0.9964420880618352,-0.3557911938164904,-0.001100271812307,-0.0028365691102122,78.17625953731037,79.42158503796969,,,1711756800000,2024-03-30T12:00:23+00:00,1711800023000,2840.200028,31252698,2024-03-31 12:00:23+00:00,https://beaconcha.in/charts/staked_ether,https://www.beaconcha.in/ethstore,extraido_html_sem_imputacao; consistencia_interna_verificada,0,3.317,,,,ausente_nao_estimado,Yahoo Finance via yfinance,45.83212216684186,Yahoo Finance via yfinance,47.38166907321323,-0.0035579119381649,0,staking_apr_rede,indisponivel_sem_dados_comparaveis
2024-03-31,31328059,3.33,3647.8564453125,3635.161376953125,0.996519855276737,-0.3480144723262968,0.0391095131885664,0.0391875550349764,78.7632564921576,80.07372212054712,,,1711843200000,2024-03-31T12:00:23+00:00,1711886423000,2853.781041,31277499,2024-04-01 12:00:23+00:00,https://beaconcha.in/charts/staked_ether,https://www.beaconcha.in/ethstore,extraido_html_sem_imputacao; consistencia_interna_verificada,0,3.33,,,,ausente_nao_estimado,Yahoo Finance via yfinance,47.50068157092146,Yahoo Finance via yfinance,48.37538771101932,-0.0034801447232629,0,staking_apr_rede,indisponivel_sem_dados_comparaveis
2024-04-01,31313179,3.557,3505.030029296875,3497.1689453125,0.997757199248318,-0.2242800751682039,-0.0399406318143036,-0.0386997368969727,80.09601063387495,81.2964900633667,,,1711929600000,2024-04-01T12:00:23+00:00,1711972823000,3043.523883,31234331,2024-04-02 12:00:23+00:00,https://beaconcha.in/charts/staked_ether,https://www.beaconcha.in/ethstore,extraido_html_sem_imputacao; consistencia_interna_verificada,0,3.557,,,,ausente_nao_estimado,Yahoo Finance via yfinance,50.23005429802123,Yahoo Finance via yfinance,49.76973786816277,-0.002242800751682,0,staking_apr_rede,indisponivel_sem_dados_comparaveis
2024-04-02,31290011,3.527,3277.234619140625,3274.7685546875,0.99924751665971,-0.0752483340289988,-0.0671991251460799,-0.0657065721478952,83.18239270024685,84.25558512498039,,,1712016000000,2024-04-02T12:00:23+00:00,1712059223000,3018.104017,31234844,2024-04-03 12:00:23+00:00,https://beaconcha.in/charts/staked_ether,https://www.beaconcha.in/ethstore,extraido_html_sem_imputacao; consistencia_interna_verificada,0,3.527,,,,ausente_nao_estimado,Yahoo Finance via yfinance,67.89241725633086,Yahoo Finance via yfinance,66.57189053867239,-0.0007524833402899,0,staking_apr_rede,indisponivel_sem_dados_comparaveis
2024-04-03,31306076,3.605,3311.44189453125,3311.449951171875,1.0000024329705552,0.0002432970555243,0.0103837493547832,0.0111389489203643,81.98218759768802,82.87272131621499,,,1712102400000,2024-04-03T12:00:23+00:00,1712145623000,3087.411886,31260092,2024-04-04 12:00:23+00:00,https://beaconcha.in/charts/staked_ether,https://www.beaconcha.in/ethstore,extraido_html_sem_imputacao; consistencia_interna_verificada,0,3.605,,,,ausente_nao_estimado,Yahoo Finance via yfinance,68.9148529913694,Yahoo Finance via yfinance,67.5653343822186,2.4329705552439407e-06,0,staking_apr_rede,indisponivel_sem_dados_comparaveis
2024-04-04,31333916,3.478,3330.04052734375,3321.47998046875,0.9974292964891246,-0.2570703510875405,0.005600762073501,0.0030243156629735,81.77436923162314,82.65748050074139,,,1712188800000,2024-04-04T12:00:23+00:00,1712232023000,2980.078232,31276284,2024-04-05 12:00:23+00:00,https://beaconcha.in/charts/staked_ether,https://www.beaconcha.in/ethstore,extraido_html_sem_imputacao; consistencia_interna_verificada,0,3.478,,,,ausente_nao_estimado,Yahoo Finance via yfinance,66.78907831596128,Yahoo Finance via yfinance,65.37639540545098,-0.0025707035108754,0,staking_apr_rede,indisponivel_sem_dados_comparaveis
2024-04-05,31328668,3.398,3318.88525390625,3317.53662109375,0.9995936488581784,-0.0406351141821748,-0.0033555146414286,-0.001187934923316,77.30829054266951,78.19111312686961,,,1712275200000,2024-04-05T12:00:23+00:00,1712318423000,2912.50762,31288477,2024-04-06 12:00:23+00:00,https://beaconcha.in/charts/staked_ether,https://www.beaconcha.in/ethstore,extraido_html_sem_imputacao; consistencia_interna_verificada,0,3.398,,,,ausente_nao_estimado,Yahoo Finance via yfinance,66.80428962116072,Yahoo Finance via yfinance,65.53482430912885,-0.0004063511418217,0,staking_apr_rede,indisponivel_sem_dados_comparaveis
2024-04-06,31359707,3.319,3354.183837890625,3361.634033203125,1.0022211648712689,0.2221164871268666,0.0105795137842222,0.0132046492403034,77.20322653190742,78.23252383853747,,,1712361600000,2024-04-06T12:00:23+00:00,1712404823000,2848.000702,31321723,2024-04-07 12:00:23+00:00,https://beaconcha.in/charts/staked_ether,https://www.beaconcha.in/ethstore,extraido_html_sem_imputacao; consistencia_interna_verificada,0,3.319,,,,ausente_nao_estimado,Yahoo Finance via yfinance,68.06622574486191,Yahoo Finance via yfinance,67.28444246948536,0.0022211648712686,0,staking_apr_rede,indisponivel_sem_dados_comparaveis
2024-04-07,31393305,3.358,3453.49462890625,3444.8583984375,0.9974992778629324,-0.2500722137067646,0.0291781808501278,0.0244556249535504,78.05197139769732,78.78850394527731,,,1712448000000,2024-04-07T12:00:23+00:00,1712491223000,2882.241547,31326745,2024-04-08 12:00:23+00:00,https://beaconcha.in/charts/staked_ether,https://www.beaconcha.in/ethstore,extraido_html_sem_imputacao; consistencia_interna_verificada,0,3.358,,,,ausente_nao_estimado,Yahoo Finance via yfinance,64.30012307387788,Yahoo Finance via yfinance,61.95166827376768,-0.0025007221370676,0,staking_apr_rede,indisponivel_sem_dados_comparaveis
2024-04-08,31362394,3.422,3695.292724609375,3688.40087890625,0.998134966234954,-0.1865033765045876,0.0676731187933671,0.0683101978527211,81.91413597923479,82.7076551460824,,,1712534400000,2024-04-08T12:00:23+00:00,1712577623000,2936.302084,31321466,2024-04-09 12:00:23+00:00,https://beaconcha.in/charts/staked_ether,https://www.beaconcha.in/ethstore,extraido_html_sem_imputacao; consistencia_interna_verificada,0,3.422,,,,ausente_nao_estimado,Yahoo Finance via yfinance,77.25096624212662,Yahoo Finance via yfinance,75.96397146519102,-0.0018650337650458,0,staking_apr_rede,indisponivel_sem_dados_comparaveis
2024-04-09,31384634,3.316,3505.163330078125,3499.34326171875,0.998339572849735,-0.1660427150265042,-0.0528226545108656,-0.0526176865921753,83.79669840610848,84.53300255828506,,,1712620800000,2024-04-09T12:00:23+00:00,1712664023000,2846.524222,31335770,2024-04-10 12:00:23+00:00,https://beaconcha.in/charts/staked_ether,https://www.beaconcha.in/ethstore,extraido_html_sem_imputacao; consistencia_interna_verificada,0,3.316,,,,ausente_nao_estimado,Yahoo Finance via yfinance,69.05063837027431,Yahoo Finance via yfinance,68.50089786322306,-0.001660427150265,0,staking_apr_rede,indisponivel_sem_dados_comparaveis
2024-04-10,31389274,3.369,3543.737060546875,3537.6005859375,0.9982683606304504,-0.1731639369549564,0.0109447185752462,0.010873385372447,82.02123266092744,82.55956477832866,,,1712707200000,2024-04-10T12:00:23+00:00,1712750423000,2892.727519,31337722,2024-04-11 12:00:23+00:00,https://beaconcha.in/charts/staked_ether,https://www.beaconcha.in/ethstore,extraido_html_sem_imputacao; consistencia_interna_verificada,0,3.369,,,,ausente_nao_estimado,Yahoo Finance via yfinance,69.05567349523976,Yahoo Finance via yfinance,68.4972430053219,-0.0017316393695495,0,staking_apr_rede,indisponivel_sem_dados_comparaveis
2024-04-11,31391290,3.334,3505.247802734375,3500.73681640625,0.9987130763409634,-0.1286923659036598,-0.0109206193734581,-0.0104752314398186,81.83159300852361,82.2784011657825,,,1712793600000,2024-04-11T12:00:23+00:00,1712836823000,2863.393662,31344506,2024-04-12 12:00:23+00:00,https://beaconcha.in/charts/staked_ether,https://www.beaconcha.in/ethstore,extraido_html_sem_imputacao; consistencia_interna_verificada,0,3.334,,,,ausente_nao_estimado,Yahoo Finance via yfinance,70.66200832142198,Yahoo Finance via yfinance,69.9444738370264,-0.0012869236590365,0,staking_apr_rede,indisponivel_sem_dados_comparaveis
2024-04-12,31416058,3.491,3243.034912109375,3233.883056640625,0.9971779966245268,-0.2822003375473225,-0.0777516251273086,-0.0792898654049663,85.62796757864888,86.18318631371494,,,1712880000000,2024-04-12T12:00:23+00:00,1712923223000,3000.5927,31376026,2024-04-13 12:00:23+00:00,https://beaconcha.in/charts/staked_ether,https://www.beaconcha.in/ethstore,extraido_html_sem_imputacao; consistencia_interna_verificada,0,3.491,,,,ausente_nao_estimado,Yahoo Finance via yfinance,94.05256344319592,Yahoo Finance via yfinance,94.33618246418678,-0.0028220033754732,0,staking_apr_rede,indisponivel_sem_dados_comparaveis
2024-04-13,31452666,3.67,3004.900390625,3000.472412109375,0.9985264142101216,-0.1473585789878329,-0.0762651730824629,-0.0749138529335813,88.61644137100548,89.0542336206968,,,1712966400000,2024-04-13T12:00:23+00:00,1713009623000,3158.814747,31412506,2024-04-14 12:00:23+00:00,https://beaconcha.in/charts/staked_ether,https://www.beaconcha.in/ethstore,extraido_html_sem_imputacao; consistencia_interna_verificada,0,3.67,,,,ausente_nao_estimado,Yahoo Finance via yfinance,106.35639450144065,Yahoo Finance via yfinance,105.55239953121516,-0.0014735857898783,0,staking_apr_rede,indisponivel_sem_dados_comparaveis
2024-04-14,31482330,3.245,3156.94189453125,3149.69677734375,0.9977050204186366,-0.2294979581363376,0.0493593845673098,0.0485364400693996,90.1486886248196,90.35934142607586,,,1713052800000,2024-04-14T12:00:23+00:00,1713096023000,2794.973556,31433722,2024-04-15 12:00:23+00:00,https://beaconcha.in/charts/staked_ether,https://www.beaconcha.in/ethstore,extraido_html_sem_imputacao; consistencia_interna_verificada,0,3.245,,,,ausente_nao_estimado,Yahoo Finance via yfinance,112.36638756455524,Yahoo Finance via yfinance,112.40950658599064,-0.0022949795813633,0,staking_apr_rede,indisponivel_sem_dados_comparaveis
2024-04-15,31503322,3.418,3101.600341796875,3095.445068359375,0.9980154524248168,-0.1984547575183071,-0.0176855865517866,-0.0173744888676087,88.23592173459677,88.6078248208703,,,1713139200000,2024-04-15T12:00:23+00:00,1713182423000,2944.85904,31447610,2024-04-16 12:00:23+00:00,https://beaconcha.in/charts/staked_ether,https://www.beaconcha.in/ethstore,extraido_html_sem_imputacao; consistencia_interna_verificada,0,3.418,,,,ausente_nao_estimado,Yahoo Finance via yfinance,89.80698902899002,Yahoo Finance via yfinance,89.49184296740395,-0.001984547575183,0,staking_apr_rede,indisponivel_sem_dados_comparaveis
2024-04-16,31497050,3.296,3084.920166015625,3078.094482421875,0.9977874034897424,-0.2212596510257736,-0.0053924386671186,-0.005620967186748,87.18558424773228,87.34287957621522,,,1713225600000,2024-04-16T12:00:23+00:00,1713268823000,2840.132943,31454490,2024-04-17 12:00:23+00:00,https://beaconcha.in/charts/staked_ether,https://www.beaconcha.in/ethstore,extraido_html_sem_imputacao; consistencia_interna_verificada,0,3.296,,,,ausente_nao_estimado,Yahoo Finance via yfinance,87.3723403800757,Yahoo Finance via yfinance,87.08293838491159,-0.0022125965102577,0,staking_apr_rede,indisponivel_sem_dados_comparaveis
2024-04-17,31522650,3.271,2984.7275390625,2977.606201171875,0.9976140743845376,-0.2385925615462358,-0.0330173129250222,-0.03319104147796,87.11424203866514,87.2544340066849,,,1713312000000,2024-04-17T12:00:23+00:00,1713355223000,2821.588121,31486010,2024-04-18 12:00:23+00:00,https://beaconcha.in/charts/staked_ether,https://www.beaconcha.in/ethstore,extraido_html_sem_imputacao; consistencia_interna_verificada,0,3.271,,,,ausente_nao_estimado,Yahoo Finance via yfinance,84.14525281537864,Yahoo Finance via yfinance,83.84859252670157,-0.0023859256154623,0,staking_apr_rede,indisponivel_sem_dados_comparaveis
2024-04-18,31561274,3.332,3066.027587890625,3064.061767578125,0.9993588380221156,-0.064116197788433,0.0268743124339054,0.0286217212952863,79.4955986076797,79.51340969258126,,,1713398400000,2024-04-18T12:00:23+00:00,1713441623000,2877.860259,31524762,2024-04-19 12:00:23+00:00,https://beaconcha.in/charts/staked_ether,https://www.beaconcha.in/ethstore,extraido_html_sem_imputacao; consistencia_interna_verificada,0,3.332,,,,ausente_nao_estimado,Yahoo Finance via yfinance,91.92841058599488,Yahoo Finance via yfinance,92.19756236584746,-0.0006411619778843,0,staking_apr_rede,indisponivel_sem_dados_comparaveis
2024-04-19,31599642,3.177,3059.278564453125,3058.988037109375,0.9999050340341264,-0.0094965965873661,-0.0022036534993674,-0.0016572563646682,69.34536368325675,69.58192528848124,,,1713484800000,2024-04-19T12:00:23+00:00,1713528023000,2748.024803,31567738,2024-04-20 12:00:23+00:00,https://beaconcha.in/charts/staked_ether,https://www.beaconcha.in/ethstore,extraido_html_sem_imputacao; consistencia_interna_verificada,0,3.177,,,,ausente_nao_estimado,Yahoo Finance via yfinance,77.70562067944405,Yahoo Finance via yfinance,77.14609350820929,-9.496596587366124e-05,0,staking_apr_rede,indisponivel_sem_dados_comparaveis
2024-04-20,31647546,3.146,3157.627197265625,3153.127197265625,0.9985748792625372,-0.1425120737462815,0.0316417336836071,0.0303105669711881,70.4850618795455,70.62898816382753,,,1713571200000,2024-04-20T12:00:23+00:00,1713614423000,2724.419862,31612186,2024-04-21 12:00:23+00:00,https://beaconcha.in/charts/staked_ether,https://www.beaconcha.in/ethstore,extraido_html_sem_imputacao; consistencia_interna_verificada,0,3.146,,,,ausente_nao_estimado,Yahoo Finance via yfinance,56.489137084099504,Yahoo Finance via yfinance,56.13402789083869,-0.0014251207374628,0,staking_apr_rede,indisponivel_sem_dados_comparaveis
2024-04-21,31695482,3.287,3147.28857421875,3147.07861328125,0.9999332883107004,-0.0066711689299725,-0.0032795465278029,-0.0019201232545809,68.73212665022271,68.54128291229206,,,1713657600000,2024-04-21T12:00:23+00:00,1713700823000,2851.499998,31663898,2024-04-22 12:00:23+00:00,https://beaconcha.in/charts/staked_ether,https://www.beaconcha.in/ethstore,extraido_html_sem_imputacao; consistencia_interna_verificada,0,3.287,,,,ausente_nao_estimado,Yahoo Finance via yfinance,43.911669979104886,Yahoo Finance via yfinance,43.978672727453,-6.671168929972549e-05,0,staking_apr_rede,indisponivel_sem_dados_comparaveis
2024-04-22,31738298,3.337,3201.652099609375,3209.4580078125,1.0024380875748735,0.2438087574873515,0.0171256456334056,0.019627479809459,69.04826174025838,68.92601583586662,,,1713744000000,2024-04-22T12:00:23+00:00,1713787223000,2898.312717,31702682,2024-04-23 12:00:23+00:00,https://beaconcha.in/charts/staked_ether,https://www.beaconcha.in/ethstore,extraido_html_sem_imputacao; consistencia_interna_verificada,0,3.337,,,,ausente_nao_estimado,Yahoo Finance via yfinance,42.7737486468892,Yahoo Finance via yfinance,43.25737321439792,0.0024380875748735,0,staking_apr_rede,indisponivel_sem_dados_comparaveis
2024-04-23,31779706,3.69,3219.91162109375,3216.29931640625,0.9988781354544528,-0.1121864545547079,0.0056869546079875,0.0021293400399327,67.86736645417348,67.58148528090442,,,1713830400000,2024-04-23T12:00:23+00:00,1713873623000,3209.741654,31748922,2024-04-24 12:00:23+00:00,https://beaconcha.in/charts/staked_ether,https://www.beaconcha.in/ethstore,extraido_html_sem_imputacao; consistencia_interna_verificada,0,3.69,,,,ausente_nao_estimado,Yahoo Finance via yfinance,41.94963773139611,Yahoo Finance via yfinance,42.43575959417679,-0.001121864545547,0,staking_apr_rede,indisponivel_sem_dados_comparaveis
2024-04-24,31831290,3.433,3139.80517578125,3131.211181640625,0.99726288936431,-0.2737110635689932,-0.0251931602486543,-0.0268115293143698,66.65370522804068,66.35015715846875,,,1713916800000,2024-04-24T12:00:23+00:00,1713960023000,2990.01531,31792797,2024-04-25 12:00:23+00:00,https://beaconcha.in/charts/staked_ether,https://www.beaconcha.in/ethstore,extraido_html_sem_imputacao; consistencia_interna_verificada,0,3.433,,,,ausente_nao_estimado,Yahoo Finance via yfinance,37.67154824741127,Yahoo Finance via yfinance,38.93192162335456,-0.0027371106356899,0,staking_apr_rede,indisponivel_sem_dados_comparaveis
2024-04-25,31860729,3.299,3156.509521484375,3156.968505859375,1.0001454088358916,0.0145408835891647,0.0053060832242908,0.0081923448616828,66.73096467163813,66.4812337455444,,,1714003200000,2024-04-25T12:00:23+00:00,1714046423000,2876.631838,31826171,2024-04-26 12:00:23+00:00,https://beaconcha.in/charts/staked_ether,https://www.beaconcha.in/ethstore,extraido_html_sem_imputacao; consistencia_interna_verificada,0,3.299,,,,ausente_nao_estimado,Yahoo Finance via yfinance,33.858137253937656,Yahoo Finance via yfinance,34.648383946860804,0.0001454088358916,0,staking_apr_rede,indisponivel_sem_dados_comparaveis
2024-04-26,31895162,3.165,3130.164794921875,3127.982666015625,0.9993028709191956,-0.0697129080804326,-0.0083811819891098,-0.0092239524424347,66.34522739521782,66.04256485324773,,,1714089600000,2024-04-26T12:00:23+00:00,1714132823000,2762.380289,31861050,2024-04-27 12:00:23+00:00,https://beaconcha.in/charts/staked_ether,https://www.beaconcha.in/ethstore,extraido_html_sem_imputacao; consistencia_interna_verificada,0,3.165,,,,ausente_nao_estimado,Yahoo Finance via yfinance,34.84340287700475,Yahoo Finance via yfinance,35.84559689743404,-0.0006971290808043,0,staking_apr_rede,indisponivel_sem_dados_comparaveis
2024-04-27,31939386,3.167,3252.168212890625,3249.77490234375,0.9992640877131176,-0.0735912286882523,0.0382362630280722,0.0381974520130941,67.56976794607897,67.31390030810861,,,1714176000000,2024-04-27T12:00:23+00:00,1714219223000,2768.341733,31909114,2024-04-28 12:00:23+00:00,https://beaconcha.in/charts/staked_ether,https://www.beaconcha.in/ethstore,extraido_html_sem_imputacao; consistencia_interna_verificada,0,3.167,,,,ausente_nao_estimado,Yahoo Finance via yfinance,38.26690149488123,Yahoo Finance via yfinance,39.71923692802413,-0.0007359122868825,0,staking_apr_rede,indisponivel_sem_dados_comparaveis
2024-04-28,31992602,3.195,3262.774658203125,3262.162353515625,0.9998123362010428,-0.0187663798957293,0.0032560391987989,0.003804540992039,67.4852284915163,67.24268729363861,,,1714262400000,2024-04-28T12:00:23+00:00,1714305623000,2796.61813,31951834,2024-04-29 12:00:23+00:00,https://beaconcha.in/charts/staked_ether,https://www.beaconcha.in/ethstore,extraido_html_sem_imputacao; consistencia_interna_verificada,0,3.195,,,,ausente_nao_estimado,Yahoo Finance via yfinance,37.776164579075456,Yahoo Finance via yfinance,39.38644638616904,-0.0001876637989572,0,staking_apr_rede,indisponivel_sem_dados_comparaveis
2024-04-29,31999581,3.222,3215.428955078125,3212.9736328125,0.9992363935574607,-0.0763606442539255,-0.0146171836968198,-0.0151934004252506,67.61573007200539,67.39082642364134,,,1714348800000,2024-04-29T12:00:23+00:00,1714392023000,2821.508959,31962077,2024-04-30 12:00:23+00:00,https://beaconcha.in/charts/staked_ether,https://www.beaconcha.in/ethstore,extraido_html_sem_imputacao; consistencia_interna_verificada,0,3.222,,,,ausente_nao_estimado,Yahoo Finance via yfinance,38.59864476612864,Yahoo Finance via yfinance,39.61519627302146,-0.0007636064425392,0,staking_apr_rede,indisponivel_sem_dados_comparaveis
2024-04-30,32020957,3.234,3012.286865234375,3015.340087890625,1.001013589605787,0.1013589605787013,-0.0652612256467309,-0.0634842512376015,69.23489816192323,68.8380246560083,,,1714435200000,2024-04-30T12:00:23+00:00,1714478423000,2832.728756,31975613,2024-05-01 12:00:23+00:00,https://beaconcha.in/charts/staked_ether,https://www.beaconcha.in/ethstore,extraido_html_sem_imputacao; consistencia_interna_verificada,0,3.234,,,,ausente_nao_estimado,Yahoo Finance via yfinance,60.6348976583486,Yahoo Finance via yfinance,60.47056253641596,0.001013589605787,0,staking_apr_rede,indisponivel_sem_dados_comparaveis
2024-05-01,32054364,3.212,2969.78466796875,2970.728515625,1.0003178168661284,0.0317816866128417,-0.0142100983654365,-0.0149054082630775,68.2397126553651,67.91969425578247,,,1714521600000,2024-05-01T12:00:23+00:00,1714564823000,2817.340127,32011036,2024-05-02 12:00:23+00:00,https://beaconcha.in/charts/staked_ether,https://www.beaconcha.in/ethstore,extraido_html_sem_imputacao; consistencia_interna_verificada,0,3.212,,,,ausente_nao_estimado,Yahoo Finance via yfinance,59.41448313258655,Yahoo Finance via yfinance,58.95535175490642,0.0003178168661284,0,staking_apr_rede,indisponivel_sem_dados_comparaveis
2024-05-02,32093116,3.19,2988.16845703125,2983.7900390625,0.9985347486155116,-0.1465251384488497,0.0061711957178097,0.0043871034296983,64.59508976944231,64.40075388688362,,,1714608000000,2024-05-02T12:00:23+00:00,1714651223000,2801.927473,32060092,2024-05-03 12:00:23+00:00,https://beaconcha.in/charts/staked_ether,https://www.beaconcha.in/ethstore,extraido_html_sem_imputacao; consistencia_interna_verificada,0,3.19,,,,ausente_nao_estimado,Yahoo Finance via yfinance,59.53509044202008,Yahoo Finance via yfinance,58.39998442352289,-0.0014652513844884,0,staking_apr_rede,indisponivel_sem_dados_comparaveis
2024-05-03,32141212,3.182,3103.5419921875,3101.369384765625,0.9992999587479904,-0.0700041252009509,0.0378833938339252,0.0386494333536897,66.01302975620821,65.8646746856375,,,1714694400000,2024-05-03T12:00:23+00:00,1714737623000,2799.62527,32111004,2024-05-04 12:00:23+00:00,https://beaconcha.in/charts/staked_ether,https://www.beaconcha.in/ethstore,extraido_html_sem_imputacao; consistencia_interna_verificada,0,3.182,,,,ausente_nao_estimado,Yahoo Finance via yfinance,68.0400070843953,Yahoo Finance via yfinance,67.36309941590466,-0.0007000412520095,0,staking_apr_rede,indisponivel_sem_dados_comparaveis
2024-05-04,32193116,3.107,3117.576416015625,3115.697998046875,0.9993974749234372,-0.0602525076562776,0.0045118728548351,0.0046094525823931,65.99800580505443,65.88277152497903,,,1714780800000,2024-05-04T12:00:23+00:00,1714824023000,2737.562199,32161756,2024-05-05 12:00:23+00:00,https://beaconcha.in/charts/staked_ether,https://www.beaconcha.in/ethstore,extraido_html_sem_imputacao; consistencia_interna_verificada,0,3.107,,,,ausente_nao_estimado,Yahoo Finance via yfinance,60.02939608210185,Yahoo Finance via yfinance,59.28914213677493,-0.0006025250765627,0,staking_apr_rede,indisponivel_sem_dados_comparaveis
2024-05-05,32244924,3.135,3137.2490234375,3135.75439453125,0.9995235861434384,-0.0476413856561608,0.0062903985031185,0.0064165777931611,66.06243699954565,65.94984753614446,,,1714867200000,2024-05-05T12:00:23+00:00,1714910423000,2764.712261,32193020,2024-05-06 12:00:23+00:00,https://beaconcha.in/charts/staked_ether,https://www.beaconcha.in/ethstore,extraido_html_sem_imputacao; consistencia_interna_verificada,0,3.135,,,,ausente_nao_estimado,Yahoo Finance via yfinance,60.354296739171374,Yahoo Finance via yfinance,59.5816979413346,-0.0004764138565616,0,staking_apr_rede,indisponivel_sem_dados_comparaveis
2024-05-06,32250076,3.14,3062.728759765625,3063.702880859375,1.000318056599248,0.0318056599247995,-0.0240400385809638,-0.0232455051732939,66.34394780001284,66.12592082750834,,,1714953600000,2024-05-06T12:00:23+00:00,1714996823000,2770.496735,32208508,2024-05-07 12:00:23+00:00,https://beaconcha.in/charts/staked_ether,https://www.beaconcha.in/ethstore,extraido_html_sem_imputacao; consistencia_interna_verificada,0,3.14,,,,ausente_nao_estimado,Yahoo Finance via yfinance,61.58136334511548,Yahoo Finance via yfinance,60.64092401525085,0.0003180565992479,0,staking_apr_rede,indisponivel_sem_dados_comparaveis
2024-05-07,32286396,3.137,3006.5771484375,3006.177001953125,0.9998669096235954,-0.0133090376404632,-0.0185039984312455,-0.0189551036949302,65.5099362899691,65.58104994470813,,,1715040000000,2024-05-07T12:00:23+00:00,1715083223000,2771.473766,32246172,2024-05-08 12:00:23+00:00,https://beaconcha.in/charts/staked_ether,https://www.beaconcha.in/ethstore,extraido_html_sem_imputacao; consistencia_interna_verificada,0,3.137,,,,ausente_nao_estimado,Yahoo Finance via yfinance,40.18782587618074,Yahoo Finance via yfinance,40.49730344947193,-0.0001330903764046,0,staking_apr_rede,indisponivel_sem_dados_comparaveis
2024-05-08,32324060,3.112,2973.6572265625,2971.244873046875,0.9991887587129826,-0.0811241287017372,-0.0110096870247745,-0.0116881583123611,60.10769334812469,60.10388935826345,,,1715126400000,2024-05-08T12:00:23+00:00,1715169623000,2752.746192,32282812,2024-05-09 12:00:23+00:00,https://beaconcha.in/charts/staked_ether,https://www.beaconcha.in/ethstore,extraido_html_sem_imputacao; consistencia_interna_verificada,0,3.112,,,,ausente_nao_estimado,Yahoo Finance via yfinance,39.574306947390056,Yahoo Finance via yfinance,39.859579143981385,-0.0008112412870173,0,staking_apr_rede,indisponivel_sem_dados_comparaveis
2024-05-09,32363644,3.096,3036.0205078125,3035.8154296875,0.9999324516667552,-0.0067548333244848,0.020755029698057,0.0214990496046218,58.54392435454802,58.59695570129166,,,1715212800000,2024-05-09T12:00:23+00:00,1715256023000,2740.884053,32318268,2024-05-10 12:00:23+00:00,https://beaconcha.in/charts/staked_ether,https://www.beaconcha.in/ethstore,extraido_html_sem_imputacao; consistencia_interna_verificada,0,3.096,,,,ausente_nao_estimado,Yahoo Finance via yfinance,42.22823588318282,Yahoo Finance via yfinance,42.80526391673976,-6.754833324484899e-05,0,staking_apr_rede,indisponivel_sem_dados_comparaveis
2024-05-10,32398140,3.105,2909.791259765625,2910.245849609375,1.000156227647679,0.0156227647678974,-0.0424662678182907,-0.0422425017581435,59.69026442638445,59.73397859290831,,,1715299200000,2024-05-10T12:00:23+00:00,1715342423000,2753.209159,32365948,2024-05-11 12:00:23+00:00,https://beaconcha.in/charts/staked_ether,https://www.beaconcha.in/ethstore,extraido_html_sem_imputacao; consistencia_interna_verificada,0,3.105,,,,ausente_nao_estimado,Yahoo Finance via yfinance,40.84163243656284,Yahoo Finance via yfinance,41.030172294470766,0.0001562276476789,0,staking_apr_rede,indisponivel_sem_dados_comparaveis
2024-05-11,32447195,3.031,2911.60205078125,2910.132568359375,0.9994953010760927,-0.0504698923907143,0.0006221160390406,-3.892573364805311e-05,59.7201544428982,59.757635332960334,,,1715385600000,2024-05-11T12:00:23+00:00,1715428823000,2692.063718,32415964,2024-05-12 12:00:23+00:00,https://beaconcha.in/charts/staked_ether,https://www.beaconcha.in/ethstore,extraido_html_sem_imputacao; consistencia_interna_verificada,0,3.031,,,,ausente_nao_estimado,Yahoo Finance via yfinance,40.1371888297598,Yahoo Finance via yfinance,40.21546194659828,-0.0005046989239071,0,staking_apr_rede,indisponivel_sem_dados_comparaveis
2024-05-12,32477371,3.106,2928.701904296875,2929.624267578125,1.0003149392841575,0.0314939284157489,0.0058558261730736,0.0066755422015427,53.95169296664189,53.73621710635873,,,1715472000000,2024-05-12T12:00:23+00:00,1715515223000,2762.844286,32467163,2024-05-13 12:00:23+00:00,https://beaconcha.in/charts/staked_ether,https://www.beaconcha.in/ethstore,extraido_html_sem_imputacao; consistencia_interna_verificada,0,3.106,,,,ausente_nao_estimado,Yahoo Finance via yfinance,40.03253211861904,Yahoo Finance via yfinance,40.27917838701478,0.0003149392841574,0,staking_apr_rede,indisponivel_sem_dados_comparaveis
2024-05-13,32477499,3.287,2949.359619140625,2946.82666015625,0.9991411834053952,-0.0858816594604738,0.0070287797460723,0.005854704456024,47.19203565260376,47.17141177340488,,,1715558400000,2024-05-13T12:00:23+00:00,1715601623000,2920.620639,32433243,2024-05-14 12:00:23+00:00,https://beaconcha.in/charts/staked_ether,https://www.beaconcha.in/ethstore,extraido_html_sem_imputacao; consistencia_interna_verificada,0,3.287,,,,ausente_nao_estimado,Yahoo Finance via yfinance,39.60624418885982,Yahoo Finance via yfinance,39.81043814721445,-0.0008588165946047,0,staking_apr_rede,indisponivel_sem_dados_comparaveis
2024-05-14,32407963,3.21,2881.157958984375,2879.039306640625,0.999264652485594,-0.0735347514405959,-0.0233957860978841,-0.0232722185240326,44.22374619671541,44.320431760576376,,,1715644800000,2024-05-14T12:00:23+00:00,1715688023000,2844.694876,32346523,2024-05-15 12:00:23+00:00,https://beaconcha.in/charts/staked_ether,https://www.beaconcha.in/ethstore,extraido_html_sem_imputacao; consistencia_interna_verificada,0,3.21,,,,ausente_nao_estimado,Yahoo Finance via yfinance,40.733185940683775,Yahoo Finance via yfinance,40.8039852025199,-0.0007353475144059,0,staking_apr_rede,indisponivel_sem_dados_comparaveis
2024-05-15,32321883,3.253,3037.056640625,3033.3095703125,0.9987662165195152,-0.1233783480484862,0.0526965536474968,0.0521976264445686,47.94876482226341,47.97263095298993,,,1715731200000,2024-05-15T12:00:23+00:00,1715774423000,2874.227248,32251675,2024-05-16 12:00:23+00:00,https://beaconcha.in/charts/staked_ether,https://www.beaconcha.in/ethstore,extraido_html_sem_imputacao; consistencia_interna_verificada,0,3.253,,,,ausente_nao_estimado,Yahoo Finance via yfinance,58.256842114756914,Yahoo Finance via yfinance,58.00393551964788,-0.0012337834804848,0,staking_apr_rede,indisponivel_sem_dados_comparaveis
2024-05-16,32254586,3.184,2945.131103515625,2941.886962890625,0.998898473273014,-0.1101526726985935,-0.0307355026435544,-0.0306030912790566,49.06277598840534,49.07549045271425,,,1715817600000,2024-05-16T12:00:23+00:00,1715860823000,2807.554701,32188410,2024-05-17 12:00:23+00:00,https://beaconcha.in/charts/staked_ether,https://www.beaconcha.in/ethstore,extraido_html_sem_imputacao; consistencia_interna_verificada,0,3.184,,,,ausente_nao_estimado,Yahoo Finance via yfinance,60.53821524023919,Yahoo Finance via yfinance,60.035930261789694,-0.0011015267269859,0,staking_apr_rede,indisponivel_sem_dados_comparaveis
2024-05-17,32177114,3.099,3094.11865234375,3089.429443359375,0.9984844766761536,-0.1515523323846301,0.0493497671538913,0.0489352281163978,50.79428068330757,50.734964300333694,,,1715904000000,2024-05-17T12:00:23+00:00,1715947223000,2726.021972,32105914,2024-05-18 12:00:23+00:00,https://beaconcha.in/charts/staked_ether,https://www.beaconcha.in/ethstore,extraido_html_sem_imputacao; consistencia_interna_verificada,0,3.099,,,,ausente_nao_estimado,Yahoo Finance via yfinance,61.65854106153039,Yahoo Finance via yfinance,61.24649605949251,-0.0015155233238463,0,staking_apr_rede,indisponivel_sem_dados_comparaveis
2024-05-18,32140251,3.108,3122.948974609375,3119.94189453125,0.9990371023982224,-0.096289760177759,0.0092746389964053,0.0098279504018561,50.0399868020406,49.8740285482977,,,1715990400000,2024-05-18T12:00:23+00:00,1716033623000,2735.490894,32123291,2024-05-19 12:00:23+00:00,https://beaconcha.in/charts/staked_ether,https://www.beaconcha.in/ethstore,extraido_html_sem_imputacao; consistencia_interna_verificada,0,3.108,,,,ausente_nao_estimado,Yahoo Finance via yfinance,61.277977962926,Yahoo Finance via yfinance,60.81910107853302,-0.0009628976017775,0,staking_apr_rede,indisponivel_sem_dados_comparaveis
2024-05-19,32154651,3.152,3071.843017578125,3071.32763671875,0.999832224219654,-0.0167775780346102,-0.0165000266548379,-0.0157044550256358,50.38853324092227,50.19379197906324,,,1716076800000,2024-05-19T12:00:23+00:00,1716120023000,2775.847586,32140027,2024-05-20 12:00:23+00:00,https://beaconcha.in/charts/staked_ether,https://www.beaconcha.in/ethstore,extraido_html_sem_imputacao; consistencia_interna_verificada,0,3.152,,,,ausente_nao_estimado,Yahoo Finance via yfinance,64.25418969858721,Yahoo Finance via yfinance,63.63297054817016,-0.0001677757803461,0,staking_apr_rede,indisponivel_sem_dados_comparaveis
2024-05-20,32166714,3.493,3663.85546875,3655.359619140625,0.9976811722837218,-0.2318827716278226,0.1762382868010669,0.1740845562967523,78.92761171308172,78.2720148165769,,,1716163200000,2024-05-20T12:00:23+00:00,1716206423000,3075.966562,32140218,2024-05-21 12:00:23+00:00,https://beaconcha.in/charts/staked_ether,https://www.beaconcha.in/ethstore,extraido_html_sem_imputacao; consistencia_interna_verificada,0,3.493,,,,ausente_nao_estimado,Yahoo Finance via yfinance,138.20884810909357,Yahoo Finance via yfinance,136.46765396043617,-0.0023188277162782,0,staking_apr_rede,indisponivel_sem_dados_comparaveis
2024-05-21,32153626,3.357,3789.312744140625,3786.214599609375,0.9991823993582898,-0.0817600641710214,0.0336686689195001,0.0351722542206842,79.4925287892578,78.930184285621,,,1716249600000,2024-05-21T12:00:23+00:00,1716292823000,2952.396564,32099034,2024-05-22 12:00:23+00:00,https://beaconcha.in/charts/staked_ether,https://www.beaconcha.in/ethstore,extraido_html_sem_imputacao; consistencia_interna_verificada,0,3.357,,,,ausente_nao_estimado,Yahoo Finance via yfinance,130.4750626975141,Yahoo Finance via yfinance,128.68924477151808,-0.0008176006417102,0,staking_apr_rede,indisponivel_sem_dados_comparaveis
2024-05-22,32169786,3.458,3737.2177734375,3736.937255859375,0.999924939461618,-0.0075060538382021,-0.0138432449096272,-0.0131003732057851,79.68992672665264,79.05294178520167,,,1716336000000,2024-05-22T12:00:23+00:00,1716379223000,3043.475747,32124058,2024-05-23 12:00:23+00:00,https://beaconcha.in/charts/staked_ether,https://www.beaconcha.in/ethstore,extraido_html_sem_imputacao; consistencia_interna_verificada,0,3.458,,,,ausente_nao_estimado,Yahoo Finance via yfinance,135.037176364212,Yahoo Finance via yfinance,133.21424587876606,-7.506053838202131e-05,0,staking_apr_rede,indisponivel_sem_dados_comparaveis
2024-05-23,32196922,3.493,3776.92724609375,3771.695068359375,0.9986146998887028,-0.1385300111297227,0.0105693574501962,0.0092581602791871,79.71221659312076,79.05864827024054,,,1716422400000,2024-05-23T12:00:23+00:00,1716465623000,3075.503008,32139290,2024-05-24 12:00:23+00:00,https://beaconcha.in/charts/staked_ether,https://www.beaconcha.in/ethstore,extraido_html_sem_imputacao; consistencia_interna_verificada,0,3.493,,,,ausente_nao_estimado,Yahoo Finance via yfinance,126.84918307103324,Yahoo Finance via yfinance,125.08013118727932,-0.0013853001112972,0,staking_apr_rede,indisponivel_sem_dados_comparaveis
2024-05-24,32180251,3.26,3726.9345703125,3726.122314453125,0.999782057923462,-0.0217942076537913,-0.0133247164400089,-0.0121564217427981,79.24657351172476,78.4723109395565,,,1716508800000,2024-05-24T12:00:23+00:00,1716552023000,2870.855813,32144636,2024-05-25 12:00:23+00:00,https://beaconcha.in/charts/staked_ether,https://www.beaconcha.in/ethstore,extraido_html_sem_imputacao; consistencia_interna_verificada,0,3.26,,,,ausente_nao_estimado,Yahoo Finance via yfinance,130.7120462474724,Yahoo Finance via yfinance,128.81075379858115,-0.0002179420765379,0,staking_apr_rede,indisponivel_sem_dados_comparaveis
2024-05-25,32220156,3.208,3749.236572265625,3748.68505859375,0.999852899740722,-0.0147100259277999,0.005966173775721,0.006037028525502,79.24648015350732,78.46763588528809,,,1716595200000,2024-05-25T12:00:23+00:00,1716638423000,2829.050248,32187324,2024-05-26 12:00:23+00:00,https://beaconcha.in/charts/staked_ether,https://www.beaconcha.in/ethstore,extraido_html_sem_imputacao; consistencia_interna_verificada,0,3.208,,,,ausente_nao_estimado,Yahoo Finance via yfinance,131.00007261436423,Yahoo Finance via yfinance,129.14271144523994,-0.0001471002592779,0,staking_apr_rede,indisponivel_sem_dados_comparaveis
2024-05-26,32266331,3.344,3825.8974609375,3823.55029296875,0.9993865052598208,-0.0613494740179132,0.020240831539787,0.0197742596142882,79.23359667331474,78.42415361299135,,,1716681600000,2024-05-26T12:00:23+00:00,1716724823000,2952.342398,32228860,2024-05-27 12:00:23+00:00,https://beaconcha.in/charts/staked_ether,https://www.beaconcha.in/ethstore,extraido_html_sem_imputacao; consistencia_interna_verificada,0,3.344,,,,ausente_nao_estimado,Yahoo Finance via yfinance,126.3334277556862,Yahoo Finance via yfinance,124.59601995816934,-0.0006134947401791,0,staking_apr_rede,indisponivel_sem_dados_comparaveis
2024-05-27,32257883,3.459,3892.0068359375,3894.81787109375,1.0007222585351838,0.0722258535183817,0.0171318506620201,0.0184675314991115,78.51474270222263,77.7254297756971,,,1716768000000,2024-05-27T12:00:23+00:00,1716811223000,3051.886962,32205691,2024-05-28 12:00:23+00:00,https://beaconcha.in/charts/staked_ether,https://www.beaconcha.in/ethstore,extraido_html_sem_imputacao; consistencia_interna_verificada,0,3.459,,,,ausente_nao_estimado,Yahoo Finance via yfinance,33.383093003858384,Yahoo Finance via yfinance,33.4158942456916,0.0007222585351838,0,staking_apr_rede,indisponivel_sem_dados_comparaveis
2024-05-28,32188028,3.408,3840.25634765625,3838.24072265625,0.9994751326949228,-0.052486730507717,-0.0133857991559692,-0.0146328020841177,78.80164931314603,78.05738168465848,,,1716854400000,2024-05-28T12:00:23+00:00,1716897623000,3003.316365,32170492,2024-05-29 12:00:23+00:00,https://beaconcha.in/charts/staked_ether,https://www.beaconcha.in/ethstore,extraido_html_sem_imputacao; consistencia_interna_verificada,0,3.408,,,,ausente_nao_estimado,Yahoo Finance via yfinance,28.904587836771466,Yahoo Finance via yfinance,28.77545834089436,-0.0005248673050771,0,staking_apr_rede,indisponivel_sem_dados_comparaveis
2024-05-29,32195100,3.446,3763.196533203125,3762.787353515625,0.9998912680526012,-0.010873194739891,-0.0202703835283438,-0.0198541162913515,79.00708336737048,78.22903929105416,,,1716940800000,2024-05-29T12:00:23+00:00,1716984023000,3036.254343,32159580,2024-05-30 12:00:23+00:00,https://beaconcha.in/charts/staked_ether,https://www.beaconcha.in/ethstore,extraido_html_sem_imputacao; consistencia_interna_verificada,0,3.446,,,,ausente_nao_estimado,Yahoo Finance via yfinance,31.307866065485047,Yahoo Finance via yfinance,31.232636880317493,-0.0001087319473989,0,staking_apr_rede,indisponivel_sem_dados_comparaveis
2024-05-30,32239516,3.442,3746.849609375,3747.185546875,1.0000896586559438,0.0089658655943791,-0.0043533553148959,-0.0041549628189036,74.91659208408616,74.30541614298862,,,1717027200000,2024-05-30T12:00:23+00:00,1717070423000,3036.994069,32208092,2024-05-31 12:00:23+00:00,https://beaconcha.in/charts/staked_ether,https://www.beaconcha.in/ethstore,extraido_html_sem_imputacao; consistencia_interna_verificada,0,3.442,,,,ausente_nao_estimado,Yahoo Finance via yfinance,30.370521267718143,Yahoo Finance via yfinance,30.56588691326446,8.965865594379174e-05,0,staking_apr_rede,indisponivel_sem_dados_comparaveis
2024-05-31,32287356,3.402,3760.026611328125,3760.7939453125,1.0002040767429845,0.0204076742984504,0.0035106521272609,0.0036250534125729,74.53098531887893,73.89018522009978,,,1717113600000,2024-05-31T12:00:23+00:00,1717156823000,3006.072018,32256092,2024-06-01 12:00:23+00:00,https://beaconcha.in/charts/staked_ether,https://www.beaconcha.in/ethstore,extraido_html_sem_imputacao; consistencia_interna_verificada,0,3.402,,,,ausente_nao_estimado,Yahoo Finance via yfinance,28.64650058950852,Yahoo Finance via yfinance,29.130870331844143,0.0002040767429845,0,staking_apr_rede,indisponivel_sem_dados_comparaveis
2024-06-01,32339996,3.392,3813.198974609375,3812.143310546875,0.9997231552642468,-0.0276844735753178,0.0140424278740625,0.0135614888875726,74.5590410747975,73.90519574415559,,,1717200000000,2024-06-01T12:00:23+00:00,1717243223000,3001.483971,32301183,2024-06-02 12:00:23+00:00,https://beaconcha.in/charts/staked_ether,https://www.beaconcha.in/ethstore,extraido_html_sem_imputacao; consistencia_interna_verificada,0,3.392,,,,ausente_nao_estimado,Yahoo Finance via yfinance,30.014129642030458,Yahoo Finance via yfinance,30.352662049644163,-0.0002768447357531,0,staking_apr_rede,indisponivel_sem_dados_comparaveis
2024-06-02,32383578,3.513,3780.89599609375,3780.660888671875,0.9999378170089528,-0.0062182991047099,-0.0085074451851657,-0.0082927470453239,73.98245562193362,73.2794561238035,,,1717286400000,2024-06-02T12:00:23+00:00,1717329623000,3114.099453,32353404,2024-06-03 12:00:23+00:00,https://beaconcha.in/charts/staked_ether,https://www.beaconcha.in/ethstore,extraido_html_sem_imputacao; consistencia_interna_verificada,0,3.513,,,,ausente_nao_estimado,Yahoo Finance via yfinance,26.614851910410582,Yahoo Finance via yfinance,27.17862019009671,-6.218299104709946e-05,0,staking_apr_rede,indisponivel_sem_dados_comparaveis
2024-06-03,32433369,3.378,3766.38916015625,3765.6640625,0.9998074820138289,-0.0192517986171147,-0.0038442575052388,-0.0039746091008867,74.06922759003778,73.369946210512,,,1717372800000,2024-06-03T12:00:23+00:00,1717416023000,2998.32719,32402137,2024-06-04 12:00:23+00:00,https://beaconcha.in/charts/staked_ether,https://www.beaconcha.in/ethstore,extraido_html_sem_imputacao; consistencia_interna_verificada,0,3.378,,,,ausente_nao_estimado,Yahoo Finance via yfinance,21.387350517131868,Yahoo Finance via yfinance,21.284842064651286,-0.0001925179861711,0,staking_apr_rede,indisponivel_sem_dados_comparaveis
2024-06-04,32486297,3.417,3812.515869140625,3812.272216796875,0.9999360914545372,-0.0063908545462676,0.0121725442811081,0.0123011702135446,74.09752275547832,73.39967003341282,,,1717459200000,2024-06-04T12:00:23+00:00,1717502423000,3037.734034,32451641,2024-06-05 12:00:23+00:00,https://beaconcha.in/charts/staked_ether,https://www.beaconcha.in/ethstore,extraido_html_sem_imputacao; consistencia_interna_verificada,0,3.417,,,,ausente_nao_estimado,Yahoo Finance via yfinance,22.96801105901689,Yahoo Finance via yfinance,22.575778862841503,-6.390854546267644e-05,0,staking_apr_rede,indisponivel_sem_dados_comparaveis
2024-06-05,32518105,3.643,3864.260986328125,3857.81103515625,0.9983308707163684,-0.1669129283631498,0.0134811527925156,0.0118745395482983,73.30278068362797,72.62579126020616,,,1717545600000,2024-06-05T12:00:23+00:00,1717588823000,3241.485425,32476729,2024-06-06 12:00:23+00:00,https://beaconcha.in/charts/staked_ether,https://www.beaconcha.in/ethstore,extraido_html_sem_imputacao; consistencia_interna_verificada,0,3.643,,,,ausente_nao_estimado,Yahoo Finance via yfinance,18.21160913504572,Yahoo Finance via yfinance,17.481349343655054,-0.0016691292836314,0,staking_apr_rede,indisponivel_sem_dados_comparaveis
2024-06-06,32535417,3.53,3811.60595703125,3811.178955078125,0.99988797321708,-0.0112026782919993,-0.0137198457553093,-0.0121613549817802,73.10585799459959,72.3503056942014,,,1717632000000,2024-06-06T12:00:23+00:00,1717675223000,3142.466573,32493049,2024-06-07 12:00:23+00:00,https://beaconcha.in/charts/staked_ether,https://www.beaconcha.in/ethstore,extraido_html_sem_imputacao; consistencia_interna_verificada,0,3.53,,,,ausente_nao_estimado,Yahoo Finance via yfinance,21.683242999695626,Yahoo Finance via yfinance,20.35196298510695,-0.0001120267829199,0,staking_apr_rede,indisponivel_sem_dados_comparaveis
2024-06-07,32560857,3.429,3678.629150390625,3676.21630859375,0.999344092133718,-0.065590786628189,-0.0355104420599654,-0.03605453206953,74.39204690912861,73.66820062685738,,,1717718400000,2024-06-07T12:00:23+00:00,1717761623000,3053.443958,32506361,2024-06-08 12:00:23+00:00,https://beaconcha.in/charts/staked_ether,https://www.beaconcha.in/ethstore,extraido_html_sem_imputacao; consistencia_interna_verificada,0,3.429,,,,ausente_nao_estimado,Yahoo Finance via yfinance,34.83760467194447,Yahoo Finance via yfinance,34.30677889103905,-0.0006559078662818,0,staking_apr_rede,indisponivel_sem_dados_comparaveis
2024-06-08,32564401,3.312,3680.949951171875,3680.140380859375,0.9997800648410766,-0.0219935158923378,0.0006306884744769,0.0010668521942229,74.25789039477839,73.51001026096013,,,1717804800000,2024-06-08T12:00:23+00:00,1717848023000,2951.665881,32529434,2024-06-09 12:00:23+00:00,https://beaconcha.in/charts/staked_ether,https://www.beaconcha.in/ethstore,extraido_html_sem_imputacao; consistencia_interna_verificada,0,3.312,,,,ausente_nao_estimado,Yahoo Finance via yfinance,32.051422841938795,Yahoo Finance via yfinance,31.667048437740863,-0.0002199351589233,0,staking_apr_rede,indisponivel_sem_dados_comparaveis
2024-06-09,32610801,3.384,3705.90380859375,3702.806396484375,0.999164195222177,-0.0835804777822968,0.0067563141649668,0.0061401192557929,72.13376747870728,71.38568961783275,,,1717891200000,2024-06-09T12:00:23+00:00,1717934423000,3019.639603,32574036,2024-06-10 12:00:23+00:00,https://beaconcha.in/charts/staked_ether,https://www.beaconcha.in/ethstore,extraido_html_sem_imputacao; consistencia_interna_verificada,0,3.384,,,,ausente_nao_estimado,Yahoo Finance via yfinance,32.93069180554685,Yahoo Finance via yfinance,32.46848742636511,-0.0008358047778229,0,staking_apr_rede,indisponivel_sem_dados_comparaveis
2024-06-10,32629426,3.503,3666.717529296875,3665.015380859375,0.9995357841382928,-0.0464215861707306,-0.0106303162786213,-0.0102584856644881,72.3861706820492,71.61966822570791,,,1717977600000,2024-06-10T12:00:23+00:00,1718020823000,3127.890307,32592114,2024-06-11 12:00:23+00:00,https://beaconcha.in/charts/staked_ether,https://www.beaconcha.in/ethstore,extraido_html_sem_imputacao; consistencia_interna_verificada,0,3.503,,,,ausente_nao_estimado,Yahoo Finance via yfinance,33.41485632242491,Yahoo Finance via yfinance,32.90066176221782,-0.0004642158617073,0,staking_apr_rede,indisponivel_sem_dados_comparaveis
2024-06-11,32658577,3.404,3498.33056640625,3499.058349609375,1.000208037287875,0.0208037287874995,-0.0470109819835246,-0.0463386426891577,74.86097396658262,74.05963805630773,,,1718064000000,2024-06-11T12:00:23+00:00,1718107223000,3041.175129,32612787,2024-06-12 12:00:23+00:00,https://beaconcha.in/charts/staked_ether,https://www.beaconcha.in/ethstore,extraido_html_sem_imputacao; consistencia_interna_verificada,0,3.404,,,,ausente_nao_estimado,Yahoo Finance via yfinance,42.31505743498931,Yahoo Finance via yfinance,41.49338698115751,0.0002080372878749,0,staking_apr_rede,indisponivel_sem_dados_comparaveis
2024-06-12,32669010,3.497,3559.61767578125,3558.390625,0.9996552857938652,-0.0344714206134688,0.0173672709763272,0.0168144816914741,74.96695440250303,74.15701070688046,,,1718150400000,2024-06-12T12:00:23+00:00,1718193623000,3126.668012,32636660,2024-06-13 12:00:23+00:00,https://beaconcha.in/charts/staked_ether,https://www.beaconcha.in/ethstore,extraido_html_sem_imputacao; consistencia_interna_verificada,0,3.497,,,,ausente_nao_estimado,Yahoo Finance via yfinance,43.82088048335143,Yahoo Finance via yfinance,43.35209965991848,-0.0003447142061346,0,staking_apr_rede,indisponivel_sem_dados_comparaveis
2024-06-13,32694068,3.257,3469.28125,3465.782470703125,0.9989914973607644,-0.1008502639235464,-0.0257057047142599,-0.0263699426007152,75.086232364141,74.32010759584495,,,1718236800000,2024-06-13T12:00:23+00:00,1718280023000,2913.951726,32654772,2024-06-14 12:00:23+00:00,https://beaconcha.in/charts/staked_ether,https://www.beaconcha.in/ethstore,extraido_html_sem_imputacao; consistencia_interna_verificada,0,3.257,,,,ausente_nao_estimado,Yahoo Finance via yfinance,44.99089573452304,Yahoo Finance via yfinance,44.6697379872507,-0.0010085026392354,0,staking_apr_rede,indisponivel_sem_dados_comparaveis
2024-06-14,32709684,3.232,3480.27197265625,3478.94970703125,0.999620068306331,-0.0379931693669011,0.0031630038557184,0.0037920114899069,73.18881576517023,72.44218928502247,,,1718323200000,2024-06-14T12:00:23+00:00,1718366423000,2893.249728,32678196,2024-06-15 12:00:23+00:00,https://beaconcha.in/charts/staked_ether,https://www.beaconcha.in/ethstore,extraido_html_sem_imputacao; consistencia_interna_verificada,0,3.232,,,,ausente_nao_estimado,Yahoo Finance via yfinance,42.02058743752173,Yahoo Finance via yfinance,41.63295820919228,-0.000379931693669,0,staking_apr_rede,indisponivel_sem_dados_comparaveis
2024-06-15,32748373,3.204,3565.549560546875,3564.13525390625,0.9996033411914184,-0.0396658808581529,0.0242077526220545,0.0241910190095593,72.3601826983515,71.61026905146413,,,1718409600000,2024-06-15T12:00:23+00:00,1718452823000,2869.69697,32692213,2024-06-16 12:00:23+00:00,https://beaconcha.in/charts/staked_ether,https://www.beaconcha.in/ethstore,extraido_html_sem_imputacao; consistencia_interna_verificada,0,3.204,,,,ausente_nao_estimado,Yahoo Finance via yfinance,47.9668476229341,Yahoo Finance via yfinance,47.57955274838879,-0.0003966588085815,0,staking_apr_rede,indisponivel_sem_dados_comparaveis
2024-06-16,32769909,3.179,3620.5634765625,3619.0078125,0.9995703254279146,-0.0429674572085425,0.0153114738166533,0.0152784444064942,70.77228555342691,70.03889942394767,,,1718496000000,2024-06-16T12:00:23+00:00,1718539223000,2850.498639,32725813,2024-06-17 12:00:23+00:00,https://beaconcha.in/charts/staked_ether,https://www.beaconcha.in/ethstore,extraido_html_sem_imputacao; consistencia_interna_verificada,0,3.179,,,,ausente_nao_estimado,Yahoo Finance via yfinance,49.56481705076308,Yahoo Finance via yfinance,49.25950391517862,-0.0004296745720854,0,staking_apr_rede,indisponivel_sem_dados_comparaveis
2024-06-17,32758069,3.357,3511.37890625,3510.583251953125,0.9997734068814224,-0.0226593118577644,-0.0306208591178551,-0.0304177110038772,71.84583605032587,71.10819335314653,,,1718582400000,2024-06-17T12:00:23+00:00,1718625623000,3009.379329,32717973,2024-06-18 12:00:23+00:00,https://beaconcha.in/charts/staked_ether,https://www.beaconcha.in/ethstore,extraido_html_sem_imputacao; consistencia_interna_verificada,0,3.357,,,,ausente_nao_estimado,Yahoo Finance via yfinance,53.31646810784557,Yahoo Finance via yfinance,53.007616858011644,-0.0002265931185776,0,staking_apr_rede,indisponivel_sem_dados_comparaveis
2024-06-18,32786990,3.254,3483.681396484375,3482.87451171875,0.9997683815843666,-0.023161841563335,-0.007919203929083,-0.007924230377727,71.6009904866153,70.88922309477944,,,1718668800000,2024-06-18T12:00:23+00:00,1718712023000,2918.882454,32737173,2024-06-19 12:00:23+00:00,https://beaconcha.in/charts/staked_ether,https://www.beaconcha.in/ethstore,extraido_html_sem_imputacao; consistencia_interna_verificada,0,3.254,,,,ausente_nao_estimado,Yahoo Finance via yfinance,41.202874867534085,Yahoo Finance via yfinance,41.24253379106936,-0.0002316184156333,0,staking_apr_rede,indisponivel_sem_dados_comparaveis
2024-06-19,32800526,3.33,3559.347412109375,3555.644775390625,0.9989597428151707,-0.1040257184829251,0.0214876096686528,0.0206784562841136,36.58471059818173,36.44072808789456,,,1718755200000,2024-06-19T12:00:23+00:00,1718798423000,2988.573161,32757966,2024-06-20 12:00:23+00:00,https://beaconcha.in/charts/staked_ether,https://www.beaconcha.in/ethstore,extraido_html_sem_imputacao; consistencia_interna_verificada,0,3.33,,,,ausente_nao_estimado,Yahoo Finance via yfinance,42.38629448523442,Yahoo Finance via yfinance,42.31894219187697,-0.0010402571848292,0,staking_apr_rede,indisponivel_sem_dados_comparaveis
2024-06-20,32820557,3.223,3511.0869140625,3510.124267578125,0.9997258266434478,-0.027417335655222,-0.0136515651867326,-0.0128849775078104,34.617020144701435,34.23854777010494,,,1718841600000,2024-06-20T12:00:23+00:00,1718884823000,2893.643519,32768301,2024-06-21 12:00:23+00:00,https://beaconcha.in/charts/staked_ether,https://www.beaconcha.in/ethstore,extraido_html_sem_imputacao; consistencia_interna_verificada,0,3.223,,,,ausente_nao_estimado,Yahoo Finance via yfinance,38.67202194255559,Yahoo Finance via yfinance,38.14285060433642,-0.0002741733565522,0,staking_apr_rede,indisponivel_sem_dados_comparaveis
2024-06-21,32809037,3.131,3516.07568359375,3515.372802734375,0.9998000950711458,-0.0199904928854244,0.0014198534045649,0.0014941394409953,34.39856516560567,34.04904061288989,,,1718928000000,2024-06-21T12:00:23+00:00,1718971223000,2809.938789,32758765,2024-06-22 12:00:23+00:00,https://beaconcha.in/charts/staked_ether,https://www.beaconcha.in/ethstore,extraido_html_sem_imputacao; consistencia_interna_verificada,0,3.131,,,,ausente_nao_estimado,Yahoo Finance via yfinance,38.65269187939093,Yahoo Finance via yfinance,38.10651242346233,-0.0001999049288542,0,staking_apr_rede,indisponivel_sem_dados_comparaveis
2024-06-22,32843597,3.108,3494.8134765625,3496.101318359375,1.000368500867217,0.0368500867216958,-0.0060654994630158,-0.0054971415630603,34.1197424335438,33.82117299966289,,,1719014400000,2024-06-22T12:00:23+00:00,1719057623000,2793.807219,32808077,2024-06-23 12:00:23+00:00,https://beaconcha.in/charts/staked_ether,https://www.beaconcha.in/ethstore,extraido_html_sem_imputacao; consistencia_interna_verificada,0,3.108,,,,ausente_nao_estimado,Yahoo Finance via yfinance,33.6768133794439,Yahoo Finance via yfinance,33.03990905409378,0.0003685008672169,0,staking_apr_rede,indisponivel_sem_dados_comparaveis
2024-06-23,32883373,3.165,3418.61181640625,3419.524658203125,1.0002670211904416,0.026702119044164,-0.0220454385714241,-0.0221468860122432,34.59739562784662,34.35441954570973,,,1719100800000,2024-06-23T12:00:23+00:00,1719144023000,2845.738427,32820208,2024-06-24 12:00:23+00:00,https://beaconcha.in/charts/staked_ether,https://www.beaconcha.in/ethstore,extraido_html_sem_imputacao; consistencia_interna_verificada,0,3.165,,,,ausente_nao_estimado,Yahoo Finance via yfinance,32.18343488586611,Yahoo Finance via yfinance,31.637282431394816,0.0002670211904416,0,staking_apr_rede,indisponivel_sem_dados_comparaveis
2024-06-24,32876908,3.257,3350.25634765625,3348.64208984375,0.9995181688668006,-0.0481831133199439,-0.0201977024407741,-0.0209466352385238,34.95733907954507,34.761562834167364,,,1719187200000,2024-06-24T12:00:23+00:00,1719230423000,2929.483364,32830253,2024-06-25 12:00:23+00:00,https://beaconcha.in/charts/staked_ether,https://www.beaconcha.in/ethstore,extraido_html_sem_imputacao; consistencia_interna_verificada,0,3.257,,,,ausente_nao_estimado,Yahoo Finance via yfinance,28.42680893136188,Yahoo Finance via yfinance,28.11614439989564,-0.0004818311331994,0,staking_apr_rede,indisponivel_sem_dados_comparaveis
2024-06-25,32892813,3.228,3395.029052734375,3392.94091796875,0.9993849434767154,-0.061505652328464,0.0132754538827145,0.0131421553856943,34.4362176087461,34.269890856944166,,,1719273600000,2024-06-25T12:00:23+00:00,1719316823000,2905.092883,32853198,2024-06-26 12:00:23+00:00,https://beaconcha.in/charts/staked_ether,https://www.beaconcha.in/ethstore,extraido_html_sem_imputacao; consistencia_interna_verificada,0,3.228,,,,ausente_nao_estimado,Yahoo Finance via yfinance,31.798456879985164,Yahoo Finance via yfinance,31.49196858852331,-0.0006150565232846,0,staking_apr_rede,indisponivel_sem_dados_comparaveis
2024-06-26,32923501,3.238,3369.477294921875,3366.76953125,0.999196384651128,-0.0803615348872077,-0.0075546915107269,-0.0077433841833674,33.59746831659271,33.31496311990774,,,1719360000000,2024-06-26T12:00:23+00:00,1719403223000,2916.727927,32880173,2024-06-27 12:00:23+00:00,https://beaconcha.in/charts/staked_ether,https://www.beaconcha.in/ethstore,extraido_html_sem_imputacao; consistencia_interna_verificada,0,3.238,,,,ausente_nao_estimado,Yahoo Finance via yfinance,23.697337643136247,Yahoo Finance via yfinance,23.84661614536384,-0.000803615348872,0,staking_apr_rede,indisponivel_sem_dados_comparaveis
2024-06-27,32949164,3.353,3444.800537109375,3443.473388671875,0.9996147386697132,-0.0385261330286934,0.0221083765770736,0.0225269794353558,34.71898501418751,34.444765765703735,,,1719446400000,2024-06-27T12:00:23+00:00,1719489623000,3022.627892,32905582,2024-06-28 12:00:23+00:00,https://beaconcha.in/charts/staked_ether,https://www.beaconcha.in/ethstore,extraido_html_sem_imputacao; consistencia_interna_verificada,0,3.353,,,,ausente_nao_estimado,Yahoo Finance via yfinance,31.22704238681026,Yahoo Finance via yfinance,31.675633657694192,-0.0003852613302869,0,staking_apr_rede,indisponivel_sem_dados_comparaveis
2024-06-28,32971211,3.097,3373.635986328125,3372.807373046875,0.9997543856881396,-0.0245614311860542,-0.0208749131129265,-0.0207352220304223,34.756089829955336,34.49836940427216,,,1719532800000,2024-06-28T12:00:23+00:00,1719576023000,2792.03608,32910316,2024-06-29 12:00:23+00:00,https://beaconcha.in/charts/staked_ether,https://www.beaconcha.in/ethstore,extraido_html_sem_imputacao; consistencia_interna_verificada,0,3.097,,,,ausente_nao_estimado,Yahoo Finance via yfinance,33.49532499627825,Yahoo Finance via yfinance,33.86040641296888,-0.0002456143118605,0,staking_apr_rede,indisponivel_sem_dados_comparaveis
2024-06-29,32956171,3.071,3372.9677734375,3372.387451171875,0.9998279490630788,-0.0172050936921186,-0.0001980886729394,-0.0001245099323253,34.775610094721706,34.519540929225336,,,1719619200000,2024-06-29T12:00:23+00:00,1719662423000,2769.236519,32910443,2024-06-30 12:00:23+00:00,https://beaconcha.in/charts/staked_ether,https://www.beaconcha.in/ethstore,extraido_html_sem_imputacao; consistencia_interna_verificada,0,3.071,,,,ausente_nao_estimado,Yahoo Finance via yfinance,33.74554499014866,Yahoo Finance via yfinance,34.121915529429664,-0.0001720509369211,0,staking_apr_rede,indisponivel_sem_dados_comparaveis
2024-06-30,32985160,3.195,3432.88916015625,3433.670166015625,1.0002275068675213,0.0227506867521265,0.0176092256091079,0.0180087723402478,35.474239293670486,35.25074093097974,,,1719705600000,2024-06-30T12:00:23+00:00,1719748823000,2883.363714,32941996,2024-07-01 12:00:23+00:00,https://beaconcha.in/charts/staked_ether,https://www.beaconcha.in/ethstore,extraido_html_sem_imputacao; consistencia_interna_verificada,0,3.195,,,,ausente_nao_estimado,Yahoo Finance via yfinance,33.75911703516007,Yahoo Finance via yfinance,34.27154644205577,0.0002275068675212,0,staking_apr_rede,indisponivel_sem_dados_comparaveis
2024-07-01,33006089,3.186,3440.341552734375,3439.302734375,0.9996980478991834,-0.0301952100816627,0.0021685276720193,0.0016390489827299,34.99334871792504,34.786565505367555,,,1719792000000,2024-07-01T12:00:23+00:00,1719835223000,2877.087456,32961673,2024-07-02 12:00:23+00:00,https://beaconcha.in/charts/staked_ether,https://www.beaconcha.in/ethstore,extraido_html_sem_imputacao; consistencia_interna_verificada,0,3.186,,,,ausente_nao_estimado,Yahoo Finance via yfinance,28.891092469010783,Yahoo Finance via yfinance,29.1328531302695,-0.0003019521008166,0,staking_apr_rede,indisponivel_sem_dados_comparaveis
2024-07-02,33007562,3.272,3416.354736328125,3415.21728515625,0.9996670570653042,-0.0332942934695768,-0.0069966389780354,-0.0070276396530044,34.96971760050302,34.767104107139325,,,1719878400000,2024-07-02T12:00:23+00:00,1719921623000,2954.100224,32953674,2024-07-03 12:00:23+00:00,https://beaconcha.in/charts/staked_ether,https://www.beaconcha.in/ethstore,extraido_html_sem_imputacao; consistencia_interna_verificada,0,3.272,,,,ausente_nao_estimado,Yahoo Finance via yfinance,28.54892656882112,Yahoo Finance via yfinance,28.844313149238005,-0.0003329429346957,0,staking_apr_rede,indisponivel_sem_dados_comparaveis
2024-07-03,32998250,3.257,3292.916748046875,3295.19091796875,1.0006906247852223,0.0690624785222304,-0.0368003944814059,-0.0357770096952366,36.86297869405568,36.55811314197696,,,1719964800000,2024-07-03T12:00:23+00:00,1720008023000,2939.156624,32939434,2024-07-04 12:00:23+00:00,https://beaconcha.in/charts/staked_ether,https://www.beaconcha.in/ethstore,extraido_html_sem_imputacao; consistencia_interna_verificada,0,3.257,,,,ausente_nao_estimado,Yahoo Finance via yfinance,39.51794298803755,Yahoo Finance via yfinance,39.21442164580511,0.0006906247852223,0,staking_apr_rede,indisponivel_sem_dados_comparaveis
2024-07-04,32951752,3.331,3054.52197265625,3066.8818359375,1.0040464149192228,0.4046414919222751,-0.0751506149646669,-0.0718027511781463,43.824930892211775,42.92424072144058,,,1720051200000,2024-07-04T12:00:23+00:00,1720094423000,3000.423778,32875049,2024-07-05 12:00:23+00:00,https://beaconcha.in/charts/staked_ether,https://www.beaconcha.in/ethstore,extraido_html_sem_imputacao; consistencia_interna_verificada,0,3.331,,,,ausente_nao_estimado,Yahoo Finance via yfinance,59.0708671177762,Yahoo Finance via yfinance,56.91915581391014,0.0040464149192227,0,staking_apr_rede,indisponivel_sem_dados_comparaveis
2024-07-05,32901352,3.089,2981.5986328125,2980.202880859375,0.9995318779872768,-0.0468122012723171,-0.0241634959767357,-0.0286699777929647,43.5347564973305,42.98006131845523,,,1720137600000,2024-07-05T12:00:23+00:00,1720180823000,2779.443185,32840584,2024-07-06 12:00:23+00:00,https://beaconcha.in/charts/staked_ether,https://www.beaconcha.in/ethstore,extraido_html_sem_imputacao; consistencia_interna_verificada,0,3.089,,,,ausente_nao_estimado,Yahoo Finance via yfinance,59.2435650721708,Yahoo Finance via yfinance,57.55923803885992,-0.0004681220127231,0,staking_apr_rede,indisponivel_sem_dados_comparaveis
2024-07-06,32922056,3.042,3069.3779296875,3063.227294921875,0.9979961298652292,-0.2003870134770657,0.0290153016595854,0.0274776527068806,45.41880064801685,44.7543863902608,,,1720224000000,2024-07-06T12:00:23+00:00,1720267223000,2738.910607,32861768,2024-07-07 12:00:23+00:00,https://beaconcha.in/charts/staked_ether,https://www.beaconcha.in/ethstore,extraido_html_sem_imputacao; consistencia_interna_verificada,0,3.042,,,,ausente_nao_estimado,Yahoo Finance via yfinance,67.63872578452863,Yahoo Finance via yfinance,65.5733379218301,-0.0020038701347706,0,staking_apr_rede,indisponivel_sem_dados_comparaveis
2024-07-07,32899784,3.127,2929.38720703125,2932.368408203125,1.001017687646317,0.1017687646317044,-0.0466816555035274,-0.0436586047814714,46.45005683997481,45.44297327924672,,,1720310400000,2024-07-07T12:00:23+00:00,1720353623000,2817.079078,32877416,2024-07-08 12:00:23+00:00,https://beaconcha.in/charts/staked_ether,https://www.beaconcha.in/ethstore,extraido_html_sem_imputacao; consistencia_interna_verificada,0,3.127,,,,ausente_nao_estimado,Yahoo Finance via yfinance,65.56583197710884,Yahoo Finance via yfinance,62.458139429300765,0.001017687646317,0,staking_apr_rede,indisponivel_sem_dados_comparaveis
2024-07-08,32881896,3.148,3018.73193359375,3014.502197265625,0.9985988367231106,-0.1401163276889439,0.0300435968726786,0.0276242808952997,48.205196829706765,46.993455475557134,,,1720396800000,2024-07-08T12:00:23+00:00,1720440023000,2834.148055,32858537,2024-07-09 12:00:23+00:00,https://beaconcha.in/charts/staked_ether,https://www.beaconcha.in/ethstore,extraido_html_sem_imputacao; consistencia_interna_verificada,0,3.148,,,,ausente_nao_estimado,Yahoo Finance via yfinance,74.47171480471525,Yahoo Finance via yfinance,70.83580639374131,-0.0014011632768894,0,staking_apr_rede,indisponivel_sem_dados_comparaveis
2024-07-09,32900615,3.27,3064.032958984375,3062.37060546875,0.9994574622604008,-0.0542537739599224,0.0148951549991884,0.0157546158568034,48.57146025070474,47.44035740845085,,,1720483200000,2024-07-09T12:00:23+00:00,1720526423000,2944.256371,32867945,2024-07-10 12:00:23+00:00,https://beaconcha.in/charts/staked_ether,https://www.beaconcha.in/ethstore,extraido_html_sem_imputacao; consistencia_interna_verificada,0,3.27,,,,ausente_nao_estimado,Yahoo Finance via yfinance,78.14741510026707,Yahoo Finance via yfinance,74.93722073053767,-0.0005425377395992,0,staking_apr_rede,indisponivel_sem_dados_comparaveis
2024-07-10,32932390,3.214,3102.21875,3100.167724609375,0.999338852106859,-0.0661147893140978,0.0123855726188082,0.0122668910374701,48.97733993989653,47.85441852231413,,,1720569600000,2024-07-10T12:00:23+00:00,1720612823000,2895.8882,32891750,2024-07-11 12:00:23+00:00,https://beaconcha.in/charts/staked_ether,https://www.beaconcha.in/ethstore,extraido_html_sem_imputacao; consistencia_interna_verificada,0,3.214,,,,ausente_nao_estimado,Yahoo Finance via yfinance,78.08159941270296,Yahoo Finance via yfinance,75.08997513132775,-0.0006611478931409,0,staking_apr_rede,indisponivel_sem_dados_comparaveis
2024-07-11,32939686,3.188,3100.330810546875,3100.1484375,0.9999411762621412,-0.0058823737858704,-0.000608762410683,-6.221330935671309e-06,46.65538980083564,45.56149235107786,,,1720656000000,2024-07-11T12:00:23+00:00,1720699223000,2873.283899,32894502,2024-07-12 12:00:23+00:00,https://beaconcha.in/charts/staked_ether,https://www.beaconcha.in/ethstore,extraido_html_sem_imputacao; consistencia_interna_verificada,0,3.188,,,,ausente_nao_estimado,Yahoo Finance via yfinance,54.3263647364312,Yahoo Finance via yfinance,53.06129264295152,-5.8823737858704206e-05,0,staking_apr_rede,indisponivel_sem_dados_comparaveis
2024-07-12,32968101,3.13,3134.15869140625,3132.364990234375,0.9994276929318248,-0.0572307068175348,0.0108519591945879,0.0103383137642545,46.33361573679481,45.24338317243483,,,1720742400000,2024-07-12T12:00:23+00:00,1720785623000,2824.465147,32935975,2024-07-13 12:00:23+00:00,https://beaconcha.in/charts/staked_ether,https://www.beaconcha.in/ethstore,extraido_html_sem_imputacao; consistencia_interna_verificada,0,3.13,,,,ausente_nao_estimado,Yahoo Finance via yfinance,49.70570227192109,Yahoo Finance via yfinance,46.63801171608253,-0.0005723070681753,0,staking_apr_rede,indisponivel_sem_dados_comparaveis
2024-07-13,33016933,3.205,3177.19873046875,3183.324462890625,1.001928029355901,0.1928029355900973,0.0136391281293792,0.0161377721206276,46.07145629277279,45.05688493012283,,,1720828800000,2024-07-13T12:00:23+00:00,1720872023000,2896.405055,32984197,2024-07-14 12:00:23+00:00,https://beaconcha.in/charts/staked_ether,https://www.beaconcha.in/ethstore,extraido_html_sem_imputacao; consistencia_interna_verificada,0,3.205,,,,ausente_nao_estimado,Yahoo Finance via yfinance,46.738524838655465,Yahoo Finance via yfinance,44.28543410901662,0.0019280293559009,0,staking_apr_rede,indisponivel_sem_dados_comparaveis
2024-07-14,33068069,3.183,3244.0791015625,3252.042236328125,1.0024546672619017,0.2454667261901688,0.0208316137134604,0.0213571001078582,46.77250627713373,45.7925445811517,,,1720915200000,2024-07-14T12:00:23+00:00,1720958423000,2880.848401,33035429,2024-07-15 12:00:23+00:00,https://beaconcha.in/charts/staked_ether,https://www.beaconcha.in/ethstore,extraido_html_sem_imputacao; consistencia_interna_verificada,0,3.183,,,,ausente_nao_estimado,Yahoo Finance via yfinance,17.932272571225646,Yahoo Finance via yfinance,16.649919817775512,0.0024546672619016,0,staking_apr_rede,indisponivel_sem_dados_comparaveis
2024-07-15,33091493,3.331,3489.552734375,3492.802001953125,1.000931141560383,0.0931141560382986,0.0729420517473392,0.071421100577069,52.93712334391751,51.79470732246971,,,1721001600000,2024-07-15T12:00:23+00:00,1721044823000,3017.088195,33063237,2024-07-16 12:00:23+00:00,https://beaconcha.in/charts/staked_ether,https://www.beaconcha.in/ethstore,extraido_html_sem_imputacao; consistencia_interna_verificada,0,3.331,,,,ausente_nao_estimado,Yahoo Finance via yfinance,45.69896140664365,Yahoo Finance via yfinance,44.2914094357683,0.0009311415603829,0,staking_apr_rede,indisponivel_sem_dados_comparaveis
2024-07-16,33103557,3.42,3443.513427734375,3446.138916015625,1.000762444618367,0.0762444618366942,-0.0132812762233575,-0.0134498304352313,52.78668424429628,51.65020679717684,,,1721088000000,2024-07-16T12:00:23+00:00,1721131223000,3098.000943,33067493,2024-07-17 12:00:23+00:00,https://beaconcha.in/charts/staked_ether,https://www.beaconcha.in/ethstore,extraido_html_sem_imputacao; consistencia_interna_verificada,0,3.42,,,,ausente_nao_estimado,Yahoo Finance via yfinance,51.976347434203376,Yahoo Finance via yfinance,50.93331870204019,0.0007624446183669,0,staking_apr_rede,indisponivel_sem_dados_comparaveis
2024-07-17,33123045,3.391,3388.75244140625,3393.941162109375,1.0015311595617684,0.1531159561768413,-0.0160304531637472,-0.0152626187367038,52.01931873463553,50.85146353672157,,,1721174400000,2024-07-17T12:00:23+00:00,1721217623000,3073.324645,33081829,2024-07-18 12:00:23+00:00,https://beaconcha.in/charts/staked_ether,https://www.beaconcha.in/ethstore,extraido_html_sem_imputacao; consistencia_interna_verificada,0,3.391,,,,ausente_nao_estimado,Yahoo Finance via yfinance,57.193101183650406,Yahoo Finance via yfinance,56.06637731545129,0.0015311595617684,0,staking_apr_rede,indisponivel_sem_dados_comparaveis
2024-07-18,33158725,3.454,3426.258544921875,3428.085693359375,1.0005332780388707,0.053327803887071,0.0110070203142817,0.0100101676787815,52.12971579776207,50.93442192768066,,,1721260800000,2024-07-18T12:00:23+00:00,1721304023000,3135.04952,33128869,2024-07-19 12:00:23+00:00,https://beaconcha.in/charts/staked_ether,https://www.beaconcha.in/ethstore,extraido_html_sem_imputacao; consistencia_interna_verificada,0,3.454,,,,ausente_nao_estimado,Yahoo Finance via yfinance,56.16440819888434,Yahoo Finance via yfinance,55.11859341169011,0.0005332780388707,0,staking_apr_rede,indisponivel_sem_dados_comparaveis
2024-07-19,33208262,3.16,3505.73486328125,3505.323486328125,0.9998826559996212,-0.0117344000378882,0.0229312973426073,0.0222808105602133,52.20891709446974,51.02138361805355,,,1721347200000,2024-07-19T12:00:23+00:00,1721390423000,2872.063611,33178022,2024-07-20 12:00:23+00:00,https://beaconcha.in/charts/staked_ether,https://www.beaconcha.in/ethstore,extraido_html_sem_imputacao; consistencia_interna_verificada,0,3.16,,,,ausente_nao_estimado,Yahoo Finance via yfinance,56.39274966955456,Yahoo Finance via yfinance,55.262333285374375,-0.0001173440003788,0,staking_apr_rede,indisponivel_sem_dados_comparaveis
2024-07-20,33262309,3.075,3519.29541015625,3520.5390625,1.0003533810603569,0.0353381060356872,0.0038606420727036,0.0043313115944042,52.01090398621967,50.84744215066126,,,1721433600000,2024-07-20T12:00:23+00:00,1721476823000,2799.925964,33230822,2024-07-21 12:00:23+00:00,https://beaconcha.in/charts/staked_ether,https://www.beaconcha.in/ethstore,extraido_html_sem_imputacao; consistencia_interna_verificada,0,3.075,,,,ausente_nao_estimado,Yahoo Finance via yfinance,57.08025212851718,Yahoo Finance via yfinance,55.907463198661134,0.0003533810603568,0,staking_apr_rede,indisponivel_sem_dados_comparaveis
2024-07-21,33312102,3.328,3536.60546875,3533.072509765625,0.9990010310690314,-0.0998968930968624,0.0049065579627956,0.003553771093836,52.03644029392258,50.859629790392965,,,1721520000000,2024-07-21T12:00:23+00:00,1721563223000,3034.349902,33278088,2024-07-22 12:00:23+00:00,https://beaconcha.in/charts/staked_ether,https://www.beaconcha.in/ethstore,extraido_html_sem_imputacao; consistencia_interna_verificada,0,3.328,,,,ausente_nao_estimado,Yahoo Finance via yfinance,57.182351717034095,Yahoo Finance via yfinance,56.03457371832082,-0.0009989689309686,0,staking_apr_rede,indisponivel_sem_dados_comparaveis
2024-07-22,33355911,3.261,3440.419921875,3438.1708984375,0.999346293915112,-0.0653706084888128,-0.0275738257195199,-0.0272282773304092,52.89579757137353,51.72180011936288,,,1721606400000,2024-07-22T12:00:23+00:00,1721649623000,2977.486089,33322824,2024-07-23 12:00:23+00:00,https://beaconcha.in/charts/staked_ether,https://www.beaconcha.in/ethstore,extraido_html_sem_imputacao; consistencia_interna_verificada,0,3.261,,,,ausente_nao_estimado,Yahoo Finance via yfinance,33.55572105703685,Yahoo Finance via yfinance,32.60695791504739,-0.0006537060848881,0,staking_apr_rede,indisponivel_sem_dados_comparaveis
2024-07-23,33406279,3.175,3481.995849609375,3482.505859375,1.0001464705265752,0.0146470526575237,0.0120121151415023,0.01281249478619,52.48403019269111,51.32101521131286,,,1721692800000,2024-07-23T12:00:23+00:00,1721736023000,2902.803941,33372039,2024-07-24 12:00:23+00:00,https://beaconcha.in/charts/staked_ether,https://www.beaconcha.in/ethstore,extraido_html_sem_imputacao; consistencia_interna_verificada,0,3.175,,,,ausente_nao_estimado,Yahoo Finance via yfinance,33.364636934694126,Yahoo Finance via yfinance,32.63514165831257,0.0001464705265752,0,staking_apr_rede,indisponivel_sem_dados_comparaveis
2024-07-24,33413031,3.199,3336.33935546875,3336.015380859375,0.9999028951869527,-0.0097104813047255,-0.0427314448060813,-0.0429750141349211,54.170035541796416,53.03215347472712,,,1721779200000,2024-07-24T12:00:23+00:00,1721822423000,2925.404914,33374951,2024-07-25 12:00:23+00:00,https://beaconcha.in/charts/staked_ether,https://www.beaconcha.in/ethstore,extraido_html_sem_imputacao; consistencia_interna_verificada,0,3.199,,,,ausente_nao_estimado,Yahoo Finance via yfinance,45.35738365245043,Yahoo Finance via yfinance,45.06292558154984,-9.710481304725516e-05,0,staking_apr_rede,indisponivel_sem_dados_comparaveis
2024-07-25,33427848,3.184,3174.42724609375,3170.303955078125,0.9987010913478332,-0.1298908652166752,-0.0497469834428235,-0.0509496268800117,56.611175191479504,55.66081581550901,,,1721865600000,2024-07-25T12:00:23+00:00,1721908823000,2912.600192,33391944,2024-07-26 12:00:23+00:00,https://beaconcha.in/charts/staked_ether,https://www.beaconcha.in/ethstore,extraido_html_sem_imputacao; consistencia_interna_verificada,0,3.184,,,,ausente_nao_estimado,Yahoo Finance via yfinance,54.80603103248003,Yahoo Finance via yfinance,55.1680856659524,-0.0012989086521667,0,staking_apr_rede,indisponivel_sem_dados_comparaveis
2024-07-26,33460456,3.082,3275.951416015625,3277.38720703125,1.0004382821456403,0.0438282145640345,0.0314811144643627,0.0332190535576505,57.77535562901972,56.97154529978281,,,1721952000000,2024-07-26T12:00:23+00:00,1721995223000,2822.811007,33429864,2024-07-27 12:00:23+00:00,https://beaconcha.in/charts/staked_ether,https://www.beaconcha.in/ethstore,extraido_html_sem_imputacao; consistencia_interna_verificada,0,3.082,,,,ausente_nao_estimado,Yahoo Finance via yfinance,58.25634354296633,Yahoo Finance via yfinance,59.590641897836186,0.0004382821456403,0,staking_apr_rede,indisponivel_sem_dados_comparaveis
2024-07-27,33488744,3.3,3247.60791015625,3249.004638671875,1.0004300791703509,0.0430079170350872,-0.0086896379087082,-0.0086978373239702,57.22519445379724,56.39386476113669,,,1722038400000,2024-07-27T12:00:23+00:00,1722081623000,3025.174117,33458216,2024-07-28 12:00:23+00:00,https://beaconcha.in/charts/staked_ether,https://www.beaconcha.in/ethstore,extraido_html_sem_imputacao; consistencia_interna_verificada,0,3.3,,,,ausente_nao_estimado,Yahoo Finance via yfinance,57.17607172224925,Yahoo Finance via yfinance,58.46912428454832,0.0004300791703508,0,staking_apr_rede,indisponivel_sem_dados_comparaveis
2024-07-28,33538856,3.092,3271.464599609375,3271.4072265625,0.9999824625805572,-0.0017537419442659,0.0073190767291854,0.0068715524431477,56.89665643945669,56.05680202540199,,,1722124800000,2024-07-28T12:00:23+00:00,1722168023000,2838.559607,33507784,2024-07-29 12:00:23+00:00,https://beaconcha.in/charts/staked_ether,https://www.beaconcha.in/ethstore,extraido_html_sem_imputacao; consistencia_interna_verificada,0,3.092,,,,ausente_nao_estimado,Yahoo Finance via yfinance,57.62142702323945,Yahoo Finance via yfinance,59.03396911685688,-1.7537419442659186e-05,0,staking_apr_rede,indisponivel_sem_dados_comparaveis
2024-07-29,33588807,3.171,3320.539306640625,3323.61376953125,1.0009258926357163,0.0925892635716296,0.0148894370701176,0.0158324389048711,57.1669997176076,56.36427306441523,,,1722211200000,2024-07-29T12:00:23+00:00,1722254423000,2915.107425,33553223,2024-07-30 12:00:23+00:00,https://beaconcha.in/charts/staked_ether,https://www.beaconcha.in/ethstore,extraido_html_sem_imputacao; consistencia_interna_verificada,0,3.171,,,,ausente_nao_estimado,Yahoo Finance via yfinance,58.40401001642419,Yahoo Finance via yfinance,60.01046240914367,0.0009258926357162,0,staking_apr_rede,indisponivel_sem_dados_comparaveis
2024-07-30,33629321,3.274,3278.667724609375,3276.561767578125,0.9993576790305884,-0.0642320969411747,-0.0126900531349259,-0.0142580447423581,56.93392727103224,56.15502321359914,,,1722297600000,2024-07-30T12:00:23+00:00,1722340823000,3011.943736,33578761,2024-07-31 12:00:23+00:00,https://beaconcha.in/charts/staked_ether,https://www.beaconcha.in/ethstore,extraido_html_sem_imputacao; consistencia_interna_verificada,0,3.274,,,,ausente_nao_estimado,Yahoo Finance via yfinance,56.70902186508261,Yahoo Finance via yfinance,58.326098109431136,-0.0006423209694117,0,staking_apr_rede,indisponivel_sem_dados_comparaveis
2024-07-31,33652744,3.327,3231.295654296875,3229.974365234375,0.9995910962029292,-0.0408903797070703,-0.0145539701963109,-0.0143204302714324,57.09568508728303,56.31624299770856,,,1722384000000,2024-07-31T12:00:23+00:00,1722427223000,3061.921377,33590121,2024-08-01 12:00:23+00:00,https://beaconcha.in/charts/staked_ether,https://www.beaconcha.in/ethstore,extraido_html_sem_imputacao; consistencia_interna_verificada,0,3.327,,,,ausente_nao_estimado,Yahoo Finance via yfinance,49.59478862566066,Yahoo Finance via yfinance,51.33638865048248,-0.0004089037970707,0,staking_apr_rede,indisponivel_sem_dados_comparaveis
2024-08-01,33668680,3.268,3201.564453125,3201.034423828125,0.9998344467823044,-0.0165553217695735,-0.0092436062254698,-0.0090001857275869,57.12536250365808,56.34219361063471,,,1722470400000,2024-08-01T12:00:23+00:00,1722513623000,3011.700602,33635848,2024-08-02 12:00:23+00:00,https://beaconcha.in/charts/staked_ether,https://www.beaconcha.in/ethstore,extraido_html_sem_imputacao; consistencia_interna_verificada,0,3.268,,,,ausente_nao_estimado,Yahoo Finance via yfinance,32.996735970308286,Yahoo Finance via yfinance,34.46950917258007,-0.0001655532176957,0,staking_apr_rede,indisponivel_sem_dados_comparaveis
2024-08-02,33699911,3.155,2986.01318359375,2983.100341796875,0.9990245047098656,-0.0975495290134409,-0.0697004676962146,-0.0705108721683879,60.67822125183165,60.12621211534272,,,1722556800000,2024-08-02T12:00:23+00:00,1722600023000,2910.107435,33668904,2024-08-03 12:00:23+00:00,https://beaconcha.in/charts/staked_ether,https://www.beaconcha.in/ethstore,extraido_html_sem_imputacao; consistencia_interna_verificada,0,3.155,,,,ausente_nao_estimado,Yahoo Finance via yfinance,51.973669302324176,Yahoo Finance via yfinance,52.72743990755494,-0.0009754952901344,0,staking_apr_rede,indisponivel_sem_dados_comparaveis
2024-08-03,33750310,3.058,2903.3857421875,2902.112548828125,0.9995614797782896,-0.0438520221710425,-0.0280615609389949,-0.0275242059435004,55.67305812459145,55.59096783734585,,,1722643200000,2024-08-03T12:00:23+00:00,1722686423000,2824.656281,33711722,2024-08-04 12:00:23+00:00,https://beaconcha.in/charts/staked_ether,https://www.beaconcha.in/ethstore,extraido_html_sem_imputacao; consistencia_interna_verificada,0,3.058,,,,ausente_nao_estimado,Yahoo Finance via yfinance,52.81787152317757,Yahoo Finance via yfinance,53.444940924696304,-0.0004385202217104,0,staking_apr_rede,indisponivel_sem_dados_comparaveis
2024-08-04,33790406,4.184,2686.39892578125,2679.63916015625,0.9974837074419116,-0.2516292558088384,-0.0776759458353832,-0.0797567931786391,61.24212507896986,61.260975545185104,,,1722729600000,2024-08-04T12:00:23+00:00,1722772823000,3864.930812,33716902,2024-08-05 12:00:23+00:00,https://beaconcha.in/charts/staked_ether,https://www.beaconcha.in/ethstore,extraido_html_sem_imputacao; consistencia_interna_verificada,0,4.184,,,,ausente_nao_estimado,Yahoo Finance via yfinance,64.37825710793152,Yahoo Finance via yfinance,65.91735147998548,-0.0025162925580883,0,staking_apr_rede,indisponivel_sem_dados_comparaveis
2024-08-05,33755845,3.324,2417.206298828125,2425.7490234375,1.0035341313703827,0.353413137038272,-0.1055891561296601,-0.0995417913834959,69.6714734928943,68.731355398963,,,1722816000000,2024-08-05T12:00:23+00:00,1722859223000,3065.957193,33669541,2024-08-06 12:00:23+00:00,https://beaconcha.in/charts/staked_ether,https://www.beaconcha.in/ethstore,extraido_html_sem_imputacao; consistencia_interna_verificada,0,3.324,,,,ausente_nao_estimado,Yahoo Finance via yfinance,73.51607894044857,Yahoo Finance via yfinance,71.14877293429683,0.0035341313703827,0,staking_apr_rede,indisponivel_sem_dados_comparaveis
2024-08-06,33723940,3.177,2458.723876953125,2454.460205078125,0.998265900488068,-0.1734099511932041,0.0170300148028771,0.0117665089968315,68.75322039232027,67.80226119725853,,,1722902400000,2024-08-06T12:00:23+00:00,1722945623000,2928.861387,33648420,2024-08-07 12:00:23+00:00,https://beaconcha.in/charts/staked_ether,https://www.beaconcha.in/ethstore,extraido_html_sem_imputacao; consistencia_interna_verificada,0,3.177,,,,ausente_nao_estimado,Yahoo Finance via yfinance,83.94332430106776,Yahoo Finance via yfinance,79.92679138681962,-0.001734099511932,0,staking_apr_rede,indisponivel_sem_dados_comparaveis
2024-08-07,33703972,3.308,2336.58935546875,2334.709716796875,0.9991955631110464,-0.0804436888953485,-0.0509501404149453,-0.0500192962339211,69.23563191645017,68.37254126490006,,,1722988800000,2024-08-07T12:00:23+00:00,1723032023000,3050.041054,33650436,2024-08-08 12:00:23+00:00,https://beaconcha.in/charts/staked_ether,https://www.beaconcha.in/ethstore,extraido_html_sem_imputacao; consistencia_interna_verificada,0,3.308,,,,ausente_nao_estimado,Yahoo Finance via yfinance,81.00060382837204,Yahoo Finance via yfinance,76.69616498206857,-0.0008044368889534,0,staking_apr_rede,indisponivel_sem_dados_comparaveis
2024-08-08,33731876,3.275,2683.352783203125,2682.73974609375,0.9997715406214148,-0.0228459378585066,0.1383747254084129,0.1389510005509432,85.88959041194768,85.28844931209262,,,1723075200000,2024-08-08T12:00:23+00:00,1723118423000,3024.112298,33699589,2024-08-09 12:00:23+00:00,https://beaconcha.in/charts/staked_ether,https://www.beaconcha.in/ethstore,extraido_html_sem_imputacao; consistencia_interna_verificada,0,3.275,,,,ausente_nao_estimado,Yahoo Finance via yfinance,156.78450944279615,Yahoo Finance via yfinance,154.99320089852543,-0.000228459378585,0,staking_apr_rede,indisponivel_sem_dados_comparaveis
2024-08-09,33768292,3.177,2599.5986328125,2600.7333984375,1.0004365157031077,0.0436515703107653,-0.0317099900191117,-0.0310450840818629,86.18020754568944,85.56001586311808,,,1723161600000,2024-08-09T12:00:23+00:00,1723204823000,2937.863177,33751557,2024-08-10 12:00:23+00:00,https://beaconcha.in/charts/staked_ether,https://www.beaconcha.in/ethstore,extraido_html_sem_imputacao; consistencia_interna_verificada,0,3.177,,,,ausente_nao_estimado,Yahoo Finance via yfinance,152.5719430048694,Yahoo Finance via yfinance,150.5356392784253,0.0004365157031076,0,staking_apr_rede,indisponivel_sem_dados_comparaveis
2024-08-10,33802627,3.024,2610.02294921875,2606.00244140625,0.9984595890952976,-0.154041090470236,0.0040019529844031,0.0020239339691731,86.2307749173474,85.58041212117121,,,1723248000000,2024-08-10T12:00:23+00:00,1723291223000,2798.042839,33770597,2024-08-11 12:00:23+00:00,https://beaconcha.in/charts/staked_ether,https://www.beaconcha.in/ethstore,extraido_html_sem_imputacao; consistencia_interna_verificada,0,3.024,,,,ausente_nao_estimado,Yahoo Finance via yfinance,153.27059002313922,Yahoo Finance via yfinance,151.09997092237347,-0.0015404109047023,0,staking_apr_rede,indisponivel_sem_dados_comparaveis
2024-08-11,33798179,3.285,2553.252197265625,2557.009521484375,1.0014715836621129,0.1471583662112863,-0.0219910960483818,-0.0189789955470249,86.19643793338474,85.49603299019294,,,1723334400000,2024-08-11T12:00:23+00:00,1723377623000,3040.551854,33783651,2024-08-12 12:00:23+00:00,https://beaconcha.in/charts/staked_ether,https://www.beaconcha.in/ethstore,extraido_html_sem_imputacao; consistencia_interna_verificada,0,3.285,,,,ausente_nao_estimado,Yahoo Finance via yfinance,144.48920012079455,Yahoo Finance via yfinance,141.4089600056522,0.0014715836621128,0,staking_apr_rede,indisponivel_sem_dados_comparaveis
2024-08-12,33801221,3.25,2724.431884765625,2725.312744140625,1.0003233185530993,0.0323318553099305,0.0648920056731786,0.0637447700261263,89.51843979366299,88.65541764756016,,,1723420800000,2024-08-12T12:00:23+00:00,1723464023000,3008.776887,33789253,2024-08-13 12:00:23+00:00,https://beaconcha.in/charts/staked_ether,https://www.beaconcha.in/ethstore,extraido_html_sem_imputacao; consistencia_interna_verificada,0,3.25,,,,ausente_nao_estimado,Yahoo Finance via yfinance,125.0477260466358,Yahoo Finance via yfinance,124.31026838720535,0.0003233185530993,0,staking_apr_rede,indisponivel_sem_dados_comparaveis
2024-08-13,33839588,3.193,2703.671875,2703.009765625,0.9997551073482244,-0.024489265177563,-0.0076491209103667,-0.0082173098501634,89.02894584332478,88.13997149138606,,,1723507200000,2024-08-13T12:00:23+00:00,1723550423000,2957.426623,33807269,2024-08-14 12:00:23+00:00,https://beaconcha.in/charts/staked_ether,https://www.beaconcha.in/ethstore,extraido_html_sem_imputacao; consistencia_interna_verificada,0,3.193,,,,ausente_nao_estimado,Yahoo Finance via yfinance,126.31860915570888,Yahoo Finance via yfinance,125.61703768403392,-0.0002448926517756,0,staking_apr_rede,indisponivel_sem_dados_comparaveis
2024-08-14,33885061,3.232,2662.914794921875,2665.67724609375,1.0010373787314348,0.1037378731434834,-0.0151894923932365,-0.0139077287244029,84.3694258122689,83.59447917655231,,,1723593600000,2024-08-14T12:00:23+00:00,1723636823000,2996.631311,33846117,2024-08-15 12:00:23+00:00,https://beaconcha.in/charts/staked_ether,https://www.beaconcha.in/ethstore,extraido_html_sem_imputacao; consistencia_interna_verificada,0,3.232,,,,ausente_nao_estimado,Yahoo Finance via yfinance,117.54211106465011,Yahoo Finance via yfinance,116.86121458964764,0.0010373787314348,0,staking_apr_rede,indisponivel_sem_dados_comparaveis
2024-08-15,33902853,3.169,2570.087646484375,2571.32958984375,1.0004832299634114,0.0483229963411435,-0.0354813084052289,-0.0360350361857725,84.86472621258712,84.1150985297701,,,1723680000000,2024-08-15T12:00:23+00:00,1723723223000,2940.601445,33869190,2024-08-16 12:00:23+00:00,https://beaconcha.in/charts/staked_ether,https://www.beaconcha.in/ethstore,extraido_html_sem_imputacao; consistencia_interna_verificada,0,3.169,,,,ausente_nao_estimado,Yahoo Finance via yfinance,65.24922546567015,Yahoo Finance via yfinance,63.81344368501923,0.0004832299634114,0,staking_apr_rede,indisponivel_sem_dados_comparaveis
2024-08-16,33944325,2.99,2593.1865234375,2592.437744140625,0.9997112512771036,-0.0288748722896525,0.0089474354040479,0.0081755317398001,85.07908876682981,84.31920305174927,,,1723766400000,2024-08-16T12:00:23+00:00,1723809623000,2775.75074,33881994,2024-08-17 12:00:23+00:00,https://beaconcha.in/charts/staked_ether,https://www.beaconcha.in/ethstore,extraido_html_sem_imputacao; consistencia_interna_verificada,0,2.99,,,,ausente_nao_estimado,Yahoo Finance via yfinance,62.09329184930456,Yahoo Finance via yfinance,60.67921343537426,-0.0002887487228965,0,staking_apr_rede,indisponivel_sem_dados_comparaveis
2024-08-17,33958404,3.045,2614.546875,2611.4423828125,0.9988126079447324,-0.1187392055267744,0.0082033659235413,0.0073040587786307,85.00202857112147,84.2477486831451,,,1723852800000,2024-08-17T12:00:23+00:00,1723896023000,2830.409142,33923652,2024-08-18 12:00:23+00:00,https://beaconcha.in/charts/staked_ether,https://www.beaconcha.in/ethstore,extraido_html_sem_imputacao; consistencia_interna_verificada,0,3.045,,,,ausente_nao_estimado,Yahoo Finance via yfinance,62.34614160958432,Yahoo Finance via yfinance,60.92978170365214,-0.0011873920552677,0,staking_apr_rede,indisponivel_sem_dados_comparaveis
2024-08-18,34008802,3.005,2613.357177734375,2621.03759765625,1.0029389093795948,0.2938909379594845,-0.0004551335579847,0.0036675632338837,84.28425682683167,83.62382343305293,,,1723939200000,2024-08-18T12:00:23+00:00,1723982423000,2797.255693,33976194,2024-08-19 12:00:23+00:00,https://beaconcha.in/charts/staked_ether,https://www.beaconcha.in/ethstore,extraido_html_sem_imputacao; consistencia_interna_verificada,0,3.005,,,,ausente_nao_estimado,Yahoo Finance via yfinance,59.54984258653065,Yahoo Finance via yfinance,58.72579763680389,0.0029389093795948,0,staking_apr_rede,indisponivel_sem_dados_comparaveis
2024-08-19,33984703,3.199,2637.306396484375,2628.58154296875,0.9966917558281224,-0.3308244171877583,0.0091224221457924,0.0028740944070138,84.41141988950946,83.59460985845615,,,1724025600000,2024-08-19T12:00:23+00:00,1724068823000,2976.206888,33956225,2024-08-20 12:00:23+00:00,https://beaconcha.in/charts/staked_ether,https://www.beaconcha.in/ethstore,extraido_html_sem_imputacao; consistencia_interna_verificada,0,3.199,,,,ausente_nao_estimado,Yahoo Finance via yfinance,31.47029124745389,Yahoo Finance via yfinance,30.356267603473945,-0.0033082441718775,0,staking_apr_rede,indisponivel_sem_dados_comparaveis
2024-08-20,33986779,2.994,2573.10693359375,2584.79052734375,1.0045406561217731,0.4540656121773345,-0.0246439996066587,-0.0167998926533764,84.40082042812303,83.48865947991337,,,1724112000000,2024-08-20T12:00:23+00:00,1724155223000,2784.599898,33951072,2024-08-21 12:00:23+00:00,https://beaconcha.in/charts/staked_ether,https://www.beaconcha.in/ethstore,extraido_html_sem_imputacao; consistencia_interna_verificada,0,2.994,,,,ausente_nao_estimado,Yahoo Finance via yfinance,34.68626127936781,Yahoo Finance via yfinance,31.492992416075584,0.0045406561217733,0,staking_apr_rede,indisponivel_sem_dados_comparaveis
2024-08-21,34013425,3.16,2631.3955078125,2629.51904296875,0.9992868936508484,-0.0713106349151559,0.0224002244760402,0.017156485302989,84.93436669096587,83.7986744209127,,,1724198400000,2024-08-21T12:00:23+00:00,1724241623000,2940.628411,33965617,2024-08-22 12:00:23+00:00,https://beaconcha.in/charts/staked_ether,https://www.beaconcha.in/ethstore,extraido_html_sem_imputacao; consistencia_interna_verificada,0,3.16,,,,ausente_nao_estimado,Yahoo Finance via yfinance,39.60573357910125,Yahoo Finance via yfinance,34.796582260379964,-0.0007131063491515,0,staking_apr_rede,indisponivel_sem_dados_comparaveis
2024-08-22,34024926,3.008,2622.951416015625,2622.9169921875,0.9999868759185112,-0.0013124081488791,-0.0032141383843607,-0.0025139018215457,84.62720329442516,83.46785840227828,,,1724284800000,2024-08-22T12:00:23+00:00,1724328023000,2798.793521,33959474,2024-08-23 12:00:23+00:00,https://beaconcha.in/charts/staked_ether,https://www.beaconcha.in/ethstore,extraido_html_sem_imputacao; consistencia_interna_verificada,0,3.008,,,,ausente_nao_estimado,Yahoo Finance via yfinance,28.024087679492137,Yahoo Finance via yfinance,20.1650722626055,-1.3124081488791184e-05,0,staking_apr_rede,indisponivel_sem_dados_comparaveis
2024-08-23,33945818,3.039,2764.447021484375,2763.932861328125,0.9998140097631628,-0.0185990236837296,0.052540444326856,0.0523675609593001,86.41632055363809,85.25391080566506,,,1724371200000,2024-08-23T12:00:23+00:00,1724414423000,2825.715842,33939167,2024-08-24 12:00:23+00:00,https://beaconcha.in/charts/staked_ether,https://www.beaconcha.in/ethstore,extraido_html_sem_imputacao; consistencia_interna_verificada,0,3.039,,,,ausente_nao_estimado,Yahoo Finance via yfinance,45.78793947053602,Yahoo Finance via yfinance,41.37565966766655,-0.0001859902368372,0,staking_apr_rede,indisponivel_sem_dados_comparaveis
2024-08-24,33960251,3.008,2769.3896484375,2770.493896484375,1.0003987333626014,0.0398733362601433,0.001786329652375,0.0023709910771204,85.01099079069836,83.75234098740304,,,1724457600000,2024-08-24T12:00:23+00:00,1724500823000,2797.379756,33939452,2024-08-25 12:00:23+00:00,https://beaconcha.in/charts/staked_ether,https://www.beaconcha.in/ethstore,extraido_html_sem_imputacao; consistencia_interna_verificada,0,3.008,,,,ausente_nao_estimado,Yahoo Finance via yfinance,46.100864800736005,Yahoo Finance via yfinance,41.66195541643376,0.0003987333626014,0,staking_apr_rede,indisponivel_sem_dados_comparaveis
2024-08-25,33943998,2.97,2749.15771484375,2747.8857421875,0.9995373227773068,-0.046267722269333,-0.0073323731435487,-0.008193811323954,84.01263713636156,82.64368202416549,,,1724544000000,2024-08-25T12:00:23+00:00,1724587223000,2760.731955,33923870,2024-08-26 12:00:23+00:00,https://beaconcha.in/charts/staked_ether,https://www.beaconcha.in/ethstore,extraido_html_sem_imputacao; consistencia_interna_verificada,0,2.97,,,,ausente_nao_estimado,Yahoo Finance via yfinance,47.14376263111084,Yahoo Finance via yfinance,43.336365363218455,-0.0004626772226933,0,staking_apr_rede,indisponivel_sem_dados_comparaveis
2024-08-26,33922910,3.03,2681.340576171875,2681.51513671875,1.000065101967436,0.0065101967436032,-0.0249776948056713,-0.0244498106664501,84.27377829017065,82.89369288583775,,,1724630400000,2024-08-26T12:00:23+00:00,1724673623000,2813.850206,33897150,2024-08-27 12:00:23+00:00,https://beaconcha.in/charts/staked_ether,https://www.beaconcha.in/ethstore,extraido_html_sem_imputacao; consistencia_interna_verificada,0,3.03,,,,ausente_nao_estimado,Yahoo Finance via yfinance,52.446516031164094,Yahoo Finance via yfinance,48.95143113218312,6.510196743603203e-05,0,staking_apr_rede,indisponivel_sem_dados_comparaveis
2024-08-27,33949086,3.078,2458.7265625,2458.487548828125,0.9999027896491132,-0.0097210350886722,-0.0866733260534225,-0.0868356409779365,88.61524215784463,87.3309564179803,,,1724716800000,2024-08-27T12:00:23+00:00,1724760023000,2859.933442,33911966,2024-08-28 12:00:23+00:00,https://beaconcha.in/charts/staked_ether,https://www.beaconcha.in/ethstore,extraido_html_sem_imputacao; consistencia_interna_verificada,0,3.078,,,,ausente_nao_estimado,Yahoo Finance via yfinance,82.4335401308078,Yahoo Finance via yfinance,81.4129763635312,-9.72103508867228e-05,0,staking_apr_rede,indisponivel_sem_dados_comparaveis
2024-08-28,33971006,3.04,2528.41552734375,2529.869384765625,1.0005750073143247,0.0575007314324693,0.0279492743778803,0.0286213315149633,89.18327949836396,87.91029282974338,,,1724803200000,2024-08-28T12:00:23+00:00,1724846423000,2826.950556,33940734,2024-08-29 12:00:23+00:00,https://beaconcha.in/charts/staked_ether,https://www.beaconcha.in/ethstore,extraido_html_sem_imputacao; consistencia_interna_verificada,0,3.04,,,,ausente_nao_estimado,Yahoo Finance via yfinance,83.70442809446227,Yahoo Finance via yfinance,83.8794089367474,0.0005750073143246,0,staking_apr_rede,indisponivel_sem_dados_comparaveis
2024-08-29,34000958,3.027,2528.792724609375,2527.11474609375,0.9993364507500772,-0.0663549249922845,0.0001491721311569,-0.0010894394259681,89.23037913597146,87.93296983567042,,,1724889600000,2024-08-29T12:00:23+00:00,1724932823000,2816.570624,33960574,2024-08-30 12:00:23+00:00,https://beaconcha.in/charts/staked_ether,https://www.beaconcha.in/ethstore,extraido_html_sem_imputacao; consistencia_interna_verificada,0,3.027,,,,ausente_nao_estimado,Yahoo Finance via yfinance,83.80044380694093,Yahoo Finance via yfinance,83.91675317664327,-0.0006635492499228,0,staking_apr_rede,indisponivel_sem_dados_comparaveis
2024-08-30,34041534,2.956,2525.822021484375,2525.11669921875,0.999720755358206,-0.0279244641794074,-0.0011754420925308,-0.0007909562342084,89.24111264870518,87.94993275068649,,,1724976000000,2024-08-30T12:00:23+00:00,1725019223000,2753.82048,34005374,2024-08-31 12:00:23+00:00,https://beaconcha.in/charts/staked_ether,https://www.beaconcha.in/ethstore,extraido_html_sem_imputacao; consistencia_interna_verificada,0,2.956,,,,ausente_nao_estimado,Yahoo Finance via yfinance,68.93459079210722,Yahoo Finance via yfinance,69.1719957580999,-0.000279244641794,0,staking_apr_rede,indisponivel_sem_dados_comparaveis
2024-08-31,34089470,2.92,2513.393798828125,2512.817138671875,0.9997705651392476,-0.0229434860752331,-0.0049326118579988,-0.0048827894051165,89.24750009451175,87.95698031967638,,,1725062400000,2024-08-31T12:00:23+00:00,1725105623000,2724.053173,34047198,2024-09-01 12:00:23+00:00,https://beaconcha.in/charts/staked_ether,https://www.beaconcha.in/ethstore,extraido_html_sem_imputacao; consistencia_interna_verificada,0,2.92,,,,ausente_nao_estimado,Yahoo Finance via yfinance,68.23115890730045,Yahoo Finance via yfinance,68.39110449467266,-0.0002294348607523,0,staking_apr_rede,indisponivel_sem_dados_comparaveis
2024-09-01,34130558,2.98,2427.90234375,2426.720947265625,0.9995134085654572,-0.0486591434542771,-0.0346062994239625,-0.0348635480975783,87.00854350330418,85.61966356902877,,,1725148800000,2024-09-01T12:00:23+00:00,1725192023000,2783.593874,34099486,2024-09-02 12:00:23+00:00,https://beaconcha.in/charts/staked_ether,https://www.beaconcha.in/ethstore,extraido_html_sem_imputacao; consistencia_interna_verificada,0,2.98,,,,ausente_nao_estimado,Yahoo Finance via yfinance,69.47578367571052,Yahoo Finance via yfinance,69.72501883250787,-0.0004865914345427,0,staking_apr_rede,indisponivel_sem_dados_comparaveis
2024-09-02,34176798,3.123,2538.187255859375,2537.60986328125,0.9997725177380856,-0.0227482261914269,0.0444224959173987,0.0446816976360426,88.45082485880698,87.11971295717295,,,1725235200000,2024-09-02T12:00:23+00:00,1725278423000,2921.185238,34146335,2024-09-03 12:00:23+00:00,https://beaconcha.in/charts/staked_ether,https://www.beaconcha.in/ethstore,extraido_html_sem_imputacao; consistencia_interna_verificada,0,3.123,,,,ausente_nao_estimado,Yahoo Finance via yfinance,82.0256428813126,Yahoo Finance via yfinance,82.40474169478208,-0.0002274822619142,0,staking_apr_rede,indisponivel_sem_dados_comparaveis
2024-09-03,34202175,3.153,2420.603759765625,2422.89697265625,1.0009473722749431,0.0947372274943125,-0.0474331508867601,-0.0462587189457765,85.89299048765004,84.2114180801331,,,1725321600000,2024-09-03T12:00:23+00:00,1725364823000,2950.562428,34152607,2024-09-04 12:00:23+00:00,https://beaconcha.in/charts/staked_ether,https://www.beaconcha.in/ethstore,extraido_html_sem_imputacao; consistencia_interna_verificada,0,3.153,,,,ausente_nao_estimado,Yahoo Finance via yfinance,61.37857428545054,Yahoo Finance via yfinance,61.24649739988391,0.0009473722749431,0,staking_apr_rede,indisponivel_sem_dados_comparaveis
2024-09-04,34226463,3.401,2448.97705078125,2447.94384765625,0.9995781082862044,-0.0421891713795474,0.0116534105150056,0.010284505978807,77.69347774339485,76.81128431483953,,,1725408000000,2024-09-04T12:00:23+00:00,1725451223000,3184.445278,34174751,2024-09-05 12:00:23+00:00,https://beaconcha.in/charts/staked_ether,https://www.beaconcha.in/ethstore,extraido_html_sem_imputacao; consistencia_interna_verificada,0,3.401,,,,ausente_nao_estimado,Yahoo Finance via yfinance,57.50997383993476,Yahoo Finance via yfinance,56.9336981820135,-0.0004218917137954,0,staking_apr_rede,indisponivel_sem_dados_comparaveis
2024-09-05,34248831,3.189,2367.737548828125,2367.51806640625,0.9999073028925932,-0.0092697107406891,-0.0337355286143875,-0.0334062492832929,78.34389389022684,77.57511313699065,,,1725494400000,2024-09-05T12:00:23+00:00,1725537623000,2989.057649,34206527,2024-09-06 12:00:23+00:00,https://beaconcha.in/charts/staked_ether,https://www.beaconcha.in/ethstore,extraido_html_sem_imputacao; consistencia_interna_verificada,0,3.189,,,,ausente_nao_estimado,Yahoo Finance via yfinance,60.925617236468085,Yahoo Finance via yfinance,60.36507768591287,-9.269710740689165e-05,0,staking_apr_rede,indisponivel_sem_dados_comparaveis
2024-09-06,34252127,3.273,2223.87646484375,2220.77685546875,0.9986062133288426,-0.1393786671157415,-0.0626830499964647,-0.0639851074877024,79.38061006165793,78.8241506502269,,,1725580800000,2024-09-06T12:00:23+00:00,1725624023000,3067.966219,34213791,2024-09-07 12:00:23+00:00,https://beaconcha.in/charts/staked_ether,https://www.beaconcha.in/ethstore,extraido_html_sem_imputacao; consistencia_interna_verificada,0,3.273,,,,ausente_nao_estimado,Yahoo Finance via yfinance,71.19717099849886,Yahoo Finance via yfinance,71.2077620608217,-0.0013937866711574,0,staking_apr_rede,indisponivel_sem_dados_comparaveis
2024-09-07,34255400,3.034,2274.107177734375,2270.203857421875,0.9982835812002544,-0.1716418799745711,0.0223356975646147,0.0220125629256581,62.04425877779043,61.136780701870144,,,1725667200000,2024-09-07T12:00:23+00:00,1725710423000,2844.926351,34227720,2024-09-08 12:00:23+00:00,https://beaconcha.in/charts/staked_ether,https://www.beaconcha.in/ethstore,extraido_html_sem_imputacao; consistencia_interna_verificada,0,3.034,,,,ausente_nao_estimado,Yahoo Finance via yfinance,76.78874646351046,Yahoo Finance via yfinance,76.73536752029365,-0.0017164187997457,0,staking_apr_rede,indisponivel_sem_dados_comparaveis
2024-09-08,34240553,3.078,2297.29296875,2294.930419921875,0.9989715944547506,-0.1028405545249411,0.0101439336261532,0.0108328924433311,61.53575426287921,60.683473858376615,,,1725753600000,2024-09-08T12:00:23+00:00,1725796823000,2884.648108,34208617,2024-09-09 12:00:23+00:00,https://beaconcha.in/charts/staked_ether,https://www.beaconcha.in/ethstore,extraido_html_sem_imputacao; consistencia_interna_verificada,0,3.078,,,,ausente_nao_estimado,Yahoo Finance via yfinance,76.38520735957829,Yahoo Finance via yfinance,76.45432087861572,-0.0010284055452494,0,staking_apr_rede,indisponivel_sem_dados_comparaveis
2024-09-09,34205194,3.292,2358.482177734375,2358.85302734375,1.000157240793624,0.0157240793623891,0.0262868074500889,0.0274729705997405,62.390996928891255,61.65191882734074,,,1725840000000,2024-09-09T12:00:23+00:00,1725883223000,3083.8084,34187626,2024-09-10 12:00:23+00:00,https://beaconcha.in/charts/staked_ether,https://www.beaconcha.in/ethstore,extraido_html_sem_imputacao; consistencia_interna_verificada,0,3.292,,,,ausente_nao_estimado,Yahoo Finance via yfinance,69.65422437427745,Yahoo Finance via yfinance,69.97964557611019,0.0001572407936238,0,staking_apr_rede,indisponivel_sem_dados_comparaveis
2024-09-10,34198602,3.22,2389.5810546875,2382.64892578125,0.997099019138668,-0.2900980861332058,0.0130997925492076,0.0100373672546449,62.27390959735748,61.5551078460778,,,1725926400000,2024-09-10T12:00:23+00:00,1725969623000,3015.459655,34183210,2024-09-11 12:00:23+00:00,https://beaconcha.in/charts/staked_ether,https://www.beaconcha.in/ethstore,extraido_html_sem_imputacao; consistencia_interna_verificada,0,3.22,,,,ausente_nao_estimado,Yahoo Finance via yfinance,63.57329829925996,Yahoo Finance via yfinance,64.0001129758874,-0.002900980861332,0,staking_apr_rede,indisponivel_sem_dados_comparaveis
2024-09-11,34197003,3.19,2339.841552734375,2341.5263671875,1.0007200549332735,0.0720054933273539,-0.0210348450820997,-0.0174098524020256,57.662686068516834,56.92125435279755,,,1726012800000,2024-09-11T12:00:23+00:00,1726056023000,2986.966614,34180939,2024-09-12 12:00:23+00:00,https://beaconcha.in/charts/staked_ether,https://www.beaconcha.in/ethstore,extraido_html_sem_imputacao; consistencia_interna_verificada,0,3.19,,,,ausente_nao_estimado,Yahoo Finance via yfinance,63.73360231866764,Yahoo Finance via yfinance,63.78692731338494,0.0007200549332735,0,staking_apr_rede,indisponivel_sem_dados_comparaveis
2024-09-12,34217832,3.165,2361.78173828125,2360.172119140625,0.9993184725266796,-0.0681527473320398,0.0093330934657732,0.0079315378289342,57.87105593762018,57.086957791268254,,,1726099200000,2024-09-12T12:00:23+00:00,1726142423000,2964.34634,34185513,2024-09-13 12:00:23+00:00,https://beaconcha.in/charts/staked_ether,https://www.beaconcha.in/ethstore,extraido_html_sem_imputacao; consistencia_interna_verificada,0,3.165,,,,ausente_nao_estimado,Yahoo Finance via yfinance,60.02232823766549,Yahoo Finance via yfinance,59.99156249167426,-0.0006815274733203,0,staking_apr_rede,indisponivel_sem_dados_comparaveis
2024-09-13,34251367,3.117,2441.607177734375,2442.921142578125,1.000538155709785,0.0538155709784993,0.0332401938342692,0.0344599646089426,59.19615352399874,58.55993519579189,,,1726185600000,2024-09-13T12:00:23+00:00,1726228823000,2921.93465,34214184,2024-09-14 12:00:23+00:00,https://beaconcha.in/charts/staked_ether,https://www.beaconcha.in/ethstore,extraido_html_sem_imputacao; consistencia_interna_verificada,0,3.117,,,,ausente_nao_estimado,Yahoo Finance via yfinance,33.57005142280422,Yahoo Finance via yfinance,32.27607533823932,0.0005381557097849,0,staking_apr_rede,indisponivel_sem_dados_comparaveis
2024-09-14,34290406,3.051,2418.595703125,2417.14990234375,0.9994022147730676,-0.0597785226932323,-0.0094694180988845,-0.0106053930265753,58.07855546109925,57.4098792543831,,,1726272000000,2024-09-14T12:00:23+00:00,1726315223000,2863.862512,34260775,2024-09-15 12:00:23+00:00,https://beaconcha.in/charts/staked_ether,https://www.beaconcha.in/ethstore,extraido_html_sem_imputacao; consistencia_interna_verificada,0,3.051,,,,ausente_nao_estimado,Yahoo Finance via yfinance,36.14476880050994,Yahoo Finance via yfinance,35.5448199298008,-0.0005977852269323,0,staking_apr_rede,indisponivel_sem_dados_comparaveis
2024-09-15,34340650,3.357,2320.897216796875,2319.1748046875,0.999257867993072,-0.0742132006927964,-0.0412332414766182,-0.0413776850280669,59.50534322987616,58.8808952201268,,,1726358400000,2024-09-15T12:00:23+00:00,1726401623000,3155.309395,34307118,2024-09-16 12:00:23+00:00,https://beaconcha.in/charts/staked_ether,https://www.beaconcha.in/ethstore,extraido_html_sem_imputacao; consistencia_interna_verificada,0,3.357,,,,ausente_nao_estimado,Yahoo Finance via yfinance,50.97845402830578,Yahoo Finance via yfinance,50.654154456776936,-0.0007421320069279,0,staking_apr_rede,indisponivel_sem_dados_comparaveis
2024-09-16,34383701,3.242,2295.28369140625,2291.129150390625,0.9981899662202192,-0.1810033779780728,-0.0110973936086219,-0.0121666599557156,59.400233161798646,58.814010524516426,,,1726444800000,2024-09-16T12:00:23+00:00,1726488023000,3050.708094,34351256,2024-09-17 12:00:23+00:00,https://beaconcha.in/charts/staked_ether,https://www.beaconcha.in/ethstore,extraido_html_sem_imputacao; consistencia_interna_verificada,0,3.242,,,,ausente_nao_estimado,Yahoo Finance via yfinance,46.88635557136522,Yahoo Finance via yfinance,46.180034210374046,-0.0018100337797807,0,staking_apr_rede,indisponivel_sem_dados_comparaveis
2024-09-17,34388536,3.408,2341.707763671875,2336.424072265625,0.9977436589278054,-0.2256341072194634,0.0200240280339485,0.019576811458979,59.99539145554298,59.34676256581722,,,1726531200000,2024-09-17T12:00:23+00:00,1726574423000,3208.905947,34365048,2024-09-18 12:00:23+00:00,https://beaconcha.in/charts/staked_ether,https://www.beaconcha.in/ethstore,extraido_html_sem_imputacao; consistencia_interna_verificada,0,3.408,,,,ausente_nao_estimado,Yahoo Finance via yfinance,48.64543629790752,Yahoo Finance via yfinance,48.42357995367619,-0.0022563410721946,0,staking_apr_rede,indisponivel_sem_dados_comparaveis
2024-09-18,34383352,3.542,2369.72900390625,2360.9130859375,0.9962797780023716,-0.3720221997628337,0.0118951275456691,0.0104268587567372,60.07747409372624,59.51241557856645,,,1726617600000,2024-09-18T12:00:23+00:00,1726660823000,3334.729859,34366490,2024-09-19 12:00:23+00:00,https://beaconcha.in/charts/staked_ether,https://www.beaconcha.in/ethstore,extraido_html_sem_imputacao; consistencia_interna_verificada,0,3.542,,,,ausente_nao_estimado,Yahoo Finance via yfinance,46.95615628798918,Yahoo Finance via yfinance,47.47673427354619,-0.0037202219976283,0,staking_apr_rede,indisponivel_sem_dados_comparaveis
2024-09-19,34378394,3.393,2464.752197265625,2464.095458984375,0.9997335479477496,-0.0266452052250398,0.0393156696828061,0.042776341360103,61.38129320829062,61.443507891470105,,,1726704000000,2024-09-19T12:00:23+00:00,1726747223000,3193.790188,34352986,2024-09-20 12:00:23+00:00,https://beaconcha.in/charts/staked_ether,https://www.beaconcha.in/ethstore,extraido_html_sem_imputacao; consistencia_interna_verificada,0,3.393,,,,ausente_nao_estimado,Yahoo Finance via yfinance,54.294918011649294,Yahoo Finance via yfinance,56.33342296362386,-0.0002664520522503,0,staking_apr_rede,indisponivel_sem_dados_comparaveis
2024-09-20,34373786,3.548,2561.072021484375,2556.097412109375,0.9980576066064254,-0.1942393393574604,0.0383346552803007,0.036656860551206,62.403176532239954,62.55885974174604,,,1726790400000,2024-09-20T12:00:23+00:00,1726833623000,3339.779822,34354682,2024-09-21 12:00:23+00:00,https://beaconcha.in/charts/staked_ether,https://www.beaconcha.in/ethstore,extraido_html_sem_imputacao; consistencia_interna_verificada,0,3.548,,,,ausente_nao_estimado,Yahoo Finance via yfinance,55.943857761181135,Yahoo Finance via yfinance,57.02302341160298,-0.0019423933935746,0,staking_apr_rede,indisponivel_sem_dados_comparaveis
2024-09-21,34389754,3.396,2615.857177734375,2617.14404296875,1.000491947819372,0.0491947819371896,0.0211659072082873,0.023602016347002,62.86723779618849,63.1369298617478,,,1726876800000,2024-09-21T12:00:23+00:00,1726920023000,3197.872198,34366618,2024-09-22 12:00:23+00:00,https://beaconcha.in/charts/staked_ether,https://www.beaconcha.in/ethstore,extraido_html_sem_imputacao; consistencia_interna_verificada,0,3.396,,,,ausente_nao_estimado,Yahoo Finance via yfinance,54.87965175832719,Yahoo Finance via yfinance,56.13491968289638,0.0004919478193718,0,staking_apr_rede,indisponivel_sem_dados_comparaveis
2024-09-22,34395002,3.504,2582.862548828125,2580.934326171875,0.9992534551801354,-0.074654481986458,-0.0126935375110013,-0.0139321879869328,60.048241677501416,60.38108876267659,,,1726963200000,2024-09-22T12:00:23+00:00,1727006423000,3300.078406,34380347,2024-09-23 12:00:23+00:00,https://beaconcha.in/charts/staked_ether,https://www.beaconcha.in/ethstore,extraido_html_sem_imputacao; consistencia_interna_verificada,0,3.504,,,,ausente_nao_estimado,Yahoo Finance via yfinance,40.19711836955605,Yahoo Finance via yfinance,42.22560330826656,-0.0007465448198645,0,staking_apr_rede,indisponivel_sem_dados_comparaveis
2024-09-23,34366170,3.535,2648.54638671875,2648.2705078125,0.9998958376158208,-0.0104162384179318,0.0251126572587494,0.0257553130725091,60.792922220817566,61.15393906266853,,,1727049600000,2024-09-23T12:00:23+00:00,1727092823000,3327.584195,34353818,2024-09-24 12:00:23+00:00,https://beaconcha.in/charts/staked_ether,https://www.beaconcha.in/ethstore,extraido_html_sem_imputacao; consistencia_interna_verificada,0,3.535,,,,ausente_nao_estimado,Yahoo Finance via yfinance,33.727075141464795,Yahoo Finance via yfinance,35.58991536900895,-0.0001041623841793,0,staking_apr_rede,indisponivel_sem_dados_comparaveis
2024-09-24,34394266,3.533,2654.35498046875,2656.958984375,1.000981030768458,0.0981030768458124,0.0021907237834088,0.0032754414651299,60.768423177982456,61.126872710786216,,,1727136000000,2024-09-24T12:00:23+00:00,1727179223000,3326.280697,34362810,2024-09-25 12:00:23+00:00,https://beaconcha.in/charts/staked_ether,https://www.beaconcha.in/ethstore,extraido_html_sem_imputacao; consistencia_interna_verificada,0,3.533,,,,ausente_nao_estimado,Yahoo Finance via yfinance,36.22982461093242,Yahoo Finance via yfinance,37.78058584370319,0.0009810307684581,0,staking_apr_rede,indisponivel_sem_dados_comparaveis
2024-09-25,34429594,3.516,2579.388671875,2577.81591796875,0.9993902609857138,-0.0609739014286181,-0.028649257997379,-0.0302397328503599,60.96265381467383,61.43755492455648,,,1727222400000,2024-09-25T12:00:23+00:00,1727265623000,3313.375457,34393179,2024-09-26 12:00:23+00:00,https://beaconcha.in/charts/staked_ether,https://www.beaconcha.in/ethstore,extraido_html_sem_imputacao; consistencia_interna_verificada,0,3.516,,,,ausente_nao_estimado,Yahoo Finance via yfinance,49.65997256409408,Yahoo Finance via yfinance,51.79282982360799,-0.0006097390142861,0,staking_apr_rede,indisponivel_sem_dados_comparaveis
2024-09-26,34454777,3.535,2632.199951171875,2632.217041015625,1.00000649260849,0.0006492608489949,0.0202675578967318,0.0208839754648616,53.00415805369498,53.54791206303615,,,1727308800000,2024-09-26T12:00:23+00:00,1727352023000,3333.382145,34417081,2024-09-27 12:00:23+00:00,https://beaconcha.in/charts/staked_ether,https://www.beaconcha.in/ethstore,extraido_html_sem_imputacao; consistencia_interna_verificada,0,3.535,,,,ausente_nao_estimado,Yahoo Finance via yfinance,44.99809729219068,Yahoo Finance via yfinance,46.12453534056424,6.492608489949703e-06,0,staking_apr_rede,indisponivel_sem_dados_comparaveis
2024-09-27,34437401,3.246,2695.900634765625,2695.804443359375,0.9999643193799468,-0.0035680620053102,0.0239123559621249,0.0238701821180903,52.77623621595404,53.27867173103618,,,1727395200000,2024-09-27T12:00:23+00:00,1727438423000,3060.648273,34415385,2024-09-28 12:00:23+00:00,https://beaconcha.in/charts/staked_ether,https://www.beaconcha.in/ethstore,extraido_html_sem_imputacao; consistencia_interna_verificada,0,3.246,,,,ausente_nao_estimado,Yahoo Finance via yfinance,40.3161062438703,Yahoo Finance via yfinance,42.298176371056826,-3.568062005310235e-05,0,staking_apr_rede,indisponivel_sem_dados_comparaveis
2024-09-28,34451097,3.162,2677.5390625,2672.630615234375,0.9981668064774966,-0.183319352250344,-0.0068342234275545,-0.0086334180490519,52.86549570750956,53.4006679965358,,,1727481600000,2024-09-28T12:00:23+00:00,1727524823000,2981.832555,34419481,2024-09-29 12:00:23+00:00,https://beaconcha.in/charts/staked_ether,https://www.beaconcha.in/ethstore,extraido_html_sem_imputacao; consistencia_interna_verificada,0,3.162,,,,ausente_nao_estimado,Yahoo Finance via yfinance,39.53263602780461,Yahoo Finance via yfinance,41.27290653986138,-0.0018331935225034,0,staking_apr_rede,indisponivel_sem_dados_comparaveis
2024-09-29,34465177,3.195,2659.346923828125,2656.68603515625,0.9989994202531332,-0.1000579746866847,-0.0068175371109074,-0.0059837418937344,52.94345069783719,53.46386951795418,,,1727568000000,2024-09-29T12:00:23+00:00,1727611223000,3015.007769,34448985,2024-09-30 12:00:23+00:00,https://beaconcha.in/charts/staked_ether,https://www.beaconcha.in/ethstore,extraido_html_sem_imputacao; consistencia_interna_verificada,0,3.195,,,,ausente_nao_estimado,Yahoo Finance via yfinance,38.2920652817072,Yahoo Finance via yfinance,39.65701911586406,-0.0010005797468668,0,staking_apr_rede,indisponivel_sem_dados_comparaveis
2024-09-30,34461145,3.331,2603.062744140625,2602.727783203125,0.9998713204519352,-0.0128679548064725,-0.0213918450206831,-0.0205194521877252,53.51187139227343,53.98163485912091,,,1727654400000,2024-09-30T12:00:23+00:00,1727697623000,3142.425265,34437146,2024-10-01 12:00:23+00:00,https://beaconcha.in/charts/staked_ether,https://www.beaconcha.in/ethstore,extraido_html_sem_imputacao; consistencia_interna_verificada,0,3.331,,,,ausente_nao_estimado,Yahoo Finance via yfinance,37.53600335632612,Yahoo Finance via yfinance,38.36484351622445,-0.0001286795480647,0,staking_apr_rede,indisponivel_sem_dados_comparaveis
2024-10-01,34469881,3.268,2448.921142578125,2449.16259765625,1.0000985965100824,0.0098596510082371,-0.0610411526647519,-0.060813873186998,56.44995207298804,56.844915966828346,,,1727740800000,2024-10-01T12:00:23+00:00,1727784023000,3084.469352,34452667,2024-10-02 12:00:23+00:00,https://beaconcha.in/charts/staked_ether,https://www.beaconcha.in/ethstore,extraido_html_sem_imputacao; consistencia_interna_verificada,0,3.268,,,,ausente_nao_estimado,Yahoo Finance via yfinance,55.98973431976735,Yahoo Finance via yfinance,56.25800475326525,9.859651008237158e-05,0,staking_apr_rede,indisponivel_sem_dados_comparaveis
2024-10-02,34497464,3.309,2365.231689453125,2366.608642578125,1.0005821641622423,0.0582164162242548,-0.0347715945183327,-0.0342881913976726,55.40592980829216,55.74922582097403,,,1727827200000,2024-10-02T12:00:23+00:00,1727870423000,3124.105945,34456696,2024-10-03 12:00:23+00:00,https://beaconcha.in/charts/staked_ether,https://www.beaconcha.in/ethstore,extraido_html_sem_imputacao; consistencia_interna_verificada,0,3.309,,,,ausente_nao_estimado,Yahoo Finance via yfinance,57.28943719084226,Yahoo Finance via yfinance,57.14153954216697,0.0005821641622425,0,staking_apr_rede,indisponivel_sem_dados_comparaveis
2024-10-03,34487608,3.235,2349.791259765625,2348.483154296875,0.9994433099266526,-0.0556690073347354,-0.0065494845084828,-0.007688324361706,53.0022282209631,53.5016315928908,,,1727913600000,2024-10-03T12:00:23+00:00,1727956823000,3050.524726,34418328,2024-10-04 12:00:23+00:00,https://beaconcha.in/charts/staked_ether,https://www.beaconcha.in/ethstore,extraido_html_sem_imputacao; consistencia_interna_verificada,0,3.235,,,,ausente_nao_estimado,Yahoo Finance via yfinance,50.909579923675416,Yahoo Finance via yfinance,50.4015939266184,-0.0005566900733473,0,staking_apr_rede,indisponivel_sem_dados_comparaveis
2024-10-04,34485111,3.207,2414.7939453125,2414.410888671875,0.9998413708791308,-0.0158629120869169,0.027287462033179,0.0276856654121772,53.74691516542317,54.30349064783696,,,1728000000000,2024-10-04T12:00:23+00:00,1728043223000,3024.479501,34424120,2024-10-05 12:00:23+00:00,https://beaconcha.in/charts/staked_ether,https://www.beaconcha.in/ethstore,extraido_html_sem_imputacao; consistencia_interna_verificada,0,3.207,,,,ausente_nao_estimado,Yahoo Finance via yfinance,52.55945657513648,Yahoo Finance via yfinance,52.29110645169018,-0.0001586291208691,0,staking_apr_rede,indisponivel_sem_dados_comparaveis
2024-10-05,34458168,3.315,2415.6318359375,2414.23291015625,0.999420886179575,-0.057911382042497,0.0003469220608484,-7.371780695385581e-05,52.389413132833816,52.98685648556336,,,1728086400000,2024-10-05T12:00:23+00:00,1728129623000,3125.189292,34413464,2024-10-06 12:00:23+00:00,https://beaconcha.in/charts/staked_ether,https://www.beaconcha.in/ethstore,extraido_html_sem_imputacao; consistencia_interna_verificada,0,3.315,,,,ausente_nao_estimado,Yahoo Finance via yfinance,53.5454884915225,Yahoo Finance via yfinance,53.35415100630975,-0.0005791138204249,0,staking_apr_rede,indisponivel_sem_dados_comparaveis
2024-10-06,34481592,3.349,2439.957763671875,2437.518798828125,0.9990004069414384,-0.0999593058561676,0.0100198465115319,0.009599035098254,47.2055267263046,47.63540882265615,,,1728172800000,2024-10-06T12:00:23+00:00,1728216023000,3157.410008,34411675,2024-10-07 12:00:23+00:00,https://beaconcha.in/charts/staked_ether,https://www.beaconcha.in/ethstore,extraido_html_sem_imputacao; consistencia_interna_verificada,0,3.349,,,,ausente_nao_estimado,Yahoo Finance via yfinance,56.36069590603835,Yahoo Finance via yfinance,55.99314528577553,-0.0009995930585616,0,staking_apr_rede,indisponivel_sem_dados_comparaveis
2024-10-07,34439867,3.882,2421.796630859375,2424.6142578125,1.0011634449058282,0.1163444905828203,-0.0074710550197007,-0.0053081934065274,46.81944924889356,47.22190312572762,,,1728259200000,2024-10-07T12:00:23+00:00,1728302423000,3656.64028,34382014,2024-10-08 12:00:23+00:00,https://beaconcha.in/charts/staked_ether,https://www.beaconcha.in/ethstore,extraido_html_sem_imputacao; consistencia_interna_verificada,0,3.882,,,,ausente_nao_estimado,Yahoo Finance via yfinance,55.88905304415498,Yahoo Finance via yfinance,55.71140844706708,0.0011634449058282,0,staking_apr_rede,indisponivel_sem_dados_comparaveis
2024-10-08,34436615,3.55,2439.8408203125,2443.497314453125,1.0014986609413956,0.1498660941395613,0.0074231254351555,0.0077578958766787,46.770188044120125,47.163239720931294,,,1728345600000,2024-10-08T12:00:23+00:00,1728388823000,3344.795078,34389518,2024-10-09 12:00:23+00:00,https://beaconcha.in/charts/staked_ether,https://www.beaconcha.in/ethstore,extraido_html_sem_imputacao; consistencia_interna_verificada,0,3.55,,,,ausente_nao_estimado,Yahoo Finance via yfinance,36.63334710435107,Yahoo Finance via yfinance,36.42516571778845,0.0014986609413956,0,staking_apr_rede,indisponivel_sem_dados_comparaveis
2024-10-09,34432242,3.516,2368.283447265625,2366.693359375,0.9993285905483734,-0.0671409451626581,-0.0297673907275993,-0.0319365647453081,47.19257537303545,47.68866820360987,,,1728432000000,2024-10-09T12:00:23+00:00,1728475223000,3310.975616,34375606,2024-10-10 12:00:23+00:00,https://beaconcha.in/charts/staked_ether,https://www.beaconcha.in/ethstore,extraido_html_sem_imputacao; consistencia_interna_verificada,0,3.516,,,,ausente_nao_estimado,Yahoo Finance via yfinance,33.8612721755654,Yahoo Finance via yfinance,35.1072545567371,-0.0006714094516265,0,staking_apr_rede,indisponivel_sem_dados_comparaveis
2024-10-10,34361172,3.481,2383.85791015625,2378.941650390625,0.9979376875841972,-0.2062312415802791,0.0065547371097369,0.0051619301472832,47.02123252125923,47.59115793202158,,,1728518400000,2024-10-10T12:00:23+00:00,1728561623000,3271.038325,34299831,2024-10-11 12:00:23+00:00,https://beaconcha.in/charts/staked_ether,https://www.beaconcha.in/ethstore,extraido_html_sem_imputacao; consistencia_interna_verificada,0,3.481,,,,ausente_nao_estimado,Yahoo Finance via yfinance,33.59713440004193,Yahoo Finance via yfinance,34.61703983404166,-0.0020623124158027,0,staking_apr_rede,indisponivel_sem_dados_comparaveis
2024-10-11,34298612,3.34,2436.513427734375,2435.90869140625,0.9997518025875656,-0.0248197412434314,0.0218479483789536,0.0236641620707895,46.99502778335665,47.86135893522764,,,1728604800000,2024-10-11T12:00:23+00:00,1728648023000,3137.639804,34287701,2024-10-12 12:00:23+00:00,https://beaconcha.in/charts/staked_ether,https://www.beaconcha.in/ethstore,extraido_html_sem_imputacao; consistencia_interna_verificada,0,3.34,,,,ausente_nao_estimado,Yahoo Finance via yfinance,31.260413949078654,Yahoo Finance via yfinance,32.86819208649705,-0.0002481974124343,0,staking_apr_rede,indisponivel_sem_dados_comparaveis
2024-10-12,34321524,3.372,2476.523193359375,2476.458251953125,0.9999737771863296,-0.0026222813670484,0.0162875440193121,0.0165095490803271,47.205858532720654,48.103476151809446,,,1728691200000,2024-10-12T12:00:23+00:00,1728734423000,3167.408194,34286484,2024-10-13 12:00:23+00:00,https://beaconcha.in/charts/staked_ether,https://www.beaconcha.in/ethstore,extraido_html_sem_imputacao; consistencia_interna_verificada,0,3.372,,,,ausente_nao_estimado,Yahoo Finance via yfinance,33.03982464491379,Yahoo Finance via yfinance,34.59299754218508,-2.622281367048452e-05,0,staking_apr_rede,indisponivel_sem_dados_comparaveis
2024-10-13,34347732,3.407,2467.677001953125,2465.364501953125,0.9990628838384564,-0.0937116161543683,-0.0035784153134817,-0.004489747685395,45.824741154225336,46.65163724296772,,,1728777600000,2024-10-13T12:00:23+00:00,1728820823000,3201.876424,34304724,2024-10-14 12:00:23+00:00,https://beaconcha.in/charts/staked_ether,https://www.beaconcha.in/ethstore,extraido_html_sem_imputacao; consistencia_interna_verificada,0,3.407,,,,ausente_nao_estimado,Yahoo Finance via yfinance,32.880295916558914,Yahoo Finance via yfinance,34.61142992638933,-0.0009371161615436,0,staking_apr_rede,indisponivel_sem_dados_comparaveis
2024-10-14,34344692,3.374,2628.89990234375,2628.402099609375,0.9998106421876576,-0.0189357812342416,0.0632882475334612,0.0640364273200725,50.63650929312321,51.4707211367346,,,1728864000000,2024-10-14T12:00:23+00:00,1728907223000,3171.350201,34311860,2024-10-15 12:00:23+00:00,https://beaconcha.in/charts/staked_ether,https://www.beaconcha.in/ethstore,extraido_html_sem_imputacao; consistencia_interna_verificada,0,3.374,,,,ausente_nao_estimado,Yahoo Finance via yfinance,53.94186966471687,Yahoo Finance via yfinance,55.86211803107219,-0.0001893578123424,0,staking_apr_rede,indisponivel_sem_dados_comparaveis
2024-10-15,34355764,3.295,2606.02197265625,2602.862548828125,0.9987876449771816,-0.1212355022818467,-0.0087405603692993,-0.0097642751461875,48.29618773946561,49.18664944553007,,,1728950400000,2024-10-15T12:00:23+00:00,1728993623000,3100.212256,34337236,2024-10-16 12:00:23+00:00,https://beaconcha.in/charts/staked_ether,https://www.beaconcha.in/ethstore,extraido_html_sem_imputacao; consistencia_interna_verificada,0,3.295,,,,ausente_nao_estimado,Yahoo Finance via yfinance,55.9508903680384,Yahoo Finance via yfinance,57.97469629760767,-0.0012123550228184,0,staking_apr_rede,indisponivel_sem_dados_comparaveis
2024-10-16,34371987,3.306,2611.10205078125,2610.056640625,0.999599628763672,-0.0400371236328078,0.0019474636630232,0.002760102776417,48.00106359602694,48.84942041132887,,,1729036800000,2024-10-16T12:00:23+00:00,1729080023000,3109.238498,34323891,2024-10-17 12:00:23+00:00,https://beaconcha.in/charts/staked_ether,https://www.beaconcha.in/ethstore,extraido_html_sem_imputacao; consistencia_interna_verificada,0,3.306,,,,ausente_nao_estimado,Yahoo Finance via yfinance,46.29400692537347,Yahoo Finance via yfinance,47.535142291447485,-0.000400371236328,0,staking_apr_rede,indisponivel_sem_dados_comparaveis
2024-10-17,34360531,3.282,2604.2734375,2601.403564453125,0.9988980139314289,-0.1101986068571148,-0.0026186483403767,-0.003320790635748,47.71625657407301,48.60305565399376,,,1729123200000,2024-10-17T12:00:23+00:00,1729166423000,3085.174255,34309235,2024-10-18 12:00:23+00:00,https://beaconcha.in/charts/staked_ether,https://www.beaconcha.in/ethstore,extraido_html_sem_imputacao; consistencia_interna_verificada,0,3.282,,,,ausente_nao_estimado,Yahoo Finance via yfinance,47.63909501326852,Yahoo Finance via yfinance,48.86864914153179,-0.0011019860685711,0,staking_apr_rede,indisponivel_sem_dados_comparaveis
2024-10-18,34326162,3.189,2641.55224609375,2640.741455078125,0.9996930626616136,-0.0306937338386492,0.0142129908216867,0.0150086000700562,47.774138091352405,48.71043701046076,,,1729209600000,2024-10-18T12:00:23+00:00,1729252823000,2995.886543,34286228,2024-10-19 12:00:23+00:00,https://beaconcha.in/charts/staked_ether,https://www.beaconcha.in/ethstore,extraido_html_sem_imputacao; consistencia_interna_verificada,0,3.189,,,,ausente_nao_estimado,Yahoo Finance via yfinance,47.05616568064937,Yahoo Finance via yfinance,48.08837815928078,-0.0003069373383864,0,staking_apr_rede,indisponivel_sem_dados_comparaveis
2024-10-19,34351412,3.107,2648.656982421875,2649.075439453125,1.0001579883820468,0.0157988382046836,0.002685996070363,0.0031509564268523,46.00516482340872,46.629464448987925,,,1729296000000,2024-10-19T12:00:23+00:00,1729339223000,2921.862004,34320244,2024-10-20 12:00:23+00:00,https://beaconcha.in/charts/staked_ether,https://www.beaconcha.in/ethstore,extraido_html_sem_imputacao; consistencia_interna_verificada,0,3.107,,,,ausente_nao_estimado,Yahoo Finance via yfinance,47.246451369674375,Yahoo Finance via yfinance,48.21492553118872,0.0001579883820468,0,staking_apr_rede,indisponivel_sem_dados_comparaveis
2024-10-20,34342164,3.136,2746.364013671875,2743.870361328125,0.9990920168152014,-0.0907983184798566,0.0362251475388791,0.0351587759844579,45.80321082252487,46.493724912415374,,,1729382400000,2024-10-20T12:00:23+00:00,1729425623000,2949.295213,34328372,2024-10-21 12:00:23+00:00,https://beaconcha.in/charts/staked_ether,https://www.beaconcha.in/ethstore,extraido_html_sem_imputacao; consistencia_interna_verificada,0,3.136,,,,ausente_nao_estimado,Yahoo Finance via yfinance,49.195112415802505,Yahoo Finance via yfinance,49.63307890476042,-0.0009079831847985,0,staking_apr_rede,indisponivel_sem_dados_comparaveis
2024-10-21,34349108,3.182,2665.712158203125,2666.285888671875,1.000215225963908,0.0215225963907883,-0.0298066117230178,-0.0286830132656705,46.608409506298834,47.06095355657205,,,1729468800000,2024-10-21T12:00:23+00:00,1729512023000,2989.766503,34298068,2024-10-22 12:00:23+00:00,https://beaconcha.in/charts/staked_ether,https://www.beaconcha.in/ethstore,extraido_html_sem_imputacao; consistencia_interna_verificada,0,3.182,,,,ausente_nao_estimado,Yahoo Finance via yfinance,38.75800666298479,Yahoo Finance via yfinance,38.04059619538403,0.0002152259639078,0,staking_apr_rede,indisponivel_sem_dados_comparaveis
2024-10-22,34347187,3.2,2620.197509765625,2618.4248046875,0.9993234460106468,-0.0676553989353068,-0.0172215479234487,-0.0181135336848526,46.79769082133768,47.2459254025085,,,1729555200000,2024-10-22T12:00:23+00:00,1729598423000,3008.931622,34316725,2024-10-23 12:00:23+00:00,https://beaconcha.in/charts/staked_ether,https://www.beaconcha.in/ethstore,extraido_html_sem_imputacao; consistencia_interna_verificada,0,3.2,,,,ausente_nao_estimado,Yahoo Finance via yfinance,40.624818856673,Yahoo Finance via yfinance,40.04236267234037,-0.000676553989353,0,staking_apr_rede,indisponivel_sem_dados_comparaveis
2024-10-23,34379060,3.203,2509.098876953125,2508.86181640625,0.9999055196472916,-0.0094480352708536,-0.0433260248214441,-0.0427437266824212,48.32702678083998,48.65434691576842,,,1729641600000,2024-10-23T12:00:23+00:00,1729684823000,3013.339619,34343796,2024-10-24 12:00:23+00:00,https://beaconcha.in/charts/staked_ether,https://www.beaconcha.in/ethstore,extraido_html_sem_imputacao; consistencia_interna_verificada,0,3.203,,,,ausente_nao_estimado,Yahoo Finance via yfinance,51.52240309891398,Yahoo Finance via yfinance,50.76808829986687,-9.448035270853694e-05,0,staking_apr_rede,indisponivel_sem_dados_comparaveis
2024-10-24,34409012,3.196,2534.49853515625,2532.318603515625,0.99913989627124,-0.0860103728760108,0.0100721254515189,0.0093061364375725,48.48692760664359,48.778880806369145,,,1729728000000,2024-10-24T12:00:23+00:00,1729771223000,3010.214243,34374388,2024-10-25 12:00:23+00:00,https://beaconcha.in/charts/staked_ether,https://www.beaconcha.in/ethstore,extraido_html_sem_imputacao; consistencia_interna_verificada,0,3.196,,,,ausente_nao_estimado,Yahoo Finance via yfinance,52.782585718608345,Yahoo Finance via yfinance,51.92592922087924,-0.0008601037287601,0,staking_apr_rede,indisponivel_sem_dados_comparaveis
2024-10-25,34454388,3.164,2435.93408203125,2428.26025390625,0.9968497390050058,-0.3150260994994158,-0.0396655114084363,-0.0419602710912935,49.4056912089464,49.805472505521735,,,1729814400000,2024-10-25T12:00:23+00:00,1729857623000,2982.017293,34405780,2024-10-26 12:00:23+00:00,https://beaconcha.in/charts/staked_ether,https://www.beaconcha.in/ethstore,extraido_html_sem_imputacao; consistencia_interna_verificada,0,3.164,,,,ausente_nao_estimado,Yahoo Finance via yfinance,55.79997484040267,Yahoo Finance via yfinance,55.51380539632067,-0.0031502609949941,0,staking_apr_rede,indisponivel_sem_dados_comparaveis
2024-10-26,34488372,3.078,2479.603271484375,2479.621826171875,1.0000074829258832,0.0007482925883151,0.0177682866444481,0.0209310030553961,49.27201469308592,49.808193792232935,,,1729900800000,2024-10-26T12:00:23+00:00,1729944023000,2905.529008,34456596,2024-10-27 12:00:23+00:00,https://beaconcha.in/charts/staked_ether,https://www.beaconcha.in/ethstore,extraido_html_sem_imputacao; consistencia_interna_verificada,0,3.078,,,,ausente_nao_estimado,Yahoo Finance via yfinance,59.10981609049154,Yahoo Finance via yfinance,59.7830815743581,7.482925883151026e-06,0,staking_apr_rede,indisponivel_sem_dados_comparaveis
2024-10-27,34521173,3.085,2505.940673828125,2507.42041015625,1.0005904913646118,0.0590491364611756,0.0105656063371836,0.011148440532484,48.60430119147141,49.17042806372636,,,1729987200000,2024-10-27T12:00:23+00:00,1730030423000,2912.006773,34455126,2024-10-28 12:00:23+00:00,https://beaconcha.in/charts/staked_ether,https://www.beaconcha.in/ethstore,extraido_html_sem_imputacao; consistencia_interna_verificada,0,3.085,,,,ausente_nao_estimado,Yahoo Finance via yfinance,49.1143701752946,Yahoo Finance via yfinance,50.711641406576014,0.0005904913646117,0,staking_apr_rede,indisponivel_sem_dados_comparaveis
2024-10-28,34489718,3.199,2565.34814453125,2565.07568359375,0.999893791827795,-0.0106208172204969,0.0234300157328241,0.0227334848269452,49.39945148846507,49.88321582320728,,,1730073600000,2024-10-28T12:00:23+00:00,1730116823000,3017.993581,34438038,2024-10-29 12:00:23+00:00,https://beaconcha.in/charts/staked_ether,https://www.beaconcha.in/ethstore,extraido_html_sem_imputacao; consistencia_interna_verificada,0,3.199,,,,ausente_nao_estimado,Yahoo Finance via yfinance,52.982219766831626,Yahoo Finance via yfinance,54.41655117575297,-0.0001062081722049,0,staking_apr_rede,indisponivel_sem_dados_comparaveis
2024-10-29,34484181,3.32,2637.95751953125,2634.832763671875,0.9988154639200064,-0.1184536079993581,0.0279107526048665,0.0268317282201925,50.39758741784236,50.80584817773386,,,1730160000000,2024-10-29T12:00:23+00:00,1730203223000,3131.965207,34430101,2024-10-30 12:00:23+00:00,https://beaconcha.in/charts/staked_ether,https://www.beaconcha.in/ethstore,extraido_html_sem_imputacao; consistencia_interna_verificada,0,3.32,,,,ausente_nao_estimado,Yahoo Finance via yfinance,56.78574013651526,Yahoo Finance via yfinance,57.673964247146095,-0.0011845360799935,0,staking_apr_rede,indisponivel_sem_dados_comparaveis
2024-10-30,34457429,3.194,2657.37255859375,2656.135009765625,0.9995342960759782,-0.0465703924021787,0.0073329238307719,0.0080523496303647,49.87558032746042,50.34835132762551,,,1730246400000,2024-10-30T12:00:23+00:00,1730289623000,3010.837317,34403350,2024-10-31 12:00:23+00:00,https://beaconcha.in/charts/staked_ether,https://www.beaconcha.in/ethstore,extraido_html_sem_imputacao; consistencia_interna_verificada,0,3.194,,,,ausente_nao_estimado,Yahoo Finance via yfinance,42.81233078124667,Yahoo Finance via yfinance,44.43987554947304,-0.0004657039240217,0,staking_apr_rede,indisponivel_sem_dados_comparaveis
2024-10-31,34482873,3.258,2515.79931640625,2514.955078125,0.9996644254270424,-0.033557457295763,-0.0547473020077586,-0.0546171205006895,48.93459092381978,49.43389970319336,,,1730332800000,2024-10-31T12:00:23+00:00,1730376023000,3073.659874,34437409,2024-11-01 12:00:23+00:00,https://beaconcha.in/charts/staked_ether,https://www.beaconcha.in/ethstore,extraido_html_sem_imputacao; consistencia_interna_verificada,0,3.258,,,,ausente_nao_estimado,Yahoo Finance via yfinance,62.259340619477975,Yahoo Finance via yfinance,63.36844045825261,-0.0003355745729576,0,staking_apr_rede,indisponivel_sem_dados_comparaveis
2024-11-01,34478529,3.099,2511.885498046875,2512.095947265625,1.0000837813741563,0.0083781374156544,-0.0015569071230169,-0.0011374983676197,47.22908652221249,47.79032795496403,,,1730419200000,2024-11-01T12:00:23+00:00,1730462423000,2922.942946,34423809,2024-11-02 12:00:23+00:00,https://beaconcha.in/charts/staked_ether,https://www.beaconcha.in/ethstore,extraido_html_sem_imputacao; consistencia_interna_verificada,0,3.099,,,,ausente_nao_estimado,Yahoo Finance via yfinance,53.323708299481446,Yahoo Finance via yfinance,53.378533818263776,8.378137415654408e-05,0,staking_apr_rede,indisponivel_sem_dados_comparaveis
2024-11-02,34507585,3.17,2491.068603515625,2489.240234375,0.9992660301936106,-0.07339698063894,-0.0083218891263054,-0.0091399062850983,47.27351877322655,47.82998805502514,,,1730505600000,2024-11-02T12:00:23+00:00,1730548823000,2993.69222,34474401,2024-11-03 12:00:23+00:00,https://beaconcha.in/charts/staked_ether,https://www.beaconcha.in/ethstore,extraido_html_sem_imputacao; consistencia_interna_verificada,0,3.17,,,,ausente_nao_estimado,Yahoo Finance via yfinance,52.6646423724734,Yahoo Finance via yfinance,52.27227660574263,-0.0007339698063894,0,staking_apr_rede,indisponivel_sem_dados_comparaveis
2024-11-03,34549601,3.128,2456.42529296875,2455.124755859375,0.9994705570272796,-0.0529442972720395,-0.014004616269904,-0.0137999601529444,46.67792701415902,47.20429554728386,,,1730592000000,2024-11-03T12:00:23+00:00,1730635223000,2957.662161,34512865,2024-11-04 12:00:23+00:00,https://beaconcha.in/charts/staked_ether,https://www.beaconcha.in/ethstore,extraido_html_sem_imputacao; consistencia_interna_verificada,0,3.128,,,,ausente_nao_estimado,Yahoo Finance via yfinance,52.84130818445728,Yahoo Finance via yfinance,52.300374206919166,-0.0005294429727203,0,staking_apr_rede,indisponivel_sem_dados_comparaveis
2024-11-04,34593440,3.17,2397.0263671875,2395.390625,0.9993175952463887,-0.0682404753611143,-0.0244782047131737,-0.0246312592337494,47.48897831789049,48.01583937549229,,,1730678400000,2024-11-04T12:00:23+00:00,1730721623000,3001.204887,34558945,2024-11-05 12:00:23+00:00,https://beaconcha.in/charts/staked_ether,https://www.beaconcha.in/ethstore,extraido_html_sem_imputacao; consistencia_interna_verificada,0,3.17,,,,ausente_nao_estimado,Yahoo Finance via yfinance,49.569230548033495,Yahoo Finance via yfinance,49.2090682254545,-0.0006824047536111,0,staking_apr_rede,indisponivel_sem_dados_comparaveis
2024-11-05,34634528,3.358,2422.650634765625,2423.901611328125,1.0005163668853232,0.0516366885323194,0.0106332889134209,0.0118321602249557,47.506166882547376,48.07983256395288,,,1730764800000,2024-11-05T12:00:23+00:00,1730808023000,3181.323268,34575649,2024-11-06 12:00:23+00:00,https://beaconcha.in/charts/staked_ether,https://www.beaconcha.in/ethstore,extraido_html_sem_imputacao; consistencia_interna_verificada,0,3.358,,,,ausente_nao_estimado,Yahoo Finance via yfinance,42.68785102815181,Yahoo Finance via yfinance,43.25216833868807,0.0005163668853231,0,staking_apr_rede,indisponivel_sem_dados_comparaveis
2024-11-06,34639614,3.307,2724.169189453125,2721.416015625,0.998989352849748,-0.1010647150252008,0.117301252640699,0.1157738608284416,62.63991099098951,62.76392676107198,,,1730851200000,2024-11-06T12:00:23+00:00,1730894423000,3130.786017,34555294,2024-11-07 12:00:23+00:00,https://beaconcha.in/charts/staked_ether,https://www.beaconcha.in/ethstore,extraido_html_sem_imputacao; consistencia_interna_verificada,0,3.307,,,,ausente_nao_estimado,Yahoo Finance via yfinance,103.61656032082564,Yahoo Finance via yfinance,102.65958422611985,-0.001010647150252,0,staking_apr_rede,indisponivel_sem_dados_comparaveis
2024-11-07,34585437,3.33,2895.58544921875,2895.16845703125,0.9998559903705786,-0.0144009629421404,0.0610238212650149,0.0618909594636495,65.73091369902706,65.94771848193314,,,1730937600000,2024-11-07T12:00:23+00:00,1730980823000,3148.407075,34511648,2024-11-08 12:00:23+00:00,https://beaconcha.in/charts/staked_ether,https://www.beaconcha.in/ethstore,extraido_html_sem_imputacao; consistencia_interna_verificada,0,3.33,,,,ausente_nao_estimado,Yahoo Finance via yfinance,97.54027901616428,Yahoo Finance via yfinance,96.86687489796309,-0.0001440096294214,0,staking_apr_rede,indisponivel_sem_dados_comparaveis
2024-11-08,34577406,3.246,2962.296630859375,2959.96875,0.999214163485478,-0.078583651452202,0.0227775380045948,0.0221354125585057,64.70886896494349,64.75475011347658,,,1731024000000,2024-11-08T12:00:23+00:00,1731067223000,3071.957554,34542270,2024-11-09 12:00:23+00:00,https://beaconcha.in/charts/staked_ether,https://www.beaconcha.in/ethstore,extraido_html_sem_imputacao; consistencia_interna_verificada,0,3.246,,,,ausente_nao_estimado,Yahoo Finance via yfinance,95.8233820825194,Yahoo Finance via yfinance,95.20455257128545,-0.000785836514522,0,staking_apr_rede,indisponivel_sem_dados_comparaveis
2024-11-09,34621661,3.224,3131.14453125,3131.31201171875,1.0000534885780834,0.0053488578083404,0.0554337463553352,0.0562733789488485,66.83397642977003,66.94400396304698,,,1731110400000,2024-11-09T12:00:23+00:00,1731153623000,3054.000212,34574589,2024-11-10 12:00:23+00:00,https://beaconcha.in/charts/staked_ether,https://www.beaconcha.in/ethstore,extraido_html_sem_imputacao; consistencia_interna_verificada,0,3.224,,,,ausente_nao_estimado,Yahoo Finance via yfinance,93.95973553107515,Yahoo Finance via yfinance,93.28638521342732,5.34885780834049e-05,0,staking_apr_rede,indisponivel_sem_dados_comparaveis
2024-11-10,34641181,3.331,3191.331298828125,3189.29833984375,0.9993629746353436,-0.0637025364656262,0.019039562143504,0.01834884664436,66.7736504961467,66.82462444548241,,,1731196800000,2024-11-10T12:00:23+00:00,1731240023000,3156.102297,34579037,2024-11-11 12:00:23+00:00,https://beaconcha.in/charts/staked_ether,https://www.beaconcha.in/ethstore,extraido_html_sem_imputacao; consistencia_interna_verificada,0,3.331,,,,ausente_nao_estimado,Yahoo Finance via yfinance,86.72550148208464,Yahoo Finance via yfinance,86.1350237226673,-0.0006370253646562,0,staking_apr_rede,indisponivel_sem_dados_comparaveis
2024-11-11,34608923,3.566,3374.81298828125,3374.678466796875,0.999960139573706,-0.0039860426293891,0.0559017471170853,0.0564991142478673,68.71945560133447,68.817609199813,,,1731283200000,2024-11-11T12:00:23+00:00,1731326423000,3374.615983,34541404,2024-11-12 12:00:23+00:00,https://beaconcha.in/charts/staked_ether,https://www.beaconcha.in/ethstore,extraido_html_sem_imputacao; consistencia_interna_verificada,0,3.566,,,,ausente_nao_estimado,Yahoo Finance via yfinance,69.56850467961331,Yahoo Finance via yfinance,68.78101230204585,-3.986042629389175e-05,0,staking_apr_rede,indisponivel_sem_dados_comparaveis
2024-11-12,34566715,3.46,3246.25732421875,3249.96923828125,1.0011434441856495,0.1143444185649489,-0.0388371717082606,-0.0376545195362616,70.68902321649212,70.66318747671447,,,1731369600000,2024-11-12T12:00:23+00:00,1731412823000,3273.704796,34531419,2024-11-13 12:00:23+00:00,https://beaconcha.in/charts/staked_ether,https://www.beaconcha.in/ethstore,extraido_html_sem_imputacao; consistencia_interna_verificada,0,3.46,,,,ausente_nao_estimado,Yahoo Finance via yfinance,91.74690565450602,Yahoo Finance via yfinance,90.79362909671958,0.0011434441856494,0,staking_apr_rede,indisponivel_sem_dados_comparaveis
2024-11-13,34534392,3.722,3192.595947265625,3187.377685546875,0.998365511387929,-0.163448861207105,-0.0166683777689419,-0.0194469945661093,68.44658646319029,68.47684129520282,,,1731456000000,2024-11-13T12:00:23+00:00,1731499223000,3516.868619,34490424,2024-11-14 12:00:23+00:00,https://beaconcha.in/charts/staked_ether,https://www.beaconcha.in/ethstore,extraido_html_sem_imputacao; consistencia_interna_verificada,0,3.722,,,,ausente_nao_estimado,Yahoo Finance via yfinance,73.96306161761414,Yahoo Finance via yfinance,74.98820630134755,-0.001634488612071,0,staking_apr_rede,indisponivel_sem_dados_comparaveis
2024-11-14,34518776,3.343,3058.94873046875,3052.011962890625,0.997732303418808,-0.2267696581191858,-0.0427630576300817,-0.0433975034830491,70.39945897724387,70.45416973181061,,,1731542400000,2024-11-14T12:00:23+00:00,1731585623000,3158.082134,34479832,2024-11-15 12:00:23+00:00,https://beaconcha.in/charts/staked_ether,https://www.beaconcha.in/ethstore,extraido_html_sem_imputacao; consistencia_interna_verificada,0,3.343,,,,ausente_nao_estimado,Yahoo Finance via yfinance,79.01758102749626,Yahoo Finance via yfinance,79.79716040662541,-0.0022676965811918,0,staking_apr_rede,indisponivel_sem_dados_comparaveis
2024-11-15,34488536,3.326,3103.04052734375,3096.156005859375,0.9977813626912994,-0.2218637308700644,0.0143111412759222,0.0143603108439732,70.45650195456574,70.51756544687301,,,1731628800000,2024-11-15T12:00:23+00:00,1731672023000,3138.577791,34443385,2024-11-16 12:00:23+00:00,https://beaconcha.in/charts/staked_ether,https://www.beaconcha.in/ethstore,extraido_html_sem_imputacao; consistencia_interna_verificada,0,3.326,,,,ausente_nao_estimado,Yahoo Finance via yfinance,78.27701820438156,Yahoo Finance via yfinance,79.12654358839032,-0.0022186373087006,0,staking_apr_rede,indisponivel_sem_dados_comparaveis
2024-11-16,34489145,3.223,3133.27392578125,3131.72216796875,0.999504748755054,-0.0495251244945982,0.0096959944927981,0.0114217227012754,70.40323986056293,70.46786325970874,,,1731715200000,2024-11-16T12:00:23+00:00,1731758423000,3041.684235,34446425,2024-11-17 12:00:23+00:00,https://beaconcha.in/charts/staked_ether,https://www.beaconcha.in/ethstore,extraido_html_sem_imputacao; consistencia_interna_verificada,0,3.223,,,,ausente_nao_estimado,Yahoo Finance via yfinance,67.09947058171267,Yahoo Finance via yfinance,67.74813878336556,-0.0004952512449459,0,staking_apr_rede,indisponivel_sem_dados_comparaveis
2024-11-17,34453175,3.213,3075.66162109375,3075.1669921875,0.9998391796734538,-0.0160820326546184,-0.0185584011251578,-0.0182238604623297,70.85819761804363,70.89619096616869,,,1731801600000,2024-11-17T12:00:23+00:00,1731844823000,3029.125311,34413656,2024-11-18 12:00:23+00:00,https://beaconcha.in/charts/staked_ether,https://www.beaconcha.in/ethstore,extraido_html_sem_imputacao; consistencia_interna_verificada,0,3.213,,,,ausente_nao_estimado,Yahoo Finance via yfinance,66.12811269154396,Yahoo Finance via yfinance,66.87018438137461,-0.0001608203265461,0,staking_apr_rede,indisponivel_sem_dados_comparaveis
2024-11-18,34383063,3.332,3207.8564453125,3205.973876953125,0.9994131382150452,-0.0586861784954817,0.0420829005896754,0.0416566997934621,72.01433748968694,72.02776351773412,,,1731888000000,2024-11-18T12:00:23+00:00,1731931223000,3136.363672,34358007,2024-11-19 12:00:23+00:00,https://beaconcha.in/charts/staked_ether,https://www.beaconcha.in/ethstore,extraido_html_sem_imputacao; consistencia_interna_verificada,0,3.332,,,,ausente_nao_estimado,Yahoo Finance via yfinance,58.68522563197154,Yahoo Finance via yfinance,58.92540940887244,-0.0005868617849548,0,staking_apr_rede,indisponivel_sem_dados_comparaveis
2024-11-19,34364214,3.29,3111.384033203125,3110.5634765625,0.9997362727866864,-0.026372721331358,-0.0305352860860552,-0.0302120140257708,72.29701118992328,72.34659004465402,,,1731974400000,2024-11-19T12:00:23+00:00,1732017623000,3093.770379,34322615,2024-11-20 12:00:23+00:00,https://beaconcha.in/charts/staked_ether,https://www.beaconcha.in/ethstore,extraido_html_sem_imputacao; consistencia_interna_verificada,0,3.29,,,,ausente_nao_estimado,Yahoo Finance via yfinance,56.22120765960441,Yahoo Finance via yfinance,56.80196148611846,-0.0002637272133135,0,staking_apr_rede,indisponivel_sem_dados_comparaveis
2024-11-20,34315990,3.222,3072.18798828125,3069.798828125,0.9992223261840216,-0.0777673815978485,-0.0126776464344102,-0.0131918608000846,71.52691882433557,71.65941983212478,,,1732060800000,2024-11-20T12:00:23+00:00,1732104023000,3024.420889,34257334,2024-11-21 12:00:23+00:00,https://beaconcha.in/charts/staked_ether,https://www.beaconcha.in/ethstore,extraido_html_sem_imputacao; consistencia_interna_verificada,0,3.222,,,,ausente_nao_estimado,Yahoo Finance via yfinance,55.83575095033718,Yahoo Finance via yfinance,56.09393605151634,-0.0007776738159784,0,staking_apr_rede,indisponivel_sem_dados_comparaveis
2024-11-21,34283094,3.258,3361.053955078125,3360.171630859375,0.9997374858510032,-0.0262514148996917,0.0898645943802071,0.0903800221294645,76.93867103061945,77.09872038482725,,,1732147200000,2024-11-21T12:00:23+00:00,1732190423000,3056.410472,34242079,2024-11-22 12:00:23+00:00,https://beaconcha.in/charts/staked_ether,https://www.beaconcha.in/ethstore,extraido_html_sem_imputacao; consistencia_interna_verificada,0,3.258,,,,ausente_nao_estimado,Yahoo Finance via yfinance,79.2175690357077,Yahoo Finance via yfinance,79.3013175343662,-0.0002625141489969,0,staking_apr_rede,indisponivel_sem_dados_comparaveis
2024-11-22,34224285,3.182,3331.600830078125,3327.943115234375,0.9989021149200326,-0.1097885079967442,-0.0088016836633051,-0.0096376232487055,74.93940350554716,75.18022586564973,,,1732233600000,2024-11-22T12:00:23+00:00,1732276823000,2976.919311,34147581,2024-11-23 12:00:23+00:00,https://beaconcha.in/charts/staked_ether,https://www.beaconcha.in/ethstore,extraido_html_sem_imputacao; consistencia_interna_verificada,0,3.182,,,,ausente_nao_estimado,Yahoo Finance via yfinance,80.80773312003396,Yahoo Finance via yfinance,81.06123958959907,-0.0010978850799674,0,staking_apr_rede,indisponivel_sem_dados_comparaveis
2024-11-23,34200926,3.193,3396.223388671875,3396.6806640625,1.0001346423183322,0.0134642318332156,0.0192111279923958,0.0204442494445326,75.01669764787559,75.27846820463037,,,1732320000000,2024-11-23T12:00:23+00:00,1732363223000,2988.468816,34164478,2024-11-24 12:00:23+00:00,https://beaconcha.in/charts/staked_ether,https://www.beaconcha.in/ethstore,extraido_html_sem_imputacao; consistencia_interna_verificada,0,3.193,,,,ausente_nao_estimado,Yahoo Finance via yfinance,81.06669443197895,Yahoo Finance via yfinance,81.39741766050659,0.0001346423183321,0,staking_apr_rede,indisponivel_sem_dados_comparaveis
2024-11-24,34242909,3.134,3363.659912109375,3360.260009765625,0.9989892252984583,-0.101077470154165,-0.0096344055056808,-0.0107803246393256,73.23681097978692,73.34143219744642,,,1732406400000,2024-11-24T12:00:23+00:00,1732449623000,2936.827469,34205182,2024-11-25 12:00:23+00:00,https://beaconcha.in/charts/staked_ether,https://www.beaconcha.in/ethstore,extraido_html_sem_imputacao; consistencia_interna_verificada,0,3.134,,,,ausente_nao_estimado,Yahoo Finance via yfinance,79.2896059035727,Yahoo Finance via yfinance,79.90191428816155,-0.0010107747015416,0,staking_apr_rede,indisponivel_sem_dados_comparaveis
2024-11-25,34275639,3.228,3413.5439453125,3418.664794921875,1.0015001563452572,0.1500156345257242,0.0147213910492589,0.0172317091628493,73.20780159810269,73.28862686594384,,,1732492800000,2024-11-25T12:00:23+00:00,1732536023000,3024.87889,34208439,2024-11-26 12:00:23+00:00,https://beaconcha.in/charts/staked_ether,https://www.beaconcha.in/ethstore,extraido_html_sem_imputacao; consistencia_interna_verificada,0,3.228,,,,ausente_nao_estimado,Yahoo Finance via yfinance,75.51130623497623,Yahoo Finance via yfinance,76.37970303233134,0.0015001563452572,0,staking_apr_rede,indisponivel_sem_dados_comparaveis
2024-11-26,34262423,3.218,3326.517333984375,3325.904052734375,0.9998156386429332,-0.0184361357066897,-0.0258251207041483,-0.0275085312926735,74.30560673300067,74.48972942565987,,,1732579200000,2024-11-26T12:00:23+00:00,1732622423000,3016.107923,34210391,2024-11-27 12:00:23+00:00,https://beaconcha.in/charts/staked_ether,https://www.beaconcha.in/ethstore,extraido_html_sem_imputacao; consistencia_interna_verificada,0,3.218,,,,ausente_nao_estimado,Yahoo Finance via yfinance,74.07872924356619,Yahoo Finance via yfinance,75.55205174157335,-0.0001843613570668,0,staking_apr_rede,indisponivel_sem_dados_comparaveis
2024-11-27,34264439,3.18,3657.249267578125,3660.118896484375,1.0007846413236554,0.078464132365541,0.0947853875464588,0.0957540995537516,79.95029544537367,80.26352071188634,,,1732665600000,2024-11-27T12:00:23+00:00,1732708823000,2980.497813,34208567,2024-11-28 12:00:23+00:00,https://beaconcha.in/charts/staked_ether,https://www.beaconcha.in/ethstore,extraido_html_sem_imputacao; consistencia_interna_verificada,0,3.18,,,,ausente_nao_estimado,Yahoo Finance via yfinance,92.7519711801534,Yahoo Finance via yfinance,94.23879270639736,0.0007846413236554,0,staking_apr_rede,indisponivel_sem_dados_comparaveis
2024-11-28,34258583,3.07,3579.8115234375,3580.141357421875,1.0000921372486276,0.0092137248627555,-0.0214011466680937,-0.0220933473174236,80.54920708411122,80.92561762736753,,,1732752000000,2024-11-28T12:00:23+00:00,1732795223000,2877.88729,34221047,2024-11-29 12:00:23+00:00,https://beaconcha.in/charts/staked_ether,https://www.beaconcha.in/ethstore,extraido_html_sem_imputacao; consistencia_interna_verificada,0,3.07,,,,ausente_nao_estimado,Yahoo Finance via yfinance,79.14661629570827,Yahoo Finance via yfinance,80.91759837975253,9.213724862755512e-05,0,staking_apr_rede,indisponivel_sem_dados_comparaveis
2024-11-29,34298967,3.089,3593.494384765625,3592.688720703125,0.9997757992705052,-0.0224200729494805,0.0038149433742307,0.0034985845037432,80.57418315670091,80.95654796590247,,,1732838400000,2024-11-29T12:00:23+00:00,1732881623000,2898.78642,34254903,2024-11-30 12:00:23+00:00,https://beaconcha.in/charts/staked_ether,https://www.beaconcha.in/ethstore,extraido_html_sem_imputacao; consistencia_interna_verificada,0,3.089,,,,ausente_nao_estimado,Yahoo Finance via yfinance,77.934624837231,Yahoo Finance via yfinance,79.61673873667417,-0.0002242007294948,0,staking_apr_rede,indisponivel_sem_dados_comparaveis
2024-11-30,34326134,3.063,3705.705322265625,3708.5712890625,1.0007733930649194,0.0773393064919414,0.0307485156955573,0.0317458357124046,77.37437273420488,77.81515051357647,,,1732924800000,2024-11-30T12:00:23+00:00,1732968023000,2877.89851,34290711,2024-12-01 12:00:23+00:00,https://beaconcha.in/charts/staked_ether,https://www.beaconcha.in/ethstore,extraido_html_sem_imputacao; consistencia_interna_verificada,0,3.063,,,,ausente_nao_estimado,Yahoo Finance via yfinance,79.12734901255143,Yahoo Finance via yfinance,80.84662548180461,0.0007733930649194,0,staking_apr_rede,indisponivel_sem_dados_comparaveis
2024-12-01,34371062,3.163,3711.1650390625,3710.36279296875,0.9997838290441664,-0.0216170955833483,0.0014722430127681,0.0004829545380139,77.31027878471858,77.7802816331857,,,1733011200000,2024-12-01T12:00:23+00:00,1733054423000,2973.89428,34317206,2024-12-02 12:00:23+00:00,https://beaconcha.in/charts/staked_ether,https://www.beaconcha.in/ethstore,extraido_html_sem_imputacao; consistencia_interna_verificada,0,3.163,,,,ausente_nao_estimado,Yahoo Finance via yfinance,77.6332147751395,Yahoo Finance via yfinance,79.26297467663439,-0.0002161709558334,0,staking_apr_rede,indisponivel_sem_dados_comparaveis
2024-12-02,34386134,3.335,3644.198486328125,3637.074951171875,0.998045239527162,-0.1954760472837935,-0.0182094067558613,-0.0199498859422368,77.72945534058277,78.25750049081907,,,1733097600000,2024-12-02T12:00:23+00:00,1733140823000,3135.355805,34313720,2024-12-03 12:00:23+00:00,https://beaconcha.in/charts/staked_ether,https://www.beaconcha.in/ethstore,extraido_html_sem_imputacao; consistencia_interna_verificada,0,3.335,,,,ausente_nao_estimado,Yahoo Finance via yfinance,81.0264123417346,Yahoo Finance via yfinance,82.85207345137597,-0.0019547604728379,0,staking_apr_rede,indisponivel_sem_dados_comparaveis
2024-12-03,34343893,3.388,3620.711669921875,3623.75830078125,1.0008414453116177,0.0841445311617672,-0.0064658468521986,-0.0036680818467051,77.44767406681137,77.90566341163905,,,1733184000000,2024-12-03T12:00:23+00:00,1733227223000,3182.929909,34292118,2024-12-04 12:00:23+00:00,https://beaconcha.in/charts/staked_ether,https://www.beaconcha.in/ethstore,extraido_html_sem_imputacao; consistencia_interna_verificada,0,3.388,,,,ausente_nao_estimado,Yahoo Finance via yfinance,77.02214889107309,Yahoo Finance via yfinance,78.14282922166781,0.0008414453116176,0,staking_apr_rede,indisponivel_sem_dados_comparaveis
2024-12-04,34350485,3.275,3841.3310546875,3837.695068359375,0.99905345665959,-0.094654334041011,0.0591483349459117,0.0573602518554939,77.85555735347157,78.17280290618723,,,1733270400000,2024-12-04T12:00:23+00:00,1733313623000,3078.051081,34301110,2024-12-05 12:00:23+00:00,https://beaconcha.in/charts/staked_ether,https://www.beaconcha.in/ethstore,extraido_html_sem_imputacao; consistencia_interna_verificada,0,3.275,,,,ausente_nao_estimado,Yahoo Finance via yfinance,54.86159857257196,Yahoo Finance via yfinance,54.53788745732845,-0.0009465433404101,0,staking_apr_rede,indisponivel_sem_dados_comparaveis
2024-12-05,34361589,3.264,3811.00830078125,3810.383544921875,0.9998360654687508,-0.0163934531249076,-0.0079251353622021,-0.0071420917367431,78.27613420211912,78.57044951787157,,,1733356800000,2024-12-05T12:00:23+00:00,1733400023000,3067.527,34299637,2024-12-06 12:00:23+00:00,https://beaconcha.in/charts/staked_ether,https://www.beaconcha.in/ethstore,extraido_html_sem_imputacao; consistencia_interna_verificada,0,3.264,,,,ausente_nao_estimado,Yahoo Finance via yfinance,51.36707023201882,Yahoo Finance via yfinance,50.65503507527529,-0.000163934531249,0,staking_apr_rede,indisponivel_sem_dados_comparaveis
2024-12-06,34338260,3.154,4005.810546875,4006.650146484375,1.0002095954363168,0.0209595436316822,0.0498521437821613,0.0502256652264064,70.3238809024353,70.95479264583372,,,1733443200000,2024-12-06T12:00:23+00:00,1733486423000,2959.303993,34251925,2024-12-07 12:00:23+00:00,https://beaconcha.in/charts/staked_ether,https://www.beaconcha.in/ethstore,extraido_html_sem_imputacao; consistencia_interna_verificada,0,3.154,,,,ausente_nao_estimado,Yahoo Finance via yfinance,58.79294643539451,Yahoo Finance via yfinance,58.28489431768736,0.0002095954363168,0,staking_apr_rede,indisponivel_sem_dados_comparaveis
2024-12-07,34292564,3.054,4002.692626953125,4002.0009765625,0.999827203721323,-0.0172796278676945,-0.000778652392771,-0.001161037076707,68.26971393163119,68.85201979635266,,,1733529600000,2024-12-07T12:00:23+00:00,1733572823000,2865.509537,34244789,2024-12-08 12:00:23+00:00,https://beaconcha.in/charts/staked_ether,https://www.beaconcha.in/ethstore,extraido_html_sem_imputacao; consistencia_interna_verificada,0,3.054,,,,ausente_nao_estimado,Yahoo Finance via yfinance,58.22928581843484,Yahoo Finance via yfinance,57.57175510721972,-0.0001727962786769,0,staking_apr_rede,indisponivel_sem_dados_comparaveis
2024-12-08,34317460,3.135,4005.70458984375,4005.913330078125,1.0000521107409928,0.0052110740992761,0.0007522012085822,0.0009771218015315,68.21530903972915,68.80879571632848,,,1733616000000,2024-12-08T12:00:23+00:00,1733659223000,2943.874865,34274773,2024-12-09 12:00:23+00:00,https://beaconcha.in/charts/staked_ether,https://www.beaconcha.in/ethstore,extraido_html_sem_imputacao; consistencia_interna_verificada,0,3.135,,,,ausente_nao_estimado,Yahoo Finance via yfinance,58.303332586709,Yahoo Finance via yfinance,57.51855598793818,5.211074099276125e-05,0,staking_apr_rede,indisponivel_sem_dados_comparaveis
2024-12-09,34271124,3.464,3718.6904296875,3719.809814453125,1.0003010158513568,0.0301015851356778,-0.074347921322448,-0.0740990601505481,72.25110282738711,72.71077766613406,,,1733702400000,2024-12-09T12:00:23+00:00,1733745623000,3246.813623,34215444,2024-12-10 12:00:23+00:00,https://beaconcha.in/charts/staked_ether,https://www.beaconcha.in/ethstore,extraido_html_sem_imputacao; consistencia_interna_verificada,0,3.464,,,,ausente_nao_estimado,Yahoo Finance via yfinance,83.85417684570939,Yahoo Finance via yfinance,82.90317902969804,0.0003010158513567,0,staking_apr_rede,indisponivel_sem_dados_comparaveis
2024-12-10,34184436,3.218,3631.833740234375,3630.8173828125,0.9997201530976996,-0.027984690230054,-0.0236338879518462,-0.0242147445737731,72.79309955932942,73.29521325326246,,,1733788800000,2024-12-10T12:00:23+00:00,1733832023000,3008.263275,34118324,2024-12-11 12:00:23+00:00,https://beaconcha.in/charts/staked_ether,https://www.beaconcha.in/ethstore,extraido_html_sem_imputacao; consistencia_interna_verificada,0,3.218,,,,ausente_nao_estimado,Yahoo Finance via yfinance,85.91069709950955,Yahoo Finance via yfinance,85.23549021160233,-0.0002798469023005,0,staking_apr_rede,indisponivel_sem_dados_comparaveis
2024-12-11,34094963,3.186,3832.822021484375,3828.718017578125,0.9989292474622496,-0.1070752537750352,0.0538636687806133,0.0530722286445772,72.61454685204576,72.99731131109334,,,1733875200000,2024-12-11T12:00:23+00:00,1733918423000,2972.713362,34054519,2024-12-12 12:00:23+00:00,https://beaconcha.in/charts/staked_ether,https://www.beaconcha.in/ethstore,extraido_html_sem_imputacao; consistencia_interna_verificada,0,3.186,,,,ausente_nao_estimado,Yahoo Finance via yfinance,83.77184890859962,Yahoo Finance via yfinance,83.52767760718496,-0.0010707525377503,0,staking_apr_rede,indisponivel_sem_dados_comparaveis
2024-12-12,34078388,3.243,3883.1015625,3881.640625,0.9996237704637684,-0.0376229536231731,0.0130328539813726,0.0137278798558399,70.9769952087256,71.47287848428084,,,1733961600000,2024-12-12T12:00:23+00:00,1734004823000,3024.280607,34042100,2024-12-13 12:00:23+00:00,https://beaconcha.in/charts/staked_ether,https://www.beaconcha.in/ethstore,extraido_html_sem_imputacao; consistencia_interna_verificada,0,3.243,,,,ausente_nao_estimado,Yahoo Finance via yfinance,83.98064903028072,Yahoo Finance via yfinance,83.8518254815715,-0.0003762295362317,0,staking_apr_rede,indisponivel_sem_dados_comparaveis
2024-12-13,34063412,3.107,3911.205322265625,3904.510986328125,0.9982884212446248,-0.1711578755375087,0.0072113869709225,0.0058746421194437,70.50549820904254,70.8850455225025,,,1734048000000,2024-12-13T12:00:23+00:00,1734091223000,2896.696479,34034548,2024-12-14 12:00:23+00:00,https://beaconcha.in/charts/staked_ether,https://www.beaconcha.in/ethstore,extraido_html_sem_imputacao; consistencia_interna_verificada,0,3.107,,,,ausente_nao_estimado,Yahoo Finance via yfinance,74.52121889752428,Yahoo Finance via yfinance,74.09057902107715,-0.001711578755375,0,staking_apr_rede,indisponivel_sem_dados_comparaveis
2024-12-14,34079574,3.051,3868.4052734375,3861.752685546875,0.9982802763877132,-0.1719723612286783,-0.0110032449883067,-0.0110114038429669,68.54027908621786,68.87207212382792,,,1734134400000,2024-12-14T12:00:23+00:00,1734177623000,2845.991765,34048918,2024-12-15 12:00:23+00:00,https://beaconcha.in/charts/staked_ether,https://www.beaconcha.in/ethstore,extraido_html_sem_imputacao; consistencia_interna_verificada,0,3.051,,,,ausente_nao_estimado,Yahoo Finance via yfinance,74.66683139980486,Yahoo Finance via yfinance,74.22743001183353,-0.0017197236122867,0,staking_apr_rede,indisponivel_sem_dados_comparaveis
2024-12-15,34075285,3.121,3951.941162109375,3955.45703125,1.0008896562464884,0.0889656246488401,0.0213645435758818,0.0239750083472721,68.66831734150468,69.06794176777613,,,1734220800000,2024-12-15T12:00:23+00:00,1734264023000,2910.435594,34035606,2024-12-16 12:00:23+00:00,https://beaconcha.in/charts/staked_ether,https://www.beaconcha.in/ethstore,extraido_html_sem_imputacao; consistencia_interna_verificada,0,3.121,,,,ausente_nao_estimado,Yahoo Finance via yfinance,77.0570897860756,Yahoo Finance via yfinance,77.1714474821148,0.0008896562464884,0,staking_apr_rede,indisponivel_sem_dados_comparaveis
2024-12-16,34005077,3.168,3987.48095703125,3982.91943359375,0.9988560388158202,-0.1143961184179809,0.008952800788842,0.0069189240446934,68.66657919563063,69.0590721520914,,,1734307200000,2024-12-16T12:00:23+00:00,1734350423000,2946.701477,33952629,2024-12-17 12:00:23+00:00,https://beaconcha.in/charts/staked_ether,https://www.beaconcha.in/ethstore,extraido_html_sem_imputacao; consistencia_interna_verificada,0,3.168,,,,ausente_nao_estimado,Yahoo Finance via yfinance,47.080056505546914,Yahoo Finance via yfinance,47.46001058110569,-0.0011439611841798,0,staking_apr_rede,indisponivel_sem_dados_comparaveis
2024-12-17,33951861,3.153,3886.76611328125,3878.924560546875,0.9979824994594916,-0.2017500540508532,-0.0255822138989844,-0.0264571363279225,69.05158978130008,69.51102081131609,,,1734393600000,2024-12-17T12:00:23+00:00,1734436823000,2925.969135,33876533,2024-12-18 12:00:23+00:00,https://beaconcha.in/charts/staked_ether,https://www.beaconcha.in/ethstore,extraido_html_sem_imputacao; consistencia_interna_verificada,0,3.153,,,,ausente_nao_estimado,Yahoo Finance via yfinance,47.9392031075064,Yahoo Finance via yfinance,48.45384057635284,-0.0020175005405085,0,staking_apr_rede,indisponivel_sem_dados_comparaveis
2024-12-18,33893653,3.203,3618.791259765625,3620.027099609375,1.0003415062530658,0.0341506253065837,-0.0714374145979119,-0.0690764282086781,73.18754588167225,73.33645325991127,,,1734480000000,2024-12-18T12:00:23+00:00,1734523223000,2971.225855,33856213,2024-12-19 12:00:23+00:00,https://beaconcha.in/charts/staked_ether,https://www.beaconcha.in/ethstore,extraido_html_sem_imputacao; consistencia_interna_verificada,0,3.203,,,,ausente_nao_estimado,Yahoo Finance via yfinance,61.24326229770446,Yahoo Finance via yfinance,60.36307954625679,0.0003415062530658,0,staking_apr_rede,indisponivel_sem_dados_comparaveis
2024-12-19,33896565,3.323,3417.927978515625,3419.622314453125,1.0004957201989482,0.0495720198948168,-0.0571055507010413,-0.0569514012838385,75.32208003199531,75.47075310206203,,,1734566400000,2024-12-19T12:00:23+00:00,1734609623000,3078.544454,33810293,2024-12-20 12:00:23+00:00,https://beaconcha.in/charts/staked_ether,https://www.beaconcha.in/ethstore,extraido_html_sem_imputacao; consistencia_interna_verificada,0,3.323,,,,ausente_nao_estimado,Yahoo Finance via yfinance,67.10586198050459,Yahoo Finance via yfinance,66.17767913800597,0.0004957201989481,0,staking_apr_rede,indisponivel_sem_dados_comparaveis
2024-12-20,33838965,3.118,3472.553466796875,3466.17138671875,0.9981621362668284,-0.1837863733171518,0.015855679498072,0.0135205274509349,75.22576611917832,75.31742264491619,,,1734652800000,2024-12-20T12:00:23+00:00,1734696023000,2883.630686,33752661,2024-12-21 12:00:23+00:00,https://beaconcha.in/charts/staked_ether,https://www.beaconcha.in/ethstore,extraido_html_sem_imputacao; consistencia_interna_verificada,0,3.118,,,,ausente_nao_estimado,Yahoo Finance via yfinance,69.35212380478897,Yahoo Finance via yfinance,68.06635439153672,-0.0018378637331715,0,staking_apr_rede,indisponivel_sem_dados_comparaveis
2024-12-21,33782356,3.068,3337.222412109375,3333.267822265625,0.9988150056078372,-0.1184994392162908,-0.039751344867883,-0.039097487244199,70.02947142668002,69.98998565059361,,,1734739200000,2024-12-21T12:00:23+00:00,1734782423000,2836.796238,33751988,2024-12-22 12:00:23+00:00,https://beaconcha.in/charts/staked_ether,https://www.beaconcha.in/ethstore,extraido_html_sem_imputacao; consistencia_interna_verificada,0,3.068,,,,ausente_nao_estimado,Yahoo Finance via yfinance,70.93044926748378,Yahoo Finance via yfinance,69.56513151406786,-0.0011849943921629,0,staking_apr_rede,indisponivel_sem_dados_comparaveis
2024-12-22,33824692,3.061,3277.53515625,3271.845703125,0.9982641061487468,-0.1735893851253056,-0.0180471847228551,-0.0185988899305462,70.245705389419,70.21042813293019,,,1734825600000,2024-12-22T12:00:23+00:00,1734868823000,2832.578226,33777716,2024-12-23 12:00:23+00:00,https://beaconcha.in/charts/staked_ether,https://www.beaconcha.in/ethstore,extraido_html_sem_imputacao; consistencia_interna_verificada,0,3.061,,,,ausente_nao_estimado,Yahoo Finance via yfinance,61.68319762260106,Yahoo Finance via yfinance,58.76688259358542,-0.001735893851253,0,staking_apr_rede,indisponivel_sem_dados_comparaveis
2024-12-23,33851412,3.087,3415.785400390625,3409.89794921875,0.9982763989882966,-0.1723601011703435,0.0413157889104339,0.0413281030503355,71.44115102881554,71.36540575155938,,,1734912000000,2024-12-23T12:00:23+00:00,1734955223000,2858.544761,33798260,2024-12-24 12:00:23+00:00,https://beaconcha.in/charts/staked_ether,https://www.beaconcha.in/ethstore,extraido_html_sem_imputacao; consistencia_interna_verificada,0,3.087,,,,ausente_nao_estimado,Yahoo Finance via yfinance,75.86817806462022,Yahoo Finance via yfinance,74.13062363323391,-0.0017236010117034,0,staking_apr_rede,indisponivel_sem_dados_comparaveis
2024-12-24,33875604,3.001,3492.0498046875,3490.38916015625,0.9995244499293736,-0.0475550070626384,0.0220814483331407,0.0233308732736798,71.74800256581592,71.70014806919521,,,1734998400000,2024-12-24T12:00:23+00:00,1735041623000,2782.346748,33838804,2024-12-25 12:00:23+00:00,https://beaconcha.in/charts/staked_ether,https://www.beaconcha.in/ethstore,extraido_html_sem_imputacao; consistencia_interna_verificada,0,3.001,,,,ausente_nao_estimado,Yahoo Finance via yfinance,82.09184611043224,Yahoo Finance via yfinance,80.80489075470459,-0.0004755500706263,0,staking_apr_rede,indisponivel_sem_dados_comparaveis
2024-12-25,33890452,3.004,3493.2353515625,3492.960693359375,0.9999213742632592,-0.0078625736740667,0.0003394412282003,0.0007364755807165,71.5832821768442,71.46834486263268,,,1735084800000,2024-12-25T12:00:23+00:00,1735128023000,2784.271412,33829812,2024-12-26 12:00:23+00:00,https://beaconcha.in/charts/staked_ether,https://www.beaconcha.in/ethstore,extraido_html_sem_imputacao; consistencia_interna_verificada,0,3.004,,,,ausente_nao_estimado,Yahoo Finance via yfinance,67.2524258843653,Yahoo Finance via yfinance,66.96417390877066,-7.862573674066731e-05,0,staking_apr_rede,indisponivel_sem_dados_comparaveis
2024-12-26,33908564,3.061,3331.225830078125,3326.8505859375,0.9986865963570768,-0.1313403642923316,-0.0474879882201469,-0.0487236263056936,72.98138695007033,72.8918136539772,,,1735171200000,2024-12-26T12:00:23+00:00,1735214423000,2840.41026,33874484,2024-12-27 12:00:23+00:00,https://beaconcha.in/charts/staked_ether,https://www.beaconcha.in/ethstore,extraido_html_sem_imputacao; consistencia_interna_verificada,0,3.061,,,,ausente_nao_estimado,Yahoo Finance via yfinance,62.94389967376895,Yahoo Finance via yfinance,63.24941487252572,-0.0013134036429233,0,staking_apr_rede,indisponivel_sem_dados_comparaveis
2024-12-27,33950036,3.03,3328.9169921875,3326.5234375,0.9992809809637436,-0.0719019036256374,-0.0006933298713642,-9.8340612330276e-05,64.48605800983977,64.19416166636799,,,1735257600000,2024-12-27T12:00:23+00:00,1735300823000,2815.440885,33917333,2024-12-28 12:00:23+00:00,https://beaconcha.in/charts/staked_ether,https://www.beaconcha.in/ethstore,extraido_html_sem_imputacao; consistencia_interna_verificada,0,3.03,,,,ausente_nao_estimado,Yahoo Finance via yfinance,60.922768639203376,Yahoo Finance via yfinance,61.70952265809703,-0.0007190190362563,0,staking_apr_rede,indisponivel_sem_dados_comparaveis
2024-12-28,33992149,3.004,3397.90234375,3397.0390625,0.999745937003873,-0.0254062996126958,0.0205112599817228,0.020976442360544,64.64880449960182,64.35519102194506,,,1735344000000,2024-12-28T12:00:23+00:00,1735387223000,2795.217918,33966133,2024-12-29 12:00:23+00:00,https://beaconcha.in/charts/staked_ether,https://www.beaconcha.in/ethstore,extraido_html_sem_imputacao; consistencia_interna_verificada,0,3.004,,,,ausente_nao_estimado,Yahoo Finance via yfinance,55.97418426936135,Yahoo Finance via yfinance,57.11028726513715,-0.0002540629961269,0,staking_apr_rede,indisponivel_sem_dados_comparaveis
2024-12-29,33996085,3.027,3349.513427734375,3353.07275390625,1.0010626397680342,0.1062639768034223,-0.0143431936693903,-0.0130270228277367,64.76264489899326,64.4436495091382,,,1735430400000,2024-12-29T12:00:23+00:00,1735473623000,2818.272173,33985653,2024-12-30 12:00:23+00:00,https://beaconcha.in/charts/staked_ether,https://www.beaconcha.in/ethstore,extraido_html_sem_imputacao; consistencia_interna_verificada,0,3.027,,,,ausente_nao_estimado,Yahoo Finance via yfinance,55.202647705697714,Yahoo Finance via yfinance,55.97621093399249,0.0010626397680342,0,staking_apr_rede,indisponivel_sem_dados_comparaveis
2024-12-30,33980629,3.206,3356.392578125,3355.43212890625,0.9997138447912768,-0.0286155208723104,0.0020516699153482,0.0007033981903549,63.68159967290009,63.27859969775013,,,1735516800000,2024-12-30T12:00:23+00:00,1735560023000,2981.294626,33944503,2024-12-31 12:00:23+00:00,https://beaconcha.in/charts/staked_ether,https://www.beaconcha.in/ethstore,extraido_html_sem_imputacao; consistencia_interna_verificada,0,3.206,,,,ausente_nao_estimado,Yahoo Finance via yfinance,45.00826467355276,Yahoo Finance via yfinance,46.090422239572064,-0.0002861552087231,0,staking_apr_rede,indisponivel_sem_dados_comparaveis
2024-12-31,33946004,3.123,3332.53173828125,3333.155029296875,1.000187032281933,0.0187032281933063,-0.0071344628600393,-0.0066612519075259,63.67117878917674,63.27340633031528,,,1735603200000,2024-12-31T12:00:23+00:00,1735646423000,2902.559361,33918228,2025-01-01 12:00:23+00:00,https://beaconcha.in/charts/staked_ether,https://www.beaconcha.in/ethstore,extraido_html_sem_imputacao; consistencia_interna_verificada,0,3.123,,,,ausente_nao_estimado,Yahoo Finance via yfinance,39.96048018963759,Yahoo Finance via yfinance,40.7194758088952,0.000187032281933,0,staking_apr_rede,indisponivel_sem_dados_comparaveis
2025-01-01,33994356,3.328,3353.504150390625,3351.809814453125,0.9994947565705852,-0.0505243429414714,0.0062735172957014,0.0055811313942412,63.53606323608406,63.06809100917714,,,1735689600000,2025-01-01T12:00:23+00:00,1735732823000,3096.392139,33962292,2025-01-02 12:00:23+00:00,https://beaconcha.in/charts/staked_ether,https://www.beaconcha.in/ethstore,extraido_html_sem_imputacao; consistencia_interna_verificada,0,3.328,,,,ausente_nao_estimado,Yahoo Finance via yfinance,40.81515138437996,Yahoo Finance via yfinance,41.394061119419455,-0.0005052434294147,0,staking_apr_rede,indisponivel_sem_dados_comparaveis
2025-01-02,34024020,3.103,3451.392578125,3445.5224609375,0.998299203276757,-0.170079672324297,0.0287719812471198,0.0275751076349487,64.46030945669392,63.94460005309669,,,1735776000000,2025-01-02T12:00:23+00:00,1735819223000,2889.419808,33988596,2025-01-03 12:00:23+00:00,https://beaconcha.in/charts/staked_ether,https://www.beaconcha.in/ethstore,extraido_html_sem_imputacao; consistencia_interna_verificada,0,3.103,,,,ausente_nao_estimado,Yahoo Finance via yfinance,28.86697355980376,Yahoo Finance via yfinance,27.80229596724075,-0.0017007967232429,0,staking_apr_rede,indisponivel_sem_dados_comparaveis
2025-01-03,34027924,3.118,3605.009765625,3602.4833984375,0.9992992065620488,-0.0700793437951152,0.04354668421094,0.0445478898225394,62.818651091449,62.59764287451942,,,1735862400000,2025-01-03T12:00:23+00:00,1735905623000,2904.722058,34004404,2025-01-04 12:00:23+00:00,https://beaconcha.in/charts/staked_ether,https://www.beaconcha.in/ethstore,extraido_html_sem_imputacao; consistencia_interna_verificada,0,3.118,,,,ausente_nao_estimado,Yahoo Finance via yfinance,39.29404557730163,Yahoo Finance via yfinance,39.17908005685749,-0.0007007934379511,0,staking_apr_rede,indisponivel_sem_dados_comparaveis
2025-01-04,34041747,3.122,3657.706787109375,3656.95361328125,0.999794085783262,-0.020591421673799,0.0145119104984091,0.0150070141868834,63.04463118888856,62.84971486696347,,,1735948800000,2025-01-04T12:00:23+00:00,1735992023000,2909.343633,34016532,2025-01-05 12:00:23+00:00,https://beaconcha.in/charts/staked_ether,https://www.beaconcha.in/ethstore,extraido_html_sem_imputacao; consistencia_interna_verificada,0,3.122,,,,ausente_nao_estimado,Yahoo Finance via yfinance,38.68018365640116,Yahoo Finance via yfinance,38.52169375655955,-0.0002059142167379,0,staking_apr_rede,indisponivel_sem_dados_comparaveis
2025-01-05,34051827,3.148,3634.103759765625,3634.293212890625,1.0000521320076483,0.005213200764853,-0.0064738680818537,-0.0062158020130499,60.285890192148806,60.0384740416532,,,1736035200000,2025-01-05T12:00:23+00:00,1736078423000,2935.504624,34031635,2025-01-06 12:00:23+00:00,https://beaconcha.in/charts/staked_ether,https://www.beaconcha.in/ethstore,extraido_html_sem_imputacao; consistencia_interna_verificada,0,3.148,,,,ausente_nao_estimado,Yahoo Finance via yfinance,35.92138359135296,Yahoo Finance via yfinance,36.233622847299685,5.213200764853099e-05,0,staking_apr_rede,indisponivel_sem_dados_comparaveis
2025-01-06,34015123,3.186,3688.611328125,3684.18798828125,0.9988008116198032,-0.1199188380196836,0.0148875313185878,0.013635492687833,60.613362365647205,60.32446810397201,,,1736121600000,2025-01-06T12:00:23+00:00,1736164823000,2963.957953,33956979,2025-01-07 12:00:23+00:00,https://beaconcha.in/charts/staked_ether,https://www.beaconcha.in/ethstore,extraido_html_sem_imputacao; consistencia_interna_verificada,0,3.186,,,,ausente_nao_estimado,Yahoo Finance via yfinance,35.019494168986505,Yahoo Finance via yfinance,35.07306855094798,-0.0011991883801968,0,staking_apr_rede,indisponivel_sem_dados_comparaveis
2025-01-07,33956435,3.148,3381.577392578125,3376.739501953125,0.9985693390795616,-0.1430660920438531,-0.0869077685531822,-0.0871395458641598,67.32157880599958,67.0885663304101,,,1736208000000,2025-01-07T12:00:23+00:00,1736251223000,2922.457528,33882356,2025-01-08 12:00:23+00:00,https://beaconcha.in/charts/staked_ether,https://www.beaconcha.in/ethstore,extraido_html_sem_imputacao; consistencia_interna_verificada,0,3.148,,,,ausente_nao_estimado,Yahoo Finance via yfinance,80.90570745502819,Yahoo Finance via yfinance,81.03682160292458,-0.0014306609204385,0,staking_apr_rede,indisponivel_sem_dados_comparaveis
2025-01-08,33881520,3.159,3326.329345703125,3323.943359375,0.9992826969069653,-0.0717303093034749,-0.0164728873996476,-0.0157587625847258,62.7601115301212,62.533397166136815,,,1736294400000,2025-01-08T12:00:23+00:00,1736337623000,2925.193898,33800340,2025-01-09 12:00:23+00:00,https://beaconcha.in/charts/staked_ether,https://www.beaconcha.in/ethstore,extraido_html_sem_imputacao; consistencia_interna_verificada,0,3.159,,,,ausente_nao_estimado,Yahoo Finance via yfinance,81.85146908168444,Yahoo Finance via yfinance,81.90055031855341,-0.0007173030930347,0,staking_apr_rede,indisponivel_sem_dados_comparaveis
2025-01-09,33855758,3.13,3219.4306640625,3216.9306640625,0.9992234651834851,-0.0776534816514851,-0.03266486590658,-0.0327241419044438,63.19835847332036,62.9529193418891,,,1736380800000,2025-01-09T12:00:23+00:00,1736424023000,2900.658903,33822639,2025-01-10 12:00:23+00:00,https://beaconcha.in/charts/staked_ether,https://www.beaconcha.in/ethstore,extraido_html_sem_imputacao; consistencia_interna_verificada,0,3.13,,,,ausente_nao_estimado,Yahoo Finance via yfinance,80.18885199556446,Yahoo Finance via yfinance,80.57973259090721,-0.0007765348165148,0,staking_apr_rede,indisponivel_sem_dados_comparaveis
2025-01-10,33890950,3.05,3267.489990234375,3267.850830078125,1.0001104333432782,0.0110433343278204,0.0148175715588577,0.0157048352806749,60.08841417736392,59.964955232418745,,,1736467200000,2025-01-10T12:00:23+00:00,1736510423000,2825.900534,33814120,2025-01-11 12:00:23+00:00,https://beaconcha.in/charts/staked_ether,https://www.beaconcha.in/ethstore,extraido_html_sem_imputacao; consistencia_interna_verificada,0,3.05,,,,ausente_nao_estimado,Yahoo Finance via yfinance,70.64766462058051,Yahoo Finance via yfinance,70.84803611575971,0.0001104333432782,0,staking_apr_rede,indisponivel_sem_dados_comparaveis
2025-01-11,33887846,2.973,3282.2177734375,3279.61083984375,0.9992057402117412,-0.0794259788258866,0.0044972412685267,0.003592238642878,59.83351844839939,59.66404783888045,,,1736553600000,2025-01-11T12:00:23+00:00,1736596823000,2757.425109,33854247,2025-01-12 12:00:23+00:00,https://beaconcha.in/charts/staked_ether,https://www.beaconcha.in/ethstore,extraido_html_sem_imputacao; consistencia_interna_verificada,0,2.973,,,,ausente_nao_estimado,Yahoo Finance via yfinance,68.52341465071525,Yahoo Finance via yfinance,68.45104923740884,-0.0007942597882588,0,staking_apr_rede,indisponivel_sem_dados_comparaveis
2025-01-12,33936390,3.048,3265.951171875,3264.9599609375,0.9996965016054018,-0.03034983945982,-0.0049683003473945,-0.0044772694272677,59.655746601295,59.52217592696608,,,1736640000000,2025-01-12T12:00:23+00:00,1736683223000,2830.016872,33886407,2025-01-13 12:00:23+00:00,https://beaconcha.in/charts/staked_ether,https://www.beaconcha.in/ethstore,extraido_html_sem_imputacao; consistencia_interna_verificada,0,3.048,,,,ausente_nao_estimado,Yahoo Finance via yfinance,68.65221230236882,Yahoo Finance via yfinance,68.60672573655982,-0.0003034983945982,0,staking_apr_rede,indisponivel_sem_dados_comparaveis
2025-01-13,33905317,3.141,3135.499755859375,3133.35546875,0.9993161258885866,-0.0683874111413351,-0.0407624708626445,-0.0411430344630684,60.86019915071626,60.75890980444609,,,1736726400000,2025-01-13T12:00:23+00:00,1736769623000,2916.352112,33884838,2025-01-14 12:00:23+00:00,https://beaconcha.in/charts/staked_ether,https://www.beaconcha.in/ethstore,extraido_html_sem_imputacao; consistencia_interna_verificada,0,3.141,,,,ausente_nao_estimado,Yahoo Finance via yfinance,65.4738010756775,Yahoo Finance via yfinance,65.89702271852255,-0.0006838741114133,0,staking_apr_rede,indisponivel_sem_dados_comparaveis
2025-01-14,33901253,3.113,3223.6845703125,3221.764892578125,0.9994045081978388,-0.059549180216134,0.0277364087279761,0.0278248476101313,61.27317387915028,61.01995093374708,,,1736812800000,2025-01-14T12:00:23+00:00,1736856023000,2885.626366,33833829,2025-01-15 12:00:23+00:00,https://beaconcha.in/charts/staked_ether,https://www.beaconcha.in/ethstore,extraido_html_sem_imputacao; consistencia_interna_verificada,0,3.113,,,,ausente_nao_estimado,Yahoo Finance via yfinance,47.48821814811118,Yahoo Finance via yfinance,47.76530671202211,-0.0005954918021613,0,staking_apr_rede,indisponivel_sem_dados_comparaveis
2025-01-15,33898981,3.14,3450.53759765625,3446.8603515625,0.9989342976305352,-0.1065702369464904,0.0680050624458268,0.0675344609896471,66.42800625464788,66.18451151478146,,,1736899200000,2025-01-15T12:00:23+00:00,1736942423000,2912.892926,33864101,2025-01-16 12:00:23+00:00,https://beaconcha.in/charts/staked_ether,https://www.beaconcha.in/ethstore,extraido_html_sem_imputacao; consistencia_interna_verificada,0,3.14,,,,ausente_nao_estimado,Yahoo Finance via yfinance,70.60676402888213,Yahoo Finance via yfinance,70.58493025969341,-0.0010657023694649,0,staking_apr_rede,indisponivel_sem_dados_comparaveis
2025-01-16,33921157,3.107,3308.34521484375,3300.98095703125,0.9977740358595414,-0.2225964140458614,-0.0420819150241248,-0.0432440896713933,67.32036601085805,67.12759457458905,,,1736985600000,2025-01-16T12:00:23+00:00,1737028823000,2884.337684,33879301,2025-01-17 12:00:23+00:00,https://beaconcha.in/charts/staked_ether,https://www.beaconcha.in/ethstore,extraido_html_sem_imputacao; consistencia_interna_verificada,0,3.107,,,,ausente_nao_estimado,Yahoo Finance via yfinance,73.93115541335938,Yahoo Finance via yfinance,74.33154658709897,-0.0022259641404586,0,staking_apr_rede,indisponivel_sem_dados_comparaveis
2025-01-17,33876997,3.228,3474.107177734375,3474.118408203125,1.0000032326201167,0.0003232620116699,0.0488893894473717,0.0511210673435369,65.51710025163574,65.85275430703014,,,1737072000000,2025-01-17T12:00:23+00:00,1737115223000,2992.03242,33833797,2025-01-18 12:00:23+00:00,https://beaconcha.in/charts/staked_ether,https://www.beaconcha.in/ethstore,extraido_html_sem_imputacao; consistencia_interna_verificada,0,3.228,,,,ausente_nao_estimado,Yahoo Finance via yfinance,80.7715781326125,Yahoo Finance via yfinance,81.83618909589262,3.232620116699892e-06,0,staking_apr_rede,indisponivel_sem_dados_comparaveis
2025-01-18,33871684,3.275,3305.78955078125,3303.01123046875,0.9991595592309124,-0.0840440769087513,-0.0496621781129338,-0.0505062048652602,64.76713864651542,65.20326410497768,,,1737158400000,2025-01-18T12:00:23+00:00,1737201623000,3036.026813,33839972,2025-01-19 12:00:23+00:00,https://beaconcha.in/charts/staked_ether,https://www.beaconcha.in/ethstore,extraido_html_sem_imputacao; consistencia_interna_verificada,0,3.275,,,,ausente_nao_estimado,Yahoo Finance via yfinance,91.29277785676314,Yahoo Finance via yfinance,92.53262251818208,-0.0008404407690875,0,staking_apr_rede,indisponivel_sem_dados_comparaveis
2025-01-19,33835236,3.58,3208.96435546875,3207.24853515625,0.9994653040288292,-0.0534695971170839,-0.029727086231321,-0.029421131065925,65.214171950721,65.70514787875197,,,1737244800000,2025-01-19T12:00:23+00:00,1737288023000,3312.413572,33774085,2025-01-20 12:00:23+00:00,https://beaconcha.in/charts/staked_ether,https://www.beaconcha.in/ethstore,extraido_html_sem_imputacao; consistencia_interna_verificada,0,3.58,,,,ausente_nao_estimado,Yahoo Finance via yfinance,93.99181470399834,Yahoo Finance via yfinance,95.14945734632438,-0.0005346959711708,0,staking_apr_rede,indisponivel_sem_dados_comparaveis
2025-01-20,33808004,3.399,3278.035400390625,3269.318115234375,0.9973406982867814,-0.2659301713218598,0.0212960252599855,0.0191680202947157,64.31086597657605,64.7667270054607,,,1737331200000,2025-01-20T12:00:23+00:00,1737374423000,3143.531605,33752868,2025-01-21 12:00:23+00:00,https://beaconcha.in/charts/staked_ether,https://www.beaconcha.in/ethstore,extraido_html_sem_imputacao; consistencia_interna_verificada,0,3.399,,,,ausente_nao_estimado,Yahoo Finance via yfinance,89.18932947498277,Yahoo Finance via yfinance,90.10000995303014,-0.0026593017132185,0,staking_apr_rede,indisponivel_sem_dados_comparaveis
2025-01-21,33765795,3.158,3327.40625,3316.991943359375,0.9968701427303548,-0.3129857269645097,0.0149488169348558,0.01447689535517,64.21375856754719,64.64020108117417,,,1737417600000,2025-01-21T12:00:23+00:00,1737460823000,2914.496894,33682021,2025-01-22 12:00:23+00:00,https://beaconcha.in/charts/staked_ether,https://www.beaconcha.in/ethstore,extraido_html_sem_imputacao; consistencia_interna_verificada,0,3.158,,,,ausente_nao_estimado,Yahoo Finance via yfinance,87.79111385755598,Yahoo Finance via yfinance,88.64301692957174,-0.003129857269645,0,staking_apr_rede,indisponivel_sem_dados_comparaveis
2025-01-22,33708193,3.133,3240.224609375,3236.255615234375,0.9987750867241916,-0.1224913275808536,-0.026550445302571,-0.0246413438808405,63.13921648397866,63.47544432414941,,,1737504000000,2025-01-22T12:00:23+00:00,1737547223000,2886.997348,33629985,2025-01-23 12:00:23+00:00,https://beaconcha.in/charts/staked_ether,https://www.beaconcha.in/ethstore,extraido_html_sem_imputacao; consistencia_interna_verificada,0,3.133,,,,ausente_nao_estimado,Yahoo Finance via yfinance,71.17737450208924,Yahoo Finance via yfinance,71.97717342665266,-0.0012249132758085,0,staking_apr_rede,indisponivel_sem_dados_comparaveis
2025-01-23,33683489,3.29,3334.714111328125,3333.453125,0.9996218607394736,-0.0378139260526544,0.0287443006707829,0.0295917539928414,63.49761260953605,63.82332410914779,,,1737590400000,2025-01-23T12:00:23+00:00,1737633623000,3030.422874,33624993,2025-01-24 12:00:23+00:00,https://beaconcha.in/charts/staked_ether,https://www.beaconcha.in/ethstore,extraido_html_sem_imputacao; consistencia_interna_verificada,0,3.29,,,,ausente_nao_estimado,Yahoo Finance via yfinance,69.49655225533978,Yahoo Finance via yfinance,70.09214767115367,-0.0003781392605265,0,staking_apr_rede,indisponivel_sem_dados_comparaveis
2025-01-24,33654561,3.065,3309.554931640625,3304.290771484375,0.9984094054140265,-0.1590594585973659,-0.0075732333452157,-0.0087868834965517,63.52816246377,63.867123795213246,,,1737676800000,2025-01-24T12:00:23+00:00,1737720023000,2820.474469,33590242,2025-01-25 12:00:23+00:00,https://beaconcha.in/charts/staked_ether,https://www.beaconcha.in/ethstore,extraido_html_sem_imputacao; consistencia_interna_verificada,0,3.065,,,,ausente_nao_estimado,Yahoo Finance via yfinance,56.67004727486814,Yahoo Finance via yfinance,56.2148855072327,-0.0015905945859736,0,staking_apr_rede,indisponivel_sem_dados_comparaveis
2025-01-25,33648802,3.002,3317.26953125,3311.79541015625,0.9983498111798932,-0.1650188820106923,0.0023282955924425,0.0022686046355603,61.35832056871059,61.59311081975195,,,1737763200000,2025-01-25T12:00:23+00:00,1737806423000,2764.074734,33606819,2025-01-26 12:00:23+00:00,https://beaconcha.in/charts/staked_ether,https://www.beaconcha.in/ethstore,extraido_html_sem_imputacao; consistencia_interna_verificada,0,3.002,,,,ausente_nao_estimado,Yahoo Finance via yfinance,43.79518330231272,Yahoo Finance via yfinance,42.76849536848906,-0.0016501888201069,0,staking_apr_rede,indisponivel_sem_dados_comparaveis
2025-01-26,33687203,3.173,3236.13427734375,3232.58837890625,0.9989042795713624,-0.1095720428637592,-0.0247625210124462,-0.0242072903001586,61.95709007199237,62.16195213757777,,,1737849600000,2025-01-26T12:00:23+00:00,1737892823000,2925.953243,33654211,2025-01-27 12:00:23+00:00,https://beaconcha.in/charts/staked_ether,https://www.beaconcha.in/ethstore,extraido_html_sem_imputacao; consistencia_interna_verificada,0,3.173,,,,ausente_nao_estimado,Yahoo Finance via yfinance,41.81291855265274,Yahoo Finance via yfinance,40.67282656210284,-0.0010957204286375,0,staking_apr_rede,indisponivel_sem_dados_comparaveis
2025-01-27,33705219,3.082,3178.92041015625,3169.81201171875,0.9971347510279276,-0.2865248972072298,-0.0178378476986757,-0.0196108881852353,61.729339448442055,61.97149397033501,,,1737936000000,2025-01-27T12:00:23+00:00,1737979223000,2843.904479,33677635,2025-01-28 12:00:23+00:00,https://beaconcha.in/charts/staked_ether,https://www.beaconcha.in/ethstore,extraido_html_sem_imputacao; consistencia_interna_verificada,0,3.082,,,,ausente_nao_estimado,Yahoo Finance via yfinance,39.87793915745545,Yahoo Finance via yfinance,39.83819624668743,-0.0028652489720722,0,staking_apr_rede,indisponivel_sem_dados_comparaveis
2025-01-28,33744483,3.055,3077.112548828125,3072.75634765625,0.9985843217942958,-0.1415678205704207,-0.0325499723638392,-0.0310972919329859,62.501210668211385,62.68136514613034,,,1738022400000,2025-01-28T12:00:23+00:00,1738065623000,2821.57781,33710051,2025-01-29 12:00:23+00:00,https://beaconcha.in/charts/staked_ether,https://www.beaconcha.in/ethstore,extraido_html_sem_imputacao; consistencia_interna_verificada,0,3.055,,,,ausente_nao_estimado,Yahoo Finance via yfinance,40.61151589492781,Yahoo Finance via yfinance,40.280646758957054,-0.0014156782057042,0,staking_apr_rede,indisponivel_sem_dados_comparaveis
2025-01-29,33777315,3.065,3112.9990234375,3110.53955078125,0.9992099346521688,-0.0790065347831103,0.0115949046291258,0.0122212082400251,62.68335380002485,62.89332559795709,,,1738108800000,2025-01-29T12:00:23+00:00,1738152023000,2829.921307,33697155,2025-01-30 12:00:23+00:00,https://beaconcha.in/charts/staked_ether,https://www.beaconcha.in/ethstore,extraido_html_sem_imputacao; consistencia_interna_verificada,0,3.065,,,,ausente_nao_estimado,Yahoo Finance via yfinance,41.16158008150026,Yahoo Finance via yfinance,41.42409508029342,-0.0007900653478311,0,staking_apr_rede,indisponivel_sem_dados_comparaveis
2025-01-30,33763202,3.052,3247.780029296875,3245.31591796875,0.9992412936510794,-0.0758706348920612,0.0423851172810219,0.0424165005827199,64.57475554423485,64.78838278162287,,,1738195200000,2025-01-30T12:00:23+00:00,1738238423000,2816.670203,33685058,2025-01-31 12:00:23+00:00,https://beaconcha.in/charts/staked_ether,https://www.beaconcha.in/ethstore,extraido_html_sem_imputacao; consistencia_interna_verificada,0,3.052,,,,ausente_nao_estimado,Yahoo Finance via yfinance,48.61396688703456,Yahoo Finance via yfinance,48.49502658398054,-0.0007587063489206,0,staking_apr_rede,indisponivel_sem_dados_comparaveis
2025-01-31,33731745,3.052,3298.26513671875,3293.47900390625,0.9985488938535544,-0.1451106146445613,0.0154249190535988,0.0147317533452283,64.78053999748776,64.98175503352604,,,1738281600000,2025-01-31T12:00:23+00:00,1738324823000,2818.000611,33700774,2025-02-01 12:00:23+00:00,https://beaconcha.in/charts/staked_ether,https://www.beaconcha.in/ethstore,extraido_html_sem_imputacao; consistencia_interna_verificada,0,3.052,,,,ausente_nao_estimado,Yahoo Finance via yfinance,50.326847098244606,Yahoo Finance via yfinance,49.98288135350539,-0.0014511061464456,0,staking_apr_rede,indisponivel_sem_dados_comparaveis
2025-02-01,33771457,3.006,3118.32861328125,3114.39794921875,0.9987394965220282,-0.1260503477971797,-0.056099456678397,-0.0559085952384859,66.68121787096271,66.92385824666364,,,1738368000000,2025-02-01T12:00:23+00:00,1738411223000,2777.558709,33729409,2025-02-02 12:00:23+00:00,https://beaconcha.in/charts/staked_ether,https://www.beaconcha.in/ethstore,extraido_html_sem_imputacao; consistencia_interna_verificada,0,3.006,,,,ausente_nao_estimado,Yahoo Finance via yfinance,64.12980634955112,Yahoo Finance via yfinance,63.79178099858407,-0.0012605034779717,0,staking_apr_rede,indisponivel_sem_dados_comparaveis
2025-02-02,33775936,3.831,2868.69287109375,2848.858154296875,0.993085799809126,-0.6914200190873854,-0.0834406769982787,-0.0891175924455875,70.05870215404869,70.9953393116255,,,1738454400000,2025-02-02T12:00:23+00:00,1738497623000,3540.533974,33735777,2025-02-03 12:00:23+00:00,https://beaconcha.in/charts/staked_ether,https://www.beaconcha.in/ethstore,extraido_html_sem_imputacao; consistencia_interna_verificada,0,3.831,,,,ausente_nao_estimado,Yahoo Finance via yfinance,83.93492413848305,Yahoo Finance via yfinance,86.5145641331495,-0.0069142001908738,0,staking_apr_rede,indisponivel_sem_dados_comparaveis
2025-02-03,33719936,3.248,2884.566650390625,2871.386474609375,0.99543079520126,-0.4569204798739901,0.0055182004281227,0.0078767389337212,69.77082309948754,70.74988477726411,,,1738540800000,2025-02-03T12:00:23+00:00,1738584023000,2994.447072,33646112,2025-02-04 12:00:23+00:00,https://beaconcha.in/charts/staked_ether,https://www.beaconcha.in/ethstore,extraido_html_sem_imputacao; consistencia_interna_verificada,0,3.248,,,,ausente_nao_estimado,Yahoo Finance via yfinance,85.50957449484015,Yahoo Finance via yfinance,88.46816037870708,-0.0045692047987399,0,staking_apr_rede,indisponivel_sem_dados_comparaveis
2025-02-04,33650654,3.128,2735.05126953125,2725.470947265625,0.9964972056018288,-0.3502794398171138,-0.0532244994273532,-0.0521537674510745,71.53265569289276,72.39447182320816,,,1738627200000,2025-02-04T12:00:23+00:00,1738670423000,2878.50979,33592772,2025-02-05 12:00:23+00:00,https://beaconcha.in/charts/staked_ether,https://www.beaconcha.in/ethstore,extraido_html_sem_imputacao; consistencia_interna_verificada,0,3.128,,,,ausente_nao_estimado,Yahoo Finance via yfinance,89.46711303684417,Yahoo Finance via yfinance,92.15532429415131,-0.0035027943981711,0,staking_apr_rede,indisponivel_sem_dados_comparaveis
2025-02-05,33639741,3.043,2787.779052734375,2783.543701171875,0.9984807434583648,-0.1519256541635094,0.0190950589664544,0.021083590730516,71.72779546054794,72.74103507155208,,,1738713600000,2025-02-05T12:00:23+00:00,1738756823000,2799.337656,33580445,2025-02-06 12:00:23+00:00,https://beaconcha.in/charts/staked_ether,https://www.beaconcha.in/ethstore,extraido_html_sem_imputacao; consistencia_interna_verificada,0,3.043,,,,ausente_nao_estimado,Yahoo Finance via yfinance,91.06656644602651,Yahoo Finance via yfinance,94.07484072693263,-0.001519256541635,0,staking_apr_rede,indisponivel_sem_dados_comparaveis
2025-02-06,33639549,3.078,2688.40087890625,2681.824462890625,0.9975537814813168,-0.2446218518683318,-0.0362986923409433,-0.037227495958421,66.84489040934118,67.94799077649809,,,1738800000000,2025-02-06T12:00:23+00:00,1738843223000,2832.842746,33587966,2025-02-07 12:00:23+00:00,https://beaconcha.in/charts/staked_ether,https://www.beaconcha.in/ethstore,extraido_html_sem_imputacao; consistencia_interna_verificada,0,3.078,,,,ausente_nao_estimado,Yahoo Finance via yfinance,77.16682875745232,Yahoo Finance via yfinance,80.68375482778846,-0.0024462185186833,0,staking_apr_rede,indisponivel_sem_dados_comparaveis
2025-02-07,33598526,3.044,2622.211181640625,2618.87451171875,0.998727535773916,-0.1272464226083958,-0.0249286237438278,-0.0237526828403959,67.0501715465435,68.12459166189096,,,1738886400000,2025-02-07T12:00:23+00:00,1738929623000,2799.160926,33564542,2025-02-08 12:00:23+00:00,https://beaconcha.in/charts/staked_ether,https://www.beaconcha.in/ethstore,extraido_html_sem_imputacao; consistencia_interna_verificada,0,3.044,,,,ausente_nao_estimado,Yahoo Finance via yfinance,68.70744901956128,Yahoo Finance via yfinance,72.91544660043174,-0.0012724642260839,0,staking_apr_rede,indisponivel_sem_dados_comparaveis
2025-02-08,33582558,2.965,2632.308349609375,2631.135986328125,0.9995546253988732,-0.0445374601126813,0.0038432364127754,0.0046710370990431,66.56245439996957,67.65991276241958,,,1738972800000,2025-02-08T12:00:23+00:00,1739016023000,2725.374051,33549310,2025-02-09 12:00:23+00:00,https://beaconcha.in/charts/staked_ether,https://www.beaconcha.in/ethstore,extraido_html_sem_imputacao; consistencia_interna_verificada,0,2.965,,,,ausente_nao_estimado,Yahoo Finance via yfinance,69.94805772998441,Yahoo Finance via yfinance,74.31561714227622,-0.0004453746011268,0,staking_apr_rede,indisponivel_sem_dados_comparaveis
2025-02-09,33581498,3.053,2628.72119140625,2628.791259765625,1.0000266549224026,0.0026654922402613,-0.001363671779848,-0.0008915434028293,66.14169971769947,67.21438148747339,,,1739059200000,2025-02-09T12:00:23+00:00,1739102423000,2805.72777,33544989,2025-02-10 12:00:23+00:00,https://beaconcha.in/charts/staked_ether,https://www.beaconcha.in/ethstore,extraido_html_sem_imputacao; consistencia_interna_verificada,0,3.053,,,,ausente_nao_estimado,Yahoo Finance via yfinance,49.90113263049557,Yahoo Finance via yfinance,51.001987434564086,2.665492240261358e-05,0,staking_apr_rede,indisponivel_sem_dados_comparaveis
2025-02-10,33534297,3.105,2661.166748046875,2657.64697265625,0.998677356316282,-0.132264368371815,0.0122671647820378,0.0109169910659588,66.37053136513168,67.41141226702472,,,1739145600000,2025-02-10T12:00:23+00:00,1739188823000,2849.16245,33489722,2025-02-11 12:00:23+00:00,https://beaconcha.in/charts/staked_ether,https://www.beaconcha.in/ethstore,extraido_html_sem_imputacao; consistencia_interna_verificada,0,3.105,,,,ausente_nao_estimado,Yahoo Finance via yfinance,51.59127539665703,Yahoo Finance via yfinance,51.74592206411711,-0.0013226436837181,0,staking_apr_rede,indisponivel_sem_dados_comparaveis
2025-02-11,33494073,3.017,2602.781982421875,2600.19384765625,0.9990056275235096,-0.0994372476490257,-0.0221837874782939,-0.0218551355221644,66.57579968922795,67.60150727885609,,,1739232000000,2025-02-11T12:00:23+00:00,1739275223000,2766.755708,33472698,2025-02-12 12:00:23+00:00,https://beaconcha.in/charts/staked_ether,https://www.beaconcha.in/ethstore,extraido_html_sem_imputacao; consistencia_interna_verificada,0,3.017,,,,ausente_nao_estimado,Yahoo Finance via yfinance,39.860850741364665,Yahoo Finance via yfinance,40.51066517622467,-0.0009943724764902,0,staking_apr_rede,indisponivel_sem_dados_comparaveis
2025-02-12,33515897,3.109,2736.902099609375,2737.08203125,1.0000657428121564,0.0065742812156432,0.0502457939539772,0.0513064017979529,68.40714218261729,69.49078038101798,,,1739318400000,2025-02-12T12:00:23+00:00,1739361623000,2851.592354,33482654,2025-02-13 12:00:23+00:00,https://beaconcha.in/charts/staked_ether,https://www.beaconcha.in/ethstore,extraido_html_sem_imputacao; consistencia_interna_verificada,0,3.109,,,,ausente_nao_estimado,Yahoo Finance via yfinance,55.56034500649967,Yahoo Finance via yfinance,56.03431711661684,6.574281215643296e-05,0,staking_apr_rede,indisponivel_sem_dados_comparaveis
2025-02-13,33559191,3.011,2675.902587890625,2673.83154296875,0.9992260387462356,-0.0773961253764277,-0.0225399207159828,-0.0233799222835787,67.66603904281547,68.78392526687892,,,1739404800000,2025-02-13T12:00:23+00:00,1739448023000,2766.251701,33529527,2025-02-14 12:00:23+00:00,https://beaconcha.in/charts/staked_ether,https://www.beaconcha.in/ethstore,extraido_html_sem_imputacao; consistencia_interna_verificada,0,3.011,,,,ausente_nao_estimado,Yahoo Finance via yfinance,51.20617522783198,Yahoo Finance via yfinance,51.50863923206202,-0.0007739612537642,0,staking_apr_rede,indisponivel_sem_dados_comparaveis
2025-02-14,33580216,2.963,2726.091552734375,2722.614501953125,0.998724528977113,-0.1275471022887053,0.0185821782494587,0.018080154037491,62.869702168369344,64.11482140373805,,,1739491200000,2025-02-14T12:00:23+00:00,1739534423000,2719.136307,33495256,2025-02-15 12:00:23+00:00,https://beaconcha.in/charts/staked_ether,https://www.beaconcha.in/ethstore,extraido_html_sem_imputacao; consistencia_interna_verificada,0,2.963,,,,ausente_nao_estimado,Yahoo Finance via yfinance,48.21618895189639,Yahoo Finance via yfinance,48.76888580647118,-0.001275471022887,0,staking_apr_rede,indisponivel_sem_dados_comparaveis
2025-02-15,33573784,2.91,2693.559814453125,2692.255859375,0.999515898970898,-0.0484101029102124,-0.0120052478650752,-0.0112131809805401,61.67276448654896,62.85106725282413,,,1739577600000,2025-02-15T12:00:23+00:00,1739620823000,2673.212979,33534009,2025-02-16 12:00:23+00:00,https://beaconcha.in/charts/staked_ether,https://www.beaconcha.in/ethstore,extraido_html_sem_imputacao; consistencia_interna_verificada,0,2.91,,,,ausente_nao_estimado,Yahoo Finance via yfinance,49.88670680865502,Yahoo Finance via yfinance,50.268738933100366,-0.0004841010291021,0,staking_apr_rede,indisponivel_sem_dados_comparaveis
2025-02-16,33613722,2.992,2663.31591796875,2661.474365234375,0.9993085488950256,-0.0691451104974261,-0.0112917377009368,-0.0114992097246427,58.307266327796505,59.28254520341658,,,1739664000000,2025-02-16T12:00:23+00:00,1739707223000,2752.405958,33582522,2025-02-17 12:00:23+00:00,https://beaconcha.in/charts/staked_ether,https://www.beaconcha.in/ethstore,extraido_html_sem_imputacao; consistencia_interna_verificada,0,2.992,,,,ausente_nao_estimado,Yahoo Finance via yfinance,50.95334973013868,Yahoo Finance via yfinance,51.37570885009088,-0.0006914511049742,0,staking_apr_rede,indisponivel_sem_dados_comparaveis
2025-02-17,33641434,3.211,2743.19970703125,2741.674560546875,0.9994440264482144,-0.0555973551785493,0.0295530832150875,0.0296886453202399,57.875455034867805,58.79300899439415,,,1739750400000,2025-02-17T12:00:23+00:00,1739793623000,2954.681101,33583098,2025-02-18 12:00:23+00:00,https://beaconcha.in/charts/staked_ether,https://www.beaconcha.in/ethstore,extraido_html_sem_imputacao; consistencia_interna_verificada,0,3.211,,,,ausente_nao_estimado,Yahoo Finance via yfinance,54.50467738834577,Yahoo Finance via yfinance,55.06558984906837,-0.0005559735517854,0,staking_apr_rede,indisponivel_sem_dados_comparaveis
2025-02-18,33593018,3.016,2669.3388671875,2666.78662109375,0.9990438658331756,-0.0956134166824274,-0.0272941889035429,-0.0276946522958229,57.7571747864636,58.710242640896304,,,1739836800000,2025-02-18T12:00:23+00:00,1739880023000,2773.499016,33559770,2025-02-19 12:00:23+00:00,https://beaconcha.in/charts/staked_ether,https://www.beaconcha.in/ethstore,extraido_html_sem_imputacao; consistencia_interna_verificada,0,3.016,,,,ausente_nao_estimado,Yahoo Finance via yfinance,56.118409721024506,Yahoo Finance via yfinance,56.89348457773535,-0.0009561341668242,0,staking_apr_rede,indisponivel_sem_dados_comparaveis
2025-02-19,33616442,2.994,2715.77099609375,2716.363037109375,1.0002180010820043,0.0218001082004537,0.0172450630691503,0.0184196319470415,57.531847110567405,58.67018742337257,,,1739923200000,2025-02-19T12:00:23+00:00,1739966423000,2754.407512,33579930,2025-02-20 12:00:23+00:00,https://beaconcha.in/charts/staked_ether,https://www.beaconcha.in/ethstore,extraido_html_sem_imputacao; consistencia_interna_verificada,0,2.994,,,,ausente_nao_estimado,Yahoo Finance via yfinance,42.94826229687859,Yahoo Finance via yfinance,43.50262949432928,0.0002180010820045,0,staking_apr_rede,indisponivel_sem_dados_comparaveis
2025-02-20,33608634,2.984,2740.386474609375,2739.568359375,0.9997014599064932,-0.0298540093506938,0.0090230700469935,0.0085065080583,57.29337806086381,58.44217948595472,,,1740009600000,2025-02-20T12:00:23+00:00,1740052823000,2746.032392,33594010,2025-02-21 12:00:23+00:00,https://beaconcha.in/charts/staked_ether,https://www.beaconcha.in/ethstore,extraido_html_sem_imputacao; consistencia_interna_verificada,0,2.984,,,,ausente_nao_estimado,Yahoo Finance via yfinance,39.25509501442343,Yahoo Finance via yfinance,39.46799907811945,-0.0002985400935069,0,staking_apr_rede,indisponivel_sem_dados_comparaveis
2025-02-21,33646778,3.123,2659.655517578125,2653.437744140625,0.9976621884313944,-0.2337811568605685,-0.029902349843719,-0.0319443136947957,57.45294834400699,58.78398068912447,,,1740096000000,2025-02-21T12:00:23+00:00,1740139223000,2873.154957,33579067,2025-02-22 12:00:23+00:00,https://beaconcha.in/charts/staked_ether,https://www.beaconcha.in/ethstore,extraido_html_sem_imputacao; consistencia_interna_verificada,0,3.123,,,,ausente_nao_estimado,Yahoo Finance via yfinance,43.25764852780984,Yahoo Finance via yfinance,44.4222119834018,-0.0023378115686056,0,staking_apr_rede,indisponivel_sem_dados_comparaveis
2025-02-22,33609752,2.979,2764.029296875,2757.7275390625,0.9977200828444096,-0.2279917155590505,0.0384928955602369,0.0385509239529564,58.30173192978827,59.55657314949624,,,1740182400000,2025-02-22T12:00:23+00:00,1740225623000,2741.714984,33588794,2025-02-23 12:00:23+00:00,https://beaconcha.in/charts/staked_ether,https://www.beaconcha.in/ethstore,extraido_html_sem_imputacao; consistencia_interna_verificada,0,2.979,,,,ausente_nao_estimado,Yahoo Finance via yfinance,51.76731171254122,Yahoo Finance via yfinance,52.99362253693671,-0.0022799171555905,0,staking_apr_rede,indisponivel_sem_dados_comparaveis
2025-02-23,33642808,2.993,2821.310302734375,2816.877197265625,0.9984287068797596,-0.1571293120240402,0.0205119180975236,0.0212219093253972,59.040251633846864,60.31513376189719,,,1740268800000,2025-02-23T12:00:23+00:00,1740312023000,2756.005758,33610296,2025-02-24 12:00:23+00:00,https://beaconcha.in/charts/staked_ether,https://www.beaconcha.in/ethstore,extraido_html_sem_imputacao; consistencia_interna_verificada,0,2.993,,,,ausente_nao_estimado,Yahoo Finance via yfinance,51.25990817597563,Yahoo Finance via yfinance,52.65131412261778,-0.0015712931202404,0,staking_apr_rede,indisponivel_sem_dados_comparaveis
2025-02-24,33641784,3.247,2513.8212890625,2508.526611328125,0.9978937732139463,-0.2106226786053544,-0.1153974020454973,-0.1159333211507023,70.3228711341205,71.49838095254609,,,1740355200000,2025-02-24T12:00:23+00:00,1740398423000,2989.745532,33604856,2025-02-25 12:00:23+00:00,https://beaconcha.in/charts/staked_ether,https://www.beaconcha.in/ethstore,extraido_html_sem_imputacao; consistencia_interna_verificada,0,3.247,,,,ausente_nao_estimado,Yahoo Finance via yfinance,99.11183684151676,Yahoo Finance via yfinance,100.02872791798164,-0.0021062267860535,0,staking_apr_rede,indisponivel_sem_dados_comparaveis
2025-02-25,33625111,3.059,2493.592529296875,2498.60791015625,1.002011307300792,0.2011307300791909,-0.0080795678339211,-0.0039618325024304,70.09993610932263,71.31416924861938,,,1740441600000,2025-02-25T12:00:23+00:00,1740484823000,2815.72184,33597143,2025-02-26 12:00:23+00:00,https://beaconcha.in/charts/staked_ether,https://www.beaconcha.in/ethstore,extraido_html_sem_imputacao; consistencia_interna_verificada,0,3.059,,,,ausente_nao_estimado,Yahoo Finance via yfinance,98.3321679215489,Yahoo Finance via yfinance,99.32955110513568,0.0020113073007919,0,staking_apr_rede,indisponivel_sem_dados_comparaveis
2025-02-26,33649239,3.081,2331.45263671875,2327.31396484375,0.9982248526906278,-0.1775147309372227,-0.0672329309662303,-0.0710189430469876,72.96995810343621,74.49786803331439,,,1740528000000,2025-02-26T12:00:23+00:00,1740571223000,2837.66969,33620215,2025-02-27 12:00:23+00:00,https://beaconcha.in/charts/staked_ether,https://www.beaconcha.in/ethstore,extraido_html_sem_imputacao; consistencia_interna_verificada,0,3.081,,,,ausente_nao_estimado,Yahoo Finance via yfinance,103.04329609255096,Yahoo Finance via yfinance,104.97812598978832,-0.0017751473093722,0,staking_apr_rede,indisponivel_sem_dados_comparaveis
2025-02-27,33647510,3.205,2305.484375,2302.248779296875,0.998596565763702,-0.1403434236297962,-0.0112007271794719,-0.0108284224015558,72.5305684222945,74.1201584142011,,,1740614400000,2025-02-27T12:00:23+00:00,1740657623000,2949.992809,33595799,2025-02-28 12:00:23+00:00,https://beaconcha.in/charts/staked_ether,https://www.beaconcha.in/ethstore,extraido_html_sem_imputacao; consistencia_interna_verificada,0,3.205,,,,ausente_nao_estimado,Yahoo Finance via yfinance,100.36344149468628,Yahoo Finance via yfinance,102.4487744862468,-0.0014034342362979,0,staking_apr_rede,indisponivel_sem_dados_comparaveis
2025-02-28,33597526,3.035,2237.9052734375,2232.108154296875,0.997409577961394,-0.2590422038605933,-0.0297505128114046,-0.0309398758261068,72.44193244284617,74.04808036726484,,,1740700800000,2025-02-28T12:00:23+00:00,1740744023000,2791.231872,33570038,2025-03-01 12:00:23+00:00,https://beaconcha.in/charts/staked_ether,https://www.beaconcha.in/ethstore,extraido_html_sem_imputacao; consistencia_interna_verificada,0,3.035,,,,ausente_nao_estimado,Yahoo Finance via yfinance,100.35870131643668,Yahoo Finance via yfinance,102.40899108750492,-0.0025904220386059,0,staking_apr_rede,indisponivel_sem_dados_comparaveis
2025-03-01,33606486,2.945,2216.643310546875,2210.436279296875,0.9971998060218048,-0.2800193978195198,-0.0095462532097632,-0.0097565920781622,69.84312235079685,71.49795766538577,,,1740787200000,2025-03-01T12:00:23+00:00,1740830423000,2710.012199,33585750,2025-03-02 12:00:23+00:00,https://beaconcha.in/charts/staked_ether,https://www.beaconcha.in/ethstore,extraido_html_sem_imputacao; consistencia_interna_verificada,0,2.945,,,,ausente_nao_estimado,Yahoo Finance via yfinance,87.08478843670106,Yahoo Finance via yfinance,89.36898981475696,-0.0028001939781951,0,staking_apr_rede,indisponivel_sem_dados_comparaveis
2025-03-02,33603574,3.278,2519.694580078125,2515.016845703125,0.9981435311993824,-0.1856468800617516,0.1281436664477701,0.1290895941288284,84.98730188662847,86.5774120113056,,,1740873600000,2025-03-02T12:00:23+00:00,1740916823000,3015.765666,33584438,2025-03-03 12:00:23+00:00,https://beaconcha.in/charts/staked_ether,https://www.beaconcha.in/ethstore,extraido_html_sem_imputacao; consistencia_interna_verificada,0,3.278,,,,ausente_nao_estimado,Yahoo Finance via yfinance,142.96509288154613,Yahoo Finance via yfinance,144.867116574817,-0.0018564688006175,0,staking_apr_rede,indisponivel_sem_dados_comparaveis
2025-03-03,33599126,3.272,2145.573974609375,2146.775390625,1.0005599508708822,0.055995087088223,-0.1607305919811375,-0.1583126036496915,98.97460909630728,99.90491815369973,,,1740960000000,2025-03-03T12:00:23+00:00,1741003223000,3009.251407,33570902,2025-03-04 12:00:23+00:00,https://beaconcha.in/charts/staked_ether,https://www.beaconcha.in/ethstore,extraido_html_sem_imputacao; consistencia_interna_verificada,0,3.272,,,,ausente_nao_estimado,Yahoo Finance via yfinance,164.26967088165696,Yahoo Finance via yfinance,164.51667849491253,0.0005599508708822,0,staking_apr_rede,indisponivel_sem_dados_comparaveis
2025-03-04,33590710,3.142,2170.01513671875,2173.548583984375,1.0016283053541128,0.1628305354112846,0.0113270391590879,0.0123942261044747,95.8929433092142,96.3037954549489,,,1741046400000,2025-03-04T12:00:23+00:00,1741089623000,2887.582664,33548150,2025-03-05 12:00:23+00:00,https://beaconcha.in/charts/staked_ether,https://www.beaconcha.in/ethstore,extraido_html_sem_imputacao; consistencia_interna_verificada,0,3.142,,,,ausente_nao_estimado,Yahoo Finance via yfinance,165.90483674942988,Yahoo Finance via yfinance,166.03945908168706,0.0016283053541128,0,staking_apr_rede,indisponivel_sem_dados_comparaveis
2025-03-05,33604630,3.022,2241.977294921875,2241.775634765625,0.9999100525430356,-0.0089947456964334,0.0326240544707295,0.0309071218659711,96.88128682549836,97.1437083881031,,,1741132800000,2025-03-05T12:00:23+00:00,1741176023000,2778.614971,33559254,2025-03-06 12:00:23+00:00,https://beaconcha.in/charts/staked_ether,https://www.beaconcha.in/ethstore,extraido_html_sem_imputacao; consistencia_interna_verificada,0,3.022,,,,ausente_nao_estimado,Yahoo Finance via yfinance,164.21881106010184,Yahoo Finance via yfinance,163.24278574154977,-8.994745696433437e-05,0,staking_apr_rede,indisponivel_sem_dados_comparaveis
2025-03-06,33593686,3.091,2202.476806640625,2205.930419921875,1.0015680588648366,0.1568058864836574,-0.017775649142083,-0.0161188668953927,95.59756099797733,95.89916251289291,,,1741219200000,2025-03-06T12:00:23+00:00,1741262423000,2840.717143,33540310,2025-03-07 12:00:23+00:00,https://beaconcha.in/charts/staked_ether,https://www.beaconcha.in/ethstore,extraido_html_sem_imputacao; consistencia_interna_verificada,0,3.091,,,,ausente_nao_estimado,Yahoo Finance via yfinance,164.42395871949492,Yahoo Finance via yfinance,163.39543271232634,0.0015680588648365,0,staking_apr_rede,indisponivel_sem_dados_comparaveis
2025-03-07,33593298,3.06,2138.987548828125,2137.61669921875,0.9993591128615376,-0.0640887138462331,-0.0292499392445081,-0.0314578625831308,95.40978481446136,95.71015078477116,,,1741305600000,2025-03-07T12:00:23+00:00,1741348823000,2812.909862,33552883,2025-03-08 12:00:23+00:00,https://beaconcha.in/charts/staked_ether,https://www.beaconcha.in/ethstore,extraido_html_sem_imputacao; consistencia_interna_verificada,0,3.06,,,,ausente_nao_estimado,Yahoo Finance via yfinance,164.38134531846737,Yahoo Finance via yfinance,163.44374727284398,-0.0006408871384623,0,staking_apr_rede,indisponivel_sem_dados_comparaveis
2025-03-08,33636082,2.979,2201.51025390625,2200.38037109375,0.9994867692255828,-0.0513230774417339,0.0288109948349966,0.0289387249069972,95.75285312213197,96.01888529028872,,,1741392000000,2025-03-08T12:00:23+00:00,1741435223000,2741.949933,33598066,2025-03-09 12:00:23+00:00,https://beaconcha.in/charts/staked_ether,https://www.beaconcha.in/ethstore,extraido_html_sem_imputacao; consistencia_interna_verificada,0,2.979,,,,ausente_nao_estimado,Yahoo Finance via yfinance,166.2656967795174,Yahoo Finance via yfinance,165.30635405187672,-0.0005132307744173,0,staking_apr_rede,indisponivel_sem_dados_comparaveis
2025-03-09,33664658,3.073,2015.5091552734373,2015.912109375,1.0001999267036363,0.0199926703636332,-0.0882717578959728,-0.0875584886526053,99.74001211898612,99.95259700395518,,,1741478400000,2025-03-09T12:00:23+00:00,1741521623000,2831.258252,33627538,2025-03-10 12:00:23+00:00,https://beaconcha.in/charts/staked_ether,https://www.beaconcha.in/ethstore,extraido_html_sem_imputacao; consistencia_interna_verificada,0,3.073,,,,ausente_nao_estimado,Yahoo Finance via yfinance,134.41397952017124,Yahoo Finance via yfinance,132.67229295261734,0.0001999267036363,0,staking_apr_rede,indisponivel_sem_dados_comparaveis
2025-03-10,33687634,3.288,1861.1513671875,1870.114501953125,1.0048159085411574,0.4815908541157432,-0.0796765351661053,-0.0750720927356562,102.6233402232592,102.44679228205264,,,1741564800000,2025-03-10T12:00:23+00:00,1741608023000,3030.421181,33640084,2025-03-11 12:00:23+00:00,https://beaconcha.in/charts/staked_ether,https://www.beaconcha.in/ethstore,extraido_html_sem_imputacao; consistencia_interna_verificada,0,3.288,,,,ausente_nao_estimado,Yahoo Finance via yfinance,93.74203702565023,Yahoo Finance via yfinance,91.5536947291599,0.0048159085411574,0,staking_apr_rede,indisponivel_sem_dados_comparaveis
2025-03-11,33705553,3.334,1919.844970703125,1916.96337890625,0.9984990497457616,-0.1500950254238353,0.0310491275227027,0.0247427005628163,103.6461668443676,103.16480550261728,,,1741651200000,2025-03-11T12:00:23+00:00,1741694423000,3071.572792,33629748,2025-03-12 12:00:23+00:00,https://beaconcha.in/charts/staked_ether,https://www.beaconcha.in/ethstore,extraido_html_sem_imputacao; consistencia_interna_verificada,0,3.334,,,,ausente_nao_estimado,Yahoo Finance via yfinance,98.74039368602824,Yahoo Finance via yfinance,94.57228027273922,-0.0015009502542383,0,staking_apr_rede,indisponivel_sem_dados_comparaveis
2025-03-12,33658449,3.033,1908.982666015625,1905.024658203125,0.9979266402555864,-0.2073359744413472,-0.0056739737903306,-0.0062474081122063,103.3391575589915,102.8891309284008,,,1741737600000,2025-03-12T12:00:23+00:00,1741780823000,2791.520078,33589522,2025-03-13 12:00:23+00:00,https://beaconcha.in/charts/staked_ether,https://www.beaconcha.in/ethstore,extraido_html_sem_imputacao; consistencia_interna_verificada,0,3.033,,,,ausente_nao_estimado,Yahoo Finance via yfinance,90.43758250314646,Yahoo Finance via yfinance,86.34441650583604,-0.0020733597444134,0,staking_apr_rede,indisponivel_sem_dados_comparaveis
2025-03-13,33655026,3.01,1862.9696044921875,1860.6876220703125,0.9987750833849504,-0.1224916615049642,-0.0243986884333195,-0.023548843741563,103.37201280362578,102.91311125985143,,,1741824000000,2025-03-13T12:00:23+00:00,1741867223000,2772.584602,33620854,2025-03-14 12:00:23+00:00,https://beaconcha.in/charts/staked_ether,https://www.beaconcha.in/ethstore,extraido_html_sem_imputacao; consistencia_interna_verificada,0,3.01,,,,ausente_nao_estimado,Yahoo Finance via yfinance,90.33257983335,Yahoo Finance via yfinance,86.13738653662396,-0.0012249166150496,0,staking_apr_rede,indisponivel_sem_dados_comparaveis
2025-03-14,33686230,2.963,1909.467529296875,1909.9981689453125,1.000277899278357,0.0277899278356974,0.0246526465886209,0.0261561746987257,101.8329430009771,101.3539876201404,,,1741910400000,2025-03-14T12:00:23+00:00,1741953623000,2731.501973,33647190,2025-03-15 12:00:23+00:00,https://beaconcha.in/charts/staked_ether,https://www.beaconcha.in/ethstore,extraido_html_sem_imputacao; consistencia_interna_verificada,0,2.963,,,,ausente_nao_estimado,Yahoo Finance via yfinance,96.5668716611462,Yahoo Finance via yfinance,93.00406656538816,0.0002778992783569,0,staking_apr_rede,indisponivel_sem_dados_comparaveis
2025-03-15,33719958,2.954,1937.3946533203125,1936.833740234375,0.9997104807298935,-0.0289519270106453,0.0145196855680909,0.0139522637076846,102.17006873223605,101.6621321478688,,,1741996800000,2025-03-15T12:00:23+00:00,1742040023000,2725.601493,33683030,2025-03-16 12:00:23+00:00,https://beaconcha.in/charts/staked_ether,https://www.beaconcha.in/ethstore,extraido_html_sem_imputacao; consistencia_interna_verificada,0,2.954,,,,ausente_nao_estimado,Yahoo Finance via yfinance,92.99865040768483,Yahoo Finance via yfinance,89.1400012258254,-0.0002895192701064,0,staking_apr_rede,indisponivel_sem_dados_comparaveis
2025-03-16,33739637,2.96,1887.43505859375,1886.0252685546875,0.9992530656709784,-0.0746934329021509,-0.0261253127811945,-0.026582965015746,101.74299156699104,101.26091848510114,,,1742083200000,2025-03-16T12:00:23+00:00,1742126423000,2733.389379,33704598,2025-03-17 12:00:23+00:00,https://beaconcha.in/charts/staked_ether,https://www.beaconcha.in/ethstore,extraido_html_sem_imputacao; consistencia_interna_verificada,0,2.96,,,,ausente_nao_estimado,Yahoo Finance via yfinance,73.27130558791384,Yahoo Finance via yfinance,68.85485068251437,-0.0007469343290215,0,staking_apr_rede,indisponivel_sem_dados_comparaveis
2025-03-17,33723733,2.975,1927.0029296875,1926.2998046875,0.9996351199112532,-0.036488008874691,0.0207471142609931,0.0211293810107621,102.39242839244008,101.92830958694684,,,1742169600000,2025-03-17T12:00:23+00:00,1742212823000,2746.889068,33699413,2025-03-18 12:00:23+00:00,https://beaconcha.in/charts/staked_ether,https://www.beaconcha.in/ethstore,extraido_html_sem_imputacao; consistencia_interna_verificada,0,2.975,,,,ausente_nao_estimado,Yahoo Finance via yfinance,45.1458086316632,Yahoo Finance via yfinance,43.51377697994464,-0.0003648800887469,0,staking_apr_rede,indisponivel_sem_dados_comparaveis
2025-03-18,33758933,2.997,1932.54345703125,1929.3558349609373,0.9983505560722502,-0.1649443927749794,0.002871078927171,0.0015852198427552,102.50929666383996,102.0249494121538,,,1742256000000,2025-03-18T12:00:23+00:00,1742299223000,2768.372082,33711802,2025-03-19 12:00:23+00:00,https://beaconcha.in/charts/staked_ether,https://www.beaconcha.in/ethstore,extraido_html_sem_imputacao; consistencia_interna_verificada,0,2.997,,,,ausente_nao_estimado,Yahoo Finance via yfinance,39.47133404312606,Yahoo Finance via yfinance,39.93864936417776,-0.0016494439277497,0,staking_apr_rede,indisponivel_sem_dados_comparaveis
2025-03-19,33748532,3.088,2057.7490234375,2056.089111328125,0.9991933359751513,-0.0806664024848857,0.062775689598429,0.0636195058031822,104.78074426267642,104.37591344835072,,,1742342400000,2025-03-19T12:00:23+00:00,1742385623000,2849.622844,33685945,2025-03-20 12:00:23+00:00,https://beaconcha.in/charts/staked_ether,https://www.beaconcha.in/ethstore,extraido_html_sem_imputacao; consistencia_interna_verificada,0,3.088,,,,ausente_nao_estimado,Yahoo Finance via yfinance,58.73756090180257,Yahoo Finance via yfinance,59.42288739400634,-0.0008066640248488,0,staking_apr_rede,indisponivel_sem_dados_comparaveis
2025-03-20,33762612,2.983,1982.099853515625,1979.5980224609373,0.9987377875790412,-0.1262212420958697,-0.037455863474503,-0.0379118836031587,105.05650791576022,104.65940320606218,,,1742428800000,2025-03-20T12:00:23+00:00,1742472023000,2755.9703,33726324,2025-03-21 12:00:23+00:00,https://beaconcha.in/charts/staked_ether,https://www.beaconcha.in/ethstore,extraido_html_sem_imputacao; consistencia_interna_verificada,0,2.983,,,,ausente_nao_estimado,Yahoo Finance via yfinance,64.00709255119212,Yahoo Finance via yfinance,65.12042763102444,-0.0012622124209586,0,staking_apr_rede,indisponivel_sem_dados_comparaveis
2025-03-21,33782708,2.962,1964.8475341796875,1964.146484375,0.9996432039674874,-0.0356796032512596,-0.0087421632555289,-0.0078360132728881,104.60074704422776,104.1637036097926,,,1742515200000,2025-03-21T12:00:23+00:00,1742558423000,2738.802755,33748564,2025-03-22 12:00:23+00:00,https://beaconcha.in/charts/staked_ether,https://www.beaconcha.in/ethstore,extraido_html_sem_imputacao; consistencia_interna_verificada,0,2.962,,,,ausente_nao_estimado,Yahoo Finance via yfinance,63.533835637038585,Yahoo Finance via yfinance,64.24497398296984,-0.0003567960325125,0,staking_apr_rede,indisponivel_sem_dados_comparaveis
2025-03-22,33829428,2.931,1980.037841796875,1975.3177490234373,0.9976161603208784,-0.2383839679121591,0.0077013049797792,0.0056714791305807,104.57024941803677,104.10221620692894,,,1742601600000,2025-03-22T12:00:23+00:00,1742644823000,2714.543596,33799157,2025-03-23 12:00:23+00:00,https://beaconcha.in/charts/staked_ether,https://www.beaconcha.in/ethstore,extraido_html_sem_imputacao; consistencia_interna_verificada,0,2.931,,,,ausente_nao_estimado,Yahoo Finance via yfinance,63.04142297786791,Yahoo Finance via yfinance,63.74040418159659,-0.0023838396791215,0,staking_apr_rede,indisponivel_sem_dados_comparaveis
2025-03-23,33882675,2.952,2005.2991943359373,2000.4339599609373,0.9975738112353796,-0.2426188764620307,0.0126773171909869,0.0126348660097874,104.64763761399252,104.1294124608824,,,1742688000000,2025-03-23T12:00:23+00:00,1742731223000,2737.044565,33844019,2025-03-24 12:00:23+00:00,https://beaconcha.in/charts/staked_ether,https://www.beaconcha.in/ethstore,extraido_html_sem_imputacao; consistencia_interna_verificada,0,2.952,,,,ausente_nao_estimado,Yahoo Finance via yfinance,58.13001962686041,Yahoo Finance via yfinance,58.84129401970705,-0.0024261887646203,0,staking_apr_rede,indisponivel_sem_dados_comparaveis
2025-03-24,33923187,2.976,2077.47900390625,2072.73583984375,0.9977168654635828,-0.2283134536417264,0.0353618675399893,0.0355052594077696,104.47278669687267,103.95810767961208,,,1742774400000,2025-03-24T12:00:23+00:00,1742817623000,2762.807249,33889299,2025-03-25 12:00:23+00:00,https://beaconcha.in/charts/staked_ether,https://www.beaconcha.in/ethstore,extraido_html_sem_imputacao; consistencia_interna_verificada,0,2.976,,,,ausente_nao_estimado,Yahoo Finance via yfinance,60.87291412172991,Yahoo Finance via yfinance,61.58306006269547,-0.0022831345364172,0,staking_apr_rede,indisponivel_sem_dados_comparaveis
2025-03-25,33941619,2.972,2067.76416015625,2064.7666015625,0.998550338258342,-0.1449661741657948,-0.004687233608202,-0.0038522022640659,103.92947382974435,103.39129043055142,,,1742860800000,2025-03-25T12:00:23+00:00,1742904023000,2760.376136,33905043,2025-03-26 12:00:23+00:00,https://beaconcha.in/charts/staked_ether,https://www.beaconcha.in/ethstore,extraido_html_sem_imputacao; consistencia_interna_verificada,0,2.972,,,,ausente_nao_estimado,Yahoo Finance via yfinance,61.7063546092691,Yahoo Finance via yfinance,62.18236698240636,-0.0014496617416579,0,staking_apr_rede,indisponivel_sem_dados_comparaveis
2025-03-26,33976531,3.003,2009.1893310546875,2000.9498291015625,0.9958990913271476,-0.410090867285251,-0.0287365848319978,-0.031395211772863,97.0755619314523,96.50134420489869,,,1742947200000,2025-03-26T12:00:23+00:00,1742990423000,2792.895563,33943123,2025-03-27 12:00:23+00:00,https://beaconcha.in/charts/staked_ether,https://www.beaconcha.in/ethstore,extraido_html_sem_imputacao; consistencia_interna_verificada,0,3.003,,,,ausente_nao_estimado,Yahoo Finance via yfinance,47.54631619855287,Yahoo Finance via yfinance,48.37041240588369,-0.0041009086728525,0,staking_apr_rede,indisponivel_sem_dados_comparaveis
2025-03-27,34026067,3.009,2002.357421875,2000.2838134765625,0.9989644164544332,-0.1035583545566876,-0.003406125470101,-0.0003329051440854,97.08554926650918,96.52655821937287,,,1743033600000,2025-03-27T12:00:23+00:00,1743076823000,2802.183268,33991667,2025-03-28 12:00:23+00:00,https://beaconcha.in/charts/staked_ether,https://www.beaconcha.in/ethstore,extraido_html_sem_imputacao; consistencia_interna_verificada,0,3.009,,,,ausente_nao_estimado,Yahoo Finance via yfinance,38.142253696356505,Yahoo Finance via yfinance,38.990096315047815,-0.0010355835455668,0,staking_apr_rede,indisponivel_sem_dados_comparaveis
2025-03-28,34061651,2.975,1895.5029296875,1895.608154296875,1.00005551276536,0.0055512765360088,-0.054840995788628,-0.0537493644313518,96.215262772728,95.27415281217868,,,1743120000000,2025-03-28T12:00:23+00:00,1743163223000,2773.361984,34031187,2025-03-29 12:00:23+00:00,https://beaconcha.in/charts/staked_ether,https://www.beaconcha.in/ethstore,extraido_html_sem_imputacao; consistencia_interna_verificada,0,2.975,,,,ausente_nao_estimado,Yahoo Finance via yfinance,55.98852442026874,Yahoo Finance via yfinance,56.03662446351103,5.551276536008842e-05,0,staking_apr_rede,indisponivel_sem_dados_comparaveis
2025-03-29,34112083,2.94,1827.3203125,1825.3792724609373,0.9989377669444242,-0.1062233055575845,-0.0366336179802346,-0.0377519268297643,96.76573092128469,95.87697157094324,,,1743206400000,2025-03-29T12:00:23+00:00,1743249623000,2745.244506,34077204,2025-03-30 12:00:23+00:00,https://beaconcha.in/charts/staked_ether,https://www.beaconcha.in/ethstore,extraido_html_sem_imputacao; consistencia_interna_verificada,0,2.94,,,,ausente_nao_estimado,Yahoo Finance via yfinance,58.8841109009924,Yahoo Finance via yfinance,59.62886218842649,-0.0010622330555758,0,staking_apr_rede,indisponivel_sem_dados_comparaveis
2025-03-30,34160623,3.01,1806.2186279296875,1803.5870361328125,0.9985430380596332,-0.1456961940366707,-0.011615079486721,-0.0120103062032334,96.45298280622116,95.52709627277136,,,1743292800000,2025-03-30T12:00:23+00:00,1743336023000,2813.939876,34118965,2025-03-31 12:00:23+00:00,https://beaconcha.in/charts/staked_ether,https://www.beaconcha.in/ethstore,extraido_html_sem_imputacao; consistencia_interna_verificada,0,3.01,,,,ausente_nao_estimado,Yahoo Finance via yfinance,55.33042701311248,Yahoo Finance via yfinance,56.17207371785877,-0.0014569619403667,0,staking_apr_rede,indisponivel_sem_dados_comparaveis
2025-03-31,34147855,3.104,1823.47998046875,1824.0740966796875,1.000325814496074,0.032581449607405,0.0095112484691098,0.0112950342406257,96.62214656974264,95.73555918986509,,,1743379200000,2025-03-31T12:00:23+00:00,1743422423000,2896.350076,34061583,2025-04-01 12:00:23+00:00,https://beaconcha.in/charts/staked_ether,https://www.beaconcha.in/ethstore,extraido_html_sem_imputacao; consistencia_interna_verificada,0,3.104,,,,ausente_nao_estimado,Yahoo Finance via yfinance,42.75429205488292,Yahoo Finance via yfinance,44.48825911395517,0.000325814496074,0,staking_apr_rede,indisponivel_sem_dados_comparaveis
2025-04-01,34098799,3.046,1905.491455078125,1904.228759765625,0.9993373387694104,-0.0662661230589556,0.0439932043987864,0.043004562081142,85.70359429302377,84.44420209723933,,,1743465600000,2025-04-01T12:00:23+00:00,1743508823000,2842.048468,34061135,2025-04-02 12:00:23+00:00,https://beaconcha.in/charts/staked_ether,https://www.beaconcha.in/ethstore,extraido_html_sem_imputacao; consistencia_interna_verificada,0,3.046,,,,ausente_nao_estimado,Yahoo Finance via yfinance,62.36497245206225,Yahoo Finance via yfinance,62.81096876799806,-0.0006626612305895,0,staking_apr_rede,indisponivel_sem_dados_comparaveis
2025-04-02,34136335,3.092,1795.313232421875,1796.47265625,1.0006458058723051,0.0645805872305116,-0.0595604475170215,-0.0582519692000042,68.80605015624674,67.78653895353925,,,1743552000000,2025-04-02T12:00:23+00:00,1743595223000,2888.494028,34102607,2025-04-03 12:00:23+00:00,https://beaconcha.in/charts/staked_ether,https://www.beaconcha.in/ethstore,extraido_html_sem_imputacao; consistencia_interna_verificada,0,3.092,,,,ausente_nao_estimado,Yahoo Finance via yfinance,70.88468487975722,Yahoo Finance via yfinance,70.49363495848299,0.0006458058723051,0,staking_apr_rede,indisponivel_sem_dados_comparaveis
2025-04-03,34173647,3.015,1815.63720703125,1812.04736328125,0.9980228188009708,-0.1977181199029121,0.011256974898995,0.0086322390675332,68.80384133677666,67.67108979817775,,,1743638400000,2025-04-03T12:00:23+00:00,1743681623000,2819.721077,34138191,2025-04-04 12:00:23+00:00,https://beaconcha.in/charts/staked_ether,https://www.beaconcha.in/ethstore,extraido_html_sem_imputacao; consistencia_interna_verificada,0,3.015,,,,ausente_nao_estimado,Yahoo Finance via yfinance,73.23135587211355,Yahoo Finance via yfinance,71.94166127810297,-0.0019771811990291,0,staking_apr_rede,indisponivel_sem_dados_comparaveis
2025-04-04,34211567,2.993,1815.335205078125,1812.7354736328125,0.9985679055647464,-0.1432094435253716,-0.0001663476994835,0.0003796698399809,67.42733902538494,66.39774348291948,,,1743724800000,2025-04-04T12:00:23+00:00,1743768023000,2802.492345,34180495,2025-04-05 12:00:23+00:00,https://beaconcha.in/charts/staked_ether,https://www.beaconcha.in/ethstore,extraido_html_sem_imputacao; consistencia_interna_verificada,0,2.993,,,,ausente_nao_estimado,Yahoo Finance via yfinance,64.8360446701433,Yahoo Finance via yfinance,63.9798013331196,-0.0014320944352537,0,staking_apr_rede,indisponivel_sem_dados_comparaveis
2025-04-05,34263279,2.923,1805.9732666015625,1803.594482421875,0.998682824256771,-0.1317175743228982,-0.005170484318878,-0.0050554074380081,67.31791271316636,66.32030273672618,,,1743811200000,2025-04-05T12:00:23+00:00,1743854423000,2741.671806,34233199,2025-04-06 12:00:23+00:00,https://beaconcha.in/charts/staked_ether,https://www.beaconcha.in/ethstore,extraido_html_sem_imputacao; consistencia_interna_verificada,0,2.923,,,,ausente_nao_estimado,Yahoo Finance via yfinance,59.61434136647696,Yahoo Finance via yfinance,58.336078348174304,-0.0013171757432289,0,staking_apr_rede,indisponivel_sem_dados_comparaveis
2025-04-06,34281710,3.542,1576.72802734375,1569.9066162109375,0.9956736919655672,-0.432630803443268,-0.1357478212835792,-0.1387654708865554,80.73654855529448,80.42257751308426,,,1743897600000,2025-04-06T12:00:23+00:00,1743940823000,3321.019126,34219662,2025-04-07 12:00:23+00:00,https://beaconcha.in/charts/staked_ether,https://www.beaconcha.in/ethstore,extraido_html_sem_imputacao; consistencia_interna_verificada,0,3.542,,,,ausente_nao_estimado,Yahoo Finance via yfinance,114.4080527634961,Yahoo Finance via yfinance,115.6223494382696,-0.0043263080344326,0,staking_apr_rede,indisponivel_sem_dados_comparaveis
2025-04-07,34192174,3.2,1555.240966796875,1556.980712890625,1.0011186344308645,0.1118634430864462,-0.0137213348593793,-0.0082676320491291,79.50585536619879,79.17586402262373,,,1743984000000,2025-04-07T12:00:23+00:00,1744027223000,2991.06087,34121198,2025-04-08 12:00:23+00:00,https://beaconcha.in/charts/staked_ether,https://www.beaconcha.in/ethstore,extraido_html_sem_imputacao; consistencia_interna_verificada,0,3.2,,,,ausente_nao_estimado,Yahoo Finance via yfinance,112.04058620145835,Yahoo Finance via yfinance,113.25823690209732,0.0011186344308644,0,staking_apr_rede,indisponivel_sem_dados_comparaveis
2025-04-08,34108910,3.172,1472.5531005859375,1470.4735107421875,0.9985877658042196,-0.1412234195780404,-0.0546327987842089,-0.0571640403481295,76.21996304170263,76.15455326314327,,,1744070400000,2025-04-08T12:00:23+00:00,1744113623000,2957.504413,34031118,2025-04-09 12:00:23+00:00,https://beaconcha.in/charts/staked_ether,https://www.beaconcha.in/ethstore,extraido_html_sem_imputacao; consistencia_interna_verificada,0,3.172,,,,ausente_nao_estimado,Yahoo Finance via yfinance,98.07404664448978,Yahoo Finance via yfinance,100.30855657495955,-0.0014122341957804,0,staking_apr_rede,indisponivel_sem_dados_comparaveis
2025-04-09,34037198,3.294,1668.0400390625,1662.4185791015625,0.9966299010639476,-0.3370098936052446,0.1246516104707034,0.1226890522985314,85.6100828549305,85.6980965430462,,,1744156800000,2025-04-09T12:00:23+00:00,1744200023000,3069.129139,34009422,2025-04-10 12:00:23+00:00,https://beaconcha.in/charts/staked_ether,https://www.beaconcha.in/ethstore,extraido_html_sem_imputacao; consistencia_interna_verificada,0,3.294,,,,ausente_nao_estimado,Yahoo Finance via yfinance,149.05064818439726,Yahoo Finance via yfinance,149.79561842868378,-0.0033700989360524,0,staking_apr_rede,indisponivel_sem_dados_comparaveis
2025-04-10,34037198,3.221,1522.518798828125,1522.005126953125,0.9996626170557662,-0.0337382944233799,-0.0912832400149294,-0.0882448893750775,89.8959442110852,89.90021454313253,,,1744243200000,2025-04-10T12:00:23+00:00,1744286423000,2999.784101,33998094,2025-04-11 12:00:23+00:00,https://beaconcha.in/charts/staked_ether,https://www.beaconcha.in/ethstore,extraido_html_sem_imputacao; consistencia_interna_verificada,1,3.221,,,,ausente_nao_estimado,Yahoo Finance via yfinance,158.06256770681267,Yahoo Finance via yfinance,158.14279304321693,-0.0003373829442337,0,staking_apr_rede,indisponivel_sem_dados_comparaveis
2025-04-11,34057934,3.074,1567.1497802734375,1565.5843505859375,0.9990010975930924,-0.0998902406907698,0.0288924750311869,0.0282305132594475,90.79943035114398,90.77004546526813,,,1744329600000,2025-04-11T12:00:23+00:00,1744372823000,2865.052118,34020494,2025-04-12 12:00:23+00:00,https://beaconcha.in/charts/staked_ether,https://www.beaconcha.in/ethstore,extraido_html_sem_imputacao; consistencia_interna_verificada,0,3.074,,,,ausente_nao_estimado,Yahoo Finance via yfinance,162.19579273606425,Yahoo Finance via yfinance,162.08278377876505,-0.0009989024069076,0,staking_apr_rede,indisponivel_sem_dados_comparaveis
2025-04-12,34096334,3.048,1643.528564453125,1643.858154296875,1.0002005379467558,0.0200537946755785,0.0475869513297275,0.0487868708138403,92.47739090926603,92.5533917084918,,,1744416000000,2025-04-12T12:00:23+00:00,1744459223000,2844.767895,34065231,2025-04-13 12:00:23+00:00,https://beaconcha.in/charts/staked_ether,https://www.beaconcha.in/ethstore,extraido_html_sem_imputacao; consistencia_interna_verificada,0,3.048,,,,ausente_nao_estimado,Yahoo Finance via yfinance,169.63185573962988,Yahoo Finance via yfinance,169.7733641220381,0.0002005379467557,0,staking_apr_rede,indisponivel_sem_dados_comparaveis
2025-04-13,34109806,3.171,1596.685791015625,1595.583251953125,0.999309482761916,-0.0690517238083998,-0.0289153938739919,-0.0298066674706197,92.26287269106491,92.30668135577145,,,1744502400000,2025-04-13T12:00:23+00:00,1744545623000,2955.440399,34023534,2025-04-14 12:00:23+00:00,https://beaconcha.in/charts/staked_ether,https://www.beaconcha.in/ethstore,extraido_html_sem_imputacao; consistencia_interna_verificada,0,3.171,,,,ausente_nao_estimado,Yahoo Finance via yfinance,137.2291814222552,Yahoo Finance via yfinance,135.55065857698872,-0.0006905172380839,0,staking_apr_rede,indisponivel_sem_dados_comparaveis
2025-04-14,34052206,3.028,1622.7698974609375,1623.9129638671875,1.0007043921680077,0.0704392168007661,0.0162044020706078,0.0175993020258079,92.31180550959544,92.41458018482504,,,1744588800000,2025-04-14T12:00:23+00:00,1744632023000,2817.82967,33965934,2025-04-15 12:00:23+00:00,https://beaconcha.in/charts/staked_ether,https://www.beaconcha.in/ethstore,extraido_html_sem_imputacao; consistencia_interna_verificada,0,3.028,,,,ausente_nao_estimado,Yahoo Finance via yfinance,136.8714731535677,Yahoo Finance via yfinance,135.60875897319357,0.0007043921680076,0,staking_apr_rede,indisponivel_sem_dados_comparaveis
2025-04-15,33994158,3.02,1588.6324462890625,1590.4368896484375,1.001135846975548,0.1135846975548027,-0.0212609529619479,-0.0208298947728032,92.19322882953848,92.27399897761067,,,1744675200000,2025-04-15T12:00:23+00:00,1744718423000,2809.178949,33952014,2025-04-16 12:00:23+00:00,https://beaconcha.in/charts/staked_ether,https://www.beaconcha.in/ethstore,extraido_html_sem_imputacao; consistencia_interna_verificada,0,3.02,,,,ausente_nao_estimado,Yahoo Finance via yfinance,129.80656174242768,Yahoo Finance via yfinance,127.6137796668561,0.001135846975548,0,staking_apr_rede,indisponivel_sem_dados_comparaveis
2025-04-16,34010157,2.996,1578.1053466796875,1576.07568359375,0.998713860839387,-0.1286139160613042,-0.0066485696482914,-0.0090707389851436,91.69630583050714,91.76945647241918,,,1744761600000,2025-04-16T12:00:23+00:00,1744804823000,2787.976435,33968559,2025-04-17 12:00:23+00:00,https://beaconcha.in/charts/staked_ether,https://www.beaconcha.in/ethstore,extraido_html_sem_imputacao; consistencia_interna_verificada,0,2.996,,,,ausente_nao_estimado,Yahoo Finance via yfinance,87.50828745898879,Yahoo Finance via yfinance,86.4037576727646,-0.001286139160613,0,staking_apr_rede,indisponivel_sem_dados_comparaveis
2025-04-17,34031888,3.0,1582.54833984375,1581.05322265625,0.999055247065851,-0.0944752934148973,0.0028114412594665,0.0031532087124079,91.69552814831238,91.78887741307604,,,1744848000000,2025-04-17T12:00:23+00:00,1744891223000,2794.230561,33996048,2025-04-18 12:00:23+00:00,https://beaconcha.in/charts/staked_ether,https://www.beaconcha.in/ethstore,extraido_html_sem_imputacao; consistencia_interna_verificada,0,3.0,,,,ausente_nao_estimado,Yahoo Finance via yfinance,52.25413008357719,Yahoo Finance via yfinance,53.43950026046714,-0.0009447529341489,0,staking_apr_rede,indisponivel_sem_dados_comparaveis
2025-04-18,34076176,2.915,1588.9246826171875,1587.81298828125,0.9993003479975486,-0.0699652002451367,0.0040210661228095,0.0042663687441571,88.323977187615,88.34102474697751,,,1744934400000,2025-04-18T12:00:23+00:00,1744977623000,2715.057796,33991888,2025-04-19 12:00:23+00:00,https://beaconcha.in/charts/staked_ether,https://www.beaconcha.in/ethstore,extraido_html_sem_imputacao; consistencia_interna_verificada,0,2.915,,,,ausente_nao_estimado,Yahoo Finance via yfinance,48.4346792079752,Yahoo Finance via yfinance,49.90656302530249,-0.0006996520024513,0,staking_apr_rede,indisponivel_sem_dados_comparaveis
2025-04-19,34071694,2.946,1612.9228515625,1615.1849365234375,1.0014024756105018,0.1402475610501774,0.0149904816405125,0.017091871573793,88.06288945576372,88.12825713219075,,,1745020800000,2025-04-19T12:00:23+00:00,1745064023000,2746.975782,34038704,2025-04-20 12:00:23+00:00,https://beaconcha.in/charts/staked_ether,https://www.beaconcha.in/ethstore,extraido_html_sem_imputacao; consistencia_interna_verificada,0,2.946,,,,ausente_nao_estimado,Yahoo Finance via yfinance,33.02843967537601,Yahoo Finance via yfinance,34.79674503128181,0.0014024756105017,0,staking_apr_rede,indisponivel_sem_dados_comparaveis
2025-04-20,34118094,2.974,1587.5142822265625,1584.5579833984375,0.9981377812714992,-0.1862218728500897,-0.0158785204153312,-0.0191439682889208,88.11714533379174,88.23349093136666,,,1745107200000,2025-04-20T12:00:23+00:00,1745150423000,2776.94255,34084238,2025-04-21 12:00:23+00:00,https://beaconcha.in/charts/staked_ether,https://www.beaconcha.in/ethstore,extraido_html_sem_imputacao; consistencia_interna_verificada,0,2.974,,,,ausente_nao_estimado,Yahoo Finance via yfinance,27.63062473222288,Yahoo Finance via yfinance,30.265941383789425,-0.0018622187285008,0,staking_apr_rede,indisponivel_sem_dados_comparaveis
2025-04-21,34115183,2.983,1579.7344970703125,1577.408447265625,0.998527569152284,-0.1472430847715977,-0.0049126553327039,-0.0045222164585543,87.96002674479485,88.11849972443329,,,1745193600000,2025-04-21T12:00:23+00:00,1745236823000,2783.758966,34062863,2025-04-22 12:00:23+00:00,https://beaconcha.in/charts/staked_ether,https://www.beaconcha.in/ethstore,extraido_html_sem_imputacao; consistencia_interna_verificada,0,2.983,,,,ausente_nao_estimado,Yahoo Finance via yfinance,23.632567355278287,Yahoo Finance via yfinance,25.90091655002391,-0.0014724308477159,0,staking_apr_rede,indisponivel_sem_dados_comparaveis
2025-04-22,34062958,3.132,1757.3316650390625,1756.034423828125,0.9992618119637032,-0.0738188036296882,0.1065397661091052,0.1072748214171564,96.36536782379764,96.6138585986048,,,1745280000000,2025-04-22T12:00:23+00:00,1745323223000,2920.646401,34036174,2025-04-23 12:00:23+00:00,https://beaconcha.in/charts/staked_ether,https://www.beaconcha.in/ethstore,extraido_html_sem_imputacao; consistencia_interna_verificada,0,3.132,,,,ausente_nao_estimado,Yahoo Finance via yfinance,79.78817835224577,Yahoo Finance via yfinance,81.41440825639602,-0.0007381880362968,0,staking_apr_rede,indisponivel_sem_dados_comparaveis
2025-04-23,34074734,3.101,1796.104248046875,1798.91455078125,1.0015646657132686,0.1564665713268631,0.0218234535662259,0.0241253570967058,95.77618872916202,96.1032937602011,,,1745366400000,2025-04-23T12:00:23+00:00,1745409623000,2890.856246,34024942,2025-04-24 12:00:23+00:00,https://beaconcha.in/charts/staked_ether,https://www.beaconcha.in/ethstore,extraido_html_sem_imputacao; consistencia_interna_verificada,0,3.101,,,,ausente_nao_estimado,Yahoo Finance via yfinance,77.84022885495618,Yahoo Finance via yfinance,79.1521393002634,0.0015646657132686,0,staking_apr_rede,indisponivel_sem_dados_comparaveis
2025-04-24,34093038,3.114,1769.8316650390625,1766.567138671875,0.9981554593966904,-0.1844540603309519,-0.014735575199703,-0.0181452619620768,95.83813565020878,96.21624592927084,,,1745452800000,2025-04-24T12:00:23+00:00,1745496023000,2905.026412,34047534,2025-04-25 12:00:23+00:00,https://beaconcha.in/charts/staked_ether,https://www.beaconcha.in/ethstore,extraido_html_sem_imputacao; consistencia_interna_verificada,0,3.114,,,,ausente_nao_estimado,Yahoo Finance via yfinance,80.95838931261382,Yahoo Finance via yfinance,83.12304702872608,-0.0018445406033095,0,staking_apr_rede,indisponivel_sem_dados_comparaveis
2025-04-25,34119758,2.991,1786.634521484375,1785.7099609375,0.9994825127714946,-0.0517487228505419,0.0094492569809282,0.0107778796728343,95.5823383300665,95.8950635430105,,,1745539200000,2025-04-25T12:00:23+00:00,1745582423000,2792.643186,34082478,2025-04-26 12:00:23+00:00,https://beaconcha.in/charts/staked_ether,https://www.beaconcha.in/ethstore,extraido_html_sem_imputacao; consistencia_interna_verificada,0,2.991,,,,ausente_nao_estimado,Yahoo Finance via yfinance,80.56460611799864,Yahoo Finance via yfinance,82.70298291205968,-0.0005174872285054,0,staking_apr_rede,indisponivel_sem_dados_comparaveis
2025-04-26,34149806,2.959,1821.881103515625,1820.15185546875,0.9990508447321078,-0.0949155267892187,0.0195358461335117,0.0191038613037575,95.9320040685884,96.22244653530736,,,1745625600000,2025-04-26T12:00:23+00:00,1745668823000,2766.831933,34125742,2025-04-27 12:00:23+00:00,https://beaconcha.in/charts/staked_ether,https://www.beaconcha.in/ethstore,extraido_html_sem_imputacao; consistencia_interna_verificada,0,2.959,,,,ausente_nao_estimado,Yahoo Finance via yfinance,80.57094679973738,Yahoo Finance via yfinance,82.72036113528745,-0.0009491552678921,0,staking_apr_rede,indisponivel_sem_dados_comparaveis
2025-04-27,34147278,2.97,1792.864990234375,1791.9866943359375,0.9995101159857428,-0.0489884014257313,-0.0160546471436956,-0.0155950451893431,94.24056980219127,94.6036952602186,,,1745712000000,2025-04-27T12:00:23+00:00,1745755223000,2777.651023,34137202,2025-04-28 12:00:23+00:00,https://beaconcha.in/charts/staked_ether,https://www.beaconcha.in/ethstore,extraido_html_sem_imputacao; consistencia_interna_verificada,0,2.97,,,,ausente_nao_estimado,Yahoo Finance via yfinance,80.6152930603545,Yahoo Finance via yfinance,81.80996756311599,-0.0004898840142573,0,staking_apr_rede,indisponivel_sem_dados_comparaveis
2025-04-28,34149197,3.013,1798.851806640625,1798.0526123046875,0.9995557197469036,-0.0444280253096507,0.003333682631085,0.0033793077029095,93.41167785623176,93.7241710742454,,,1745798400000,2025-04-28T12:00:23+00:00,1745841623000,2817.469997,34135502,2025-04-29 12:00:23+00:00,https://beaconcha.in/charts/staked_ether,https://www.beaconcha.in/ethstore,extraido_html_sem_imputacao; consistencia_interna_verificada,0,3.013,,,,ausente_nao_estimado,Yahoo Finance via yfinance,79.43954535163965,Yahoo Finance via yfinance,80.703168144499,-0.0004442802530965,0,staking_apr_rede,indisponivel_sem_dados_comparaveis
2025-04-29,34164394,2.954,1799.1756591796875,1793.546875,0.9968714649117396,-0.3128535088260276,0.0001800167136095,-0.002509043496838,93.32596599355188,93.63589630390724,,,1745884800000,2025-04-29T12:00:23+00:00,1745928023000,2764.095494,34148107,2025-04-30 12:00:23+00:00,https://beaconcha.in/charts/staked_ether,https://www.beaconcha.in/ethstore,extraido_html_sem_imputacao; consistencia_interna_verificada,0,2.954,,,,ausente_nao_estimado,Yahoo Finance via yfinance,28.70123506542556,Yahoo Finance via yfinance,31.09574320583829,-0.0031285350882602,0,staking_apr_rede,indisponivel_sem_dados_comparaveis
2025-04-30,34166123,2.975,1793.775390625,1792.4976806640625,0.9992876979093284,-0.0712302090671634,-0.0030060374028753,-0.0005851541159564,93.26531828575864,93.54420538954014,,,1745971200000,2025-04-30T12:00:23+00:00,1746014423000,2783.634282,34151083,2025-05-01 12:00:23+00:00,https://beaconcha.in/charts/staked_ether,https://www.beaconcha.in/ethstore,extraido_html_sem_imputacao; consistencia_interna_verificada,0,2.975,,,,ausente_nao_estimado,Yahoo Finance via yfinance,24.23858513734362,Yahoo Finance via yfinance,25.510795771469024,-0.0007123020906716,0,staking_apr_rede,indisponivel_sem_dados_comparaveis
2025-05-01,34141995,2.959,1839.2215576171875,1838.02490234375,0.99934936861278,-0.0650631387220102,0.0250198601127331,0.0250815728713967,92.35523624988303,92.69818837792008,,,1746057600000,2025-05-01T12:00:23+00:00,1746100823000,2766.30436,34120715,2025-05-02 12:00:23+00:00,https://beaconcha.in/charts/staked_ether,https://www.beaconcha.in/ethstore,extraido_html_sem_imputacao; consistencia_interna_verificada,0,2.959,,,,ausente_nao_estimado,Yahoo Finance via yfinance,26.605312141463767,Yahoo Finance via yfinance,26.413286509884376,-0.0006506313872201,0,staking_apr_rede,indisponivel_sem_dados_comparaveis
2025-05-02,34169705,2.951,1842.7078857421875,1840.4903564453125,0.9987965920621316,-0.1203407937868439,0.0018937512087332,0.0013404617337608,89.92141206579653,90.38190274721106,,,1746144000000,2025-05-02T12:00:23+00:00,1746187223000,2758.76917,34119338,2025-05-03 12:00:23+00:00,https://beaconcha.in/charts/staked_ether,https://www.beaconcha.in/ethstore,extraido_html_sem_imputacao; consistencia_interna_verificada,0,2.951,,,,ausente_nao_estimado,Yahoo Finance via yfinance,26.48112302889049,Yahoo Finance via yfinance,26.18001033314336,-0.0012034079378684,0,staking_apr_rede,indisponivel_sem_dados_comparaveis
2025-05-03,34173674,2.906,1833.8397216796875,1833.35595703125,0.9997362012379172,-0.0263798762082823,-0.0048241895432072,-0.0038838904916569,89.8625133983942,90.3509448708843,,,1746230400000,2025-05-03T12:00:23+00:00,1746273623000,2719.078759,34155498,2025-05-04 12:00:23+00:00,https://beaconcha.in/charts/staked_ether,https://www.beaconcha.in/ethstore,extraido_html_sem_imputacao; consistencia_interna_verificada,0,2.906,,,,ausente_nao_estimado,Yahoo Finance via yfinance,23.71726178665145,Yahoo Finance via yfinance,23.395672533401537,-0.0002637987620828,0,staking_apr_rede,indisponivel_sem_dados_comparaveis
2025-05-04,34162603,2.951,1808.59423828125,1807.314453125,0.9992923868001116,-0.0707613199888435,-0.0138620976710994,-0.0143061277842787,89.99895901852904,90.49624559048202,,,1746316800000,2025-05-04T12:00:23+00:00,1746360023000,2761.551089,34155211,2025-05-05 12:00:23+00:00,https://beaconcha.in/charts/staked_ether,https://www.beaconcha.in/ethstore,extraido_html_sem_imputacao; consistencia_interna_verificada,0,2.951,,,,ausente_nao_estimado,Yahoo Finance via yfinance,22.79680940044808,Yahoo Finance via yfinance,22.85057016499796,-0.0007076131998884,0,staking_apr_rede,indisponivel_sem_dados_comparaveis
2025-05-05,34174187,2.944,1819.697509765625,1818.1815185546875,0.9991668993320034,-0.0833100667996578,0.0061204042648664,0.0059948200519241,90.00544516293732,90.50216799802834,,,1746403200000,2025-05-05T12:00:23+00:00,1746446423000,2753.755255,34145260,2025-05-06 12:00:23+00:00,https://beaconcha.in/charts/staked_ether,https://www.beaconcha.in/ethstore,extraido_html_sem_imputacao; consistencia_interna_verificada,0,2.944,,,,ausente_nao_estimado,Yahoo Finance via yfinance,23.039441391571525,Yahoo Finance via yfinance,23.07807101730988,-0.0008331006679965,0,staking_apr_rede,indisponivel_sem_dados_comparaveis
2025-05-06,34185868,2.957,1815.0875244140625,1815.1612548828125,1.0000406208889423,0.0040620888942521,-0.0025365944781066,-0.0016625265249518,75.49542979310895,75.36099637574529,,,1746489600000,2025-05-06T12:00:23+00:00,1746532823000,2767.489604,34155472,2025-05-07 12:00:23+00:00,https://beaconcha.in/charts/staked_ether,https://www.beaconcha.in/ethstore,extraido_html_sem_imputacao; consistencia_interna_verificada,0,2.957,,,,ausente_nao_estimado,Yahoo Finance via yfinance,23.227338099292343,Yahoo Finance via yfinance,22.99454067699582,4.062088894252192e-05,0,staking_apr_rede,indisponivel_sem_dados_comparaveis
2025-05-07,34203280,2.956,1811.606689453125,1815.1065673828125,1.0019319193012828,0.193191930128278,-0.0019195641123836,-3.0128631099224763e-05,75.24494365096098,75.23535626404255,,,1746576000000,2025-05-07T12:00:23+00:00,1746619223000,2766.070815,34151120,2025-05-08 12:00:23+00:00,https://beaconcha.in/charts/staked_ether,https://www.beaconcha.in/ethstore,extraido_html_sem_imputacao; consistencia_interna_verificada,0,2.956,,,,ausente_nao_estimado,Yahoo Finance via yfinance,23.11900483794676,Yahoo Finance via yfinance,22.96429340319817,0.0019319193012827,0,staking_apr_rede,indisponivel_sem_dados_comparaveis
2025-05-08,34232655,3.245,2206.5146484375,2204.305908203125,0.9989989913568263,-0.1001008643173539,0.1972000632121607,0.1942684976800202,97.93952108514569,97.00666637109964,,,1746662400000,2025-05-08T12:00:23+00:00,1746705623000,3035.336125,34140399,2025-05-09 12:00:23+00:00,https://beaconcha.in/charts/staked_ether,https://www.beaconcha.in/ethstore,extraido_html_sem_imputacao; consistencia_interna_verificada,0,3.245,,,,ausente_nao_estimado,Yahoo Finance via yfinance,144.69989313067106,Yahoo Finance via yfinance,142.2924885323366,-0.0010010086431735,0,staking_apr_rede,indisponivel_sem_dados_comparaveis
2025-05-09,34208477,3.107,2345.50732421875,2343.02587890625,0.998942043247157,-0.1057956752843036,0.0610875329783339,0.0610305261811376,91.13136525830215,90.43249934878386,,,1746748800000,2025-05-09T12:00:23+00:00,1746792023000,2906.01238,34135771,2025-05-10 12:00:23+00:00,https://beaconcha.in/charts/staked_ether,https://www.beaconcha.in/ethstore,extraido_html_sem_imputacao; consistencia_interna_verificada,0,3.107,,,,ausente_nao_estimado,Yahoo Finance via yfinance,145.0111920634682,Yahoo Finance via yfinance,142.53770763753593,-0.001057956752843,0,staking_apr_rede,indisponivel_sem_dados_comparaveis
2025-05-10,34198644,3.215,2582.422607421875,2585.2119140625,1.00108011238463,0.1080112384630016,0.0962262320282341,0.0983642782952934,87.96471165974538,87.93337995296129,,,1746835200000,2025-05-10T12:00:23+00:00,1746878423000,3005.891172,34125067,2025-05-11 12:00:23+00:00,https://beaconcha.in/charts/staked_ether,https://www.beaconcha.in/ethstore,extraido_html_sem_imputacao; consistencia_interna_verificada,0,3.215,,,,ausente_nao_estimado,Yahoo Finance via yfinance,146.7040171310183,Yahoo Finance via yfinance,144.89623665957347,0.00108011238463,0,staking_apr_rede,indisponivel_sem_dados_comparaveis
2025-05-11,34183444,3.184,2510.23779296875,2506.301025390625,0.998431715278468,-0.156828472153192,-0.0283504665872706,-0.0309995118374851,89.29679707216113,89.45108657271275,,,1746921600000,2025-05-11T12:00:23+00:00,1746964823000,2974.502598,34097842,2025-05-12 12:00:23+00:00,https://beaconcha.in/charts/staked_ether,https://www.beaconcha.in/ethstore,extraido_html_sem_imputacao; consistencia_interna_verificada,0,3.184,,,,ausente_nao_estimado,Yahoo Finance via yfinance,150.79092570003792,Yahoo Finance via yfinance,149.75948683207946,-0.0015682847215319,0,staking_apr_rede,indisponivel_sem_dados_comparaveis
2025-05-12,34191944,3.135,2496.397705078125,2490.2138671875,0.9975228955394224,-0.2477104460577694,-0.005528712106074,-0.0064393738986092,88.83063455570941,88.95165688337062,,,1747008000000,2025-05-12T12:00:23+00:00,1747051223000,2926.97559,34078988,2025-05-13 12:00:23+00:00,https://beaconcha.in/charts/staked_ether,https://www.beaconcha.in/ethstore,extraido_html_sem_imputacao; consistencia_interna_verificada,0,3.135,,,,ausente_nao_estimado,Yahoo Finance via yfinance,152.9237673039322,Yahoo Finance via yfinance,152.0672976193426,-0.0024771044605776,0,staking_apr_rede,indisponivel_sem_dados_comparaveis
2025-05-13,34168987,3.085,2680.129638671875,2680.330322265625,1.0000748783159048,0.0074878315904802,0.0710163912068091,0.0735714442792789,89.59919698084349,89.87068328357817,,,1747094400000,2025-05-13T12:00:23+00:00,1747137623000,2880.306427,34077989,2025-05-14 12:00:23+00:00,https://beaconcha.in/charts/staked_ether,https://www.beaconcha.in/ethstore,extraido_html_sem_imputacao; consistencia_interna_verificada,0,3.085,,,,ausente_nao_estimado,Yahoo Finance via yfinance,148.11326205586184,Yahoo Finance via yfinance,147.68449912514038,7.487831590480276e-05,0,staking_apr_rede,indisponivel_sem_dados_comparaveis
2025-05-14,34157678,3.021,2610.063232421875,2607.80029296875,0.999132994394536,-0.0867005605463933,-0.0264907179689115,-0.0274329751537826,90.89110147084132,91.21382779291224,,,1747180800000,2025-05-14T12:00:23+00:00,1747224023000,2817.855415,34048172,2025-05-15 12:00:23+00:00,https://beaconcha.in/charts/staked_ether,https://www.beaconcha.in/ethstore,extraido_html_sem_imputacao; consistencia_interna_verificada,0,3.021,,,,ausente_nao_estimado,Yahoo Finance via yfinance,154.83590712241144,Yahoo Finance via yfinance,155.11180021566702,-0.0008670056054639,0,staking_apr_rede,indisponivel_sem_dados_comparaveis
2025-05-15,34149523,3.076,2546.85693359375,2538.4365234375,0.9966938032344173,-0.3306196765582858,-0.0245144241590459,-0.0269587167975077,91.06517503202566,91.54794929577032,,,1747267200000,2025-05-15T12:00:23+00:00,1747310423000,2868.472373,34034616,2025-05-16 12:00:23+00:00,https://beaconcha.in/charts/staked_ether,https://www.beaconcha.in/ethstore,extraido_html_sem_imputacao; consistencia_interna_verificada,0,3.076,,,,ausente_nao_estimado,Yahoo Finance via yfinance,102.38555568584708,Yahoo Finance via yfinance,105.93984261570532,-0.0033061967655828,0,staking_apr_rede,indisponivel_sem_dados_comparaveis
2025-05-16,34161862,3.015,2536.297607421875,2542.064697265625,1.0022738222150562,0.2273822215056231,-0.0041546410896683,0.0014282742144101,90.9921543769352,91.26487616431376,,,1747353600000,2025-05-16T12:00:23+00:00,1747396823000,2812.711048,34054710,2025-05-17 12:00:23+00:00,https://beaconcha.in/charts/staked_ether,https://www.beaconcha.in/ethstore,extraido_html_sem_imputacao; consistencia_interna_verificada,0,3.015,,,,ausente_nao_estimado,Yahoo Finance via yfinance,97.36484848945604,Yahoo Finance via yfinance,100.558342338598,0.0022738222150562,0,staking_apr_rede,indisponivel_sem_dados_comparaveis
2025-05-17,34139817,2.908,2475.75439453125,2472.54296875,0.998702849608853,-0.1297150391146972,-0.024160227325987,-0.0277294607383482,91.95854838524852,92.4374247046333,,,1747440000000,2025-05-17T12:00:23+00:00,1747483223000,2712.937594,34050760,2025-05-18 12:00:23+00:00,https://beaconcha.in/charts/staked_ether,https://www.beaconcha.in/ethstore,extraido_html_sem_imputacao; consistencia_interna_verificada,0,2.908,,,,ausente_nao_estimado,Yahoo Finance via yfinance,67.66837409837552,Yahoo Finance via yfinance,71.40693355564609,-0.0012971503911469,0,staking_apr_rede,indisponivel_sem_dados_comparaveis
2025-05-18,34133402,3.035,2498.233642578125,2489.890869140625,0.9966605311467625,-0.3339468853237659,0.0090387837382964,0.0069917188327477,91.90035632440522,92.40282758144404,,,1747526400000,2025-05-18T12:00:23+00:00,1747569623000,2831.71532,34060550,2025-05-19 12:00:23+00:00,https://beaconcha.in/charts/staked_ether,https://www.beaconcha.in/ethstore,extraido_html_sem_imputacao; consistencia_interna_verificada,0,3.035,,,,ausente_nao_estimado,Yahoo Finance via yfinance,65.51642993920457,Yahoo Finance via yfinance,68.6506220423315,-0.0033394688532376,0,staking_apr_rede,indisponivel_sem_dados_comparaveis
2025-05-19,34148412,3.023,2529.166748046875,2526.51171875,0.9989502355671388,-0.1049764432861311,0.0123059607079051,0.0146007022109432,91.90547123613746,92.39980157686466,,,1747612800000,2025-05-19T12:00:23+00:00,1747656023000,2821.824053,34075532,2025-05-20 12:00:23+00:00,https://beaconcha.in/charts/staked_ether,https://www.beaconcha.in/ethstore,extraido_html_sem_imputacao; consistencia_interna_verificada,0,3.023,,,,ausente_nao_estimado,Yahoo Finance via yfinance,65.97839631483988,Yahoo Finance via yfinance,69.3030977829986,-0.0010497644328613,0,staking_apr_rede,indisponivel_sem_dados_comparaveis
2025-05-20,34142842,3.015,2524.173095703125,2518.09130859375,0.9975905823892474,-0.240941761075264,-0.0019763776526482,-0.0033383867594498,91.44445862433304,91.82928188247644,,,1747699200000,2025-05-20T12:00:23+00:00,1747742423000,2812.985316,34058689,2025-05-21 12:00:23+00:00,https://beaconcha.in/charts/staked_ether,https://www.beaconcha.in/ethstore,extraido_html_sem_imputacao; consistencia_interna_verificada,0,3.015,,,,ausente_nao_estimado,Yahoo Finance via yfinance,31.463112745116607,Yahoo Finance via yfinance,34.58799417769032,-0.0024094176107526,0,staking_apr_rede,indisponivel_sem_dados_comparaveis
2025-05-21,34133795,3.14,2552.34716796875,2551.167236328125,0.9995377072306492,-0.0462292769350836,0.0110998715940303,0.013049796862697,91.16564658449528,91.55264320975697,,,1747785600000,2025-05-21T12:00:23+00:00,1747828823000,2930.158817,34057775,2025-05-22 12:00:23+00:00,https://beaconcha.in/charts/staked_ether,https://www.beaconcha.in/ethstore,extraido_html_sem_imputacao; consistencia_interna_verificada,0,3.14,,,,ausente_nao_estimado,Yahoo Finance via yfinance,30.11436260743604,Yahoo Finance via yfinance,33.74949089906982,-0.0004622927693508,0,staking_apr_rede,indisponivel_sem_dados_comparaveis
2025-05-22,34135250,3.134,2664.156982421875,2657.6962890625,0.9975749577063204,-0.242504229367968,0.042874284441957,0.040908696630395,85.75076079977708,85.98463326280473,,,1747872000000,2025-05-22T12:00:23+00:00,1747915223000,2922.192009,34029709,2025-05-23 12:00:23+00:00,https://beaconcha.in/charts/staked_ether,https://www.beaconcha.in/ethstore,extraido_html_sem_imputacao; consistencia_interna_verificada,0,3.134,,,,ausente_nao_estimado,Yahoo Finance via yfinance,39.07414648738959,Yahoo Finance via yfinance,39.66962225486698,-0.0024250422936796,0,staking_apr_rede,indisponivel_sem_dados_comparaveis
2025-05-23,34105654,3.05,2526.44189453125,2517.80810546875,0.9965826290795808,-0.3417370920419271,-0.0530757311965884,-0.0540709671952108,88.80185739332906,89.07484638237408,,,1747958400000,2025-05-23T12:00:23+00:00,1748001623000,2841.184526,34002725,2025-05-24 12:00:23+00:00,https://beaconcha.in/charts/staked_ether,https://www.beaconcha.in/ethstore,extraido_html_sem_imputacao; consistencia_interna_verificada,0,3.05,,,,ausente_nao_estimado,Yahoo Finance via yfinance,58.35121943220752,Yahoo Finance via yfinance,59.3817893268435,-0.0034173709204192,0,staking_apr_rede,indisponivel_sem_dados_comparaveis
2025-05-24,34096621,2.953,2530.646240234375,2527.821044921875,0.9988836071721195,-0.1116392827880341,0.0016627539642371,0.0039689609754777,88.37824387154777,88.4897401128102,,,1748044800000,2025-05-24T12:00:23+00:00,1748088023000,2750.570234,33992319,2025-05-25 12:00:23+00:00,https://beaconcha.in/charts/staked_ether,https://www.beaconcha.in/ethstore,extraido_html_sem_imputacao; consistencia_interna_verificada,0,2.953,,,,ausente_nao_estimado,Yahoo Finance via yfinance,54.87236906961282,Yahoo Finance via yfinance,55.07741520453619,-0.0011163928278803,0,staking_apr_rede,indisponivel_sem_dados_comparaveis
2025-05-25,34122243,2.978,2551.763916015625,2549.341552734375,0.9990507102690628,-0.094928973093733,0.0083101507598364,0.0084774266265892,88.38314448516975,88.49719341367722,,,1748131200000,2025-05-25T12:00:23+00:00,1748174423000,2773.558347,33998592,2025-05-26 12:00:23+00:00,https://beaconcha.in/charts/staked_ether,https://www.beaconcha.in/ethstore,extraido_html_sem_imputacao; consistencia_interna_verificada,0,2.978,,,,ausente_nao_estimado,Yahoo Finance via yfinance,54.82716511900355,Yahoo Finance via yfinance,55.15071472445042,-0.0009492897309373,0,staking_apr_rede,indisponivel_sem_dados_comparaveis
2025-05-26,34154942,3.031,2564.138427734375,2558.304931640625,0.9977249683438876,-0.2275031656112425,0.0048376747720175,0.0035097918914529,88.37163120081006,88.50385931950868,,,1748217600000,2025-05-26T12:00:23+00:00,1748260823000,2828.378664,34055330,2025-05-27 12:00:23+00:00,https://beaconcha.in/charts/staked_ether,https://www.beaconcha.in/ethstore,extraido_html_sem_imputacao; consistencia_interna_verificada,0,3.031,,,,ausente_nao_estimado,Yahoo Finance via yfinance,54.32130196281687,Yahoo Finance via yfinance,54.35261676335807,-0.0022750316561124,0,staking_apr_rede,indisponivel_sem_dados_comparaveis
2025-05-27,34202271,3.146,2663.06982421875,2662.620849609375,0.9998314071207252,-0.0168592879274842,0.0378570000457332,0.0399660164254341,88.26490628793451,88.4969033765997,,,1748304000000,2025-05-27T12:00:23+00:00,1748347223000,2941.972185,34128146,2025-05-28 12:00:23+00:00,https://beaconcha.in/charts/staked_ether,https://www.beaconcha.in/ethstore,extraido_html_sem_imputacao; consistencia_interna_verificada,0,3.146,,,,ausente_nao_estimado,Yahoo Finance via yfinance,59.8940206185061,Yahoo Finance via yfinance,60.51457124876733,-0.0001685928792748,0,staking_apr_rede,indisponivel_sem_dados_comparaveis
2025-05-28,34233753,3.043,2682.212890625,2675.78076171875,0.9976019319984883,-0.2398068001511655,0.0071626326498702,0.0049302917707762,88.22119162398404,88.47689285093794,,,1748390400000,2025-05-28T12:00:23+00:00,1748433623000,2846.607011,34144546,2025-05-29 12:00:23+00:00,https://beaconcha.in/charts/staked_ether,https://www.beaconcha.in/ethstore,extraido_html_sem_imputacao; consistencia_interna_verificada,0,3.043,,,,ausente_nao_estimado,Yahoo Finance via yfinance,59.82358916448174,Yahoo Finance via yfinance,60.38406335997198,-0.0023980680015116,0,staking_apr_rede,indisponivel_sem_dados_comparaveis
2025-05-29,34267287,3.14,2632.65478515625,2628.461669921875,0.9984072673492866,-0.1592732650713357,-0.0186493981950164,-0.0178424526210564,88.81654973070535,88.98088212944822,,,1748476800000,2025-05-29T12:00:23+00:00,1748520023000,2935.074197,34116320,2025-05-30 12:00:23+00:00,https://beaconcha.in/charts/staked_ether,https://www.beaconcha.in/ethstore,extraido_html_sem_imputacao; consistencia_interna_verificada,0,3.14,,,,ausente_nao_estimado,Yahoo Finance via yfinance,53.60924231092624,Yahoo Finance via yfinance,54.85308718193157,-0.0015927326507133,0,staking_apr_rede,indisponivel_sem_dados_comparaveis
2025-05-30,34277571,3.056,2529.943603515625,2526.2294921875,0.9985319390823716,-0.14680609176283,-0.0397957496871885,-0.0396708868642789,90.54502186511596,90.74454192636068,,,1748563200000,2025-05-30T12:00:23+00:00,1748606423000,2866.063343,34225854,2025-05-31 12:00:23+00:00,https://beaconcha.in/charts/staked_ether,https://www.beaconcha.in/ethstore,extraido_html_sem_imputacao; consistencia_interna_verificada,0,3.056,,,,ausente_nao_estimado,Yahoo Finance via yfinance,46.21475438858605,Yahoo Finance via yfinance,46.875806828058906,-0.0014680609176283,0,staking_apr_rede,indisponivel_sem_dados_comparaveis
2025-05-31,34323826,2.959,2529.08740234375,2528.205078125,0.9996511294082078,-0.0348870591792227,-0.0003384842587673,0.0007817238548141,90.49915629552432,90.68050302907362,,,1748649600000,2025-05-31T12:00:23+00:00,1748692823000,2777.247775,34253763,2025-06-01 12:00:23+00:00,https://beaconcha.in/charts/staked_ether,https://www.beaconcha.in/ethstore,extraido_html_sem_imputacao; consistencia_interna_verificada,0,2.959,,,,ausente_nao_estimado,Yahoo Finance via yfinance,46.19875597991482,Yahoo Finance via yfinance,46.78778820950109,-0.0003488705917922,0,staking_apr_rede,indisponivel_sem_dados_comparaveis
2025-06-01,34357867,2.997,2536.266357421875,2533.2666015625,0.9988172551945907,-0.1182744805409252,0.0028345344571224,0.0020000211183727,90.48833684409944,90.67229288053186,,,1748736000000,2025-06-01T12:00:23+00:00,1748779223000,2810.734935,34235305,2025-06-02 12:00:23+00:00,https://beaconcha.in/charts/staked_ether,https://www.beaconcha.in/ethstore,extraido_html_sem_imputacao; consistencia_interna_verificada,0,2.997,,,,ausente_nao_estimado,Yahoo Finance via yfinance,45.76035484988662,Yahoo Finance via yfinance,46.3069794509151,-0.0011827448054092,0,staking_apr_rede,indisponivel_sem_dados_comparaveis
2025-06-02,34402127,3.055,2607.097412109375,2607.92333984375,1.0003167997216134,0.0316799721613358,0.0275444382607292,0.0290446326119508,90.4960841129096,90.7354535328674,,,1748822400000,2025-06-02T12:00:23+00:00,1748865623000,2874.070658,34332782,2025-06-03 12:00:23+00:00,https://beaconcha.in/charts/staked_ether,https://www.beaconcha.in/ethstore,extraido_html_sem_imputacao; consistencia_interna_verificada,0,3.055,,,,ausente_nao_estimado,Yahoo Finance via yfinance,50.20505589315428,Yahoo Finance via yfinance,51.19996380374289,0.0003167997216133,0,staking_apr_rede,indisponivel_sem_dados_comparaveis
2025-06-03,34446831,3.053,2593.2802734375,2590.1240234375,0.998782912116238,-0.1217087883762069,-0.0053139106507145,-0.0068484893386198,90.24061311648288,90.50293220167748,,,1748908800000,2025-06-03T12:00:23+00:00,1748952023000,2872.29477,34338741,2025-06-04 12:00:23+00:00,https://beaconcha.in/charts/staked_ether,https://www.beaconcha.in/ethstore,extraido_html_sem_imputacao; consistencia_interna_verificada,0,3.053,,,,ausente_nao_estimado,Yahoo Finance via yfinance,40.35585510508841,Yahoo Finance via yfinance,40.54787912491064,-0.001217087883762,0,staking_apr_rede,indisponivel_sem_dados_comparaveis
2025-06-04,34473559,3.06,2608.64306640625,2608.58837890625,0.9999790360357445,-0.002096396425566,0.005906599013369,0.0071034639660947,90.24240093929372,90.49450626348889,,,1748995200000,2025-06-04T12:00:23+00:00,1749038423000,2883.265828,34390151,2025-06-05 12:00:23+00:00,https://beaconcha.in/charts/staked_ether,https://www.beaconcha.in/ethstore,extraido_html_sem_imputacao; consistencia_interna_verificada,0,3.06,,,,ausente_nao_estimado,Yahoo Finance via yfinance,40.158118282354025,Yahoo Finance via yfinance,40.86631653604294,-2.0963964255660272e-05,0,staking_apr_rede,indisponivel_sem_dados_comparaveis
2025-06-05,34506181,3.134,2416.28564453125,2418.300048828125,1.0008336780468958,0.0833678046895824,-0.0765986847759242,-0.0757443898615487,95.30039003956315,95.45869844298578,,,1749081600000,2025-06-05T12:00:23+00:00,1749124823000,2956.373267,34430725,2025-06-06 12:00:23+00:00,https://beaconcha.in/charts/staked_ether,https://www.beaconcha.in/ethstore,extraido_html_sem_imputacao; consistencia_interna_verificada,0,3.134,,,,ausente_nao_estimado,Yahoo Finance via yfinance,66.32076030419432,Yahoo Finance via yfinance,66.47724125652599,0.0008336780468958,0,staking_apr_rede,indisponivel_sem_dados_comparaveis
2025-06-06,34555802,3.067,2477.19482421875,2477.1279296875,0.9999729958537794,-0.0027004146220588,0.0248952972758043,0.0240349620345924,95.3536505993428,95.52335178494069,,,1749168000000,2025-06-06T12:00:23+00:00,1749211223000,2898.285268,34489680,2025-06-07 12:00:23+00:00,https://beaconcha.in/charts/staked_ether,https://www.beaconcha.in/ethstore,extraido_html_sem_imputacao; consistencia_interna_verificada,0,3.067,,,,ausente_nao_estimado,Yahoo Finance via yfinance,66.4278349562558,Yahoo Finance via yfinance,66.20646238685765,-2.700414622058833e-05,0,staking_apr_rede,indisponivel_sem_dados_comparaveis
2025-06-07,34607875,2.955,2526.50537109375,2521.41845703125,0.9979865809427124,-0.2013419057287691,0.0197102709384413,0.0177218267390236,67.67981513964332,68.87705037293064,,,1749254400000,2025-06-07T12:00:23+00:00,1749297623000,2795.1232,34524629,2025-06-08 12:00:23+00:00,https://beaconcha.in/charts/staked_ether,https://www.beaconcha.in/ethstore,extraido_html_sem_imputacao; consistencia_interna_verificada,0,2.955,,,,ausente_nao_estimado,Yahoo Finance via yfinance,68.46468365137092,Yahoo Finance via yfinance,67.87364830853251,-0.0020134190572876,0,staking_apr_rede,indisponivel_sem_dados_comparaveis
2025-06-08,34653193,2.941,2510.787109375,2508.540771484375,0.9991053252256086,-0.0894674774391424,-0.0062407782732493,-0.0051204047977322,64.60084367452177,65.83914102984232,,,1749340800000,2025-06-08T12:00:23+00:00,1749384023000,2783.009971,34542072,2025-06-09 12:00:23+00:00,https://beaconcha.in/charts/staked_ether,https://www.beaconcha.in/ethstore,extraido_html_sem_imputacao; consistencia_interna_verificada,0,2.941,,,,ausente_nao_estimado,Yahoo Finance via yfinance,68.53794089306098,Yahoo Finance via yfinance,67.91623976593425,-0.0008946747743914,0,staking_apr_rede,indisponivel_sem_dados_comparaveis
2025-06-09,34695425,3.148,2681.51708984375,2678.247802734375,0.9987808069089854,-0.1219193091014592,0.0657864192835449,0.0654615576067381,59.716565587058646,60.58596371239271,,,1749427200000,2025-06-09T12:00:23+00:00,1749470423000,2983.326945,34586018,2025-06-10 12:00:23+00:00,https://beaconcha.in/charts/staked_ether,https://www.beaconcha.in/ethstore,extraido_html_sem_imputacao; consistencia_interna_verificada,0,3.148,,,,ausente_nao_estimado,Yahoo Finance via yfinance,82.51487174950563,Yahoo Finance via yfinance,81.56654719152381,-0.0012191930910145,0,staking_apr_rede,indisponivel_sem_dados_comparaveis
2025-06-10,34694938,3.139,2813.517578125,2807.717529296875,0.9979385062765486,-0.2061493723451435,0.0480527949894558,0.0472091103745604,60.88432297669378,61.49272556067073,,,1749513600000,2025-06-10T12:00:23+00:00,1749556823000,2974.675661,34589426,2025-06-11 12:00:23+00:00,https://beaconcha.in/charts/staked_ether,https://www.beaconcha.in/ethstore,extraido_html_sem_imputacao; consistencia_interna_verificada,0,3.139,,,,ausente_nao_estimado,Yahoo Finance via yfinance,87.67919338045965,Yahoo Finance via yfinance,86.46618210895753,-0.0020614937234514,0,staking_apr_rede,indisponivel_sem_dados_comparaveis
2025-06-11,34670396,3.122,2773.529296875,2775.148193359375,1.0005836954692344,0.0583695469234424,-0.0143148840506453,-0.0116677373389098,61.13043084315115,61.62903628612235,,,1749600000000,2025-06-11T12:00:23+00:00,1749643223000,2957.198449,34575578,2025-06-12 12:00:23+00:00,https://beaconcha.in/charts/staked_ether,https://www.beaconcha.in/ethstore,extraido_html_sem_imputacao; consistencia_interna_verificada,0,3.122,,,,ausente_nao_estimado,Yahoo Finance via yfinance,89.67735159563975,Yahoo Finance via yfinance,88.09700090223829,0.0005836954692344,0,staking_apr_rede,indisponivel_sem_dados_comparaveis
2025-06-12,34694490,3.11,2651.795166015625,2650.49560546875,0.999509931776206,-0.0490068223794049,-0.0448837918096281,-0.0459575053413947,58.324455778855885,58.57835475662211,,,1749686400000,2025-06-12T12:00:23+00:00,1749729623000,2949.346415,34609553,2025-06-13 12:00:23+00:00,https://beaconcha.in/charts/staked_ether,https://www.beaconcha.in/ethstore,extraido_html_sem_imputacao; consistencia_interna_verificada,0,3.11,,,,ausente_nao_estimado,Yahoo Finance via yfinance,72.61523452518551,Yahoo Finance via yfinance,71.82094349363955,-0.000490068223794,0,staking_apr_rede,indisponivel_sem_dados_comparaveis
2025-06-13,34730353,2.962,2579.486083984375,2577.36962890625,0.9991795051381492,-0.0820494861850873,-0.0276466449519776,-0.0279772882575,58.39100746136094,58.61030069230274,,,1749772800000,2025-06-13T12:00:23+00:00,1749816023000,2811.883942,34645822,2025-06-14 12:00:23+00:00,https://beaconcha.in/charts/staked_ether,https://www.beaconcha.in/ethstore,extraido_html_sem_imputacao; consistencia_interna_verificada,0,2.962,,,,ausente_nao_estimado,Yahoo Finance via yfinance,77.26804742136716,Yahoo Finance via yfinance,76.65969703104642,-0.0008204948618508,0,staking_apr_rede,indisponivel_sem_dados_comparaveis
2025-06-14,34781188,2.884,2533.444091796875,2528.37451171875,0.9979989374565084,-0.2001062543491638,-0.0180105087233961,-0.0191927444154776,58.09616713468608,58.228591225890966,,,1749859200000,2025-06-14T12:00:23+00:00,1749902423000,2740.271286,34675583,2025-06-15 12:00:23+00:00,https://beaconcha.in/charts/staked_ether,https://www.beaconcha.in/ethstore,extraido_html_sem_imputacao; consistencia_interna_verificada,0,2.884,,,,ausente_nao_estimado,Yahoo Finance via yfinance,77.92933506945272,Yahoo Finance via yfinance,77.75500475727371,-0.0020010625434916,0,staking_apr_rede,indisponivel_sem_dados_comparaveis
2025-06-15,34822212,2.908,2546.837158203125,2547.052734375,1.0000846446625693,0.0084644662569299,0.0052725810932733,0.0073602895177625,58.10796790956283,58.28533756982488,,,1749945600000,2025-06-15T12:00:23+00:00,1749988823000,2765.998103,34722418,2025-06-16 12:00:23+00:00,https://beaconcha.in/charts/staked_ether,https://www.beaconcha.in/ethstore,extraido_html_sem_imputacao; consistencia_interna_verificada,0,2.908,,,,ausente_nao_estimado,Yahoo Finance via yfinance,77.77655083931788,Yahoo Finance via yfinance,77.73888128528912,8.464466256929981e-05,0,staking_apr_rede,indisponivel_sem_dados_comparaveis
2025-06-16,34844473,3.025,2540.60498046875,2547.370361328125,1.002662901518097,0.2662901518097005,-0.0024500252511778,0.0001246959459667,57.45511995492094,57.416819144069976,,,1750032000000,2025-06-16T12:00:23+00:00,1750075223000,2880.762142,34757586,2025-06-17 12:00:23+00:00,https://beaconcha.in/charts/staked_ether,https://www.beaconcha.in/ethstore,extraido_html_sem_imputacao; consistencia_interna_verificada,0,3.025,,,,ausente_nao_estimado,Yahoo Finance via yfinance,56.43134782891504,Yahoo Finance via yfinance,56.90812280891222,0.002662901518097,0,staking_apr_rede,indisponivel_sem_dados_comparaveis
2025-06-17,34888268,2.987,2510.761474609375,2510.617431640625,0.9999426297678188,-0.0057370232181219,-0.0118161504839023,-0.0145328846393748,57.54199326969408,57.62431873032192,,,1750118400000,2025-06-17T12:00:23+00:00,1750161623000,2848.310797,34807257,2025-06-18 12:00:23+00:00,https://beaconcha.in/charts/staked_ether,https://www.beaconcha.in/ethstore,extraido_html_sem_imputacao; consistencia_interna_verificada,0,2.987,,,,ausente_nao_estimado,Yahoo Finance via yfinance,31.48883687430227,Yahoo Finance via yfinance,33.79769594923067,-5.737023218121973e-05,0,staking_apr_rede,indisponivel_sem_dados_comparaveis
2025-06-18,34933295,3.049,2524.301513671875,2531.948486328125,1.0030293420238563,0.3029342023856296,0.0053783127371164,0.0084604474280062,57.40863170900904,57.47180874172313,,,1750204800000,2025-06-18T12:00:23+00:00,1750248023000,2912.13205,34855832,2025-06-19 12:00:23+00:00,https://beaconcha.in/charts/staked_ether,https://www.beaconcha.in/ethstore,extraido_html_sem_imputacao; consistencia_interna_verificada,0,3.049,,,,ausente_nao_estimado,Yahoo Finance via yfinance,35.22036514891738,Yahoo Finance via yfinance,38.19794771435864,0.0030293420238562,0,staking_apr_rede,indisponivel_sem_dados_comparaveis
2025-06-19,34982422,2.97,2521.653564453125,2531.0673828125,1.0037331925733488,0.3733192573348809,-0.0010495335058742,-0.0003480548144793,57.405656333179856,57.4589408631406,,,1750291200000,2025-06-19T12:00:23+00:00,1750334423000,2838.457577,34887039,2025-06-20 12:00:23+00:00,https://beaconcha.in/charts/staked_ether,https://www.beaconcha.in/ethstore,extraido_html_sem_imputacao; consistencia_interna_verificada,0,2.97,,,,ausente_nao_estimado,Yahoo Finance via yfinance,23.790743433014946,Yahoo Finance via yfinance,26.84356563726527,0.0037331925733488,0,staking_apr_rede,indisponivel_sem_dados_comparaveis
2025-06-20,35016726,2.998,2407.30419921875,2405.782470703125,0.999367870285725,-0.0632129714274953,-0.0464073308254684,-0.0507659019223371,59.469382830173856,59.91770550844657,,,1750377600000,2025-06-20T12:00:23+00:00,1750420823000,2869.663875,34937481,2025-06-21 12:00:23+00:00,https://beaconcha.in/charts/staked_ether,https://www.beaconcha.in/ethstore,extraido_html_sem_imputacao; consistencia_interna_verificada,0,2.998,,,,ausente_nao_estimado,Yahoo Finance via yfinance,34.87811020765453,Yahoo Finance via yfinance,39.805147330922544,-0.0006321297142749,0,staking_apr_rede,indisponivel_sem_dados_comparaveis
2025-06-21,35071580,3.047,2300.49560546875,2284.400146484375,0.9930034819687928,-0.6996518031207155,-0.0453829515174937,-0.0517717303537125,59.063258306221634,60.29246290341721,,,1750464000000,2025-06-21T12:00:23+00:00,1750507223000,2916.911116,34937944,2025-06-22 12:00:23+00:00,https://beaconcha.in/charts/staked_ether,https://www.beaconcha.in/ethstore,extraido_html_sem_imputacao; consistencia_interna_verificada,0,3.047,,,,ausente_nao_estimado,Yahoo Finance via yfinance,43.33938959552187,Yahoo Finance via yfinance,50.085234851934736,-0.0069965180312071,0,staking_apr_rede,indisponivel_sem_dados_comparaveis
2025-06-22,35076000,3.139,2228.213134765625,2227.04150390625,0.99947418366713,-0.0525816332869855,-0.031924600947815,-0.025429447141853,57.32675513101732,58.15087835312225,,,1750550400000,2025-06-22T12:00:23+00:00,1750593623000,3006.240315,34958826,2025-06-23 12:00:23+00:00,https://beaconcha.in/charts/staked_ether,https://www.beaconcha.in/ethstore,extraido_html_sem_imputacao; consistencia_interna_verificada,0,3.139,,,,ausente_nao_estimado,Yahoo Finance via yfinance,41.68386119555195,Yahoo Finance via yfinance,46.87438772505143,-0.0005258163328698,0,staking_apr_rede,indisponivel_sem_dados_comparaveis
2025-06-23,35105469,3.149,2421.824951171875,2415.7021484375,0.9974718227544016,-0.2528177245598284,0.0833213886102058,0.081315964750604,64.945299995938,65.3170807903019,,,1750636800000,2025-06-23T12:00:23+00:00,1750680023000,3021.525585,35026396,2025-06-24 12:00:23+00:00,https://beaconcha.in/charts/staked_ether,https://www.beaconcha.in/ethstore,extraido_html_sem_imputacao; consistencia_interna_verificada,0,3.149,,,,ausente_nao_estimado,Yahoo Finance via yfinance,85.5006240124952,Yahoo Finance via yfinance,86.84173923756468,-0.0025281772455982,0,staking_apr_rede,indisponivel_sem_dados_comparaveis
2025-06-24,35149296,3.058,2448.0087890625,2445.103515625,0.9988132095560766,-0.1186790443923446,0.01075358692348,0.0120974701684528,64.99716052523723,65.398918738104,,,1750723200000,2025-06-24T12:00:23+00:00,1750766423000,2937.063559,35061766,2025-06-25 12:00:23+00:00,https://beaconcha.in/charts/staked_ether,https://www.beaconcha.in/ethstore,extraido_html_sem_imputacao; consistencia_interna_verificada,0,3.058,,,,ausente_nao_estimado,Yahoo Finance via yfinance,86.25153830637547,Yahoo Finance via yfinance,87.67012384233897,-0.0011867904439234,0,staking_apr_rede,indisponivel_sem_dados_comparaveis
2025-06-25,35191413,3.021,2419.310302734375,2417.139404296875,0.9991026787944288,-0.0897321205571066,-0.0117924542683371,-0.0115026830701943,65.05563280063465,65.46691375983391,,,1750809600000,2025-06-25T12:00:23+00:00,1750852823000,2904.463652,35096891,2025-06-26 12:00:23+00:00,https://beaconcha.in/charts/staked_ether,https://www.beaconcha.in/ethstore,extraido_html_sem_imputacao; consistencia_interna_verificada,0,3.021,,,,ausente_nao_estimado,Yahoo Finance via yfinance,86.0532677666357,Yahoo Finance via yfinance,87.15857390180825,-0.000897321205571,0,staking_apr_rede,indisponivel_sem_dados_comparaveis
2025-06-26,35211437,3.033,2416.146728515625,2426.7578125,1.0043917382413667,0.4391738241366738,-0.0013084904486505,0.0039713562919127,63.45493903651303,63.75175305904354,,,1750896000000,2025-06-26T12:00:23+00:00,1750939223000,2916.287828,35098332,2025-06-27 12:00:23+00:00,https://beaconcha.in/charts/staked_ether,https://www.beaconcha.in/ethstore,extraido_html_sem_imputacao; consistencia_interna_verificada,0,3.033,,,,ausente_nao_estimado,Yahoo Finance via yfinance,86.04428194104412,Yahoo Finance via yfinance,87.40340179769072,0.0043917382413667,0,staking_apr_rede,indisponivel_sem_dados_comparaveis
2025-06-27,35235892,2.918,2423.866943359375,2420.670166015625,0.9986811250706198,-0.1318874929380209,0.0031901651171337,-0.002511702994561,63.38803872232395,63.68670383906595,,,1750982400000,2025-06-27T12:00:23+00:00,1751025623000,2811.155836,35159920,2025-06-28 12:00:23+00:00,https://beaconcha.in/charts/staked_ether,https://www.beaconcha.in/ethstore,extraido_html_sem_imputacao; consistencia_interna_verificada,0,2.918,,,,ausente_nao_estimado,Yahoo Finance via yfinance,79.08443943340093,Yahoo Finance via yfinance,78.90515340757298,-0.0013188749293802,0,staking_apr_rede,indisponivel_sem_dados_comparaveis
2025-06-28,35279306,2.891,2437.109375,2435.58642578125,0.9993751001763104,-0.0624899823689739,0.0054484792900887,0.0061431295454995,63.21429518498839,63.54863680702313,,,1751068800000,2025-06-28T12:00:23+00:00,1751112023000,2786.469273,35181016,2025-06-29 12:00:23+00:00,https://beaconcha.in/charts/staked_ether,https://www.beaconcha.in/ethstore,extraido_html_sem_imputacao; consistencia_interna_verificada,0,2.891,,,,ausente_nao_estimado,Yahoo Finance via yfinance,68.80661905849327,Yahoo Finance via yfinance,65.30594932698578,-0.0006248998236897,0,staking_apr_rede,indisponivel_sem_dados_comparaveis
2025-06-29,35334195,2.933,2500.9599609375,2504.0712890625,1.001244053552874,0.1244053552873936,0.0258619879088434,0.0277303634232561,62.492680161367566,62.93787850925901,,,1751155200000,2025-06-29T12:00:23+00:00,1751198423000,2829.28083,35211978,2025-06-30 12:00:23+00:00,https://beaconcha.in/charts/staked_ether,https://www.beaconcha.in/ethstore,extraido_html_sem_imputacao; consistencia_interna_verificada,0,2.933,,,,ausente_nao_estimado,Yahoo Finance via yfinance,60.42861579651313,Yahoo Finance via yfinance,59.17406255580462,0.0012440535528739,0,staking_apr_rede,indisponivel_sem_dados_comparaveis
2025-06-30,35374266,3.003,2486.46435546875,2485.658935546875,0.9996760782353048,-0.0323921764695089,-0.0058128786988182,-0.0073801332969492,62.52134411715675,62.98469704376664,,,1751241600000,2025-06-30T12:00:23+00:00,1751284823000,2902.704359,35282949,2025-07-01 12:00:23+00:00,https://beaconcha.in/charts/staked_ether,https://www.beaconcha.in/ethstore,extraido_html_sem_imputacao; consistencia_interna_verificada,0,3.003,,,,ausente_nao_estimado,Yahoo Finance via yfinance,23.396016220137906,Yahoo Finance via yfinance,25.21920405477006,-0.000323921764695,0,staking_apr_rede,indisponivel_sem_dados_comparaveis
2025-07-01,35413751,2.99,2405.792724609375,2404.554931640625,0.9994854947576788,-0.0514505242321328,-0.0329822993784486,-0.0331729627853269,63.51640646678364,63.991200701972495,,,1751328000000,2025-07-01T12:00:23+00:00,1751371223000,2891.23702,35297648,2025-07-02 12:00:23+00:00,https://beaconcha.in/charts/staked_ether,https://www.beaconcha.in/ethstore,extraido_html_sem_imputacao; consistencia_interna_verificada,0,2.99,,,,ausente_nao_estimado,Yahoo Finance via yfinance,34.24600629513278,Yahoo Finance via yfinance,35.537864712601504,-0.0005145052423213,0,staking_apr_rede,indisponivel_sem_dados_comparaveis
2025-07-02,35457662,2.985,2571.33544921875,2581.27587890625,1.0038658626553452,0.3865862655345164,0.0665459295236387,0.0709189765801462,67.13499264103446,68.06383930859353,,,1751414400000,2025-07-02T12:00:23+00:00,1751457623000,2890.71045,35341710,2025-07-03 12:00:23+00:00,https://beaconcha.in/charts/staked_ether,https://www.beaconcha.in/ethstore,extraido_html_sem_imputacao; consistencia_interna_verificada,0,2.985,,,,ausente_nao_estimado,Yahoo Finance via yfinance,59.03933072423677,Yahoo Finance via yfinance,62.37991375355867,0.0038658626553451,0,staking_apr_rede,indisponivel_sem_dados_comparaveis
2025-07-03,35477369,2.938,2591.00732421875,2589.61181640625,0.9994614033702428,-0.0538596629757082,0.0076213343758458,0.0032241832398756,67.16889907235925,68.03332874296476,,,1751500800000,2025-07-03T12:00:23+00:00,1751544023000,2848.308691,35387414,2025-07-04 12:00:23+00:00,https://beaconcha.in/charts/staked_ether,https://www.beaconcha.in/ethstore,extraido_html_sem_imputacao; consistencia_interna_verificada,0,2.938,,,,ausente_nao_estimado,Yahoo Finance via yfinance,58.4672317503867,Yahoo Finance via yfinance,62.42168364767381,-0.000538596629757,0,staking_apr_rede,indisponivel_sem_dados_comparaveis
2025-07-04,35490695,2.903,2508.518310546875,2507.150634765625,0.9994547874035842,-0.0545212596415822,-0.0323544640519217,-0.0323610836057474,68.06321020986209,68.90131390520578,,,1751587200000,2025-07-04T12:00:23+00:00,1751630423000,2814.414835,35380584,2025-07-05 12:00:23+00:00,https://beaconcha.in/charts/staked_ether,https://www.beaconcha.in/ethstore,extraido_html_sem_imputacao; consistencia_interna_verificada,0,2.903,,,,ausente_nao_estimado,Yahoo Finance via yfinance,66.11287588260586,Yahoo Finance via yfinance,69.20437790597038,-0.0005452125964158,0,staking_apr_rede,indisponivel_sem_dados_comparaveis
2025-07-05,35491539,2.906,2517.280029296875,2515.63330078125,0.9993458302229152,-0.0654169777084767,0.0034867008319645,0.003377678271319,62.4102942705926,63.45704672118858,,,1751673600000,2025-07-05T12:00:23+00:00,1751716823000,2819.089614,35405471,2025-07-06 12:00:23+00:00,https://beaconcha.in/charts/staked_ether,https://www.beaconcha.in/ethstore,extraido_html_sem_imputacao; consistencia_interna_verificada,0,2.906,,,,ausente_nao_estimado,Yahoo Finance via yfinance,66.11822415090894,Yahoo Finance via yfinance,69.20575630445863,-0.0006541697770847,0,staking_apr_rede,indisponivel_sem_dados_comparaveis
2025-07-06,35546044,2.955,2571.236572265625,2571.460693359375,1.0000871647113951,0.0087164711395137,0.0212079745637533,0.0219495193160197,62.24836087957748,63.36717683163403,,,1751760000000,2025-07-06T12:00:23+00:00,1751803223000,2867.114681,35418134,2025-07-07 12:00:23+00:00,https://beaconcha.in/charts/staked_ether,https://www.beaconcha.in/ethstore,extraido_html_sem_imputacao; consistencia_interna_verificada,0,2.955,,,,ausente_nao_estimado,Yahoo Finance via yfinance,65.2890085552718,Yahoo Finance via yfinance,68.14921410167558,8.716471139513793e-05,0,staking_apr_rede,indisponivel_sem_dados_comparaveis
2025-07-07,35582398,2.986,2543.01318359375,2541.82080078125,0.9995311141836808,-0.0468885816319208,-0.0110372690174023,-0.0115934257078226,62.023712932369,63.23270583200574,,,1751846400000,2025-07-07T12:00:23+00:00,1751889623000,2901.467436,35469701,2025-07-08 12:00:23+00:00,https://beaconcha.in/charts/staked_ether,https://www.beaconcha.in/ethstore,extraido_html_sem_imputacao; consistencia_interna_verificada,0,2.986,,,,ausente_nao_estimado,Yahoo Finance via yfinance,65.87108168639445,Yahoo Finance via yfinance,68.63563866653371,-0.0004688858163192,0,staking_apr_rede,indisponivel_sem_dados_comparaveis
2025-07-08,35616132,2.962,2615.505859375,2614.65087890625,0.9996731108570508,-0.0326889142949315,0.0281078533818162,0.0282499065766125,62.72678546152194,63.94209746565078,,,1751932800000,2025-07-08T12:00:23+00:00,1751976023000,2881.865978,35517443,2025-07-09 12:00:23+00:00,https://beaconcha.in/charts/staked_ether,https://www.beaconcha.in/ethstore,extraido_html_sem_imputacao; consistencia_interna_verificada,0,2.962,,,,ausente_nao_estimado,Yahoo Finance via yfinance,59.95617249367824,Yahoo Finance via yfinance,62.93247582702213,-0.0003268891429493,0,staking_apr_rede,indisponivel_sem_dados_comparaveis
2025-07-09,35648822,3.017,2770.777587890625,2770.98095703125,1.0000733978582452,0.0073397858245227,0.0576704743790154,0.0580708121266212,61.73366954659522,63.05569182618472,,,1752019200000,2025-07-09T12:00:23+00:00,1752062423000,2938.030634,35549441,2025-07-10 12:00:23+00:00,https://beaconcha.in/charts/staked_ether,https://www.beaconcha.in/ethstore,extraido_html_sem_imputacao; consistencia_interna_verificada,0,3.017,,,,ausente_nao_estimado,Yahoo Finance via yfinance,55.19197379764626,Yahoo Finance via yfinance,55.90197569931183,7.339785824522771e-05,0,staking_apr_rede,indisponivel_sem_dados_comparaveis
2025-07-10,35672799,3.134,2954.84521484375,2952.704345703125,0.9992754716457328,-0.0724528354267173,0.0643182702671401,0.0635200841506033,63.52569296288163,64.78861860748594,,,1752105600000,2025-07-10T12:00:23+00:00,1752148823000,3053.822848,35562730,2025-07-11 12:00:23+00:00,https://beaconcha.in/charts/staked_ether,https://www.beaconcha.in/ethstore,extraido_html_sem_imputacao; consistencia_interna_verificada,0,3.134,,,,ausente_nao_estimado,Yahoo Finance via yfinance,67.17055346576336,Yahoo Finance via yfinance,67.18663550590395,-0.0007245283542671,0,staking_apr_rede,indisponivel_sem_dados_comparaveis
2025-07-11,35677420,2.977,2957.88623046875,2956.968505859375,0.9996897363394436,-0.0310263660556531,0.0010286331862912,0.0014431123357896,63.26577383875747,64.60984982007045,,,1752192000000,2025-07-11T12:00:23+00:00,1752235223000,2902.294048,35583118,2025-07-12 12:00:23+00:00,https://beaconcha.in/charts/staked_ether,https://www.beaconcha.in/ethstore,extraido_html_sem_imputacao; consistencia_interna_verificada,0,2.977,,,,ausente_nao_estimado,Yahoo Finance via yfinance,54.92219703780096,Yahoo Finance via yfinance,54.84512933726751,-0.0003102636605565,0,staking_apr_rede,indisponivel_sem_dados_comparaveis
2025-07-12,35714276,2.886,2942.91162109375,2938.328125,0.9984425301592826,-0.1557469840717362,-0.0050754633178714,-0.0063238354732545,61.02540473002652,62.33730157912968,,,1752278400000,2025-07-12T12:00:23+00:00,1752321623000,2815.713601,35611573,2025-07-13 12:00:23+00:00,https://beaconcha.in/charts/staked_ether,https://www.beaconcha.in/ethstore,extraido_html_sem_imputacao; consistencia_interna_verificada,0,2.886,,,,ausente_nao_estimado,Yahoo Finance via yfinance,57.127744139578994,Yahoo Finance via yfinance,57.406024643733865,-0.0015574698407173,0,staking_apr_rede,indisponivel_sem_dados_comparaveis
2025-07-13,35732659,3.02,2973.35888671875,2970.403076171875,0.9990059018572977,-0.0994098142702459,0.010292813483774,0.0108569048554694,60.01695430312722,61.3379058112548,,,1752364800000,2025-07-13T12:00:23+00:00,1752408023000,2947.234838,35622309,2025-07-14 12:00:23+00:00,https://beaconcha.in/charts/staked_ether,https://www.beaconcha.in/ethstore,extraido_html_sem_imputacao; consistencia_interna_verificada,0,3.02,,,,ausente_nao_estimado,Yahoo Finance via yfinance,57.79648185783029,Yahoo Finance via yfinance,57.98991540011122,-0.0009940981427024,0,staking_apr_rede,indisponivel_sem_dados_comparaveis
2025-07-14,35750873,3.029,3013.350830078125,3011.7685546875,0.9994749116582008,-0.0525088341799206,0.0133604400861748,0.0138298064231863,59.515883550166784,60.79594911655813,,,1752451200000,2025-07-14T12:00:23+00:00,1752494423000,2957.98887,35642092,2025-07-15 12:00:23+00:00,https://beaconcha.in/charts/staked_ether,https://www.beaconcha.in/ethstore,extraido_html_sem_imputacao; consistencia_interna_verificada,0,3.029,,,,ausente_nao_estimado,Yahoo Finance via yfinance,52.02892198894224,Yahoo Finance via yfinance,51.999543972299136,-0.0005250883417992,0,staking_apr_rede,indisponivel_sem_dados_comparaveis
2025-07-15,35755858,3.058,3139.8896484375,3132.515625,0.9976515023573616,-0.2348497642638336,0.0411349633319167,0.0393089298923637,60.77840495715535,61.90822098028887,,,1752537600000,2025-07-15T12:00:23+00:00,1752580823000,2984.954921,35629952,2025-07-16 12:00:23+00:00,https://beaconcha.in/charts/staked_ether,https://www.beaconcha.in/ethstore,extraido_html_sem_imputacao; consistencia_interna_verificada,0,3.058,,,,ausente_nao_estimado,Yahoo Finance via yfinance,53.44857403726802,Yahoo Finance via yfinance,53.12007187918587,-0.0023484976426383,0,staking_apr_rede,indisponivel_sem_dados_comparaveis
2025-07-16,35777593,3.075,3371.5068359375,3364.077880859375,0.9977965475261866,-0.2203452473813372,0.0711721212631772,0.0713174973045018,64.64327421115375,65.78696797312989,,,1752624000000,2025-07-16T12:00:23+00:00,1752667223000,3003.01093,35647716,2025-07-17 12:00:23+00:00,https://beaconcha.in/charts/staked_ether,https://www.beaconcha.in/ethstore,extraido_html_sem_imputacao; consistencia_interna_verificada,0,3.075,,,,ausente_nao_estimado,Yahoo Finance via yfinance,58.90960194085786,Yahoo Finance via yfinance,58.59264586698806,-0.0022034524738133,0,staking_apr_rede,indisponivel_sem_dados_comparaveis
2025-07-17,35777393,3.137,3476.784423828125,3470.666259765625,0.9982402808697112,-0.1759719130288717,0.030748073722898,0.0311926881152999,64.58728042344852,65.6379120508645,,,1752710400000,2025-07-17T12:00:23+00:00,1752753623000,3065.147162,35658768,2025-07-18 12:00:23+00:00,https://beaconcha.in/charts/staked_ether,https://www.beaconcha.in/ethstore,extraido_html_sem_imputacao; consistencia_interna_verificada,0,3.137,,,,ausente_nao_estimado,Yahoo Finance via yfinance,50.75379571156365,Yahoo Finance via yfinance,50.68978200222216,-0.0017597191302887,0,staking_apr_rede,indisponivel_sem_dados_comparaveis
2025-07-18,35769713,2.947,3549.016357421875,3538.47607421875,0.9970300832282492,-0.2969916771750736,0.0205626321975603,0.0193495657263278,64.64249151158701,65.6990537892462,,,1752796800000,2025-07-18T12:00:23+00:00,1752840023000,2879.487296,35661498,2025-07-19 12:00:23+00:00,https://beaconcha.in/charts/staked_ether,https://www.beaconcha.in/ethstore,extraido_html_sem_imputacao; consistencia_interna_verificada,0,2.947,,,,ausente_nao_estimado,Yahoo Finance via yfinance,47.403502641884806,Yahoo Finance via yfinance,47.59262082756436,-0.0029699167717507,0,staking_apr_rede,indisponivel_sem_dados_comparaveis
2025-07-19,35766836,2.931,3595.273681640625,3581.34521484375,0.9961258952641072,-0.3874104735892891,0.0129496340107203,0.0120423412188617,64.48857467666973,65.56798498855323,,,1752883200000,2025-07-19T12:00:23+00:00,1752926423000,2862.487213,35644784,2025-07-20 12:00:23+00:00,https://beaconcha.in/charts/staked_ether,https://www.beaconcha.in/ethstore,extraido_html_sem_imputacao; consistencia_interna_verificada,0,2.931,,,,ausente_nao_estimado,Yahoo Finance via yfinance,41.64603319568836,Yahoo Finance via yfinance,41.55154684364476,-0.0038741047358928,0,staking_apr_rede,indisponivel_sem_dados_comparaveis
2025-07-20,35766805,3.006,3759.471435546875,3752.2939453125,0.9980908246392006,-0.1909175360799375,0.0446582551804469,0.0466288835393031,61.91043181984499,62.6497897414633,,,1752969600000,2025-07-20T12:00:23+00:00,1753012823000,2935.354221,35640918,2025-07-21 12:00:23+00:00,https://beaconcha.in/charts/staked_ether,https://www.beaconcha.in/ethstore,extraido_html_sem_imputacao; consistencia_interna_verificada,0,3.006,,,,ausente_nao_estimado,Yahoo Finance via yfinance,39.80728721622575,Yahoo Finance via yfinance,40.44574398509298,-0.0019091753607993,0,staking_apr_rede,indisponivel_sem_dados_comparaveis
2025-07-21,35759662,3.003,3763.371337890625,3751.339599609375,0.9968029361970976,-0.31970638029023,0.0010368162171041,-0.0002543689540694,58.23351429735503,58.17541016594875,,,1753056000000,2025-07-21T12:00:23+00:00,1753099223000,2933.694909,35651698,2025-07-22 12:00:23+00:00,https://beaconcha.in/charts/staked_ether,https://www.beaconcha.in/ethstore,extraido_html_sem_imputacao; consistencia_interna_verificada,0,3.003,,,,ausente_nao_estimado,Yahoo Finance via yfinance,44.33917229869933,Yahoo Finance via yfinance,45.54472309721008,-0.0031970638029023,0,staking_apr_rede,indisponivel_sem_dados_comparaveis
2025-07-22,35761640,2.952,3749.1455078125,3732.635986328125,0.995596457526129,-0.440354247387098,-0.0037872386508897,-0.0049983199453664,56.08160113233927,56.73930944846228,,,1753142400000,2025-07-22T12:00:23+00:00,1753185623000,2883.829132,35653431,2025-07-23 12:00:23+00:00,https://beaconcha.in/charts/staked_ether,https://www.beaconcha.in/ethstore,extraido_html_sem_imputacao; consistencia_interna_verificada,0,2.952,,,,ausente_nao_estimado,Yahoo Finance via yfinance,50.05363537966843,Yahoo Finance via yfinance,51.6716134039276,-0.0044035424738709,0,staking_apr_rede,indisponivel_sem_dados_comparaveis
2025-07-23,35756475,2.963,3629.70361328125,3619.972412109375,0.997319009426481,-0.2680990573519004,-0.0323769537244437,-0.0306482779648569,53.40661835541327,54.20262556210977,,,1753228800000,2025-07-23T12:00:23+00:00,1753272023000,2892.006509,35621089,2025-07-24 12:00:23+00:00,https://beaconcha.in/charts/staked_ether,https://www.beaconcha.in/ethstore,extraido_html_sem_imputacao; consistencia_interna_verificada,0,2.963,,,,ausente_nao_estimado,Yahoo Finance via yfinance,48.18170603518504,Yahoo Finance via yfinance,48.47801348066554,-0.002680990573519,0,staking_apr_rede,indisponivel_sem_dados_comparaveis
2025-07-24,35750059,2.964,3708.005615234375,3697.724365234375,0.9972272830554088,-0.2772716944591247,0.0213431663496259,0.0212511891701713,53.46608655770153,54.267187381223614,,,1753315200000,2025-07-24T12:00:23+00:00,1753358423000,2895.505993,35650643,2025-07-25 12:00:23+00:00,https://beaconcha.in/charts/staked_ether,https://www.beaconcha.in/ethstore,extraido_html_sem_imputacao; consistencia_interna_verificada,0,2.964,,,,ausente_nao_estimado,Yahoo Finance via yfinance,46.2210236239338,Yahoo Finance via yfinance,46.37930760689412,-0.0027727169445912,0,staking_apr_rede,indisponivel_sem_dados_comparaveis
2025-07-25,35747733,2.869,3727.266845703125,3720.097900390625,0.9980766213932968,-0.1923378606703329,0.0051810538635142,0.0060323912335184,52.76507886171754,53.57896873024808,,,1753401600000,2025-07-25T12:00:23+00:00,1753444823000,2799.456879,35620311,2025-07-26 12:00:23+00:00,https://beaconcha.in/charts/staked_ether,https://www.beaconcha.in/ethstore,extraido_html_sem_imputacao; consistencia_interna_verificada,0,2.869,,,,ausente_nao_estimado,Yahoo Finance via yfinance,45.24455296906668,Yahoo Finance via yfinance,45.57064098808656,-0.0019233786067033,0,staking_apr_rede,indisponivel_sem_dados_comparaveis
2025-07-26,35750674,2.863,3741.39599609375,3738.17529296875,0.9991391707457958,-0.0860829254204165,0.0037835868469178,0.0048476175409763,52.60384886180359,53.55842733101586,,,1753488000000,2025-07-26T12:00:23+00:00,1753531223000,2793.625155,35614893,2025-07-27 12:00:23+00:00,https://beaconcha.in/charts/staked_ether,https://www.beaconcha.in/ethstore,extraido_html_sem_imputacao; consistencia_interna_verificada,0,2.863,,,,ausente_nao_estimado,Yahoo Finance via yfinance,44.99483542282156,Yahoo Finance via yfinance,45.39662841388925,-0.0008608292542041,0,staking_apr_rede,indisponivel_sem_dados_comparaveis
2025-07-27,35747818,2.885,3875.24658203125,3867.650146484375,0.998039754274709,-0.1960245725290965,0.0351504920838075,0.0340495225428549,52.91351822295274,53.62352907677709,,,1753574400000,2025-07-27T12:00:23+00:00,1753617623000,2815.174432,35613191,2025-07-28 12:00:23+00:00,https://beaconcha.in/charts/staked_ether,https://www.beaconcha.in/ethstore,extraido_html_sem_imputacao; consistencia_interna_verificada,0,2.885,,,,ausente_nao_estimado,Yahoo Finance via yfinance,40.26051784353791,Yahoo Finance via yfinance,39.03104808633036,-0.0019602457252909,0,staking_apr_rede,indisponivel_sem_dados_comparaveis
2025-07-28,35746947,2.915,3787.42578125,3784.2353515625,0.9991576258198128,-0.0842374180187066,-0.0229227199194111,-0.0218032795746725,54.50292313044023,55.11055379356699,,,1753660800000,2025-07-28T12:00:23+00:00,1753704023000,2843.547529,35608340,2025-07-29 12:00:23+00:00,https://beaconcha.in/charts/staked_ether,https://www.beaconcha.in/ethstore,extraido_html_sem_imputacao; consistencia_interna_verificada,0,2.915,,,,ausente_nao_estimado,Yahoo Finance via yfinance,44.90352131436397,Yahoo Finance via yfinance,43.423840661185615,-0.000842374180187,0,staking_apr_rede,indisponivel_sem_dados_comparaveis
2025-07-29,35750201,2.95,3793.454833984375,3785.2529296875,0.9978378800708534,-0.2162119929146611,0.0015905946318109,0.0002688631234559,54.53458079949334,55.12505440431196,,,1753747200000,2025-07-29T12:00:23+00:00,1753790423000,2877.699424,35609170,2025-07-30 12:00:23+00:00,https://beaconcha.in/charts/staked_ether,https://www.beaconcha.in/ethstore,extraido_html_sem_imputacao; consistencia_interna_verificada,0,2.95,,,,ausente_nao_estimado,Yahoo Finance via yfinance,44.728861347616295,Yahoo Finance via yfinance,43.12854983132271,-0.0021621199291466,0,staking_apr_rede,indisponivel_sem_dados_comparaveis
2025-07-30,35748995,2.958,3808.20166015625,3797.88720703125,0.9972915160368432,-0.2708483963156705,0.0038799029350239,0.003332205077698,54.19765513457935,54.73291864932144,,,1753833600000,2025-07-30T12:00:23+00:00,1753876823000,2886.458666,35616908,2025-07-31 12:00:23+00:00,https://beaconcha.in/charts/staked_ether,https://www.beaconcha.in/ethstore,extraido_html_sem_imputacao; consistencia_interna_verificada,0,2.958,,,,ausente_nao_estimado,Yahoo Finance via yfinance,34.40712509450196,Yahoo Finance via yfinance,33.352479707551794,-0.0027084839631567,0,staking_apr_rede,indisponivel_sem_dados_comparaveis
2025-07-31,35746779,2.911,3696.707763671875,3693.860595703125,0.9992298098332982,-0.0770190166701767,-0.0297144425540805,-0.0277727709272354,53.85039371735674,54.17507196113876,,,1753920000000,2025-07-31T12:00:23+00:00,1753963223000,2842.012598,35634874,2025-08-01 12:00:23+00:00,https://beaconcha.in/charts/staked_ether,https://www.beaconcha.in/ethstore,extraido_html_sem_imputacao; consistencia_interna_verificada,0,2.911,,,,ausente_nao_estimado,Yahoo Finance via yfinance,40.53803775293318,Yahoo Finance via yfinance,38.81796973539103,-0.0007701901667017,0,staking_apr_rede,indisponivel_sem_dados_comparaveis
2025-08-01,35742029,2.916,3488.365966796875,3482.39453125,0.9982881854702996,-0.1711814529700372,-0.058009207730417,-0.0589520021732809,56.12391134229602,56.00350247658618,,,1754006400000,2025-08-01T12:00:23+00:00,1754049623000,2844.787022,35605206,2025-08-02 12:00:23+00:00,https://beaconcha.in/charts/staked_ether,https://www.beaconcha.in/ethstore,extraido_html_sem_imputacao; consistencia_interna_verificada,0,2.916,,,,ausente_nao_estimado,Yahoo Finance via yfinance,57.38953967275248,Yahoo Finance via yfinance,56.74554940236781,-0.0017118145297003,0,staking_apr_rede,indisponivel_sem_dados_comparaveis
2025-08-02,35750040,2.87,3392.7412109375,3398.635498046875,1.001737322932375,0.173732293237494,-0.0277952107826007,-0.02434611389168,57.66453249689552,57.23432733330645,,,1754092800000,2025-08-02T12:00:23+00:00,1754136023000,2800.870298,35625596,2025-08-03 12:00:23+00:00,https://beaconcha.in/charts/staked_ether,https://www.beaconcha.in/ethstore,extraido_html_sem_imputacao; consistencia_interna_verificada,0,2.87,,,,ausente_nao_estimado,Yahoo Finance via yfinance,57.48555253289236,Yahoo Finance via yfinance,56.189228568654,0.0017373229323749,0,staking_apr_rede,indisponivel_sem_dados_comparaveis
2025-08-03,35745988,2.839,3497.379150390625,3500.981689453125,1.001030068204672,0.1030068204671996,0.0303756623862349,0.0296693849021569,56.13523523703974,55.65166706956563,,,1754179200000,2025-08-03T12:00:23+00:00,1754222423000,2769.680396,35607713,2025-08-04 12:00:23+00:00,https://beaconcha.in/charts/staked_ether,https://www.beaconcha.in/ethstore,extraido_html_sem_imputacao; consistencia_interna_verificada,0,2.839,,,,ausente_nao_estimado,Yahoo Finance via yfinance,55.05535393506072,Yahoo Finance via yfinance,53.974837623494295,0.0010300682046719,0,staking_apr_rede,indisponivel_sem_dados_comparaveis
2025-08-04,35747874,2.889,3718.986083984375,3709.052490234375,0.9973289510835284,-0.2671048916471741,0.0614371992457483,0.0577330386647129,58.72838781472374,57.883528413801386,,,1754265600000,2025-08-04T12:00:23+00:00,1754308823000,2818.804017,35613173,2025-08-05 12:00:23+00:00,https://beaconcha.in/charts/staked_ether,https://www.beaconcha.in/ethstore,extraido_html_sem_imputacao; consistencia_interna_verificada,0,2.889,,,,ausente_nao_estimado,Yahoo Finance via yfinance,76.7688728432039,Yahoo Finance via yfinance,74.01963752496879,-0.0026710489164717,0,staking_apr_rede,indisponivel_sem_dados_comparaveis
2025-08-05,35747171,2.919,3611.8994140625,3607.171875,0.9986911210638664,-0.1308878936133628,-0.0292172856111396,-0.027852399344901,60.45093398390557,59.49234862247765,,,1754352000000,2025-08-05T12:00:23+00:00,1754395223000,2843.544846,35561152,2025-08-06 12:00:23+00:00,https://beaconcha.in/charts/staked_ether,https://www.beaconcha.in/ethstore,extraido_html_sem_imputacao; consistencia_interna_verificada,0,2.919,,,,ausente_nao_estimado,Yahoo Finance via yfinance,78.93728620917972,Yahoo Finance via yfinance,76.05242966583384,-0.0013088789361336,0,staking_apr_rede,indisponivel_sem_dados_comparaveis
2025-08-06,35746441,2.893,3683.920654296875,3674.530517578125,0.9974510480545238,-0.2548951945476219,0.0197437927850314,0.0185013229970016,59.969125399106574,58.95965013829889,,,1754438400000,2025-08-06T12:00:23+00:00,1754481623000,2823.476215,35624695,2025-08-07 12:00:23+00:00,https://beaconcha.in/charts/staked_ether,https://www.beaconcha.in/ethstore,extraido_html_sem_imputacao; consistencia_interna_verificada,0,2.893,,,,ausente_nao_estimado,Yahoo Finance via yfinance,81.07054196801646,Yahoo Finance via yfinance,78.0544902734457,-0.0025489519454762,0,staking_apr_rede,indisponivel_sem_dados_comparaveis
2025-08-07,35746836,2.919,3914.325927734375,3898.08251953125,0.9958502668140036,-0.4149733185996318,0.0606655575551916,0.0590593963865669,62.0835941039466,60.95528217282885,,,1754524800000,2025-08-07T12:00:23+00:00,1754568023000,2848.232532,35612164,2025-08-08 12:00:23+00:00,https://beaconcha.in/charts/staked_ether,https://www.beaconcha.in/ethstore,extraido_html_sem_imputacao; consistencia_interna_verificada,0,2.919,,,,ausente_nao_estimado,Yahoo Finance via yfinance,89.91934867504139,Yahoo Finance via yfinance,87.11054170770097,-0.0041497331859963,0,staking_apr_rede,indisponivel_sem_dados_comparaveis
2025-08-08,35745884,2.933,4009.848876953125,4007.378662109375,0.999383963106952,-0.0616036893047899,0.0241104162682456,0.0276525567695045,60.147696889937954,59.0372836241904,,,1754611200000,2025-08-08T12:00:23+00:00,1754654423000,2860.57905,35599426,2025-08-09 12:00:23+00:00,https://beaconcha.in/charts/staked_ether,https://www.beaconcha.in/ethstore,extraido_html_sem_imputacao; consistencia_interna_verificada,0,2.933,,,,ausente_nao_estimado,Yahoo Finance via yfinance,70.63675512894264,Yahoo Finance via yfinance,66.91346231143203,-0.0006160368930478,0,staking_apr_rede,indisponivel_sem_dados_comparaveis
2025-08-09,35747651,2.912,4263.59912109375,4259.17919921875,0.9989633354943872,-0.1036664505612794,0.0613601136280399,0.0609391381358706,59.83385981642647,58.76166210791103,,,1754697600000,2025-08-09T12:00:23+00:00,1754740823000,2840.074854,35604328,2025-08-10 12:00:23+00:00,https://beaconcha.in/charts/staked_ether,https://www.beaconcha.in/ethstore,extraido_html_sem_imputacao; consistencia_interna_verificada,0,2.912,,,,ausente_nao_estimado,Yahoo Finance via yfinance,62.93086742443457,Yahoo Finance via yfinance,60.5174259278814,-0.0010366645056127,0,staking_apr_rede,indisponivel_sem_dados_comparaveis
2025-08-10,35720394,2.909,4254.2177734375,4245.0634765625,0.9978481832941988,-0.2151816705801335,-0.002202759595732,-0.0033196925717577,59.92049996257784,58.89485220975465,,,1754784000000,2025-08-10T12:00:23+00:00,1754827223000,2836.314292,35588993,2025-08-11 12:00:23+00:00,https://beaconcha.in/charts/staked_ether,https://www.beaconcha.in/ethstore,extraido_html_sem_imputacao; consistencia_interna_verificada,0,2.909,,,,ausente_nao_estimado,Yahoo Finance via yfinance,67.84865627140125,Yahoo Finance via yfinance,65.82646443392865,-0.0021518167058013,0,staking_apr_rede,indisponivel_sem_dados_comparaveis
2025-08-11,35718477,2.941,4226.966796875,4223.8857421875,0.9992710956022228,-0.0728904397777063,-0.0064262415509355,-0.0050012765387484,59.97110397223563,58.84469722163318,,,1754870400000,2025-08-11T12:00:23+00:00,1754913623000,2865.159115,35559655,2025-08-12 12:00:23+00:00,https://beaconcha.in/charts/staked_ether,https://www.beaconcha.in/ethstore,extraido_html_sem_imputacao; consistencia_interna_verificada,0,2.941,,,,ausente_nao_estimado,Yahoo Finance via yfinance,65.13694516273834,Yahoo Finance via yfinance,63.87481191626955,-0.000728904397777,0,staking_apr_rede,indisponivel_sem_dados_comparaveis
2025-08-12,35719566,3.053,4590.9248046875,4581.65283203125,0.9979803693045064,-0.2019630695493601,0.0825968197359645,0.0813043170140166,64.80936455188406,63.596513533042966,,,1754956800000,2025-08-12T12:00:23+00:00,1755000023000,2974.530456,35562057,2025-08-13 12:00:23+00:00,https://beaconcha.in/charts/staked_ether,https://www.beaconcha.in/ethstore,extraido_html_sem_imputacao; consistencia_interna_verificada,0,3.053,,,,ausente_nao_estimado,Yahoo Finance via yfinance,65.56632267138215,Yahoo Finance via yfinance,64.24861064091925,-0.0020196306954936,0,staking_apr_rede,indisponivel_sem_dados_comparaveis
2025-08-13,35718368,3.004,4756.27587890625,4757.76611328125,1.0003133195829974,0.0313319582997406,0.0353834973642903,0.0377184407726531,65.21548392895559,64.11119917109866,,,1755043200000,2025-08-13T12:00:23+00:00,1755086423000,2929.936458,35603358,2025-08-14 12:00:23+00:00,https://beaconcha.in/charts/staked_ether,https://www.beaconcha.in/ethstore,extraido_html_sem_imputacao; consistencia_interna_verificada,0,3.004,,,,ausente_nao_estimado,Yahoo Finance via yfinance,64.42196938332285,Yahoo Finance via yfinance,62.88307274318199,0.0003133195829974,0,staking_apr_rede,indisponivel_sem_dados_comparaveis
2025-08-14,35715599,2.98,4548.16650390625,4548.44482421875,1.000061193958546,0.0061193958545979,-0.0447407980688724,-0.0449928764912677,67.7493093548887,66.81451828107026,,,1755129600000,2025-08-14T12:00:23+00:00,1755172823000,2904.54928,35580216,2025-08-15 12:00:23+00:00,https://beaconcha.in/charts/staked_ether,https://www.beaconcha.in/ethstore,extraido_html_sem_imputacao; consistencia_interna_verificada,0,2.98,,,,ausente_nao_estimado,Yahoo Finance via yfinance,82.72964396102061,Yahoo Finance via yfinance,82.43402094542418,6.119395854597975e-05,0,staking_apr_rede,indisponivel_sem_dados_comparaveis
2025-08-15,35718389,2.935,4439.98876953125,4425.98583984375,0.9968461790300928,-0.3153820969907128,-0.0240723385196406,-0.0272923353505558,65.44782963484886,64.69591436111,,,1755216000000,2025-08-15T12:00:23+00:00,1755259223000,2859.094884,35551876,2025-08-16 12:00:23+00:00,https://beaconcha.in/charts/staked_ether,https://www.beaconcha.in/ethstore,extraido_html_sem_imputacao; consistencia_interna_verificada,0,2.935,,,,ausente_nao_estimado,Yahoo Finance via yfinance,88.8717824148197,Yahoo Finance via yfinance,89.41213288549072,-0.0031538209699071,0,staking_apr_rede,indisponivel_sem_dados_comparaveis
2025-08-16,35717835,2.84,4426.18017578125,4416.22705078125,0.9977513059557628,-0.224869404423722,-0.0031148977647721,-0.0022073191734898,65.10801793558365,64.311095007105,,,1755302400000,2025-08-16T12:00:23+00:00,1755345623000,2766.800767,35563124,2025-08-17 12:00:23+00:00,https://beaconcha.in/charts/staked_ether,https://www.beaconcha.in/ethstore,extraido_html_sem_imputacao; consistencia_interna_verificada,0,2.84,,,,ausente_nao_estimado,Yahoo Finance via yfinance,79.96453645003874,Yahoo Finance via yfinance,80.51300215576765,-0.0022486940442372,0,staking_apr_rede,indisponivel_sem_dados_comparaveis
2025-08-17,35716697,2.901,4473.271484375,4474.13671875,1.0001934231754148,0.0193423175414819,0.0105830673428572,0.0130276979677821,64.95946508493897,64.20878420189241,,,1755388800000,2025-08-17T12:00:23+00:00,1755432023000,2826.335212,35558156,2025-08-18 12:00:23+00:00,https://beaconcha.in/charts/staked_ether,https://www.beaconcha.in/ethstore,extraido_html_sem_imputacao; consistencia_interna_verificada,0,2.901,,,,ausente_nao_estimado,Yahoo Finance via yfinance,79.76300416788936,Yahoo Finance via yfinance,80.32919545443652,0.0001934231754148,0,staking_apr_rede,indisponivel_sem_dados_comparaveis
2025-08-18,35711717,2.937,4312.5048828125,4307.25341796875,0.998782270400509,-0.1217729599490957,-0.0366011020309519,-0.0380129781371557,66.73203795994698,66.1393472743654,,,1755475200000,2025-08-18T12:00:23+00:00,1755518423000,2861.305574,35553651,2025-08-19 12:00:23+00:00,https://beaconcha.in/charts/staked_ether,https://www.beaconcha.in/ethstore,extraido_html_sem_imputacao; consistencia_interna_verificada,0,2.937,,,,ausente_nao_estimado,Yahoo Finance via yfinance,85.65141399714659,Yahoo Finance via yfinance,86.73780834394857,-0.0012177295994909,0,staking_apr_rede,indisponivel_sem_dados_comparaveis
2025-08-19,35705000,2.92,4073.464111328125,4062.89501953125,0.9974053799154672,-0.2594620084532706,-0.0570251441525558,-0.0584046644628676,68.72594854656569,68.16494365579184,,,1755561600000,2025-08-19T12:00:23+00:00,1755604823000,2844.988477,35557611,2025-08-20 12:00:23+00:00,https://beaconcha.in/charts/staked_ether,https://www.beaconcha.in/ethstore,extraido_html_sem_imputacao; consistencia_interna_verificada,0,2.92,,,,ausente_nao_estimado,Yahoo Finance via yfinance,62.89855247704645,Yahoo Finance via yfinance,65.99666831938684,-0.0025946200845327,0,staking_apr_rede,indisponivel_sem_dados_comparaveis
2025-08-20,35712195,2.945,4334.50048828125,4324.05712890625,0.9975906429349276,-0.2409357065072392,0.062112605525853,0.0622983332344509,71.77698252074009,71.25148864819384,,,1755648000000,2025-08-20T12:00:23+00:00,1755691223000,2869.07742,35561598,2025-08-21 12:00:23+00:00,https://beaconcha.in/charts/staked_ether,https://www.beaconcha.in/ethstore,extraido_html_sem_imputacao; consistencia_interna_verificada,0,2.945,,,,ausente_nao_estimado,Yahoo Finance via yfinance,77.6854138187369,Yahoo Finance via yfinance,79.44777915852748,-0.0024093570650723,0,staking_apr_rede,indisponivel_sem_dados_comparaveis
2025-08-21,35713342,2.924,4223.2099609375,4208.23828125,0.996454905196289,-0.3545094803711013,-0.026010882828823,-0.0271500121355889,72.52281749916702,72.04690180257633,,,1755734400000,2025-08-21T12:00:23+00:00,1755777623000,2850.053106,35572416,2025-08-22 12:00:23+00:00,https://beaconcha.in/charts/staked_ether,https://www.beaconcha.in/ethstore,extraido_html_sem_imputacao; consistencia_interna_verificada,0,2.924,,,,ausente_nao_estimado,Yahoo Finance via yfinance,74.16660294225389,Yahoo Finance via yfinance,76.14226657064343,-0.003545094803711,0,staking_apr_rede,indisponivel_sem_dados_comparaveis
2025-08-22,35712462,3.032,4831.3486328125,4815.046875,0.9966258369967786,-0.3374163003221353,0.1345301555861272,0.1347016808006257,84.39130062794314,84.11387612076254,,,1755820800000,2025-08-22T12:00:23+00:00,1755864023000,2953.876719,35564364,2025-08-23 12:00:23+00:00,https://beaconcha.in/charts/staked_ether,https://www.beaconcha.in/ethstore,extraido_html_sem_imputacao; consistencia_interna_verificada,0,3.032,,,,ausente_nao_estimado,Yahoo Finance via yfinance,126.55203278675684,Yahoo Finance via yfinance,127.6353246352029,-0.0033741630032213,0,staking_apr_rede,indisponivel_sem_dados_comparaveis
2025-08-23,35713795,2.84,4776.09033203125,4761.59228515625,0.9969644529589888,-0.3035547041011277,-0.0115033590804906,-0.0111636544108075,84.59020801451051,84.30405096957918,,,1755907200000,2025-08-23T12:00:23+00:00,1755950423000,2766.235609,35549472,2025-08-24 12:00:23+00:00,https://beaconcha.in/charts/staked_ether,https://www.beaconcha.in/ethstore,extraido_html_sem_imputacao; consistencia_interna_verificada,0,2.84,,,,ausente_nao_estimado,Yahoo Finance via yfinance,127.30695524747676,Yahoo Finance via yfinance,128.40487447613015,-0.0030355470410112,0,staking_apr_rede,indisponivel_sem_dados_comparaveis
2025-08-24,35712268,2.941,4779.6474609375,4774.6826171875,0.998961253148778,-0.1038746851221961,0.0007445011882122,0.0027453781245255,84.62585261803366,84.32360526234086,,,1755993600000,2025-08-24T12:00:23+00:00,1756036823000,2864.505878,35547846,2025-08-25 12:00:23+00:00,https://beaconcha.in/charts/staked_ether,https://www.beaconcha.in/ethstore,extraido_html_sem_imputacao; consistencia_interna_verificada,0,2.941,,,,ausente_nao_estimado,Yahoo Finance via yfinance,127.51847107416354,Yahoo Finance via yfinance,128.50886729065783,-0.0010387468512219,0,staking_apr_rede,indisponivel_sem_dados_comparaveis
2025-08-25,35712925,2.926,4372.98779296875,4370.85888671875,0.999513168947459,-0.0486831052540992,-0.0889203098693146,-0.0883679727399422,91.17178303706493,90.82461339410054,,,1756080000000,2025-08-25T12:00:23+00:00,1756123223000,2848.70881,35534422,2025-08-26 12:00:23+00:00,https://beaconcha.in/charts/staked_ether,https://www.beaconcha.in/ethstore,extraido_html_sem_imputacao; consistencia_interna_verificada,0,2.926,,,,ausente_nao_estimado,Yahoo Finance via yfinance,143.59850705424245,Yahoo Finance via yfinance,143.99501973053682,-0.0004868310525409,0,staking_apr_rede,indisponivel_sem_dados_comparaveis
2025-08-26,35713485,2.889,4600.4267578125,4592.466796875,0.9982697342319422,-0.1730265768057792,0.0507025916571375,0.0494577768435731,91.97268197380068,91.59610047348788,,,1756166400000,2025-08-26T12:00:23+00:00,1756209623000,2811.761539,35526138,2025-08-27 12:00:23+00:00,https://beaconcha.in/charts/staked_ether,https://www.beaconcha.in/ethstore,extraido_html_sem_imputacao; consistencia_interna_verificada,0,2.889,,,,ausente_nao_estimado,Yahoo Finance via yfinance,137.61123749357176,Yahoo Finance via yfinance,137.33756120998788,-0.0017302657680577,0,staking_apr_rede,indisponivel_sem_dados_comparaveis
2025-08-27,35712892,2.934,4503.39306640625,4499.62646484375,0.999163608082404,-0.0836391917595991,-0.0213179452224538,-0.0204229227041082,91.91146740487956,91.54513631164544,,,1756252800000,2025-08-27T12:00:23+00:00,1756296023000,2858.848003,35564592,2025-08-28 12:00:23+00:00,https://beaconcha.in/charts/staked_ether,https://www.beaconcha.in/ethstore,extraido_html_sem_imputacao; consistencia_interna_verificada,0,2.934,,,,ausente_nao_estimado,Yahoo Finance via yfinance,134.2594119406856,Yahoo Finance via yfinance,133.87030196246653,-0.0008363919175959,0,staking_apr_rede,indisponivel_sem_dados_comparaveis
2025-08-28,35711821,2.847,4507.177734375,4495.40380859375,0.997387738741374,-0.2612261258626125,0.0008400507082163,-0.00093888656999,91.91613717430536,91.5552424439202,,,1756339200000,2025-08-28T12:00:23+00:00,1756382423000,2773.920154,35567183,2025-08-29 12:00:23+00:00,https://beaconcha.in/charts/staked_ether,https://www.beaconcha.in/ethstore,extraido_html_sem_imputacao; consistencia_interna_verificada,0,2.847,,,,ausente_nao_estimado,Yahoo Finance via yfinance,131.8081653004778,Yahoo Finance via yfinance,131.2720533925126,-0.0026122612586261,0,staking_apr_rede,indisponivel_sem_dados_comparaveis
2025-08-29,35712131,2.823,4360.15283203125,4351.3662109375,0.997984790572202,-0.2015209427798092,-0.0331640681503528,-0.03256563167809,92.91361317144654,92.52474775247504,,,1756425600000,2025-08-29T12:00:23+00:00,1756468823000,2749.5857,35546061,2025-08-30 12:00:23+00:00,https://beaconcha.in/charts/staked_ether,https://www.beaconcha.in/ethstore,extraido_html_sem_imputacao; consistencia_interna_verificada,0,2.823,,,,ausente_nao_estimado,Yahoo Finance via yfinance,80.53263798497464,Yahoo Finance via yfinance,79.54398745899687,-0.002015209427798,0,staking_apr_rede,indisponivel_sem_dados_comparaveis
2025-08-30,35677166,2.831,4374.1533203125,4361.48388671875,0.99710356892729,-0.2896431072709871,0.0032058643303688,0.0023224731782695,92.093263540818,91.794731039425,,,1756512000000,2025-08-30T12:00:23+00:00,1756555223000,2755.148402,35523635,2025-08-31 12:00:23+00:00,https://beaconcha.in/charts/staked_ether,https://www.beaconcha.in/ethstore,extraido_html_sem_imputacao; consistencia_interna_verificada,0,2.831,,,,ausente_nao_estimado,Yahoo Finance via yfinance,81.57702452510253,Yahoo Finance via yfinance,80.47516459071791,-0.0028964310727098,0,staking_apr_rede,indisponivel_sem_dados_comparaveis
2025-08-31,35710771,2.875,4390.01904296875,4378.0693359375,0.997277982871079,-0.272201712892095,0.0036205905886263,0.0037954958810226,89.19827887532617,88.80698734099089,,,1756598400000,2025-08-31T12:00:23+00:00,1756641623000,2795.464779,35494577,2025-09-01 12:00:23+00:00,https://beaconcha.in/charts/staked_ether,https://www.beaconcha.in/ethstore,extraido_html_sem_imputacao; consistencia_interna_verificada,0,2.875,,,,ausente_nao_estimado,Yahoo Finance via yfinance,81.88818266296963,Yahoo Finance via yfinance,80.59996598016134,-0.0027220171289209,0,staking_apr_rede,indisponivel_sem_dados_comparaveis
2025-09-01,35709125,3.07,4314.47021484375,4298.48095703125,0.9962940391250148,-0.3705960874985203,-0.017359025442644,-0.0183461418498809,88.74927118395087,88.55939727690065,,,1756684800000,2025-09-01T12:00:23+00:00,1756728023000,2988.941387,35532059,2025-09-02 12:00:23+00:00,https://beaconcha.in/charts/staked_ether,https://www.beaconcha.in/ethstore,extraido_html_sem_imputacao; consistencia_interna_verificada,0,3.07,,,,ausente_nao_estimado,Yahoo Finance via yfinance,51.8807210514169,Yahoo Finance via yfinance,50.7938377049184,-0.0037059608749852,0,staking_apr_rede,indisponivel_sem_dados_comparaveis
2025-09-02,35712622,2.881,4325.36572265625,4315.267578125,0.9976653663114876,-0.2334633688512388,0.0025221575194476,0.0038976392859677,88.39693540778214,88.21503791919925,,,1756771200000,2025-09-02T12:00:23+00:00,1756814423000,2805.494645,35545782,2025-09-03 12:00:23+00:00,https://beaconcha.in/charts/staked_ether,https://www.beaconcha.in/ethstore,extraido_html_sem_imputacao; consistencia_interna_verificada,0,2.881,,,,ausente_nao_estimado,Yahoo Finance via yfinance,28.5840979859152,Yahoo Finance via yfinance,28.08222705244287,-0.0023346336885123,0,staking_apr_rede,indisponivel_sem_dados_comparaveis
2025-09-03,35711419,2.866,4450.38916015625,4446.0537109375,0.9990258269417056,-0.0974173058294503,0.0284948471144069,0.0298575624359803,86.57553199794398,86.7192946825967,,,1756857600000,2025-09-03T12:00:23+00:00,1756900823000,2792.251831,35557071,2025-09-04 12:00:23+00:00,https://beaconcha.in/charts/staked_ether,https://www.beaconcha.in/ethstore,extraido_html_sem_imputacao; consistencia_interna_verificada,0,2.866,,,,ausente_nao_estimado,Yahoo Finance via yfinance,36.77873234611569,Yahoo Finance via yfinance,37.43757307106512,-0.0009741730582945,0,staking_apr_rede,indisponivel_sem_dados_comparaveis
2025-09-04,35713001,2.877,4298.744140625,4300.888671875,1.0004988738989449,0.0498873898944873,-0.0346686243531475,-0.0331952269771546,86.87487347806908,87.00168663671614,,,1756944000000,2025-09-04T12:00:23+00:00,1756987223000,2803.800304,35565967,2025-09-05 12:00:23+00:00,https://beaconcha.in/charts/staked_ether,https://www.beaconcha.in/ethstore,extraido_html_sem_imputacao; consistencia_interna_verificada,0,2.877,,,,ausente_nao_estimado,Yahoo Finance via yfinance,43.59774943718012,Yahoo Finance via yfinance,43.74698781872621,0.0004988738989448,0,staking_apr_rede,indisponivel_sem_dados_comparaveis
2025-09-05,35714037,2.871,4306.98876953125,4297.4619140625,0.9977880472927756,-0.2211952707224407,0.0019160788545819,-0.0007970733362582,86.73725203006634,86.90921377590729,,,1757030400000,2025-09-05T12:00:23+00:00,1757073623000,2794.589984,35527782,2025-09-06 12:00:23+00:00,https://beaconcha.in/charts/staked_ether,https://www.beaconcha.in/ethstore,extraido_html_sem_imputacao; consistencia_interna_verificada,0,2.871,,,,ausente_nao_estimado,Yahoo Finance via yfinance,37.62534805240541,Yahoo Finance via yfinance,37.756756123725815,-0.0022119527072244,0,staking_apr_rede,indisponivel_sem_dados_comparaveis
2025-09-06,35713278,2.811,4274.2421875,4273.08349609375,0.9997289130200346,-0.0271086979965362,-0.0076321779830468,-0.0056888990256208,84.4834324459404,84.76890124049838,,,1757116800000,2025-09-06T12:00:23+00:00,1757160023000,2737.748112,35543103,2025-09-07 12:00:23+00:00,https://beaconcha.in/charts/staked_ether,https://www.beaconcha.in/ethstore,extraido_html_sem_imputacao; consistencia_interna_verificada,0,2.811,,,,ausente_nao_estimado,Yahoo Finance via yfinance,37.57035943955202,Yahoo Finance via yfinance,37.67020260121148,-0.0002710869799653,0,staking_apr_rede,indisponivel_sem_dados_comparaveis
2025-09-07,35712933,2.829,4305.34765625,4309.98486328125,1.001077080738072,0.1077080738072,0.0072510704136302,0.0085986952470987,84.15553422852372,84.33262775501368,,,1757203200000,2025-09-07T12:00:23+00:00,1757246423000,2751.946846,35510368,2025-09-08 12:00:23+00:00,https://beaconcha.in/charts/staked_ether,https://www.beaconcha.in/ethstore,extraido_html_sem_imputacao; consistencia_interna_verificada,0,2.829,,,,ausente_nao_estimado,Yahoo Finance via yfinance,38.06543377708234,Yahoo Finance via yfinance,38.34513172201287,0.001077080738072,0,staking_apr_rede,indisponivel_sem_dados_comparaveis
2025-09-08,35714758,2.862,4308.072265625,4300.7138671875,0.9982919510203636,-0.1708048979636278,0.0006326428969182,-0.0021533675643315,81.41919366679696,81.65179175284756,,,1757289600000,2025-09-08T12:00:23+00:00,1757332823000,2781.227162,35465530,2025-09-09 12:00:23+00:00,https://beaconcha.in/charts/staked_ether,https://www.beaconcha.in/ethstore,extraido_html_sem_imputacao; consistencia_interna_verificada,0,2.862,,,,ausente_nao_estimado,Yahoo Finance via yfinance,36.037201434133344,Yahoo Finance via yfinance,35.91297651087344,-0.0017080489796362,0,staking_apr_rede,indisponivel_sem_dados_comparaveis
2025-09-09,35711948,2.819,4309.04150390625,4304.9423828125,0.9990487162655468,-0.0951283734453301,0.0002249565948088,0.0009827294612912,81.41403230576606,81.64142086536211,,,1757376000000,2025-09-09T12:00:23+00:00,1757419223000,2740.488315,35484894,2025-09-10 12:00:23+00:00,https://beaconcha.in/charts/staked_ether,https://www.beaconcha.in/ethstore,extraido_html_sem_imputacao; consistencia_interna_verificada,0,2.819,,,,ausente_nao_estimado,Yahoo Finance via yfinance,35.9692891172673,Yahoo Finance via yfinance,35.78564714580691,-0.0009512837344533,0,staking_apr_rede,indisponivel_sem_dados_comparaveis
2025-09-10,35706859,2.832,4349.14599609375,4339.0927734375,0.9976884605241398,-0.2311539475860158,0.0092640125909719,0.007901533875551,81.43175114731183,81.65669977552389,,,1757462400000,2025-09-10T12:00:23+00:00,1757505623000,2753.640848,35493846,2025-09-11 12:00:23+00:00,https://beaconcha.in/charts/staked_ether,https://www.beaconcha.in/ethstore,extraido_html_sem_imputacao; consistencia_interna_verificada,0,2.832,,,,ausente_nao_estimado,Yahoo Finance via yfinance,28.412669109477047,Yahoo Finance via yfinance,26.930357070786137,-0.0023115394758601,0,staking_apr_rede,indisponivel_sem_dados_comparaveis
2025-09-11,35712041,2.871,4461.2333984375,4455.154296875,0.9986373495803584,-0.1362650419641564,0.0254457714451457,0.0263964069805634,76.51094644171764,76.96275237228483,,,1757548800000,2025-09-11T12:00:23+00:00,1757592023000,2790.900656,35485477,2025-09-12 12:00:23+00:00,https://beaconcha.in/charts/staked_ether,https://www.beaconcha.in/ethstore,extraido_html_sem_imputacao; consistencia_interna_verificada,0,2.871,,,,ausente_nao_estimado,Yahoo Finance via yfinance,19.909615962268344,Yahoo Finance via yfinance,20.552062738338883,-0.0013626504196415,0,staking_apr_rede,indisponivel_sem_dados_comparaveis
2025-09-12,35713166,2.844,4715.24609375,4699.18798828125,0.9965944289758206,-0.3405571024179377,0.0553758339849282,0.0533280304761734,78.00917116300657,78.13312384818445,,,1757635200000,2025-09-12T12:00:23+00:00,1757678423000,2765.059734,35486903,2025-09-13 12:00:23+00:00,https://beaconcha.in/charts/staked_ether,https://www.beaconcha.in/ethstore,extraido_html_sem_imputacao; consistencia_interna_verificada,0,2.844,,,,ausente_nao_estimado,Yahoo Finance via yfinance,40.822615658617565,Yahoo Finance via yfinance,39.57168394090103,-0.0034055710241793,0,staking_apr_rede,indisponivel_sem_dados_comparaveis
2025-09-13,35713270,2.829,4668.1796875,4654.8447265625,0.997143434522624,-0.2856565477375894,-0.0100319013701589,-0.009481171436469,76.44359624172928,76.54874131891196,,,1757721600000,2025-09-13T12:00:23+00:00,1757764823000,2752.756668,35513196,2025-09-14 12:00:23+00:00,https://beaconcha.in/charts/staked_ether,https://www.beaconcha.in/ethstore,extraido_html_sem_imputacao; consistencia_interna_verificada,0,2.829,,,,ausente_nao_estimado,Yahoo Finance via yfinance,41.58779941140944,Yahoo Finance via yfinance,40.72552894353641,-0.0028565654773758,0,staking_apr_rede,indisponivel_sem_dados_comparaveis
2025-09-14,35713370,2.844,4609.59765625,4615.0908203125,1.0011916797239455,0.1191679723945515,-0.0126286302513668,-0.008577006767056,76.07701116427816,75.9612867626389,,,1757808000000,2025-09-14T12:00:23+00:00,1757851223000,2758.763186,35412078,2025-09-15 12:00:23+00:00,https://beaconcha.in/charts/staked_ether,https://www.beaconcha.in/ethstore,extraido_html_sem_imputacao; consistencia_interna_verificada,0,2.844,,,,ausente_nao_estimado,Yahoo Finance via yfinance,45.44072362912447,Yahoo Finance via yfinance,43.453026112209486,0.0011916797239455,0,staking_apr_rede,indisponivel_sem_dados_comparaveis
2025-09-15,35712604,2.863,4526.8203125,4520.462890625,0.9985956098461772,-0.1404390153822765,-0.018120801633332,-0.0207171491045401,76.3648774030855,76.34516698662746,,,1757894400000,2025-09-15T12:00:23+00:00,1757937623000,2779.321933,35431812,2025-09-16 12:00:23+00:00,https://beaconcha.in/charts/staked_ether,https://www.beaconcha.in/ethstore,extraido_html_sem_imputacao; consistencia_interna_verificada,0,2.863,,,,ausente_nao_estimado,Yahoo Finance via yfinance,49.56183929229876,Yahoo Finance via yfinance,48.34439510129672,-0.0014043901538227,0,staking_apr_rede,indisponivel_sem_dados_comparaveis
2025-09-16,35715644,2.853,4503.564453125,4501.6455078125,0.9995739052183058,-0.0426094781694197,-0.0051505913403826,-0.0041713996923065,76.30705277010101,76.23344930050477,,,1757980800000,2025-09-16T12:00:23+00:00,1758024023000,2768.692322,35424189,2025-09-17 12:00:23+00:00,https://beaconcha.in/charts/staked_ether,https://www.beaconcha.in/ethstore,extraido_html_sem_imputacao; consistencia_interna_verificada,0,2.853,,,,ausente_nao_estimado,Yahoo Finance via yfinance,50.16222026563288,Yahoo Finance via yfinance,48.88263825607245,-0.0004260947816941,0,staking_apr_rede,indisponivel_sem_dados_comparaveis
2025-09-17,35715709,2.952,4592.7333984375,4587.32958984375,0.9988234003315783,-0.117659966842154,0.0196061745433914,0.0188550677240148,75.40623693075716,75.21916516857397,,,1758067200000,2025-09-17T12:00:23+00:00,1758110423000,2868.146339,35461419,2025-09-18 12:00:23+00:00,https://beaconcha.in/charts/staked_ether,https://www.beaconcha.in/ethstore,extraido_html_sem_imputacao; consistencia_interna_verificada,0,2.952,,,,ausente_nao_estimado,Yahoo Finance via yfinance,51.08052516373597,Yahoo Finance via yfinance,49.72236731798655,-0.0011765996684215,0,staking_apr_rede,indisponivel_sem_dados_comparaveis
2025-09-18,35714373,2.869,4589.9189453125,4588.44287109375,0.9996784095239292,-0.0321590476070943,-0.0006129935246967,0.0002426566831735,72.34438454077102,71.99423844722757,,,1758153600000,2025-09-18T12:00:23+00:00,1758196823000,2785.520547,35440163,2025-09-19 12:00:23+00:00,https://beaconcha.in/charts/staked_ether,https://www.beaconcha.in/ethstore,extraido_html_sem_imputacao; consistencia_interna_verificada,0,2.869,,,,ausente_nao_estimado,Yahoo Finance via yfinance,49.02420872822511,Yahoo Finance via yfinance,47.3490276211453,-0.0003215904760709,0,staking_apr_rede,indisponivel_sem_dados_comparaveis
2025-09-19,35714710,2.83,4470.9169921875,4464.83056640625,0.998638662763839,-0.1361337236161053,-0.0262688336907204,-0.0273094561908603,69.9338240928494,69.6156118595645,,,1758240000000,2025-09-19T12:00:23+00:00,1758283223000,2749.285231,35462672,2025-09-20 12:00:23+00:00,https://beaconcha.in/charts/staked_ether,https://www.beaconcha.in/ethstore,extraido_html_sem_imputacao; consistencia_interna_verificada,0,2.83,,,,ausente_nao_estimado,Yahoo Finance via yfinance,27.96348214954167,Yahoo Finance via yfinance,28.52504690541708,-0.001361337236161,0,staking_apr_rede,indisponivel_sem_dados_comparaveis
2025-09-20,35714460,2.793,4482.265625,4477.39990234375,0.9989144501769124,-0.1085549823087506,0.0025351072072702,0.0028112324457324,69.24993685612712,68.8674962548486,,,1758326400000,2025-09-20T12:00:23+00:00,1758369623000,2716.005741,35489824,2025-09-21 12:00:23+00:00,https://beaconcha.in/charts/staked_ether,https://www.beaconcha.in/ethstore,extraido_html_sem_imputacao; consistencia_interna_verificada,0,2.793,,,,ausente_nao_estimado,Yahoo Finance via yfinance,28.76001586226534,Yahoo Finance via yfinance,29.325273232993105,-0.0010855498230875,0,staking_apr_rede,indisponivel_sem_dados_comparaveis
2025-09-21,35714472,2.895,4451.3291015625,4448.896484375,0.9994535076755736,-0.0546492324426495,-0.0069259123675463,-0.0063864146142747,50.10395399018005,49.5382588111617,,,1758412800000,2025-09-21T12:00:23+00:00,1758456023000,2812.883785,35464176,2025-09-22 12:00:23+00:00,https://beaconcha.in/charts/staked_ether,https://www.beaconcha.in/ethstore,extraido_html_sem_imputacao; consistencia_interna_verificada,0,2.895,,,,ausente_nao_estimado,Yahoo Finance via yfinance,28.22688374817147,Yahoo Finance via yfinance,29.23033182888739,-0.0005464923244264,0,staking_apr_rede,indisponivel_sem_dados_comparaveis
2025-09-22,35711682,2.849,4202.87744140625,4198.494140625,0.9989570714724948,-0.1042928527505093,-0.057433330283538,-0.0579301613336438,53.55833800901895,53.108595837879705,,,1758499200000,2025-09-22T12:00:23+00:00,1758542423000,2763.36404,35407856,2025-09-23 12:00:23+00:00,https://beaconcha.in/charts/staked_ether,https://www.beaconcha.in/ethstore,extraido_html_sem_imputacao; consistencia_interna_verificada,0,2.849,,,,ausente_nao_estimado,Yahoo Finance via yfinance,47.22930797452697,Yahoo Finance via yfinance,47.72065636622928,-0.001042928527505,0,staking_apr_rede,indisponivel_sem_dados_comparaveis
2025-09-23,35712542,2.903,4165.50390625,4164.13134765625,0.9996704939847276,-0.0329506015272373,-0.0089321416137252,-0.008218229172144,53.55085098128905,53.06592796200745,,,1758585600000,2025-09-23T12:00:23+00:00,1758628823000,2816.948808,35411972,2025-09-24 12:00:23+00:00,https://beaconcha.in/charts/staked_ether,https://www.beaconcha.in/ethstore,extraido_html_sem_imputacao; consistencia_interna_verificada,0,2.903,,,,ausente_nao_estimado,Yahoo Finance via yfinance,47.042096067155,Yahoo Finance via yfinance,47.48017881468544,-0.0003295060152723,0,staking_apr_rede,indisponivel_sem_dados_comparaveis
2025-09-24,35714436,2.878,4153.46923828125,4149.2080078125,0.9989740551273438,-0.102594487265617,-0.0028933081415406,-0.0035902193415644,44.06589840489453,43.61129071397504,,,1758672000000,2025-09-24T12:00:23+00:00,1758715223000,2787.824323,35359853,2025-09-25 12:00:23+00:00,https://beaconcha.in/charts/staked_ether,https://www.beaconcha.in/ethstore,extraido_html_sem_imputacao; consistencia_interna_verificada,0,2.878,,,,ausente_nao_estimado,Yahoo Finance via yfinance,40.43587051417337,Yahoo Finance via yfinance,41.20818410004323,-0.0010259448726561,0,staking_apr_rede,indisponivel_sem_dados_comparaveis
2025-09-25,35711638,2.909,3868.333984375,3862.440673828125,0.9984765248888334,-0.1523475111166572,-0.0711200266948419,-0.0716181919598824,46.25962086207572,46.10066756932156,,,1758758400000,2025-09-25T12:00:23+00:00,1758801623000,2821.815391,35409501,2025-09-26 12:00:23+00:00,https://beaconcha.in/charts/staked_ether,https://www.beaconcha.in/ethstore,extraido_html_sem_imputacao; consistencia_interna_verificada,0,2.909,,,,ausente_nao_estimado,Yahoo Finance via yfinance,55.20688476290695,Yahoo Finance via yfinance,55.81919661386478,-0.0015234751111665,0,staking_apr_rede,indisponivel_sem_dados_comparaveis
2025-09-26,35710733,2.863,4035.887939453125,4029.675537109375,0.9984607099015262,-0.1539290098473755,0.0424024174978493,0.0423865782546,48.83324567886592,48.7194789246971,,,1758844800000,2025-09-26T12:00:23+00:00,1758888023000,2778.260648,35417255,2025-09-27 12:00:23+00:00,https://beaconcha.in/charts/staked_ether,https://www.beaconcha.in/ethstore,extraido_html_sem_imputacao; consistencia_interna_verificada,0,2.863,,,,ausente_nao_estimado,Yahoo Finance via yfinance,73.16711696549123,Yahoo Finance via yfinance,73.6165068011728,-0.0015392900984737,0,staking_apr_rede,indisponivel_sem_dados_comparaveis
2025-09-27,35712470,2.811,4018.658203125,4018.966552734375,1.0000767294937238,0.0076729493723837,-0.0042782702597103,-0.0026610676869223,48.80659491079783,48.710999662272926,,,1758931200000,2025-09-27T12:00:23+00:00,1758974423000,2727.477786,35411043,2025-09-28 12:00:23+00:00,https://beaconcha.in/charts/staked_ether,https://www.beaconcha.in/ethstore,extraido_html_sem_imputacao; consistencia_interna_verificada,0,2.811,,,,ausente_nao_estimado,Yahoo Finance via yfinance,72.35600514827287,Yahoo Finance via yfinance,72.9297806245499,7.67294937238372e-05,0,staking_apr_rede,indisponivel_sem_dados_comparaveis
2025-09-28,35709440,2.859,4141.4765625,4138.21630859375,0.9992127798245266,-0.0787220175473391,0.0301043152619956,0.0292400585158395,49.00845084971106,48.87703700566716,,,1759017600000,2025-09-28T12:00:23+00:00,1759060823000,2773.057677,35402957,2025-09-29 12:00:23+00:00,https://beaconcha.in/charts/staked_ether,https://www.beaconcha.in/ethstore,extraido_html_sem_imputacao; consistencia_interna_verificada,0,2.859,,,,ausente_nao_estimado,Yahoo Finance via yfinance,79.63081376569221,Yahoo Finance via yfinance,79.82869562273372,-0.0007872201754733,0,staking_apr_rede,indisponivel_sem_dados_comparaveis
2025-09-29,35712118,2.933,4217.341796875,4218.111328125,1.000182468314655,0.0182468314654959,0.01815264176131,0.0191226236266361,49.47246211868717,49.398444987033216,,,1759104000000,2025-09-29T12:00:23+00:00,1759147223000,2846.393683,35427241,2025-09-30 12:00:23+00:00,https://beaconcha.in/charts/staked_ether,https://www.beaconcha.in/ethstore,extraido_html_sem_imputacao; consistencia_interna_verificada,0,2.933,,,,ausente_nao_estimado,Yahoo Finance via yfinance,70.61341771533058,Yahoo Finance via yfinance,70.76086415214992,0.0001824683146549,0,staking_apr_rede,indisponivel_sem_dados_comparaveis
2025-09-30,35708915,2.868,4145.95751953125,4141.18896484375,0.9988498303069832,-0.1150169693016844,-0.017071255792248,-0.0184045391073837,49.74353724795471,49.72657427688371,,,1759190400000,2025-09-30T12:00:23+00:00,1759233623000,2784.412555,35436775,2025-10-01 12:00:23+00:00,https://beaconcha.in/charts/staked_ether,https://www.beaconcha.in/ethstore,extraido_html_sem_imputacao; consistencia_interna_verificada,0,2.868,,,,ausente_nao_estimado,Yahoo Finance via yfinance,71.51299495436724,Yahoo Finance via yfinance,71.91180926697808,-0.0011501696930168,0,staking_apr_rede,indisponivel_sem_dados_comparaveis
2025-10-01,35711368,2.882,4351.1123046875,4339.1142578125,0.9972425333949496,-0.2757466605050496,0.0482977468135869,0.0466873030398994,52.3785667397798,52.1279315230632,,,1759276800000,2025-10-01T12:00:23+00:00,1759320023000,2797.158223,35426489,2025-10-02 12:00:23+00:00,https://beaconcha.in/charts/staked_ether,https://www.beaconcha.in/ethstore,extraido_html_sem_imputacao; consistencia_interna_verificada,0,2.882,,,,ausente_nao_estimado,Yahoo Finance via yfinance,79.63775175964258,Yahoo Finance via yfinance,79.48617944250852,-0.0027574666050504,0,staking_apr_rede,indisponivel_sem_dados_comparaveis
2025-10-02,35707208,2.857,4487.923828125,4479.77001953125,0.9981831668927508,-0.1816833107249227,0.0309586810920872,0.031901470961276,53.45965218007434,53.27286970204141,,,1759363200000,2025-10-02T12:00:23+00:00,1759406423000,2770.151534,35389096,2025-10-03 12:00:23+00:00,https://beaconcha.in/charts/staked_ether,https://www.beaconcha.in/ethstore,extraido_html_sem_imputacao; consistencia_interna_verificada,0,2.857,,,,ausente_nao_estimado,Yahoo Finance via yfinance,46.02053744722303,Yahoo Finance via yfinance,45.61130442954946,-0.0018168331072492,0,staking_apr_rede,indisponivel_sem_dados_comparaveis
2025-10-03,35697517,2.848,4514.87060546875,4514.73486328125,0.9999699344235168,-0.0030065576483107,0.0059863319139202,0.0077747514357564,52.58414844950079,52.32867453536502,,,1759449600000,2025-10-03T12:00:23+00:00,1759492823000,2758.951917,35363933,2025-10-04 12:00:23+00:00,https://beaconcha.in/charts/staked_ether,https://www.beaconcha.in/ethstore,extraido_html_sem_imputacao; consistencia_interna_verificada,0,2.848,,,,ausente_nao_estimado,Yahoo Finance via yfinance,43.25535465463162,Yahoo Finance via yfinance,42.56870561589872,-3.006557648310704e-05,0,staking_apr_rede,indisponivel_sem_dados_comparaveis
2025-10-04,35703155,2.823,4489.197265625,4485.75146484375,0.9992324238438716,-0.0767576156128324,-0.0057026245883215,-0.0064404294533978,51.09690856507807,50.97426760910132,,,1759536000000,2025-10-04T12:00:23+00:00,1759579223000,2730.967193,35312364,2025-10-05 12:00:23+00:00,https://beaconcha.in/charts/staked_ether,https://www.beaconcha.in/ethstore,extraido_html_sem_imputacao; consistencia_interna_verificada,0,2.823,,,,ausente_nao_estimado,Yahoo Finance via yfinance,43.67221400622713,Yahoo Finance via yfinance,43.66281200586904,-0.0007675761561283,0,staking_apr_rede,indisponivel_sem_dados_comparaveis
2025-10-05,35711952,2.817,4515.4228515625,4513.1513671875,0.9994969497985744,-0.0503050201425492,0.0058249342556798,0.0060896283755895,51.11962945430452,50.99345637105114,,,1759622400000,2025-10-05T12:00:23+00:00,1759665623000,2730.538836,35384143,2025-10-06 12:00:23+00:00,https://beaconcha.in/charts/staked_ether,https://www.beaconcha.in/ethstore,extraido_html_sem_imputacao; consistencia_interna_verificada,0,2.817,,,,ausente_nao_estimado,Yahoo Finance via yfinance,42.33935677653158,Yahoo Finance via yfinance,42.47878568358558,-0.0005030502014254,0,staking_apr_rede,indisponivel_sem_dados_comparaveis
2025-10-06,35710659,2.874,4687.771484375,4687.060546875,0.9998483421168524,-0.0151657883147637,0.0374584689713631,0.0378099763606239,52.49834459298866,52.44405236487973,,,1759708800000,2025-10-06T12:00:23+00:00,1759752023000,2787.818041,35402873,2025-10-07 12:00:23+00:00,https://beaconcha.in/charts/staked_ether,https://www.beaconcha.in/ethstore,extraido_html_sem_imputacao; consistencia_interna_verificada,0,2.874,,,,ausente_nao_estimado,Yahoo Finance via yfinance,46.07899843201524,Yahoo Finance via yfinance,46.25593169451241,-0.0001516578831476,0,staking_apr_rede,indisponivel_sem_dados_comparaveis
2025-10-07,35711994,2.886,4451.15185546875,4448.97705078125,0.999511406315013,-0.0488593684986993,-0.0517943996766889,-0.052131443378097,55.84112321535847,55.81015610289798,,,1759795200000,2025-10-07T12:00:23+00:00,1759838423000,2801.922855,35439986,2025-10-08 12:00:23+00:00,https://beaconcha.in/charts/staked_ether,https://www.beaconcha.in/ethstore,extraido_html_sem_imputacao; consistencia_interna_verificada,0,2.886,,,,ausente_nao_estimado,Yahoo Finance via yfinance,64.12017657567031,Yahoo Finance via yfinance,64.07749100421731,-0.0004885936849869,0,staking_apr_rede,indisponivel_sem_dados_comparaveis
2025-10-08,35701484,2.86,4527.64794921875,4527.6513671875,1.00000075491045,7.54910449929369e-05,0.0170396815379718,0.0175291495339121,56.11604410008428,56.08918323053863,,,1759881600000,2025-10-08T12:00:23+00:00,1759924823000,2778.516621,35454532,2025-10-09 12:00:23+00:00,https://beaconcha.in/charts/staked_ether,https://www.beaconcha.in/ethstore,extraido_html_sem_imputacao; consistencia_interna_verificada,0,2.86,,,,ausente_nao_estimado,Yahoo Finance via yfinance,56.3024929546234,Yahoo Finance via yfinance,57.0640329279264,7.549104499293691e-07,0,staking_apr_rede,indisponivel_sem_dados_comparaveis
2025-10-09,35701947,2.859,4369.1435546875,4368.119140625,0.9997655343548048,-0.0234465645195136,-0.0356355811560733,-0.0358708292028,57.6055440335835,57.60231726143207,,,1759968000000,2025-10-09T12:00:23+00:00,1760011223000,2772.592196,35398063,2025-10-10 12:00:23+00:00,https://beaconcha.in/charts/staked_ether,https://www.beaconcha.in/ethstore,extraido_html_sem_imputacao; consistencia_interna_verificada,0,2.859,,,,ausente_nao_estimado,Yahoo Finance via yfinance,58.60352417258845,Yahoo Finance via yfinance,59.34483710438466,-0.0002344656451951,0,staking_apr_rede,indisponivel_sem_dados_comparaveis
2025-10-10,35701894,3.884,3843.0087890625,3845.240966796875,1.0005808411733867,0.0580841173386748,-0.1283114083795924,-0.1274962426925859,72.9133081373622,72.77178423149279,,,1760054400000,2025-10-10T12:00:23+00:00,1760097623000,3761.967255,35351914,2025-10-11 12:00:23+00:00,https://beaconcha.in/charts/staked_ether,https://www.beaconcha.in/ethstore,extraido_html_sem_imputacao; consistencia_interna_verificada,0,3.884,,,,ausente_nao_estimado,Yahoo Finance via yfinance,105.99313485759052,Yahoo Finance via yfinance,105.78308443458076,0.0005808411733867,0,staking_apr_rede,indisponivel_sem_dados_comparaveis
2025-10-11,35702934,2.901,3750.611572265625,3746.802001953125,0.9989842802329438,-0.1015719767056166,-0.0243366859889539,-0.0259335944993452,72.43840507447749,72.30588223896089,,,1760140800000,2025-10-11T12:00:23+00:00,1760184023000,2806.485224,35311367,2025-10-12 12:00:23+00:00,https://beaconcha.in/charts/staked_ether,https://www.beaconcha.in/ethstore,extraido_html_sem_imputacao; consistencia_interna_verificada,0,2.901,,,,ausente_nao_estimado,Yahoo Finance via yfinance,104.99071992124314,Yahoo Finance via yfinance,104.86713792191738,-0.0010157197670561,0,staking_apr_rede,indisponivel_sem_dados_comparaveis
2025-10-12,35712959,2.928,4164.427734375,4156.6572265625,0.9981340754821224,-0.1865924517877704,0.1046599548465011,0.1038085232828681,79.38252402007639,79.3043151360202,,,1760227200000,2025-10-12T12:00:23+00:00,1760270423000,2833.327364,35320619,2025-10-13 12:00:23+00:00,https://beaconcha.in/charts/staked_ether,https://www.beaconcha.in/ethstore,extraido_html_sem_imputacao; consistencia_interna_verificada,0,2.928,,,,ausente_nao_estimado,Yahoo Finance via yfinance,141.08477378197648,Yahoo Finance via yfinance,140.5613576539278,-0.0018659245178777,0,staking_apr_rede,indisponivel_sem_dados_comparaveis
2025-10-13,35713073,2.906,4245.4677734375,4244.8115234375,0.9998454233938352,-0.0154576606164802,0.0192731402013549,0.0209862191705751,79.76598808848425,79.75437611599864,,,1760313600000,2025-10-13T12:00:23+00:00,1760356823000,2815.23783,35364054,2025-10-14 12:00:23+00:00,https://beaconcha.in/charts/staked_ether,https://www.beaconcha.in/ethstore,extraido_html_sem_imputacao; consistencia_interna_verificada,0,2.906,,,,ausente_nao_estimado,Yahoo Finance via yfinance,137.81435274415213,Yahoo Finance via yfinance,137.4428630063192,-0.0001545766061648,0,staking_apr_rede,indisponivel_sem_dados_comparaveis
2025-10-14,35712645,2.9,4125.412109375,4125.4541015625,1.0000101789073157,0.0010178907315694,-0.0286860875711376,-0.0285213201612671,80.20125003278756,80.22958109349588,,,1760400000000,2025-10-14T12:00:23+00:00,1760443223000,2811.212059,35382902,2025-10-15 12:00:23+00:00,https://beaconcha.in/charts/staked_ether,https://www.beaconcha.in/ethstore,extraido_html_sem_imputacao; consistencia_interna_verificada,0,2.9,,,,ausente_nao_estimado,Yahoo Finance via yfinance,134.95584888295417,Yahoo Finance via yfinance,134.50056471749951,1.0178907315694374e-05,0,staking_apr_rede,indisponivel_sem_dados_comparaveis
2025-10-15,35687813,2.85,3987.45947265625,3983.189697265625,0.998929199050196,-0.107080094980394,-0.0340116156373376,-0.0350931691595837,80.75055154772463,80.7673984941725,,,1760486400000,2025-10-15T12:00:23+00:00,1760529623000,2766.693757,35431712,2025-10-16 12:00:23+00:00,https://beaconcha.in/charts/staked_ether,https://www.beaconcha.in/ethstore,extraido_html_sem_imputacao; consistencia_interna_verificada,0,2.85,,,,ausente_nao_estimado,Yahoo Finance via yfinance,133.5639704866855,Yahoo Finance via yfinance,133.12207109228348,-0.0010708009498039,0,staking_apr_rede,indisponivel_sem_dados_comparaveis
2025-10-16,35713688,2.944,3894.75439453125,3887.35009765625,0.9980989053159818,-0.1901094684018223,-0.0235236837305908,-0.0243552131219304,81.0307698875536,81.07220655651956,,,1760572800000,2025-10-16T12:00:23+00:00,1760616023000,2855.735334,35402593,2025-10-17 12:00:23+00:00,https://beaconcha.in/charts/staked_ether,https://www.beaconcha.in/ethstore,extraido_html_sem_imputacao; consistencia_interna_verificada,0,2.944,,,,ausente_nao_estimado,Yahoo Finance via yfinance,132.88398381277844,Yahoo Finance via yfinance,132.45563024389665,-0.0019010946840182,0,staking_apr_rede,indisponivel_sem_dados_comparaveis
2025-10-17,35713940,2.863,3832.558837890625,3829.76513671875,0.9992710611134642,-0.0728938886535801,-0.0160979367331441,-0.0149242373667334,80.6310155632574,80.68221096258068,,,1760659200000,2025-10-17T12:00:23+00:00,1760702423000,2774.973843,35373678,2025-10-18 12:00:23+00:00,https://beaconcha.in/charts/staked_ether,https://www.beaconcha.in/ethstore,extraido_html_sem_imputacao; consistencia_interna_verificada,0,2.863,,,,ausente_nao_estimado,Yahoo Finance via yfinance,94.59233482631257,Yahoo Finance via yfinance,94.71830161251216,-0.0007289388865358,0,staking_apr_rede,indisponivel_sem_dados_comparaveis
2025-10-18,35713514,2.816,3890.34619140625,3886.2001953125,0.9989342860789848,-0.1065713921015176,0.0149654648922313,0.0146283873860168,80.94526535710492,80.97816880162743,,,1760745600000,2025-10-18T12:00:23+00:00,1760788823000,2724.73189,35319285,2025-10-19 12:00:23+00:00,https://beaconcha.in/charts/staked_ether,https://www.beaconcha.in/ethstore,extraido_html_sem_imputacao; consistencia_interna_verificada,0,2.816,,,,ausente_nao_estimado,Yahoo Finance via yfinance,92.7794013736056,Yahoo Finance via yfinance,92.61774987391787,-0.0010657139210151,0,staking_apr_rede,indisponivel_sem_dados_comparaveis
2025-10-19,35713947,2.807,3984.649658203125,3978.46142578125,0.9984469820554648,-0.1553017944535106,0.023951244355826,0.023463301426789,81.21938331328361,81.19628492406285,,,1760832000000,2025-10-19T12:00:23+00:00,1760875223000,2717.636987,35336563,2025-10-20 12:00:23+00:00,https://beaconcha.in/charts/staked_ether,https://www.beaconcha.in/ethstore,extraido_html_sem_imputacao; consistencia_interna_verificada,0,2.807,,,,ausente_nao_estimado,Yahoo Finance via yfinance,47.33427272885325,Yahoo Finance via yfinance,48.0264953504304,-0.0015530179445351,0,staking_apr_rede,indisponivel_sem_dados_comparaveis
2025-10-20,35708048,2.828,3980.76025390625,3978.491943359375,0.9994301815728166,-0.0569818427183399,-0.0009765736224249,7.670669088942113e-06,81.1939333875597,81.17324585928598,,,1760918400000,2025-10-20T12:00:23+00:00,1760961623000,2739.960724,35369103,2025-10-21 12:00:23+00:00,https://beaconcha.in/charts/staked_ether,https://www.beaconcha.in/ethstore,extraido_html_sem_imputacao; consistencia_interna_verificada,0,2.828,,,,ausente_nao_estimado,Yahoo Finance via yfinance,42.710567311331175,Yahoo Finance via yfinance,42.90232377019501,-0.0005698184271833,0,staking_apr_rede,indisponivel_sem_dados_comparaveis
2025-10-21,35710451,2.872,3876.76416015625,3881.901611328125,1.0013251905351055,0.1325190535105491,-0.0264719932842644,-0.024577699203769,81.56932064483003,81.48969209653775,,,1761004800000,2025-10-21T12:00:23+00:00,1761048023000,2783.134906,35364747,2025-10-22 12:00:23+00:00,https://beaconcha.in/charts/staked_ether,https://www.beaconcha.in/ethstore,extraido_html_sem_imputacao; consistencia_interna_verificada,0,2.872,,,,ausente_nao_estimado,Yahoo Finance via yfinance,42.12183276776064,Yahoo Finance via yfinance,41.90804326772973,0.0013251905351054,0,staking_apr_rede,indisponivel_sem_dados_comparaveis
2025-10-22,35704084,2.85,3808.122314453125,3798.2734375,0.9974137183262876,-0.2586281673712332,-0.0178645895343951,-0.0217785346572766,79.48503838918654,79.45915655872415,,,1761091200000,2025-10-22T12:00:23+00:00,1761134423000,2759.840007,35339796,2025-10-23 12:00:23+00:00,https://beaconcha.in/charts/staked_ether,https://www.beaconcha.in/ethstore,extraido_html_sem_imputacao; consistencia_interna_verificada,0,2.85,,,,ausente_nao_estimado,Yahoo Finance via yfinance,37.63627161081356,Yahoo Finance via yfinance,37.69686708752387,-0.0025862816737123,0,staking_apr_rede,indisponivel_sem_dados_comparaveis
2025-10-23,35706376,2.849,3856.0263671875,3857.279541015625,1.0003249909904115,0.03249909904115,0.0125009778831114,0.0154155479531777,79.64489751231237,79.70376097220296,,,1761177600000,2025-10-23T12:00:23+00:00,1761220823000,2760.323744,35367082,2025-10-24 12:00:23+00:00,https://beaconcha.in/charts/staked_ether,https://www.beaconcha.in/ethstore,extraido_html_sem_imputacao; consistencia_interna_verificada,0,2.849,,,,ausente_nao_estimado,Yahoo Finance via yfinance,36.746186951765104,Yahoo Finance via yfinance,37.36183590188076,0.0003249909904115,0,staking_apr_rede,indisponivel_sem_dados_comparaveis
2025-10-24,35709273,2.846,3934.5673828125,3933.2705078125,0.9996703894294288,-0.0329610570571237,0.0201637203014951,0.0195091172051415,80.03832707991373,80.07227134499372,,,1761264000000,2025-10-24T12:00:23+00:00,1761307223000,2756.931041,35355963,2025-10-25 12:00:23+00:00,https://beaconcha.in/charts/staked_ether,https://www.beaconcha.in/ethstore,extraido_html_sem_imputacao; consistencia_interna_verificada,0,2.846,,,,ausente_nao_estimado,Yahoo Finance via yfinance,37.2650371387412,Yahoo Finance via yfinance,37.88644369015336,-0.0003296105705712,0,staking_apr_rede,indisponivel_sem_dados_comparaveis
2025-10-25,35706266,2.817,3953.470947265625,3953.91455078125,1.000112206089672,0.0112206089672106,0.0047929789006658,0.0052348435997805,76.04418358101515,76.02062822666494,,,1761350400000,2025-10-25T12:00:23+00:00,1761393623000,2727.99419,35351745,2025-10-26 12:00:23+00:00,https://beaconcha.in/charts/staked_ether,https://www.beaconcha.in/ethstore,extraido_html_sem_imputacao; consistencia_interna_verificada,0,2.817,,,,ausente_nao_estimado,Yahoo Finance via yfinance,36.10905617071929,Yahoo Finance via yfinance,36.84763029236896,0.0001122060896721,0,staking_apr_rede,indisponivel_sem_dados_comparaveis
2025-10-26,35707516,2.873,4157.9892578125,4159.734375,1.000419702187595,0.0419702187594905,0.0504376920431622,0.0507451063853899,76.64771205274258,76.64970788823437,,,1761436800000,2025-10-26T12:00:23+00:00,1761480023000,2782.85772,35359005,2025-10-27 12:00:23+00:00,https://beaconcha.in/charts/staked_ether,https://www.beaconcha.in/ethstore,extraido_html_sem_imputacao; consistencia_interna_verificada,0,2.873,,,,ausente_nao_estimado,Yahoo Finance via yfinance,48.655908373991785,Yahoo Finance via yfinance,49.424164009418014,0.0004197021875949,0,staking_apr_rede,indisponivel_sem_dados_comparaveis
2025-10-27,35705706,2.874,4120.1220703125,4121.06689453125,1.0002293194722451,0.0229319472245137,-0.0091488142946671,-0.0093391352493806,76.70867839921071,76.72585565295607,,,1761523200000,2025-10-27T12:00:23+00:00,1761566423000,2780.783747,35321003,2025-10-28 12:00:23+00:00,https://beaconcha.in/charts/staked_ether,https://www.beaconcha.in/ethstore,extraido_html_sem_imputacao; consistencia_interna_verificada,0,2.874,,,,ausente_nao_estimado,Yahoo Finance via yfinance,49.72339090528926,Yahoo Finance via yfinance,50.6023552861976,0.0002293194722451,0,staking_apr_rede,indisponivel_sem_dados_comparaveis
2025-10-28,35707551,2.85,3982.262451171875,3982.14697265625,0.9999710017817658,-0.002899821823421,-0.0340326787838608,-0.0342909706051057,76.89013983410679,76.96547769424399,,,1761609600000,2025-10-28T12:00:23+00:00,1761652823000,2763.316778,35392045,2025-10-29 12:00:23+00:00,https://beaconcha.in/charts/staked_ether,https://www.beaconcha.in/ethstore,extraido_html_sem_imputacao; consistencia_interna_verificada,0,2.85,,,,ausente_nao_estimado,Yahoo Finance via yfinance,52.8294690813245,Yahoo Finance via yfinance,54.40304138498253,-2.8998218234210785e-05,0,staking_apr_rede,indisponivel_sem_dados_comparaveis
2025-10-29,35707049,2.914,3903.35302734375,3899.599853515625,0.9990384744085832,-0.0961525591416712,-0.0200141784925664,-0.0209471680075581,76.82688306832323,76.89749582398356,,,1761696000000,2025-10-29T12:00:23+00:00,1761739223000,2821.048148,35331221,2025-10-30 12:00:23+00:00,https://beaconcha.in/charts/staked_ether,https://www.beaconcha.in/ethstore,extraido_html_sem_imputacao; consistencia_interna_verificada,0,2.914,,,,ausente_nao_estimado,Yahoo Finance via yfinance,53.38647248716737,Yahoo Finance via yfinance,54.16953249963129,-0.0009615255914167,0,staking_apr_rede,indisponivel_sem_dados_comparaveis
2025-10-30,35704001,2.867,3804.375244140625,3803.04736328125,0.9996509595467956,-0.0349040453204496,-0.0256841499230135,-0.0250712631513329,77.08966059979556,77.10464594459452,,,1761782400000,2025-10-30T12:00:23+00:00,1761825623000,2770.645769,35270427,2025-10-31 12:00:23+00:00,https://beaconcha.in/charts/staked_ether,https://www.beaconcha.in/ethstore,extraido_html_sem_imputacao; consistencia_interna_verificada,0,2.867,,,,ausente_nao_estimado,Yahoo Finance via yfinance,56.51163882569416,Yahoo Finance via yfinance,56.70067089177642,-0.0003490404532044,0,staking_apr_rede,indisponivel_sem_dados_comparaveis
2025-10-31,35708442,2.84,3847.080322265625,3847.112548828125,1.0000083768883934,0.0008376888393391,0.0111627183081316,0.0115201965434407,75.0488317057733,75.21412458052869,,,1761868800000,2025-10-31T12:00:23+00:00,1761912023000,2743.530107,35260664,2025-11-01 12:00:23+00:00,https://beaconcha.in/charts/staked_ether,https://www.beaconcha.in/ethstore,extraido_html_sem_imputacao; consistencia_interna_verificada,0,2.84,,,,ausente_nao_estimado,Yahoo Finance via yfinance,54.71650307549592,Yahoo Finance via yfinance,55.12674704148872,8.376888393391013e-06,0,staking_apr_rede,indisponivel_sem_dados_comparaveis
2025-11-01,35709062,2.811,3874.18798828125,3871.609130859375,0.9993343489191346,-0.0665651080865359,0.0070215866872251,0.0063473371090078,74.09972408691044,74.19973407339586,,,1761955200000,2025-11-01T12:00:23+00:00,1761998423000,2716.054153,35271150,2025-11-02 12:00:23+00:00,https://beaconcha.in/charts/staked_ether,https://www.beaconcha.in/ethstore,extraido_html_sem_imputacao; consistencia_interna_verificada,0,2.811,,,,ausente_nao_estimado,Yahoo Finance via yfinance,54.93807158081728,Yahoo Finance via yfinance,55.23560242378701,-0.0006656510808653,0,staking_apr_rede,indisponivel_sem_dados_comparaveis
2025-11-02,35710726,2.862,3911.063232421875,3911.77880859375,1.000182962056441,0.0182962056441082,0.0094731740475304,0.0103219920933656,74.1741538610024,74.25963613865248,,,1762041600000,2025-11-02T12:00:23+00:00,1762084823000,2768.805795,35314704,2025-11-03 12:00:23+00:00,https://beaconcha.in/charts/staked_ether,https://www.beaconcha.in/ethstore,extraido_html_sem_imputacao; consistencia_interna_verificada,0,2.862,,,,ausente_nao_estimado,Yahoo Finance via yfinance,35.14452561026474,Yahoo Finance via yfinance,35.48923737789503,0.000182962056441,0,staking_apr_rede,indisponivel_sem_dados_comparaveis
2025-11-03,35710529,3.012,3602.30810546875,3603.64208984375,1.000370313792142,0.0370313792142029,-0.0822344830552394,-0.0820471831332525,78.94358044910247,79.0039049393655,,,1762128000000,2025-11-03T12:00:23+00:00,1762171223000,2915.953755,35337754,2025-11-04 12:00:23+00:00,https://beaconcha.in/charts/staked_ether,https://www.beaconcha.in/ethstore,extraido_html_sem_imputacao; consistencia_interna_verificada,0,3.012,,,,ausente_nao_estimado,Yahoo Finance via yfinance,63.68807159082084,Yahoo Finance via yfinance,63.76105228326877,0.000370313792142,0,staking_apr_rede,indisponivel_sem_dados_comparaveis
2025-11-04,35708627,3.114,3292.574462890625,3286.011962890625,0.9980068787892382,-0.1993121210761783,-0.0899050101356721,-0.0922703654986242,83.84454542929342,84.18559632396374,,,1762214400000,2025-11-04T12:00:23+00:00,1762257623000,3012.733971,35317218,2025-11-05 12:00:23+00:00,https://beaconcha.in/charts/staked_ether,https://www.beaconcha.in/ethstore,extraido_html_sem_imputacao; consistencia_interna_verificada,0,3.114,,,,ausente_nao_estimado,Yahoo Finance via yfinance,81.81144366244898,Yahoo Finance via yfinance,82.97710533209181,-0.0019931212107617,0,staking_apr_rede,indisponivel_sem_dados_comparaveis
2025-11-05,35708343,2.886,3425.171142578125,3423.481201171875,0.9995066111047,-0.0493388895299928,0.0394816688100728,0.0409832682784612,83.99312221534736,84.42210203981642,,,1762300800000,2025-11-05T12:00:23+00:00,1762344023000,2795.910168,35356769,2025-11-06 12:00:23+00:00,https://beaconcha.in/charts/staked_ether,https://www.beaconcha.in/ethstore,extraido_html_sem_imputacao; consistencia_interna_verificada,0,2.886,,,,ausente_nao_estimado,Yahoo Finance via yfinance,95.16684281886336,Yahoo Finance via yfinance,96.82467620229504,-0.0004933888952999,0,staking_apr_rede,indisponivel_sem_dados_comparaveis
2025-11-06,35708481,2.976,3312.2578125,3306.130615234375,0.9981501448219092,-0.1849855178090886,-0.0335213636698541,-0.0348794212913614,83.09838718958608,83.56066595807184,,,1762387200000,2025-11-06T12:00:23+00:00,1762430423000,2873.450951,35237960,2025-11-07 12:00:23+00:00,https://beaconcha.in/charts/staked_ether,https://www.beaconcha.in/ethstore,extraido_html_sem_imputacao; consistencia_interna_verificada,0,2.976,,,,ausente_nao_estimado,Yahoo Finance via yfinance,95.68513194180056,Yahoo Finance via yfinance,97.4801276464914,-0.0018498551780908,0,staking_apr_rede,indisponivel_sem_dados_comparaveis
2025-11-07,35710355,2.902,3435.301025390625,3430.560791015625,0.998620140028497,-0.1379859971503028,0.0364744811598151,0.0369452365780356,84.15968226428903,84.63033881491731,,,1762473600000,2025-11-07T12:00:23+00:00,1762516823000,2803.712697,35267010,2025-11-08 12:00:23+00:00,https://beaconcha.in/charts/staked_ether,https://www.beaconcha.in/ethstore,extraido_html_sem_imputacao; consistencia_interna_verificada,0,2.902,,,,ausente_nao_estimado,Yahoo Finance via yfinance,102.19050286726264,Yahoo Finance via yfinance,103.99322091363832,-0.001379859971503,0,staking_apr_rede,indisponivel_sem_dados_comparaveis
2025-11-08,35708668,2.82,3400.3759765625,3397.333251953125,0.9991051799476448,-0.0894820052355194,-0.0102185497413461,-0.0097329575292149,83.62018788439553,84.0848285439345,,,1762560000000,2025-11-08T12:00:23+00:00,1762603223000,2730.316888,35339234,2025-11-09 12:00:23+00:00,https://beaconcha.in/charts/staked_ether,https://www.beaconcha.in/ethstore,extraido_html_sem_imputacao; consistencia_interna_verificada,0,2.82,,,,ausente_nao_estimado,Yahoo Finance via yfinance,100.555279315406,Yahoo Finance via yfinance,102.49362509299816,-0.0008948200523551,0,staking_apr_rede,indisponivel_sem_dados_comparaveis
2025-11-09,35708359,2.856,3582.621337890625,3576.8828125,0.9983982327883963,-0.1601767211603655,0.0522087429098387,0.0515009121404317,74.203946295445,74.84143454784267,,,1762646400000,2025-11-09T12:00:23+00:00,1762689623000,2760.690082,35277384,2025-11-10 12:00:23+00:00,https://beaconcha.in/charts/staked_ether,https://www.beaconcha.in/ethstore,extraido_html_sem_imputacao; consistencia_interna_verificada,0,2.856,,,,ausente_nao_estimado,Yahoo Finance via yfinance,111.9159723836304,Yahoo Finance via yfinance,113.32071357240396,-0.0016017672116036,0,staking_apr_rede,indisponivel_sem_dados_comparaveis
2025-11-10,35706380,2.924,3568.4599609375,3566.070556640625,0.9993304102265316,-0.0669589773468315,-0.0039606305321747,-0.0030273931687821,73.78284874751988,74.36026219388809,,,1762732800000,2025-11-10T12:00:23+00:00,1762776023000,2827.188169,35291032,2025-11-11 12:00:23+00:00,https://beaconcha.in/charts/staked_ether,https://www.beaconcha.in/ethstore,extraido_html_sem_imputacao; consistencia_interna_verificada,0,2.924,,,,ausente_nao_estimado,Yahoo Finance via yfinance,95.298230185337,Yahoo Finance via yfinance,97.15250015846858,-0.0006695897734683,0,staking_apr_rede,indisponivel_sem_dados_comparaveis
2025-11-11,35707403,2.863,3415.2822265625,3415.789794921875,1.0001486168128149,0.0148616812814861,-0.0438739864099317,-0.04305556659068,64.44315169768585,65.23066151455885,,,1762819200000,2025-11-11T12:00:23+00:00,1762862423000,2770.457554,35318701,2025-11-12 12:00:23+00:00,https://beaconcha.in/charts/staked_ether,https://www.beaconcha.in/ethstore,extraido_html_sem_imputacao; consistencia_interna_verificada,0,2.863,,,,ausente_nao_estimado,Yahoo Finance via yfinance,72.29825918809955,Yahoo Finance via yfinance,72.56889982915085,0.0001486168128148,0,staking_apr_rede,indisponivel_sem_dados_comparaveis
2025-11-12,35710202,2.87,3413.09423828125,3407.42529296875,0.998339059833474,-0.166094016652607,-0.000640851706814,-0.0024517785341516,63.80766270004453,64.4938227775593,,,1762905600000,2025-11-12T12:00:23+00:00,1762948823000,2775.399894,35297524,2025-11-13 12:00:23+00:00,https://beaconcha.in/charts/staked_ether,https://www.beaconcha.in/ethstore,extraido_html_sem_imputacao; consistencia_interna_verificada,0,2.87,,,,ausente_nao_estimado,Yahoo Finance via yfinance,66.28940642462908,Yahoo Finance via yfinance,66.15582649738417,-0.001660940166526,0,staking_apr_rede,indisponivel_sem_dados_comparaveis
2025-11-13,35683193,2.95,3232.757080078125,3237.761474609375,1.001548026779398,0.1548026779398137,-0.0542839228098472,-0.0510747719318735,65.49128068480107,65.89141445314742,,,1762992000000,2025-11-13T12:00:23+00:00,1763035223000,2850.744679,35273841,2025-11-14 12:00:23+00:00,https://beaconcha.in/charts/staked_ether,https://www.beaconcha.in/ethstore,extraido_html_sem_imputacao; consistencia_interna_verificada,0,2.95,,,,ausente_nao_estimado,Yahoo Finance via yfinance,73.84514348635706,Yahoo Finance via yfinance,72.02362017427,0.0015480267793981,0,staking_apr_rede,indisponivel_sem_dados_comparaveis
2025-11-14,35678446,2.899,3103.78564453125,3099.968994140625,0.998770324104904,-0.1229675895095927,-0.0407128161836017,-0.0434900785715387,65.8652702821441,66.38796820357953,,,1763078400000,2025-11-14T12:00:23+00:00,1763121623000,2798.586903,35231650,2025-11-15 12:00:23+00:00,https://beaconcha.in/charts/staked_ether,https://www.beaconcha.in/ethstore,extraido_html_sem_imputacao; consistencia_interna_verificada,0,2.899,,,,ausente_nao_estimado,Yahoo Finance via yfinance,69.34273986091651,Yahoo Finance via yfinance,68.21474470879483,-0.0012296758950959,0,staking_apr_rede,indisponivel_sem_dados_comparaveis
2025-11-15,35674381,2.807,3166.63134765625,3166.22314453125,0.9998710923122448,-0.0128907687755308,0.0200458143866448,0.0211473309564499,66.3535087670413,66.90305398190083,,,1763164800000,2025-11-15T12:00:23+00:00,1763208023000,2711.731777,35259649,2025-11-16 12:00:23+00:00,https://beaconcha.in/charts/staked_ether,https://www.beaconcha.in/ethstore,extraido_html_sem_imputacao; consistencia_interna_verificada,0,2.807,,,,ausente_nao_estimado,Yahoo Finance via yfinance,73.7805121494694,Yahoo Finance via yfinance,72.9978122418064,-0.0001289076877553,0,staking_apr_rede,indisponivel_sem_dados_comparaveis
2025-11-16,35678185,2.89,3092.847412109375,3089.556640625,0.998936005872294,-0.1063994127705969,-0.0235761973164414,-0.0245118418906646,66.53502357888017,67.13206529747447,,,1763251200000,2025-11-16T12:00:23+00:00,1763294423000,2792.855093,35271377,2025-11-17 12:00:23+00:00,https://beaconcha.in/charts/staked_ether,https://www.beaconcha.in/ethstore,extraido_html_sem_imputacao; consistencia_interna_verificada,0,2.89,,,,ausente_nao_estimado,Yahoo Finance via yfinance,51.82969832766992,Yahoo Finance via yfinance,51.4564010996239,-0.0010639941277059,0,staking_apr_rede,indisponivel_sem_dados_comparaveis
2025-11-17,35676589,2.961,3024.538818359375,3020.29150390625,0.9985957150136928,-0.1404284986307069,-0.0223335360686421,-0.0226742474158861,66.24612535115179,66.86872879154787,,,1763337600000,2025-11-17T12:00:23+00:00,1763380823000,2864.196911,35308414,2025-11-18 12:00:23+00:00,https://beaconcha.in/charts/staked_ether,https://www.beaconcha.in/ethstore,extraido_html_sem_imputacao; consistencia_interna_verificada,0,2.961,,,,ausente_nao_estimado,Yahoo Finance via yfinance,49.81397102286222,Yahoo Finance via yfinance,49.206206384644936,-0.001404284986307,0,staking_apr_rede,indisponivel_sem_dados_comparaveis
2025-11-18,35675347,2.856,3122.97900390625,3118.493408203125,0.9985636804802356,-0.1436319519764417,0.0320287321061959,0.0319966520093018,66.80007074221487,67.44431791446537,,,1763424000000,2025-11-18T12:00:23+00:00,1763467223000,2763.979354,35317834,2025-11-19 12:00:23+00:00,https://beaconcha.in/charts/staked_ether,https://www.beaconcha.in/ethstore,extraido_html_sem_imputacao; consistencia_interna_verificada,0,2.856,,,,ausente_nao_estimado,Yahoo Finance via yfinance,60.12939996928973,Yahoo Finance via yfinance,59.94746710538627,-0.0014363195197644,0,staking_apr_rede,indisponivel_sem_dados_comparaveis
2025-11-19,35675990,2.894,3023.07080078125,3018.476318359375,0.9984801935764496,-0.1519806423550429,-0.0325142190008236,-0.0325978294862208,67.27953158989607,67.90720523105178,,,1763510400000,2025-11-19T12:00:23+00:00,1763553623000,2797.914697,35285616,2025-11-20 12:00:23+00:00,https://beaconcha.in/charts/staked_ether,https://www.beaconcha.in/ethstore,extraido_html_sem_imputacao; consistencia_interna_verificada,0,2.894,,,,ausente_nao_estimado,Yahoo Finance via yfinance,60.617258497145535,Yahoo Finance via yfinance,60.666075778275385,-0.0015198064235504,0,staking_apr_rede,indisponivel_sem_dados_comparaveis
2025-11-20,35678643,3.06,2831.777587890625,2829.530029296875,0.9992063082201932,-0.0793691779806815,-0.0653684988267085,-0.0646415432457726,69.8568827656721,70.43941446956947,,,1763596800000,2025-11-20T12:00:23+00:00,1763640023000,2956.934885,35274342,2025-11-21 12:00:23+00:00,https://beaconcha.in/charts/staked_ether,https://www.beaconcha.in/ethstore,extraido_html_sem_imputacao; consistencia_interna_verificada,0,3.06,,,,ausente_nao_estimado,Yahoo Finance via yfinance,65.09084760104982,Yahoo Finance via yfinance,65.83002981684318,-0.0007936917798068,0,staking_apr_rede,indisponivel_sem_dados_comparaveis
2025-11-21,35680851,2.905,2765.69921875,2758.784423828125,0.9974998022651934,-0.2500197734806586,-0.0236111523857895,-0.0253204739144223,69.96212320212463,70.52132451754046,,,1763683200000,2025-11-21T12:00:23+00:00,1763726423000,2805.736449,35254106,2025-11-22 12:00:23+00:00,https://beaconcha.in/charts/staked_ether,https://www.beaconcha.in/ethstore,extraido_html_sem_imputacao; consistencia_interna_verificada,0,2.905,,,,ausente_nao_estimado,Yahoo Finance via yfinance,62.73633560067752,Yahoo Finance via yfinance,63.00748182924308,-0.0025001977348065,0,staking_apr_rede,indisponivel_sem_dados_comparaveis
2025-11-22,35680891,2.82,2767.607421875,2767.1396484375,0.9998309827348334,-0.0169017265166604,0.0006897153274086,0.0030240122257351,69.59027168425924,70.07572731070285,,,1763769600000,2025-11-22T12:00:23+00:00,1763812823000,2723.391708,35245395,2025-11-23 12:00:23+00:00,https://beaconcha.in/charts/staked_ether,https://www.beaconcha.in/ethstore,extraido_html_sem_imputacao; consistencia_interna_verificada,0,2.82,,,,ausente_nao_estimado,Yahoo Finance via yfinance,57.19378954500942,Yahoo Finance via yfinance,57.51184394431843,-0.0001690172651666,0,staking_apr_rede,indisponivel_sem_dados_comparaveis
2025-11-23,35681209,2.822,2801.676025390625,2798.08056640625,0.99871667567849,-0.1283324321509904,0.0122346182602878,0.0111195013231249,69.1964162214781,69.67487842759316,,,1763856000000,2025-11-23T12:00:23+00:00,1763899223000,2728.460101,35285913,2025-11-24 12:00:23+00:00,https://beaconcha.in/charts/staked_ether,https://www.beaconcha.in/ethstore,extraido_html_sem_imputacao; consistencia_interna_verificada,0,2.822,,,,ausente_nao_estimado,Yahoo Finance via yfinance,61.24477007893528,Yahoo Finance via yfinance,61.16659503022286,-0.0012833243215099,0,staking_apr_rede,indisponivel_sem_dados_comparaveis
2025-11-24,35676835,2.839,2952.71337890625,2949.803466796875,0.9990144955720516,-0.0985504427948535,0.0525067184643922,0.0528048765950291,72.51656267045513,72.99671090836931,,,1763942400000,2025-11-24T12:00:23+00:00,1763985623000,2746.358116,35302917,2025-11-25 12:00:23+00:00,https://beaconcha.in/charts/staked_ether,https://www.beaconcha.in/ethstore,extraido_html_sem_imputacao; consistencia_interna_verificada,0,2.839,,,,ausente_nao_estimado,Yahoo Finance via yfinance,76.96774907262623,Yahoo Finance via yfinance,77.00488133020751,-0.0009855044279485,0,staking_apr_rede,indisponivel_sem_dados_comparaveis
2025-11-25,35634280,2.853,2957.936279296875,2953.59765625,0.998533226331736,-0.1466773668263865,0.0017672851723719,0.0012854250952883,69.35217334587196,69.80528747560255,,,1764028800000,2025-11-25T12:00:23+00:00,1764072023000,2757.783411,35279389,2025-11-26 12:00:23+00:00,https://beaconcha.in/charts/staked_ether,https://www.beaconcha.in/ethstore,extraido_html_sem_imputacao; consistencia_interna_verificada,0,2.853,,,,ausente_nao_estimado,Yahoo Finance via yfinance,71.38547259723383,Yahoo Finance via yfinance,71.41381923495133,-0.0014667736682638,0,staking_apr_rede,indisponivel_sem_dados_comparaveis
2025-11-26,35661766,2.848,3027.81201171875,3026.144775390625,0.9994493593652208,-0.0550640634779275,0.023348428095094,0.0242654862358888,70.4004961176826,70.90646139771033,,,1764115200000,2025-11-26T12:00:23+00:00,1764158423000,2752.029203,35271378,2025-11-27 12:00:23+00:00,https://beaconcha.in/charts/staked_ether,https://www.beaconcha.in/ethstore,extraido_html_sem_imputacao; consistencia_interna_verificada,0,2.848,,,,ausente_nao_estimado,Yahoo Finance via yfinance,70.99567489519961,Yahoo Finance via yfinance,71.1872635453399,-0.0005506406347792,0,staking_apr_rede,indisponivel_sem_dados_comparaveis
2025-11-27,35662203,2.831,3014.542236328125,3013.03759765625,0.999500873249098,-0.0499126750901912,-0.0043922604267135,-0.0043407194898274,69.89855536091723,70.39848062368777,,,1764201600000,2025-11-27T12:00:23+00:00,1764244823000,2733.944531,35245103,2025-11-28 12:00:23+00:00,https://beaconcha.in/charts/staked_ether,https://www.beaconcha.in/ethstore,extraido_html_sem_imputacao; consistencia_interna_verificada,0,2.831,,,,ausente_nao_estimado,Yahoo Finance via yfinance,45.96693734204964,Yahoo Finance via yfinance,46.846077588610704,-0.0004991267509019,0,staking_apr_rede,indisponivel_sem_dados_comparaveis
2025-11-28,35657332,2.822,3032.304443359375,3027.801025390625,0.9985148529598958,-0.1485147040104162,0.005874882913213,0.0048878833052378,69.98143474941818,70.4370620619616,,,1764288000000,2025-11-28T12:00:23+00:00,1764331223000,2721.164169,35201796,2025-11-29 12:00:23+00:00,https://beaconcha.in/charts/staked_ether,https://www.beaconcha.in/ethstore,extraido_html_sem_imputacao; consistencia_interna_verificada,0,2.822,,,,ausente_nao_estimado,Yahoo Finance via yfinance,37.3995827896273,Yahoo Finance via yfinance,37.54776121596613,-0.0014851470401041,0,staking_apr_rede,indisponivel_sem_dados_comparaveis
2025-11-29,35640781,2.8,2991.685302734375,2989.73583984375,0.999348373009406,-0.0651626990593956,-0.013485997805236,-0.0126515862328754,69.73152030018053,70.20067511766514,,,1764374400000,2025-11-29T12:00:23+00:00,1764417623000,2699.781898,35189859,2025-11-30 12:00:23+00:00,https://beaconcha.in/charts/staked_ether,https://www.beaconcha.in/ethstore,extraido_html_sem_imputacao; consistencia_interna_verificada,0,2.8,,,,ausente_nao_estimado,Yahoo Finance via yfinance,41.453148415094375,Yahoo Finance via yfinance,41.63891981662727,-0.0006516269905939,0,staking_apr_rede,indisponivel_sem_dados_comparaveis
2025-11-30,35641968,2.846,2992.112548828125,2993.078857421875,1.000322951953839,0.0322951953839023,0.0001428009786007,0.0011175401864197,69.45555305477141,69.92947507018341,,,1764460800000,2025-11-30T12:00:23+00:00,1764504023000,2745.886143,35218537,2025-12-01 12:00:23+00:00,https://beaconcha.in/charts/staked_ether,https://www.beaconcha.in/ethstore,extraido_html_sem_imputacao; consistencia_interna_verificada,0,2.846,,,,ausente_nao_estimado,Yahoo Finance via yfinance,42.16910538897692,Yahoo Finance via yfinance,42.25107649382349,0.000322951953839,0,staking_apr_rede,indisponivel_sem_dados_comparaveis
2025-12-01,35641879,2.853,2800.18896484375,2800.96826171875,1.000278301530641,0.02783015306409,-0.0662927736435053,-0.0663374106476335,72.06826990911715,72.55121003663277,,,1764547200000,2025-12-01T12:00:23+00:00,1764590423000,2752.810216,35212939,2025-12-02 12:00:23+00:00,https://beaconcha.in/charts/staked_ether,https://www.beaconcha.in/ethstore,extraido_html_sem_imputacao; consistencia_interna_verificada,0,2.853,,,,ausente_nao_estimado,Yahoo Finance via yfinance,53.90654270517791,Yahoo Finance via yfinance,54.10585982102448,0.0002783015306409,0,staking_apr_rede,indisponivel_sem_dados_comparaveis
2025-12-02,35632746,2.854,2997.939697265625,2997.638916015625,0.9998996706804096,-0.0100329319590475,0.068238382808925,0.0678597856440582,76.90387882604983,77.28032503393808,,,1764633600000,2025-12-02T12:00:23+00:00,1764676823000,2752.825667,35200440,2025-12-03 12:00:23+00:00,https://beaconcha.in/charts/staked_ether,https://www.beaconcha.in/ethstore,extraido_html_sem_imputacao; consistencia_interna_verificada,0,2.854,,,,ausente_nao_estimado,Yahoo Finance via yfinance,77.23655275531436,Yahoo Finance via yfinance,77.08237413199325,-0.0001003293195904,0,staking_apr_rede,indisponivel_sem_dados_comparaveis
2025-12-03,35631832,2.536,3191.57177734375,3193.9658203125,1.0007501140929196,0.0750114092919584,0.0625882304633783,0.063438397714245,76.09996539069012,76.600405994953,,,1764720000000,2025-12-03T12:00:23+00:00,1764763223000,2450.49963,35271600,2025-12-04 12:00:23+00:00,https://beaconcha.in/charts/staked_ether,https://www.beaconcha.in/ethstore,extraido_html_sem_imputacao; consistencia_interna_verificada,0,2.536,,,,ausente_nao_estimado,Yahoo Finance via yfinance,88.26911393311609,Yahoo Finance via yfinance,88.30380103701413,0.0007501140929195,0,staking_apr_rede,indisponivel_sem_dados_comparaveis
2025-12-04,35629846,2.722,3134.31640625,3133.61083984375,0.999774889859606,-0.0225110140393947,-0.0181024175452983,-0.0190773859247365,69.75976523423961,69.95357733693119,,,1764806400000,2025-12-04T12:00:23+00:00,1764849623000,2628.696788,35253289,2025-12-05 12:00:23+00:00,https://beaconcha.in/charts/staked_ether,https://www.beaconcha.in/ethstore,extraido_html_sem_imputacao; consistencia_interna_verificada,0,2.722,,,,ausente_nao_estimado,Yahoo Finance via yfinance,89.93460168383093,Yahoo Finance via yfinance,90.14917775935464,-0.0002251101403939,0,staking_apr_rede,indisponivel_sem_dados_comparaveis
2025-12-05,35631938,2.758,3024.432861328125,3023.864013671875,0.9998119159252884,-0.0188084074711492,-0.0356875080281464,-0.035650474311401,69.10682924523394,69.18736946388262,,,1764892800000,2025-12-05T12:00:23+00:00,1764936023000,2662.374591,35232715,2025-12-06 12:00:23+00:00,https://beaconcha.in/charts/staked_ether,https://www.beaconcha.in/ethstore,extraido_html_sem_imputacao; consistencia_interna_verificada,0,2.758,,,,ausente_nao_estimado,Yahoo Finance via yfinance,94.72778738567996,Yahoo Finance via yfinance,94.96922320337686,-0.0001880840747114,0,staking_apr_rede,indisponivel_sem_dados_comparaveis
2025-12-06,35633349,2.768,3040.207763671875,3039.14697265625,0.999651079433353,-0.0348920566647037,0.0052022663489112,0.005041386660059,68.35107545728383,68.35101567573577,,,1764979200000,2025-12-06T12:00:23+00:00,1765022423000,2670.120906,35203064,2025-12-07 12:00:23+00:00,https://beaconcha.in/charts/staked_ether,https://www.beaconcha.in/ethstore,extraido_html_sem_imputacao; consistencia_interna_verificada,0,2.768,,,,ausente_nao_estimado,Yahoo Finance via yfinance,94.11306969094252,Yahoo Finance via yfinance,94.41419141620857,-0.000348920566647,0,staking_apr_rede,indisponivel_sem_dados_comparaveis
2025-12-07,35630971,2.79,3061.3017578125,3057.1279296875,0.9986365838929964,-0.1363416107003634,0.0069143801565508,0.0058990152057136,66.97401015439847,66.92134990342615,,,1765065600000,2025-12-07T12:00:23+00:00,1765108823000,2692.798982,35224470,2025-12-08 12:00:23+00:00,https://beaconcha.in/charts/staked_ether,https://www.beaconcha.in/ethstore,extraido_html_sem_imputacao; consistencia_interna_verificada,0,2.79,,,,ausente_nao_estimado,Yahoo Finance via yfinance,94.14573785237415,Yahoo Finance via yfinance,94.43960637022488,-0.0013634161070036,0,staking_apr_rede,indisponivel_sem_dados_comparaveis
2025-12-08,35633895,2.819,3125.197998046875,3122.839111328125,0.999245204073398,-0.0754795926601881,0.0206574040037443,0.0212666694797043,67.46811844416543,67.44934052525497,,,1765152000000,2025-12-08T12:00:23+00:00,1765195223000,2719.055366,35206362,2025-12-09 12:00:23+00:00,https://beaconcha.in/charts/staked_ether,https://www.beaconcha.in/ethstore,extraido_html_sem_imputacao; consistencia_interna_verificada,0,2.819,,,,ausente_nao_estimado,Yahoo Finance via yfinance,73.8040365962255,Yahoo Finance via yfinance,74.34759798028897,-0.0007547959266018,0,staking_apr_rede,indisponivel_sem_dados_comparaveis
2025-12-09,35628804,2.812,3321.114990234375,3320.548583984375,0.9998294529844148,-0.0170547015585276,0.0608029264224186,0.0613874457905058,68.4102712623731,68.5307508292346,,,1765238400000,2025-12-09T12:00:23+00:00,1765281623000,2715.116804,35236915,2025-12-10 12:00:23+00:00,https://beaconcha.in/charts/staked_ether,https://www.beaconcha.in/ethstore,extraido_html_sem_imputacao; consistencia_interna_verificada,0,2.812,,,,ausente_nao_estimado,Yahoo Finance via yfinance,70.71393894089461,Yahoo Finance via yfinance,71.67568678709335,-0.0001705470155852,0,staking_apr_rede,indisponivel_sem_dados_comparaveis
2025-12-10,35632049,2.834,3325.39013671875,3325.91943359375,1.0001591683541595,0.0159168354159522,0.0012864345975214,0.0016161518461238,68.42090798351838,68.54521071318533,,,1765324800000,2025-12-10T12:00:23+00:00,1765368023000,2734.085141,35217672,2025-12-11 12:00:23+00:00,https://beaconcha.in/charts/staked_ether,https://www.beaconcha.in/ethstore,extraido_html_sem_imputacao; consistencia_interna_verificada,0,2.834,,,,ausente_nao_estimado,Yahoo Finance via yfinance,58.16066912633864,Yahoo Finance via yfinance,58.80430914565714,0.0001591683541595,0,staking_apr_rede,indisponivel_sem_dados_comparaveis
2025-12-11,35632645,2.794,3237.056884765625,3237.957763671875,1.0002783018458803,0.0278301845880291,-0.0269224534884862,-0.0268033460496021,67.37359566896879,67.55698410545973,,,1765411200000,2025-12-11T12:00:23+00:00,1765454423000,2698.415729,35255145,2025-12-12 12:00:23+00:00,https://beaconcha.in/charts/staked_ether,https://www.beaconcha.in/ethstore,extraido_html_sem_imputacao; consistencia_interna_verificada,0,2.794,,,,ausente_nao_estimado,Yahoo Finance via yfinance,60.66671813037158,Yahoo Finance via yfinance,61.0144172068373,0.0002783018458802,0,staking_apr_rede,indisponivel_sem_dados_comparaveis
2025-12-12,35632392,2.821,3084.172607421875,3084.021484375,0.999951000457461,-0.0048999542539007,-0.0483811252686677,-0.0487083891388288,69.30171766795293,69.51308973907314,,,1765497600000,2025-12-12T12:00:23+00:00,1765540823000,2723.238439,35236439,2025-12-13 12:00:23+00:00,https://beaconcha.in/charts/staked_ether,https://www.beaconcha.in/ethstore,extraido_html_sem_imputacao; consistencia_interna_verificada,0,2.821,,,,ausente_nao_estimado,Yahoo Finance via yfinance,66.23278341536316,Yahoo Finance via yfinance,66.72627494749281,-4.899954253900773e-05,0,staking_apr_rede,indisponivel_sem_dados_comparaveis
2025-12-13,35632583,2.806,3116.6953125,3115.331298828125,0.9995623525769732,-0.0437647423026654,0.0104898229476874,0.0101010804721323,66.95646485751531,67.46904124964252,,,1765584000000,2025-12-13T12:00:23+00:00,1765627223000,2705.805515,35193572,2025-12-14 12:00:23+00:00,https://beaconcha.in/charts/staked_ether,https://www.beaconcha.in/ethstore,extraido_html_sem_imputacao; consistencia_interna_verificada,0,2.806,,,,ausente_nao_estimado,Yahoo Finance via yfinance,66.4593935551928,Yahoo Finance via yfinance,66.92873437512003,-0.0004376474230266,0,staking_apr_rede,indisponivel_sem_dados_comparaveis
2025-12-14,35633964,2.816,3060.5947265625,3060.94384765625,1.000114069690678,0.0114069690678064,-0.018163993601147,-0.0176121871973104,65.73323255260604,66.01983847086015,,,1765670400000,2025-12-14T12:00:23+00:00,1765713623000,2719.577874,35249826,2025-12-15 12:00:23+00:00,https://beaconcha.in/charts/staked_ether,https://www.beaconcha.in/ethstore,extraido_html_sem_imputacao; consistencia_interna_verificada,0,2.816,,,,ausente_nao_estimado,Yahoo Finance via yfinance,68.13314133972969,Yahoo Finance via yfinance,68.55743104472958,0.000114069690678,0,staking_apr_rede,indisponivel_sem_dados_comparaveis
2025-12-15,35632369,2.859,2964.18310546875,2961.675537109375,0.9991540440417636,-0.0845955958236444,-0.0320077701658808,-0.0329681473320131,66.19470605356975,66.4912997831873,,,1765756800000,2025-12-15T12:00:23+00:00,1765800023000,2757.094752,35204316,2025-12-16 12:00:23+00:00,https://beaconcha.in/charts/staked_ether,https://www.beaconcha.in/ethstore,extraido_html_sem_imputacao; consistencia_interna_verificada,0,2.859,,,,ausente_nao_estimado,Yahoo Finance via yfinance,69.01168426165879,Yahoo Finance via yfinance,69.58679692167019,-0.0008459559582364,0,staking_apr_rede,indisponivel_sem_dados_comparaveis
2025-12-16,35634491,2.85,2964.180908203125,2962.223876953125,0.9993397733435958,-0.0660226656404194,-7.412721688312701e-07,0.0001851280067364,65.74585648589475,66.00572773228349,,,1765843200000,2025-12-16T12:00:23+00:00,1765886423000,2749.257519,35209441,2025-12-17 12:00:23+00:00,https://beaconcha.in/charts/staked_ether,https://www.beaconcha.in/ethstore,extraido_html_sem_imputacao; consistencia_interna_verificada,0,2.85,,,,ausente_nao_estimado,Yahoo Finance via yfinance,40.41400991266155,Yahoo Finance via yfinance,40.75182867239752,-0.0006602266564041,0,staking_apr_rede,indisponivel_sem_dados_comparaveis
2025-12-17,35633645,2.849,2831.403564453125,2829.016357421875,0.99915688209861,-0.0843117901390022,-0.0458281928487593,-0.0460112216719484,67.18173241795628,67.43867991049652,,,1765929600000,2025-12-17T12:00:23+00:00,1765972823000,2748.857808,35213455,2025-12-18 12:00:23+00:00,https://beaconcha.in/charts/staked_ether,https://www.beaconcha.in/ethstore,extraido_html_sem_imputacao; consistencia_interna_verificada,0,2.849,,,,ausente_nao_estimado,Yahoo Finance via yfinance,42.260224098187166,Yahoo Finance via yfinance,42.48034096286794,-0.00084311790139,0,staking_apr_rede,indisponivel_sem_dados_comparaveis
2025-12-18,35630449,2.891,2827.069091796875,2827.683349609375,1.0002172772551907,0.0217277255190717,-0.0015320294953636,-0.0004713023162667,66.0398296208821,66.30913489995366,,,1766016000000,2025-12-18T12:00:23+00:00,1766059223000,2790.094745,35220223,2025-12-19 12:00:23+00:00,https://beaconcha.in/charts/staked_ether,https://www.beaconcha.in/ethstore,extraido_html_sem_imputacao; consistencia_interna_verificada,0,2.891,,,,ausente_nao_estimado,Yahoo Finance via yfinance,44.72234082910545,Yahoo Finance via yfinance,45.25501385181568,0.0002172772551907,0,staking_apr_rede,indisponivel_sem_dados_comparaveis
2025-12-19,35629179,2.849,2977.970703125,2976.866943359375,0.9996293584203274,-0.0370641579672592,0.0520015780613912,0.0514136141232448,67.89093749098694,68.08268834784919,,,1766102400000,2025-12-19T12:00:23+00:00,1766145623000,2749.463268,35223177,2025-12-20 12:00:23+00:00,https://beaconcha.in/charts/staked_ether,https://www.beaconcha.in/ethstore,extraido_html_sem_imputacao; consistencia_interna_verificada,0,2.849,,,,ausente_nao_estimado,Yahoo Finance via yfinance,60.89556177822468,Yahoo Finance via yfinance,60.82226141545921,-0.0003706415796725,0,staking_apr_rede,indisponivel_sem_dados_comparaveis
2025-12-20,35630705,2.803,2977.58251953125,2974.14697265625,0.9988461959148186,-0.1153804085181398,-0.0001303602133292,-0.0009141201586536,63.731782502988565,64.02986333069552,,,1766188800000,2025-12-20T12:00:23+00:00,1766232023000,2700.59562,35166752,2025-12-21 12:00:23+00:00,https://beaconcha.in/charts/staked_ether,https://www.beaconcha.in/ethstore,extraido_html_sem_imputacao; consistencia_interna_verificada,0,2.803,,,,ausente_nao_estimado,Yahoo Finance via yfinance,59.72316755966276,Yahoo Finance via yfinance,59.661861439839385,-0.0011538040851813,0,staking_apr_rede,indisponivel_sem_dados_comparaveis
2025-12-21,35631735,2.831,3001.61376953125,3002.099609375,1.0001618595465818,0.0161859546581766,0.0080383309849244,0.0093546476632274,63.10444137489585,63.32927153908643,,,1766275200000,2025-12-21T12:00:23+00:00,1766318423000,2731.458899,35222343,2025-12-22 12:00:23+00:00,https://beaconcha.in/charts/staked_ether,https://www.beaconcha.in/ethstore,extraido_html_sem_imputacao; consistencia_interna_verificada,0,2.831,,,,ausente_nao_estimado,Yahoo Finance via yfinance,59.61327883385961,Yahoo Finance via yfinance,59.81851962954323,0.0001618595465817,0,staking_apr_rede,indisponivel_sem_dados_comparaveis
2025-12-22,35632336,2.834,3006.07373046875,3001.93408203125,0.9986229052216712,-0.1377094778328813,0.0014847515809792,-5.513871250556344e-05,63.10181766376248,63.33711412252442,,,1766361600000,2025-12-22T12:00:23+00:00,1766404823000,2730.866927,35176073,2025-12-23 12:00:23+00:00,https://beaconcha.in/charts/staked_ether,https://www.beaconcha.in/ethstore,extraido_html_sem_imputacao; consistencia_interna_verificada,0,2.834,,,,ausente_nao_estimado,Yahoo Finance via yfinance,54.29218161989067,Yahoo Finance via yfinance,54.16607957781965,-0.0013770947783288,0,staking_apr_rede,indisponivel_sem_dados_comparaveis
2025-12-23,35628668,2.821,2963.3740234375,2961.668212890625,0.9994243687994212,-0.0575631200578685,-0.0143063268401752,-0.0135040799352536,63.278836150328765,63.50797968746801,,,1766448000000,2025-12-23T12:00:23+00:00,1766491223000,2717.078976,35156905,2025-12-24 12:00:23+00:00,https://beaconcha.in/charts/staked_ether,https://www.beaconcha.in/ethstore,extraido_html_sem_imputacao; consistencia_interna_verificada,0,2.821,,,,ausente_nao_estimado,Yahoo Finance via yfinance,55.58108740388725,Yahoo Finance via yfinance,55.32375806072643,-0.0005756312005786,0,staking_apr_rede,indisponivel_sem_dados_comparaveis
2025-12-24,35631749,2.824,2945.590576171875,2946.218994140625,1.0002133419266863,0.0213341926686538,-0.0060191597554604,-0.0052300436431022,60.62144311946687,60.8218410331738,,,1766534400000,2025-12-24T12:00:23+00:00,1766577623000,2722.60778,35186005,2025-12-25 12:00:23+00:00,https://beaconcha.in/charts/staked_ether,https://www.beaconcha.in/ethstore,extraido_html_sem_imputacao; consistencia_interna_verificada,0,2.824,,,,ausente_nao_estimado,Yahoo Finance via yfinance,41.20463781233104,Yahoo Finance via yfinance,40.57455805596175,0.0002133419266865,0,staking_apr_rede,indisponivel_sem_dados_comparaveis
2025-12-25,35632244,2.818,2903.57958984375,2901.168212890625,0.9991695158067788,-0.0830484193221181,-0.014365015056822,-0.0154091634656231,60.82038779988468,61.05435072606002,,,1766620800000,2025-12-25T12:00:23+00:00,1766664023000,2721.881307,35249963,2025-12-26 12:00:23+00:00,https://beaconcha.in/charts/staked_ether,https://www.beaconcha.in/ethstore,extraido_html_sem_imputacao; consistencia_interna_verificada,0,2.818,,,,ausente_nao_estimado,Yahoo Finance via yfinance,43.54079473329404,Yahoo Finance via yfinance,43.31981810373708,-0.0008304841932211,0,staking_apr_rede,indisponivel_sem_dados_comparaveis
2025-12-26,35633427,2.821,2925.74560546875,2924.50732421875,0.9995767638691192,-0.0423236130880799,0.0076050389079913,0.0080125424236873,60.28511795654408,60.48184909301384,,,1766707200000,2025-12-26T12:00:23+00:00,1766750423000,2718.096119,35165213,2025-12-27 12:00:23+00:00,https://beaconcha.in/charts/staked_ether,https://www.beaconcha.in/ethstore,extraido_html_sem_imputacao; consistencia_interna_verificada,0,2.821,,,,ausente_nao_estimado,Yahoo Finance via yfinance,17.90862017354208,Yahoo Finance via yfinance,18.369929211211662,-0.0004232361308807,0,staking_apr_rede,indisponivel_sem_dados_comparaveis
2025-12-27,35632248,2.804,2947.998291015625,2947.916748046875,0.9999723395468042,-0.0027660453195799,0.0075770385642638,0.007972703449082,60.348455722639336,60.552262825244085,,,1766793600000,2025-12-27T12:00:23+00:00,1766836823000,2704.993668,35207451,2025-12-28 12:00:23+00:00,https://beaconcha.in/charts/staked_ether,https://www.beaconcha.in/ethstore,extraido_html_sem_imputacao; consistencia_interna_verificada,0,2.804,,,,ausente_nao_estimado,Yahoo Finance via yfinance,19.34354472513728,Yahoo Finance via yfinance,19.903779621265137,-2.766045319579913e-05,0,staking_apr_rede,indisponivel_sem_dados_comparaveis
2025-12-28,35631446,2.83,2948.568115234375,2947.270751953125,0.9995600022687124,-0.0439997731287555,0.000193273230984,-0.0002191604919557,60.30254721606926,60.51883848997035,,,1766880000000,2025-12-28T12:00:23+00:00,1766923223000,2729.478465,35201958,2025-12-29 12:00:23+00:00,https://beaconcha.in/charts/staked_ether,https://www.beaconcha.in/ethstore,extraido_html_sem_imputacao; consistencia_interna_verificada,0,2.83,,,,ausente_nao_estimado,Yahoo Finance via yfinance,17.774254229725994,Yahoo Finance via yfinance,17.895488020399796,-0.0004399977312875,0,staking_apr_rede,indisponivel_sem_dados_comparaveis
2025-12-29,35632457,2.84,2934.538330078125,2933.693115234375,0.9997119768942572,-0.0288023105742718,-0.0047695250401753,-0.004617495073846,60.1506351174393,60.38720045308599,,,1766966400000,2025-12-29T12:00:23+00:00,1767009623000,2738.516244,35192280,2025-12-30 12:00:23+00:00,https://beaconcha.in/charts/staked_ether,https://www.beaconcha.in/ethstore,extraido_html_sem_imputacao; consistencia_interna_verificada,0,2.84,,,,ausente_nao_estimado,Yahoo Finance via yfinance,17.48255389435487,Yahoo Finance via yfinance,17.798641780545296,-0.0002880231057427,0,staking_apr_rede,indisponivel_sem_dados_comparaveis
2025-12-30,35632014,2.837,2971.416748046875,2969.219482421875,0.999260532664614,-0.0739467335386101,0.0124887158133864,0.0120370395295359,60.32483137734182,60.54689529708269,,,1767052800000,2025-12-30T12:00:23+00:00,1767096023000,2735.127377,35184064,2025-12-31 12:00:23+00:00,https://beaconcha.in/charts/staked_ether,https://www.beaconcha.in/ethstore,extraido_html_sem_imputacao; consistencia_interna_verificada,0,2.837,,,,ausente_nao_estimado,Yahoo Finance via yfinance,18.049504964398064,Yahoo Finance via yfinance,18.42241556169521,-0.0007394673353861,0,staking_apr_rede,indisponivel_sem_dados_comparaveis
2025-12-31,35634047,2.83,2967.03759765625,2965.775146484375,0.9995745078616892,-0.0425492138310668,-0.0014748454494985,-0.0011606872590607,55.42903150013893,55.66664890351575,,,1767139200000,2025-12-31T12:00:23+00:00,1767182423000,2723.913626,35135251,2026-01-01 12:00:23+00:00,https://beaconcha.in/charts/staked_ether,https://www.beaconcha.in/ethstore,extraido_html_sem_imputacao; consistencia_interna_verificada,0,2.83,,,,ausente_nao_estimado,Yahoo Finance via yfinance,17.353165294749374,Yahoo Finance via yfinance,17.897619954170587,-0.0004254921383106,0,staking_apr_rede,indisponivel_sem_dados_comparaveis
2026-01-01,35633361,2.833,3000.394287109375,2997.64599609375,0.999084023380716,-0.0915976619283887,0.011179695896671,0.0106888822002318,50.16059653256503,50.47059616254326,,,1767225600000,2026-01-01T12:00:23+00:00,1767268823000,2729.200539,35168670,2026-01-02 12:00:23+00:00,https://beaconcha.in/charts/staked_ether,https://www.beaconcha.in/ethstore,extraido_html_sem_imputacao; consistencia_interna_verificada,0,2.833,,,,ausente_nao_estimado,Yahoo Finance via yfinance,12.755983843866447,Yahoo Finance via yfinance,12.497313971219628,-0.0009159766192838,0,staking_apr_rede,indisponivel_sem_dados_comparaveis
2026-01-02,35623779,2.845,3124.422607421875,3121.521484375,0.9990714690644014,-0.0928530935598637,0.040505791423565,0.0404932255182963,47.19806964972535,47.38064802876697,,,1767312000000,2026-01-02T12:00:23+00:00,1767355223000,2743.460498,35202457,2026-01-03 12:00:23+00:00,https://beaconcha.in/charts/staked_ether,https://www.beaconcha.in/ethstore,extraido_html_sem_imputacao; consistencia_interna_verificada,0,2.845,,,,ausente_nao_estimado,Yahoo Finance via yfinance,29.05171754130719,Yahoo Finance via yfinance,28.952442280373536,-0.0009285309355986,0,staking_apr_rede,indisponivel_sem_dados_comparaveis
2026-01-03,35631620,2.823,3125.91748046875,3124.197509765625,0.9994497709188191,-0.0550229081180742,0.0004783333560596,0.0008569151307917,46.77936155933052,46.918882352642754,,,1767398400000,2026-01-03T12:00:23+00:00,1767441623000,2714.248191,35092858,2026-01-04 12:00:23+00:00,https://beaconcha.in/charts/staked_ether,https://www.beaconcha.in/ethstore,extraido_html_sem_imputacao; consistencia_interna_verificada,0,2.823,,,,ausente_nao_estimado,Yahoo Finance via yfinance,29.76405874500924,Yahoo Finance via yfinance,29.60159070520841,-0.0005502290811807,0,staking_apr_rede,indisponivel_sem_dados_comparaveis
2026-01-04,35627448,2.839,3140.71044921875,3137.822265625,0.9990804043733262,-0.0919595626673763,0.0047211981925699,0.0043515599911906,44.99861843829801,45.14527816177191,,,1767484800000,2026-01-04T12:00:23+00:00,1767528023000,2733.568453,35143789,2026-01-05 12:00:23+00:00,https://beaconcha.in/charts/staked_ether,https://www.beaconcha.in/ethstore,extraido_html_sem_imputacao; consistencia_interna_verificada,0,2.839,,,,ausente_nao_estimado,Yahoo Finance via yfinance,29.18107583697613,Yahoo Finance via yfinance,28.979114475404486,-0.0009195956266737,0,staking_apr_rede,indisponivel_sem_dados_comparaveis
2026-01-05,35660354,2.866,3226.13037109375,3227.311767578125,1.0003661961385566,0.0366196138556595,0.0268343594600314,0.0281205072792781,45.861636504703206,46.09800205252642,,,1767571200000,2026-01-05T12:00:23+00:00,1767614423000,2760.426763,35150414,2026-01-06 12:00:23+00:00,https://beaconcha.in/charts/staked_ether,https://www.beaconcha.in/ethstore,extraido_html_sem_imputacao; consistencia_interna_verificada,0,2.866,,,,ausente_nao_estimado,Yahoo Finance via yfinance,29.02021535430349,Yahoo Finance via yfinance,29.29568578984331,0.0003661961385565,0,staking_apr_rede,indisponivel_sem_dados_comparaveis
2026-01-06,35680700,2.88,3295.94677734375,3295.61767578125,0.9999001496126204,-0.0099850387379474,0.0214100727655341,0.0209440882876578,46.334277012591606,46.554513939383945,,,1767657600000,2026-01-06T12:00:23+00:00,1767700823000,2779.933979,35233727,2026-01-07 12:00:23+00:00,https://beaconcha.in/charts/staked_ether,https://www.beaconcha.in/ethstore,extraido_html_sem_imputacao; consistencia_interna_verificada,0,2.88,,,,ausente_nao_estimado,Yahoo Finance via yfinance,29.53532187228296,Yahoo Finance via yfinance,29.704834041446915,-9.985038737947428e-05,0,staking_apr_rede,indisponivel_sem_dados_comparaveis
2026-01-07,35720798,2.841,3166.843994140625,3163.353515625,0.9988978053475058,-0.110219465249417,-0.0399579577460706,-0.0409609048890262,48.12754198999036,48.42051222639287,,,1767744000000,2026-01-07T12:00:23+00:00,1767787223000,2740.121205,35210040,2026-01-08 12:00:23+00:00,https://beaconcha.in/charts/staked_ether,https://www.beaconcha.in/ethstore,extraido_html_sem_imputacao; consistencia_interna_verificada,0,2.841,,,,ausente_nao_estimado,Yahoo Finance via yfinance,49.06033610915609,Yahoo Finance via yfinance,49.860084933633246,-0.0011021946524941,0,staking_apr_rede,indisponivel_sem_dados_comparaveis
2026-01-08,35767222,2.842,3104.382568359375,3106.90673828125,1.0008130988582409,0.0813098858240657,-0.0199206616781398,-0.0180050906899801,43.38805058227904,43.51080409107792,,,1767830400000,2026-01-08T12:00:23+00:00,1767873623000,2750.974025,35325636,2026-01-09 12:00:23+00:00,https://beaconcha.in/charts/staked_ether,https://www.beaconcha.in/ethstore,extraido_html_sem_imputacao; consistencia_interna_verificada,0,2.842,,,,ausente_nao_estimado,Yahoo Finance via yfinance,53.29653072504672,Yahoo Finance via yfinance,53.5148110255276,0.0008130988582406,0,staking_apr_rede,indisponivel_sem_dados_comparaveis
2026-01-09,35821507,2.815,3083.047119140625,3082.5615234375,0.9998424948810836,-0.0157505118916323,-0.0068964125191375,-0.0078666985157303,43.39799731793221,43.53138538824168,,,1767916800000,2026-01-09T12:00:23+00:00,1767960023000,2729.610519,35391896,2026-01-10 12:00:23+00:00,https://beaconcha.in/charts/staked_ether,https://www.beaconcha.in/ethstore,extraido_html_sem_imputacao; consistencia_interna_verificada,0,2.815,,,,ausente_nao_estimado,Yahoo Finance via yfinance,44.23558434178452,Yahoo Finance via yfinance,44.74003220505078,-0.0001575051189163,0,staking_apr_rede,indisponivel_sem_dados_comparaveis
2026-01-10,35868115,2.775,3082.39599609375,3081.158935546875,0.9995986691689054,-0.0401330831094615,-0.0002112169513613,-0.0004551108130771,42.49859709222177,42.64354935226141,,,1768003200000,2026-01-10T12:00:23+00:00,1768046423000,2689.801232,35380292,2026-01-11 12:00:23+00:00,https://beaconcha.in/charts/staked_ether,https://www.beaconcha.in/ethstore,extraido_html_sem_imputacao; consistencia_interna_verificada,0,2.775,,,,ausente_nao_estimado,Yahoo Finance via yfinance,44.21578697234969,Yahoo Finance via yfinance,44.70275219500419,-0.0004013308310946,0,staking_apr_rede,indisponivel_sem_dados_comparaveis
2026-01-11,35926577,2.793,3118.88525390625,3117.03271484375,0.9994060252584862,-0.0593974741513791,0.0117684321917196,0.0115756923631914,39.22349676841557,39.32670737468816,,,1768089600000,2026-01-11T12:00:23+00:00,1768132823000,2706.424005,35363121,2026-01-12 12:00:23+00:00,https://beaconcha.in/charts/staked_ether,https://www.beaconcha.in/ethstore,extraido_html_sem_imputacao; consistencia_interna_verificada,0,2.793,,,,ausente_nao_estimado,Yahoo Finance via yfinance,45.15069770045827,Yahoo Finance via yfinance,45.620317932200585,-0.0005939747415137,0,staking_apr_rede,indisponivel_sem_dados_comparaveis
2026-01-12,35929380,2.806,3092.3251953125,3090.21923828125,0.99931897297398,-0.0681027026019909,-0.0085523492401958,-0.0086394570560665,39.16766770480625,39.28540598965383,,,1768176000000,2026-01-12T12:00:23+00:00,1768219223000,2719.709092,35381682,2026-01-13 12:00:23+00:00,https://beaconcha.in/charts/staked_ether,https://www.beaconcha.in/ethstore,extraido_html_sem_imputacao; consistencia_interna_verificada,0,2.806,,,,ausente_nao_estimado,Yahoo Finance via yfinance,38.643450887348784,Yahoo Finance via yfinance,38.54433286872214,-0.0006810270260199,0,staking_apr_rede,indisponivel_sem_dados_comparaveis
2026-01-13,35964354,2.837,3322.095458984375,3320.368408203125,0.9994801321025922,-0.0519867897407766,0.0716724478508033,0.0718337038054933,45.94762497802245,46.11148749972782,,,1768262400000,2026-01-13T12:00:23+00:00,1768305623000,2756.397807,35463174,2026-01-14 12:00:23+00:00,https://beaconcha.in/charts/staked_ether,https://www.beaconcha.in/ethstore,extraido_html_sem_imputacao; consistencia_interna_verificada,0,2.837,,,,ausente_nao_estimado,Yahoo Finance via yfinance,67.0070625323781,Yahoo Finance via yfinance,67.20675677542654,-0.0005198678974077,0,staking_apr_rede,indisponivel_sem_dados_comparaveis
2026-01-14,36007309,2.838,3354.72265625,3356.670654296875,1.0005806733511176,0.0580673351117555,0.0097733550354151,0.0108738629365729,44.25149354095152,44.34366728309621,,,1768348800000,2026-01-14T12:00:23+00:00,1768392023000,2757.37518,35464001,2026-01-15 12:00:23+00:00,https://beaconcha.in/charts/staked_ether,https://www.beaconcha.in/ethstore,extraido_html_sem_imputacao; consistencia_interna_verificada,0,2.838,,,,ausente_nao_estimado,Yahoo Finance via yfinance,57.38925364178418,Yahoo Finance via yfinance,57.15864010024034,0.0005806733511175,0,staking_apr_rede,indisponivel_sem_dados_comparaveis
2026-01-15,36047535,2.821,3317.101318359375,3315.17529296875,0.9994193649196168,-0.0580635080383307,-0.0112777965317109,-0.012439105071505,44.557611121046456,44.70373837129196,,,1768435200000,2026-01-15T12:00:23+00:00,1768478423000,2746.931889,35538254,2026-01-16 12:00:23+00:00,https://beaconcha.in/charts/staked_ether,https://www.beaconcha.in/ethstore,extraido_html_sem_imputacao; consistencia_interna_verificada,0,2.821,,,,ausente_nao_estimado,Yahoo Finance via yfinance,55.10375084274016,Yahoo Finance via yfinance,55.71310531108124,-0.0005806350803833,0,staking_apr_rede,indisponivel_sem_dados_comparaveis
2026-01-16,36064822,2.801,3295.482177734375,3295.0908203125,0.9998812442608492,-0.0118755739150766,-0.0065388112427793,-0.0060767703197401,41.02270911042797,41.136442801696624,,,1768521600000,2026-01-16T12:00:23+00:00,1768564823000,2731.779069,35593336,2026-01-17 12:00:23+00:00,https://beaconcha.in/charts/staked_ether,https://www.beaconcha.in/ethstore,extraido_html_sem_imputacao; consistencia_interna_verificada,0,2.801,,,,ausente_nao_estimado,Yahoo Finance via yfinance,55.03971433374701,Yahoo Finance via yfinance,55.39226945333821,-0.0001187557391507,0,staking_apr_rede,indisponivel_sem_dados_comparaveis
2026-01-17,36112920,2.807,3308.8642578125,3306.183837890625,0.9991899275059272,-0.0810072494072944,0.0040525125455037,0.0033608745565776,40.95596655218084,41.09300713022574,,,1768608000000,2026-01-17T12:00:23+00:00,1768651223000,2736.459745,35578419,2026-01-18 12:00:23+00:00,https://beaconcha.in/charts/staked_ether,https://www.beaconcha.in/ethstore,extraido_html_sem_imputacao; consistencia_interna_verificada,0,2.807,,,,ausente_nao_estimado,Yahoo Finance via yfinance,54.66601096365065,Yahoo Finance via yfinance,55.041460668819134,-0.0008100724940729,0,staking_apr_rede,indisponivel_sem_dados_comparaveis
2026-01-18,36166531,2.838,3281.15771484375,3281.57666015625,1.0001276821624894,0.0127682162489373,-0.0084086840180541,-0.0074706092261402,37.5552206796829,37.75788369610678,,,1768694400000,2026-01-18T12:00:23+00:00,1768737623000,2770.278663,35627588,2026-01-19 12:00:23+00:00,https://beaconcha.in/charts/staked_ether,https://www.beaconcha.in/ethstore,extraido_html_sem_imputacao; consistencia_interna_verificada,0,2.838,,,,ausente_nao_estimado,Yahoo Finance via yfinance,56.21734853147902,Yahoo Finance via yfinance,56.4253602522204,0.0001276821624893,0,staking_apr_rede,indisponivel_sem_dados_comparaveis
2026-01-19,36220792,2.844,3186.62109375,3188.710693359375,1.0006557414728323,0.0655741472832538,-0.0292351847938204,-0.0287073322373005,39.21848872057977,39.35432370450263,,,1768780800000,2026-01-19T12:00:23+00:00,1768824023000,2780.056306,35681956,2026-01-20 12:00:23+00:00,https://beaconcha.in/charts/staked_ether,https://www.beaconcha.in/ethstore,extraido_html_sem_imputacao; consistencia_interna_verificada,0,2.844,,,,ausente_nao_estimado,Yahoo Finance via yfinance,61.48978422138839,Yahoo Finance via yfinance,61.51570411514924,0.0006557414728325,0,staking_apr_rede,indisponivel_sem_dados_comparaveis
2026-01-20,36233820,2.839,2935.605712890625,2935.5556640625,0.9999829511068516,-0.0017048893148463,-0.082047329409018,-0.0827199050158362,48.933325791136575,49.16523424627236,,,1768867200000,2026-01-20T12:00:23+00:00,1768910423000,2774.785355,35669273,2026-01-21 12:00:23+00:00,https://beaconcha.in/charts/staked_ether,https://www.beaconcha.in/ethstore,extraido_html_sem_imputacao; consistencia_interna_verificada,0,2.839,,,,ausente_nao_estimado,Yahoo Finance via yfinance,59.16239298312013,Yahoo Finance via yfinance,59.7882809411589,-1.7048893148463584e-05,0,staking_apr_rede,indisponivel_sem_dados_comparaveis
2026-01-21,36236079,2.847,2978.901123046875,2977.202392578125,0.9994297459369808,-0.0570254063019248,0.0146406740972174,0.0140873064159923,49.22296073153158,49.437013372883456,,,1768953600000,2026-01-21T12:00:23+00:00,1768996823000,2783.560612,35681302,2026-01-22 12:00:23+00:00,https://beaconcha.in/charts/staked_ether,https://www.beaconcha.in/ethstore,extraido_html_sem_imputacao; consistencia_interna_verificada,0,2.847,,,,ausente_nao_estimado,Yahoo Finance via yfinance,60.622206478568174,Yahoo Finance via yfinance,60.75635893113008,-0.0005702540630192,0,staking_apr_rede,indisponivel_sem_dados_comparaveis
2026-01-22,36286865,2.818,2949.63330078125,2947.42041015625,0.9992497743280788,-0.0750225671921289,-0.0098736240513318,-0.0100537145636562,49.08833818900451,49.33535653645147,,,1769040000000,2026-01-22T12:00:23+00:00,1769083223000,2759.972792,35745570,2026-01-23 12:00:23+00:00,https://beaconcha.in/charts/staked_ether,https://www.beaconcha.in/ethstore,extraido_html_sem_imputacao; consistencia_interna_verificada,0,2.818,,,,ausente_nao_estimado,Yahoo Finance via yfinance,60.71087747902126,Yahoo Finance via yfinance,60.89285003596607,-0.0007502256719212,0,staking_apr_rede,indisponivel_sem_dados_comparaveis
2026-01-23,36334495,2.805,2953.25634765625,2952.7470703125,0.999827553966267,-0.0172446033733009,0.001227550418774,0.001805596746546,49.04443769386994,49.3053952388881,,,1769126400000,2026-01-23T12:00:23+00:00,1769169623000,2751.744872,35812598,2026-01-24 12:00:23+00:00,https://beaconcha.in/charts/staked_ether,https://www.beaconcha.in/ethstore,extraido_html_sem_imputacao; consistencia_interna_verificada,0,2.805,,,,ausente_nao_estimado,Yahoo Finance via yfinance,61.75730060781708,Yahoo Finance via yfinance,61.993123001881536,-0.000172446033733,0,staking_apr_rede,indisponivel_sem_dados_comparaveis
2026-01-24,36381385,2.8,2948.74072265625,2949.73046875,1.000335650430757,0.0335650430757006,-0.0015302026847261,-0.0010221476677134,48.77200482186848,48.99115165546225,,,1769212800000,2026-01-24T12:00:23+00:00,1769256023000,2748.316387,35824776,2026-01-25 12:00:23+00:00,https://beaconcha.in/charts/staked_ether,https://www.beaconcha.in/ethstore,extraido_html_sem_imputacao; consistencia_interna_verificada,0,2.8,,,,ausente_nao_estimado,Yahoo Finance via yfinance,60.79719279672411,Yahoo Finance via yfinance,61.25090175678722,0.000335650430757,0,staking_apr_rede,indisponivel_sem_dados_comparaveis
2026-01-25,36440533,2.838,2815.90234375,2813.19970703125,0.9990402235628844,-0.0959776437115644,-0.0460954469109645,-0.0473912783411559,51.31973707678047,51.6678754862962,,,1769299200000,2026-01-25T12:00:23+00:00,1769342423000,2791.585375,35897089,2026-01-26 12:00:23+00:00,https://beaconcha.in/charts/staked_ether,https://www.beaconcha.in/ethstore,extraido_html_sem_imputacao; consistencia_interna_verificada,0,2.838,,,,ausente_nao_estimado,Yahoo Finance via yfinance,63.77824243921246,Yahoo Finance via yfinance,64.45107525551312,-0.0009597764371156,0,staking_apr_rede,indisponivel_sem_dados_comparaveis
2026-01-26,36480786,2.817,2926.45703125,2927.037353515625,1.0001983019943324,0.019830199433235,0.0385097283715548,0.0396682480240844,53.09482682748246,53.532484792322045,,,1769385600000,2026-01-26T12:00:23+00:00,1769428823000,2772.549292,35920355,2026-01-27 12:00:23+00:00,https://beaconcha.in/charts/staked_ether,https://www.beaconcha.in/ethstore,extraido_html_sem_imputacao; consistencia_interna_verificada,0,2.817,,,,ausente_nao_estimado,Yahoo Finance via yfinance,76.49546783020821,Yahoo Finance via yfinance,77.67732610511158,0.0001983019943323,0,staking_apr_rede,indisponivel_sem_dados_comparaveis
2026-01-27,36525768,2.806,3022.2109375,3023.12451171875,1.0003022867157991,0.0302286715799349,0.0321961750433529,0.0323001337446375,54.28808584088591,54.72234874436837,,,1769472000000,2026-01-27T12:00:23+00:00,1769515223000,2765.435026,35971503,2026-01-28 12:00:23+00:00,https://beaconcha.in/charts/staked_ether,https://www.beaconcha.in/ethstore,extraido_html_sem_imputacao; consistencia_interna_verificada,0,2.806,,,,ausente_nao_estimado,Yahoo Finance via yfinance,54.257817754096415,Yahoo Finance via yfinance,55.389077528247576,0.0003022867157993,0,staking_apr_rede,indisponivel_sem_dados_comparaveis
2026-01-28,36564035,2.8,3006.607421875,3006.15576171875,0.9998497774757809,-0.0150222524219145,-0.0051763213071971,-0.0056287961523252,54.293544767124125,54.73619447838824,,,1769558400000,2026-01-28T12:00:23+00:00,1769601623000,2753.596414,35890224,2026-01-29 12:00:23+00:00,https://beaconcha.in/charts/staked_ether,https://www.beaconcha.in/ethstore,extraido_html_sem_imputacao; consistencia_interna_verificada,0,2.8,,,,ausente_nao_estimado,Yahoo Finance via yfinance,53.81292661823503,Yahoo Finance via yfinance,55.07672871188659,-0.0001502225242191,0,staking_apr_rede,indisponivel_sem_dados_comparaveis
2026-01-29,36558270,2.923,2818.232666015625,2817.526611328125,0.9997494689860016,-0.02505310139983,-0.0647023664323781,-0.0648026950257608,58.700795535602026,59.13813796794651,,,1769644800000,2026-01-29T12:00:23+00:00,1769688023000,2879.396348,35960042,2026-01-30 12:00:23+00:00,https://beaconcha.in/charts/staked_ether,https://www.beaconcha.in/ethstore,extraido_html_sem_imputacao; consistencia_interna_verificada,0,2.923,,,,ausente_nao_estimado,Yahoo Finance via yfinance,72.18187309427375,Yahoo Finance via yfinance,73.19964739426221,-0.0002505310139983,0,staking_apr_rede,indisponivel_sem_dados_comparaveis
2026-01-30,36605056,2.885,2702.375244140625,2700.313720703125,0.9992371439007331,-0.0762856099266739,-0.0419788679682719,-0.0424914527881833,60.35259395744074,60.81976657551127,,,1769731200000,2026-01-30T12:00:23+00:00,1769774423000,2846.900651,36021174,2026-01-31 12:00:23+00:00,https://beaconcha.in/charts/staked_ether,https://www.beaconcha.in/ethstore,extraido_html_sem_imputacao; consistencia_interna_verificada,0,2.885,,,,ausente_nao_estimado,Yahoo Finance via yfinance,76.00572433622213,Yahoo Finance via yfinance,77.05209845280383,-0.0007628560992667,0,staking_apr_rede,indisponivel_sem_dados_comparaveis
2026-01-31,36666044,3.048,2445.091796875,2444.03369140625,0.9995672532744568,-0.0432746725543164,-0.1000484393792718,-0.0997181325446547,68.90167191338821,69.26896382652615,,,1769817600000,2026-01-31T12:00:23+00:00,1769860823000,3015.536024,36116970,2026-02-01 12:00:23+00:00,https://beaconcha.in/charts/staked_ether,https://www.beaconcha.in/ethstore,extraido_html_sem_imputacao; consistencia_interna_verificada,0,3.048,,,,ausente_nao_estimado,Yahoo Finance via yfinance,97.4731758471714,Yahoo Finance via yfinance,98.00970485846672,-0.0004327467255431,0,staking_apr_rede,indisponivel_sem_dados_comparaveis
2026-02-01,36705876,3.059,2267.96484375,2266.22412109375,0.9992324737038816,-0.0767526296118314,-0.0751997822029002,-0.0755347628106991,70.69527616607144,71.09611770046851,,,1769904000000,2026-02-01T12:00:23+00:00,1769947223000,3024.112372,36084833,2026-02-02 12:00:23+00:00,https://beaconcha.in/charts/staked_ether,https://www.beaconcha.in/ethstore,extraido_html_sem_imputacao; consistencia_interna_verificada,0,3.059,,,,ausente_nao_estimado,Yahoo Finance via yfinance,103.08976543451828,Yahoo Finance via yfinance,103.54566165070467,-0.0007675262961183,0,staking_apr_rede,indisponivel_sem_dados_comparaveis
2026-02-02,36709599,2.841,2344.356689453125,2343.69287109375,0.9997168441294102,-0.0283155870589801,0.0331281466529906,0.0336127716814366,72.24415793659806,72.66548841044566,,,1769990400000,2026-02-02T12:00:23+00:00,1770033623000,2809.321215,36089586,2026-02-03 12:00:23+00:00,https://beaconcha.in/charts/staked_ether,https://www.beaconcha.in/ethstore,extraido_html_sem_imputacao; consistencia_interna_verificada,0,2.841,,,,ausente_nao_estimado,Yahoo Finance via yfinance,100.935826701848,Yahoo Finance via yfinance,101.099012378667,-0.0002831558705898,0,staking_apr_rede,indisponivel_sem_dados_comparaveis
2026-02-03,36712449,2.983,2227.558837890625,2226.66064453125,0.9995967813087148,-0.0403218691285234,-0.0511047370755369,-0.0512248411145551,73.46616523489094,73.89955948346963,,,1770076800000,2026-02-03T12:00:23+00:00,1770120023000,2949.486671,36084351,2026-02-04 12:00:23+00:00,https://beaconcha.in/charts/staked_ether,https://www.beaconcha.in/ethstore,extraido_html_sem_imputacao; consistencia_interna_verificada,0,2.983,,,,ausente_nao_estimado,Yahoo Finance via yfinance,85.62786016801515,Yahoo Finance via yfinance,85.72993598875475,-0.0004032186912852,0,staking_apr_rede,indisponivel_sem_dados_comparaveis
2026-02-04,36734312,3.147,2143.504150390625,2145.779052734375,1.0010613006479765,0.1061300647976493,-0.0384643510086561,-0.0370003131362599,72.70997945909046,72.99794146598872,,,1770163200000,2026-02-04T12:00:23+00:00,1770206423000,3110.366394,36071054,2026-02-05 12:00:23+00:00,https://beaconcha.in/charts/staked_ether,https://www.beaconcha.in/ethstore,extraido_html_sem_imputacao; consistencia_interna_verificada,0,3.147,,,,ausente_nao_estimado,Yahoo Finance via yfinance,79.7146573414748,Yahoo Finance via yfinance,80.06423048365362,0.0010613006479764,0,staking_apr_rede,indisponivel_sem_dados_comparaveis
2026-02-05,36741799,3.789,1821.68310546875,1828.80029296875,1.0039069295195382,0.3906929519538193,-0.1626810863573628,-0.1598425069330367,88.2399975112298,87.93725266508177,,,1770249600000,2026-02-05T12:00:23+00:00,1770292823000,3747.340565,36096114,2026-02-06 12:00:23+00:00,https://beaconcha.in/charts/staked_ether,https://www.beaconcha.in/ethstore,extraido_html_sem_imputacao; consistencia_interna_verificada,0,3.789,,,,ausente_nao_estimado,Yahoo Finance via yfinance,115.37214305430474,Yahoo Finance via yfinance,114.20985922771534,0.0039069295195381,0,staking_apr_rede,indisponivel_sem_dados_comparaveis
2026-02-06,36743631,2.93,2063.386962890625,2059.843505859375,0.998282698739995,-0.1717301260005022,0.124587932433777,0.1189698376306864,101.21286942504994,99.93111324646564,,,1770336000000,2026-02-06T12:00:23+00:00,1770379223000,2895.153673,36066666,2026-02-07 12:00:23+00:00,https://beaconcha.in/charts/staked_ether,https://www.beaconcha.in/ethstore,extraido_html_sem_imputacao; consistencia_interna_verificada,0,2.93,,,,ausente_nao_estimado,Yahoo Finance via yfinance,178.61389346062552,Yahoo Finance via yfinance,174.41105474290904,-0.001717301260005,0,staking_apr_rede,indisponivel_sem_dados_comparaveis
2026-02-07,36742596,2.881,2090.54931640625,2087.922119140625,0.9987432981154728,-0.1256701884527311,0.0130780728606268,0.0135393581762614,101.63499152223233,100.38860756342578,,,1770422400000,2026-02-07T12:00:23+00:00,1770465623000,2846.84491,36072893,2026-02-08 12:00:23+00:00,https://beaconcha.in/charts/staked_ether,https://www.beaconcha.in/ethstore,extraido_html_sem_imputacao; consistencia_interna_verificada,0,2.881,,,,ausente_nao_estimado,Yahoo Finance via yfinance,173.52277654684238,Yahoo Finance via yfinance,169.40021656729328,-0.0012567018845273,0,staking_apr_rede,indisponivel_sem_dados_comparaveis
2026-02-08,36778594,2.811,2088.762939453125,2089.28466796875,1.00024977871149,0.0249778711490122,-0.0008548665199209,0.0006523731985946,101.703824205949,100.49001793379207,,,1770508800000,2026-02-08T12:00:23+00:00,1770552023000,2788.53085,36204128,2026-02-09 12:00:23+00:00,https://beaconcha.in/charts/staked_ether,https://www.beaconcha.in/ethstore,extraido_html_sem_imputacao; consistencia_interna_verificada,0,2.811,,,,ausente_nao_estimado,Yahoo Finance via yfinance,167.97147243677253,Yahoo Finance via yfinance,163.72774147464932,0.0002497787114901,0,staking_apr_rede,indisponivel_sem_dados_comparaveis
2026-02-09,36815911,2.83,2103.567626953125,2101.06103515625,0.9988084092164388,-0.1191590783561125,0.0070627775205607,0.0056207287062405,101.85029330202424,100.6074929911014,,,1770595200000,2026-02-09T12:00:23+00:00,1770638423000,2807.202543,36207603,2026-02-10 12:00:23+00:00,https://beaconcha.in/charts/staked_ether,https://www.beaconcha.in/ethstore,extraido_html_sem_imputacao; consistencia_interna_verificada,0,2.83,,,,ausente_nao_estimado,Yahoo Finance via yfinance,164.75796016885374,Yahoo Finance via yfinance,160.23444158670642,-0.0011915907835611,0,staking_apr_rede,indisponivel_sem_dados_comparaveis
2026-02-10,36852305,2.813,2019.4974365234373,2017.18798828125,0.9988564242764464,-0.1143575723553724,-0.0407860866012557,-0.040738015414126,101.90854296992892,100.66946099682626,,,1770681600000,2026-02-10T12:00:23+00:00,1770724823000,2790.629568,36204552,2026-02-11 12:00:23+00:00,https://beaconcha.in/charts/staked_ether,https://www.beaconcha.in/ethstore,extraido_html_sem_imputacao; consistencia_interna_verificada,0,2.813,,,,ausente_nao_estimado,Yahoo Finance via yfinance,163.56493439385153,Yahoo Finance via yfinance,158.99068800138926,-0.0011435757235537,0,staking_apr_rede,indisponivel_sem_dados_comparaveis
2026-02-11,36860519,2.997,1940.621337890625,1938.033935546875,0.998666714472715,-0.1333285527284955,-0.0398404875978916,-0.0400304326359456,102.26294920634132,101.03402418638392,,,1770768000000,2026-02-11T12:00:23+00:00,1770811223000,2968.39108,36147116,2026-02-12 12:00:23+00:00,https://beaconcha.in/charts/staked_ether,https://www.beaconcha.in/ethstore,extraido_html_sem_imputacao; consistencia_interna_verificada,0,2.997,,,,ausente_nao_estimado,Yahoo Finance via yfinance,163.6930728276737,Yahoo Finance via yfinance,159.27083810276895,-0.0013332855272849,0,staking_apr_rede,indisponivel_sem_dados_comparaveis
2026-02-12,36860852,2.836,1946.940673828125,1945.223876953125,0.9991182079155888,-0.0881792084411303,0.003251056309532,0.0037030503610443,97.59799029795109,96.3013182819742,,,1770854400000,2026-02-12T12:00:23+00:00,1770897623000,2809.212022,36148998,2026-02-13 12:00:23+00:00,https://beaconcha.in/charts/staked_ether,https://www.beaconcha.in/ethstore,extraido_html_sem_imputacao; consistencia_interna_verificada,0,2.836,,,,ausente_nao_estimado,Yahoo Finance via yfinance,105.72211133480803,Yahoo Finance via yfinance,101.99488134446013,-0.0008817920844113,0,staking_apr_rede,indisponivel_sem_dados_comparaveis
2026-02-13,36887505,2.82,2048.52734375,2047.484130859375,0.9994907498336266,-0.0509250166373376,0.0508619107271356,0.0512347119406076,100.08037033617076,98.81141633035728,,,1770940800000,2026-02-13T12:00:23+00:00,1770984023000,2794.360549,36170071,2026-02-14 12:00:23+00:00,https://beaconcha.in/charts/staked_ether,https://www.beaconcha.in/ethstore,extraido_html_sem_imputacao; consistencia_interna_verificada,0,2.82,,,,ausente_nao_estimado,Yahoo Finance via yfinance,60.72887501615764,Yahoo Finance via yfinance,60.9709509055868,-0.0005092501663733,0,staking_apr_rede,indisponivel_sem_dados_comparaveis
2026-02-14,36888402,2.783,2086.009765625,2086.022705078125,1.0000062029686236,0.0006202968623636,0.0181318719779937,0.0186474548056576,100.79455225886151,99.5634283700676,,,1771027200000,2026-02-14T12:00:23+00:00,1771070423000,2763.107739,36233249,2026-02-15 12:00:23+00:00,https://beaconcha.in/charts/staked_ether,https://www.beaconcha.in/ethstore,extraido_html_sem_imputacao; consistencia_interna_verificada,0,2.783,,,,ausente_nao_estimado,Yahoo Finance via yfinance,61.54735616280761,Yahoo Finance via yfinance,61.81060262568717,6.202968623636451e-06,0,staking_apr_rede,indisponivel_sem_dados_comparaveis
2026-02-15,36923697,2.823,1966.04296875,1961.78564453125,0.9978345721398668,-0.2165427860133073,-0.0592301606634175,-0.0614041394019711,101.87732675638604,100.77144721444186,,,1771113600000,2026-02-15T12:00:23+00:00,1771156823000,2804.354669,36258074,2026-02-16 12:00:23+00:00,https://beaconcha.in/charts/staked_ether,https://www.beaconcha.in/ethstore,extraido_html_sem_imputacao; consistencia_interna_verificada,0,2.823,,,,ausente_nao_estimado,Yahoo Finance via yfinance,74.85716761800448,Yahoo Finance via yfinance,75.95726055069115,-0.002165427860133,0,staking_apr_rede,indisponivel_sem_dados_comparaveis
2026-02-16,36967315,2.797,1997.917724609375,1995.956298828125,0.9990182649880472,-0.0981735011952755,0.0160826230924268,0.017268181652193,102.27907669754032,101.24572599032022,,,1771200000000,2026-02-16T12:00:23+00:00,1771243223000,2785.160892,36340932,2026-02-17 12:00:23+00:00,https://beaconcha.in/charts/staked_ether,https://www.beaconcha.in/ethstore,extraido_html_sem_imputacao; consistencia_interna_verificada,0,2.797,,,,ausente_nao_estimado,Yahoo Finance via yfinance,76.27876933947324,Yahoo Finance via yfinance,77.76482420263994,-0.0009817350119527,0,staking_apr_rede,indisponivel_sem_dados_comparaveis
2026-02-17,37005448,2.837,1992.1943359375,1990.96630859375,0.9993835805465372,-0.0616419453462691,-0.002868787898831,-0.0025031801874734,102.35462206749555,101.31827502362415,,,1771286400000,2026-02-17T12:00:23+00:00,1771329623000,2826.95399,36373331,2026-02-18 12:00:23+00:00,https://beaconcha.in/charts/staked_ether,https://www.beaconcha.in/ethstore,extraido_html_sem_imputacao; consistencia_interna_verificada,0,2.837,,,,ausente_nao_estimado,Yahoo Finance via yfinance,70.89530857683475,Yahoo Finance via yfinance,72.49550069528449,-0.0006164194534626,0,staking_apr_rede,indisponivel_sem_dados_comparaveis
2026-02-18,37010788,2.823,1953.97412109375,1951.367919921875,0.9986662048674338,-0.1333795132566151,-0.0193714031392413,-0.0200894790502278,102.25953737328145,101.23382454290623,,,1771372800000,2026-02-18T12:00:23+00:00,1771416023000,2804.277481,36260040,2026-02-19 12:00:23+00:00,https://beaconcha.in/charts/staked_ether,https://www.beaconcha.in/ethstore,extraido_html_sem_imputacao; consistencia_interna_verificada,0,2.823,,,,ausente_nao_estimado,Yahoo Finance via yfinance,65.58088681695435,Yahoo Finance via yfinance,67.35792951191961,-0.0013337951325661,0,staking_apr_rede,indisponivel_sem_dados_comparaveis
2026-02-19,37039144,2.823,1948.2010498046875,1945.7808837890625,0.9987577431929484,-0.1242256807051589,-0.0029589012528701,-0.0028672448714919,99.54481694303948,98.43977859593782,,,1771459200000,2026-02-19T12:00:23+00:00,1771502423000,2810.343777,36341037,2026-02-20 12:00:23+00:00,https://beaconcha.in/charts/staked_ether,https://www.beaconcha.in/ethstore,extraido_html_sem_imputacao; consistencia_interna_verificada,0,2.823,,,,ausente_nao_estimado,Yahoo Finance via yfinance,65.60334516523525,Yahoo Finance via yfinance,67.36340653020386,-0.0012422568070515,0,staking_apr_rede,indisponivel_sem_dados_comparaveis
2026-02-20,37097410,2.804,1969.0223388671875,1966.710205078125,0.99882574527296,-0.1174254727040136,0.0106307366647911,0.0106988210081293,99.411032124158,98.32638898537444,,,1771545600000,2026-02-20T12:00:23+00:00,1771588823000,2793.260545,36354822,2026-02-21 12:00:23+00:00,https://beaconcha.in/charts/staked_ether,https://www.beaconcha.in/ethstore,extraido_html_sem_imputacao; consistencia_interna_verificada,0,2.804,,,,ausente_nao_estimado,Yahoo Finance via yfinance,51.60131613711615,Yahoo Finance via yfinance,53.57058670527318,-0.0011742547270401,0,staking_apr_rede,indisponivel_sem_dados_comparaveis
2026-02-21,37144798,2.771,1973.7371826171875,1971.984130859375,0.999111810947652,-0.0888189052347887,0.0023916477643178,0.0026780087426741,99.56395329501282,98.48793521087984,,,1771632000000,2026-02-21T12:00:23+00:00,1771675223000,2765.309464,36430792,2026-02-22 12:00:23+00:00,https://beaconcha.in/charts/staked_ether,https://www.beaconcha.in/ethstore,extraido_html_sem_imputacao; consistencia_interna_verificada,0,2.771,,,,ausente_nao_estimado,Yahoo Finance via yfinance,48.33582363151823,Yahoo Finance via yfinance,50.28672911860232,-0.0008881890523478,0,staking_apr_rede,indisponivel_sem_dados_comparaveis
2026-02-22,37191433,2.794,1957.805908203125,1954.5841064453125,0.9983543814306038,-0.1645618569396156,-0.0081043810251791,-0.0088627713861692,99.4446296669666,98.35088297549916,,,1771718400000,2026-02-22T12:00:23+00:00,1771761623000,2794.982504,36506598,2026-02-23 12:00:23+00:00,https://beaconcha.in/charts/staked_ether,https://www.beaconcha.in/ethstore,extraido_html_sem_imputacao; consistencia_interna_verificada,0,2.794,,,,ausente_nao_estimado,Yahoo Finance via yfinance,22.50798341158278,Yahoo Finance via yfinance,23.58667774134185,-0.0016456185693961,0,staking_apr_rede,indisponivel_sem_dados_comparaveis
2026-02-23,37226991,2.813,1855.5028076171875,1852.3599853515625,0.9983062153003902,-0.169378469960979,-0.0536686969675083,-0.0537169436553048,100.30062970349802,99.20623940558066,,,1771804800000,2026-02-23T12:00:23+00:00,1771848023000,2818.278155,36565374,2026-02-24 12:00:23+00:00,https://beaconcha.in/charts/staked_ether,https://www.beaconcha.in/ethstore,extraido_html_sem_imputacao; consistencia_interna_verificada,0,2.813,,,,ausente_nao_estimado,Yahoo Finance via yfinance,40.34539170500061,Yahoo Finance via yfinance,40.583325984227145,-0.0016937846996097,0,staking_apr_rede,indisponivel_sem_dados_comparaveis
2026-02-24,37231130,2.835,1852.969482421875,1853.5758056640625,1.0003272170685698,0.0327217068569751,-0.0013662367634113,0.0006561475560737,99.79218868943568,98.67694220476729,,,1771891200000,2026-02-24T12:00:23+00:00,1771934423000,2833.360906,36483448,2026-02-25 12:00:23+00:00,https://beaconcha.in/charts/staked_ether,https://www.beaconcha.in/ethstore,extraido_html_sem_imputacao; consistencia_interna_verificada,0,2.835,,,,ausente_nao_estimado,Yahoo Finance via yfinance,40.53388648666885,Yahoo Finance via yfinance,41.03154869359036,0.0003272170685697,0,staking_apr_rede,indisponivel_sem_dados_comparaveis
2026-02-25,37230889,2.89,2054.6279296875,2051.983642578125,0.9987130092650024,-0.1286990734997495,0.1033052975560529,0.1016903143924855,106.41870472097644,105.0790053116903,,,1771977600000,2026-02-25T12:00:23+00:00,1772020823000,2880.654684,36380817,2026-02-26 12:00:23+00:00,https://beaconcha.in/charts/staked_ether,https://www.beaconcha.in/ethstore,extraido_html_sem_imputacao; consistencia_interna_verificada,0,2.89,,,,ausente_nao_estimado,Yahoo Finance via yfinance,90.2425057956392,Yahoo Finance via yfinance,89.18212103870705,-0.0012869907349974,0,staking_apr_rede,indisponivel_sem_dados_comparaveis
2026-02-26,37170188,2.838,2026.7926025390625,2026.0181884765625,0.9996179115408602,-0.0382088459139784,-0.013640230652308,-0.0127345725070153,105.228523503941,103.86516190576891,,,1772064000000,2026-02-26T12:00:23+00:00,1772107223000,2828.283402,36371594,2026-02-27 12:00:23+00:00,https://beaconcha.in/charts/staked_ether,https://www.beaconcha.in/ethstore,extraido_html_sem_imputacao; consistencia_interna_verificada,0,2.838,,,,ausente_nao_estimado,Yahoo Finance via yfinance,91.29569896183708,Yahoo Finance via yfinance,90.1380432852478,-0.0003820884591397,0,staking_apr_rede,indisponivel_sem_dados_comparaveis
2026-02-27,37133560,2.841,1930.7618408203125,1928.7908935546875,0.9989791867521124,-0.1020813247887497,-0.0485398835848207,-0.049179056743872,105.89123836473684,104.56665775055842,,,1772150400000,2026-02-27T12:00:23+00:00,1772193623000,2828.560312,36338424,2026-02-28 12:00:23+00:00,https://beaconcha.in/charts/staked_ether,https://www.beaconcha.in/ethstore,extraido_html_sem_imputacao; consistencia_interna_verificada,0,2.841,,,,ausente_nao_estimado,Yahoo Finance via yfinance,99.00466514384378,Yahoo Finance via yfinance,98.16059444100652,-0.0010208132478874,0,staking_apr_rede,indisponivel_sem_dados_comparaveis
2026-02-28,37139040,2.837,1965.050537109375,1962.512939453125,0.9987086349137956,-0.129136508620431,0.0176033024159378,0.0173324374318931,104.89278746317169,103.54219575254528,,,1772236800000,2026-02-28T12:00:23+00:00,1772280023000,2825.110681,36342109,2026-03-01 12:00:23+00:00,https://beaconcha.in/charts/staked_ether,https://www.beaconcha.in/ethstore,extraido_html_sem_imputacao; consistencia_interna_verificada,0,2.837,,,,ausente_nao_estimado,Yahoo Finance via yfinance,100.09357284898996,Yahoo Finance via yfinance,99.22104990377544,-0.0012913650862043,0,staking_apr_rede,indisponivel_sem_dados_comparaveis
2026-03-01,37224989,2.851,1939.066650390625,1936.837158203125,0.9988502240564804,-0.1149775943519504,-0.0133112143616734,-0.0131694521880222,104.3373921399476,102.9608453184397,,,1772323200000,2026-03-01T12:00:23+00:00,1772366423000,2847.97165,36456641,2026-03-02 12:00:23+00:00,https://beaconcha.in/charts/staked_ether,https://www.beaconcha.in/ethstore,extraido_html_sem_imputacao; consistencia_interna_verificada,0,2.851,,,,ausente_nao_estimado,Yahoo Finance via yfinance,100.4002447359024,Yahoo Finance via yfinance,99.48529152731724,-0.0011497759435195,0,staking_apr_rede,indisponivel_sem_dados_comparaveis
2026-03-02,37265849,2.847,2027.2689208984373,2031.736328125,1.0022036579264395,0.2203657926439728,0.0444827788226515,0.0478344496991238,100.94747821019423,99.78716516923188,,,1772409600000,2026-03-02T12:00:23+00:00,1772452823000,2852.795565,36572649,2026-03-03 12:00:23+00:00,https://beaconcha.in/charts/staked_ether,https://www.beaconcha.in/ethstore,extraido_html_sem_imputacao; consistencia_interna_verificada,0,2.847,,,,ausente_nao_estimado,Yahoo Finance via yfinance,94.12006936939706,Yahoo Finance via yfinance,93.80134159436476,0.0022036579264397,0,staking_apr_rede,indisponivel_sem_dados_comparaveis
2026-03-03,37238090,2.914,1982.7689208984373,1983.057861328125,1.0001457257205528,0.0145725720552825,-0.0221952153909645,-0.0242507337208664,98.04183767892133,96.8600114980835,,,1772496000000,2026-03-03T12:00:23+00:00,1772539223000,2911.70418,36471308,2026-03-04 12:00:23+00:00,https://beaconcha.in/charts/staked_ether,https://www.beaconcha.in/ethstore,extraido_html_sem_imputacao; consistencia_interna_verificada,0,2.914,,,,ausente_nao_estimado,Yahoo Finance via yfinance,97.15939042575692,Yahoo Finance via yfinance,97.48032306664042,0.0001457257205528,0,staking_apr_rede,indisponivel_sem_dados_comparaveis
2026-03-04,37303447,2.871,2126.50537109375,2125.163818359375,0.9993691279821764,-0.0630872017823747,0.0699856488077349,0.069208862602833,100.63004059408064,99.38346671931352,,,1772582400000,2026-03-04T12:00:23+00:00,1772625623000,2868.189554,36466620,2026-03-05 12:00:23+00:00,https://beaconcha.in/charts/staked_ether,https://www.beaconcha.in/ethstore,extraido_html_sem_imputacao; consistencia_interna_verificada,0,2.871,,,,ausente_nao_estimado,Yahoo Finance via yfinance,78.88631067115094,Yahoo Finance via yfinance,80.09396502180643,-0.0006308720178237,0,staking_apr_rede,indisponivel_sem_dados_comparaveis
2026-03-05,37349483,2.795,2071.60546875,2072.263671875,1.0003177260993603,0.0317726099360538,-0.0261560660671297,-0.0252073193307069,99.5068078976448,98.21056500335654,,,1772668800000,2026-03-05T12:00:23+00:00,1772712023000,2794.193363,36484559,2026-03-06 12:00:23+00:00,https://beaconcha.in/charts/staked_ether,https://www.beaconcha.in/ethstore,extraido_html_sem_imputacao; consistencia_interna_verificada,0,2.795,,,,ausente_nao_estimado,Yahoo Finance via yfinance,81.16180324100499,Yahoo Finance via yfinance,82.25191624383476,0.0003177260993605,0,staking_apr_rede,indisponivel_sem_dados_comparaveis
2026-03-06,37345747,2.781,1978.751220703125,1981.22216796875,1.0012487407410149,0.1248740741014886,-0.0458579463127646,-0.0449276602351124,99.87662721139483,98.60028021454676,,,1772755200000,2026-03-06T12:00:23+00:00,1772798423000,2778.708304,36471937,2026-03-07 12:00:23+00:00,https://beaconcha.in/charts/staked_ether,https://www.beaconcha.in/ethstore,extraido_html_sem_imputacao; consistencia_interna_verificada,0,2.781,,,,ausente_nao_estimado,Yahoo Finance via yfinance,80.13992591132254,Yahoo Finance via yfinance,80.64579860332083,0.0012487407410148,0,staking_apr_rede,indisponivel_sem_dados_comparaveis
2026-03-07,37385890,2.739,1969.4554443359373,1968.7847900390625,0.9996594722166458,-0.0340527783354249,-0.0047088687763537,-0.0062974162652239,81.5382536678088,80.71656405763969,,,1772841600000,2026-03-07T12:00:23+00:00,1772884823000,2741.968311,36544314,2026-03-08 12:00:23+00:00,https://beaconcha.in/charts/staked_ether,https://www.beaconcha.in/ethstore,extraido_html_sem_imputacao; consistencia_interna_verificada,0,2.739,,,,ausente_nao_estimado,Yahoo Finance via yfinance,79.36835653222293,Yahoo Finance via yfinance,80.04216354275619,-0.0003405277833542,0,staking_apr_rede,indisponivel_sem_dados_comparaveis
2026-03-08,37441219,2.79,1936.604736328125,1939.98388671875,1.0017448838822072,0.1744883882207171,-0.0168207764579134,-0.0147368273409599,68.84111998628805,69.05659161200515,,,1772928000000,2026-03-08T12:00:23+00:00,1772971223000,2797.031129,36590575,2026-03-09 12:00:23+00:00,https://beaconcha.in/charts/staked_ether,https://www.beaconcha.in/ethstore,extraido_html_sem_imputacao; consistencia_interna_verificada,0,2.79,,,,ausente_nao_estimado,Yahoo Finance via yfinance,79.77444934069564,Yahoo Finance via yfinance,80.21229297849511,0.0017448838822071,0,staking_apr_rede,indisponivel_sem_dados_comparaveis
2026-03-09,37482459,2.78,1992.938232421875,1993.7252197265625,1.0003948879558255,0.039488795582554,0.02867374460359,0.0273251912708386,69.48620248793628,69.61217460132167,,,1773014400000,2026-03-09T12:00:23+00:00,1773057623000,2793.315647,36675927,2026-03-10 12:00:23+00:00,https://beaconcha.in/charts/staked_ether,https://www.beaconcha.in/ethstore,extraido_html_sem_imputacao; consistencia_interna_verificada,0,2.78,,,,ausente_nao_estimado,Yahoo Finance via yfinance,75.06792919539616,Yahoo Finance via yfinance,73.9291372460886,0.0003948879558255,0,staking_apr_rede,indisponivel_sem_dados_comparaveis
2026-03-10,37562250,2.775,2037.1204833984373,2035.5509033203125,0.9992295104335184,-0.0770489566481735,0.0219272344781229,0.0207616379239024,69.96941080651612,70.0438898421634,,,1773100800000,2026-03-10T12:00:23+00:00,1773144023000,2795.235388,36766349,2026-03-11 12:00:23+00:00,https://beaconcha.in/charts/staked_ether,https://www.beaconcha.in/ethstore,extraido_html_sem_imputacao; consistencia_interna_verificada,0,2.775,,,,ausente_nao_estimado,Yahoo Finance via yfinance,74.764942045835,Yahoo Finance via yfinance,73.0866164848171,-0.0007704895664817,0,staking_apr_rede,indisponivel_sem_dados_comparaveis
2026-03-11,37661950,2.789,2051.5732421875,2052.553466796875,1.000477791671883,0.0477791671882998,0.0070696510693724,0.0083181151812828,69.9695084912958,70.08165175156039,,,1773187200000,2026-03-11T12:00:23+00:00,1773230423000,2810.225886,36783079,2026-03-12 12:00:23+00:00,https://beaconcha.in/charts/staked_ether,https://www.beaconcha.in/ethstore,extraido_html_sem_imputacao; consistencia_interna_verificada,0,2.789,,,,ausente_nao_estimado,Yahoo Finance via yfinance,50.914729904178415,Yahoo Finance via yfinance,49.23617072223088,0.0004777916718829,0,staking_apr_rede,indisponivel_sem_dados_comparaveis
2026-03-12,37695717,2.895,2073.13623046875,2075.914794921875,1.001340271040701,0.1340271040700891,0.0104556138377322,0.0113173099511309,68.55555563517231,68.6841573287041,,,1773273600000,2026-03-12T12:00:23+00:00,1773316823000,2925.715133,36891172,2026-03-13 12:00:23+00:00,https://beaconcha.in/charts/staked_ether,https://www.beaconcha.in/ethstore,extraido_html_sem_imputacao; consistencia_interna_verificada,0,2.895,,,,ausente_nao_estimado,Yahoo Finance via yfinance,48.52232133372318,Yahoo Finance via yfinance,47.12044355463751,0.0013402710407008,0,staking_apr_rede,indisponivel_sem_dados_comparaveis
2026-03-13,37707848,2.787,2092.5634765625,2087.5166015625,0.9975881854689108,-0.2411814531089184,0.0093273103225432,0.0055732090027402,67.00806420163539,67.08226821411833,,,1773360000000,2026-03-13T12:00:23+00:00,1773403223000,2812.569576,36840087,2026-03-14 12:00:23+00:00,https://beaconcha.in/charts/staked_ether,https://www.beaconcha.in/ethstore,extraido_html_sem_imputacao; consistencia_interna_verificada,0,2.787,,,,ausente_nao_estimado,Yahoo Finance via yfinance,29.26258272370859,Yahoo Finance via yfinance,27.824913691297485,-0.0024118145310891,0,staking_apr_rede,indisponivel_sem_dados_comparaveis
2026-03-14,37776757,2.739,2097.086669921875,2096.1796875,0.999567503606368,-0.0432496393632075,0.0021592233043722,0.0041413609978176,67.00763227019289,67.08345093883298,,,1773446400000,2026-03-14T12:00:23+00:00,1773489623000,2775.316304,36985171,2026-03-15 12:00:23+00:00,https://beaconcha.in/charts/staked_ether,https://www.beaconcha.in/ethstore,extraido_html_sem_imputacao; consistencia_interna_verificada,0,2.739,,,,ausente_nao_estimado,Yahoo Finance via yfinance,27.835016557714304,Yahoo Finance via yfinance,25.6172571720492,-0.000432496393632,0,staking_apr_rede,indisponivel_sem_dados_comparaveis
2026-03-15,37832493,2.788,2177.476318359375,2173.739990234375,0.9982841016026226,-0.1715898397377402,0.0376174725748984,0.0363326902848244,65.95490956511972,65.91177264061763,,,1773532800000,2026-03-15T12:00:23+00:00,1773576023000,2826.573801,37008572,2026-03-16 12:00:23+00:00,https://beaconcha.in/charts/staked_ether,https://www.beaconcha.in/ethstore,extraido_html_sem_imputacao; consistencia_interna_verificada,0,2.788,,,,ausente_nao_estimado,Yahoo Finance via yfinance,24.73517782220061,Yahoo Finance via yfinance,23.3230484501844,-0.0017158983973774,0,staking_apr_rede,indisponivel_sem_dados_comparaveis
2026-03-16,37853819,2.768,2351.176025390625,2349.18017578125,0.9991511271007268,-0.0848872899273156,0.0767490852405507,0.0776172240818997,70.75034683849094,70.81417031817841,,,1773619200000,2026-03-16T12:00:23+00:00,1773662423000,2802.152902,36953789,2026-03-17 12:00:23+00:00,https://beaconcha.in/charts/staked_ether,https://www.beaconcha.in/ethstore,extraido_html_sem_imputacao; consistencia_interna_verificada,0,2.768,,,,ausente_nao_estimado,Yahoo Finance via yfinance,50.145582496714304,Yahoo Finance via yfinance,50.40152002395233,-0.0008488728992731,0,staking_apr_rede,indisponivel_sem_dados_comparaveis
2026-03-17,37842281,2.729,2318.053466796875,2318.837890625,1.0003383976424016,0.0338397642401622,-0.0141878287469072,-0.0130002549521764,67.34730115645111,67.1064564674312,,,1773705600000,2026-03-17T12:00:23+00:00,1773748823000,2759.959505,36908807,2026-03-18 12:00:23+00:00,https://beaconcha.in/charts/staked_ether,https://www.beaconcha.in/ethstore,extraido_html_sem_imputacao; consistencia_interna_verificada,0,2.729,,,,ausente_nao_estimado,Yahoo Finance via yfinance,57.173785016609415,Yahoo Finance via yfinance,56.961235317204654,0.0003383976424016,0,staking_apr_rede,indisponivel_sem_dados_comparaveis
2026-03-18,37858752,2.759,2203.671630859375,2202.608642578125,0.999517628549388,-0.0482371450611918,-0.0506029181915626,-0.0514237464195425,69.99212182078867,69.82232018489427,,,1773792000000,2026-03-18T12:00:23+00:00,1773835223000,2789.414929,36896788,2026-03-19 12:00:23+00:00,https://beaconcha.in/charts/staked_ether,https://www.beaconcha.in/ethstore,extraido_html_sem_imputacao; consistencia_interna_verificada,0,2.759,,,,ausente_nao_estimado,Yahoo Finance via yfinance,76.17167670562364,Yahoo Finance via yfinance,76.51137826096812,-0.0004823714506119,0,staking_apr_rede,indisponivel_sem_dados_comparaveis
2026-03-19,37895664,2.769,2137.423828125,2141.2197265625,1.00177592220483,0.1775922204830138,-0.0305236071486406,-0.0282667721999591,70.95535366101254,70.66431703304883,,,1773878400000,2026-03-19T12:00:23+00:00,1773921623000,2804.511131,36969251,2026-03-20 12:00:23+00:00,https://beaconcha.in/charts/staked_ether,https://www.beaconcha.in/ethstore,extraido_html_sem_imputacao; consistencia_interna_verificada,0,2.769,,,,ausente_nao_estimado,Yahoo Finance via yfinance,81.64467707161322,Yahoo Finance via yfinance,81.3105920951335,0.0017759222048301,0,staking_apr_rede,indisponivel_sem_dados_comparaveis
2026-03-20,37982436,2.715,2146.4970703125,2146.973876953125,1.0002221324441667,0.0222132444166689,0.0042359585854312,0.0026837192423046,70.52243913163917,70.19599384009939,,,1773964800000,2026-03-20T12:00:23+00:00,1774008023000,2757.881324,37072239,2026-03-21 12:00:23+00:00,https://beaconcha.in/charts/staked_ether,https://www.beaconcha.in/ethstore,extraido_html_sem_imputacao; consistencia_interna_verificada,0,2.715,,,,ausente_nao_estimado,Yahoo Finance via yfinance,81.5390481964308,Yahoo Finance via yfinance,81.31253681868773,0.0002221324441666,0,staking_apr_rede,indisponivel_sem_dados_comparaveis
2026-03-21,37993545,2.827,2076.68994140625,2099.224609375,1.0108512433750656,1.08512433750656,-0.0330619920061079,-0.0224913086758257,71.62280473860385,70.74055088127504,,,1774051200000,2026-03-21T12:00:23+00:00,1774094423000,2876.207143,37141340,2026-03-22 12:00:23+00:00,https://beaconcha.in/charts/staked_ether,https://www.beaconcha.in/ethstore,extraido_html_sem_imputacao; consistencia_interna_verificada,0,2.827,,,,ausente_nao_estimado,Yahoo Finance via yfinance,85.78299102908942,Yahoo Finance via yfinance,83.53075353059724,0.0108512433750656,0,staking_apr_rede,indisponivel_sem_dados_comparaveis
2026-03-22,38089206,2.81,2053.04833984375,2053.79638671875,1.0003643591144362,0.0364359114436219,-0.0114495680945266,-0.0218780664494437,71.70696899796238,71.17835690821109,,,1774137600000,2026-03-22T12:00:23+00:00,1774180823000,2860.638575,37158211,2026-03-23 12:00:23+00:00,https://beaconcha.in/charts/staked_ether,https://www.beaconcha.in/ethstore,extraido_html_sem_imputacao; consistencia_interna_verificada,0,2.81,,,,ausente_nao_estimado,Yahoo Finance via yfinance,79.2782990405496,Yahoo Finance via yfinance,78.64945217191386,0.0003643591144362,0,staking_apr_rede,indisponivel_sem_dados_comparaveis
2026-03-23,38133661,2.758,2152.14599609375,2151.757080078125,0.9998192892042032,-0.0180710795796845,0.0471397983356827,0.0465947784579493,73.46266994287734,72.90167264201199,,,1774224000000,2026-03-23T12:00:23+00:00,1774267223000,2807.827823,37165017,2026-03-24 12:00:23+00:00,https://beaconcha.in/charts/staked_ether,https://www.beaconcha.in/ethstore,extraido_html_sem_imputacao; consistencia_interna_verificada,0,2.758,,,,ausente_nao_estimado,Yahoo Finance via yfinance,60.61778159126641,Yahoo Finance via yfinance,58.75310238719037,-0.0001807107957968,0,staking_apr_rede,indisponivel_sem_dados_comparaveis
2026-03-24,38134484,2.74,2155.704345703125,2157.703125,1.000927204744407,0.0927204744407106,0.0016520306586044,0.0027595329401765,73.35773327258696,72.77809543855678,,,1774310400000,2026-03-24T12:00:23+00:00,1774353623000,2788.200455,37147922,2026-03-25 12:00:23+00:00,https://beaconcha.in/charts/staked_ether,https://www.beaconcha.in/ethstore,extraido_html_sem_imputacao; consistencia_interna_verificada,0,2.74,,,,ausente_nao_estimado,Yahoo Finance via yfinance,61.44453449856185,Yahoo Finance via yfinance,59.771348797762535,0.0009272047444071,0,staking_apr_rede,indisponivel_sem_dados_comparaveis
2026-03-25,38186638,2.762,2168.021484375,2167.1005859375,0.9995752355573332,-0.0424764442666703,0.0056974805873912,0.0043458507511422,70.4284458506832,69.81074984176139,,,1774396800000,2026-03-25T12:00:23+00:00,1774440023000,2812.258699,37160497,2026-03-26 12:00:23+00:00,https://beaconcha.in/charts/staked_ether,https://www.beaconcha.in/ethstore,extraido_html_sem_imputacao; consistencia_interna_verificada,0,2.762,,,,ausente_nao_estimado,Yahoo Finance via yfinance,51.69634828482887,Yahoo Finance via yfinance,49.02304474657058,-0.0004247644426667,0,staking_apr_rede,indisponivel_sem_dados_comparaveis
2026-03-26,38234838,2.826,2059.578369140625,2058.148681640625,0.9993058348633772,-0.0694165136622904,-0.051313706617151,-0.0515832581173116,73.11708598416612,72.56529816829399,,,1774483200000,2026-03-26T12:00:23+00:00,1774526423000,2883.402679,37240895,2026-03-27 12:00:23+00:00,https://beaconcha.in/charts/staked_ether,https://www.beaconcha.in/ethstore,extraido_html_sem_imputacao; consistencia_interna_verificada,0,2.826,,,,ausente_nao_estimado,Yahoo Finance via yfinance,60.09189255006717,Yahoo Finance via yfinance,58.50432867914777,-0.0006941651366229,0,staking_apr_rede,indisponivel_sem_dados_comparaveis
2026-03-27,38282645,2.745,1991.27197265625,1990.923828125,0.9998251647509578,-0.017483524904216,-0.0337276698924535,-0.0332081142461621,64.72134996224557,64.38279496371503,,,1774569600000,2026-03-27T12:00:23+00:00,1774612823000,2805.514015,37307032,2026-03-28 12:00:23+00:00,https://beaconcha.in/charts/staked_ether,https://www.beaconcha.in/ethstore,extraido_html_sem_imputacao; consistencia_interna_verificada,0,2.745,,,,ausente_nao_estimado,Yahoo Finance via yfinance,62.62651665842181,Yahoo Finance via yfinance,61.07729512132203,-0.0001748352490421,0,staking_apr_rede,indisponivel_sem_dados_comparaveis
2026-03-28,38405857,2.731,1992.694580078125,1992.8560791015625,1.0000810455475977,0.0081045547597691,0.0007141663784116,0.0009700591765023,64.56320912969844,64.24591439522457,,,1774656000000,2026-03-28T12:00:23+00:00,1774699223000,2800.583865,37436236,2026-03-29 12:00:23+00:00,https://beaconcha.in/charts/staked_ether,https://www.beaconcha.in/ethstore,extraido_html_sem_imputacao; consistencia_interna_verificada,0,2.731,,,,ausente_nao_estimado,Yahoo Finance via yfinance,59.99125737068783,Yahoo Finance via yfinance,60.68901000773968,8.104554759769123e-05,0,staking_apr_rede,indisponivel_sem_dados_comparaveis
2026-03-29,38475575,2.751,1982.5596923828125,1984.1376953125,1.000795942203279,0.0795942203279054,-0.005098999439741,-0.0043844160940597,62.236656805004856,61.83311647724315,,,1774742400000,2026-03-29T12:00:23+00:00,1774785623000,2826.696886,37502969,2026-03-30 12:00:23+00:00,https://beaconcha.in/charts/staked_ether,https://www.beaconcha.in/ethstore,extraido_html_sem_imputacao; consistencia_interna_verificada,0,2.751,,,,ausente_nao_estimado,Yahoo Finance via yfinance,59.808756220804845,Yahoo Finance via yfinance,59.45740486352443,0.000795942203279,0,staking_apr_rede,indisponivel_sem_dados_comparaveis
2026-03-30,38495134,2.739,2023.514892578125,2023.1138916015625,0.9998018294908364,-0.0198170509163708,0.0204472613935491,0.0194534456367493,62.34064349312981,61.90825534961927,,,1774828800000,2026-03-30T12:00:23+00:00,1774872023000,2814.932292,37509485,2026-03-31 12:00:23+00:00,https://beaconcha.in/charts/staked_ether,https://www.beaconcha.in/ethstore,extraido_html_sem_imputacao; consistencia_interna_verificada,0,2.739,,,,ausente_nao_estimado,Yahoo Finance via yfinance,47.493216262947975,Yahoo Finance via yfinance,47.09422857632272,-0.0001981705091637,0,staking_apr_rede,indisponivel_sem_dados_comparaveis
2026-03-31,38444759,2.767,2104.708251953125,2102.946533203125,0.9991629629672591,-0.083703703274085,0.039340814763852,0.0387016173675401,63.51588817208158,63.04598826497836,,,1774915200000,2026-03-31T12:00:23+00:00,1774958423000,2833.532214,37383993,2026-04-01 12:00:23+00:00,https://beaconcha.in/charts/staked_ether,https://www.beaconcha.in/ethstore,extraido_html_sem_imputacao; consistencia_interna_verificada,0,2.767,,,,ausente_nao_estimado,Yahoo Finance via yfinance,58.95535038799036,Yahoo Finance via yfinance,58.28594364636892,-0.0008370370327408,0,staking_apr_rede,indisponivel_sem_dados_comparaveis
2026-04-01,38487492,2.774,2138.737060546875,2138.94482421875,1.0000971431578511,0.0097143157851142,0.0160386363168273,0.016973162300433,61.91743227548292,61.1586313959215,,,1775001600000,2026-04-01T12:00:23+00:00,1775044823000,2835.873399,37317743,2026-04-02 12:00:23+00:00,https://beaconcha.in/charts/staked_ether,https://www.beaconcha.in/ethstore,extraido_html_sem_imputacao; consistencia_interna_verificada,0,2.774,,,,ausente_nao_estimado,Yahoo Finance via yfinance,60.38385206161541,Yahoo Finance via yfinance,60.02977891774848,9.71431578511428e-05,0,staking_apr_rede,indisponivel_sem_dados_comparaveis
2026-04-02,38533030,2.736,2056.8525390625,2056.657470703125,0.9999051617188542,-0.0094838281145759,-0.0390385754759657,-0.0392305566943058,63.00757851807579,62.17384667359428,,,1775088000000,2026-04-02T12:00:23+00:00,1775131223000,2803.221337,37399831,2026-04-03 12:00:23+00:00,https://beaconcha.in/charts/staked_ether,https://www.beaconcha.in/ethstore,extraido_html_sem_imputacao; consistencia_interna_verificada,0,2.736,,,,ausente_nao_estimado,Yahoo Finance via yfinance,54.65744074144321,Yahoo Finance via yfinance,54.18454934919973,-9.483828114575932e-05,0,staking_apr_rede,indisponivel_sem_dados_comparaveis
2026-04-03,38605256,2.702,2053.38525390625,2053.003662109375,0.9998141645382184,-0.0185835461781525,-0.0016871461717564,-0.001778156124507,57.91675777345661,57.12869353222072,,,1775174400000,2026-04-03T12:00:23+00:00,1775217623000,2782.116596,37581447,2026-04-04 12:00:23+00:00,https://beaconcha.in/charts/staked_ether,https://www.beaconcha.in/ethstore,extraido_html_sem_imputacao; consistencia_interna_verificada,0,2.702,,,,ausente_nao_estimado,Yahoo Finance via yfinance,47.0671189137195,Yahoo Finance via yfinance,46.745512926211966,-0.0001858354617815,0,staking_apr_rede,indisponivel_sem_dados_comparaveis
2026-04-04,38664852,2.692,2065.3515625,2064.185791015625,0.9994355578461596,-0.0564442153840327,0.005810685555501,0.0054319367755506,57.250251807895616,56.50106213811296,,,1775260800000,2026-04-04T12:00:23+00:00,1775304023000,2775.755045,37632993,2026-04-05 12:00:23+00:00,https://beaconcha.in/charts/staked_ether,https://www.beaconcha.in/ethstore,extraido_html_sem_imputacao; consistencia_interna_verificada,0,2.692,,,,ausente_nao_estimado,Yahoo Finance via yfinance,46.96889198830691,Yahoo Finance via yfinance,46.65809123782637,-0.0005644421538403,0,staking_apr_rede,indisponivel_sem_dados_comparaveis
2026-04-05,38706886,2.725,2108.99560546875,2109.054931640625,1.0000281300595038,0.002813005950375,0.0209113576842589,0.0215040888594011,55.23529036168727,54.59104353131698,,,1775347200000,2026-04-05T12:00:23+00:00,1775390423000,2808.711068,37619987,2026-04-06 12:00:23+00:00,https://beaconcha.in/charts/staked_ether,https://www.beaconcha.in/ethstore,extraido_html_sem_imputacao; consistencia_interna_verificada,0,2.725,,,,ausente_nao_estimado,Yahoo Finance via yfinance,47.28189026782389,Yahoo Finance via yfinance,47.224015362726,2.813005950375036e-05,0,staking_apr_rede,indisponivel_sem_dados_comparaveis
2026-04-06,38768058,2.732,2107.761474609375,2106.30322265625,0.9993081513393752,-0.0691848660624772,-0.0005853459761497,-0.001305563738363,55.189788070028015,54.52230468929282,,,1775433600000,2026-04-06T12:00:23+00:00,1775476823000,2824.227907,37737749,2026-04-07 12:00:23+00:00,https://beaconcha.in/charts/staked_ether,https://www.beaconcha.in/ethstore,extraido_html_sem_imputacao; consistencia_interna_verificada,0,2.732,,,,ausente_nao_estimado,Yahoo Finance via yfinance,46.57260502944813,Yahoo Finance via yfinance,46.73086608482092,-0.0006918486606247,0,staking_apr_rede,indisponivel_sem_dados_comparaveis
2026-04-07,38814780,2.799,2241.806640625,2242.117431640625,1.0001386341756655,0.013863417566573,0.0616556049703287,0.0624863176355175,58.465605825631975,58.034585328712176,,,1775520000000,2026-04-07T12:00:23+00:00,1775563223000,2889.214469,37676517,2026-04-08 12:00:23+00:00,https://beaconcha.in/charts/staked_ether,https://www.beaconcha.in/ethstore,extraido_html_sem_imputacao; consistencia_interna_verificada,0,2.799,,,,ausente_nao_estimado,Yahoo Finance via yfinance,57.78006589281416,Yahoo Finance via yfinance,58.58425978187919,0.0001386341756657,0,staking_apr_rede,indisponivel_sem_dados_comparaveis
2026-04-08,38847025,2.712,2190.33544921875,2191.325439453125,1.0004519811039574,0.0451981103957388,-0.0232273715270305,-0.0229141171026012,58.609559320065344,58.22840429796686,,,1775606400000,2026-04-08T12:00:23+00:00,1775649623000,2806.830858,37772577,2026-04-09 12:00:23+00:00,https://beaconcha.in/charts/staked_ether,https://www.beaconcha.in/ethstore,extraido_html_sem_imputacao; consistencia_interna_verificada,0,2.712,,,,ausente_nao_estimado,Yahoo Finance via yfinance,61.70041713264966,Yahoo Finance via yfinance,62.30784815540111,0.0004519811039573,0,staking_apr_rede,indisponivel_sem_dados_comparaveis
2026-04-09,38895024,2.72,2189.14404296875,2189.57275390625,1.0001958349606446,0.0195834960644569,-0.0005440857898826,-0.0008001489936666,58.22621425096142,57.89233275326689,,,1775692800000,2026-04-09T12:00:23+00:00,1775736023000,2817.544934,37802143,2026-04-10 12:00:23+00:00,https://beaconcha.in/charts/staked_ether,https://www.beaconcha.in/ethstore,extraido_html_sem_imputacao; consistencia_interna_verificada,0,2.72,,,,ausente_nao_estimado,Yahoo Finance via yfinance,50.90909865399031,Yahoo Finance via yfinance,51.54081539481389,0.0001958349606445,0,staking_apr_rede,indisponivel_sem_dados_comparaveis
2026-04-10,38901954,2.706,2245.148681640625,2245.33203125,1.0000816647961333,0.0081664796133251,0.0252611274355671,0.0251469731098305,58.75323520190497,58.40305842340384,,,1775779200000,2026-04-10T12:00:23+00:00,1775822423000,2803.597078,37820298,2026-04-11 12:00:23+00:00,https://beaconcha.in/charts/staked_ether,https://www.beaconcha.in/ethstore,extraido_html_sem_imputacao; consistencia_interna_verificada,0,2.706,,,,ausente_nao_estimado,Yahoo Finance via yfinance,51.2164366095899,Yahoo Finance via yfinance,51.79912343581677,8.166479613325173e-05,0,staking_apr_rede,indisponivel_sem_dados_comparaveis
2026-04-11,38903164,2.696,2285.39013671875,2285.815185546875,1.0001859852378356,0.0185985237835639,0.0177650010386669,0.0178693075216472,58.92495898419487,58.56509743816372,,,1775865600000,2026-04-11T12:00:23+00:00,1775908823000,2790.140931,37772038,2026-04-12 12:00:23+00:00,https://beaconcha.in/charts/staked_ether,https://www.beaconcha.in/ethstore,extraido_html_sem_imputacao; consistencia_interna_verificada,0,2.696,,,,ausente_nao_estimado,Yahoo Finance via yfinance,50.95727383752073,Yahoo Finance via yfinance,51.50167671830816,0.0001859852378356,0,staking_apr_rede,indisponivel_sem_dados_comparaveis
2026-04-12,38884936,2.718,2192.201171875,2192.5390625,1.000154133037303,0.0154133037302939,-0.0416306075771206,-0.0416624543618194,60.910729950013874,60.60728593874092,,,1775952000000,2026-04-12T12:00:23+00:00,1775995223000,2809.103394,37721918,2026-04-13 12:00:23+00:00,https://beaconcha.in/charts/staked_ether,https://www.beaconcha.in/ethstore,extraido_html_sem_imputacao; consistencia_interna_verificada,0,2.718,,,,ausente_nao_estimado,Yahoo Finance via yfinance,64.3854482083605,Yahoo Finance via yfinance,64.80734221309511,0.0001541330373029,0,staking_apr_rede,indisponivel_sem_dados_comparaveis
2026-04-13,38884171,2.757,2370.71484375,2373.418212890625,1.0011403181398015,0.1140318139801532,0.0782853911386856,0.0792709384495697,66.53467449777641,66.38797265110547,,,1776038400000,2026-04-13T12:00:23+00:00,1776081623000,2848.533763,37714879,2026-04-14 12:00:23+00:00,https://beaconcha.in/charts/staked_ether,https://www.beaconcha.in/ethstore,extraido_html_sem_imputacao; consistencia_interna_verificada,0,2.757,,,,ausente_nao_estimado,Yahoo Finance via yfinance,82.47709351795302,Yahoo Finance via yfinance,83.14888349909243,0.0011403181398015,0,staking_apr_rede,indisponivel_sem_dados_comparaveis
2026-04-14,38883714,2.734,2323.30859375,2319.61376953125,0.9984096713502936,-0.159032864970654,-0.0201992437703363,-0.0229305068058859,65.92104941959373,65.98809843321641,,,1776124800000,2026-04-14T12:00:23+00:00,1776168023000,2826.073978,37726598,2026-04-15 12:00:23+00:00,https://beaconcha.in/charts/staked_ether,https://www.beaconcha.in/ethstore,extraido_html_sem_imputacao; consistencia_interna_verificada,0,2.734,,,,ausente_nao_estimado,Yahoo Finance via yfinance,76.34451774665439,Yahoo Finance via yfinance,77.43950851812936,-0.0015903286497065,0,staking_apr_rede,indisponivel_sem_dados_comparaveis
2026-04-15,38920719,2.738,2359.43701171875,2361.912353515625,1.001049123915824,0.1049123915824123,0.0154307484890148,0.0180709170235898,60.429726600007285,60.455432420354285,,,1776211200000,2026-04-15T12:00:23+00:00,1776254423000,2827.395902,37692901,2026-04-16 12:00:23+00:00,https://beaconcha.in/charts/staked_ether,https://www.beaconcha.in/ethstore,extraido_html_sem_imputacao; consistencia_interna_verificada,0,2.738,,,,ausente_nao_estimado,Yahoo Finance via yfinance,72.63136333868061,Yahoo Finance via yfinance,74.08160575830672,0.0010491239158241,0,staking_apr_rede,indisponivel_sem_dados_comparaveis
2026-04-16,38925277,2.846,2348.64501953125,2350.4580078125,1.000771929459826,0.077192945982607,-0.0045844617903412,-0.004861404084761,60.236137415604695,60.298551210759975,,,1776297600000,2026-04-16T12:00:23+00:00,1776340823000,2949.758524,37829079,2026-04-17 12:00:23+00:00,https://beaconcha.in/charts/staked_ether,https://www.beaconcha.in/ethstore,extraido_html_sem_imputacao; consistencia_interna_verificada,0,2.846,,,,ausente_nao_estimado,Yahoo Finance via yfinance,73.06659482302288,Yahoo Finance via yfinance,74.52217798160191,0.000771929459826,0,staking_apr_rede,indisponivel_sem_dados_comparaveis
2026-04-17,38949908,2.825,2421.07177734375,2420.828857421875,0.999899664303988,-0.0100335696012088,0.0303717508925751,0.0294997784870841,58.18751289235624,58.10287903105805,,,1776384000000,2026-04-17T12:00:23+00:00,1776427223000,2926.068471,37804755,2026-04-18 12:00:23+00:00,https://beaconcha.in/charts/staked_ether,https://www.beaconcha.in/ethstore,extraido_html_sem_imputacao; consistencia_interna_verificada,0,2.825,,,,ausente_nao_estimado,Yahoo Finance via yfinance,73.80343780194418,Yahoo Finance via yfinance,75.11968964746274,-0.000100335696012,0,staking_apr_rede,indisponivel_sem_dados_comparaveis
2026-04-18,38997125,3.033,2351.1005859375,2339.579345703125,0.9950996395886732,-0.4900360411326687,-0.0293267723614628,-0.0341388381786125,58.10180870634161,58.53696757683306,,,1776470400000,2026-04-18T12:00:23+00:00,1776513623000,3144.00004,37830349,2026-04-19 12:00:23+00:00,https://beaconcha.in/charts/staked_ether,https://www.beaconcha.in/ethstore,extraido_html_sem_imputacao; consistencia_interna_verificada,0,3.033,,,,ausente_nao_estimado,Yahoo Finance via yfinance,78.75852231950134,Yahoo Finance via yfinance,81.25839296691811,-0.0049003604113266,0,staking_apr_rede,indisponivel_sem_dados_comparaveis
2026-04-19,39011406,3.01,2264.9169921875,2252.367431640625,0.9944591521057228,-0.5540847894277334,-0.0373454427406088,-0.0379892915253243,59.79205277694244,60.25452569058868,,,1776556800000,2026-04-19T12:00:23+00:00,1776600023000,3122.360965,37863583,2026-04-20 12:00:23+00:00,https://beaconcha.in/charts/staked_ether,https://www.beaconcha.in/ethstore,extraido_html_sem_imputacao; consistencia_interna_verificada,0,3.01,,,,ausente_nao_estimado,Yahoo Finance via yfinance,77.29373078930179,Yahoo Finance via yfinance,80.05578661943615,-0.0055408478942773,0,staking_apr_rede,indisponivel_sem_dados_comparaveis
2026-04-20,39015082,2.974,2315.21240234375,2300.5712890625,0.9936761252373958,-0.6323874762604209,0.0219633235792397,0.0211756237504227,58.82795092982818,59.98181567950153,,,1776643200000,2026-04-20T12:00:23+00:00,1776686423000,3081.069666,37817811,2026-04-21 12:00:23+00:00,https://beaconcha.in/charts/staked_ether,https://www.beaconcha.in/ethstore,extraido_html_sem_imputacao; consistencia_interna_verificada,0,2.974,,,,ausente_nao_estimado,Yahoo Finance via yfinance,50.82624800069912,Yahoo Finance via yfinance,53.268632980395545,-0.0063238747626042,0,staking_apr_rede,indisponivel_sem_dados_comparaveis
2026-04-21,38947004,3.04,2327.970458984375,2317.1943359375,0.9953710224263,-0.4628977573700066,0.0054954065471357,0.0071996372398239,58.57785978001044,59.31445562498784,,,1776729600000,2026-04-21T12:00:23+00:00,1776772823000,3147.830482,37792937,2026-04-22 12:00:23+00:00,https://beaconcha.in/charts/staked_ether,https://www.beaconcha.in/ethstore,extraido_html_sem_imputacao; consistencia_interna_verificada,0,3.04,,,,ausente_nao_estimado,Yahoo Finance via yfinance,49.00914859984184,Yahoo Finance via yfinance,51.31834899920524,-0.0046289775737,0,staking_apr_rede,indisponivel_sem_dados_comparaveis
2026-04-22,38975395,3.071,2376.088134765625,2371.171142578125,0.997930635604144,-0.2069364395856032,0.0204586542200399,0.0230268701992011,56.82876446315871,57.73402469409172,,,1776816000000,2026-04-22T12:00:23+00:00,1776859223000,3176.434725,37755902,2026-04-23 12:00:23+00:00,https://beaconcha.in/charts/staked_ether,https://www.beaconcha.in/ethstore,extraido_html_sem_imputacao; consistencia_interna_verificada,0,3.071,,,,ausente_nao_estimado,Yahoo Finance via yfinance,50.0771484006874,Yahoo Finance via yfinance,52.499922972851344,-0.002069364395856,0,staking_apr_rede,indisponivel_sem_dados_comparaveis
2026-04-23,38977825,3.094,2331.513916015625,2321.369384765625,0.9956489510183424,-0.4351048981657501,-0.0189376886242059,-0.0212267224780697,57.35527002196182,58.361786318448914,,,1776902400000,2026-04-23T12:00:23+00:00,1776945623000,3208.541392,37852421,2026-04-24 12:00:23+00:00,https://beaconcha.in/charts/staked_ether,https://www.beaconcha.in/ethstore,extraido_html_sem_imputacao; consistencia_interna_verificada,0,3.094,,,,ausente_nao_estimado,Yahoo Finance via yfinance,52.08402740098268,Yahoo Finance via yfinance,54.807093048871,-0.0043510489816575,0,staking_apr_rede,indisponivel_sem_dados_comparaveis
2026-04-24,38984671,2.914,2315.690185546875,2308.5341796875,0.9969097740690708,-0.3090225930929113,-0.0068100265350662,-0.0055444947310309,57.436486928673936,58.423003210667744,,,1776988800000,2026-04-24T12:00:23+00:00,1777032023000,3017.253234,37798422,2026-04-25 12:00:23+00:00,https://beaconcha.in/charts/staked_ether,https://www.beaconcha.in/ethstore,extraido_html_sem_imputacao; consistencia_interna_verificada,0,2.914,,,,ausente_nao_estimado,Yahoo Finance via yfinance,44.85922397822432,Yahoo Finance via yfinance,48.0681317277279,-0.0030902259309291,0,staking_apr_rede,indisponivel_sem_dados_comparaveis
2026-04-25,38980550,2.981,2318.8291015625,2311.793701171875,0.9969659685632356,-0.3034031436764506,0.0013545812633985,0.0014109483608841,54.101905866984765,55.12444868634631,,,1777075200000,2026-04-25T12:00:23+00:00,1777118423000,3092.654011,37862927,2026-04-26 12:00:23+00:00,https://beaconcha.in/charts/staked_ether,https://www.beaconcha.in/ethstore,extraido_html_sem_imputacao; consistencia_interna_verificada,0,2.981,,,,ausente_nao_estimado,Yahoo Finance via yfinance,40.56815407619602,Yahoo Finance via yfinance,42.26605038545356,-0.0030340314367645,0,staking_apr_rede,indisponivel_sem_dados_comparaveis
2026-04-26,38968137,3.012,2369.72900390625,2368.98046875,0.999684126262954,-0.031587373704589,0.021713243592728,0.0244359633982157,52.67951579575461,53.89720473063608,,,1777161600000,2026-04-26T12:00:23+00:00,1777204823000,3117.715171,37785624,2026-04-27 12:00:23+00:00,https://beaconcha.in/charts/staked_ether,https://www.beaconcha.in/ethstore,extraido_html_sem_imputacao; consistencia_interna_verificada,0,3.012,,,,ausente_nao_estimado,Yahoo Finance via yfinance,30.37939741102521,Yahoo Finance via yfinance,32.59903453268565,-0.0003158737370458,0,staking_apr_rede,indisponivel_sem_dados_comparaveis
2026-04-27,38966561,2.954,2303.06396484375,2292.46728515625,0.9953988773871424,-0.4601122612857611,-0.0285352092391055,-0.0328310259625027,54.00617287511123,55.542513541563096,,,1777248000000,2026-04-27T12:00:23+00:00,1777291223000,3063.046583,37847905,2026-04-28 12:00:23+00:00,https://beaconcha.in/charts/staked_ether,https://www.beaconcha.in/ethstore,extraido_html_sem_imputacao; consistencia_interna_verificada,0,2.954,,,,ausente_nao_estimado,Yahoo Finance via yfinance,36.05877031686921,Yahoo Finance via yfinance,40.81637237408186,-0.0046011226128576,0,staking_apr_rede,indisponivel_sem_dados_comparaveis
2026-04-28,38888691,2.953,2289.419677734375,2279.980712890625,0.995877136492034,-0.4122863507965868,-0.0059420254123551,-0.0054616709956351,54.02646727761257,55.56587922941222,,,1777334400000,2026-04-28T12:00:23+00:00,1777377623000,3043.462047,37620670,2026-04-29 12:00:23+00:00,https://beaconcha.in/charts/staked_ether,https://www.beaconcha.in/ethstore,extraido_html_sem_imputacao; consistencia_interna_verificada,0,2.953,,,,ausente_nao_estimado,Yahoo Finance via yfinance,35.79825909451272,Yahoo Finance via yfinance,40.384311364993245,-0.0041228635079658,0,staking_apr_rede,indisponivel_sem_dados_comparaveis
2026-04-29,38818265,2.852,2253.415771484375,2251.72900390625,0.9992514618919996,-0.0748538108000351,-0.0158511839185899,-0.0124686163787826,54.18638916031077,55.60984615818696,,,1777420800000,2026-04-29T12:00:23+00:00,1777464023000,2934.988045,37564759,2026-04-30 12:00:23+00:00,https://beaconcha.in/charts/staked_ether,https://www.beaconcha.in/ethstore,extraido_html_sem_imputacao; consistencia_interna_verificada,0,2.852,,,,ausente_nao_estimado,Yahoo Finance via yfinance,30.98037643094787,Yahoo Finance via yfinance,34.547491301503705,-0.0007485381080003,0,staking_apr_rede,indisponivel_sem_dados_comparaveis
2026-04-30,38757003,2.862,2256.251220703125,2253.97607421875,0.9989916253724326,-0.1008374627567421,0.0012574984349416,0.0009974334581752,52.62954928121689,54.14765413707532,,,1777507200000,2026-04-30T12:00:23+00:00,1777550423000,2934.162788,37425445,2026-05-01 12:00:23+00:00,https://beaconcha.in/charts/staked_ether,https://www.beaconcha.in/ethstore,extraido_html_sem_imputacao; consistencia_interna_verificada,0,2.862,,,,ausente_nao_estimado,Yahoo Finance via yfinance,29.886401599916105,Yahoo Finance via yfinance,32.81404569812966,-0.0010083746275674,0,staking_apr_rede,indisponivel_sem_dados_comparaveis
2026-05-01,38708106,2.801,2295.09375,2286.87548828125,0.9964192043489508,-0.3580795651049073,0.0170690082206223,0.0144906695544683,52.66457487251282,54.06992108739316,,,1777593600000,2026-05-01T12:00:23+00:00,1777636823000,2872.653607,37427510,2026-05-02 12:00:23+00:00,https://beaconcha.in/charts/staked_ether,https://www.beaconcha.in/ethstore,extraido_html_sem_imputacao; consistencia_interna_verificada,0,2.801,,,,ausente_nao_estimado,Yahoo Finance via yfinance,33.59846853371155,Yahoo Finance via yfinance,35.40490879675128,-0.003580795651049,0,staking_apr_rede,indisponivel_sem_dados_comparaveis
2026-05-02,38640022,2.789,2316.23193359375,2314.52880859375,0.9992647001471232,-0.0735299852876791,0.0091680063840355,0.0120196581110847,50.53742706198212,52.04090925199888,,,1777680000000,2026-05-02T12:00:23+00:00,1777723223000,2866.271313,37505149,2026-05-03 12:00:23+00:00,https://beaconcha.in/charts/staked_ether,https://www.beaconcha.in/ethstore,extraido_html_sem_imputacao; consistencia_interna_verificada,0,2.789,,,,ausente_nao_estimado,Yahoo Finance via yfinance,34.43399654411155,Yahoo Finance via yfinance,36.71218034859127,-0.0007352998528767,0,staking_apr_rede,indisponivel_sem_dados_comparaveis
2026-05-03,38662514,2.812,2321.6357421875,2319.371826171875,0.9990248616634874,-0.0975138336512637,0.0023302997915724,0.0020902560167651,50.50035162208077,52.00491525955826,,,1777766400000,2026-05-03T12:00:23+00:00,1777809623000,2891.478555,37531949,2026-05-04 12:00:23+00:00,https://beaconcha.in/charts/staked_ether,https://www.beaconcha.in/ethstore,extraido_html_sem_imputacao; consistencia_interna_verificada,0,2.812,,,,ausente_nao_estimado,Yahoo Finance via yfinance,29.423974461534108,Yahoo Finance via yfinance,30.79601430400045,-0.0009751383365126,0,staking_apr_rede,indisponivel_sem_dados_comparaveis
2026-05-04,38663368,2.832,2346.39697265625,2342.59228515625,0.9983784979505438,-0.1621502049456213,0.0106089499454062,0.0099617459318609,50.54860717910745,52.04387344173136,,,1777852800000,2026-05-04T12:00:23+00:00,1777896023000,2911.929187,37536724,2026-05-05 12:00:23+00:00,https://beaconcha.in/charts/staked_ether,https://www.beaconcha.in/ethstore,extraido_html_sem_imputacao; consistencia_interna_verificada,0,2.832,,,,ausente_nao_estimado,Yahoo Finance via yfinance,21.100603123862044,Yahoo Finance via yfinance,18.743573871660686,-0.0016215020494562,0,staking_apr_rede,indisponivel_sem_dados_comparaveis
2026-05-05,38667632,2.788,2361.1826171875,2358.847900390625,0.9990112087138536,-0.0988791286146262,0.0062816540296977,0.0069151916737151,50.19814466761784,51.6814917041986,,,1777939200000,2026-05-05T12:00:23+00:00,1777982423000,2866.640011,37532394,2026-05-06 12:00:23+00:00,https://beaconcha.in/charts/staked_ether,https://www.beaconcha.in/ethstore,extraido_html_sem_imputacao; consistencia_interna_verificada,0,2.788,,,,ausente_nao_estimado,Yahoo Finance via yfinance,19.878939127250764,Yahoo Finance via yfinance,17.390317716494373,-0.0009887912861462,0,staking_apr_rede,indisponivel_sem_dados_comparaveis
2026-05-06,38660102,2.847,2350.802001953125,2344.485107421875,0.9973128768284178,-0.2687123171582151,-0.0044060551410634,-0.0061075146460136,50.25747536866063,51.767463059972144,,,1778025600000,2026-05-06T12:00:23+00:00,1778068823000,2922.733708,37473565,2026-05-07 12:00:23+00:00,https://beaconcha.in/charts/staked_ether,https://www.beaconcha.in/ethstore,extraido_html_sem_imputacao; consistencia_interna_verificada,0,2.847,,,,ausente_nao_estimado,Yahoo Finance via yfinance,13.466663791972644,Yahoo Finance via yfinance,13.763178354462022,-0.0026871231715821,0,staking_apr_rede,indisponivel_sem_dados_comparaveis
2026-05-07,38661338,2.928,2291.107666015625,2288.93017578125,0.9990495906121418,-0.0950409387858175,-0.0257211497884926,-0.0239812711340293,46.675549106232175,48.03311384861115,,,1778112000000,2026-05-07T12:00:23+00:00,1778155223000,3002.790819,37430479,2026-05-08 12:00:23+00:00,https://beaconcha.in/charts/staked_ether,https://www.beaconcha.in/ethstore,extraido_html_sem_imputacao; consistencia_interna_verificada,0,2.928,,,,ausente_nao_estimado,Yahoo Finance via yfinance,26.7953375179182,Yahoo Finance via yfinance,25.68476079189809,-0.0009504093878581,0,staking_apr_rede,indisponivel_sem_dados_comparaveis
2026-05-08,38661599,2.814,2306.97216796875,2305.2578125,0.9992568807320032,-0.0743119267996861,0.0069005173801773,0.0071079831754168,45.90630489926105,47.31244480161213,,,1778198400000,2026-05-08T12:00:23+00:00,1778241623000,2884.752721,37422754,2026-05-09 12:00:23+00:00,https://beaconcha.in/charts/staked_ether,https://www.beaconcha.in/ethstore,extraido_html_sem_imputacao; consistencia_interna_verificada,0,2.814,,,,ausente_nao_estimado,Yahoo Finance via yfinance,24.245165791066672,Yahoo Finance via yfinance,24.035689352411527,-0.0007431192679968,0,staking_apr_rede,indisponivel_sem_dados_comparaveis
2026-05-09,38644372,2.792,2326.727294921875,2325.391845703125,0.9994260396473345,-0.0573960352665547,0.0085267708032934,0.008696041190317,45.95876961557779,47.365469094411054,,,1778284800000,2026-05-09T12:00:23+00:00,1778328023000,2868.628562,37499465,2026-05-10 12:00:23+00:00,https://beaconcha.in/charts/staked_ether,https://www.beaconcha.in/ethstore,extraido_html_sem_imputacao; consistencia_interna_verificada,0,2.792,,,,ausente_nao_estimado,Yahoo Finance via yfinance,24.11358969794285,Yahoo Finance via yfinance,23.227029340507706,-0.0005739603526655,0,staking_apr_rede,indisponivel_sem_dados_comparaveis
2026-05-10,38627752,2.845,2369.0439453125,2372.87939453125,1.001618986100422,0.1618986100422104,0.0180237894016022,0.0202155914877916,45.566014635814895,47.092679988967326,,,1778371200000,2026-05-10T12:00:23+00:00,1778414423000,2919.950223,37462218,2026-05-11 12:00:23+00:00,https://beaconcha.in/charts/staked_ether,https://www.beaconcha.in/ethstore,extraido_html_sem_imputacao; consistencia_interna_verificada,0,2.845,,,,ausente_nao_estimado,Yahoo Finance via yfinance,27.2405565302803,Yahoo Finance via yfinance,27.24229599431584,0.0016189861004221,0,staking_apr_rede,indisponivel_sem_dados_comparaveis
2026-05-11,38626608,2.903,2339.36083984375,2339.603759765625,1.0001038402959208,0.0103840295920809,-0.0126087284649131,-0.0141225705152495,45.457331482711325,47.0443567052543,,,1778457600000,2026-05-11T12:00:23+00:00,1778500823000,2974.264818,37394190,2026-05-12 12:00:23+00:00,https://beaconcha.in/charts/staked_ether,https://www.beaconcha.in/ethstore,extraido_html_sem_imputacao; consistencia_interna_verificada,0,2.903,,,,ausente_nao_estimado,Yahoo Finance via yfinance,28.3728852611521,Yahoo Finance via yfinance,29.12335643381394,0.0001038402959208,0,staking_apr_rede,indisponivel_sem_dados_comparaveis
2026-05-12,38650061,2.795,2274.6435546875,2278.597900390625,1.0017384463139185,0.1738446313918507,-0.0280543858235066,-0.0264212837632438,44.08927173115128,45.59186798603466,,,1778544000000,2026-05-12T12:00:23+00:00,1778587223000,2870.731543,37491897,2026-05-13 12:00:23+00:00,https://beaconcha.in/charts/staked_ether,https://www.beaconcha.in/ethstore,extraido_html_sem_imputacao; consistencia_interna_verificada,0,2.795,,,,ausente_nao_estimado,Yahoo Finance via yfinance,33.75535079860702,Yahoo Finance via yfinance,33.76050575617417,0.0017384463139185,0,staking_apr_rede,indisponivel_sem_dados_comparaveis
2026-05-13,38689911,2.811,2257.576416015625,2257.529296875,0.9999791284404412,-0.0020871559558655,-0.0075315052922758,-0.0092893140348018,34.283093815132,35.9761274731373,,,1778630400000,2026-05-13T12:00:23+00:00,1778673623000,2881.232185,37408596,2026-05-14 12:00:23+00:00,https://beaconcha.in/charts/staked_ether,https://www.beaconcha.in/ethstore,extraido_html_sem_imputacao; consistencia_interna_verificada,0,2.811,,,,ausente_nao_estimado,Yahoo Finance via yfinance,33.77851305411875,Yahoo Finance via yfinance,33.90504415348922,-2.087155955865505e-05,0,staking_apr_rede,indisponivel_sem_dados_comparaveis
2026-05-14,38668930,2.786,2280.934814453125,2288.211669921875,1.0031902952344978,0.3190295234497764,0.010293509698889,0.0134995985166768,33.851498979364266,35.50737680510519,,,1778716800000,2026-05-14T12:00:23+00:00,1778760023000,2858.639909,37451857,2026-05-15 12:00:23+00:00,https://beaconcha.in/charts/staked_ether,https://www.beaconcha.in/ethstore,extraido_html_sem_imputacao; consistencia_interna_verificada,0,2.786,,,,ausente_nao_estimado,Yahoo Finance via yfinance,30.717441098484137,Yahoo Finance via yfinance,32.166617348999296,0.0031902952344977,0,staking_apr_rede,indisponivel_sem_dados_comparaveis
2026-05-15,38746605,2.797,2223.328857421875,2223.259765625,0.9999689241667312,-0.0031075833268778,-0.025579807171991,-0.0287961005285388,34.4226665342874,36.1865162912879,,,1778803200000,2026-05-15T12:00:23+00:00,1778846423000,2880.09839,37578014,2026-05-16 12:00:23+00:00,https://beaconcha.in/charts/staked_ether,https://www.beaconcha.in/ethstore,extraido_html_sem_imputacao; consistencia_interna_verificada,0,2.797,,,,ausente_nao_estimado,Yahoo Finance via yfinance,34.58089825226503,Yahoo Finance via yfinance,37.34176121100066,-3.107583326877883e-05,0,staking_apr_rede,indisponivel_sem_dados_comparaveis
2026-05-16,38854423,2.746,2179.751953125,2180.551513671875,1.0003668126300924,0.0366812630092416,-0.0197944707467758,-0.0193966490598564,34.97193747768594,36.68211778873188,,,1778889600000,2026-05-16T12:00:23+00:00,1778932823000,2833.184236,37662487,2026-05-17 12:00:23+00:00,https://beaconcha.in/charts/staked_ether,https://www.beaconcha.in/ethstore,extraido_html_sem_imputacao; consistencia_interna_verificada,0,2.746,,,,ausente_nao_estimado,Yahoo Finance via yfinance,33.741244114767994,Yahoo Finance via yfinance,36.49448922396455,0.0003668126300924,0,staking_apr_rede,indisponivel_sem_dados_comparaveis
2026-05-17,38906183,2.746,2127.645263671875,2126.999755859375,0.9996966092874966,-0.0303390712503404,-0.024195229175847,-0.0248654112914103,33.674256468944925,35.59831276625802,,,1778976000000,2026-05-17T12:00:23+00:00,1779019223000,2848.1447,37852745,2026-05-18 12:00:23+00:00,https://beaconcha.in/charts/staked_ether,https://www.beaconcha.in/ethstore,extraido_html_sem_imputacao; consistencia_interna_verificada,0,2.746,,,,ausente_nao_estimado,Yahoo Finance via yfinance,25.75364948120925,Yahoo Finance via yfinance,27.907744788460555,-0.0003033907125034,0,staking_apr_rede,indisponivel_sem_dados_comparaveis
2026-05-18,38912885,2.763,2128.51611328125,2128.770751953125,1.000119632015133,0.0119632015133097,0.0004092183281597,0.0008322799327304,32.46926575269031,33.96290335897659,,,1779062400000,2026-05-18T12:00:23+00:00,1779105623000,2855.128161,37719363,2026-05-19 12:00:23+00:00,https://beaconcha.in/charts/staked_ether,https://www.beaconcha.in/ethstore,extraido_html_sem_imputacao; consistencia_interna_verificada,0,2.763,,,,ausente_nao_estimado,Yahoo Finance via yfinance,28.19715674884718,Yahoo Finance via yfinance,30.37826093374193,0.000119632015133,0,staking_apr_rede,indisponivel_sem_dados_comparaveis
2026-05-19,38942240,2.822,2109.9638671875,2110.776123046875,1.0003849619758929,0.0384961975892883,-0.0087542537236926,-0.0084889906864444,30.14617999864467,31.63271663719077,,,1779148800000,2026-05-19T12:00:23+00:00,1779192023000,2920.829542,37772006,2026-05-20 12:00:23+00:00,https://beaconcha.in/charts/staked_ether,https://www.beaconcha.in/ethstore,extraido_html_sem_imputacao; consistencia_interna_verificada,0,2.822,,,,ausente_nao_estimado,Yahoo Finance via yfinance,25.443798662156443,Yahoo Finance via yfinance,28.43245674039249,0.0003849619758928,0,staking_apr_rede,indisponivel_sem_dados_comparaveis
2026-05-20,39023064,2.716,2126.9833984375,2125.398193359375,0.9992547167602298,-0.0745283239770189,0.0080339082480059,0.0069034592495738,29.10506046567285,30.68484673273588,,,1779235200000,2026-05-20T12:00:23+00:00,1779278423000,2814.425559,37827968,2026-05-21 12:00:23+00:00,https://beaconcha.in/charts/staked_ether,https://www.beaconcha.in/ethstore,extraido_html_sem_imputacao; consistencia_interna_verificada,0,2.716,,,,ausente_nao_estimado,Yahoo Finance via yfinance,28.886114631360726,Yahoo Finance via yfinance,31.263949015022284,-0.0007452832397701,0,staking_apr_rede,indisponivel_sem_dados_comparaveis
2026-05-21,39049256,2.722,2131.41064453125,2132.800537109375,1.000652099857759,0.0652099857759047,0.0020793039085529,0.0034767523429758,29.00634723651738,30.561823222906263,,,1779321600000,2026-05-21T12:00:23+00:00,1779364823000,2818.084091,37790142,2026-05-22 12:00:23+00:00,https://beaconcha.in/charts/staked_ether,https://www.beaconcha.in/ethstore,extraido_html_sem_imputacao; consistencia_interna_verificada,0,2.722,,,,ausente_nao_estimado,Yahoo Finance via yfinance,26.10831800338377,Yahoo Finance via yfinance,27.570425642811163,0.000652099857759,0,staking_apr_rede,indisponivel_sem_dados_comparaveis
2026-05-22,39071876,2.734,2064.636962890625,2064.593994140625,0.9999791882298088,-0.0020811770191198,-0.0318296288802969,-0.0325023282000895,29.428366884741653,30.80059830243013,,,1779408000000,2026-05-22T12:00:23+00:00,1779451223000,2836.759487,37867465,2026-05-23 12:00:23+00:00,https://beaconcha.in/charts/staked_ether,https://www.beaconcha.in/ethstore,extraido_html_sem_imputacao; consistencia_interna_verificada,0,2.734,,,,ausente_nao_estimado,Yahoo Finance via yfinance,28.685673234429952,Yahoo Finance via yfinance,29.186150725240427,-2.0811770191198065e-05,0,staking_apr_rede,indisponivel_sem_dados_comparaveis
2026-05-23,39124712,2.704,2115.951416015625,2116.402099609375,1.0002129933562458,0.0212993356245805,0.0245501473754652,0.0247839300386056,30.660767158771872,31.84094990063081,,,1779494400000,2026-05-23T12:00:23+00:00,1779537623000,2809.853102,37934359,2026-05-24 12:00:23+00:00,https://beaconcha.in/charts/staked_ether,https://www.beaconcha.in/ethstore,extraido_html_sem_imputacao; consistencia_interna_verificada,0,2.704,,,,ausente_nao_estimado,Yahoo Finance via yfinance,36.75616295206192,Yahoo Finance via yfinance,37.357083372149255,0.0002129933562458,0,staking_apr_rede,indisponivel_sem_dados_comparaveis
2026-05-24,39143749,2.701,2097.993896484375,2099.32470703125,1.0006343252709673,0.0634325270967295,-0.0085229526741993,-0.0081017991788509,30.691719605436973,31.878321731274323,,,1779580800000,2026-05-24T12:00:23+00:00,1779624023000,2810.954681,37980589,2026-05-25 12:00:23+00:00,https://beaconcha.in/charts/staked_ether,https://www.beaconcha.in/ethstore,extraido_html_sem_imputacao; consistencia_interna_verificada,0,2.701,,,,ausente_nao_estimado,Yahoo Finance via yfinance,33.145982691651646,Yahoo Finance via yfinance,33.49534196632252,0.0006343252709672,0,staking_apr_rede,indisponivel_sem_dados_comparaveis
2026-05-25,39230694,2.712,2111.370361328125,2109.87255859375,0.9992906016103056,-0.0709398389694526,0.0063555962617687,0.0050118219582429,30.83622229342397,31.968017539444528,,,1779667200000,2026-05-25T12:00:23+00:00,1779710423000,2822.723512,37994049,2026-05-26 12:00:23+00:00,https://beaconcha.in/charts/staked_ether,https://www.beaconcha.in/ethstore,extraido_html_sem_imputacao; consistencia_interna_verificada,0,2.712,,,,ausente_nao_estimado,Yahoo Finance via yfinance,33.68321685622495,Yahoo Finance via yfinance,33.834786827191834,-0.0007093983896945,0,staking_apr_rede,indisponivel_sem_dados_comparaveis
2026-05-26,39258413,2.746,2070.858154296875,2070.602783203125,0.9998766834448704,-0.0123316555129648,-0.0193741083637812,-0.018787782391226,29.98968626690159,30.82597537041905,,,1779753600000,2026-05-26T12:00:23+00:00,1779796823000,2865.137502,38078765,2026-05-27 12:00:23+00:00,https://beaconcha.in/charts/staked_ether,https://www.beaconcha.in/ethstore,extraido_html_sem_imputacao; consistencia_interna_verificada,0,2.746,,,,ausente_nao_estimado,Yahoo Finance via yfinance,35.93813844429363,Yahoo Finance via yfinance,35.923598703671225,-0.0001233165551296,0,staking_apr_rede,indisponivel_sem_dados_comparaveis
2026-05-27,39256349,2.817,2022.1982421875,2021.1820068359373,0.999497460075693,-0.0502539924307043,-0.0237779302438843,-0.0241572723244588,29.55240483757844,29.95845118097235,,,1779840000000,2026-05-27T12:00:23+00:00,1779883223000,2931.75094,37988590,2026-05-28 12:00:23+00:00,https://beaconcha.in/charts/staked_ether,https://www.beaconcha.in/ethstore,extraido_html_sem_imputacao; consistencia_interna_verificada,0,2.817,,,,ausente_nao_estimado,Yahoo Finance via yfinance,37.48126805932262,Yahoo Finance via yfinance,37.80128746863637,-0.000502539924307,0,staking_apr_rede,indisponivel_sem_dados_comparaveis
2026-05-28,39247205,2.748,2007.552734375,2005.86279296875,0.9991582082117628,-0.0841791788237178,-0.0072687232435778,-0.0076082032976673,29.565104555873702,29.979194152115497,,,1779926400000,2026-05-28T12:00:23+00:00,1779969623000,2861.236076,38006681,2026-05-29 12:00:23+00:00,https://beaconcha.in/charts/staked_ether,https://www.beaconcha.in/ethstore,extraido_html_sem_imputacao; consistencia_interna_verificada,0,2.748,,,,ausente_nao_estimado,Yahoo Finance via yfinance,36.669864870528976,Yahoo Finance via yfinance,36.73216581319417,-0.0008417917882371,0,staking_apr_rede,indisponivel_sem_dados_comparaveis
2026-05-29,39251847,2.713,2011.978515625,2010.0689697265625,0.9990509113871704,-0.0949088612829607,0.0022021388879798,0.0020947458992849,29.35330078863124,29.90819187947676,,,1780012800000,2026-05-29T12:00:23+00:00,1780056023000,2816.808606,37892506,2026-05-30 12:00:23+00:00,https://beaconcha.in/charts/staked_ether,https://www.beaconcha.in/ethstore,extraido_html_sem_imputacao; consistencia_interna_verificada,0,2.713,,,,ausente_nao_estimado,Yahoo Finance via yfinance,31.38122078891623,Yahoo Finance via yfinance,31.212847683975504,-0.0009490886128296,0,staking_apr_rede,indisponivel_sem_dados_comparaveis
2026-05-30,39250402,2.67,2019.458251953125,2020.1337890625,1.0003345140255917,0.0334514025591481,0.0037107092790728,0.0049947066499218,29.418664751174024,30.02091595641468,,,1780099200000,2026-05-30T12:00:23+00:00,1780142423000,2776.216885,37958067,2026-05-31 12:00:23+00:00,https://beaconcha.in/charts/staked_ether,https://www.beaconcha.in/ethstore,extraido_html_sem_imputacao; consistencia_interna_verificada,0,2.67,,,,ausente_nao_estimado,Yahoo Finance via yfinance,22.252819759154367,Yahoo Finance via yfinance,22.12831106529808,0.0003345140255914,0,staking_apr_rede,indisponivel_sem_dados_comparaveis
2026-05-31,39255940,2.72,2004.341552734375,2003.42529296875,0.9995428624605548,-0.0457137539445318,-0.0075136791444324,-0.0083053792913461,28.4690702026455,29.332194834870663,,,1780185600000,2026-05-31T12:00:23+00:00,1780228823000,2833.218063,38013561,2026-06-01 12:00:23+00:00,https://beaconcha.in/charts/staked_ether,https://www.beaconcha.in/ethstore,extraido_html_sem_imputacao; consistencia_interna_verificada,0,2.72,,,,ausente_nao_estimado,Yahoo Finance via yfinance,22.21353676108541,Yahoo Finance via yfinance,22.13691988909637,-0.0004571375394453,0,staking_apr_rede,indisponivel_sem_dados_comparaveis
