Date,regime_ethereum,preco_eth_usd,preco_steth_usd,preco_steth_eth,liquid_staking_basis,depeg_pct,retorno_log_eth,retorno_log_steth,volatilidade_7d_anual_eth,volatilidade_30d_anual_eth,volatilidade_7d_anual_steth,volatilidade_30d_anual_steth,apr_rede_direto_total_pct,apr_lido_liquido_pct,delta_apr_pct,taxa_retencao_efetiva_pct,custo_oportunidade_diario_pct,custo_oportunidade_acumulado_pct,apr_consenso_bruto_pct,apy_lido_pct,apr_base_nominal_pct,apy_pool_curve_pct,efetividade_operadores_lido_pct,slashing_eventos_qtd,slashing_volume_eth,tvl_lido_total_usd,tvl_lido_ethereum_usd,tvl_pool_curve_usd,reserva_eth_curve,reserva_steth_curve,ratio_reserva_steth_pct,volume_diario_curve_usd,evento_terra_luna,evento_merge,evento_ftx,evento_shapella,fonte_preco_eth,fonte_preco_steth,fonte_consenso,qualidade_dado,reservas_curve_metodo,total_staked_eth_network_x,taxa_mev_execucao_apr_pct_x,apr_lido_consenso_pct,tvl_rede_ethereum_total_usd,apy_base_pct,tvl_yield_pool_usd,dominancia_lido_tvl_defi_pct,mev_valor_medio_bloco_eth,mev_amostras_coletadas,mev_total_diario_estimado_eth,fonte_mev,total_staked_eth_network_y,taxa_mev_execucao_apr_pct_y
2022-05-05,Pre-Merge,2749.21,2730.36,0.993143,-0.006857,-0.6857,,,,,,,3.5427,3.1709,0.3718,10.4948,0.001,0.001,3.5427,3.6,3.5369,2.5908,99.45,0,0.0,19390293831,11806079759,4489330623.0,767448.05,871480.23,53.0,157126571.8,0,0,0,0,yfinance_ETH-USD,yfinance_STETH-USD,beacon_formula_16632_sqrt_S,modelo_teorico_oficial,modelo_invariante_stableswap,22040756.52,0.0,3.1709,105289594559,3.6,11008298772,11.21,0.0,0,0.0,relay_data_api_concorrente,22040756.52,0.0
2022-05-06,Pre-Merge,2694.98,2687.43,0.997198,-0.002802,-0.2802,-0.019924,-0.01585,,,,,3.5709,3.1962,0.3747,10.4932,0.001,0.002,3.5709,3.5,3.4403,2.5844,99.45,0,0.0,18410137617,11050154700,4398784722.0,791252.9,843323.91,51.52,153957465.27,0,0,0,0,yfinance_ETH-USD,yfinance_STETH-USD,beacon_formula_16632_sqrt_S,modelo_teorico_oficial,modelo_invariante_stableswap,21694238.56,0.0,3.1962,100517093233,3.5,10974211995,10.99,0.0,0,0.0,relay_data_api_concorrente,21694238.56,0.0
2022-05-07,Pre-Merge,2636.09,2625.69,0.996055,-0.003945,-0.3945,-0.022093,-0.023239,,,,,3.5846,3.2084,0.3762,10.4949,0.001,0.0031,3.5846,3.5,3.4403,2.6413,99.45,0,0.0,17882792425,10962254587,4313489208.0,786417.06,853270.21,51.94,150972122.28,0,0,0,0,yfinance_ETH-USD,yfinance_STETH-USD,beacon_formula_16632_sqrt_S,modelo_teorico_oficial,modelo_invariante_stableswap,21529317.66,0.0,3.2084,99596862059,3.5,10736517627,11.01,0.0,0,0.0,relay_data_api_concorrente,21529317.66,0.0
2022-05-08,Pre-Merge,2517.46,2497.32,0.992,-0.008,-0.8,-0.046047,-0.050128,,,,,3.6031,3.2249,0.3782,10.4965,0.001,0.0041,3.6031,3.6,3.5369,3.3508,99.45,0,0.0,16633736902,10701405802,3993007887.0,738811.54,854147.4,53.42,139755276.05,1,0,0,0,yfinance_ETH-USD,yfinance_STETH-USD,beacon_formula_16632_sqrt_S,modelo_teorico_oficial,modelo_invariante_stableswap,21308979.68,0.0,3.2249,96605102229,3.6,10375445969,11.08,0.0,0,0.0,relay_data_api_concorrente,21308979.68,0.0
2022-05-09,Pre-Merge,2245.43,2228.75,0.992572,-0.007428,-0.7428,-0.114353,-0.113774,,,,,3.5855,3.2092,0.3763,10.495,0.001,0.0051,3.5855,3.5,3.4403,3.317,99.45,0,0.0,16061352956,10328908697,3817176629.0,795404.14,911341.48,53.21,133601182.02,1,0,0,0,yfinance_ETH-USD,yfinance_STETH-USD,beacon_formula_16632_sqrt_S,modelo_teorico_oficial,modelo_invariante_stableswap,21517750.89,0.0,3.2092,93695175361,3.5,9406769875,11.02,0.0,0,0.0,relay_data_api_concorrente,21517750.89,0.0
2022-05-10,Pre-Merge,2343.51,2322.29,0.990945,-0.009055,-0.9055,0.042753,0.04111,,,,,3.6581,3.2742,0.3839,10.4945,0.0011,0.0062,3.6581,3.6,3.5369,2.9666,99.45,0,0.0,12333464844,9403806783,3825661053.0,754096.77,886378.41,53.81,133898136.86,1,0,0,0,yfinance_ETH-USD,yfinance_STETH-USD,beacon_formula_16632_sqrt_S,modelo_teorico_oficial,modelo_invariante_stableswap,20672509.73,0.0,3.2742,86304580173,3.6,9506069560,10.9,0.0,0,0.0,relay_data_api_concorrente,20672509.73,0.0
2022-05-11,Pre-Merge,2072.11,2065.02,0.996578,-0.003422,-0.3422,-0.123083,-0.117411,,,,,3.699,3.3108,0.3882,10.4947,0.0011,0.0073,3.699,3.6,3.5369,3.4042,99.45,0,0.0,11595676249,9869325479,3266958611.0,760752.6,818682.41,51.75,114343551.38,1,0,0,0,yfinance_ETH-USD,yfinance_STETH-USD,beacon_formula_16632_sqrt_S,modelo_teorico_oficial,modelo_invariante_stableswap,20217540.37,0.0,3.3108,87129330099,3.6,8714550420,11.33,0.0,0,0.0,relay_data_api_concorrente,20217540.37,0.0
2022-05-12,Pre-Merge,1961.7,1911.84,0.974583,-0.025417,-2.5417,-0.054755,-0.077073,109.708,,108.9762,,3.7985,3.3998,0.3987,10.4962,0.0011,0.0084,3.7985,3.6,3.5369,5.575,99.45,0,0.0,9244719849,8979837839,1844849676.0,378275.77,576819.25,59.78,64569738.66,1,0,0,0,yfinance_ETH-USD,yfinance_STETH-USD,beacon_formula_16632_sqrt_S,modelo_teorico_oficial,modelo_invariante_stableswap,19172702.98,0.0,3.3998,74028600387,3.6,7857787286,12.13,0.0,0,0.0,relay_data_api_concorrente,19172702.98,0.0
2022-05-13,Pre-Merge,2014.42,1950.68,0.968358,-0.031642,-3.1642,0.026518,0.020109,121.4868,,118.6758,,3.9222,3.5106,0.4116,10.4941,0.0011,0.0095,3.9222,3.6,3.5369,6.442,99.45,0,0.0,8387947914,8253462893,1794385849.0,338056.61,570774.22,62.05,62803504.72,1,0,0,0,yfinance_ETH-USD,yfinance_STETH-USD,beacon_formula_16632_sqrt_S,modelo_teorico_oficial,modelo_invariante_stableswap,17981935.69,0.0,3.5106,66251913428,3.6,8459868374,12.46,0.0,0,0.0,relay_data_api_concorrente,17981935.69,0.0
2022-05-14,Pre-Merge,2056.27,2016.44,0.98063,-0.01937,-1.937,0.020565,0.033156,129.3031,,131.4853,,4.0534,3.628,0.4254,10.4949,0.0012,0.0106,4.0534,3.6,3.5369,3.7006,99.45,0,0.0,8675786007,8524511570,1750152602.0,361127.72,499680.88,57.57,61255341.07,1,0,0,0,yfinance_ETH-USD,yfinance_STETH-USD,beacon_formula_16632_sqrt_S,modelo_teorico_oficial,modelo_invariante_stableswap,16837004.41,0.0,3.628,66298344233,3.6,8307436489,12.86,0.0,0,0.0,relay_data_api_concorrente,16837004.41,0.0
2022-05-15,Pre-Merge,2145.71,2111.3,0.983963,-0.016037,-1.6037,0.042573,0.045968,140.27,,143.7092,,4.196,3.7556,0.4404,10.4957,0.0012,0.0119,4.196,3.7,3.6334,3.9162,99.45,0,0.0,8770075827,8619700893,1816086621.0,369415.32,484738.53,56.35,63563031.74,1,0,0,0,yfinance_ETH-USD,yfinance_STETH-USD,beacon_formula_16632_sqrt_S,modelo_teorico_oficial,modelo_invariante_stableswap,15711964.91,0.0,3.7556,66335640593,3.7,8869252957,12.99,0.0,0,0.0,relay_data_api_concorrente,15711964.91,0.0
2022-05-16,Pre-Merge,2022.73,1985.29,0.98149,-0.01851,-1.851,-0.059023,-0.061536,122.9248,,127.9402,,4.3649,3.9068,0.4581,10.4951,0.0013,0.0131,4.3649,3.7,3.6334,3.5653,99.45,0,0.0,9065756551,8902368057,1768572816.0,373740.18,510050.09,57.26,61900048.56,1,0,0,0,yfinance_ETH-USD,yfinance_STETH-USD,beacon_formula_16632_sqrt_S,modelo_teorico_oficial,modelo_invariante_stableswap,14519569.18,0.0,3.9068,68193490713,3.7,8406513502,13.05,0.0,0,0.0,relay_data_api_concorrente,14519569.18,0.0
2022-05-17,Pre-Merge,2090.41,2031.4,0.971771,-0.028229,-2.8229,0.032914,0.022959,120.2936,,123.5626,,4.4388,3.973,0.4658,10.4938,0.0013,0.0144,4.4388,3.7,3.6334,3.5616,99.45,0,0.0,8756006520,8600481847,1808100424.0,339029.45,541198.13,60.8,63283514.84,1,0,0,0,yfinance_ETH-USD,yfinance_STETH-USD,beacon_formula_16632_sqrt_S,modelo_teorico_oficial,modelo_invariante_stableswap,14040032.51,0.0,3.973,65973427658,3.7,8601108016,13.04,0.0,0,0.0,relay_data_api_concorrente,14040032.51,0.0
2022-05-18,Pre-Merge,1916.66,1879.14,0.980424,-0.019576,-1.9576,-0.086778,-0.07791,102.1872,,106.571,,4.5055,4.0327,0.4728,10.4938,0.0013,0.0157,4.5055,3.8,3.7298,3.57,99.45,0,0.0,8954138495,8791537974,1674146858.0,369969.28,513554.89,57.64,58595140.03,1,0,0,0,yfinance_ETH-USD,yfinance_STETH-USD,beacon_formula_16632_sqrt_S,modelo_teorico_oficial,modelo_invariante_stableswap,13627384.71,0.0,4.0327,67591873512,3.8,8072321130,13.01,0.0,0,0.0,relay_data_api_concorrente,13627384.71,0.0
2022-05-19,Pre-Merge,2018.34,1989.54,0.985731,-0.014269,-1.4269,0.051691,0.057089,103.4504,,101.7924,,4.5517,4.074,0.4777,10.495,0.0013,0.017,4.5517,3.8,3.7298,3.5964,99.45,0,0.0,8269482693,8128044989,2023447097.0,444049.86,566564.88,55.71,70820648.4,1,0,0,0,yfinance_ETH-USD,yfinance_STETH-USD,beacon_formula_16632_sqrt_S,modelo_teorico_oficial,modelo_invariante_stableswap,13352636.48,0.0,4.074,64425519892,3.8,8305322669,12.62,0.0,0,0.0,relay_data_api_concorrente,13352636.48,0.0
2022-05-20,Pre-Merge,1961.32,1932.66,0.985387,-0.014613,-1.4613,-0.028658,-0.029008,103.8373,,103.7208,,4.5355,4.0595,0.476,10.495,0.0013,0.0183,4.5355,3.8,3.7298,3.4848,99.45,0,0.0,8586515306,8446207487,1975790499.0,444924.79,570793.94,55.83,69152667.46,1,0,0,0,yfinance_ETH-USD,yfinance_STETH-USD,beacon_formula_16632_sqrt_S,modelo_teorico_oficial,modelo_invariante_stableswap,13448160.98,0.0,4.0595,66859065141,3.8,8110663532,12.63,0.0,0,0.0,relay_data_api_concorrente,13448160.98,0.0
2022-05-21,Pre-Merge,1974.52,1925.22,0.975032,-0.024968,-2.4968,0.006709,-0.003854,102.3292,,99.5969,,4.5353,4.0593,0.476,10.4954,0.0013,0.0196,4.5353,3.8,3.7298,4.617,99.45,0,0.0,8336123918,8209681743,1994089692.0,407880.63,617446.96,59.61,69793139.22,1,0,0,0,yfinance_ETH-USD,yfinance_STETH-USD,beacon_formula_16632_sqrt_S,modelo_teorico_oficial,modelo_invariante_stableswap,13449349.42,0.0,4.0593,65334379780,3.8,8093785039,12.57,0.0,0,0.0,relay_data_api_concorrente,13449349.42,0.0
2022-05-22,Pre-Merge,2043.17,1994.96,0.976404,-0.023596,-2.3596,0.034178,0.035584,100.0698,,96.4959,,4.5316,4.056,0.4756,10.4952,0.0013,0.0209,4.5316,3.9,3.8261,3.8138,99.45,0,0.0,8450807298,8323498299,2059318457.0,412113.55,610187.88,59.11,72076146.0,1,0,0,0,yfinance_ETH-USD,yfinance_STETH-USD,beacon_formula_16632_sqrt_S,modelo_teorico_oficial,modelo_invariante_stableswap,13471164.08,0.0,4.056,65659000350,3.9,8299480469,12.68,0.0,0,0.0,relay_data_api_concorrente,13471164.08,0.0
2022-05-23,Pre-Merge,1972.18,1929.03,0.978121,-0.021879,-2.1879,-0.035362,-0.033609,93.8517,,88.8953,,4.536,4.0599,0.4761,10.496,0.0013,0.0222,4.536,3.9,3.8261,3.9158,99.45,0,0.0,8723384540,8592418729,1997672316.0,420500.36,605677.42,58.49,69918531.06,1,0,0,0,yfinance_ETH-USD,yfinance_STETH-USD,beacon_formula_16632_sqrt_S,modelo_teorico_oficial,modelo_invariante_stableswap,13444949.01,0.0,4.0599,67485643314,3.9,8130648910,12.73,0.0,0,0.0,relay_data_api_concorrente,13444949.01,0.0
2022-05-24,Pre-Merge,1978.98,1930.15,0.975326,-0.024674,-2.4674,0.003442,0.000579,89.1696,,86.1775,,4.5284,4.0531,0.4753,10.496,0.0013,0.0235,4.5284,4.0,3.9223,3.8777,99.45,0,0.0,8489747534,8366183619,2005902429.0,410437.68,618425.75,59.51,70206585.02,1,0,0,0,yfinance_ETH-USD,yfinance_STETH-USD,beacon_formula_16632_sqrt_S,modelo_teorico_oficial,modelo_invariante_stableswap,13490174.97,0.0,4.0531,66597512260,4.0,8144177342,12.56,0.0,0,0.0,relay_data_api_concorrente,13490174.97,0.0
2022-05-25,Pre-Merge,1944.83,1898.44,0.976147,-0.023853,-2.3853,-0.017409,-0.016566,61.6188,,64.1802,,4.5536,4.0757,0.4779,10.495,0.0013,0.0248,4.5536,4.0,3.9223,3.9578,99.45,0,0.0,8435880883,8313516524,1981533877.0,415631.63,617981.61,59.21,69353685.7,1,0,0,0,yfinance_ETH-USD,yfinance_STETH-USD,beacon_formula_16632_sqrt_S,modelo_teorico_oficial,modelo_invariante_stableswap,13341001.87,0.0,4.0757,66890685899,4.0,8076696769,12.43,0.0,0,0.0,relay_data_api_concorrente,13341001.87,0.0
2022-05-26,Pre-Merge,1803.91,1761.27,0.976362,-0.023638,-2.3638,-0.075215,-0.074996,67.3436,,65.3933,,4.5128,4.0391,0.4737,10.4968,0.0013,0.0261,4.5128,4.0,3.9223,3.9454,99.45,0,0.0,8372244522,8254407441,1829762736.0,414571.48,614280.09,59.13,64041695.76,1,0,0,0,yfinance_ETH-USD,yfinance_STETH-USD,beacon_formula_16632_sqrt_S,modelo_teorico_oficial,modelo_invariante_stableswap,13583856.79,0.0,4.0391,66491850842,4.0,7549047867,12.41,0.0,0,0.0,relay_data_api_concorrente,13583856.79,0.0
2022-05-27,Pre-Merge,1724.92,1674.0,0.97048,-0.02952,-2.952,-0.044776,-0.050818,70.1283,,69.513,,4.5095,4.0363,0.4732,10.4934,0.0013,0.0274,4.5095,4.0,3.9223,4.1518,99.45,0,0.0,7626610155,7522479256,1747817165.0,392388.81,639771.72,61.28,61173600.78,1,0,0,0,yfinance_ETH-USD,yfinance_STETH-USD,beacon_formula_16632_sqrt_S,modelo_teorico_oficial,modelo_invariante_stableswap,13603277.14,0.0,4.0363,63459831693,4.0,7162858310,11.85,0.0,0,0.0,relay_data_api_concorrente,13603277.14,0.0
2022-05-28,Pre-Merge,1757.94,1754.23,0.99789,-0.00211,-0.211,0.018961,0.046811,73.2787,,84.8423,,4.5106,4.0372,0.4734,10.4953,0.0013,0.0287,4.5106,4.0,3.9223,4.0332,99.45,0,0.0,7396396879,7297062963,1798354819.0,498490.23,525608.9,51.27,62942418.67,1,0,0,0,yfinance_ETH-USD,yfinance_STETH-USD,beacon_formula_16632_sqrt_S,modelo_teorico_oficial,modelo_invariante_stableswap,13596837.19,0.0,4.0372,62053771234,4.0,7329191226,11.76,0.0,0,0.0,relay_data_api_concorrente,13596837.19,0.0
2022-05-29,Pre-Merge,1812.03,1769.73,0.976656,-0.023344,-2.3344,0.030305,0.008798,71.682,,77.3281,,4.504,4.0313,0.4727,10.4951,0.0013,0.03,4.504,4.0,3.9223,3.9894,99.45,0,0.0,7655743615,7549423385,1756401963.0,397210.46,585764.32,59.02,61474068.71,1,0,0,0,yfinance_ETH-USD,yfinance_STETH-USD,beacon_formula_16632_sqrt_S,modelo_teorico_oficial,modelo_invariante_stableswap,13636492.88,0.0,4.0313,63423408273,4.0,7403372675,11.9,0.0,0,0.0,relay_data_api_concorrente,13636492.88,0.0
2022-05-30,Pre-Merge,1996.44,1954.13,0.978807,-0.021193,-2.1193,0.096918,0.09912,106.4485,,111.812,,4.5455,4.0685,0.477,10.4939,0.0013,0.0313,4.5455,4.0,3.9223,4.1041,99.45,0,0.0,7722267485,7617422048,1953130248.0,408588.93,582052.86,58.24,68359558.68,1,0,0,0,yfinance_ETH-USD,yfinance_STETH-USD,beacon_formula_16632_sqrt_S,modelo_teorico_oficial,modelo_invariante_stableswap,13388635.54,0.0,4.0685,63476120856,4.0,8190730072,12.0,0.0,0,0.0,relay_data_api_concorrente,13388635.54,0.0
2022-05-31,Pre-Merge,1942.33,1901.57,0.979015,-0.020985,-2.0985,-0.027479,-0.027268,108.4714,,113.7946,,4.5389,4.0625,0.4764,10.4959,0.0013,0.0326,4.5389,4.0,3.9223,3.9856,99.45,0,0.0,8503163677,8391690211,1914991640.0,412512.09,585703.93,58.16,67024707.4,1,0,0,0,yfinance_ETH-USD,yfinance_STETH-USD,beacon_formula_16632_sqrt_S,modelo_teorico_oficial,modelo_invariante_stableswap,13427856.48,0.0,4.0625,67453247543,4.0,8040565588,12.44,0.0,0,0.0,relay_data_api_concorrente,13427856.48,0.0
2022-06-01,Pre-Merge,1823.57,1784.91,0.9788,-0.0212,-2.12,-0.063092,-0.06331,116.9331,,122.1044,,4.5217,4.0471,0.4746,10.4961,0.0013,0.0339,4.5217,4.0,3.9223,4.0006,99.45,0,0.0,8328413791,8219973304,1784482212.0,408668.41,582240.42,58.24,62456877.42,0,0,0,0,yfinance_ETH-USD,yfinance_STETH-USD,beacon_formula_16632_sqrt_S,modelo_teorico_oficial,modelo_invariante_stableswap,13530311.86,0.0,4.0471,66796235722,4.0,7457563960,12.31,0.0,0,0.0,relay_data_api_concorrente,13530311.86,0.0
2022-06-02,Pre-Merge,1834.15,1792.18,0.977117,-0.022883,-2.2883,0.005786,0.004064,102.8997,,108.6379,,4.5503,4.0727,0.4776,10.496,0.0013,0.0352,4.5503,4.0,3.9223,3.7837,99.45,0,0.0,7816033676,7721200701,1802303311.0,404328.91,591850.95,58.85,63080615.89,0,0,0,0,yfinance_ETH-USD,yfinance_STETH-USD,beacon_formula_16632_sqrt_S,modelo_teorico_oficial,modelo_invariante_stableswap,13360770.58,0.0,4.0727,64185463101,4.0,7529727017,12.03,0.0,0,0.0,relay_data_api_concorrente,13360770.58,0.0
2022-06-03,Pre-Merge,1775.08,1735.81,0.977877,-0.022123,-2.2123,-0.032737,-0.031959,99.8663,,103.7526,,4.5512,4.0736,0.4776,10.4939,0.0013,0.0365,4.5512,4.0,3.9223,3.7108,99.45,0,0.0,7825744721,7726910733,1748955885.0,408154.46,590185.03,58.57,61213455.98,0,0,0,0,yfinance_ETH-USD,yfinance_STETH-USD,beacon_formula_16632_sqrt_S,modelo_teorico_oficial,modelo_invariante_stableswap,13355075.6,0.0,4.0736,64499802560,4.0,7361895607,11.98,0.0,0,0.0,relay_data_api_concorrente,13355075.6,0.0
2022-06-04,Pre-Merge,1801.61,1760.2,0.977015,-0.022985,-2.2985,0.014836,0.013953,99.5366,97.6782,98.3018,99.2793,4.5515,4.0738,0.4777,10.4954,0.0013,0.0378,4.5515,4.0,3.9223,3.7319,99.45,0,0.0,7573441179,7481093433,1768915619.0,403640.72,591814.83,58.89,61912046.67,0,0,0,0,yfinance_ETH-USD,yfinance_STETH-USD,beacon_formula_16632_sqrt_S,modelo_teorico_oficial,modelo_invariante_stableswap,13353416.9,0.0,4.0738,63286611882,4.0,7371970157,11.82,0.0,0,0.0,relay_data_api_concorrente,13353416.9,0.0
2022-06-05,Pre-Merge,1805.2,1766.12,0.978351,-0.021649,-2.1649,0.001994,0.003358,96.9657,97.8125,98.1002,99.4756,4.5481,4.0708,0.4773,10.4945,0.0013,0.0391,4.5481,4.0,3.9223,3.6942,99.45,0,0.0,7708021983,7613213745,1784991921.0,411313.68,590270.47,58.4,62474717.24,0,0,0,0,yfinance_ETH-USD,yfinance_STETH-USD,beacon_formula_16632_sqrt_S,modelo_teorico_oficial,modelo_invariante_stableswap,13373481.65,0.0,4.0708,63247005176,4.0,7462010533,12.04,0.0,0,0.0,relay_data_api_concorrente,13373481.65,0.0
2022-06-06,Pre-Merge,1859.29,1813.79,0.975528,-0.024472,-2.4472,0.02952,0.026632,61.4767,98.8833,59.9671,100.4088,4.5268,4.0517,0.4751,10.4953,0.0013,0.0404,4.5268,4.0,3.9223,3.9834,99.45,0,0.0,7717543079,7623950830,1839278835.0,401307.37,602678.4,59.43,64374759.23,0,0,0,0,yfinance_ETH-USD,yfinance_STETH-USD,beacon_formula_16632_sqrt_S,modelo_teorico_oficial,modelo_invariante_stableswap,13499723.77,0.0,4.0517,63651576027,4.0,7693058781,11.98,0.0,0,0.0,relay_data_api_concorrente,13499723.77,0.0
2022-06-07,Pre-Merge,1814.05,1774.35,0.978115,-0.021885,-2.1885,-0.024634,-0.021984,61.022,98.2253,59.1926,99.5516,4.5441,4.0672,0.4769,10.4949,0.0013,0.0418,4.5441,4.0,3.9223,4.2483,99.45,0,0.0,7525619669,7429150696,1565449434.0,358227.87,516023.43,58.49,54790730.19,0,0,0,0,yfinance_ETH-USD,yfinance_STETH-USD,beacon_formula_16632_sqrt_S,modelo_teorico_oficial,modelo_invariante_stableswap,13397358.66,0.0,4.0672,63368567643,4.0,7602537682,11.72,0.0,0,0.0,relay_data_api_concorrente,13397358.66,0.0
2022-06-08,Pre-Merge,1793.57,1743.58,0.972128,-0.027872,-2.7872,-0.011352,-0.017493,41.9807,90.8695,40.2567,92.5042,4.5623,4.0834,0.4789,10.4969,0.0013,0.0431,4.5623,4.0,3.9223,4.6919,99.45,0,0.0,7762697038,7666111318,1606333943.0,352206.34,558980.5,60.67,56221688.0,0,0,0,0,yfinance_ETH-USD,yfinance_STETH-USD,beacon_formula_16632_sqrt_S,modelo_teorico_oficial,modelo_invariante_stableswap,13290652.09,0.0,4.0834,63508304518,4.0,7423014605,12.07,0.0,0,0.0,relay_data_api_concorrente,13290652.09,0.0
2022-06-09,Pre-Merge,1789.83,1733.32,0.968427,-0.031573,-3.1573,-0.002091,-0.005902,41.4316,89.0774,39.781,90.7887,4.5609,4.0822,0.4787,10.4957,0.0013,0.0444,4.5609,4.0,3.9223,4.1009,99.45,0,0.0,7659488944,7564873596,1594887698.0,338399.77,570702.26,62.02,55821069.43,0,0,0,0,yfinance_ETH-USD,yfinance_STETH-USD,beacon_formula_16632_sqrt_S,modelo_teorico_oficial,modelo_invariante_stableswap,13298713.56,0.0,4.0822,63398940007,4.0,7365761144,11.93,0.0,0,0.0,relay_data_api_concorrente,13298713.56,0.0
2022-06-10,Pre-Merge,1665.04,1574.48,0.945611,-0.054389,-5.4389,-0.072268,-0.096114,62.7523,82.3981,76.4909,87.867,4.5485,4.0711,0.4774,10.4958,0.0013,0.0457,4.5485,4.0,3.9223,6.4841,99.45,0,0.0,7611214821,7514319517,1117065557.0,198901.89,499140.0,70.35,39097294.5,0,0,0,0,yfinance_ETH-USD,yfinance_STETH-USD,beacon_formula_16632_sqrt_S,modelo_teorico_oficial,modelo_invariante_stableswap,13371266.6,0.0,4.0711,62968139789,4.0,6693572071,11.93,0.0,0,0.0,relay_data_api_concorrente,13371266.6,0.0
2022-06-11,Pre-Merge,1529.66,1470.48,0.961312,-0.038688,-3.8688,-0.084803,-0.068338,78.7893,85.1958,81.1766,87.0649,4.5115,4.0381,0.4734,10.4932,0.0013,0.047,4.5115,4.0,3.9223,6.004,99.45,0,0.0,7183613869,7090968576,1024173163.0,236864.6,450091.71,64.62,35846060.71,0,0,0,0,yfinance_ETH-USD,yfinance_STETH-USD,beacon_formula_16632_sqrt_S,modelo_teorico_oficial,modelo_invariante_stableswap,13591136.57,0.0,4.0381,59757168599,4.0,6292245541,11.87,0.0,0,0.0,relay_data_api_concorrente,13591136.57,0.0
2022-06-12,Pre-Merge,1445.22,1391.47,0.962808,-0.037192,-3.7192,-0.056789,-0.055225,78.7088,85.8644,79.4269,87.8836,4.4919,4.0205,0.4714,10.4944,0.0013,0.0483,4.4919,4.0,3.9223,4.9603,99.45,0,0.0,6556186722,6470754045,972253207.0,241687.66,447700.18,64.07,34028862.25,0,0,0,0,yfinance_ETH-USD,yfinance_STETH-USD,beacon_formula_16632_sqrt_S,modelo_teorico_oficial,modelo_invariante_stableswap,13710138.18,0.0,4.0205,56997155744,4.0,6013418620,11.35,0.0,0,0.0,relay_data_api_concorrente,13710138.18,0.0
2022-06-13,Pre-Merge,1204.58,1151.9,0.956267,-0.043733,-4.3733,-0.182126,-0.188947,117.3399,103.7168,120.9245,106.0285,4.4289,3.9641,0.4648,10.4947,0.0013,0.0495,4.4289,4.0,3.9223,7.4611,99.45,0,0.0,6059700637,5983765530,727404475.0,202518.96,419701.52,66.46,25459156.63,0,0,0,0,yfinance_ETH-USD,yfinance_STETH-USD,beacon_formula_16632_sqrt_S,modelo_teorico_oficial,modelo_invariante_stableswap,14102883.46,0.0,3.9641,54541647311,4.0,5020855492,10.97,0.0,0,0.0,relay_data_api_concorrente,14102883.46,0.0
2022-06-14,Pre-Merge,1211.66,1151.99,0.950754,-0.049246,-4.9246,0.00586,7.9e-05,125.0607,101.7987,126.5994,103.6902,4.422,3.9579,0.4641,10.4953,0.0013,0.0508,4.422,4.0,3.9223,7.86,99.45,0,0.0,5146394959,5079457341,710433008.0,184839.73,422286.74,68.48,24865155.28,0,0,0,0,yfinance_ETH-USD,yfinance_STETH-USD,beacon_formula_16632_sqrt_S,modelo_teorico_oficial,modelo_invariante_stableswap,14147023.48,0.0,3.9579,47630113844,4.0,4739191219,10.66,0.0,0,0.0,relay_data_api_concorrente,14147023.48,0.0
2022-06-15,Pre-Merge,1233.21,1155.19,0.936734,-0.063266,-6.3266,0.017624,0.002772,133.0798,101.5209,131.6496,102.8862,4.4327,3.9674,0.4653,10.497,0.0013,0.0521,4.4327,4.0,3.9223,6.0277,99.45,2,2.0,5150083485,5078431748,732344074.0,156830.37,466537.36,73.59,25632042.59,0,0,0,0,yfinance_ETH-USD,yfinance_STETH-USD,beacon_formula_16632_sqrt_S,modelo_teorico_oficial,modelo_invariante_stableswap,14079206.83,0.0,3.9674,46159188887,4.0,4881295771,11.0,0.0,0,0.0,relay_data_api_concorrente,14079206.83,0.0
2022-06-16,Pre-Merge,1067.73,1006.15,0.942326,-0.057674,-5.7674,-0.144082,-0.138131,139.0666,109.1635,133.928,109.9086,4.387,3.9266,0.4604,10.4946,0.0013,0.0534,4.387,4.0,3.9223,4.5485,99.45,0,0.0,5273903360,5189396973,646844126.0,172351.95,459989.85,71.55,22639544.41,0,0,0,0,yfinance_ETH-USD,yfinance_STETH-USD,beacon_formula_16632_sqrt_S,modelo_teorico_oficial,modelo_invariante_stableswap,14373809.48,0.0,3.9266,46012905969,4.0,4394576092,11.28,0.0,0,0.0,relay_data_api_concorrente,14373809.48,0.0
2022-06-17,Pre-Merge,1086.52,1023.43,0.941934,-0.058066,-5.8066,0.017444,0.017026,153.9579,107.4668,148.5822,108.9692,4.4121,3.949,0.4631,10.4961,0.0013,0.0546,4.4121,4.0,3.9223,4.4623,99.45,0,0.0,4569780460,4503151238,657329345.0,171246.78,460477.31,71.69,23006527.08,0,0,0,0,yfinance_ETH-USD,yfinance_STETH-USD,beacon_formula_16632_sqrt_S,modelo_teorico_oficial,modelo_invariante_stableswap,14210727.67,0.0,3.949,42604407096,4.0,4282944265,10.57,0.0,0,0.0,relay_data_api_concorrente,14210727.67,0.0
2022-06-18,Pre-Merge,993.64,931.39,0.937352,-0.062648,-6.2648,-0.089363,-0.094239,154.4216,107.0638,150.4686,108.2322,4.4106,3.9477,0.4629,10.4952,0.0013,0.0559,4.4106,4.0,3.9223,4.192,99.45,0,0.0,4688303994,4618150213,606090437.0,162456.2,477423.49,73.37,21213165.3,0,0,0,0,yfinance_ETH-USD,yfinance_STETH-USD,beacon_formula_16632_sqrt_S,modelo_teorico_oficial,modelo_invariante_stableswap,14220592.13,0.0,3.9477,43020664655,4.0,3874088251,10.73,0.0,0,0.0,relay_data_api_concorrente,14220592.13,0.0
2022-06-19,Pre-Merge,1127.66,1056.49,0.936887,-0.063113,-6.3113,0.126525,0.126029,206.0304,119.1465,204.8889,120.3907,4.4632,3.9948,0.4684,10.4947,0.0013,0.0572,4.4632,3.9,3.8261,4.2027,99.45,0,0.0,4273604850,4203531633,704369119.0,165302.56,490268.75,73.54,24652919.17,0,0,0,0,yfinance_ETH-USD,yfinance_STETH-USD,beacon_formula_16632_sqrt_S,modelo_teorico_oficial,modelo_invariante_stableswap,13887260.13,0.0,3.9948,40147404745,3.9,4520906774,10.47,0.0,0,0.0,relay_data_api_concorrente,13887260.13,0.0
2022-06-20,Pre-Merge,1127.64,1065.32,0.944734,-0.055266,-5.5266,-1.2e-05,0.008323,165.0505,118.9908,162.3721,120.6725,4.5267,4.0516,0.4751,10.4955,0.0013,0.0585,4.5267,4.0,3.9223,3.8738,99.45,0,0.0,4695024018,4626533265,683790937.0,177830.79,453630.67,70.67,23932682.8,0,0,0,0,yfinance_ETH-USD,yfinance_STETH-USD,beacon_formula_16632_sqrt_S,modelo_teorico_oficial,modelo_invariante_stableswap,13500221.53,0.0,4.0516,41994708665,4.0,4367053109,11.02,0.0,0,0.0,relay_data_api_concorrente,13500221.53,0.0
2022-06-21,Pre-Merge,1124.82,1062.25,0.944373,-0.055627,-5.5627,-0.002502,-0.002886,164.6893,117.6202,162.2614,119.1902,4.5242,4.0494,0.4748,10.4947,0.0013,0.0598,4.5242,4.0,3.9223,4.2316,99.45,0,0.0,4815495582,4747966047,717628052.0,186255.59,478346.94,70.81,25116981.82,0,0,0,0,yfinance_ETH-USD,yfinance_STETH-USD,beacon_formula_16632_sqrt_S,modelo_teorico_oficial,modelo_invariante_stableswap,13515281.14,0.0,4.0494,42613281919,4.0,4507593430,11.14,0.0,0,0.0,relay_data_api_concorrente,13515281.14,0.0
2022-06-22,Pre-Merge,1051.42,995.94,0.947233,-0.052767,-5.2767,-0.067484,-0.064456,167.2557,118.6807,165.8642,120.083,4.4956,4.0238,0.4718,10.4947,0.0013,0.0611,4.4956,4.0,3.9223,3.9629,99.45,0,0.0,4796390172,4727146332,666861149.0,191792.28,467103.35,69.76,23340140.22,0,0,0,0,yfinance_ETH-USD,yfinance_STETH-USD,beacon_formula_16632_sqrt_S,modelo_teorico_oficial,modelo_invariante_stableswap,13687450.94,0.0,4.0238,42578787346,4.0,4217562775,11.1,0.0,0,0.0,relay_data_api_concorrente,13687450.94,0.0
2022-06-23,Pre-Merge,1143.39,1090.67,0.953891,-0.046109,-4.6109,0.083851,0.090862,146.3754,123.9589,149.2409,126.1966,4.5627,4.0839,0.4788,10.4938,0.0013,0.0624,4.5627,4.0,3.9223,3.958,99.45,0,0.0,4624109086,4561504833,713329696.0,203829.63,440346.7,67.33,24966539.36,0,0,0,0,yfinance_ETH-USD,yfinance_STETH-USD,beacon_formula_16632_sqrt_S,modelo_teorico_oficial,modelo_invariante_stableswap,13287830.12,0.0,4.0839,42022931387,4.0,4567417615,10.85,0.0,0,0.0,relay_data_api_concorrente,13287830.12,0.0
2022-06-24,Pre-Merge,1226.84,1177.94,0.960142,-0.039858,-3.9858,0.070451,0.076977,152.9219,127.767,156.6791,130.5686,4.5781,4.0977,0.4804,10.4934,0.0013,0.0637,4.5781,4.0,3.9223,4.127,99.45,0,0.0,4914782963,4846220000,764756556.0,217871.62,422316.02,65.05,26766479.46,0,0,0,0,yfinance_ETH-USD,yfinance_STETH-USD,beacon_formula_16632_sqrt_S,modelo_teorico_oficial,modelo_invariante_stableswap,13198617.33,0.0,4.0977,43562224682,4.0,5021163436,11.12,0.0,0,0.0,relay_data_api_concorrente,13198617.33,0.0
2022-06-25,Pre-Merge,1243.45,1200.8,0.9657,-0.0343,-3.43,0.013442,0.01922,124.6923,126.273,124.414,129.3322,4.6172,4.1326,0.4846,10.4955,0.0013,0.065,4.6172,4.0,3.9223,3.6949,99.45,0,0.0,5247660857,5172969634,769238358.0,228784.62,403694.31,63.02,26923342.53,0,0,0,0,yfinance_ETH-USD,yfinance_STETH-USD,beacon_formula_16632_sqrt_S,modelo_teorico_oficial,modelo_invariante_stableswap,12976264.79,0.0,4.1326,44832134340,4.0,5081069509,11.54,0.0,0,0.0,relay_data_api_concorrente,12976264.79,0.0
2022-06-26,Pre-Merge,1199.83,1157.18,0.964453,-0.035547,-3.5547,-0.035706,-0.037008,103.0619,126.0197,107.421,128.9099,4.5658,4.0866,0.4792,10.4954,0.0013,0.0663,4.5658,4.0,3.9223,3.6652,99.45,0,0.0,5336156445,5257068984,751164290.0,228661.04,412044.72,63.48,26290750.15,0,0,0,0,yfinance_ETH-USD,yfinance_STETH-USD,beacon_formula_16632_sqrt_S,modelo_teorico_oficial,modelo_invariante_stableswap,13269848.71,0.0,4.0866,45058278972,4.0,5004523357,11.67,0.0,0,0.0,relay_data_api_concorrente,13269848.71,0.0
2022-06-27,Pre-Merge,1193.68,1151.0,0.964245,-0.035755,-3.5755,-0.00514,-0.005355,103.3965,125.5515,108.2346,127.1712,4.5529,4.0751,0.4778,10.4944,0.0013,0.0676,4.5529,3.9,3.8261,3.5838,99.45,0,0.0,5172116610,5095596618,745493905.0,227629.98,411621.67,63.55,26092286.68,0,0,0,0,yfinance_ETH-USD,yfinance_STETH-USD,beacon_formula_16632_sqrt_S,modelo_teorico_oficial,modelo_invariante_stableswap,13345443.83,0.0,4.0751,44372160568,3.9,4955876828,11.48,0.0,0,0.0,relay_data_api_concorrente,13345443.83,0.0
2022-06-28,Pre-Merge,1144.58,1097.7,0.959042,-0.040958,-4.0958,-0.042004,-0.047407,109.6152,124.9514,116.2032,127.4114,4.5407,4.0642,0.4765,10.494,0.0013,0.069,4.5407,4.0,3.9223,3.5892,99.45,0,0.0,5083594153,5008892380,713682181.0,215441.44,425519.01,65.45,24978876.34,0,0,0,0,yfinance_ETH-USD,yfinance_STETH-USD,beacon_formula_16632_sqrt_S,modelo_teorico_oficial,modelo_invariante_stableswap,13417017.0,0.0,4.0642,43867793964,4.0,4732321593,11.42,0.0,0,0.0,relay_data_api_concorrente,13417017.0,0.0
2022-06-29,Pre-Merge,1098.94,1057.35,0.962154,-0.037846,-3.7846,-0.040687,-0.037454,100.5421,118.4445,107.7578,120.6154,4.5461,4.069,0.4771,10.4947,0.0013,0.0703,4.5461,4.0,3.9223,3.6388,99.45,0,0.0,4935169566,4864519319,690849374.0,224337.01,420217.01,64.31,24179728.09,0,0,0,0,yfinance_ETH-USD,yfinance_STETH-USD,beacon_formula_16632_sqrt_S,modelo_teorico_oficial,modelo_invariante_stableswap,13385331.29,0.0,4.069,42856353244,4.0,4539445148,11.35,0.0,0,0.0,relay_data_api_concorrente,13385331.29,0.0
2022-06-30,Pre-Merge,1067.3,1028.61,0.96375,-0.03625,-3.625,-0.029219,-0.027557,78.1573,118.4601,84.0491,120.6175,4.5182,4.044,0.4742,10.4953,0.0013,0.0716,4.5182,4.0,3.9223,3.5188,99.45,0,0.0,4712977381,4642023112,628458379.0,213565.62,389379.64,63.73,21996043.26,0,0,0,0,yfinance_ETH-USD,yfinance_STETH-USD,beacon_formula_16632_sqrt_S,modelo_teorico_oficial,modelo_invariante_stableswap,13551217.26,0.0,4.044,42117081631,4.0,4210439330,11.02,0.0,0,0.0,relay_data_api_concorrente,13551217.26,0.0
2022-07-01,Pre-Merge,1059.77,1021.74,0.964115,-0.035885,-3.5885,-0.007082,-0.006706,40.857,117.5004,45.0141,119.7003,4.4822,4.0118,0.4704,10.4948,0.0013,0.0728,4.4822,3.9,3.8261,3.5512,99.45,0,0.0,4763831875,4690277643,652148213.0,224005.99,405928.5,63.6,22825187.46,0,0,0,0,yfinance_ETH-USD,yfinance_STETH-USD,beacon_formula_16632_sqrt_S,modelo_teorico_oficial,modelo_invariante_stableswap,13769568.11,0.0,4.0118,41812140416,3.9,4359975792,11.22,0.0,0,0.0,relay_data_api_concorrente,13769568.11,0.0
2022-07-02,Pre-Merge,1066.51,1029.73,0.965514,-0.034486,-3.4486,0.006345,0.007793,37.4021,117.5148,39.3013,119.7962,4.4767,4.0069,0.4698,10.4943,0.0013,0.0741,4.4767,4.0,3.9223,3.5482,99.45,0,0.0,4582057974,4511389437,663854746.0,229759.93,406721.64,63.09,23234916.11,0,0,0,0,yfinance_ETH-USD,yfinance_STETH-USD,beacon_formula_16632_sqrt_S,modelo_teorico_oficial,modelo_invariante_stableswap,13803526.87,0.0,4.0069,41831108897,4.0,4380939233,10.78,0.0,0,0.0,relay_data_api_concorrente,13803526.87,0.0
2022-07-03,Pre-Merge,1073.77,1040.7,0.969202,-0.030798,-3.0798,0.006779,0.010596,40.3468,117.7024,43.0634,120.1124,4.4898,4.0186,0.4712,10.4949,0.0013,0.0754,4.4898,3.9,3.8261,3.4857,99.45,0,0.0,4581471448,4509949483,668008872.0,238020.27,396300.42,61.74,23380310.52,0,0,0,0,yfinance_ETH-USD,yfinance_STETH-USD,beacon_formula_16632_sqrt_S,modelo_teorico_oficial,modelo_invariante_stableswap,13722852.2,0.0,4.0186,41971105893,3.9,4409746992,10.75,0.0,0,0.0,relay_data_api_concorrente,13722852.2,0.0
2022-07-04,Pre-Merge,1151.06,1117.43,0.970783,-0.029217,-2.9217,0.069509,0.07114,74.2093,121.0468,76.2739,123.5768,4.513,4.0394,0.4736,10.4941,0.0013,0.0767,4.513,3.9,3.8261,3.5961,99.45,0,0.0,4624675259,4552169505,711017698.0,239900.4,389176.9,61.16,24885619.43,0,0,0,0,yfinance_ETH-USD,yfinance_STETH-USD,beacon_formula_16632_sqrt_S,modelo_teorico_oficial,modelo_invariante_stableswap,13582154.08,0.0,4.0394,42238145033,3.9,4680798883,10.78,0.0,0,0.0,relay_data_api_concorrente,13582154.08,0.0
2022-07-05,Pre-Merge,1134.54,1099.65,0.969247,-0.030753,-3.0753,-0.014454,-0.016044,68.3296,120.8932,68.4321,123.3963,4.5166,4.0426,0.474,10.4946,0.0013,0.078,4.5166,3.9,3.8261,3.584,99.45,0,0.0,4984983055,4906230442,720589526.0,243095.44,404481.45,61.73,25220633.41,0,0,0,0,yfinance_ETH-USD,yfinance_STETH-USD,beacon_formula_16632_sqrt_S,modelo_teorico_oficial,modelo_invariante_stableswap,13560898.24,0.0,4.0426,43740307401,3.9,4713828842,11.22,0.0,0,0.0,relay_data_api_concorrente,13560898.24,0.0
2022-07-06,Pre-Merge,1186.97,1154.85,0.97294,-0.02706,-2.706,0.045179,0.048978,66.2893,121.7472,67.9196,124.6035,4.539,4.0627,0.4763,10.4935,0.0013,0.0793,4.539,3.9,3.8261,3.4854,99.45,0,0.0,4974559493,4897201607,757150917.0,252736.03,395861.66,60.38,26500282.1,0,0,0,0,yfinance_ETH-USD,yfinance_STETH-USD,beacon_formula_16632_sqrt_S,modelo_teorico_oficial,modelo_invariante_stableswap,13427026.77,0.0,4.0627,43725434346,3.9,4837109739,11.2,0.0,0,0.0,relay_data_api_concorrente,13427026.77,0.0
2022-07-07,Pre-Merge,1237.59,1206.63,0.974984,-0.025016,-2.5016,0.041761,0.043859,59.5597,123.2762,61.5084,126.248,4.5594,4.0809,0.4785,10.4948,0.0013,0.0806,4.5594,4.0,3.9223,3.5064,99.45,0,0.0,5133736448,5052894486,746576652.0,243511.7,368968.95,59.63,26130182.82,0,0,0,0,yfinance_ETH-USD,yfinance_STETH-USD,beacon_formula_16632_sqrt_S,modelo_teorico_oficial,modelo_invariante_stableswap,13307552.57,0.0,4.0809,44490026345,4.0,5106471304,11.36,0.0,0,0.0,relay_data_api_concorrente,13307552.57,0.0
2022-07-08,Pre-Merge,1222.51,1187.25,0.971158,-0.028842,-2.8842,-0.012266,-0.01619,61.1508,123.2753,64.5807,126.2427,4.5689,4.0894,0.4795,10.4949,0.0013,0.082,4.5689,4.0,3.9223,3.5251,99.45,0,0.0,5344081527,5260061358,761697080.0,242825.39,391527.15,61.03,26659397.8,0,0,0,0,yfinance_ETH-USD,yfinance_STETH-USD,beacon_formula_16632_sqrt_S,modelo_teorico_oficial,modelo_invariante_stableswap,13252304.67,0.0,4.0894,44995027919,4.0,5099925900,11.69,0.0,0,0.0,relay_data_api_concorrente,13252304.67,0.0
2022-07-09,Pre-Merge,1216.98,1182.88,0.97198,-0.02802,-2.802,-0.004532,-0.003682,63.1444,123.2517,66.5581,126.2604,4.5675,4.0881,0.4794,10.4959,0.0013,0.0833,4.5675,4.0,3.9223,3.4551,99.45,0,0.0,5250407031,5165865902,769195280.0,248235.63,394881.55,60.73,26921834.8,0,0,0,0,yfinance_ETH-USD,yfinance_STETH-USD,beacon_formula_16632_sqrt_S,modelo_teorico_oficial,modelo_invariante_stableswap,13260332.16,0.0,4.0881,44286720076,4.0,5033724248,11.66,0.0,0,0.0,relay_data_api_concorrente,13260332.16,0.0
2022-07-10,Pre-Merge,1168.4,1135.29,0.971662,-0.028338,-2.8338,-0.040734,-0.041071,76.5661,121.8211,80.0064,123.1059,4.5501,4.0726,0.4775,10.4943,0.0013,0.0846,4.5501,4.0,3.9223,3.4198,99.45,0,0.0,5250360556,5167578774,741990094.0,248654.13,397662.81,60.84,25969653.29,0,0,0,0,yfinance_ETH-USD,yfinance_STETH-USD,beacon_formula_16632_sqrt_S,modelo_teorico_oficial,modelo_invariante_stableswap,13361634.38,0.0,4.0726,44374726770,4.0,4808943414,11.65,0.0,0,0.0,relay_data_api_concorrente,13361634.38,0.0
2022-07-11,Pre-Merge,1097.24,1065.78,0.971328,-0.028672,-2.8672,-0.062842,-0.063174,75.8039,120.3973,78.8237,122.8155,4.5055,4.0327,0.4728,10.4938,0.0013,0.0859,4.5055,4.0,3.9223,3.4056,99.45,0,0.0,5061484195,4980936372,698320120.0,248446.23,399439.82,60.96,24441204.2,0,0,0,0,yfinance_ETH-USD,yfinance_STETH-USD,beacon_formula_16632_sqrt_S,modelo_teorico_oficial,modelo_invariante_stableswap,13627335.31,0.0,4.0327,43281203096,4.0,4591925326,11.51,0.0,0,0.0,relay_data_api_concorrente,13627335.31,0.0
2022-07-12,Pre-Merge,1038.19,997.49,0.960797,-0.039203,-3.9203,-0.055314,-0.066226,83.6376,120.328,89.9613,123.3758,4.4925,4.021,0.4715,10.4953,0.0013,0.0872,4.4925,4.0,3.9223,4.1789,99.45,0,0.0,4746412145,4671514105,659005545.0,223372.21,428177.47,64.81,23065194.08,0,0,0,0,yfinance_ETH-USD,yfinance_STETH-USD,beacon_formula_16632_sqrt_S,modelo_teorico_oficial,modelo_invariante_stableswap,13706789.88,0.0,4.021,41918158775,4.0,4263669067,11.14,0.0,0,0.0,relay_data_api_concorrente,13706789.88,0.0
2022-07-13,Pre-Merge,1113.59,1073.39,0.963901,-0.036099,-3.6099,0.070106,0.07334,95.2572,106.5633,101.3267,108.8537,4.5023,4.0298,0.4725,10.4946,0.0013,0.0885,4.5023,3.9,3.8261,3.9278,99.45,0,0.0,4517909382,4443660314,696560618.0,227220.48,413205.05,63.67,24379621.63,0,0,0,0,yfinance_ETH-USD,yfinance_STETH-USD,beacon_formula_16632_sqrt_S,modelo_teorico_oficial,modelo_invariante_stableswap,13647010.37,0.0,4.0298,40671826293,3.9,4443090874,10.93,0.0,0,0.0,relay_data_api_concorrente,13647010.37,0.0
2022-07-14,Pre-Merge,1191.53,1151.89,0.966732,-0.033268,-3.3268,0.067649,0.070582,105.004,109.3257,111.3782,111.7902,4.5103,4.0369,0.4734,10.496,0.0013,0.0898,4.5103,3.9,3.8261,3.1406,99.45,0,0.0,4813719763,4734544614,764540399.0,239712.54,415765.15,62.64,26758913.97,0,0,0,0,yfinance_ETH-USD,yfinance_STETH-USD,beacon_formula_16632_sqrt_S,modelo_teorico_oficial,modelo_invariante_stableswap,13598696.19,0.0,4.0369,41722821181,3.9,4842711111,11.35,0.0,0,0.0,relay_data_api_concorrente,13598696.19,0.0
2022-07-15,Pre-Merge,1233.13,1194.77,0.968892,-0.031108,-3.1108,0.03432,0.036545,108.4869,109.8292,115.0737,112.5141,4.5251,4.0502,0.4749,10.4948,0.0013,0.0911,4.5251,3.9,3.8261,3.2304,99.45,0,0.0,5145157261,5057423071,809259722.0,250333.59,418964.2,61.85,28324090.27,0,0,0,0,yfinance_ETH-USD,yfinance_STETH-USD,beacon_formula_16632_sqrt_S,modelo_teorico_oficial,modelo_invariante_stableswap,13509872.95,0.0,4.0502,43172594222,3.9,5139344218,11.71,0.0,0,0.0,relay_data_api_concorrente,13509872.95,0.0
2022-07-16,Pre-Merge,1352.63,1316.74,0.973467,-0.026533,-2.6533,0.092493,0.097207,126.48,101.4478,134.1145,105.5858,4.5557,4.0776,0.4781,10.4945,0.0013,0.0924,4.5557,4.0,3.9223,3.1255,99.45,0,0.0,5287333312,5198758392,877001557.0,258155.27,400848.3,60.18,30695054.5,0,0,0,0,yfinance_ETH-USD,yfinance_STETH-USD,beacon_formula_16632_sqrt_S,modelo_teorico_oficial,modelo_invariante_stableswap,13328906.9,0.0,4.0776,43757681316,4.0,5555425744,11.88,0.0,0,0.0,relay_data_api_concorrente,13328906.9,0.0
2022-07-17,Pre-Merge,1338.64,1306.27,0.975819,-0.024181,-2.4181,-0.010397,-0.007982,120.0681,101.5823,127.6229,105.7058,4.5624,4.0836,0.4788,10.4945,0.0013,0.0937,4.5624,3.9,3.8261,3.113,99.45,0,0.0,5897920265,5800398898,907949726.0,275888.55,412345.28,59.32,31778240.41,0,0,0,0,yfinance_ETH-USD,yfinance_STETH-USD,beacon_formula_16632_sqrt_S,modelo_teorico_oficial,modelo_invariante_stableswap,13289742.57,0.0,4.0836,45480144813,3.9,5625899824,12.75,0.0,0,0.0,relay_data_api_concorrente,13289742.57,0.0
2022-07-18,Pre-Merge,1578.72,1539.23,0.974986,-0.025014,-2.5014,0.164962,0.164105,136.6489,109.6459,142.1665,112.4122,4.6337,4.1474,0.4863,10.4949,0.0013,0.095,4.6337,3.9,3.8261,3.1247,99.45,0,0.0,5848335028,5753443236,1073043443.0,274395.9,415694.31,59.63,37556520.51,0,0,0,0,yfinance_ETH-USD,yfinance_STETH-USD,beacon_formula_16632_sqrt_S,modelo_teorico_oficial,modelo_invariante_stableswap,12884186.97,0.0,4.1474,45489755971,3.9,6263863454,12.65,0.0,0,0.0,relay_data_api_concorrente,12884186.97,0.0
2022-07-19,Pre-Merge,1542.98,1508.95,0.977945,-0.022055,-2.2055,-0.022901,-0.019872,122.4322,102.7628,120.9767,105.8904,4.646,4.1584,0.4876,10.495,0.0013,0.0963,4.646,3.9,3.8261,2.998,99.45,0,0.0,6818774574,6708494572,1092290296.0,293427.98,423829.01,58.55,38230160.36,0,0,0,0,yfinance_ETH-USD,yfinance_STETH-USD,beacon_formula_16632_sqrt_S,modelo_teorico_oficial,modelo_invariante_stableswap,12816066.29,0.0,4.1584,49395433552,3.9,6518463985,13.58,0.0,0,0.0,relay_data_api_concorrente,12816066.29,0.0
2022-07-20,Pre-Merge,1520.2,1487.75,0.978654,-0.021346,-2.1346,-0.01487,-0.014143,131.7535,103.0834,130.8196,106.2747,4.619,4.1342,0.4848,10.4958,0.0013,0.0977,4.619,3.9,3.8261,7.9643,99.45,0,0.0,6678884086,6567650880,1052208431.0,288692.44,412258.91,58.29,36827295.08,0,0,0,0,yfinance_ETH-USD,yfinance_STETH-USD,beacon_formula_16632_sqrt_S,modelo_teorico_oficial,modelo_invariante_stableswap,12966225.87,0.0,4.1342,49180047892,3.9,6472259510,13.35,0.0,0,0.0,relay_data_api_concorrente,12966225.87,0.0
2022-07-21,Pre-Merge,1576.75,1523.66,0.966329,-0.033671,-3.3671,0.036523,0.023845,130.3311,103.388,129.9656,106.2399,4.6068,4.1233,0.4835,10.4954,0.0013,0.099,4.6068,3.9,3.8261,7.9163,99.45,0,0.0,6612586502,6497456919,1084394456.0,255903.72,446883.34,62.79,37953805.96,0,0,0,0,yfinance_ETH-USD,yfinance_STETH-USD,beacon_formula_16632_sqrt_S,modelo_teorico_oficial,modelo_invariante_stableswap,13034913.1,0.0,4.1233,48678991747,3.9,6607042649,13.35,0.0,0,0.0,relay_data_api_concorrente,13034913.1,0.0
2022-07-22,Pre-Merge,1537.41,1495.6,0.972805,-0.027195,-2.7195,-0.025269,-0.018587,138.7476,100.3452,136.7658,103.2465,4.5889,4.1073,0.4816,10.4949,0.0013,0.1003,4.5889,3.9,3.8261,6.9718,99.45,0,0.0,6765439728,6645748565,1171515730.0,301557.72,473320.32,60.43,41003050.55,0,0,0,0,yfinance_ETH-USD,yfinance_STETH-USD,beacon_formula_16632_sqrt_S,modelo_teorico_oficial,modelo_invariante_stableswap,13136746.4,0.0,4.1073,49669607639,3.9,6416905210,13.38,0.0,0,0.0,relay_data_api_concorrente,13136746.4,0.0
2022-07-23,Pre-Merge,1549.3,1522.93,0.982979,-0.017021,-1.7021,0.007706,0.018112,129.2596,97.0058,125.2988,99.4385,4.5445,4.0675,0.477,10.4962,0.0013,0.1016,4.5445,3.9,3.8261,7.0766,99.45,0,0.0,6951636984,6836885848,1174120095.0,328056.64,437224.26,56.71,41094203.33,0,0,0,0,yfinance_ETH-USD,yfinance_STETH-USD,beacon_formula_16632_sqrt_S,modelo_teorico_oficial,modelo_invariante_stableswap,13394793.46,0.0,4.0675,50220715748,3.9,6353671405,13.61,0.0,0,0.0,relay_data_api_concorrente,13394793.46,0.0
2022-07-24,Pre-Merge,1599.48,1571.57,0.982551,-0.017449,-1.7449,0.031875,0.031438,126.9159,94.8968,123.006,96.8787,4.5558,4.0776,0.4782,10.4965,0.0013,0.1029,4.5558,3.9,3.8261,7.1259,99.45,0,0.0,6809638843,6695880551,1235720629.0,333226.49,447152.54,56.87,43250222.02,0,0,0,0,yfinance_ETH-USD,yfinance_STETH-USD,beacon_formula_16632_sqrt_S,modelo_teorico_oficial,modelo_invariante_stableswap,13328500.27,0.0,4.0776,50312734317,3.9,6761689534,13.31,0.0,0,0.0,relay_data_api_concorrente,13328500.27,0.0
2022-07-25,Pre-Merge,1445.38,1415.89,0.979597,-0.020403,-2.0403,-0.101302,-0.104316,88.7343,102.3445,87.9335,104.6109,4.4806,4.0103,0.4703,10.4964,0.0013,0.1042,4.4806,3.9,3.8261,7.1178,99.45,0,0.0,6815380955,6694784258,1139639876.0,331569.11,466417.96,57.95,39887395.66,0,0,0,0,yfinance_ETH-USD,yfinance_STETH-USD,beacon_formula_16632_sqrt_S,modelo_teorico_oficial,modelo_invariante_stableswap,13779753.68,0.0,4.0103,51036878362,3.9,6240665157,13.12,0.0,0,0.0,relay_data_api_concorrente,13779753.68,0.0
2022-07-26,Pre-Merge,1441.81,1416.86,0.982695,-0.017305,-1.7305,-0.002478,0.000687,88.5181,101.3317,88.0573,103.5038,4.4825,4.0121,0.4704,10.4941,0.0013,0.1055,4.4825,4.0,3.9223,6.9723,99.45,0,0.0,6333162243,6216767798,1064612078.0,318875.61,426897.53,56.81,37261422.73,0,0,0,0,yfinance_ETH-USD,yfinance_STETH-USD,beacon_formula_16632_sqrt_S,modelo_teorico_oficial,modelo_invariante_stableswap,13767826.89,0.0,4.0121,48609453261,4.0,5865846166,12.79,0.0,0,0.0,relay_data_api_concorrente,13767826.89,0.0
2022-07-27,Pre-Merge,1636.23,1603.9,0.980241,-0.019759,-1.9759,0.126499,0.123992,131.7765,109.5592,129.7629,111.1508,4.5238,4.0491,0.4747,10.4934,0.0013,0.1068,4.5238,3.9,3.8261,7.5073,99.45,0,0.0,6270641475,6161696380,1303037411.0,336761.03,468868.96,57.71,45606309.39,0,0,0,0,yfinance_ETH-USD,yfinance_STETH-USD,beacon_formula_16632_sqrt_S,modelo_teorico_oficial,modelo_invariante_stableswap,13517356.82,0.0,4.0491,48554124969,3.9,6777984956,12.69,0.0,0,0.0,relay_data_api_concorrente,13517356.82,0.0
2022-07-28,Pre-Merge,1725.47,1684.33,0.976157,-0.023843,-2.3843,0.053102,0.04893,134.2875,108.8414,132.5388,109.8445,4.5325,4.0568,0.4757,10.4953,0.0013,0.1081,4.5325,4.0,3.9223,8.2143,99.45,0,0.0,7036221468,6915553350,1397432120.0,330414.17,491181.88,59.2,48910124.2,0,0,0,0,yfinance_ETH-USD,yfinance_STETH-USD,beacon_formula_16632_sqrt_S,modelo_teorico_oficial,modelo_invariante_stableswap,13465593.46,0.0,4.0568,51798759892,4.0,7232897604,13.35,0.0,0,0.0,relay_data_api_concorrente,13465593.46,0.0
2022-07-29,Pre-Merge,1727.41,1681.37,0.973347,-0.026653,-2.6653,0.001123,-0.001761,131.0399,107.177,130.5391,108.4254,4.5363,4.0602,0.4761,10.4953,0.0013,0.1094,4.5363,3.9,3.8261,8.6084,99.45,0,0.0,7514351432,7383859695,1396795533.0,321596.32,500346.05,60.23,48887843.66,0,0,0,0,yfinance_ETH-USD,yfinance_STETH-USD,beacon_formula_16632_sqrt_S,modelo_teorico_oficial,modelo_invariante_stableswap,13443059.83,0.0,4.0602,53698143884,3.9,7174806109,13.75,0.0,0,0.0,relay_data_api_concorrente,13443059.83,0.0
2022-07-30,Pre-Merge,1695.97,1653.05,0.974693,-0.025307,-2.5307,-0.018367,-0.016987,133.4523,106.6782,132.754,107.9593,4.5403,4.0638,0.4765,10.4949,0.0013,0.1107,4.5403,3.9,3.8261,8.4072,99.45,0,0.0,7519984075,7390675278,1367771996.0,324708.16,494284.32,59.74,47872019.86,0,0,0,0,yfinance_ETH-USD,yfinance_STETH-USD,beacon_formula_16632_sqrt_S,modelo_teorico_oficial,modelo_invariante_stableswap,13419433.87,0.0,4.0638,53463182150,3.9,6977484593,13.82,0.0,0,0.0,relay_data_api_concorrente,13419433.87,0.0
2022-07-31,Pre-Merge,1681.52,1640.54,0.975629,-0.024371,-2.4371,-0.008558,-0.007595,133.1525,106.7187,132.2167,107.9831,4.5285,4.0533,0.4752,10.4935,0.0013,0.112,4.5285,3.9,3.8261,8.0612,99.45,0,0.0,7421914302,7287852644,1352283481.0,326549.17,489585.45,59.39,47329921.84,0,0,0,0,yfinance_ETH-USD,yfinance_STETH-USD,beacon_formula_16632_sqrt_S,modelo_teorico_oficial,modelo_invariante_stableswap,13489257.42,0.0,4.0533,53278168109,3.9,7014586564,13.68,0.0,0,0.0,relay_data_api_concorrente,13489257.42,0.0
2022-08-01,Pre-Merge,1635.2,1595.32,0.975612,-0.024388,-2.4388,-0.027934,-0.02795,104.1915,107.7492,101.2906,109.0307,4.546,4.0689,0.4771,10.4949,0.0013,0.1133,4.546,3.9,3.8261,7.8974,99.45,0,0.0,7332208984,7199082637,1319305661.0,327563.09,491233.41,59.4,46175698.14,0,0,0,0,yfinance_ETH-USD,yfinance_STETH-USD,beacon_formula_16632_sqrt_S,modelo_teorico_oficial,modelo_invariante_stableswap,13385996.88,0.0,4.0689,53100086020,3.9,6724669519,13.56,0.0,0,0.0,relay_data_api_concorrente,13385996.88,0.0
2022-08-02,Pre-Merge,1632.95,1594.17,0.976252,-0.023748,-2.3748,-0.001377,-0.000719,104.0653,107.8578,101.4338,109.1542,4.5463,4.0691,0.4772,10.4964,0.0013,0.1146,4.5463,3.9,3.8261,8.5625,99.45,0,0.0,7166254107,7035706202,1326583772.0,331727.63,492349.71,59.17,46430432.02,0,0,0,0,yfinance_ETH-USD,yfinance_STETH-USD,beacon_formula_16632_sqrt_S,modelo_teorico_oficial,modelo_invariante_stableswap,13384222.0,0.0,4.0691,52637211758,3.9,6890613466,13.37,0.0,0,0.0,relay_data_api_concorrente,13384222.0,0.0
2022-08-03,Pre-Merge,1618.87,1577.04,0.974161,-0.025839,-2.5839,-0.008654,-0.010806,49.7739,106.2258,46.8055,107.5055,4.511,4.0375,0.4735,10.4966,0.0013,0.1159,4.511,3.9,3.8261,9.3454,99.45,0,0.0,6967295709,6846938034,1318764915.0,326399.51,501170.89,59.93,46156772.03,0,0,0,0,yfinance_ETH-USD,yfinance_STETH-USD,beacon_formula_16632_sqrt_S,modelo_teorico_oficial,modelo_invariante_stableswap,13594681.91,0.0,4.0375,51756934612,3.9,6776873887,13.23,0.0,0,0.0,relay_data_api_concorrente,13594681.91,0.0
2022-08-04,Pre-Merge,1608.21,1564.43,0.972777,-0.027223,-2.7223,-0.006612,-0.008031,19.1853,106.0209,18.0105,107.2833,4.4833,4.0128,0.4705,10.4945,0.0013,0.1172,4.4833,3.9,3.8261,8.7483,99.45,0,0.0,7164465654,7039653229,1298168163.0,319362.6,501502.81,60.44,45435885.71,0,0,0,0,yfinance_ETH-USD,yfinance_STETH-USD,beacon_formula_16632_sqrt_S,modelo_teorico_oficial,modelo_invariante_stableswap,13763018.41,0.0,4.0128,52426270578,3.9,6713444566,13.43,0.0,0,0.0,relay_data_api_concorrente,13763018.41,0.0
2022-08-05,Pre-Merge,1732.25,1679.93,0.969797,-0.030203,-3.0203,0.074305,0.071233,64.4655,107.6551,62.3152,108.5289,4.5041,4.0314,0.4727,10.4949,0.0013,0.1185,4.5041,3.9,3.8261,8.9101,99.45,0,0.0,7042199984,6908542490,1390282741.0,308794.14,509172.46,61.53,48659895.94,0,0,0,0,yfinance_ETH-USD,yfinance_STETH-USD,beacon_formula_16632_sqrt_S,modelo_teorico_oficial,modelo_invariante_stableswap,13635911.38,0.0,4.0314,52789419267,3.9,6908542490,13.09,0.0,0,0.0,relay_data_api_concorrente,13635911.38,0.0
2022-08-06,Pre-Merge,1691.66,1630.95,0.964112,-0.035888,-3.5888,-0.023715,-0.029591,65.5197,107.8452,64.9973,108.8806,4.4999,4.0277,0.4722,10.4936,0.0013,0.1198,4.4999,3.9,3.8261,9.3807,99.45,0,0.0,7597604210,7458717544,1391287099.0,299375.02,542534.32,63.6,48695048.46,0,0,0,0,yfinance_ETH-USD,yfinance_STETH-USD,beacon_formula_16632_sqrt_S,modelo_teorico_oficial,modelo_invariante_stableswap,13661438.62,0.0,4.0277,54189950143,3.9,7458717544,13.76,0.0,0,0.0,relay_data_api_concorrente,13661438.62,0.0
2022-08-07,Pre-Merge,1699.35,1637.93,0.963857,-0.036143,-3.6143,0.004537,0.004272,65.205,107.5593,64.9322,108.4933,4.5063,4.0334,0.4729,10.4942,0.0013,0.1211,4.5063,3.9,3.8261,8.7445,99.45,0,0.0,7353034058,7217877591,1371327986.0,292990.9,533254.72,63.69,47996479.51,0,0,0,0,yfinance_ETH-USD,yfinance_STETH-USD,beacon_formula_16632_sqrt_S,modelo_teorico_oficial,modelo_invariante_stableswap,13622668.93,0.0,4.0334,53420253294,3.9,7217877591,13.51,0.0,0,0.0,relay_data_api_concorrente,13622668.93,0.0
2022-08-08,Pre-Merge,1775.52,1714.87,0.965841,-0.034159,-3.4159,0.043845,0.045901,66.0838,108.004,67.5952,109.0416,4.5272,4.0521,0.4751,10.4943,0.0013,0.1224,4.5272,3.9,3.8261,8.3366,99.45,0,0.0,7462437135,7322777958,1421992277.0,296581.56,522142.08,62.97,49769729.7,0,0,0,0,yfinance_ETH-USD,yfinance_STETH-USD,beacon_formula_16632_sqrt_S,modelo_teorico_oficial,modelo_invariante_stableswap,13497211.63,0.0,4.0521,54365874837,3.9,7304205552,13.47,0.0,0,0.0,relay_data_api_concorrente,13497211.63,0.0
2022-08-09,Pre-Merge,1703.03,1641.62,0.963941,-0.036059,-3.6059,-0.041685,-0.043649,76.5413,108.0635,78.1463,109.2043,4.5139,4.0402,0.4737,10.4943,0.0013,0.1237,4.5139,3.9,3.8261,8.4378,99.45,0,0.0,7778249085,7634132299,1335962665.0,285072.98,518070.46,63.66,46758693.28,0,0,0,0,yfinance_ETH-USD,yfinance_STETH-USD,beacon_formula_16632_sqrt_S,modelo_teorico_oficial,modelo_invariante_stableswap,13577018.61,0.0,4.0402,54815529690,3.9,6995633859,13.93,0.0,0,0.0,relay_data_api_concorrente,13577018.61,0.0
2022-08-10,Pre-Merge,1851.74,1785.73,0.964352,-0.035648,-3.5648,0.083721,0.084144,93.0629,107.282,95.2651,108.4779,4.5401,4.0636,0.4765,10.4954,0.0013,0.125,4.5401,3.9,3.8261,8.8788,99.45,0,0.0,7320949328,7183086972,1456330412.0,286972.33,517957.51,63.51,50971564.42,0,0,0,0,yfinance_ETH-USD,yfinance_STETH-USD,beacon_formula_16632_sqrt_S,modelo_teorico_oficial,modelo_invariante_stableswap,13420656.81,0.0,4.0636,53074412202,3.9,7634852552,13.53,0.0,0,0.0,relay_data_api_concorrente,13420656.81,0.0
2022-08-11,Pre-Merge,1881.22,1824.74,0.969977,-0.030023,-3.0023,0.015796,0.021609,90.6578,104.0301,92.7559,104.2184,4.5467,4.0695,0.4772,10.4955,0.0013,0.1263,4.5467,3.9,3.8261,8.6162,99.45,0,0.0,8216727289,8061746286,1504688490.0,308271.02,506791.59,61.46,52664097.15,0,0,0,0,yfinance_ETH-USD,yfinance_STETH-USD,beacon_formula_16632_sqrt_S,modelo_teorico_oficial,modelo_invariante_stableswap,13381743.22,0.0,4.0695,56294375843,3.9,7843828625,14.32,0.0,0,0.0,relay_data_api_concorrente,13381743.22,0.0
2022-08-12,Pre-Merge,1957.25,1898.73,0.970101,-0.029899,-2.9899,0.039616,0.039747,81.5823,102.7101,85.0535,102.7075,4.5342,4.0583,0.4759,10.4958,0.0013,0.1276,4.5342,3.9,3.8261,9.1309,99.45,0,0.0,8281475110,8123461672,1452249281.0,286314.0,469714.6,61.41,50828724.84,0,0,0,0,yfinance_ETH-USD,yfinance_STETH-USD,beacon_formula_16632_sqrt_S,modelo_teorico_oficial,modelo_invariante_stableswap,13455774.68,0.0,4.0583,56319841178,3.9,8011739284,14.42,0.0,0,0.0,relay_data_api_concorrente,13455774.68,0.0
2022-08-13,Pre-Merge,1981.34,1931.25,0.974719,-0.025281,-2.5281,0.012233,0.016981,74.3593,101.2006,75.4804,101.0078,4.5465,4.0693,0.4772,10.496,0.0013,0.1289,4.5465,3.9,3.8261,9.2253,99.45,0,0.0,8575456826,8394396805,1488724177.0,302598.7,460413.34,59.73,52105346.2,0,0,0,0,yfinance_ETH-USD,yfinance_STETH-USD,beacon_formula_16632_sqrt_S,modelo_teorico_oficial,modelo_invariante_stableswap,13382961.01,0.0,4.0693,54764951160,3.9,8303910199,15.33,0.0,0,0.0,relay_data_api_concorrente,13382961.01,0.0
2022-08-14,Pre-Merge,1936.8,1887.38,0.974484,-0.025516,-2.5516,-0.022733,-0.022978,80.7202,101.9223,82.1178,101.7063,4.5323,4.0567,0.4756,10.4936,0.0013,0.1302,4.5323,3.9,3.8261,8.9862,99.45,0,0.0,8743865696,8561384060,1463000065.0,303549.59,463650.79,59.81,51205002.28,0,0,0,0,yfinance_ETH-USD,yfinance_STETH-USD,beacon_formula_16632_sqrt_S,modelo_teorico_oficial,modelo_invariante_stableswap,13466722.36,0.0,4.0567,57273277685,3.9,8098077400,14.95,0.0,0,0.0,relay_data_api_concorrente,13466722.36,0.0
2022-08-15,Pre-Merge,1904.23,1849.76,0.971395,-0.028605,-2.8605,-0.016961,-0.020134,81.1314,98.5495,83.4043,97.971,4.51,4.0367,0.4733,10.4945,0.0013,0.1315,4.51,3.9,3.8261,8.8491,99.45,0,0.0,8574273209,8396821130,1432369124.0,293801.87,471900.57,60.94,50132919.34,0,0,0,0,yfinance_ETH-USD,yfinance_STETH-USD,beacon_formula_16632_sqrt_S,modelo_teorico_oficial,modelo_invariante_stableswap,13600558.16,0.0,4.0367,56624802521,3.9,7960091878,14.83,0.0,0,0.0,relay_data_api_concorrente,13600558.16,0.0
2022-08-16,Pre-Merge,1878.14,1825.47,0.971956,-0.028044,-2.8044,-0.013795,-0.013214,72.3474,98.6511,73.637,98.1177,4.5197,4.0453,0.4744,10.4963,0.0013,0.1328,4.5197,3.9,3.8261,8.581,99.45,0,0.0,8332835790,8160719407,1438821155.0,300804.85,478708.24,60.74,50358740.42,0,0,0,0,yfinance_ETH-USD,yfinance_STETH-USD,beacon_formula_16632_sqrt_S,modelo_teorico_oficial,modelo_invariante_stableswap,13542276.43,0.0,4.0453,55834224497,3.9,7812960907,14.62,0.0,0,0.0,relay_data_api_concorrente,13542276.43,0.0
2022-08-17,Pre-Merge,1833.0,1783.44,0.972962,-0.027038,-2.7038,-0.024328,-0.023297,46.4086,82.2742,49.2402,81.7603,4.4756,4.0059,0.4697,10.4947,0.0013,0.1341,4.4756,3.9,3.8261,8.5966,99.45,0,0.0,8346242557,8158193287,1409801309.0,304809.08,477216.09,60.37,49343045.82,0,0,0,0,yfinance_ETH-USD,yfinance_STETH-USD,beacon_formula_16632_sqrt_S,modelo_teorico_oficial,modelo_invariante_stableswap,13810031.96,0.0,4.0059,55784675166,3.9,7684345027,14.62,0.0,0,0.0,relay_data_api_concorrente,13810031.96,0.0
2022-08-18,Pre-Merge,1847.01,1797.95,0.973438,-0.026562,-2.6562,0.007613,0.008104,44.9105,81.6589,46.4932,81.274,4.4734,4.0039,0.4695,10.4954,0.0013,0.1354,4.4734,3.9,3.8261,8.1471,99.45,0,0.0,8124104533,7946287262,1435261984.0,309315.82,480520.91,60.19,50234169.44,0,0,0,0,yfinance_ETH-USD,yfinance_STETH-USD,beacon_formula_16632_sqrt_S,modelo_teorico_oficial,modelo_invariante_stableswap,13823760.34,0.0,4.0039,54599399678,3.9,7788872430,14.55,0.0,0,0.0,relay_data_api_concorrente,13823760.34,0.0
2022-08-19,Pre-Merge,1612.99,1567.68,0.971909,-0.028091,-2.8091,-0.135479,-0.13705,94.8944,95.2443,97.2406,95.1927,4.4206,3.9566,0.464,10.4963,0.0013,0.1367,4.4206,3.9,3.8261,7.7133,99.45,0,0.0,8026214614,7856514657,1266322959.0,308126.47,490736.66,60.75,44321303.57,0,0,0,0,yfinance_ETH-USD,yfinance_STETH-USD,beacon_formula_16632_sqrt_S,modelo_teorico_oficial,modelo_invariante_stableswap,14156263.18,0.0,3.9566,54404448639,3.9,6860332450,14.44,0.0,0,0.0,relay_data_api_concorrente,14156263.18,0.0
2022-08-20,Pre-Merge,1577.0,1533.14,0.972188,-0.027812,-2.7812,-0.022561,-0.02228,89.154,94.7754,90.2272,95.2045,4.4051,3.9428,0.4623,10.4947,0.0013,0.1379,4.4051,3.9,3.8261,7.7957,99.45,0,0.0,7177379844,7015854373,1223378177.0,305243.52,483980.03,60.65,42818236.2,0,0,0,0,yfinance_ETH-USD,yfinance_STETH-USD,beacon_formula_16632_sqrt_S,modelo_teorico_oficial,modelo_invariante_stableswap,14255895.98,0.0,3.9428,50903966480,3.9,6583547617,13.78,0.0,0,0.0,relay_data_api_concorrente,14255895.98,0.0
2022-08-21,Pre-Merge,1619.32,1573.74,0.971852,-0.028148,-2.8148,0.026479,0.026139,99.0071,94.7573,99.9824,95.3713,4.4204,3.9565,0.4639,10.4945,0.0013,0.1392,4.4204,3.9,3.8261,8.5102,99.45,0,0.0,6953288173,6796982708,1262602811.0,305855.26,487580.71,60.77,44191098.39,0,0,0,0,yfinance_ETH-USD,yfinance_STETH-USD,beacon_formula_16632_sqrt_S,modelo_teorico_oficial,modelo_invariante_stableswap,14157396.68,0.0,3.9565,50185725210,3.9,6683229695,13.54,0.0,0,0.0,relay_data_api_concorrente,14157396.68,0.0
2022-08-22,Pre-Merge,1622.51,1581.65,0.974817,-0.025183,-2.5183,0.001966,0.005012,100.9336,94.7329,102.4914,95.1968,4.4289,3.9641,0.4648,10.4947,0.0013,0.1405,4.4289,3.9,3.8261,8.2441,99.45,0,0.0,7107710810,6946586041,1256857293.0,312248.18,474334.72,59.69,43990005.26,0,0,0,0,yfinance_ETH-USD,yfinance_STETH-USD,beacon_formula_16632_sqrt_S,modelo_teorico_oficial,modelo_invariante_stableswap,14102904.55,0.0,3.9641,50497413850,3.9,6580044165,13.76,0.0,0,0.0,relay_data_api_concorrente,14102904.55,0.0
2022-08-23,Pre-Merge,1662.77,1616.0,0.971872,-0.028128,-2.8128,0.024513,0.021483,106.6577,94.4707,107.3252,94.8624,4.4391,3.9732,0.4659,10.4954,0.0013,0.1418,4.4391,3.9,3.8261,8.1004,99.45,0,0.0,7136494471,6979463981,1305574774.0,308043.51,490946.33,60.77,45695117.09,0,0,0,0,yfinance_ETH-USD,yfinance_STETH-USD,beacon_formula_16632_sqrt_S,modelo_teorico_oficial,modelo_invariante_stableswap,14038253.75,0.0,3.9732,50418575424,3.9,6909594160,13.84,0.0,0,0.0,relay_data_api_concorrente,14038253.75,0.0
2022-08-24,Pre-Merge,1657.06,1618.97,0.977014,-0.022986,-2.2986,-0.00344,0.001837,106.8985,86.9629,108.0193,86.9343,4.453,3.9856,0.4674,10.4963,0.0013,0.143,4.453,3.9,3.8261,8.2453,99.45,0,0.0,7221021240,7063522970,1311965526.0,325480.61,477232.21,58.89,45918793.41,0,0,0,0,yfinance_ETH-USD,yfinance_STETH-USD,beacon_formula_16632_sqrt_S,modelo_teorico_oficial,modelo_invariante_stableswap,13950935.39,0.0,3.9856,50766941325,3.9,6948100964,13.91,0.0,0,0.0,relay_data_api_concorrente,13950935.39,0.0
2022-08-25,Pre-Merge,1696.46,1652.9,0.974323,-0.025677,-2.5677,0.023498,0.020742,109.4741,87.1702,109.9482,87.1058,4.4574,3.9896,0.4678,10.4949,0.0013,0.1443,4.4574,3.9,3.8261,7.6418,99.45,0,0.0,7355750573,7194254012,1337633594.0,316405.39,484520.85,59.87,46817175.79,0,0,0,0,yfinance_ETH-USD,yfinance_STETH-USD,beacon_formula_16632_sqrt_S,modelo_teorico_oficial,modelo_invariante_stableswap,13922999.79,0.0,3.9896,51365800930,3.9,7123541693,14.01,0.0,0,0.0,relay_data_api_concorrente,13922999.79,0.0
2022-08-26,Pre-Merge,1507.78,1465.26,0.9718,-0.0282,-2.82,-0.117902,-0.120501,97.5096,86.1227,98.5595,86.8637,4.4617,3.9935,0.4682,10.4938,0.0013,0.1456,4.4617,3.8,3.7298,7.5652,99.45,0,0.0,7412282386,7247639088,1217220838.0,316500.79,505034.79,60.79,42602729.33,0,0,0,0,yfinance_ETH-USD,yfinance_STETH-USD,beacon_formula_16632_sqrt_S,modelo_teorico_oficial,modelo_invariante_stableswap,13896231.25,0.0,3.9935,51698675118,3.8,6488054486,14.02,0.0,0,0.0,relay_data_api_concorrente,13896231.25,0.0
2022-08-27,Pre-Merge,1491.4,1447.4,0.970498,-0.029502,-2.9502,-0.010928,-0.012258,96.9317,83.7622,98.0427,84.8573,4.4681,3.9992,0.4689,10.4944,0.0013,0.1469,4.4681,3.9,3.8261,7.4097,99.45,0,0.0,6656172160,6505944213,1165045413.0,302580.28,493144.39,61.27,40776589.46,0,0,0,0,yfinance_ETH-USD,yfinance_STETH-USD,beacon_formula_16632_sqrt_S,modelo_teorico_oficial,modelo_invariante_stableswap,13856833.49,0.0,3.9992,48726493244,3.9,6177416420,13.35,0.0,0,0.0,relay_data_api_concorrente,13856833.49,0.0
2022-08-28,Pre-Merge,1430.55,1386.72,0.969361,-0.030639,-3.0639,-0.041655,-0.042834,94.6591,84.7014,95.9665,85.8602,4.4451,3.9786,0.4665,10.4947,0.0013,0.1482,4.4451,3.9,3.8261,7.3946,99.45,0,0.0,6602312335,6452061027,1149749400.0,307956.22,511424.53,61.68,40241229.0,0,0,0,0,yfinance_ETH-USD,yfinance_STETH-USD,beacon_formula_16632_sqrt_S,modelo_teorico_oficial,modelo_invariante_stableswap,14000258.02,0.0,3.9786,48621652006,3.9,6114311812,13.27,0.0,0,0.0,relay_data_api_concorrente,14000258.02,0.0
2022-08-29,Pre-Merge,1553.04,1512.57,0.973941,-0.026059,-2.6059,0.082155,0.086874,119.3008,89.9891,122.4874,91.6962,4.4673,3.9984,0.4689,10.4963,0.0013,0.1495,4.4673,3.9,3.8261,7.6751,99.45,0,0.0,6321823604,6190625016,1211244995.0,311888.92,480552.32,60.01,42393574.83,0,0,0,0,yfinance_ETH-USD,yfinance_STETH-USD,beacon_formula_16632_sqrt_S,modelo_teorico_oficial,modelo_invariante_stableswap,13861831.14,0.0,3.9984,47655563198,3.9,6443174944,12.99,0.0,0,0.0,relay_data_api_concorrente,13861831.14,0.0
2022-08-30,Pre-Merge,1523.84,1482.17,0.972655,-0.027345,-2.7345,-0.01898,-0.020306,116.5809,90.1443,120.404,91.884,4.455,3.9875,0.4675,10.4938,0.0013,0.1507,4.455,3.9,3.8261,7.7228,99.45,0,0.0,6800958642,6659513028,1209108807.0,313565.86,493387.81,60.48,42318808.25,0,0,0,0,yfinance_ETH-USD,yfinance_STETH-USD,beacon_formula_16632_sqrt_S,modelo_teorico_oficial,modelo_invariante_stableswap,13938218.92,0.0,3.9875,49571009836,3.9,6427031104,13.43,0.0,0,0.0,relay_data_api_concorrente,13938218.92,0.0
2022-08-31,Pre-Merge,1553.68,1510.69,0.97233,-0.02767,-2.767,0.019397,0.019059,118.8014,90.0269,122.2662,91.7652,4.4525,3.9852,0.4673,10.4952,0.0013,0.152,4.4525,3.9,3.8261,8.0757,99.45,0,0.0,6826349841,6688298949,1227605559.0,311302.32,492451.37,60.6,42966194.57,0,0,0,0,yfinance_ETH-USD,yfinance_STETH-USD,beacon_formula_16632_sqrt_S,modelo_teorico_oficial,modelo_invariante_stableswap,13954261.13,0.0,3.9852,49545373659,3.9,6576566695,13.5,0.0,0,0.0,relay_data_api_concorrente,13954261.13,0.0
2022-09-01,Pre-Merge,1586.18,1540.62,0.971277,-0.028723,-2.8723,0.020697,0.01962,118.3489,90.3657,122.0977,92.0695,4.4565,3.9888,0.4677,10.4948,0.0013,0.1533,4.4565,3.9,3.8261,8.4114,99.45,0,0.0,6788495389,6652296216,1222062661.0,300600.0,483738.33,60.98,42772193.14,0,0,0,0,yfinance_ETH-USD,yfinance_STETH-USD,beacon_formula_16632_sqrt_S,modelo_teorico_oficial,modelo_invariante_stableswap,13929187.52,0.0,3.9888,49344811246,3.9,6612139651,13.48,0.0,0,0.0,relay_data_api_concorrente,13929187.52,0.0
2022-09-02,Pre-Merge,1577.22,1527.07,0.968204,-0.031796,-3.1796,-0.005662,-0.008831,76.0663,90.3397,80.0229,92.046,4.493,4.0214,0.4716,10.4963,0.0013,0.1546,4.493,3.9,3.8261,8.8232,99.45,0,0.0,6956941901,6820863074,1154120306.0,277292.88,469374.97,62.11,40394210.71,0,0,0,0,yfinance_ETH-USD,yfinance_STETH-USD,beacon_formula_16632_sqrt_S,modelo_teorico_oficial,modelo_invariante_stableswap,13703680.78,0.0,4.0214,49939149254,3.9,6580468626,13.66,0.0,0,0.0,relay_data_api_concorrente,13703680.78,0.0
2022-09-03,Pre-Merge,1556.87,1508.05,0.968642,-0.031358,-3.1358,-0.012985,-0.012539,76.3658,90.418,80.0619,92.1023,4.4922,4.0208,0.4714,10.4937,0.0013,0.1559,4.4922,3.9,3.8261,8.6943,99.45,0,0.0,6964664592,6821189876,1137690265.0,278070.52,467339.03,61.95,39819159.28,0,0,0,0,yfinance_ETH-USD,yfinance_STETH-USD,beacon_formula_16632_sqrt_S,modelo_teorico_oficial,modelo_invariante_stableswap,13708354.04,0.0,4.0208,49833323312,3.9,6469124569,13.69,0.0,0,0.0,relay_data_api_concorrente,13708354.04,0.0
2022-09-04,Pre-Merge,1577.64,1525.95,0.967236,-0.032764,-3.2764,0.013252,0.011801,64.8921,86.4312,68.7705,88.4793,4.5104,4.037,0.4734,10.4957,0.0013,0.1572,4.5104,3.9,3.8261,8.4969,99.45,0,0.0,6890989681,6746659345,1142248515.0,271798.77,467543.44,62.46,39978698.03,0,0,0,0,yfinance_ETH-USD,yfinance_STETH-USD,beacon_formula_16632_sqrt_S,modelo_teorico_oficial,modelo_invariante_stableswap,13597944.91,0.0,4.037,49401322379,3.9,6542640230,13.66,0.0,0,0.0,relay_data_api_concorrente,13597944.91,0.0
2022-09-05,Pre-Merge,1617.18,1563.29,0.966677,-0.033323,-3.3323,0.024755,0.024174,34.1753,86.6306,34.5659,88.4487,4.4932,4.0216,0.4716,10.4959,0.0013,0.1585,4.4932,3.9,3.8261,8.4338,99.45,0,0.0,6960908357,6811352005,1169222239.0,269934.33,468684.53,62.66,40922778.36,0,0,0,0,yfinance_ETH-USD,yfinance_STETH-USD,beacon_formula_16632_sqrt_S,modelo_teorico_oficial,modelo_invariante_stableswap,13702292.03,0.0,4.0216,49504627886,3.9,6643226253,13.76,0.0,0,0.0,relay_data_api_concorrente,13702292.03,0.0
2022-09-06,Pre-Merge,1561.75,1496.89,0.95847,-0.04153,-4.153,-0.03488,-0.043399,42.1757,87.3727,46.645,89.6184,4.4775,4.0076,0.4699,10.4947,0.0013,0.1598,4.4775,3.8,3.7298,8.6773,99.45,0,0.0,7307764880,7153406325,1050500464.0,230998.54,460781.01,65.66,36767516.24,0,0,0,0,yfinance_ETH-USD,yfinance_STETH-USD,beacon_formula_16632_sqrt_S,modelo_teorico_oficial,modelo_invariante_stableswap,13798799.04,0.0,4.0076,50243967352,3.8,6520763538,14.24,0.0,0,0.0,relay_data_api_concorrente,13798799.04,0.0
2022-09-07,Pre-Merge,1629.91,1566.21,0.960918,-0.039082,-3.9082,0.042717,0.045269,50.1306,87.2977,55.648,89.5752,4.4945,4.0228,0.4717,10.495,0.0013,0.1611,4.4945,3.5,3.4403,9.2302,99.45,0,0.0,6779710272,6635529319,1085413176.0,234649.75,448825.64,64.76,37989461.16,0,0,0,0,yfinance_ETH-USD,yfinance_STETH-USD,beacon_formula_16632_sqrt_S,modelo_teorico_oficial,modelo_invariante_stableswap,13694288.26,0.0,4.0228,47979327163,3.5,6763332373,13.83,0.0,0,0.0,relay_data_api_concorrente,13694288.26,0.0
2022-09-08,Pre-Merge,1635.35,1577.71,0.964754,-0.035246,-3.5246,0.003333,0.007318,48.7605,86.1824,54.3979,88.4225,4.4867,4.0158,0.4709,10.4955,0.0013,0.1623,4.4867,3.8,3.7298,8.371,99.45,0,0.0,7174881004,7024234667,1088790744.0,243921.28,437275.59,63.36,38107676.04,0,0,0,0,yfinance_ETH-USD,yfinance_STETH-USD,beacon_formula_16632_sqrt_S,modelo_teorico_oficial,modelo_invariante_stableswap,13742319.98,0.0,4.0158,49122052916,3.8,6786851272,14.3,0.0,0,0.0,relay_data_api_concorrente,13742319.98,0.0
2022-09-09,Pre-Merge,1719.09,1667.03,0.969717,-0.030283,-3.0283,0.049937,0.055069,57.5449,82.7211,64.3225,85.4158,4.501,4.0286,0.4724,10.4954,0.0013,0.1636,4.501,3.8,3.7298,8.8524,99.45,0,0.0,7246058695,7088128363,1143088530.0,255656.52,422063.17,61.55,40008098.55,0,0,0,0,yfinance_ETH-USD,yfinance_STETH-USD,beacon_formula_16632_sqrt_S,modelo_teorico_oficial,modelo_invariante_stableswap,13654894.16,0.0,4.0286,49165901093,3.8,7168583666,14.42,0.0,0,0.0,relay_data_api_concorrente,13654894.16,0.0
2022-09-10,Pre-Merge,1776.2,1726.47,0.972002,-0.027998,-2.7998,0.032686,0.035034,54.7157,83.3978,62.1821,86.0149,4.5164,4.0424,0.474,10.4951,0.0013,0.1649,4.5164,3.8,3.7298,8.9108,99.45,0,0.0,7577008327,7417402231,1177018924.0,260295.76,413955.41,60.72,41195662.34,0,0,0,0,yfinance_ETH-USD,yfinance_STETH-USD,beacon_formula_16632_sqrt_S,modelo_teorico_oficial,modelo_invariante_stableswap,13562192.76,0.0,4.0424,50621349735,3.8,7351359379,14.65,0.0,0,0.0,relay_data_api_concorrente,13562192.76,0.0
2022-09-11,Pre-Merge,1761.8,1715.56,0.973754,-0.026246,-2.6246,-0.008142,-0.006342,58.1174,82.0574,64.8405,84.7022,4.5104,4.037,0.4734,10.4957,0.0013,0.1662,4.5104,3.8,3.7298,8.6182,99.45,0,0.0,7836801192,7675051919,1160589472.0,262972.82,406446.85,60.08,40620631.52,0,0,0,0,yfinance_ETH-USD,yfinance_STETH-USD,beacon_formula_16632_sqrt_S,modelo_teorico_oficial,modelo_invariante_stableswap,13598026.95,0.0,4.037,51531017808,3.8,7286655809,14.89,0.0,0,0.0,relay_data_api_concorrente,13598026.95,0.0
2022-09-12,Pre-Merge,1713.77,1668.01,0.973299,-0.026701,-2.6701,-0.027643,-0.028109,65.089,82.2732,71.807,84.798,4.4955,4.0237,0.4718,10.4949,0.0013,0.1675,4.4955,3.8,3.7298,8.8198,99.45,0,0.0,7723269787,7562725461,1073185111.0,248945.57,387617.37,60.25,37561478.89,0,0,0,0,yfinance_ETH-USD,yfinance_STETH-USD,beacon_formula_16632_sqrt_S,modelo_teorico_oficial,modelo_invariante_stableswap,13688315.64,0.0,4.0237,50969631062,3.8,7192081392,14.84,0.0,0,0.0,relay_data_api_concorrente,13688315.64,0.0
2022-09-13,Pre-Merge,1580.79,1532.43,0.969408,-0.030592,-3.0592,-0.080769,-0.084776,88.0041,86.2563,93.2743,89.0888,4.4861,4.0152,0.4709,10.4969,0.0013,0.1688,4.4861,3.8,3.7298,9.564,99.45,0,0.0,7600990361,7429915336,880313847.0,213472.75,354246.69,61.67,30810984.65,0,0,0,0,yfinance_ETH-USD,yfinance_STETH-USD,beacon_formula_16632_sqrt_S,modelo_teorico_oficial,modelo_invariante_stableswap,13745964.6,0.0,4.0152,50160034864,3.8,6632054366,14.81,0.0,0,0.0,relay_data_api_concorrente,13745964.6,0.0
2022-09-14,Pre-Merge,1634.76,1588.06,0.971433,-0.028567,-2.8567,0.03357,0.035664,85.6284,87.2994,90.8754,90.1685,4.4788,4.0088,0.47,10.4939,0.0013,0.1701,4.4788,3.8,3.7298,9.7021,99.45,0,0.0,6962239660,6809530840,853111372.0,203916.95,327289.96,60.92,29858898.02,0,0,0,0,yfinance_ETH-USD,yfinance_STETH-USD,beacon_formula_16632_sqrt_S,modelo_teorico_oficial,modelo_invariante_stableswap,13790301.47,0.0,4.0088,47283141371,3.8,6698034102,14.4,0.0,0,0.0,relay_data_api_concorrente,13790301.47,0.0
2022-09-15,Post-Merge_Pre-Shapella,1471.69,1454.52,0.988333,-0.011667,-1.1667,-0.105079,-0.087839,114.3548,93.9953,111.1835,94.6605,5.1707,4.628,0.5427,10.4957,0.0015,0.1716,4.4407,4.0,3.9223,9.6592,99.45,0,0.0,7241352891,7084421894,840415328.0,258351.83,316394.08,54.76,29414536.48,0,1,0,0,yfinance_ETH-USD,yfinance_STETH-USD,beacon_formula_16632_sqrt_S,modelo_teorico_oficial,modelo_invariante_stableswap,14028277.52,0.73,4.628,46450358116,4.0,6383348324,15.25,0.155,1,1116.3369,relay_data_api_concorrente,14028277.52,2.9046
2022-09-16,Post-Merge_Pre-Shapella,1432.45,1416.32,0.98874,-0.01126,-1.126,-0.027029,-0.026616,100.3948,94.0586,95.9885,94.737,5.1502,4.6097,0.5405,10.4947,0.0015,0.1731,4.416,5.5,5.3545,10.1934,99.45,0,0.0,6543087896,6394625252,919573362.0,291385.58,354565.42,54.61,32185067.67,0,1,0,0,yfinance_ETH-USD,yfinance_STETH-USD,beacon_formula_16632_sqrt_S,modelo_teorico_oficial,modelo_invariante_stableswap,14185735.19,0.7342,4.6097,44918322600,5.5,6152550787,14.24,0.1529,0,1100.6114,relay_data_api_concorrente,14185735.19,2.8319
2022-09-17,Post-Merge_Pre-Shapella,1469.74,1457.79,0.991869,-0.008131,-0.8131,0.025702,0.028863,98.0071,94.6516,93.786,95.4464,5.1462,4.6061,0.5401,10.4951,0.0015,0.1745,4.4095,4.8,4.6887,10.2846,99.45,0,0.0,6407712565,6259532679,980881503.0,310553.4,359756.03,53.47,34330852.61,0,1,0,0,yfinance_ETH-USD,yfinance_STETH-USD,beacon_formula_16632_sqrt_S,modelo_teorico_oficial,modelo_invariante_stableswap,14227657.56,0.7367,4.6061,44876834726,4.8,6248868873,13.95,0.1507,0,1084.8859,relay_data_api_concorrente,14227657.56,2.7832
2022-09-18,Post-Merge_Pre-Shapella,1335.33,1324.19,0.991657,-0.008343,-0.8343,-0.095909,-0.096122,107.7139,88.7458,105.1281,89.2967,5.1203,4.5829,0.5374,10.4955,0.0015,0.176,4.3825,4.6,4.4976,8.7424,99.45,0,0.0,6464727999,6312012539,996890288.0,346813.68,403098.93,53.54,34891160.08,0,1,0,0,yfinance_ETH-USD,yfinance_STETH-USD,beacon_formula_16632_sqrt_S,modelo_teorico_oficial,modelo_invariante_stableswap,14403156.44,0.7377,4.5829,45457250698,4.6,5723155462,13.89,0.1485,0,1069.1604,relay_data_api_concorrente,14403156.44,2.7094
2022-09-19,Post-Merge_Pre-Shapella,1377.54,1363.96,0.990142,-0.009858,-0.9858,0.031123,0.029587,119.4046,89.48,115.8065,89.9099,5.1306,4.5922,0.5384,10.4939,0.0015,0.1775,4.3934,5.3,5.1647,8.4948,99.45,0,0.0,5988159357,5845514789,1077261321.0,358949.24,427281.14,54.1,37704146.24,0,1,0,0,yfinance_ETH-USD,yfinance_STETH-USD,beacon_formula_16632_sqrt_S,modelo_teorico_oficial,modelo_invariante_stableswap,14331905.75,0.7372,4.5922,43814523456,5.3,5932865782,13.34,0.1463,0,1053.4348,relay_data_api_concorrente,14331905.75,2.6829
2022-09-20,Post-Merge_Pre-Shapella,1324.39,1316.26,0.993861,-0.006139,-0.6139,-0.03935,-0.035596,112.4898,89.5569,106.3947,89.8927,5.1426,4.6029,0.5397,10.4947,0.0015,0.179,4.4073,4.9,4.784,7.6984,99.45,0,0.0,6100922345,5953705525,1379282418.0,492184.15,552655.74,52.74,48274884.63,0,1,0,0,yfinance_ETH-USD,yfinance_STETH-USD,beacon_formula_16632_sqrt_S,modelo_teorico_oficial,modelo_invariante_stableswap,14241834.88,0.7353,4.6029,44227522687,4.9,5697552372,13.46,0.1441,0,1037.7093,relay_data_api_concorrente,14241834.88,2.6595
2022-09-21,Post-Merge_Pre-Shapella,1252.61,1243.19,0.99248,-0.00752,-0.752,-0.055723,-0.05711,102.0678,91.1014,96.5934,91.5354,5.105,4.5692,0.5358,10.4956,0.0015,0.1804,4.3728,5.3,5.1647,7.5714,99.45,0,0.0,5967551614,5823322433,1285632469.0,479896.77,550606.89,53.24,44997136.42,0,1,0,0,yfinance_ETH-USD,yfinance_STETH-USD,beacon_formula_16632_sqrt_S,modelo_teorico_oficial,modelo_invariante_stableswap,14467378.69,0.7322,4.5692,44261087778,5.3,5300665049,13.16,0.1419,0,1021.9838,relay_data_api_concorrente,14467378.69,2.5784
2022-09-22,Post-Merge_Pre-Shapella,1327.68,1319.77,0.994042,-0.005958,-0.5958,0.058206,0.059772,104.888,93.3736,105.8197,94.0293,5.1504,4.6099,0.5405,10.4943,0.0015,0.1819,4.4225,5.2,5.0697,7.4168,99.45,0,0.0,5570634133,5430948500,1383918377.0,493291.93,552357.26,52.68,48437143.2,0,1,0,0,yfinance_ETH-USD,yfinance_STETH-USD,beacon_formula_16632_sqrt_S,modelo_teorico_oficial,modelo_invariante_stableswap,14143866.23,0.7279,4.6099,42853839045,5.2,5677021743,12.67,0.1398,0,1006.2583,relay_data_api_concorrente,14143866.23,2.5968
2022-09-23,Post-Merge_Pre-Shapella,1328.26,1321.17,0.994662,-0.005338,-0.5338,0.000436,0.001062,104.8008,93.4046,105.6819,94.0208,5.1512,4.6105,0.5407,10.4966,0.0015,0.1834,4.4284,5.0,4.8793,7.0854,99.45,0,0.0,5954843556,5807080738,1419904484.0,508324.97,563679.74,52.45,49696656.94,0,0,0,0,yfinance_ETH-USD,yfinance_STETH-USD,beacon_formula_16632_sqrt_S,modelo_teorico_oficial,modelo_invariante_stableswap,14106112.28,0.7227,4.6105,44515346660,5.0,5762440019,13.05,0.1376,1,990.5328,relay_data_api_concorrente,14106112.28,2.563
2022-09-24,Post-Merge_Pre-Shapella,1317.99,1310.54,0.994347,-0.005653,-0.5653,-0.007759,-0.008077,100.4066,92.7383,100.68,93.495,5.1357,4.5967,0.539,10.4952,0.0015,0.1849,4.4189,5.0,4.8793,6.6918,99.45,0,0.0,5926674373,5771149997,1425466457.0,513045.17,571732.3,52.56,49891326.0,0,0,0,0,yfinance_ETH-USD,yfinance_STETH-USD,beacon_formula_16632_sqrt_S,modelo_teorico_oficial,modelo_invariante_stableswap,14167269.82,0.7168,4.5967,44706877593,5.0,5715230579,12.91,0.1027,0,739.4876,relay_data_api_concorrente,14167269.82,1.9052
2022-09-25,Post-Merge_Pre-Shapella,1294.22,1288.99,0.995959,-0.004041,-0.4041,-0.018205,-0.016585,75.0627,84.0357,74.8691,84.2937,5.147,4.6068,0.5402,10.4954,0.0015,0.1864,4.4365,4.7,4.5932,6.4289,99.45,0,0.0,5938835079,5783579069,1422560207.0,527869.95,573612.18,51.98,49789607.24,0,0,0,0,yfinance_ETH-USD,yfinance_STETH-USD,beacon_formula_16632_sqrt_S,modelo_teorico_oficial,modelo_invariante_stableswap,14054520.15,0.7104,4.6068,44671139948,4.7,5616952047,12.95,0.0678,0,488.4425,relay_data_api_concorrente,14054520.15,1.2685
2022-09-26,Post-Merge_Pre-Shapella,1335.32,1325.49,0.992638,-0.007362,-0.7362,0.031265,0.027928,75.104,84.9506,74.4266,84.9773,5.1366,4.5975,0.5391,10.4953,0.0015,0.1878,4.4328,5.1,4.9745,5.8536,99.45,0,0.0,5875016866,5724110674,1657012416.0,580914.81,664890.16,53.19,57995434.56,0,0,0,0,yfinance_ETH-USD,yfinance_STETH-USD,beacon_formula_16632_sqrt_S,modelo_teorico_oficial,modelo_invariante_stableswap,14078052.38,0.7037,4.5975,44395354561,5.1,5749704257,12.89,0.033,1,237.3974,relay_data_api_concorrente,14078052.38,0.6155
2022-09-27,Post-Merge_Pre-Shapella,1330.13,1324.59,0.995835,-0.004165,-0.4165,-0.003896,-0.000679,69.2134,83.8401,69.5446,83.7493,5.1324,4.5938,0.5386,10.4941,0.0015,0.1893,4.4354,5.5,5.3545,6.0035,99.45,0,0.0,6077935159,5922650983,1717139829.0,619416.82,674348.24,52.02,60099894.02,0,0,0,0,yfinance_ETH-USD,yfinance_STETH-USD,beacon_formula_16632_sqrt_S,modelo_teorico_oficial,modelo_invariante_stableswap,14061462.63,0.697,4.5938,45255666743,5.5,5776603773,13.09,0.0809,0,582.5757,relay_data_api_concorrente,14061462.63,1.5122
2022-09-28,Post-Merge_Pre-Shapella,1337.41,1329.92,0.9944,-0.0056,-0.56,0.005461,0.004012,50.4818,78.1786,49.7035,77.4946,5.1419,4.6022,0.5397,10.4961,0.0015,0.1908,4.4515,5.6,5.4492,6.4296,99.45,0,0.0,6068803098,5915319264,1732116774.0,614601.63,684358.76,52.55,60624087.09,0,0,0,0,yfinance_ETH-USD,yfinance_STETH-USD,beacon_formula_16632_sqrt_S,modelo_teorico_oficial,modelo_invariante_stableswap,13960406.54,0.6904,4.6022,45433978510,5.6,5843639254,13.02,0.1289,0,927.754,relay_data_api_concorrente,13960406.54,2.4256
2022-09-29,Post-Merge_Pre-Shapella,1335.65,1330.46,0.996114,-0.003886,-0.3886,-0.001316,0.000406,29.2971,78.0232,26.205,77.2923,5.1121,4.5755,0.5366,10.4967,0.0015,0.1923,4.4279,5.4,5.2596,5.9432,99.45,0,0.0,6050701284,5893607577,1723461785.0,620404.31,672563.45,51.92,60321162.48,0,0,0,0,yfinance_ETH-USD,yfinance_STETH-USD,beacon_formula_16632_sqrt_S,modelo_teorico_oficial,modelo_invariante_stableswap,14109687.42,0.6842,4.5755,45540516619,5.4,5843185343,12.94,0.1768,1,1272.9324,relay_data_api_concorrente,14109687.42,3.2929
2022-09-30,Post-Merge_Pre-Shapella,1327.98,1323.51,0.996634,-0.003366,-0.3366,-0.005762,-0.005235,29.6902,77.5498,26.6095,76.8592,5.1012,4.5658,0.5354,10.4956,0.0015,0.1937,4.4226,5.6,5.4492,5.7634,99.45,0,0.0,6054258476,5891058064,1726029304.0,627412.52,674598.62,51.73,60411025.64,0,0,0,0,yfinance_ETH-USD,yfinance_STETH-USD,beacon_formula_16632_sqrt_S,modelo_teorico_oficial,modelo_invariante_stableswap,14143529.84,0.6786,4.5658,45399503128,5.6,5801648031,12.98,0.1642,0,1182.1124,relay_data_api_concorrente,14143529.84,3.0507
2022-10-01,Post-Merge_Pre-Shapella,1311.64,1308.21,0.997385,-0.002615,-0.2615,-0.012376,-0.011628,30.5949,77.0141,27.3976,76.4011,5.0894,4.5553,0.5341,10.4944,0.0015,0.1952,4.4156,5.4,5.2596,5.7574,99.45,0,0.0,6028799812,5871272054,1717735728.0,635742.29,675633.66,51.46,60120750.48,0,0,0,0,yfinance_ETH-USD,yfinance_STETH-USD,beacon_formula_16632_sqrt_S,modelo_teorico_oficial,modelo_invariante_stableswap,14188007.9,0.6738,4.5553,45309992776,5.4,5751410711,12.96,0.1516,0,1091.2925,relay_data_api_concorrente,14188007.9,2.8075
2022-10-02,Post-Merge_Pre-Shapella,1276.09,1271.59,0.996474,-0.003526,-0.3526,-0.027478,-0.028391,34.3293,77.3653,32.5254,76.8136,5.0798,4.5467,0.5331,10.4945,0.0015,0.1967,4.4098,5.1,4.9745,5.5711,99.45,0,0.0,5963070844,5805704245,1694136991.0,640066.19,689966.83,51.79,59294794.68,0,0,0,0,yfinance_ETH-USD,yfinance_STETH-USD,beacon_formula_16632_sqrt_S,modelo_teorico_oficial,modelo_invariante_stableswap,14225591.17,0.67,4.5467,45588706825,5.1,5716507295,12.74,0.139,0,1000.4725,relay_data_api_concorrente,14225591.17,2.567
2022-10-03,Post-Merge_Pre-Shapella,1323.44,1316.46,0.994726,-0.005274,-0.5274,0.03643,0.034677,37.4372,78.796,36.4267,78.0709,5.0769,4.5441,0.5328,10.4946,0.0015,0.1981,4.4095,5.2,5.0697,5.4852,99.45,0,0.0,5827759009,5675489887,1722531651.0,619215.27,685958.85,52.42,60288607.78,0,0,0,0,yfinance_ETH-USD,yfinance_STETH-USD,beacon_formula_16632_sqrt_S,modelo_teorico_oficial,modelo_invariante_stableswap,14227281.38,0.6674,4.5441,44962961629,5.2,5773325745,12.62,0.1263,0,909.6526,relay_data_api_concorrente,14227281.38,2.3337
2022-10-04,Post-Merge_Pre-Shapella,1362.13,1354.87,0.99467,-0.00533,-0.533,0.028813,0.02876,43.0719,79.4443,42.3021,78.7386,5.0855,4.5518,0.5337,10.4945,0.0015,0.1996,4.4195,5.0,4.8793,6.5117,99.45,0,0.0,6028385658,5871482589,1779166803.0,621155.29,688680.5,52.44,62270838.1,0,0,0,0,yfinance_ETH-USD,yfinance_STETH-USD,beacon_formula_16632_sqrt_S,modelo_teorico_oficial,modelo_invariante_stableswap,14163118.73,0.666,4.5518,45607936568,5.0,5952964141,12.87,0.1137,1,818.8326,relay_data_api_concorrente,14163118.73,2.1102
2022-10-05,Post-Merge_Pre-Shapella,1352.84,1344.8,0.994057,-0.005943,-0.5943,-0.006843,-0.007462,43.6258,78.7212,42.9788,78.0862,5.084,4.5504,0.5336,10.4957,0.0015,0.201,4.418,5.3,5.1647,5.7648,99.45,0,0.0,6168139745,6006183281,1697783050.0,593990.7,664938.03,52.67,59422406.75,0,0,0,0,yfinance_ETH-USD,yfinance_STETH-USD,beacon_formula_16632_sqrt_S,modelo_teorico_oficial,modelo_invariante_stableswap,14172793.98,0.666,4.5504,46288645611,5.3,5920188192,12.98,0.0587,1,422.4846,relay_data_api_concorrente,14172793.98,1.088
2022-10-06,Post-Merge_Pre-Shapella,1351.71,1345.55,0.995443,-0.004557,-0.4557,-0.000834,0.000559,43.6074,78.0392,42.9764,76.8626,5.0811,4.5478,0.5333,10.4958,0.0015,0.2025,4.4136,5.7,5.5439,5.7667,99.45,0,0.0,6208059044,6047610516,1695941423.0,600189.63,657470.25,52.16,59357949.81,0,0,0,0,yfinance_ETH-USD,yfinance_STETH-USD,beacon_formula_16632_sqrt_S,modelo_teorico_oficial,modelo_invariante_stableswap,14200735.92,0.6674,4.5478,46395259346,5.7,5943018896,13.04,0.0306,1,220.1665,relay_data_api_concorrente,14200735.92,0.5659
2022-10-07,Post-Merge_Pre-Shapella,1332.52,1321.87,0.992008,-0.007992,-0.7992,-0.0143,-0.017753,44.9134,76.1804,45.0883,74.9438,5.0782,4.5452,0.533,10.4958,0.0015,0.204,4.4078,5.0,4.8793,5.4447,99.45,0,0.0,6187567958,6027893086,1671920628.0,584496.94,675608.62,53.42,58517221.98,0,0,0,0,yfinance_ETH-USD,yfinance_STETH-USD,beacon_formula_16632_sqrt_S,modelo_teorico_oficial,modelo_invariante_stableswap,14238463.73,0.6704,4.5452,46310708995,5.0,5854806263,13.02,0.1631,1,1174.3047,relay_data_api_concorrente,14238463.73,3.0103
2022-10-08,Post-Merge_Pre-Shapella,1315.5,1307.09,0.993607,-0.006393,-0.6393,-0.012852,-0.011248,44.9976,76.1209,45.0304,74.819,5.0803,4.5472,0.5331,10.4935,0.0015,0.2054,4.4055,5.8,5.6385,5.3713,99.45,0,0.0,6091152486,5934422392,1643750385.0,589348.86,664423.99,52.83,57531263.48,0,0,0,0,yfinance_ETH-USD,yfinance_STETH-USD,beacon_formula_16632_sqrt_S,modelo_teorico_oficial,modelo_invariante_stableswap,14253602.81,0.6749,4.5472,45936746741,5.8,5760214894,12.92,0.0961,0,691.9284,relay_data_api_concorrente,14253602.81,1.7719
2022-10-09,Post-Merge_Pre-Shapella,1322.6,1312.22,0.992152,-0.007848,-0.7848,0.005386,0.003917,38.3729,73.4472,38.2206,71.5988,5.0957,4.5609,0.5348,10.4951,0.0015,0.2069,4.4148,4.7,4.5932,5.5678,99.45,0,0.0,6000948217,5845497638,1652584324.0,582685.98,672085.36,53.37,57840451.34,0,0,0,0,yfinance_ETH-USD,yfinance_STETH-USD,beacon_formula_16632_sqrt_S,modelo_teorico_oficial,modelo_invariante_stableswap,14193028.03,0.6809,4.5609,45678680550,4.7,5805945106,12.8,0.0291,1,209.5522,relay_data_api_concorrente,14193028.03,0.5389
2022-10-10,Post-Merge_Pre-Shapella,1291.34,1283.64,0.994037,-0.005963,-0.5963,-0.023924,-0.022021,32.7457,72.0699,32.4784,70.0336,5.0825,4.5491,0.5334,10.4948,0.0015,0.2083,4.3941,5.0,4.8793,4.7948,99.45,0,0.0,6073998879,5915679579,1617915821.0,592914.7,663941.09,52.68,56627053.74,0,0,0,0,yfinance_ETH-USD,yfinance_STETH-USD,beacon_formula_16632_sqrt_S,modelo_teorico_oficial,modelo_invariante_stableswap,14327022.28,0.6883,4.5491,45803149005,5.0,5682810416,12.92,0.2453,0,1766.1874,relay_data_api_concorrente,14327022.28,4.4996
2022-10-11,Post-Merge_Pre-Shapella,1279.58,1272.07,0.994131,-0.005869,-0.5869,-0.00915,-0.00905,18.1905,72.0664,17.645,70.0228,5.0805,4.5473,0.5332,10.495,0.0015,0.2098,4.3834,5.2,5.0697,4.9622,99.45,0,0.0,5865086505,5713880629,1597425845.0,591237.07,661041.23,52.64,55909904.58,0,0,0,0,yfinance_ETH-USD,yfinance_STETH-USD,beacon_formula_16632_sqrt_S,modelo_teorico_oficial,modelo_invariante_stableswap,14397512.35,0.6971,4.5473,45101615316,5.2,5634787546,12.67,0.4615,1,3322.8226,relay_data_api_concorrente,14397512.35,8.4239
2022-10-12,Post-Merge_Pre-Shapella,1294.91,1287.03,0.993915,-0.006085,-0.6085,0.01191,0.011687,23.7046,72.2137,23.2069,70.1011,5.0913,4.5569,0.5344,10.4963,0.0015,0.2113,4.3841,4.9,4.784,5.018,99.45,0,0.0,5889584121,5739905134,1612208118.0,588635.19,660418.58,52.72,56427284.13,0,0,0,0,yfinance_ETH-USD,yfinance_STETH-USD,beacon_formula_16632_sqrt_S,modelo_teorico_oficial,modelo_invariante_stableswap,14392537.67,0.7071,4.5569,45014375201,4.9,5726380785,12.75,0.3929,0,2829.1563,relay_data_api_concorrente,14392537.67,7.1748
2022-10-13,Post-Merge_Pre-Shapella,1288.12,1282.03,0.995272,-0.004728,-0.4728,-0.005252,-0.003893,23.3016,67.4601,22.625,64.4982,5.0984,4.5633,0.5351,10.4954,0.0015,0.2127,4.3802,5.1,4.9745,4.6916,99.45,0,0.0,5991392050,5842056416,1579928734.0,585938.58,643642.91,52.23,55297505.69,0,0,0,0,yfinance_ETH-USD,yfinance_STETH-USD,beacon_formula_16632_sqrt_S,modelo_teorico_oficial,modelo_invariante_stableswap,14418664.36,0.7182,4.5633,44992725799,5.1,5702727849,12.98,0.3244,0,2335.49,relay_data_api_concorrente,14418664.36,5.9122
2022-10-14,Post-Merge_Pre-Shapella,1297.42,1289.8,0.994127,-0.005873,-0.5873,0.007192,0.006048,24.2874,66.0856,22.2091,62.9009,5.1171,4.5801,0.537,10.4942,0.0015,0.2142,4.3868,6.2,6.0159,5.1025,99.45,0,0.0,5897564725,5752247894,1603351062.0,585229.63,654413.43,52.64,56117287.17,0,0,0,0,yfinance_ETH-USD,yfinance_STETH-USD,beacon_formula_16632_sqrt_S,modelo_teorico_oficial,modelo_invariante_stableswap,14374959.46,0.7303,4.5801,44097527846,6.2,5696341566,13.04,0.2558,0,1841.8236,relay_data_api_concorrente,14374959.46,4.6766
2022-10-15,Post-Merge_Pre-Shapella,1274.87,1269.73,0.995968,-0.004032,-0.4032,-0.017534,-0.015687,25.5498,56.1595,23.3522,55.8613,5.1283,4.5901,0.5382,10.4947,0.0015,0.2157,4.3852,5.0,4.8793,5.791,99.45,0,0.0,5933377378,5790577355,1581727499.0,595867.85,647439.57,51.97,55360462.46,0,0,0,0,yfinance_ETH-USD,yfinance_STETH-USD,beacon_formula_16632_sqrt_S,modelo_teorico_oficial,modelo_invariante_stableswap,14385588.61,0.7431,4.5901,44148254092,5.0,5630081851,13.12,0.1872,0,1348.1573,relay_data_api_concorrente,14385588.61,3.4206
2022-10-16,Post-Merge_Pre-Shapella,1306.3,1300.3,0.995407,-0.004593,-0.4593,0.024351,0.023796,32.6805,56.457,30.7622,56.1196,5.1456,4.6056,0.54,10.4944,0.0015,0.2172,4.3892,5.0,4.8793,4.963,99.45,0,0.0,5850489385,5709656700,1626354190.0,595429.89,652575.65,52.17,56922396.65,0,0,0,0,yfinance_ETH-USD,yfinance_STETH-USD,beacon_formula_16632_sqrt_S,modelo_teorico_oficial,modelo_invariante_stableswap,14359444.06,0.7564,4.6056,43965343198,5.0,5785844872,12.99,0.1187,0,854.491,relay_data_api_concorrente,14359444.06,2.172
2022-10-17,Post-Merge_Pre-Shapella,1331.71,1324.4,0.994511,-0.005489,-0.5489,0.01927,0.018359,29.6096,56.0878,27.9048,55.4885,5.1743,4.6313,0.543,10.4942,0.0015,0.2187,4.4042,5.0,4.8793,5.151,99.45,0,0.0,5972254990,5830383584,1652533217.0,589362.17,655144.76,52.51,57838662.6,0,0,0,0,yfinance_ETH-USD,yfinance_STETH-USD,beacon_formula_16632_sqrt_S,modelo_teorico_oficial,modelo_invariante_stableswap,14261681.11,0.7701,4.6313,44556619983,5.0,5874054170,13.09,0.0501,1,360.8247,relay_data_api_concorrente,14261681.11,0.9235
2022-10-18,Post-Merge_Pre-Shapella,1310.45,1304.21,0.995238,-0.004762,-0.4762,-0.016098,-0.015359,31.8816,45.3876,30.0528,44.5357,5.1826,4.6387,0.5439,10.4947,0.0015,0.2201,4.3988,5.9,5.733,5.1488,99.45,0,0.0,6110460901,5964553598,1627779532.0,593289.15,651968.44,52.24,56972283.62,0,0,0,0,yfinance_ETH-USD,yfinance_STETH-USD,beacon_formula_16632_sqrt_S,modelo_teorico_oficial,modelo_invariante_stableswap,14297069.23,0.7838,4.6387,45272790192,5.9,5811321656,13.17,0.0274,1,197.0599,relay_data_api_concorrente,14297069.23,0.5031
2022-10-19,Post-Merge_Pre-Shapella,1285.74,1277.64,0.9937,-0.0063,-0.63,-0.019031,-0.020585,34.5756,44.3309,33.5754,43.6993,5.1891,4.6445,0.5446,10.4951,0.0015,0.2216,4.3917,5.5,5.3545,5.5418,99.45,0,0.0,5979875670,5841768808,1572943128.0,577417.14,650053.86,52.8,55053009.48,0,0,0,0,yfinance_ETH-USD,yfinance_STETH-USD,beacon_formula_16632_sqrt_S,modelo_teorico_oficial,modelo_invariante_stableswap,14342901.33,0.7974,4.6445,44774526404,5.5,5743039452,13.05,0.0297,0,214.0522,relay_data_api_concorrente,14342901.33,0.5447
2022-10-20,Post-Merge_Pre-Shapella,1283.2,1277.84,0.995823,-0.004177,-0.4177,-0.00198,0.000158,34.412,42.2683,33.4937,42.0048,5.2072,4.6607,0.5465,10.4951,0.0015,0.2231,4.3966,6.3,6.11,5.6175,99.45,0,0.0,5877232360,5744785617,1568347318.0,586353.94,638529.04,52.03,54892156.13,0,0,0,0,yfinance_ETH-USD,yfinance_STETH-USD,beacon_formula_16632_sqrt_S,modelo_teorico_oficial,modelo_invariante_stableswap,14311146.37,0.8106,4.6607,43983853386,6.3,5700698685,13.06,0.0321,1,231.0444,relay_data_api_concorrente,14311146.37,0.5893
2022-10-21,Post-Merge_Pre-Shapella,1299.95,1293.19,0.9948,-0.0052,-0.52,0.012965,0.011944,35.439,37.6214,34.4484,37.0002,5.2208,4.6729,0.5479,10.4946,0.0015,0.2246,4.3976,5.7,5.5439,5.8473,99.45,0,0.0,5890087141,5763221461,1590906713.0,582585.83,644587.62,52.4,55681734.96,0,0,0,0,yfinance_ETH-USD,yfinance_STETH-USD,beacon_formula_16632_sqrt_S,modelo_teorico_oficial,modelo_invariante_stableswap,14304628.95,0.8232,4.6729,43755663191,5.7,5785676210,13.17,0.0279,1,200.6131,relay_data_api_concorrente,14304628.95,0.5119
2022-10-22,Post-Merge_Pre-Shapella,1314.3,1309.51,0.996355,-0.003645,-0.3645,0.010981,0.012539,32.5877,31.7723,32.4117,30.7475,5.2382,4.6884,0.5498,10.496,0.0015,0.2261,4.4032,5.6,5.4492,5.4564,99.45,0,0.0,6009014505,5882536182,1613926165.0,591518.8,638783.22,51.83,56487415.78,0,0,0,0,yfinance_ETH-USD,yfinance_STETH-USD,beacon_formula_16632_sqrt_S,modelo_teorico_oficial,modelo_invariante_stableswap,14267987.3,0.8349,4.6884,43949914624,5.6,5863410016,13.38,0.032,0,230.4201,relay_data_api_concorrente,14267987.3,0.5895
2022-10-23,Post-Merge_Pre-Shapella,1363.45,1361.77,0.998768,-0.001232,-0.1232,0.036712,0.039134,37.9794,34.3024,39.1791,33.6814,5.2523,4.7011,0.5512,10.4945,0.0015,0.2276,4.4067,5.0,4.8793,5.3056,99.45,0,0.0,6038833639,5911730739,1678290276.0,603785.44,627902.67,50.95,58740159.66,0,0,0,0,yfinance_ETH-USD,yfinance_STETH-USD,beacon_formula_16632_sqrt_S,modelo_teorico_oficial,modelo_invariante_stableswap,14245849.44,0.8456,4.7011,44113702991,5.0,6018734656,13.4,0.0361,1,260.2271,relay_data_api_concorrente,14245849.44,0.6667
2022-10-24,Post-Merge_Pre-Shapella,1345.0,1338.28,0.995004,-0.004996,-0.4996,-0.013623,-0.0174,38.4736,34.5482,41.1109,34.1516,5.249,4.6981,0.5509,10.4953,0.0015,0.2292,4.3939,5.0,4.8793,5.0262,99.45,0,0.0,6280910756,6145081533,1650996197.0,585245.07,645486.43,52.32,57784866.9,0,0,0,0,yfinance_ETH-USD,yfinance_STETH-USD,beacon_formula_16632_sqrt_S,modelo_teorico_oficial,modelo_invariante_stableswap,14328514.99,0.8551,4.6981,45207763690,5.0,6022969192,13.59,0.128,1,921.4773,relay_data_api_concorrente,14328514.99,2.3473
2022-10-25,Post-Merge_Pre-Shapella,1461.67,1453.53,0.994431,-0.005569,-0.5569,0.083184,0.082609,67.1121,44.2989,68.4565,43.9535,5.2864,4.7316,0.5548,10.4949,0.0015,0.2307,4.4232,5.0,4.8793,4.9962,99.45,0,0.0,6196801225,6065421559,1783064689.0,579062.97,644407.56,52.53,62407264.12,0,0,0,0,yfinance_ETH-USD,yfinance_STETH-USD,beacon_formula_16632_sqrt_S,modelo_teorico_oficial,modelo_invariante_stableswap,14139525.19,0.8632,4.7316,44517107045,5.0,6625011130,13.62,0.1107,0,797.3239,relay_data_api_concorrente,14139525.19,2.0582
2022-10-26,Post-Merge_Pre-Shapella,1566.57,1564.7,0.998806,-0.001194,-0.1194,0.06931,0.073701,69.6493,48.9803,71.9992,49.6232,5.3143,4.7565,0.5578,10.4962,0.0015,0.2322,4.4445,6.1,5.9217,5.1668,99.45,0,0.0,6810434687,6666847257,1925908666.0,603207.41,626920.2,50.93,67406803.31,0,0,0,0,yfinance_ETH-USD,yfinance_STETH-USD,beacon_formula_16632_sqrt_S,modelo_teorico_oficial,modelo_invariante_stableswap,14004004.13,0.8697,4.7565,46563019604,6.1,7016639524,14.32,0.0935,0,673.1704,relay_data_api_concorrente,14004004.13,1.7545
2022-10-27,Post-Merge_Pre-Shapella,1514.37,1509.84,0.997009,-0.002991,-0.2991,-0.033884,-0.035693,80.9571,50.7747,84.3217,51.6367,5.3044,4.7477,0.5567,10.4951,0.0015,0.2337,4.4297,5.8,5.6385,5.5081,99.45,0,0.0,7254349800,7109610986,1866397075.0,596593.68,637771.89,51.59,65323897.63,0,0,0,0,yfinance_ETH-USD,yfinance_STETH-USD,beacon_formula_16632_sqrt_S,modelo_teorico_oficial,modelo_invariante_stableswap,14097845.33,0.8746,4.7477,48180454800,5.8,6923039371,14.76,0.0763,1,549.017,relay_data_api_concorrente,14097845.33,1.4214
2022-10-28,Post-Merge_Pre-Shapella,1555.48,1551.78,0.997621,-0.002379,-0.2379,0.02678,0.027396,80.4596,51.3758,83.7325,52.2572,5.3046,4.7478,0.5568,10.4966,0.0015,0.2353,4.4268,5.4,5.2596,5.227,99.45,0,0.0,7113693210,6971842772,1899478223.0,593862.31,628785.83,51.37,66481737.81,0,0,0,0,yfinance_ETH-USD,yfinance_STETH-USD,beacon_formula_16632_sqrt_S,modelo_teorico_oficial,modelo_invariante_stableswap,14116729.3,0.8778,4.7478,47405280751,5.4,7102693764,14.71,0.0743,0,534.8124,relay_data_api_concorrente,14116729.3,1.3828
2022-10-29,Post-Merge_Pre-Shapella,1619.7,1614.01,0.996487,-0.003513,-0.3513,0.040457,0.039319,80.0073,52.7731,83.3377,53.5597,5.3119,4.7544,0.5575,10.4953,0.0015,0.2368,4.4327,5.3,5.1647,4.8784,99.45,0,0.0,7268928086,7120329506,1960147648.0,583518.48,628882.58,51.78,68605167.68,0,0,0,0,yfinance_ETH-USD,yfinance_STETH-USD,beacon_formula_16632_sqrt_S,modelo_teorico_oficial,modelo_invariante_stableswap,14079138.75,0.8792,4.7544,47871050636,5.3,7467958839,14.87,0.0723,0,520.6078,relay_data_api_concorrente,14079138.75,1.3497
2022-10-30,Post-Merge_Pre-Shapella,1590.78,1587.79,0.99812,-0.00188,-0.188,-0.018013,-0.016377,86.6358,53.2997,89.0281,54.0046,5.2867,4.7319,0.5548,10.4943,0.0015,0.2383,4.408,5.3,5.1647,4.754,99.45,0,0.0,7609382455,7458109920,1923528215.0,590230.05,620108.49,51.19,67323487.53,0,0,0,0,yfinance_ETH-USD,yfinance_STETH-USD,beacon_formula_16632_sqrt_S,modelo_teorico_oficial,modelo_invariante_stableswap,14237328.58,0.8788,4.7319,49001174797,5.3,7351125624,15.22,0.0703,0,506.4033,relay_data_api_concorrente,14237328.58,1.2983
2022-10-31,Post-Merge_Pre-Shapella,1572.71,1570.44,0.998557,-0.001443,-0.1443,-0.011423,-0.010984,86.098,53.2593,87.4094,53.9785,5.2777,4.7238,0.5539,10.4951,0.0015,0.2398,4.4011,5.0,4.8793,4.7857,99.45,0,0.0,7501819224,7349917574,1888481288.0,588058.07,613609.23,51.03,66096845.08,0,0,0,0,yfinance_ETH-USD,yfinance_STETH-USD,beacon_formula_16632_sqrt_S,modelo_teorico_oficial,modelo_invariante_stableswap,14282048.72,0.8766,4.7238,48540465017,5.0,7210064108,15.14,0.0684,1,492.1987,relay_data_api_concorrente,14282048.72,1.2579
2022-11-01,Post-Merge_Pre-Shapella,1579.7,1577.31,0.998487,-0.001513,-0.1513,0.004435,0.004363,69.4072,51.876,71.7225,52.5348,5.2403,4.6903,0.55,10.4956,0.0015,0.2413,4.3676,5.3,5.1647,4.5621,99.45,0,0.0,7474286123,7323220853,1896978740.0,587774.73,614001.69,51.05,66394255.9,0,0,0,0,yfinance_ETH-USD,yfinance_STETH-USD,beacon_formula_16632_sqrt_S,modelo_teorico_oficial,modelo_invariante_stableswap,14501657.72,0.8727,4.6903,48136822236,5.3,7325844573,15.21,0.0755,0,543.4322,relay_data_api_concorrente,14501657.72,1.3678
2022-11-02,Post-Merge_Pre-Shapella,1519.71,1520.44,1.00048,0.00048,0.048,-0.038717,-0.036719,57.017,53.1379,56.2927,53.721,5.1918,4.6469,0.5449,10.4954,0.0015,0.2428,4.3247,5.3,5.1647,4.8157,99.45,0,0.0,7591802624,7429803453,1803060263.0,589375.85,596787.7,50.32,63107109.21,0,0,0,0,yfinance_ETH-USD,yfinance_STETH-USD,beacon_formula_16632_sqrt_S,modelo_teorico_oficial,modelo_invariante_stableswap,14791035.34,0.8671,4.6469,48128717495,5.3,7054992160,15.44,0.0826,1,594.6656,relay_data_api_concorrente,14791035.34,1.4675
2022-11-03,Post-Merge_Pre-Shapella,1531.54,1528.99,0.998335,-0.001665,-0.1665,0.007754,0.005603,51.5575,52.4336,49.7062,53.0239,5.1826,4.6387,0.5439,10.4947,0.0015,0.2443,4.3226,5.8,5.6385,5.0036,99.45,0,0.0,7384757339,7226800242,1829526975.0,584033.49,611551.63,51.11,64033444.13,0,0,0,0,yfinance_ETH-USD,yfinance_STETH-USD,beacon_formula_16632_sqrt_S,modelo_teorico_oficial,modelo_invariante_stableswap,14805072.73,0.86,4.6387,47300940630,5.8,7159502067,15.28,0.0413,1,297.6765,relay_data_api_concorrente,14805072.73,0.7339
2022-11-04,Post-Merge_Pre-Shapella,1645.09,1643.24,0.998875,-0.001125,-0.1125,0.071522,0.072065,71.219,57.3095,70.0155,57.8875,5.1786,4.6351,0.5435,10.4951,0.0015,0.2458,4.3271,6.2,6.0159,5.3108,99.45,0,0.0,7411328033,7252483978,1967465073.0,587081.52,609565.94,50.91,68861277.56,0,0,0,0,yfinance_ETH-USD,yfinance_STETH-USD,beacon_formula_16632_sqrt_S,modelo_teorico_oficial,modelo_invariante_stableswap,14774630.54,0.8515,4.6351,47540667969,6.2,7673028495,15.26,0.0408,1,293.9609,relay_data_api_concorrente,14774630.54,0.7262
2022-11-05,Post-Merge_Pre-Shapella,1627.97,1627.48,0.999699,-0.000301,-0.0301,-0.010465,-0.009636,66.434,57.563,65.5531,58.1319,5.1429,4.6032,0.5397,10.4941,0.0015,0.2473,4.3011,5.3,5.1647,5.5285,99.45,0,0.0,7958186988,7783924722,1921554823.0,582979.14,597538.69,50.61,67254418.81,0,0,0,0,yfinance_ETH-USD,yfinance_STETH-USD,beacon_formula_16632_sqrt_S,modelo_teorico_oficial,modelo_invariante_stableswap,14953464.29,0.8418,4.6032,49410014287,5.3,7645207753,15.75,0.0371,1,267.4344,relay_data_api_concorrente,14953464.29,0.6528
2022-11-06,Post-Merge_Pre-Shapella,1572.23,1571.97,0.999835,-0.000165,-0.0165,-0.034835,-0.034707,70.3176,58.9131,69.7434,59.3053,5.1172,4.5802,0.537,10.494,0.0015,0.2487,4.2862,4.6,4.4976,4.6583,99.45,0,0.0,7887740418,7704804459,1884297647.0,592498.79,606088.71,50.56,65950417.64,0,0,1,0,yfinance_ETH-USD,yfinance_STETH-USD,beacon_formula_16632_sqrt_S,modelo_teorico_oficial,modelo_invariante_stableswap,15057698.22,0.831,4.5802,49231699176,4.6,7535123379,15.65,0.0344,0,247.358,relay_data_api_concorrente,15057698.22,0.5996
2022-11-07,Post-Merge_Pre-Shapella,1568.59,1560.86,0.995072,-0.004928,-0.4928,-0.00232,-0.007089,69.8556,58.6136,69.4751,59.1727,5.0999,4.5646,0.5353,10.4963,0.0015,0.2502,4.2804,5.0,4.8793,5.2509,99.45,0,0.0,7624889840,7460769441,1221753893.0,371536.08,409367.98,52.3,42761386.26,0,0,1,0,yfinance_ETH-USD,yfinance_STETH-USD,beacon_formula_16632_sqrt_S,modelo_teorico_oficial,modelo_invariante_stableswap,15098317.9,0.8194,4.5646,48482099211,5.0,7438152760,15.39,0.0316,1,227.2816,relay_data_api_concorrente,15098317.9,0.5495
2022-11-08,Post-Merge_Pre-Shapella,1332.84,1316.7,0.987891,-0.012109,-1.2109,-0.162869,-0.170109,135.9996,83.0676,139.9552,85.2852,5.0278,4.5001,0.5277,10.4956,0.0014,0.2517,4.2206,5.9,5.733,5.6164,99.45,0,0.0,7594177929,7444416556,1016254775.0,343732.91,423873.17,54.92,35568917.12,0,0,1,0,yfinance_ETH-USD,yfinance_STETH-USD,beacon_formula_16632_sqrt_S,modelo_teorico_oficial,modelo_invariante_stableswap,15529693.97,0.8072,4.5001,47824275549,5.9,6202171997,15.57,0.0926,1,666.9613,relay_data_api_concorrente,15529693.97,1.5676
2022-11-09,Post-Merge_Pre-Shapella,1100.17,1073.91,0.976131,-0.023869,-2.3869,-0.191844,-0.203821,182.7917,106.5504,190.7028,110.9404,4.9662,4.445,0.5212,10.4949,0.0014,0.2531,4.1716,5.9,5.733,7.7528,99.45,0,0.0,6399103082,6283300004,779844055.0,289122.77,429980.03,59.21,27294541.92,0,0,1,0,yfinance_ETH-USD,yfinance_STETH-USD,beacon_formula_16632_sqrt_S,modelo_teorico_oficial,modelo_invariante_stableswap,15896170.51,0.7946,4.445,42337117840,5.9,5180491530,14.84,0.0794,0,571.6043,relay_data_api_concorrente,15896170.51,1.3125
2022-11-10,Post-Merge_Pre-Shapella,1299.46,1271.88,0.978776,-0.021224,-2.1224,0.166488,0.169192,238.6658,122.2204,247.6345,126.6249,4.9899,4.4662,0.5237,10.4952,0.0014,0.2545,4.2081,6.9,6.673,3.6006,99.45,0,0.0,5468354993,5397212606,914506003.0,293839.4,418807.95,58.25,32007710.11,0,0,1,0,yfinance_ETH-USD,yfinance_STETH-USD,beacon_formula_16632_sqrt_S,modelo_teorico_oficial,modelo_invariante_stableswap,15622237.22,0.7818,4.4662,37501542375,6.9,6177737971,14.39,0.0661,0,476.2472,relay_data_api_concorrente,15622237.22,1.1127
2022-11-11,Post-Merge_Pre-Shapella,1287.22,1272.46,0.988533,-0.011467,-1.1467,-0.009467,0.000455,225.878,122.1969,235.4285,126.555,4.958,4.4376,0.5204,10.4962,0.0014,0.256,4.1888,6.9,6.673,12.9868,99.45,0,0.0,6214169999,6145920652,888590275.0,312816.68,381879.5,54.69,31100659.63,0,0,1,0,yfinance_ETH-USD,yfinance_STETH-USD,beacon_formula_16632_sqrt_S,modelo_teorico_oficial,modelo_invariante_stableswap,15766196.86,0.7692,4.4376,39124598893,6.9,5916676591,15.71,0.0529,0,380.8902,relay_data_api_concorrente,15766196.86,0.8818
2022-11-12,Post-Merge_Pre-Shapella,1255.27,1192.88,0.950298,-0.049702,-4.9702,-0.025136,-0.06458,225.154,122.4969,234.9528,128.5221,4.9457,4.4266,0.5191,10.496,0.0014,0.2574,4.1889,6.9,6.673,3.1616,99.45,0,0.0,6133909714,6072252789,850696819.0,212528.36,489501.32,68.64,29774388.67,0,0,1,0,yfinance_ETH-USD,yfinance_STETH-USD,beacon_formula_16632_sqrt_S,modelo_teorico_oficial,modelo_invariante_stableswap,15765355.27,0.7568,4.4266,38662607800,6.9,5847547893,15.71,0.0397,1,285.5332,relay_data_api_concorrente,15765355.27,0.6611
2022-11-13,Post-Merge_Pre-Shapella,1221.82,1188.2,0.972484,-0.027516,-2.7516,-0.027008,-0.003932,225.2737,122.7944,236.7675,128.4867,4.9384,4.4201,0.5183,10.4953,0.0014,0.2588,4.1935,10.2,9.714,13.2394,99.45,0,0.0,6035233262,5980480703,830523074.0,268211.16,423175.66,60.54,29068307.59,0,0,1,0,yfinance_ETH-USD,yfinance_STETH-USD,beacon_formula_16632_sqrt_S,modelo_teorico_oficial,modelo_invariante_stableswap,15730815.6,0.7449,4.4201,37971815412,10.2,5705998188,15.75,0.0272,1,195.7427,relay_data_api_concorrente,15730815.6,0.4542
2022-11-14,Post-Merge_Pre-Shapella,1241.6,1212.65,0.976683,-0.023317,-2.3317,0.016063,0.020365,227.3285,122.8187,239.8972,128.6445,4.9384,4.4201,0.5183,10.4953,0.0014,0.2602,4.2046,10.2,9.714,9.8057,99.45,0,0.0,5804399095,5754964475,809248759.0,267150.09,393811.25,59.01,28323706.56,0,0,1,0,yfinance_ETH-USD,yfinance_STETH-USD,beacon_formula_16632_sqrt_S,modelo_teorico_oficial,modelo_invariante_stableswap,15647758.24,0.7338,4.4201,37221959367,10.2,5718763865,15.46,0.0333,0,239.6453,relay_data_api_concorrente,15647758.24,0.559
2022-11-15,Post-Merge_Pre-Shapella,1251.74,1235.19,0.986778,-0.013222,-1.3222,0.008127,0.018415,199.971,122.5293,212.9234,128.5248,4.9846,4.4614,0.5232,10.4963,0.0014,0.2616,4.261,10.1,9.6232,10.9188,99.45,0,0.0,5978998668,5926996331,872908853.0,311539.32,390986.51,55.33,30551809.86,0,0,1,0,yfinance_ETH-USD,yfinance_STETH-USD,beacon_formula_16632_sqrt_S,modelo_teorico_oficial,modelo_invariante_stableswap,15236511.97,0.7236,4.4614,37700165201,10.1,5830867018,15.72,0.0394,1,283.5479,relay_data_api_concorrente,15236511.97,0.6793
2022-11-16,Post-Merge_Pre-Shapella,1215.6,1188.69,0.977863,-0.022137,-2.2137,-0.029292,-0.038367,132.6593,122.6678,142.8934,128.9322,5.0299,4.502,0.5279,10.4952,0.0014,0.2631,4.3154,9.7,9.2591,10.1361,99.45,0,0.0,6031112792,5980630108,848489154.0,289116.78,418139.96,58.58,29697120.39,0,0,1,0,yfinance_ETH-USD,yfinance_STETH-USD,beacon_formula_16632_sqrt_S,modelo_teorico_oficial,modelo_invariante_stableswap,14854798.23,0.7145,4.502,37911342753,9.7,5660194496,15.78,0.0213,1,153.697,relay_data_api_concorrente,14854798.23,0.3777
2022-11-17,Post-Merge_Pre-Shapella,1200.81,1171.68,0.975741,-0.024259,-2.4259,-0.012245,-0.014418,33.9288,122.6236,58.6679,128.9219,4.9779,4.4554,0.5225,10.4964,0.0014,0.2645,4.2713,5.5,5.3545,9.8145,99.45,0,0.0,5882952218,5832310756,871640581.0,295036.16,441552.48,59.35,30507420.34,0,0,1,0,yfinance_ETH-USD,yfinance_STETH-USD,beacon_formula_16632_sqrt_S,modelo_teorico_oficial,modelo_invariante_stableswap,15163270.7,0.7066,4.4554,37452851392,5.5,5667059854,15.57,0.0492,1,354.4604,relay_data_api_concorrente,15163270.7,0.8532
2022-11-18,Post-Merge_Pre-Shapella,1212.3,1179.28,0.972763,-0.027237,-2.7237,0.009524,0.006465,37.1633,122.5556,59.5803,128.8178,4.9727,4.4508,0.5219,10.4953,0.0014,0.266,4.2726,5.2,5.0697,7.027,99.45,0,0.0,5826362532,5778139963,859408908.0,280428.08,440477.2,60.44,30079311.78,0,0,1,0,yfinance_ETH-USD,yfinance_STETH-USD,beacon_formula_16632_sqrt_S,modelo_teorico_oficial,modelo_invariante_stableswap,15153650.39,0.7,4.4508,37174440166,5.2,5662140339,15.54,0.0368,0,265.3032,relay_data_api_concorrente,15153650.39,0.639
2022-11-19,Post-Merge_Pre-Shapella,1218.43,1205.02,0.988994,-0.011006,-1.1006,0.005041,0.021596,35.3212,122.58,42.3105,129.0938,4.9739,4.4519,0.522,10.4948,0.0014,0.2674,4.279,4.8,4.6887,6.9128,99.45,0,0.0,5830238013,5783584648,871263682.0,325247.33,394161.57,54.52,30494228.87,0,0,1,0,yfinance_ETH-USD,yfinance_STETH-USD,beacon_formula_16632_sqrt_S,modelo_teorico_oficial,modelo_invariante_stableswap,15108344.7,0.6949,4.4519,37280894160,4.8,5732534871,15.51,0.0245,0,176.1461,relay_data_api_concorrente,15108344.7,0.4255
2022-11-20,Post-Merge_Pre-Shapella,1142.47,1130.05,0.989129,-0.010871,-1.0871,-0.064371,-0.064233,54.8613,124.3684,63.8812,130.7849,4.9568,4.4366,0.5202,10.4947,0.0014,0.2688,4.2655,5.3,5.1647,5.9542,99.45,3,3.0,5888825007,5842816175,816144744.0,325282.58,393362.38,54.47,28565066.04,0,0,1,0,yfinance_ETH-USD,yfinance_STETH-USD,beacon_formula_16632_sqrt_S,modelo_teorico_oficial,modelo_invariante_stableswap,15204293.03,0.6913,4.4366,37465877553,5.3,5419250524,15.6,0.0121,1,86.9889,relay_data_api_concorrente,15204293.03,0.2088
2022-11-21,Post-Merge_Pre-Shapella,1108.35,1102.22,0.994469,-0.005531,-0.5531,-0.030315,-0.024934,51.8036,124.5636,60.2769,130.8238,4.9367,4.4186,0.5181,10.4949,0.0014,0.2702,4.2476,5.3,5.1647,6.4127,99.45,0,0.0,5500653742,5456803799,793061821.0,339749.12,377874.55,52.52,27757163.74,0,0,1,0,yfinance_ETH-USD,yfinance_STETH-USD,beacon_formula_16632_sqrt_S,modelo_teorico_oficial,modelo_invariante_stableswap,15332858.38,0.6891,4.4186,36019785956,5.3,5274056690,15.15,0.0358,1,257.7527,relay_data_api_concorrente,15332858.38,0.6136
2022-11-22,Post-Merge_Pre-Shapella,1135.17,1113.03,0.980496,-0.019504,-1.9504,0.02391,0.009757,57.2801,124.0944,57.7472,129.9538,4.9388,4.4205,0.5183,10.4945,0.0014,0.2716,4.2503,5.4,5.2596,7.2299,99.45,0,0.0,5371790230,5328888056,782652755.0,292197.22,405163.59,57.62,27392846.42,0,0,1,0,yfinance_ETH-USD,yfinance_STETH-USD,beacon_formula_16632_sqrt_S,modelo_teorico_oficial,modelo_invariante_stableswap,15313035.2,0.6885,4.4205,35495247566,5.4,5293241478,15.01,0.0368,0,264.8658,relay_data_api_concorrente,15313035.2,0.6313
2022-11-23,Post-Merge_Pre-Shapella,1183.2,1154.82,0.976014,-0.023986,-2.3986,0.041437,0.036855,67.6051,125.1563,64.3066,130.7682,4.9593,4.4388,0.5205,10.4954,0.0014,0.2731,4.2701,6.3,6.11,7.3906,99.45,0,0.0,5496181373,5451067093,777412140.0,267710.1,398899.87,59.26,27209424.9,0,0,1,0,yfinance_ETH-USD,yfinance_STETH-USD,beacon_formula_16632_sqrt_S,modelo_teorico_oficial,modelo_invariante_stableswap,15171854.38,0.6892,4.4388,35705669955,6.3,5481722310,15.27,0.0378,0,271.979,relay_data_api_concorrente,15171854.38,0.6543
2022-11-24,Post-Merge_Pre-Shapella,1203.98,1169.78,0.971594,-0.028406,-2.8406,0.017413,0.012874,68.7497,121.4186,64.6692,127.1047,4.9706,4.4489,0.5217,10.4957,0.0014,0.2745,4.2793,4.9,4.784,8.2277,99.45,0,0.0,5722361917,5673251319,690385458.0,224387.29,359236.48,60.87,24163491.03,0,0,1,0,yfinance_ETH-USD,yfinance_STETH-USD,beacon_formula_16632_sqrt_S,modelo_teorico_oficial,modelo_invariante_stableswap,15106549.91,0.6913,4.4489,36098133343,4.9,5578991151,15.72,0.0388,1,279.0922,relay_data_api_concorrente,15106549.91,0.6743
2022-11-25,Post-Merge_Pre-Shapella,1198.93,1179.56,0.983844,-0.016156,-1.6156,-0.004209,0.008324,68.3522,118.3122,64.8001,123.8693,4.9721,4.4503,0.5218,10.4946,0.0014,0.2759,4.2774,4.9,4.784,8.6479,99.45,0,0.0,5797427588,5748597417,694710117.0,252660.69,332147.28,56.4,24314854.1,0,0,1,0,yfinance_ETH-USD,yfinance_STETH-USD,beacon_formula_16632_sqrt_S,modelo_teorico_oficial,modelo_invariante_stableswap,15119702.2,0.6947,4.4503,35931085436,4.9,5617013869,16.0,0.0759,0,546.4631,relay_data_api_concorrente,15119702.2,1.3192
2022-11-26,Post-Merge_Pre-Shapella,1205.9,1176.29,0.975446,-0.024554,-2.4554,0.005798,-0.002772,68.3991,118.0676,62.2046,123.5222,4.9731,4.4512,0.5219,10.4945,0.0014,0.2774,4.2739,7.7,7.4187,7.0287,99.45,0,0.0,5837284788,5788299490,700457592.0,235477.91,354074.91,59.46,24516015.72,0,0,1,0,yfinance_ETH-USD,yfinance_STETH-USD,beacon_formula_16632_sqrt_S,modelo_teorico_oficial,modelo_invariante_stableswap,15144507.08,0.6992,4.4512,36132627284,7.7,5666576564,16.02,0.113,1,813.834,relay_data_api_concorrente,15144507.08,1.9614
2022-11-27,Post-Merge_Pre-Shapella,1195.13,1168.34,0.977584,-0.022416,-2.2416,-0.008972,-0.006786,45.1611,117.4143,36.6283,122.8517,4.9958,4.4715,0.5243,10.4948,0.0014,0.2788,4.2912,4.4,4.3062,8.6336,99.45,0,0.0,5834590243,5785589031,718218719.0,248307.72,360732.93,58.68,25137655.17,0,0,1,0,yfinance_ETH-USD,yfinance_STETH-USD,beacon_formula_16632_sqrt_S,modelo_teorico_oficial,modelo_invariante_stableswap,15022856.74,0.7046,4.4715,36222494803,4.4,5702807364,15.97,0.0787,1,566.9816,relay_data_api_concorrente,15022856.74,1.3776
2022-11-28,Post-Merge_Pre-Shapella,1170.09,1153.94,0.986198,-0.013802,-1.3802,-0.021175,-0.012399,40.9195,116.122,31.1561,121.5851,5.0021,4.4771,0.525,10.4956,0.0014,0.2802,4.2913,5.0,4.8793,6.4944,99.45,0,0.0,5805209272,5756300525,694339198.0,263850.73,334168.23,55.54,24301871.93,0,0,1,0,yfinance_ETH-USD,yfinance_STETH-USD,beacon_formula_16632_sqrt_S,modelo_teorico_oficial,modelo_invariante_stableswap,15022148.91,0.7108,4.4771,35840800974,5.0,5517604288,16.06,0.0576,0,414.5919,relay_data_api_concorrente,15022148.91,1.0074
2022-11-29,Post-Merge_Pre-Shapella,1216.9,1184.92,0.97372,-0.02628,-2.628,0.03923,0.026496,45.8053,117.3866,34.3817,122.2724,5.0146,4.4883,0.5263,10.4954,0.0014,0.2817,4.297,4.8,4.6887,6.8458,99.45,0,0.0,5649099738,5602335430,724767913.0,237691.56,367553.12,60.09,25366876.96,0,0,1,0,yfinance_ETH-USD,yfinance_STETH-USD,beacon_formula_16632_sqrt_S,modelo_teorico_oficial,modelo_invariante_stableswap,14981996.83,0.7176,4.4883,35341240265,4.8,5759108457,15.85,0.0364,1,262.2023,relay_data_api_concorrente,14981996.83,0.6388
2022-11-30,Post-Merge_Pre-Shapella,1295.69,1247.54,0.962838,-0.037162,-3.7162,0.062735,0.051494,56.1339,120.0091,42.32,124.1214,5.0133,4.4872,0.5261,10.4941,0.0014,0.2831,4.2886,4.7,4.5932,6.8926,99.45,0,0.0,6189278062,6140027358,773598212.0,214559.09,397258.72,64.06,27075937.42,0,0,1,0,yfinance_ETH-USD,yfinance_STETH-USD,beacon_formula_16632_sqrt_S,modelo_teorico_oficial,modelo_invariante_stableswap,15040763.08,0.7247,4.4872,36851819347,4.7,6084415198,16.66,0.0276,1,198.3611,relay_data_api_concorrente,15040763.08,0.4814
2022-12-01,Post-Merge_Pre-Shapella,1276.27,1245.38,0.975797,-0.024203,-2.4203,-0.015097,-0.001736,59.3848,119.9793,43.2383,124.0652,5.0101,4.4843,0.5258,10.4948,0.0014,0.2846,4.2782,4.8,4.6887,6.3583,99.45,0,0.0,6275577816,6225722799,757701145.0,241413.99,361007.65,59.34,26519540.08,0,0,0,0,yfinance_ETH-USD,yfinance_STETH-USD,beacon_formula_16632_sqrt_S,modelo_teorico_oficial,modelo_invariante_stableswap,15114090.19,0.7319,4.4843,37289919408,4.8,6026474714,16.7,0.0464,0,333.7489,relay_data_api_concorrente,15114090.19,0.806
2022-12-02,Post-Merge_Pre-Shapella,1294.3,1266.71,0.978683,-0.021317,-2.1317,0.014028,0.016989,58.4958,119.6406,43.6136,123.908,5.0188,4.4921,0.5267,10.4945,0.0014,0.286,4.2798,5.0,4.8793,6.3603,99.45,0,0.0,6226843844,6177781499,762985926.0,245936.13,351043.88,58.28,26704507.41,0,0,0,0,yfinance_ETH-USD,yfinance_STETH-USD,beacon_formula_16632_sqrt_S,modelo_teorico_oficial,modelo_invariante_stableswap,15103140.57,0.7391,4.4921,37216802802,5.0,6101101000,16.6,0.0652,1,469.1367,relay_data_api_concorrente,15103140.57,1.1338
2022-12-03,Post-Merge_Pre-Shapella,1243.33,1234.79,0.993131,-0.006869,-0.6869,-0.040175,-0.025528,69.3626,120.1468,50.3076,124.0141,5.0133,4.4872,0.5261,10.4941,0.0014,0.2874,4.2675,4.6,4.4976,6.5417,99.45,0,0.0,6261320348,6212080046,733028173.0,277041.91,314688.05,53.01,25655986.06,0,0,0,0,yfinance_ETH-USD,yfinance_STETH-USD,beacon_formula_16632_sqrt_S,modelo_teorico_oficial,modelo_invariante_stableswap,15190338.62,0.7459,4.4872,37284758284,4.6,5882960738,16.66,0.0295,1,212.2963,relay_data_api_concorrente,15190338.62,0.5101
2022-12-04,Post-Merge_Pre-Shapella,1280.26,1245.36,0.97274,-0.02726,-2.726,0.029263,0.008529,70.377,117.549,48.9645,120.8476,5.0281,4.5004,0.5277,10.495,0.0014,0.2889,4.276,4.6,4.4976,6.0677,99.45,0,0.0,6076854257,6028616030,754324622.0,233040.68,366136.67,60.45,26401361.77,0,0,0,0,yfinance_ETH-USD,yfinance_STETH-USD,beacon_formula_16632_sqrt_S,modelo_teorico_oficial,modelo_invariante_stableswap,15129895.34,0.7522,4.5004,36689493250,4.6,6036426806,16.43,0.0171,1,122.9874,relay_data_api_concorrente,15129895.34,0.2967
2022-12-05,Post-Merge_Pre-Shapella,1259.68,1243.45,0.987116,-0.012884,-1.2884,-0.016205,-0.001536,69.1255,117.579,46.633,120.8773,5.0322,4.5041,0.5281,10.4944,0.0014,0.2903,4.2746,4.4,4.3062,6.0334,99.45,0,0.0,6278000898,6228166645,743200960.0,264309.28,329933.53,55.2,26012033.6,0,0,0,0,yfinance_ETH-USD,yfinance_STETH-USD,beacon_formula_16632_sqrt_S,modelo_teorico_oficial,modelo_invariante_stableswap,15139926.78,0.7577,4.5041,37404629987,4.4,5944511613,16.65,0.0399,1,287.1386,relay_data_api_concorrente,15139926.78,0.6922
2022-12-06,Post-Merge_Pre-Shapella,1271.65,1249.24,0.982377,-0.017623,-1.7623,0.009463,0.004643,64.8173,117.3476,44.7542,120.6018,5.0249,4.4975,0.5274,10.4957,0.0014,0.2918,4.2627,4.5,4.402,6.0427,99.45,0,0.0,6143950848,6094643033,734938010.0,248898.79,334944.33,56.93,25722830.35,0,0,0,0,yfinance_ETH-USD,yfinance_STETH-USD,beacon_formula_16632_sqrt_S,modelo_teorico_oficial,modelo_invariante_stableswap,15224424.13,0.7622,4.4975,36916556745,4.5,5923663119,16.51,0.0395,0,284.1256,relay_data_api_concorrente,15224424.13,0.6812
2022-12-07,Post-Merge_Pre-Shapella,1232.44,1202.66,0.975837,-0.024163,-2.4163,-0.031324,-0.037998,48.5248,117.6355,37.3412,121.0644,5.0145,4.4882,0.5263,10.4956,0.0014,0.2932,4.2489,4.7,4.5932,5.9631,99.45,0,0.0,6160919509,6111075157,741581595.0,244786.4,365770.08,59.32,25955355.83,0,0,0,0,yfinance_ETH-USD,yfinance_STETH-USD,beacon_formula_16632_sqrt_S,modelo_teorico_oficial,modelo_invariante_stableswap,15323594.17,0.7656,4.4882,36958612282,4.7,5827050199,16.53,0.039,0,281.1125,relay_data_api_concorrente,15323594.17,0.6696
2022-12-08,Post-Merge_Pre-Shapella,1281.12,1246.17,0.972719,-0.027281,-2.7281,0.038738,0.035537,57.8387,104.5265,47.7222,106.9855,5.0316,4.5035,0.5281,10.4957,0.0014,0.2947,4.2638,5.0,4.8793,5.9447,99.45,0,0.0,5991080970,5943392387,769798855.0,237606.81,373461.1,60.46,26942959.92,0,0,0,0,yfinance_ETH-USD,yfinance_STETH-USD,beacon_formula_16632_sqrt_S,modelo_teorico_oficial,modelo_invariante_stableswap,15216146.02,0.7678,4.5035,36506269680,5.0,6049820121,16.28,0.0386,0,278.0995,relay_data_api_concorrente,15216146.02,0.6671
2022-12-09,Post-Merge_Pre-Shapella,1264.28,1233.86,0.975939,-0.024061,-2.4061,-0.013225,-0.009925,57.3184,79.0002,45.8451,78.4949,5.0263,4.4988,0.5275,10.4948,0.0014,0.2961,4.2579,4.8,4.6887,6.0206,99.45,0,0.0,6203167461,6154698900,811022419.0,261192.99,389672.52,59.28,28385784.67,0,0,0,0,yfinance_ETH-USD,yfinance_STETH-USD,beacon_formula_16632_sqrt_S,modelo_teorico_oficial,modelo_invariante_stableswap,15258783.6,0.7684,4.4988,37292558066,4.8,5974703310,16.5,0.0382,0,275.0865,relay_data_api_concorrente,15258783.6,0.658
2022-12-10,Post-Merge_Pre-Shapella,1266.38,1240.5,0.979564,-0.020436,-2.0436,0.001659,0.005364,48.205,53.2073,42.2019,51.385,5.0369,4.5083,0.5286,10.4946,0.0014,0.2976,4.2693,4.5,4.402,5.7493,99.45,0,0.0,6146347601,6098437698,815916176.0,270851.02,381230.04,57.96,28557066.16,0,0,0,0,yfinance_ETH-USD,yfinance_STETH-USD,beacon_formula_16632_sqrt_S,modelo_teorico_oficial,modelo_invariante_stableswap,15177332.75,0.7676,4.5083,37229043266,4.5,6028613481,16.38,0.0378,0,272.0734,relay_data_api_concorrente,15177332.75,0.6543
2022-12-11,Post-Merge_Pre-Shapella,1263.87,1245.41,0.985394,-0.014606,-1.4606,-0.001988,0.003953,42.6624,53.1189,41.8103,51.4105,5.0261,4.4986,0.5275,10.4952,0.0014,0.299,4.261,4.1,4.0184,5.5414,99.45,0,0.0,6166249166,6117749291,811526008.0,283610.9,363798.83,55.83,28403410.28,0,0,0,0,yfinance_ETH-USD,yfinance_STETH-USD,beacon_formula_16632_sqrt_S,modelo_teorico_oficial,modelo_invariante_stableswap,15236388.66,0.7651,4.4986,37317821878,4.1,6012390465,16.39,0.0374,0,269.0604,relay_data_api_concorrente,15236388.66,0.6446
2022-12-12,Post-Merge_Pre-Shapella,1274.62,1239.34,0.972321,-0.027679,-2.7679,0.00847,-0.004888,41.3074,52.4552,41.9553,46.0103,5.034,4.5056,0.5284,10.4966,0.0014,0.3005,4.2729,4.7,4.5932,5.4208,99.45,0,0.0,6109663500,6062143993,817858902.0,252791.59,399927.12,60.6,28625061.57,0,0,0,0,yfinance_ETH-USD,yfinance_STETH-USD,beacon_formula_16632_sqrt_S,modelo_teorico_oficial,modelo_invariante_stableswap,15151350.9,0.761,4.5056,37154494322,4.7,6053352028,16.32,0.037,1,266.0474,relay_data_api_concorrente,15151350.9,0.6409
2022-12-13,Post-Merge_Pre-Shapella,1320.55,1279.23,0.96871,-0.03129,-3.129,0.0354,0.031678,47.985,52.85,48.0589,47.1654,5.0373,4.5086,0.5287,10.4957,0.0014,0.3019,4.282,4.8,4.6887,5.9057,99.45,0,0.0,6190291737,6143026225,851456932.0,245519.93,412150.74,61.92,29800992.62,0,0,0,0,yfinance_ETH-USD,yfinance_STETH-USD,beacon_formula_16632_sqrt_S,modelo_teorico_oficial,modelo_invariante_stableswap,15087146.57,0.7552,4.5086,37303227231,4.8,6265841246,16.47,0.0335,1,240.9859,relay_data_api_concorrente,15087146.57,0.583
2022-12-14,Post-Merge_Pre-Shapella,1309.33,1283.09,0.979959,-0.020041,-2.0041,-0.008533,0.003019,39.4379,52.757,33.4892,46.7226,5.0345,4.5061,0.5284,10.4956,0.0014,0.3034,4.2867,4.9,4.784,5.9106,99.45,0,0.0,6449735465,6400503429,849619387.0,273746.6,382821.74,57.81,29736678.54,0,0,0,0,yfinance_ETH-USD,yfinance_STETH-USD,beacon_formula_16632_sqrt_S,modelo_teorico_oficial,modelo_invariante_stableswap,15054566.47,0.7478,4.5061,38126837110,4.9,6225856615,16.79,0.0354,0,255.0947,relay_data_api_concorrente,15054566.47,0.6185
2022-12-15,Post-Merge_Pre-Shapella,1266.35,1243.31,0.981806,-0.018194,-1.8194,-0.033373,-0.031494,40.3315,54.0966,36.3374,47.7321,5.003,4.478,0.525,10.4937,0.0014,0.3048,4.2642,4.7,4.5932,6.2837,99.45,0,0.0,6372157606,6322574459,825278840.0,279315.23,379284.33,57.14,28884759.4,0,0,0,0,yfinance_ETH-USD,yfinance_STETH-USD,beacon_formula_16632_sqrt_S,modelo_teorico_oficial,modelo_invariante_stableswap,15213257.8,0.7388,4.478,37923028579,4.7,6023963845,16.67,0.0374,0,269.2034,relay_data_api_concorrente,15213257.8,0.6459
2022-12-16,Post-Merge_Pre-Shapella,1168.26,1163.42,0.995857,-0.004143,-0.4143,-0.080627,-0.066419,70.3152,60.2543,60.3677,51.4448,4.9672,4.4459,0.5213,10.4948,0.0014,0.3062,4.2389,5.0,4.8793,5.8303,99.45,0,0.0,6208809734,6159226446,776866784.0,319105.75,347310.78,52.01,27190337.44,0,0,0,0,yfinance_ETH-USD,yfinance_STETH-USD,beacon_formula_16632_sqrt_S,modelo_teorico_oficial,modelo_invariante_stableswap,15395443.7,0.7283,4.4459,37017010832,5.0,5685196904,16.64,0.0393,1,283.3122,relay_data_api_concorrente,15395443.7,0.6717
2022-12-17,Post-Merge_Pre-Shapella,1188.15,1176.43,0.990136,-0.009864,-0.9864,0.016882,0.011124,72.834,60.4461,61.3025,51.3599,4.9575,4.4372,0.5203,10.4952,0.0014,0.3076,4.2411,5.4,5.2596,6.0011,99.45,0,0.0,5725216905,5681387262,772325788.0,298360.96,355166.23,54.1,27031402.58,0,0,0,0,yfinance_ETH-USD,yfinance_STETH-USD,beacon_formula_16632_sqrt_S,modelo_teorico_oficial,modelo_invariante_stableswap,15379872.11,0.7164,4.4372,35258985543,5.4,5607159373,16.11,0.037,0,266.6142,relay_data_api_concorrente,15379872.11,0.6327
2022-12-18,Post-Merge_Pre-Shapella,1184.72,1160.51,0.979565,-0.020435,-2.0435,-0.002895,-0.013629,72.7831,60.3458,60.6018,51.5262,4.9438,4.425,0.5188,10.494,0.0014,0.3091,4.2405,4.6,4.4976,6.1696,99.45,0,0.0,5791000792,5746709464,780562798.0,276994.57,389830.15,57.96,27319697.93,0,0,0,0,yfinance_ETH-USD,yfinance_STETH-USD,beacon_formula_16632_sqrt_S,modelo_teorico_oficial,modelo_invariante_stableswap,15383984.62,0.7033,4.425,35455267704,4.6,5631285759,16.21,0.0347,0,249.9162,relay_data_api_concorrente,15383984.62,0.593
2022-12-19,Post-Merge_Pre-Shapella,1167.61,1151.42,0.986134,-0.013866,-1.3866,-0.014544,-0.007859,71.2578,60.4951,60.4845,50.955,4.9183,4.4021,0.5162,10.4955,0.0014,0.3105,4.2292,4.3,4.2104,5.5895,99.45,0,0.0,5813017465,5768933537,761925256.0,289991.38,367657.69,55.56,26667383.96,0,0,0,0,yfinance_ETH-USD,yfinance_STETH-USD,beacon_formula_16632_sqrt_S,modelo_teorico_oficial,modelo_invariante_stableswap,15466680.75,0.6891,4.4021,35540845655,4.3,5605513021,16.23,0.0324,0,233.2183,relay_data_api_concorrente,15466680.75,0.5504
2022-12-20,Post-Merge_Pre-Shapella,1217.7,1192.32,0.979157,-0.020843,-2.0843,0.042008,0.034904,74.0658,57.886,61.8818,47.1918,4.9023,4.3878,0.5145,10.4951,0.0014,0.3119,4.2282,4.9,4.784,5.5276,99.45,0,0.0,5726797913,5684224845,801200557.0,275630.72,390469.86,58.11,28042019.5,0,0,0,0,yfinance_ETH-USD,yfinance_STETH-USD,beacon_formula_16632_sqrt_S,modelo_teorico_oficial,modelo_invariante_stableswap,15473511.61,0.6741,4.3878,35151721328,4.9,5795643490,16.17,0.0301,0,216.5203,relay_data_api_concorrente,15473511.61,0.5107
2022-12-21,Post-Merge_Pre-Shapella,1213.6,1173.11,0.966636,-0.033364,-3.3364,-0.003376,-0.016241,74.2883,56.7371,60.9633,46.6667,4.8901,4.3769,0.5132,10.4947,0.0014,0.3133,4.2317,4.5,4.402,5.7653,99.45,0,0.0,5909156016,5866020297,797192361.0,245169.73,425922.87,62.68,27901732.64,0,0,0,0,yfinance_ETH-USD,yfinance_STETH-USD,beacon_formula_16632_sqrt_S,modelo_teorico_oficial,modelo_invariante_stableswap,15448124.03,0.6584,4.3769,35837333438,4.5,5793974294,16.37,0.0278,0,199.8223,relay_data_api_concorrente,15448124.03,0.4721
2022-12-22,Post-Merge_Pre-Shapella,1218.18,1190.63,0.977384,-0.022616,-2.2616,0.003769,0.014823,72.2503,56.2366,61.4964,46.8049,4.8827,4.3703,0.5124,10.4942,0.0014,0.3147,4.2405,4.8,4.6887,5.227,99.45,0,0.0,5954880389,5912066494,803764830.0,272138.84,396639.38,58.75,28131769.05,0,0,0,0,yfinance_ETH-USD,yfinance_STETH-USD,beacon_formula_16632_sqrt_S,modelo_teorico_oficial,modelo_invariante_stableswap,15384031.72,0.6422,4.3703,35964711719,4.8,5798852544,16.44,0.0254,0,183.1243,relay_data_api_concorrente,15384031.72,0.4345
2022-12-23,Post-Merge_Pre-Shapella,1220.16,1189.71,0.975044,-0.024956,-2.4956,0.001622,-0.000772,35.1232,54.4399,34.9001,45.1127,4.8932,4.3797,0.5135,10.4942,0.0014,0.3161,4.2674,5.4,5.2596,5.6084,99.45,0,0.0,5957193084,5914835920,818753594.0,271040.04,410218.77,59.61,28656375.79,0,0,0,0,yfinance_ETH-USD,yfinance_STETH-USD,beacon_formula_16632_sqrt_S,modelo_teorico_oficial,modelo_invariante_stableswap,15191052.31,0.6259,4.3797,36053626092,5.4,5826358459,16.41,0.0231,0,166.4264,relay_data_api_concorrente,15191052.31,0.3999
2022-12-24,Post-Merge_Pre-Shapella,1221.15,1197.52,0.980649,-0.019351,-1.9351,0.00081,0.006537,34.0533,54.118,34.4199,44.9565,4.872,4.3607,0.5113,10.4947,0.0014,0.3175,4.2625,4.3,4.2104,6.1427,99.45,0,0.0,5979812531,5936965863,803045660.0,279066.21,386017.74,57.56,28106598.1,0,0,0,0,yfinance_ETH-USD,yfinance_STETH-USD,beacon_formula_16632_sqrt_S,modelo_teorico_oficial,modelo_invariante_stableswap,15225995.19,0.6096,4.3607,36083251253,4.3,5824037691,16.45,0.0208,0,149.7284,relay_data_api_concorrente,15225995.19,0.3589
2022-12-25,Post-Merge_Pre-Shapella,1218.96,1190.28,0.976472,-0.023528,-2.3528,-0.001792,-0.006059,33.9283,54.0982,32.6453,44.9327,4.8546,4.3451,0.5095,10.4952,0.0014,0.3189,4.2611,4.0,3.9223,5.3744,99.45,0,0.0,5985090951,5942959444,800659609.0,268727.52,397462.37,59.09,28023086.32,0,0,0,0,yfinance_ETH-USD,yfinance_STETH-USD,beacon_formula_16632_sqrt_S,modelo_teorico_oficial,modelo_invariante_stableswap,15235781.95,0.5935,4.3451,36102327622,4.0,5800184754,16.46,0.0185,1,133.0304,relay_data_api_concorrente,15235781.95,0.3187
2022-12-26,Post-Merge_Pre-Shapella,1226.97,1196.56,0.975215,-0.024785,-2.4785,0.006552,0.00526,30.09,54.1081,31.1809,44.9509,4.8462,4.3376,0.5086,10.4948,0.0014,0.3203,4.2682,4.4,4.3062,5.3703,99.45,0,0.0,5968719080,5926961245,796346723.0,262550.19,396307.35,59.55,27872135.31,0,0,0,0,yfinance_ETH-USD,yfinance_STETH-USD,beacon_formula_16632_sqrt_S,modelo_teorico_oficial,modelo_invariante_stableswap,15184906.85,0.578,4.3376,35920472861,4.4,5819302332,16.5,0.0137,1,98.3495,relay_data_api_concorrente,15184906.85,0.2364
2022-12-27,Post-Merge_Pre-Shapella,1212.79,1174.53,0.968453,-0.031547,-3.1547,-0.011626,-0.018583,11.2449,54.1749,23.4535,45.3801,4.8161,4.3106,0.5055,10.496,0.0014,0.3217,4.2529,4.4,4.3062,5.6091,99.45,0,0.0,6002289008,5960296488,786714956.0,246401.7,415384.4,62.02,27535023.46,0,0,0,0,yfinance_ETH-USD,yfinance_STETH-USD,beacon_formula_16632_sqrt_S,modelo_teorico_oficial,modelo_invariante_stableswap,15294815.27,0.5632,4.3106,36078049070,4.4,5789730094,16.52,0.0679,1,488.5868,relay_data_api_concorrente,15294815.27,1.166
2022-12-28,Post-Merge_Pre-Shapella,1189.99,1162.33,0.976756,-0.023244,-2.3244,-0.018983,-0.010446,17.51,54.0699,21.6382,45.317,4.7952,4.2919,0.5033,10.4959,0.0014,0.3231,4.2458,4.6,4.4976,5.5085,99.45,0,0.0,5929278814,5888152184,769946082.0,265380.9,390719.9,58.98,26948112.87,0,0,0,0,yfinance_ETH-USD,yfinance_STETH-USD,beacon_formula_16632_sqrt_S,modelo_teorico_oficial,modelo_invariante_stableswap,15345491.92,0.5493,4.2919,35798676545,4.6,5669249698,16.45,0.0372,1,267.4979,relay_data_api_concorrente,15345491.92,0.6363
2022-12-29,Post-Merge_Pre-Shapella,1201.6,1176.56,0.979161,-0.020839,-2.0839,0.009709,0.01217,19.3008,52.3663,20.4883,44.5413,4.7837,4.2817,0.502,10.494,0.0014,0.3244,4.2471,4.3,4.2104,5.6667,99.45,0,0.0,5848598663,5811172605,777991031.0,271251.18,384218.07,58.11,27229686.08,0,0,0,0,yfinance_ETH-USD,yfinance_STETH-USD,beacon_formula_16632_sqrt_S,modelo_teorico_oficial,modelo_invariante_stableswap,15336117.14,0.5366,4.2817,35485718215,4.3,5718227732,16.38,0.0339,0,244.2241,relay_data_api_concorrente,15336117.14,0.5813
2022-12-30,Post-Merge_Pre-Shapella,1199.23,1175.73,0.980404,-0.019596,-1.9596,-0.001968,-0.000702,19.0684,47.148,20.4903,40.444,4.7706,4.2699,0.5007,10.4955,0.0014,0.3258,4.2454,4.3,4.2104,5.5653,99.45,0,0.0,5888326526,5850889786,757985783.0,267659.21,371684.68,57.65,26529502.4,0,0,0,0,yfinance_ETH-USD,yfinance_STETH-USD,beacon_formula_16632_sqrt_S,modelo_teorico_oficial,modelo_invariante_stableswap,15348520.96,0.5252,4.2699,35582169790,4.3,5737019199,16.44,0.0307,1,220.9504,relay_data_api_concorrente,15348520.96,0.5254
2022-12-31,Post-Merge_Pre-Shapella,1196.77,1177.54,0.983932,-0.016068,-1.6068,-0.002055,0.001534,18.8797,46.9311,19.5662,40.4625,4.7597,4.2602,0.4995,10.4944,0.0014,0.3272,4.2445,4.5,4.402,5.6455,99.45,0,0.0,5877772406,5840727043,760804570.0,277386.08,364180.61,56.37,26628159.95,0,0,0,0,yfinance_ETH-USD,yfinance_STETH-USD,beacon_formula_16632_sqrt_S,modelo_teorico_oficial,modelo_invariante_stableswap,15354991.34,0.5152,4.2602,35552450432,4.5,5722356688,16.43,0.0127,1,91.25,relay_data_api_concorrente,15354991.34,0.2169
2023-01-01,Post-Merge_Pre-Shapella,1200.96,1180.91,0.983305,-0.016695,-1.6695,0.003498,0.002862,19.4433,46.6171,19.6127,39.9304,4.7431,4.2453,0.4978,10.4952,0.0014,0.3285,4.2364,4.2,4.1144,7.0748,99.45,0,0.0,5865784383,5828964644,765396616.0,276630.5,366814.11,56.59,26788881.56,0,0,0,0,yfinance_ETH-USD,yfinance_STETH-USD,beacon_formula_16632_sqrt_S,modelo_teorico_oficial,modelo_invariante_stableswap,15413832.75,0.5067,4.2453,35325260416,4.2,5741314254,16.5,0.0475,1,341.9994,relay_data_api_concorrente,15413832.75,0.8099
2023-01-02,Post-Merge_Pre-Shapella,1214.66,1186.03,0.97643,-0.02357,-2.357,0.011336,0.004325,20.9878,44.804,19.4382,39.0974,4.7283,4.2321,0.4962,10.4943,0.0014,0.3299,4.2284,4.4,4.3062,6.2108,99.45,0,0.0,5877675394,5841189710,776354801.0,261401.49,386871.21,59.1,27172418.04,0,0,0,0,yfinance_ETH-USD,yfinance_STETH-USD,beacon_formula_16632_sqrt_S,modelo_teorico_oficial,modelo_invariante_stableswap,15472065.53,0.4999,4.2321,35313959547,4.4,5832839417,16.54,0.0188,1,135.3039,relay_data_api_concorrente,15472065.53,0.3192
2023-01-03,Post-Merge_Pre-Shapella,1214.78,1185.23,0.975675,-0.024325,-2.4325,0.000101,-0.000679,19.154,43.4781,12.9501,38.9363,4.7152,4.2204,0.4948,10.4937,0.0014,0.3313,4.2204,4.6,4.4976,6.2808,99.45,0,0.0,5978870818,5939103647,772959395.0,258465.13,387250.68,59.38,27053578.83,0,0,0,0,yfinance_ETH-USD,yfinance_STETH-USD,beacon_formula_16632_sqrt_S,modelo_teorico_oficial,modelo_invariante_stableswap,15530718.05,0.4948,4.2204,35757626987,4.6,5798284845,16.61,0.0199,0,143.4303,relay_data_api_concorrente,15530718.05,0.3371
2023-01-04,Post-Merge_Pre-Shapella,1256.53,1236.88,0.984362,-0.015638,-1.5638,0.033789,0.042659,24.19,44.8612,29.6583,41.892,4.7165,4.2215,0.495,10.4951,0.0014,0.3326,4.2251,4.9,4.784,6.7014,99.45,0,0.0,5971446273,5926454976,808910343.0,281923.21,367590.53,56.21,28311862.01,0,0,0,0,yfinance_ETH-USD,yfinance_STETH-USD,beacon_formula_16632_sqrt_S,modelo_teorico_oficial,modelo_invariante_stableswap,15496344.26,0.4914,4.2215,35810487105,4.9,5998752856,16.55,0.021,1,151.5567,relay_data_api_concorrente,15496344.26,0.357
2023-01-05,Post-Merge_Pre-Shapella,1250.44,1236.93,0.989196,-0.010804,-1.0804,-0.004857,4.4e-05,25.7192,44.7556,30.1292,41.8561,4.7008,4.2074,0.4934,10.4961,0.0014,0.334,4.2111,5.5,5.3545,6.3195,99.45,0,0.0,6177010336,6132609824,812734050.0,296108.07,357715.21,54.44,28445691.75,0,0,0,0,yfinance_ETH-USD,yfinance_STETH-USD,beacon_formula_16632_sqrt_S,modelo_teorico_oficial,modelo_invariante_stableswap,15599861.06,0.4897,4.2074,36515189332,5.5,6002995483,16.79,0.0185,0,133.0891,relay_data_api_concorrente,15599861.06,0.3114
2023-01-06,Post-Merge_Pre-Shapella,1269.38,1229.84,0.968851,-0.031149,-3.1149,0.015033,-0.005747,25.5684,43.6525,31.1325,39.657,4.6939,4.2013,0.4926,10.4945,0.0013,0.3353,4.2042,4.5,4.402,6.6955,99.45,0,0.0,6178432119,6133240724,833970153.0,250523.98,419534.27,61.87,29188955.36,0,0,0,0,yfinance_ETH-USD,yfinance_STETH-USD,beacon_formula_16632_sqrt_S,modelo_teorico_oficial,modelo_invariante_stableswap,15650844.57,0.4897,4.2013,36440952753,4.5,6072713110,16.83,0.0159,0,114.6214,relay_data_api_concorrente,15650844.57,0.2673
2023-01-07,Post-Merge_Pre-Shapella,1264.27,1236.38,0.97794,-0.02206,-2.206,-0.004033,0.005299,26.082,41.4926,30.8903,37.6709,4.6839,4.1923,0.4916,10.4955,0.0013,0.3367,4.1927,4.5,4.402,6.0521,99.45,0,0.0,6251891607,6206539552,832985885.0,273085.48,394483.98,58.55,29154505.98,0,0,0,0,yfinance_ETH-USD,yfinance_STETH-USD,beacon_formula_16632_sqrt_S,modelo_teorico_oficial,modelo_invariante_stableswap,15737101.33,0.4912,4.1923,36671890059,4.5,6083815367,16.92,0.0134,1,96.1537,relay_data_api_concorrente,15737101.33,0.223
2023-01-08,Post-Merge_Pre-Shapella,1287.36,1259.11,0.978056,-0.021944,-2.1944,0.018098,0.018219,26.7268,41.7158,31.6307,38.0397,4.6903,4.198,0.4923,10.4961,0.0013,0.338,4.1961,4.2,4.1144,6.2658,99.45,0,0.0,6216768015,6172751295,840929408.0,271026.27,390768.9,58.51,29432529.28,0,0,0,0,yfinance_ETH-USD,yfinance_STETH-USD,beacon_formula_16632_sqrt_S,modelo_teorico_oficial,modelo_invariante_stableswap,15711680.38,0.4942,4.198,36768684108,4.2,6101687202,16.79,0.029,1,209.1555,relay_data_api_concorrente,15711680.38,0.4859
2023-01-09,Post-Merge_Pre-Shapella,1321.54,1291.09,0.976959,-0.023041,-2.3041,0.026204,0.025079,29.2425,42.6618,33.2116,38.956,4.6959,4.203,0.4929,10.4964,0.0014,0.3394,4.1973,5.2,5.0697,5.7531,99.45,0,0.0,6367278290,6317862863,961576880.0,298976.02,438751.84,58.91,33655190.8,0,0,0,0,yfinance_ETH-USD,yfinance_STETH-USD,beacon_formula_16632_sqrt_S,modelo_teorico_oficial,modelo_invariante_stableswap,15702061.74,0.4985,4.203,37362279744,5.2,6371375334,16.91,0.037,1,266.6965,relay_data_api_concorrente,15702061.74,0.6199
2023-01-10,Post-Merge_Pre-Shapella,1336.59,1315.64,0.984326,-0.015674,-1.5674,0.011322,0.018836,27.5258,42.7804,31.5847,39.4251,4.7031,4.2095,0.4936,10.4952,0.0014,0.3407,4.1991,4.7,4.5932,7.1039,99.45,0,0.0,6540307659,6486651651,973849013.0,318979.5,416150.46,56.22,34084715.46,0,0,0,0,yfinance_ETH-USD,yfinance_STETH-USD,beacon_formula_16632_sqrt_S,modelo_teorico_oficial,modelo_invariante_stableswap,15688931.05,0.504,4.2095,37977844378,4.7,6450965311,17.08,0.1965,1,1414.4691,relay_data_api_concorrente,15688931.05,3.2907
2023-01-11,Post-Merge_Pre-Shapella,1387.93,1347.88,0.971144,-0.028856,-2.8856,0.037697,0.024214,29.3491,44.5274,23.5017,40.1021,4.7091,4.2149,0.4942,10.4946,0.0014,0.3421,4.1986,4.4,4.3062,6.3891,99.45,0,0.0,6607654982,6554245704,979546538.0,275020.33,443539.17,61.03,34284128.83,0,0,0,0,yfinance_ETH-USD,yfinance_STETH-USD,beacon_formula_16632_sqrt_S,modelo_teorico_oficial,modelo_invariante_stableswap,15692833.17,0.5105,4.2149,38163335101,4.4,6481266893,17.17,0.0224,1,161.5347,relay_data_api_concorrente,15692833.17,0.3757
2023-01-12,Post-Merge_Pre-Shapella,1417.94,1393.51,0.982771,-0.017229,-1.7229,0.021389,0.033292,24.7331,43.494,25.1763,40.2521,4.7184,4.2232,0.4952,10.4951,0.0014,0.3434,4.2006,5.3,5.1647,6.5931,99.45,0,0.0,6957810563,6901670527,1065907845.0,324838.6,434375.21,56.79,37306774.58,0,0,0,0,yfinance_ETH-USD,yfinance_STETH-USD,beacon_formula_16632_sqrt_S,modelo_teorico_oficial,modelo_invariante_stableswap,15677679.13,0.5178,4.2232,39270851743,5.3,6850557186,17.57,0.0904,0,650.7557,relay_data_api_concorrente,15677679.13,1.5151
2023-01-13,Post-Merge_Pre-Shapella,1451.61,1422.38,0.979864,-0.020136,-2.0136,0.023473,0.020506,24.8763,43.9147,16.3025,40.7206,4.7305,4.234,0.4965,10.4957,0.0014,0.3448,4.2049,5.5,5.3545,6.9868,99.45,0,0.0,6965692285,6910456156,1149792829.0,333859.25,467638.33,57.85,40242749.02,0,0,0,0,yfinance_ETH-USD,yfinance_STETH-USD,beacon_formula_16632_sqrt_S,modelo_teorico_oficial,modelo_invariante_stableswap,15646026.73,0.5256,4.234,39512053541,5.5,6985216931,17.49,0.1583,1,1139.9767,relay_data_api_concorrente,15646026.73,2.6594
2023-01-14,Post-Merge_Pre-Shapella,1550.71,1502.73,0.969059,-0.030941,-3.0941,0.066034,0.054953,34.6589,47.0068,24.8244,42.5124,4.7401,4.2426,0.4975,10.4956,0.0014,0.3461,4.2063,6.0,5.8274,6.674,99.45,0,0.0,7632798212,7567873840,1215884064.0,299584.94,499966.53,61.79,42555942.24,0,0,0,0,yfinance_ETH-USD,yfinance_STETH-USD,beacon_formula_16632_sqrt_S,modelo_teorico_oficial,modelo_invariante_stableswap,15635460.28,0.5338,4.2426,41788916935,6.0,7415052776,18.11,0.0287,1,206.7676,relay_data_api_concorrente,15635460.28,0.4827
2023-01-15,Post-Merge_Pre-Shapella,1552.48,1518.44,0.978074,-0.021926,-2.1926,0.001142,0.010397,39.7445,34.994,27.2034,33.448,4.7448,4.2469,0.4979,10.4936,0.0014,0.3475,4.2027,4.8,4.6887,7.297,99.45,0,0.0,7586496588,7512131152,1233863369.0,329802.58,475390.18,58.5,43185217.92,0,0,0,0,yfinance_ETH-USD,yfinance_STETH-USD,beacon_formula_16632_sqrt_S,modelo_teorico_oficial,modelo_invariante_stableswap,15662009.79,0.5421,4.2469,41794598921,4.8,7515309583,17.97,0.042,0,302.2409,relay_data_api_concorrente,15662009.79,0.7044
2023-01-16,Post-Merge_Pre-Shapella,1576.83,1542.8,0.978419,-0.021581,-2.1581,0.015565,0.015917,40.5676,34.9619,28.3278,33.5302,4.7501,4.2515,0.4986,10.4966,0.0014,0.3489,4.1997,5.0,4.8793,6.2683,99.45,0,0.0,7673741330,7600631508,1255957665.0,331524.18,475240.08,58.38,43958518.28,0,0,0,0,yfinance_ETH-USD,yfinance_STETH-USD,beacon_formula_16632_sqrt_S,modelo_teorico_oficial,modelo_invariante_stableswap,15684354.33,0.5503,4.2515,42311687245,5.0,7662579723,17.96,0.0552,1,397.7142,relay_data_api_concorrente,15684354.33,0.9255
2023-01-17,Post-Merge_Pre-Shapella,1567.85,1534.08,0.978461,-0.021539,-2.1539,-0.005716,-0.005668,45.6665,35.1007,36.2298,32.9631,4.7537,4.2548,0.4989,10.495,0.0014,0.3502,4.1955,5.0,4.8793,6.0893,99.45,0,0.0,7780131820,7707883071,1293871200.0,343626.6,492227.42,58.36,45285492.0,0,0,0,0,yfinance_ETH-USD,yfinance_STETH-USD,beacon_formula_16632_sqrt_S,modelo_teorico_oficial,modelo_invariante_stableswap,15716158.27,0.5582,4.2548,42580040657,5.0,7671843598,18.1,0.068,1,489.5344,relay_data_api_concorrente,15716158.27,1.1369
2023-01-18,Post-Merge_Pre-Shapella,1515.51,1507.78,0.994899,-0.005101,-0.5101,-0.033953,-0.01729,58.8512,37.3441,45.7842,33.7362,4.7371,4.2399,0.4972,10.4959,0.0014,0.3516,4.1716,4.9,4.784,6.1085,99.45,0,0.0,7809191232,7737048870,1255361529.0,394619.07,435947.14,52.36,43937653.52,0,0,0,0,yfinance_ETH-USD,yfinance_STETH-USD,beacon_formula_16632_sqrt_S,modelo_teorico_oficial,modelo_invariante_stableswap,15896825.83,0.5655,4.2399,42814953638,4.9,7437888933,18.07,0.039,1,280.8821,relay_data_api_concorrente,15896825.83,0.6449
2023-01-19,Post-Merge_Pre-Shapella,1552.56,1537.32,0.990184,-0.009816,-0.9816,0.024153,0.019403,59.1366,35.8278,43.6444,32.6534,4.7466,4.2485,0.4981,10.4938,0.0014,0.353,4.1745,5.5,5.3545,5.7842,99.45,0,0.0,7542156346,7474740273,1276315493.0,377486.94,448991.99,54.08,44671042.26,0,0,0,0,yfinance_ETH-USD,yfinance_STETH-USD,beacon_formula_16632_sqrt_S,modelo_teorico_oficial,modelo_invariante_stableswap,15874198.55,0.5721,4.2485,41820092686,5.5,7570885159,17.87,0.0335,1,241.1944,relay_data_api_concorrente,15874198.55,0.5546
2023-01-20,Post-Merge_Pre-Shapella,1659.75,1629.58,0.981823,-0.018177,-1.8177,0.066767,0.058279,70.9111,40.9834,54.2807,35.7536,4.7606,4.261,0.4996,10.4945,0.0014,0.3543,4.1829,4.5,4.402,6.5191,99.45,0,0.0,7736681153,7668797814,1406336323.0,363197.0,493084.17,57.14,49221771.31,0,0,0,0,yfinance_ETH-USD,yfinance_STETH-USD,beacon_formula_16632_sqrt_S,modelo_teorico_oficial,modelo_invariante_stableswap,15810952.33,0.5777,4.261,42641652130,4.5,8081665298,17.98,0.2017,0,1452.0264,relay_data_api_concorrente,15810952.33,3.352
2023-01-21,Post-Merge_Pre-Shapella,1627.12,1614.92,0.992502,-0.007498,-0.7498,-0.019859,-0.009037,63.0467,42.2755,48.1213,36.3917,4.7552,4.2561,0.4991,10.4959,0.0014,0.3557,4.1729,5.3,5.1647,5.8734,99.45,0,0.0,8274947307,8196030030,1405466499.0,403932.51,463316.97,53.24,49191327.46,0,0,0,0,yfinance_ETH-USD,yfinance_STETH-USD,beacon_formula_16632_sqrt_S,modelo_teorico_oficial,modelo_invariante_stableswap,15886302.17,0.5823,4.2561,44031487486,5.3,8089146659,18.61,0.3698,1,2662.8583,relay_data_api_concorrente,15886302.17,6.1181
2023-01-22,Post-Merge_Pre-Shapella,1628.38,1603.18,0.984524,-0.015476,-1.5476,0.000776,-0.007299,63.0675,42.2968,49.7648,36.7083,4.7503,4.2518,0.4985,10.4941,0.0014,0.3571,4.1648,4.6,4.4976,5.9845,99.45,0,0.0,8178015434,8099691027,1380804802.0,371832.85,483613.58,56.15,48328168.07,0,0,0,0,yfinance_ETH-USD,yfinance_STETH-USD,beacon_formula_16632_sqrt_S,modelo_teorico_oficial,modelo_invariante_stableswap,15948736.98,0.5856,4.2518,43659922314,4.6,7966751218,18.55,0.2025,0,1457.76,relay_data_api_concorrente,15948736.98,3.3362
2023-01-23,Post-Merge_Pre-Shapella,1628.25,1612.58,0.990376,-0.009624,-0.9624,-8e-05,0.005846,62.7587,42.3212,49.2894,36.7172,4.7423,4.2446,0.4977,10.4949,0.0014,0.3584,4.1547,4.6,4.4976,6.0677,99.45,0,0.0,8196166621,8119040949,1383070916.0,390616.3,463263.79,54.01,48407482.06,0,0,0,0,yfinance_ETH-USD,yfinance_STETH-USD,beacon_formula_16632_sqrt_S,modelo_teorico_oficial,modelo_invariante_stableswap,16025771.62,0.5876,4.2446,43737236406,4.6,8125797506,18.56,0.0351,1,252.6616,relay_data_api_concorrente,16025771.62,0.5755
2023-01-24,Post-Merge_Pre-Shapella,1556.6,1557.04,1.000283,0.000283,0.0283,-0.045,-0.035045,72.3576,46.2821,57.5143,39.5849,4.7226,4.2269,0.4957,10.4963,0.0014,0.3598,4.1344,5.0,4.8793,6.0314,99.45,0,0.0,8257377782,8179803734,1550040875.0,493935.52,501708.91,50.4,54251430.63,0,0,0,0,yfinance_ETH-USD,yfinance_STETH-USD,beacon_formula_16632_sqrt_S,modelo_teorico_oficial,modelo_invariante_stableswap,16183586.85,0.5881,4.2269,43891101022,5.0,7787599145,18.64,0.2366,1,1703.4121,relay_data_api_concorrente,16183586.85,3.8418
2023-01-25,Post-Merge_Pre-Shapella,1611.71,1598.0,0.991494,-0.008506,-0.8506,0.03479,0.025964,70.3273,47.1983,57.1126,39.9984,4.738,4.2407,0.4973,10.496,0.0014,0.3612,4.1507,5.4,5.2596,5.9645,99.45,0,0.0,7860942579,7787439177,1545085338.0,444767.27,518303.81,53.61,54077986.83,0,0,0,0,yfinance_ETH-USD,yfinance_STETH-USD,beacon_formula_16632_sqrt_S,modelo_teorico_oficial,modelo_invariante_stableswap,16056649.36,0.5873,4.2407,42740836647,5.4,8036826105,18.22,0.0429,1,309.2121,relay_data_api_concorrente,16056649.36,0.7029
2023-01-26,Post-Merge_Pre-Shapella,1603.11,1574.07,0.981885,-0.018115,-1.8115,-0.005353,-0.015089,69.6309,46.9015,58.4492,39.7056,4.7199,4.2245,0.4954,10.496,0.0014,0.3625,4.135,5.0,4.8793,5.7805,99.45,0,0.0,8214929842,8136103097,1574862881.0,421330.47,571400.13,57.11,55120200.84,0,0,0,0,yfinance_ETH-USD,yfinance_STETH-USD,beacon_formula_16632_sqrt_S,modelo_teorico_oficial,modelo_invariante_stableswap,16179454.28,0.5849,4.2245,44001380943,5.0,7990514125,18.49,0.0328,1,235.8037,relay_data_api_concorrente,16179454.28,0.532
2023-01-27,Post-Merge_Pre-Shapella,1598.16,1577.78,0.987248,-0.012752,-1.2752,-0.003092,0.002358,45.9063,46.0145,36.2122,39.1325,4.6921,4.1997,0.4924,10.4942,0.0013,0.3639,4.111,5.7,5.5439,5.7124,99.45,0,0.0,8105353129,8028783864,1566769556.0,439664.71,547677.75,55.15,54836934.46,0,0,0,0,yfinance_ETH-USD,yfinance_STETH-USD,beacon_formula_16632_sqrt_S,modelo_teorico_oficial,modelo_invariante_stableswap,16368544.06,0.5811,4.1997,43733026151,5.7,7980089286,18.36,0.0232,0,167.1637,relay_data_api_concorrente,16368544.06,0.3728
2023-01-28,Post-Merge_Pre-Shapella,1572.44,1558.85,0.991357,-0.008643,-0.8643,-0.016225,-0.012072,45.2809,46.9038,36.5029,39.8842,4.6805,4.1893,0.4912,10.4946,0.0013,0.3652,4.1046,4.6,4.4976,5.7851,99.45,0,0.0,8170358688,8091100051,1542329477.0,454596.33,530842.63,53.65,53981531.7,0,0,0,0,yfinance_ETH-USD,yfinance_STETH-USD,beacon_formula_16632_sqrt_S,modelo_teorico_oficial,modelo_invariante_stableswap,16419389.4,0.5759,4.1893,44044835939,4.6,7825398568,18.37,0.0137,1,98.5236,relay_data_api_concorrente,16419389.4,0.219
2023-01-29,Post-Merge_Pre-Shapella,1646.16,1631.45,0.991064,-0.008936,-0.8936,0.045817,0.04552,58.4665,48.4382,51.4053,41.6341,4.6802,4.189,0.4912,10.4953,0.0013,0.3666,4.1108,4.4,4.3062,5.2143,99.45,0,0.0,8090291824,8012036540,1616563685.0,454081.16,532700.02,53.76,56579728.98,0,0,0,0,yfinance_ETH-USD,yfinance_STETH-USD,beacon_formula_16632_sqrt_S,modelo_teorico_oficial,modelo_invariante_stableswap,16369834.62,0.5694,4.189,43791451855,4.4,8222577842,18.3,0.04,1,288.1576,relay_data_api_concorrente,16369834.62,0.6425
2023-01-30,Post-Merge_Pre-Shapella,1567.33,1554.28,0.991674,-0.008326,-0.8326,-0.049071,-0.048459,69.0438,52.5784,62.9203,46.4283,4.6538,4.1654,0.4884,10.4946,0.0013,0.3679,4.0922,4.6,4.4976,4.9486,99.45,0,0.0,8397851251,8314711589,1542021906.0,457107.92,531167.46,53.54,53970766.71,0,0,0,0,yfinance_ETH-USD,yfinance_STETH-USD,beacon_formula_16632_sqrt_S,modelo_teorico_oficial,modelo_invariante_stableswap,16519297.56,0.5616,4.1654,44892174057,4.6,7788301946,18.52,0.0867,1,624.5514,relay_data_api_concorrente,16519297.56,1.38
2023-01-31,Post-Merge_Pre-Shapella,1586.54,1569.14,0.989033,-0.010967,-1.0967,0.012181,0.009517,60.9944,52.5515,58.134,46.371,4.6593,4.1703,0.489,10.4951,0.0013,0.3692,4.1064,4.8,4.6887,5.2427,99.45,0,0.0,8022423607,7946000022,1569664618.0,450138.34,545204.47,54.5,54938261.63,0,0,0,0,yfinance_ETH-USD,yfinance_STETH-USD,beacon_formula_16632_sqrt_S,modelo_teorico_oficial,modelo_invariante_stableswap,16404919.9,0.5529,4.1703,43365828382,4.8,7888142136,18.32,0.069,0,496.9546,relay_data_api_concorrente,16404919.9,1.1057
2023-02-01,Post-Merge_Pre-Shapella,1641.79,1606.3,0.978383,-0.021617,-2.1617,0.034236,0.023404,60.8184,53.2664,57.4938,46.5814,4.6458,4.1582,0.4876,10.4955,0.0013,0.3706,4.1026,4.7,4.5932,5.89,99.45,0,0.0,8115827973,8039291883,1620376038.0,410659.95,589029.84,58.39,56713161.33,0,0,0,0,yfinance_ETH-USD,yfinance_STETH-USD,beacon_formula_16632_sqrt_S,modelo_teorico_oficial,modelo_invariante_stableswap,16435282.8,0.5432,4.1582,43692528229,4.7,8215408628,18.4,0.0513,0,369.3577,relay_data_api_concorrente,16435282.8,0.8203
2023-02-02,Post-Merge_Pre-Shapella,1643.24,1630.41,0.992192,-0.007808,-0.7808,0.000882,0.0149,60.4855,53.2487,56.5416,46.444,4.6286,4.1428,0.4858,10.4956,0.0013,0.3719,4.0958,5.1,4.9745,5.3901,99.45,0,0.0,8617130977,8535224157,1644260355.0,466786.82,538034.96,53.35,57549112.42,0,0,0,0,yfinance_ETH-USD,yfinance_STETH-USD,beacon_formula_16632_sqrt_S,modelo_teorico_oficial,modelo_invariante_stableswap,16490406.04,0.5328,4.1428,45559814980,5.1,8306017890,18.73,0.0336,1,241.7609,relay_data_api_concorrente,16490406.04,0.5351
2023-02-03,Post-Merge_Pre-Shapella,1664.75,1651.25,0.991891,-0.008109,-0.8109,0.013001,0.012702,60.5296,52.5727,56.7379,44.9967,4.6174,4.1328,0.4846,10.4951,0.0013,0.3732,4.0955,5.0,4.8793,5.6161,99.45,0,0.0,8452819125,8373698850,1650352012.0,461387.86,534296.18,53.46,57762320.42,0,0,0,0,yfinance_ETH-USD,yfinance_STETH-USD,beacon_formula_16632_sqrt_S,modelo_teorico_oficial,modelo_invariante_stableswap,16493103.04,0.5219,4.1328,45047869690,5.0,8321479253,18.59,0.0421,1,302.919,relay_data_api_concorrente,16493103.04,0.6704
2023-02-04,Post-Merge_Pre-Shapella,1667.06,1649.31,0.989353,-0.010647,-1.0647,0.001389,-0.001174,57.9043,52.4047,55.0894,45.0314,4.6101,4.1263,0.4838,10.4943,0.0013,0.3746,4.0993,5.0,4.8793,4.642,99.45,0,0.0,8549030272,8467806233,1664329520.0,455398.63,548806.88,54.39,58251533.2,0,0,0,0,yfinance_ETH-USD,yfinance_STETH-USD,beacon_formula_16632_sqrt_S,modelo_teorico_oficial,modelo_invariante_stableswap,16461874.04,0.5108,4.1263,45524675305,5.0,8455770307,18.6,0.0941,1,677.4243,relay_data_api_concorrente,16461874.04,1.502
2023-02-05,Post-Merge_Pre-Shapella,1631.65,1614.51,0.989495,-0.010505,-1.0505,-0.021472,-0.021329,51.4422,53.4634,48.1471,46.0165,4.5799,4.0992,0.4807,10.4959,0.0013,0.3759,4.0803,4.6,4.4976,4.5616,99.45,0,0.0,8562793255,8483219266,1612137925.0,451203.04,542537.67,54.33,56424827.38,0,0,0,0,yfinance_ETH-USD,yfinance_STETH-USD,beacon_formula_16632_sqrt_S,modelo_teorico_oficial,modelo_invariante_stableswap,16615463.98,0.4996,4.0992,45473403458,4.6,8259229000,18.66,0.0279,1,200.8641,relay_data_api_concorrente,16615463.98,0.4412
2023-02-06,Post-Merge_Pre-Shapella,1616.25,1607.05,0.994308,-0.005692,-0.5692,-0.009482,-0.004633,34.0712,53.6559,28.5528,46.2488,4.5763,4.096,0.4803,10.4954,0.0013,0.3772,4.0878,4.6,4.4976,4.5408,99.45,0,0.0,8447541188,8369179136,1611088168.0,472706.03,527100.62,52.58,56388085.88,0,0,0,0,yfinance_ETH-USD,yfinance_STETH-USD,beacon_formula_16632_sqrt_S,modelo_teorico_oficial,modelo_invariante_stableswap,16554896.39,0.4885,4.096,44908209530,4.6,8299876201,18.64,0.0283,0,203.5434,relay_data_api_concorrente,16554896.39,0.4488
2023-02-07,Post-Merge_Pre-Shapella,1672.0,1641.23,0.981597,-0.018403,-1.8403,0.033916,0.021048,40.1644,54.3034,30.8415,46.3322,4.5687,4.0892,0.4795,10.4953,0.0013,0.3785,4.0908,5.0,4.8793,4.7344,99.45,0,0.0,8366392538,8291196516,1641712736.0,420068.44,572350.2,57.22,57459945.76,0,0,0,0,yfinance_ETH-USD,yfinance_STETH-USD,beacon_formula_16632_sqrt_S,modelo_teorico_oficial,modelo_invariante_stableswap,16530596.98,0.4779,4.0892,44830863115,5.0,8426802837,18.49,0.0286,0,206.2227,relay_data_api_concorrente,16530596.98,0.4553
2023-02-08,Post-Merge_Pre-Shapella,1650.72,1631.05,0.988084,-0.011916,-1.1916,-0.012813,-0.006223,35.167,54.427,28.2235,46.2373,4.5406,4.064,0.4766,10.4964,0.0013,0.3798,4.0726,5.1,4.9745,5.0119,99.45,0,0.0,8690052411,8610421720,1630460905.0,445965.31,548295.3,54.85,57066131.68,0,0,0,0,yfinance_ETH-USD,yfinance_STETH-USD,beacon_formula_16632_sqrt_S,modelo_teorico_oficial,modelo_invariante_stableswap,16678579.03,0.4679,4.064,45949323588,5.1,8334264841,18.74,0.029,1,208.902,relay_data_api_concorrente,16678579.03,0.4572
2023-02-09,Post-Merge_Pre-Shapella,1546.44,1540.13,0.99592,-0.00408,-0.408,-0.065255,-0.057354,59.2356,60.0036,48.9993,51.3062,4.5158,4.0418,0.474,10.4965,0.0013,0.3811,4.0569,5.4,5.2596,5.0831,99.45,0,0.0,8542928906,8466450810,1514634676.0,470244.44,511274.94,51.99,53012213.66,0,0,0,0,yfinance_ETH-USD,yfinance_STETH-USD,beacon_formula_16632_sqrt_S,modelo_teorico_oficial,modelo_invariante_stableswap,16807734.29,0.4588,4.0418,45439570922,5.4,7839454933,18.63,0.0772,1,555.6411,relay_data_api_concorrente,16807734.29,1.2066
2023-02-10,Post-Merge_Pre-Shapella,1514.87,1506.99,0.994798,-0.005202,-0.5202,-0.020625,-0.021756,56.6717,59.4324,46.3291,51.6721,4.4956,4.0238,0.4718,10.4947,0.0013,0.3824,4.0448,5.1,4.9745,5.2117,99.45,0,0.0,8023060718,7954950421,1497645992.0,470596.85,520741.97,52.4,52417609.72,0,0,0,0,yfinance_ETH-USD,yfinance_STETH-USD,beacon_formula_16632_sqrt_S,modelo_teorico_oficial,modelo_invariante_stableswap,16908505.48,0.4507,4.0238,43406250061,5.1,7681386223,18.33,0.1149,1,826.9716,relay_data_api_concorrente,16908505.48,1.7852
2023-02-11,Post-Merge_Pre-Shapella,1539.93,1523.61,0.989402,-0.010598,-1.0598,0.016406,0.010971,60.0074,59.2627,48.979,50.6405,4.4901,4.0189,0.4712,10.4942,0.0013,0.3837,4.0462,4.8,4.6887,5.1467,99.45,0,0.0,7859431410,7791264243,1521430062.0,450849.76,542890.24,54.37,53250052.17,0,0,0,0,yfinance_ETH-USD,yfinance_STETH-USD,beacon_formula_16632_sqrt_S,modelo_teorico_oficial,modelo_invariante_stableswap,16897238.65,0.4439,4.0189,42850798170,4.8,7769949290,18.18,0.0239,1,172.155,relay_data_api_concorrente,16897238.65,0.3719
2023-02-12,Post-Merge_Pre-Shapella,1515.03,1507.98,0.995347,-0.004653,-0.4653,-0.016297,-0.010316,59.5903,59.1359,48.2508,50.4384,4.4833,4.0128,0.4705,10.4945,0.0013,0.385,4.0449,4.4,4.3062,5.0406,99.45,0,0.0,7987098943,7918021544,1524403452.0,480951.99,527690.52,52.2,53354120.82,0,0,0,0,yfinance_ETH-USD,yfinance_STETH-USD,beacon_formula_16632_sqrt_S,modelo_teorico_oficial,modelo_invariante_stableswap,16908286.13,0.4385,4.0128,43379350058,4.4,7657049802,18.25,0.0462,1,332.371,relay_data_api_concorrente,16908286.13,0.7175
2023-02-13,Post-Merge_Pre-Shapella,1507.17,1474.76,0.978496,-0.021504,-2.1504,-0.005207,-0.022275,59.7187,54.3683,48.791,47.3207,4.4794,4.0093,0.4701,10.4947,0.0013,0.3863,4.0448,5.0,4.8793,4.5484,99.45,0,0.0,7878311523,7807991831,1460216887.0,403534.78,577735.61,58.35,51107591.04,0,0,0,0,yfinance_ETH-USD,yfinance_STETH-USD,beacon_formula_16632_sqrt_S,modelo_teorico_oficial,modelo_invariante_stableswap,16908558.61,0.4346,4.0093,43035979945,5.0,7574235205,18.14,0.054,1,388.4751,relay_data_api_concorrente,16908558.61,0.8386
2023-02-14,Post-Merge_Pre-Shapella,1556.88,1526.8,0.980679,-0.019321,-1.9321,0.03245,0.03468,59.0689,55.6026,55.0463,48.7686,4.4758,4.0061,0.4697,10.4942,0.0013,0.3876,4.0435,4.8,4.6887,5.0201,99.45,0,0.0,7828716249,7760411512,1553149603.0,423468.55,585446.61,57.55,54360236.1,0,0,0,0,yfinance_ETH-USD,yfinance_STETH-USD,beacon_formula_16632_sqrt_S,modelo_teorico_oficial,modelo_invariante_stableswap,16919914.14,0.4324,4.0061,42987668922,4.8,7916797626,18.05,0.0442,0,318.0087,relay_data_api_concorrente,16919914.14,0.686
2023-02-15,Post-Merge_Pre-Shapella,1673.75,1642.27,0.981192,-0.018808,-1.8808,0.072384,0.072907,83.6791,60.8744,81.7918,54.7653,4.4991,4.0269,0.4722,10.4954,0.0013,0.3888,4.0673,6.5,6.298,4.8985,99.45,0,0.0,8094204866,8023488922,1661514104.0,423241.22,580363.83,57.36,58152993.64,0,0,0,0,yfinance_ETH-USD,yfinance_STETH-USD,beacon_formula_16632_sqrt_S,modelo_teorico_oficial,modelo_invariante_stableswap,16722480.41,0.4318,4.0269,43896953854,6.5,8504350968,18.28,0.0344,1,247.5422,relay_data_api_concorrente,16722480.41,0.5403
2023-02-16,Post-Merge_Pre-Shapella,1640.07,1628.86,0.993165,-0.006835,-0.6835,-0.020327,-0.008199,66.1777,61.3189,66.792,54.8175,4.5083,4.0352,0.4731,10.494,0.0013,0.3901,4.0752,5.3,5.1647,5.7768,99.45,0,0.0,8828021852,8751260418,1652098020.0,473503.22,537504.51,52.99,57823430.7,0,0,0,0,yfinance_ETH-USD,yfinance_STETH-USD,beacon_formula_16632_sqrt_S,modelo_teorico_oficial,modelo_invariante_stableswap,16657252.48,0.4331,4.0352,46711962080,5.3,8610763753,18.73,0.0299,0,215.0755,relay_data_api_concorrente,16657252.48,0.4713
2023-02-17,Post-Merge_Pre-Shapella,1694.78,1671.56,0.986299,-0.013701,-1.3701,0.032817,0.025877,63.1001,60.8813,62.6074,54.9734,4.5215,4.047,0.4745,10.4943,0.0013,0.3914,4.0854,5.0,4.8793,5.3411,99.45,0,0.0,8670649255,8596728960,1691994145.0,444252.59,561800.8,55.5,59219795.08,0,0,0,0,yfinance_ETH-USD,yfinance_STETH-USD,beacon_formula_16632_sqrt_S,modelo_teorico_oficial,modelo_invariante_stableswap,16574251.2,0.4361,4.047,46004365412,5.0,8626600457,18.69,0.0254,1,182.6088,relay_data_api_concorrente,16574251.2,0.4021
2023-02-18,Post-Merge_Pre-Shapella,1691.82,1673.98,0.989455,-0.010545,-1.0545,-0.00175,0.001446,64.3837,60.4564,63.3359,54.6731,4.5167,4.0427,0.474,10.4944,0.0013,0.3927,4.0758,5.4,5.2596,5.3282,99.45,0,0.0,8921567312,8842640157,1684013039.0,454400.53,546750.34,54.35,58940456.36,0,0,0,0,yfinance_ETH-USD,yfinance_STETH-USD,beacon_formula_16632_sqrt_S,modelo_teorico_oficial,modelo_invariante_stableswap,16652406.06,0.4409,4.0427,47179481869,5.4,8695335093,18.74,0.0811,1,584.1363,relay_data_api_concorrente,16652406.06,1.2804
2023-02-19,Post-Merge_Pre-Shapella,1681.44,1667.24,0.991555,-0.008445,-0.8445,-0.006156,-0.004031,61.9032,55.9369,62.051,50.9111,4.5208,4.0463,0.4745,10.4959,0.0013,0.394,4.0733,5.0,4.8793,5.3845,99.45,0,0.0,8938626175,8858545567,1679012935.0,463523.96,539589.5,53.58,58765452.73,0,0,0,0,yfinance_ETH-USD,yfinance_STETH-USD,beacon_formula_16632_sqrt_S,modelo_teorico_oficial,modelo_invariante_stableswap,16672749.88,0.4474,4.0463,47418824053,5.0,8689677236,18.68,0.0347,1,249.634,relay_data_api_concorrente,16672749.88,0.5465
2023-02-20,Post-Merge_Pre-Shapella,1702.68,1674.01,0.983162,-0.016838,-1.6838,0.012552,0.004049,59.6849,55.5985,55.1256,50.7986,4.5303,4.0549,0.4754,10.4938,0.0013,0.3953,4.0748,4.9,4.784,5.0258,99.45,0,0.0,8856689609,8773461425,1691070211.0,430592.43,572224.23,56.65,59187457.39,0,0,0,0,yfinance_ETH-USD,yfinance_STETH-USD,beacon_formula_16632_sqrt_S,modelo_teorico_oficial,modelo_invariante_stableswap,16660950.64,0.4556,4.0549,47046716811,4.9,8805981338,18.65,0.0727,1,523.7055,relay_data_api_concorrente,16660950.64,1.1473
2023-02-21,Post-Merge_Pre-Shapella,1658.04,1642.2,0.990447,-0.009553,-0.9553,-0.026567,-0.019185,65.5706,56.4555,58.8678,51.2163,4.5165,4.0425,0.474,10.4949,0.0013,0.3966,4.0513,5.0,4.8793,4.9587,99.45,0,0.0,9034278122,8945698340,1636871087.0,454260.46,538112.95,53.99,57290488.04,0,0,0,0,yfinance_ETH-USD,yfinance_STETH-USD,beacon_formula_16632_sqrt_S,modelo_teorico_oficial,modelo_invariante_stableswap,16854639.55,0.4652,4.0425,47760464730,5.0,8518937163,18.73,0.0757,1,544.7984,relay_data_api_concorrente,16854639.55,1.1798
2023-02-22,Post-Merge_Pre-Shapella,1643.23,1619.1,0.985316,-0.014684,-1.4684,-0.008969,-0.014166,38.4208,56.5541,28.2459,51.4434,4.4991,4.0269,0.4722,10.4954,0.0013,0.3979,4.023,5.3,5.1647,5.2626,99.45,0,0.0,8796116232,8712571509,1632143646.0,438418.14,563104.07,55.86,57125027.61,0,0,0,0,yfinance_ETH-USD,yfinance_STETH-USD,beacon_formula_16632_sqrt_S,modelo_teorico_oficial,modelo_invariante_stableswap,17092875.85,0.4762,4.0269,46561269540,5.3,8433148902,18.71,0.0647,0,466.0999,relay_data_api_concorrente,17092875.85,0.9953
2023-02-23,Post-Merge_Pre-Shapella,1651.07,1645.52,0.996639,-0.003361,-0.3361,0.004761,0.016188,35.5546,54.1492,30.412,50.1206,4.5169,4.0429,0.474,10.4939,0.0013,0.3992,4.0286,5.0,4.8793,5.412,99.45,0,0.0,8716993448,8637134669,1644501586.0,480808.27,516951.16,51.73,57557555.51,0,0,0,0,yfinance_ETH-USD,yfinance_STETH-USD,beacon_formula_16632_sqrt_S,modelo_teorico_oficial,modelo_invariante_stableswap,17045360.73,0.4884,4.0429,46240669364,5.0,8543493058,18.68,0.0538,1,387.4015,relay_data_api_concorrente,17045360.73,0.8296
2023-02-24,Post-Merge_Pre-Shapella,1608.37,1596.73,0.992763,-0.007237,-0.7237,-0.026203,-0.030099,28.1518,53.6727,29.9227,50.5377,4.5121,4.0385,0.4736,10.4962,0.0013,0.4005,4.0106,4.7,4.5932,5.1258,99.45,0,0.0,8763753873,8684516652,1603065907.0,467036.01,533527.4,53.14,56107306.74,0,0,0,0,yfinance_ETH-USD,yfinance_STETH-USD,beacon_formula_16632_sqrt_S,modelo_teorico_oficial,modelo_invariante_stableswap,17198702.01,0.5015,4.0385,46403733914,4.7,8334585062,18.72,0.0573,0,412.2057,relay_data_api_concorrente,17198702.01,0.8748
2023-02-25,Post-Merge_Pre-Shapella,1594.91,1593.82,0.999317,-0.000683,-0.0683,-0.008403,-0.001828,27.7355,53.721,29.4812,50.2512,4.5219,4.0473,0.4746,10.4956,0.0013,0.4018,4.0064,4.5,4.402,5.0396,99.45,0,0.0,8534063544,8458180562,1585755368.0,489658.33,504946.86,50.75,55501437.88,0,0,0,0,yfinance_ETH-USD,yfinance_STETH-USD,beacon_formula_16632_sqrt_S,modelo_teorico_oficial,modelo_invariante_stableswap,17234396.52,0.5155,4.0473,45375857369,4.5,8501429801,18.64,0.0607,0,437.0099,relay_data_api_concorrente,17234396.52,0.9255
2023-02-26,Post-Merge_Pre-Shapella,1640.82,1625.83,0.990864,-0.009136,-0.9136,0.028374,0.019887,38.5531,54.6193,35.4137,50.7064,4.5344,4.0585,0.4759,10.4953,0.0013,0.4031,4.0044,4.1,4.0184,5.0421,99.45,0,0.0,8785443412,8711764082,1631517441.0,459043.53,540222.31,53.83,57103110.44,0,0,0,0,yfinance_ETH-USD,yfinance_STETH-USD,beacon_formula_16632_sqrt_S,modelo_teorico_oficial,modelo_invariante_stableswap,17252021.56,0.53,4.0585,45433847010,4.1,8975443870,19.17,0.0641,0,461.8141,relay_data_api_concorrente,17252021.56,0.9771
2023-02-27,Post-Merge_Pre-Shapella,1634.33,1625.0,0.994291,-0.005709,-0.5709,-0.003964,-0.00051,36.1407,54.3026,34.9653,50.4911,4.5283,4.0531,0.4752,10.494,0.0013,0.4044,3.9834,4.0,3.9223,5.1954,99.45,0,0.0,9147403554,9071533823,1623398414.0,471001.49,525308.65,52.58,56818944.49,0,0,0,0,yfinance_ETH-USD,yfinance_STETH-USD,beacon_formula_16632_sqrt_S,modelo_teorico_oficial,modelo_invariante_stableswap,17434242.11,0.5449,4.0531,46570060548,4.0,9157302947,19.48,0.0676,1,486.6183,relay_data_api_concorrente,17434242.11,1.0188
2023-02-28,Post-Merge_Pre-Shapella,1605.9,1605.51,0.999757,-0.000243,-0.0243,-0.017549,-0.012069,33.4857,52.2207,33.4608,48.0943,4.5231,4.0484,0.4747,10.495,0.0013,0.4057,3.9632,4.6,4.4976,4.9929,99.45,0,0.0,9369689599,9294069212,1691595377.0,520484.17,533008.11,50.59,59205838.2,0,0,0,0,yfinance_ETH-USD,yfinance_STETH-USD,beacon_formula_16632_sqrt_S,modelo_teorico_oficial,modelo_invariante_stableswap,17612016.96,0.5599,4.0484,46750742087,4.6,9119343201,19.88,0.1302,1,937.682,relay_data_api_concorrente,17612016.96,1.9433
2023-03-01,Post-Merge_Pre-Shapella,1663.43,1654.11,0.994397,-0.005603,-0.5603,0.035203,0.029822,43.6116,50.6716,39.2833,45.9811,4.5258,4.0508,0.475,10.4954,0.0013,0.407,3.951,4.4,4.3062,5.0665,99.45,0,0.0,9296825148,9223785930,1749475058.0,499084.76,555756.56,52.55,61231627.03,0,0,0,0,yfinance_ETH-USD,yfinance_STETH-USD,beacon_formula_16632_sqrt_S,modelo_teorico_oficial,modelo_invariante_stableswap,17720775.49,0.5748,4.0508,46480551993,4.4,9392012530,19.84,0.0364,1,261.8134,relay_data_api_concorrente,17720775.49,0.5393
2023-03-02,Post-Merge_Pre-Shapella,1647.32,1634.48,0.992206,-0.007794,-0.7794,-0.009735,-0.011936,44.2533,50.6932,38.8106,46.1526,4.5118,4.0383,0.4735,10.4947,0.0013,0.4083,3.9226,4.8,4.6887,4.995,99.45,0,0.0,9620593714,9545076720,1784141979.0,505310.36,582285.57,53.34,62444969.27,0,0,0,0,yfinance_ETH-USD,yfinance_STETH-USD,beacon_formula_16632_sqrt_S,modelo_teorico_oficial,modelo_invariante_stableswap,17979091.66,0.5892,4.0383,47633784122,4.8,9357036499,20.04,0.0258,1,185.8127,relay_data_api_concorrente,17979091.66,0.3772
2023-03-03,Post-Merge_Pre-Shapella,1569.17,1564.2,0.996833,-0.003167,-0.3167,-0.048604,-0.043952,54.0861,52.1243,45.7977,48.0447,4.4938,4.0222,0.4716,10.4945,0.0013,0.4096,3.8907,5.2,5.0697,5.1323,99.45,0,0.0,9557902329,9483236350,1692888014.0,521560.27,559053.38,51.66,59251080.49,0,0,0,0,yfinance_ETH-USD,yfinance_STETH-USD,beacon_formula_16632_sqrt_S,modelo_teorico_oficial,modelo_invariante_stableswap,18275042.84,0.6031,4.0222,47330713355,5.2,8892671081,20.04,0.0473,1,340.6375,relay_data_api_concorrente,18275042.84,0.6803
2023-03-04,Post-Merge_Pre-Shapella,1566.92,1560.42,0.995852,-0.004148,-0.4148,-0.001431,-0.002418,53.9377,52.1172,45.791,47.7071,4.4831,4.0126,0.4705,10.495,0.0013,0.4109,3.8668,4.4,4.3062,5.065,99.45,0,0.0,9153048248,9080209347,1687275069.0,516713.88,562429.19,52.01,59054627.42,0,0,0,0,yfinance_ETH-USD,yfinance_STETH-USD,beacon_formula_16632_sqrt_S,modelo_teorico_oficial,modelo_invariante_stableswap,18501132.55,0.6162,4.0126,45702807189,4.4,8893195751,19.87,0.0443,0,318.8102,relay_data_api_concorrente,18501132.55,0.629
2023-03-05,Post-Merge_Pre-Shapella,1564.47,1556.13,0.994669,-0.005331,-0.5331,-0.001568,-0.002755,47.4443,51.8511,41.6288,47.4334,4.472,4.0027,0.4693,10.4942,0.0013,0.4122,3.8436,4.4,4.3062,4.7666,99.45,0,0.0,9137117452,9065150337,1690468596.0,513840.83,569733.91,52.45,59166400.86,0,0,0,0,yfinance_ETH-USD,yfinance_STETH-USD,beacon_formula_16632_sqrt_S,modelo_teorico_oficial,modelo_invariante_stableswap,18725137.65,0.6284,4.0027,45776141184,4.4,8949243946,19.8,0.0412,1,296.9828,relay_data_api_concorrente,18725137.65,0.5789
2023-03-06,Post-Merge_Pre-Shapella,1567.4,1561.54,0.996261,-0.003739,-0.3739,0.001871,0.003473,47.8424,51.8554,42.0605,47.4709,4.4717,4.0024,0.4693,10.4949,0.0013,0.4135,3.8324,4.2,4.1144,3.7856,99.45,0,0.0,9147314197,9070411084,1692669690.0,519835.13,562188.68,51.86,59243439.15,0,0,0,0,yfinance_ETH-USD,yfinance_STETH-USD,beacon_formula_16632_sqrt_S,modelo_teorico_oficial,modelo_invariante_stableswap,18835249.92,0.6393,4.0024,45783014578,4.2,8951541051,19.81,0.0831,0,598.4075,relay_data_api_concorrente,18835249.92,1.1596
2023-03-07,Post-Merge_Pre-Shapella,1561.93,1552.76,0.994129,-0.005871,-0.5871,-0.003493,-0.005643,46.8396,51.3851,41.7224,46.9724,4.481,4.0107,0.4703,10.4954,0.0013,0.4148,3.832,5.0,4.8793,3.7284,99.45,0,0.0,9127026748,9050953704,1650315880.0,500349.81,559522.72,52.64,57761055.8,0,0,0,0,yfinance_ETH-USD,yfinance_STETH-USD,beacon_formula_16632_sqrt_S,modelo_teorico_oficial,modelo_invariante_stableswap,18839345.62,0.649,4.0107,45723060896,5.0,8854505893,19.8,0.125,1,899.8323,relay_data_api_concorrente,18839345.62,1.7434
2023-03-08,Post-Merge_Pre-Shapella,1534.09,1522.33,0.992334,-0.007666,-0.7666,-0.017988,-0.019789,33.6813,51.6374,30.5937,47.4033,4.4711,4.0018,0.4693,10.4963,0.0013,0.4161,3.8138,4.6,4.4976,3.9715,99.45,0,0.0,9173596299,9098521815,1649500320.0,502157.09,577500.37,53.3,57732511.2,0,0,0,0,yfinance_ETH-USD,yfinance_STETH-USD,beacon_formula_16632_sqrt_S,modelo_teorico_oficial,modelo_invariante_stableswap,19019474.86,0.6573,4.0018,45829838309,4.6,8887470447,19.85,0.0926,1,666.6675,relay_data_api_concorrente,19019474.86,1.2794
2023-03-09,Post-Merge_Pre-Shapella,1438.66,1437.47,0.999173,-0.000827,-0.0827,-0.064224,-0.057359,50.6093,54.3821,44.8997,50.4379,4.4597,3.9917,0.468,10.494,0.0013,0.4173,3.7957,4.5,4.402,3.8305,99.45,0,0.0,8969852117,8900073423,1540592335.0,526827.73,544474.91,50.8,53920731.72,0,0,0,0,yfinance_ETH-USD,yfinance_STETH-USD,beacon_formula_16632_sqrt_S,modelo_teorico_oficial,modelo_invariante_stableswap,19201372.18,0.6641,3.9917,44915275180,4.5,8296217480,19.82,0.0248,1,178.3806,relay_data_api_concorrente,19201372.18,0.3391
2023-03-10,Post-Merge_Pre-Shapella,1429.16,1432.91,1.002624,0.002624,0.2624,-0.006627,-0.003178,44.5638,54.3132,40.1589,50.4354,4.4755,4.0058,0.4697,10.4949,0.0013,0.4186,3.8062,5.4,5.2596,3.8964,99.45,0,0.0,8374692207,8310514624,1518476445.0,536103.81,525014.36,49.54,53146675.58,0,0,0,0,yfinance_ETH-USD,yfinance_STETH-USD,beacon_formula_16632_sqrt_S,modelo_teorico_oficial,modelo_invariante_stableswap,19094834.99,0.6693,4.0058,42650892923,5.4,8156017042,19.48,0.0873,0,628.8258,relay_data_api_concorrente,19094834.99,1.202
2023-03-11,Post-Merge_Pre-Shapella,1482.62,1478.07,0.996931,-0.003069,-0.3069,0.036723,0.031033,57.4312,51.6081,51.0636,48.1061,4.4858,4.015,0.4708,10.4953,0.0013,0.4199,3.8128,6.2,6.0159,4.63,99.45,0,0.0,8448997878,8381550725,1219518624.0,397950.76,425899.22,51.62,42683151.84,0,0,0,0,yfinance_ETH-USD,yfinance_STETH-USD,beacon_formula_16632_sqrt_S,modelo_teorico_oficial,modelo_invariante_stableswap,19029059.63,0.673,4.015,42330082694,6.2,8444113663,19.8,0.1499,1,1079.271,relay_data_api_concorrente,19029059.63,2.0702
2023-03-12,Post-Merge_Pre-Shapella,1590.29,1569.03,0.986631,-0.013369,-1.3369,0.07011,0.059719,80.8057,56.7984,70.8658,51.9977,4.5074,4.0343,0.4731,10.4961,0.0013,0.4212,3.8323,6.2,6.0159,8.2123,99.45,0,0.0,8622372276,8556182153,1300877208.0,364990.83,459160.08,55.38,45530702.28,0,0,0,0,yfinance_ETH-USD,yfinance_STETH-USD,beacon_formula_16632_sqrt_S,modelo_teorico_oficial,modelo_invariante_stableswap,18836200.25,0.6751,4.0343,41392598729,6.2,8901295766,20.67,0.1051,1,756.8359,relay_data_api_concorrente,18836200.25,1.4666
2023-03-13,Post-Merge_Pre-Shapella,1680.31,1659.49,0.987609,-0.012391,-1.2391,0.055059,0.056054,89.2995,59.5963,81.3039,55.3199,4.516,4.042,0.474,10.496,0.0013,0.4225,3.8403,6.7,6.4857,7.833,99.45,0,0.0,9520656812,9446366487,1428298229.0,382316.22,473572.28,55.02,49990438.02,0,0,0,0,yfinance_ETH-USD,yfinance_STETH-USD,beacon_formula_16632_sqrt_S,modelo_teorico_oficial,modelo_invariante_stableswap,18757874.29,0.6757,4.042,44983239427,6.7,9668155721,21.0,0.0719,1,518.0025,relay_data_api_concorrente,18757874.29,1.008
2023-03-14,Post-Merge_Pre-Shapella,1703.51,1692.82,0.993725,-0.006275,-0.6275,0.013711,0.019886,88.5868,59.2976,80.6532,55.4183,4.5169,4.0429,0.474,10.4939,0.0013,0.4238,3.842,6.6,6.3919,8.2631,99.45,0,0.0,9891676011,9816987222,1444230008.0,400244.7,450378.17,52.79,50548050.28,0,0,0,0,yfinance_ETH-USD,yfinance_STETH-USD,beacon_formula_16632_sqrt_S,modelo_teorico_oficial,modelo_invariante_stableswap,18740922.73,0.6749,4.0429,45776278207,6.6,9817252564,21.45,0.1683,0,1211.4803,relay_data_api_concorrente,18740922.73,2.3595
2023-03-15,Post-Merge_Pre-Shapella,1656.18,1638.49,0.989319,-0.010681,-1.0681,-0.028175,-0.032621,90.9852,60.2751,84.2161,56.145,4.5102,4.0369,0.4733,10.494,0.0013,0.4251,3.8374,6.6,6.3919,4.8191,99.45,0,0.0,10064792571,9988454159,1413595427.0,389217.74,469322.84,54.4,49475839.95,0,0,0,0,yfinance_ETH-USD,yfinance_STETH-USD,beacon_formula_16632_sqrt_S,modelo_teorico_oficial,modelo_invariante_stableswap,18785753.82,0.6728,4.0369,46175829951,6.6,9584519671,21.63,0.2646,1,1904.9581,relay_data_api_concorrente,18785753.82,3.7013
2023-03-16,Post-Merge_Pre-Shapella,1677.22,1662.73,0.991361,-0.008639,-0.8639,0.012621,0.014685,65.8032,59.4529,62.0506,55.1726,4.5258,4.0508,0.475,10.4954,0.0013,0.4264,3.8563,6.7,6.4857,4.8764,99.45,0,0.0,9788876042,9717978273,1426485651.0,394188.22,460294.39,53.65,49926997.78,0,0,0,0,yfinance_ETH-USD,yfinance_STETH-USD,beacon_formula_16632_sqrt_S,modelo_teorico_oficial,modelo_invariante_stableswap,18602115.05,0.6695,4.0508,44771489506,6.7,9677336666,21.71,0.0664,1,477.969,relay_data_api_concorrente,18602115.05,0.9378
2023-03-17,Post-Merge_Pre-Shapella,1792.49,1770.73,0.98786,-0.01214,-1.214,0.066468,0.06293,67.6569,58.6073,64.813,53.6672,4.5377,4.0615,0.4762,10.4943,0.0013,0.4277,3.8725,7.1,6.8599,4.7583,99.45,0,0.0,9900397520,9828332890,1509757535.0,379604.14,468349.73,54.93,52841513.72,0,0,0,0,yfinance_ETH-USD,yfinance_STETH-USD,beacon_formula_16632_sqrt_S,modelo_teorico_oficial,modelo_invariante_stableswap,18446997.47,0.6652,4.0615,44915741654,7.1,10229989095,21.88,0.017,1,122.1745,relay_data_api_concorrente,18446997.47,0.2417
2023-03-18,Post-Merge_Pre-Shapella,1761.66,1762.07,1.000233,0.000233,0.0233,-0.017347,-0.004903,76.255,58.4716,69.5661,53.5967,4.5157,4.0418,0.4739,10.4945,0.0013,0.429,3.8557,6.4,6.2041,5.1703,99.45,0,0.0,10655292075,10574998361,1502837669.0,422994.09,429986.27,50.42,52599318.42,0,0,0,0,yfinance_ETH-USD,yfinance_STETH-USD,beacon_formula_16632_sqrt_S,modelo_teorico_oficial,modelo_invariante_stableswap,18608169.97,0.6601,4.0418,47475980815,6.4,10353695377,22.27,0.0224,0,160.9686,relay_data_api_concorrente,18608169.97,0.3157
2023-03-19,Post-Merge_Pre-Shapella,1785.58,1783.2,0.998667,-0.001333,-0.1333,0.013485,0.011925,65.9836,57.5873,63.3867,53.0529,4.4864,4.0155,0.4709,10.4962,0.0013,0.4303,3.8321,5.6,5.4492,4.2654,99.45,0,0.0,10571024285,10492851155,1528632357.0,419619.08,437061.98,50.98,53502132.5,0,0,0,0,yfinance_ETH-USD,yfinance_STETH-USD,beacon_formula_16632_sqrt_S,modelo_teorico_oficial,modelo_invariante_stableswap,18837816.08,0.6543,4.0155,47362119605,5.6,10516009677,22.15,0.0277,0,199.7627,relay_data_api_concorrente,18837816.08,0.3871
2023-03-20,Post-Merge_Pre-Shapella,1735.32,1733.6,0.999009,-0.000991,-0.0991,-0.028549,-0.028211,63.8834,58.5424,62.0291,54.101,4.46,3.9919,0.4681,10.4955,0.0013,0.4316,3.8119,5.9,5.733,3.7241,99.45,0,0.0,10585485878,10507305636,1695710448.0,480166.79,497500.82,50.86,59349865.68,0,0,0,0,yfinance_ETH-USD,yfinance_STETH-USD,beacon_formula_16632_sqrt_S,modelo_teorico_oficial,modelo_invariante_stableswap,19037819.5,0.6481,3.9919,47444698603,5.9,10243387759,22.15,0.0331,1,238.5568,relay_data_api_concorrente,19037819.5,0.4574
2023-03-21,Post-Merge_Pre-Shapella,1806.76,1791.49,0.991548,-0.008452,-0.8452,0.040343,0.032845,68.8917,60.0693,64.4229,55.1735,4.4538,3.9864,0.4674,10.4944,0.0013,0.4329,3.8122,5.5,5.3545,6.2862,99.45,0,0.0,10481967474,10403644940,1728478835.0,444033.06,517009.67,53.59,60496759.23,0,0,0,0,yfinance_ETH-USD,yfinance_STETH-USD,beacon_formula_16632_sqrt_S,modelo_teorico_oficial,modelo_invariante_stableswap,19035461.6,0.6417,3.9864,47294232144,5.5,10485051230,22.0,0.0183,1,131.6297,relay_data_api_concorrente,19035461.6,0.2524
2023-03-22,Post-Merge_Pre-Shapella,1737.72,1728.44,0.99466,-0.00534,-0.534,-0.038963,-0.035824,72.7112,61.6401,65.6835,56.7535,4.4439,3.9776,0.4663,10.493,0.0013,0.4341,3.8087,5.4,5.2596,3.9708,99.45,0,0.0,10692277198,10614755662,1657642640.0,453610.59,502993.71,52.45,58017492.4,0,0,0,0,yfinance_ETH-USD,yfinance_STETH-USD,beacon_formula_16632_sqrt_S,modelo_teorico_oficial,modelo_invariante_stableswap,19070455.51,0.6353,3.9776,48217298834,5.4,10071707518,22.01,0.0782,1,563.362,relay_data_api_concorrente,19070455.51,1.0782
2023-03-23,Post-Merge_Pre-Shapella,1816.41,1800.82,0.991417,-0.008583,-0.8583,0.044287,0.041019,77.6629,62.6447,70.0128,57.9226,4.4425,3.9763,0.4662,10.4941,0.0013,0.4354,3.8134,5.3,5.1647,3.661,99.45,0,0.0,10415577735,10340521694,1740900984.0,444400.48,518479.08,53.63,60931534.44,0,0,0,0,yfinance_ETH-USD,yfinance_STETH-USD,beacon_formula_16632_sqrt_S,modelo_teorico_oficial,modelo_invariante_stableswap,19023352.26,0.6292,3.9763,47005691598,5.3,10630295091,22.0,0.2332,0,1679.3763,relay_data_api_concorrente,19023352.26,3.2222
2023-03-24,Post-Merge_Pre-Shapella,1752.04,1746.69,0.996946,-0.003054,-0.3054,-0.036076,-0.030519,68.1377,63.9977,59.9682,58.8093,4.4081,3.9454,0.4627,10.4966,0.0013,0.4367,3.7846,5.2,5.0697,3.813,99.45,0,0.0,10782514766,10704953033,1676245503.0,462910.6,495341.25,51.62,58668592.6,0,0,0,0,yfinance_ETH-USD,yfinance_STETH-USD,beacon_formula_16632_sqrt_S,modelo_teorico_oficial,modelo_invariante_stableswap,19314134.64,0.6235,3.9454,48176888904,5.2,10226382797,22.22,0.3882,1,2795.3906,relay_data_api_concorrente,19314134.64,5.2828
2023-03-25,Post-Merge_Pre-Shapella,1743.76,1739.1,0.997328,-0.002672,-0.2672,-0.004737,-0.004354,67.1531,64.0344,59.9531,58.645,4.404,3.9418,0.4622,10.495,0.0013,0.438,3.7855,5.0,4.8793,3.7159,99.45,0,0.0,10512456268,10439549436,1673681279.0,465735.44,495400.18,51.48,58578844.77,0,0,0,0,yfinance_ETH-USD,yfinance_STETH-USD,beacon_formula_16632_sqrt_S,modelo_teorico_oficial,modelo_invariante_stableswap,19304999.04,0.6185,3.9418,47019229824,5.0,10168213566,22.2,0.0169,1,121.4152,relay_data_api_concorrente,19304999.04,0.2296
2023-03-26,Post-Merge_Pre-Shapella,1775.68,1771.58,0.997691,-0.002309,-0.2309,0.018135,0.018503,67.8628,63.4572,61.0522,57.7567,4.4011,3.9392,0.4619,10.4951,0.0013,0.4392,3.7867,5.0,4.8793,3.5547,99.45,0,0.0,10462997085,10389578498,1698248225.0,465357.77,492171.81,51.34,59438687.88,0,0,0,0,yfinance_ETH-USD,yfinance_STETH-USD,beacon_formula_16632_sqrt_S,modelo_teorico_oficial,modelo_invariante_stableswap,19292174.19,0.6144,3.9392,46869861881,5.0,10323628746,22.17,0.0402,1,289.12,relay_data_api_concorrente,19292174.19,0.547
2023-03-27,Post-Merge_Pre-Shapella,1715.46,1713.9,0.999091,-0.000909,-0.0909,-0.0345,-0.0331,69.4607,64.7036,62.4667,59.131,4.3939,3.9327,0.4612,10.4964,0.0013,0.4405,3.7825,4.4,4.3062,3.4657,99.45,0,0.0,10626234935,10551195373,1652734626.0,473696.88,490184.13,50.83,57845711.91,0,0,0,0,yfinance_ETH-USD,yfinance_STETH-USD,beacon_formula_16632_sqrt_S,modelo_teorico_oficial,modelo_invariante_stableswap,19335664.68,0.6114,3.9327,47257143340,4.4,10061552075,22.33,0.0635,0,457.1529,relay_data_api_concorrente,19335664.68,0.863
2023-03-28,Post-Merge_Pre-Shapella,1772.79,1758.34,0.991849,-0.008151,-0.8151,0.03287,0.025599,66.8743,64.949,60.2123,59.3764,4.3861,3.9258,0.4603,10.4945,0.0013,0.4417,3.7766,4.5,4.402,3.8116,99.45,0,0.0,10517427391,10444231270,1699624764.0,446054.45,516887.46,53.47,59486866.74,0,0,0,0,yfinance_ETH-USD,yfinance_STETH-USD,beacon_formula_16632_sqrt_S,modelo_teorico_oficial,modelo_invariante_stableswap,19396111.93,0.6096,3.9258,46428704505,4.5,10389190920,22.5,0.0868,1,625.1858,relay_data_api_concorrente,19396111.93,1.1765
2023-03-29,Post-Merge_Pre-Shapella,1793.0,1786.82,0.996553,-0.003447,-0.3447,0.011339,0.016069,59.7739,64.9744,54.1877,59.5481,4.3962,3.9348,0.4614,10.4954,0.0013,0.443,3.7871,4.5,4.402,4.2267,99.45,0,0.0,10613089441,10539402396,1719645095.0,462685.33,498119.73,51.76,60187578.32,0,0,0,0,yfinance_ETH-USD,yfinance_STETH-USD,beacon_formula_16632_sqrt_S,modelo_teorico_oficial,modelo_invariante_stableswap,19288337.88,0.6091,3.9348,47062164993,4.5,10601059651,22.39,0.0614,0,442.1093,relay_data_api_concorrente,19288337.88,0.8366
2023-03-30,Post-Merge_Pre-Shapella,1792.74,1772.42,0.988665,-0.011335,-1.1335,-0.000148,-0.008093,49.4982,64.5609,45.017,59.4361,4.3859,3.9256,0.4603,10.495,0.0013,0.4443,3.7757,4.5,4.402,3.7378,99.45,0,0.0,10731866826,10656210827,1709778645.0,432642.03,527055.65,54.64,59842252.58,0,0,0,0,yfinance_ETH-USD,yfinance_STETH-USD,beacon_formula_16632_sqrt_S,modelo_teorico_oficial,modelo_invariante_stableswap,19404530.17,0.6101,3.9256,47536548490,4.5,10547319332,22.42,0.036,1,259.0328,relay_data_api_concorrente,19404530.17,0.4872
2023-03-31,Post-Merge_Pre-Shapella,1822.02,1807.98,0.992294,-0.007706,-0.7706,0.016203,0.019862,41.2277,63.7276,40.2309,58.9764,4.3982,3.9366,0.4616,10.4952,0.0013,0.4455,3.7856,4.5,4.402,3.9539,99.45,0,0.0,10815594771,10741299235,1734361289.0,444401.07,511429.14,53.31,60702645.12,0,0,0,0,yfinance_ETH-USD,yfinance_STETH-USD,beacon_formula_16632_sqrt_S,modelo_teorico_oficial,modelo_invariante_stableswap,19303969.45,0.6126,3.9366,47694377763,4.5,10747720943,22.52,0.0258,1,185.6191,relay_data_api_concorrente,19303969.45,0.351
2023-04-01,Post-Merge_Pre-Shapella,1813.86,1796.33,0.990336,-0.009664,-0.9664,-0.004489,-0.00646,41.1903,63.6215,40.5539,58.8331,4.4026,3.9405,0.4621,10.4961,0.0013,0.4468,3.7859,4.5,4.402,3.6543,99.45,0,0.0,10922627300,10846154469,1731589450.0,438878.25,520798.38,54.03,60605630.75,0,0,0,0,yfinance_ETH-USD,yfinance_STETH-USD,beacon_formula_16632_sqrt_S,modelo_teorico_oficial,modelo_invariante_stableswap,19300810.25,0.6167,3.9405,48143056728,4.5,10730333898,22.53,0.0404,1,291.1221,relay_data_api_concorrente,19300810.25,0.5505
2023-04-02,Post-Merge_Pre-Shapella,1795.71,1789.78,0.996698,-0.003302,-0.3302,-0.010058,-0.003658,41.0141,61.0386,39.0708,56.4016,4.4006,3.9388,0.4618,10.494,0.0013,0.4481,3.7782,4.5,4.402,3.7086,99.45,0,0.0,10886658031,10810973548,1690859505.0,454741.78,488481.9,51.71,59180082.68,0,0,0,0,yfinance_ETH-USD,yfinance_STETH-USD,beacon_formula_16632_sqrt_S,modelo_teorico_oficial,modelo_invariante_stableswap,19379245.11,0.6224,3.9388,48047973360,4.5,10521211443,22.5,0.101,0,727.1917,relay_data_api_concorrente,19379245.11,1.3696
2023-04-03,Post-Merge_Pre-Shapella,1810.3,1790.99,0.989333,-0.010667,-1.0667,0.008092,0.000678,27.5179,61.0127,26.479,56.3642,4.4197,3.9558,0.4639,10.4962,0.0013,0.4493,3.7901,4.4,4.3062,3.4645,99.45,0,0.0,10737547005,10663603877,1697154669.0,427564.38,515432.73,54.39,59400413.42,0,0,0,0,yfinance_ETH-USD,yfinance_STETH-USD,beacon_formula_16632_sqrt_S,modelo_teorico_oficial,modelo_invariante_stableswap,19258032.87,0.6296,3.9558,47663224099,4.4,10644717155,22.37,0.1616,0,1163.2612,relay_data_api_concorrente,19258032.87,2.2047
2023-04-04,Post-Merge_Pre-Shapella,1871.01,1852.09,0.989888,-0.010112,-1.0112,0.032985,0.033548,27.5816,61.7439,30.3457,57.1849,4.4346,3.9692,0.4654,10.4947,0.0013,0.4506,3.7963,4.3,4.2104,3.7184,99.45,0,0.0,10843923673,10769634815,1747037045.0,427748.34,511160.7,54.19,61146296.58,0,0,0,0,yfinance_ETH-USD,yfinance_STETH-USD,beacon_formula_16632_sqrt_S,modelo_teorico_oficial,modelo_invariante_stableswap,19194927.57,0.6383,3.9692,48004846124,4.3,11061158560,22.43,0.2221,1,1599.3308,relay_data_api_concorrente,19194927.57,3.0412
2023-04-05,Post-Merge_Pre-Shapella,1909.11,1903.86,0.99725,-0.00275,-0.275,0.020163,0.027568,28.9894,61.9207,33.3287,57.6768,4.4418,3.9756,0.4662,10.4957,0.0013,0.4519,3.7933,4.3,4.2104,3.3954,99.45,0,0.0,11425885344,11348682337,1786002985.0,453683.36,483161.34,51.5,62510104.48,0,0,0,0,yfinance_ETH-USD,yfinance_STETH-USD,beacon_formula_16632_sqrt_S,modelo_teorico_oficial,modelo_invariante_stableswap,19225226.13,0.6485,3.9756,49770705408,4.3,11281430579,22.8,0.0293,1,211.2636,relay_data_api_concorrente,19225226.13,0.4011
2023-04-06,Post-Merge_Pre-Shapella,1872.92,1866.38,0.996508,-0.003492,-0.3492,-0.019139,-0.019881,35.1993,62.4788,37.8062,58.2681,4.4484,3.9815,0.4669,10.4959,0.0013,0.4532,3.7885,4.2,4.1144,3.2796,99.45,0,0.0,11410804306,11335273757,1744523307.0,449197.01,483938.56,51.77,61058315.74,0,0,0,0,yfinance_ETH-USD,yfinance_STETH-USD,beacon_formula_16632_sqrt_S,modelo_teorico_oficial,modelo_invariante_stableswap,19274179.12,0.6599,3.9815,49710940167,4.2,11015495421,22.8,0.051,1,367.1977,relay_data_api_concorrente,19274179.12,0.6954
2023-04-07,Post-Merge_Pre-Shapella,1865.64,1858.66,0.996259,-0.003741,-0.3741,-0.003898,-0.004148,34.7315,61.9878,36.9495,57.6444,4.4553,3.9877,0.4676,10.4954,0.0013,0.4545,3.7829,4.2,4.1144,3.148,99.45,0,0.0,11306862801,11229897229,1740230620.0,448995.85,485600.38,51.86,60908071.7,0,0,0,0,yfinance_ETH-USD,yfinance_STETH-USD,beacon_formula_16632_sqrt_S,modelo_teorico_oficial,modelo_invariante_stableswap,19331568.57,0.6724,3.9877,49361444365,4.2,10972797807,22.75,0.042,0,302.5328,relay_data_api_concorrente,19331568.57,0.5712
2023-04-08,Post-Merge_Pre-Shapella,1849.5,1845.06,0.997599,-0.002401,-0.2401,-0.008688,-0.007345,35.4353,56.8219,37.1063,53.116,4.468,3.9991,0.4689,10.4946,0.0013,0.4557,3.7821,4.1,4.0184,3.0952,99.45,0,0.0,11169270827,11103060931,1698241800.0,446470.34,472881.59,51.38,59438463.0,0,0,0,0,yfinance_ETH-USD,yfinance_STETH-USD,beacon_formula_16632_sqrt_S,modelo_teorico_oficial,modelo_invariante_stableswap,19339548.82,0.686,3.9991,49005537643,4.1,10956038463,22.66,0.033,0,237.8679,relay_data_api_concorrente,19339548.82,0.4489
2023-04-09,Post-Merge_Pre-Shapella,1859.39,1838.28,0.988647,-0.011353,-1.1353,0.005333,-0.00368,33.7459,56.5771,37.109,53.13,4.4847,4.014,0.4707,10.4957,0.0013,0.457,3.7844,4.7,4.5932,2.9926,99.45,0,0.0,11174909539,11109272268,1695737720.0,413645.13,504063.64,54.64,59350820.2,0,0,0,0,yfinance_ETH-USD,yfinance_STETH-USD,beacon_formula_16632_sqrt_S,modelo_teorico_oficial,modelo_invariante_stableswap,19315306.6,0.7003,4.014,49051645482,4.7,10990326485,22.65,0.0241,0,173.203,relay_data_api_concorrente,19315306.6,0.3273
2023-04-10,Post-Merge_Pre-Shapella,1911.21,1886.68,0.987165,-0.012835,-1.2835,0.027488,0.025986,37.529,56.0925,40.1785,52.8869,4.5026,4.03,0.4726,10.4962,0.0013,0.4583,3.7874,4.7,4.5932,5.7142,99.45,0,0.0,11210286648,11143920803,1728904274.0,405404.08,505698.86,55.18,60511649.59,0,0,0,0,yfinance_ETH-USD,yfinance_STETH-USD,beacon_formula_16632_sqrt_S,modelo_teorico_oficial,modelo_invariante_stableswap,19284975.19,0.7151,4.03,49157126762,4.7,11164927923,22.67,0.0151,1,108.5381,relay_data_api_concorrente,19284975.19,0.2054
2023-04-11,Post-Merge_Pre-Shapella,1892.19,1880.17,0.993648,-0.006352,-0.6352,-0.010001,-0.003453,32.436,51.808,33.951,49.6215,4.5047,4.032,0.4727,10.4935,0.0013,0.4596,3.7744,4.7,4.5932,2.9669,99.45,0,0.0,11514657448,11446482208,1711410693.0,426741.41,480772.94,52.82,59899374.26,0,0,0,0,yfinance_ETH-USD,yfinance_STETH-USD,beacon_formula_16632_sqrt_S,modelo_teorico_oficial,modelo_invariante_stableswap,19418431.74,0.7304,4.032,50134765864,4.7,11215594575,22.83,0.0224,1,161.0962,relay_data_api_concorrente,19418431.74,0.3028
2023-04-12,Post-Shapella,1920.68,1902.67,0.990623,-0.009377,-0.9377,0.014946,0.011896,30.7977,48.8096,28.2147,46.2978,4.5219,4.0473,0.4746,10.4956,0.0013,0.4609,3.7762,4.8,4.6887,3.3144,99.45,0,0.0,11415894400,11340831661,1715556314.0,411567.74,486193.82,53.92,60044470.99,0,0,0,1,yfinance_ETH-USD,yfinance_STETH-USD,beacon_formula_16632_sqrt_S,modelo_teorico_oficial,modelo_invariante_stableswap,19399420.48,0.7457,4.0473,49786789089,4.8,11325762663,22.78,0.1881,1,1354.5044,relay_data_api_concorrente,19399420.48,2.5485
2023-04-13,Post-Shapella,2012.63,1996.61,0.99204,-0.00796,-0.796,0.046764,0.048192,40.117,50.9146,39.6631,48.4788,4.5538,4.0759,0.4779,10.4945,0.0013,0.4622,3.7929,4.7,4.5932,3.4488,99.45,0,0.0,11519570041,11443416769,1713922185.0,396788.74,458443.69,53.41,59987276.48,0,0,0,1,yfinance_ETH-USD,yfinance_STETH-USD,beacon_formula_16632_sqrt_S,modelo_teorico_oficial,modelo_invariante_stableswap,19229429.38,0.7609,4.0759,50045605827,4.7,11939247779,22.87,0.1004,0,723.1011,relay_data_api_concorrente,19229429.38,1.3725
2023-04-14,Post-Shapella,2101.64,2087.34,0.993196,-0.006804,-0.6804,0.043271,0.044441,44.2265,51.0555,44.6022,48.3031,4.5699,4.0903,0.4796,10.4948,0.0013,0.4635,3.7941,4.9,4.784,3.5186,99.45,0,0.0,12679153302,12600650482,1775731531.0,397267.59,450725.84,52.98,62150603.59,0,0,0,1,yfinance_ETH-USD,yfinance_STETH-USD,beacon_formula_16632_sqrt_S,modelo_teorico_oficial,modelo_invariante_stableswap,19216710.17,0.7757,4.0903,53285610503,4.9,12548948812,23.65,0.0127,1,91.6978,relay_data_api_concorrente,19216710.17,0.1742
2023-04-15,Post-Shapella,2092.47,2077.51,0.992851,-0.007149,-0.7149,-0.004372,-0.004723,42.787,51.2032,43.7793,48.4428,4.5836,4.1025,0.4811,10.4961,0.0013,0.4649,3.7936,4.8,4.6887,3.6004,99.45,0,0.0,12661382654,12584518863,1768701238.0,396355.19,452146.99,53.11,61904543.33,0,0,0,1,yfinance_ETH-USD,yfinance_STETH-USD,beacon_formula_16632_sqrt_S,modelo_teorico_oficial,modelo_invariante_stableswap,19222171.4,0.79,4.1025,52588812839,4.8,12487763395,23.93,0.0172,0,123.5095,relay_data_api_concorrente,19222171.4,0.2345
2023-04-16,Post-Shapella,2120.01,2113.28,0.996825,-0.003175,-0.3175,0.013075,0.01707,41.7867,46.6302,40.2526,44.2924,4.5976,4.1151,0.4825,10.4946,0.0013,0.4662,3.7942,4.3,4.2104,3.3912,99.45,0,0.0,12713971704,12637554521,1717422161.0,391614.88,419818.81,51.66,60109775.64,0,0,0,1,yfinance_ETH-USD,yfinance_STETH-USD,beacon_formula_16632_sqrt_S,modelo_teorico_oficial,modelo_invariante_stableswap,19216245.72,0.8034,4.1151,53330012666,4.3,12775329334,23.7,0.0216,1,155.3212,relay_data_api_concorrente,19216245.72,0.295
2023-04-17,Post-Shapella,2076.24,2072.88,0.998382,-0.001618,-0.1618,-0.020859,-0.019301,49.5003,46.8632,48.5303,45.013,4.5984,4.1158,0.4826,10.495,0.0013,0.4675,3.7826,4.3,4.2104,3.0685,99.45,0,0.0,12711652053,12633564200,1625425787.0,382894.34,400623.88,51.09,56889902.54,0,0,0,1,yfinance_ETH-USD,yfinance_STETH-USD,beacon_formula_16632_sqrt_S,modelo_teorico_oficial,modelo_invariante_stableswap,19334630.29,0.8158,4.1158,53011073185,4.3,12503331778,23.83,0.9299,0,6695.0784,relay_data_api_concorrente,19334630.29,12.639
2023-04-18,Post-Shapella,2104.54,2092.86,0.99445,-0.00555,-0.555,0.013536,0.009594,45.9775,46.8643,46.6444,44.9779,4.6125,4.1284,0.4841,10.4954,0.0013,0.4688,3.7855,4.4,4.3062,3.4314,99.45,0,0.0,12670156316,12593289887,1633406067.0,368472.52,409937.07,52.52,57169212.35,0,0,0,1,yfinance_ETH-USD,yfinance_STETH-USD,beacon_formula_16632_sqrt_S,modelo_teorico_oficial,modelo_invariante_stableswap,19304691.21,0.827,4.1284,52139705900,4.4,12625056127,24.15,1.8382,1,13234.8357,relay_data_api_concorrente,19304691.21,25.0235
2023-04-19,Post-Shapella,1936.4,1927.99,0.995657,-0.004343,-0.4343,-0.083263,-0.082057,84.6926,55.0377,84.668,53.2024,4.5911,4.1093,0.4818,10.4942,0.0013,0.4701,3.7542,4.6,4.4976,3.5187,99.45,0,0.0,12866240351,12788625761,1539368775.0,380893.96,415876.48,52.09,53877907.13,0,0,0,1,yfinance_ETH-USD,yfinance_STETH-USD,beacon_formula_16632_sqrt_S,modelo_teorico_oficial,modelo_invariante_stableswap,19627612.5,0.8369,4.1093,52760687813,4.6,11943749104,24.24,0.2236,1,1609.6258,relay_data_api_concorrente,19627612.5,2.9933
2023-04-20,Post-Shapella,1943.1,1935.31,0.995991,-0.004009,-0.4009,0.003451,0.00379,75.8159,53.4231,75.4666,52.143,4.5804,4.0997,0.4807,10.4947,0.0013,0.4715,3.7352,4.8,4.6887,4.1272,99.45,0,0.0,11965670376,11893493545,1523523769.0,376637.95,409070.67,51.96,53323331.92,0,0,0,1,yfinance_ETH-USD,yfinance_STETH-USD,beacon_formula_16632_sqrt_S,modelo_teorico_oficial,modelo_invariante_stableswap,19827792.66,0.8452,4.0997,49865957778,4.8,11805390053,23.85,0.4445,1,3200.1775,relay_data_api_concorrente,19827792.66,5.891
2023-04-21,Post-Shapella,1850.0,1843.77,0.996632,-0.003368,-0.3368,-0.049098,-0.048451,69.0614,54.5171,68.3257,53.4821,4.5668,4.0875,0.4793,10.4953,0.0013,0.4728,3.7149,5.0,4.8793,4.0922,99.45,0,0.0,12036087665,11966051414,1442427558.0,376370.48,404682.89,51.73,50484964.53,0,0,0,1,yfinance_ETH-USD,yfinance_STETH-USD,beacon_formula_16632_sqrt_S,modelo_teorico_oficial,modelo_invariante_stableswap,20045770.89,0.8519,4.0875,49519175420,5.0,11206169357,24.16,0.0343,1,246.7238,relay_data_api_concorrente,20045770.89,0.4492
2023-04-22,Post-Shapella,1874.23,1868.39,0.996884,-0.003116,-0.3116,0.013012,0.013264,72.249,52.5251,71.5656,51.793,4.5702,4.0906,0.4796,10.4941,0.0013,0.4741,3.7133,5.0,4.8793,3.8279,99.45,0,0.0,11408312026,11341700537,1457709406.0,376153.24,402866.49,51.64,51019829.21,0,0,0,1,yfinance_ETH-USD,yfinance_STETH-USD,beacon_formula_16632_sqrt_S,modelo_teorico_oficial,modelo_invariante_stableswap,20062363.54,0.8569,4.0906,47544132472,5.0,11469532739,23.86,0.0363,1,261.5454,relay_data_api_concorrente,20062363.54,0.4758
2023-04-23,Post-Shapella,1862.06,1859.05,0.998384,-0.001616,-0.1616,-0.006513,-0.005011,68.7995,50.882,67.1574,50.5751,4.5653,4.0862,0.4791,10.4944,0.0013,0.4754,3.7052,5.0,4.8793,3.3918,99.45,0,0.0,11523294153,11455366521,1447908141.0,380317.6,397909.66,51.09,50676784.94,0,0,0,1,yfinance_ETH-USD,yfinance_STETH-USD,beacon_formula_16632_sqrt_S,modelo_teorico_oficial,modelo_invariante_stableswap,20150537.44,0.8601,4.0862,47726893895,5.0,11301073938,24.0,0.0762,0,548.5084,relay_data_api_concorrente,20150537.44,0.9935
2023-04-24,Post-Shapella,1842.76,1834.96,0.995767,-0.004233,-0.4233,-0.010421,-0.013045,68.9974,51.0156,67.2531,50.8046,4.5603,4.0817,0.4786,10.4949,0.0013,0.4767,3.6988,5.1,4.9745,3.4302,99.45,0,0.0,11562133755,11494099339,1425861077.0,371060.93,404414.72,52.04,49905137.7,0,0,0,1,yfinance_ETH-USD,yfinance_STETH-USD,beacon_formula_16632_sqrt_S,modelo_teorico_oficial,modelo_invariante_stableswap,20220545.8,0.8616,4.0817,47794848215,5.1,11250425168,24.05,0.116,1,835.4715,relay_data_api_concorrente,20220545.8,1.5081
2023-04-25,Post-Shapella,1866.75,1857.71,0.995157,-0.004843,-0.4843,0.012938,0.012323,68.8374,50.8386,67.9454,50.594,4.5552,4.0772,0.478,10.4935,0.0013,0.478,3.694,5.1,4.9745,3.4306,99.45,0,0.0,11451796785,11384573767,1383386328.0,353725.53,389226.09,52.27,48418521.48,0,0,0,1,yfinance_ETH-USD,yfinance_STETH-USD,beacon_formula_16632_sqrt_S,modelo_teorico_oficial,modelo_invariante_stableswap,20273184.06,0.8613,4.0772,47383799748,5.1,11476878109,24.03,0.0703,0,506.0454,relay_data_api_concorrente,20273184.06,0.9111
2023-04-26,Post-Shapella,1866.56,1857.31,0.995044,-0.004956,-0.4956,-0.000101,-0.000217,40.6587,49.1463,40.4204,49.0328,4.5699,4.0903,0.4796,10.4948,0.0013,0.4793,3.7107,5.0,4.8793,3.6656,99.45,0,0.0,11663921340,11594950453,1370388978.0,350129.66,385961.93,52.31,47963614.23,0,0,0,1,yfinance_ETH-USD,yfinance_STETH-USD,beacon_formula_16632_sqrt_S,modelo_teorico_oficial,modelo_invariante_stableswap,20090913.95,0.8593,4.0903,47094898272,5.0,11522541503,24.62,0.0245,1,176.6193,relay_data_api_concorrente,20090913.95,0.3209
2023-04-27,Post-Shapella,1908.79,1894.54,0.992535,-0.007465,-0.7465,0.022368,0.019849,45.1656,48.4697,44.12,48.7346,4.5603,4.0817,0.4786,10.4949,0.0013,0.4807,3.7046,4.8,4.6887,3.3536,99.45,0,0.0,12026426601,11957187247,1402782804.0,343760.05,394088.83,53.22,49097398.14,0,0,0,1,yfinance_ETH-USD,yfinance_STETH-USD,beacon_formula_16632_sqrt_S,modelo_teorico_oficial,modelo_invariante_stableswap,20156590.78,0.8556,4.0817,48012857056,4.8,11811904152,24.9,0.0454,1,326.6102,relay_data_api_concorrente,20156590.78,0.5914
2023-04-28,Post-Shapella,1892.51,1887.25,0.997221,-0.002779,-0.2779,-0.008562,-0.003859,24.5114,48.5082,22.7986,48.5309,4.5638,4.0848,0.479,10.4956,0.0013,0.482,3.7133,4.7,4.5932,3.8304,99.45,0,0.0,11926934833,11856146414,1317028711.0,337409.52,359506.06,51.52,46096004.89,0,0,0,1,yfinance_ETH-USD,yfinance_STETH-USD,beacon_formula_16632_sqrt_S,modelo_teorico_oficial,modelo_invariante_stableswap,20062666.65,0.8505,4.0848,47814136203,4.7,11734602500,24.8,0.0363,1,261.6483,relay_data_api_concorrente,20062666.65,0.476
2023-04-29,Post-Shapella,1908.92,1899.48,0.995055,-0.004945,-0.4945,0.008631,0.00646,23.6381,48.5604,21.4866,48.422,4.5517,4.074,0.4777,10.495,0.0013,0.4833,3.7078,4.7,4.5932,3.5678,99.45,0,0.0,11866400136,11793302217,1318472076.0,329422.62,363062.86,52.31,46146522.66,0,0,0,1,yfinance_ETH-USD,yfinance_STETH-USD,beacon_formula_16632_sqrt_S,modelo_teorico_oficial,modelo_invariante_stableswap,20122278.23,0.844,4.074,47413675332,4.7,11809665804,24.87,0.0172,1,124.0634,relay_data_api_concorrente,20122278.23,0.225
2023-04-30,Post-Shapella,1876.92,1876.07,0.999547,-0.000453,-0.0453,-0.016902,-0.0124,27.0272,48.7223,23.5878,48.2573,4.536,4.06,0.476,10.4938,0.0013,0.4846,3.6998,4.6,4.4976,3.3744,99.45,0,0.0,11969869690,11897124912,1306109160.0,343299.33,352739.39,50.67,45713820.6,0,0,0,1,yfinance_ETH-USD,yfinance_STETH-USD,beacon_formula_16632_sqrt_S,modelo_teorico_oficial,modelo_invariante_stableswap,20209344.82,0.8362,4.06,47693755416,4.6,11754875552,24.94,0.0572,1,411.5136,relay_data_api_concorrente,20209344.82,0.7432
2023-05-01,Post-Shapella,1831.95,1833.38,1.000781,0.000781,0.0781,-0.024251,-0.023015,32.0102,49.4837,27.9685,48.9303,4.5188,4.0445,0.4743,10.4961,0.0013,0.4859,3.6913,4.8,4.6887,3.4205,99.45,0,0.0,11862722689,11791245486,1242624965.0,337690.75,340350.82,50.22,43491873.78,0,0,0,0,yfinance_ETH-USD,yfinance_STETH-USD,beacon_formula_16632_sqrt_S,modelo_teorico_oficial,modelo_invariante_stableswap,20302020.04,0.8275,4.0445,47251022011,4.8,11344653069,24.95,0.11,0,791.8016,relay_data_api_concorrente,20302020.04,1.4235
2023-05-02,Post-Shapella,1870.79,1861.83,0.995211,-0.004789,-0.4789,0.020977,0.015397,34.5414,49.8463,28.8739,49.1684,4.5075,4.0344,0.4731,10.4958,0.0013,0.4872,3.6896,5.0,4.8793,4.0265,99.45,0,0.0,11554574210,11485621234,1283639677.0,327647.21,360226.53,52.25,44927388.7,0,0,0,0,yfinance_ETH-USD,yfinance_STETH-USD,beacon_formula_16632_sqrt_S,modelo_teorico_oficial,modelo_invariante_stableswap,20321232.1,0.8179,4.0344,46310125847,5.0,11687973403,24.8,0.1628,1,1172.0896,relay_data_api_concorrente,20321232.1,2.1052
2023-05-03,Post-Shapella,1904.65,1890.87,0.992765,-0.007235,-0.7235,0.017939,0.015478,36.7941,50.1311,30.8539,49.4147,4.4994,4.0272,0.4722,10.4947,0.0013,0.4885,3.6917,5.2,5.0697,4.2279,99.45,0,0.0,11807514210,11738047323,1307941206.0,321786.74,367582.17,53.14,45777942.21,0,0,0,0,yfinance_ETH-USD,yfinance_STETH-USD,beacon_formula_16632_sqrt_S,modelo_teorico_oficial,modelo_invariante_stableswap,20298385.47,0.8077,4.0272,47051822707,5.2,11969580364,24.95,0.0428,1,308.3437,relay_data_api_concorrente,20298385.47,0.5545
2023-05-04,Post-Shapella,1877.7,1873.93,0.997992,-0.002008,-0.2008,-0.014249,-0.009,34.4237,49.1174,27.9114,48.1885,4.4818,4.0114,0.4704,10.4958,0.0013,0.4898,3.6846,5.3,5.1647,4.0402,99.45,0,0.0,12146280670,12075844941,1285814596.0,333943.04,351544.48,51.23,45003510.86,0,0,0,0,yfinance_ETH-USD,yfinance_STETH-USD,beacon_formula_16632_sqrt_S,modelo_teorico_oficial,modelo_invariante_stableswap,20375874.66,0.7972,4.0114,48509324352,5.3,11794145002,24.89,0.1587,0,1142.3626,relay_data_api_concorrente,20375874.66,2.0464
2023-05-05,Post-Shapella,1995.06,1977.89,0.991394,-0.008606,-0.8606,0.060625,0.053991,56.1932,53.0647,48.6049,50.8708,4.4829,4.0124,0.4705,10.4954,0.0013,0.491,3.6965,5.4,5.2596,3.6772,99.45,0,0.0,12010112399,11941178624,1371524657.0,318690.91,371970.72,53.64,48003363.0,0,0,0,0,yfinance_ETH-USD,yfinance_STETH-USD,beacon_formula_16632_sqrt_S,modelo_teorico_oficial,modelo_invariante_stableswap,20245804.36,0.7865,4.0124,48212361300,5.4,12532452557,24.77,0.2745,1,1976.3815,relay_data_api_concorrente,20245804.36,3.5631
2023-05-06,Post-Shapella,1900.22,1900.46,1.000126,0.000126,0.0126,-0.048704,-0.039933,69.2499,55.4578,59.1469,52.3787,4.4502,3.9831,0.4671,10.4962,0.0013,0.4923,3.6743,5.9,5.733,3.7222,99.45,0,0.0,12820678837,12748236264,1302550717.0,339622.2,345807.76,50.45,45589275.1,0,0,0,0,yfinance_ETH-USD,yfinance_STETH-USD,beacon_formula_16632_sqrt_S,modelo_teorico_oficial,modelo_invariante_stableswap,20490345.63,0.7759,3.9831,50391828733,5.9,11998718795,25.3,0.219,0,1576.6338,relay_data_api_concorrente,20490345.63,2.8085
2023-05-07,Post-Shapella,1873.08,1877.37,1.00229,0.00229,0.229,-0.014388,-0.012224,68.9142,55.6823,59.1244,52.5464,4.4336,3.9683,0.4653,10.4949,0.0013,0.4936,3.668,6.2,6.0159,4.879,99.45,0,0.0,12231194803,12161703499,1311057615.0,352327.07,346826.06,49.66,45887016.53,0,0,0,0,yfinance_ETH-USD,yfinance_STETH-USD,beacon_formula_16632_sqrt_S,modelo_teorico_oficial,modelo_invariante_stableswap,20560663.86,0.7656,3.9683,48753462483,6.2,12201079873,24.95,0.1635,1,1176.8861,relay_data_api_concorrente,20560663.86,2.0892
2023-05-08,Post-Shapella,1849.04,1839.7,0.994949,-0.005051,-0.5051,-0.012914,-0.020269,66.9756,55.786,58.5012,52.9757,4.4212,3.9572,0.464,10.4949,0.0013,0.4949,3.6654,6.6,6.3919,4.2229,99.45,0,0.0,12093641806,12026816486,1265339726.0,326118.38,360022.72,52.34,44286890.41,0,0,0,0,yfinance_ETH-USD,yfinance_STETH-USD,beacon_formula_16632_sqrt_S,modelo_teorico_oficial,modelo_invariante_stableswap,20590634.2,0.7558,3.9572,48264258230,6.6,11769283018,24.92,0.116,0,835.3754,relay_data_api_concorrente,20590634.2,1.4808
2023-05-09,Post-Shapella,1848.6,1836.84,0.993638,-0.006362,-0.6362,-0.000238,-0.001554,64.9092,55.7527,57.1385,52.9628,4.4001,3.9383,0.4618,10.4952,0.0013,0.4961,3.6533,6.7,6.4857,4.6592,99.45,0,0.0,11964929826,11900286616,1259627421.0,321467.81,362231.89,52.82,44086959.74,0,0,0,0,yfinance_ETH-USD,yfinance_STETH-USD,beacon_formula_16632_sqrt_S,modelo_teorico_oficial,modelo_invariante_stableswap,20727095.14,0.7468,3.9383,47288830014,6.7,11825891141,25.17,0.0686,1,493.8647,relay_data_api_concorrente,20727095.14,0.8697
2023-05-10,Post-Shapella,1842.4,1837.39,0.997281,-0.002719,-0.2719,-0.00336,0.0003,62.7751,54.8561,55.3485,52.1262,4.3779,3.9185,0.4594,10.4936,0.0013,0.4974,3.6393,6.7,6.4857,4.0267,99.45,0,0.0,12061916616,11996348784,1278334382.0,336568.36,358247.75,51.49,44741703.37,0,0,0,0,yfinance_ETH-USD,yfinance_STETH-USD,beacon_formula_16632_sqrt_S,modelo_teorico_oficial,modelo_invariante_stableswap,20887252.25,0.7387,3.9185,47466301852,6.7,11953720722,25.27,0.0448,1,322.5615,relay_data_api_concorrente,20887252.25,0.5637
2023-05-11,Post-Shapella,1796.49,1795.14,0.999249,-0.000751,-0.0751,-0.025235,-0.023268,64.2701,55.4174,57.0499,52.7042,4.362,3.9042,0.4578,10.4952,0.0013,0.4986,3.6304,6.8,6.5794,4.0124,99.45,0,0.0,12020341153,11954934004,1234946071.0,338379.34,349304.77,50.78,43223112.49,0,0,0,0,yfinance_ETH-USD,yfinance_STETH-USD,beacon_formula_16632_sqrt_S,modelo_teorico_oficial,modelo_invariante_stableswap,20989700.8,0.7316,3.9042,47036487604,6.8,11656973663,25.42,0.2177,1,1567.2653,relay_data_api_concorrente,20989700.8,2.7254
2023-05-12,Post-Shapella,1808.02,1804.82,0.99823,-0.00177,-0.177,0.006397,0.005382,35.3186,55.1733,30.5082,52.5439,4.3349,3.88,0.4549,10.4939,0.0012,0.4999,3.6091,7.0,6.7665,4.4172,99.45,0,0.0,11857648505,11793834301,1237970062.0,334513.07,350818.23,51.15,43328952.17,0,0,0,0,yfinance_ETH-USD,yfinance_STETH-USD,beacon_formula_16632_sqrt_S,modelo_teorico_oficial,modelo_invariante_stableswap,21237827.96,0.7258,3.88,46323073414,7.0,11926857913,25.46,0.1348,0,970.6909,relay_data_api_concorrente,21237827.96,1.6683
2023-05-13,Post-Shapella,1796.11,1794.06,0.998859,-0.001141,-0.1141,-0.006606,-0.005981,19.9306,52.3003,20.5572,49.3633,4.331,3.8764,0.4546,10.4964,0.0012,0.5011,3.6096,6.7,6.4857,4.5072,99.45,0,0.0,12094459159,12028744875,1219335450.0,333208.76,346061.93,50.92,42676740.75,0,0,0,0,yfinance_ETH-USD,yfinance_STETH-USD,beacon_formula_16632_sqrt_S,modelo_teorico_oficial,modelo_invariante_stableswap,21231722.79,0.7213,3.8764,46578684120,6.7,11947345907,25.82,0.052,1,374.1165,relay_data_api_concorrente,21231722.79,0.6432
2023-05-14,Post-Shapella,1800.5,1796.77,0.997928,-0.002072,-0.2072,0.002439,0.001508,20.3738,49.5421,21.3121,46.2837,4.3207,3.8673,0.4534,10.4937,0.0012,0.5024,3.6025,6.4,6.2041,3.518,99.45,0,0.0,12086630471,12021378408,1220155085.0,330321.87,348074.91,51.26,42705427.98,0,0,0,0,yfinance_ETH-USD,yfinance_STETH-USD,beacon_formula_16632_sqrt_S,modelo_teorico_oficial,modelo_invariante_stableswap,21316026.66,0.7183,3.8673,46435197728,6.4,11960230620,25.89,0.0546,0,393.3314,relay_data_api_concorrente,21316026.66,0.6735
2023-05-15,Post-Shapella,1817.55,1810.43,0.996083,-0.003917,-0.3917,0.009424,0.007574,21.8572,49.8025,19.6006,46.4911,4.3156,3.8627,0.4529,10.4945,0.0012,0.5036,3.599,6.0,5.8274,3.2109,99.45,0,0.0,12050111288,11985264498,1226104451.0,324275.84,351693.74,51.93,42913655.79,0,0,0,0,yfinance_ETH-USD,yfinance_STETH-USD,beacon_formula_16632_sqrt_S,modelo_teorico_oficial,modelo_invariante_stableswap,21357209.8,0.7166,3.8627,46353482250,6.0,12186064417,25.86,0.0573,1,412.5464,relay_data_api_concorrente,21357209.8,0.7051
2023-05-16,Post-Shapella,1824.12,1808.74,0.991569,-0.008431,-0.8431,0.003609,-0.000934,22.2671,49.4859,19.6199,45.8553,4.3042,3.8525,0.4517,10.4944,0.0012,0.5049,3.5878,5.9,5.733,3.1758,99.45,0,0.0,12336485682,12270864410,1217167918.0,309756.56,360546.44,53.58,42600877.13,0,0,0,0,yfinance_ETH-USD,yfinance_STETH-USD,beacon_formula_16632_sqrt_S,modelo_teorico_oficial,modelo_invariante_stableswap,21491104.52,0.7165,3.8525,47025373785,5.9,12271773774,26.09,0.1706,0,1228.1716,relay_data_api_concorrente,21491104.52,2.0859
2023-05-17,Post-Shapella,1821.86,1809.24,0.993073,-0.006927,-0.6927,-0.001241,0.000274,22.2354,49.1672,19.6179,45.6047,4.295,3.8442,0.4508,10.4959,0.0012,0.5061,3.5772,5.7,5.5439,3.8234,99.45,0,0.0,12428309490,12363078631,1212949382.0,312720.75,355517.21,53.03,42453228.37,0,0,0,0,yfinance_ETH-USD,yfinance_STETH-USD,beacon_formula_16632_sqrt_S,modelo_teorico_oficial,modelo_invariante_stableswap,21617795.62,0.7177,3.8442,47195607772,5.7,11509657914,26.2,0.2839,1,2043.7968,relay_data_api_concorrente,21617795.62,3.4508
2023-05-18,Post-Shapella,1801.73,1791.09,0.994095,-0.005905,-0.5905,-0.011111,-0.010081,13.8681,48.7885,11.7317,45.3532,4.3057,3.8538,0.4519,10.4954,0.0012,0.5073,3.5853,5.4,5.2596,3.3552,99.45,0,0.0,11676220680,11610343762,1201689419.0,315769.6,353280.88,52.66,42059129.67,0,0,0,0,yfinance_ETH-USD,yfinance_STETH-USD,beacon_formula_16632_sqrt_S,modelo_teorico_oficial,modelo_invariante_stableswap,21520812.18,0.7204,3.8538,46413115222,5.4,11512913999,25.02,5.9961,1,43171.8161,relay_data_api_concorrente,21520812.18,73.2208
2023-05-19,Post-Shapella,1812.59,1799.9,0.992999,-0.007001,-0.7001,0.00601,0.00491,13.769,39.9402,11.5963,35.9774,4.3145,3.8617,0.4528,10.4948,0.0012,0.5086,3.5901,5.2,5.0697,3.5031,99.45,0,0.0,11659889154,11595768891,1197842374.0,310238.86,353078.8,53.05,41924483.09,0,0,0,0,yfinance_ETH-USD,yfinance_STETH-USD,beacon_formula_16632_sqrt_S,modelo_teorico_oficial,modelo_invariante_stableswap,21462914.26,0.7244,3.8617,46144405963,5.2,11622635652,25.13,0.1256,1,904.5511,relay_data_api_concorrente,21462914.26,1.5383
2023-05-20,Post-Shapella,1820.48,1803.93,0.990909,-0.009091,-0.9091,0.004343,0.002232,12.6209,39.9573,10.6665,35.9483,4.3303,3.8758,0.4545,10.4958,0.0012,0.5098,3.6007,5.1,4.9745,3.5879,99.45,0,0.0,11761640910,11698012908,1205084994.0,305702.54,359525.94,53.82,42177974.79,0,0,0,0,yfinance_ETH-USD,yfinance_STETH-USD,beacon_formula_16632_sqrt_S,modelo_teorico_oficial,modelo_invariante_stableswap,21337126.19,0.7296,3.8758,46252969789,5.1,11683964977,25.29,0.0815,1,586.4863,relay_data_api_concorrente,21337126.19,1.0033
2023-05-21,Post-Shapella,1804.53,1798.07,0.99642,-0.00358,-0.358,-0.008798,-0.00325,14.7681,36.3064,11.0175,31.8786,4.3405,3.8849,0.4556,10.4965,0.0012,0.5111,3.6046,5.0,4.8793,3.1229,99.45,0,0.0,11932759672,11868593042,1192165918.0,318392.3,343489.11,51.81,41725807.13,0,0,0,0,yfinance_ETH-USD,yfinance_STETH-USD,beacon_formula_16632_sqrt_S,modelo_teorico_oficial,modelo_invariante_stableswap,21290922.99,0.7359,3.8849,46702601114,5.0,11707397228,25.41,0.0558,1,401.4881,relay_data_api_concorrente,21290922.99,0.6883
2023-05-22,Post-Shapella,1817.53,1805.31,0.993277,-0.006723,-0.6723,0.00718,0.004015,13.9951,36.0828,9.7796,31.525,4.3517,3.895,0.4567,10.4947,0.0013,0.5123,3.6087,5.0,4.8793,3.0322,99.45,0,0.0,11859851377,11798205080,1205895647.0,312129.61,353729.12,52.96,42206347.65,0,0,0,0,yfinance_ETH-USD,yfinance_STETH-USD,beacon_formula_16632_sqrt_S,modelo_teorico_oficial,modelo_invariante_stableswap,21242716.75,0.743,3.895,46302864807,5.0,11884917368,25.48,0.062,0,446.4524,relay_data_api_concorrente,21242716.75,0.7671
2023-05-23,Post-Shapella,1854.38,1840.13,0.992315,-0.007685,-0.7685,0.02007,0.019106,20.2348,36.7589,17.0921,32.2663,4.3702,3.9116,0.4586,10.4938,0.0013,0.5136,3.6193,5.0,4.8793,3.1388,99.45,0,0.0,12038781498,11976903464,1220039129.0,307219.35,353419.44,53.3,42701369.52,0,0,0,0,yfinance_ETH-USD,yfinance_STETH-USD,beacon_formula_16632_sqrt_S,modelo_teorico_oficial,modelo_invariante_stableswap,21117877.95,0.7509,3.9116,46756501348,5.0,12299306752,25.62,0.0683,0,491.4168,relay_data_api_concorrente,21117877.95,0.8494
2023-05-24,Post-Shapella,1800.1,1796.37,0.997928,-0.002072,-0.2072,-0.029709,-0.024068,30.9257,38.0316,25.8029,33.0326,4.3742,3.9151,0.4591,10.4956,0.0013,0.5148,3.6149,4.9,4.784,3.3369,99.45,0,0.0,12483581476,12420434955,1176394343.0,318550.45,335661.19,51.26,41173802.01,0,0,0,0,yfinance_ETH-USD,yfinance_STETH-USD,beacon_formula_16632_sqrt_S,modelo_teorico_oficial,modelo_invariante_stableswap,21170029.09,0.7593,3.9151,47643389612,4.9,12012717117,26.07,0.0745,0,536.3812,relay_data_api_concorrente,21170029.09,0.9248
2023-05-25,Post-Shapella,1805.95,1791.92,0.992231,-0.007769,-0.7769,0.003247,-0.002479,29.9963,37.7407,24.7408,32.6994,4.3731,3.9141,0.459,10.496,0.0013,0.5161,3.6051,4.9,4.784,3.3328,99.45,0,0.0,12152063015,12091406014,1183282454.0,305753.19,352196.24,53.34,41414885.89,0,0,0,0,yfinance_ETH-USD,yfinance_STETH-USD,beacon_formula_16632_sqrt_S,modelo_teorico_oficial,modelo_invariante_stableswap,21284472.7,0.768,3.9141,46478363564,4.9,12094563155,26.02,0.0807,1,581.3455,relay_data_api_concorrente,21284472.7,0.9969
2023-05-26,Post-Shapella,1828.69,1817.96,0.994132,-0.005868,-0.5868,0.012511,0.014426,31.0918,38.0381,26.7469,33.1507,4.3712,3.9125,0.4587,10.4937,0.0013,0.5173,3.5945,4.9,4.784,3.2635,99.45,0,0.0,12261662791,12200667802,1199310461.0,310591.73,347276.33,52.64,41975866.14,0,0,0,0,yfinance_ETH-USD,yfinance_STETH-USD,beacon_formula_16632_sqrt_S,modelo_teorico_oficial,modelo_invariante_stableswap,21410020.71,0.7767,3.9125,46667544312,4.9,12354788390,26.14,0.0289,1,207.896,relay_data_api_concorrente,21410020.71,0.3544
2023-05-27,Post-Shapella,1831.12,1816.29,0.991901,-0.008099,-0.8099,0.001327,-0.000919,30.9862,37.1304,26.7859,32.3101,4.3652,3.9071,0.4581,10.4944,0.0013,0.5186,3.58,4.8,4.6887,3.2423,99.45,0,0.0,12525164678,12463782538,1200785600.0,305223.47,353404.36,53.46,42027496.0,0,0,0,0,yfinance_ETH-USD,yfinance_STETH-USD,beacon_formula_16632_sqrt_S,modelo_teorico_oficial,modelo_invariante_stableswap,21584873.16,0.7853,3.9071,47286372501,4.8,12394229250,26.36,0.0372,1,267.9487,relay_data_api_concorrente,21584873.16,0.4531
2023-05-28,Post-Shapella,1910.91,1909.97,0.999508,-0.000492,-0.0492,0.042655,0.050292,41.6856,40.066,44.0114,36.9767,4.3721,3.9133,0.4588,10.4938,0.0013,0.5199,3.5787,4.8,4.6887,3.2953,99.45,0,0.0,12699895191,12634657123,1244475419.0,321195.64,330214.33,50.68,43556639.67,0,0,0,0,yfinance_ETH-USD,yfinance_STETH-USD,beacon_formula_16632_sqrt_S,modelo_teorico_oficial,modelo_invariante_stableswap,21600229.99,0.7934,3.9133,47662027486,4.8,12906011156,26.51,0.0914,1,658.33,relay_data_api_concorrente,21600229.99,1.1124
2023-05-29,Post-Shapella,1893.08,1885.66,0.99608,-0.00392,-0.392,-0.009378,-0.012811,43.5987,40.0884,46.6797,37.1895,4.3614,3.9037,0.4577,10.4943,0.0013,0.5211,3.5604,4.9,4.784,2.9598,99.45,0,0.0,13265641840,13199768147,1235112952.0,313625.38,340143.52,51.93,43228953.32,0,0,0,0,yfinance_ETH-USD,yfinance_STETH-USD,beacon_formula_16632_sqrt_S,modelo_teorico_oficial,modelo_invariante_stableswap,21822433.23,0.801,3.9037,49199281738,4.9,12910780073,26.83,0.0648,1,466.6816,relay_data_api_concorrente,21822433.23,0.7806
2023-05-30,Post-Shapella,1901.03,1897.07,0.997917,-0.002083,-0.2083,0.00419,0.006032,41.9163,39.6604,45.4221,36.9863,4.3527,3.8959,0.4568,10.4946,0.0013,0.5224,3.545,4.8,4.6887,3.3587,99.45,0,0.0,13128479176,13063680527,1169489075.0,299842.61,316002.72,51.26,40932117.63,0,0,0,0,yfinance_ETH-USD,yfinance_STETH-USD,beacon_formula_16632_sqrt_S,modelo_teorico_oficial,modelo_invariante_stableswap,22013171.98,0.8077,3.8959,48664015436,4.8,13128762485,26.84,0.046,1,331.0996,relay_data_api_concorrente,22013171.98,0.549
2023-05-31,Post-Shapella,1874.13,1864.18,0.994691,-0.005309,-0.5309,-0.014249,-0.017488,35.4409,39.0255,43.1071,36.5947,4.352,3.8953,0.4567,10.494,0.0013,0.5236,3.5386,4.8,4.6887,3.1262,99.45,0,0.0,13320264442,13254232285,1137432983.0,288661.04,319950.15,52.44,39810154.4,0,0,0,0,yfinance_ETH-USD,yfinance_STETH-USD,beacon_formula_16632_sqrt_S,modelo_teorico_oficial,modelo_invariante_stableswap,22092665.58,0.8134,3.8953,48914185905,4.8,12955174289,27.1,0.1454,1,1046.5668,relay_data_api_concorrente,22092665.58,1.7291
2023-06-01,Post-Shapella,1862.2,1850.22,0.993567,-0.006433,-0.6433,-0.006385,-0.007519,36.5221,38.4035,43.8078,36.2967,4.3436,3.8877,0.4559,10.4959,0.0012,0.5249,3.5257,4.7,4.5932,0.719,99.45,0,0.0,13186075636,13121635128,1135334629.0,287468.69,324291.41,52.85,39736712.02,0,0,0,0,yfinance_ETH-USD,yfinance_STETH-USD,beacon_formula_16632_sqrt_S,modelo_teorico_oficial,modelo_invariante_stableswap,22254881.87,0.8179,3.8877,47773387185,4.7,13071758573,27.47,0.0559,1,402.2293,relay_data_api_concorrente,22254881.87,0.6597
2023-06-02,Post-Shapella,1907.26,1903.46,0.998008,-0.001992,-0.1992,0.023907,0.028372,38.9138,38.8116,46.773,37.2638,4.3386,3.8833,0.4553,10.4942,0.0012,0.5261,3.5176,4.7,4.5932,3.1946,99.45,0,0.0,13213209957,13151235588,1160362873.0,296737.5,312277.28,51.23,40612700.56,0,0,0,0,yfinance_ETH-USD,yfinance_STETH-USD,beacon_formula_16632_sqrt_S,modelo_teorico_oficial,modelo_invariante_stableswap,22357502.75,0.8211,3.8833,47737059647,4.7,13406397464,27.55,0.1989,1,1432.4392,relay_data_api_concorrente,22357502.75,2.3385
2023-06-03,Post-Shapella,1892.41,1889.26,0.998335,-0.001665,-0.1665,-0.007813,-0.007491,40.1239,38.5774,47.6454,37.2205,4.3281,3.8739,0.4542,10.4942,0.0012,0.5274,3.5054,4.5,4.402,3.2478,99.45,0,0.0,13581630491,13517618917,1150232265.0,297169.39,311162.01,51.11,40258129.28,0,0,0,0,yfinance_ETH-USD,yfinance_STETH-USD,beacon_formula_16632_sqrt_S,modelo_teorico_oficial,modelo_invariante_stableswap,22512678.06,0.8227,3.8739,48670374262,4.5,13329420114,27.77,0.1192,0,858.4668,relay_data_api_concorrente,22512678.06,1.3918
2023-06-04,Post-Shapella,1890.51,1881.47,0.995218,-0.004782,-0.4782,-0.001004,-0.004132,24.2469,31.8411,29.2743,31.7872,4.3099,3.8576,0.4523,10.4944,0.0012,0.5286,3.4871,4.4,4.3062,2.1568,99.45,0,0.0,13534596887,13470833829,1155742501.0,291935.62,320938.04,52.25,40450987.54,0,0,0,0,yfinance_ETH-USD,yfinance_STETH-USD,beacon_formula_16632_sqrt_S,modelo_teorico_oficial,modelo_invariante_stableswap,22749192.88,0.8227,3.8576,48499683711,4.4,13436235271,27.78,0.0395,1,284.4945,relay_data_api_concorrente,22749192.88,0.4565
2023-06-05,Post-Shapella,1811.83,1804.97,0.996214,-0.003786,-0.3786,-0.042512,-0.04151,38.4267,30.7474,40.7281,32.03,4.2927,3.8422,0.4505,10.4946,0.0012,0.5298,3.4716,4.3,4.2104,2.0163,99.45,0,0.0,13499806835,13433505636,1087811976.0,288896.08,312681.86,51.88,38073419.16,0,0,0,0,yfinance_ETH-USD,yfinance_STETH-USD,beacon_formula_16632_sqrt_S,modelo_teorico_oficial,modelo_invariante_stableswap,22953563.84,0.8211,3.8422,48384873527,4.3,12777545228,27.76,0.0311,0,223.8603,relay_data_api_concorrente,22953563.84,0.356
2023-06-06,Post-Shapella,1884.49,1872.41,0.99359,-0.00641,-0.641,0.039323,0.036687,50.6678,33.5162,51.0565,34.462,4.2897,3.8395,0.4502,10.4949,0.0012,0.5311,3.4719,4.3,4.2104,2.1399,99.45,0,0.0,12994647709,12934316874,1131263107.0,283104.52,319243.9,52.84,39594208.75,0,0,0,0,yfinance_ETH-USD,yfinance_STETH-USD,beacon_formula_16632_sqrt_S,modelo_teorico_oficial,modelo_invariante_stableswap,22948769.29,0.8177,3.8395,46723903818,4.3,13330807337,27.68,0.0227,1,163.2262,relay_data_api_concorrente,22948769.29,0.2596
2023-06-07,Post-Shapella,1832.4,1824.89,0.995902,-0.004098,-0.4098,-0.028035,-0.025712,53.7066,34.6566,52.8989,34.9125,4.2735,3.825,0.4485,10.4949,0.0012,0.5323,3.4609,4.2,4.1144,2.2643,99.45,0,0.0,13608689123,13544636428,1063466504.0,278599.12,303010.85,52.0,37221327.64,0,0,0,0,yfinance_ETH-USD,yfinance_STETH-USD,beacon_formula_16632_sqrt_S,modelo_teorico_oficial,modelo_invariante_stableswap,23095895.25,0.8126,3.825,48321485487,4.2,13116024434,28.03,0.0285,0,205.1378,relay_data_api_concorrente,23095895.25,0.3242
2023-06-08,Post-Shapella,1846.3,1832.0,0.992255,-0.007745,-0.7745,0.00756,0.00389,54.1484,34.765,52.9533,34.939,4.2629,3.8155,0.4474,10.4952,0.0012,0.5335,3.457,4.1,4.0184,2.2656,99.45,0,0.0,13279517051,13220827423,1072949991.0,271229.44,312324.82,53.33,37553249.68,0,0,0,0,yfinance_ETH-USD,yfinance_STETH-USD,beacon_formula_16632_sqrt_S,modelo_teorico_oficial,modelo_invariante_stableswap,23147319.04,0.8058,3.8155,47240416200,4.1,13244774774,27.99,0.0343,1,247.0494,relay_data_api_concorrente,23147319.04,0.3896
2023-06-09,Post-Shapella,1840.23,1830.5,0.994713,-0.005287,-0.5287,-0.003297,-0.000819,49.8612,34.7642,46.8028,34.9396,4.2428,3.7975,0.4453,10.4954,0.0012,0.5347,3.4454,4.0,3.9223,2.1081,99.45,0,0.0,13374801947,13316097999,1063706106.0,274973.98,304665.8,52.43,37229713.71,0,0,0,0,yfinance_ETH-USD,yfinance_STETH-USD,beacon_formula_16632_sqrt_S,modelo_teorico_oficial,modelo_invariante_stableswap,23304073.07,0.7974,3.7975,47492667165,4.0,13143672743,28.04,0.0543,0,390.9451,relay_data_api_concorrente,23304073.07,0.6123
2023-06-10,Post-Shapella,1752.38,1741.97,0.99406,-0.00594,-0.594,-0.04891,-0.049569,59.1771,37.7744,56.669,38.1859,4.2188,3.7761,0.4427,10.4935,0.0012,0.536,3.4314,4.1,4.0184,2.1388,99.45,0,0.0,13298497149,13245478411,1007516411.0,272128.75,304622.6,52.67,35263074.39,0,0,0,0,yfinance_ETH-USD,yfinance_STETH-USD,beacon_formula_16632_sqrt_S,modelo_teorico_oficial,modelo_invariante_stableswap,23493899.82,0.7874,3.7761,47101609988,4.1,12479075978,28.12,0.0743,1,534.8409,relay_data_api_concorrente,23493899.82,0.8309
2023-06-11,Post-Shapella,1753.42,1746.11,0.995831,-0.004169,-0.4169,0.000588,0.002371,59.3513,37.6888,57.3801,38.1369,4.2054,3.764,0.4414,10.496,0.0012,0.5372,3.4294,4.1,4.0184,2.9433,99.45,0,0.0,12658806802,12610464915,1009882093.0,276337.37,300866.85,52.02,35345873.26,0,0,0,0,yfinance_ETH-USD,yfinance_STETH-USD,beacon_formula_16632_sqrt_S,modelo_teorico_oficial,modelo_invariante_stableswap,23521671.44,0.776,3.764,45274052073,4.1,12650513614,27.85,0.0432,0,311.2522,relay_data_api_concorrente,23521671.44,0.483
2023-06-12,Post-Shapella,1742.53,1733.9,0.995047,-0.004953,-0.4953,-0.006228,-0.007017,52.9821,37.682,51.1706,38.1553,4.1988,3.7582,0.4406,10.4935,0.0012,0.5384,3.4356,4.0,3.9223,1.8723,99.45,0,0.0,12664068776,12615789642,992666236.0,271691.83,299460.79,52.31,34743318.26,0,0,0,0,yfinance_ETH-USD,yfinance_STETH-USD,beacon_formula_16632_sqrt_S,modelo_teorico_oficial,modelo_invariante_stableswap,23437205.81,0.7633,3.7582,45264956019,4.0,12478581646,27.87,0.0122,1,87.6635,relay_data_api_concorrente,23437205.81,0.1365
2023-06-13,Post-Shapella,1739.04,1736.11,0.998315,-0.001685,-0.1685,-0.002005,0.001272,37.9511,37.6627,38.0054,38.1533,4.1739,3.7359,0.438,10.4938,0.0012,0.5396,3.4245,4.0,3.9223,2.0147,99.45,0,0.0,12565609249,12518601778,980980379.0,275756.75,288822.92,51.12,34334313.26,0,0,0,0,yfinance_ETH-USD,yfinance_STETH-USD,beacon_formula_16632_sqrt_S,modelo_teorico_oficial,modelo_invariante_stableswap,23589290.18,0.7494,3.7359,44877982474,4.0,12498252783,27.89,0.0219,0,157.6078,relay_data_api_concorrente,23589290.18,0.2439
2023-06-14,Post-Shapella,1650.52,1649.78,0.999552,-0.000448,-0.0448,-0.052242,-0.051003,47.2603,41.4352,47.2954,41.7682,4.151,3.7154,0.4356,10.4939,0.0012,0.5408,3.4164,3.9,3.8261,1.9827,99.45,0,0.0,12659197483,12612231993,892935212.0,266913.49,274211.8,50.66,31252732.42,0,0,0,0,yfinance_ETH-USD,yfinance_STETH-USD,beacon_formula_16632_sqrt_S,modelo_teorico_oficial,modelo_invariante_stableswap,23701327.75,0.7347,3.7154,45056308350,3.9,11866758375,27.99,0.0316,1,227.5521,relay_data_api_concorrente,23701327.75,0.3504
2023-06-15,Post-Shapella,1665.52,1669.42,1.002342,0.002342,0.2342,0.009047,0.011833,47.701,41.5911,49.463,42.0876,4.1221,3.6895,0.4326,10.4947,0.0012,0.5419,3.4029,3.9,3.8261,1.9906,99.45,0,0.0,12659197483,12612231993,898302478.0,271588.1,267138.93,49.65,31440586.73,0,0,0,0,yfinance_ETH-USD,yfinance_STETH-USD,beacon_formula_16632_sqrt_S,modelo_teorico_oficial,modelo_invariante_stableswap,23889459.31,0.7192,3.6895,43919256056,3.9,12010401879,28.72,0.1456,1,1048.2164,relay_data_api_concorrente,23889459.31,1.6015
2023-06-16,Post-Shapella,1716.67,1714.59,0.998788,-0.001212,-0.1212,0.030248,0.026696,57.6923,43.1817,57.082,43.3116,4.101,3.6706,0.4304,10.495,0.0012,0.5431,3.3977,3.9,3.8261,2.3962,99.45,0,0.0,12748691975,12699621224,915615010.0,261655.18,272041.37,50.94,32046525.35,0,0,0,0,yfinance_ETH-USD,yfinance_STETH-USD,beacon_formula_16632_sqrt_S,modelo_teorico_oficial,modelo_invariante_stableswap,23962455.85,0.7032,3.6706,43899922525,3.9,12418632612,28.93,0.0881,1,634.5645,relay_data_api_concorrente,23962455.85,0.9666
2023-06-17,Post-Shapella,1727.2,1720.54,0.996144,-0.003856,-0.3856,0.006118,0.003465,47.9322,43.1414,46.1464,43.2429,4.0915,3.6621,0.4294,10.4949,0.0012,0.5443,3.4045,3.9,3.8261,1.9485,99.45,0,0.0,12748691975,12699621224,919673448.0,256068.25,277466.59,51.91,32188570.68,0,0,0,0,yfinance_ETH-USD,yfinance_STETH-USD,beacon_formula_16632_sqrt_S,modelo_teorico_oficial,modelo_invariante_stableswap,23866747.1,0.687,3.6621,44540776846,3.9,12505620867,28.51,0.0529,0,380.913,relay_data_api_concorrente,23866747.1,0.5825
2023-06-18,Post-Shapella,1720.58,1720.96,1.000221,0.000221,0.0221,-0.003844,0.000246,47.8896,43.065,46.0558,43.1886,4.0715,3.6442,0.4273,10.4949,0.0012,0.5455,3.4007,3.8,3.7298,2.1228,99.45,0,0.0,12623114008,12575062214,917211633.0,264309.9,268713.57,50.42,32102407.16,0,0,0,0,yfinance_ETH-USD,yfinance_STETH-USD,beacon_formula_16632_sqrt_S,modelo_teorico_oficial,modelo_invariante_stableswap,23920687.6,0.6708,3.6442,44619172952,3.8,12493032406,28.18,0.0177,1,127.2615,relay_data_api_concorrente,23920687.6,0.1942
2023-06-19,Post-Shapella,1737.66,1731.99,0.996737,-0.003263,-0.3263,0.009879,0.006387,48.5754,43.2064,46.1973,43.258,4.0556,3.63,0.4256,10.4941,0.0012,0.5466,3.4009,3.8,3.7298,1.9374,99.45,0,0.0,12619107113,12571372274,826675978.0,229823.97,246722.01,51.69,28933659.23,0,0,0,0,yfinance_ETH-USD,yfinance_STETH-USD,beacon_formula_16632_sqrt_S,modelo_teorico_oficial,modelo_invariante_stableswap,23918150.08,0.6548,3.63,44632393529,3.8,12621688752,28.17,0.0195,1,140.1175,relay_data_api_concorrente,23918150.08,0.2138
2023-06-20,Post-Shapella,1792.12,1779.18,0.99278,-0.00722,-0.722,0.03086,0.026885,53.4657,44.5625,50.2077,44.3552,4.0423,3.618,0.4243,10.4965,0.0012,0.5478,3.403,3.8,3.7298,1.8553,99.45,0,0.0,12830378845,12780885413,831282504.0,217387.3,248259.53,53.13,29094887.64,0,0,0,0,yfinance_ETH-USD,yfinance_STETH-USD,beacon_formula_16632_sqrt_S,modelo_teorico_oficial,modelo_invariante_stableswap,23887610.52,0.6392,3.618,45044983917,3.8,12984451451,28.37,0.0379,1,272.5865,relay_data_api_concorrente,23887610.52,0.4165
2023-06-21,Post-Shapella,1891.01,1877.37,0.992787,-0.007213,-0.7213,0.05371,0.053718,37.7352,48.3324,35.9811,48.1931,4.0492,3.6242,0.425,10.4959,0.0012,0.549,3.4248,3.8,3.7298,2.0837,99.45,0,0.0,13261343754,13210114398,877154051.0,217399.39,248246.02,53.13,30700391.79,0,0,0,0,yfinance_ETH-USD,yfinance_STETH-USD,beacon_formula_16632_sqrt_S,modelo_teorico_oficial,modelo_invariante_stableswap,23584851.38,0.6243,3.6242,46440970272,3.8,13752738422,28.44,0.0347,0,249.4902,relay_data_api_concorrente,23584851.38,0.3861
2023-06-22,Post-Shapella,1872.94,1873.83,1.000475,0.000475,0.0475,-0.009599,-0.001888,42.9046,47.9906,38.7744,47.7716,4.0361,3.6125,0.4236,10.4953,0.0012,0.5501,3.4258,3.8,3.7298,2.0642,99.45,0,0.0,14181059656,14128056011,870595215.0,230894.13,233822.9,50.33,30470832.52,0,0,0,0,yfinance_ETH-USD,yfinance_STETH-USD,beacon_formula_16632_sqrt_S,modelo_teorico_oficial,modelo_invariante_stableswap,23571396.36,0.6103,3.6125,48716939894,3.8,13834205696,29.0,0.0314,1,226.3939,relay_data_api_concorrente,23571396.36,0.3506
2023-06-23,Post-Shapella,1892.86,1887.93,0.997395,-0.002605,-0.2605,0.010579,0.007496,41.472,46.8606,38.1775,46.982,4.0249,3.6025,0.4224,10.4947,0.0012,0.5513,3.4275,3.8,3.7298,2.141,99.45,0,0.0,13959826701,13909310009,871014399.0,223401.16,237374.94,51.45,30485503.97,0,0,0,0,yfinance_ETH-USD,yfinance_STETH-USD,beacon_formula_16632_sqrt_S,modelo_teorico_oficial,modelo_invariante_stableswap,23547702.15,0.5974,3.6025,48160543342,3.8,14065085143,28.88,0.0488,1,351.566,relay_data_api_concorrente,23547702.15,0.5449
2023-06-24,Post-Shapella,1876.06,1868.18,0.9958,-0.0042,-0.42,-0.008916,-0.010517,44.5105,47.0011,41.648,47.1544,4.0095,3.5887,0.4208,10.4951,0.0012,0.5524,3.4238,3.8,3.7298,2.0923,99.45,0,0.0,14054834324,14002006323,879734948.0,224928.44,245027.62,52.03,30790723.18,0,0,0,0,yfinance_ETH-USD,yfinance_STETH-USD,beacon_formula_16632_sqrt_S,modelo_teorico_oficial,modelo_invariante_stableswap,23598644.04,0.5857,3.5887,48432522868,3.8,13825125038,28.91,0.0209,1,150.2656,relay_data_api_concorrente,23598644.04,0.2324
2023-06-25,Post-Shapella,1900.51,1893.63,0.99638,-0.00362,-0.362,0.012947,0.013532,42.5253,47.0145,40.5026,47.1243,3.9985,3.5788,0.4197,10.4964,0.0011,0.5536,3.423,3.8,3.7298,1.936,99.45,0,0.0,13986640824,13936047145,887627957.0,225020.7,242905.88,51.82,31066978.5,0,0,0,0,yfinance_ETH-USD,yfinance_STETH-USD,beacon_formula_16632_sqrt_S,modelo_teorico_oficial,modelo_invariante_stableswap,23609182.59,0.5754,3.5788,48214312942,3.8,14016611414,28.9,0.0256,1,184.68,relay_data_api_concorrente,23609182.59,0.2855
2023-06-26,Post-Shapella,1859.43,1848.26,0.993993,-0.006007,-0.6007,-0.021849,-0.024253,50.0043,47.7018,49.0007,47.9617,3.978,3.5605,0.4175,10.4952,0.0011,0.5547,3.4113,3.8,3.7298,1.8193,99.45,0,0.0,14157655736,14106383349,861984562.0,219300.23,245750.67,52.69,30169459.67,0,0,0,0,yfinance_ETH-USD,yfinance_STETH-USD,beacon_formula_16632_sqrt_S,modelo_teorico_oficial,modelo_invariante_stableswap,23771325.21,0.5666,3.5605,48750930677,3.8,13746433412,28.94,0.0332,1,239.0797,relay_data_api_concorrente,23771325.21,0.3671
2023-06-27,Post-Shapella,1889.7,1884.01,0.996989,-0.003011,-0.3011,0.016148,0.01916,47.2663,45.6042,47.6103,45.0408,3.9631,3.5472,0.4159,10.4943,0.0011,0.5559,3.4037,3.8,3.7298,1.9314,99.45,0,0.0,13964783717,13915160289,873284590.0,223673.15,239175.71,51.6,30564960.65,0,0,0,0,yfinance_ETH-USD,yfinance_STETH-USD,beacon_formula_16632_sqrt_S,modelo_teorico_oficial,modelo_invariante_stableswap,23877600.44,0.5594,3.5472,48157421251,3.8,14054944171,28.9,0.0611,0,440.1605,relay_data_api_concorrente,23877600.44,0.6728
2023-06-28,Post-Shapella,1827.97,1818.46,0.994798,-0.005202,-0.5202,-0.033213,-0.035414,35.9814,46.9351,38.3506,46.488,3.9356,3.5226,0.413,10.494,0.0011,0.557,3.3818,3.8,3.7298,1.9177,99.45,0,0.0,14050708812,14000996098,844157804.0,219819.62,243246.56,52.4,29545523.14,0,0,0,0,yfinance_ETH-USD,yfinance_STETH-USD,beacon_formula_16632_sqrt_S,modelo_teorico_oficial,modelo_invariante_stableswap,24188048.88,0.5538,3.5226,48350536879,3.8,13631640138,28.96,0.0891,1,641.2414,relay_data_api_concorrente,24188048.88,0.9676
2023-06-29,Post-Shapella,1852.23,1841.46,0.994185,-0.005815,-0.5815,0.013182,0.012568,37.8611,47.1685,40.3317,46.6717,3.9363,3.5232,0.4131,10.4946,0.0011,0.5581,3.3865,3.8,3.7298,2.081,99.45,0,0.0,13758006694,13709414929,856651817.0,219119.89,244801.08,52.62,29982813.6,0,0,0,0,yfinance_ETH-USD,yfinance_STETH-USD,beacon_formula_16632_sqrt_S,modelo_teorico_oficial,modelo_invariante_stableswap,24121807.61,0.5498,3.5232,47399588472,3.8,13797869759,28.92,0.0815,0,586.689,relay_data_api_concorrente,24121807.61,0.8878
2023-06-30,Post-Shapella,1933.19,1920.21,0.993286,-0.006714,-0.6714,0.042782,0.041878,49.507,49.2796,51.5826,48.5852,3.9391,3.5257,0.4134,10.4948,0.0011,0.5593,3.3916,3.8,3.7298,2.0486,99.45,0,0.0,13951078500,13896350522,890781256.0,216797.31,245635.04,52.95,31177343.96,0,0,0,0,yfinance_ETH-USD,yfinance_STETH-USD,beacon_formula_16632_sqrt_S,modelo_teorico_oficial,modelo_invariante_stableswap,24048820.72,0.5475,3.5257,47941893477,3.8,14446229235,28.99,0.0739,1,532.1366,relay_data_api_concorrente,24048820.72,0.8076
2023-07-01,Post-Shapella,1924.57,1917.23,0.996186,-0.003814,-0.3814,-0.004471,-0.001554,48.9564,49.2478,50.6118,48.4982,3.9347,3.5217,0.413,10.4964,0.0011,0.5604,3.3879,3.9,3.8261,2.3225,99.45,0,0.0,14635473026,14579625925,884793059.0,221174.06,239474.71,51.89,30967757.06,0,0,0,0,yfinance_ETH-USD,yfinance_STETH-USD,beacon_formula_16632_sqrt_S,modelo_teorico_oficial,modelo_invariante_stableswap,24100832.46,0.5467,3.5217,49715744665,3.9,14437758759,29.33,0.0375,1,269.9165,relay_data_api_concorrente,24100832.46,0.4088
2023-07-02,Post-Shapella,1937.44,1923.41,0.992758,-0.007242,-0.7242,0.006666,0.003217,48.438,48.6058,49.9368,47.507,3.9295,3.5171,0.4124,10.495,0.0011,0.5615,3.382,3.9,3.8261,2.3678,99.45,0,0.0,14618052475,14560212178,889546224.0,215135.3,245779.36,53.14,31134117.84,0,0,0,0,yfinance_ETH-USD,yfinance_STETH-USD,beacon_formula_16632_sqrt_S,modelo_teorico_oficial,modelo_invariante_stableswap,24186371.83,0.5475,3.5171,49557104762,3.9,14480416884,29.38,0.0277,0,199.7727,relay_data_api_concorrente,24186371.83,0.3015
2023-07-03,Post-Shapella,1955.39,1938.42,0.991321,-0.008679,-0.8679,0.009223,0.007773,43.8149,48.6013,44.6837,47.4884,3.9338,3.521,0.4128,10.4937,0.0011,0.5627,3.3842,4.0,3.9223,1.8954,99.45,0,0.0,14753808923,14694392433,839702133.0,198960.85,232486.3,53.67,29389574.66,0,0,0,0,yfinance_ETH-USD,yfinance_STETH-USD,beacon_formula_16632_sqrt_S,modelo_teorico_oficial,modelo_invariante_stableswap,24154677.81,0.5497,3.521,50040463912,4.0,14759097741,29.36,0.018,1,129.6289,relay_data_api_concorrente,24154677.81,0.1959
2023-07-04,Post-Shapella,1936.63,1934.6,0.998952,-0.001048,-0.1048,-0.009638,-0.001969,44.5573,48.7412,43.7239,47.4658,3.9274,3.5152,0.4122,10.4955,0.0011,0.5638,3.3743,4.0,3.9223,2.0136,99.45,0,0.0,14903732389,14844251469,814866073.0,206667.62,214322.01,50.88,28520312.56,0,0,0,0,yfinance_ETH-USD,yfinance_STETH-USD,beacon_formula_16632_sqrt_S,modelo_teorico_oficial,modelo_invariante_stableswap,24295579.71,0.5531,3.5152,50526961411,4.0,14634764718,29.38,0.0638,0,459.5547,relay_data_api_concorrente,24295579.71,0.6904
2023-07-05,Post-Shapella,1910.59,1906.61,0.997917,-0.002083,-0.2083,-0.01354,-0.014573,36.1705,46.4966,33.8273,45.3158,3.9303,3.5178,0.4125,10.4954,0.0011,0.5649,3.3727,4.0,3.9223,2.0079,99.45,0,0.0,14785171275,14726616766,765813165.0,195365.55,205888.83,51.26,26803460.78,0,0,0,0,yfinance_ETH-USD,yfinance_STETH-USD,beacon_formula_16632_sqrt_S,modelo_teorico_oficial,modelo_invariante_stableswap,24319555.48,0.5576,3.5178,50241253564,4.0,14432378897,29.31,0.1096,1,789.4805,relay_data_api_concorrente,24319555.48,1.1849
2023-07-06,Post-Shapella,1848.64,1838.78,0.994666,-0.005334,-0.5334,-0.032963,-0.036229,45.0895,45.9819,45.18,45.3931,3.9219,3.5103,0.4116,10.4949,0.0011,0.566,3.3588,4.0,3.9223,1.9439,99.45,0,0.0,14537272522,14478458266,750124159.0,192956.56,213955.42,52.45,26254345.56,0,0,0,0,yfinance_ETH-USD,yfinance_STETH-USD,beacon_formula_16632_sqrt_S,modelo_teorico_oficial,modelo_invariante_stableswap,24520458.34,0.563,3.5103,49489263679,4.0,14198927725,29.26,0.0721,1,518.7962,relay_data_api_concorrente,24520458.34,0.7723
2023-07-07,Post-Shapella,1870.6,1859.21,0.993911,-0.006089,-0.6089,0.011812,0.011052,30.1779,45.0858,30.9556,44.6388,3.9173,3.5062,0.4111,10.4945,0.0011,0.5672,3.3481,4.0,3.9223,2.0813,99.45,0,0.0,14136026935,14075115761,748918477.0,189280.08,212375.78,52.72,26212146.7,0,0,0,0,yfinance_ETH-USD,yfinance_STETH-USD,beacon_formula_16632_sqrt_S,modelo_teorico_oficial,modelo_invariante_stableswap,24677296.08,0.5692,3.5062,48251582317,4.0,14216155100,29.17,0.0622,1,447.9937,relay_data_api_concorrente,24677296.08,0.6626
2023-07-08,Post-Shapella,1865.54,1842.6,0.987703,-0.012297,-1.2297,-0.00271,-0.008972,30.2128,45.0311,30.9733,44.7456,3.9208,3.5093,0.4115,10.4953,0.0011,0.5683,3.345,3.9,3.8261,2.098,99.45,0,0.0,14373006487,14308097476,736500133.0,177706.47,219788.13,54.99,25777504.66,0,0,0,0,yfinance_ETH-USD,yfinance_STETH-USD,beacon_formula_16632_sqrt_S,modelo_teorico_oficial,modelo_invariante_stableswap,24723348.29,0.5758,3.5093,48854848761,3.9,14121987232,29.29,0.0532,0,382.9165,relay_data_api_concorrente,24723348.29,0.5653
2023-07-09,Post-Shapella,1863.01,1855.87,0.996167,-0.003833,-0.3833,-0.001357,0.007176,28.946,45.0164,31.7857,44.8097,3.9228,3.5111,0.4117,10.4951,0.0011,0.5694,3.34,3.8,3.7298,2.0924,99.45,0,0.0,14355126150,14289354485,739340914.0,190894.38,206750.89,51.9,25876931.99,0,0,0,0,yfinance_ETH-USD,yfinance_STETH-USD,beacon_formula_16632_sqrt_S,modelo_teorico_oficial,modelo_invariante_stableswap,24797221.76,0.5827,3.5111,48822179211,3.8,14203080552,29.27,0.0441,0,317.8393,relay_data_api_concorrente,24797221.76,0.4678
2023-07-10,Post-Shapella,1880.56,1875.29,0.997198,-0.002802,-0.2802,0.009374,0.010409,28.9934,41.4268,32.4849,41.1128,3.9274,3.5153,0.4121,10.4929,0.0011,0.5706,3.3377,3.9,3.8261,1.9403,99.45,0,0.0,14328936409,14267715255,740994688.0,191018.69,203580.55,51.52,25934814.08,0,0,0,0,yfinance_ETH-USD,yfinance_STETH-USD,beacon_formula_16632_sqrt_S,modelo_teorico_oficial,modelo_invariante_stableswap,24831463.65,0.5897,3.5153,48742024545,3.9,14243286678,29.27,0.0351,0,252.7621,relay_data_api_concorrente,24831463.65,0.3715
2023-07-11,Post-Shapella,1878.34,1873.67,0.997514,-0.002486,-0.2486,-0.001181,-0.000868,28.9154,41.4409,32.5515,41.1292,3.934,3.5211,0.4129,10.4957,0.0011,0.5717,3.3375,3.9,3.8261,1.962,99.45,0,0.0,14468614213,14407017636,740449548.0,191554.12,203155.19,51.41,25915734.18,0,0,0,0,yfinance_ETH-USD,yfinance_STETH-USD,beacon_formula_16632_sqrt_S,modelo_teorico_oficial,modelo_invariante_stableswap,24834767.0,0.5965,3.5211,49012967937,3.9,14305730228,29.39,0.0261,1,187.685,relay_data_api_concorrente,24834767.0,0.2758
2023-07-12,Post-Shapella,1872.11,1870.12,0.998937,-0.001063,-0.1063,-0.003318,-0.001894,27.8656,41.3779,31.4507,41.021,3.9402,3.5266,0.4136,10.4969,0.0011,0.5728,3.3373,3.9,3.8261,2.1197,99.45,0,0.0,14501856695,14438087500,736247799.0,193142.16,200342.45,50.89,25768672.97,0,0,0,0,yfinance_ETH-USD,yfinance_STETH-USD,beacon_formula_16632_sqrt_S,modelo_teorico_oficial,modelo_invariante_stableswap,24838327.47,0.6029,3.5266,49201914045,3.9,14340151412,29.34,0.0267,1,192.3425,relay_data_api_concorrente,24838327.47,0.2826
2023-07-13,Post-Shapella,2006.51,1994.98,0.994254,-0.005746,-0.5746,0.069329,0.06463,49.9184,47.4585,46.7596,46.3811,3.9655,3.5493,0.4162,10.4955,0.0011,0.574,3.3568,3.9,3.8261,1.965,99.45,0,0.0,14523842175,14461194730,619020539.0,146237.99,163205.92,52.6,21665718.86,0,0,0,0,yfinance_ETH-USD,yfinance_STETH-USD,beacon_formula_16632_sqrt_S,modelo_teorico_oficial,modelo_invariante_stableswap,24550122.0,0.6087,3.5493,49135934532,3.9,15192588065,29.43,0.0374,1,269.0734,relay_data_api_concorrente,24550122.0,0.4
2023-07-14,Post-Shapella,1939.35,1934.22,0.997355,-0.002645,-0.2645,-0.034046,-0.030931,59.8544,45.0718,55.9995,43.8077,3.9535,3.5386,0.4149,10.4945,0.0011,0.5751,3.3399,3.9,3.8261,2.0096,99.45,0,0.0,15702768872,15619703066,596308022.0,149232.16,158665.84,51.47,20870780.77,0,0,0,0,yfinance_ETH-USD,yfinance_STETH-USD,beacon_formula_16632_sqrt_S,modelo_teorico_oficial,modelo_invariante_stableswap,24798958.71,0.6136,3.5386,51696638976,3.9,14830794114,30.21,0.0395,0,284.6097,relay_data_api_concorrente,24798958.71,0.4189
2023-07-15,Post-Shapella,1931.47,1925.22,0.996764,-0.003236,-0.3236,-0.004072,-0.004661,59.9712,45.1694,55.398,43.876,3.954,3.539,0.415,10.4957,0.0011,0.5762,3.3364,3.8,3.7298,2.1999,99.45,0,0.0,15102160467,15024591817,594591779.0,148750.16,159610.49,51.68,20810712.26,0,0,0,0,yfinance_ETH-USD,yfinance_STETH-USD,beacon_formula_16632_sqrt_S,modelo_teorico_oficial,modelo_invariante_stableswap,24851734.33,0.6176,3.539,50198621359,3.8,14925024548,29.93,0.0417,1,300.146,relay_data_api_concorrente,24851734.33,0.4408
2023-07-16,Post-Shapella,1923.68,1919.41,0.99778,-0.00222,-0.222,-0.004039,-0.003023,60.174,44.3267,55.7842,43.225,3.9518,3.537,0.4148,10.4965,0.0011,0.5774,3.3313,3.8,3.7298,1.9395,99.45,0,0.0,15137251266,15059533081,594366572.0,150438.38,158888.03,51.31,20802830.02,0,0,0,0,yfinance_ETH-USD,yfinance_STETH-USD,beacon_formula_16632_sqrt_S,modelo_teorico_oficial,modelo_invariante_stableswap,24927108.8,0.6204,3.537,50353818999,3.8,14965006791,29.91,0.0286,1,205.8239,relay_data_api_concorrente,24927108.8,0.3014
2023-07-17,Post-Shapella,1911.65,1905.49,0.996778,-0.003222,-0.3222,-0.006276,-0.007277,60.4756,44.4556,56.1647,43.3963,3.9454,3.5313,0.4141,10.4958,0.0011,0.5785,3.3234,3.9,3.8261,1.9182,99.45,0,0.0,15058473484,14980509920,585399685.0,147985.73,158753.27,51.67,20488988.98,0,0,0,0,yfinance_ETH-USD,yfinance_STETH-USD,beacon_formula_16632_sqrt_S,modelo_teorico_oficial,modelo_invariante_stableswap,25045868.05,0.622,3.5313,50103732450,3.9,14839930668,29.9,1.3208,1,9509.9424,relay_data_api_concorrente,25045868.05,13.8591
2023-07-18,Post-Shapella,1897.6,1894.93,0.998593,-0.001407,-0.1407,-0.007375,-0.005562,60.8594,44.5448,56.4266,43.4967,3.9393,3.5259,0.4134,10.4943,0.0011,0.5796,3.3172,3.8,3.7298,2.1294,99.45,0,0.0,15005023017,14929530181,579709358.0,149649.44,156066.23,51.01,20289827.53,0,0,0,0,yfinance_ETH-USD,yfinance_STETH-USD,beacon_formula_16632_sqrt_S,modelo_teorico_oficial,modelo_invariante_stableswap,25140105.8,0.6222,3.5259,49888231885,3.8,14712713056,29.93,0.0483,1,348.0721,relay_data_api_concorrente,25140105.8,0.5054
2023-07-19,Post-Shapella,1889.01,1888.84,0.99991,-9e-05,-0.009,-0.004538,-0.003215,60.9239,44.5592,56.4845,43.5373,3.9327,3.5199,0.4128,10.4966,0.0011,0.5808,3.3118,3.9,3.8261,2.0379,99.45,0,0.0,14967740891,14896094473,574777620.0,150519.27,153769.1,50.53,20117216.7,0,0,0,0,yfinance_ETH-USD,yfinance_STETH-USD,beacon_formula_16632_sqrt_S,modelo_teorico_oficial,modelo_invariante_stableswap,25221823.28,0.6209,3.5199,49532450691,3.9,14660569996,30.07,0.047,1,338.2308,relay_data_api_concorrente,25221823.28,0.4895
2023-07-20,Post-Shapella,1890.97,1888.98,0.998948,-0.001052,-0.1052,0.001038,7.3e-05,22.1293,43.3931,19.9768,42.6734,3.9116,3.501,0.4106,10.497,0.0011,0.5819,3.2935,3.9,3.8261,2.103,99.45,0,0.0,14843258799,14770575704,575721605.0,149538.94,155082.62,50.88,20150256.18,0,0,0,0,yfinance_ETH-USD,yfinance_STETH-USD,beacon_formula_16632_sqrt_S,modelo_teorico_oficial,modelo_invariante_stableswap,25503476.4,0.6181,3.501,49092755473,3.9,14710232209,30.09,0.0472,1,339.9657,relay_data_api_concorrente,25503476.4,0.4866
2023-07-21,Post-Shapella,1892.08,1889.88,0.998837,-0.001163,-0.1163,0.000587,0.000475,6.1271,39.1409,5.4314,38.376,3.9145,3.5037,0.4108,10.4943,0.0011,0.583,3.3007,3.9,3.8261,2.1823,99.45,0,0.0,14860776832,14791015348,568458865.0,147441.96,153177.39,50.92,19896060.28,0,0,0,0,yfinance_ETH-USD,yfinance_STETH-USD,beacon_formula_16632_sqrt_S,modelo_teorico_oficial,modelo_invariante_stableswap,25391622.69,0.6138,3.5037,49096082540,3.9,14718966304,30.13,0.0129,1,93.0214,relay_data_api_concorrente,25391622.69,0.1337
2023-07-22,Post-Shapella,1864.91,1860.31,0.997533,-0.002467,-0.2467,-0.014463,-0.015767,10.0376,39.3277,10.5844,38.7753,3.9036,3.4939,0.4097,10.4954,0.0011,0.5841,3.2955,3.9,3.8261,2.2254,99.45,0,0.0,14907017459,14835391791,542323059.0,141330.42,149843.06,51.4,18981307.07,0,0,0,0,yfinance_ETH-USD,yfinance_STETH-USD,beacon_formula_16632_sqrt_S,modelo_teorico_oficial,modelo_invariante_stableswap,25472003.52,0.6081,3.4939,48938718889,3.9,14675034133,30.31,0.0323,0,232.6053,relay_data_api_concorrente,25472003.52,0.3333
2023-07-23,Post-Shapella,1889.19,1884.69,0.997618,-0.002382,-0.2382,0.012935,0.013019,16.4629,39.417,16.8177,38.9614,3.8997,3.4905,0.4092,10.4931,0.0011,0.5853,3.2989,3.9,3.8261,2.1478,99.45,0,0.0,14652662515,14585929515,539204767.0,138799.35,146966.56,51.37,18872166.85,0,0,0,0,yfinance_ETH-USD,yfinance_STETH-USD,beacon_formula_16632_sqrt_S,modelo_teorico_oficial,modelo_invariante_stableswap,25420000.08,0.6009,3.4905,48027775800,3.9,14711605371,30.37,0.0517,0,372.1892,relay_data_api_concorrente,25420000.08,0.5344
2023-07-24,Post-Shapella,1850.0,1846.36,0.998032,-0.001968,-0.1968,-0.020962,-0.020549,21.2003,39.9774,21.215,39.4544,3.8857,3.4779,0.4078,10.4949,0.0011,0.5864,3.2933,4.0,3.9223,1.9567,99.45,0,0.0,14917151372,14849261849,528045582.0,139236.53,146481.73,51.22,18481595.37,0,0,0,0,yfinance_ETH-USD,yfinance_STETH-USD,beacon_formula_16632_sqrt_S,modelo_teorico_oficial,modelo_invariante_stableswap,25505766.19,0.5923,3.4779,48626028051,4.0,14457906517,30.54,0.0711,1,511.7731,relay_data_api_concorrente,25505766.19,0.7324
2023-07-25,Post-Shapella,1857.74,1856.07,0.999101,-0.000899,-0.0899,0.004175,0.005244,21.9357,39.7233,22.2947,39.1913,3.8768,3.4699,0.4069,10.4958,0.0011,0.5875,3.2942,4.0,3.9223,2.145,99.45,0,0.0,14636086245,14571846866,520555074.0,137780.82,142556.12,50.83,18219427.59,0,0,0,0,yfinance_ETH-USD,yfinance_STETH-USD,beacon_formula_16632_sqrt_S,modelo_teorico_oficial,modelo_invariante_stableswap,25492433.24,0.5826,3.4699,47691764304,4.0,14602116521,30.55,0.0843,1,607.296,relay_data_api_concorrente,25492433.24,0.8695
2023-07-26,Post-Shapella,1872.16,1869.19,0.998414,-0.001586,-0.1586,0.007731,0.007048,23.1774,39.0814,23.4263,38.3319,3.8678,3.4618,0.406,10.4969,0.0011,0.5886,3.296,4.0,3.9223,2.1069,99.45,0,0.0,14721066651,14656750184,522174008.0,136450.48,142691.15,51.08,18276090.28,0,0,0,0,yfinance_ETH-USD,yfinance_STETH-USD,beacon_formula_16632_sqrt_S,modelo_teorico_oficial,modelo_invariante_stableswap,25464578.64,0.5718,3.4618,47772996720,4.0,14690398972,30.68,0.4281,1,3082.2596,relay_data_api_concorrente,25464578.64,4.418
2023-07-27,Post-Shapella,1860.36,1857.05,0.998221,-0.001779,-0.1779,-0.006324,-0.006517,23.3387,38.7135,23.6406,37.7907,3.8523,3.448,0.4043,10.495,0.0011,0.5897,3.2922,4.0,3.9223,2.1432,99.45,0,0.0,14837123633,14767455923,517981801.0,136018.42,142666.37,51.15,18129363.04,0,0,0,0,yfinance_ETH-USD,yfinance_STETH-USD,beacon_formula_16632_sqrt_S,modelo_teorico_oficial,modelo_invariante_stableswap,25522577.3,0.5601,3.448,48054280671,4.0,14638936418,30.73,0.2294,0,1651.4367,relay_data_api_concorrente,25522577.3,2.3617
2023-07-28,Post-Shapella,1874.74,1872.74,0.998933,-0.001067,-0.1067,0.007704,0.008412,24.4209,36.9556,24.8964,35.7272,3.8382,3.4354,0.4028,10.4945,0.0011,0.5908,3.2905,4.0,3.9223,2.1124,99.45,0,0.0,14832020828,14761837012,522898997.0,136976.18,142093.55,50.89,18301464.9,0,0,0,0,yfinance_ETH-USD,yfinance_STETH-USD,beacon_formula_16632_sqrt_S,modelo_teorico_oficial,modelo_invariante_stableswap,25548986.08,0.5476,3.4354,47958844314,4.0,14814675532,30.78,0.0306,1,220.6139,relay_data_api_concorrente,25548986.08,0.3152
2023-07-29,Post-Shapella,1881.07,1874.43,0.99647,-0.00353,-0.353,0.003368,0.000902,21.8387,36.7008,21.7105,35.4818,3.8263,3.4248,0.4015,10.4932,0.0011,0.5919,3.2916,4.0,3.9223,2.0726,99.45,0,0.0,14966842576,14897392843,523473171.0,134166.43,144628.89,51.79,18321560.99,0,0,0,0,yfinance_ETH-USD,yfinance_STETH-USD,beacon_formula_16632_sqrt_S,modelo_teorico_oficial,modelo_invariante_stableswap,25531996.87,0.5347,3.4248,48284920220,4.0,14875188675,30.85,0.0485,1,349.2555,relay_data_api_concorrente,25531996.87,0.4993
2023-07-30,Post-Shapella,1861.64,1858.94,0.99855,-0.00145,-0.145,-0.01038,-0.008297,20.698,33.5437,19.966,32.3079,3.8036,3.4044,0.3992,10.4953,0.0011,0.593,3.2821,4.0,3.9223,2.1893,99.45,0,0.0,15041003840,14971148558,429428903.0,112961.15,117882.19,51.03,15030011.61,0,0,0,0,yfinance_ETH-USD,yfinance_STETH-USD,beacon_formula_16632_sqrt_S,modelo_teorico_oficial,modelo_invariante_stableswap,25681020.78,0.5215,3.4044,48439081143,4.0,14726044189,30.91,0.0362,0,260.5572,relay_data_api_concorrente,25681020.78,0.3703
2023-07-31,Post-Shapella,1856.16,1852.29,0.997915,-0.002085,-0.2085,-0.002949,-0.003588,13.5712,33.5296,12.8511,32.3194,3.7897,3.3919,0.3978,10.4969,0.0011,0.5941,3.2814,4.2,4.1144,2.0595,99.45,0,0.0,15009087732,14940895402,406746134.0,106800.04,112567.78,51.26,14236114.69,0,0,0,0,yfinance_ETH-USD,yfinance_STETH-USD,beacon_formula_16632_sqrt_S,modelo_teorico_oficial,modelo_invariante_stableswap,25691514.25,0.5083,3.3919,44730424588,4.2,14750409517,33.4,0.0239,1,171.859,relay_data_api_concorrente,25691514.25,0.2442
2023-08-01,Post-Shapella,1871.79,1864.35,0.996025,-0.003975,-0.3975,0.008385,0.006492,14.573,33.5857,13.1617,32.3952,3.7734,3.3774,0.396,10.4945,0.0011,0.5952,3.2782,4.2,4.1144,2.2063,99.45,0,0.0,14948825222,14882143286,386672768.0,99258.72,107748.7,51.95,13533546.88,0,0,0,0,yfinance_ETH-USD,yfinance_STETH-USD,beacon_formula_16632_sqrt_S,modelo_teorico_oficial,modelo_invariante_stableswap,25741257.64,0.4952,3.3774,44106772763,4.2,14700687625,33.74,0.0345,1,248.4198,relay_data_api_concorrente,25741257.64,0.3522
2023-08-02,Post-Shapella,1839.09,1834.35,0.997423,-0.002577,-0.2577,-0.017626,-0.016222,18.5022,33.8468,16.5542,32.6538,3.7523,3.3585,0.3938,10.4949,0.0011,0.5963,3.2697,4.2,4.1144,2.353,99.45,0,0.0,14995249670,14928173217,366599402.0,96797.03,102805.33,51.44,12830979.07,0,0,0,0,yfinance_ETH-USD,yfinance_STETH-USD,beacon_formula_16632_sqrt_S,modelo_teorico_oficial,modelo_invariante_stableswap,25875118.99,0.4826,3.3585,44092929940,4.2,14655377239,33.86,0.0318,0,228.6099,relay_data_api_concorrente,25875118.99,0.3225
2023-08-03,Post-Shapella,1835.14,1825.91,0.99497,-0.00503,-0.503,-0.002152,-0.004609,18.2271,33.7359,16.3417,32.6681,3.7378,3.3455,0.3923,10.4955,0.0011,0.5973,3.2672,4.1,4.0184,2.3138,99.45,0,0.0,14794566483,14730980518,365251538.0,94870.33,104688.18,52.33,12783803.83,0,0,0,0,yfinance_ETH-USD,yfinance_STETH-USD,beacon_formula_16632_sqrt_S,modelo_teorico_oficial,modelo_invariante_stableswap,25914941.3,0.4706,3.3455,43704009609,4.1,14600270151,33.71,0.029,1,208.8001,relay_data_api_concorrente,25914941.3,0.2941
2023-08-04,Post-Shapella,1827.71,1821.1,0.996383,-0.003617,-0.3617,-0.004053,-0.002642,16.3159,33.4815,13.6066,32.3504,3.7217,3.3311,0.3906,10.4952,0.0011,0.5984,3.2623,4.1,4.0184,2.1529,99.45,0,0.0,14769826320,14707725035,363511195.0,95822.08,103440.9,51.82,12722891.82,0,0,0,0,yfinance_ETH-USD,yfinance_STETH-USD,beacon_formula_16632_sqrt_S,modelo_teorico_oficial,modelo_invariante_stableswap,25993073.8,0.4594,3.3311,44622541239,4.1,14610943720,32.96,0.0512,0,368.4672,relay_data_api_concorrente,25993073.8,0.5174
2023-08-05,Post-Shapella,1834.99,1831.72,0.998218,-0.001782,-0.1782,0.003972,0.005815,16.4787,31.532,15.0665,29.9062,3.709,3.3197,0.3893,10.4961,0.0011,0.5995,3.2596,4.1,4.0184,2.015,99.45,0,0.0,14771520320,14709372880,386207439.0,102812.92,107847.69,51.15,13517260.37,0,0,0,0,yfinance_ETH-USD,yfinance_STETH-USD,beacon_formula_16632_sqrt_S,modelo_teorico_oficial,modelo_invariante_stableswap,26036097.16,0.4494,3.3197,44819621745,4.1,14641436248,32.82,0.0734,1,528.1343,relay_data_api_concorrente,26036097.16,0.7404
2023-08-06,Post-Shapella,1827.46,1822.67,0.997379,-0.002621,-0.2621,-0.00411,-0.004952,15.4884,31.2534,14.5762,29.6732,3.6995,3.3113,0.3882,10.4933,0.0011,0.6005,3.259,4.0,3.9223,1.9768,99.45,0,0.0,14804465591,14742381090,384262296.0,102071.91,108483.69,51.46,13449180.36,0,0,0,0,yfinance_ETH-USD,yfinance_STETH-USD,beacon_formula_16632_sqrt_S,modelo_teorico_oficial,modelo_invariante_stableswap,26046087.34,0.4405,3.3113,44968563081,4.0,14591279620,32.78,0.0228,1,164.3971,relay_data_api_concorrente,26046087.34,0.2304
2023-08-07,Post-Shapella,1826.94,1822.17,0.997389,-0.002611,-0.2611,-0.000286,-0.000272,15.5759,31.246,14.6657,29.5214,3.6925,3.305,0.3875,10.4942,0.0011,0.6016,3.2593,4.1,4.0184,1.9146,99.45,0,0.0,14749835989,14686714595,386700802.0,102759.7,109191.23,51.45,13534528.07,0,0,0,0,yfinance_ETH-USD,yfinance_STETH-USD,beacon_formula_16632_sqrt_S,modelo_teorico_oficial,modelo_invariante_stableswap,26040291.84,0.4331,3.305,45028465990,4.1,14573818750,32.62,0.2266,1,1631.6709,relay_data_api_concorrente,26040291.84,2.2871
2023-08-08,Post-Shapella,1855.81,1853.02,0.998497,-0.001503,-0.1503,0.015678,0.016785,19.1013,31.7614,19.5177,30.0167,3.6871,3.3001,0.387,10.4961,0.0011,0.6027,3.2598,3.8,3.7298,2.0506,99.45,0,0.0,14792749824,14729398750,392602454.0,103558.24,108157.51,51.05,13741085.89,0,0,0,0,yfinance_ETH-USD,yfinance_STETH-USD,beacon_formula_16632_sqrt_S,modelo_teorico_oficial,modelo_invariante_stableswap,26033226.46,0.4273,3.3001,45375030524,3.8,14882313505,32.46,0.1692,0,1217.9238,relay_data_api_concorrente,26033226.46,1.7076
2023-08-09,Post-Shapella,1854.3,1849.0,0.997142,-0.002858,-0.2858,-0.000814,-0.002172,13.2957,31.576,14.8816,29.7847,3.6845,3.2978,0.3867,10.4953,0.0011,0.6037,3.2613,3.8,3.7298,2.2024,99.45,0,0.0,15019361315,14953235952,405878202.0,106064.67,113143.59,51.54,14205737.07,0,0,0,0,yfinance_ETH-USD,yfinance_STETH-USD,beacon_formula_16632_sqrt_S,modelo_teorico_oficial,modelo_invariante_stableswap,26008398.13,0.4231,3.2978,46191734049,3.8,14841597468,32.37,0.1117,1,804.1768,relay_data_api_concorrente,26008398.13,1.1286
2023-08-10,Post-Shapella,1850.75,1848.36,0.998709,-0.001291,-0.1291,-0.001913,-0.000346,13.2604,31.5791,14.1823,29.7844,3.6805,3.2942,0.3863,10.4959,0.0011,0.6048,3.2598,3.8,3.7298,2.0488,99.45,0,0.0,15020386163,14955167067,403877088.0,106989.13,111378.17,50.97,14135698.08,0,0,0,0,yfinance_ETH-USD,yfinance_STETH-USD,beacon_formula_16632_sqrt_S,modelo_teorico_oficial,modelo_invariante_stableswap,26033291.44,0.4207,3.2942,46258767544,3.8,14893548365,32.33,0.1043,0,751.285,relay_data_api_concorrente,26033291.44,1.0533
2023-08-11,Post-Shapella,1847.12,1845.36,0.999047,-0.000953,-0.0953,-0.001963,-0.001624,12.8346,31.5674,14.0087,29.7829,3.6778,3.2918,0.386,10.4954,0.0011,0.6058,3.2578,3.8,3.7298,2.0297,99.45,0,0.0,15054618397,14988136260,401263118.0,106773.58,110568.94,50.85,14044209.13,0,0,0,0,yfinance_ETH-USD,yfinance_STETH-USD,beacon_formula_16632_sqrt_S,modelo_teorico_oficial,modelo_invariante_stableswap,26065210.3,0.42,3.2918,46597397768,3.8,14862647590,32.17,0.097,0,698.3933,relay_data_api_concorrente,26065210.3,0.978
2023-08-12,Post-Shapella,1848.89,1845.47,0.99815,-0.00185,-0.185,0.000955,6.4e-05,12.6662,19.0873,13.6392,18.3462,3.6757,3.2899,0.3858,10.496,0.0011,0.6069,3.2545,3.8,3.7298,2.0678,99.45,0,0.0,15093337060,15026716547,384860766.0,101634.78,106720.37,51.17,13470126.81,0,0,0,0,yfinance_ETH-USD,yfinance_STETH-USD,beacon_formula_16632_sqrt_S,modelo_teorico_oficial,modelo_invariante_stableswap,26117532.85,0.4212,3.2899,46870717419,3.8,14939188588,32.06,0.0897,1,645.5015,relay_data_api_concorrente,26117532.85,0.9021
2023-08-13,Post-Shapella,1839.28,1838.94,0.999815,-0.000185,-0.0185,-0.005211,-0.003548,12.9621,15.4323,13.2957,15.248,3.6752,3.2895,0.3857,10.4947,0.0011,0.608,3.2511,3.8,3.7298,1.8939,99.45,0,0.0,15119680283,15052674938,382001502.0,102665.94,105044.26,50.57,13370052.57,0,0,0,0,yfinance_ETH-USD,yfinance_STETH-USD,beacon_formula_16632_sqrt_S,modelo_teorico_oficial,modelo_invariante_stableswap,26172518.18,0.4241,3.2895,46886858547,3.8,14992833491,32.1,0.0178,1,128.3302,relay_data_api_concorrente,26172518.18,0.179
2023-08-14,Post-Shapella,1844.19,1841.27,0.998417,-0.001583,-0.1583,0.002664,0.001266,12.97,15.4844,13.2335,15.2425,3.6771,3.2912,0.3859,10.4947,0.0011,0.609,3.2484,3.8,3.7298,1.838,99.45,0,0.0,15061323935,14995678171,381041636.0,101081.76,105702.95,51.08,13336457.26,0,0,0,0,yfinance_ETH-USD,yfinance_STETH-USD,beacon_formula_16632_sqrt_S,modelo_teorico_oficial,modelo_invariante_stableswap,26215552.75,0.4287,3.2912,46724590653,3.8,14934294403,32.09,0.061,1,439.3051,relay_data_api_concorrente,26215552.75,0.6116
2023-08-15,Post-Shapella,1826.93,1816.76,0.994433,-0.005567,-0.5567,-0.009399,-0.013398,7.6642,15.7046,9.4048,15.7938,3.6747,3.289,0.3857,10.4961,0.0011,0.6101,3.2397,3.8,3.7298,1.8858,99.45,0,0.0,15122349121,15054282572,368818925.0,95828.05,106644.68,52.53,12908662.38,0,0,0,0,yfinance_ETH-USD,yfinance_STETH-USD,beacon_formula_16632_sqrt_S,modelo_teorico_oficial,modelo_invariante_stableswap,26356758.93,0.435,3.289,46931775617,3.8,14851919166,32.08,1.3164,1,9478.2606,relay_data_api_concorrente,26356758.93,13.1259
2023-08-16,Post-Shapella,1805.66,1803.01,0.998532,-0.001468,-0.1468,-0.011713,-0.007597,10.0878,16.0145,9.975,15.8081,3.6762,3.2904,0.3858,10.4945,0.0011,0.6111,3.2335,3.8,3.7298,2.1122,99.45,0,0.0,15024942432,14960350483,365549213.0,99127.66,103470.51,51.04,12794222.46,0,0,0,0,yfinance_ETH-USD,yfinance_STETH-USD,beacon_formula_16632_sqrt_S,modelo_teorico_oficial,modelo_invariante_stableswap,26458730.36,0.4428,3.2904,46442078145,3.8,14700077357,32.21,0.0479,1,345.2045,relay_data_api_concorrente,26458730.36,0.4762
2023-08-17,Post-Shapella,1684.93,1686.07,1.000677,0.000677,0.0677,-0.0692,-0.067057,48.0445,28.4024,46.4339,27.705,3.6678,3.2828,0.385,10.4968,0.0011,0.6122,3.2159,3.8,3.7298,2.1695,99.45,0,0.0,14736689562,14674011705,332928728.0,98295.59,99229.3,50.25,11652505.48,0,0,0,0,yfinance_ETH-USD,yfinance_STETH-USD,beacon_formula_16632_sqrt_S,modelo_teorico_oficial,modelo_invariante_stableswap,26749207.65,0.4519,3.2828,45586220545,3.8,13374099524,32.19,0.0476,0,342.592,relay_data_api_concorrente,26749207.65,0.4675
2023-08-18,Post-Shapella,1660.95,1664.89,1.002372,0.002372,0.2372,-0.014339,-0.012644,47.0721,28.6322,45.4444,27.8707,3.6712,3.2859,0.3853,10.4952,0.0011,0.6132,3.209,4.0,3.9223,2.1502,99.45,0,0.0,13952101446,13892150386,334619247.0,101468.93,99757.0,49.63,11711673.65,0,0,0,0,yfinance_ETH-USD,yfinance_STETH-USD,beacon_formula_16632_sqrt_S,modelo_teorico_oficial,modelo_invariante_stableswap,26864301.42,0.4623,3.2859,43414074967,4.0,13578011052,32.0,0.0472,0,339.9795,relay_data_api_concorrente,26864301.42,0.4619
2023-08-19,Post-Shapella,1669.47,1667.65,0.99891,-0.00109,-0.109,0.005121,0.001657,48.0269,28.7629,45.7728,27.9068,3.6801,3.2939,0.3862,10.4943,0.0011,0.6143,3.2064,4.0,3.9223,2.9225,99.45,0,0.0,13781757091,13723079024,334820865.0,98475.44,102191.15,50.9,11718730.28,0,0,0,0,yfinance_ETH-USD,yfinance_STETH-USD,beacon_formula_16632_sqrt_S,modelo_teorico_oficial,modelo_invariante_stableswap,26906564.28,0.4737,3.2939,43054586866,4.0,13679202464,31.87,0.0469,1,337.367,relay_data_api_concorrente,26906564.28,0.4577
2023-08-20,Post-Shapella,1684.85,1684.11,0.999561,-0.000439,-0.0439,0.00917,0.009821,50.778,29.0948,48.6423,28.2897,3.692,3.3045,0.3875,10.4957,0.0011,0.6154,3.2061,4.0,3.9223,2.0056,99.45,0,0.0,13869936895,13810142866,344916647.0,101004.41,103757.69,50.66,12072082.65,0,0,0,0,yfinance_ETH-USD,yfinance_STETH-USD,beacon_formula_16632_sqrt_S,modelo_teorico_oficial,modelo_invariante_stableswap,26911962.97,0.4859,3.3045,43259518813,4.0,13815533540,31.92,0.0863,1,621.5651,relay_data_api_concorrente,26911962.97,0.843
2023-08-21,Post-Shapella,1667.27,1670.2,1.001757,0.001757,0.1757,-0.010491,-0.00829,49.2494,28.9454,47.4646,28.0119,3.6992,3.311,0.3882,10.4942,0.0011,0.6164,3.2006,4.1,4.0184,1.8938,99.45,0,0.0,13953283644,13894456590,341037534.0,102565.51,101804.05,49.86,11936313.69,0,0,0,0,yfinance_ETH-USD,yfinance_STETH-USD,beacon_formula_16632_sqrt_S,modelo_teorico_oficial,modelo_invariante_stableswap,27005067.1,0.4986,3.311,42875055441,4.1,13803739456,32.41,0.0529,1,380.8052,relay_data_api_concorrente,27005067.1,0.5147
2023-08-22,Post-Shapella,1633.89,1632.52,0.999162,-0.000838,-0.0838,-0.020222,-0.022823,49.1999,28.8524,47.8865,28.1262,3.7059,3.317,0.3889,10.4941,0.0011,0.6175,3.1941,4.0,3.9223,1.9679,99.45,0,0.0,13911579924,13853810633,329203822.0,99115.7,102454.9,50.81,11522133.77,0,0,0,0,yfinance_ETH-USD,yfinance_STETH-USD,beacon_formula_16632_sqrt_S,modelo_teorico_oficial,modelo_invariante_stableswap,27114250.04,0.5118,3.317,42788689961,4.0,13395928704,32.38,0.0376,0,270.827,relay_data_api_concorrente,27114250.04,0.3646
2023-08-23,Post-Shapella,1679.27,1678.35,0.999452,-0.000548,-0.0548,0.027397,0.027688,58.4804,30.3435,57.2013,29.712,3.7233,3.3325,0.3908,10.4961,0.0011,0.6186,3.1982,4.0,3.9223,2.1393,99.45,0,0.0,13721661318,13665781398,340808686.0,100052.33,102954.57,50.7,11928304.01,0,0,0,0,yfinance_ETH-USD,yfinance_STETH-USD,beacon_formula_16632_sqrt_S,modelo_teorico_oficial,modelo_invariante_stableswap,27045208.98,0.525,3.3325,42010752718,4.0,13672815226,32.53,0.0223,1,160.8488,relay_data_api_concorrente,27045208.98,0.2171
2023-08-24,Post-Shapella,1659.94,1660.96,1.000614,0.000614,0.0614,-0.011578,-0.010418,32.0412,30.3573,32.0796,29.6553,3.7421,3.3493,0.3928,10.4968,0.0011,0.6196,3.2039,4.0,3.9223,2.0202,99.45,0,0.0,14174833566,14115933749,339406901.0,101666.85,102739.4,50.28,11879241.54,0,0,0,0,yfinance_ETH-USD,yfinance_STETH-USD,beacon_formula_16632_sqrt_S,modelo_teorico_oficial,modelo_invariante_stableswap,26949905.68,0.5382,3.3493,43050504779,4.0,13824935039,32.79,0.0452,1,325.3232,relay_data_api_concorrente,26949905.68,0.4406
2023-08-25,Post-Shapella,1652.94,1651.35,0.999038,-0.000962,-0.0962,-0.004232,-0.005801,30.493,30.0732,31.082,29.4066,3.7528,3.359,0.3938,10.4935,0.0011,0.6207,3.2018,4.0,3.9223,2.0264,99.45,0,0.0,14008061745,13951774288,339287702.0,100886.03,104477.64,50.85,11875069.57,0,0,0,0,yfinance_ETH-USD,yfinance_STETH-USD,beacon_formula_16632_sqrt_S,modelo_teorico_oficial,modelo_invariante_stableswap,26984265.6,0.551,3.359,42692455435,4.0,13822755099,32.68,0.1503,1,1082.4328,relay_data_api_concorrente,26984265.6,1.4641
2023-08-26,Post-Shapella,1646.31,1642.02,0.997394,-0.002606,-0.2606,-0.004018,-0.005664,30.1456,30.0629,31.1269,29.3994,3.759,3.3645,0.3945,10.4948,0.0011,0.6218,3.1957,3.8,3.7298,2.0587,99.45,0,0.0,13960004405,13904980776,334963334.0,98781.88,104954.71,51.45,11723716.69,0,0,0,0,yfinance_ETH-USD,yfinance_STETH-USD,beacon_formula_16632_sqrt_S,modelo_teorico_oficial,modelo_invariante_stableswap,27087677.15,0.5633,3.3645,42550363661,3.8,13836636769,32.68,0.1223,0,880.8423,relay_data_api_concorrente,27087677.15,1.1869
2023-08-27,Post-Shapella,1657.51,1655.96,0.999065,-0.000935,-0.0935,0.006784,0.008453,29.653,30.0192,30.8195,29.4016,3.7655,3.3703,0.3952,10.4953,0.0011,0.6229,3.1908,3.7,3.6334,1.9459,99.45,0,0.0,13945644933,13892071393,336219919.0,99715.96,103226.96,50.84,11767697.16,0,0,0,0,yfinance_ETH-USD,yfinance_STETH-USD,beacon_formula_16632_sqrt_S,modelo_teorico_oficial,modelo_invariante_stableswap,27171300.17,0.5748,3.3703,42497501068,3.7,13881530102,32.69,0.0943,0,679.2518,relay_data_api_concorrente,27171300.17,0.9125
2023-08-28,Post-Shapella,1652.46,1651.68,0.999528,-0.000472,-0.0472,-0.003055,-0.002587,28.8854,29.9014,30.43,29.352,3.7725,3.3765,0.396,10.497,0.0011,0.624,3.1872,3.8,3.7298,1.7807,99.45,0,0.0,14050995724,13996170119,334208607.0,99767.1,102530.43,50.67,11697301.24,0,0,0,0,yfinance_ETH-USD,yfinance_STETH-USD,beacon_formula_16632_sqrt_S,modelo_teorico_oficial,modelo_invariante_stableswap,27233114.48,0.5853,3.3765,42835108278,3.8,13934257171,32.67,0.0663,0,477.6613,relay_data_api_concorrente,27233114.48,0.6402
2023-08-29,Post-Shapella,1729.73,1724.97,0.997248,-0.002752,-0.2752,0.045699,0.043414,39.7575,34.5132,38.7656,33.6715,3.7914,3.3935,0.3979,10.4948,0.0011,0.625,3.1967,3.8,3.7298,1.965,99.45,0,0.0,14120269928,14065820510,349094591.0,97875.27,104231.84,51.5,12218310.68,0,0,0,0,yfinance_ETH-USD,yfinance_STETH-USD,beacon_formula_16632_sqrt_S,modelo_teorico_oficial,modelo_invariante_stableswap,27071311.61,0.5947,3.3935,42947127611,3.8,14722074923,32.75,0.0383,1,276.0709,relay_data_api_concorrente,27071311.61,0.3722
2023-08-30,Post-Shapella,1705.11,1698.77,0.996282,-0.003718,-0.3718,-0.014332,-0.015303,38.8727,34.7614,37.8136,33.9662,3.7846,3.3874,0.3972,10.4952,0.0011,0.6261,3.1817,3.8,3.7298,2.2268,99.45,0,0.0,14875506624,14818178497,342935095.0,96825.28,104685.95,51.86,12002728.32,0,0,0,0,yfinance_ETH-USD,yfinance_STETH-USD,beacon_formula_16632_sqrt_S,modelo_teorico_oficial,modelo_invariante_stableswap,27326089.65,0.6029,3.3874,44472807386,3.8,14513329111,33.32,0.0494,1,355.3678,relay_data_api_concorrente,27326089.65,0.4747
2023-08-31,Post-Shapella,1645.64,1646.83,1.000723,0.000723,0.0723,-0.035502,-0.031055,47.011,36.3154,44.2367,35.1654,3.7812,3.3843,0.3969,10.4967,0.0011,0.6272,3.1714,3.8,3.7298,2.1673,99.45,0,0.0,14687616085,14632852178,329515249.0,99644.16,100518.47,50.24,11533033.72,0,0,0,0,yfinance_ETH-USD,yfinance_STETH-USD,beacon_formula_16632_sqrt_S,modelo_teorico_oficial,modelo_invariante_stableswap,27503879.78,0.6097,3.3843,43887919992,3.8,14032180979,33.34,0.8276,1,5959.0686,relay_data_api_concorrente,27503879.78,7.9082
2023-09-01,Post-Shapella,1628.49,1621.65,0.9958,-0.0042,-0.42,-0.010475,-0.015409,47.4669,36.0698,45.3716,35.1314,3.7798,3.3831,0.3967,10.4953,0.0011,0.6283,3.1647,3.8,3.7298,1.9272,99.45,0,0.0,14214115207,14161203291,325037214.0,95736.45,104295.85,52.03,11376302.49,0,0,0,0,yfinance_ETH-USD,yfinance_STETH-USD,beacon_formula_16632_sqrt_S,modelo_teorico_oficial,modelo_invariante_stableswap,27620823.45,0.6151,3.3831,42703465042,3.8,13876886142,33.16,0.449,0,3232.6098,relay_data_api_concorrente,27620823.45,4.2718
2023-09-02,Post-Shapella,1637.03,1631.86,0.996842,-0.003158,-0.3158,0.005227,0.006277,47.7118,36.2103,45.6981,35.3166,3.7807,3.3839,0.3968,10.4954,0.0011,0.6294,3.1617,3.7,3.6334,1.9818,99.45,0,0.0,14070700565,14018954976,326574483.0,96449.81,103368.7,51.65,11430106.9,0,0,0,0,yfinance_ETH-USD,yfinance_STETH-USD,beacon_formula_16632_sqrt_S,modelo_teorico_oficial,modelo_invariante_stableswap,27674136.42,0.619,3.3839,42408024202,3.7,13958824315,33.06,0.0703,1,506.151,relay_data_api_concorrente,27674136.42,0.6676
2023-09-03,Post-Shapella,1636.12,1632.09,0.997537,-0.002463,-0.2463,-0.000555,0.000144,47.294,36.2279,45.0543,35.3409,3.7778,3.3813,0.3965,10.4955,0.0011,0.6305,3.1564,3.7,3.6334,1.7679,99.45,0,0.0,14091118194,14038986031,326080836.0,96864.62,102689.62,51.4,11412829.26,0,0,0,0,yfinance_ETH-USD,yfinance_STETH-USD,beacon_formula_16632_sqrt_S,modelo_teorico_oficial,modelo_invariante_stableswap,27765799.95,0.6214,3.3813,42520429907,3.7,13975919695,33.02,0.0577,1,415.735,relay_data_api_concorrente,27765799.95,0.5465
2023-09-04,Post-Shapella,1629.66,1625.15,0.997233,-0.002767,-0.2767,-0.003958,-0.004265,47.3124,36.1222,45.0822,35.1755,3.7753,3.3791,0.3962,10.4945,0.0011,0.6316,3.1531,3.7,3.6334,1.6608,99.45,0,0.0,14066324892,14013865167,323187520.0,96163.48,102435.93,51.51,11311563.2,0,0,0,0,yfinance_ETH-USD,yfinance_STETH-USD,beacon_formula_16632_sqrt_S,modelo_teorico_oficial,modelo_invariante_stableswap,27824956.6,0.6223,3.3791,42550993151,3.7,13866748080,32.93,0.0927,1,667.5519,relay_data_api_concorrente,27824956.6,0.8757
2023-09-05,Post-Shapella,1633.63,1629.76,0.997631,-0.002369,-0.2369,0.002436,0.002835,26.5417,36.1907,25.1672,35.2534,3.7637,3.3687,0.395,10.495,0.0011,0.6326,3.142,3.7,3.6334,1.8081,99.45,0,0.0,14033622762,13981701011,278166310.0,82814.39,87668.27,51.36,9735820.85,0,0,0,0,yfinance_ETH-USD,yfinance_STETH-USD,beacon_formula_16632_sqrt_S,modelo_teorico_oficial,modelo_invariante_stableswap,28021810.91,0.6217,3.3687,42384402248,3.7,13967571000,32.99,0.0723,0,520.362,relay_data_api_concorrente,28021810.91,0.6778
2023-09-06,Post-Shapella,1632.25,1627.88,0.997323,-0.002677,-0.2677,-0.000843,-0.001152,26.4222,36.1846,24.7785,35.2439,3.7634,3.3685,0.3949,10.4932,0.0011,0.6337,3.1436,3.6,3.5369,1.9953,99.45,0,0.0,14135866825,14082196584,277985503.0,82638.45,87905.06,51.48,9729492.6,0,0,0,0,yfinance_ETH-USD,yfinance_STETH-USD,beacon_formula_16632_sqrt_S,modelo_teorico_oficial,modelo_invariante_stableswap,27992447.77,0.6198,3.3685,42425132279,3.6,13970318633,33.19,0.0518,0,373.1722,relay_data_api_concorrente,27992447.77,0.4866
2023-09-07,Post-Shapella,1647.6,1640.45,0.99566,-0.00434,-0.434,0.009358,0.007688,12.2586,35.8227,14.827,34.7154,3.7692,3.3736,0.3956,10.4956,0.0011,0.6348,3.1526,3.6,3.5369,2.1763,99.45,0,0.0,14139557452,14089082773,281618430.0,81900.33,89414.16,52.08,9856645.05,0,0,0,0,yfinance_ETH-USD,yfinance_STETH-USD,beacon_formula_16632_sqrt_S,modelo_teorico_oficial,modelo_invariante_stableswap,27834264.33,0.6167,3.3736,42206284569,3.6,14169315704,33.38,0.0314,1,225.9824,relay_data_api_concorrente,27834264.33,0.2963
2023-09-08,Post-Shapella,1636.14,1633.27,0.998246,-0.001754,-0.1754,-0.00698,-0.004383,10.5537,35.8189,9.1623,34.7088,3.7647,3.3696,0.3951,10.4949,0.0011,0.6359,3.1523,3.6,3.5369,2.0601,99.45,0,0.0,14295779260,14244332943,278663753.0,83218.78,87252.06,51.14,9753231.36,0,0,0,0,yfinance_ETH-USD,yfinance_STETH-USD,beacon_formula_16632_sqrt_S,modelo_teorico_oficial,modelo_invariante_stableswap,27838458.7,0.6124,3.3696,42634070058,3.6,14045647489,33.41,0.0549,1,395.0555,relay_data_api_concorrente,27838458.7,0.518
2023-09-09,Post-Shapella,1635.16,1631.45,0.997731,-0.002269,-0.2269,-0.000596,-0.001116,9.8372,35.8323,8.0725,34.6993,3.7576,3.3632,0.3944,10.4961,0.0011,0.637,3.1504,3.6,3.5369,1.9356,99.45,0,0.0,14174578650,14124166056,279255023.0,83121.82,87858.99,51.33,9773925.81,0,0,0,0,yfinance_ETH-USD,yfinance_STETH-USD,beacon_formula_16632_sqrt_S,modelo_teorico_oficial,modelo_invariante_stableswap,27872263.99,0.6072,3.3632,42286766703,3.6,14049050925,33.4,0.0578,0,416.3071,relay_data_api_concorrente,27872263.99,0.5452
2023-09-10,Post-Shapella,1616.83,1613.64,0.998027,-0.001973,-0.1973,-0.011275,-0.010975,12.7206,35.9086,11.2782,34.7665,3.7479,3.3546,0.3933,10.4939,0.0011,0.6381,3.1467,3.7,3.6334,1.9864,99.45,0,0.0,14156014355,14106249580,276094997.0,83299.89,87636.17,51.22,9663324.9,0,0,0,0,yfinance_ETH-USD,yfinance_STETH-USD,beacon_formula_16632_sqrt_S,modelo_teorico_oficial,modelo_invariante_stableswap,27938112.73,0.6012,3.3546,42204381728,3.7,13955271543,33.42,0.0608,0,437.5587,relay_data_api_concorrente,27938112.73,0.5717
2023-09-11,Post-Shapella,1551.64,1551.21,0.999723,-0.000277,-0.0277,-0.041156,-0.039457,31.3967,38.0527,29.7665,36.7914,3.7307,3.3391,0.3916,10.4967,0.0011,0.6391,3.1359,3.7,3.6334,1.8048,99.45,0,0.0,14039589319,13992737330,247371697.0,78756.99,80691.33,50.6,8658009.4,0,0,0,0,yfinance_ETH-USD,yfinance_STETH-USD,beacon_formula_16632_sqrt_S,modelo_teorico_oficial,modelo_invariante_stableswap,28130176.49,0.5947,3.3391,41931966445,3.7,13343453068,33.37,0.0637,1,458.8103,relay_data_api_concorrente,28130176.49,0.5953
2023-09-12,Post-Shapella,1592.43,1591.5,0.999416,-0.000584,-0.0584,0.02595,0.02564,39.2968,39.6371,37.6885,38.3892,3.7263,3.3353,0.391,10.493,0.0011,0.6402,3.1385,3.8,3.7298,2.0746,99.45,0,0.0,13521924580,13473928153,255145173.0,78970.41,81300.86,50.71,8930081.06,0,0,0,0,yfinance_ETH-USD,yfinance_STETH-USD,beacon_formula_16632_sqrt_S,modelo_teorico_oficial,modelo_invariante_stableswap,28084519.38,0.5879,3.3353,40385306527,3.8,13785248596,33.36,0.0412,1,296.3655,relay_data_api_concorrente,28084519.38,0.3852
2023-09-13,Post-Shapella,1607.99,1603.91,0.997463,-0.002537,-0.2537,0.009723,0.007768,40.4787,39.8802,38.5517,38.5854,3.7201,3.3297,0.3904,10.4943,0.0011,0.6413,3.1392,3.8,3.7298,2.2105,99.45,0,0.0,13877754211,13828797192,256123043.0,77370.55,82119.31,51.43,8964306.51,0,0,0,0,yfinance_ETH-USD,yfinance_STETH-USD,beacon_formula_16632_sqrt_S,modelo_teorico_oficial,modelo_invariante_stableswap,28070759.64,0.5809,3.3297,41252568919,3.8,13879950122,33.52,0.4751,0,3420.439,relay_data_api_concorrente,28070759.64,4.4475
2023-09-14,Post-Shapella,1626.97,1622.64,0.997339,-0.002661,-0.2661,0.011738,0.011607,40.9241,40.2379,39.2557,38.8526,3.713,3.3233,0.3897,10.4956,0.0011,0.6423,3.1389,3.7,3.6334,1.9676,99.45,0,0.0,13981684198,13931333485,259485554.0,77395.6,82313.53,51.47,9081994.39,0,0,0,0,yfinance_ETH-USD,yfinance_STETH-USD,beacon_formula_16632_sqrt_S,modelo_teorico_oficial,modelo_invariante_stableswap,28076189.88,0.574,3.3233,41573079335,3.7,14057594564,33.51,0.909,1,6544.5126,relay_data_api_concorrente,28076189.88,8.5081
2023-09-15,Post-Shapella,1641.64,1640.19,0.999117,-0.000883,-0.0883,0.008974,0.010757,41.3151,40.3768,40.1064,39.1512,3.7093,3.32,0.3893,10.4952,0.0011,0.6434,3.1418,3.7,3.6334,1.7991,99.45,0,0.0,14159981628,14109138368,262564241.0,78653.17,81358.9,50.82,9189748.44,0,0,0,0,yfinance_ETH-USD,yfinance_STETH-USD,beacon_formula_16632_sqrt_S,modelo_teorico_oficial,modelo_invariante_stableswap,28024579.72,0.5675,3.32,42148772788,3.7,14114960131,33.47,0.0536,1,386.2599,relay_data_api_concorrente,28024579.72,0.5031
2023-09-16,Post-Shapella,1635.22,1635.1,0.999927,-7.3e-05,-0.0073,-0.003918,-0.003105,41.4372,32.6159,40.1839,31.6497,3.7002,3.3119,0.3883,10.494,0.0011,0.6445,3.1387,3.6,3.5369,1.9041,99.45,0,0.0,14374482463,14322751503,260163622.0,78711.56,80394.41,50.53,9105726.77,0,0,0,0,yfinance_ETH-USD,yfinance_STETH-USD,beacon_formula_16632_sqrt_S,modelo_teorico_oficial,modelo_invariante_stableswap,28080769.03,0.5615,3.3119,42660346649,3.6,14153368317,33.57,0.0181,1,130.4065,relay_data_api_concorrente,28080769.03,0.1695
2023-09-17,Post-Shapella,1622.9,1621.79,0.999316,-0.000684,-0.0684,-0.007566,-0.008173,40.906,32.3517,39.7535,31.4811,3.6952,3.3074,0.3878,10.4947,0.0011,0.6455,3.1389,3.6,3.5369,1.831,99.45,0,0.0,14197370777,14146399904,257453288.0,78131.97,80560.93,50.75,9010865.08,0,0,0,0,yfinance_ETH-USD,yfinance_STETH-USD,beacon_formula_16632_sqrt_S,modelo_teorico_oficial,modelo_invariante_stableswap,28077421.51,0.5563,3.3074,42252045729,3.6,13981493703,33.48,0.0292,1,210.4604,relay_data_api_concorrente,28077421.51,0.2736
2023-09-18,Post-Shapella,1637.35,1635.22,0.998699,-0.001301,-0.1301,0.008865,0.008246,20.9929,32.4637,20.8594,31.6312,3.702,3.3135,0.3885,10.4943,0.0011,0.6466,3.15,3.6,3.5369,1.7102,99.45,0,0.0,14114247897,14061708871,260983771.0,78144.29,81355.55,50.97,9134431.99,0,0,0,0,yfinance_ETH-USD,yfinance_STETH-USD,beacon_formula_16632_sqrt_S,modelo_teorico_oficial,modelo_invariante_stableswap,27880164.24,0.5521,3.3135,42089769083,3.6,14215283214,33.41,0.0256,0,183.9689,relay_data_api_concorrente,27880164.24,0.2408
2023-09-19,Post-Shapella,1643.54,1648.74,1.003164,0.003164,0.3164,0.003778,0.008235,14.2904,32.3126,14.4798,31.5699,3.6936,3.306,0.3876,10.4938,0.0011,0.6477,3.1447,3.6,3.5369,1.8049,99.45,0,0.0,14290920992,14233812972,260808059.0,80381.4,78058.4,49.35,9128282.07,0,0,0,0,yfinance_ETH-USD,yfinance_STETH-USD,beacon_formula_16632_sqrt_S,modelo_teorico_oficial,modelo_invariante_stableswap,27974094.93,0.549,3.306,42375915446,3.6,14264640206,33.59,0.0219,1,157.4775,relay_data_api_concorrente,27974094.93,0.2055
2023-09-20,Post-Shapella,1622.89,1624.23,1.000826,0.000826,0.0826,-0.012646,-0.014981,17.9819,32.4023,20.1053,31.8572,3.6856,3.2988,0.3868,10.4949,0.0011,0.6487,3.1385,3.6,3.5369,1.9256,99.45,0,0.0,14395790735,14337817257,257846295.0,79123.34,79691.81,50.2,9024620.33,0,0,0,0,yfinance_ETH-USD,yfinance_STETH-USD,beacon_formula_16632_sqrt_S,modelo_teorico_oficial,modelo_invariante_stableswap,28084679.38,0.5472,3.2988,42496840183,3.6,14128241306,33.74,0.048,1,345.5846,relay_data_api_concorrente,28084679.38,0.4491
2023-09-21,Post-Shapella,1584.31,1591.67,1.004646,0.004646,0.4646,-0.024062,-0.020251,23.1896,32.7167,23.5209,31.6466,3.6752,3.2895,0.3857,10.4947,0.0011,0.6498,3.1285,3.6,3.5369,1.9468,99.45,0,0.0,14233920760,14178108458,251658430.0,81320.96,77164.76,48.8,8808045.05,0,0,0,0,yfinance_ETH-USD,yfinance_STETH-USD,beacon_formula_16632_sqrt_S,modelo_teorico_oficial,modelo_invariante_stableswap,28264682.91,0.5468,3.2895,42122829449,3.6,13789892101,33.66,0.0118,1,85.1012,relay_data_api_concorrente,28264682.91,0.1099
2023-09-22,Post-Shapella,1593.27,1597.58,1.002705,0.002705,0.2705,0.00564,0.003711,22.1756,31.1818,21.5244,29.9873,3.6736,3.2881,0.3855,10.4938,0.0011,0.6508,3.1257,3.6,3.5369,1.946,99.45,0,0.0,13915328318,13861890872,252766040.0,80098.48,78335.69,49.51,8846811.4,0,0,0,0,yfinance_ETH-USD,yfinance_STETH-USD,beacon_formula_16632_sqrt_S,modelo_teorico_oficial,modelo_invariante_stableswap,28314594.05,0.5479,3.2881,41268576640,3.6,13884326230,33.59,0.1101,1,792.9023,relay_data_api_concorrente,28314594.05,1.0221
2023-09-23,Post-Shapella,1593.86,1594.64,1.000489,0.000489,0.0489,0.00037,-0.001847,22.432,30.9859,21.5668,29.8203,3.6758,3.29,0.3858,10.4957,0.0011,0.6519,3.1251,3.6,3.5369,1.8693,99.45,0,0.0,14049287880,13992785576,252205334.0,78608.45,79588.16,50.32,8827186.69,0,0,0,0,yfinance_ETH-USD,yfinance_STETH-USD,beacon_formula_16632_sqrt_S,modelo_teorico_oficial,modelo_invariante_stableswap,28325691.52,0.5507,3.29,41616122286,3.6,13895682649,33.62,0.0133,1,95.9773,relay_data_api_concorrente,28325691.52,0.1237
2023-09-24,Post-Shapella,1580.85,1581.48,1.000399,0.000399,0.0399,-0.008193,-0.008286,22.5029,31.0629,21.5816,29.8794,3.677,3.2911,0.3859,10.495,0.0011,0.6529,3.1219,3.5,3.4403,1.7641,99.45,0,0.0,14029510174,13972998792,252037165.0,79148.41,80251.03,50.36,8821300.78,0,0,0,0,yfinance_ETH-USD,yfinance_STETH-USD,beacon_formula_16632_sqrt_S,modelo_teorico_oficial,modelo_invariante_stableswap,28383992.73,0.5551,3.2911,41609833625,3.5,13851150619,33.58,0.0966,0,695.4179,relay_data_api_concorrente,28383992.73,0.8943
2023-09-25,Post-Shapella,1588.32,1587.63,0.999566,-0.000434,-0.0434,0.004714,0.003882,21.2523,31.1226,20.3181,29.8951,3.6803,3.2941,0.3862,10.4937,0.0011,0.654,3.1192,3.6,3.5369,1.8395,99.45,0,0.0,13860335259,13804525917,251117901.0,78008.72,80128.93,50.66,8789126.54,0,0,0,0,yfinance_ETH-USD,yfinance_STETH-USD,beacon_formula_16632_sqrt_S,modelo_teorico_oficial,modelo_invariante_stableswap,28432948.8,0.5611,3.2941,41438502461,3.6,13835568829,33.31,0.1798,1,1294.8585,relay_data_api_concorrente,28432948.8,1.6622
2023-09-26,Post-Shapella,1593.42,1591.25,0.998638,-0.001362,-0.1362,0.003202,0.002278,21.1221,31.032,18.4678,29.7233,3.686,3.2991,0.3869,10.4965,0.0011,0.6551,3.1172,3.6,3.5369,1.7659,99.45,0,0.0,13981409106,13925369228,251377529.0,77307.38,80562.08,51.0,8798213.52,0,0,0,0,yfinance_ETH-USD,yfinance_STETH-USD,beacon_formula_16632_sqrt_S,modelo_teorico_oficial,modelo_invariante_stableswap,28469473.41,0.5688,3.2991,41830247698,3.6,13885590804,33.29,0.0475,1,341.9663,relay_data_api_concorrente,28469473.41,0.4384
2023-09-27,Post-Shapella,1597.49,1597.86,1.000232,0.000232,0.0232,0.002553,0.004143,20.361,31.054,17.3543,29.7801,3.6973,3.3093,0.388,10.4941,0.0011,0.6561,3.1193,3.6,3.5369,1.9973,99.45,0,0.0,14035074429,13979772336,250799977.0,77843.81,79134.14,50.42,8777999.2,0,0,0,0,yfinance_ETH-USD,yfinance_STETH-USD,beacon_formula_16632_sqrt_S,modelo_teorico_oficial,modelo_invariante_stableswap,28430412.57,0.578,3.3093,42024812743,3.6,13949989210,33.27,0.0465,1,334.535,relay_data_api_concorrente,28430412.57,0.4295
2023-09-28,Post-Shapella,1652.88,1647.45,0.996715,-0.003285,-0.3285,0.034086,0.030564,25.1945,29.0495,23.241,27.6214,3.7191,3.3288,0.3903,10.4945,0.0011,0.6572,3.1304,3.5,3.4403,1.8715,99.45,0,0.0,14129637730,14073985978,257061075.0,75116.92,80671.23,51.7,8997137.62,0,0,0,0,yfinance_ETH-USD,yfinance_STETH-USD,beacon_formula_16632_sqrt_S,modelo_teorico_oficial,modelo_invariante_stableswap,28229579.85,0.5887,3.3288,42197937269,3.5,14428202205,33.35,0.043,1,309.2374,relay_data_api_concorrente,28229579.85,0.3998
2023-09-29,Post-Shapella,1667.94,1666.05,0.998867,-0.001133,-0.1133,0.009071,0.011228,25.2819,28.8964,23.6336,27.5066,3.7302,3.3388,0.3914,10.4927,0.0011,0.6583,3.1295,3.5,3.4403,1.8639,99.45,0,0.0,14625611622,14568050691,214340836.0,63077.79,65502.76,50.91,7501929.26,0,0,0,0,yfinance_ETH-USD,yfinance_STETH-USD,beacon_formula_16632_sqrt_S,modelo_teorico_oficial,modelo_invariante_stableswap,28245640.17,0.6007,3.3388,43318897434,3.5,14605671694,33.63,0.0992,1,714.5029,relay_data_api_concorrente,28245640.17,0.9233
2023-09-30,Post-Shapella,1671.16,1674.55,1.002029,0.002029,0.2029,0.001927,0.005091,25.0747,26.0361,22.7476,25.2768,3.7431,3.3502,0.3929,10.4966,0.0011,0.6593,3.1291,3.5,3.4403,1.8503,99.45,0,0.0,14758254437,14699628202,215239297.0,64707.57,63959.03,49.76,7533375.4,0,0,0,0,yfinance_ETH-USD,yfinance_STETH-USD,beacon_formula_16632_sqrt_S,modelo_teorico_oficial,modelo_invariante_stableswap,28253249.77,0.614,3.3502,43564202023,3.5,14719874125,33.74,0.0117,1,83.9115,relay_data_api_concorrente,28253249.77,0.1084
2023-10-01,Post-Shapella,1733.81,1733.53,0.999839,-0.000161,-0.0161,0.036802,0.034617,29.4196,28.6191,26.0782,27.246,3.7652,3.37,0.3952,10.4961,0.0011,0.6604,3.1369,3.5,3.4403,1.856,99.45,0,0.0,14855335923,14794067778,221999256.0,63306.13,64745.61,50.56,7769973.96,0,0,0,0,yfinance_ETH-USD,yfinance_STETH-USD,beacon_formula_16632_sqrt_S,modelo_teorico_oficial,modelo_invariante_stableswap,28111944.44,0.6282,3.37,43563032555,3.5,14734203793,33.96,0.0101,1,73.0546,relay_data_api_concorrente,28111944.44,0.0949
2023-10-02,Post-Shapella,1663.63,1664.81,1.000709,0.000709,0.0709,-0.041321,-0.040452,49.4518,32.3404,46.9359,30.9895,3.7676,3.3722,0.3954,10.4947,0.0011,0.6615,3.1243,3.5,3.4403,1.7785,99.45,0,0.0,15337824048,15273100330,212718896.0,63624.19,64194.58,50.24,7445161.36,0,0,0,0,yfinance_ETH-USD,yfinance_STETH-USD,beacon_formula_16632_sqrt_S,modelo_teorico_oficial,modelo_invariante_stableswap,28339170.24,0.6433,3.3722,44946432998,3.5,14542703895,33.98,0.0169,1,121.9498,relay_data_api_concorrente,28339170.24,0.1571
2023-10-03,Post-Shapella,1656.69,1656.06,0.99962,-0.00038,-0.038,-0.004181,-0.005266,50.0459,32.3806,47.6863,31.0583,3.7798,3.3831,0.3967,10.4953,0.0011,0.6626,3.1208,3.6,3.5369,1.9146,99.45,0,0.0,14766535283,14703082974,212014645.0,63172.38,64827.11,50.64,7420512.58,0,0,0,0,yfinance_ETH-USD,yfinance_STETH-USD,beacon_formula_16632_sqrt_S,modelo_teorico_oficial,modelo_invariante_stableswap,28403138.15,0.659,3.3831,43529403699,3.6,14533845697,33.78,0.0758,1,545.8059,relay_data_api_concorrente,28403138.15,0.7014
2023-10-04,Post-Shapella,1647.84,1645.83,0.99878,-0.00122,-0.122,-0.005355,-0.006199,50.6572,32.408,48.4705,31.1028,3.7936,3.3955,0.3981,10.494,0.0011,0.6637,3.1185,3.6,3.5369,2.0303,99.45,0,0.0,14629015965,14568822544,211030878.0,62822.91,65321.92,50.94,7386080.73,0,0,0,0,yfinance_ETH-USD,yfinance_STETH-USD,beacon_formula_16632_sqrt_S,modelo_teorico_oficial,modelo_invariante_stableswap,28445528.88,0.6751,3.3955,43353743807,3.6,14510015876,33.6,0.0247,1,177.7823,relay_data_api_concorrente,28445528.88,0.2281
2023-10-05,Post-Shapella,1611.48,1613.36,1.001167,0.001167,0.1167,-0.022313,-0.019927,46.7971,33.3456,45.3952,31.8841,3.7963,3.3978,0.3985,10.4971,0.0011,0.6648,3.1049,3.6,3.5369,1.9246,99.45,0,0.0,14647885045,14590550707,206825171.0,64077.86,64192.1,50.07,7238880.98,0,0,0,0,yfinance_ETH-USD,yfinance_STETH-USD,beacon_formula_16632_sqrt_S,modelo_teorico_oficial,modelo_invariante_stableswap,28694936.12,0.6913,3.3978,43425712402,3.6,14270638483,33.6,0.0873,1,628.4389,relay_data_api_concorrente,28694936.12,0.7994
2023-10-06,Post-Shapella,1645.83,1644.46,0.999168,-0.000832,-0.0832,0.021095,0.019094,49.5083,34.181,47.2126,32.5931,3.813,3.4128,0.4002,10.4957,0.0011,0.6659,3.1054,3.6,3.5369,1.788,99.45,0,0.0,14397217191,14340866345,210596224.0,62949.89,65061.72,50.8,7370867.84,0,0,0,0,yfinance_ETH-USD,yfinance_STETH-USD,beacon_formula_16632_sqrt_S,modelo_teorico_oficial,modelo_invariante_stableswap,28685270.8,0.7075,3.4128,42925405676,3.6,14579420437,33.41,0.0221,1,159.4349,relay_data_api_concorrente,28685270.8,0.2029
2023-10-07,Post-Shapella,1634.51,1637.63,1.001909,0.001909,0.1909,-0.006902,-0.004161,49.5029,34.1077,46.855,32.5188,3.8256,3.4241,0.4015,10.4951,0.0011,0.667,3.1022,3.5,3.4403,1.743,99.45,0,0.0,14646932763,14589176908,208679731.0,64086.8,63463.18,49.8,7303790.59,0,0,0,0,yfinance_ETH-USD,yfinance_STETH-USD,beacon_formula_16632_sqrt_S,modelo_teorico_oficial,modelo_invariante_stableswap,28745137.32,0.7234,3.4241,43522640189,3.5,14398705958,33.52,0.0104,1,75.1495,relay_data_api_concorrente,28745137.32,0.0954
2023-10-08,Post-Shapella,1633.55,1633.65,1.000061,6.1e-05,0.0061,-0.000589,-0.002436,36.8943,34.0221,34.7437,32.4933,3.8327,3.4304,0.4023,10.4965,0.0011,0.6681,3.094,3.5,3.4403,1.7205,99.45,0,0.0,14535946314,14478716837,208127182.0,63095.28,64308.69,50.48,7284451.37,0,0,0,0,yfinance_ETH-USD,yfinance_STETH-USD,beacon_formula_16632_sqrt_S,modelo_teorico_oficial,modelo_invariante_stableswap,28897371.73,0.7387,3.4304,43258838123,3.5,14447474416,33.47,0.0158,0,113.4564,relay_data_api_concorrente,28897371.73,0.1433
2023-10-09,Post-Shapella,1579.81,1578.05,0.998886,-0.001114,-0.1114,-0.033452,-0.034626,32.8534,35.963,31.5937,34.6686,3.8475,3.4437,0.4038,10.4951,0.0011,0.6692,3.0943,3.4,3.3436,1.8813,99.45,0,0.0,14549809854,14492860943,201370229.0,62577.74,64959.47,50.91,7047958.02,0,0,0,0,yfinance_ETH-USD,yfinance_STETH-USD,beacon_formula_16632_sqrt_S,modelo_teorico_oficial,modelo_invariante_stableswap,28892927.3,0.7532,3.4437,43138590094,3.4,13935228582,33.6,0.0211,1,151.7633,relay_data_api_concorrente,28892927.3,0.1917
2023-10-10,Post-Shapella,1567.71,1572.81,1.003253,0.003253,0.3253,-0.007685,-0.003326,32.7428,35.8574,31.7134,34.4969,3.859,3.454,0.405,10.4949,0.0011,0.6703,3.0923,3.4,3.3436,1.7666,99.45,0,0.0,14100544991,14046334237,199062792.0,64360.24,62413.52,49.31,6967197.72,0,0,0,0,yfinance_ETH-USD,yfinance_STETH-USD,beacon_formula_16632_sqrt_S,modelo_teorico_oficial,modelo_invariante_stableswap,28930292.26,0.7668,3.454,41968793727,3.4,13815001735,33.47,0.1877,1,1351.7863,relay_data_api_concorrente,28930292.26,1.7055
2023-10-11,Post-Shapella,1566.25,1564.76,0.999049,-0.000951,-0.0951,-0.000931,-0.005128,33.1047,32.8071,31.7469,31.6202,3.8715,3.4652,0.4063,10.4946,0.0011,0.6714,3.0923,3.3,3.2469,1.7573,99.45,20,20.5,13901118413,13846647164,198718489.0,62362.42,64574.34,50.85,6955147.12,0,0,0,0,yfinance_ETH-USD,yfinance_STETH-USD,beacon_formula_16632_sqrt_S,modelo_teorico_oficial,modelo_invariante_stableswap,28929242.86,0.7791,3.4652,41013901840,3.3,13785380058,33.76,0.1023,0,736.5674,relay_data_api_concorrente,28929242.86,0.9293
2023-10-12,Post-Shapella,1539.61,1535.46,0.997305,-0.002695,-0.2695,-0.017157,-0.018905,31.8638,32.003,31.5057,30.9355,3.8841,3.4764,0.4077,10.4966,0.0011,0.6725,3.0939,3.3,3.2469,1.7611,99.45,1,1.0,13898495823,13845183787,195295698.0,61540.83,65483.2,51.48,6835349.43,0,0,0,0,yfinance_ETH-USD,yfinance_STETH-USD,beacon_formula_16632_sqrt_S,modelo_teorico_oficial,modelo_invariante_stableswap,28900475.09,0.7902,3.4764,40878787990,3.3,13560728740,33.87,0.0169,1,121.3485,relay_data_api_concorrente,28900475.09,0.1533
2023-10-13,Post-Shapella,1552.09,1550.16,0.998757,-0.001243,-0.1243,0.008071,0.009527,25.8112,31.9376,27.1254,31.0057,3.8913,3.4829,0.4084,10.4952,0.0011,0.6736,3.0915,3.3,3.2469,1.7911,99.45,0,0.0,13726279754,13673722414,198125996.0,62607.68,65124.4,50.95,6934409.86,0,0,0,0,yfinance_ETH-USD,yfinance_STETH-USD,beacon_formula_16632_sqrt_S,modelo_teorico_oficial,modelo_invariante_stableswap,28944735.72,0.7998,3.4829,40111523403,3.3,13757708256,34.09,0.0212,1,152.2829,relay_data_api_concorrente,28944735.72,0.192
2023-10-14,Post-Shapella,1555.26,1553.91,0.999132,-0.000868,-0.0868,0.002039,0.002418,26.9063,31.6215,28.1529,30.6945,3.9012,3.4917,0.4095,10.4968,0.0011,0.6748,3.0934,3.3,3.2469,1.7511,99.45,0,0.0,13818388474,13764658107,197406098.0,62428.63,64555.44,50.82,6909213.43,0,0,0,0,yfinance_ETH-USD,yfinance_STETH-USD,beacon_formula_16632_sqrt_S,modelo_teorico_oficial,modelo_invariante_stableswap,28909659.06,0.8078,3.4917,40678994403,3.3,13744564559,33.84,0.0247,1,177.8653,relay_data_api_concorrente,28909659.06,0.2246
2023-10-15,Post-Shapella,1558.07,1558.4,1.000212,0.000212,0.0212,0.001807,0.002886,27.3116,31.4208,28.9848,30.4223,3.908,3.4978,0.4102,10.4964,0.0011,0.6759,3.0938,3.3,3.2469,1.7511,99.45,0,0.0,13836524177,13782971623,197331405.0,62790.8,63846.86,50.42,6906599.18,0,0,0,0,yfinance_ETH-USD,yfinance_STETH-USD,beacon_formula_16632_sqrt_S,modelo_teorico_oficial,modelo_invariante_stableswap,28901444.79,0.8142,3.4978,40765896344,3.3,13767392070,33.81,0.0164,1,117.8335,relay_data_api_concorrente,28901444.79,0.1488
2023-10-16,Post-Shapella,1600.53,1597.4,0.998044,-0.001956,-0.1956,0.02689,0.024719,26.1678,32.9525,25.7447,31.7789,3.9263,3.5143,0.412,10.4933,0.0011,0.677,3.1076,3.3,3.2469,1.9011,99.45,0,0.0,13854541047,13800603220,202314587.0,61667.89,64863.7,51.21,7081010.55,0,0,0,0,yfinance_ETH-USD,yfinance_STETH-USD,beacon_formula_16632_sqrt_S,modelo_teorico_oficial,modelo_invariante_stableswap,28646317.08,0.8188,3.5143,40826373968,3.3,14056132064,33.8,0.1247,1,897.935,relay_data_api_concorrente,28646317.08,1.1441
2023-10-17,Post-Shapella,1565.44,1566.69,1.000798,0.000798,0.0798,-0.022171,-0.019412,31.0231,33.7195,29.9483,32.3449,3.9264,3.5143,0.4121,10.4956,0.0011,0.6781,3.1047,3.4,3.3436,2.0911,99.45,0,0.0,14259747155,14201710937,196567587.0,62522.77,62993.91,50.21,6879865.55,0,0,0,0,yfinance_ETH-USD,yfinance_STETH-USD,beacon_formula_16632_sqrt_S,modelo_teorico_oficial,modelo_invariante_stableswap,28699192.88,0.8217,3.5143,41837461051,3.4,13782074757,33.94,0.0276,1,198.4813,relay_data_api_concorrente,28699192.88,0.2524
2023-10-18,Post-Shapella,1563.75,1564.76,1.000646,0.000646,0.0646,-0.00108,-0.001232,31.0255,33.5237,29.7178,32.1668,3.9266,3.5145,0.4121,10.4951,0.0011,0.6793,3.1037,3.5,3.4403,2.3511,99.45,0,0.0,13939930131,13883921204,196902294.0,62627.06,63248.82,50.26,6891580.29,0,0,0,0,yfinance_ETH-USD,yfinance_STETH-USD,beacon_formula_16632_sqrt_S,modelo_teorico_oficial,modelo_invariante_stableswap,28717169.36,0.8229,3.5145,41077896942,3.5,13774496019,33.8,0.0217,0,156.3333,relay_data_api_concorrente,28717169.36,0.1987
2023-10-19,Post-Shapella,1567.46,1567.14,0.999796,-0.000204,-0.0204,0.002368,0.001519,27.5542,33.4992,25.1172,31.9967,3.9295,3.5171,0.4124,10.495,0.0011,0.6804,3.1071,3.6,3.5369,1.791,99.45,0,0.0,13936871415,13882647750,196974692.0,62112.39,63565.48,50.57,6894114.22,0,0,0,0,yfinance_ETH-USD,yfinance_STETH-USD,beacon_formula_16632_sqrt_S,modelo_teorico_oficial,modelo_invariante_stableswap,28654537.8,0.8224,3.5171,40748731868,3.6,13816376626,34.07,0.0159,1,114.1854,relay_data_api_concorrente,28654537.8,0.1454
2023-10-20,Post-Shapella,1604.67,1601.82,0.998224,-0.001776,-0.1776,0.023462,0.021886,31.3994,34.3546,28.4589,32.6471,3.9312,3.5186,0.4126,10.4955,0.0011,0.6815,3.1108,3.6,3.5369,2.081,99.45,0,0.0,13954548987,13898075691,201630216.0,61384.66,64381.83,51.15,7057057.56,0,0,0,0,yfinance_ETH-USD,yfinance_STETH-USD,beacon_formula_16632_sqrt_S,modelo_teorico_oficial,modelo_invariante_stableswap,28586552.3,0.8204,3.5186,40839700387,3.6,14204594946,34.03,0.0167,0,119.9254,relay_data_api_concorrente,28586552.3,0.1531
2023-10-21,Post-Shapella,1629.3,1630.88,1.00097,0.00097,0.097,0.015237,0.017976,32.1414,33.6725,29.8871,32.4532,3.9303,3.5179,0.4124,10.4928,0.0011,0.6827,3.1135,3.6,3.5369,1.9211,99.45,0,0.0,14302646422,14242316334,197737903.0,60502.07,60802.68,50.15,6920826.6,0,0,0,0,yfinance_ETH-USD,yfinance_STETH-USD,beacon_formula_16632_sqrt_S,modelo_teorico_oficial,modelo_invariante_stableswap,28537456.31,0.8169,3.5179,41738790227,3.6,14407011457,34.12,0.0175,0,125.6653,relay_data_api_concorrente,28537456.31,0.1607
2023-10-22,Post-Shapella,1663.43,1659.4,0.997577,-0.002423,-0.2423,0.020728,0.017339,33.2924,34.3425,30.52,32.9508,3.9283,3.5161,0.4122,10.4931,0.0011,0.6838,3.1163,3.7,3.6334,1.7811,99.45,0,0.0,14584836718,14520194233,201824916.0,58986.04,62495.95,51.38,7063872.06,0,0,0,0,yfinance_ETH-USD,yfinance_STETH-USD,beacon_formula_16632_sqrt_S,modelo_teorico_oficial,modelo_invariante_stableswap,28485555.73,0.812,3.5161,42551092373,3.7,14472835509,34.12,0.0183,1,131.4052,relay_data_api_concorrente,28485555.73,0.1684
2023-10-23,Post-Shapella,1765.38,1759.35,0.996584,-0.003416,-0.3416,0.059486,0.058487,48.5602,39.8588,46.616,38.4887,3.9289,3.5166,0.4123,10.494,0.0011,0.6849,3.1229,3.7,3.6334,1.8811,99.45,0,0.0,14820927134,14757657882,213950647.0,58478.28,62929.07,51.75,7488272.64,0,0,0,0,yfinance_ETH-USD,yfinance_STETH-USD,beacon_formula_16632_sqrt_S,modelo_teorico_oficial,modelo_invariante_stableswap,28365324.2,0.806,3.5166,43502222350,3.7,15112944899,33.92,0.0208,1,150.0621,relay_data_api_concorrente,28365324.2,0.1931
2023-10-24,Post-Shapella,1784.44,1786.21,1.000992,0.000992,0.0992,0.010736,0.015155,38.3979,39.7121,37.4101,38.4708,3.9279,3.5156,0.4123,10.4967,0.0011,0.6861,3.1288,3.8,3.7298,2.3711,99.45,0,0.0,15839864584,15771543236,216361283.0,60458.96,60729.64,50.14,7572644.9,0,0,0,0,yfinance_ETH-USD,yfinance_STETH-USD,beacon_formula_16632_sqrt_S,modelo_teorico_oficial,modelo_invariante_stableswap,28258209.02,0.7991,3.5156,46083158275,3.8,15623606476,34.22,0.0833,1,599.7369,relay_data_api_concorrente,28258209.02,0.7747
2023-10-25,Post-Shapella,1787.4,1785.62,0.999004,-0.000996,-0.0996,0.001657,-0.000333,37.5821,39.7198,37.1226,38.5013,3.9224,3.5108,0.4116,10.4936,0.0011,0.6872,3.1311,3.6,3.5369,1.9011,99.45,0,0.0,15773371295,15710634976,215835679.0,59334.68,61480.54,50.86,7554248.76,0,0,0,0,yfinance_ETH-USD,yfinance_STETH-USD,beacon_formula_16632_sqrt_S,modelo_teorico_oficial,modelo_invariante_stableswap,28216888.1,0.7913,3.5108,46003581981,3.6,15746769109,34.15,0.0729,0,524.9145,relay_data_api_concorrente,28216888.1,0.679
2023-10-26,Post-Shapella,1804.04,1801.26,0.998459,-0.001541,-0.1541,0.009268,0.008723,36.0112,39.762,35.3999,38.5324,3.9161,3.5051,0.411,10.4951,0.0011,0.6883,3.1331,3.7,3.6334,2.1011,99.45,0,0.0,15898100727,15830940050,217346493.0,58959.67,61612.92,51.06,7607127.26,0,0,0,0,yfinance_ETH-USD,yfinance_STETH-USD,beacon_formula_16632_sqrt_S,modelo_teorico_oficial,modelo_invariante_stableswap,28180540.67,0.783,3.5051,46380164590,3.7,15859313343,34.13,0.0625,1,450.0921,relay_data_api_concorrente,28180540.67,0.583
2023-10-27,Post-Shapella,1780.05,1772.94,0.996006,-0.003994,-0.3994,-0.013389,-0.015848,43.0509,40.2281,43.6346,39.1576,3.9005,3.4912,0.4093,10.4935,0.0011,0.6894,3.1262,3.7,3.6334,2.0311,99.45,0,0.0,15965292483,15898409995,214717063.0,57951.82,62923.69,51.96,7515097.21,0,0,0,0,yfinance_ETH-USD,yfinance_STETH-USD,beacon_formula_16632_sqrt_S,modelo_teorico_oficial,modelo_invariante_stableswap,28306256.09,0.7744,3.4912,46542453665,3.7,15637891985,34.16,0.0568,0,409.1103,relay_data_api_concorrente,28306256.09,0.5275
2023-10-28,Post-Shapella,1776.62,1774.29,0.998689,-0.001311,-0.1311,-0.001927,0.000762,44.7016,38.7271,44.5611,37.9221,3.8887,3.4805,0.4082,10.4971,0.0011,0.6905,3.123,3.8,3.7298,2.2411,99.45,0,0.0,15815256493,15750224000,214565730.0,59205.05,61647.68,50.98,7509800.55,0,0,0,0,yfinance_ETH-USD,yfinance_STETH-USD,beacon_formula_16632_sqrt_S,modelo_teorico_oficial,modelo_invariante_stableswap,28363159.11,0.7656,3.4805,46207684600,3.8,15651387910,34.09,0.0511,0,368.1286,relay_data_api_concorrente,28363159.11,0.4737
2023-10-29,Post-Shapella,1795.55,1792.41,0.998251,-0.001749,-0.1749,0.010598,0.010157,44.1438,38.7638,44.3428,37.8928,3.8798,3.4726,0.4072,10.4954,0.0011,0.6917,3.1227,3.8,3.7298,1.7711,99.45,0,0.0,15764172804,15699911296,219976012.0,59861.68,62759.85,51.14,7699160.42,0,0,0,0,yfinance_ETH-USD,yfinance_STETH-USD,beacon_formula_16632_sqrt_S,modelo_teorico_oficial,modelo_invariante_stableswap,28368527.54,0.757,3.4726,46137195841,3.8,15843353945,34.03,0.0454,0,327.1468,relay_data_api_concorrente,28368527.54,0.4209
2023-10-30,Post-Shapella,1810.09,1806.02,0.997751,-0.002249,-0.2249,0.008067,0.007568,16.9972,38.8124,19.4224,37.9245,3.8608,3.4556,0.4052,10.4952,0.0011,0.6928,3.112,3.8,3.7298,1.7911,99.45,0,0.0,15963129244,15896360515,218687773.0,58813.47,62142.23,51.32,7654072.06,0,0,0,0,yfinance_ETH-USD,yfinance_STETH-USD,beacon_formula_16632_sqrt_S,modelo_teorico_oficial,modelo_invariante_stableswap,28563758.67,0.7488,3.4556,46605653055,3.8,15917609456,34.11,0.0397,1,286.1651,relay_data_api_concorrente,28563758.67,0.3657
2023-10-31,Post-Shapella,1816.46,1806.42,0.994473,-0.005527,-0.5527,0.003513,0.00022,15.911,36.8123,16.9153,36.1151,3.8506,3.4465,0.4041,10.4945,0.0011,0.6939,3.1095,3.8,3.7298,2.0811,99.45,0,0.0,16306961418,16230886612,218969387.0,57239.06,63660.13,52.52,7663928.55,0,0,0,0,yfinance_ETH-USD,yfinance_STETH-USD,beacon_formula_16632_sqrt_S,modelo_teorico_oficial,modelo_invariante_stableswap,28610151.18,0.7411,3.4465,47513480970,3.8,15931207535,34.16,0.0503,1,361.9833,relay_data_api_concorrente,28610151.18,0.4618
2023-11-01,Post-Shapella,1847.09,1838.17,0.995171,-0.004829,-0.4829,0.016722,0.017426,18.8496,33.7435,20.2153,33.204,3.845,3.4414,0.4036,10.4967,0.0011,0.695,3.1108,3.8,3.7298,2.0312,99.45,0,0.0,16201928397,16125202288,222484759.0,57501.31,63255.66,52.26,7786966.56,0,0,0,0,yfinance_ETH-USD,yfinance_STETH-USD,beacon_formula_16632_sqrt_S,modelo_teorico_oficial,modelo_invariante_stableswap,28585653.15,0.7341,3.4414,47109684398,3.8,16279550913,34.23,0.0427,1,307.4389,relay_data_api_concorrente,28585653.15,0.3926
2023-11-02,Post-Shapella,1800.62,1800.44,0.9999,-0.0001,-0.01,-0.02548,-0.020739,28.1331,35.1415,26.4032,34.1322,3.8307,3.4287,0.402,10.4942,0.0011,0.6961,3.1025,3.8,3.7298,2.2111,99.45,0,0.0,16466391784,16383782249,216536121.0,59483.47,60779.02,50.54,7578764.24,0,0,0,0,yfinance_ETH-USD,yfinance_STETH-USD,beacon_formula_16632_sqrt_S,modelo_teorico_oficial,modelo_invariante_stableswap,28738808.23,0.7281,3.4287,48150060387,3.8,15988110784,34.03,0.0466,1,335.6876,relay_data_api_concorrente,28738808.23,0.4263
2023-11-03,Post-Shapella,1832.8,1826.41,0.996514,-0.003486,-0.3486,0.017711,0.014319,28.274,35.3898,24.3385,34.2026,3.8264,3.4249,0.4015,10.4929,0.0011,0.6972,3.1032,3.8,3.7298,1.9612,99.45,0,0.0,16391026801,16312195986,220405681.0,57997.6,62476.49,51.77,7714198.84,0,0,0,0,yfinance_ETH-USD,yfinance_STETH-USD,beacon_formula_16632_sqrt_S,modelo_teorico_oficial,modelo_invariante_stableswap,28726894.97,0.7232,3.4249,47313273557,3.8,16175225139,34.48,0.0478,1,343.8964,relay_data_api_concorrente,28726894.97,0.437
2023-11-04,Post-Shapella,1857.7,1849.97,0.995839,-0.004161,-0.4161,0.013496,0.012818,28.4431,34.2835,24.841,33.2779,3.8235,3.4222,0.4013,10.4956,0.0011,0.6983,3.1039,3.7,3.6334,1.8612,99.45,0,0.0,16482794639,16402337881,223579542.0,57747.24,62867.24,52.02,7825283.97,0,0,0,0,yfinance_ETH-USD,yfinance_STETH-USD,beacon_formula_16632_sqrt_S,modelo_teorico_oficial,modelo_invariante_stableswap,28713443.37,0.7196,3.4222,48249263702,3.7,16326288774,33.99,0.04,1,288.013,relay_data_api_concorrente,28713443.37,0.3661
2023-11-05,Post-Shapella,1894.16,1887.83,0.996658,-0.003342,-0.3342,0.019436,0.020257,29.9189,34.1886,26.8656,33.3442,3.8166,3.4161,0.4005,10.4936,0.0011,0.6994,3.0993,3.7,3.6334,1.7712,99.45,0,0.0,16978112256,16898450489,226537036.0,57742.37,62062.66,51.72,7928796.26,0,0,0,0,yfinance_ETH-USD,yfinance_STETH-USD,beacon_formula_16632_sqrt_S,modelo_teorico_oficial,modelo_invariante_stableswap,28798153.21,0.7173,3.4161,49359222146,3.7,16675754548,34.24,0.0771,1,555.0797,relay_data_api_concorrente,28798153.21,0.7035
2023-11-06,Post-Shapella,1899.84,1892.41,0.996089,-0.003911,-0.3911,0.002994,0.002423,30.0984,33.9398,27.103,33.2053,3.8113,3.4113,0.4,10.4951,0.0011,0.7005,3.095,3.7,3.6334,1.9212,99.45,0,0.0,17091136315,17014429893,229228043.0,58003.02,62899.47,51.93,8022981.51,0,0,0,0,yfinance_ETH-USD,yfinance_STETH-USD,beacon_formula_16632_sqrt_S,modelo_teorico_oficial,modelo_invariante_stableswap,28879776.51,0.7164,3.4113,49529974062,3.7,16899011451,34.35,0.0358,1,258.1164,relay_data_api_concorrente,28879776.51,0.3262
2023-11-07,Post-Shapella,1888.12,1876.7,0.993952,-0.006048,-0.6048,-0.006184,-0.008337,31.5447,34.1118,28.9819,33.4306,3.812,3.4119,0.4001,10.4958,0.0011,0.7016,3.095,3.7,3.6334,1.9412,99.45,0,0.0,16945073276,16867881999,214888845.0,53822.39,60353.66,52.71,7521109.58,0,0,0,0,yfinance_ETH-USD,yfinance_STETH-USD,beacon_formula_16632_sqrt_S,modelo_teorico_oficial,modelo_invariante_stableswap,28878506.47,0.7169,3.4119,49520271985,3.7,16809888837,34.06,0.0373,1,268.2264,relay_data_api_concorrente,28878506.47,0.339
2023-11-08,Post-Shapella,1889.32,1884.72,0.997565,-0.002435,-0.2435,0.000634,0.004266,30.1813,31.2493,27.1762,30.2884,3.8073,3.4077,0.3996,10.4956,0.0011,0.7027,3.0883,3.7,3.6334,2.0013,99.45,0,0.0,17086595532,17005190460,216324465.0,55658.75,58983.45,51.39,7571356.28,0,0,0,0,yfinance_ETH-USD,yfinance_STETH-USD,beacon_formula_16632_sqrt_S,modelo_teorico_oficial,modelo_invariante_stableswap,29003936.87,0.7189,3.4077,49569549698,3.7,16903230076,34.31,0.011,1,78.8816,relay_data_api_concorrente,29003936.87,0.0993
2023-11-09,Post-Shapella,2120.56,2108.23,0.994185,-0.005815,-0.5815,0.115462,0.112072,79.661,48.9748,77.5077,47.634,3.8351,3.4326,0.4025,10.4952,0.0011,0.7038,3.1127,3.6,3.5369,2.1311,99.45,0,0.0,17310832823,17229465910,239216749.0,53446.6,59708.87,52.62,8372586.22,0,0,0,0,yfinance_ETH-USD,yfinance_STETH-USD,beacon_formula_16632_sqrt_S,modelo_teorico_oficial,modelo_invariante_stableswap,28551625.94,0.7224,3.4326,50030195592,3.6,18640962840,34.44,0.4426,1,3186.6538,relay_data_api_concorrente,28551625.94,4.0738
2023-11-10,Post-Shapella,2078.29,2076.21,0.998999,-0.001001,-0.1001,-0.020135,-0.015307,85.7499,49.9658,82.229,48.164,3.8355,3.433,0.4025,10.4941,0.0011,0.7049,3.1083,3.8,3.7298,2.5212,99.45,0,0.0,18954686142,18869125699,237323659.0,56107.72,58142.26,50.87,8306328.06,0,0,0,0,yfinance_ETH-USD,yfinance_STETH-USD,beacon_formula_16632_sqrt_S,modelo_teorico_oficial,modelo_invariante_stableswap,28633269.31,0.7272,3.433,54282581668,3.8,18713957645,34.76,0.1709,1,1230.1454,relay_data_api_concorrente,28633269.31,1.5681
2023-11-11,Post-Shapella,2052.71,2048.66,0.998027,-0.001973,-0.1973,-0.012383,-0.013356,88.5592,49.673,85.4039,47.7906,3.836,3.4334,0.4026,10.4953,0.0011,0.706,3.1026,3.8,3.7298,2.0713,99.45,0,0.0,18682568282,18588017072,231922281.0,55113.17,57984.7,51.22,8117279.84,0,0,0,0,yfinance_ETH-USD,yfinance_STETH-USD,beacon_formula_16632_sqrt_S,modelo_teorico_oficial,modelo_invariante_stableswap,28738673.54,0.7334,3.4334,53728830406,3.8,18273188666,34.6,0.1329,0,956.6393,relay_data_api_concorrente,28738673.54,1.215
2023-11-12,Post-Shapella,2045.19,2043.14,0.998998,-0.001002,-0.1002,-0.003674,-0.0027,89.3067,49.8866,86.0808,47.9832,3.8403,3.4372,0.4031,10.4966,0.0011,0.7071,3.0995,3.9,3.8261,1.9313,99.45,0,0.0,18579274517,18478188684,233115754.0,56004.86,58035.76,50.87,8159051.39,0,0,0,0,yfinance_ETH-USD,yfinance_STETH-USD,beacon_formula_16632_sqrt_S,modelo_teorico_oficial,modelo_invariante_stableswap,28794423.11,0.7407,3.4372,53226868464,3.9,18443652875,34.72,0.0949,0,683.1332,relay_data_api_concorrente,28794423.11,0.8659
2023-11-13,Post-Shapella,2055.27,2050.7,0.997776,-0.002224,-0.2224,0.004916,0.003695,89.2131,49.8447,86.006,47.9626,3.8468,3.4431,0.4037,10.4944,0.0011,0.7082,3.0977,3.9,3.8261,2.1412,99.45,0,0.0,18643119720,18544993190,223023355.0,52834.22,55802.78,51.31,7805817.43,0,0,0,0,yfinance_ETH-USD,yfinance_STETH-USD,beacon_formula_16632_sqrt_S,modelo_teorico_oficial,modelo_invariante_stableswap,28828890.14,0.7491,3.4431,53364513021,3.9,18457953119,34.75,0.0569,1,409.6271,relay_data_api_concorrente,28828890.14,0.5186
2023-11-14,Post-Shapella,1979.05,1980.24,1.000601,0.000601,0.0601,-0.037787,-0.034966,95.6528,52.4388,91.6988,50.3521,3.8472,3.4435,0.4037,10.4933,0.0011,0.7093,3.0889,4.0,3.9223,2.3113,99.45,0,0.0,18469180601,18380164692,214592476.0,53910.55,54488.75,50.28,7510736.66,0,0,0,0,yfinance_ETH-USD,yfinance_STETH-USD,beacon_formula_16632_sqrt_S,modelo_teorico_oficial,modelo_invariante_stableswap,28993762.17,0.7583,3.4435,52833899899,4.0,17697307875,34.79,0.0533,0,383.4637,relay_data_api_concorrente,28993762.17,0.4827
2023-11-15,Post-Shapella,2060.41,2051.97,0.995904,-0.004096,-0.4096,0.040286,0.035583,98.3653,53.249,93.7565,50.9456,3.8624,3.4571,0.4053,10.4935,0.0011,0.7104,3.0942,4.0,3.9223,2.2114,99.45,0,0.0,18190306894,18086162211,220332144.0,51334.62,55830.15,52.0,7711625.04,0,0,0,0,yfinance_ETH-USD,yfinance_STETH-USD,beacon_formula_16632_sqrt_S,modelo_teorico_oficial,modelo_invariante_stableswap,28894549.43,0.7683,3.4571,51925187388,4.0,18335659005,34.83,0.0496,0,357.3004,relay_data_api_concorrente,28894549.43,0.4513
2023-11-16,Post-Shapella,1960.88,1958.51,0.998791,-0.001209,-0.1209,-0.04951,-0.046613,56.3674,56.0081,51.2637,53.6241,3.8419,3.4387,0.4032,10.4948,0.0011,0.7115,3.0632,4.0,3.9223,2.0513,99.45,0,0.0,18505458842,18397367052,211086463.0,52811.92,54903.28,50.94,7388026.21,0,0,0,0,yfinance_ETH-USD,yfinance_STETH-USD,beacon_formula_16632_sqrt_S,modelo_teorico_oficial,modelo_invariante_stableswap,29481642.81,0.7787,3.4387,53567502681,4.0,17513987382,34.34,0.046,1,331.1371,relay_data_api_concorrente,29481642.81,0.41
2023-11-17,Post-Shapella,1961.28,1949.7,0.994096,-0.005904,-0.5904,0.000204,-0.00451,56.3158,55.9851,51.2437,53.703,3.8533,3.4489,0.4044,10.4949,0.0011,0.7126,3.064,3.9,3.8261,1.8513,99.45,0,0.0,17823214548,17728052099,210796256.0,50885.94,56929.11,52.66,7377868.96,0,0,0,0,yfinance_ETH-USD,yfinance_STETH-USD,beacon_formula_16632_sqrt_S,modelo_teorico_oficial,modelo_invariante_stableswap,29466534.17,0.7893,3.4489,51380473567,3.9,17376767659,34.5,0.0539,0,388.0691,relay_data_api_concorrente,29466534.17,0.4807
2023-11-18,Post-Shapella,1963.29,1957.2,0.996898,-0.003102,-0.3102,0.001021,0.003837,56.5528,56.0028,51.851,53.6775,3.8679,3.462,0.4059,10.4941,0.0011,0.7137,3.0679,3.8,3.7298,1.9012,99.45,0,0.0,17549241321,17490737763,210406269.0,51836.25,55506.17,51.63,7364219.42,0,0,0,0,yfinance_ETH-USD,yfinance_STETH-USD,beacon_formula_16632_sqrt_S,modelo_teorico_oficial,modelo_invariante_stableswap,29391545.24,0.8,3.462,51178702416,3.8,17570301953,34.18,0.0618,1,445.0011,relay_data_api_concorrente,29391545.24,0.5526
2023-11-19,Post-Shapella,2013.2,2000.02,0.993453,-0.006547,-0.6547,0.025109,0.021643,61.0276,56.0647,55.7745,53.6693,3.8843,3.4766,0.4077,10.4961,0.0011,0.7148,3.0738,3.8,3.7298,1.7812,99.45,0,0.0,17793180107,17731622128,212400783.0,49702.17,56169.62,52.89,7434027.4,0,0,0,0,yfinance_ETH-USD,yfinance_STETH-USD,beacon_formula_16632_sqrt_S,modelo_teorico_oficial,modelo_invariante_stableswap,29278126.7,0.8105,3.4766,51595778537,3.8,17820820683,34.37,0.089,1,641.0418,relay_data_api_concorrente,29278126.7,0.7992
2023-11-20,Post-Shapella,2022.24,2020.9,0.999337,-0.000663,-0.0663,0.004478,0.010386,60.9971,56.0049,56.4715,53.5462,3.8924,3.4839,0.4085,10.4948,0.0011,0.716,3.0719,3.7,3.6334,1.8512,99.45,0,0.0,18507484832,18445755904,216374015.0,52704.69,54328.51,50.74,7573090.52,0,0,0,0,yfinance_ETH-USD,yfinance_STETH-USD,beacon_formula_16632_sqrt_S,modelo_teorico_oficial,modelo_invariante_stableswap,29315493.77,0.8205,3.4839,53162297900,3.7,18196890837,34.7,0.3203,1,2306.1293,relay_data_api_concorrente,29315493.77,2.8713
2023-11-21,Post-Shapella,1937.07,1944.66,1.003918,0.003918,0.3918,-0.043031,-0.038454,62.9388,58.4299,57.7484,55.7027,3.8986,3.4895,0.4091,10.4935,0.0011,0.7171,3.0688,3.7,3.6334,1.8912,99.45,0,0.0,18327786533,18271047978,210259476.0,55283.29,53053.94,49.07,7359081.66,0,0,0,0,yfinance_ETH-USD,yfinance_STETH-USD,beacon_formula_16632_sqrt_S,modelo_teorico_oficial,modelo_invariante_stableswap,29375058.73,0.8299,3.4895,53085840247,3.7,17814285819,34.42,0.1805,0,1299.2618,relay_data_api_concorrente,29375058.73,1.6144
2023-11-22,Post-Shapella,2064.43,2061.88,0.998765,-0.001235,-0.1235,0.063677,0.05853,74.0289,58.9372,68.3752,55.7078,3.9044,3.4946,0.4098,10.4959,0.0011,0.7182,3.066,3.6,3.5369,2.1512,99.45,0,0.0,18465548894,18411297955,221733726.0,52682.96,54791.47,50.95,7760680.41,0,0,0,0,yfinance_ETH-USD,yfinance_STETH-USD,beacon_formula_16632_sqrt_S,modelo_teorico_oficial,modelo_invariante_stableswap,29428576.92,0.8384,3.4946,51710189192,3.6,19035437320,35.6,0.0406,1,292.3944,relay_data_api_concorrente,29428576.92,0.3627
2023-11-23,Post-Shapella,2062.21,2054.02,0.996029,-0.003971,-0.3971,-0.001073,-0.003818,61.3964,58.9419,56.2784,55.678,3.9174,3.5063,0.4111,10.4942,0.0011,0.7193,3.0716,3.6,3.5369,2.0712,99.45,0,0.0,18976798491,18934503709,220794769.0,51446.35,55842.49,51.95,7727816.92,0,0,0,0,yfinance_ETH-USD,yfinance_STETH-USD,beacon_formula_16632_sqrt_S,modelo_teorico_oficial,modelo_invariante_stableswap,29320209.36,0.8458,3.5063,54307941462,3.6,19007306629,34.87,0.0665,1,478.8888,relay_data_api_concorrente,29320209.36,0.5962
2023-11-24,Post-Shapella,2081.15,2079.36,0.99914,-0.00086,-0.086,0.009143,0.012263,61.1156,58.9492,55.5258,55.7092,3.9166,3.5056,0.411,10.4938,0.0011,0.7205,3.0646,3.6,3.5369,1.8812,99.45,0,0.0,19519463230,19477030095,219896499.0,51970.94,53736.33,50.81,7696377.47,0,0,0,0,yfinance_ETH-USD,yfinance_STETH-USD,beacon_formula_16632_sqrt_S,modelo_teorico_oficial,modelo_invariante_stableswap,29454600.9,0.852,3.5056,54907902524,3.6,19008647949,35.47,0.0716,1,515.5432,relay_data_api_concorrente,29454600.9,0.6389
2023-11-25,Post-Shapella,2084.41,2076.11,0.996018,-0.003982,-0.3982,0.001566,-0.001567,61.0764,58.9414,55.9785,55.7401,3.9145,3.5037,0.4108,10.4943,0.0011,0.7216,3.0577,3.6,3.5369,1.8812,99.45,0,0.0,19232545059,19176600847,221942792.0,51158.02,55540.66,51.95,7767997.72,0,0,0,0,yfinance_ETH-USD,yfinance_STETH-USD,beacon_formula_16632_sqrt_S,modelo_teorico_oficial,modelo_invariante_stableswap,29587394.85,0.8567,3.5037,54963317416,3.6,19173980973,34.89,0.0379,1,273.2072,relay_data_api_concorrente,29587394.85,0.337
2023-11-26,Post-Shapella,2063.29,2058.11,0.997489,-0.002511,-0.2511,-0.010187,-0.008707,60.5719,58.8274,55.9093,55.4632,3.9044,3.4946,0.4098,10.4959,0.0011,0.7227,3.0444,3.6,3.5369,1.7112,99.45,0,0.0,19394338929,19338093164,220758288.0,51981.87,55149.92,51.42,7726540.08,0,0,0,0,yfinance_ETH-USD,yfinance_STETH-USD,beacon_formula_16632_sqrt_S,modelo_teorico_oficial,modelo_invariante_stableswap,29846131.21,0.86,3.4946,54946872267,3.6,19086277361,35.19,0.0484,0,348.3636,relay_data_api_concorrente,29846131.21,0.426
2023-11-27,Post-Shapella,2027.42,2021.34,0.997001,-0.002999,-0.2999,-0.017537,-0.018029,62.416,59.3062,57.6992,56.0271,3.903,3.4934,0.4096,10.4945,0.0011,0.7238,3.0415,3.6,3.5369,1.9012,99.45,0,0.0,18811997451,18758986693,214698227.0,51259.96,54801.65,51.59,7514437.94,0,0,0,0,yfinance_ETH-USD,yfinance_STETH-USD,beacon_formula_16632_sqrt_S,modelo_teorico_oficial,modelo_invariante_stableswap,29904570.88,0.8615,3.4934,54448033698,3.6,18601498706,34.45,0.0588,1,423.5199,relay_data_api_concorrente,29904570.88,0.5169
2023-11-28,Post-Shapella,2049.34,2044.8,0.997785,-0.002215,-0.2215,0.010754,0.011542,50.64,59.3082,47.8706,56.0473,3.9093,3.499,0.4103,10.4955,0.0011,0.725,3.0479,3.6,3.5369,1.9412,99.45,0,0.0,18827650342,18773684071,217377176.0,51649.14,54543.49,51.31,7608201.16,0,0,0,0,yfinance_ETH-USD,yfinance_STETH-USD,beacon_formula_16632_sqrt_S,modelo_teorico_oficial,modelo_invariante_stableswap,29778107.71,0.8614,3.499,53910492582,3.6,19044134257,34.82,0.0251,1,180.6201,relay_data_api_concorrente,29778107.71,0.2214
2023-11-29,Post-Shapella,2029.93,2027.64,0.998872,-0.001128,-0.1128,-0.009516,-0.008429,20.1007,59.4885,21.109,56.2107,3.8961,3.4872,0.4089,10.4951,0.0011,0.7261,3.0367,3.7,3.6334,2.0512,99.45,0,0.0,19130877796,19073050761,215843127.0,52196.12,54195.35,50.91,7554509.44,0,0,0,0,yfinance_ETH-USD,yfinance_STETH-USD,beacon_formula_16632_sqrt_S,modelo_teorico_oficial,modelo_invariante_stableswap,29999204.16,0.8594,3.4872,54548697775,3.7,18785240361,34.97,0.0587,1,422.3442,relay_data_api_concorrente,29999204.16,0.5139
2023-11-30,Post-Shapella,2052.56,2045.65,0.996633,-0.003367,-0.3367,0.011085,0.008844,22.3797,59.5422,22.5215,56.2209,3.8913,3.4829,0.4084,10.4952,0.0011,0.7272,3.0355,3.6,3.5369,2.0012,99.45,0,0.0,18989258739,18931657114,217326473.0,51110.88,54954.82,51.73,7606426.56,0,0,0,0,yfinance_ETH-USD,yfinance_STETH-USD,beacon_formula_16632_sqrt_S,modelo_teorico_oficial,modelo_invariante_stableswap,30021938.76,0.8557,3.4829,54186982021,3.6,18977490523,34.94,0.0347,1,249.7342,relay_data_api_concorrente,30021938.76,0.3036
2023-12-01,Post-Shapella,2087.14,2080.59,0.996862,-0.003138,-0.3138,0.016709,0.016936,24.9205,59.5418,24.3236,56.2066,3.8858,3.4779,0.4079,10.4972,0.0011,0.7283,3.0355,3.6,3.5369,2.1412,99.45,0,0.0,19580790056,19522626144,221356044.0,51283.91,54945.64,51.64,7747461.54,0,0,0,0,yfinance_ETH-USD,yfinance_STETH-USD,beacon_formula_16632_sqrt_S,modelo_teorico_oficial,modelo_invariante_stableswap,30023074.88,0.8503,3.4779,55094689278,3.6,19400421889,35.43,0.0857,0,617.2289,relay_data_api_concorrente,30023074.88,0.7504
2023-12-02,Post-Shapella,2165.7,2158.36,0.996611,-0.003389,-0.3389,0.036951,0.036698,36.382,59.6239,35.7523,56.5774,3.8817,3.4744,0.4073,10.4928,0.0011,0.7294,3.0386,3.6,3.5369,1.9312,99.45,0,0.0,19692269706,19633534825,228267686.0,50869.48,54717.31,51.74,7989369.01,0,0,0,0,yfinance_ETH-USD,yfinance_STETH-USD,beacon_formula_16632_sqrt_S,modelo_teorico_oficial,modelo_invariante_stableswap,29961297.67,0.8431,3.4744,55782717449,3.6,19993358398,35.2,0.1368,0,984.7235,relay_data_api_concorrente,29961297.67,1.1996
2023-12-03,Post-Shapella,2193.69,2197.22,1.001609,0.001609,0.1609,0.01284,0.017843,34.0824,59.5292,34.427,56.6556,3.8765,3.4697,0.4068,10.494,0.0011,0.7305,3.0421,3.6,3.5369,1.8512,99.45,0,0.0,20288333559,20228206799,232602287.0,53108.38,52839.03,49.91,8141080.05,0,0,0,0,yfinance_ETH-USD,yfinance_STETH-USD,beacon_formula_16632_sqrt_S,modelo_teorico_oficial,modelo_invariante_stableswap,29891611.36,0.8344,3.4697,57594051020,3.6,19999059999,35.12,0.1878,0,1352.2182,relay_data_api_concorrente,29891611.36,1.6512
2023-12-04,Post-Shapella,2243.22,2236.03,0.996795,-0.003205,-0.3205,0.022325,0.017508,26.7395,59.7485,25.6951,56.7485,3.8641,3.4585,0.4056,10.4966,0.0011,0.7317,3.0399,3.7,3.6334,1.9412,99.45,0,0.0,21029960298,20971879566,234682765.0,50562.4,54230.12,51.67,8213896.78,0,0,0,0,yfinance_ETH-USD,yfinance_STETH-USD,beacon_formula_16632_sqrt_S,modelo_teorico_oficial,modelo_invariante_stableswap,29935902.67,0.8242,3.4585,58882256847,3.7,20971879566,35.62,0.2388,0,1719.7128,relay_data_api_concorrente,29935902.67,2.0968
2023-12-05,Post-Shapella,2293.84,2282.88,0.995222,-0.004778,-0.4778,0.022318,0.020736,27.069,59.8368,25.9254,56.7635,3.8569,3.4521,0.4048,10.4955,0.0011,0.7328,3.0442,4.0,3.9223,2.3812,99.45,0,0.0,20649515030,20593446445,240768363.0,50125.4,55100.89,52.24,8426892.7,0,0,0,0,yfinance_ETH-USD,yfinance_STETH-USD,beacon_formula_16632_sqrt_S,modelo_teorico_oficial,modelo_invariante_stableswap,29850641.22,0.8126,3.4521,59076571318,4.0,20593446445,34.86,0.2899,1,2087.2075,relay_data_api_concorrente,29850641.22,2.5521
2023-12-06,Post-Shapella,2231.66,2227.77,0.998257,-0.001743,-0.1743,-0.027482,-0.024437,38.2229,60.9871,35.7258,57.7608,3.841,3.4379,0.4031,10.4947,0.0011,0.7339,3.0411,4.0,3.9223,2.3112,99.45,0,0.0,21331001450,21271900517,236950030.0,51881.14,54390.25,51.14,8293251.05,0,0,0,0,yfinance_ETH-USD,yfinance_STETH-USD,beacon_formula_16632_sqrt_S,modelo_teorico_oficial,modelo_invariante_stableswap,29912370.99,0.7999,3.4379,60608936800,4.0,21271900517,35.1,0.0146,1,105.046,relay_data_api_concorrente,29912370.99,0.1282
2023-12-07,Post-Shapella,2357.58,2347.47,0.995712,-0.004288,-0.4288,0.054889,0.052336,48.2797,63.2113,44.9344,59.7813,3.8367,3.434,0.4027,10.496,0.0011,0.735,3.0504,4.0,3.9223,2.1311,99.45,0,0.0,20877082092,20818520476,248578722.0,50540.85,55133.66,52.07,8700255.27,0,0,0,0,yfinance_ETH-USD,yfinance_STETH-USD,beacon_formula_16632_sqrt_S,modelo_teorico_oficial,modelo_invariante_stableswap,29729791.13,0.7863,3.434,59362390413,4.0,20818520476,35.07,0.0395,1,284.3766,relay_data_api_concorrente,29729791.13,0.3491
2023-12-08,Post-Shapella,2358.73,2348.76,0.995773,-0.004227,-0.4227,0.000489,0.000551,50.2889,63.2133,47.0466,59.8203,3.824,3.4227,0.4013,10.4942,0.0011,0.7361,3.0522,4.0,3.9223,2.1612,99.45,0,0.0,21948528820,21882569405,247719267.0,50365.32,54889.0,52.04,8670174.35,0,0,0,0,yfinance_ETH-USD,yfinance_STETH-USD,beacon_formula_16632_sqrt_S,modelo_teorico_oficial,modelo_invariante_stableswap,29694581.2,0.7718,3.4227,62038032687,4.0,21882569405,35.27,0.1271,1,915.2997,relay_data_api_concorrente,29694581.2,1.1251
2023-12-09,Post-Shapella,2341.18,2331.83,0.996006,-0.003994,-0.3994,-0.007471,-0.007233,50.0534,49.9049,46.7326,46.528,3.8023,3.4033,0.399,10.4936,0.0011,0.7372,3.0454,3.9,3.8261,2.3612,99.45,0,0.0,21959468720,21889779990,245235806.0,50324.77,54642.26,51.96,8583253.21,0,0,0,0,yfinance_ETH-USD,yfinance_STETH-USD,beacon_formula_16632_sqrt_S,modelo_teorico_oficial,modelo_invariante_stableswap,29826775.57,0.7569,3.4033,62308512461,3.9,21889779990,35.13,0.0368,1,264.7717,relay_data_api_concorrente,29826775.57,0.324
2023-12-10,Post-Shapella,2352.46,2341.3,0.995256,-0.004744,-0.4744,0.00481,0.004053,50.2221,49.1839,46.5726,46.0378,3.7866,3.3892,0.3974,10.4949,0.0011,0.7383,3.045,3.3,3.2469,1.8213,99.45,0,0.0,21802994563,21738139244,245998785.0,49951.87,54879.34,52.23,8609957.48,0,0,0,0,yfinance_ETH-USD,yfinance_STETH-USD,beacon_formula_16632_sqrt_S,modelo_teorico_oficial,modelo_invariante_stableswap,29835840.94,0.7416,3.3892,61661293703,3.3,21738139244,35.25,0.0373,1,268.896,relay_data_api_concorrente,29835840.94,0.329
2023-12-11,Post-Shapella,2224.58,2215.95,0.996121,-0.003879,-0.3879,-0.055895,-0.055028,67.3643,53.2004,64.5611,50.1286,3.7708,3.3751,0.3957,10.4938,0.0011,0.7393,3.0445,3.8,3.7298,2.1013,99.45,0,0.0,20898098230,20835772031,230050230.0,49724.84,53897.13,51.92,8051758.05,0,0,0,0,yfinance_ETH-USD,yfinance_STETH-USD,beacon_formula_16632_sqrt_S,modelo_teorico_oficial,modelo_invariante_stableswap,29844724.94,0.7263,3.3751,60488760295,3.8,19898974103,34.45,0.0275,1,197.8301,relay_data_api_concorrente,29844724.94,0.2419
2023-12-12,Post-Shapella,2202.04,2193.42,0.996085,-0.003915,-0.3915,-0.010184,-0.01022,64.4912,53.3466,61.9539,50.2973,3.747,3.3538,0.3932,10.4937,0.0011,0.7404,3.0359,4.0,3.9223,2.4112,99.45,0,0.0,20638101676,20574248307,227125287.0,49581.58,53772.04,51.93,7949385.05,0,0,0,0,yfinance_ETH-USD,yfinance_STETH-USD,beacon_formula_16632_sqrt_S,modelo_teorico_oficial,modelo_invariante_stableswap,30015280.01,0.7112,3.3538,58863178060,4.0,20574248307,34.95,0.0161,1,115.9733,relay_data_api_concorrente,30015280.01,0.141
2023-12-13,Post-Shapella,2260.65,2245.42,0.993263,-0.006737,-0.6737,0.026268,0.023431,65.1917,53.9862,62.7891,50.8313,3.7467,3.3535,0.3932,10.4946,0.0011,0.7415,3.0503,3.8,3.7298,2.3712,99.45,0,0.0,20216591081,20157620655,225720690.0,46968.98,53237.37,52.96,7900224.15,0,0,0,0,yfinance_ETH-USD,yfinance_STETH-USD,beacon_formula_16632_sqrt_S,modelo_teorico_oficial,modelo_invariante_stableswap,29731623.76,0.6964,3.3535,58001066906,3.8,19996427138,34.75,0.0207,1,149.2643,relay_data_api_concorrente,29731623.76,0.1832
2023-12-14,Post-Shapella,2316.58,2305.86,0.995372,-0.004628,-0.4628,0.02444,0.026561,52.6141,52.3832,51.7976,49.5583,3.7249,3.3339,0.391,10.4969,0.0011,0.7426,3.0426,3.6,3.5369,2.3032,99.45,0,0.0,21275160925,21210624182,226327651.8,46710.68,51225.42,52.19,7921467.81,0,0,0,0,yfinance_ETH-USD,yfinance_STETH-USD,beacon_formula_16632_sqrt_S,modelo_teorico_oficial,modelo_invariante_stableswap,29883036.02,0.6823,3.3339,60107887345,3.6,21210624182,35.29,0.0257,0,185.2217,relay_data_api_concorrente,29883036.02,0.2262
2023-12-15,Post-Shapella,2219.34,2225.91,1.00296,0.00296,0.296,-0.042883,-0.035287,59.9254,53.4047,56.7209,50.2279,3.7068,3.3178,0.389,10.4942,0.0011,0.7436,3.0378,4.1,4.0184,2.2352,99.45,0,0.0,21102822948,21032839211,226934613.6,51720.45,50383.6,49.42,7942711.48,0,0,0,0,yfinance_ETH-USD,yfinance_STETH-USD,beacon_formula_16632_sqrt_S,modelo_teorico_oficial,modelo_invariante_stableswap,29976755.57,0.669,3.3178,60854222107,4.1,21032839211,34.56,0.0307,1,221.1792,relay_data_api_concorrente,29976755.57,0.2693
2023-12-16,Post-Shapella,2226.93,2222.69,0.998096,-0.001904,-0.1904,0.003414,-0.001448,60.5734,50.0026,56.9019,47.0132,3.6951,3.3073,0.3878,10.495,0.0011,0.7447,3.0384,3.8,3.7298,2.1672,99.45,0,0.0,20835168526,20769115893,227541575.4,49868.39,52408.64,51.19,7963955.14,0,0,0,0,yfinance_ETH-USD,yfinance_STETH-USD,beacon_formula_16632_sqrt_S,modelo_teorico_oficial,modelo_invariante_stableswap,29965855.44,0.6567,3.3073,59074898927,3.8,20769115893,35.16,0.0659,0,474.1947,relay_data_api_concorrente,29965855.44,0.5776
2023-12-17,Post-Shapella,2196.48,2201.25,1.002172,0.002172,0.2172,-0.013766,-0.009694,59.8233,50.3805,56.1608,47.1688,3.682,3.2956,0.3864,10.4943,0.0011,0.7457,3.0363,4.0,3.9223,2.0992,99.45,0,0.0,20548834635,20484342411,228148537.2,52238.01,51520.18,49.71,7985198.8,0,0,0,0,yfinance_ETH-USD,yfinance_STETH-USD,beacon_formula_16632_sqrt_S,modelo_teorico_oficial,modelo_invariante_stableswap,30006030.51,0.6457,3.2956,59022441757,4.0,20484342411,34.71,0.101,0,727.2103,relay_data_api_concorrente,30006030.51,0.8846
2023-12-18,Post-Shapella,2217.27,2214.63,0.998809,-0.001191,-0.1191,0.009422,0.006061,46.2638,50.4079,40.8037,47.174,3.684,3.2974,0.3866,10.494,0.0011,0.7468,3.0481,3.8,3.7298,2.0312,99.45,0,0.0,19715918971,19657033873,228755499.0,50619.85,52612.69,50.94,8006442.47,0,0,0,0,yfinance_ETH-USD,yfinance_STETH-USD,beacon_formula_16632_sqrt_S,modelo_teorico_oficial,modelo_invariante_stableswap,29774603.01,0.6359,3.2974,57886896532,3.8,19981707761,33.96,0.1361,1,980.2258,relay_data_api_concorrente,29774603.01,1.2016
2023-12-19,Post-Shapella,2177.87,2172.51,0.997539,-0.002461,-0.2461,-0.01793,-0.0192,47.5728,50.3809,42.6347,47.4149,3.6698,3.2847,0.3851,10.4938,0.0011,0.7479,3.0423,3.8,3.7298,2.0011,99.45,0,0.0,20953205333,20888736627,224368291.0,50070.43,53082.11,51.4,7852890.18,0,0,0,0,yfinance_ETH-USD,yfinance_STETH-USD,beacon_formula_16632_sqrt_S,modelo_teorico_oficial,modelo_invariante_stableswap,29889210.26,0.6276,3.2847,59735382393,3.8,19957938936,34.97,0.0437,1,314.3128,relay_data_api_concorrente,29889210.26,0.3838
2023-12-20,Post-Shapella,2201.91,2187.78,0.993583,-0.006417,-0.6417,0.010977,0.007002,43.2094,50.462,38.246,47.3611,3.6553,3.2717,0.3836,10.4944,0.0011,0.7489,3.0346,3.8,3.7298,2.3011,99.45,0,0.0,20414245225,20348017152,226332676.0,48472.77,54667.29,52.84,7921643.66,0,0,0,0,yfinance_ETH-USD,yfinance_STETH-USD,beacon_formula_16632_sqrt_S,modelo_teorico_oficial,modelo_invariante_stableswap,30040514.91,0.6207,3.2717,58799866782,3.8,19936499423,34.61,0.0198,1,142.6656,relay_data_api_concorrente,30040514.91,0.1733
2023-12-21,Post-Shapella,2239.54,2231.7,0.996499,-0.003501,-0.3501,0.016946,0.019876,40.4872,47.8704,35.211,45.3164,3.6498,3.2667,0.3831,10.4965,0.001,0.75,3.0343,3.8,3.7298,2.3011,99.45,0,0.0,20595670089,20521757427,231671663.0,49883.54,53750.72,51.78,8108508.21,0,0,0,0,yfinance_ETH-USD,yfinance_STETH-USD,beacon_formula_16632_sqrt_S,modelo_teorico_oficial,modelo_invariante_stableswap,30046283.5,0.6155,3.2667,59562439132,3.8,19989978863,34.45,0.0223,1,160.6266,relay_data_api_concorrente,30046283.5,0.1951
2023-12-22,Post-Shapella,2326.52,2318.61,0.9966,-0.0034,-0.34,0.038104,0.038205,36.1917,44.636,36.3106,42.7535,3.6544,3.2708,0.3836,10.4969,0.0011,0.751,3.0425,3.6,3.5369,1.9711,99.45,0,0.0,21300697580,21222146897,239367828.0,49651.31,53416.94,51.74,8377873.98,0,0,0,0,yfinance_ETH-USD,yfinance_STETH-USD,beacon_formula_16632_sqrt_S,modelo_teorico_oficial,modelo_invariante_stableswap,29883611.51,0.6118,3.2708,60707059069,3.6,21222146897,34.96,0.0411,1,295.7394,relay_data_api_concorrente,29883611.51,0.3612
2023-12-23,Post-Shapella,2309.05,2290.05,0.991772,-0.008228,-0.8228,-0.007541,-0.012396,37.6394,44.785,38.4432,43.0524,3.656,3.2723,0.3837,10.4951,0.0011,0.7521,3.0463,3.6,3.5369,1.9845,99.45,0,0.0,21231078538,21165343604,232773203.67,46872.98,54383.6,53.5,8147062.13,0,0,0,0,yfinance_ETH-USD,yfinance_STETH-USD,beacon_formula_16632_sqrt_S,modelo_teorico_oficial,modelo_invariante_stableswap,29809288.62,0.6097,3.2723,61928686369,3.6,21165343604,34.18,0.0617,1,444.3605,relay_data_api_concorrente,29809288.62,0.5441
2023-12-24,Post-Shapella,2265.69,2264.36,0.999413,-0.000587,-0.0587,-0.018954,-0.011282,39.3741,45.4283,38.8092,43.2407,3.6556,3.272,0.3836,10.4935,0.0011,0.7531,3.0465,3.4,3.3436,1.9979,99.45,0,0.0,21179534179,21141196015,226178579.33,49200.09,50657.33,50.72,7916250.28,0,0,0,0,yfinance_ETH-USD,yfinance_STETH-USD,beacon_formula_16632_sqrt_S,modelo_teorico_oficial,modelo_invariante_stableswap,29805874.82,0.6091,3.272,61736742963,3.4,21141196015,34.24,0.0166,1,119.4655,relay_data_api_concorrente,29805874.82,0.1463
2023-12-25,Post-Shapella,2272.56,2260.56,0.99472,-0.00528,-0.528,0.003027,-0.001677,39.1512,45.4261,38.9658,43.2422,3.6498,3.2667,0.3831,10.4965,0.001,0.7542,3.0398,3.6,3.5369,2.0113,99.45,0,0.0,20854931920,20816948603,219583955.0,45966.77,50926.19,52.43,7685438.43,0,0,0,0,yfinance_ETH-USD,yfinance_STETH-USD,beacon_formula_16632_sqrt_S,modelo_teorico_oficial,modelo_invariante_stableswap,29937149.55,0.6099,3.2667,60984439770,3.6,20816948603,34.13,0.0302,0,217.6296,relay_data_api_concorrente,29937149.55,0.2653
2023-12-26,Post-Shapella,2231.47,2216.87,0.993457,-0.006543,-0.6543,-0.018249,-0.019517,39.2582,45.8034,39.0757,43.7666,3.663,3.2785,0.3845,10.4969,0.0011,0.7552,3.0509,3.6,3.5369,1.7613,99.45,0,0.0,20420437750,20381916298,214232460.0,45230.78,51108.7,52.89,7498136.1,0,0,0,0,yfinance_ETH-USD,yfinance_STETH-USD,beacon_formula_16632_sqrt_S,modelo_teorico_oficial,modelo_invariante_stableswap,29720629.84,0.6121,3.2785,60814124096,3.6,19972627403,33.52,0.0439,1,315.7937,relay_data_api_concorrente,29720629.84,0.3878
2023-12-27,Post-Shapella,2378.74,2363.56,0.993618,-0.006382,-0.6382,0.063912,0.064071,59.0393,49.9198,59.2524,48.0814,3.6807,3.2944,0.3863,10.4953,0.0011,0.7563,3.0653,3.4,3.3436,1.9113,99.45,0,0.0,20614965165,20577264543,226146794.0,44845.06,50547.51,52.83,7915137.79,0,0,0,0,yfinance_ETH-USD,yfinance_STETH-USD,beacon_formula_16632_sqrt_S,modelo_teorico_oficial,modelo_invariante_stableswap,29441913.16,0.6154,3.2944,60057645722,3.4,20577264543,34.26,0.0249,1,179.0814,relay_data_api_concorrente,29441913.16,0.222
2023-12-28,Post-Shapella,2347.57,2355.55,1.003399,0.003399,0.3399,-0.013192,-0.003393,61.176,50.2895,59.5233,48.1162,3.68,3.2937,0.3863,10.4973,0.0011,0.7573,3.0602,3.8,3.7298,2.1013,99.45,0,0.0,22087788382,22053161805,225854472.0,48817.49,47229.74,49.26,7904906.52,0,0,0,0,yfinance_ETH-USD,yfinance_STETH-USD,beacon_formula_16632_sqrt_S,modelo_teorico_oficial,modelo_invariante_stableswap,29539795.12,0.6198,3.2937,63876564202,3.8,22053161805,34.52,0.0232,0,166.8338,relay_data_api_concorrente,29539795.12,0.2061
2023-12-29,Post-Shapella,2300.69,2305.59,1.00213,0.00213,0.213,-0.02017,-0.021438,57.3476,50.7987,56.4397,48.7729,3.6775,3.2915,0.386,10.4963,0.0011,0.7584,3.0526,3.6,3.5369,1.9812,99.45,0,0.0,21803585147,21768905603,218754927.0,47805.31,47176.53,49.72,7656422.44,0,0,0,0,yfinance_ETH-USD,yfinance_STETH-USD,beacon_formula_16632_sqrt_S,modelo_teorico_oficial,modelo_invariante_stableswap,29687892.72,0.6249,3.2915,63093792276,3.6,21768905603,34.5,0.0215,1,154.5861,relay_data_api_concorrente,29687892.72,0.1901
2023-12-30,Post-Shapella,2292.07,2292.93,1.000375,0.000375,0.0375,-0.003756,-0.005505,57.1738,50.8083,55.7944,48.8607,3.6826,3.2961,0.3865,10.4953,0.0011,0.7595,3.0518,3.2,3.15,1.8012,99.45,0,0.0,21143871129,21111175833,224439345.0,48605.83,49295.61,50.36,7855377.08,0,0,0,0,yfinance_ETH-USD,yfinance_STETH-USD,beacon_formula_16632_sqrt_S,modelo_teorico_oficial,modelo_invariante_stableswap,29701749.15,0.6307,3.2961,61648592437,3.2,21111175833,34.24,0.0105,1,75.8768,relay_data_api_concorrente,29701749.15,0.0932
2023-12-31,Post-Shapella,2281.47,2280.13,0.999413,-0.000587,-0.0587,-0.004633,-0.005602,55.3524,50.6646,55.2325,48.7306,3.6876,3.3006,0.387,10.4946,0.0011,0.7605,3.0507,3.2,3.15,1.6812,99.45,0,0.0,21439380980,21406486278,224421683.0,48480.26,49916.2,50.72,7854758.91,0,0,0,0,yfinance_ETH-USD,yfinance_STETH-USD,beacon_formula_16632_sqrt_S,modelo_teorico_oficial,modelo_invariante_stableswap,29724439.73,0.637,3.3006,61996835182,3.2,21406486278,34.53,0.0106,0,76.2277,relay_data_api_concorrente,29724439.73,0.0936
2024-01-01,Post-Shapella,2352.33,2340.83,0.995111,-0.004889,-0.4889,0.030585,0.026275,59.3981,50.1735,58.0282,47.9543,3.6775,3.2915,0.386,10.4963,0.0011,0.7616,3.0341,3.1,3.053,1.6812,99.45,0,0.0,21373948242,21341075867,228662512.0,46383.09,51073.42,52.28,8003187.92,0,0,0,0,yfinance_ETH-USD,yfinance_STETH-USD,beacon_formula_16632_sqrt_S,modelo_teorico_oficial,modelo_invariante_stableswap,30050009.1,0.6434,3.2915,61848353158,3.1,21341075867,34.51,0.0106,1,76.5787,relay_data_api_concorrente,30050009.1,0.093
2024-01-02,Post-Shapella,2355.84,2357.48,1.000696,0.000696,0.0696,0.00149,0.007086,56.3442,50.0423,54.2519,47.6729,3.6566,3.2729,0.3837,10.4934,0.0011,0.7626,3.0069,3.2,3.15,1.8412,99.45,0,0.0,22389928473,22353941458,231568806.0,48906.05,49355.23,50.25,8104908.21,0,0,0,0,yfinance_ETH-USD,yfinance_STETH-USD,beacon_formula_16632_sqrt_S,modelo_teorico_oficial,modelo_invariante_stableswap,30596820.7,0.6498,3.2729,64350039610,3.2,22353941458,34.74,0.1033,0,743.6343,relay_data_api_concorrente,30596820.7,0.8871
2024-01-03,Post-Shapella,2210.76,2215.62,1.002198,0.002198,0.2198,-0.063559,-0.062057,54.1922,54.5013,52.4819,52.3381,3.6133,3.2341,0.3792,10.4946,0.001,0.7637,2.9574,3.3,3.2469,1.8912,99.45,0,0.0,22162193305,22128787922,217811762.0,49560.26,48855.81,49.7,7623411.67,0,0,0,0,yfinance_ETH-USD,yfinance_STETH-USD,beacon_formula_16632_sqrt_S,modelo_teorico_oficial,modelo_invariante_stableswap,31628025.95,0.6559,3.2341,64344035349,3.3,22128787922,34.39,0.1959,1,1410.69,relay_data_api_concorrente,31628025.95,1.628
2024-01-04,Post-Shapella,2269.04,2262.05,0.996919,-0.003081,-0.3081,0.026019,0.020736,60.0686,54.7111,56.8275,52.338,3.6086,3.2298,0.3788,10.4971,0.001,0.7647,2.9471,5.2,5.0697,2.7411,99.45,0,0.0,20638462604,20607960908,222631560.0,47464.56,50809.03,51.62,7792104.6,0,0,0,0,yfinance_ETH-USD,yfinance_STETH-USD,beacon_formula_16632_sqrt_S,modelo_teorico_oficial,modelo_invariante_stableswap,31851417.24,0.6615,3.2298,60457129982,5.2,20607960908,34.09,0.0313,1,225.426,relay_data_api_concorrente,31851417.24,0.2583
2024-01-05,Post-Shapella,2268.65,2254.77,0.993882,-0.006118,-0.6118,-0.000172,-0.00322,58.688,53.8295,55.2767,51.6252,3.6007,3.2228,0.3779,10.4952,0.001,0.7657,2.9342,3.4,3.3436,2.0011,99.45,0,0.0,21029057517,20998170269,219182185.0,45667.29,51259.82,52.73,7671376.48,0,0,0,0,yfinance_ETH-USD,yfinance_STETH-USD,beacon_formula_16632_sqrt_S,modelo_teorico_oficial,modelo_invariante_stableswap,32130470.08,0.6665,3.2228,62309497221,3.4,20998170269,33.7,0.0472,1,339.5808,relay_data_api_concorrente,32130470.08,0.3858
2024-01-06,Post-Shapella,2241.62,2233.49,0.996373,-0.003627,-0.3627,-0.011983,-0.009487,59.1364,50.2688,55.4529,48.1867,3.5864,3.21,0.3764,10.4952,0.001,0.7668,2.9159,3.2,3.15,1.7511,99.45,0,0.0,20820181419,20791222318,219613935.0,47197.26,50958.64,51.83,7686487.72,0,0,0,0,yfinance_ETH-USD,yfinance_STETH-USD,beacon_formula_16632_sqrt_S,modelo_teorico_oficial,modelo_invariante_stableswap,32535055.85,0.6705,3.21,62081297705,3.2,20791222318,33.49,0.0367,1,264.1154,relay_data_api_concorrente,32535055.85,0.2963
2024-01-07,Post-Shapella,2222.87,2219.83,0.998632,-0.001368,-0.1368,-0.008404,-0.006133,59.2553,50.3161,55.465,48.2045,3.5734,3.1984,0.375,10.4942,0.001,0.7678,2.8999,3.1,3.053,1.641,99.45,0,0.0,20804825994,20776041170,217861584.0,48025.86,50051.73,51.0,7625155.44,0,0,0,0,yfinance_ETH-USD,yfinance_STETH-USD,beacon_formula_16632_sqrt_S,modelo_teorico_oficial,modelo_invariante_stableswap,32896009.15,0.6735,3.1984,61744791805,3.1,20603031243,33.65,0.0516,0,371.4084,relay_data_api_concorrente,32896009.15,0.4121
2024-01-08,Post-Shapella,2333.03,2318.53,0.993785,-0.006215,-0.6215,0.048372,0.043503,66.4717,53.2344,62.1459,50.6805,3.58,3.2043,0.3757,10.4944,0.001,0.7688,2.9047,3.3,3.2469,1.801,99.45,0,0.0,20691353367,20663713223,218119156.0,44156.92,49643.41,52.77,7634170.46,0,0,0,0,yfinance_ETH-USD,yfinance_STETH-USD,beacon_formula_16632_sqrt_S,modelo_teorico_oficial,modelo_invariante_stableswap,32787030.53,0.6753,3.2043,61078836861,3.3,21702077217,33.83,0.0665,1,478.7014,relay_data_api_concorrente,32787030.53,0.5329
2024-01-09,Post-Shapella,2344.83,2336.02,0.996243,-0.003757,-0.3757,0.005043,0.007517,66.6077,53.2371,62.1822,50.7314,3.5904,3.2136,0.3768,10.4947,0.001,0.7699,2.9147,3.5,3.4403,1.911,99.45,0,0.0,21239757026,21209242069,218193099.0,44785.8,48449.08,51.87,7636758.47,0,0,0,0,yfinance_ETH-USD,yfinance_STETH-USD,beacon_formula_16632_sqrt_S,modelo_teorico_oficial,modelo_invariante_stableswap,32563527.62,0.6757,3.2136,63368815528,3.5,21511050786,33.47,0.0154,1,110.5507,relay_data_api_concorrente,32563527.62,0.1239
2024-01-10,Post-Shapella,2582.1,2588.41,1.002444,0.002444,0.2444,0.096393,0.102596,74.4196,59.3066,76.3724,58.4476,3.6181,3.2384,0.3797,10.4945,0.001,0.7709,2.9434,4.0,3.9223,2.281,99.45,0,0.0,22623810399,22594258150,234712596.0,45806.33,44983.63,49.61,8214940.86,0,0,0,0,yfinance_ETH-USD,yfinance_STETH-USD,beacon_formula_16632_sqrt_S,modelo_teorico_oficial,modelo_invariante_stableswap,31930491.38,0.6747,3.2384,65183188017,4.0,23494154968,34.66,0.0206,1,147.9825,relay_data_api_concorrente,31930491.38,0.1692
2024-01-11,Post-Shapella,2619.62,2616.35,0.998752,-0.001248,-0.1248,0.014425,0.010733,74.5268,59.1362,76.8305,58.2093,3.6072,3.2287,0.3785,10.4929,0.001,0.7719,2.9351,3.9,3.8261,2.281,99.45,0,0.0,24775778019,24745150830,244781953.0,45827.69,47673.6,50.96,8567368.36,0,0,0,0,yfinance_ETH-USD,yfinance_STETH-USD,beacon_formula_16632_sqrt_S,modelo_teorico_oficial,modelo_invariante_stableswap,32111992.73,0.6722,3.2287,70815399744,3.9,24326480765,34.94,0.0306,0,220.1344,relay_data_api_concorrente,32111992.73,0.2502
2024-01-12,Post-Shapella,2524.46,2529.94,1.002171,0.002171,0.2171,-0.037002,-0.033584,84.7875,60.4811,85.2676,59.4297,3.5922,3.2152,0.377,10.495,0.001,0.773,2.9242,3.3,3.2469,1.841,99.45,0,0.0,24609756907,24580539412,235858168.0,46987.44,46341.12,49.71,8255035.88,0,0,0,0,yfinance_ETH-USD,yfinance_STETH-USD,beacon_formula_16632_sqrt_S,modelo_teorico_oficial,modelo_invariante_stableswap,32352147.4,0.6681,3.2152,71010382121,3.3,23120204457,34.62,0.0406,1,292.2863,relay_data_api_concorrente,32352147.4,0.3298
2024-01-13,Post-Shapella,2576.6,2568.03,0.996674,-0.003326,-0.3326,0.020443,0.014946,81.6227,60.3242,82.5279,59.0108,3.5885,3.2119,0.3766,10.4946,0.001,0.774,2.9261,3.5,3.4403,1.851,99.45,0,0.0,23715374940,23688274124,241783757.0,45311.45,48688.79,51.71,8462431.5,0,0,0,0,yfinance_ETH-USD,yfinance_STETH-USD,beacon_formula_16632_sqrt_S,modelo_teorico_oficial,modelo_invariante_stableswap,32310106.62,0.6624,3.2119,68460082876,3.5,23924527266,34.6,0.0308,0,221.7291,relay_data_api_concorrente,32310106.62,0.2505
2024-01-14,Post-Shapella,2472.24,2475.81,1.001444,0.001444,0.1444,-0.041345,-0.036573,91.4454,60.1775,90.8825,59.1191,3.5739,3.1988,0.3751,10.4955,0.001,0.775,2.9186,3.3,3.2469,1.801,99.45,0,0.0,23949880390,23921211378,236541704.0,47865.09,47745.06,49.97,8278959.64,0,0,0,0,yfinance_ETH-USD,yfinance_STETH-USD,beacon_formula_16632_sqrt_S,modelo_teorico_oficial,modelo_invariante_stableswap,32474557.24,0.6552,3.1988,69469613868,3.3,23471325505,34.43,0.021,1,151.1719,relay_data_api_concorrente,32474557.24,0.1699
2024-01-15,Post-Shapella,2511.36,2511.92,1.000223,0.000223,0.0223,0.015701,0.014482,87.1772,60.3252,87.8252,59.2108,3.5518,3.1791,0.3727,10.4933,0.001,0.776,2.9053,3.3,3.2469,1.791,99.45,0,0.0,23775704642,23747675031,236414074.0,46674.87,47452.42,50.42,8274492.59,0,0,0,0,yfinance_ETH-USD,yfinance_STETH-USD,beacon_formula_16632_sqrt_S,modelo_teorico_oficial,modelo_invariante_stableswap,32774500.49,0.6466,3.1791,68205841272,3.3,23531312308,34.82,0.0605,1,435.3969,relay_data_api_concorrente,32774500.49,0.4849
2024-01-16,Post-Shapella,2587.69,2586.76,0.999641,-0.000359,-0.0359,0.02994,0.029357,88.0744,60.6301,88.6431,59.6328,3.539,3.1676,0.3714,10.4945,0.001,0.7771,2.9024,3.6,3.5369,1.831,99.45,0,0.0,23768163948,23739579011,237797774.0,45367.66,46544.84,50.63,8322922.09,0,0,0,0,yfinance_ETH-USD,yfinance_STETH-USD,beacon_formula_16632_sqrt_S,modelo_teorico_oficial,modelo_invariante_stableswap,32838143.12,0.6365,3.1676,68735919443,3.6,24254117547,34.54,0.1094,0,787.621,relay_data_api_concorrente,32838143.12,0.8755
2024-01-17,Post-Shapella,2528.37,2525.9,0.999023,-0.000977,-0.0977,-0.023191,-0.023809,56.8999,61.4241,51.484,60.4938,3.5137,3.1449,0.3688,10.4961,0.001,0.7781,2.8884,3.5,3.4403,1.881,99.45,0,0.0,23767514937,23737680828,235693768.0,45811.3,47454.71,50.86,8249281.88,0,0,0,0,yfinance_ETH-USD,yfinance_STETH-USD,beacon_formula_16632_sqrt_S,modelo_teorico_oficial,modelo_invariante_stableswap,33158215.27,0.6253,3.1449,69799699218,3.5,23424673089,34.01,0.1583,1,1139.845,relay_data_api_concorrente,33158215.27,1.2547
2024-01-18,Post-Shapella,2467.02,2462.63,0.998221,-0.001779,-0.1779,-0.024564,-0.025366,56.5992,61.7699,52.0124,60.8337,3.4984,3.1312,0.3672,10.4962,0.001,0.7791,2.8855,3.4,3.3436,1.8009,99.45,0,0.0,23657190172,23628419948,230635287.0,45669.22,47903.43,51.15,8072235.05,0,0,0,0,yfinance_ETH-USD,yfinance_STETH-USD,beacon_formula_16632_sqrt_S,modelo_teorico_oficial,modelo_invariante_stableswap,33224181.99,0.6129,3.1312,68898333251,3.4,22893966753,34.29,0.1265,0,910.581,relay_data_api_concorrente,33224181.99,1.0004
2024-01-19,Post-Shapella,2489.5,2489.74,1.000096,9.6e-05,0.0096,0.009071,0.010949,52.1228,61.747,48.8712,60.8723,3.4929,3.1263,0.3666,10.4956,0.001,0.7801,2.8934,4.5,4.402,2.5009,99.45,0,0.0,23372917350,23345145231,231285855.0,46020.98,46879.04,50.46,8095004.93,0,0,0,0,yfinance_ETH-USD,yfinance_STETH-USD,beacon_formula_16632_sqrt_S,modelo_teorico_oficial,modelo_invariante_stableswap,33043768.88,0.5995,3.1263,67874549938,4.5,23159085894,34.39,0.0946,1,681.3169,relay_data_api_concorrente,33043768.88,0.7526
2024-01-20,Post-Shapella,2469.59,2468.65,0.999619,-0.000381,-0.0381,-0.00803,-0.008507,48.6037,61.7072,46.7274,60.7638,3.4749,3.1102,0.3647,10.4953,0.001,0.7811,2.8894,3.3,3.2469,1.831,99.45,0,0.0,23175971359,23149080334,229370115.0,45846.03,47049.69,50.64,8027954.02,0,0,0,0,yfinance_ETH-USD,yfinance_STETH-USD,beacon_formula_16632_sqrt_S,modelo_teorico_oficial,modelo_invariante_stableswap,33134198.37,0.5854,3.1102,68184785008,3.3,22987318068,33.95,0.0463,1,333.5561,relay_data_api_concorrente,33134198.37,0.3674
2024-01-21,Post-Shapella,2453.91,2453.4,0.999792,-0.000208,-0.0208,-0.006368,-0.0062,38.7126,60.4841,39.0038,59.5205,3.4651,3.1014,0.3637,10.4961,0.001,0.7821,2.8942,3.1,3.053,1.681,99.45,0,0.0,23235261397,23208038959,227856370.0,45891.76,46972.41,50.58,7974972.95,0,0,0,0,yfinance_ETH-USD,yfinance_STETH-USD,beacon_formula_16632_sqrt_S,modelo_teorico_oficial,modelo_invariante_stableswap,33024497.39,0.5708,3.1014,68214370025,3.1,23036834477,34.02,0.0358,0,257.8577,relay_data_api_concorrente,33024497.39,0.285
2024-01-22,Post-Shapella,2310.83,2308.69,0.999074,-0.000926,-0.0926,-0.060079,-0.060792,54.2898,64.1668,55.0502,63.2583,3.4456,3.084,0.3616,10.4945,0.001,0.7831,2.8896,3.2,3.15,1.721,99.45,0,0.0,22361621728,22335837014,214146752.0,45559.9,47154.69,50.84,7495136.32,0,0,0,0,yfinance_ETH-USD,yfinance_STETH-USD,beacon_formula_16632_sqrt_S,modelo_teorico_oficial,modelo_invariante_stableswap,33129568.13,0.5559,3.084,67350685959,3.2,21763237201,33.16,0.0253,1,182.1593,relay_data_api_concorrente,33129568.13,0.2007
2024-01-23,Post-Shapella,2240.69,2238.4,0.998978,-0.001022,-0.1022,-0.030823,-0.03092,42.193,64.7397,43.4534,64.0753,3.4269,3.0672,0.3597,10.4964,0.001,0.7841,2.8859,3.8,3.7298,2.6109,99.45,0,0.0,20961483686,20939964150,201843414.0,44254.68,45873.12,50.87,7064519.49,0,0,0,0,yfinance_ETH-USD,yfinance_STETH-USD,beacon_formula_16632_sqrt_S,modelo_teorico_oficial,modelo_invariante_stableswap,33214698.05,0.541,3.0672,64035816430,3.8,20616051080,32.7,0.016,1,115.434,relay_data_api_concorrente,33214698.05,0.1269
2024-01-24,Post-Shapella,2233.56,2229.93,0.998375,-0.001625,-0.1625,-0.003185,-0.00379,43.8763,64.7349,44.9504,64.0849,3.4101,3.0522,0.3579,10.4953,0.001,0.785,2.884,3.2,3.15,1.7909,99.45,0,0.0,21199716485,21176249145,201835676.0,44194.7,46245.47,51.09,7064248.66,0,0,0,0,yfinance_ETH-USD,yfinance_STETH-USD,beacon_formula_16632_sqrt_S,modelo_teorico_oficial,modelo_invariante_stableswap,33260370.25,0.5261,3.0522,63340291678,3.2,20752318830,33.43,0.0182,0,131.0537,relay_data_api_concorrente,33260370.25,0.1438
2024-01-25,Post-Shapella,2217.71,2217.86,1.000068,6.8e-05,0.0068,-0.007122,-0.00543,44.0265,64.4684,45.2144,63.745,3.3992,3.0425,0.3567,10.4936,0.001,0.786,2.8875,3.3,3.2469,1.8009,99.45,0,0.0,20905164760,20881321017,203126411.0,45360.53,46229.2,50.48,7109424.39,0,0,0,0,yfinance_ETH-USD,yfinance_STETH-USD,beacon_formula_16632_sqrt_S,modelo_teorico_oficial,modelo_invariante_stableswap,33178708.8,0.5117,3.0425,62929949328,3.3,20815494202,33.18,0.0204,1,146.6734,relay_data_api_concorrente,33178708.8,0.1614
2024-01-26,Post-Shapella,2267.2,2266.41,0.999652,-0.000348,-0.0348,0.02207,0.021655,49.098,60.777,49.4119,59.9865,3.3859,3.0305,0.3554,10.4965,0.001,0.787,2.888,3.6,3.5369,1.9409,99.45,0,0.0,21239365069,21216164956,208579335.0,45422.14,46592.74,50.63,7300276.72,0,0,0,0,yfinance_ETH-USD,yfinance_STETH-USD,beacon_formula_16632_sqrt_S,modelo_teorico_oficial,modelo_invariante_stableswap,33168435.52,0.4979,3.0305,63249641751,3.6,21119276969,33.54,0.0136,1,97.9032,relay_data_api_concorrente,33168435.52,0.1077
2024-01-27,Post-Shapella,2267.89,2264.75,0.998615,-0.001385,-0.1385,0.000303,-0.000731,50.0087,60.6352,50.1957,59.9825,3.3725,3.0186,0.3539,10.4937,0.001,0.788,2.8875,3.5,3.4403,1.8409,99.45,0,0.0,21326349338,21303202161,207474952.0,44822.96,46725.43,51.0,7261623.32,0,0,0,0,yfinance_ETH-USD,yfinance_STETH-USD,beacon_formula_16632_sqrt_S,modelo_teorico_oficial,modelo_invariante_stableswap,33177992.53,0.485,3.0186,64538087670,3.5,21259147600,33.01,0.0138,0,99.2652,relay_data_api_concorrente,33177992.53,0.1092
2024-01-28,Post-Shapella,2257.21,2250.87,0.997191,-0.002809,-0.2809,-0.004719,-0.00615,50.1392,60.2636,50.1994,59.5725,3.3585,3.006,0.3525,10.4958,0.001,0.7889,2.8853,3.2,3.15,1.7309,99.45,0,0.0,21600788468,21575916412,206551153.0,44357.56,47282.53,51.53,7229290.36,0,0,0,0,yfinance_ETH-USD,yfinance_STETH-USD,beacon_formula_16632_sqrt_S,modelo_teorico_oficial,modelo_invariante_stableswap,33228627.1,0.4731,3.006,65025122261,3.2,21205990693,33.18,0.014,1,100.6272,relay_data_api_concorrente,33228627.1,0.1105
2024-01-29,Post-Shapella,2317.06,2286.87,0.986971,-0.013029,-1.3029,0.026172,0.015868,36.6192,60.9686,32.5917,59.826,3.3574,3.005,0.3524,10.4962,0.001,0.7899,2.8949,3.1,3.053,1.7409,99.45,0,0.0,21408839842,21384511902,209350041.0,40426.3,50584.37,55.26,7327251.44,0,0,0,0,yfinance_ETH-USD,yfinance_STETH-USD,beacon_formula_16632_sqrt_S,modelo_teorico_oficial,modelo_invariante_stableswap,33009468.37,0.4625,3.005,64785741173,3.1,21678645386,33.01,0.0235,1,169.3482,relay_data_api_concorrente,33009468.37,0.1873
2024-01-30,Post-Shapella,2344.49,2355.23,1.004581,0.004581,0.4581,0.011768,0.029456,25.8777,61.0678,28.1306,60.6632,3.3488,2.9973,0.3515,10.4963,0.001,0.7909,2.8955,3.3,3.2469,1.7509,99.45,0,0.0,21865158723,21839361432,216540798.0,47262.99,44892.94,48.83,7578927.93,0,0,0,0,yfinance_ETH-USD,yfinance_STETH-USD,beacon_formula_16632_sqrt_S,modelo_teorico_oficial,modelo_invariante_stableswap,32995065.48,0.4532,2.9973,66222115256,3.3,22331470467,32.98,0.0218,0,157.2643,relay_data_api_concorrente,32995065.48,0.174
2024-01-31,Post-Shapella,2282.54,2282.31,0.999899,-0.000101,-0.0101,-0.026779,-0.03145,35.1719,60.8367,39.5271,60.9864,3.3408,2.9902,0.3506,10.4945,0.001,0.7918,2.8953,3.5,3.4403,1.8609,99.45,0,0.0,21691562309,21667401429,207238637.0,44908.73,45888.89,50.54,7253352.3,0,0,0,0,yfinance_ETH-USD,yfinance_STETH-USD,beacon_formula_16632_sqrt_S,modelo_teorico_oficial,modelo_invariante_stableswap,33000984.83,0.4455,2.9902,66383600352,3.5,21403505916,32.64,0.0202,0,145.1804,relay_data_api_concorrente,33000984.83,0.1606
2024-02-01,Post-Shapella,2303.82,2301.57,0.999023,-0.000977,-0.0977,0.00928,0.0084,34.2544,60.9375,38.9223,61.0096,3.3369,2.9867,0.3502,10.4948,0.001,0.7928,2.8974,3.5,3.4403,1.8408,99.45,0,0.0,21495539729,21472294981,211291343.0,45069.78,46689.3,50.86,7395197.01,0,0,0,0,yfinance_ETH-USD,yfinance_STETH-USD,beacon_formula_16632_sqrt_S,modelo_teorico_oficial,modelo_invariante_stableswap,32952827.28,0.4395,2.9867,65285191910,3.5,21752922635,32.89,0.0185,1,133.0965,relay_data_api_concorrente,32952827.28,0.1474
2024-02-02,Post-Shapella,2308.04,2305.04,0.9987,-0.0013,-0.13,0.001827,0.001509,31.265,56.5656,36.4075,56.8648,3.3288,2.9794,0.3494,10.4963,0.001,0.7937,2.8936,3.3,3.2469,1.7808,99.45,0,0.0,22017698740,21998762012,213111957.0,45268.17,47127.68,50.97,7458918.5,0,0,0,0,yfinance_ETH-USD,yfinance_STETH-USD,beacon_formula_16632_sqrt_S,modelo_teorico_oficial,modelo_invariante_stableswap,33038772.97,0.4352,2.9794,66650130844,3.3,21805522279,33.01,0.0472,1,339.6629,relay_data_api_concorrente,33038772.97,0.3752
2024-02-03,Post-Shapella,2296.04,2298.37,1.001015,0.001015,0.1015,-0.005213,-0.002897,31.756,55.9024,36.5547,56.4451,3.3217,2.9731,0.3486,10.4946,0.001,0.7947,2.8891,3.5,3.4403,1.8209,99.45,0,0.0,22062151002,22044363259,212289142.0,46110.33,46301.5,50.13,7430119.97,0,0,0,0,yfinance_ETH-USD,yfinance_STETH-USD,beacon_formula_16632_sqrt_S,modelo_teorico_oficial,modelo_invariante_stableswap,33141617.59,0.4326,2.9731,67306687480,3.5,21800358025,32.75,0.023,1,165.3196,relay_data_api_concorrente,33141617.59,0.1821
2024-02-04,Post-Shapella,2289.55,2292.39,1.00124,0.00124,0.124,-0.002832,-0.002608,31.5503,55.9135,36.1554,56.4403,3.3204,2.9719,0.3485,10.4957,0.001,0.7956,2.8886,3.0,2.956,1.5909,99.45,0,0.0,21969031353,21951601745,210649379.0,45958.74,45988.92,50.05,7372728.26,0,0,0,0,yfinance_ETH-USD,yfinance_STETH-USD,beacon_formula_16632_sqrt_S,modelo_teorico_oficial,modelo_invariante_stableswap,33154481.81,0.4318,2.9719,67035763361,3.0,21839623933,32.75,0.0896,1,645.0075,relay_data_api_concorrente,33154481.81,0.7101
2024-02-05,Post-Shapella,2298.89,2297.1,0.999221,-0.000779,-0.0779,0.004072,0.002056,24.5155,55.7496,34.408,56.3255,3.3123,2.9646,0.3477,10.4972,0.001,0.7966,2.8795,3.0,2.956,1.6409,99.45,0,0.0,22201593586,22184052597,211224465.0,45220.55,46696.88,50.78,7392856.28,0,0,0,0,yfinance_ETH-USD,yfinance_STETH-USD,beacon_formula_16632_sqrt_S,modelo_teorico_oficial,modelo_invariante_stableswap,33363940.71,0.4328,2.9646,67268576096,3.0,21732987500,32.98,0.0293,1,210.9559,relay_data_api_concorrente,33363940.71,0.2308
2024-02-06,Post-Shapella,2372.2,2365.69,0.997256,-0.002744,-0.2744,0.031393,0.02942,33.3116,56.64,34.3897,57.1234,3.3141,2.9662,0.3479,10.4976,0.001,0.7975,2.8786,3.3,3.2469,1.7109,99.45,0,0.0,22222462618,22205624362,218801965.0,44732.29,47634.31,51.5,7658068.78,0,0,0,0,yfinance_ETH-USD,yfinance_STETH-USD,beacon_formula_16632_sqrt_S,modelo_teorico_oficial,modelo_invariante_stableswap,33384833.34,0.4355,2.9662,69084191406,3.3,22646544525,32.14,0.1263,1,909.1883,relay_data_api_concorrente,33384833.34,0.994
2024-02-07,Post-Shapella,2423.75,2424.39,1.000264,0.000264,0.0264,0.021495,0.02451,25.5618,54.6204,25.1234,55.7596,3.3225,2.9738,0.3487,10.4951,0.001,0.7985,2.8827,3.443,3.3852,1.9109,99.45,0,0.0,22570978126,22554061468,217199819.0,44445.18,45156.03,50.4,7601993.67,0,0,0,0,yfinance_ETH-USD,yfinance_STETH-USD,beacon_formula_16632_sqrt_S,modelo_teorico_oficial,modelo_invariante_stableswap,33289176.15,0.4398,2.9738,71499517158,3.443,23175974515,31.54,0.182,0,1310.2361,relay_data_api_concorrente,33289176.15,1.4366
2024-02-08,Post-Shapella,2419.91,2424.92,1.00207,0.00207,0.207,-0.001585,0.000217,26.5639,54.6117,25.8526,55.7183,3.3221,2.9735,0.3486,10.4934,0.001,0.7995,2.8765,3.792,3.7221,1.9608,99.45,0,0.0,23272659130,23254987192,222244114.0,46154.61,45590.83,49.74,7778543.99,0,0,0,0,yfinance_ETH-USD,yfinance_STETH-USD,beacon_formula_16632_sqrt_S,modelo_teorico_oficial,modelo_invariante_stableswap,33432919.85,0.4456,2.9735,73609914082,3.792,23182873437,31.59,0.2377,0,1711.2839,relay_data_api_concorrente,33432919.85,1.8683
2024-02-09,Post-Shapella,2487.52,2488.03,1.000205,0.000205,0.0205,0.027556,0.025695,29.8021,43.6678,28.2543,43.152,3.3285,2.9792,0.3493,10.4942,0.001,0.8004,2.8757,3.88,3.8068,2.0309,99.45,0,0.0,23819885882,23801899892,228596671.0,45558.66,46329.27,50.42,8000883.48,0,0,0,0,yfinance_ETH-USD,yfinance_STETH-USD,beacon_formula_16632_sqrt_S,modelo_teorico_oficial,modelo_invariante_stableswap,33451060.72,0.4528,2.9792,75417489299,3.88,24068585114,31.56,0.2934,0,2112.3318,relay_data_api_concorrente,33451060.72,2.3049
2024-02-10,Post-Shapella,2501.23,2498.17,0.998777,-0.001223,-0.1223,0.005497,0.004066,27.2149,43.3747,26.5817,42.98,3.3374,2.9872,0.3502,10.4932,0.001,0.8014,2.8763,3.641,3.5765,1.8908,99.45,0,0.0,23970134012,23951610586,230867479.0,45276.92,47082.26,50.95,8080361.76,0,0,0,0,yfinance_ETH-USD,yfinance_STETH-USD,beacon_formula_16632_sqrt_S,modelo_teorico_oficial,modelo_invariante_stableswap,33438306.44,0.4611,2.9872,77633880088,3.641,24053720528,30.85,0.3491,1,2513.3796,relay_data_api_concorrente,33438306.44,2.7435
2024-02-11,Post-Shapella,2507.57,2506.97,0.999761,-0.000239,-0.0239,0.002532,0.003518,25.6392,41.4564,24.8586,41.4185,3.3442,2.9932,0.351,10.4958,0.001,0.8023,2.8737,3.336,3.2817,1.7208,99.45,0,0.0,24363525270,24344765068,229965438.0,45315.7,46403.89,50.59,8048790.33,0,0,0,0,yfinance_ETH-USD,yfinance_STETH-USD,beacon_formula_16632_sqrt_S,modelo_teorico_oficial,modelo_invariante_stableswap,33498778.15,0.4705,2.9932,78396746141,3.336,24053730354,31.05,0.0163,1,117.6512,relay_data_api_concorrente,33498778.15,0.1282
2024-02-12,Post-Shapella,2658.12,2659.51,1.000523,0.000523,0.0523,0.058303,0.059067,40.0275,45.7164,39.6063,46.062,3.368,3.0145,0.3535,10.4958,0.001,0.8033,2.8873,3.352,3.2972,1.7508,99.45,0,0.0,24000159813,23982462225,243400234.0,45501.91,46042.58,50.31,8519008.19,0,0,0,0,yfinance_ETH-USD,yfinance_STETH-USD,beacon_formula_16632_sqrt_S,modelo_teorico_oficial,modelo_invariante_stableswap,33183725.66,0.4807,3.0145,78268155459,3.352,25451982026,30.64,0.0294,0,211.3815,relay_data_api_concorrente,33183725.66,0.2325
2024-02-13,Post-Shapella,2642.19,2637.45,0.998206,-0.001794,-0.1794,-0.006011,-0.008329,42.9767,43.1847,43.8367,44.1638,3.371,3.0172,0.3538,10.4954,0.001,0.8043,2.8795,4.275,4.1864,2.2508,99.45,0,0.0,25695718025,25676314550,239950264.0,44359.38,46539.02,51.15,8398259.24,0,0,0,0,yfinance_ETH-USD,yfinance_STETH-USD,beacon_formula_16632_sqrt_S,modelo_teorico_oficial,modelo_invariante_stableswap,33362817.63,0.4914,3.0172,82821708649,4.275,25424531525,31.0,0.0424,1,305.1117,relay_data_api_concorrente,33362817.63,0.3338
2024-02-14,Post-Shapella,2777.9,2776.77,0.999593,-0.000407,-0.0407,0.05009,0.051474,49.8544,46.1035,50.9432,47.2457,3.3758,3.0215,0.3543,10.4953,0.001,0.8052,2.8732,3.562,3.5002,2.2508,99.45,0,0.0,26681482527,26662004791,252370045.0,44834.74,46033.21,50.65,8832951.58,0,0,0,0,yfinance_ETH-USD,yfinance_STETH-USD,beacon_formula_16632_sqrt_S,modelo_teorico_oficial,modelo_invariante_stableswap,33509429.68,0.5025,3.0215,83455789944,3.562,27049017481,31.95,0.0347,0,250.0346,relay_data_api_concorrente,33509429.68,0.2723
2024-02-15,Post-Shapella,2824.38,2823.68,0.999752,-0.000248,-0.0248,0.016592,0.016755,46.8167,45.3642,48.4986,46.572,3.3859,3.0305,0.3554,10.4965,0.001,0.8062,2.8721,3.279,3.2265,1.9051,99.45,0,0.0,27309904622,27290156478,257929883.0,45122.72,46211.39,50.59,9027545.91,0,0,0,0,yfinance_ETH-USD,yfinance_STETH-USD,beacon_formula_16632_sqrt_S,modelo_teorico_oficial,modelo_invariante_stableswap,33535588.09,0.5137,3.0305,86964765017,3.279,27309705308,31.38,0.0271,1,194.9576,relay_data_api_concorrente,33535588.09,0.2122
2024-02-16,Post-Shapella,2803.69,2803.52,0.999939,-6.1e-05,-0.0061,-0.007352,-0.007165,50.9374,44.5459,52.511,45.7238,3.3902,3.0344,0.3558,10.495,0.001,0.8072,2.8654,3.778,3.7086,2.12,99.45,0,0.0,27729975845,27712447674,251987573.0,44469.49,45410.38,50.52,8819565.06,0,0,0,0,yfinance_ETH-USD,yfinance_STETH-USD,beacon_formula_16632_sqrt_S,modelo_teorico_oficial,modelo_invariante_stableswap,33693368.53,0.5249,3.0344,88133563589,3.778,27263988634,31.44,0.0722,1,520.0359,relay_data_api_concorrente,33693368.53,0.5634
2024-02-17,Post-Shapella,2786.67,2785.21,0.999476,-0.000524,-0.0524,-0.006089,-0.006555,53.1796,43.5385,54.6266,44.6894,3.3968,3.0403,0.3565,10.4952,0.001,0.8082,2.8612,3.126,3.0783,1.62,99.45,0,0.0,27250752381,27233727008,250282028.0,44285.5,45552.38,50.69,8759870.98,0,0,0,0,yfinance_ETH-USD,yfinance_STETH-USD,beacon_formula_16632_sqrt_S,modelo_teorico_oficial,modelo_invariante_stableswap,33791427.59,0.5356,3.0403,87300632437,3.126,27294369118,31.2,0.0529,0,380.9612,relay_data_api_concorrente,33791427.59,0.4115
2024-02-18,Post-Shapella,2879.0,2878.84,0.999944,-5.6e-05,-0.0056,0.032594,0.033065,53.172,44.6384,54.8379,45.7685,3.4098,3.052,0.3578,10.4933,0.001,0.8091,2.864,3.127,3.0792,1.62,99.45,0,0.0,27592849919,27575468933,259137855.0,44536.39,45475.81,50.52,9069824.93,0,0,0,0,yfinance_ETH-USD,yfinance_STETH-USD,beacon_formula_16632_sqrt_S,modelo_teorico_oficial,modelo_invariante_stableswap,33725356.62,0.5458,3.052,87447270031,3.127,27997797029,31.53,0.0336,1,241.8864,relay_data_api_concorrente,33725356.62,0.2618
2024-02-19,Post-Shapella,2943.57,2947.17,1.001223,0.001223,0.1223,0.022182,0.023459,42.5737,44.7853,44.3325,45.953,3.4048,3.0475,0.3573,10.494,0.001,0.8101,2.8496,3.263,3.211,1.71,99.45,0,0.0,28590904790,28573487804,266529204.0,45223.92,45266.96,50.05,9328522.14,0,0,0,0,yfinance_ETH-USD,yfinance_STETH-USD,beacon_formula_16632_sqrt_S,modelo_teorico_oficial,modelo_invariante_stableswap,34068216.43,0.5553,3.0475,90360214579,3.263,29065348699,31.62,0.0414,1,297.7816,relay_data_api_concorrente,34068216.43,0.319
2024-02-20,Post-Shapella,3013.5,3014.02,1.000173,0.000173,0.0173,0.023479,0.022431,39.0826,44.9699,39.9741,46.0887,3.4183,3.0596,0.3587,10.4935,0.001,0.8111,2.8545,3.363,3.3078,1.79,99.45,0,0.0,28596157764,28579156598,268991857.0,44240.86,45013.64,50.44,9414715.0,0,0,0,0,yfinance_ETH-USD,yfinance_STETH-USD,beacon_formula_16632_sqrt_S,modelo_teorico_oficial,modelo_invariante_stableswap,33950016.65,0.5638,3.0596,91865782677,3.363,29251788734,31.11,0.051,0,367.3647,relay_data_api_concorrente,33950016.65,0.395
2024-02-21,Post-Shapella,2970.36,2967.06,0.998889,-0.001111,-0.1111,-0.014422,-0.015703,35.2199,38.8167,36.0864,40.0458,3.4254,3.0659,0.3595,10.4951,0.001,0.8121,2.8542,3.466,3.4074,1.9418,99.45,0,0.0,28573359818,28557366548,262684601.0,43417.81,45067.53,50.9,9193961.04,0,0,0,0,yfinance_ETH-USD,yfinance_STETH-USD,beacon_formula_16632_sqrt_S,modelo_teorico_oficial,modelo_invariante_stableswap,33957326.32,0.5712,3.0659,92919076341,3.466,28614502893,30.73,0.0607,0,436.9478,relay_data_api_concorrente,33957326.32,0.4697
2024-02-22,Post-Shapella,2971.01,2978.48,1.002514,0.002514,0.2514,0.000219,0.003839,35.2182,36.3005,35.7033,37.5093,3.4279,3.0681,0.3598,10.4962,0.001,0.8131,2.8505,3.468,3.4094,2.25,99.45,0,0.0,29255801847,29239442014,265215662.0,45006.71,44150.12,49.58,9282548.17,0,0,0,0,yfinance_ETH-USD,yfinance_STETH-USD,beacon_formula_16632_sqrt_S,modelo_teorico_oficial,modelo_invariante_stableswap,34046421.38,0.5774,3.0681,93032331455,3.468,29230175612,31.43,0.0704,1,506.5309,relay_data_api_concorrente,34046421.38,0.543
2024-02-23,Post-Shapella,2921.66,2922.44,1.000267,0.000267,0.0267,-0.01675,-0.018993,38.1197,37.1901,39.5032,38.5488,3.4314,3.0713,0.3601,10.4943,0.001,0.8141,2.8491,3.415,3.3581,1.77,99.45,0,0.0,29083209519,29067401909,259611352.0,44071.37,44774.15,50.4,9086397.32,0,0,0,0,yfinance_ETH-USD,yfinance_STETH-USD,beacon_formula_16632_sqrt_S,modelo_teorico_oficial,modelo_invariante_stableswap,34078409.25,0.5822,3.0713,93248790969,3.415,28829373369,31.17,0.061,0,439.4691,relay_data_api_concorrente,34078409.25,0.4707
2024-02-24,Post-Shapella,2992.39,2987.89,0.998496,-0.001504,-0.1504,0.02392,0.02215,38.5409,37.0774,39.4202,38.4483,3.4342,3.0738,0.3604,10.4944,0.001,0.8151,2.8485,3.467,3.4084,1.83,99.45,0,0.0,29352938741,29337166919,265707805.0,43466.81,45395.97,51.05,9299773.18,0,0,0,0,yfinance_ETH-USD,yfinance_STETH-USD,beacon_formula_16632_sqrt_S,modelo_teorico_oficial,modelo_invariante_stableswap,34093561.7,0.5857,3.0738,92581254259,3.467,29277853064,31.69,0.0517,0,372.4074,relay_data_api_concorrente,34093561.7,0.3987
2024-02-25,Post-Shapella,3112.7,3110.03,0.999142,-0.000858,-0.0858,0.039419,0.040062,41.1805,38.2639,42.1372,39.6712,3.4366,3.0759,0.3607,10.4958,0.001,0.816,2.849,3.148,3.0996,1.7,99.45,0,0.0,29765721779,29749880307,271283791.0,42868.22,44323.65,50.81,9494932.68,0,0,0,0,yfinance_ETH-USD,yfinance_STETH-USD,beacon_formula_16632_sqrt_S,modelo_teorico_oficial,modelo_invariante_stableswap,34082780.31,0.5876,3.0759,94260867630,3.148,30502625248,31.56,0.0424,0,305.3457,relay_data_api_concorrente,34082780.31,0.327
2024-02-26,Post-Shapella,3178.99,3175.19,0.998805,-0.001195,-0.1195,0.021075,0.020737,41.0075,38.2487,41.6925,39.6097,3.4416,3.0804,0.3612,10.4951,0.001,0.817,2.8535,3.262,3.2101,1.76,99.45,0,0.0,30192952043,30177326331,278124369.0,42924.78,44616.84,50.94,9734352.92,0,0,0,0,yfinance_ETH-USD,yfinance_STETH-USD,beacon_formula_16632_sqrt_S,modelo_teorico_oficial,modelo_invariante_stableswap,33974836.64,0.5881,3.0804,96889162199,3.262,31196506470,31.15,0.0331,0,238.284,relay_data_api_concorrente,33974836.64,0.256
2024-02-27,Post-Shapella,3244.52,3241.53,0.999078,-0.000922,-0.0922,0.020403,0.020678,40.4946,37.9304,41.4095,39.2288,3.4319,3.0717,0.3602,10.4956,0.001,0.818,2.8447,3.472,3.4132,1.94,99.45,0,0.0,32151806830,32135902223,284425455.0,43098.98,44605.47,50.84,9954890.93,0,0,0,0,yfinance_ETH-USD,yfinance_STETH-USD,beacon_formula_16632_sqrt_S,modelo_teorico_oficial,modelo_invariante_stableswap,34185474.33,0.5872,3.0717,100728305504,3.472,31861958743,31.9,0.0238,1,171.2223,relay_data_api_concorrente,34185474.33,0.1828
2024-02-28,Post-Shapella,3385.7,3378.06,0.997743,-0.002257,-0.2257,0.042595,0.041256,40.031,39.1117,39.9723,40.5096,3.4271,3.0674,0.3597,10.4958,0.001,0.819,2.8423,3.426,3.3688,1.91,99.45,0,0.0,32956243612,32939980391,288612241.0,41493.77,43849.66,51.32,10101428.44,0,0,0,0,yfinance_ETH-USD,yfinance_STETH-USD,beacon_formula_16632_sqrt_S,modelo_teorico_oficial,modelo_invariante_stableswap,34242847.17,0.5848,3.0674,103249190811,3.426,32724017868,31.9,0.1302,1,937.2521,relay_data_api_concorrente,34242847.17,0.999
2024-02-29,Post-Shapella,3341.92,3343.39,1.00044,0.00044,0.044,-0.013016,-0.010318,44.6249,40.1237,44.2198,40.8508,3.4138,3.0555,0.3583,10.4956,0.001,0.82,2.8326,3.7,3.6334,2.01,99.45,0,0.0,34471170343,34451411943,273977988.0,40712.56,41251.51,50.34,9589229.58,0,0,0,0,yfinance_ETH-USD,yfinance_STETH-USD,beacon_formula_16632_sqrt_S,modelo_teorico_oficial,modelo_invariante_stableswap,34477278.53,0.5812,3.0555,107722604614,3.7,32738825734,31.98,0.0404,1,290.9049,relay_data_api_concorrente,34477278.53,0.308
2024-03-01,Post-Shapella,3435.05,3430.62,0.99871,-0.00129,-0.129,0.027487,0.025757,34.7236,37.9604,32.6583,38.0249,3.411,3.053,0.358,10.4955,0.001,0.821,2.8346,3.336,3.2817,1.76,99.45,0,0.0,33856353045,33836172965,282452071.0,40314.94,41965.66,50.97,9885822.49,0,0,0,0,yfinance_ETH-USD,yfinance_STETH-USD,beacon_formula_16632_sqrt_S,modelo_teorico_oficial,modelo_invariante_stableswap,34428056.15,0.5763,3.053,106327616091,3.336,33744163658,31.82,0.0563,0,405.3746,relay_data_api_concorrente,34428056.15,0.4298
2024-03-02,Post-Shapella,3422.05,3414.36,0.997753,-0.002247,-0.2247,-0.003793,-0.004752,39.7419,38.4198,38.3223,38.5241,3.4044,3.0471,0.3573,10.4952,0.001,0.8219,2.834,3.49,3.4306,1.82,99.45,0,0.0,33676062555,33656614781,280198114.0,39858.85,42115.98,51.32,9806933.99,0,0,0,0,yfinance_ETH-USD,yfinance_STETH-USD,beacon_formula_16632_sqrt_S,modelo_teorico_oficial,modelo_invariante_stableswap,34443949.66,0.5704,3.0471,107219620022,3.49,33521374470,31.39,0.0722,1,519.8443,relay_data_api_concorrente,34443949.66,0.5509
2024-03-03,Post-Shapella,3490.99,3476.48,0.995844,-0.004156,-0.4156,0.019947,0.018032,36.0186,38.265,34.0402,38.3265,3.396,3.0396,0.3564,10.4947,0.001,0.8229,2.8324,3.294,3.2411,1.72,99.45,0,0.0,33654309879,33634889054,285212788.0,39202.01,42675.05,52.02,9982447.58,0,0,0,0,yfinance_ETH-USD,yfinance_STETH-USD,beacon_formula_16632_sqrt_S,modelo_teorico_oficial,modelo_invariante_stableswap,34482879.21,0.5636,3.0396,106856178768,3.294,34165505427,31.48,0.044,1,316.6232,relay_data_api_concorrente,34482879.21,0.3351
2024-03-04,Post-Shapella,3630.43,3627.27,0.99913,-0.00087,-0.087,0.039166,0.04246,39.6386,38.62,39.1444,39.1121,3.388,3.0324,0.3556,10.4959,0.001,0.8239,2.8318,3.449,3.391,1.75,99.45,0,0.0,34579559522,34559769766,292919339.0,39682.31,41037.89,50.82,10252176.86,0,0,0,0,yfinance_ETH-USD,yfinance_STETH-USD,beacon_formula_16632_sqrt_S,modelo_teorico_oficial,modelo_invariante_stableswap,34496546.18,0.5562,3.0324,109738918138,3.449,34789324383,31.49,0.1407,1,1012.7898,relay_data_api_concorrente,34496546.18,1.0716
2024-03-05,Post-Shapella,3554.96,3554.02,0.999736,-0.000264,-0.0264,-0.021007,-0.020401,48.9198,40.1812,48.2609,40.5964,3.3704,3.0167,0.3537,10.4943,0.001,0.8249,2.8222,3.836,3.7644,2.04,99.45,2,2.0,36890064680,36870254278,286747305.0,39849.27,40822.71,50.6,10036155.68,0,0,0,0,yfinance_ETH-USD,yfinance_STETH-USD,beacon_formula_16632_sqrt_S,modelo_teorico_oficial,modelo_invariante_stableswap,34730880.08,0.5482,3.0167,114705190846,3.836,34181903127,32.14,0.228,1,1641.8428,relay_data_api_concorrente,34730880.08,1.7255
2024-03-06,Post-Shapella,3819.23,3819.76,1.000139,0.000139,0.0139,0.071703,0.072108,62.2987,44.6168,62.2939,44.9849,3.3576,3.0053,0.3523,10.4926,0.001,0.8258,2.8177,4.13,4.0472,2.29,99.45,0,0.0,38029548131,38009904555,314129345.0,40755.78,41487.86,50.45,10994527.08,0,0,0,0,yfinance_ETH-USD,yfinance_STETH-USD,beacon_formula_16632_sqrt_S,modelo_teorico_oficial,modelo_invariante_stableswap,34842876.84,0.5399,3.0053,114322911690,4.13,37810693355,33.25,0.0368,1,265.2102,relay_data_api_concorrente,34842876.84,0.2778
2024-03-07,Post-Shapella,3874.35,3864.73,0.997517,-0.002483,-0.2483,0.014329,0.011702,57.1429,44.3162,58.1946,44.7909,3.362,3.0091,0.3529,10.4967,0.001,0.8268,2.8303,3.904,3.8299,2.08,99.45,0,0.0,37566475300,37545220962,316288953.0,39669.97,42071.14,51.41,11070113.36,0,0,0,0,yfinance_ETH-USD,yfinance_STETH-USD,beacon_formula_16632_sqrt_S,modelo_teorico_oficial,modelo_invariante_stableswap,34532811.92,0.5316,3.0091,119333375470,3.904,38177828703,31.46,0.1161,1,836.0436,relay_data_api_concorrente,34532811.92,0.8837
2024-03-08,Post-Shapella,3892.06,3893.19,1.00029,0.00029,0.029,0.004562,0.007338,57.9805,44.4622,58.7385,44.7982,3.3506,2.999,0.3516,10.4936,0.001,0.8278,2.8271,3.523,3.4625,1.87,99.45,0,0.0,38973097399,38951175513,319708271.0,40748.09,41383.61,50.39,11189789.49,0,0,0,0,yfinance_ETH-USD,yfinance_STETH-USD,beacon_formula_16632_sqrt_S,modelo_teorico_oficial,modelo_invariante_stableswap,34611680.45,0.5235,2.999,121058725295,3.523,38509199913,32.18,0.0861,0,619.8783,relay_data_api_concorrente,34611680.45,0.6537
2024-03-09,Post-Shapella,3915.42,3911.35,0.998961,-0.001039,-0.1039,0.005983,0.004655,56.1624,44.1674,56.8783,44.6305,3.3416,2.9909,0.3507,10.495,0.001,0.8287,2.8258,3.521,3.4606,1.82,99.45,0,0.0,38782184813,38760259255,315660772.0,39601.41,41061.18,50.88,11048127.02,0,0,0,0,yfinance_ETH-USD,yfinance_STETH-USD,beacon_formula_16632_sqrt_S,modelo_teorico_oficial,modelo_invariante_stableswap,34643802.77,0.5158,2.9909,121898526867,3.521,38499907781,31.8,0.0561,0,403.7131,relay_data_api_concorrente,34643802.77,0.4253
2024-03-10,Post-Shapella,3881.19,3868.16,0.996643,-0.003357,-0.3357,-0.00878,-0.011104,59.6642,44.7891,61.047,45.4559,3.3258,2.9768,0.349,10.4937,0.001,0.8297,2.8171,3.404,3.3475,1.79,99.45,0,0.0,39075696233,39054027669,309625315.0,38511.56,41403.31,51.73,10836886.02,0,0,0,0,yfinance_ETH-USD,yfinance_STETH-USD,beacon_formula_16632_sqrt_S,modelo_teorico_oficial,modelo_invariante_stableswap,34858155.54,0.5087,2.9768,122704975857,3.404,38092100891,31.83,0.026,1,187.5478,relay_data_api_concorrente,34858155.54,0.1964
2024-03-11,Post-Shapella,4066.45,4063.71,0.999326,-0.000674,-0.0674,0.046627,0.049316,61.7006,45.992,63.0731,46.8414,3.3138,2.966,0.3478,10.4955,0.001,0.8306,2.8113,3.586,3.5234,1.94,99.45,0,0.0,39894470648,39872378568,326657397.0,39565.96,40791.4,50.75,11433008.9,0,0,0,0,yfinance_ETH-USD,yfinance_STETH-USD,beacon_formula_16632_sqrt_S,modelo_teorico_oficial,modelo_invariante_stableswap,35001372.22,0.5025,2.966,123076180388,3.586,40127551638,32.4,0.0693,1,498.9716,relay_data_api_concorrente,35001372.22,0.5203
2024-03-12,Post-Shapella,3980.27,3965.28,0.996234,-0.003766,-0.3766,-0.021419,-0.024519,61.8521,47.6179,64.5803,48.779,3.3164,2.9683,0.3481,10.4963,0.001,0.8316,2.8191,3.677,3.6112,2.1072,99.45,0,0.0,39773410851,39750996068,313325208.0,37883.84,40990.12,51.88,10966382.28,0,0,0,0,yfinance_ETH-USD,yfinance_STETH-USD,beacon_formula_16632_sqrt_S,modelo_teorico_oficial,modelo_invariante_stableswap,34808676.77,0.4973,2.9683,126733103028,3.677,38802967969,31.37,0.0709,1,510.1426,relay_data_api_concorrente,34808676.77,0.5349
2024-03-13,Post-Shapella,4006.46,3999.39,0.998235,-0.001765,-0.1765,0.006557,0.008566,40.4346,45.1045,43.7104,46.1854,3.311,2.9635,0.3475,10.4953,0.001,0.8325,2.8177,3.644,3.5794,2.1267,99.45,0,0.0,40166366166,40143486560,315681870.0,38495.61,40368.84,51.14,11048865.45,0,0,0,0,yfinance_ETH-USD,yfinance_STETH-USD,beacon_formula_16632_sqrt_S,modelo_teorico_oficial,modelo_invariante_stableswap,34842769.15,0.4933,2.9635,125289107261,3.644,39231372318,32.04,0.0219,1,157.413,relay_data_api_concorrente,34842769.15,0.1649
2024-03-14,Post-Shapella,3883.14,3880.17,0.999235,-0.000765,-0.0765,-0.031263,-0.030263,47.992,47.2984,50.6613,48.0906,3.3008,2.9543,0.3465,10.4975,0.0009,0.8335,2.8101,3.438,3.3804,1.88,99.45,0,0.0,39113924177,39088675722,306985786.0,38912.3,40174.5,50.78,10744502.51,0,0,0,0,yfinance_ETH-USD,yfinance_STETH-USD,beacon_formula_16632_sqrt_S,modelo_teorico_oficial,modelo_invariante_stableswap,35031518.98,0.4907,2.9543,125250296483,3.438,37938616956,31.21,0.1056,1,760.2495,relay_data_api_concorrente,35031518.98,0.7921
2024-03-15,Post-Shapella,3735.22,3720.07,0.995944,-0.004056,-0.4056,-0.038837,-0.042137,55.3314,48.6346,58.6132,49.6908,3.2942,2.9485,0.3457,10.4942,0.0009,0.8344,2.8047,3.691,3.6247,2.76,99.45,0,0.0,38410537211,38384392883,293267070.0,37702.08,40978.13,51.98,10264347.45,0,0,0,0,yfinance_ETH-USD,yfinance_STETH-USD,beacon_formula_16632_sqrt_S,modelo_teorico_oficial,modelo_invariante_stableswap,35166782.97,0.4895,2.9485,122528907003,3.691,36154873244,31.33,0.0243,1,175.1215,relay_data_api_concorrente,35166782.97,0.1818
2024-03-16,Post-Shapella,3522.86,3516.28,0.998132,-0.001868,-0.1868,-0.058534,-0.05634,65.5825,54.0822,67.4369,54.6836,3.2816,2.9372,0.3444,10.4949,0.0009,0.8354,2.7916,3.225,3.1742,1.87,99.45,0,0.0,37222495938,37196372888,282003903.0,39078.81,41047.56,51.18,9870136.6,0,0,0,0,yfinance_ETH-USD,yfinance_STETH-USD,beacon_formula_16632_sqrt_S,modelo_teorico_oficial,modelo_invariante_stableswap,35498111.63,0.49,2.9372,118517537862,3.225,34614117838,31.38,0.0254,0,182.7793,relay_data_api_concorrente,35498111.63,0.1879
2024-03-17,Post-Shapella,3642.41,3649.17,1.001856,0.001856,0.1856,0.033373,0.037096,74.5074,54.5508,77.4598,55.3837,3.2935,2.9479,0.3456,10.4934,0.0009,0.8363,2.8014,3.311,3.2575,1.91,99.45,0,0.0,34871200857,34844540753,289068966.0,39821.24,39467.51,49.82,10117413.81,0,0,0,0,yfinance_ETH-USD,yfinance_STETH-USD,beacon_formula_16632_sqrt_S,modelo_teorico_oficial,modelo_invariante_stableswap,35250339.08,0.4921,2.9479,111943257592,3.311,35562183841,31.13,0.0264,0,190.4371,relay_data_api_concorrente,35250339.08,0.1972
2024-03-18,Post-Shapella,3517.99,3522.48,1.001276,0.001276,0.1276,-0.034758,-0.035334,59.0759,56.4153,61.6425,57.2649,3.2913,2.9459,0.3454,10.4943,0.0009,0.8373,2.7953,3.125,3.0773,1.999,99.45,0,0.0,35583205198,35554873365,275308605.0,39102.15,39105.29,50.03,9635801.18,0,0,0,0,yfinance_ETH-USD,yfinance_STETH-USD,beacon_formula_16632_sqrt_S,modelo_teorico_oficial,modelo_invariante_stableswap,35402721.22,0.496,2.9459,114913581229,3.125,34388397375,30.94,0.0275,1,198.095,relay_data_api_concorrente,35402721.22,0.2042
2024-03-19,Post-Shapella,3157.62,3157.17,0.999857,-0.000143,-0.0143,-0.10807,-0.109488,86.4938,68.6366,89.3768,69.6138,3.2781,2.9341,0.344,10.4939,0.0009,0.8382,2.7765,3.954,3.878,2.86,99.45,0,0.0,34584367357,34556943839,250823265.0,39279.09,40160.91,50.55,8778814.28,0,0,0,0,yfinance_ETH-USD,yfinance_STETH-USD,beacon_formula_16632_sqrt_S,modelo_teorico_oficial,modelo_invariante_stableswap,35883938.16,0.5016,2.9341,111557337142,3.954,31527947352,30.98,0.1859,1,1338.6659,relay_data_api_concorrente,35883938.16,1.3616
2024-03-20,Post-Shapella,3513.39,3509.11,0.998782,-0.001218,-0.1218,0.106764,0.105685,132.4731,77.383,133.2871,78.042,3.307,2.9599,0.3471,10.4959,0.001,0.8392,2.7982,3.415,3.3581,2.07,99.45,0,0.0,31341635834,31317429699,273181602.0,38142.2,39660.54,50.95,9561356.07,0,0,0,0,yfinance_ETH-USD,yfinance_STETH-USD,beacon_formula_16632_sqrt_S,modelo_teorico_oficial,modelo_invariante_stableswap,35330166.14,0.5088,2.9599,101671421721,3.415,34346162385,30.8,0.0259,1,186.3629,relay_data_api_concorrente,35330166.14,0.1925
2024-03-21,Post-Shapella,3492.99,3485.44,0.997839,-0.002161,-0.2161,-0.005824,-0.006768,132.2861,77.22,133.125,77.9242,3.3189,2.9706,0.3483,10.4944,0.001,0.8401,2.8012,3.422,3.3649,2.1873,99.45,0,0.0,34655417262,34629134325,272123473.0,37948.21,40043.94,51.29,9524321.56,0,0,0,0,yfinance_ETH-USD,yfinance_STETH-USD,beacon_formula_16632_sqrt_S,modelo_teorico_oficial,modelo_invariante_stableswap,35254307.66,0.5177,2.9706,112590258028,3.422,34243203973,30.76,0.0229,1,165.2041,relay_data_api_concorrente,35254307.66,0.171
2024-03-22,Post-Shapella,3333.69,3313.53,0.993953,-0.006047,-0.6047,-0.046679,-0.050579,133.2587,79.0354,134.2938,80.0035,3.3287,2.9793,0.3494,10.4966,0.001,0.8411,2.8006,3.219,3.1684,2.11,99.45,0,0.0,34386569238,34362256395,256096001.0,36330.92,40736.01,52.71,8963360.04,0,0,0,0,yfinance_ETH-USD,yfinance_STETH-USD,beacon_formula_16632_sqrt_S,modelo_teorico_oficial,modelo_invariante_stableswap,35270110.71,0.5281,2.9793,111669557722,3.219,32076695829,30.77,0.0852,1,613.5908,relay_data_api_concorrente,35270110.71,0.635
2024-03-23,Post-Shapella,3336.59,3324.98,0.99652,-0.00348,-0.348,0.000871,0.003449,128.6144,79.032,130.3959,80.0035,3.356,3.0038,0.3522,10.4946,0.001,0.842,2.8161,3.345,3.2904,2.36,99.45,0,0.0,32672576578,32648805288,263093936.0,38029.46,40964.22,51.77,9208287.76,0,0,0,0,yfinance_ETH-USD,yfinance_STETH-USD,beacon_formula_16632_sqrt_S,modelo_teorico_oficial,modelo_invariante_stableswap,34882250.13,0.5399,3.0038,106879845272,3.345,32991205180,30.55,0.0283,1,204.044,relay_data_api_concorrente,34882250.13,0.2135
2024-03-24,Post-Shapella,3454.64,3449.03,0.998376,-0.001624,-0.1624,0.034767,0.03663,128.8892,79.3825,130.2983,80.3722,3.3701,3.0164,0.3537,10.4952,0.001,0.843,2.8172,3.015,2.9706,2.05,99.45,0,0.0,32895477965,32871391203,263952589.0,37368.25,39100.48,51.09,9238340.62,0,0,0,0,yfinance_ETH-USD,yfinance_STETH-USD,beacon_formula_16632_sqrt_S,modelo_teorico_oficial,modelo_invariante_stableswap,34856412.02,0.5529,3.0164,108081075901,3.015,33454878812,30.41,0.0108,1,77.7922,relay_data_api_concorrente,34856412.02,0.0815
2024-03-25,Post-Shapella,3590.88,3588.54,0.999348,-0.000652,-0.0652,0.038681,0.039653,130.3633,79.9763,131.9892,81.0569,3.3989,3.0422,0.3567,10.4946,0.001,0.844,2.8318,3.165,3.1161,2.189,99.45,0,0.0,33742922378,33718069551,276655908.0,37953.45,39116.08,50.74,9682956.78,0,0,0,0,yfinance_ETH-USD,yfinance_STETH-USD,beacon_formula_16632_sqrt_S,modelo_teorico_oficial,modelo_invariante_stableswap,34496611.78,0.5671,3.0422,111165466037,3.165,34915326033,30.33,0.014,0,100.5091,relay_data_api_concorrente,34496611.78,0.1063
2024-03-26,Post-Shapella,3587.5,3588.96,1.000407,0.000407,0.0407,-0.000941,0.000115,92.2551,79.0928,93.4387,80.1431,3.4378,3.077,0.3608,10.4951,0.001,0.845,2.8558,3.467,3.4084,2.419,99.45,0,0.0,35168489397,35142580853,275136557.0,38076.46,38600.94,50.35,9629779.5,0,0,0,0,yfinance_ETH-USD,yfinance_STETH-USD,beacon_formula_16632_sqrt_S,modelo_teorico_oficial,modelo_invariante_stableswap,33920368.19,0.5821,3.077,116167571698,3.467,34702003833,30.25,0.0171,1,123.226,relay_data_api_concorrente,33920368.19,0.1326
2024-03-27,Post-Shapella,3500.12,3496.45,0.998951,-0.001049,-0.1049,-0.024661,-0.026112,57.9776,79.5111,61.4637,80.6332,3.431,3.0709,0.3601,10.4955,0.001,0.846,2.8333,3.255,3.2033,2.06,99.45,0,0.0,34998655460,34972799671,268312490.0,37653.08,39045.95,50.88,9390937.15,0,0,0,0,yfinance_ETH-USD,yfinance_STETH-USD,beacon_formula_16632_sqrt_S,modelo_teorico_oficial,modelo_invariante_stableswap,34461043.72,0.5978,3.0709,116300287366,3.255,33885814744,30.07,0.3397,0,2445.9259,relay_data_api_concorrente,34461043.72,2.5906
2024-03-28,Post-Shapella,3561.29,3553.25,0.997742,-0.002258,-0.2258,0.017328,0.016115,59.0938,79.4346,62.2637,80.5244,3.4542,3.0917,0.3625,10.4945,0.001,0.847,2.8403,3.186,3.1364,4.04,99.45,0,0.0,34115167499,34090093675,271725274.0,37139.78,39248.5,51.32,9510384.59,0,0,0,0,yfinance_ETH-USD,yfinance_STETH-USD,beacon_formula_16632_sqrt_S,modelo_teorico_oficial,modelo_invariante_stableswap,34289626.2,0.6139,3.0917,114018989827,3.186,34427611674,29.9,0.6623,1,4768.6257,relay_data_api_concorrente,34289626.2,5.076
2024-03-29,Post-Shapella,3511.81,3505.39,0.998172,-0.001828,-0.1828,-0.013993,-0.013562,45.6378,78.3387,46.79,79.5156,3.4794,3.1143,0.3651,10.4932,0.001,0.848,2.8492,3.299,3.2459,2.8614,99.45,0,0.0,34731970105,34706250520,262456512.0,36495.92,38309.51,51.17,9185977.92,0,0,0,0,yfinance_ETH-USD,yfinance_STETH-USD,beacon_formula_16632_sqrt_S,modelo_teorico_oficial,modelo_invariante_stableswap,34076684.39,0.6302,3.1143,116366491434,3.299,33672616598,29.82,0.0392,1,282.5203,relay_data_api_concorrente,34076684.39,0.3026
2024-03-30,Post-Shapella,3507.94,3495.46,0.996442,-0.003558,-0.3558,-0.0011,-0.002837,45.8321,78.1763,47.3817,79.4216,3.4965,3.1295,0.367,10.4962,0.001,0.849,2.85,3.119,3.0715,2.55,99.45,0,0.0,34225204264,34199244924,260834639.0,35840.34,38652.67,51.8,9129212.36,0,0,0,0,yfinance_ETH-USD,yfinance_STETH-USD,beacon_formula_16632_sqrt_S,modelo_teorico_oficial,modelo_invariante_stableswap,34058784.89,0.6465,3.1295,115222327898,3.119,33907787038,29.68,0.0343,0,246.8686,relay_data_api_concorrente,34058784.89,0.2646
2024-03-31,Post-Shapella,3647.86,3635.16,0.996519,-0.003481,-0.3481,0.03911,0.039188,47.5007,78.7633,48.3754,80.0737,3.5159,3.1469,0.369,10.4952,0.001,0.85,2.8533,3.07,3.0239,2.5422,99.45,0,0.0,34146351588,34119918636,269660002.0,35652.82,38403.68,51.77,9438100.07,0,0,0,0,yfinance_ETH-USD,yfinance_STETH-USD,beacon_formula_16632_sqrt_S,modelo_teorico_oficial,modelo_invariante_stableswap,33977851.75,0.6626,3.1469,115471023461,3.07,35114644706,29.55,0.0293,0,211.217,relay_data_api_concorrente,33977851.75,0.2269
2024-04-01,Post-Shapella,3505.03,3497.17,0.997758,-0.002242,-0.2242,-0.039941,-0.0387,50.2301,80.096,49.7697,81.2965,3.517,3.1479,0.3691,10.4947,0.001,0.851,2.8389,3.127,3.0792,2.79,99.45,0,0.0,35364279318,35337304537,260700185.0,36208.61,38256.06,51.32,9124506.48,0,0,0,0,yfinance_ETH-USD,yfinance_STETH-USD,beacon_formula_16632_sqrt_S,modelo_teorico_oficial,modelo_invariante_stableswap,34325090.0,0.6781,3.1479,119679159421,3.127,33670763638,29.53,0.0244,0,175.5654,relay_data_api_concorrente,34325090.0,0.1867
2024-04-02,Post-Shapella,3277.23,3274.77,0.999249,-0.000751,-0.0751,-0.067199,-0.065707,67.8924,83.1824,66.5719,84.2556,3.5206,3.1511,0.3695,10.4954,0.001,0.852,2.8277,3.501,3.4413,2.5,99.45,0,0.0,33911638933,33885614776,243586520.0,36587.83,37767.47,50.77,8525528.2,0,0,0,0,yfinance_ETH-USD,yfinance_STETH-USD,beacon_formula_16632_sqrt_S,modelo_teorico_oficial,modelo_invariante_stableswap,34598067.34,0.693,3.1511,115576465632,3.501,31175779818,29.32,0.0194,1,139.9138,relay_data_api_concorrente,34598067.34,0.1476
2024-04-03,Post-Shapella,3311.44,3311.45,1.000003,3e-06,0.0003,0.010384,0.011139,68.9149,81.9822,67.5653,82.8727,3.545,3.1729,0.3721,10.4965,0.001,0.853,2.8381,3.413,3.3562,2.6324,99.45,0,0.0,31435308653,31410342941,245472281.0,36694.18,37434.27,50.5,8591529.84,0,0,0,0,yfinance_ETH-USD,yfinance_STETH-USD,beacon_formula_16632_sqrt_S,modelo_teorico_oficial,modelo_invariante_stableswap,34344267.45,0.7069,3.1729,108890868231,3.413,31442373725,28.85,0.0361,1,259.7812,relay_data_api_concorrente,34344267.45,0.2761
2024-04-04,Post-Shapella,3330.04,3321.48,0.997429,-0.002571,-0.2571,0.005601,0.003024,66.7891,81.7744,65.3764,82.6575,3.5584,3.185,0.3734,10.4935,0.001,0.854,2.8387,3.384,3.3282,2.54,99.45,0,0.0,31799605014,31774552410,244639317.0,35675.47,37886.3,51.44,8562376.1,0,0,0,0,yfinance_ETH-USD,yfinance_STETH-USD,beacon_formula_16632_sqrt_S,modelo_teorico_oficial,modelo_invariante_stableswap,34329167.31,0.7197,3.185,110471687159,3.384,31769947323,28.76,0.0852,0,613.3632,relay_data_api_concorrente,34329167.31,0.6521
2024-04-05,Post-Shapella,3318.89,3317.54,0.999593,-0.000407,-0.0407,-0.003356,-0.001188,66.8043,77.3083,65.5348,78.1911,3.5764,3.2011,0.3753,10.4938,0.001,0.8551,2.8452,3.489,3.4297,2.35,99.45,0,0.0,31787123597,31762583975,245303754.0,36476.61,37450.01,50.65,8585631.39,0,0,0,0,yfinance_ETH-USD,yfinance_STETH-USD,beacon_formula_16632_sqrt_S,modelo_teorico_oficial,modelo_invariante_stableswap,34172570.21,0.7312,3.2011,111035265535,3.489,31829397101,28.61,0.1343,0,966.9452,relay_data_api_concorrente,34172570.21,1.0328
2024-04-06,Post-Shapella,3354.18,3361.63,1.002221,0.002221,0.2221,0.01058,0.013205,68.0662,77.2032,67.2844,78.2325,3.5916,3.2147,0.3769,10.4939,0.001,0.8561,2.8503,3.347,3.2924,2.5031,99.45,0,0.0,31916194901,31892721654,247796258.0,37167.94,36627.56,49.69,8672869.03,0,0,0,0,yfinance_ETH-USD,yfinance_STETH-USD,beacon_formula_16632_sqrt_S,modelo_teorico_oficial,modelo_invariante_stableswap,34051694.52,0.7413,3.2147,111700269857,3.347,31913090574,28.55,0.1834,0,1320.5273,relay_data_api_concorrente,34051694.52,1.4155
2024-04-07,Post-Shapella,3453.49,3444.86,0.997501,-0.002499,-0.2499,0.029178,0.024456,64.3001,78.052,61.9517,78.7885,3.601,3.223,0.378,10.4971,0.001,0.8571,2.851,3.041,2.9958,2.26,99.45,0,0.0,32201264034,32177435883,252127576.0,35471.82,37628.82,51.41,8824465.16,0,0,0,0,yfinance_ETH-USD,yfinance_STETH-USD,beacon_formula_16632_sqrt_S,modelo_teorico_oficial,modelo_invariante_stableswap,34033456.11,0.7499,3.223,112909905270,3.041,32443916249,28.5,0.2325,0,1674.1093,relay_data_api_concorrente,34033456.11,1.7954
2024-04-08,Post-Shapella,3695.29,3688.4,0.998135,-0.001865,-0.1865,0.067673,0.06831,77.251,81.9141,75.964,82.7077,3.6345,3.253,0.3815,10.4966,0.001,0.8582,2.8776,3.148,3.0996,2.22,99.45,0,0.0,32677916889,32654130164,272295924.0,35973.6,37784.14,51.18,9530357.34,0,0,0,0,yfinance_ETH-USD,yfinance_STETH-USD,beacon_formula_16632_sqrt_S,modelo_teorico_oficial,modelo_invariante_stableswap,33408667.56,0.7569,3.253,114988280448,3.148,35126869237,28.4,0.2816,1,2027.6914,relay_data_api_concorrente,33408667.56,2.2153
2024-04-09,Post-Shapella,3505.16,3499.34,0.99834,-0.00166,-0.166,-0.052823,-0.052618,69.0506,83.7967,68.5009,84.533,3.6457,3.2631,0.3826,10.4946,0.001,0.8592,2.8834,3.22,3.1694,2.71,99.45,0,0.0,35316854023,35292643350,258551481.0,36065.81,37760.0,51.11,9049301.84,0,0,0,0,yfinance_ETH-USD,yfinance_STETH-USD,beacon_formula_16632_sqrt_S,modelo_teorico_oficial,modelo_invariante_stableswap,33272337.87,0.7623,3.2631,123626008742,3.22,33276151304,28.55,0.1478,0,1064.0432,relay_data_api_concorrente,33272337.87,1.1673
2024-04-10,Post-Shapella,3543.74,3537.6,0.998267,-0.001733,-0.1733,0.010945,0.010873,69.0557,82.0212,68.4972,82.5596,3.65,3.267,0.383,10.4932,0.001,0.8603,2.8841,3.36,3.3049,2.31,99.45,0,0.0,33534602536,33511373066,260823855.0,35967.35,37699.27,51.13,9128834.93,0,0,0,0,yfinance_ETH-USD,yfinance_STETH-USD,beacon_formula_16632_sqrt_S,modelo_teorico_oficial,modelo_invariante_stableswap,33257356.24,0.7659,3.267,118387267287,3.36,33065845586,28.31,0.0139,1,100.3951,relay_data_api_concorrente,33257356.24,0.1102
2024-04-11,Post-Shapella,3505.25,3500.74,0.998713,-0.001287,-0.1287,-0.010921,-0.010475,70.662,81.8316,69.9445,82.2784,3.6534,3.27,0.3834,10.4943,0.0011,0.8613,2.8854,3.45,3.392,2.28,99.45,0,0.0,33254541423,33231483014,257546062.0,36024.67,37497.96,50.97,9014112.17,0,0,0,0,yfinance_ETH-USD,yfinance_STETH-USD,beacon_formula_16632_sqrt_S,modelo_teorico_oficial,modelo_invariante_stableswap,33226153.59,0.768,3.27,119097516990,3.45,32973417956,27.9,0.0144,1,103.5283,relay_data_api_concorrente,33226153.59,0.1137
2024-04-12,Post-Shapella,3243.03,3233.88,0.997179,-0.002821,-0.2821,-0.077752,-0.07929,94.0526,85.628,94.3362,86.1832,3.6399,3.2579,0.382,10.4948,0.001,0.8624,2.8715,3.146,3.0977,2.46,99.45,0,0.0,33152124654,33129053313,235539943.0,35203.54,37531.94,51.53,8243898.01,0,0,0,0,yfinance_ETH-USD,yfinance_STETH-USD,beacon_formula_16632_sqrt_S,modelo_teorico_oficial,modelo_invariante_stableswap,33549431.91,0.7684,3.2579,120225953169,3.146,30223893379,27.56,0.0189,1,136.284,relay_data_api_concorrente,33549431.91,0.1483
2024-04-13,Post-Shapella,3004.9,3000.47,0.998526,-0.001474,-0.1474,-0.076265,-0.074914,106.3564,88.6164,105.5524,89.0542,3.6258,3.2453,0.3805,10.4942,0.001,0.8634,2.8585,4.31,4.2199,3.23,99.45,0,0.0,30431414219,30411140204,220128117.0,35867.78,37443.8,51.04,7704484.1,0,0,0,0,yfinance_ETH-USD,yfinance_STETH-USD,beacon_formula_16632_sqrt_S,modelo_teorico_oficial,modelo_invariante_stableswap,33856155.76,0.7673,3.2453,110292640267,4.31,27507790373,27.57,0.0127,1,91.3245,relay_data_api_concorrente,33856155.76,0.0985
2024-04-14,Post-Shapella,3156.94,3149.7,0.997707,-0.002293,-0.2293,0.049359,0.048536,112.3664,90.1487,112.4095,90.3593,3.6353,3.2538,0.3815,10.4943,0.001,0.8645,2.8705,4.436,4.3407,4.39,99.45,0,0.0,27656598384,27638433659,230378966.0,35511.53,37549.99,51.34,8063263.81,0,0,0,0,yfinance_ETH-USD,yfinance_STETH-USD,beacon_formula_16632_sqrt_S,modelo_teorico_oficial,modelo_invariante_stableswap,33573601.42,0.7649,3.2538,101305848268,4.436,29603525849,27.28,0.0517,0,372.0006,relay_data_api_concorrente,33573601.42,0.4044
2024-04-15,Post-Shapella,3101.6,3095.45,0.998017,-0.001983,-0.1983,-0.017686,-0.017374,89.807,88.2359,89.4918,88.6078,3.6218,3.2417,0.3801,10.4948,0.001,0.8655,2.8607,3.101,3.054,2.28,99.45,0,0.0,28846473466,28827798632,227545528.0,35783.6,37654.98,51.22,7964093.48,0,0,0,0,yfinance_ETH-USD,yfinance_STETH-USD,beacon_formula_16632_sqrt_S,modelo_teorico_oficial,modelo_invariante_stableswap,33802868.22,0.7611,3.2417,107238602418,3.101,29020898814,26.88,0.0906,0,652.6767,relay_data_api_concorrente,33802868.22,0.7048
2024-04-16,Post-Shapella,3084.92,3078.09,0.997786,-0.002214,-0.2214,-0.005392,-0.005621,87.3723,87.1856,87.0829,87.3429,3.6298,3.2488,0.381,10.4964,0.001,0.8665,2.8735,3.551,3.4896,2.81,99.45,0,0.0,29239640244,29221288033,225645986.0,35615.87,37612.24,51.31,7897609.51,0,0,0,0,yfinance_ETH-USD,yfinance_STETH-USD,beacon_formula_16632_sqrt_S,modelo_teorico_oficial,modelo_invariante_stableswap,33503406.47,0.7563,3.2488,106901516396,3.551,29035947410,27.33,0.1296,1,933.3528,relay_data_api_concorrente,33503406.47,1.0168
2024-04-17,Post-Shapella,2984.73,2977.61,0.997615,-0.002385,-0.2385,-0.033017,-0.033191,84.1453,87.1142,83.8486,87.2544,3.618,3.2383,0.3797,10.4947,0.001,0.8676,2.8674,3.191,3.1413,2.26,99.45,0,0.0,29084866926,29066732648,219023437.0,35684.68,37786.78,51.37,7665820.3,0,0,0,0,yfinance_ETH-USD,yfinance_STETH-USD,beacon_formula_16632_sqrt_S,modelo_teorico_oficial,modelo_invariante_stableswap,33644510.0,0.7506,3.2383,107282061909,3.191,28211076305,27.09,0.0591,1,425.5988,relay_data_api_concorrente,33644510.0,0.4617
2024-04-18,Post-Shapella,3066.03,3064.06,0.999357,-0.000643,-0.0643,0.026874,0.028622,91.9284,79.4956,92.1976,79.5134,3.6177,3.238,0.3797,10.4956,0.001,0.8686,2.8736,3.237,3.1859,2.6048,99.45,0,0.0,28207455597,28189570487,223717365.0,35947.68,37042.58,50.73,7830107.78,0,0,0,0,yfinance_ETH-USD,yfinance_STETH-USD,beacon_formula_16632_sqrt_S,modelo_teorico_oficial,modelo_invariante_stableswap,33500613.46,0.7441,3.238,104375768782,3.237,28674723530,27.01,0.0372,0,268.1609,relay_data_api_concorrente,33500613.46,0.2922
2024-04-19,Post-Shapella,3059.28,3058.99,0.999905,-9.5e-05,-0.0095,-0.002204,-0.001657,77.7056,69.3454,77.1461,69.5819,3.6284,3.2476,0.3808,10.495,0.001,0.8697,2.8912,3.295,3.242,2.41,99.45,0,0.0,28789243984,28770380339,224596941.0,36314.95,37103.53,50.53,7860892.94,0,0,0,0,yfinance_ETH-USD,yfinance_STETH-USD,beacon_formula_16632_sqrt_S,modelo_teorico_oficial,modelo_invariante_stableswap,33093539.1,0.7372,3.2476,107017322027,3.295,28811666039,26.88,0.0154,1,110.7231,relay_data_api_concorrente,33093539.1,0.1221
2024-04-20,Post-Shapella,3157.63,3153.13,0.998575,-0.001425,-0.1425,0.031642,0.030311,56.4891,70.4851,56.134,70.629,3.6423,3.26,0.3823,10.4961,0.001,0.8707,2.9123,3.173,3.1238,2.14,99.45,0,0.0,28976699752,28957664955,229350851.0,35575.97,37110.77,51.02,8027279.79,0,0,0,0,yfinance_ETH-USD,yfinance_STETH-USD,beacon_formula_16632_sqrt_S,modelo_teorico_oficial,modelo_invariante_stableswap,32617078.3,0.73,3.26,107800758628,3.173,29433218852,26.86,0.0343,0,247.2152,relay_data_api_concorrente,32617078.3,0.2766
2024-04-21,Post-Shapella,3147.29,3147.08,0.999933,-6.7e-05,-0.0067,-0.00328,-0.00192,43.9117,68.7321,43.9787,68.5413,3.6211,3.2411,0.38,10.494,0.001,0.8718,2.8984,2.94,2.8977,1.76,99.45,0,0.0,29539456458,29519650952,230384907.0,36216.61,36986.9,50.52,8063471.75,0,0,0,0,yfinance_ETH-USD,yfinance_STETH-USD,beacon_formula_16632_sqrt_S,modelo_teorico_oficial,modelo_invariante_stableswap,32930415.87,0.7228,3.2411,110417082493,2.94,29335706943,26.73,0.0533,0,383.7073,relay_data_api_concorrente,32930415.87,0.4253
2024-04-22,Post-Shapella,3201.65,3209.46,1.002439,0.002439,0.2439,0.017126,0.019627,42.7737,69.0483,43.2574,68.926,3.6158,3.2363,0.3795,10.4956,0.001,0.8728,2.9001,3.058,3.0123,2.31,99.45,0,0.0,29530677241,29511110376,233817150.0,36799.82,36142.21,49.61,8183600.25,0,0,0,0,yfinance_ETH-USD,yfinance_STETH-USD,beacon_formula_16632_sqrt_S,modelo_teorico_oficial,modelo_invariante_stableswap,32891852.95,0.7157,3.2363,110694751608,3.058,29906775524,26.66,0.0722,1,520.1995,relay_data_api_concorrente,32891852.95,0.5773
2024-04-23,Post-Shapella,3219.91,3216.3,0.998879,-0.001121,-0.1121,0.005687,0.002129,41.9496,67.8674,42.4358,67.5815,3.6117,3.2326,0.3791,10.4964,0.001,0.8738,2.9026,3.098,3.0511,1.9871,99.45,0,0.0,30154858878,30134181170,233050066.0,35530.61,36888.57,50.91,8156752.31,0,0,0,0,yfinance_ETH-USD,yfinance_STETH-USD,beacon_formula_16632_sqrt_S,modelo_teorico_oficial,modelo_invariante_stableswap,32835149.02,0.7091,3.2326,112635840239,3.098,30004411402,26.75,0.0719,1,517.4174,relay_data_api_concorrente,32835149.02,0.5752
2024-04-24,Post-Shapella,3139.81,3131.21,0.997261,-0.002739,-0.2739,-0.025193,-0.026812,37.6715,66.6537,38.9319,66.3502,3.6095,3.2307,0.3788,10.4945,0.001,0.8749,2.9064,3.742,3.6739,2.28,99.45,0,0.0,30048783130,30028309785,226543023.0,34994.35,37259.53,51.5,7929005.81,0,0,0,0,yfinance_ETH-USD,yfinance_STETH-USD,beacon_formula_16632_sqrt_S,modelo_teorico_oficial,modelo_invariante_stableswap,32747780.5,0.7031,3.2307,113289768907,3.742,29366085501,26.51,0.2849,1,2051.2079,relay_data_api_concorrente,32747780.5,2.2862
2024-04-25,Post-Shapella,3156.51,3156.97,1.000146,0.000146,0.0146,0.005306,0.008192,33.8581,66.731,34.6484,66.4812,3.6012,3.2232,0.378,10.4965,0.001,0.8759,2.9033,3.293,3.2401,2.0,99.45,0,0.0,29490952687,29471575776,229122808.0,35969.17,36612.88,50.45,8019298.28,0,0,0,0,yfinance_ETH-USD,yfinance_STETH-USD,beacon_formula_16632_sqrt_S,modelo_teorico_oficial,modelo_invariante_stableswap,32819412.18,0.6979,3.2232,110776659713,3.293,29750078559,26.6,0.0974,1,700.9746,relay_data_api_concorrente,32819412.18,0.7796
2024-04-26,Post-Shapella,3130.16,3127.98,0.999304,-0.000696,-0.0696,-0.008381,-0.009224,34.8434,66.3452,35.8456,66.0426,3.5946,3.2173,0.3773,10.4963,0.001,0.8769,2.9009,3.058,3.0123,1.83,99.45,0,0.0,29790195286,29770957981,226748676.0,35673.49,36792.1,50.75,7936203.66,0,0,0,0,yfinance_ETH-USD,yfinance_STETH-USD,beacon_formula_16632_sqrt_S,modelo_teorico_oficial,modelo_invariante_stableswap,32872887.81,0.6937,3.2173,111950718655,3.058,29399844844,26.59,0.0276,1,198.7911,relay_data_api_concorrente,32872887.81,0.2207
2024-04-27,Post-Shapella,3252.17,3249.77,0.999262,-0.000738,-0.0738,0.038236,0.038197,38.2669,67.5698,39.7192,67.3139,3.5944,3.2172,0.3772,10.4941,0.001,0.878,2.9038,3.004,2.9599,1.85,99.45,0,0.0,29421686981,29403328506,234690160.0,35527.4,36663.83,50.77,8214155.6,0,0,0,0,yfinance_ETH-USD,yfinance_STETH-USD,beacon_formula_16632_sqrt_S,modelo_teorico_oficial,modelo_invariante_stableswap,32807756.01,0.6906,3.2172,111408942323,3.004,30259833329,26.39,0.0283,1,203.4758,relay_data_api_concorrente,32807756.01,0.2264
2024-04-28,Post-Shapella,3262.77,3262.16,0.999813,-0.000187,-0.0187,0.003256,0.003805,37.7762,67.4852,39.3864,67.2427,3.5939,3.2167,0.3772,10.4956,0.001,0.879,2.905,2.942,2.8997,1.85,99.45,0,0.0,30448779049,30430440989,238019038.0,36060.19,36896.7,50.57,8330666.33,0,0,0,0,yfinance_ETH-USD,yfinance_STETH-USD,beacon_formula_16632_sqrt_S,modelo_teorico_oficial,modelo_invariante_stableswap,32780942.42,0.6889,3.2167,115199940415,2.942,30888607086,26.42,0.0506,0,364.4998,relay_data_api_concorrente,32780942.42,0.4059
2024-04-29,Post-Shapella,3215.43,3212.97,0.999235,-0.000765,-0.0765,-0.014617,-0.015193,38.5986,67.6157,39.6152,67.3908,3.5845,3.2083,0.3762,10.4952,0.001,0.88,2.896,3.031,2.9861,2.077,99.45,0,0.0,30960637333,30942129491,232361030.0,35569.35,36723.12,50.78,8132636.05,0,0,0,0,yfinance_ETH-USD,yfinance_STETH-USD,beacon_formula_16632_sqrt_S,modelo_teorico_oficial,modelo_invariante_stableswap,32984045.03,0.6885,3.2083,116075522874,3.031,29863072008,26.66,0.073,1,525.5238,relay_data_api_concorrente,32984045.03,0.5815
2024-04-30,Post-Shapella,3012.29,3015.34,1.001013,0.001013,0.1013,-0.065261,-0.063484,60.6349,69.2349,60.4706,68.838,3.5716,3.1967,0.3749,10.4967,0.001,0.8811,2.882,3.046,3.0007,2.1,99.45,0,0.0,30141577695,30123508193,217006116.0,35926.55,36077.17,50.13,7595214.06,0,0,0,0,yfinance_ETH-USD,yfinance_STETH-USD,beacon_formula_16632_sqrt_S,modelo_teorico_oficial,modelo_invariante_stableswap,33305386.25,0.6895,3.1967,113362191397,3.046,27877082840,26.57,0.0647,1,465.9687,relay_data_api_concorrente,33305386.25,0.5107
2024-05-01,Post-Shapella,2969.78,2970.73,1.00032,0.00032,0.032,-0.01421,-0.014905,59.4145,68.2397,58.9554,67.9197,3.5764,3.2011,0.3753,10.4938,0.001,0.8821,2.8843,3.31,3.2565,2.1973,99.45,0,0.0,28106092971,28089598516,214261884.0,35796.7,36339.07,50.38,7499165.94,0,0,0,0,yfinance_ETH-USD,yfinance_STETH-USD,beacon_formula_16632_sqrt_S,modelo_teorico_oficial,modelo_invariante_stableswap,33252141.52,0.6921,3.2011,106350184849,3.31,27684411734,26.41,0.1401,1,1008.5403,relay_data_api_concorrente,33252141.52,1.107
2024-05-02,Post-Shapella,2988.17,2983.79,0.998534,-0.001466,-0.1466,0.006171,0.004387,59.5351,64.5951,58.4,64.4008,3.581,3.2052,0.3758,10.4943,0.001,0.8831,2.8849,3.103,3.056,1.93,99.45,0,0.0,27843013292,27825628679,216906448.0,35543.1,37099.66,51.03,7591725.68,0,0,0,0,yfinance_ETH-USD,yfinance_STETH-USD,beacon_formula_16632_sqrt_S,modelo_teorico_oficial,modelo_invariante_stableswap,33239534.44,0.6961,3.2052,105923130267,3.103,28080831828,26.27,0.1251,0,900.6991,relay_data_api_concorrente,33239534.44,0.989
2024-05-03,Post-Shapella,3103.54,3101.37,0.999301,-0.000699,-0.0699,0.037883,0.038649,68.04,66.013,67.3631,65.8647,3.5966,3.2191,0.3775,10.496,0.001,0.8842,2.8949,2.934,2.8919,1.72,99.45,0,0.0,28111786878,28093830035,224641658.0,35644.35,36763.75,50.76,7862458.03,0,0,0,0,yfinance_ETH-USD,yfinance_STETH-USD,beacon_formula_16632_sqrt_S,modelo_teorico_oficial,modelo_invariante_stableswap,33009372.51,0.7016,3.2191,107343400742,2.934,29054286667,26.17,0.1101,0,792.8579,relay_data_api_concorrente,33009372.51,0.8767
2024-05-04,Post-Shapella,3117.58,3115.7,0.999397,-0.000603,-0.0603,0.004512,0.004609,60.0294,65.998,59.2891,65.8828,3.5966,3.2191,0.3775,10.496,0.001,0.8852,2.888,2.999,2.955,1.7676,99.45,0,0.0,29186307371,29167713772,224270352.0,35450.64,36508.69,50.72,7849462.32,0,0,0,0,yfinance_ETH-USD,yfinance_STETH-USD,beacon_formula_16632_sqrt_S,modelo_teorico_oficial,modelo_invariante_stableswap,33167297.74,0.7086,3.2191,111679003283,2.999,29190217620,26.12,0.0951,0,685.0167,relay_data_api_concorrente,33167297.74,0.7538
2024-05-05,Post-Shapella,3137.25,3135.75,0.999522,-0.000478,-0.0478,0.00629,0.006417,60.3543,66.0624,59.5817,65.9498,3.605,3.2267,0.3783,10.4938,0.001,0.8862,2.8882,2.829,2.7898,1.52,99.45,0,0.0,29243052623,29224107127,224384968.0,35279.53,36260.63,50.67,7853473.88,0,0,0,0,yfinance_ETH-USD,yfinance_STETH-USD,beacon_formula_16632_sqrt_S,modelo_teorico_oficial,modelo_invariante_stableswap,33161809.42,0.7168,3.2267,112556246645,2.829,29277399792,25.96,0.0802,0,577.1755,relay_data_api_concorrente,33161809.42,0.6353
2024-05-06,Post-Shapella,3062.73,3063.7,1.000317,0.000317,0.0317,-0.02404,-0.023246,61.5814,66.3439,60.6409,66.1259,3.6148,3.2355,0.3793,10.493,0.001,0.8873,2.8886,2.887,2.8462,1.67,99.45,0,0.0,29434973139,29416117349,220946201.0,35793.17,36335.6,50.38,7733117.04,0,0,0,0,yfinance_ETH-USD,yfinance_STETH-USD,beacon_formula_16632_sqrt_S,modelo_teorico_oficial,modelo_invariante_stableswap,33152750.56,0.7262,3.2355,113598520957,2.887,28826959941,25.89,0.0652,1,469.3343,relay_data_api_concorrente,33152750.56,0.5167
2024-05-07,Post-Shapella,3006.58,3006.18,0.999867,-0.000133,-0.0133,-0.018504,-0.018955,40.1878,65.5099,40.4973,65.581,3.6334,3.2521,0.3813,10.4943,0.001,0.8883,2.8967,2.922,2.8802,1.66,99.45,0,0.0,28976851756,28956754727,217048668.0,35699.61,36496.47,50.55,7596703.38,0,0,0,0,yfinance_ETH-USD,yfinance_STETH-USD,beacon_formula_16632_sqrt_S,modelo_teorico_oficial,modelo_invariante_stableswap,32968094.5,0.7367,3.2521,111735293389,2.922,28483572707,25.92,0.0604,1,434.7107,relay_data_api_concorrente,32968094.5,0.4813
2024-05-08,Post-Shapella,2973.66,2971.24,0.999186,-0.000814,-0.0814,-0.01101,-0.011688,39.5743,60.1077,39.8596,60.1039,3.6413,3.2591,0.3822,10.4963,0.001,0.8894,2.8933,2.955,2.9123,1.64,99.45,0,0.0,28606102207,28586657349,211111858.0,34931.85,36091.47,50.8,7388915.03,0,0,0,0,yfinance_ETH-USD,yfinance_STETH-USD,beacon_formula_16632_sqrt_S,modelo_teorico_oficial,modelo_invariante_stableswap,33046188.49,0.748,3.2591,110532963008,2.955,27771200544,25.86,0.016,1,115.4748,relay_data_api_concorrente,33046188.49,0.1275
2024-05-09,Post-Shapella,3036.02,3035.82,0.999934,-6.6e-05,-0.0066,0.020755,0.021499,42.2282,58.5439,42.8053,58.597,3.656,3.2723,0.3837,10.4951,0.0011,0.8904,2.896,2.91,2.8686,1.7179,99.45,0,0.0,27916439525,27898068991,216970162.0,35357.6,36110.11,50.52,7593955.67,0,0,0,0,yfinance_ETH-USD,yfinance_STETH-USD,beacon_formula_16632_sqrt_S,modelo_teorico_oficial,modelo_invariante_stableswap,32984699.86,0.76,3.2723,108367414767,2.91,28263829653,25.74,0.0166,0,119.3844,relay_data_api_concorrente,32984699.86,0.1321
2024-05-10,Post-Shapella,2909.79,2910.25,1.000158,0.000158,0.0158,-0.042466,-0.042243,40.8416,59.6903,41.0302,59.734,3.6532,3.2698,0.3834,10.4949,0.0011,0.8915,2.8807,2.934,2.8919,1.81,99.45,0,0.0,28391470109,28371974133,206392345.0,35150.9,35773.77,50.44,7223732.08,0,0,0,0,yfinance_ETH-USD,yfinance_STETH-USD,beacon_formula_16632_sqrt_S,modelo_teorico_oficial,modelo_invariante_stableswap,33335200.28,0.7725,3.2698,110306685858,2.934,27131548445,25.72,0.0171,0,123.294,relay_data_api_concorrente,33335200.28,0.135
2024-05-11,Post-Shapella,2911.6,2910.13,0.999495,-0.000505,-0.0505,0.000622,-3.9e-05,40.1372,59.7202,40.2155,59.7576,3.6655,3.2808,0.3847,10.4952,0.0011,0.8925,2.8803,2.894,2.853,1.6,99.45,0,0.0,27315884494,27296978198,206974451.0,35056.62,36047.74,50.68,7244105.79,0,0,0,0,yfinance_ETH-USD,yfinance_STETH-USD,beacon_formula_16632_sqrt_S,modelo_teorico_oficial,modelo_invariante_stableswap,33345173.42,0.7852,3.2808,106601200640,2.894,27325475523,25.61,0.0177,1,127.2036,relay_data_api_concorrente,33345173.42,0.1392
2024-05-12,Post-Shapella,2928.7,2929.62,1.000314,0.000314,0.0314,0.005856,0.006676,40.0325,53.9517,40.2792,53.7362,3.6772,3.2913,0.3859,10.4944,0.0011,0.8936,2.8793,2.812,2.7733,1.5882,99.45,0,0.0,27438816479,27419974276,208061900.0,35247.67,35783.49,50.38,7282166.5,0,0,0,0,yfinance_ETH-USD,yfinance_STETH-USD,beacon_formula_16632_sqrt_S,modelo_teorico_oficial,modelo_invariante_stableswap,33369084.73,0.798,3.2913,107051088075,2.812,27368608800,25.61,0.0284,1,204.1736,relay_data_api_concorrente,33369084.73,0.2233
2024-05-13,Post-Shapella,2949.36,2946.83,0.999142,-0.000858,-0.0858,0.007029,0.005855,39.6062,47.192,39.8104,47.1714,3.6957,3.3078,0.3879,10.496,0.0011,0.8946,2.8852,2.888,2.8472,1.76,99.45,0,0.0,27536833000,27518270892,208835949.0,34827.56,36010.54,50.81,7309258.22,0,0,0,0,yfinance_ETH-USD,yfinance_STETH-USD,beacon_formula_16632_sqrt_S,modelo_teorico_oficial,modelo_invariante_stableswap,33231664.78,0.8105,3.3078,107524252082,2.888,27635739808,25.59,0.0294,1,211.413,relay_data_api_concorrente,33231664.78,0.2322
2024-05-14,Post-Shapella,2881.16,2879.04,0.999264,-0.000736,-0.0736,-0.023396,-0.023272,40.7332,44.2237,40.804,44.3204,3.708,3.3188,0.3892,10.4962,0.0011,0.8957,2.8854,3.087,3.0404,1.84,99.45,0,0.0,27740589299,27721463226,205051128.0,35038.04,36158.21,50.77,7176789.48,0,0,0,0,yfinance_ETH-USD,yfinance_STETH-USD,beacon_formula_16632_sqrt_S,modelo_teorico_oficial,modelo_invariante_stableswap,33226882.51,0.8226,3.3188,108050313770,3.087,27107555090,25.66,0.1389,1,999.9817,relay_data_api_concorrente,33226882.51,1.0985
2024-05-15,Post-Shapella,3037.06,3033.31,0.998765,-0.001235,-0.1235,0.052697,0.052198,58.2568,47.9488,58.0039,47.9726,3.7342,3.3423,0.3919,10.4949,0.0011,0.8968,2.9003,2.997,2.9531,1.78,99.45,0,0.0,27161347277,27142837446,214070221.0,34573.1,35957.31,50.95,7492457.74,0,0,0,0,yfinance_ETH-USD,yfinance_STETH-USD,beacon_formula_16632_sqrt_S,modelo_teorico_oficial,modelo_invariante_stableswap,32887771.39,0.834,3.3423,106178810666,2.997,28237127744,25.56,0.1098,0,790.4983,relay_data_api_concorrente,32887771.39,0.8773
2024-05-16,Post-Shapella,2945.13,2941.89,0.9989,-0.0011,-0.11,-0.030736,-0.030603,60.5382,49.0628,60.0359,49.0755,3.7355,3.3434,0.3921,10.4966,0.0011,0.8978,2.891,3.043,2.9977,1.9,99.45,0,0.0,28324665695,28304477567,208223631.0,34712.61,36028.02,50.9,7287827.09,0,0,0,0,yfinance_ETH-USD,yfinance_STETH-USD,beacon_formula_16632_sqrt_S,modelo_teorico_oficial,modelo_invariante_stableswap,33099491.16,0.8445,3.3434,110835846089,3.043,27494295812,25.54,0.0807,0,581.015,relay_data_api_concorrente,33099491.16,0.6407
2024-05-17,Post-Shapella,3094.12,3089.43,0.998484,-0.001516,-0.1516,0.04935,0.048935,61.6585,50.7943,61.2465,50.735,3.7639,3.3689,0.395,10.4944,0.0011,0.8989,2.91,2.906,2.8647,1.83,99.45,0,0.0,27523743823,27503284092,219208500.0,34677.14,36224.57,51.05,7672297.5,0,0,0,0,yfinance_ETH-USD,yfinance_STETH-USD,beacon_formula_16632_sqrt_S,modelo_teorico_oficial,modelo_invariante_stableswap,32667549.67,0.8539,3.3689,108499862534,2.906,28917923715,25.35,0.0516,1,371.5316,relay_data_api_concorrente,32667549.67,0.4151
2024-05-18,Post-Shapella,3122.95,3119.94,0.999036,-0.000964,-0.0964,0.009275,0.009828,61.278,50.04,60.8191,49.874,3.7741,3.378,0.3961,10.4952,0.0011,0.9,2.912,2.776,2.7383,1.8083,99.45,0,0.0,29018415379,28996742225,221361647.0,34837.55,36079.45,50.85,7747657.64,0,0,0,0,yfinance_ETH-USD,yfinance_STETH-USD,beacon_formula_16632_sqrt_S,modelo_teorico_oficial,modelo_invariante_stableswap,32622559.65,0.862,3.378,113533718431,2.776,29119269053,25.54,0.0153,1,110.452,relay_data_api_concorrente,32622559.65,0.1236
2024-05-19,Post-Shapella,3071.84,3071.33,0.999834,-0.000166,-0.0166,-0.0165,-0.015704,64.2542,50.3885,63.633,50.1938,3.7772,3.3808,0.3964,10.4945,0.0011,0.9011,2.9085,2.853,2.8132,1.67,99.45,0,0.0,29266218398,29243920320,217772050.0,35048.58,35850.4,50.56,7622021.75,0,0,0,0,yfinance_ETH-USD,yfinance_STETH-USD,beacon_formula_16632_sqrt_S,modelo_teorico_oficial,modelo_invariante_stableswap,32701917.73,0.8687,3.3808,114465394889,2.853,28579330260,25.55,0.0286,1,205.829,relay_data_api_concorrente,32701917.73,0.2297
2024-05-20,Post-Shapella,3663.86,3655.36,0.99768,-0.00232,-0.232,0.176238,0.174085,138.2088,78.9276,136.4677,78.272,3.8164,3.4159,0.4005,10.4942,0.0011,0.9022,2.9425,2.88,2.8394,1.7184,99.45,0,0.0,28712603282,28690646027,256876069.0,34111.39,36083.1,51.35,8990662.42,0,0,0,0,yfinance_ETH-USD,yfinance_STETH-USD,beacon_formula_16632_sqrt_S,modelo_teorico_oficial,modelo_invariante_stableswap,31950119.94,0.8739,3.4159,112947518990,2.88,34170060889,25.4,0.0444,0,319.3342,relay_data_api_concorrente,31950119.94,0.3648
2024-05-21,Post-Shapella,3789.31,3786.21,0.999182,-0.000818,-0.0818,0.033669,0.035172,130.4751,79.4925,128.6892,78.9302,3.8344,3.432,0.4024,10.4945,0.0011,0.9033,2.9571,3.936,3.8607,2.8705,99.45,0,0.0,34106380391,34082480643,268573445.0,34872.31,36033.78,50.8,9400070.58,0,0,0,0,yfinance_ETH-USD,yfinance_STETH-USD,beacon_formula_16632_sqrt_S,modelo_teorico_oficial,modelo_invariante_stableswap,31635539.79,0.8773,3.432,131305570141,3.936,35021996587,25.96,0.0601,1,432.8393,relay_data_api_concorrente,31635539.79,0.4994
2024-05-22,Post-Shapella,3737.22,3736.94,0.999925,-7.5e-05,-0.0075,-0.013843,-0.0131,135.0372,79.6899,133.2142,79.0529,3.8244,3.423,0.4014,10.4958,0.0011,0.9044,2.9453,3.183,3.1335,2.1705,99.45,0,0.0,35311622169,35288645949,264990857.0,35079.0,35829.56,50.53,9274680.0,0,0,0,0,yfinance_ETH-USD,yfinance_STETH-USD,beacon_formula_16632_sqrt_S,modelo_teorico_oficial,modelo_invariante_stableswap,31888838.38,0.8791,3.423,135386470950,3.183,34959045610,26.07,0.174,1,1252.6284,relay_data_api_concorrente,31888838.38,1.4338
2024-05-23,Post-Shapella,3776.93,3771.7,0.998615,-0.001385,-0.1385,0.010569,0.009258,126.8492,79.7122,125.0801,79.0586,3.8318,3.4296,0.4022,10.4964,0.0011,0.9055,2.9528,3.191,3.1413,2.02,99.45,0,0.0,35111299740,35088250274,270176280.0,35047.37,36536.53,51.01,9456169.8,0,0,0,0,yfinance_ETH-USD,yfinance_STETH-USD,beacon_formula_16632_sqrt_S,modelo_teorico_oficial,modelo_invariante_stableswap,31727833.48,0.879,3.4296,135407769107,3.191,35401832827,25.91,0.1333,0,959.7468,relay_data_api_concorrente,31727833.48,1.1041
2024-05-24,Post-Shapella,3726.93,3726.12,0.999783,-0.000217,-0.0217,-0.013325,-0.012156,130.712,79.2466,128.8108,78.4723,3.815,3.4147,0.4003,10.4928,0.0011,0.9066,2.9379,4.24,4.1528,2.5,99.45,0,0.0,35548518516,35525799914,264677500.0,35097.19,35928.19,50.58,9263712.5,0,0,0,0,yfinance_ETH-USD,yfinance_STETH-USD,beacon_formula_16632_sqrt_S,modelo_teorico_oficial,modelo_invariante_stableswap,32050031.31,0.8771,3.4147,136111119779,4.24,34713288127,26.1,0.0926,0,666.8652,relay_data_api_concorrente,32050031.31,0.7595
2024-05-25,Post-Shapella,3749.24,3748.69,0.999853,-0.000147,-0.0147,0.005966,0.006037,131.0001,79.2465,129.1427,78.4676,3.8114,3.4114,0.4,10.4948,0.0011,0.9077,2.9379,3.022,2.9774,1.69,99.45,0,0.0,34845958155,34824359786,265339027.0,34993.88,35782.79,50.55,9286865.94,0,0,0,0,yfinance_ETH-USD,yfinance_STETH-USD,beacon_formula_16632_sqrt_S,modelo_teorico_oficial,modelo_invariante_stableswap,32051109.33,0.8735,3.4114,134715884431,3.022,34745485827,25.85,0.0519,1,373.9836,relay_data_api_concorrente,32051109.33,0.4259
2024-05-26,Post-Shapella,3825.9,3823.55,0.999386,-0.000614,-0.0614,0.020241,0.019774,126.3334,79.2336,124.596,78.4242,3.8153,3.4149,0.4004,10.4946,0.0011,0.9088,2.9472,2.959,2.9162,1.63,99.45,0,0.0,34907968628,34886367750,271420154.0,34957.97,36006.97,50.72,9499705.39,0,0,0,0,yfinance_ETH-USD,yfinance_STETH-USD,beacon_formula_16632_sqrt_S,modelo_teorico_oficial,modelo_invariante_stableswap,31849033.87,0.8682,3.4149,135365977282,2.959,35702895399,25.77,0.0707,1,508.9989,relay_data_api_concorrente,31849033.87,0.5833
2024-05-27,Post-Shapella,3892.01,3894.82,1.000722,0.000722,0.0722,0.017132,0.018468,33.3831,78.5147,33.4159,77.7254,3.7771,3.3807,0.3964,10.4948,0.0011,0.9099,2.9159,3.103,3.056,1.7805,99.45,0,0.0,35835746945,35814658258,274424553.0,35088.13,35396.04,50.24,9604859.36,0,0,0,0,yfinance_ETH-USD,yfinance_STETH-USD,beacon_formula_16632_sqrt_S,modelo_teorico_oficial,modelo_invariante_stableswap,32536155.69,0.8612,3.3807,138800047120,3.103,36093901178,25.8,0.2035,0,1464.8807,relay_data_api_concorrente,32536155.69,1.6433
2024-05-28,Post-Shapella,3840.26,3838.24,0.999474,-0.000526,-0.0526,-0.013386,-0.014633,28.9046,78.8016,28.7755,78.0574,3.7587,3.3642,0.3945,10.4957,0.0011,0.911,2.906,3.222,3.1713,1.71,99.45,0,0.0,36270152684,36248123445,272705483.0,35014.98,36016.21,50.69,9544691.91,0,0,0,0,yfinance_ETH-USD,yfinance_STETH-USD,beacon_formula_16632_sqrt_S,modelo_teorico_oficial,modelo_invariante_stableswap,32758726.7,0.8527,3.3642,139877630924,3.222,36232785916,25.91,0.3362,1,2420.7625,relay_data_api_concorrente,32758726.7,2.6972
2024-05-29,Post-Shapella,3763.2,3762.79,0.999891,-0.000109,-0.0109,-0.02027,-0.019854,31.3079,79.0071,31.2326,78.229,3.7433,3.3504,0.3929,10.4961,0.0011,0.912,2.9004,3.151,3.1025,1.71,99.45,0,0.0,36507655562,36485751258,266795156.0,35065.23,35834.5,50.54,9337830.46,0,0,0,0,yfinance_ETH-USD,yfinance_STETH-USD,beacon_formula_16632_sqrt_S,modelo_teorico_oficial,modelo_invariante_stableswap,32885339.72,0.8429,3.3504,139227452480,3.151,35742418096,26.21,0.0373,1,268.5578,relay_data_api_concorrente,32885339.72,0.2981
2024-05-30,Post-Shapella,3746.85,3747.19,1.000091,9.1e-05,0.0091,-0.004353,-0.004155,30.3705,74.9166,30.5659,74.3054,3.7255,3.3345,0.391,10.4952,0.0011,0.9131,2.8936,3.237,3.1859,1.7305,99.45,0,0.0,35985925689,35964055230,264662793.0,34988.06,35644.78,50.47,9263197.76,0,0,0,0,yfinance_ETH-USD,yfinance_STETH-USD,beacon_formula_16632_sqrt_S,modelo_teorico_oficial,modelo_invariante_stableswap,33039756.12,0.8319,3.3345,137064566104,3.237,35585717621,26.24,0.064,0,461.0459,relay_data_api_concorrente,33039756.12,0.5093
2024-05-31,Post-Shapella,3760.03,3760.79,1.000202,0.000202,0.0202,0.003511,0.003625,28.6465,74.531,29.1309,73.8902,3.7144,3.3246,0.3898,10.4943,0.0011,0.9142,2.8945,3.275,3.2227,1.83,99.45,0,0.0,35709394441,35687820290,265546752.0,35011.25,35605.12,50.43,9294136.32,0,0,0,0,yfinance_ETH-USD,yfinance_STETH-USD,beacon_formula_16632_sqrt_S,modelo_teorico_oficial,modelo_invariante_stableswap,33019114.08,0.8199,3.3246,136633663708,3.275,35918322227,26.12,0.0908,0,653.534,relay_data_api_concorrente,33019114.08,0.7224
2024-06-01,Post-Shapella,3813.2,3812.14,0.999722,-0.000278,-0.0278,0.014042,0.013561,30.0141,74.559,30.3527,73.9052,3.6984,3.3102,0.3882,10.4964,0.0011,0.9152,2.8912,3.131,3.0831,1.7805,99.45,0,0.0,36003173962,35981676313,269026612.0,34851.61,35709.72,50.6,9415931.42,0,0,0,0,yfinance_ETH-USD,yfinance_STETH-USD,beacon_formula_16632_sqrt_S,modelo_teorico_oficial,modelo_invariante_stableswap,33093090.41,0.8072,3.3102,138374033393,3.131,36097095928,26.0,0.1175,1,846.0222,relay_data_api_concorrente,33093090.41,0.9331
2024-06-02,Post-Shapella,3780.9,3780.66,0.999937,-6.3e-05,-0.0063,-0.008507,-0.008293,26.6149,73.9825,27.1786,73.2795,3.6747,3.289,0.3857,10.4961,0.0011,0.9163,2.8809,3.15,3.1015,1.68,99.45,0,0.0,36297562606,36275983380,266056191.0,34816.47,35554.26,50.52,9311966.68,0,0,0,0,yfinance_ETH-USD,yfinance_STETH-USD,beacon_formula_16632_sqrt_S,modelo_teorico_oficial,modelo_invariante_stableswap,33331749.34,0.7938,3.289,139453467897,3.15,35927306227,26.01,0.0688,1,495.3438,relay_data_api_concorrente,33331749.34,0.5424
2024-06-03,Post-Shapella,3766.39,3765.66,0.999806,-0.000194,-0.0194,-0.003844,-0.003975,21.3874,74.0692,21.2848,73.3699,3.6535,3.2701,0.3834,10.494,0.0011,0.9173,2.8733,3.266,3.2139,1.86,99.45,0,0.0,36000901646,35979855707,265601716.0,34857.18,35668.64,50.57,9296060.06,0,0,0,0,yfinance_ETH-USD,yfinance_STETH-USD,beacon_formula_16632_sqrt_S,modelo_teorico_oficial,modelo_invariante_stableswap,33507662.58,0.7802,3.2701,138586383616,3.266,35796738203,25.96,0.1357,0,977.1592,relay_data_api_concorrente,33507662.58,1.0644
2024-06-04,Post-Shapella,3812.52,3812.27,0.999934,-6.6e-05,-0.0066,0.012173,0.012301,22.968,74.0975,22.5758,73.3997,3.6401,3.2581,0.382,10.4942,0.001,0.9184,2.8737,3.179,3.1296,1.7205,99.45,0,0.0,35944065900,35922675711,268521655.0,34847.16,35586.71,50.52,9398257.93,0,0,0,0,yfinance_ETH-USD,yfinance_STETH-USD,beacon_formula_16632_sqrt_S,modelo_teorico_oficial,modelo_invariante_stableswap,33499236.25,0.7665,3.2581,138252506901,3.179,36265529170,25.98,0.2026,0,1458.9747,relay_data_api_concorrente,33499236.25,1.5897
2024-06-05,Post-Shapella,3864.26,3857.81,0.998331,-0.001669,-0.1669,0.013481,0.011875,18.2116,73.3028,17.4813,72.6258,3.6326,3.2514,0.3812,10.4939,0.001,0.9194,2.8797,3.258,3.2062,1.72,99.45,0,0.0,36399082679,36377093354,270997309.0,34286.72,35902.37,51.11,9484905.82,0,0,0,0,yfinance_ETH-USD,yfinance_STETH-USD,beacon_formula_16632_sqrt_S,modelo_teorico_oficial,modelo_invariante_stableswap,33357979.18,0.7529,3.2514,140231573490,3.258,36717862224,25.94,0.2696,1,1940.7902,relay_data_api_concorrente,33357979.18,2.1236
2024-06-06,Post-Shapella,3811.61,3811.18,0.999887,-0.000113,-0.0113,-0.01372,-0.012161,21.6832,73.1059,20.352,72.3503,3.6187,3.2389,0.3798,10.4955,0.001,0.9205,2.8791,3.499,3.4393,2.01,99.45,0,0.0,36727843961,36705421064,267605774.0,34724.29,35487.78,50.54,9366202.09,0,0,0,0,yfinance_ETH-USD,yfinance_STETH-USD,beacon_formula_16632_sqrt_S,modelo_teorico_oficial,modelo_invariante_stableswap,33373752.5,0.7397,3.2389,141903099121,3.499,36146875321,25.87,0.0555,1,399.8531,relay_data_api_concorrente,33373752.5,0.4373
2024-06-07,Post-Shapella,3678.63,3676.22,0.999345,-0.000655,-0.0655,-0.03551,-0.036055,34.8376,74.392,34.3068,73.6682,3.5981,3.2205,0.3776,10.4944,0.001,0.9215,2.8711,3.372,3.3165,1.7804,99.45,0,0.0,36299693986,36277676021,259267442.0,34718.52,35784.27,50.74,9074360.47,0,0,0,0,yfinance_ETH-USD,yfinance_STETH-USD,beacon_formula_16632_sqrt_S,modelo_teorico_oficial,modelo_invariante_stableswap,33559525.56,0.727,3.2205,140905639762,3.372,35111188709,25.75,0.0477,0,343.613,relay_data_api_concorrente,33559525.56,0.3737
2024-06-08,Post-Shapella,3680.95,3680.14,0.99978,-0.00022,-0.022,0.000631,0.001067,32.0514,74.2579,31.667,73.51,3.5837,3.2076,0.3761,10.4947,0.001,0.9225,2.8685,3.319,3.2653,1.81,99.45,0,0.0,35202933184,35181945390,258558920.0,34713.6,35536.66,50.58,9049562.2,0,0,0,0,yfinance_ETH-USD,yfinance_STETH-USD,beacon_formula_16632_sqrt_S,modelo_teorico_oficial,modelo_invariante_stableswap,33620590.07,0.7152,3.2076,137216203205,3.319,34985076582,25.64,0.0399,1,287.373,relay_data_api_concorrente,33620590.07,0.312
2024-06-09,Post-Shapella,3705.9,3702.81,0.999166,-0.000834,-0.0834,0.006756,0.00614,32.9307,72.1338,32.4685,71.3857,3.5764,3.2011,0.3753,10.4938,0.001,0.9236,2.8721,3.044,2.9987,1.7704,99.45,0,0.0,34953965915,34933639937,260792226.0,34619.49,35782.52,50.81,9127727.91,0,0,0,0,yfinance_ETH-USD,yfinance_STETH-USD,beacon_formula_16632_sqrt_S,modelo_teorico_oficial,modelo_invariante_stableswap,33536246.02,0.7043,3.2011,136485499896,3.044,35269566359,25.6,0.0726,1,522.8204,relay_data_api_concorrente,33536246.02,0.569
2024-06-10,Post-Shapella,3666.72,3665.02,0.999536,-0.000464,-0.0464,-0.01063,-0.010258,33.4149,72.3862,32.9007,71.6197,3.5635,3.1895,0.374,10.4953,0.001,0.9246,2.8689,3.242,3.1907,1.91,99.45,0,0.0,35597308815,35576446833,258106653.0,34724.68,35683.57,50.67,9033732.86,0,0,0,0,yfinance_ETH-USD,yfinance_STETH-USD,beacon_formula_16632_sqrt_S,modelo_teorico_oficial,modelo_invariante_stableswap,33611309.76,0.6946,3.1895,137886751312,3.242,34867335185,25.8,0.3882,1,2794.7106,relay_data_api_concorrente,33611309.76,3.0349
2024-06-11,Post-Shapella,3498.33,3499.06,1.000209,0.000209,0.0209,-0.047011,-0.046339,42.3151,74.861,41.4934,74.0596,3.5427,3.1709,0.3718,10.4948,0.001,0.9256,2.8566,3.577,3.5147,2.2004,99.45,0,0.0,35008046698,34987471388,246281917.0,34901.37,35491.07,50.42,8619867.1,0,0,0,0,yfinance_ETH-USD,yfinance_STETH-USD,beacon_formula_16632_sqrt_S,modelo_teorico_oficial,modelo_invariante_stableswap,33901621.34,0.6862,3.1709,135906722593,3.577,33191496875,25.74,0.0401,1,289.0434,relay_data_api_concorrente,33901621.34,0.3112
2024-06-12,Post-Shapella,3559.62,3558.39,0.999654,-0.000346,-0.0346,0.017367,0.016814,43.8209,74.967,43.3521,74.157,3.5368,3.1656,0.3712,10.4954,0.001,0.9266,2.8576,3.263,3.211,1.78,99.45,0,0.0,33350658525,33331401484,251271519.0,34852.87,35748.9,50.63,8794503.17,0,0,0,0,yfinance_ETH-USD,yfinance_STETH-USD,beacon_formula_16632_sqrt_S,modelo_teorico_oficial,modelo_invariante_stableswap,33876430.34,0.6791,3.1656,131134153893,3.263,33937043617,25.42,0.1401,1,1008.7726,relay_data_api_concorrente,33876430.34,1.0869
2024-06-13,Post-Shapella,3469.28,3465.78,0.998991,-0.001009,-0.1009,-0.025706,-0.02637,44.9909,75.0862,44.6697,74.3201,3.528,3.1577,0.3703,10.496,0.001,0.9276,2.8544,3.674,3.6083,2.04,99.45,0,0.0,33956429886,33936378132,244688578.0,34652.64,35913.67,50.87,8564100.23,0,0,0,0,yfinance_ETH-USD,yfinance_STETH-USD,beacon_formula_16632_sqrt_S,modelo_teorico_oficial,modelo_invariante_stableswap,33952602.42,0.6736,3.1577,133098486984,3.674,33064632708,25.5,0.0854,0,614.9749,relay_data_api_concorrente,33952602.42,0.6611
2024-06-14,Post-Shapella,3480.27,3478.95,0.999621,-0.000379,-0.0379,0.003163,0.003792,42.0206,73.1888,41.633,72.4422,3.5309,3.1603,0.3706,10.4959,0.001,0.9287,2.8614,3.073,3.0269,1.6603,99.45,0,0.0,33186313631,33167242923,244186990.0,34633.48,35543.23,50.64,8546544.65,0,0,0,0,yfinance_ETH-USD,yfinance_STETH-USD,beacon_formula_16632_sqrt_S,modelo_teorico_oficial,modelo_invariante_stableswap,33786104.34,0.6695,3.1603,130723637487,3.073,33233388091,25.37,0.0307,1,221.1772,relay_data_api_concorrente,33786104.34,0.2389
2024-06-15,Post-Shapella,3565.55,3564.14,0.999605,-0.000395,-0.0395,0.024208,0.024191,47.9668,72.3602,47.5796,71.6103,3.5337,3.1629,0.3708,10.4933,0.001,0.9297,2.8668,3.126,3.0783,1.65,99.45,0,0.0,33197893407,33179470716,249800142.0,34577.86,35495.53,50.64,8743004.97,0,0,0,0,yfinance_ETH-USD,yfinance_STETH-USD,beacon_formula_16632_sqrt_S,modelo_teorico_oficial,modelo_invariante_stableswap,33659382.55,0.6669,3.1629,130481917426,3.126,33920186365,25.43,0.0426,0,306.4489,relay_data_api_concorrente,33659382.55,0.3323
2024-06-16,Post-Shapella,3620.56,3619.01,0.999572,-0.000428,-0.0428,0.015311,0.015278,49.5648,70.7723,49.2595,70.0389,3.5332,3.1624,0.3708,10.4947,0.001,0.9307,2.8674,2.956,2.9133,1.5503,99.45,0,0.0,34047373923,34028631741,254234216.0,34648.48,35586.33,50.66,8898197.56,0,0,0,0,yfinance_ETH-USD,yfinance_STETH-USD,beacon_formula_16632_sqrt_S,modelo_teorico_oficial,modelo_invariante_stableswap,33645307.13,0.6658,3.1624,133194005872,2.956,34676399878,25.55,0.0544,1,391.7207,relay_data_api_concorrente,33645307.13,0.425
2024-06-17,Post-Shapella,3511.38,3510.58,0.999772,-0.000228,-0.0228,-0.030621,-0.030418,53.3165,71.8458,53.0076,71.1082,3.532,3.1613,0.3707,10.4955,0.001,0.9317,2.8658,2.945,2.9026,1.5703,99.45,0,0.0,34358500125,34339202761,247205306.0,34790.25,35619.04,50.58,8652185.71,0,0,0,0,yfinance_ETH-USD,yfinance_STETH-USD,beacon_formula_16632_sqrt_S,modelo_teorico_oficial,modelo_invariante_stableswap,33683745.06,0.6662,3.1613,134566891842,2.945,33655561943,25.52,0.0312,1,224.4472,relay_data_api_concorrente,33683745.06,0.2432
2024-06-18,Post-Shapella,3483.68,3482.87,0.999767,-0.000233,-0.0233,-0.007919,-0.007924,41.2029,71.601,41.2425,70.8892,3.5409,3.1693,0.3716,10.4945,0.001,0.9327,2.873,3.203,3.1529,1.71,99.45,0,0.0,33685640195,33667123192,244071913.0,34621.12,35448.64,50.58,8542516.96,0,0,0,0,yfinance_ETH-USD,yfinance_STETH-USD,beacon_formula_16632_sqrt_S,modelo_teorico_oficial,modelo_invariante_stableswap,33514563.37,0.6679,3.1693,131761950892,3.203,33087509211,25.55,0.1037,1,746.9008,relay_data_api_concorrente,33514563.37,0.8134
2024-06-19,Post-Shapella,3559.35,3555.64,0.998958,-0.001042,-0.1042,0.021488,0.020678,42.3863,36.5847,42.3189,36.4407,3.5447,3.1727,0.372,10.4945,0.001,0.9337,2.8738,3.005,2.9609,1.64,99.45,0,0.0,33215741714,33198101614,250175166.0,34525.14,35798.93,50.88,8756130.81,0,0,0,0,yfinance_ETH-USD,yfinance_STETH-USD,beacon_formula_16632_sqrt_S,modelo_teorico_oficial,modelo_invariante_stableswap,33495919.67,0.6709,3.1727,130359702904,3.005,34056850368,25.47,0.0772,0,556.0481,relay_data_api_concorrente,33495919.67,0.6059
2024-06-20,Post-Shapella,3511.09,3510.12,0.999724,-0.000276,-0.0276,-0.013652,-0.012885,38.672,34.617,38.1429,34.2385,3.551,3.1783,0.3727,10.4956,0.001,0.9348,2.876,3.096,3.0492,1.7104,99.45,0,0.0,34005128053,33987899659,246533270.0,34686.5,35538.92,50.6,8628664.45,0,0,0,0,yfinance_ETH-USD,yfinance_STETH-USD,beacon_formula_16632_sqrt_S,modelo_teorico_oficial,modelo_invariante_stableswap,33444449.75,0.675,3.1783,132719201632,3.096,33694429852,25.61,0.0507,0,365.1954,relay_data_api_concorrente,33444449.75,0.3986
2024-06-21,Post-Shapella,3516.08,3515.37,0.999798,-0.000202,-0.0202,0.00142,0.001494,38.6527,34.3986,38.1065,34.049,3.5548,3.1818,0.373,10.4929,0.001,0.9358,2.8748,2.989,2.9453,1.68,99.45,0,0.0,33721466506,33704215998,246791998.0,34692.58,35504.12,50.57,8637719.93,0,0,0,0,yfinance_ETH-USD,yfinance_STETH-USD,beacon_formula_16632_sqrt_S,modelo_teorico_oficial,modelo_invariante_stableswap,33472061.46,0.68,3.1818,130985701431,2.989,33631149101,25.73,0.0242,1,174.3426,relay_data_api_concorrente,33472061.46,0.1901
2024-06-22,Post-Shapella,3494.81,3496.1,1.000369,0.000369,0.0369,-0.006065,-0.005497,33.6768,34.1197,33.0399,33.8212,3.553,3.1801,0.3729,10.4954,0.001,0.9368,2.8672,2.88,2.8394,1.54,99.45,0,0.0,33786598870,33769310036,245192512.0,34823.22,35322.78,50.37,8581737.92,0,0,0,0,yfinance_ETH-USD,yfinance_STETH-USD,beacon_formula_16632_sqrt_S,modelo_teorico_oficial,modelo_invariante_stableswap,33650965.76,0.6858,3.1801,131324855611,2.88,33641774470,25.71,0.0112,1,80.3325,relay_data_api_concorrente,33650965.76,0.0871
2024-06-23,Post-Shapella,3418.61,3419.52,1.000266,0.000266,0.0266,-0.022045,-0.022147,32.1834,34.5974,31.6373,34.3544,3.5494,3.1769,0.3725,10.4947,0.001,0.9378,2.8573,2.947,2.9045,1.69,99.45,0,0.0,33733516672,33716203476,239438238.0,34737.88,35292.37,50.4,8380338.33,0,0,0,0,yfinance_ETH-USD,yfinance_STETH-USD,beacon_formula_16632_sqrt_S,modelo_teorico_oficial,modelo_invariante_stableswap,33883404.22,0.6921,3.1769,131104058128,2.947,32931721024,25.72,0.0229,1,165.2013,relay_data_api_concorrente,33883404.22,0.178
2024-06-24,Post-Shapella,3350.26,3348.64,0.999516,-0.000484,-0.0484,-0.020198,-0.020947,28.4268,34.9573,28.1161,34.7616,3.5543,3.1813,0.373,10.4943,0.001,0.9389,2.8555,3.007,2.9628,1.6504,99.45,0,0.0,33064859052,33048024995,233780587.0,34418.25,35378.69,50.68,8182320.55,0,0,0,0,yfinance_ETH-USD,yfinance_STETH-USD,beacon_formula_16632_sqrt_S,modelo_teorico_oficial,modelo_invariante_stableswap,33925730.93,0.6988,3.1813,128079498062,3.007,32245121469,25.8,0.029,0,208.4509,relay_data_api_concorrente,33925730.93,0.2243
2024-06-25,Post-Shapella,3395.03,3392.94,0.999384,-0.000616,-0.0616,0.013275,0.013142,31.7985,34.4362,31.492,34.2699,3.5644,3.1903,0.3741,10.4955,0.001,0.9399,2.8588,3.044,2.9987,1.61,99.45,0,0.0,32297108455,32280214771,238253430.0,34580.14,35618.9,50.72,8338870.05,0,0,0,0,yfinance_ETH-USD,yfinance_STETH-USD,beacon_formula_16632_sqrt_S,modelo_teorico_oficial,modelo_invariante_stableswap,33847284.31,0.7055,3.1903,125683677100,3.044,32929269169,25.68,0.035,0,251.7006,relay_data_api_concorrente,33847284.31,0.2714
2024-06-26,Post-Shapella,3369.48,3366.77,0.999196,-0.000804,-0.0804,-0.007555,-0.007743,23.6973,33.5975,23.8466,33.315,3.5611,3.1873,0.3738,10.4968,0.001,0.9409,2.8489,2.966,2.923,1.65,99.45,0,0.0,33031318275,33013545739,236685512.0,34564.61,35708.04,50.79,8283992.92,0,0,0,0,yfinance_ETH-USD,yfinance_STETH-USD,beacon_formula_16632_sqrt_S,modelo_teorico_oficial,modelo_invariante_stableswap,34083435.88,0.7122,3.1873,128191717018,2.966,32610176370,25.75,0.041,0,294.9502,relay_data_api_concorrente,34083435.88,0.3159
2024-06-27,Post-Shapella,3444.8,3443.47,0.999614,-0.000386,-0.0386,0.022108,0.022527,31.227,34.719,31.6756,34.4448,3.5706,3.1959,0.3747,10.494,0.001,0.9419,2.8521,2.979,2.9356,1.7103,99.45,0,0.0,32836414989,32818645534,241370617.0,34585.25,35496.56,50.64,8447971.6,0,0,0,0,yfinance_ETH-USD,yfinance_STETH-USD,beacon_formula_16632_sqrt_S,modelo_teorico_oficial,modelo_invariante_stableswap,34006797.14,0.7185,3.1959,127828993792,2.979,33385636816,25.67,0.047,0,338.1999,relay_data_api_concorrente,34006797.14,0.363
2024-06-28,Post-Shapella,3373.64,3372.81,0.999754,-0.000246,-0.0246,-0.020875,-0.020735,33.4953,34.7561,33.8604,34.4984,3.5691,3.1945,0.3746,10.4956,0.001,0.943,2.8449,3.133,3.0851,1.7103,99.45,0,0.0,33525241598,33505914212,236091599.0,34577.89,35412.09,50.59,8263205.97,0,0,0,0,yfinance_ETH-USD,yfinance_STETH-USD,beacon_formula_16632_sqrt_S,modelo_teorico_oficial,modelo_invariante_stableswap,34180615.06,0.7242,3.1945,127344772489,3.133,32815057609,26.31,0.053,1,381.4495,relay_data_api_concorrente,34180615.06,0.4073
2024-06-29,Post-Shapella,3372.97,3372.39,0.999828,-0.000172,-0.0172,-0.000198,-0.000125,33.7455,34.7756,34.1219,34.5195,3.572,3.1972,0.3748,10.4927,0.001,0.944,2.8429,2.822,2.783,1.4703,99.45,0,0.0,32927498439,32909413392,236603016.0,34678.62,35474.27,50.56,8281105.56,0,0,0,0,yfinance_ETH-USD,yfinance_STETH-USD,beacon_formula_16632_sqrt_S,modelo_teorico_oficial,modelo_invariante_stableswap,34227992.45,0.7291,3.1972,124428293289,2.822,32852223529,26.45,0.0417,0,300.4654,relay_data_api_concorrente,34227992.45,0.3204
2024-06-30,Post-Shapella,3432.89,3433.67,1.000227,0.000227,0.0227,0.017609,0.018009,33.7591,35.4742,34.2715,35.2507,3.5817,3.2058,0.3759,10.495,0.001,0.945,2.8486,2.788,2.7499,1.46,99.45,0,0.0,32933751631,32915695746,241206016.0,34838.78,35416.42,50.42,8442210.56,0,0,0,0,yfinance_ETH-USD,yfinance_STETH-USD,beacon_formula_16632_sqrt_S,modelo_teorico_oficial,modelo_invariante_stableswap,34090639.94,0.7331,3.2058,124426478504,2.788,33153014476,26.45,0.0305,1,219.4813,relay_data_api_concorrente,34090639.94,0.235
2024-07-01,Post-Shapella,3440.34,3439.3,0.999698,-0.000302,-0.0302,0.002169,0.001639,28.8911,34.9933,29.1329,34.7866,3.5888,3.2122,0.3766,10.4938,0.001,0.946,2.8529,2.997,2.9531,1.61,99.45,0,0.0,33255412787,33236794111,240745025.0,34561.53,35426.28,50.61,8426075.88,0,0,0,0,yfinance_ETH-USD,yfinance_STETH-USD,beacon_formula_16632_sqrt_S,modelo_teorico_oficial,modelo_invariante_stableswap,33988872.81,0.736,3.2122,126272676729,2.997,33592760514,26.32,0.0492,1,354.5567,relay_data_api_concorrente,33988872.81,0.3808
2024-07-02,Post-Shapella,3416.35,3415.22,0.999669,-0.000331,-0.0331,-0.006997,-0.007028,28.5489,34.9697,28.8443,34.7671,3.5829,3.2068,0.3761,10.4971,0.001,0.9471,2.8454,2.975,2.9317,1.5603,99.45,0,0.0,33728112518,33709091358,238663090.0,34495.34,35375.45,50.62,8353208.15,0,0,0,0,yfinance_ETH-USD,yfinance_STETH-USD,beacon_formula_16632_sqrt_S,modelo_teorico_oficial,modelo_invariante_stableswap,34169074.47,0.7375,3.2068,126952327311,2.975,33207938753,26.55,0.1927,1,1387.3418,relay_data_api_concorrente,34169074.47,1.482
2024-07-03,Post-Shapella,3292.92,3295.19,1.000689,0.000689,0.0689,-0.0368,-0.035777,39.5179,36.863,39.2144,36.5581,3.5766,3.2012,0.3754,10.496,0.001,0.9481,2.839,3.04,2.9948,1.64,99.45,0,0.0,33291882493,33272082903,230593835.0,34840.06,35162.86,50.25,8070784.22,0,0,0,0,yfinance_ETH-USD,yfinance_STETH-USD,beacon_formula_16632_sqrt_S,modelo_teorico_oficial,modelo_invariante_stableswap,34322983.9,0.7376,3.2012,125253642345,3.04,32155306107,26.56,0.4581,1,3298.1044,relay_data_api_concorrente,34322983.9,3.5073
2024-07-04,Post-Shapella,3054.52,3066.88,1.004046,0.004046,0.4046,-0.075151,-0.071803,59.0709,43.8249,56.9192,42.9242,3.5544,3.1814,0.373,10.494,0.001,0.9491,2.8182,3.401,3.3446,2.1103,99.45,0,0.0,32206182988,32188028290,218763891.0,36509.44,34968.79,49.02,7656736.18,0,0,0,0,yfinance_ETH-USD,yfinance_STETH-USD,beacon_formula_16632_sqrt_S,modelo_teorico_oficial,modelo_invariante_stableswap,34830056.56,0.7362,3.1814,121396569644,3.401,30575326637,26.51,0.076,1,547.4859,relay_data_api_concorrente,34830056.56,0.5737
2024-07-05,Post-Shapella,2981.6,2980.2,0.99953,-0.00047,-0.047,-0.024163,-0.02867,59.2436,43.5348,57.5592,42.9801,3.544,3.1721,0.3719,10.4938,0.001,0.9501,2.8108,4.085,4.004,2.72,99.45,0,0.0,30723000488,30705779642,207613529.0,34348.69,35299.47,50.67,7266473.52,0,0,0,0,yfinance_ETH-USD,yfinance_STETH-USD,beacon_formula_16632_sqrt_S,modelo_teorico_oficial,modelo_invariante_stableswap,35013911.16,0.7332,3.1721,115449730799,4.085,28946851048,26.6,0.054,1,388.9118,relay_data_api_concorrente,35013911.16,0.4054
2024-07-06,Post-Shapella,3069.38,3063.23,0.997996,-0.002004,-0.2004,0.029015,0.027478,67.6387,45.4188,65.5733,44.7544,3.5446,3.1726,0.372,10.4948,0.001,0.9512,2.816,3.033,2.988,1.77,99.45,0,0.0,29175642844,29158219560,213263701.0,33884.89,35667.61,51.23,7464229.54,0,0,0,0,yfinance_ETH-USD,yfinance_STETH-USD,beacon_formula_16632_sqrt_S,modelo_teorico_oficial,modelo_invariante_stableswap,34885198.77,0.7286,3.1726,111539583968,3.033,29829267656,26.14,0.0338,0,243.5603,relay_data_api_concorrente,34885198.77,0.2548
2024-07-07,Post-Shapella,2929.39,2932.37,1.001017,0.001017,0.1017,-0.046682,-0.043659,65.5658,46.4501,62.4581,45.443,3.5259,3.1558,0.3701,10.4966,0.001,0.9522,2.8035,2.836,2.7966,1.85,99.45,0,0.0,29926773319,29908305851,205776372.0,35032.52,35177.17,50.13,7202173.02,0,0,0,0,yfinance_ETH-USD,yfinance_STETH-USD,beacon_formula_16632_sqrt_S,modelo_teorico_oficial,modelo_invariante_stableswap,35197203.31,0.7224,3.1558,113264972546,2.836,28707713574,26.41,0.0136,1,98.2087,relay_data_api_concorrente,35197203.31,0.1018
2024-07-08,Post-Shapella,3018.73,3014.5,0.998599,-0.001401,-0.1401,0.030044,0.027624,74.4717,48.2052,70.8358,46.9935,3.5206,3.1511,0.3695,10.4954,0.001,0.9532,2.806,2.92,2.8783,1.8103,99.45,0,0.0,28797598786,28780163797,210434821.0,34149.84,35609.78,51.01,7365218.74,0,0,0,0,yfinance_ETH-USD,yfinance_STETH-USD,beacon_formula_16632_sqrt_S,modelo_teorico_oficial,modelo_invariante_stableswap,35133706.91,0.7145,3.1511,109377668368,2.92,29320772502,26.31,0.0665,1,479.0304,relay_data_api_concorrente,35133706.91,0.4977
2024-07-09,Post-Shapella,3064.03,3062.37,0.999458,-0.000542,-0.0542,0.014895,0.015755,78.1474,48.5715,74.9372,47.4404,3.5164,3.1474,0.369,10.4937,0.001,0.9542,2.8113,2.969,2.9259,1.79,99.45,0,0.0,29446677384,29428590763,213861425.0,34411.39,35405.22,50.7,7485149.88,0,0,0,0,yfinance_ETH-USD,yfinance_STETH-USD,beacon_formula_16632_sqrt_S,modelo_teorico_oficial,modelo_invariante_stableswap,35002319.74,0.7052,3.1474,112393985804,2.969,29708773971,26.18,0.2709,1,1950.7495,relay_data_api_concorrente,35002319.74,2.0342
2024-07-10,Post-Shapella,3102.22,3100.17,0.999339,-0.000661,-0.0661,0.012386,0.012267,78.0816,48.9773,75.09,47.8544,3.5159,3.1469,0.369,10.4952,0.001,0.9552,2.8216,3.051,3.0055,1.92,99.45,0,0.0,29788094413,29769779667,215856714.0,34274.9,35329.81,50.74,7554984.99,0,0,0,0,yfinance_ETH-USD,yfinance_STETH-USD,beacon_formula_16632_sqrt_S,modelo_teorico_oficial,modelo_invariante_stableswap,34747706.32,0.6943,3.1469,113270415819,3.051,30098156877,26.28,0.2333,0,1680.088,relay_data_api_concorrente,34747706.32,1.7648
2024-07-11,Post-Shapella,3100.33,3100.15,0.999942,-5.8e-05,-0.0058,-0.000609,-6e-06,54.3264,46.6554,53.0613,45.5615,3.5205,3.151,0.3695,10.4957,0.001,0.9562,2.8383,2.999,2.955,1.66,99.45,0,0.0,30165920472,30147739910,215231263.0,34348.96,35075.12,50.52,7533094.21,0,0,0,0,yfinance_ETH-USD,yfinance_STETH-USD,beacon_formula_16632_sqrt_S,modelo_teorico_oficial,modelo_invariante_stableswap,34339750.22,0.6822,3.151,114456246925,2.999,30083038990,26.34,0.1958,0,1409.4265,relay_data_api_concorrente,34339750.22,1.4981
2024-07-12,Post-Shapella,3134.16,3132.36,0.999426,-0.000574,-0.0574,0.010852,0.010338,49.7057,46.3336,46.638,45.2434,3.5203,3.1509,0.3694,10.4934,0.001,0.9572,2.8514,3.055,3.0094,1.62,99.45,0,0.0,30323918209,30306306596,213944109.0,33647.19,34634.73,50.71,7488043.82,0,0,0,0,yfinance_ETH-USD,yfinance_STETH-USD,beacon_formula_16632_sqrt_S,modelo_teorico_oficial,modelo_invariante_stableswap,34024509.3,0.6689,3.1509,114831994439,3.055,30256851311,26.39,0.1582,0,1138.765,relay_data_api_concorrente,34024509.3,1.2216
2024-07-13,Post-Shapella,3177.2,3183.32,1.001926,0.001926,0.1926,0.013639,0.016138,46.7385,46.0715,44.2854,45.0569,3.5052,3.1373,0.3679,10.4958,0.001,0.9582,2.8505,2.901,2.8598,1.5603,99.45,0,0.0,30335958554,30318144550,217544867.0,34374.8,34030.27,49.8,7614070.35,0,0,0,0,yfinance_ETH-USD,yfinance_STETH-USD,beacon_formula_16632_sqrt_S,modelo_teorico_oficial,modelo_invariante_stableswap,34045877.87,0.6547,3.1373,115048074656,2.901,30746685796,26.35,0.1206,0,868.1034,relay_data_api_concorrente,34045877.87,0.9307
2024-07-14,Post-Shapella,3244.08,3252.04,1.002454,0.002454,0.2454,0.020832,0.021357,17.9323,46.7725,16.6499,45.7925,3.5055,3.1376,0.3679,10.4949,0.001,0.9593,2.8659,2.912,2.8705,1.5902,99.45,0,0.0,30775544799,30757461211,222097187.0,34502.31,33876.87,49.6,7773401.55,0,0,0,0,yfinance_ETH-USD,yfinance_STETH-USD,beacon_formula_16632_sqrt_S,modelo_teorico_oficial,modelo_invariante_stableswap,33680281.9,0.6396,3.1376,116638423445,2.912,31559879989,26.37,0.083,1,597.4419,relay_data_api_concorrente,33680281.9,0.6475
2024-07-15,Post-Shapella,3489.55,3492.8,1.000931,0.000931,0.0931,0.072942,0.071421,45.699,52.9371,44.2914,51.7947,3.4999,3.1326,0.3673,10.4946,0.001,0.9603,2.8759,2.916,2.8744,1.6302,99.45,0,0.0,31658633094,31639530898,237883262.0,33975.89,34162.47,50.16,8325914.17,0,0,0,0,yfinance_ETH-USD,yfinance_STETH-USD,beacon_formula_16632_sqrt_S,modelo_teorico_oficial,modelo_invariante_stableswap,33446081.87,0.624,3.1326,120046044462,2.916,33708952986,26.36,0.089,0,641.1092,relay_data_api_concorrente,33446081.87,0.6996
2024-07-16,Post-Shapella,3443.51,3446.14,1.000764,0.000764,0.0764,-0.013281,-0.01345,51.9763,52.7867,50.9333,51.6502,3.482,3.1166,0.3654,10.494,0.001,0.9613,2.874,3.067,3.021,1.73,99.45,0,0.0,33398502676,33378472214,234963092.0,33965.41,34242.04,50.22,8223708.22,0,0,0,0,yfinance_ETH-USD,yfinance_STETH-USD,beacon_formula_16632_sqrt_S,modelo_teorico_oficial,modelo_invariante_stableswap,33490458.02,0.608,3.1166,125073263050,3.067,33545418897,26.69,0.0951,0,684.7764,relay_data_api_concorrente,33490458.02,0.7463
2024-07-17,Post-Shapella,3388.75,3393.94,1.001532,0.001532,0.1532,-0.01603,-0.015263,57.1931,52.0193,56.0664,50.8515,3.4596,3.0965,0.3631,10.4954,0.001,0.9623,2.8677,3.141,3.0928,1.84,99.45,0,0.0,33547335618,33526759687,232525446.0,34348.8,34215.68,49.94,8138390.61,0,0,0,0,yfinance_ETH-USD,yfinance_STETH-USD,beacon_formula_16632_sqrt_S,modelo_teorico_oficial,modelo_invariante_stableswap,33639547.34,0.5919,3.0965,125735081090,3.141,33267405570,26.66,0.1012,1,728.4437,relay_data_api_concorrente,33639547.34,0.7904
2024-07-18,Post-Shapella,3426.26,3428.09,1.000534,0.000534,0.0534,0.011007,0.01001,56.1644,52.1297,55.1186,50.9344,3.4436,3.0822,0.3614,10.4948,0.001,0.9632,2.8677,3.337,3.2827,1.7802,99.45,0,0.0,33330916037,33310867080,235014240.0,34086.51,34487.13,50.31,8225498.4,0,0,0,0,yfinance_ETH-USD,yfinance_STETH-USD,beacon_formula_16632_sqrt_S,modelo_teorico_oficial,modelo_invariante_stableswap,33638629.65,0.5759,3.0822,124692034731,3.337,33315420925,26.71,0.0624,1,449.2403,relay_data_api_concorrente,33638629.65,0.4875
2024-07-19,Post-Shapella,3505.73,3505.32,0.999883,-0.000117,-0.0117,0.022931,0.022281,56.3927,52.2089,55.2623,51.0214,3.4311,3.071,0.3601,10.4952,0.001,0.9642,2.8708,3.144,3.0957,1.72,99.45,0,0.0,33412716758,33392492315,240012244.0,33859.87,34607.02,50.54,8400428.54,0,0,0,0,yfinance_ETH-USD,yfinance_STETH-USD,beacon_formula_16632_sqrt_S,modelo_teorico_oficial,modelo_invariante_stableswap,33566245.42,0.5603,3.071,124473369442,3.144,34329444700,26.83,0.0472,1,339.916,relay_data_api_concorrente,33566245.42,0.3696
2024-07-20,Post-Shapella,3519.3,3520.54,1.000352,0.000352,0.0352,0.003861,0.004331,57.0803,52.0109,55.9075,50.8474,3.4113,3.0533,0.358,10.4945,0.001,0.9652,2.866,2.886,2.8453,1.57,99.45,0,0.0,34395495449,34373944722,238905284.0,33690.2,34182.07,50.37,8361684.94,0,0,0,0,yfinance_ETH-USD,yfinance_STETH-USD,beacon_formula_16632_sqrt_S,modelo_teorico_oficial,modelo_invariante_stableswap,33679215.09,0.5453,3.0533,127817641891,2.886,34349451980,26.89,0.0691,1,497.5007,relay_data_api_concorrente,33679215.09,0.5392
2024-07-21,Post-Shapella,3536.61,3533.07,0.998999,-0.001001,-0.1001,0.004907,0.003554,57.1824,52.0364,56.0346,50.8596,3.3918,3.0358,0.356,10.4959,0.001,0.9662,2.8607,2.83,2.7908,1.4902,99.45,0,0.0,34434622621,34412457399,239973118.0,33340.31,34548.27,50.86,8399059.13,0,0,0,0,yfinance_ETH-USD,yfinance_STETH-USD,beacon_formula_16632_sqrt_S,modelo_teorico_oficial,modelo_invariante_stableswap,33804498.21,0.5311,3.0358,129778616383,2.83,34657037998,26.52,0.0207,1,148.8697,relay_data_api_concorrente,33804498.21,0.1607
2024-07-22,Post-Shapella,3440.42,3438.17,0.999346,-0.000654,-0.0654,-0.027574,-0.027228,33.5557,52.8958,32.607,51.7218,3.3577,3.0053,0.3524,10.4953,0.001,0.9672,2.8398,3.118,3.0705,1.6702,99.45,0,0.0,34629528389,34606157040,234465036.0,33571.63,34601.12,50.74,8206276.26,0,0,0,0,yfinance_ETH-USD,yfinance_STETH-USD,beacon_formula_16632_sqrt_S,modelo_teorico_oficial,modelo_invariante_stableswap,34302284.21,0.5179,3.0053,130004865291,3.118,33863421471,26.62,0.0278,0,200.4315,relay_data_api_concorrente,34302284.21,0.2133
2024-07-23,Post-Shapella,3482.0,3482.51,1.000146,0.000146,0.0146,0.012012,0.012812,33.3646,52.484,32.6351,51.321,3.3447,2.9937,0.351,10.4942,0.001,0.9681,2.8388,2.994,2.9502,1.68,99.45,0,0.0,33947676179,33924737910,236123202.0,33603.34,34204.18,50.45,8264312.07,0,0,0,0,yfinance_ETH-USD,yfinance_STETH-USD,beacon_formula_16632_sqrt_S,modelo_teorico_oficial,modelo_invariante_stableswap,34327600.24,0.5059,2.9937,128115128775,2.994,34011347816,26.48,0.035,1,251.9933,relay_data_api_concorrente,34327600.24,0.2679
2024-07-24,Post-Shapella,3336.34,3336.02,0.999904,-9.6e-05,-0.0096,-0.042731,-0.042975,45.3574,54.17,45.0629,53.0322,3.327,2.9778,0.3492,10.4959,0.001,0.9691,2.8317,2.951,2.9084,1.66,99.45,0,0.0,34166282741,34144225994,226277008.0,33547.84,34277.37,50.54,7919695.28,0,0,0,0,yfinance_ETH-USD,yfinance_STETH-USD,beacon_formula_16632_sqrt_S,modelo_teorico_oficial,modelo_invariante_stableswap,34498541.72,0.4953,2.9778,129053836700,2.951,32727809648,26.46,0.0273,1,196.5421,relay_data_api_concorrente,34498541.72,0.2079
2024-07-25,Post-Shapella,3174.43,3170.3,0.998699,-0.001301,-0.1301,-0.049747,-0.05095,54.806,56.6112,55.1681,55.6608,3.3052,2.9583,0.3469,10.4956,0.001,0.97,2.8191,2.995,2.9511,2.46,99.45,0,0.0,32851219268,32828445121,215628593.0,33301.66,34670.16,50.97,7547000.76,0,0,0,0,yfinance_ETH-USD,yfinance_STETH-USD,beacon_formula_16632_sqrt_S,modelo_teorico_oficial,modelo_invariante_stableswap,34809630.98,0.4861,2.9583,123815717709,2.995,31148432962,26.51,0.022,0,158.1496,relay_data_api_concorrente,34809630.98,0.1658
2024-07-26,Post-Shapella,3275.95,3277.39,1.00044,0.00044,0.044,0.031481,0.033219,58.2563,57.7754,59.5906,56.9715,3.2979,2.9518,0.3461,10.4946,0.0009,0.971,2.8193,2.933,2.8909,1.7702,99.45,0,0.0,31189537200,31167676875,223319651.0,33852.85,34301.5,50.34,7816187.79,0,0,0,0,yfinance_ETH-USD,yfinance_STETH-USD,beacon_formula_16632_sqrt_S,modelo_teorico_oficial,modelo_invariante_stableswap,34804555.28,0.4786,2.9518,118920101198,2.933,32184436314,26.21,0.0166,1,119.7572,relay_data_api_concorrente,34804555.28,0.1256
2024-07-27,Post-Shapella,3247.61,3249.0,1.000428,0.000428,0.0428,-0.00869,-0.008698,57.1761,57.2252,58.4691,56.3939,3.2889,2.9437,0.3452,10.4959,0.0009,0.9719,2.8161,2.812,2.7733,1.5102,99.45,0,0.0,32248611433,32225357374,223053209.0,34105.52,34561.95,50.34,7806862.32,0,0,0,0,yfinance_ETH-USD,yfinance_STETH-USD,beacon_formula_16632_sqrt_S,modelo_teorico_oficial,modelo_invariante_stableswap,34883031.9,0.4728,2.9437,122307772006,2.812,32273494149,26.35,0.0568,1,409.146,relay_data_api_concorrente,34883031.9,0.4281
2024-07-28,Post-Shapella,3271.46,3271.41,0.999985,-1.5e-05,-0.0015,0.007319,0.006872,57.6214,56.8967,59.034,56.0568,3.2821,2.9376,0.3445,10.4963,0.0009,0.9729,2.8134,3.023,2.9783,1.5902,99.45,0,0.0,32290918843,32267249770,221783794.0,33553.34,34240.71,50.51,7762432.79,0,0,0,0,yfinance_ETH-USD,yfinance_STETH-USD,beacon_formula_16632_sqrt_S,modelo_teorico_oficial,modelo_invariante_stableswap,34950136.24,0.4687,2.9376,122439053091,3.023,31966780834,26.35,0.0547,0,393.6881,relay_data_api_concorrente,34950136.24,0.4111
2024-07-29,Post-Shapella,3320.54,3323.61,1.000925,0.000925,0.0925,0.014889,0.015832,58.404,57.167,60.0105,56.3643,3.2877,2.9426,0.3451,10.4967,0.0009,0.9738,2.8214,2.811,2.7723,1.5402,99.45,0,0.0,32113582815,32090124560,226964836.0,34065.16,34254.96,50.16,7943769.26,0,0,0,0,yfinance_ETH-USD,yfinance_STETH-USD,beacon_formula_16632_sqrt_S,modelo_teorico_oficial,modelo_invariante_stableswap,34752491.35,0.4663,2.9426,122618376354,2.811,32731678257,26.17,0.0525,0,378.2302,relay_data_api_concorrente,34752491.35,0.3972
2024-07-30,Post-Shapella,3278.67,3276.56,0.999356,-0.000644,-0.0644,-0.01269,-0.014258,56.709,56.9339,58.3261,56.155,3.2803,2.936,0.3443,10.496,0.0009,0.9747,2.8146,2.913,2.8715,1.68,99.45,0,0.0,33055789526,33032469934,222886009.0,33491.11,34511.72,50.73,7801010.32,0,0,0,0,yfinance_ETH-USD,yfinance_STETH-USD,beacon_formula_16632_sqrt_S,modelo_teorico_oficial,modelo_invariante_stableswap,34919206.41,0.4657,2.936,125225594453,2.913,32188713549,26.38,0.0504,1,362.7723,relay_data_api_concorrente,34919206.41,0.3792
2024-07-31,Post-Shapella,3231.3,3229.97,0.999588,-0.000412,-0.0412,-0.014554,-0.01432,49.5948,57.0957,51.3364,56.3162,3.2859,2.941,0.3449,10.4964,0.0009,0.9757,2.8192,2.993,2.9492,1.78,99.45,0,0.0,32360387368,32337589772,220674885.0,33703.04,34604.11,50.65,7723620.98,0,0,0,0,yfinance_ETH-USD,yfinance_STETH-USD,beacon_formula_16632_sqrt_S,modelo_teorico_oficial,modelo_invariante_stableswap,34805931.9,0.4667,2.941,123581419093,2.993,31753650141,26.17,0.0419,1,302.0247,relay_data_api_concorrente,34805931.9,0.3167
2024-08-01,Post-Shapella,3201.56,3201.03,0.999834,-0.000166,-0.0166,-0.009244,-0.009,32.9967,57.1254,34.4695,56.3422,3.2972,2.9512,0.346,10.4938,0.0009,0.9766,2.8279,3.034,2.989,1.8,99.45,0,0.0,31759335121,31737441448,218157843.0,33688.56,34458.25,50.56,7635524.51,0,0,0,0,yfinance_ETH-USD,yfinance_STETH-USD,beacon_formula_16632_sqrt_S,modelo_teorico_oficial,modelo_invariante_stableswap,34591023.46,0.4693,2.9512,121195883614,3.034,31248706790,26.19,0.0352,0,253.2968,relay_data_api_concorrente,34591023.46,0.2673
2024-08-02,Post-Shapella,2986.01,2983.1,0.999025,-0.000975,-0.0975,-0.0697,-0.070511,51.9737,60.6782,52.7274,60.1262,3.2819,2.9374,0.3445,10.497,0.0009,0.9776,2.8085,3.005,2.9609,2.09,99.45,0,0.0,31285526869,31264376755,202486099.0,33325.41,34519.82,50.86,7087013.47,0,0,0,0,yfinance_ETH-USD,yfinance_STETH-USD,beacon_formula_16632_sqrt_S,modelo_teorico_oficial,modelo_invariante_stableswap,35070525.89,0.4733,2.9374,119438872061,3.005,29510514082,26.18,0.0284,0,204.5689,relay_data_api_concorrente,35070525.89,0.2129
2024-08-03,Post-Shapella,2903.39,2902.11,0.999559,-0.000441,-0.0441,-0.028062,-0.027524,52.8179,55.6731,53.4449,55.591,3.2817,2.9373,0.3444,10.4946,0.0009,0.9785,2.803,3.049,3.0036,2.35,99.45,0,0.0,29633810158,29613919490,197753974.0,33606.01,34520.62,50.66,6921389.09,0,0,0,0,yfinance_ETH-USD,yfinance_STETH-USD,beacon_formula_16632_sqrt_S,modelo_teorico_oficial,modelo_invariante_stableswap,35209208.61,0.4787,2.9373,113245417499,3.049,28571203677,26.15,0.0216,1,155.8411,relay_data_api_concorrente,35209208.61,0.1616
2024-08-04,Post-Shapella,2686.4,2679.64,0.997484,-0.002516,-0.2516,-0.077676,-0.079757,64.3783,61.2421,65.9174,61.261,3.2724,2.9289,0.3435,10.4969,0.0009,0.9795,2.7871,2.925,2.8832,2.2402,99.45,0,0.0,28671795988,28653554895,185371249.0,33523.09,35570.01,51.42,6487993.72,0,0,0,0,yfinance_ETH-USD,yfinance_STETH-USD,beacon_formula_16632_sqrt_S,modelo_teorico_oficial,modelo_invariante_stableswap,35611440.19,0.4852,2.9289,109953390903,2.925,26863039524,26.06,0.0298,0,214.5734,relay_data_api_concorrente,35611440.19,0.2199
2024-08-05,Post-Shapella,2417.21,2425.75,1.003533,0.003533,0.3533,-0.105589,-0.099542,73.5161,69.6715,71.1488,68.7314,3.252,2.9107,0.3413,10.4951,0.0009,0.9804,2.7593,9.908,9.4486,14.87,99.45,0,0.0,26864536013,26846693061,166668481.0,35020.03,33811.28,49.21,5833396.84,0,0,0,0,yfinance_ETH-USD,yfinance_STETH-USD,beacon_formula_16632_sqrt_S,modelo_teorico_oficial,modelo_invariante_stableswap,36334582.11,0.4927,2.9107,101385176201,9.908,23855331817,26.48,0.038,1,273.3057,relay_data_api_concorrente,36334582.11,0.2745
2024-08-06,Post-Shapella,2458.72,2454.46,0.998267,-0.001733,-0.1733,0.01703,0.011767,83.9433,68.7532,79.9268,67.8023,3.2669,2.9241,0.3428,10.4931,0.0009,0.9813,2.7659,3.574,3.5118,2.63,99.45,0,0.0,23928717169,23912371445,168488347.0,33487.08,35100.59,51.13,5897092.14,0,0,0,0,yfinance_ETH-USD,yfinance_STETH-USD,beacon_formula_16632_sqrt_S,modelo_teorico_oficial,modelo_invariante_stableswap,36159199.62,0.501,2.9241,93622266281,3.574,24430382356,25.54,0.0449,1,323.6237,relay_data_api_concorrente,36159199.62,0.3267
2024-08-07,Post-Shapella,2336.59,2334.71,0.999195,-0.000805,-0.0805,-0.05095,-0.050019,81.0006,69.2356,76.6962,68.3725,3.2669,2.9241,0.3428,10.4931,0.0009,0.9823,2.7571,3.022,2.9774,2.24,99.45,0,0.0,24478105509,24460006392,159951295.0,33684.34,34798.67,50.79,5598295.32,0,0,0,0,yfinance_ETH-USD,yfinance_STETH-USD,beacon_formula_16632_sqrt_S,modelo_teorico_oficial,modelo_invariante_stableswap,36390442.75,0.5098,2.9241,95596007499,3.022,22954418642,25.59,0.0482,0,347.3341,relay_data_api_concorrente,36390442.75,0.3484
2024-08-08,Post-Shapella,2683.35,2682.74,0.999773,-0.000227,-0.0227,0.138375,0.138951,156.7845,85.8896,154.9932,85.2884,3.3015,2.955,0.3465,10.4952,0.0009,0.9832,2.7826,3.074,3.0278,2.0702,99.45,0,0.0,23065549671,23050358331,182914917.0,33685.75,34488.71,50.58,6402022.1,0,0,0,0,yfinance_ETH-USD,yfinance_STETH-USD,beacon_formula_16632_sqrt_S,modelo_teorico_oficial,modelo_invariante_stableswap,35726707.1,0.5189,2.955,91157812464,3.074,25962923466,25.29,0.0515,0,371.0445,relay_data_api_concorrente,35726707.1,0.3791
2024-08-09,Post-Shapella,2599.6,2600.73,1.000435,0.000435,0.0435,-0.03171,-0.031045,152.5719,86.1802,150.5356,85.56,3.3253,2.9763,0.349,10.4953,0.001,0.9842,2.7972,3.078,3.0317,2.1002,99.45,0,0.0,25313848539,25297458691,176834161.0,33780.19,34228.54,50.34,6189195.64,0,0,0,0,yfinance_ETH-USD,yfinance_STETH-USD,beacon_formula_16632_sqrt_S,modelo_teorico_oficial,modelo_invariante_stableswap,35355892.7,0.5281,2.9763,99571801312,3.078,25538757180,25.41,0.0548,0,394.755,relay_data_api_concorrente,35355892.7,0.4075
2024-08-10,Post-Shapella,2610.02,2606.0,0.99846,-0.00154,-0.154,0.004002,0.002024,153.2706,86.2308,151.1,85.5804,3.3428,2.992,0.3508,10.4942,0.001,0.9851,2.8057,2.918,2.8764,1.95,99.45,0,0.0,25528755542,25513438891,177555485.0,33291.67,34790.31,51.06,6214441.98,0,0,0,0,yfinance_ETH-USD,yfinance_STETH-USD,beacon_formula_16632_sqrt_S,modelo_teorico_oficial,modelo_invariante_stableswap,35142576.11,0.5372,2.992,99631919274,2.918,25611210981,25.61,0.0581,0,418.4654,relay_data_api_concorrente,35142576.11,0.4346
2024-08-11,Post-Shapella,2553.25,2557.01,1.001473,0.001473,0.1473,-0.021991,-0.018979,144.4892,86.1964,141.409,85.496,3.3644,3.0113,0.3531,10.4952,0.001,0.9861,2.8186,2.75,2.713,1.68,99.45,0,0.0,25615018971,25599593019,175090025.0,34313.24,34211.73,49.96,6128150.88,0,0,0,0,yfinance_ETH-USD,yfinance_STETH-USD,beacon_formula_16632_sqrt_S,modelo_teorico_oficial,modelo_invariante_stableswap,34821461.06,0.5458,3.0113,99859951620,2.75,25419838600,25.64,0.0614,0,442.1758,relay_data_api_concorrente,34821461.06,0.4635
2024-08-12,Post-Shapella,2724.43,2725.31,1.000323,0.000323,0.0323,0.064892,0.063745,125.0477,89.5184,124.3103,88.6554,3.4114,3.0534,0.358,10.4942,0.001,0.9871,2.8575,2.987,2.9434,1.59,99.45,0,0.0,25156632780,25142351815,183552418.0,33428.95,33932.86,50.38,6424334.63,0,0,0,0,yfinance_ETH-USD,yfinance_STETH-USD,beacon_formula_16632_sqrt_S,modelo_teorico_oficial,modelo_invariante_stableswap,33879036.14,0.5539,3.0534,97976635003,2.987,26396528905,25.66,0.0647,0,465.8863,relay_data_api_concorrente,33879036.14,0.5019
2024-08-13,Post-Shapella,2703.67,2703.01,0.999756,-0.000244,-0.0244,-0.007649,-0.008217,126.3186,89.0289,125.617,88.14,3.4185,3.0598,0.3587,10.4929,0.001,0.9881,2.8573,3.016,2.9715,1.5902,99.45,0,0.0,26343873223,26329570706,184747597.0,33763.31,34577.28,50.59,6466165.9,0,0,0,0,yfinance_ETH-USD,yfinance_STETH-USD,beacon_formula_16632_sqrt_S,modelo_teorico_oficial,modelo_invariante_stableswap,33884831.18,0.5613,3.0598,101821452730,3.016,26677412367,25.86,0.068,0,489.5967,relay_data_api_concorrente,33884831.18,0.5274
2024-08-14,Post-Shapella,2662.91,2665.68,1.00104,0.00104,0.104,-0.015189,-0.013908,117.5421,84.3694,116.8612,83.5945,3.4342,3.0738,0.3604,10.4944,0.001,0.9891,2.8666,2.951,2.9084,1.63,99.45,0,0.0,26731002069,26716361661,181486474.0,33993.92,34124.03,50.12,6352026.59,0,0,0,0,yfinance_ETH-USD,yfinance_STETH-USD,beacon_formula_16632_sqrt_S,modelo_teorico_oficial,modelo_invariante_stableswap,33665418.67,0.5676,3.0738,103379603865,2.951,25897682010,25.84,0.0713,0,513.3072,relay_data_api_concorrente,33665418.67,0.5565
2024-08-15,Post-Shapella,2570.09,2571.33,1.000482,0.000482,0.0482,-0.035481,-0.036035,65.2492,84.8647,63.8134,84.1151,3.4059,3.0484,0.3575,10.4965,0.001,0.99,2.833,2.998,2.9541,1.7,99.45,0,0.0,26208793587,26194516625,175495453.0,33920.85,34346.36,50.32,6142340.86,0,0,0,0,yfinance_ETH-USD,yfinance_STETH-USD,beacon_formula_16632_sqrt_S,modelo_teorico_oficial,modelo_invariante_stableswap,34468332.66,0.5729,3.0484,101500199674,2.998,25184241819,25.81,0.0746,1,537.0176,relay_data_api_concorrente,34468332.66,0.5687
2024-08-16,Post-Shapella,2593.19,2592.44,0.999711,-0.000289,-0.0289,0.008947,0.008176,62.0933,85.0791,60.6792,84.3192,3.4099,3.052,0.3579,10.4959,0.001,0.991,2.833,2.921,2.8793,1.87,99.45,0,0.0,25253278667,25239281117,176896429.0,33694.84,34530.9,50.61,6191375.02,0,0,0,0,yfinance_ETH-USD,yfinance_STETH-USD,beacon_formula_16632_sqrt_S,modelo_teorico_oficial,modelo_invariante_stableswap,34468689.89,0.5769,3.052,99086426497,2.921,25556007698,25.47,0.0769,0,553.3695,relay_data_api_concorrente,34468689.89,0.586
2024-08-17,Post-Shapella,2614.55,2611.44,0.998811,-0.001189,-0.1189,0.008203,0.007304,62.3461,85.002,60.9298,84.2477,3.4118,3.0538,0.358,10.493,0.001,0.992,2.8323,2.741,2.7042,1.62,99.45,0,0.0,25659832877,25645967637,177693568.0,33347.4,34657.17,50.93,6219274.88,0,0,0,0,yfinance_ETH-USD,yfinance_STETH-USD,beacon_formula_16632_sqrt_S,modelo_teorico_oficial,modelo_invariante_stableswap,34485324.99,0.5796,3.0538,100420058144,2.741,25662766301,25.54,0.0791,1,569.7213,relay_data_api_concorrente,34485324.99,0.603
2024-08-18,Post-Shapella,2613.36,2621.04,1.002939,0.002939,0.2939,-0.000455,0.003668,59.5498,84.2843,58.7258,83.6238,3.4174,3.0587,0.3587,10.4963,0.001,0.993,2.8365,2.759,2.7217,1.46,99.45,0,0.0,25678331711,25664410204,180357158.0,34902.02,34011.54,49.43,6312500.53,0,0,0,0,yfinance_ETH-USD,yfinance_STETH-USD,beacon_formula_16632_sqrt_S,modelo_teorico_oficial,modelo_invariante_stableswap,34381802.58,0.5808,3.0587,100628658446,2.759,26064274337,25.5,0.0492,0,354.3263,relay_data_api_concorrente,34381802.58,0.3762
2024-08-19,Post-Shapella,2637.31,2628.58,0.99669,-0.00331,-0.331,0.009122,0.002874,31.4703,84.4114,30.3563,83.5946,3.4036,3.0464,0.3572,10.4948,0.001,0.994,2.823,2.778,2.7402,1.57,99.45,0,0.0,26096339670,26082092041,178388770.0,32665.31,35091.28,51.71,6243606.95,0,0,0,0,yfinance_ETH-USD,yfinance_STETH-USD,beacon_formula_16632_sqrt_S,modelo_teorico_oficial,modelo_invariante_stableswap,34713299.47,0.5806,3.0464,101841007778,2.778,25744523870,25.61,0.0193,1,138.9313,relay_data_api_concorrente,34713299.47,0.1461
2024-08-20,Post-Shapella,2573.11,2584.79,1.004539,0.004539,0.4539,-0.024644,-0.0168,34.6863,84.4008,31.493,83.4887,3.3964,3.0399,0.3565,10.4964,0.001,0.9949,2.8174,2.866,2.8258,1.6602,99.45,0,0.0,25771239215,25757164861,176252322.0,35041.73,33304.87,48.84,6168831.27,0,0,0,0,yfinance_ETH-USD,yfinance_STETH-USD,beacon_formula_16632_sqrt_S,modelo_teorico_oficial,modelo_invariante_stableswap,34849566.99,0.5789,3.0399,101076836657,2.866,25377600560,25.48,0.02,1,144.1794,relay_data_api_concorrente,34849566.99,0.151
2024-08-21,Post-Shapella,2631.4,2629.52,0.999286,-0.000714,-0.0714,0.0224,0.017156,39.6057,84.9344,34.7966,83.7987,3.4005,3.0436,0.3569,10.4955,0.001,0.9959,2.8246,2.779,2.7412,2.04,99.45,0,0.0,25483913610,25469897092,179350193.0,33560.69,34621.76,50.76,6277256.76,0,0,0,0,yfinance_ETH-USD,yfinance_STETH-USD,beacon_formula_16632_sqrt_S,modelo_teorico_oficial,modelo_invariante_stableswap,34672262.99,0.5758,3.0436,100033580223,2.779,25879206560,25.46,0.0889,0,639.8733,relay_data_api_concorrente,34672262.99,0.6736
2024-08-22,Post-Shapella,2622.95,2622.92,0.999989,-1.1e-05,-0.0011,-0.003214,-0.002514,28.0241,84.6272,20.1651,83.4679,3.4017,3.0447,0.357,10.4948,0.001,0.9969,2.8304,2.949,2.9065,1.65,99.45,0,0.0,26011559234,25997527309,178557530.0,33693.93,34381.54,50.5,6249513.55,0,0,0,0,yfinance_ETH-USD,yfinance_STETH-USD,beacon_formula_16632_sqrt_S,modelo_teorico_oficial,modelo_invariante_stableswap,34531557.74,0.5714,3.0447,102298254605,2.949,25747953553,25.41,0.1577,0,1135.5671,relay_data_api_concorrente,34531557.74,1.2003
2024-08-23,Post-Shapella,2764.45,2763.93,0.999812,-0.000188,-0.0188,0.05254,0.052368,45.7879,86.4163,41.3757,85.2539,3.4041,3.0468,0.3573,10.4962,0.001,0.9979,2.8385,2.744,2.7071,1.74,99.45,0,0.0,25836294001,25822271967,188863215.0,33771.3,34553.75,50.57,6610212.52,0,0,0,0,yfinance_ETH-USD,yfinance_STETH-USD,beacon_formula_16632_sqrt_S,modelo_teorico_oficial,modelo_invariante_stableswap,34334866.58,0.5656,3.0468,101648844531,2.744,27343519292,25.4,0.2266,1,1631.261,relay_data_api_concorrente,34334866.58,1.7341
2024-08-24,Post-Shapella,2769.39,2770.49,1.000397,0.000397,0.0397,0.001786,0.002371,46.1009,85.011,41.662,83.7523,3.3953,3.039,0.3563,10.4939,0.001,0.9989,2.8367,2.825,2.7859,1.77,99.45,0,0.0,27419587357,27404634608,187403187.0,33594.94,34061.01,50.35,6559111.55,0,0,0,0,yfinance_ETH-USD,yfinance_STETH-USD,beacon_formula_16632_sqrt_S,modelo_teorico_oficial,modelo_invariante_stableswap,34378327.18,0.5587,3.039,107195254769,2.825,26912370857,25.57,0.1885,0,1357.294,relay_data_api_concorrente,34378327.18,1.4411
2024-08-25,Post-Shapella,2749.16,2747.89,0.999538,-0.000462,-0.0462,-0.007332,-0.008194,47.1438,84.0126,43.3364,82.6437,3.3873,3.0318,0.3555,10.4951,0.001,0.9998,2.8366,2.715,2.6789,1.81,99.45,0,0.0,27028886242,27013482442,188458875.0,33817.11,34750.38,50.67,6596060.63,0,0,0,0,yfinance_ETH-USD,yfinance_STETH-USD,beacon_formula_16632_sqrt_S,modelo_teorico_oficial,modelo_invariante_stableswap,34381283.1,0.5507,3.0318,106114326585,2.715,27231964611,25.46,0.1505,0,1083.327,relay_data_api_concorrente,34381283.1,1.1501
2024-08-26,Post-Shapella,2681.34,2681.52,1.000067,6.7e-05,0.0067,-0.024978,-0.02445,52.4465,84.2738,48.9514,82.8937,3.3727,3.0188,0.3539,10.4931,0.001,1.0008,2.8309,2.731,2.6945,1.5202,99.45,0,0.0,27273823637,27258186688,182989390.0,33797.71,34445.47,50.48,6404628.65,0,0,0,0,yfinance_ETH-USD,yfinance_STETH-USD,beacon_formula_16632_sqrt_S,modelo_teorico_oficial,modelo_invariante_stableswap,34519956.98,0.5419,3.0188,106798311881,2.731,26268489415,25.52,0.1124,1,809.3599,relay_data_api_concorrente,34519956.98,0.8558
2024-08-27,Post-Shapella,2458.73,2458.49,0.999902,-9.8e-05,-0.0098,-0.086673,-0.086836,82.4335,88.6152,81.413,87.331,3.3484,2.997,0.3514,10.4946,0.001,1.0018,2.8159,2.785,2.747,1.9602,99.45,0,0.0,26423834824,26408536193,167419619.0,33681.39,34413.88,50.54,5859686.67,0,0,0,0,yfinance_ETH-USD,yfinance_STETH-USD,beacon_formula_16632_sqrt_S,modelo_teorico_oficial,modelo_invariante_stableswap,34886545.95,0.5324,2.997,103916565904,2.785,23919155785,25.41,0.0684,0,492.6354,relay_data_api_concorrente,34886545.95,0.5154
2024-08-28,Post-Shapella,2528.42,2529.87,1.000573,0.000573,0.0573,0.027949,0.028621,83.7044,89.1833,83.8794,87.9103,3.3425,2.9917,0.3508,10.4951,0.001,1.0027,2.82,3.13,3.0821,2.08,99.45,0,0.0,23986438395,23972260695,171970107.0,33810.1,34185.15,50.29,6018953.74,0,0,0,0,yfinance_ETH-USD,yfinance_STETH-USD,beacon_formula_16632_sqrt_S,modelo_teorico_oficial,modelo_invariante_stableswap,34787390.31,0.5225,2.9917,95596385992,3.13,24701735332,25.08,0.0244,1,175.911,relay_data_api_concorrente,34787390.31,0.1846
2024-08-29,Post-Shapella,2528.79,2527.11,0.999336,-0.000664,-0.0664,0.000149,-0.001089,83.8004,89.2304,83.9168,87.933,3.3344,2.9845,0.3499,10.4936,0.001,1.0037,2.822,2.773,2.7354,1.51,99.45,0,0.0,24817962962,24804019786,172020031.0,33507.33,34540.25,50.74,6020701.09,0,0,0,0,yfinance_ETH-USD,yfinance_STETH-USD,beacon_formula_16632_sqrt_S,modelo_teorico_oficial,modelo_invariante_stableswap,34735889.15,0.5124,2.9845,98006411688,2.773,24748840465,25.31,0.1238,1,891.4977,relay_data_api_concorrente,34735889.15,0.9368
2024-08-30,Post-Shapella,2525.82,2525.12,0.999723,-0.000277,-0.0277,-0.001175,-0.000791,68.9346,89.2411,69.172,87.9499,3.3147,2.9668,0.3479,10.4957,0.001,1.0046,2.8125,2.88,2.8394,1.5502,99.45,0,0.0,24794890429,24781443594,171890123.0,33617.03,34445.71,50.6,6016154.31,0,0,0,0,yfinance_ETH-USD,yfinance_STETH-USD,beacon_formula_16632_sqrt_S,modelo_teorico_oficial,modelo_invariante_stableswap,34971810.52,0.5022,2.9668,97899034103,2.88,24711796261,25.31,0.0706,0,507.9684,relay_data_api_concorrente,34971810.52,0.5302
2024-08-31,Post-Shapella,2513.39,2512.82,0.999773,-0.000227,-0.0227,-0.004933,-0.004883,68.2312,89.2475,68.3911,87.957,3.3054,2.9585,0.3469,10.4949,0.001,1.0056,2.8131,2.683,2.6477,1.53,99.45,0,0.0,24809519821,24796210661,171293863.0,33678.53,34481.81,50.58,5995285.21,0,0,0,0,yfinance_ETH-USD,yfinance_STETH-USD,beacon_formula_16632_sqrt_S,modelo_teorico_oficial,modelo_invariante_stableswap,34956768.33,0.4923,2.9585,98118114904,2.683,24648430075,25.27,0.0173,1,124.4391,relay_data_api_concorrente,34956768.33,0.1299
2024-09-01,Post-Shapella,2427.9,2426.72,0.999514,-0.000486,-0.0486,-0.034606,-0.034864,69.4758,87.0085,69.725,85.6197,3.2887,2.9436,0.3451,10.4935,0.0009,1.0065,2.8059,2.674,2.639,1.39,99.45,0,0.0,24738657426,24725545006,165432796.0,33607.3,34547.71,50.68,5790147.86,0,0,0,0,yfinance_ETH-USD,yfinance_STETH-USD,beacon_formula_16632_sqrt_S,modelo_teorico_oficial,modelo_invariante_stableswap,35136033.49,0.4828,2.9436,97844775413,2.674,23767039406,25.27,0.0382,0,275.0994,relay_data_api_concorrente,35136033.49,0.2858
2024-09-02,Post-Shapella,2538.19,2537.61,0.999771,-0.000229,-0.0229,0.044422,0.044682,82.0256,88.4508,82.4047,87.1197,3.296,2.9501,0.3459,10.4945,0.0009,1.0075,2.822,2.751,2.7139,1.43,99.45,0,0.0,23796670701,23784003195,173002712.0,33682.66,34485.09,50.58,6055094.92,0,0,0,0,yfinance_ETH-USD,yfinance_STETH-USD,beacon_formula_16632_sqrt_S,modelo_teorico_oficial,modelo_invariante_stableswap,34736903.12,0.474,2.9501,94959785330,2.751,24914851835,25.05,0.0591,1,425.7597,relay_data_api_concorrente,34736903.12,0.4474
2024-09-03,Post-Shapella,2420.6,2422.9,1.00095,0.00095,0.095,-0.047433,-0.046259,61.3786,85.893,61.2465,84.2114,3.2964,2.9505,0.3459,10.4933,0.0009,1.0084,2.8303,2.972,2.9288,1.63,99.45,0,0.0,25031175169,25018179145,164543986.0,33883.35,34060.82,50.15,5759039.51,0,0,0,0,yfinance_ETH-USD,yfinance_STETH-USD,beacon_formula_16632_sqrt_S,modelo_teorico_oficial,modelo_invariante_stableswap,34533370.53,0.4661,2.9505,98846918072,2.972,24087711312,25.31,0.0503,1,362.3713,relay_data_api_concorrente,34533370.53,0.383
2024-09-04,Post-Shapella,2448.98,2447.94,0.999575,-0.000425,-0.0425,0.011653,0.010285,57.51,77.6935,56.9337,76.8113,3.2819,2.9375,0.3444,10.4939,0.0009,1.0094,2.8226,2.906,2.8647,2.01,99.45,0,0.0,24157217263,24144683952,164891145.0,33224.91,34120.12,50.65,5771190.08,0,0,0,0,yfinance_ETH-USD,yfinance_STETH-USD,beacon_formula_16632_sqrt_S,modelo_teorico_oficial,modelo_invariante_stableswap,34722576.14,0.4593,2.9375,95619624132,2.906,24164509872,25.25,0.0233,1,168.0827,relay_data_api_concorrente,34722576.14,0.1767
2024-09-05,Post-Shapella,2367.74,2367.52,0.999907,-9.3e-05,-0.0093,-0.033736,-0.033406,60.9256,78.3439,60.3651,77.5751,3.2676,2.9246,0.343,10.497,0.0009,1.0103,2.8138,3.019,2.9744,1.9302,99.45,0,0.0,24266617812,24253647389,158732711.0,33161.92,33880.98,50.53,5555644.89,0,0,0,0,yfinance_ETH-USD,yfinance_STETH-USD,beacon_formula_16632_sqrt_S,modelo_teorico_oficial,modelo_invariante_stableswap,34940464.44,0.4538,2.9246,96441136175,3.019,23290537236,25.15,0.0466,1,335.3767,relay_data_api_concorrente,34940464.44,0.3503
2024-09-06,Post-Shapella,2223.88,2220.78,0.998606,-0.001394,-0.1394,-0.062683,-0.063985,71.1972,79.3806,71.2078,78.8242,3.2499,2.9088,0.3411,10.4957,0.0009,1.0112,2.8002,2.948,2.9055,1.8602,99.45,0,0.0,23335281529,23322781133,148768910.0,32773.2,34170.54,51.01,5206911.85,0,0,0,0,yfinance_ETH-USD,yfinance_STETH-USD,beacon_formula_16632_sqrt_S,modelo_teorico_oficial,modelo_invariante_stableswap,35279551.28,0.4497,2.9088,93712206510,2.948,21680185840,24.89,0.0146,1,104.8577,relay_data_api_concorrente,35279551.28,0.1085
2024-09-07,Post-Shapella,2274.11,2270.2,0.998281,-0.001719,-0.1719,0.022336,0.022013,76.7887,62.0443,76.7354,61.1368,3.2531,2.9117,0.3414,10.4946,0.0009,1.0122,2.806,3.943,3.8675,2.39,99.45,0,0.0,21792695355,21780685610,151985934.0,32663.81,34228.19,51.13,5319507.69,0,0,0,0,yfinance_ETH-USD,yfinance_STETH-USD,beacon_formula_16632_sqrt_S,modelo_teorico_oficial,modelo_invariante_stableswap,35135198.65,0.4471,2.9117,88201436790,3.943,22250182735,24.69,0.0189,1,135.8957,relay_data_api_concorrente,35135198.65,0.1412
2024-09-08,Post-Shapella,2297.29,2294.93,0.998973,-0.001027,-0.1027,0.010144,0.010833,76.3852,61.5358,76.4543,60.6835,3.262,2.9197,0.3423,10.4936,0.0009,1.0131,2.8158,2.755,2.7178,2.31,99.45,0,0.0,22282659954,22270456899,154302250.0,32995.68,34206.54,50.88,5400578.75,0,0,0,0,yfinance_ETH-USD,yfinance_STETH-USD,beacon_formula_16632_sqrt_S,modelo_teorico_oficial,modelo_invariante_stableswap,34889694.17,0.4462,2.9197,89920355414,2.755,22631599038,24.77,0.2186,1,1573.717,relay_data_api_concorrente,34889694.17,1.6464
2024-09-09,Post-Shapella,2358.48,2358.85,1.000157,0.000157,0.0157,0.026287,0.027473,69.6542,62.391,69.9796,61.6519,3.2571,2.9153,0.3418,10.494,0.0009,1.0141,2.8101,2.904,2.8627,2.09,99.45,0,0.0,22780109140,22767513839,158089091.0,33218.3,33806.47,50.44,5533118.18,0,0,0,0,yfinance_ETH-USD,yfinance_STETH-USD,beacon_formula_16632_sqrt_S,modelo_teorico_oficial,modelo_invariante_stableswap,35031729.57,0.447,2.9153,91260878903,2.904,23115283807,24.95,0.138,0,993.2848,relay_data_api_concorrente,35031729.57,1.0349
2024-09-10,Post-Shapella,2389.58,2382.65,0.9971,-0.0029,-0.29,0.0131,0.010037,63.5733,62.2739,64.0001,61.5551,3.2722,2.9288,0.3434,10.4945,0.0009,1.015,2.8226,3.022,2.9774,1.7402,99.45,0,0.0,23232076486,23219104263,159969154.0,32428.66,34616.2,51.56,5598920.39,0,0,0,0,yfinance_ETH-USD,yfinance_STETH-USD,beacon_formula_16632_sqrt_S,modelo_teorico_oficial,modelo_invariante_stableswap,34721627.14,0.4496,2.9288,93581966003,3.022,23344514453,24.81,0.0573,1,412.8525,relay_data_api_concorrente,34721627.14,0.434
2024-09-11,Post-Shapella,2339.84,2341.53,1.000722,0.000722,0.0722,-0.021035,-0.01741,63.7336,57.6627,63.7869,56.9213,3.2739,2.9303,0.3436,10.4951,0.0009,1.0159,2.82,3.017,2.9725,1.66,99.45,0,0.0,23382501236,23369450565,157111699.0,33413.9,33708.1,50.24,5498909.47,0,0,0,0,yfinance_ETH-USD,yfinance_STETH-USD,beacon_formula_16632_sqrt_S,modelo_teorico_oficial,modelo_invariante_stableswap,34786293.7,0.4539,2.9303,94348038849,3.017,22861589904,24.77,0.0652,0,469.776,relay_data_api_concorrente,34786293.7,0.4929
2024-09-12,Post-Shapella,2361.78,2360.17,0.999318,-0.000682,-0.0682,0.009333,0.007932,60.0223,57.8711,59.9916,57.087,3.2905,2.9452,0.3453,10.4938,0.0009,1.0169,2.8305,2.896,2.855,1.7102,99.45,0,0.0,22987148148,22974422769,158567745.0,33066.72,34095.61,50.75,5549871.08,0,0,0,0,yfinance_ETH-USD,yfinance_STETH-USD,beacon_formula_16632_sqrt_S,modelo_teorico_oficial,modelo_invariante_stableswap,34527709.05,0.46,2.9452,93087278367,2.896,22957976116,24.68,0.0732,0,526.6995,relay_data_api_concorrente,34527709.05,0.5568
2024-09-13,Post-Shapella,2441.61,2442.92,1.000537,0.000537,0.0537,0.03324,0.03446,33.5701,59.1962,32.2761,58.5599,3.3205,2.972,0.3485,10.4954,0.001,1.0178,2.8527,2.875,2.8346,1.75,99.45,0,0.0,23012754762,22999740209,164511414.0,33484.55,33875.53,50.3,5757899.49,0,0,0,0,yfinance_ETH-USD,yfinance_STETH-USD,beacon_formula_16632_sqrt_S,modelo_teorico_oficial,modelo_invariante_stableswap,33992465.38,0.4677,2.972,93676865139,2.875,23937247640,24.55,0.0811,0,583.623,relay_data_api_concorrente,33992465.38,0.6267
2024-09-14,Post-Shapella,2418.6,2417.15,0.9994,-0.0006,-0.06,-0.009469,-0.010605,36.1448,58.0786,35.5448,57.4099,3.3228,2.9741,0.3487,10.4942,0.001,1.0188,2.8458,2.859,2.819,1.6,99.45,0,0.0,23983464337,23970133850,162178407.0,33045.7,34029.37,50.72,5676244.24,0,0,0,0,yfinance_ETH-USD,yfinance_STETH-USD,beacon_formula_16632_sqrt_S,modelo_teorico_oficial,modelo_invariante_stableswap,34159534.78,0.477,2.9741,97322970665,2.859,23615098451,24.63,0.089,1,640.5466,relay_data_api_concorrente,34159534.78,0.6844
2024-09-15,Post-Shapella,2320.9,2319.17,0.999255,-0.000745,-0.0745,-0.041233,-0.041378,50.9785,59.5053,50.6542,58.8809,3.3234,2.9746,0.3488,10.4953,0.001,1.0197,2.8356,2.811,2.7723,1.53,99.45,0,0.0,23650990812,23637919744,157395201.0,33385.48,34456.66,50.77,5508832.04,0,0,0,0,yfinance_ETH-USD,yfinance_STETH-USD,beacon_formula_16632_sqrt_S,modelo_teorico_oficial,modelo_invariante_stableswap,34405598.84,0.4878,2.9746,96167729289,2.811,22939025457,24.58,0.0234,1,168.1448,relay_data_api_concorrente,34405598.84,0.1784
2024-09-16,Post-Shapella,2295.28,2291.13,0.998192,-0.001808,-0.1808,-0.011097,-0.012167,46.8864,59.4002,46.18,58.814,3.3282,2.9789,0.3493,10.4952,0.001,1.0207,2.8284,3.155,3.1064,1.6102,99.45,0,0.0,22973435505,22960830183,153325255.0,32624.8,34237.34,51.16,5366383.93,0,0,0,0,yfinance_ETH-USD,yfinance_STETH-USD,beacon_formula_16632_sqrt_S,modelo_teorico_oficial,modelo_invariante_stableswap,34581128.09,0.4999,2.9789,93721424282,3.155,22286481674,24.5,0.0276,1,198.3959,relay_data_api_concorrente,34581128.09,0.2094
2024-09-17,Post-Shapella,2341.71,2336.42,0.997741,-0.002259,-0.2259,0.020024,0.019577,48.6454,59.9954,48.4236,59.3468,3.3447,2.9936,0.3511,10.4972,0.001,1.0217,2.8316,2.939,2.8968,1.75,99.45,0,0.0,22394237084,22381764515,157094388.0,32654.83,34508.45,51.32,5498303.58,0,0,0,0,yfinance_ETH-USD,yfinance_STETH-USD,beacon_formula_16632_sqrt_S,modelo_teorico_oficial,modelo_invariante_stableswap,34501406.63,0.5131,2.9936,91656148194,2.939,22830699435,24.42,0.1367,1,984.2635,relay_data_api_concorrente,34501406.63,1.0413
2024-09-18,Post-Shapella,2369.73,2360.91,0.996278,-0.003722,-0.3722,0.011895,0.010427,46.9562,60.0775,47.4767,59.5124,3.365,3.0119,0.3531,10.4933,0.001,1.0226,2.8378,3.113,3.0657,1.9602,99.45,0,0.0,22966378279,22953792108,156870069.0,31868.91,34456.78,51.86,5490452.42,0,0,0,0,yfinance_ETH-USD,yfinance_STETH-USD,beacon_formula_16632_sqrt_S,modelo_teorico_oficial,modelo_invariante_stableswap,34350205.57,0.5272,3.0119,93705158520,3.113,22815692912,24.5,0.0766,1,551.1906,relay_data_api_concorrente,34350205.57,0.5857
2024-09-19,Post-Shapella,2464.75,2464.1,0.999736,-0.000264,-0.0264,0.039316,0.042776,54.2949,61.3813,56.3334,61.4435,3.3884,3.0328,0.3556,10.4946,0.001,1.0236,2.8464,3.261,3.2091,1.89,99.45,0,0.0,22977005056,22964429739,165729980.0,33218.55,34030.5,50.6,5800549.3,0,0,0,0,yfinance_ETH-USD,yfinance_STETH-USD,beacon_formula_16632_sqrt_S,modelo_teorico_oficial,modelo_invariante_stableswap,34144325.69,0.542,3.0328,93656850968,3.261,24005713552,24.52,0.1385,1,997.5201,relay_data_api_concorrente,34144325.69,1.0663
2024-09-20,Post-Shapella,2561.07,2556.1,0.998059,-0.001941,-0.1941,0.038335,0.036657,55.9439,62.4032,57.023,62.5589,3.4047,3.0474,0.3573,10.4943,0.001,1.0246,2.8473,3.278,3.2256,1.9502,99.45,0,0.0,24024139607,24010685583,171194971.0,32614.5,34297.15,51.21,5991823.98,0,0,0,0,yfinance_ETH-USD,yfinance_STETH-USD,beacon_formula_16632_sqrt_S,modelo_teorico_oficial,modelo_invariante_stableswap,34121905.15,0.5574,3.0474,97700680557,3.278,24874676396,24.58,0.0593,1,427.2399,relay_data_api_concorrente,34121905.15,0.457
2024-09-21,Post-Shapella,2615.86,2617.14,1.000489,0.000489,0.0489,0.021166,0.023602,54.8797,62.8672,56.1349,63.1369,3.4287,3.0689,0.3598,10.4938,0.001,1.0256,2.8558,3.302,3.2488,1.7502,99.45,0,0.0,24885407032,24871381387,172332480.0,32728.84,33134.81,50.32,6031636.8,0,0,0,0,yfinance_ETH-USD,yfinance_STETH-USD,beacon_formula_16632_sqrt_S,modelo_teorico_oficial,modelo_invariante_stableswap,33919910.29,0.5729,3.0689,100955710315,3.302,25005163960,24.64,0.0733,1,528.0609,relay_data_api_concorrente,33919910.29,0.5682
2024-09-22,Post-Shapella,2582.86,2580.93,0.999253,-0.000747,-0.0747,-0.012694,-0.013932,40.1971,60.0482,42.2256,60.3811,3.4549,3.0923,0.3626,10.4952,0.001,1.0266,2.8663,3.173,3.1238,1.76,99.45,0,0.0,25039488709,25025398644,173264212.0,33022.84,34084.94,50.77,6064247.42,0,0,0,0,yfinance_ETH-USD,yfinance_STETH-USD,beacon_formula_16632_sqrt_S,modelo_teorico_oficial,modelo_invariante_stableswap,33671309.88,0.5885,3.0923,101641607214,3.173,25130250992,24.62,0.2147,1,1545.7198,relay_data_api_concorrente,33671309.88,1.6756
2024-09-23,Post-Shapella,2648.55,2648.27,0.999894,-0.000106,-0.0106,0.025113,0.025755,33.7271,60.7929,35.5899,61.1539,3.4841,3.1184,0.3657,10.4963,0.001,1.0276,2.8801,3.19,3.1403,1.75,99.45,0,0.0,24806398390,24792867937,177458992.0,33140.71,33865.19,50.54,6211064.72,0,0,0,0,yfinance_ETH-USD,yfinance_STETH-USD,beacon_formula_16632_sqrt_S,modelo_teorico_oficial,modelo_invariante_stableswap,33349023.89,0.6039,3.1184,100761922029,3.19,25844049999,24.61,0.046,1,331.3897,relay_data_api_concorrente,33349023.89,0.3627
2024-09-24,Post-Shapella,2654.35,2656.96,1.000983,0.000983,0.0983,0.002191,0.003275,36.2298,60.7684,37.7806,61.1269,3.4946,3.1278,0.3668,10.4962,0.001,1.0286,2.8757,3.209,3.1587,1.72,99.45,0,0.0,25931134151,25917397836,177923393.0,33420.3,33577.56,50.14,6227318.76,0,0,0,0,yfinance_ETH-USD,yfinance_STETH-USD,beacon_formula_16632_sqrt_S,modelo_teorico_oficial,modelo_invariante_stableswap,33452331.64,0.6189,3.1278,104472433866,3.209,25992362970,24.81,0.0478,1,344.0412,relay_data_api_concorrente,33452331.64,0.3754
2024-09-25,Post-Shapella,2579.39,2577.82,0.999391,-0.000609,-0.0609,-0.028649,-0.03024,49.66,60.9627,51.7928,61.4376,3.5,3.1327,0.3673,10.4943,0.001,1.0296,2.8668,3.171,3.1219,1.77,99.45,0,0.0,26059716938,26045367579,172341674.0,32924.61,33910.93,50.72,6031958.59,0,0,0,0,yfinance_ETH-USD,yfinance_STETH-USD,beacon_formula_16632_sqrt_S,modelo_teorico_oficial,modelo_invariante_stableswap,33658594.86,0.6332,3.1327,104861115567,3.171,25223942683,24.84,0.0703,1,506.1277,relay_data_api_concorrente,33658594.86,0.5489
2024-09-26,Post-Shapella,2632.2,2632.22,1.000008,8e-06,0.0008,0.020268,0.020884,44.9981,53.0042,46.1245,53.5479,3.5075,3.1394,0.3681,10.4947,0.001,1.0306,2.8609,3.124,3.0763,1.73,99.45,0,0.0,25272383218,25258239362,176662861.0,33223.91,33891.88,50.5,6183200.14,0,0,0,0,yfinance_ETH-USD,yfinance_STETH-USD,beacon_formula_16632_sqrt_S,modelo_teorico_oficial,modelo_invariante_stableswap,33798441.49,0.6466,3.1394,102382782606,3.124,25882496914,24.67,0.0533,0,383.8644,relay_data_api_concorrente,33798441.49,0.4145
2024-09-27,Post-Shapella,2695.9,2695.8,0.999963,-3.7e-05,-0.0037,0.023912,0.02387,40.3161,52.7762,42.2982,53.2787,3.5141,3.1453,0.3688,10.4949,0.001,1.0316,2.8551,3.233,3.182,1.74,99.45,0,0.0,26028702714,26013879974,181458505.0,33309.14,34001.18,50.51,6351047.68,0,0,0,0,yfinance_ETH-USD,yfinance_STETH-USD,beacon_formula_16632_sqrt_S,modelo_teorico_oficial,modelo_invariante_stableswap,33935991.7,0.6589,3.1453,104397456127,3.233,26516820363,24.92,0.0363,1,261.6012,relay_data_api_concorrente,33935991.7,0.2814
2024-09-28,Post-Shapella,2677.54,2672.63,0.998166,-0.001834,-0.1834,-0.006834,-0.008633,39.5326,52.8655,41.2729,53.4007,3.5172,3.1481,0.3691,10.4941,0.001,1.0326,2.8471,2.968,2.9249,1.82,99.45,0,0.0,26491533877,26477465460,179371227.0,32712.37,34341.66,51.17,6277992.94,0,0,0,0,yfinance_ETH-USD,yfinance_STETH-USD,beacon_formula_16632_sqrt_S,modelo_teorico_oficial,modelo_invariante_stableswap,34126820.32,0.6701,3.1481,106045853894,2.968,26222189293,24.97,0.0229,1,165.1074,relay_data_api_concorrente,34126820.32,0.1766
2024-09-29,Post-Shapella,2659.35,2656.69,0.999,-0.001,-0.1,-0.006818,-0.005984,38.2921,52.9435,39.657,53.4639,3.5235,3.1537,0.3698,10.4952,0.001,1.0336,2.8436,2.877,2.8365,1.77,99.45,0,0.0,26225790628,26211845383,177856853.0,32861.16,34052.73,50.87,6224989.86,0,0,0,0,yfinance_ETH-USD,yfinance_STETH-USD,beacon_formula_16632_sqrt_S,modelo_teorico_oficial,modelo_invariante_stableswap,34210653.92,0.6799,3.1537,105070209350,2.877,25985543935,24.95,0.031,0,223.0618,relay_data_api_concorrente,34210653.92,0.238
2024-09-30,Post-Shapella,2603.06,2602.73,0.999873,-0.000127,-0.0127,-0.021392,-0.020519,37.536,53.5119,38.3648,53.9816,3.518,3.1488,0.3692,10.4946,0.001,1.0346,2.8298,2.959,2.9162,1.63,99.45,0,0.0,26122497002,26108254734,174504375.0,33152.33,33890.14,50.55,6107653.13,0,0,0,0,yfinance_ETH-USD,yfinance_STETH-USD,beacon_formula_16632_sqrt_S,modelo_teorico_oficial,modelo_invariante_stableswap,34546129.4,0.6882,3.1488,104574865356,2.959,25560791739,24.97,0.039,1,281.0162,relay_data_api_concorrente,34546129.4,0.2969
2024-10-01,Post-Shapella,2448.92,2449.16,1.000098,9.8e-05,0.0098,-0.061041,-0.060814,55.9897,56.45,56.258,56.8449,3.5104,3.142,0.3684,10.4945,0.001,1.0356,2.8154,3.025,2.9803,1.7102,99.45,0,0.0,25647883490,25634051973,164396686.0,33253.75,33873.21,50.46,5753884.01,0,0,0,0,yfinance_ETH-USD,yfinance_STETH-USD,beacon_formula_16632_sqrt_S,modelo_teorico_oficial,modelo_invariante_stableswap,34898933.09,0.695,3.142,102794927220,3.025,24082372334,24.94,0.0366,0,263.2357,relay_data_api_concorrente,34898933.09,0.2753
2024-10-02,Post-Shapella,2365.23,2366.61,1.000583,0.000583,0.0583,-0.034772,-0.034288,57.2894,55.4059,57.1415,55.7492,3.5123,3.1437,0.3686,10.4945,0.001,1.0367,2.8121,3.063,3.0172,2.0602,99.45,0,0.0,24283825320,24270873562,159005193.0,33419.73,33786.66,50.29,5565181.76,0,0,0,0,yfinance_ETH-USD,yfinance_STETH-USD,beacon_formula_16632_sqrt_S,modelo_teorico_oficial,modelo_invariante_stableswap,34981113.33,0.7002,3.1437,98030074218,3.063,23357199334,24.76,0.0341,0,245.4551,relay_data_api_concorrente,34981113.33,0.2561
2024-10-03,Post-Shapella,2349.79,2348.48,0.999443,-0.000557,-0.0557,-0.006549,-0.007688,50.9096,53.0022,50.4016,53.5016,3.5099,3.1415,0.3684,10.496,0.001,1.0377,2.806,3.021,2.9764,1.91,99.45,0,0.0,23274742851,23262335979,156799979.0,32895.37,33852.86,50.7,5487999.26,0,0,0,0,yfinance_ETH-USD,yfinance_STETH-USD,beacon_formula_16632_sqrt_S,modelo_teorico_oficial,modelo_invariante_stableswap,35133389.67,0.7038,3.1415,94697197781,3.021,23014324628,24.56,0.0316,1,227.6746,relay_data_api_concorrente,35133389.67,0.2365
2024-10-04,Post-Shapella,2414.79,2414.41,0.999843,-0.000157,-0.0157,0.027287,0.027686,52.5595,53.7469,52.2911,54.3035,3.514,3.1452,0.3688,10.4952,0.001,1.0387,2.8082,2.949,2.9065,1.83,99.45,0,0.0,23058641619,23046489004,161317403.0,33029.16,33780.06,50.56,5646109.1,0,0,0,0,yfinance_ETH-USD,yfinance_STETH-USD,beacon_formula_16632_sqrt_S,modelo_teorico_oficial,modelo_invariante_stableswap,35080257.17,0.7059,3.1452,93783415138,2.949,23745044916,24.57,0.1309,1,942.297,relay_data_api_concorrente,35080257.17,0.9804
2024-10-05,Post-Shapella,2415.63,2414.23,0.99942,-0.00058,-0.058,0.000347,-7.4e-05,53.5455,52.3894,53.3542,52.9869,3.5153,3.1464,0.3689,10.4941,0.001,1.0397,2.809,2.882,2.8414,1.5102,99.45,0,0.0,23804764998,23792072813,161051381.0,32861.02,33829.13,50.71,5636798.34,0,0,0,0,yfinance_ETH-USD,yfinance_STETH-USD,beacon_formula_16632_sqrt_S,modelo_teorico_oficial,modelo_invariante_stableswap,35060453.82,0.7064,3.1464,96447448346,2.882,23630402140,24.67,0.0981,0,706.2557,relay_data_api_concorrente,35060453.82,0.7353
2024-10-06,Post-Shapella,2439.96,2437.52,0.999,-0.001,-0.1,0.01002,0.009599,56.3607,47.2055,55.9931,47.6354,3.5173,3.1481,0.3692,10.4967,0.001,1.0407,2.8118,2.976,2.9327,1.51,99.45,0,0.0,23715639000,23702996817,161895162.0,32601.84,33783.51,50.86,5666330.67,0,0,0,0,yfinance_ETH-USD,yfinance_STETH-USD,beacon_formula_16632_sqrt_S,modelo_teorico_oficial,modelo_invariante_stableswap,34989252.78,0.7055,3.1481,95913980240,2.976,23787873333,24.71,0.0653,1,470.2145,relay_data_api_concorrente,34989252.78,0.4905
2024-10-07,Post-Shapella,2421.8,2424.61,1.00116,0.00116,0.116,-0.007471,-0.005308,55.8891,46.8194,55.7114,47.2219,3.5184,3.1492,0.3692,10.4934,0.001,1.0417,2.8152,3.051,3.0055,1.5502,99.45,0,0.0,23897295453,23884412475,162683739.0,33536.64,33599.1,50.08,5693930.86,0,0,0,0,yfinance_ETH-USD,yfinance_STETH-USD,beacon_formula_16632_sqrt_S,modelo_teorico_oficial,modelo_invariante_stableswap,34905178.85,0.7032,3.1492,97454718580,3.051,23644264006,24.51,0.1481,1,1066.2609,relay_data_api_concorrente,34905178.85,1.115
2024-10-08,Post-Shapella,2439.84,2443.5,1.0015,0.0015,0.15,0.007423,0.007758,36.6333,46.7702,36.4252,47.1632,3.5283,3.158,0.3703,10.4951,0.001,1.0427,2.8285,3.358,3.303,1.79,99.45,0,0.0,23956659285,23943695024,162824193.0,33399.26,33286.41,49.95,5698846.76,0,0,0,0,yfinance_ETH-USD,yfinance_STETH-USD,beacon_formula_16632_sqrt_S,modelo_teorico_oficial,modelo_invariante_stableswap,34577262.18,0.6998,3.158,97875551645,3.358,23840952331,24.46,0.0753,1,542.0325,relay_data_api_concorrente,34577262.18,0.5722
2024-10-09,Post-Shapella,2368.28,2366.69,0.999329,-0.000671,-0.0671,-0.029767,-0.031937,33.8613,47.1926,35.1073,47.6887,3.5276,3.1573,0.3703,10.4972,0.001,1.0437,2.8322,3.431,3.3736,2.1,99.45,0,0.0,23890849699,23878124615,157937421.0,32847.56,33863.84,50.74,5527809.74,0,0,0,0,yfinance_ETH-USD,yfinance_STETH-USD,beacon_formula_16632_sqrt_S,modelo_teorico_oficial,modelo_invariante_stableswap,34487460.01,0.6954,3.1573,96582123643,3.431,23043001012,24.72,0.0508,1,365.5206,relay_data_api_concorrente,34487460.01,0.3869
2024-10-10,Post-Shapella,2383.86,2378.94,0.997936,-0.002064,-0.2064,0.006555,0.005162,33.5971,47.0212,34.617,47.5912,3.5265,3.1564,0.3701,10.4948,0.001,1.0448,2.8364,3.149,3.1006,1.8402,99.45,0,0.0,23130595568,23118238927,158449727.0,32401.26,34136.91,51.25,5545740.44,0,0,0,0,yfinance_ETH-USD,yfinance_STETH-USD,beacon_formula_16632_sqrt_S,modelo_teorico_oficial,modelo_invariante_stableswap,34386191.74,0.6901,3.1564,95002170517,3.149,23094808364,24.33,0.0243,1,174.687,relay_data_api_concorrente,34386191.74,0.1854
2024-10-11,Post-Shapella,2436.51,2435.91,0.999754,-0.000246,-0.0246,0.021848,0.023664,31.2604,46.995,32.8682,47.8614,3.5214,3.1518,0.3696,10.4958,0.001,1.0458,2.8372,3.188,3.1384,1.7402,99.45,0,0.0,23172178694,23159927310,162691732.0,32991.92,33788.85,50.59,5694210.62,0,0,0,0,yfinance_ETH-USD,yfinance_STETH-USD,beacon_formula_16632_sqrt_S,modelo_teorico_oficial,modelo_invariante_stableswap,34366881.18,0.6842,3.1518,95026763778,3.188,23816397990,24.37,0.0313,0,225.6328,relay_data_api_concorrente,34366881.18,0.2396
2024-10-12,Post-Shapella,2476.52,2476.46,0.999976,-2.4e-05,-0.0024,0.016288,0.01651,33.0398,47.2059,34.593,48.1035,3.5196,3.1502,0.3694,10.4955,0.001,1.0468,2.8417,3.062,3.0162,1.7002,99.45,0,0.0,23864849038,23851920273,165494015.0,33072.15,33753.9,50.51,5792290.52,0,0,0,0,yfinance_ETH-USD,yfinance_STETH-USD,beacon_formula_16632_sqrt_S,modelo_teorico_oficial,modelo_invariante_stableswap,34257593.1,0.678,3.1502,98052769096,3.062,24129105261,24.33,0.0384,0,276.5787,relay_data_api_concorrente,34257593.1,0.2947
2024-10-13,Post-Shapella,2467.68,2465.36,0.99906,-0.00094,-0.094,-0.003578,-0.00449,32.8803,45.8247,34.6114,46.6516,3.5116,3.143,0.3686,10.4966,0.001,1.0478,2.8401,3.085,3.0385,1.87,99.45,0,0.0,24175295704,24162287432,164345989.0,32738.93,33892.33,50.84,5752109.62,0,0,0,0,yfinance_ETH-USD,yfinance_STETH-USD,beacon_formula_16632_sqrt_S,modelo_teorico_oficial,modelo_invariante_stableswap,34296233.41,0.6715,3.143,99455070940,3.085,24066158590,24.29,0.0455,0,327.5245,relay_data_api_concorrente,34296233.41,0.3486
2024-10-14,Post-Shapella,2628.9,2628.4,0.99981,-0.00019,-0.019,0.063288,0.064036,53.9419,50.6365,55.8621,51.4707,3.5198,3.1504,0.3694,10.4949,0.001,1.0488,2.8548,3.183,3.1335,1.93,99.45,0,0.0,24092024196,24078961303,175716555.0,33039.86,33806.91,50.57,6150079.43,0,0,0,0,yfinance_ETH-USD,yfinance_STETH-USD,beacon_formula_16632_sqrt_S,modelo_teorico_oficial,modelo_invariante_stableswap,33943713.36,0.6651,3.1504,98933939084,3.183,25707294338,24.34,0.0526,1,378.4703,relay_data_api_concorrente,33943713.36,0.407
2024-10-15,Post-Shapella,2606.02,2602.86,0.998787,-0.001213,-0.1213,-0.008741,-0.009764,55.9509,48.2962,57.9747,49.1866,3.5134,3.1446,0.3688,10.497,0.001,1.0498,2.8545,3.08,3.0336,2.0101,99.45,0,0.0,25625912286,25612101786,172947636.0,32556.92,33848.78,50.94,6053167.26,0,0,0,0,yfinance_ETH-USD,yfinance_STETH-USD,beacon_formula_16632_sqrt_S,modelo_teorico_oficial,modelo_invariante_stableswap,33950934.04,0.6589,3.1446,104678322549,3.08,25389227061,24.47,0.0458,0,329.858,relay_data_api_concorrente,33950934.04,0.3546
2024-10-16,Post-Shapella,2611.1,2610.06,0.999602,-0.000398,-0.0398,0.001947,0.00276,46.294,48.0011,47.5351,48.8494,3.5158,3.1468,0.369,10.4955,0.001,1.0508,2.8626,3.018,2.9735,1.6401,99.45,0,0.0,25339074029,25325453883,174601756.0,33002.55,33879.99,50.65,6111061.46,0,0,0,0,yfinance_ETH-USD,yfinance_STETH-USD,beacon_formula_16632_sqrt_S,modelo_teorico_oficial,modelo_invariante_stableswap,33758713.03,0.6532,3.1468,103267137040,3.018,25637911080,24.52,0.0391,0,281.2456,relay_data_api_concorrente,33758713.03,0.3041
2024-10-17,Post-Shapella,2604.27,2601.4,0.998898,-0.001102,-0.1102,-0.002619,-0.003321,47.6391,47.7163,48.8686,48.6031,3.5079,3.1397,0.3682,10.4963,0.001,1.0518,2.8597,2.977,2.9337,1.65,99.45,0,0.0,25630602256,25616922426,169666881.0,31986.95,33199.13,50.9,5938340.84,0,0,0,0,yfinance_ETH-USD,yfinance_STETH-USD,beacon_formula_16632_sqrt_S,modelo_teorico_oficial,modelo_invariante_stableswap,33828266.87,0.6483,3.1397,103916759289,2.977,25414333486,24.65,0.0323,0,232.6333,relay_data_api_concorrente,33828266.87,0.251
2024-10-18,Post-Shapella,2641.55,2640.74,0.999693,-0.000307,-0.0307,0.014213,0.015009,47.0562,47.7741,48.0884,48.7104,3.5011,3.1337,0.3674,10.4938,0.001,1.0528,2.8569,2.975,2.9317,1.64,99.45,0,0.0,25460127241,25446791490,171132811.0,31995.98,32799.08,50.61,5989648.39,0,0,0,0,yfinance_ETH-USD,yfinance_STETH-USD,beacon_formula_16632_sqrt_S,modelo_teorico_oficial,modelo_invariante_stableswap,33892392.78,0.6442,3.1337,102808462754,2.975,25758078603,24.75,0.0256,1,184.0209,relay_data_api_concorrente,33892392.78,0.1982
2024-10-19,Post-Shapella,2648.66,2649.08,1.000159,0.000159,0.0159,0.002686,0.003151,47.2465,46.0052,48.2149,46.6295,3.4957,3.1288,0.3669,10.4958,0.001,1.0538,2.8545,2.894,2.853,1.62,99.45,0,0.0,25830888848,25817246516,172028649.0,32187.37,32756.75,50.44,6021002.72,0,0,0,0,yfinance_ETH-USD,yfinance_STETH-USD,beacon_formula_16632_sqrt_S,modelo_teorico_oficial,modelo_invariante_stableswap,33950533.9,0.6412,3.1288,104256870423,2.894,25788468831,24.76,0.0269,1,193.4468,relay_data_api_concorrente,33950533.9,0.208
2024-10-20,Post-Shapella,2746.36,2743.87,0.999093,-0.000907,-0.0907,0.036225,0.035159,49.1951,45.8032,49.6331,46.4937,3.5021,3.1345,0.3676,10.4966,0.001,1.0548,2.8627,2.833,2.7937,1.6401,99.45,0,0.0,25837402801,25823480758,178708703.0,31994.54,33106.59,50.83,6254804.6,0,0,0,0,yfinance_ETH-USD,yfinance_STETH-USD,beacon_formula_16632_sqrt_S,modelo_teorico_oficial,modelo_invariante_stableswap,33755596.99,0.6394,3.1345,104524356367,2.833,26623435589,24.71,0.0253,0,181.8609,relay_data_api_concorrente,33755596.99,0.1966
2024-10-21,Post-Shapella,2665.71,2666.29,1.000218,0.000218,0.0218,-0.029807,-0.028683,38.758,46.6084,38.0406,47.061,3.4835,3.1179,0.3656,10.4952,0.001,1.0558,2.8446,2.835,2.7957,1.63,99.45,0,0.0,26721674456,26707226368,173966793.0,32355.39,32898.41,50.42,6088837.76,0,0,0,0,yfinance_ETH-USD,yfinance_STETH-USD,beacon_formula_16632_sqrt_S,modelo_teorico_oficial,modelo_invariante_stableswap,34186637.43,0.6389,3.1179,107848591591,2.835,26137349445,24.76,0.0236,0,170.275,relay_data_api_concorrente,34186637.43,0.1818
2024-10-22,Post-Shapella,2620.2,2618.42,0.999321,-0.000679,-0.0679,-0.017222,-0.018114,40.6248,46.7977,40.0424,47.2459,3.4819,3.1164,0.3655,10.4971,0.001,1.0568,2.842,2.974,2.9308,1.62,99.45,0,0.0,26097700542,26083073160,171588671.0,32254.17,33255.28,50.75,6005603.48,0,0,0,0,yfinance_ETH-USD,yfinance_STETH-USD,beacon_formula_16632_sqrt_S,modelo_teorico_oficial,modelo_invariante_stableswap,34250217.36,0.6399,3.1164,105262341878,2.974,25719663412,24.78,0.022,1,158.6892,relay_data_api_concorrente,34250217.36,0.1691
2024-10-23,Post-Shapella,2509.1,2508.86,0.999904,-9.6e-05,-0.0096,-0.043326,-0.042744,51.5224,48.327,50.7681,48.6543,3.4729,3.1084,0.3645,10.4956,0.001,1.0578,2.8305,2.934,2.8919,1.5601,99.45,0,0.0,25743720229,25729024049,163062796.0,32147.04,32844.66,50.53,5707197.86,0,0,0,0,yfinance_ETH-USD,yfinance_STETH-USD,beacon_formula_16632_sqrt_S,modelo_teorico_oficial,modelo_invariante_stableswap,34528800.65,0.6424,3.1084,104869539603,2.934,24426217585,24.53,0.0226,1,162.397,relay_data_api_concorrente,34528800.65,0.1717
2024-10-24,Post-Shapella,2534.5,2532.32,0.99914,-0.00086,-0.086,0.010072,0.009306,52.7826,48.4869,51.9259,48.7789,3.4808,3.1155,0.3653,10.4947,0.001,1.0588,2.8343,2.95,2.9074,1.8201,99.45,0,0.0,24469936797,24454953841,164416442.0,31907.69,32992.04,50.81,5754575.47,0,0,0,0,yfinance_ETH-USD,yfinance_STETH-USD,beacon_formula_16632_sqrt_S,modelo_teorico_oficial,modelo_invariante_stableswap,34435055.57,0.6464,3.1155,100487625345,2.95,24782171015,24.34,0.0387,1,278.8034,relay_data_api_concorrente,34435055.57,0.2955
2024-10-25,Post-Shapella,2435.93,2428.26,0.996851,-0.003149,-0.3149,-0.039666,-0.04196,55.8,49.4057,55.5138,49.8055,3.4748,3.1102,0.3646,10.4927,0.001,1.0598,2.8228,2.97,2.9269,2.0701,99.45,0,0.0,24843997806,24828452394,161443074.0,32044.49,34339.38,51.65,5650507.59,0,0,0,0,yfinance_ETH-USD,yfinance_STETH-USD,beacon_formula_16632_sqrt_S,modelo_teorico_oficial,modelo_invariante_stableswap,34716083.05,0.652,3.1102,101673515413,2.97,23973588131,24.42,0.0322,1,232.1295,relay_data_api_concorrente,34716083.05,0.2441
2024-10-26,Post-Shapella,2479.6,2479.62,1.000008,8e-06,0.0008,0.017768,0.020931,59.1098,49.272,59.7831,49.8082,3.4812,3.1159,0.3653,10.4935,0.001,1.0608,2.8222,2.925,2.8832,1.63,99.45,0,0.0,24266901522,24252518082,130998764.0,26152.5,26677.89,50.5,4584956.74,0,0,0,0,yfinance_ETH-USD,yfinance_STETH-USD,beacon_formula_16632_sqrt_S,modelo_teorico_oficial,modelo_invariante_stableswap,34733217.27,0.6591,3.1159,99493325328,2.925,24204811508,24.38,0.0883,1,635.6452,relay_data_api_concorrente,34733217.27,0.668
2024-10-27,Post-Shapella,2505.94,2507.42,1.000591,0.000591,0.0591,0.010566,0.011148,49.1144,48.6043,50.7116,49.1704,3.4843,3.1186,0.3657,10.4957,0.001,1.0619,2.8166,2.818,2.7791,1.57,99.45,0,0.0,24256230372,24241413021,132543305.0,26295.27,26580.68,50.28,4639015.68,0,0,0,0,yfinance_ETH-USD,yfinance_STETH-USD,beacon_formula_16632_sqrt_S,modelo_teorico_oficial,modelo_invariante_stableswap,34869368.59,0.6676,3.1186,99792571939,2.818,24534483012,24.29,0.0775,0,558.0432,relay_data_api_concorrente,34869368.59,0.5841
2024-10-28,Post-Shapella,2565.35,2565.08,0.999895,-0.000105,-0.0105,0.02343,0.022733,52.9822,49.3995,54.4166,49.8832,3.5035,3.1358,0.3677,10.4952,0.001,1.0629,2.826,2.769,2.7315,1.58,99.45,0,0.0,24531759741,24516429277,135072006.0,26042.6,26612.67,50.54,4727520.21,0,0,0,0,yfinance_ETH-USD,yfinance_STETH-USD,beacon_formula_16632_sqrt_S,modelo_teorico_oficial,modelo_invariante_stableswap,34638045.24,0.6775,3.1358,100924007492,2.769,25058243871,24.29,0.0667,0,480.4412,relay_data_api_concorrente,34638045.24,0.5063
2024-10-29,Post-Shapella,2637.96,2634.83,0.998813,-0.001187,-0.1187,0.027911,0.026832,56.7857,50.3976,57.674,50.8058,3.524,3.1542,0.3698,10.4938,0.001,1.0639,2.8354,2.946,2.9036,1.5302,99.45,0,0.0,25074321946,25058836133,139442204.0,25937.0,26954.85,50.93,4880477.14,0,0,0,0,yfinance_ETH-USD,yfinance_STETH-USD,beacon_formula_16632_sqrt_S,modelo_teorico_oficial,modelo_invariante_stableswap,34409975.09,0.6886,3.1542,103176127754,2.946,25646894445,24.29,0.056,1,402.8393,relay_data_api_concorrente,34409975.09,0.4273
2024-10-30,Post-Shapella,2657.37,2656.14,0.999537,-0.000463,-0.0463,0.007333,0.008052,42.8123,49.8756,44.4399,50.3484,3.5485,3.1761,0.3724,10.4946,0.001,1.0649,2.8476,2.994,2.9502,1.85,99.45,0,0.0,25697403370,25681914507,139974642.0,25984.1,26702.39,50.67,4899112.47,0,0,0,0,yfinance_ETH-USD,yfinance_STETH-USD,beacon_formula_16632_sqrt_S,modelo_teorico_oficial,modelo_invariante_stableswap,34114284.84,0.7008,3.1761,105856808440,2.994,25931084451,24.26,0.0535,1,385.4533,relay_data_api_concorrente,34114284.84,0.4124
2024-10-31,Post-Shapella,2515.8,2514.96,0.999666,-0.000334,-0.0334,-0.054747,-0.054617,62.2593,48.9346,63.3684,49.4339,3.5469,3.1746,0.3723,10.4965,0.001,1.0659,2.833,2.916,2.8744,1.62,99.45,0,0.0,26066656377,26051439297,132817837.0,26068.03,26734.38,50.62,4648624.3,0,0,0,0,yfinance_ETH-USD,yfinance_STETH-USD,beacon_formula_16632_sqrt_S,modelo_teorico_oficial,modelo_invariante_stableswap,34468390.4,0.7139,3.1746,107115457705,2.916,24561133828,24.32,0.0275,1,198.1309,relay_data_api_concorrente,34468390.4,0.2098
2024-11-01,Post-Shapella,2511.89,2512.1,1.000084,8.4e-05,0.0084,-0.001557,-0.001137,53.3237,47.2291,53.3785,47.7903,3.569,3.1945,0.3745,10.4931,0.001,1.0669,2.8413,3.176,3.1267,1.59,99.45,0,0.0,24604977179,24590382744,132294547.0,26086.48,26578.63,50.47,4630309.15,0,0,0,0,yfinance_ETH-USD,yfinance_STETH-USD,beacon_formula_16632_sqrt_S,modelo_teorico_oficial,modelo_invariante_stableswap,34266097.36,0.7277,3.1945,101933412020,3.176,24459410999,24.12,0.0728,1,524.2135,relay_data_api_concorrente,34266097.36,0.5584
2024-11-02,Post-Shapella,2491.07,2489.24,0.999265,-0.000735,-0.0735,-0.008322,-0.00914,52.6646,47.2735,52.2723,47.83,3.5816,3.2058,0.3758,10.4925,0.001,1.068,2.8396,2.836,2.7966,1.8802,99.45,0,0.0,24580968604,24566593062,131324731.0,25954.27,26783.61,50.77,4596365.59,0,0,0,0,yfinance_ETH-USD,yfinance_STETH-USD,beacon_formula_16632_sqrt_S,modelo_teorico_oficial,modelo_invariante_stableswap,34306706.48,0.742,3.2058,101919434837,2.836,24323422289,24.1,0.0204,1,146.9855,relay_data_api_concorrente,34306706.48,0.1564
2024-11-03,Post-Shapella,2456.43,2455.12,0.999467,-0.000533,-0.0533,-0.014005,-0.0138,52.8413,46.6779,52.3004,47.2043,3.5917,3.2148,0.3769,10.4936,0.001,1.069,2.8352,2.868,2.8278,1.59,99.45,0,0.0,24306081312,24291767182,129992535.0,26092.87,26840.74,50.69,4549738.73,0,0,0,0,yfinance_ETH-USD,yfinance_STETH-USD,beacon_formula_16632_sqrt_S,modelo_teorico_oficial,modelo_invariante_stableswap,34414669.81,0.7566,3.2148,101224332938,2.868,24063736030,24.0,0.0378,0,271.9154,relay_data_api_concorrente,34414669.81,0.2884
2024-11-04,Post-Shapella,2397.03,2395.39,0.999316,-0.000684,-0.0684,-0.024478,-0.024631,49.5692,47.489,49.2091,48.0158,3.5967,3.2193,0.3774,10.493,0.001,1.07,2.8256,2.868,2.8278,1.5502,99.45,0,0.0,24040506684,24026416939,126487901.0,25989.1,26797.83,50.75,4427076.54,0,0,0,0,yfinance_ETH-USD,yfinance_STETH-USD,beacon_formula_16632_sqrt_S,modelo_teorico_oficial,modelo_invariante_stableswap,34648531.96,0.7711,3.2193,100447138184,2.868,23347094296,23.92,0.0551,1,396.8454,relay_data_api_concorrente,34648531.96,0.4181
2024-11-05,Post-Shapella,2422.65,2423.9,1.000516,0.000516,0.0516,0.010633,0.011832,42.6879,47.5062,43.2522,48.0798,3.6083,3.2296,0.3787,10.4952,0.001,1.0711,2.8228,2.933,2.8909,1.67,99.45,0,0.0,23364394755,23350761551,128292814.0,26312.74,26629.09,50.31,4490248.49,0,0,0,0,yfinance_ETH-USD,yfinance_STETH-USD,beacon_formula_16632_sqrt_S,modelo_teorico_oficial,modelo_invariante_stableswap,34718182.94,0.7855,3.2296,98012172500,2.933,23668012636,23.82,0.0341,1,245.6235,relay_data_api_concorrente,34718182.94,0.2582
2024-11-06,Post-Shapella,2724.17,2721.42,0.998991,-0.001009,-0.1009,0.117301,0.115774,103.6166,62.6399,102.6596,62.7639,3.6421,3.2599,0.3822,10.4939,0.001,1.0721,2.8427,3.217,3.1665,1.5902,99.45,0,0.0,23709038611,23694590849,143996191.0,25970.02,26915.89,50.87,5039866.69,0,0,0,0,yfinance_ETH-USD,yfinance_STETH-USD,beacon_formula_16632_sqrt_S,modelo_teorico_oficial,modelo_invariante_stableswap,34233459.32,0.7995,3.2599,99756688862,3.217,26520046509,23.75,0.0483,1,347.4106,relay_data_api_concorrente,34233459.32,0.3704
2024-11-07,Post-Shapella,2895.59,2895.17,0.999855,-0.000145,-0.0145,0.061024,0.061891,97.5403,65.7309,96.8669,65.9477,3.6795,3.2933,0.3862,10.496,0.0011,1.0732,2.8667,3.002,2.9579,1.82,99.45,0,0.0,26695560093,26679296450,151621029.0,25892.03,26474.55,50.55,5306736.02,0,0,0,0,yfinance_ETH-USD,yfinance_STETH-USD,beacon_formula_16632_sqrt_S,modelo_teorico_oficial,modelo_invariante_stableswap,33661131.24,0.8127,3.2933,110812397907,3.002,28021205364,24.08,0.1371,0,987.0461,relay_data_api_concorrente,33661131.24,1.0703
2024-11-08,Post-Shapella,2962.3,2959.97,0.999213,-0.000787,-0.0787,0.022778,0.022135,95.8234,64.7089,95.2046,64.7548,3.6975,3.3094,0.3881,10.4963,0.0011,1.0742,2.8723,3.031,2.9861,3.4,99.45,0,0.0,28244683207,28227782329,155165297.0,25777.83,26623.12,50.79,5430785.4,0,0,0,0,yfinance_ETH-USD,yfinance_STETH-USD,beacon_formula_16632_sqrt_S,modelo_teorico_oficial,modelo_invariante_stableswap,33530459.58,0.8251,3.3094,116657923446,3.031,29086536614,24.2,0.2259,1,1626.6816,relay_data_api_concorrente,33530459.58,1.7707
2024-11-09,Post-Shapella,3131.14,3131.31,1.000054,5.4e-05,0.0054,0.055434,0.056273,93.9597,66.834,93.2864,66.944,3.7215,3.331,0.3905,10.4931,0.0011,1.0753,2.8851,3.103,3.056,1.6701,99.45,0,0.0,29048499088,29031344504,162640052.0,25721.71,26219.62,50.48,5692401.82,0,0,0,0,yfinance_ETH-USD,yfinance_STETH-USD,beacon_formula_16632_sqrt_S,modelo_teorico_oficial,modelo_invariante_stableswap,33234548.33,0.8364,3.331,120452973074,3.103,30478858199,24.1,0.1085,1,780.9999,relay_data_api_concorrente,33234548.33,0.8577
2024-11-10,Post-Shapella,3191.33,3189.3,0.999364,-0.000636,-0.0636,0.01904,0.018349,86.7255,66.7737,86.135,66.8246,3.7379,3.3456,0.3923,10.4952,0.0011,1.0764,2.8914,2.923,2.8812,1.78,99.45,0,0.0,30649483970,30632276360,166125836.0,25646.37,26425.8,50.73,5814404.26,0,0,0,0,yfinance_ETH-USD,yfinance_STETH-USD,beacon_formula_16632_sqrt_S,modelo_teorico_oficial,modelo_invariante_stableswap,33088735.82,0.8465,3.3456,126056890674,2.923,31191231893,24.3,0.101,0,727.4282,relay_data_api_concorrente,33088735.82,0.8024
2024-11-11,Post-Shapella,3374.81,3374.68,0.999961,-3.9e-05,-0.0039,0.055902,0.056499,69.5685,68.7195,68.781,68.8176,3.7631,3.3682,0.3949,10.494,0.0011,1.0775,2.908,3.057,3.0113,1.75,99.45,0,0.0,31311407693,31293299931,174565793.0,25596.87,26130.24,50.51,6109802.76,0,0,0,0,yfinance_ETH-USD,yfinance_STETH-USD,beacon_formula_16632_sqrt_S,modelo_teorico_oficial,modelo_invariante_stableswap,32712138.03,0.8551,3.3682,128868593000,3.057,32597301109,24.28,0.0936,0,673.8565,relay_data_api_concorrente,32712138.03,0.7519
2024-11-12,Post-Shapella,3246.26,3249.97,1.001143,0.001143,0.1143,-0.038837,-0.037655,91.7469,70.689,90.7936,70.6632,3.7601,3.3655,0.3946,10.4944,0.0011,1.0785,2.898,3.47,3.4113,1.8301,99.45,0,0.0,32779761208,32760777857,172051358.0,26456.05,26513.52,50.08,6021797.53,0,0,0,0,yfinance_ETH-USD,yfinance_STETH-USD,beacon_formula_16632_sqrt_S,modelo_teorico_oficial,modelo_invariante_stableswap,32939482.72,0.8622,3.3655,134977107567,3.47,31966821903,24.27,0.0862,0,620.2848,relay_data_api_concorrente,32939482.72,0.6873
2024-11-13,Post-Shapella,3192.6,3187.38,0.998365,-0.001635,-0.1635,-0.016668,-0.019447,73.9631,68.4466,74.9882,68.4768,3.7357,3.3436,0.3921,10.496,0.0011,1.0796,2.8681,3.142,3.0938,1.88,99.45,0,0.0,32174168690,32155796979,166284490.0,25471.12,26656.82,51.1,5819957.15,0,0,0,0,yfinance_ETH-USD,yfinance_STETH-USD,beacon_formula_16632_sqrt_S,modelo_teorico_oficial,modelo_invariante_stableswap,33628463.65,0.8675,3.3436,133141502368,3.142,31152381971,24.15,0.0787,1,566.7131,relay_data_api_concorrente,33628463.65,0.6151
2024-11-14,Post-Shapella,3058.95,3052.01,0.997731,-0.002269,-0.2269,-0.042763,-0.043398,79.0176,70.3995,79.7972,70.4542,3.7176,3.3275,0.3901,10.4933,0.0011,1.0807,2.8464,3.524,3.4635,1.76,99.45,0,0.0,31340772806,31322360985,162931474.0,25924.68,27401.34,51.33,5702601.59,0,0,0,0,yfinance_ETH-USD,yfinance_STETH-USD,beacon_formula_16632_sqrt_S,modelo_teorico_oficial,modelo_invariante_stableswap,34142856.08,0.8712,3.3275,130556144563,3.524,30289196741,23.99,0.0539,0,387.9208,relay_data_api_concorrente,34142856.08,0.4147
2024-11-15,Post-Shapella,3103.04,3096.16,0.997783,-0.002217,-0.2217,0.014311,0.01436,78.277,70.4565,79.1265,70.5176,3.7162,3.3262,0.39,10.4946,0.0011,1.0818,2.8432,3.218,3.1674,1.94,99.45,0,0.0,30073599744,30055713691,161988558.0,25417.76,26844.94,51.31,5669599.53,0,0,0,0,yfinance_ETH-USD,yfinance_STETH-USD,beacon_formula_16632_sqrt_S,modelo_teorico_oficial,modelo_invariante_stableswap,34221524.33,0.8731,3.3262,125950344444,3.218,30204008073,23.86,0.029,1,209.1285,relay_data_api_concorrente,34221524.33,0.2231
2024-11-16,Post-Shapella,3133.27,3131.72,0.999505,-0.000495,-0.0495,0.009696,0.011422,67.0995,70.4032,67.7481,70.4679,3.7076,3.3185,0.3891,10.4947,0.0011,1.0828,2.8345,3.027,2.9822,1.85,99.45,0,0.0,30380966978,30362286258,164613962.0,25911.11,26639.5,50.68,5761488.67,0,0,0,0,yfinance_ETH-USD,yfinance_STETH-USD,beacon_formula_16632_sqrt_S,modelo_teorico_oficial,modelo_invariante_stableswap,34431528.13,0.8731,3.3185,127714072784,3.027,30864520874,23.77,0.0307,0,221.1041,relay_data_api_concorrente,34431528.13,0.2344
2024-11-17,Post-Shapella,3075.66,3075.17,0.999841,-0.000159,-0.0159,-0.018558,-0.018224,66.1281,70.8582,66.8702,70.8962,3.6974,3.3093,0.3881,10.4966,0.0011,1.0839,2.8259,2.923,2.8812,1.81,99.45,0,0.0,30826322141,30807928879,160546642.0,25807.87,26395.42,50.56,5619132.47,0,0,0,0,yfinance_ETH-USD,yfinance_STETH-USD,beacon_formula_16632_sqrt_S,modelo_teorico_oficial,modelo_invariante_stableswap,34641395.03,0.8715,3.3093,129185629565,2.923,30155667996,23.85,0.0324,0,233.0797,relay_data_api_concorrente,34641395.03,0.2456
2024-11-18,Post-Shapella,3207.86,3205.97,0.999411,-0.000589,-0.0589,0.042083,0.041657,58.6852,72.0143,58.9254,72.0278,3.6917,3.3042,0.3875,10.4965,0.0011,1.085,2.8236,2.915,2.8734,1.68,99.45,0,0.0,30122126036,30102022624,164859347.0,25329.08,26078.59,50.71,5770077.14,0,0,0,0,yfinance_ETH-USD,yfinance_STETH-USD,beacon_formula_16632_sqrt_S,modelo_teorico_oficial,modelo_invariante_stableswap,34697597.29,0.8681,3.3042,127229842266,2.915,30945709395,23.66,0.034,0,245.0553,relay_data_api_concorrente,34697597.29,0.2578
2024-11-19,Post-Shapella,3111.38,3110.56,0.999736,-0.000264,-0.0264,-0.030535,-0.030212,56.2212,72.297,56.802,72.3466,3.6892,3.302,0.3872,10.4955,0.0011,1.086,2.8261,3.033,2.988,1.76,99.45,0,0.0,31032297183,31011909037,161220247.0,25599.15,26224.08,50.6,5642708.64,0,0,0,0,yfinance_ETH-USD,yfinance_STETH-USD,beacon_formula_16632_sqrt_S,modelo_teorico_oficial,modelo_invariante_stableswap,34635494.25,0.8631,3.302,130813205312,3.033,30310831925,23.71,0.0357,1,257.0309,relay_data_api_concorrente,34635494.25,0.2709
2024-11-20,Post-Shapella,3072.19,3069.8,0.999222,-0.000778,-0.0778,-0.012678,-0.013192,55.8358,71.5269,56.0939,71.6594,3.6857,3.2989,0.3868,10.4946,0.0011,1.0871,2.8291,3.033,2.988,1.81,99.45,0,0.0,30515873075,30495758235,169586099.0,27167.44,28054.78,50.78,5935513.47,0,0,0,0,yfinance_ETH-USD,yfinance_STETH-USD,beacon_formula_16632_sqrt_S,modelo_teorico_oficial,modelo_invariante_stableswap,34562915.61,0.8566,3.2989,128745736352,3.033,30113280218,23.69,0.0157,1,112.8234,relay_data_api_concorrente,34562915.61,0.1191
2024-11-21,Post-Shapella,3361.05,3360.17,0.999738,-0.000262,-0.0262,0.089865,0.09038,79.2176,76.9387,79.3013,77.0987,3.7046,3.3158,0.3888,10.4951,0.0011,1.0881,2.8558,2.985,2.9414,1.86,99.45,0,0.0,30115257205,30095278866,186074192.0,27351.01,28018.25,50.6,6512596.72,0,0,0,0,yfinance_ETH-USD,yfinance_STETH-USD,beacon_formula_16632_sqrt_S,modelo_teorico_oficial,modelo_invariante_stableswap,33918542.62,0.8488,3.3158,127850936305,2.985,33070140729,23.54,0.0183,1,131.8404,relay_data_api_concorrente,33918542.62,0.1419
2024-11-22,Post-Shapella,3331.6,3327.94,0.998901,-0.001099,-0.1099,-0.008802,-0.009638,80.8077,74.9394,81.0612,75.1802,3.6908,3.3035,0.3873,10.4937,0.0011,1.0892,2.8511,3.044,2.9987,1.8102,99.45,0,0.0,33045145729,33023510644,182745146.0,26931.94,27950.83,50.9,6396080.11,0,0,0,0,yfinance_ETH-USD,yfinance_STETH-USD,beacon_formula_16632_sqrt_S,modelo_teorico_oficial,modelo_invariante_stableswap,34032349.29,0.8397,3.3035,139054712961,3.044,32432798258,23.75,0.1021,1,734.7925,relay_data_api_concorrente,34032349.29,0.7881
2024-11-23,Post-Shapella,3396.22,3396.68,1.000135,0.000135,0.0135,0.019211,0.020444,81.0667,75.0167,81.3974,75.2785,3.6826,3.2961,0.3865,10.4953,0.0011,1.0903,2.8529,2.978,2.9346,1.69,99.45,0,0.0,32637781508,32616181376,187906994.0,27414.76,27909.74,50.45,6576744.79,0,0,0,0,yfinance_ETH-USD,yfinance_STETH-USD,beacon_formula_16632_sqrt_S,modelo_teorico_oficial,modelo_invariante_stableswap,33989132.41,0.8298,3.2961,138290222398,2.978,33394590359,23.59,0.0747,0,537.5298,relay_data_api_concorrente,33989132.41,0.5772
2024-11-24,Post-Shapella,3363.66,3360.26,0.998989,-0.001011,-0.1011,-0.009634,-0.01078,79.2896,73.2368,79.9019,73.3414,3.6738,3.2882,0.3856,10.4959,0.0011,1.0913,2.8548,3.01,2.9657,1.64,99.45,0,0.0,33404283056,33382645521,184508535.0,26950.07,27931.67,50.87,6457798.72,0,0,0,0,yfinance_ETH-USD,yfinance_STETH-USD,beacon_formula_16632_sqrt_S,modelo_teorico_oficial,modelo_invariante_stableswap,33943149.6,0.819,3.2882,141100239876,3.01,32849261119,23.66,0.0473,1,340.2671,relay_data_api_concorrente,33943149.6,0.3659
2024-11-25,Post-Shapella,3413.54,3418.66,1.0015,0.0015,0.15,0.014721,0.017232,75.5113,73.2078,76.3797,73.2886,3.6573,3.2735,0.3838,10.4941,0.0011,1.0924,2.8496,2.905,2.8637,1.6302,99.45,0,0.0,32891432832,32870024400,187755443.0,27527.7,27434.3,49.95,6571440.51,0,0,0,0,yfinance_ETH-USD,yfinance_STETH-USD,beacon_formula_16632_sqrt_S,modelo_teorico_oficial,modelo_invariante_stableswap,34066196.52,0.8077,3.2735,139686308007,2.905,33637513072,23.53,0.0388,1,279.613,relay_data_api_concorrente,34066196.52,0.2996
2024-11-26,Post-Shapella,3326.52,3325.9,0.999814,-0.000186,-0.0186,-0.025825,-0.027509,74.0787,74.3056,75.5521,74.4897,3.6449,3.2624,0.3825,10.4941,0.001,1.0934,2.8489,2.996,2.9521,1.7,99.45,0,0.0,33300288971,33280427632,182623490.0,27138.26,27766.17,50.57,6391822.15,0,0,0,0,yfinance_ETH-USD,yfinance_STETH-USD,beacon_formula_16632_sqrt_S,modelo_teorico_oficial,modelo_invariante_stableswap,34084614.22,0.796,3.2624,140579805727,2.996,32623884592,23.67,0.0333,0,239.6466,relay_data_api_concorrente,34084614.22,0.2566
2024-11-27,Post-Shapella,3657.25,3660.12,1.000785,0.000785,0.0785,0.094785,0.095754,92.752,79.9503,94.2388,80.2635,3.6546,3.271,0.3836,10.4964,0.0011,1.0945,2.8703,2.96,2.9172,1.65,99.45,0,0.0,32625423209,32606044727,200550372.0,27301.13,27513.66,50.21,7019263.02,0,0,0,0,yfinance_ETH-USD,yfinance_STETH-USD,beacon_formula_16632_sqrt_S,modelo_teorico_oficial,modelo_invariante_stableswap,33577253.18,0.7843,3.271,137982519280,2.96,35903173735,23.63,0.0277,1,199.6803,relay_data_api_concorrente,33577253.18,0.2171
2024-11-28,Post-Shapella,3579.81,3580.14,1.000092,9.2e-05,0.0092,-0.021401,-0.022093,79.1466,80.5492,80.9176,80.9256,3.6197,3.2398,0.3799,10.4953,0.001,1.0955,2.8471,2.909,2.8676,1.77,99.45,0,0.0,36008302091,35988036855,196534461.0,27194.34,27703.92,50.47,6878706.14,0,0,0,0,yfinance_ETH-USD,yfinance_STETH-USD,beacon_formula_16632_sqrt_S,modelo_teorico_oficial,modelo_invariante_stableswap,34127952.24,0.7727,3.2398,151416791074,2.909,35133585056,23.77,0.0279,1,201.2015,relay_data_api_concorrente,34127952.24,0.2152
2024-11-29,Post-Shapella,3593.49,3592.69,0.999777,-0.000223,-0.0223,0.003815,0.003499,77.9346,80.5742,79.6167,80.9565,3.6107,3.2317,0.379,10.4966,0.001,1.0965,2.8492,2.807,2.7684,1.61,99.45,0,0.0,35270700663,35250757469,196901749.0,27078.24,27721.95,50.58,6891561.22,0,0,0,0,yfinance_ETH-USD,yfinance_STETH-USD,beacon_formula_16632_sqrt_S,modelo_teorico_oficial,modelo_invariante_stableswap,34076054.75,0.7614,3.2317,148868897599,2.807,35281699273,23.68,0.0361,0,259.7606,relay_data_api_concorrente,34076054.75,0.2782
2024-11-30,Post-Shapella,3705.71,3708.57,1.000772,0.000772,0.0772,0.030749,0.031746,79.1273,77.3744,80.8466,77.8152,3.6015,3.2236,0.3779,10.4929,0.001,1.0976,2.8507,2.804,2.7655,1.55,99.45,0,0.0,35345326398,35324816608,194409131.0,26116.73,26325.0,50.22,6804319.59,0,0,0,0,yfinance_ETH-USD,yfinance_STETH-USD,beacon_formula_16632_sqrt_S,modelo_teorico_oficial,modelo_invariante_stableswap,34039984.45,0.7508,3.2236,150501064371,2.804,36403092741,23.47,0.0442,0,318.3196,relay_data_api_concorrente,34039984.45,0.3413
2024-12-01,Post-Shapella,3711.17,3710.36,0.999782,-0.000218,-0.0218,0.001472,0.000483,77.6332,77.3103,79.263,77.7803,3.5928,3.2157,0.3771,10.496,0.001,1.0986,2.8519,2.793,2.7548,1.73,99.45,0,0.0,36656161747,36636153194,195332450.0,26012.16,26627.3,50.58,6836635.75,0,0,0,0,yfinance_ETH-USD,yfinance_STETH-USD,beacon_formula_16632_sqrt_S,modelo_teorico_oficial,modelo_invariante_stableswap,34013076.6,0.7409,3.2157,155167538650,2.793,36647561588,23.61,0.0523,1,376.8787,relay_data_api_concorrente,34013076.6,0.4044
2024-12-02,Post-Shapella,3644.2,3637.07,0.998043,-0.001957,-0.1957,-0.018209,-0.01995,81.0264,77.7295,82.8521,78.2575,3.5748,3.1996,0.3752,10.4957,0.001,1.0996,2.8428,2.946,2.9036,1.67,99.45,0,0.0,36693035529,36673033115,189504218.0,25369.72,26684.08,51.21,6632647.63,0,0,0,0,yfinance_ETH-USD,yfinance_STETH-USD,beacon_formula_16632_sqrt_S,modelo_teorico_oficial,modelo_invariante_stableswap,34230273.47,0.732,3.1996,155586112409,2.946,35450104491,23.57,0.0433,0,311.4797,relay_data_api_concorrente,34230273.47,0.3321
2024-12-03,Post-Shapella,3620.71,3623.76,1.000842,0.000842,0.0842,-0.006466,-0.003668,77.0221,77.4477,78.1428,77.9057,3.57,3.1954,0.3746,10.493,0.001,1.1007,2.8458,3.113,3.0657,2.1,99.45,0,0.0,35723030177,35704183423,189422780.0,26057.25,26237.12,50.19,6629797.3,0,0,0,0,yfinance_ETH-USD,yfinance_STETH-USD,beacon_formula_16632_sqrt_S,modelo_teorico_oficial,modelo_invariante_stableswap,34157971.23,0.7242,3.1954,152716587618,3.113,35553300143,23.38,0.0342,1,246.0806,relay_data_api_concorrente,34157971.23,0.263
2024-12-04,Post-Shapella,3841.33,3837.7,0.999055,-0.000945,-0.0945,0.059148,0.05736,54.8616,77.8556,54.5379,78.1728,3.5556,3.1824,0.3732,10.4961,0.001,1.1017,2.8379,3.145,3.0967,2.1,99.45,0,0.0,35724961964,35705324187,202526844.0,25915.7,26832.76,50.85,7088439.54,0,0,0,0,yfinance_ETH-USD,yfinance_STETH-USD,beacon_formula_16632_sqrt_S,modelo_teorico_oficial,modelo_invariante_stableswap,34348147.45,0.7177,3.1824,153606242718,3.145,38042144489,23.24,0.0331,1,238.2032,relay_data_api_concorrente,34348147.45,0.2531
2024-12-05,Post-Shapella,3811.01,3810.38,0.999835,-0.000165,-0.0165,-0.007925,-0.007142,51.3671,78.2761,50.655,78.5704,3.5529,3.18,0.3729,10.4957,0.001,1.1027,2.8404,2.996,2.9521,2.0204,99.45,0,0.0,37877726009,37858539658,199697109.0,25906.66,26497.77,50.56,6989398.82,0,0,0,0,yfinance_ETH-USD,yfinance_STETH-USD,beacon_formula_16632_sqrt_S,modelo_teorico_oficial,modelo_invariante_stableswap,34288150.87,0.7125,3.18,162249914456,2.996,37506409249,23.33,0.1368,1,984.932,relay_data_api_concorrente,34288150.87,1.0485
2024-12-06,Post-Shapella,4005.81,4006.65,1.00021,0.00021,0.021,0.049852,0.050226,58.7929,70.3239,58.2849,70.9548,3.5581,3.1847,0.3734,10.4944,0.001,1.1037,2.8494,3.34,3.2856,2.1,99.45,0,0.0,37590949522,37571519068,210305377.0,26027.78,26466.75,50.42,7360688.2,0,0,0,0,yfinance_ETH-USD,yfinance_STETH-USD,beacon_formula_16632_sqrt_S,modelo_teorico_oficial,modelo_invariante_stableswap,34072081.21,0.7087,3.1847,160461662173,3.34,39648039924,23.41,0.096,0,691.5041,relay_data_api_concorrente,34072081.21,0.7408
2024-12-07,Post-Shapella,4002.69,4002.0,0.999828,-0.000172,-0.0172,-0.000779,-0.001161,58.2293,68.2697,57.5718,68.852,3.55,3.1774,0.3726,10.4958,0.001,1.1048,2.8436,2.894,2.853,2.16,99.45,0,0.0,39296828174,39277136683,208263934.0,25722.49,26313.04,50.56,7289237.69,0,0,0,0,yfinance_ETH-USD,yfinance_STETH-USD,beacon_formula_16632_sqrt_S,modelo_teorico_oficial,modelo_invariante_stableswap,34212198.18,0.7064,3.1774,168870244709,2.894,39392112943,23.26,0.0553,0,398.0762,relay_data_api_concorrente,34212198.18,0.4247
2024-12-08,Post-Shapella,4005.7,4005.91,1.000052,5.2e-05,0.0052,0.000752,0.000977,58.3033,68.2153,57.5186,68.8088,3.5501,3.1775,0.3726,10.4955,0.001,1.1058,2.8445,2.781,2.7431,1.9104,99.45,0,0.0,39389918530,39369952948,207893271.0,25700.03,26197.95,50.48,7276264.48,0,0,0,0,yfinance_ETH-USD,yfinance_STETH-USD,beacon_formula_16632_sqrt_S,modelo_teorico_oficial,modelo_invariante_stableswap,34190250.72,0.7056,3.1775,168836679313,2.781,39300530029,23.32,0.0145,1,104.6483,relay_data_api_concorrente,34190250.72,0.1117
2024-12-09,Post-Shapella,3718.69,3719.81,1.000301,0.000301,0.0301,-0.074348,-0.074099,83.8542,72.2511,82.9032,72.7108,3.5394,3.1679,0.3715,10.4961,0.001,1.1068,2.8331,2.857,2.8171,1.92,99.45,0,0.0,39485468735,39465760656,193052411.0,25754.51,26151.7,50.39,6756834.39,0,0,0,0,yfinance_ETH-USD,yfinance_STETH-USD,beacon_formula_16632_sqrt_S,modelo_teorico_oficial,modelo_invariante_stableswap,34465552.06,0.7063,3.1679,169135006028,2.857,36556593528,23.33,0.0177,1,127.7399,relay_data_api_concorrente,34465552.06,0.1353
2024-12-10,Post-Shapella,3631.83,3630.82,0.999722,-0.000278,-0.0278,-0.023634,-0.024215,85.9107,72.7931,85.2355,73.2952,3.5373,3.1661,0.3712,10.4939,0.001,1.1078,2.829,3.413,3.3562,2.2204,99.45,0,0.0,36553397407,36535226909,189373405.0,25757.34,26392.69,50.6,6628069.18,0,0,0,0,yfinance_ETH-USD,yfinance_STETH-USD,beacon_formula_16632_sqrt_S,modelo_teorico_oficial,modelo_invariante_stableswap,34565014.32,0.7083,3.1661,157586902782,3.413,35862802728,23.18,0.0215,1,154.8837,relay_data_api_concorrente,34565014.32,0.1636
2024-12-11,Post-Shapella,3832.82,3828.72,0.99893,-0.00107,-0.107,0.053864,0.053072,83.7718,72.6145,83.5277,72.9973,3.5392,3.1677,0.3715,10.4967,0.001,1.1088,2.8275,3.037,2.9919,2.39,99.45,0,0.0,35921462926,35903707468,198137178.0,25386.88,26336.17,50.89,6934801.23,0,0,0,0,yfinance_ETH-USD,yfinance_STETH-USD,beacon_formula_16632_sqrt_S,modelo_teorico_oficial,modelo_invariante_stableswap,34601062.99,0.7116,3.1677,155718877777,3.037,37667315223,23.06,0.0526,1,378.6411,relay_data_api_concorrente,34601062.99,0.3994
2024-12-12,Post-Shapella,3883.1,3881.64,0.999624,-0.000376,-0.0376,0.013033,0.013728,83.9806,70.977,83.8518,71.4729,3.5474,3.1751,0.3723,10.495,0.001,1.1098,2.8312,2.925,2.8832,3.1502,99.45,0,0.0,37893350514,37874515168,200984796.0,25549.6,26219.11,50.64,7034467.86,0,0,0,0,yfinance_ETH-USD,yfinance_STETH-USD,beacon_formula_16632_sqrt_S,modelo_teorico_oficial,modelo_invariante_stableswap,34510589.34,0.7162,3.1751,163964785420,2.925,37806016613,23.1,0.0395,0,284.4097,relay_data_api_concorrente,34510589.34,0.3008
2024-12-13,Post-Shapella,3911.21,3904.51,0.998287,-0.001713,-0.1713,0.007211,0.005875,74.5212,70.5055,74.0906,70.885,3.5456,3.1735,0.3721,10.4947,0.001,1.1109,2.8239,2.898,2.8569,2.68,99.45,0,0.0,38111406555,38092637609,202036118.0,25246.76,26454.21,51.12,7071264.13,0,0,0,0,yfinance_ETH-USD,yfinance_STETH-USD,beacon_formula_16632_sqrt_S,modelo_teorico_oficial,modelo_invariante_stableswap,34691060.71,0.7217,3.1735,165381139214,2.898,38211965632,23.03,0.0264,1,190.1782,relay_data_api_concorrente,34691060.71,0.2001
2024-12-14,Post-Shapella,3868.41,3861.75,0.998278,-0.001722,-0.1722,-0.011003,-0.011011,74.6668,68.5403,74.2274,68.8721,3.5499,3.1774,0.3725,10.4933,0.001,1.1119,2.8217,2.797,2.7587,2.28,99.45,0,0.0,38383561942,38365011417,199767015.0,25237.9,26448.24,51.13,6991845.52,0,0,0,0,yfinance_ETH-USD,yfinance_STETH-USD,beacon_formula_16632_sqrt_S,modelo_teorico_oficial,modelo_invariante_stableswap,34743544.4,0.7282,3.1774,166839858533,2.797,37858056582,23.0,0.0199,0,143.4439,relay_data_api_concorrente,34743544.4,0.1507
2024-12-15,Post-Shapella,3951.94,3955.46,1.000891,0.000891,0.0891,0.021365,0.023975,77.0571,68.6683,77.1714,69.0679,3.5618,3.188,0.3738,10.4947,0.001,1.1129,2.8265,2.762,2.7246,3.3702,99.45,0,0.0,37936189998,37918227543,200969651.0,25337.64,25493.07,50.18,7033937.79,0,0,0,0,yfinance_ETH-USD,yfinance_STETH-USD,beacon_formula_16632_sqrt_S,modelo_teorico_oficial,modelo_invariante_stableswap,34626209.65,0.7353,3.188,165744237515,2.762,38024218511,22.88,0.0134,1,96.7096,relay_data_api_concorrente,34626209.65,0.1019
2024-12-16,Post-Shapella,3987.48,3982.92,0.998856,-0.001144,-0.1144,0.008953,0.006919,47.0801,68.6666,47.46,69.0591,3.591,3.2141,0.3769,10.4957,0.001,1.1139,2.8481,2.856,2.8161,2.0702,99.45,0,0.0,38185981171,38167906949,209041734.0,25731.23,26723.85,50.92,7316460.69,0,0,0,0,yfinance_ETH-USD,yfinance_STETH-USD,beacon_formula_16632_sqrt_S,modelo_teorico_oficial,modelo_invariante_stableswap,34104082.91,0.7429,3.2141,167772880148,2.856,39661401692,22.75,0.0168,0,121.059,relay_data_api_concorrente,34104082.91,0.1296
2024-12-17,Post-Shapella,3886.77,3878.92,0.99798,-0.00202,-0.202,-0.025582,-0.026457,47.9392,69.0516,48.4538,69.511,3.5987,3.221,0.3777,10.4955,0.001,1.115,2.8479,2.868,2.8278,2.41,99.45,0,0.0,39145886404,39128067642,200381803.0,25139.91,26468.39,51.24,7013363.1,0,0,0,0,yfinance_ETH-USD,yfinance_STETH-USD,beacon_formula_16632_sqrt_S,modelo_teorico_oficial,modelo_invariante_stableswap,34107511.55,0.7508,3.221,170732150777,2.868,37834965753,22.92,0.0202,1,145.4084,relay_data_api_concorrente,34107511.55,0.1556
2024-12-18,Post-Shapella,3618.79,3620.03,1.000343,0.000343,0.0343,-0.071437,-0.069076,61.2433,73.1875,60.3631,73.3365,3.5837,3.2076,0.3761,10.4947,0.001,1.116,2.825,2.858,2.818,2.4802,99.45,0,0.0,37926226560,37907811551,190453229.0,26117.04,26502.86,50.38,6665863.02,0,0,0,0,yfinance_ETH-USD,yfinance_STETH-USD,beacon_formula_16632_sqrt_S,modelo_teorico_oficial,modelo_invariante_stableswap,34663045.29,0.7587,3.2076,166152430489,2.858,36005647146,22.82,0.0281,1,202.3673,relay_data_api_concorrente,34663045.29,0.2131
2024-12-19,Post-Shapella,3417.93,3419.62,1.000494,0.000494,0.0494,-0.057106,-0.056951,67.1059,75.3221,66.1777,75.4708,3.5766,3.2012,0.3754,10.496,0.001,1.117,2.8102,2.97,2.9269,2.55,99.45,0,0.0,35849196825,35832228251,177056362.0,25735.88,26053.46,50.32,6196972.67,0,0,0,0,yfinance_ETH-USD,yfinance_STETH-USD,beacon_formula_16632_sqrt_S,modelo_teorico_oficial,modelo_invariante_stableswap,35028979.6,0.7664,3.2012,156991371436,2.97,33702040259,22.82,0.0193,1,139.0191,relay_data_api_concorrente,35028979.6,0.1449
2024-12-20,Post-Shapella,3472.55,3466.17,0.998163,-0.001837,-0.1837,0.015856,0.013521,69.3521,75.2258,68.0664,75.3174,3.5856,3.2093,0.3763,10.4948,0.001,1.1181,2.8119,3.278,3.2256,3.18,99.45,0,0.0,33538481237,33522536181,179311790.0,25213.86,26471.7,51.17,6275912.65,0,0,0,0,yfinance_ETH-USD,yfinance_STETH-USD,beacon_formula_16632_sqrt_S,modelo_teorico_oficial,modelo_invariante_stableswap,34985883.62,0.7737,3.2093,148480635716,3.278,33783903759,22.58,0.4979,1,3585.0562,relay_data_api_concorrente,34985883.62,3.7402
2024-12-21,Post-Shapella,3337.22,3333.27,0.998816,-0.001184,-0.1184,-0.039751,-0.039097,70.9304,70.0295,69.5651,69.99,3.5873,3.2108,0.3765,10.4954,0.001,1.1191,2.807,2.926,2.8841,2.37,99.45,0,0.0,33933080037,33917270525,172078397.0,25300.86,26293.66,50.93,6022743.9,0,0,0,0,yfinance_ETH-USD,yfinance_STETH-USD,beacon_formula_16632_sqrt_S,modelo_teorico_oficial,modelo_invariante_stableswap,35109070.78,0.7803,3.2108,149579976409,2.926,32438677834,22.68,0.2584,0,1860.3469,relay_data_api_concorrente,35109070.78,1.934
2024-12-22,Post-Shapella,3277.54,3271.85,0.998264,-0.001736,-0.1736,-0.018047,-0.018599,61.6832,70.2457,58.7669,70.2104,3.5872,3.2108,0.3764,10.4929,0.001,1.1201,2.8011,2.899,2.8579,2.5,99.45,0,0.0,32424583619,32409760511,168850202.0,25174.66,26388.51,51.13,5909757.07,0,0,0,0,yfinance_ETH-USD,yfinance_STETH-USD,beacon_formula_16632_sqrt_S,modelo_teorico_oficial,modelo_invariante_stableswap,35256228.38,0.7861,3.2108,144504066225,2.899,31784266531,22.43,0.0188,1,135.6376,relay_data_api_concorrente,35256228.38,0.1404
2024-12-23,Post-Shapella,3415.79,3409.9,0.998276,-0.001724,-0.1724,0.041316,0.041328,75.8682,71.4412,74.1306,71.3654,3.5966,3.2191,0.3775,10.496,0.001,1.1212,2.8057,2.861,2.8209,2.84,99.45,0,0.0,31930188766,31915321653,177529890.0,25399.74,26619.47,51.13,6213546.15,0,0,0,0,yfinance_ETH-USD,yfinance_STETH-USD,beacon_formula_16632_sqrt_S,modelo_teorico_oficial,modelo_invariante_stableswap,35141616.83,0.7909,3.2191,142911994015,2.861,33370048723,22.33,0.015,1,108.1656,relay_data_api_concorrente,35141616.83,0.1123
2024-12-24,Post-Shapella,3492.05,3490.39,0.999525,-0.000475,-0.0475,0.022081,0.023331,82.0918,71.748,80.8049,71.7001,3.6105,3.2316,0.3789,10.4944,0.001,1.1222,2.8161,2.824,2.785,2.5903,99.45,0,0.0,33368141028,33352392937,179819006.0,25399.98,26106.26,50.67,6293665.21,0,0,0,0,yfinance_ETH-USD,yfinance_STETH-USD,beacon_formula_16632_sqrt_S,modelo_teorico_oficial,modelo_invariante_stableswap,34882913.32,0.7944,3.2316,148437114605,2.824,33759610053,22.47,0.0124,1,89.5174,relay_data_api_concorrente,34882913.32,0.0937
2024-12-25,Post-Shapella,3493.24,3492.96,0.99992,-8e-05,-0.008,0.000339,0.000736,67.2524,71.5833,66.9642,71.4683,3.628,3.2473,0.3807,10.4934,0.001,1.1232,2.8315,2.743,2.7062,2.32,99.45,0,0.0,33973999131,33957797243,179165005.0,25373.3,25917.84,50.53,6270775.18,0,0,0,0,yfinance_ETH-USD,yfinance_STETH-USD,beacon_formula_16632_sqrt_S,modelo_teorico_oficial,modelo_invariante_stableswap,34504607.55,0.7965,3.2473,151865177648,2.743,33508349138,22.36,0.0702,1,505.4275,relay_data_api_concorrente,34504607.55,0.5347
2024-12-26,Post-Shapella,3331.23,3326.85,0.998685,-0.001315,-0.1315,-0.047488,-0.048724,62.9439,72.9814,63.2494,72.8918,3.6359,3.2543,0.3816,10.4953,0.001,1.1243,2.8387,2.752,2.7149,2.79,99.45,0,0.0,33775372131,33759169135,171858912.0,25289.92,26334.93,50.98,6015061.92,0,0,0,0,yfinance_ETH-USD,yfinance_STETH-USD,beacon_formula_16632_sqrt_S,modelo_teorico_oficial,modelo_invariante_stableswap,34329389.37,0.7972,3.2543,151799369102,2.752,32266644788,22.24,0.0435,0,313.2443,relay_data_api_concorrente,34329389.37,0.3331
2024-12-27,Post-Shapella,3328.92,3326.52,0.999279,-0.000721,-0.0721,-0.000693,-9.8e-05,60.9228,64.4861,61.7095,64.1942,3.6351,3.2536,0.3815,10.4949,0.001,1.1253,2.8388,2.821,2.782,2.8602,99.45,0,0.0,32131545612,32116137242,170940788.0,25283.6,26085.43,50.76,5982927.58,0,0,0,0,yfinance_ETH-USD,yfinance_STETH-USD,beacon_formula_16632_sqrt_S,modelo_teorico_oficial,modelo_invariante_stableswap,34326418.13,0.7963,3.2536,144595157481,2.821,32111611770,22.21,0.0168,1,121.0611,relay_data_api_concorrente,34326418.13,0.1287
2024-12-28,Post-Shapella,3397.9,3397.04,0.999747,-0.000253,-0.0253,0.020511,0.020976,55.9742,64.6488,57.1103,64.3552,3.6475,3.2647,0.3828,10.4949,0.001,1.1264,2.8539,2.762,2.7246,2.04,99.45,0,0.0,32105636156,32090564053,175089594.0,25458.97,26076.4,50.59,6128135.79,0,0,0,0,yfinance_ETH-USD,yfinance_STETH-USD,beacon_formula_16632_sqrt_S,modelo_teorico_oficial,modelo_invariante_stableswap,33965817.66,0.7937,3.2647,144302352895,2.762,32950731845,22.24,0.0159,0,114.4323,relay_data_api_concorrente,33965817.66,0.123
2024-12-29,Post-Shapella,3349.51,3353.07,1.001063,0.001063,0.1063,-0.014343,-0.013027,55.2026,64.7626,55.9762,64.4436,3.6447,3.2622,0.3825,10.4947,0.001,1.1274,2.8553,2.743,2.7062,1.9802,99.45,0,0.0,32902105888,32886123303,172185933.0,25645.57,25733.38,50.11,6026507.66,0,0,0,0,yfinance_ETH-USD,yfinance_STETH-USD,beacon_formula_16632_sqrt_S,modelo_teorico_oficial,modelo_invariante_stableswap,33930728.65,0.7894,3.2622,147500720039,2.743,32132479266,22.3,0.015,1,107.8035,relay_data_api_concorrente,33930728.65,0.116
2024-12-30,Post-Shapella,3356.39,3355.43,0.999714,-0.000286,-0.0286,0.002052,0.000703,45.0083,63.6816,46.0904,63.2786,3.632,3.2508,0.3812,10.4956,0.001,1.1285,2.8486,2.753,2.7159,1.84,99.45,0,0.0,32449251404,32433698012,172828280.0,25434.94,26064.83,50.6,6048989.8,0,0,0,0,yfinance_ETH-USD,yfinance_STETH-USD,beacon_formula_16632_sqrt_S,modelo_teorico_oficial,modelo_invariante_stableswap,34091171.22,0.7834,3.2508,145627730552,2.753,32316292712,22.27,0.0218,1,156.6319,relay_data_api_concorrente,34091171.22,0.1677
2024-12-31,Post-Shapella,3332.53,3333.16,1.000189,0.000189,0.0189,-0.007134,-0.006661,39.9605,63.6712,40.7195,63.2734,3.6201,3.2402,0.3799,10.4942,0.001,1.1295,2.8444,2.963,2.9201,2.33,99.45,0,0.0,32519760519,32504105165,171897789.0,25568.18,26008.67,50.43,6016422.62,0,0,0,0,yfinance_ETH-USD,yfinance_STETH-USD,beacon_formula_16632_sqrt_S,modelo_teorico_oficial,modelo_invariante_stableswap,34192835.77,0.7757,3.2402,143648442104,2.963,32219799673,22.63,0.0252,0,181.1953,relay_data_api_concorrente,34192835.77,0.1934
2025-01-01,Post-Shapella,3353.5,3351.81,0.999496,-0.000504,-0.0504,0.006274,0.005581,40.8152,63.5361,41.3941,63.0681,3.6134,3.2342,0.3792,10.4943,0.001,1.1306,2.8469,2.849,2.8093,2.0802,99.45,0,0.0,32205543613,32189937513,173051632.0,25448.51,26167.97,50.68,6056807.12,0,0,0,0,yfinance_ETH-USD,yfinance_STETH-USD,beacon_formula_16632_sqrt_S,modelo_teorico_oficial,modelo_invariante_stableswap,34131642.92,0.7665,3.2342,142128394867,2.849,32398716256,22.65,0.0286,0,205.7587,relay_data_api_concorrente,34131642.92,0.22
2025-01-02,Post-Shapella,3451.39,3445.52,0.998299,-0.001701,-0.1701,0.028772,0.027575,28.867,64.4603,27.8023,63.9446,3.6182,3.2385,0.3797,10.4942,0.001,1.1316,2.8625,2.991,2.9473,1.9,99.45,0,0.0,32448919351,32432990568,177434992.0,25128.63,26325.87,51.12,6210224.72,0,0,0,0,yfinance_ETH-USD,yfinance_STETH-USD,beacon_formula_16632_sqrt_S,modelo_teorico_oficial,modelo_invariante_stableswap,33762062.26,0.7558,3.2385,143402846748,2.991,33172489450,22.62,0.032,0,230.322,relay_data_api_concorrente,33762062.26,0.249
2025-01-03,Post-Shapella,3605.01,3602.48,0.999298,-0.000702,-0.0702,0.043547,0.044548,39.294,62.8187,39.1791,62.5976,3.6151,3.2357,0.3794,10.4949,0.001,1.1326,2.8714,2.904,2.8627,2.0402,99.45,0,0.0,33281495401,33264526852,185402926.0,25325.88,26121.69,50.76,6489102.41,0,0,0,0,yfinance_ETH-USD,yfinance_STETH-USD,beacon_formula_16632_sqrt_S,modelo_teorico_oficial,modelo_invariante_stableswap,33551420.01,0.7437,3.2357,146807351064,2.904,34840087743,22.66,0.0354,0,254.8854,relay_data_api_concorrente,33551420.01,0.2773
2025-01-04,Post-Shapella,3657.71,3656.95,0.999792,-0.000208,-0.0208,0.014512,0.015007,38.6802,63.0446,38.5217,62.8497,3.6,3.2222,0.3778,10.4944,0.001,1.1337,2.8697,2.872,2.8316,1.92,99.45,0,0.0,34862579908,34844808984,187509248.0,25337.19,25932.31,50.58,6562823.68,0,0,0,0,yfinance_ETH-USD,yfinance_STETH-USD,beacon_formula_16632_sqrt_S,modelo_teorico_oficial,modelo_invariante_stableswap,33592817.75,0.7303,3.2222,153162168191,2.872,35203568526,22.75,0.0388,0,279.4488,relay_data_api_concorrente,33592817.75,0.3036
2025-01-05,Post-Shapella,3634.1,3634.29,1.000052,5.2e-05,0.0052,-0.006474,-0.006216,35.9214,60.2859,36.2336,60.0385,3.5879,3.2113,0.3766,10.4964,0.001,1.1347,2.8719,2.808,2.7694,1.9,99.45,0,0.0,35310944583,35293255892,186722953.0,25443.25,25936.19,50.48,6535303.36,0,0,0,0,yfinance_ETH-USD,yfinance_STETH-USD,beacon_formula_16632_sqrt_S,modelo_teorico_oficial,modelo_invariante_stableswap,33539483.1,0.716,3.2113,155244772094,2.808,35068959951,22.73,0.0422,1,304.0122,relay_data_api_concorrente,33539483.1,0.3308
2025-01-06,Post-Shapella,3688.61,3684.19,0.998802,-0.001198,-0.1198,0.014888,0.013635,35.0195,60.6134,35.0731,60.3245,3.5754,3.2002,0.3752,10.4939,0.001,1.1357,2.8746,2.85,2.8103,2.0002,99.45,0,0.0,35195997570,35178496023,186838624.0,24851.49,25832.32,50.94,6539351.84,0,0,0,0,yfinance_ETH-USD,yfinance_STETH-USD,beacon_formula_16632_sqrt_S,modelo_teorico_oficial,modelo_invariante_stableswap,33476276.35,0.7007,3.2002,155062554920,2.85,35437930296,22.69,0.0307,0,220.7362,relay_data_api_concorrente,33476276.35,0.2407
2025-01-07,Post-Shapella,3381.58,3376.74,0.998569,-0.001431,-0.1431,-0.086908,-0.08714,80.9057,67.3216,81.0368,67.0886,3.5434,3.1715,0.3719,10.4956,0.001,1.1368,2.8585,2.926,2.8841,2.21,99.45,0,0.0,35553060974,35535240542,181596075.0,26301.77,27439.05,51.02,6355862.63,0,0,0,0,yfinance_ETH-USD,yfinance_STETH-USD,beacon_formula_16632_sqrt_S,modelo_teorico_oficial,modelo_invariante_stableswap,33854954.28,0.6849,3.1715,157022143502,2.926,32668055293,22.63,0.0191,1,137.4603,relay_data_api_concorrente,33854954.28,0.1482
2025-01-08,Post-Shapella,3326.33,3323.94,0.999281,-0.000719,-0.0719,-0.016473,-0.015759,81.8515,62.7601,81.9006,62.5334,3.5228,3.1531,0.3697,10.4945,0.001,1.1378,2.8541,3.017,2.9725,2.08,99.45,0,0.0,32636977298,32620508488,169941430.0,25155.73,25952.68,50.76,5947950.05,0,0,0,0,yfinance_ETH-USD,yfinance_STETH-USD,beacon_formula_16632_sqrt_S,modelo_teorico_oficial,modelo_invariante_stableswap,33959288.14,0.6687,3.1531,145578386459,3.017,31884772772,22.41,0.3779,1,2720.5716,relay_data_api_concorrente,33959288.14,2.9241
2025-01-09,Post-Shapella,3219.43,3216.93,0.999223,-0.000777,-0.0777,-0.032665,-0.032724,80.1889,63.1984,80.5797,62.9529,3.4946,3.1278,0.3668,10.4962,0.001,1.1388,2.8424,2.954,2.9113,2.12,99.45,0,0.0,32079352802,32063334666,164415571.0,25134.7,25955.23,50.78,5754544.98,0,0,0,0,yfinance_ETH-USD,yfinance_STETH-USD,beacon_formula_16632_sqrt_S,modelo_teorico_oficial,modelo_invariante_stableswap,34241293.08,0.6523,3.1278,143416758685,2.954,30890782392,22.36,0.0265,1,190.5206,relay_data_api_concorrente,34241293.08,0.2031
2025-01-10,Post-Shapella,3267.49,3267.85,1.00011,0.00011,0.011,0.014818,0.015705,70.6477,60.0884,70.848,59.965,3.4731,3.1086,0.3645,10.4949,0.001,1.1398,2.8372,2.931,2.889,1.82,99.45,0,0.0,30977410323,30962408760,168045206.0,25478.23,25948.36,50.46,5881582.21,0,0,0,0,yfinance_ETH-USD,yfinance_STETH-USD,beacon_formula_16632_sqrt_S,modelo_teorico_oficial,modelo_invariante_stableswap,34365844.1,0.6359,3.1086,139708986407,2.931,31456620529,22.16,0.015,1,108.0687,relay_data_api_concorrente,34365844.1,0.1148
2025-01-11,Post-Shapella,3282.22,3279.61,0.999205,-0.000795,-0.0795,0.004497,0.003592,68.5234,59.8335,68.451,59.664,3.4559,3.0932,0.3627,10.4951,0.001,1.1408,2.836,2.759,2.7217,1.81,99.45,0,0.0,31467526279,31452514298,168099399.0,25203.07,26032.78,50.79,5883478.97,0,0,0,0,yfinance_ETH-USD,yfinance_STETH-USD,beacon_formula_16632_sqrt_S,modelo_teorico_oficial,modelo_invariante_stableswap,34393919.52,0.6199,3.0932,141673324235,2.759,31610835967,22.2,0.0159,1,114.1699,relay_data_api_concorrente,34393919.52,0.1212
2025-01-12,Post-Shapella,3265.95,3264.96,0.999697,-0.000303,-0.0303,-0.004968,-0.004477,68.6522,59.6557,68.6067,59.5222,3.441,3.0799,0.3611,10.494,0.001,1.1417,2.8366,2.7,2.6643,1.6,99.45,0,0.0,31648363733,31633257245,166362161.0,25158.16,25788.03,50.61,5822675.64,0,0,0,0,yfinance_ETH-USD,yfinance_STETH-USD,beacon_formula_16632_sqrt_S,modelo_teorico_oficial,modelo_invariante_stableswap,34380807.87,0.6044,3.0799,142627397521,2.7,31118082148,22.18,0.019,0,136.7061,relay_data_api_concorrente,34380807.87,0.1451
2025-01-13,Post-Shapella,3135.5,3133.36,0.999317,-0.000683,-0.0683,-0.040762,-0.041143,65.4738,60.8602,65.897,60.7589,3.4181,3.0593,0.3588,10.4971,0.001,1.1427,2.8284,3.113,3.0657,1.62,99.45,0,0.0,31165002463,31150030867,156931934.0,24649.82,25417.58,50.75,5492617.69,0,0,0,0,yfinance_ETH-USD,yfinance_STETH-USD,beacon_formula_16632_sqrt_S,modelo_teorico_oficial,modelo_invariante_stableswap,34580105.78,0.5897,3.0593,141156722756,3.113,29926823038,22.07,0.0221,1,159.2423,relay_data_api_concorrente,34580105.78,0.1681
2025-01-14,Post-Shapella,3223.68,3221.76,0.999404,-0.000596,-0.0596,0.027736,0.027825,47.4882,61.2732,47.7653,61.02,3.4286,3.0688,0.3598,10.4941,0.001,1.1437,2.8527,2.984,2.9405,2.56,99.45,0,0.0,30120490969,30105809473,163849253.0,25048.87,25793.27,50.72,5734723.86,0,0,0,0,yfinance_ETH-USD,yfinance_STETH-USD,beacon_formula_16632_sqrt_S,modelo_teorico_oficial,modelo_invariante_stableswap,33993523.85,0.5759,3.0688,137535396458,2.984,30959407039,21.89,0.039,1,280.9309,relay_data_api_concorrente,33993523.85,0.3016
2025-01-15,Post-Shapella,3450.54,3446.86,0.998934,-0.001066,-0.1066,0.068005,0.067534,70.6068,66.428,70.5849,66.1845,3.4331,3.0728,0.3603,10.4949,0.001,1.1447,2.8698,2.857,2.8171,2.31,99.45,0,0.0,31079806687,31064755017,167320741.0,23814.46,24703.06,50.89,5856225.94,0,0,0,0,yfinance_ETH-USD,yfinance_STETH-USD,beacon_formula_16632_sqrt_S,modelo_teorico_oficial,modelo_invariante_stableswap,33590276.84,0.5633,3.0728,141964110352,2.857,32902268917,21.88,0.0196,1,141.149,relay_data_api_concorrente,33590276.84,0.1534
2025-01-16,Post-Shapella,3308.35,3300.98,0.997772,-0.002228,-0.2228,-0.042082,-0.043244,73.9312,67.3204,74.3315,67.1276,3.4213,3.0622,0.3591,10.496,0.001,1.1457,2.8693,2.898,2.8569,2.13,99.45,0,0.0,33036360580,33019939714,169476017.0,24941.03,26344.41,51.31,5931660.6,0,0,0,0,yfinance_ETH-USD,yfinance_STETH-USD,beacon_formula_16632_sqrt_S,modelo_teorico_oficial,modelo_invariante_stableswap,33601031.52,0.552,3.0622,150019047109,2.898,31545466064,22.01,0.0764,0,550.3138,relay_data_api_concorrente,33601031.52,0.5978
2025-01-17,Post-Shapella,3474.11,3474.12,1.000003,3e-06,0.0003,0.048889,0.051121,80.7716,65.5171,81.8362,65.8528,3.4185,3.0597,0.3588,10.4958,0.001,1.1467,2.8764,2.892,2.8511,2.26,99.45,0,0.0,31794137280,31777333765,177081188.0,25231.53,25740.06,50.5,6197841.58,0,0,0,0,yfinance_ETH-USD,yfinance_STETH-USD,beacon_formula_16632_sqrt_S,modelo_teorico_oficial,modelo_invariante_stableswap,33436241.89,0.5421,3.0597,145267408485,2.892,33453282301,21.88,0.1333,0,959.4787,relay_data_api_concorrente,33436241.89,1.0474
2025-01-18,Post-Shapella,3305.79,3303.01,0.999159,-0.000841,-0.0841,-0.049662,-0.050506,91.2928,64.7671,92.5326,65.2033,3.3986,3.0419,0.3567,10.4955,0.001,1.1476,2.8648,2.981,2.9376,2.2202,99.45,0,0.0,33480781149,33463344246,168390684.0,25058.19,25901.7,50.81,5893673.94,0,0,0,0,yfinance_ETH-USD,yfinance_STETH-USD,beacon_formula_16632_sqrt_S,modelo_teorico_oficial,modelo_invariante_stableswap,33707245.54,0.5338,3.0419,151900623739,2.981,31441520141,22.03,0.1901,0,1368.6436,relay_data_api_concorrente,33707245.54,1.482
2025-01-19,Post-Shapella,3208.96,3207.25,0.999467,-0.000533,-0.0533,-0.029727,-0.029421,93.9918,65.2142,95.1495,65.7051,3.3889,3.0333,0.3556,10.4931,0.001,1.1486,2.8618,3.164,3.1151,4.1,99.45,0,0.0,31545077591,31524950201,167358665.0,25714.17,26453.48,50.7,5857553.28,0,0,0,0,yfinance_ETH-USD,yfinance_STETH-USD,beacon_formula_16632_sqrt_S,modelo_teorico_oficial,modelo_invariante_stableswap,33777376.52,0.5271,3.0333,145074269010,3.164,30962794807,21.73,0.2469,0,1777.8085,relay_data_api_concorrente,33777376.52,1.9211
2025-01-20,Post-Shapella,3278.04,3269.32,0.99734,-0.00266,-0.266,0.021296,0.019168,89.1893,64.3109,90.1,64.7667,3.3952,3.0388,0.3564,10.4972,0.001,1.1496,2.8731,3.472,3.4132,4.14,99.45,0,0.0,30853578523,30833862969,168467538.0,24940.63,26522.68,51.47,5896363.83,0,0,0,0,yfinance_ETH-USD,yfinance_STETH-USD,beacon_formula_16632_sqrt_S,modelo_teorico_oficial,modelo_invariante_stableswap,33513115.26,0.5221,3.0388,141779878499,3.472,31492388452,21.75,0.3037,1,2186.9733,relay_data_api_concorrente,33513115.26,2.3819
2025-01-21,Post-Shapella,3327.41,3316.99,0.996868,-0.003132,-0.3132,0.014949,0.014477,87.7911,64.2138,88.643,64.6402,3.3891,3.0335,0.3556,10.4925,0.001,1.1506,2.8704,3.428,3.3707,3.36,99.45,0,0.0,31507679289,31488857615,168795405.0,24531.19,26279.88,51.64,5907839.18,0,0,0,0,yfinance_ETH-USD,yfinance_STETH-USD,beacon_formula_16632_sqrt_S,modelo_teorico_oficial,modelo_invariante_stableswap,33576082.18,0.5188,3.0335,144670366481,3.428,31803851247,21.77,0.0916,1,659.4112,relay_data_api_concorrente,33576082.18,0.7168
2025-01-22,Post-Shapella,3240.22,3236.26,0.998778,-0.001222,-0.1222,-0.02655,-0.024641,71.1774,63.1392,71.9772,63.4754,3.3698,3.0161,0.3537,10.4962,0.001,1.1515,2.8527,2.919,2.8773,3.19,99.45,0,0.0,31883899272,31864518428,166248204.0,25167.9,26171.78,50.95,5818687.14,0,0,0,0,yfinance_ETH-USD,yfinance_STETH-USD,beacon_formula_16632_sqrt_S,modelo_teorico_oficial,modelo_invariante_stableswap,33993531.65,0.5171,3.0161,146895170126,2.919,31125511344,21.69,0.0153,1,109.8819,relay_data_api_concorrente,33993531.65,0.118
2025-01-23,Post-Shapella,3334.71,3333.45,0.999622,-0.000378,-0.0378,0.028744,0.029592,69.4966,63.4976,70.0921,63.8233,3.3839,3.0288,0.3551,10.4938,0.001,1.1525,2.8669,2.843,2.8034,2.55,99.45,0,0.0,31060369403,31040359004,166383834.0,24628.96,25275.13,50.64,5823434.19,0,0,0,0,yfinance_ETH-USD,yfinance_STETH-USD,beacon_formula_16632_sqrt_S,modelo_teorico_oficial,modelo_invariante_stableswap,33656946.52,0.517,3.0288,143994195118,2.843,31707919901,21.56,0.0171,0,122.8459,relay_data_api_concorrente,33656946.52,0.1332
2025-01-24,Post-Shapella,3309.55,3304.29,0.998411,-0.001589,-0.1589,-0.007573,-0.008787,56.67,63.5282,56.2149,63.8671,3.3746,3.0205,0.3541,10.4931,0.001,1.1535,2.8562,4.191,4.1058,2.16,99.45,0,0.0,31962017436,31942283399,170337603.0,25178.03,26332.33,51.08,5961816.1,0,0,0,0,yfinance_ETH-USD,yfinance_STETH-USD,beacon_formula_16632_sqrt_S,modelo_teorico_oficial,modelo_invariante_stableswap,33910468.15,0.5185,3.0205,147596165447,4.191,31783590197,21.64,0.0189,0,135.8099,relay_data_api_concorrente,33910468.15,0.1462
2025-01-25,Post-Shapella,3317.27,3311.8,0.998351,-0.001649,-0.1649,0.002328,0.002269,43.7952,61.3583,42.7685,61.5931,3.3901,3.0343,0.3558,10.4953,0.001,1.1545,2.8688,2.803,2.7645,3.19,99.45,0,0.0,31634574220,31614810723,169536127.0,24990.23,26160.03,51.1,5933764.44,0,0,0,0,yfinance_ETH-USD,yfinance_STETH-USD,beacon_formula_16632_sqrt_S,modelo_teorico_oficial,modelo_invariante_stableswap,33613930.04,0.5213,3.0343,147033395980,2.803,31914833616,21.5,0.0207,1,148.7739,relay_data_api_concorrente,33613930.04,0.1615
2025-01-26,Post-Shapella,3236.13,3232.59,0.998906,-0.001094,-0.1094,-0.024763,-0.024207,41.8129,61.9571,40.6728,62.162,3.3935,3.0373,0.3562,10.4965,0.001,1.1554,2.868,2.735,2.6984,2.4802,99.45,0,0.0,31919422812,31899299843,168205822.0,25520.91,26485.52,50.9,5887203.77,0,0,0,0,yfinance_ETH-USD,yfinance_STETH-USD,beacon_formula_16632_sqrt_S,modelo_teorico_oficial,modelo_invariante_stableswap,33630543.16,0.5254,3.0373,147828535667,2.735,31428284943,21.58,0.0202,0,145.6067,relay_data_api_concorrente,33630543.16,0.158
2025-01-27,Post-Shapella,3178.92,3169.81,0.997134,-0.002866,-0.2866,-0.017838,-0.019611,39.8779,61.7293,39.8382,61.9715,3.3899,3.0341,0.3558,10.4959,0.001,1.1564,2.8593,3.075,3.0288,2.7602,99.45,0,0.0,31229856805,31210889842,160542856.0,24470.54,26106.61,51.55,5618999.96,0,0,0,0,yfinance_ETH-USD,yfinance_STETH-USD,beacon_formula_16632_sqrt_S,modelo_teorico_oficial,modelo_invariante_stableswap,33836980.74,0.5306,3.0341,145276431598,3.075,30149637527,21.48,0.0198,1,142.4395,relay_data_api_concorrente,33836980.74,0.1536
2025-01-28,Post-Shapella,3077.11,3072.76,0.998586,-0.001414,-0.1414,-0.03255,-0.031097,40.6115,62.5012,40.2806,62.6814,3.3884,3.0327,0.3557,10.4976,0.001,1.1574,2.8517,2.906,2.8647,2.71,99.45,0,0.0,30247394377,30229116137,156059406.0,24842.41,25910.44,51.02,5462079.21,0,0,0,0,yfinance_ETH-USD,yfinance_STETH-USD,beacon_formula_16632_sqrt_S,modelo_teorico_oficial,modelo_invariante_stableswap,34017770.51,0.5367,3.0327,140740563970,2.906,29300827813,21.48,0.2725,1,1961.9767,relay_data_api_concorrente,34017770.51,2.1051
2025-01-29,Post-Shapella,3113.0,3110.54,0.99921,-0.00079,-0.079,0.011595,0.012221,41.1616,62.6834,41.4241,62.8933,3.4039,3.0466,0.3573,10.4968,0.001,1.1584,2.8604,2.799,2.7606,2.94,99.45,0,0.0,29346346812,29328798810,159772405.0,25257.51,26087.36,50.79,5592034.18,0,0,0,0,yfinance_ETH-USD,yfinance_STETH-USD,beacon_formula_16632_sqrt_S,modelo_teorico_oficial,modelo_invariante_stableswap,33810747.59,0.5435,3.0466,137922402784,2.799,29817112754,21.26,0.0193,1,138.9146,relay_data_api_concorrente,33810747.59,0.15
2025-01-30,Post-Shapella,3247.78,3245.32,0.999243,-0.000757,-0.0757,0.042385,0.042417,48.614,64.5748,48.495,64.7884,3.4139,3.0556,0.3583,10.4953,0.001,1.1593,2.8632,2.881,2.8404,2.2,99.45,0,0.0,29826852785,29808894942,165070691.0,25017.92,25827.35,50.78,5777474.18,0,0,0,0,yfinance_ETH-USD,yfinance_STETH-USD,beacon_formula_16632_sqrt_S,modelo_teorico_oficial,modelo_invariante_stableswap,33745335.23,0.5507,3.0556,140515321337,2.881,30987994022,21.21,0.0118,1,84.6884,relay_data_api_concorrente,33745335.23,0.0916
2025-01-31,Post-Shapella,3298.27,3293.48,0.998548,-0.001452,-0.1452,0.015425,0.014732,50.3268,64.7805,49.9829,64.9818,3.4278,3.068,0.3598,10.4965,0.001,1.1603,2.8695,2.797,2.7587,2.2,99.45,0,0.0,30867377610,30848825540,167606694.0,24885.06,25969.2,51.03,5866234.29,0,0,0,0,yfinance_ETH-USD,yfinance_STETH-USD,beacon_formula_16632_sqrt_S,modelo_teorico_oficial,modelo_invariante_stableswap,33595533.44,0.5582,3.068,144888845695,2.797,31143457798,21.29,0.0159,1,114.2155,relay_data_api_concorrente,33595533.44,0.1241
2025-02-01,Post-Shapella,3118.33,3114.4,0.99874,-0.00126,-0.126,-0.056099,-0.055909,64.1298,66.6812,63.7918,66.9239,3.4243,3.0649,0.3594,10.4956,0.001,1.1613,2.8585,2.825,2.7859,2.0202,99.45,0,0.0,31354907312,31336894454,159620475.0,25102.37,26118.36,50.96,5586716.63,0,0,0,0,yfinance_ETH-USD,yfinance_STETH-USD,beacon_formula_16632_sqrt_S,modelo_teorico_oficial,modelo_invariante_stableswap,33855535.43,0.5658,3.0649,146118610394,2.825,29708656417,21.45,0.0386,0,277.6963,relay_data_api_concorrente,33855535.43,0.2994
2025-02-02,Post-Shapella,2868.69,2848.86,0.993087,-0.006913,-0.6913,-0.083441,-0.089118,83.9349,70.0587,86.5146,70.9953,3.4218,3.0627,0.3591,10.4945,0.001,1.1623,2.8487,2.768,2.7305,2.1,99.45,0,0.0,29627454957,29610765607,148259017.0,24278.24,27594.29,53.02,5189065.6,0,0,0,0,yfinance_ETH-USD,yfinance_STETH-USD,beacon_formula_16632_sqrt_S,modelo_teorico_oficial,modelo_invariante_stableswap,34088324.45,0.5731,3.0627,140199355123,2.768,27113145524,21.12,0.0613,1,441.1771,relay_data_api_concorrente,34088324.45,0.4724
2025-02-03,Post-Shapella,2884.57,2871.39,0.995431,-0.004569,-0.4569,0.005518,0.007877,85.5096,69.7708,88.4682,70.7499,3.4409,3.0797,0.3612,10.4973,0.001,1.1633,2.8608,11.773,11.1317,8.7102,99.45,0,0.0,26681941000,26666780705,139071072.0,23060.95,25266.56,52.17,4867487.52,0,0,0,0,yfinance_ETH-USD,yfinance_STETH-USD,beacon_formula_16632_sqrt_S,modelo_teorico_oficial,modelo_invariante_stableswap,33800524.41,0.58,3.0797,131189715457,11.773,27033316297,20.33,0.0306,1,220.3385,relay_data_api_concorrente,33800524.41,0.2379
2025-02-04,Post-Shapella,2735.05,2725.47,0.996497,-0.003503,-0.3503,-0.053224,-0.052154,89.4671,71.5327,92.1553,72.3945,3.4452,3.0836,0.3616,10.4958,0.001,1.1643,2.8589,3.31,3.2565,11.27,99.45,0,0.0,27138226613,27121288547,136159912.0,24006.22,25867.72,51.78,4765596.92,0,0,0,0,yfinance_ETH-USD,yfinance_STETH-USD,beacon_formula_16632_sqrt_S,modelo_teorico_oficial,modelo_invariante_stableswap,33846931.3,0.5863,3.0836,133043655529,3.31,25531413448,20.39,0.0159,1,114.3213,relay_data_api_concorrente,33846931.3,0.1233
2025-02-05,Post-Shapella,2787.78,2783.54,0.998479,-0.001521,-0.1521,0.019095,0.021084,91.0666,71.7278,94.0748,72.741,3.4533,3.0909,0.3624,10.4943,0.001,1.1653,2.8616,3.032,2.9871,3.62,99.45,0,0.0,25926745906,25910714194,140112535.0,24599.81,25698.81,51.05,4903938.73,0,0,0,0,yfinance_ETH-USD,yfinance_STETH-USD,beacon_formula_16632_sqrt_S,modelo_teorico_oficial,modelo_invariante_stableswap,33783327.19,0.5918,3.0909,129136381028,3.032,26206613015,20.06,0.0225,0,161.8448,relay_data_api_concorrente,33783327.19,0.1749
2025-02-06,Post-Shapella,2688.4,2681.82,0.997552,-0.002448,-0.2448,-0.036299,-0.037227,77.1668,66.8449,80.6838,67.948,3.4442,3.0828,0.3614,10.493,0.001,1.1663,2.848,2.817,2.7782,2.8101,99.45,0,0.0,26419882854,26404521043,136901139.0,24752.2,26234.91,51.39,4791539.86,0,0,0,0,yfinance_ETH-USD,yfinance_STETH-USD,beacon_formula_16632_sqrt_S,modelo_teorico_oficial,modelo_invariante_stableswap,34105932.04,0.5962,3.0828,130517951380,2.817,25330796824,20.23,0.0291,1,209.3684,relay_data_api_concorrente,34105932.04,0.2241
2025-02-07,Post-Shapella,2622.21,2618.87,0.998726,-0.001274,-0.1274,-0.024929,-0.023753,68.7074,67.0502,72.9154,68.1246,3.4405,3.0794,0.3611,10.4956,0.001,1.1673,2.8409,2.922,2.8802,2.5201,99.45,0,0.0,25427211850,25412465066,131652979.0,24619.3,25620.21,50.96,4607854.27,0,0,0,0,yfinance_ETH-USD,yfinance_STETH-USD,beacon_formula_16632_sqrt_S,modelo_teorico_oficial,modelo_invariante_stableswap,34275459.0,0.5995,3.0794,127812257011,2.922,24275250806,19.88,0.0278,0,200.0847,relay_data_api_concorrente,34275459.0,0.2131
2025-02-08,Post-Shapella,2632.31,2631.14,0.999556,-0.000444,-0.0444,0.003843,0.004671,69.9481,66.5625,74.3156,67.6599,3.4535,3.0911,0.3624,10.4937,0.001,1.1682,2.852,2.848,2.8083,2.8001,99.45,0,0.0,25078376937,25063412375,136096576.0,25508.68,26205.3,50.66,4763380.16,0,0,0,0,yfinance_ETH-USD,yfinance_STETH-USD,beacon_formula_16632_sqrt_S,modelo_teorico_oficial,modelo_invariante_stableswap,34010849.87,0.6016,3.0911,126402453005,2.848,24749917962,19.83,0.0265,0,190.801,relay_data_api_concorrente,34010849.87,0.2048
2025-02-09,Post-Shapella,2628.72,2628.79,1.000027,2.7e-05,0.0027,-0.001364,-0.000892,49.9011,66.1417,51.002,67.2144,3.4721,3.1077,0.3644,10.4951,0.001,1.1692,2.8699,2.706,2.6701,2.7801,99.45,0,0.0,24927919212,24912340027,133747990.0,25190.37,25688.46,50.49,4681179.65,0,0,0,0,yfinance_ETH-USD,yfinance_STETH-USD,beacon_formula_16632_sqrt_S,modelo_teorico_oficial,modelo_invariante_stableswap,33587312.22,0.6022,3.1077,126386981068,2.706,24559063187,19.71,0.0252,1,181.5174,relay_data_api_concorrente,33587312.22,0.1973
2025-02-10,Post-Shapella,2661.17,2657.65,0.998677,-0.001323,-0.1323,0.012267,0.010917,51.5913,66.3705,51.7459,67.4114,3.4683,3.1043,0.364,10.4951,0.001,1.1702,2.8669,2.857,2.8171,2.6701,99.45,0,0.0,24981679224,24965904554,137444804.0,25316.48,26366.65,50.98,4810568.14,0,0,0,0,yfinance_ETH-USD,yfinance_STETH-USD,beacon_formula_16632_sqrt_S,modelo_teorico_oficial,modelo_invariante_stableswap,33656281.93,0.6014,3.1043,126535246863,2.857,25060988395,19.73,0.0101,1,72.8497,relay_data_api_concorrente,33656281.93,0.079
2025-02-11,Post-Shapella,2602.78,2600.19,0.999005,-0.000995,-0.0995,-0.022184,-0.021855,39.8609,66.5758,40.5107,67.6015,3.4725,3.108,0.3645,10.4968,0.001,1.1712,2.8733,2.807,2.7684,2.21,99.45,0,0.0,25048852502,25033309511,135560786.0,25592.16,26517.3,50.86,4744627.51,0,0,0,0,yfinance_ETH-USD,yfinance_STETH-USD,beacon_formula_16632_sqrt_S,modelo_teorico_oficial,modelo_invariante_stableswap,33506655.93,0.5991,3.108,127742349155,2.807,24260932113,19.6,0.0125,0,90.0256,relay_data_api_concorrente,33506655.93,0.0981
2025-02-12,Post-Shapella,2736.9,2737.08,1.000066,6.6e-05,0.0066,0.050246,0.051306,55.5603,68.4071,56.0343,69.4908,3.4762,3.1114,0.3648,10.4942,0.001,1.1722,2.8809,2.813,2.7743,2.1401,99.45,0,0.0,24500683648,24488670855,142165959.0,25724.87,26217.56,50.48,4975808.57,0,0,0,0,yfinance_ETH-USD,yfinance_STETH-USD,beacon_formula_16632_sqrt_S,modelo_teorico_oficial,modelo_invariante_stableswap,33332141.11,0.5954,3.1114,126064839717,2.813,25781716831,19.43,0.0149,0,107.2015,relay_data_api_concorrente,33332141.11,0.1174
2025-02-13,Post-Shapella,2675.9,2673.83,0.999226,-0.000774,-0.0774,-0.02254,-0.02338,51.2062,67.666,51.5086,68.7839,3.4759,3.1111,0.3648,10.4951,0.001,1.1732,2.8858,2.956,2.9133,2.01,99.45,0,0.0,25690424588,25678527600,137870966.0,25358.43,26185.04,50.78,4825483.81,0,0,0,0,yfinance_ETH-USD,yfinance_STETH-USD,beacon_formula_16632_sqrt_S,modelo_teorico_oficial,modelo_invariante_stableswap,33218508.95,0.5901,3.1111,130927433268,2.956,25070054895,19.61,0.0173,1,124.3773,relay_data_api_concorrente,33218508.95,0.1367
2025-02-14,Post-Shapella,2726.09,2722.61,0.998723,-0.001277,-0.1277,0.018582,0.01808,48.2162,62.8697,48.7689,64.1148,3.4792,3.1141,0.3651,10.4938,0.001,1.1742,2.8957,2.851,2.8112,1.78,99.45,0,0.0,25201734618,25189933502,140509458.0,25273.67,26302.4,50.97,4917831.03,0,0,0,0,yfinance_ETH-USD,yfinance_STETH-USD,beacon_formula_16632_sqrt_S,modelo_teorico_oficial,modelo_invariante_stableswap,32991833.19,0.5835,3.1141,129192143809,2.851,25546959431,19.5,0.0134,1,96.2602,relay_data_api_concorrente,32991833.19,0.1065
2025-02-15,Post-Shapella,2693.56,2692.26,0.999517,-0.000483,-0.0483,-0.012005,-0.011213,49.8867,61.6728,50.2687,62.8511,3.472,3.1077,0.3643,10.4925,0.001,1.1752,2.8964,2.688,2.6526,1.61,99.45,0,0.0,25570912385,25558922089,139017937.0,25456.38,26167.48,50.68,4865627.8,0,0,0,0,yfinance_ETH-USD,yfinance_STETH-USD,beacon_formula_16632_sqrt_S,modelo_teorico_oficial,modelo_invariante_stableswap,32974898.4,0.5756,3.1077,130618678724,2.688,25265227220,19.57,0.0147,0,105.7745,relay_data_api_concorrente,32974898.4,0.1171
2025-02-16,Post-Shapella,2663.32,2661.47,0.999305,-0.000695,-0.0695,-0.011292,-0.011499,50.9533,58.3073,51.3757,59.2825,3.4624,3.099,0.3634,10.4956,0.001,1.1762,2.8958,2.65,2.6156,1.4301,99.45,0,0.0,25325713682,25313910213,138068669.0,25530.45,26328.65,50.75,4832403.42,0,0,0,0,yfinance_ETH-USD,yfinance_STETH-USD,beacon_formula_16632_sqrt_S,modelo_teorico_oficial,modelo_invariante_stableswap,32988013.68,0.5666,3.099,129863185997,2.65,25119239869,19.49,0.016,1,115.2888,relay_data_api_concorrente,32988013.68,0.1276
2025-02-17,Post-Shapella,2743.2,2741.67,0.999442,-0.000558,-0.0558,0.029553,0.029689,54.5047,57.8755,55.0656,58.793,3.458,3.0951,0.3629,10.4945,0.001,1.1772,2.9015,2.765,2.7276,1.4101,99.45,0,0.0,25049285865,25037846514,141805639.0,25483.38,26224.76,50.7,4963197.36,0,0,0,0,yfinance_ETH-USD,yfinance_STETH-USD,beacon_formula_16632_sqrt_S,modelo_teorico_oficial,modelo_invariante_stableswap,32859658.32,0.5565,3.0951,128653019802,2.765,25831733442,19.46,0.017,0,122.2635,relay_data_api_concorrente,32859658.32,0.1358
2025-02-18,Post-Shapella,2669.34,2666.79,0.999045,-0.000955,-0.0955,-0.027294,-0.027695,56.1184,57.7572,56.8935,58.7102,3.4475,3.0857,0.3618,10.4946,0.001,1.1782,2.902,2.944,2.9016,1.63,99.45,0,0.0,25630798912,25620083507,137182159.0,25259.61,26157.17,50.85,4801375.57,0,0,0,0,yfinance_ETH-USD,yfinance_STETH-USD,beacon_formula_16632_sqrt_S,modelo_teorico_oficial,modelo_invariante_stableswap,32848650.69,0.5455,3.0857,130926510074,2.944,25052336028,19.57,0.018,1,129.2382,relay_data_api_concorrente,32848650.69,0.1436
2025-02-19,Post-Shapella,2715.77,2716.36,1.000217,0.000217,0.0217,0.017245,0.01842,42.9483,57.5318,43.5026,58.6702,3.4291,3.0692,0.3599,10.4955,0.001,1.1792,2.8951,2.785,2.747,1.6001,99.45,0,0.0,25152989716,25142645476,139902136.0,25540.78,25968.3,50.42,4896574.76,0,0,0,0,yfinance_ETH-USD,yfinance_STETH-USD,beacon_formula_16632_sqrt_S,modelo_teorico_oficial,modelo_invariante_stableswap,33003960.31,0.534,3.0692,128747282821,2.785,25502091882,19.53,0.0177,0,127.1692,relay_data_api_concorrente,33003960.31,0.1406
2025-02-20,Post-Shapella,2740.39,2739.57,0.999701,-0.000299,-0.0299,0.009023,0.008507,39.2551,57.2934,39.468,58.4422,3.423,3.0638,0.3592,10.4937,0.001,1.1802,2.9011,2.722,2.6857,1.4901,99.45,0,0.0,25571162213,25560874478,140816173.0,25379.72,26013.52,50.61,4928566.06,0,0,0,0,yfinance_ETH-USD,yfinance_STETH-USD,beacon_formula_16632_sqrt_S,modelo_teorico_oficial,modelo_invariante_stableswap,32868895.58,0.5219,3.0638,130456932300,2.722,25696853697,19.59,0.0174,0,125.1001,relay_data_api_concorrente,32868895.58,0.1389
2025-02-21,Post-Shapella,2659.66,2653.44,0.997661,-0.002339,-0.2339,-0.029902,-0.031944,43.2576,57.4529,44.4222,58.784,3.4004,3.0435,0.3569,10.4958,0.001,1.1812,2.8907,2.739,2.7023,1.4601,99.45,0,0.0,25848531668,25837809919,135092638.0,24709.18,26145.16,51.35,4728242.33,0,0,0,0,yfinance_ETH-USD,yfinance_STETH-USD,beacon_formula_16632_sqrt_S,modelo_teorico_oficial,modelo_invariante_stableswap,33106534.8,0.5097,3.0435,131311945328,2.739,24939857710,19.68,0.0171,1,123.0311,relay_data_api_concorrente,33106534.8,0.1356
2025-02-22,Post-Shapella,2764.03,2757.73,0.997721,-0.002279,-0.2279,0.038493,0.038551,51.7673,58.3017,52.9936,59.5566,3.3973,3.0408,0.3565,10.4936,0.001,1.1821,2.8998,3.013,2.9686,6.77,99.45,0,0.0,25084769060,25074390575,141360683.0,24890.15,26312.78,51.33,4947623.9,0,0,0,0,yfinance_ETH-USD,yfinance_STETH-USD,beacon_formula_16632_sqrt_S,modelo_teorico_oficial,modelo_invariante_stableswap,32897051.74,0.4975,3.0408,127289096777,3.013,26019595555,19.7,0.047,0,338.5112,relay_data_api_concorrente,32897051.74,0.3756
2025-02-23,Post-Shapella,2821.31,2816.88,0.99843,-0.00157,-0.157,0.020512,0.021222,51.2599,59.0403,52.6513,60.3151,3.3915,3.0356,0.3559,10.4939,0.001,1.1831,2.906,2.737,2.7003,2.5601,99.45,0,0.0,26044117218,26033659586,143419012.0,24871.43,26003.59,51.07,5019665.42,0,0,0,0,yfinance_ETH-USD,yfinance_STETH-USD,beacon_formula_16632_sqrt_S,modelo_teorico_oficial,modelo_invariante_stableswap,32757772.43,0.4855,3.0356,131078299065,2.737,26257774676,19.86,0.0769,1,553.9914,relay_data_api_concorrente,32757772.43,0.6173
2025-02-24,Post-Shapella,2513.82,2508.53,0.997896,-0.002104,-0.2104,-0.115397,-0.115933,99.1118,70.3229,100.0287,71.4984,3.3478,2.9964,0.3514,10.4964,0.001,1.1841,2.8738,2.792,2.7538,1.76,99.45,0,0.0,26661829084,26651598001,132771613.0,25738.26,27135.52,51.27,4647006.46,0,0,0,0,yfinance_ETH-USD,yfinance_STETH-USD,beacon_formula_16632_sqrt_S,modelo_teorico_oficial,modelo_invariante_stableswap,33496965.61,0.474,2.9964,133457915123,2.792,23594781685,19.97,0.0179,1,128.8341,relay_data_api_concorrente,33496965.61,0.1404
2025-02-25,Post-Shapella,2493.59,2498.61,1.002013,0.002013,0.2013,-0.00808,-0.003962,98.3322,70.0999,99.3296,71.3142,3.3402,2.9896,0.3506,10.4964,0.001,1.185,2.877,4.108,4.0261,2.89,99.45,0,0.0,23571649957,23562929580,125203379.0,25222.54,24937.34,49.77,4382118.27,0,0,0,0,yfinance_ETH-USD,yfinance_STETH-USD,beacon_formula_16632_sqrt_S,modelo_teorico_oficial,modelo_invariante_stableswap,33422265.64,0.4632,2.9896,121818984589,4.108,23637489715,19.34,0.0245,1,176.4529,relay_data_api_concorrente,33422265.64,0.1927
2025-02-26,Post-Shapella,2331.45,2327.31,0.998224,-0.001776,-0.1776,-0.067233,-0.071019,103.0433,72.97,104.9781,74.4979,3.3138,2.966,0.3478,10.4955,0.001,1.186,2.8605,2.982,2.9385,3.1901,99.45,0,0.0,23391616117,23382820747,119353988.0,25008.88,26230.72,51.15,4177389.58,0,0,0,0,yfinance_ETH-USD,yfinance_STETH-USD,beacon_formula_16632_sqrt_S,modelo_teorico_oficial,modelo_invariante_stableswap,33808857.25,0.4534,2.966,120052006398,2.982,22242318413,19.48,0.021,0,151.4282,relay_data_api_concorrente,33808857.25,0.1635
2025-02-27,Post-Shapella,2305.48,2302.25,0.998599,-0.001401,-0.1401,-0.011201,-0.010828,100.3634,72.5306,102.4488,74.1202,3.3016,2.9551,0.3465,10.4949,0.0009,1.1869,2.8569,3.14,3.0918,2.1,99.45,0,0.0,21896492505,21888228864,115958413.0,24639.38,25693.48,51.01,4058544.46,0,0,0,0,yfinance_ETH-USD,yfinance_STETH-USD,beacon_formula_16632_sqrt_S,modelo_teorico_oficial,modelo_invariante_stableswap,33892251.9,0.4446,2.9551,113420500496,3.14,21334863382,19.3,0.0176,0,126.4034,relay_data_api_concorrente,33892251.9,0.1361
2025-02-28,Post-Shapella,2237.91,2232.11,0.997408,-0.002592,-0.2592,-0.029751,-0.03094,100.3587,72.4419,102.409,74.0481,3.2952,2.9493,0.3459,10.4971,0.0009,1.1879,2.858,4.079,3.9982,3.8901,99.45,0,0.0,21637428528,21629021029,114138181.0,24763.91,26306.4,51.45,3994836.34,0,0,0,0,yfinance_ETH-USD,yfinance_STETH-USD,beacon_formula_16632_sqrt_S,modelo_teorico_oficial,modelo_invariante_stableswap,33867115.1,0.4371,2.9493,112081565689,4.079,20886541385,19.3,0.0141,1,101.3787,relay_data_api_concorrente,33867115.1,0.1093
2025-03-01,Post-Shapella,2216.64,2210.44,0.997203,-0.002797,-0.2797,-0.009546,-0.009757,87.0848,69.8431,89.369,71.498,3.2815,2.9371,0.3444,10.4952,0.0009,1.1888,2.8503,2.849,2.8093,3.59,99.45,0,0.0,20925003105,20916049392,113666288.0,24858.86,26493.89,51.52,3978320.08,0,0,0,0,yfinance_ETH-USD,yfinance_STETH-USD,beacon_formula_16632_sqrt_S,modelo_teorico_oficial,modelo_invariante_stableswap,34049837.7,0.4311,2.9371,110636939355,2.849,20869805736,18.91,0.0134,0,96.2868,relay_data_api_concorrente,34049837.7,0.1032
2025-03-02,Post-Shapella,2519.69,2515.02,0.998147,-0.001853,-0.1853,0.128144,0.12909,142.9651,84.9873,144.8671,86.5774,3.2969,2.9509,0.346,10.4947,0.0009,1.1898,2.8702,2.764,2.7266,2.67,99.45,0,0.0,20898469215,20889697133,127145763.0,24636.29,25872.54,51.18,4450101.7,0,0,0,0,yfinance_ETH-USD,yfinance_STETH-USD,beacon_formula_16632_sqrt_S,modelo_teorico_oficial,modelo_invariante_stableswap,33580088.0,0.4267,2.9509,110440715330,2.764,23662814664,18.91,0.0127,1,91.1949,relay_data_api_concorrente,33580088.0,0.0991
2025-03-03,Post-Shapella,2145.57,2146.78,1.000564,0.000564,0.0564,-0.160731,-0.158313,164.2697,98.9746,164.5167,99.9049,3.2855,2.9407,0.3448,10.4946,0.0009,1.1907,2.8616,3.33,3.2759,2.0001,99.45,0,0.0,23624236934,23613362593,109697455.0,25412.58,25700.35,50.3,3839410.92,0,0,0,0,yfinance_ETH-USD,yfinance_STETH-USD,beacon_formula_16632_sqrt_S,modelo_teorico_oficial,modelo_invariante_stableswap,33782896.64,0.424,2.9407,121483824672,3.33,20249116194,19.44,0.0124,0,89.5989,relay_data_api_concorrente,33782896.64,0.0968
2025-03-04,Post-Shapella,2170.02,2173.55,1.001627,0.001627,0.1627,0.011327,0.012394,165.9048,95.8929,166.0395,96.3038,3.2867,2.9418,0.3449,10.4938,0.0009,1.1917,2.8638,3.615,3.5514,3.2601,99.45,0,0.0,20290133754,20281414378,111410612.0,25718.78,25580.43,49.91,3899371.42,0,0,0,0,yfinance_ETH-USD,yfinance_STETH-USD,beacon_formula_16632_sqrt_S,modelo_teorico_oficial,modelo_invariante_stableswap,33731422.29,0.423,2.9418,108138407783,3.615,20468588674,18.76,0.0122,0,88.0029,relay_data_api_concorrente,33731422.29,0.0952
2025-03-05,Post-Shapella,2241.98,2241.78,0.999911,-8.9e-05,-0.0089,0.032624,0.030907,164.2188,96.8813,163.2428,97.1437,3.3085,2.9613,0.3472,10.4942,0.001,1.1926,2.8847,3.112,3.0647,2.6201,99.45,0,0.0,20306332184,20297545555,114313071.0,25222.09,25767.76,50.53,4000957.49,0,0,0,0,yfinance_ETH-USD,yfinance_STETH-USD,beacon_formula_16632_sqrt_S,modelo_teorico_oficial,modelo_invariante_stableswap,33242321.73,0.4238,2.9613,108690698839,3.112,20982072782,18.67,0.012,1,86.4069,relay_data_api_concorrente,33242321.73,0.0949
2025-03-06,Post-Shapella,2202.48,2205.93,1.001566,0.001566,0.1566,-0.017776,-0.016119,164.424,95.5976,163.3954,95.8992,3.3078,2.9607,0.3471,10.4934,0.001,1.1936,2.8814,2.875,2.8346,2.2701,99.45,0,0.0,21252454407,21243447967,113491331.0,25801.71,25686.94,49.93,3972196.59,0,0,0,0,yfinance_ETH-USD,yfinance_STETH-USD,beacon_formula_16632_sqrt_S,modelo_teorico_oficial,modelo_invariante_stableswap,33318383.89,0.4264,2.9607,112442519934,2.875,20808405705,18.89,0.0164,1,118.3599,relay_data_api_concorrente,33318383.89,0.1297
2025-03-07,Post-Shapella,2138.99,2137.62,0.99936,-0.00064,-0.064,-0.02925,-0.031458,164.3813,95.4098,163.4437,95.7102,3.3186,2.9703,0.3483,10.4954,0.001,1.1945,2.8879,3.053,3.0074,2.23,99.45,0,0.0,20044381079,20036077134,110621741.0,25478.82,26254.8,50.73,3871760.94,0,0,0,0,yfinance_ETH-USD,yfinance_STETH-USD,beacon_formula_16632_sqrt_S,modelo_teorico_oficial,modelo_invariante_stableswap,33169195.18,0.4307,2.9703,108785901285,3.053,19934083061,18.42,0.1016,0,731.445,relay_data_api_concorrente,33169195.18,0.8049
2025-03-08,Post-Shapella,2201.51,2200.38,0.999487,-0.000513,-0.0513,0.028811,0.028939,166.2657,95.7529,165.3064,96.0189,3.3327,2.983,0.3497,10.493,0.001,1.1955,2.896,2.95,2.9074,2.29,99.45,0,0.0,19971771916,19963240780,113404478.0,25402.05,26123.49,50.69,3969156.73,0,0,0,0,yfinance_ETH-USD,yfinance_STETH-USD,beacon_formula_16632_sqrt_S,modelo_teorico_oficial,modelo_invariante_stableswap,32984677.37,0.4367,2.983,108019587940,2.95,20627774763,18.48,0.1867,0,1344.5301,relay_data_api_concorrente,32984677.37,1.4878
2025-03-09,Post-Shapella,2015.51,2015.91,1.000198,0.000198,0.0198,-0.088272,-0.087558,134.414,99.74,132.6723,99.9526,3.299,2.9528,0.3462,10.4941,0.0009,1.1964,2.8546,2.718,2.6818,1.9,99.45,0,0.0,20590046352,20581685190,104458487.0,25692.36,26129.78,50.43,3656047.05,0,0,0,0,yfinance_ETH-USD,yfinance_STETH-USD,beacon_formula_16632_sqrt_S,modelo_teorico_oficial,modelo_invariante_stableswap,33947953.56,0.4444,2.9528,109890693683,2.718,18876325587,18.73,0.2719,0,1957.6151,relay_data_api_concorrente,33947953.56,2.1048
2025-03-10,Post-Shapella,1861.15,1870.11,1.004814,0.004814,0.4814,-0.079677,-0.075072,93.742,102.6233,91.5537,102.4468,3.3252,2.9762,0.349,10.4956,0.001,1.1974,2.8717,3.064,3.0181,1.64,99.45,0,0.0,18994852078,18987058951,96843197.0,26671.54,25241.01,48.74,3389511.9,0,0,0,0,yfinance_ETH-USD,yfinance_STETH-USD,beacon_formula_16632_sqrt_S,modelo_teorico_oficial,modelo_invariante_stableswap,33544580.91,0.4535,2.9762,102701472661,3.064,17539127202,18.49,0.357,1,2570.7002,relay_data_api_concorrente,33544580.91,2.7972
2025-03-11,Post-Shapella,1919.84,1916.96,0.9985,-0.0015,-0.15,0.031049,0.024743,98.7404,103.6462,94.5723,103.1648,3.3402,2.9896,0.3506,10.4964,0.001,1.1984,2.8762,4.851,4.7373,3.5701,99.45,0,0.0,17550933967,17543666377,99549049.0,25383.04,26509.51,51.05,3484216.72,0,0,0,0,yfinance_ETH-USD,yfinance_STETH-USD,beacon_formula_16632_sqrt_S,modelo_teorico_oficial,modelo_invariante_stableswap,33440153.54,0.464,2.9896,96962424952,4.851,18198547493,18.09,0.2431,0,1750.2326,relay_data_api_concorrente,33440153.54,1.9104
2025-03-12,Post-Shapella,1908.98,1905.02,0.997926,-0.002074,-0.2074,-0.005674,-0.006247,90.4376,103.3392,86.3444,102.8891,3.3443,2.9933,0.351,10.4955,0.001,1.1993,2.8687,3.602,3.5388,4.4401,99.45,0,0.0,17956725487,17949055899,97858188.0,24986.83,26329.81,51.26,3425036.58,0,0,0,0,yfinance_ETH-USD,yfinance_STETH-USD,beacon_formula_16632_sqrt_S,modelo_teorico_oficial,modelo_invariante_stableswap,33615155.77,0.4756,2.9933,99751845042,3.602,17872120380,17.99,0.1291,0,929.765,relay_data_api_concorrente,33615155.77,1.0096
2025-03-13,Post-Shapella,1862.97,1860.69,0.998776,-0.001224,-0.1224,-0.024399,-0.023549,90.3326,103.372,86.1374,102.9131,3.3582,3.0058,0.3524,10.4937,0.001,1.2003,2.8701,2.825,2.7859,3.36,99.45,0,0.0,17855783042,17848022072,96078252.0,25297.85,26306.97,50.95,3362738.82,0,0,0,0,yfinance_ETH-USD,yfinance_STETH-USD,beacon_formula_16632_sqrt_S,modelo_teorico_oficial,modelo_invariante_stableswap,33582699.54,0.4881,3.0058,99534851912,2.825,17422495242,17.93,0.0152,1,109.2974,relay_data_api_concorrente,33582699.54,0.1188
2025-03-14,Post-Shapella,1909.47,1910.0,1.000278,0.000278,0.0278,0.024653,0.026156,96.5669,101.8329,93.0041,101.354,3.3764,3.0221,0.3543,10.4934,0.001,1.2013,2.875,2.811,2.7723,1.87,99.45,0,0.0,17457347491,17449754327,98910013.0,25693.42,26099.05,50.4,3461850.46,0,0,0,0,yfinance_ETH-USD,yfinance_STETH-USD,beacon_formula_16632_sqrt_S,modelo_teorico_oficial,modelo_invariante_stableswap,33468190.01,0.5015,3.0221,98168959362,2.811,17946296370,17.78,0.0147,1,106.1688,relay_data_api_concorrente,33468190.01,0.1158
2025-03-15,Post-Shapella,1937.39,1936.83,0.999711,-0.000289,-0.0289,0.01452,0.013952,92.9987,102.1701,89.14,101.6621,3.3865,3.0311,0.3554,10.4946,0.001,1.2022,2.8712,2.794,2.7558,1.8501,99.45,0,0.0,17913617805,17905432007,98916015.0,25218.84,25844.96,50.61,3462060.53,0,0,0,0,yfinance_ETH-USD,yfinance_STETH-USD,beacon_formula_16632_sqrt_S,modelo_teorico_oficial,modelo_invariante_stableswap,33555614.38,0.5153,3.0311,100662797296,2.794,18164216941,17.79,0.0137,1,98.3384,relay_data_api_concorrente,33555614.38,0.107
2025-03-16,Post-Shapella,1887.44,1886.03,0.999253,-0.000747,-0.0747,-0.026125,-0.026583,73.2713,101.743,68.8549,101.2609,3.4141,3.0558,0.3583,10.4947,0.001,1.2032,2.8847,2.714,2.6779,1.8001,99.45,0,0.0,18107934626,18099632203,98916015.0,25798.82,26628.57,50.77,3462060.53,0,0,0,0,yfinance_ETH-USD,yfinance_STETH-USD,beacon_formula_16632_sqrt_S,modelo_teorico_oficial,modelo_invariante_stableswap,33243891.61,0.5294,3.0558,101642064422,2.714,17497436401,17.81,0.0107,1,76.7734,relay_data_api_concorrente,33243891.61,0.0843
2025-03-17,Post-Shapella,1927.0,1926.3,0.999637,-0.000363,-0.0363,0.020747,0.021129,45.1458,102.3924,43.5138,101.9283,3.4508,3.0886,0.3622,10.4961,0.001,1.2042,2.9072,2.688,2.6526,1.6801,99.45,0,0.0,17694862441,17687064353,98916015.0,25340.76,26000.3,50.63,3462060.53,0,0,0,0,yfinance_ETH-USD,yfinance_STETH-USD,beacon_formula_16632_sqrt_S,modelo_teorico_oficial,modelo_invariante_stableswap,32730919.2,0.5436,3.0886,99935224047,2.688,18032973845,17.7,0.0112,1,80.7304,relay_data_api_concorrente,32730919.2,0.09
2025-03-18,Post-Shapella,1932.54,1929.36,0.998354,-0.001646,-0.1646,0.002871,0.001585,39.4713,102.5093,39.9386,102.0249,3.4616,3.0983,0.3633,10.4951,0.001,1.2052,2.9041,2.793,2.7548,1.6901,99.45,0,0.0,17940217823,17932435659,97922384.0,24776.82,25936.16,51.1,3427283.44,0,0,0,0,yfinance_ETH-USD,yfinance_STETH-USD,beacon_formula_16632_sqrt_S,modelo_teorico_oficial,modelo_invariante_stableswap,32801775.88,0.5576,3.0983,101309375821,2.793,17872525625,17.7,0.011,0,79.0109,relay_data_api_concorrente,32801775.88,0.0879
2025-03-19,Post-Shapella,2057.75,2056.09,0.999193,-0.000807,-0.0807,0.062776,0.06362,58.7376,104.7807,59.4229,104.3759,3.4896,3.1233,0.3663,10.4969,0.001,1.2062,2.9184,2.873,2.8326,1.78,99.45,0,0.0,18035671359,18027982057,104618693.0,25016.69,25845.46,50.79,3661654.26,0,0,0,0,yfinance_ETH-USD,yfinance_STETH-USD,beacon_formula_16632_sqrt_S,modelo_teorico_oficial,modelo_invariante_stableswap,32480123.31,0.5712,3.1233,101568563582,2.873,19006836697,17.75,0.0107,1,77.2915,relay_data_api_concorrente,32480123.31,0.0869
2025-03-20,Post-Shapella,1982.1,1979.6,0.998739,-0.001261,-0.1261,-0.037456,-0.037912,64.0071,105.0565,65.1204,104.6594,3.4999,3.1326,0.3673,10.4946,0.001,1.2072,2.9158,2.93,2.888,1.71,99.45,0,0.0,19225032625,19216729988,101388562.0,25084.66,26100.35,50.96,3548599.67,0,0,0,0,yfinance_ETH-USD,yfinance_STETH-USD,beacon_formula_16632_sqrt_S,modelo_teorico_oficial,modelo_invariante_stableswap,32537640.27,0.5841,3.1326,105546269687,2.93,18435321289,18.21,0.0101,1,72.3685,relay_data_api_concorrente,32537640.27,0.0812
2025-03-21,Post-Shapella,1964.85,1964.15,0.999644,-0.000356,-0.0356,-0.008742,-0.007836,63.5338,104.6007,64.245,104.1637,3.5048,3.137,0.3678,10.4942,0.001,1.2082,2.9086,2.741,2.7042,1.6001,99.45,0,0.0,18599161419,18591305175,100915852.0,25356.57,26013.29,50.63,3532054.82,0,0,0,0,yfinance_ETH-USD,yfinance_STETH-USD,beacon_formula_16632_sqrt_S,modelo_teorico_oficial,modelo_invariante_stableswap,32699763.2,0.5963,3.137,102920999021,2.741,18316718570,18.06,0.0059,1,42.1867,relay_data_api_concorrente,32699763.2,0.0471
2025-03-22,Post-Shapella,1980.04,1975.32,0.997616,-0.002384,-0.2384,0.007701,0.005671,63.0414,104.5702,63.7404,104.1022,3.5153,3.1463,0.369,10.497,0.001,1.2092,2.9079,2.668,2.6331,1.53,99.45,0,0.0,18368907425,18361044662,101872458.0,25019.91,26492.95,51.37,3565536.03,0,0,0,0,yfinance_ETH-USD,yfinance_STETH-USD,beacon_formula_16632_sqrt_S,modelo_teorico_oficial,modelo_invariante_stableswap,32715189.46,0.6074,3.1463,102463694901,2.668,18527091642,17.92,0.0071,1,50.979,relay_data_api_concorrente,32715189.46,0.0569
2025-03-23,Post-Shapella,2005.3,2000.43,0.997571,-0.002429,-0.2429,0.012677,0.012635,58.13,104.6476,58.8413,104.1294,3.5335,3.1626,0.3709,10.4967,0.001,1.2102,2.9162,2.664,2.6292,1.47,99.45,0,0.0,18497386089,18489511873,102272018.0,24793.82,26270.84,51.39,3579520.63,0,0,0,0,yfinance_ETH-USD,yfinance_STETH-USD,beacon_formula_16632_sqrt_S,modelo_teorico_oficial,modelo_invariante_stableswap,32529894.26,0.6173,3.1626,103204597579,2.664,18643354885,17.92,0.0198,1,142.526,relay_data_api_concorrente,32529894.26,0.1599
2025-03-24,Post-Shapella,2077.48,2072.74,0.997718,-0.002282,-0.2282,0.035362,0.035505,60.8729,104.4728,61.5831,103.9581,3.5452,3.1732,0.372,10.4931,0.001,1.2113,2.9193,2.669,2.6341,1.51,99.45,0,0.0,18790164072,18781940436,106407580.0,24926.86,26352.81,51.33,3724265.3,0,0,0,0,yfinance_ETH-USD,yfinance_STETH-USD,beacon_formula_16632_sqrt_S,modelo_teorico_oficial,modelo_invariante_stableswap,32460768.81,0.626,3.1732,105042535096,2.669,19433883314,17.88,0.0143,1,103.2897,relay_data_api_concorrente,32460768.81,0.1161
2025-03-25,Post-Shapella,2067.76,2064.77,0.998554,-0.001446,-0.1446,-0.004687,-0.003852,61.7064,103.9295,62.1824,103.3913,3.5485,3.1761,0.3724,10.4946,0.001,1.2123,2.9153,2.704,2.6682,1.5101,99.45,0,0.0,19561977868,19553301376,105731437.0,25040.37,26130.74,51.03,3700600.3,0,0,0,0,yfinance_ETH-USD,yfinance_STETH-USD,beacon_formula_16632_sqrt_S,modelo_teorico_oficial,modelo_invariante_stableswap,32549608.88,0.6332,3.1761,108649486685,2.704,19270593654,18.0,0.0472,1,339.6806,relay_data_api_concorrente,32549608.88,0.3809
2025-03-26,Post-Shapella,2009.19,2000.95,0.995899,-0.004101,-0.4101,-0.028737,-0.031395,47.5463,97.0756,48.3704,96.5013,3.5353,3.1643,0.371,10.4942,0.001,1.2133,2.8964,2.689,2.6536,1.49,99.45,0,0.0,19320477240,19311701121,102566767.0,24505.03,26653.09,52.0,3589836.84,0,0,0,0,yfinance_ETH-USD,yfinance_STETH-USD,beacon_formula_16632_sqrt_S,modelo_teorico_oficial,modelo_invariante_stableswap,32976325.39,0.639,3.1643,108957880008,2.689,18766002009,17.72,0.0219,1,157.5661,relay_data_api_concorrente,32976325.39,0.1744
2025-03-27,Post-Shapella,2002.36,2000.28,0.998961,-0.001039,-0.1039,-0.003406,-0.000333,38.1423,97.0855,38.9901,96.5266,3.5441,3.1722,0.3719,10.4935,0.001,1.2143,2.9009,2.749,2.712,1.45,99.45,0,0.0,19009551468,19001118130,103476930.0,25384.94,26319.88,50.88,3621692.55,0,0,0,0,yfinance_ETH-USD,yfinance_STETH-USD,beacon_formula_16632_sqrt_S,modelo_teorico_oficial,modelo_invariante_stableswap,32873191.57,0.6432,3.1722,106995339664,2.749,18799065658,17.76,0.0173,1,124.7782,relay_data_api_concorrente,32873191.57,0.1385
2025-03-28,Post-Shapella,1895.5,1895.61,1.000058,5.8e-05,0.0058,-0.054841,-0.053749,55.9885,96.2153,56.0366,95.2742,3.5376,3.1664,0.3712,10.493,0.001,1.2153,2.8917,3.019,2.9744,1.6,99.45,0,0.0,18735696520,18727270345,96946712.0,25327.59,25816.64,50.48,3393134.92,0,0,0,0,yfinance_ETH-USD,yfinance_STETH-USD,beacon_formula_16632_sqrt_S,modelo_teorico_oficial,modelo_invariante_stableswap,33082895.04,0.6459,3.1664,105199833773,3.019,17711261719,17.8,0.0189,0,136.1483,relay_data_api_concorrente,33082895.04,0.1502
2025-03-29,Post-Shapella,1827.32,1825.38,0.998938,-0.001062,-0.1062,-0.036634,-0.037752,58.8841,96.7657,59.6289,95.877,3.5278,3.1576,0.3702,10.4938,0.001,1.2163,2.8807,2.812,2.7733,1.7301,99.45,0,0.0,17876625208,17868657583,93875612.0,25230.69,26170.48,50.89,3285646.42,0,0,0,0,yfinance_ETH-USD,yfinance_STETH-USD,beacon_formula_16632_sqrt_S,modelo_teorico_oficial,modelo_invariante_stableswap,33336497.08,0.6471,3.1576,100366324325,2.812,17025405314,17.8,0.0205,1,147.5183,relay_data_api_concorrente,33336497.08,0.1615
2025-03-30,Post-Shapella,1806.22,1803.59,0.998544,-0.001456,-0.1456,-0.011615,-0.01201,55.3304,96.453,56.1721,95.5271,3.5221,3.1525,0.3696,10.4937,0.001,1.2174,2.8752,2.765,2.7276,1.58,99.45,0,0.0,17117355083,17109743296,92303401.0,25024.25,26116.85,51.03,3230619.04,0,0,0,0,yfinance_ETH-USD,yfinance_STETH-USD,beacon_formula_16632_sqrt_S,modelo_teorico_oficial,modelo_invariante_stableswap,33463136.18,0.6469,3.1525,97412396583,2.765,16846136448,17.56,0.0168,0,120.7736,relay_data_api_concorrente,33463136.18,0.1317
2025-03-31,Post-Shapella,1823.48,1824.07,1.000324,0.000324,0.0324,0.009511,0.011295,42.7543,96.6221,44.4883,95.7356,3.5157,3.1467,0.369,10.4958,0.001,1.2184,2.8704,2.743,2.7062,1.64,99.45,0,0.0,16901782336,16894170868,93561359.0,25459.12,25841.75,50.38,3274647.57,0,0,0,0,yfinance_ETH-USD,yfinance_STETH-USD,beacon_formula_16632_sqrt_S,modelo_teorico_oficial,modelo_invariante_stableswap,33575557.12,0.6453,3.1467,95770819345,2.743,17094090195,17.64,0.0131,1,94.0288,relay_data_api_concorrente,33575557.12,0.1022
2025-04-01,Post-Shapella,1905.49,1904.23,0.999339,-0.000661,-0.0661,0.043993,0.043005,62.365,85.7036,62.811,84.4442,3.5231,3.1534,0.3697,10.4936,0.001,1.2194,2.8807,2.787,2.749,1.62,99.45,0,0.0,17114913327,17107291963,98136877.0,25368.94,26150.52,50.74,3434790.7,0,0,0,0,yfinance_ETH-USD,yfinance_STETH-USD,beacon_formula_16632_sqrt_S,modelo_teorico_oficial,modelo_invariante_stableswap,33335671.36,0.6424,3.1534,97606339370,2.787,17952621396,17.53,0.0134,0,96.7898,relay_data_api_concorrente,33335671.36,0.106
2025-04-02,Post-Shapella,1795.31,1796.47,1.000646,0.000646,0.0646,-0.05956,-0.058252,70.8847,68.8061,70.4936,67.7865,3.5122,3.1436,0.3686,10.4948,0.001,1.2204,2.8738,2.761,2.7237,1.89,99.45,0,0.0,17840828505,17833076304,94435006.0,26161.5,26422.38,50.26,3305225.21,0,0,0,0,yfinance_ETH-USD,yfinance_STETH-USD,beacon_formula_16632_sqrt_S,modelo_teorico_oficial,modelo_invariante_stableswap,33496779.7,0.6385,3.1436,101138469724,2.761,16759164866,17.63,0.0138,1,99.5509,relay_data_api_concorrente,33496779.7,0.1085
2025-04-03,Post-Shapella,1815.64,1812.05,0.998023,-0.001977,-0.1977,0.011257,0.008632,73.2314,68.8038,71.9417,67.6711,3.5121,3.1435,0.3686,10.4951,0.001,1.2214,2.8785,2.993,2.9492,1.7901,99.45,0,0.0,16841336395,16834125074,92842972.0,24942.89,26244.12,51.22,3249504.02,0,0,0,0,yfinance_ETH-USD,yfinance_STETH-USD,beacon_formula_16632_sqrt_S,modelo_teorico_oficial,modelo_invariante_stableswap,33387571.25,0.6336,3.1435,98588810307,2.993,16971584814,17.08,0.015,0,108.203,relay_data_api_concorrente,33387571.25,0.1183
2025-04-04,Post-Shapella,1815.34,1812.74,0.998568,-0.001432,-0.1432,-0.000166,0.00038,64.836,67.4273,63.9798,66.3977,3.517,3.1479,0.3691,10.4947,0.001,1.2224,2.889,2.852,2.8122,2.04,99.45,0,0.0,17060660906,17053480490,93076547.0,25111.77,26197.99,51.02,3257679.15,0,0,0,0,yfinance_ETH-USD,yfinance_STETH-USD,beacon_formula_16632_sqrt_S,modelo_teorico_oficial,modelo_invariante_stableswap,33143836.69,0.628,3.1479,99686346720,2.852,17058197117,17.11,0.0162,1,116.8552,relay_data_api_concorrente,33143836.69,0.1287
2025-04-05,Post-Shapella,1805.97,1803.59,0.998682,-0.001318,-0.1318,-0.00517,-0.005055,59.6143,67.3179,58.3361,66.3203,3.5184,3.1491,0.3693,10.4962,0.001,1.2234,2.8966,2.782,2.7441,2.02,99.45,0,0.0,17045602463,17038117597,91728094.0,24897.68,25928.08,50.98,3210483.29,0,0,0,0,yfinance_ETH-USD,yfinance_STETH-USD,beacon_formula_16632_sqrt_S,modelo_teorico_oficial,modelo_invariante_stableswap,32971155.1,0.6218,3.1491,99874051151,2.782,16802467043,17.06,0.0151,0,108.9915,relay_data_api_concorrente,32971155.1,0.1207
2025-04-06,Post-Shapella,1576.73,1569.91,0.995675,-0.004325,-0.4325,-0.135748,-0.138765,114.4081,80.7365,115.6223,80.4226,3.484,3.1184,0.3656,10.4937,0.001,1.2244,2.8687,2.663,2.6283,2.05,99.45,0,0.0,16965508210,16958142613,82931433.0,25205.06,27511.04,52.08,2902600.16,0,0,0,0,yfinance_ETH-USD,yfinance_STETH-USD,beacon_formula_16632_sqrt_S,modelo_teorico_oficial,modelo_invariante_stableswap,33614282.23,0.6153,3.1184,99668477685,2.663,14727451380,17.01,0.014,0,101.1278,relay_data_api_concorrente,33614282.23,0.1098
2025-04-07,Post-Shapella,1555.24,1556.98,1.001119,0.001119,0.1119,-0.013721,-0.008268,112.0406,79.5059,113.2582,79.1759,3.4728,3.1083,0.3645,10.4959,0.001,1.2254,2.8641,7.349,7.0922,9.84,99.45,0,0.0,14756977166,14750542318,80313304.0,25772.94,25838.6,50.09,2810965.64,0,0,0,0,yfinance_ETH-USD,yfinance_STETH-USD,beacon_formula_16632_sqrt_S,modelo_teorico_oficial,modelo_invariante_stableswap,33724348.64,0.6087,3.1083,90334765911,7.349,14767720006,16.33,0.013,1,93.2642,relay_data_api_concorrente,33724348.64,0.1009
2025-04-08,Post-Shapella,1472.55,1470.47,0.998587,-0.001413,-0.1413,-0.054633,-0.057164,98.074,76.22,100.3086,76.1546,3.4459,3.0843,0.3616,10.4936,0.001,1.2264,2.8437,3.122,3.0744,3.88,99.45,0,0.0,14652039118,14645440865,75460973.0,25102.22,26179.86,51.02,2641134.06,0,0,0,0,yfinance_ETH-USD,yfinance_STETH-USD,beacon_formula_16632_sqrt_S,modelo_teorico_oficial,modelo_invariante_stableswap,34209670.44,0.6022,3.0843,89981160607,3.122,13684256040,16.28,0.0087,1,62.5311,relay_data_api_concorrente,34209670.44,0.0667
2025-04-09,Post-Shapella,1668.04,1662.42,0.996631,-0.003369,-0.3369,0.124652,0.122689,149.0506,85.6101,149.7956,85.6981,3.4754,3.1106,0.3648,10.4966,0.001,1.2274,2.8792,3.293,3.2401,2.86,99.45,0,0.0,13779794667,13773346948,83727367.0,24229.13,26053.71,51.73,2930457.84,0,0,0,0,yfinance_ETH-USD,yfinance_STETH-USD,beacon_formula_16632_sqrt_S,modelo_teorico_oficial,modelo_invariante_stableswap,33369372.53,0.5961,3.1106,86591415044,3.293,15634304535,15.91,0.0619,1,445.5827,relay_data_api_concorrente,33369372.53,0.4874
2025-04-10,Post-Shapella,1522.52,1522.01,0.999665,-0.000335,-0.0335,-0.091283,-0.088245,158.0626,89.8959,158.1428,89.9002,3.4514,3.0892,0.3622,10.4943,0.001,1.2284,2.8608,3.337,3.2827,3.41,99.45,0,0.0,15430675899,15423474815,77924373.0,25271.73,25918.13,50.62,2727353.06,0,0,0,0,yfinance_ETH-USD,yfinance_STETH-USD,beacon_formula_16632_sqrt_S,modelo_teorico_oficial,modelo_invariante_stableswap,33800076.95,0.5906,3.0892,94127791049,3.337,14329384980,16.39,0.0371,0,266.8394,relay_data_api_concorrente,33800076.95,0.2882
2025-04-11,Post-Shapella,1567.15,1565.58,0.998998,-0.001002,-0.1002,0.028892,0.028231,162.1958,90.7994,162.0828,90.77,3.4507,3.0886,0.3621,10.4935,0.001,1.2294,2.8649,3.161,3.1122,2.63,99.45,0,0.0,14428100688,14421171715,80165753.0,25134.63,26045.31,50.86,2805801.36,0,0,0,0,yfinance_ETH-USD,yfinance_STETH-USD,beacon_formula_16632_sqrt_S,modelo_teorico_oficial,modelo_invariante_stableswap,33704103.51,0.5858,3.0886,88897072086,3.161,14686609500,16.22,0.0122,1,88.0961,relay_data_api_concorrente,33704103.51,0.0954
2025-04-12,Post-Shapella,1643.53,1643.86,1.000201,0.000201,0.0201,0.047587,0.048787,169.6319,92.4774,169.7734,92.5534,3.4577,3.0948,0.3629,10.4954,0.001,1.2304,2.8756,2.886,2.8453,2.0101,99.45,0,0.0,14691027879,14683610355,84375582.0,25449.99,25882.84,50.43,2953145.37,0,0,0,0,yfinance_ETH-USD,yfinance_STETH-USD,beacon_formula_16632_sqrt_S,modelo_teorico_oficial,modelo_invariante_stableswap,33453591.7,0.582,3.0948,90502302592,2.886,15371179852,16.22,0.0232,1,167.3481,relay_data_api_concorrente,33453591.7,0.1826
2025-04-13,Post-Shapella,1596.69,1595.58,0.999305,-0.000695,-0.0695,-0.028915,-0.029807,137.2292,92.2629,135.5507,92.3067,3.4803,3.1151,0.3652,10.4933,0.001,1.2314,2.9009,2.843,2.8034,1.76,99.45,0,0.0,15328792669,15320779880,79705591.0,24584.13,25352.76,50.75,2789695.68,0,0,0,0,yfinance_ETH-USD,yfinance_STETH-USD,beacon_formula_16632_sqrt_S,modelo_teorico_oficial,modelo_invariante_stableswap,32872350.48,0.5794,3.1151,93106545112,2.843,14800445038,16.46,0.022,0,158.6557,relay_data_api_concorrente,32872350.48,0.1762
2025-04-14,Post-Shapella,1622.77,1623.91,1.000703,0.000703,0.0703,0.016204,0.017599,136.8715,92.3118,135.6088,92.4146,3.4874,3.1214,0.366,10.4949,0.001,1.2324,2.9093,2.976,2.9327,1.8501,99.45,0,0.0,14783410798,14775688367,81125627.0,24874.53,25099.9,50.24,2839396.94,0,0,0,0,yfinance_ETH-USD,yfinance_STETH-USD,beacon_formula_16632_sqrt_S,modelo_teorico_oficial,modelo_invariante_stableswap,32682592.22,0.5781,3.1214,91873237454,2.976,15095512407,16.08,0.0208,0,149.9634,relay_data_api_concorrente,32682592.22,0.1675
2025-04-15,Post-Shapella,1588.63,1590.44,1.001139,0.001139,0.1139,-0.021261,-0.02083,129.8066,92.1932,127.6138,92.274,3.4974,3.1303,0.3671,10.4964,0.001,1.2334,2.9192,2.832,2.7927,2.16,99.45,0,0.0,15107944468,15100173438,79996910.0,25134.97,25192.24,50.09,2799891.85,0,0,0,0,yfinance_ETH-USD,yfinance_STETH-USD,beacon_formula_16632_sqrt_S,modelo_teorico_oficial,modelo_invariante_stableswap,32462007.21,0.5781,3.1303,92514409046,2.832,14824285212,16.32,0.0196,1,141.271,relay_data_api_concorrente,32462007.21,0.1588
2025-04-16,Post-Shapella,1578.11,1576.08,0.998714,-0.001286,-0.1286,-0.006649,-0.009071,87.5083,91.6963,86.4038,91.7695,3.4735,3.109,0.3645,10.4937,0.001,1.2344,2.8938,2.836,2.7966,2.05,99.45,0,0.0,14841878256,14834246792,79403473.0,24670.02,25678.56,50.97,2779121.56,0,0,0,0,yfinance_ETH-USD,yfinance_STETH-USD,beacon_formula_16632_sqrt_S,modelo_teorico_oficial,modelo_invariante_stableswap,33035327.64,0.5797,3.109,91703116621,2.836,14746875760,16.18,0.0162,1,116.6435,relay_data_api_concorrente,33035327.64,0.1289
2025-04-17,Post-Shapella,1582.55,1581.05,0.999052,-0.000948,-0.0948,0.002811,0.003153,52.2541,91.6955,53.4395,91.7889,3.4956,3.1287,0.3669,10.4961,0.001,1.2354,2.9127,2.787,2.749,2.2,99.45,0,0.0,14688865983,14680931465,79549129.0,24708.5,25582.17,50.84,2784219.52,0,0,0,0,yfinance_ETH-USD,yfinance_STETH-USD,beacon_formula_16632_sqrt_S,modelo_teorico_oficial,modelo_invariante_stableswap,32607664.87,0.5829,3.1287,91640040811,2.787,14772271388,16.02,0.0161,0,115.6386,relay_data_api_concorrente,32607664.87,0.1294
2025-04-18,Post-Shapella,1588.92,1587.81,0.999301,-0.000699,-0.0699,0.004021,0.004266,48.4347,88.324,49.9066,88.341,3.499,3.1318,0.3672,10.4944,0.001,1.2364,2.9113,2.722,2.6857,1.9401,99.45,0,0.0,14728004690,14719870904,79716579.0,24706.11,25481.98,50.76,2790080.26,0,0,0,0,yfinance_ETH-USD,yfinance_STETH-USD,beacon_formula_16632_sqrt_S,modelo_teorico_oficial,modelo_invariante_stableswap,32639046.55,0.5877,3.1318,91624866056,2.722,14811149359,16.07,0.0159,0,114.6337,relay_data_api_concorrente,32639046.55,0.1282
2025-04-19,Post-Shapella,1612.92,1615.18,1.001401,0.001401,0.1401,0.01499,0.017092,33.0284,88.0629,34.7967,88.1283,3.5004,3.133,0.3674,10.4959,0.001,1.2374,2.9063,2.667,2.6322,2.01,99.45,0,0.0,14778751782,14770671600,80784131.0,25048.7,25001.91,49.99,2827444.59,0,0,0,0,yfinance_ETH-USD,yfinance_STETH-USD,beacon_formula_16632_sqrt_S,modelo_teorico_oficial,modelo_invariante_stableswap,32751340.78,0.5941,3.133,91529055984,2.667,15007587965,16.14,0.0158,0,113.6289,relay_data_api_concorrente,32751340.78,0.1266
2025-04-20,Post-Shapella,1587.51,1584.56,0.998142,-0.001858,-0.1858,-0.015879,-0.019144,27.6306,88.1171,30.2659,88.2335,3.5123,3.1437,0.3686,10.4945,0.001,1.2384,2.9103,2.684,2.6487,2.04,99.45,0,0.0,14955922933,14947431575,78978641.0,24288.14,25509.27,51.18,2764252.44,0,0,0,0,yfinance_ETH-USD,yfinance_STETH-USD,beacon_formula_16632_sqrt_S,modelo_teorico_oficial,modelo_invariante_stableswap,32661435.18,0.602,3.1437,92678958274,2.684,14642724500,16.13,0.0156,1,112.624,relay_data_api_concorrente,32661435.18,0.1259
2025-04-21,Post-Shapella,1579.73,1577.41,0.998531,-0.001469,-0.1469,-0.004913,-0.004522,23.6326,87.96,25.9009,88.1185,3.5149,3.146,0.3689,10.4953,0.001,1.2394,2.9034,2.749,2.712,2.0401,99.45,0,0.0,14878199097,14869667799,78853834.0,24440.24,25513.25,51.04,2759884.19,0,0,0,0,yfinance_ETH-USD,yfinance_STETH-USD,beacon_formula_16632_sqrt_S,modelo_teorico_oficial,modelo_invariante_stableswap,32815924.34,0.6115,3.146,91954500516,2.749,14605475291,16.17,0.0157,0,112.6888,relay_data_api_concorrente,32815924.34,0.1253
2025-04-22,Post-Shapella,1757.33,1756.03,0.99926,-0.00074,-0.074,0.10654,0.107275,79.7882,96.3654,81.4144,96.6139,3.5528,3.18,0.3728,10.4931,0.001,1.2405,2.9305,2.814,2.7752,1.96,99.45,0,0.0,14599768447,14591536849,86883716.0,24339.99,25119.34,50.77,3040930.06,0,0,0,0,yfinance_ETH-USD,yfinance_STETH-USD,beacon_formula_16632_sqrt_S,modelo_teorico_oficial,modelo_invariante_stableswap,32213358.13,0.6224,3.18,90737167276,2.814,16137659160,16.08,0.0157,1,112.7536,relay_data_api_concorrente,32213358.13,0.1278
2025-04-23,Post-Shapella,1796.1,1798.91,1.001565,0.001565,0.1565,0.021823,0.024125,77.8402,95.7762,79.1521,96.1033,3.5729,3.1979,0.375,10.4957,0.001,1.2415,2.9383,3.161,3.1122,3.84,99.45,0,0.0,16273201917,16264226003,89657366.0,24994.46,24884.42,49.93,3138007.81,0,0,0,0,yfinance_ETH-USD,yfinance_STETH-USD,beacon_formula_16632_sqrt_S,modelo_teorico_oficial,modelo_invariante_stableswap,32040653.6,0.6345,3.1979,98611838331,3.161,16562611106,16.49,0.0106,1,76.1894,relay_data_api_concorrente,32040653.6,0.0868
2025-04-24,Post-Shapella,1769.83,1766.57,0.998158,-0.001842,-0.1842,-0.014736,-0.018145,80.9584,95.8381,83.123,96.2162,3.5835,3.2074,0.3761,10.4953,0.001,1.2425,2.9357,2.913,2.8715,3.73,99.45,0,0.0,16629598563,16620501976,88057005.0,24293.42,25508.07,51.17,3081995.18,0,0,0,0,yfinance_ETH-USD,yfinance_STETH-USD,beacon_formula_16632_sqrt_S,modelo_teorico_oficial,modelo_invariante_stableswap,32097989.6,0.6478,3.2074,100446654537,2.913,16292327561,16.55,0.014,0,100.9092,relay_data_api_concorrente,32097989.6,0.1147
2025-04-25,Post-Shapella,1786.63,1785.71,0.999485,-0.000515,-0.0515,0.009449,0.010778,80.5646,95.5823,82.703,95.8951,3.5997,3.2219,0.3778,10.4953,0.001,1.2436,2.9377,2.801,2.7626,1.9901,99.45,0,0.0,16407426588,16398253508,89872548.0,24804.98,25510.99,50.69,3145539.18,0,0,0,0,yfinance_ETH-USD,yfinance_STETH-USD,beacon_formula_16632_sqrt_S,modelo_teorico_oficial,modelo_invariante_stableswap,32055010.92,0.662,3.2219,100287502250,2.801,16622848035,16.35,0.0174,0,125.6289,relay_data_api_concorrente,32055010.92,0.143
2025-04-26,Post-Shapella,1821.88,1820.15,0.99905,-0.00095,-0.095,0.019536,0.019104,80.5709,95.932,82.7204,96.2224,3.6165,3.2369,0.3796,10.4963,0.001,1.2446,2.9395,2.763,2.7256,1.98,99.45,0,0.0,16551204914,16542096625,90565450.0,24434.21,25299.7,50.85,3169790.75,0,0,0,0,yfinance_ETH-USD,yfinance_STETH-USD,beacon_formula_16632_sqrt_S,modelo_teorico_oficial,modelo_invariante_stableswap,32015889.94,0.677,3.2369,101346670792,2.763,16820457231,16.32,0.0209,0,150.3487,relay_data_api_concorrente,32015889.94,0.1714
2025-04-27,Post-Shapella,1792.86,1791.99,0.999515,-0.000485,-0.0485,-0.016055,-0.015595,80.6153,94.2406,81.81,94.6037,3.6302,3.2492,0.381,10.4953,0.001,1.2456,2.9376,2.692,2.6565,2.0601,99.45,0,0.0,17033277319,17024254048,89241308.0,24550.07,25238.13,50.68,3123445.78,0,0,0,0,yfinance_ETH-USD,yfinance_STETH-USD,beacon_formula_16632_sqrt_S,modelo_teorico_oficial,modelo_invariante_stableswap,32055801.3,0.6925,3.2492,102496927876,2.692,16497553881,16.61,0.0243,1,175.0684,relay_data_api_concorrente,32055801.3,0.1993
2025-04-28,Post-Shapella,1798.85,1798.05,0.999555,-0.000445,-0.0445,0.003334,0.003379,79.4395,93.4117,80.7032,93.7242,3.6504,3.2673,0.3831,10.4947,0.001,1.2467,2.9421,2.705,2.6692,1.8901,99.45,0,0.0,16592870321,16584004566,89210575.0,24468.22,25136.07,50.66,3122370.13,0,0,0,0,yfinance_ETH-USD,yfinance_STETH-USD,beacon_formula_16632_sqrt_S,modelo_teorico_oficial,modelo_invariante_stableswap,31958539.82,0.7083,3.2673,101345926281,2.705,16561024422,16.36,0.0155,1,111.7757,relay_data_api_concorrente,31958539.82,0.1277
2025-04-29,Post-Shapella,1799.18,1793.55,0.996871,-0.003129,-0.3129,0.00018,-0.002509,28.7012,93.326,31.0957,93.6359,3.6447,3.2622,0.3825,10.4947,0.001,1.2477,2.9205,2.825,2.7859,1.88,99.45,0,0.0,16649672726,16640813465,89303722.0,24002.83,25713.42,51.64,3125630.27,0,0,0,0,yfinance_ETH-USD,yfinance_STETH-USD,beacon_formula_16632_sqrt_S,modelo_teorico_oficial,modelo_invariante_stableswap,32432779.13,0.7242,3.2622,101518594904,2.825,16583597249,16.39,0.0196,1,140.8213,relay_data_api_concorrente,32432779.13,0.1585
2025-04-30,Post-Shapella,1793.78,1792.5,0.999286,-0.000714,-0.0714,-0.003006,-0.000585,24.2386,93.2653,25.5108,93.5442,3.6557,3.272,0.3837,10.4959,0.0011,1.2488,2.9158,2.825,2.7859,1.83,99.45,0,0.0,16630227105,16621419384,89188367.0,24482.63,25256.29,50.76,3121592.84,0,0,0,0,yfinance_ETH-USD,yfinance_STETH-USD,beacon_formula_16632_sqrt_S,modelo_teorico_oficial,modelo_invariante_stableswap,32538419.89,0.7399,3.272,101179337556,2.825,16689319174,16.43,0.0187,0,134.4126,relay_data_api_concorrente,32538419.89,0.1508
2025-05-01,Post-Shapella,1839.22,1838.02,0.999348,-0.000652,-0.0652,0.02502,0.025082,26.6053,92.3552,26.4133,92.6982,3.6797,3.2936,0.3861,10.4927,0.0011,1.2498,2.9245,2.786,2.748,1.86,99.45,0,0.0,16569438128,16560574228,91631992.0,24543.07,25294.55,50.74,3207119.72,0,0,0,0,yfinance_ETH-USD,yfinance_STETH-USD,beacon_formula_16632_sqrt_S,modelo_teorico_oficial,modelo_invariante_stableswap,32344330.94,0.7552,3.2936,102404803961,2.786,16560574228,16.17,0.0178,0,128.0039,relay_data_api_concorrente,32344330.94,0.1445
2025-05-02,Post-Shapella,1842.71,1840.49,0.998795,-0.001205,-0.1205,0.001894,0.00134,26.4811,89.9214,26.18,90.3819,3.6941,3.3064,0.3877,10.4951,0.0011,1.2509,2.9242,2.733,2.6964,1.87,99.45,0,0.0,16945190375,16936134286,91259914.0,24297.33,25257.93,50.94,3194096.99,0,0,0,0,yfinance_ETH-USD,yfinance_STETH-USD,beacon_formula_16632_sqrt_S,modelo_teorico_oficial,modelo_invariante_stableswap,32350521.0,0.7699,3.3064,104701976630,2.733,16884915209,16.18,0.0169,0,121.5952,relay_data_api_concorrente,32350521.0,0.1372
2025-05-03,Post-Shapella,1833.84,1833.36,0.999738,-0.000262,-0.0262,-0.004824,-0.003884,23.7173,89.8625,23.3957,90.3509,3.7045,3.3157,0.3888,10.4953,0.0011,1.252,2.9208,2.672,2.637,1.77,99.45,0,0.0,16941398958,16932506673,91466399.0,24641.04,25242.54,50.6,3201323.97,0,0,0,0,yfinance_ETH-USD,yfinance_STETH-USD,beacon_formula_16632_sqrt_S,modelo_teorico_oficial,modelo_invariante_stableswap,32427476.14,0.7837,3.3157,105542872737,2.672,16888061269,16.04,0.016,1,115.1865,relay_data_api_concorrente,32427476.14,0.1297
2025-05-04,Post-Shapella,1808.59,1807.31,0.999292,-0.000708,-0.0708,-0.013862,-0.014306,22.7968,89.999,22.8506,90.4962,3.7211,3.3306,0.3905,10.4942,0.0011,1.253,2.9246,2.649,2.6146,1.67,99.45,0,0.0,16878045766,16869240122,90417035.0,24617.4,25393.68,50.76,3164596.22,0,0,0,0,yfinance_ETH-USD,yfinance_STETH-USD,beacon_formula_16632_sqrt_S,modelo_teorico_oficial,modelo_invariante_stableswap,32343034.71,0.7965,3.3306,105200375333,2.649,16733181589,16.04,0.0175,0,126.343,relay_data_api_concorrente,32343034.71,0.1426
2025-05-05,Post-Shapella,1819.7,1818.18,0.999165,-0.000835,-0.0835,0.00612,0.005995,23.0394,90.0054,23.0781,90.5022,3.7351,3.3431,0.392,10.495,0.0011,1.2541,2.927,2.698,2.6623,1.7001,99.45,0,0.0,16589440413,16580812691,89943077.0,24316.29,25132.12,50.8,3148007.7,0,0,0,0,yfinance_ETH-USD,yfinance_STETH-USD,beacon_formula_16632_sqrt_S,modelo_teorico_oficial,modelo_invariante_stableswap,32289112.59,0.8081,3.3431,104091769869,2.698,16796502633,15.93,0.0191,0,137.4995,relay_data_api_concorrente,32289112.59,0.1554
2025-05-06,Post-Shapella,1815.09,1815.16,1.000039,3.9e-05,0.0039,-0.002537,-0.001663,23.2273,75.4954,22.9945,75.361,3.7465,3.3533,0.3932,10.4951,0.0011,1.2552,2.9282,2.718,2.6818,1.86,99.45,0,0.0,16698451494,16689674118,89126271.0,24313.31,24788.68,50.48,3119419.49,0,0,0,0,yfinance_ETH-USD,yfinance_STETH-USD,beacon_formula_16632_sqrt_S,modelo_teorico_oficial,modelo_invariante_stableswap,32261923.95,0.8182,3.3533,103935151454,2.718,16511829502,16.06,0.0206,1,148.6561,relay_data_api_concorrente,32261923.95,0.1682
2025-05-07,Post-Shapella,1811.61,1815.11,1.001932,0.001932,0.1932,-0.00192,-3e-05,23.119,75.2449,22.9643,75.2354,3.7543,3.3603,0.394,10.4946,0.0011,1.2563,2.9275,2.689,2.6536,1.8501,99.45,0,0.0,16858372775,16849460383,91361239.0,25318.96,25063.59,49.79,3197643.36,0,0,0,0,yfinance_ETH-USD,yfinance_STETH-USD,beacon_formula_16632_sqrt_S,modelo_teorico_oficial,modelo_invariante_stableswap,32279311.89,0.8268,3.3603,104019148705,2.689,16576706945,16.2,0.0317,0,227.9923,relay_data_api_concorrente,32279311.89,0.2578
2025-05-08,Post-Shapella,2206.51,2204.31,0.999003,-0.000997,-0.0997,0.1972,0.194268,144.6999,97.9395,142.2925,97.0067,3.7944,3.3962,0.3982,10.4944,0.0011,1.2574,2.9606,2.709,2.6731,1.9201,99.45,0,0.0,16714481730,16705529727,106475950.0,23710.1,24569.77,50.87,3726658.25,0,0,0,0,yfinance_ETH-USD,yfinance_STETH-USD,beacon_formula_16632_sqrt_S,modelo_teorico_oficial,modelo_invariante_stableswap,31560579.02,0.8338,3.3962,100353722401,2.709,19989462963,16.65,0.0427,0,307.3286,relay_data_api_concorrente,31560579.02,0.3554
2025-05-09,Post-Shapella,2345.51,2343.03,0.998943,-0.001057,-0.1057,0.061088,0.061031,145.0112,91.1314,142.5377,90.4325,3.8138,3.4136,0.4002,10.4935,0.0011,1.2585,2.9747,3.479,3.42,2.46,99.45,0,0.0,20171118029,20161301508,114773695.0,24033.05,24926.67,50.89,4017079.32,0,0,0,0,yfinance_ETH-USD,yfinance_STETH-USD,beacon_formula_16632_sqrt_S,modelo_teorico_oficial,modelo_invariante_stableswap,31261875.75,0.8391,3.4136,114450981941,3.479,21425260240,17.62,0.0537,0,386.6649,relay_data_api_concorrente,31261875.75,0.4515
2025-05-10,Post-Shapella,2582.42,2585.21,1.00108,0.00108,0.108,0.096226,0.098364,146.704,87.9647,144.8962,87.9334,3.8376,3.4349,0.4027,10.4935,0.0011,1.2596,2.995,2.993,2.9492,3.55,99.45,0,0.0,21684208093,21673861235,128939297.0,24911.99,24990.65,50.11,4512875.4,0,0,0,0,yfinance_ETH-USD,yfinance_STETH-USD,beacon_formula_16632_sqrt_S,modelo_teorico_oficial,modelo_invariante_stableswap,30840144.29,0.8426,3.4349,119866787944,2.993,23407629041,18.08,0.0647,1,466.0012,relay_data_api_concorrente,30840144.29,0.5515
2025-05-11,Post-Shapella,2510.24,2506.3,0.99843,-0.00157,-0.157,-0.02835,-0.031,150.7909,89.2968,149.7595,89.4511,3.8411,3.438,0.4031,10.4944,0.0011,1.2607,2.9967,3.138,3.0899,2.18,99.45,0,0.0,23247906315,23237255770,131244363.0,25581.15,26744.42,51.07,4593552.7,0,0,0,0,yfinance_ETH-USD,yfinance_STETH-USD,beacon_formula_16632_sqrt_S,modelo_teorico_oficial,modelo_invariante_stableswap,30804591.19,0.8444,3.438,127501982023,3.138,22755457736,18.23,0.0601,0,432.8594,relay_data_api_concorrente,30804591.19,0.5129
2025-05-12,Post-Shapella,2496.4,2490.21,0.99752,-0.00248,-0.248,-0.005529,-0.006439,152.9238,88.8306,152.0673,88.9517,3.8372,3.4345,0.4027,10.4946,0.0011,1.2618,2.9928,2.929,2.887,2.08,99.45,0,0.0,23164234168,23153755473,126946140.0,24711.83,26204.83,51.4,4443114.9,0,0,0,0,yfinance_ETH-USD,yfinance_STETH-USD,beacon_formula_16632_sqrt_S,modelo_teorico_oficial,modelo_invariante_stableswap,30886032.6,0.8445,3.4345,125922143806,2.929,22749588131,18.39,0.0555,0,399.7176,relay_data_api_concorrente,30886032.6,0.4724
2025-05-13,Post-Shapella,2680.13,2680.33,1.000075,7.5e-05,0.0075,0.071016,0.073571,148.1133,89.5992,147.6845,89.8707,3.8541,3.4497,0.4044,10.4927,0.0011,1.2629,3.0113,2.932,2.89,1.99,99.45,0,0.0,22632781380,22622389132,139510493.0,25780.8,26270.87,50.47,4882867.26,0,0,0,0,yfinance_ETH-USD,yfinance_STETH-USD,beacon_formula_16632_sqrt_S,modelo_teorico_oficial,modelo_invariante_stableswap,30507519.06,0.8429,3.4497,123691230264,2.932,24582906678,18.29,0.0509,0,366.5759,relay_data_api_concorrente,30507519.06,0.4386
2025-05-14,Post-Shapella,2610.06,2607.8,0.999134,-0.000866,-0.0866,-0.026491,-0.027433,154.8359,90.8911,155.1118,91.2138,3.8483,3.4445,0.4038,10.4929,0.0011,1.264,3.0086,2.902,2.8608,2.1,99.45,0,0.0,24565108436,24554152176,135993093.0,25626.32,26500.06,50.82,4759758.26,0,0,0,0,yfinance_ETH-USD,yfinance_STETH-USD,beacon_formula_16632_sqrt_S,modelo_teorico_oficial,modelo_invariante_stableswap,30560632.82,0.8397,3.4445,130884500615,2.902,23694465110,18.76,0.0463,0,333.4341,relay_data_api_concorrente,30560632.82,0.3982
2025-05-15,Post-Shapella,2546.86,2538.44,0.996694,-0.003306,-0.3306,-0.024514,-0.026959,102.3856,91.0652,105.9398,91.5479,3.8002,3.4013,0.3989,10.4968,0.0011,1.2651,2.9651,2.813,2.7743,1.77,99.45,0,0.0,23887234854,23876608811,132235570.0,25074.38,26935.69,51.71,4628244.95,0,0,0,0,yfinance_ETH-USD,yfinance_STETH-USD,beacon_formula_16632_sqrt_S,modelo_teorico_oficial,modelo_invariante_stableswap,31464901.43,0.835,3.4013,127259957569,2.813,23205854850,18.76,0.0417,1,300.2924,relay_data_api_concorrente,31464901.43,0.3483
2025-05-16,Post-Shapella,2536.3,2542.06,1.002271,0.002271,0.2271,-0.004155,0.001428,97.3648,90.9922,100.5583,91.2649,3.781,3.3842,0.3968,10.4946,0.0011,1.2662,2.9519,2.865,2.8248,1.74,99.45,0,0.0,23235660527,23225524336,134043017.0,26599.32,26191.02,49.67,4691505.6,0,0,0,0,yfinance_ETH-USD,yfinance_STETH-USD,beacon_formula_16632_sqrt_S,modelo_teorico_oficial,modelo_invariante_stableswap,31746283.49,0.8291,3.3842,125046387548,2.865,23299795926,18.57,0.0269,0,193.7052,relay_data_api_concorrente,31746283.49,0.2227
2025-05-17,Post-Shapella,2475.75,2472.54,0.998703,-0.001297,-0.1297,-0.02416,-0.027729,67.6684,91.9585,71.4069,92.4374,3.7504,3.3568,0.3936,10.4949,0.0011,1.2672,2.9284,2.757,2.7198,1.77,99.45,0,0.0,23320532254,23310507242,128935047.0,25532.65,26581.0,50.97,4512726.65,0,0,0,0,yfinance_ETH-USD,yfinance_STETH-USD,beacon_formula_16632_sqrt_S,modelo_teorico_oficial,modelo_invariante_stableswap,32258928.68,0.822,3.3568,125386976317,2.757,22430903537,18.59,0.0121,1,87.1179,relay_data_api_concorrente,32258928.68,0.0986
2025-05-18,Post-Shapella,2498.23,2489.89,0.996662,-0.003338,-0.3338,0.009039,0.006992,65.5164,91.9004,68.6506,92.4028,3.747,3.3538,0.3932,10.4937,0.0011,1.2683,2.9331,2.625,2.5912,1.67,99.45,0,0.0,22620649586,22610709484,124914215.0,24141.16,25946.55,51.72,4371997.53,0,0,0,0,yfinance_ETH-USD,yfinance_STETH-USD,beacon_formula_16632_sqrt_S,modelo_teorico_oficial,modelo_invariante_stableswap,32155390.84,0.8139,3.3538,123216623320,2.625,22383100321,18.35,0.035,1,251.7948,relay_data_api_concorrente,32155390.84,0.2858
2025-05-19,Post-Shapella,2529.17,2526.51,0.998948,-0.001052,-0.1052,0.012306,0.014601,65.9784,91.9055,69.3031,92.3998,3.7487,3.3552,0.3935,10.497,0.0011,1.2694,2.9435,3.06,3.0142,1.68,99.45,0,0.0,22321593292,22311383123,130932352.0,25427.2,26369.43,50.88,4582632.32,0,0,0,0,yfinance_ETH-USD,yfinance_STETH-USD,beacon_formula_16632_sqrt_S,modelo_teorico_oficial,modelo_invariante_stableswap,31928124.69,0.8052,3.3552,123111400513,3.06,22656274747,18.12,0.0318,0,229.2698,relay_data_api_concorrente,31928124.69,0.2621
2025-05-20,Post-Shapella,2524.17,2518.09,0.997591,-0.002409,-0.2409,-0.001976,-0.003338,31.4631,91.4445,34.588,91.8293,3.7243,3.3335,0.3908,10.4932,0.0011,1.2705,2.9285,2.931,2.889,2.16,99.45,0,0.0,22968337420,22958371735,130844223.0,25203.29,26697.55,51.38,4579547.81,0,0,0,0,yfinance_ETH-USD,yfinance_STETH-USD,beacon_formula_16632_sqrt_S,modelo_teorico_oficial,modelo_invariante_stableswap,32256297.26,0.7958,3.3335,125707630131,2.931,22568218222,18.26,0.0287,1,206.7447,relay_data_api_concorrente,32256297.26,0.2339
2025-05-21,Post-Shapella,2552.35,2551.17,0.999538,-0.000462,-0.0462,0.0111,0.01305,30.1144,91.1656,33.7495,91.5526,3.7256,3.3346,0.391,10.495,0.0011,1.2715,2.9394,2.786,2.748,1.79,99.45,0,0.0,22810598214,22800534932,130517932.0,25226.28,25922.09,50.67,4568127.62,0,0,0,0,yfinance_ETH-USD,yfinance_STETH-USD,beacon_formula_16632_sqrt_S,modelo_teorico_oficial,modelo_invariante_stableswap,32018399.47,0.7862,3.3346,126016418975,2.786,22724516883,18.09,0.1121,0,806.8931,relay_data_api_concorrente,32018399.47,0.9198
2025-05-22,Post-Shapella,2664.16,2657.7,0.997575,-0.002425,-0.2425,0.042874,0.040909,39.0741,85.7508,39.6696,85.9846,3.732,3.3403,0.3917,10.4957,0.0011,1.2726,2.9554,2.94,2.8977,1.72,99.45,0,0.0,23140141635,23129773829,137917231.0,25166.77,26665.52,51.39,4827103.09,0,0,0,0,yfinance_ETH-USD,yfinance_STETH-USD,beacon_formula_16632_sqrt_S,modelo_teorico_oficial,modelo_invariante_stableswap,31670843.3,0.7766,3.3403,127813891084,2.94,23894953566,18.1,0.1954,0,1407.0415,relay_data_api_concorrente,31670843.3,1.6216
2025-05-23,Post-Shapella,2526.44,2517.81,0.996584,-0.003416,-0.3416,-0.053076,-0.054071,58.3512,88.8019,59.3818,89.0748,3.7145,3.3247,0.3898,10.494,0.0011,1.2737,2.9475,2.941,2.8987,1.8,99.45,0,0.0,24007687451,23996935668,131228142.0,25063.43,26970.62,51.75,4592984.97,0,0,0,0,yfinance_ETH-USD,yfinance_STETH-USD,beacon_formula_16632_sqrt_S,modelo_teorico_oficial,modelo_invariante_stableswap,31841937.43,0.767,3.3247,131730399091,2.941,22843342637,18.22,0.2788,1,2007.1899,relay_data_api_concorrente,31841937.43,2.3008
2025-05-24,Post-Shapella,2530.65,2527.82,0.998882,-0.001118,-0.1118,0.001663,0.003969,54.8724,88.3782,55.0774,88.4897,3.7147,3.3249,0.3898,10.4934,0.0011,1.2747,2.9568,2.801,2.7626,1.81,99.45,0,0.0,22825754058,22815356379,130519804.0,25319.84,26285.16,50.91,4568193.14,0,0,0,0,yfinance_ETH-USD,yfinance_STETH-USD,beacon_formula_16632_sqrt_S,modelo_teorico_oficial,modelo_invariante_stableswap,31641504.84,0.7579,3.3249,126122405820,2.801,22770887648,18.09,0.01,1,72.1407,relay_data_api_concorrente,31641504.84,0.0832
2025-05-25,Post-Shapella,2551.76,2549.34,0.999052,-0.000948,-0.0948,0.00831,0.008477,54.8272,88.3831,55.1507,88.4972,3.7098,3.3205,0.3893,10.4938,0.0011,1.2758,2.9604,2.68,2.6448,1.6,99.45,0,0.0,22715264957,22704929422,130087964.0,25058.37,25945.94,50.85,4553078.74,0,0,0,0,yfinance_ETH-USD,yfinance_STETH-USD,beacon_formula_16632_sqrt_S,modelo_teorico_oficial,modelo_invariante_stableswap,31564879.54,0.7494,3.3205,126214685089,2.68,22898189858,17.99,0.0207,1,148.8965,relay_data_api_concorrente,31564879.54,0.1722
2025-05-26,Post-Shapella,2564.14,2558.3,0.997722,-0.002278,-0.2278,0.004838,0.00351,54.3213,88.3716,54.3526,88.5039,3.6989,3.3107,0.3882,10.495,0.0011,1.2769,2.9573,2.722,2.6857,1.56,99.45,0,0.0,22971934221,22961772431,125087896.0,23742.78,25097.95,51.33,4378076.36,0,0,0,0,yfinance_ETH-USD,yfinance_STETH-USD,beacon_formula_16632_sqrt_S,modelo_teorico_oficial,modelo_invariante_stableswap,31631678.55,0.7417,3.3107,127016481674,2.722,23086669677,18.08,0.0137,1,98.5448,relay_data_api_concorrente,31631678.55,0.1137
2025-05-27,Post-Shapella,2663.07,2662.62,0.999831,-0.000169,-0.0169,0.037857,0.039966,59.894,88.2649,60.5146,88.4969,3.7026,3.314,0.3886,10.4953,0.0011,1.2779,2.9677,2.744,2.7071,1.56,99.45,0,0.0,23058695473,23048612418,128043015.0,23770.43,24314.66,50.56,4481505.53,0,0,0,0,yfinance_ETH-USD,yfinance_STETH-USD,beacon_formula_16632_sqrt_S,modelo_teorico_oficial,modelo_invariante_stableswap,31410789.76,0.7349,3.314,127933909753,2.744,23965373899,18.02,0.0143,1,103.2453,relay_data_api_concorrente,31410789.76,0.12
2025-05-28,Post-Shapella,2682.21,2675.78,0.997603,-0.002397,-0.2397,0.007163,0.00493,59.8236,88.2212,60.3841,88.4769,3.6978,3.3097,0.3881,10.4954,0.0011,1.279,2.9685,2.83,2.7908,1.57,99.45,0,0.0,23872194401,23862007060,127575554.0,23127.67,24494.65,51.38,4465144.39,0,0,0,0,yfinance_ETH-USD,yfinance_STETH-USD,beacon_formula_16632_sqrt_S,modelo_teorico_oficial,modelo_invariante_stableswap,31392293.22,0.7293,3.3097,131241807765,2.83,23782788446,18.18,0.0223,1,160.2959,relay_data_api_concorrente,31392293.22,0.1864
2025-05-29,Post-Shapella,2632.65,2628.46,0.998408,-0.001592,-0.1592,-0.018649,-0.017842,53.6092,88.8165,54.8531,88.9809,3.6806,3.2943,0.3863,10.4956,0.0011,1.2801,2.9557,2.871,2.8307,1.67,99.45,0,0.0,24303108599,24293181967,127811076.0,23749.2,24838.78,51.08,4473387.66,0,0,0,0,yfinance_ETH-USD,yfinance_STETH-USD,beacon_formula_16632_sqrt_S,modelo_teorico_oficial,modelo_invariante_stableswap,31665830.26,0.7249,3.2943,132565071921,2.871,23851451859,18.33,0.0217,0,156.5617,relay_data_api_concorrente,31665830.26,0.1805
2025-05-30,Post-Shapella,2529.94,2526.23,0.998534,-0.001466,-0.1466,-0.039796,-0.039671,46.2148,90.545,46.8758,90.7445,3.6839,3.2972,0.3867,10.497,0.0011,1.2811,2.962,2.905,2.8637,1.77,99.45,0,0.0,23361868891,23352451643,124305382.0,24057.93,25112.63,51.04,4350688.37,0,0,0,0,yfinance_ETH-USD,yfinance_STETH-USD,beacon_formula_16632_sqrt_S,modelo_teorico_oficial,modelo_invariante_stableswap,31531285.66,0.7219,3.2972,128520320171,2.905,22706151510,18.17,0.0212,0,152.8275,relay_data_api_concorrente,31531285.66,0.1769
2025-05-31,Post-Shapella,2529.09,2528.21,0.999652,-0.000348,-0.0348,-0.000338,0.000782,46.1988,90.4992,46.7878,90.6805,3.6834,3.2968,0.3866,10.4957,0.0011,1.2822,2.9631,2.887,2.8462,1.83,99.45,0,0.0,22691942168,22682922264,122589960.0,23931.88,24548.63,50.63,4290648.6,0,0,0,0,yfinance_ETH-USD,yfinance_STETH-USD,beacon_formula_16632_sqrt_S,modelo_teorico_oficial,modelo_invariante_stableswap,31507553.56,0.7203,3.2968,125127630319,2.887,22771797993,18.13,0.0207,0,149.0933,relay_data_api_concorrente,31507553.56,0.1727
2025-06-01,Post-Shapella,2536.27,2533.27,0.998817,-0.001183,-0.1183,0.002835,0.002,45.7604,90.4883,46.307,90.6723,3.6829,3.2964,0.3865,10.4944,0.0011,1.2832,2.9628,2.709,2.6731,1.66,99.45,0,0.0,22610133573,22601119325,122483215.0,23696.34,24625.44,50.93,4286912.53,0,0,0,0,yfinance_ETH-USD,yfinance_STETH-USD,beacon_formula_16632_sqrt_S,modelo_teorico_oficial,modelo_invariante_stableswap,31514027.56,0.7201,3.2964,125618062791,2.709,22784786834,17.99,0.0202,0,145.3591,relay_data_api_concorrente,31514027.56,0.1684
2025-06-02,Post-Shapella,2607.1,2607.92,1.000315,0.000315,0.0315,0.027544,0.029045,50.2051,90.4961,51.2,90.7355,3.6895,3.3023,0.3872,10.4946,0.0011,1.2843,2.968,2.727,2.6906,1.66,99.45,0,0.0,22777295889,22768204040,122120588.0,23240.76,23593.36,50.38,4274220.58,0,0,0,0,yfinance_ETH-USD,yfinance_STETH-USD,beacon_formula_16632_sqrt_S,modelo_teorico_oficial,modelo_invariante_stableswap,31402607.58,0.7214,3.3023,126866127865,2.727,23127121598,17.95,0.0197,1,141.6249,relay_data_api_concorrente,31402607.58,0.1646
2025-06-03,Post-Shapella,2593.28,2590.12,0.998781,-0.001219,-0.1219,-0.005314,-0.006848,40.3559,90.2406,40.5479,90.5029,3.6829,3.2964,0.3865,10.4944,0.0011,1.2854,2.9587,2.789,2.7509,1.65,99.45,0,0.0,23476761187,23467697211,124875711.0,23622.12,24561.39,50.94,4370649.89,0,0,0,0,yfinance_ETH-USD,yfinance_STETH-USD,beacon_formula_16632_sqrt_S,modelo_teorico_oficial,modelo_invariante_stableswap,31600217.93,0.7242,3.2964,129236301357,2.789,23373393902,18.16,0.0142,1,102.5516,relay_data_api_concorrente,31600217.93,0.1185
2025-06-04,Post-Shapella,2608.64,2608.59,0.999981,-1.9e-05,-0.0019,0.005907,0.007103,40.1581,90.2424,40.8663,90.4945,3.6863,3.2994,0.3869,10.4956,0.0011,1.2864,2.958,2.8,2.7616,1.64,99.45,0,0.0,23295526858,23286592638,125496473.0,23809.78,24298.7,50.51,4392376.56,0,0,0,0,yfinance_ETH-USD,yfinance_STETH-USD,beacon_formula_16632_sqrt_S,modelo_teorico_oficial,modelo_invariante_stableswap,31615228.75,0.7283,3.2994,129013655371,2.8,23376013285,18.05,0.0192,0,138.539,relay_data_api_concorrente,31615228.75,0.1599
2025-06-05,Post-Shapella,2416.29,2418.3,1.000832,0.000832,0.0832,-0.076599,-0.075744,66.3208,95.3004,66.4772,95.4587,3.681,3.2947,0.3863,10.4944,0.0011,1.2875,2.9473,2.765,2.7276,1.47,99.45,0,0.0,23416675130,23407832266,116740459.0,24062.47,24231.3,50.2,4085916.07,0,0,0,0,yfinance_ETH-USD,yfinance_STETH-USD,beacon_formula_16632_sqrt_S,modelo_teorico_oficial,modelo_invariante_stableswap,31845677.41,0.7337,3.2947,129709486038,2.765,21672098517,18.05,0.0242,1,174.5264,relay_data_api_concorrente,31845677.41,0.2
2025-06-06,Post-Shapella,2477.19,2477.13,0.999976,-2.4e-05,-0.0024,0.024895,0.024035,66.4278,95.3537,66.2065,95.5234,3.6984,3.3103,0.3881,10.4937,0.0011,1.2885,2.9582,2.878,2.8375,1.47,99.45,0,0.0,21717171088,21708846759,119300875.0,23834.33,24326.01,50.51,4175530.63,0,0,0,0,yfinance_ETH-USD,yfinance_STETH-USD,beacon_formula_16632_sqrt_S,modelo_teorico_oficial,modelo_invariante_stableswap,31611440.81,0.7402,3.3103,122480703310,2.878,22253377763,17.72,0.0163,1,117.6155,relay_data_api_concorrente,31611440.81,0.1358
2025-06-07,Post-Shapella,2526.51,2521.42,0.997985,-0.002015,-0.2015,0.01971,0.017722,68.4647,67.6798,67.8736,68.8771,3.7096,3.3203,0.3893,10.4944,0.0011,1.2896,2.9618,2.743,2.7062,1.57,99.45,0,0.0,22282229224,22273708053,120568150.0,23271.38,24499.2,51.23,4219885.25,0,0,0,0,yfinance_ETH-USD,yfinance_STETH-USD,beacon_formula_16632_sqrt_S,modelo_teorico_oficial,modelo_invariante_stableswap,31534747.45,0.7478,3.3203,125259747187,2.743,22765211512,17.78,0.0211,1,152.2329,relay_data_api_concorrente,31534747.45,0.1762
2025-06-08,Post-Shapella,2510.79,2508.54,0.999104,-0.000896,-0.0896,-0.006241,-0.00512,68.5379,64.6008,67.9162,65.8391,3.7155,3.3255,0.39,10.4966,0.0011,1.2907,2.9594,2.681,2.6458,1.46,99.45,0,0.0,22646375186,22637727324,120663679.0,23631.74,24448.22,50.83,4223228.77,0,0,0,0,yfinance_ETH-USD,yfinance_STETH-USD,beacon_formula_16632_sqrt_S,modelo_teorico_oficial,modelo_invariante_stableswap,31587330.26,0.7561,3.3255,127252473070,2.681,22500962145,17.79,0.0184,0,132.2472,relay_data_api_concorrente,31587330.26,0.1528
2025-06-09,Post-Shapella,2681.52,2678.25,0.998781,-0.001219,-0.1219,0.065786,0.065462,82.5149,59.7166,81.5665,60.586,3.7325,3.3408,0.3917,10.4943,0.0011,1.2918,2.9673,2.68,2.6448,1.42,99.45,0,0.0,22518165347,22509379895,125739722.0,23002.51,23917.86,50.94,4400890.27,0,0,0,0,yfinance_ETH-USD,yfinance_STETH-USD,beacon_formula_16632_sqrt_S,modelo_teorico_oficial,modelo_invariante_stableswap,31417353.84,0.7652,3.3408,126794018971,2.68,23924565205,17.75,0.0156,1,112.2616,relay_data_api_concorrente,31417353.84,0.1304
2025-06-10,Post-Shapella,2813.52,2807.72,0.997939,-0.002061,-0.2061,0.048053,0.047209,87.6792,60.8843,86.4662,61.4927,3.7529,3.359,0.3939,10.4959,0.0011,1.2928,2.9783,2.804,2.7655,1.43,99.45,0,0.0,24177781271,24168509867,132712382.0,22994.07,24225.39,51.25,4644933.37,0,0,0,0,yfinance_ETH-USD,yfinance_STETH-USD,beacon_formula_16632_sqrt_S,modelo_teorico_oficial,modelo_invariante_stableswap,31187031.06,0.7746,3.359,133177413078,2.804,25269157459,18.15,0.0282,1,203.0915,relay_data_api_concorrente,31187031.06,0.2377
2025-06-11,Post-Shapella,2773.53,2775.15,1.000584,0.000584,0.0584,-0.014315,-0.011668,89.6774,61.1304,88.097,61.629,3.7563,3.3621,0.3942,10.4944,0.0011,1.2939,2.972,2.804,2.7655,1.57,99.45,0,0.0,25494775321,25485245335,133796292.0,23981.84,24244.43,50.29,4682870.22,0,0,0,0,yfinance_ETH-USD,yfinance_STETH-USD,beacon_formula_16632_sqrt_S,modelo_teorico_oficial,modelo_invariante_stableswap,31318376.08,0.7843,3.3621,139087545574,2.804,25101613880,18.32,0.0295,0,212.5039,relay_data_api_concorrente,31318376.08,0.2477
2025-06-12,Post-Shapella,2651.8,2650.5,0.99951,-0.00049,-0.049,-0.044884,-0.045958,72.6152,58.3245,71.8209,58.5784,3.7709,3.3752,0.3957,10.4935,0.0011,1.295,2.977,2.834,2.7947,1.53,99.45,0,0.0,25143134872,25133878005,126322538.0,23494.88,24153.48,50.68,4421288.83,0,0,0,0,yfinance_ETH-USD,yfinance_STETH-USD,beacon_formula_16632_sqrt_S,modelo_teorico_oficial,modelo_invariante_stableswap,31213296.37,0.7939,3.3752,137989556934,2.834,23947529547,18.21,0.0308,1,221.9164,relay_data_api_concorrente,31213296.37,0.2595
2025-06-13,Post-Shapella,2579.49,2577.37,0.999178,-0.000822,-0.0822,-0.027647,-0.027977,77.268,58.391,76.6597,58.6103,3.7748,3.3786,0.3962,10.4959,0.0011,1.2961,2.9715,2.899,2.8579,1.57,99.45,0,0.0,23213996312,23205454631,122199308.0,23308.06,24085.17,50.8,4276975.78,0,0,0,0,yfinance_ETH-USD,yfinance_STETH-USD,beacon_formula_16632_sqrt_S,modelo_teorico_oficial,modelo_invariante_stableswap,31329885.2,0.8033,3.3786,130937381879,2.899,23339676914,17.72,0.0279,0,200.5375,relay_data_api_concorrente,31329885.2,0.2336
2025-06-14,Post-Shapella,2533.44,2528.37,0.997999,-0.002001,-0.2001,-0.018011,-0.019193,77.9293,58.0962,77.755,58.2286,3.7746,3.3785,0.3961,10.4938,0.0011,1.2972,2.9624,2.637,2.6029,1.56,99.45,0,0.0,23315709198,23307276303,120524174.0,23201.34,24420.86,51.23,4218346.09,0,0,0,0,yfinance_ETH-USD,yfinance_STETH-USD,beacon_formula_16632_sqrt_S,modelo_teorico_oficial,modelo_invariante_stableswap,31522271.58,0.8122,3.3785,130632819309,2.637,22957549197,17.84,0.0249,0,179.1587,relay_data_api_concorrente,31522271.58,0.2074
2025-06-15,Post-Shapella,2546.84,2547.05,1.000082,8.2e-05,0.0082,0.005273,0.00736,77.7766,58.108,77.7389,58.2853,3.7823,3.3853,0.397,10.4963,0.0011,1.2983,2.9618,2.566,2.5337,1.48,99.45,0,0.0,23034258809,23026024609,121140662.0,23559.47,24003.63,50.47,4239923.17,0,0,0,0,yfinance_ETH-USD,yfinance_STETH-USD,beacon_formula_16632_sqrt_S,modelo_teorico_oficial,modelo_invariante_stableswap,31534616.97,0.8204,3.3853,129713690705,2.566,23056611262,17.75,0.0219,0,157.7799,relay_data_api_concorrente,31534616.97,0.1826
2025-06-16,Post-Shapella,2540.6,2547.37,1.002665,0.002665,0.2665,-0.00245,0.000125,56.4313,57.4551,56.9081,57.4168,3.7726,3.3766,0.396,10.4967,0.0011,1.2993,2.9448,2.654,2.6195,1.49,99.45,0,0.0,23183848341,23175267126,126121891.0,25055.59,24521.63,49.53,4414266.19,0,0,0,0,yfinance_ETH-USD,yfinance_STETH-USD,beacon_formula_16632_sqrt_S,modelo_teorico_oficial,modelo_invariante_stableswap,31899432.03,0.8277,3.3766,129985829511,2.654,23757154063,17.83,0.0189,0,136.4011,relay_data_api_concorrente,31899432.03,0.1561
2025-06-17,Post-Shapella,2510.76,2510.62,0.999944,-5.6e-05,-0.0056,-0.011816,-0.014533,31.4888,57.542,33.7977,57.6243,3.7644,3.3694,0.395,10.493,0.0011,1.3004,2.9305,2.755,2.7178,1.42,99.45,0,0.0,23142194565,23133818406,120130544.0,23673.96,24173.68,50.52,4204569.04,0,0,0,0,yfinance_ETH-USD,yfinance_STETH-USD,beacon_formula_16632_sqrt_S,modelo_teorico_oficial,modelo_invariante_stableswap,32212103.24,0.8339,3.3694,132205736832,2.755,23133818406,17.5,0.016,0,115.0223,relay_data_api_concorrente,32212103.24,0.1303
2025-06-18,Post-Shapella,2524.3,2531.95,1.003031,0.003031,0.3031,0.005378,0.00846,35.2204,57.4086,38.1979,57.4718,3.7716,3.3757,0.3959,10.4969,0.0011,1.3015,2.9327,2.661,2.6263,1.47,99.45,0,0.0,22961965706,22953681258,120404248.0,24137.89,23489.0,49.39,4214148.68,0,0,0,0,yfinance_ETH-USD,yfinance_STETH-USD,beacon_formula_16632_sqrt_S,modelo_teorico_oficial,modelo_invariante_stableswap,32164080.07,0.8389,3.3757,130785259968,2.661,22953681258,17.55,0.013,1,93.6434,relay_data_api_concorrente,32164080.07,0.1063
2025-06-19,Post-Shapella,2521.65,2531.07,1.003736,0.003736,0.3736,-0.00105,-0.000348,23.7907,57.4057,26.8436,57.4589,3.7834,3.3863,0.3971,10.4959,0.0011,1.3026,2.941,2.747,2.71,1.44,99.45,0,0.0,22994614748,22986378436,119803285.0,24164.73,23258.26,49.14,4193114.98,0,0,0,0,yfinance_ETH-USD,yfinance_STETH-USD,beacon_formula_16632_sqrt_S,modelo_teorico_oficial,modelo_invariante_stableswap,31982296.26,0.8424,3.3863,131108435841,2.747,23057071650,17.53,0.0411,0,295.7358,relay_data_api_concorrente,31982296.26,0.3375
2025-06-20,Post-Shapella,2407.3,2405.78,0.999369,-0.000631,-0.0631,-0.046407,-0.050766,34.8781,59.4694,39.8051,59.9177,3.7716,3.3757,0.3959,10.4969,0.0011,1.3037,2.9273,2.678,2.6429,1.45,99.45,0,0.0,23109878112,23101625399,115246545.0,23587.08,24302.04,50.73,4033629.08,0,0,0,0,yfinance_ETH-USD,yfinance_STETH-USD,beacon_formula_16632_sqrt_S,modelo_teorico_oficial,modelo_invariante_stableswap,32283280.81,0.8443,3.3757,131076262884,2.678,22032096228,17.62,0.0691,1,497.8281,relay_data_api_concorrente,32283280.81,0.5629
2025-06-21,Post-Shapella,2300.5,2284.4,0.993002,-0.006998,-0.6998,-0.045383,-0.051772,43.3394,59.0633,50.0852,60.2925,3.7638,3.3688,0.395,10.4947,0.0011,1.3048,2.9192,2.697,2.6614,1.43,99.45,0,0.0,21990069339,21982211852,109683260.0,22382.96,25473.32,53.05,3838914.1,0,0,0,0,yfinance_ETH-USD,yfinance_STETH-USD,beacon_formula_16632_sqrt_S,modelo_teorico_oficial,modelo_invariante_stableswap,32461546.37,0.8446,3.3688,126434606972,2.697,21055638426,17.39,0.0108,1,77.4893,relay_data_api_concorrente,32461546.37,0.0871
2025-06-22,Post-Shapella,2228.21,2227.04,0.999475,-0.000525,-0.0525,-0.031925,-0.025429,41.6839,57.3268,46.8744,58.1509,3.7582,3.3638,0.3944,10.4944,0.0011,1.3058,2.9151,2.966,2.923,1.5,99.45,0,0.0,20562258014,20554662746,105200467.0,23279.79,23945.78,50.69,3682016.34,0,0,0,0,yfinance_ETH-USD,yfinance_STETH-USD,beacon_formula_16632_sqrt_S,modelo_teorico_oficial,modelo_invariante_stableswap,32553727.03,0.8431,3.3638,121428630105,2.966,20443323846,16.93,0.0095,1,68.743,relay_data_api_concorrente,32553727.03,0.0771
2025-06-23,Post-Shapella,2421.82,2415.7,0.997473,-0.002527,-0.2527,0.083321,0.081316,85.5006,64.9453,86.8417,65.3171,3.769,3.3735,0.3955,10.4935,0.0011,1.3069,2.9291,2.986,2.9424,1.73,99.45,0,0.0,20603792260,20596319681,113091232.0,22684.03,24073.6,51.42,3958193.12,0,0,0,0,yfinance_ETH-USD,yfinance_STETH-USD,beacon_formula_16632_sqrt_S,modelo_teorico_oficial,modelo_invariante_stableswap,32244063.74,0.84,3.3735,119271116710,2.986,22117791195,17.27,0.0158,0,113.6657,relay_data_api_concorrente,32244063.74,0.1287
2025-06-24,Post-Shapella,2448.01,2445.1,0.998811,-0.001189,-0.1189,0.010754,0.012097,86.2515,64.9972,87.6701,65.3989,3.7673,3.3719,0.3954,10.4956,0.0011,1.308,2.9323,2.867,2.8268,1.8,99.45,0,0.0,22220070689,22211935671,116007905.0,23252.07,24165.31,50.93,4060276.68,0,0,0,0,yfinance_ETH-USD,yfinance_STETH-USD,beacon_formula_16632_sqrt_S,modelo_teorico_oficial,modelo_invariante_stableswap,32173678.88,0.835,3.3719,127080241463,2.867,22304928242,17.48,0.022,0,158.5885,relay_data_api_concorrente,32173678.88,0.1799
2025-06-25,Post-Shapella,2419.31,2417.14,0.999103,-0.000897,-0.0897,-0.011792,-0.011503,86.0533,65.0556,87.1586,65.4669,3.7569,3.3626,0.3943,10.4954,0.0011,1.3091,2.9285,2.756,2.7188,1.77,99.45,0,0.0,22403447692,22395257540,116321600.0,23642.42,24460.0,50.83,4071256.0,0,0,0,0,yfinance_ETH-USD,yfinance_STETH-USD,beacon_formula_16632_sqrt_S,modelo_teorico_oficial,modelo_invariante_stableswap,32255831.15,0.8284,3.3626,128596701291,2.756,22164963106,17.42,0.0283,1,203.5112,relay_data_api_concorrente,32255831.15,0.2303
2025-06-26,Post-Shapella,2416.15,2426.76,1.004391,0.004391,0.4391,-0.001308,0.003971,86.0443,63.4549,87.4034,63.7518,3.7474,3.3542,0.3932,10.4926,0.0011,1.3102,2.9274,2.735,2.6984,1.57,99.45,0,0.0,22156514883,22148449127,115243536.0,24374.73,23220.48,48.9,4033523.76,0,0,0,0,yfinance_ETH-USD,yfinance_STETH-USD,beacon_formula_16632_sqrt_S,modelo_teorico_oficial,modelo_invariante_stableswap,32281544.0,0.8201,3.3542,128156030924,2.735,22018854777,17.28,0.0159,1,114.7723,relay_data_api_concorrente,32281544.0,0.1298
2025-06-27,Post-Shapella,2423.87,2420.67,0.99868,-0.00132,-0.132,0.00319,-0.002512,79.0844,63.388,78.9052,63.6867,3.7491,3.3556,0.3935,10.4959,0.0011,1.3112,2.9388,2.741,2.7042,1.88,99.45,0,0.0,22051279578,22043484864,115579313.0,23373.91,24342.02,50.98,4045275.96,0,0,0,0,yfinance_ETH-USD,yfinance_STETH-USD,beacon_formula_16632_sqrt_S,modelo_teorico_oficial,modelo_invariante_stableswap,32029731.62,0.8102,3.3556,127143096569,2.741,22067800220,17.34,0.0454,0,326.869,relay_data_api_concorrente,32029731.62,0.3725
2025-06-28,Post-Shapella,2437.11,2435.59,0.999376,-0.000624,-0.0624,0.005448,0.006143,68.8066,63.2143,65.3059,63.5486,3.7497,3.3561,0.3936,10.4968,0.0011,1.3123,2.9507,2.631,2.5971,1.64,99.45,0,0.0,22047490228,22039567899,116211478.0,23494.87,24204.36,50.73,4067401.73,0,0,0,0,yfinance_ETH-USD,yfinance_STETH-USD,beacon_formula_16632_sqrt_S,modelo_teorico_oficial,modelo_invariante_stableswap,31772964.67,0.799,3.3561,127397434547,2.631,22214008671,17.3,0.0749,0,538.9657,relay_data_api_concorrente,31772964.67,0.6192
2025-06-29,Post-Shapella,2500.96,2504.07,1.001244,0.001244,0.1244,0.025862,0.02773,60.4286,62.4927,59.1741,62.9379,3.7452,3.3521,0.3931,10.4961,0.0011,1.3134,2.9588,2.644,2.6097,1.55,99.45,0,0.0,22216234181,22207827944,116073673.0,23184.5,23198.3,50.05,4062578.56,0,0,0,0,yfinance_ETH-USD,yfinance_STETH-USD,beacon_formula_16632_sqrt_S,modelo_teorico_oficial,modelo_invariante_stableswap,31599998.12,0.7864,3.3521,129098978031,2.644,22709263855,17.2,0.1043,0,751.0623,relay_data_api_concorrente,31599998.12,0.8675
2025-06-30,Post-Shapella,2486.46,2485.66,0.999678,-0.000322,-0.0322,-0.005813,-0.00738,23.396,62.5213,25.2192,62.9847,3.7164,3.3263,0.3901,10.4967,0.0011,1.3145,2.9436,2.655,2.6205,1.58,99.45,0,0.0,22776902359,22768355353,118605278.0,23555.32,24152.91,50.62,4151184.73,0,0,0,0,yfinance_ETH-USD,yfinance_STETH-USD,beacon_formula_16632_sqrt_S,modelo_teorico_oficial,modelo_invariante_stableswap,31927220.19,0.7728,3.3263,131415340121,2.655,22638053628,17.33,0.1338,0,963.159,relay_data_api_concorrente,31927220.19,1.1011
2025-07-01,Post-Shapella,2405.79,2404.55,0.999485,-0.000515,-0.0515,-0.032982,-0.033173,34.246,63.5164,35.5379,63.9912,3.6935,3.3058,0.3877,10.4968,0.0011,1.3155,2.9352,2.685,2.6497,1.52,99.45,0,0.0,22710642481,22702027785,114932917.0,23558.06,24227.89,50.69,4022652.1,0,0,0,0,yfinance_ETH-USD,yfinance_STETH-USD,beacon_formula_16632_sqrt_S,modelo_teorico_oficial,modelo_invariante_stableswap,32109277.6,0.7583,3.3058,131100599691,2.685,21945024770,17.32,0.1632,1,1175.2557,relay_data_api_concorrente,32109277.6,1.336
2025-07-02,Post-Shapella,2571.34,2581.28,1.003866,0.003866,0.3866,0.066546,0.070919,59.0393,67.135,62.3799,68.0638,3.6951,3.3073,0.3878,10.495,0.0011,1.3166,2.9521,2.686,2.6507,1.55,99.45,0,0.0,21935554385,21927362721,123510875.0,24454.46,23488.4,49.09,4322880.62,0,0,0,0,yfinance_ETH-USD,yfinance_STETH-USD,beacon_formula_16632_sqrt_S,modelo_teorico_oficial,modelo_invariante_stableswap,31743625.4,0.7431,3.3073,127917151421,2.686,23619106217,17.14,0.0904,0,650.9284,relay_data_api_concorrente,31743625.4,0.7485
2025-07-03,Post-Shapella,2591.01,2589.61,0.99946,-0.00054,-0.054,0.007621,0.003224,58.4672,67.1689,62.4217,68.0333,3.6822,3.2957,0.3865,10.4964,0.0011,1.3177,2.9548,2.702,2.6662,1.85,99.45,0,0.0,23458588779,23450120936,123198201.0,23442.88,24118.48,50.7,4311937.04,0,0,0,0,yfinance_ETH-USD,yfinance_STETH-USD,beacon_formula_16632_sqrt_S,modelo_teorico_oficial,modelo_invariante_stableswap,31685312.6,0.7274,3.2957,134107045891,2.702,23631216293,17.49,0.0176,1,126.601,relay_data_api_concorrente,31685312.6,0.1458
2025-07-04,Post-Shapella,2508.52,2507.15,0.999454,-0.000546,-0.0546,-0.032354,-0.032361,66.1129,68.0632,69.2044,68.9013,3.659,3.275,0.384,10.4947,0.0011,1.3187,2.9474,2.697,2.6614,1.44,99.45,0,0.0,23612901179,23604408334,119230388.0,23432.89,24110.45,50.7,4173063.58,0,0,0,0,yfinance_ETH-USD,yfinance_STETH-USD,beacon_formula_16632_sqrt_S,modelo_teorico_oficial,modelo_invariante_stableswap,31843473.13,0.7116,3.275,135528057780,2.697,22745954285,17.42,0.0144,0,103.6379,relay_data_api_concorrente,31843473.13,0.1188
2025-07-05,Post-Shapella,2517.28,2515.63,0.999345,-0.000655,-0.0655,0.003487,0.003378,66.1182,62.4103,69.2058,63.457,3.6417,3.2595,0.3822,10.4951,0.001,1.3198,2.946,2.608,2.5747,1.48,99.45,0,0.0,22925583275,22917330613,119517073.0,23388.6,24105.86,50.74,4183097.56,0,0,0,0,yfinance_ETH-USD,yfinance_STETH-USD,beacon_formula_16632_sqrt_S,modelo_teorico_oficial,modelo_invariante_stableswap,31873905.27,0.6957,3.2595,132625355177,2.608,22890543537,17.28,0.0112,1,80.6747,relay_data_api_concorrente,31873905.27,0.0924
2025-07-06,Post-Shapella,2571.24,2571.46,1.000086,8.6e-05,0.0086,0.021208,0.02195,65.289,62.2484,68.1492,63.3672,3.6254,3.2449,0.3805,10.4954,0.001,1.3208,2.9453,2.622,2.5883,1.49,99.45,0,0.0,22922721559,22914518640,122622964.0,23621.8,24066.35,50.47,4291803.74,0,0,0,0,yfinance_ETH-USD,yfinance_STETH-USD,beacon_formula_16632_sqrt_S,modelo_teorico_oficial,modelo_invariante_stableswap,31889926.78,0.6801,3.2449,133328432783,2.622,23580920219,17.19,0.0128,1,92.5071,relay_data_api_concorrente,31889926.78,0.1059
2025-07-07,Post-Shapella,2543.01,2541.82,0.999532,-0.000468,-0.0468,-0.011037,-0.011593,65.8711,62.0237,68.6356,63.2327,3.6092,3.2304,0.3788,10.4954,0.001,1.3218,2.9442,2.66,2.6253,1.49,99.45,0,0.0,23413166529,23404747542,120557054.0,23385.42,24033.05,50.67,4219496.89,0,0,0,0,yfinance_ETH-USD,yfinance_STETH-USD,beacon_formula_16632_sqrt_S,modelo_teorico_oficial,modelo_invariante_stableswap,31913234.09,0.665,3.2304,135354079655,2.66,23135058400,17.29,0.0454,1,326.6967,relay_data_api_concorrente,31913234.09,0.3737
2025-07-08,Post-Shapella,2615.51,2614.65,0.999671,-0.000329,-0.0329,0.028108,0.02825,59.9562,62.7268,62.9325,63.9421,3.6082,3.2295,0.3787,10.4955,0.001,1.3229,2.9576,2.675,2.6399,1.47,99.45,0,0.0,23188714479,23180432284,123399095.0,23297.66,23889.94,50.62,4318968.32,0,0,0,0,yfinance_ETH-USD,yfinance_STETH-USD,beacon_formula_16632_sqrt_S,modelo_teorico_oficial,modelo_invariante_stableswap,31625441.82,0.6506,3.2295,134155380232,2.675,23812017278,17.28,0.031,1,223.1302,relay_data_api_concorrente,31625441.82,0.2575
2025-07-09,Post-Shapella,2770.78,2770.98,1.000072,7.2e-05,0.0072,0.05767,0.058071,55.192,61.7337,55.902,63.0557,3.5927,3.2157,0.377,10.4935,0.001,1.3239,2.9556,2.684,2.6487,1.6,99.45,0,0.0,23869512664,23861093374,130550140.0,23335.34,23779.69,50.47,4569254.9,0,0,0,0,yfinance_ETH-USD,yfinance_STETH-USD,beacon_formula_16632_sqrt_S,modelo_teorico_oficial,modelo_invariante_stableswap,31667516.79,0.6371,3.2157,137006376788,2.684,25203176450,17.42,0.0286,0,206.1946,relay_data_api_concorrente,31667516.79,0.2377
2025-07-10,Post-Shapella,2954.85,2952.7,0.999272,-0.000728,-0.0728,0.064318,0.06352,67.1706,63.5257,67.1866,64.7886,3.592,3.2151,0.3769,10.4928,0.001,1.3249,2.9673,2.811,2.7723,2.02,99.45,0,0.0,25283949974,25275246160,138320929.0,23047.81,23780.98,50.76,4841232.52,0,0,0,0,yfinance_ETH-USD,yfinance_STETH-USD,beacon_formula_16632_sqrt_S,modelo_teorico_oficial,modelo_invariante_stableswap,31418355.42,0.6248,3.2151,143273204247,2.811,27126596599,17.64,0.0263,0,189.2591,relay_data_api_concorrente,31418355.42,0.2199
2025-07-11,Post-Shapella,2957.89,2956.97,0.999689,-0.000311,-0.0311,0.001029,0.001443,54.9222,63.2658,54.8451,64.6098,3.5892,3.2125,0.3767,10.4954,0.001,1.326,2.9756,2.896,2.855,2.37,99.45,0,0.0,26812777918,26803732468,140818607.0,23511.99,24103.3,50.61,4928651.24,0,0,0,0,yfinance_ETH-USD,yfinance_STETH-USD,beacon_formula_16632_sqrt_S,modelo_teorico_oficial,modelo_invariante_stableswap,31243795.01,0.6136,3.2125,150132152332,2.896,26784113686,17.85,0.0239,0,172.3235,relay_data_api_concorrente,31243795.01,0.2013
2025-07-12,Post-Shapella,2942.91,2938.33,0.998444,-0.001556,-0.1556,-0.005075,-0.006324,57.1277,61.0254,57.406,62.3373,3.5777,3.2022,0.3755,10.4956,0.001,1.327,2.9739,2.7,2.6643,2.27,99.45,0,0.0,27014373324,27005367163,139150915.0,23136.59,24184.49,51.07,4870282.03,0,0,0,0,yfinance_ETH-USD,yfinance_STETH-USD,beacon_formula_16632_sqrt_S,modelo_teorico_oficial,modelo_invariante_stableswap,31279981.87,0.6038,3.2022,150769669211,2.7,26781729652,17.91,0.0216,1,155.388,relay_data_api_concorrente,31279981.87,0.1813
2025-07-13,Post-Shapella,2973.36,2970.4,0.999004,-0.000996,-0.0996,0.010293,0.010857,57.7965,60.017,57.9899,61.3379,3.5662,3.1919,0.3743,10.4958,0.001,1.328,2.9706,2.617,2.5834,1.7,99.45,0,0.0,26909911377,26900983710,140082730.0,23149.81,23986.67,50.86,4902895.55,0,0,0,0,yfinance_ETH-USD,yfinance_STETH-USD,beacon_formula_16632_sqrt_S,modelo_teorico_oficial,modelo_invariante_stableswap,31347797.39,0.5956,3.1919,150267289855,2.617,27084985724,17.9,0.0193,0,139.23,relay_data_api_concorrente,31347797.39,0.1621
2025-07-14,Post-Shapella,3013.35,3011.77,0.999476,-0.000524,-0.0524,0.01336,0.01383,52.0289,59.5159,51.9995,60.7959,3.5647,3.1906,0.3741,10.4946,0.001,1.329,2.9759,2.749,2.712,1.71,99.45,0,0.0,27079258987,27070335560,142220458.0,23271.97,23937.37,50.69,4977716.03,0,0,0,0,yfinance_ETH-USD,yfinance_STETH-USD,beacon_formula_16632_sqrt_S,modelo_teorico_oficial,modelo_invariante_stableswap,31237300.38,0.5889,3.1906,151913912833,2.749,27506789075,17.82,0.0171,0,123.072,relay_data_api_concorrente,31237300.38,0.1438
2025-07-15,Post-Shapella,3139.89,3132.52,0.997653,-0.002347,-0.2347,0.041135,0.039309,53.4486,60.7784,53.1201,61.9082,3.5618,3.188,0.3738,10.4947,0.001,1.3301,2.978,2.733,2.6964,1.74,99.45,0,0.0,27557561438,27548587777,143888626.0,22291.14,23590.24,51.36,5036101.91,0,0,0,0,yfinance_ETH-USD,yfinance_STETH-USD,beacon_formula_16632_sqrt_S,modelo_teorico_oficial,modelo_invariante_stableswap,31192564.92,0.5838,3.188,153257375406,2.733,28438775260,17.98,0.0148,1,106.9141,relay_data_api_concorrente,31192564.92,0.1251
2025-07-16,Post-Shapella,3371.51,3364.08,0.997796,-0.002204,-0.2204,0.071172,0.071317,58.9096,64.6433,58.5926,65.787,3.5613,3.1875,0.3738,10.4962,0.001,1.3311,2.981,2.802,2.7636,1.81,99.45,0,0.0,28618315633,28609189406,158765936.0,22931.12,24212.69,51.3,5556807.76,0,0,0,0,yfinance_ETH-USD,yfinance_STETH-USD,beacon_formula_16632_sqrt_S,modelo_teorico_oficial,modelo_invariante_stableswap,31129182.29,0.5803,3.1875,157310972209,2.802,30786232400,18.19,0.0178,0,128.4902,relay_data_api_concorrente,31129182.29,0.1507
2025-07-17,Post-Shapella,3476.78,3470.67,0.998243,-0.001757,-0.1757,0.030748,0.031193,50.7538,64.5873,50.6898,65.6379,3.5517,3.179,0.3727,10.4936,0.001,1.3321,2.9734,2.88,2.8394,2.29,99.45,0,0.0,30867121166,30857492943,163921889.0,23035.19,24154.87,51.14,5737266.12,0,0,0,0,yfinance_ETH-USD,yfinance_STETH-USD,beacon_formula_16632_sqrt_S,modelo_teorico_oficial,modelo_invariante_stableswap,31290242.23,0.5783,3.179,165508340594,2.88,31695137047,18.64,0.0208,0,150.0663,relay_data_api_concorrente,31290242.23,0.1751
2025-07-18,Post-Shapella,3549.02,3538.48,0.99703,-0.00297,-0.297,0.020563,0.01935,47.4035,64.6425,47.5926,65.6991,3.5541,3.1811,0.373,10.4949,0.001,1.3331,2.9761,2.84,2.8005,3.43,99.45,0,0.0,31765191334,31755408053,168003982.0,22919.21,24491.66,51.58,5880139.37,0,0,0,0,yfinance_ETH-USD,yfinance_STETH-USD,beacon_formula_16632_sqrt_S,modelo_teorico_oficial,modelo_invariante_stableswap,31232888.53,0.578,3.1811,169109571520,2.84,32465247547,18.78,0.0238,0,171.6424,relay_data_api_concorrente,31232888.53,0.2006
2025-07-19,Post-Shapella,3595.27,3581.35,0.996128,-0.003872,-0.3872,0.01295,0.012042,41.646,64.4886,41.5515,65.568,3.5592,3.1857,0.3735,10.4939,0.001,1.3342,2.9802,2.672,2.637,3.31,99.45,0,0.0,32386910824,32377197720,167684624.0,22427.47,24306.98,51.91,5868961.84,0,0,0,0,yfinance_ETH-USD,yfinance_STETH-USD,beacon_formula_16632_sqrt_S,modelo_teorico_oficial,modelo_invariante_stableswap,31147035.57,0.579,3.1857,171530572980,2.672,32423164681,18.88,0.0268,0,193.2185,relay_data_api_concorrente,31147035.57,0.2264
2025-07-20,Post-Shapella,3759.47,3752.29,0.99809,-0.00191,-0.191,0.044658,0.046629,39.8073,61.9104,40.4457,62.6498,3.5703,3.1956,0.3747,10.4949,0.001,1.3352,2.9889,2.677,2.6419,2.89,99.45,0,0.0,32667909107,32658195982,175014688.0,22719.37,23879.26,51.2,6125514.08,0,0,0,0,yfinance_ETH-USD,yfinance_STETH-USD,beacon_formula_16632_sqrt_S,modelo_teorico_oficial,modelo_invariante_stableswap,30966163.94,0.5814,3.1956,172994044021,2.677,33848577986,18.88,0.0298,0,214.7946,relay_data_api_concorrente,30966163.94,0.2532
2025-07-21,Post-Shapella,3763.37,3751.34,0.996803,-0.003197,-0.3197,0.001037,-0.000254,44.3392,58.2335,45.5447,58.1754,3.5724,3.1975,0.3749,10.4943,0.001,1.3362,2.9874,2.81,2.7713,2.93,99.45,0,0.0,34050356452,34040431857,177096387.0,22744.55,24391.34,51.67,6198373.55,0,0,0,0,yfinance_ETH-USD,yfinance_STETH-USD,beacon_formula_16632_sqrt_S,modelo_teorico_oficial,modelo_invariante_stableswap,30996944.11,0.585,3.1975,179042772631,2.81,34247712215,19.01,0.0328,0,236.3707,relay_data_api_concorrente,30996944.11,0.2783
2025-07-22,Post-Shapella,3749.15,3732.64,0.995596,-0.004404,-0.4404,-0.003787,-0.004998,50.0536,56.0816,51.6716,56.7393,3.5675,3.1931,0.3744,10.4947,0.001,1.3372,2.978,2.761,2.7237,3.33,99.45,0,0.0,34374039965,34363185453,174428760.0,22281.95,24350.16,52.11,6105006.6,0,0,0,0,yfinance_ETH-USD,yfinance_STETH-USD,beacon_formula_16632_sqrt_S,modelo_teorico_oficial,modelo_invariante_stableswap,31193379.17,0.5896,3.1931,181344608143,2.761,33776810092,18.95,0.0358,1,257.9468,relay_data_api_concorrente,31193379.17,0.3018
2025-07-23,Post-Shapella,3629.7,3619.97,0.997319,-0.002681,-0.2681,-0.032377,-0.030648,48.1817,53.4066,48.478,54.2026,3.552,3.1792,0.3728,10.4955,0.001,1.3383,2.957,2.651,2.6166,3.0,99.45,0,0.0,34019620157,34008476788,170957923.0,22853.47,24311.44,51.48,5983527.31,0,0,0,0,yfinance_ETH-USD,yfinance_STETH-USD,beacon_formula_16632_sqrt_S,modelo_teorico_oficial,modelo_invariante_stableswap,31636633.48,0.5949,3.1792,180364937383,2.651,32836779376,18.86,0.0302,0,217.4708,relay_data_api_concorrente,31636633.48,0.2509
2025-07-24,Post-Shapella,3708.01,3697.72,0.997225,-0.002775,-0.2775,0.021343,0.021251,46.221,53.4661,46.3793,54.2672,3.557,3.1837,0.3733,10.4948,0.001,1.3393,2.9561,2.817,2.7782,2.87,99.45,0,0.0,33073008373,33062688523,174751261.0,22851.38,24344.22,51.51,6116294.14,0,0,0,0,yfinance_ETH-USD,yfinance_STETH-USD,beacon_formula_16632_sqrt_S,modelo_teorico_oficial,modelo_invariante_stableswap,31657317.47,0.601,3.1837,176606691629,2.817,33587199286,18.72,0.0246,0,176.9948,relay_data_api_concorrente,31657317.47,0.2041
2025-07-25,Post-Shapella,3727.27,3720.1,0.998076,-0.001924,-0.1924,0.005181,0.006032,45.2446,52.7651,45.5706,53.579,3.5665,3.1922,0.3743,10.4949,0.001,1.3403,2.9591,2.768,2.7305,2.5,99.45,0,0.0,32873395352,32863741618,175455704.0,22970.98,24148.99,51.2,6140949.64,0,0,0,0,yfinance_ETH-USD,yfinance_STETH-USD,beacon_formula_16632_sqrt_S,modelo_teorico_oficial,modelo_invariante_stableswap,31591796.59,0.6074,3.1922,177045088454,2.768,33448784156,18.56,0.019,1,136.5188,relay_data_api_concorrente,31591796.59,0.1577
2025-07-26,Post-Shapella,3741.4,3738.18,0.999139,-0.000861,-0.0861,0.003784,0.004848,44.9948,52.6038,45.3966,53.5584,3.5737,3.1987,0.375,10.4933,0.001,1.3413,2.9598,2.659,2.6244,2.37,99.45,0,0.0,33602188907,33592042374,177706993.0,23361.97,24156.27,50.81,6219744.76,0,0,0,0,yfinance_ETH-USD,yfinance_STETH-USD,beacon_formula_16632_sqrt_S,modelo_teorico_oficial,modelo_invariante_stableswap,31578253.06,0.614,3.1987,180023310669,2.659,33710476570,18.66,0.0145,0,104.2347,relay_data_api_concorrente,31578253.06,0.1205
2025-07-27,Post-Shapella,3875.25,3867.65,0.998039,-0.001961,-0.1961,0.03515,0.03405,40.2605,52.9135,39.031,53.6235,3.5789,3.2033,0.3756,10.4948,0.001,1.3424,2.9584,2.682,2.6468,2.36,99.45,0,0.0,33897495501,33887439917,180642583.0,22740.66,23920.68,51.22,6322490.4,0,0,0,0,yfinance_ETH-USD,yfinance_STETH-USD,beacon_formula_16632_sqrt_S,modelo_teorico_oficial,modelo_invariante_stableswap,31607164.29,0.6205,3.2033,181297445097,2.682,34518932343,18.69,0.01,1,71.9505,relay_data_api_concorrente,31607164.29,0.0831
2025-07-28,Post-Shapella,3787.43,3784.24,0.999158,-0.000842,-0.0842,-0.022923,-0.021803,44.9035,54.5029,43.4238,55.1106,3.5818,3.2059,0.3759,10.4947,0.001,1.3434,2.9551,2.602,2.5688,2.15,99.45,0,0.0,34813073588,34802737297,179609418.0,23328.4,24114.42,50.81,6286329.63,0,0,0,0,yfinance_ETH-USD,yfinance_STETH-USD,beacon_formula_16632_sqrt_S,modelo_teorico_oficial,modelo_invariante_stableswap,31679296.6,0.6267,3.2059,186624345671,2.602,34106539190,18.65,0.0224,1,161.0045,relay_data_api_concorrente,31679296.6,0.1855
2025-07-29,Post-Shapella,3793.45,3785.25,0.997838,-0.002162,-0.2162,0.001591,0.000269,44.7289,54.5346,43.1285,55.1251,3.5911,3.2143,0.3768,10.4926,0.001,1.3444,2.9586,2.664,2.6292,2.09,99.45,0,0.0,34197750262,34187736293,178038234.0,22861.5,24123.71,51.29,6231338.19,0,0,0,0,yfinance_ETH-USD,yfinance_STETH-USD,beacon_formula_16632_sqrt_S,modelo_teorico_oficial,modelo_invariante_stableswap,31602333.21,0.6325,3.2143,182050504120,2.664,33830291899,18.78,0.0132,1,94.9947,relay_data_api_concorrente,31602333.21,0.1097
2025-07-30,Post-Shapella,3808.2,3797.89,0.997293,-0.002707,-0.2707,0.00388,0.003332,34.4071,54.1977,33.3525,54.7329,3.6069,3.2283,0.3786,10.4965,0.001,1.3455,2.9693,2.717,2.6808,2.36,99.45,0,0.0,33972965395,33963114910,177625620.0,22627.22,24080.9,51.49,6216896.7,0,0,0,0,yfinance_ETH-USD,yfinance_STETH-USD,beacon_formula_16632_sqrt_S,modelo_teorico_oficial,modelo_invariante_stableswap,31375983.68,0.6376,3.2283,181504463192,2.717,33726852924,18.71,0.0284,1,204.4495,relay_data_api_concorrente,31375983.68,0.2378
2025-07-31,Post-Shapella,3696.71,3693.86,0.999229,-0.000771,-0.0771,-0.029714,-0.027773,40.538,53.8504,38.818,54.1751,3.6035,3.2253,0.3782,10.4954,0.001,1.3465,2.9618,2.678,2.6429,2.37,99.45,0,0.0,34143656347,34133988656,177203156.0,23593.29,24360.86,50.78,6202110.46,0,0,0,0,yfinance_ETH-USD,yfinance_STETH-USD,beacon_formula_16632_sqrt_S,modelo_teorico_oficial,modelo_invariante_stableswap,31534823.9,0.6417,3.2253,182066071863,2.678,33292928839,18.75,0.019,1,136.5841,relay_data_api_concorrente,31534823.9,0.1581
2025-08-01,Post-Shapella,3488.37,3482.39,0.998286,-0.001714,-0.1714,-0.058009,-0.058952,57.3895,56.1239,56.7455,56.0035,3.5907,3.2139,0.3768,10.4938,0.001,1.3475,2.9459,2.688,2.6526,2.02,99.45,0,0.0,33144849657,33135546429,167518990.0,23470.88,24593.42,51.12,5863164.65,0,0,0,0,yfinance_ETH-USD,yfinance_STETH-USD,beacon_formula_16632_sqrt_S,modelo_teorico_oficial,modelo_invariante_stableswap,31876594.01,0.6448,3.2139,177394584084,2.688,30950224959,18.68,0.0191,0,137.5087,relay_data_api_concorrente,31876594.01,0.1575
2025-08-02,Post-Shapella,3392.74,3398.64,1.001739,0.001739,0.1739,-0.027795,-0.024346,57.4856,57.6645,56.1892,57.2343,3.5868,3.2104,0.3764,10.494,0.001,1.3486,2.9401,2.632,2.5981,2.32,99.45,0,0.0,31315680777,31306725570,160512503.0,23718.69,23550.94,49.87,5617937.6,0,0,0,0,yfinance_ETH-USD,yfinance_STETH-USD,beacon_formula_16632_sqrt_S,modelo_teorico_oficial,modelo_invariante_stableswap,32001417.57,0.6467,3.2104,169470284214,2.632,30443264595,18.47,0.0192,0,138.4333,relay_data_api_concorrente,32001417.57,0.1579
2025-08-03,Post-Shapella,3497.38,3500.98,1.001029,0.001029,0.1029,0.030376,0.029669,55.0554,56.1352,53.9748,55.6517,3.5883,3.2117,0.3766,10.4952,0.001,1.3496,2.9411,2.788,2.7499,2.36,99.45,0,0.0,30451987350,30443353307,164998749.0,23530.38,23623.12,50.12,5774956.22,0,0,0,0,yfinance_ETH-USD,yfinance_STETH-USD,beacon_formula_16632_sqrt_S,modelo_teorico_oficial,modelo_invariante_stableswap,31981321.96,0.6472,3.2117,165946076665,2.788,31061520555,18.35,0.0194,0,139.3579,relay_data_api_concorrente,31981321.96,0.159
2025-08-04,Post-Shapella,3718.99,3709.05,0.997327,-0.002673,-0.2673,0.061437,0.057733,76.7689,58.7284,74.0196,57.8835,3.6054,3.227,0.3784,10.4954,0.001,1.3506,2.9591,2.642,2.6078,2.39,99.45,0,0.0,31297917189,31289052742,175465027.0,22894.54,24351.38,51.47,6141275.94,0,0,0,0,yfinance_ETH-USD,yfinance_STETH-USD,beacon_formula_16632_sqrt_S,modelo_teorico_oficial,modelo_invariante_stableswap,31592331.0,0.6463,3.227,171220495684,2.642,33077498057,18.27,0.0195,0,140.2825,relay_data_api_concorrente,31592331.0,0.1621
2025-08-05,Post-Shapella,3611.9,3607.17,0.99869,-0.00131,-0.131,-0.029217,-0.027852,78.9373,60.4509,76.0524,59.4923,3.6011,3.2232,0.3779,10.494,0.001,1.3517,2.9572,2.649,2.6146,2.31,99.45,0,0.0,32850119959,32840905143,169853705.0,23053.25,24004.32,50.98,5944879.68,0,0,0,0,yfinance_ETH-USD,yfinance_STETH-USD,beacon_formula_16632_sqrt_S,modelo_teorico_oficial,modelo_invariante_stableswap,31632442.53,0.6439,3.2232,178874749075,2.649,31853925612,18.36,0.0196,0,141.2071,relay_data_api_concorrente,31632442.53,0.1629
2025-08-06,Post-Shapella,3683.92,3674.53,0.997451,-0.002549,-0.2549,0.019744,0.018501,81.0705,59.9691,78.0545,58.9597,3.6031,3.2249,0.3782,10.4965,0.001,1.3527,2.9631,2.67,2.6351,2.1,99.45,0,0.0,31943280242,31934363141,173785505.0,22912.26,24323.81,51.43,6082492.68,0,0,0,0,yfinance_ETH-USD,yfinance_STETH-USD,beacon_formula_16632_sqrt_S,modelo_teorico_oficial,modelo_invariante_stableswap,31507128.86,0.64,3.2249,175571820930,2.67,32675115384,18.19,0.0197,1,142.1317,relay_data_api_concorrente,31507128.86,0.1647
2025-08-07,Post-Shapella,3914.33,3898.08,0.995849,-0.004151,-0.4151,0.060666,0.059059,89.9193,62.0836,87.1105,60.9553,3.6186,3.2388,0.3798,10.4958,0.001,1.3537,2.9841,2.624,2.5903,2.25,99.45,0,0.0,32707070293,32697916439,183226825.0,22461.53,24449.21,52.01,6412938.88,0,0,0,0,yfinance_ETH-USD,yfinance_STETH-USD,beacon_formula_16632_sqrt_S,modelo_teorico_oficial,modelo_invariante_stableswap,31065774.66,0.6345,3.2388,179044743480,2.624,34596384973,18.26,0.0214,0,153.9233,relay_data_api_concorrente,31065774.66,0.1808
2025-08-08,Post-Shapella,4009.85,4007.38,0.999384,-0.000616,-0.0616,0.02411,0.027653,70.6368,60.1477,66.9135,59.0373,3.6319,3.2508,0.3811,10.4931,0.001,1.3548,3.0044,2.65,2.6156,2.36,99.45,0,0.0,34757959573,34748415812,190319875.0,23387.51,24090.42,50.72,6661195.63,0,0,0,0,yfinance_ETH-USD,yfinance_STETH-USD,beacon_formula_16632_sqrt_S,modelo_teorico_oficial,modelo_invariante_stableswap,30648037.98,0.6276,3.2508,188212586903,2.65,35674338081,18.46,0.023,0,165.7149,relay_data_api_concorrente,30648037.98,0.1974
2025-08-09,Post-Shapella,4263.6,4259.18,0.998963,-0.001037,-0.1037,0.06136,0.060939,62.9309,59.8339,60.5174,58.7617,3.6449,3.2624,0.3825,10.4941,0.001,1.3558,3.0258,2.68,2.6448,2.61,99.45,0,0.0,35680292925,35670624267,201102706.0,23169.31,24022.95,50.88,7038594.71,0,0,0,0,yfinance_ETH-USD,yfinance_STETH-USD,beacon_formula_16632_sqrt_S,modelo_teorico_oficial,modelo_invariante_stableswap,30216148.27,0.6192,3.2624,190729579337,2.68,38035358220,18.7,0.0247,0,177.5064,relay_data_api_concorrente,30216148.27,0.2144
2025-08-10,Post-Shapella,4254.22,4245.06,0.997847,-0.002153,-0.2153,-0.002203,-0.00332,67.8487,59.9205,65.8265,58.8949,3.6286,3.2478,0.3808,10.4944,0.001,1.3569,3.0191,2.628,2.5942,2.6,99.45,0,0.0,38174275100,38164349569,198796416.0,22763.92,24017.02,51.29,6957874.56,0,0,0,0,yfinance_ETH-USD,yfinance_STETH-USD,beacon_formula_16632_sqrt_S,modelo_teorico_oficial,modelo_invariante_stableswap,30349575.21,0.6095,3.2478,200479871553,2.628,37465271387,19.04,0.0263,0,189.298,relay_data_api_concorrente,30349575.21,0.2277
2025-08-11,Post-Shapella,4226.97,4223.89,0.999271,-0.000729,-0.0729,-0.006426,-0.005001,65.1369,59.9711,63.8748,58.8447,3.6048,3.2265,0.3783,10.4943,0.001,1.3579,3.0062,2.67,2.6351,2.42,99.45,0,0.0,37774675596,37764738673,198052319.0,23068.28,23803.51,50.77,6931831.17,0,0,0,0,yfinance_ETH-USD,yfinance_STETH-USD,beacon_formula_16632_sqrt_S,modelo_teorico_oficial,modelo_invariante_stableswap,30610668.56,0.5986,3.2265,199399697308,2.67,37333879288,18.94,0.0279,0,201.0896,relay_data_api_concorrente,30610668.56,0.2398
2025-08-12,Post-Shapella,4590.92,4581.65,0.997981,-0.002019,-0.2019,0.082597,0.081304,65.5663,64.8094,64.2486,63.5965,3.6156,3.2362,0.3794,10.4934,0.001,1.359,3.029,2.699,2.6633,2.42,99.45,0,0.0,37553393535,37543872593,214868048.0,22822.32,24029.03,51.24,7520381.68,0,0,0,0,yfinance_ETH-USD,yfinance_STETH-USD,beacon_formula_16632_sqrt_S,modelo_teorico_oficial,modelo_invariante_stableswap,30152001.03,0.5867,3.2362,198348356887,2.699,40364975323,18.93,0.0296,1,212.8812,relay_data_api_concorrente,30152001.03,0.2577
2025-08-13,Post-Shapella,4756.28,4757.77,1.000313,0.000313,0.0313,0.035383,0.037718,64.422,65.2155,62.8831,64.1112,3.6049,3.2266,0.3783,10.494,0.001,1.36,3.0311,2.902,2.8608,2.81,99.45,0,0.0,40846502922,40836061889,220203939.0,22970.16,23320.05,50.39,7707137.87,0,0,0,0,yfinance_ETH-USD,yfinance_STETH-USD,beacon_formula_16632_sqrt_S,modelo_teorico_oficial,modelo_invariante_stableswap,30110350.38,0.5739,3.2266,211146076665,2.902,42035081155,19.34,0.0255,0,183.7445,relay_data_api_concorrente,30110350.38,0.2227
2025-08-14,Post-Shapella,4548.17,4548.44,1.000059,5.9e-05,0.0059,-0.044741,-0.044993,82.7296,67.7493,82.434,66.8145,3.5695,3.1949,0.3746,10.4945,0.001,1.361,3.0092,2.764,2.7266,3.08,99.45,0,0.0,41996380123,41985398122,212438263.0,23131.11,23576.0,50.48,7435339.21,0,0,0,0,yfinance_ETH-USD,yfinance_STETH-USD,beacon_formula_16632_sqrt_S,modelo_teorico_oficial,modelo_invariante_stableswap,30550431.12,0.5604,3.1949,215157864657,2.764,39871809707,19.51,0.0215,1,154.6077,relay_data_api_concorrente,30550431.12,0.1847
2025-08-15,Post-Shapella,4439.99,4425.99,0.996847,-0.003153,-0.3153,-0.024072,-0.027292,88.8718,65.4478,89.4121,64.6959,3.5447,3.1726,0.3721,10.4974,0.001,1.362,2.9982,3.088,3.0414,2.62,99.45,0,0.0,40466700881,40456209842,208200736.0,22671.79,24296.98,51.65,7287025.76,0,0,0,0,yfinance_ETH-USD,yfinance_STETH-USD,beacon_formula_16632_sqrt_S,modelo_teorico_oficial,modelo_invariante_stableswap,30773988.9,0.5464,3.1726,207277224764,3.088,39393948759,19.52,0.0202,0,145.1651,relay_data_api_concorrente,30773988.9,0.1722
2025-08-16,Post-Shapella,4426.18,4416.23,0.997752,-0.002248,-0.2248,-0.003115,-0.002207,79.9645,65.108,80.513,64.3111,3.5168,3.1477,0.3691,10.4953,0.001,1.363,2.9845,2.704,2.6682,2.61,99.45,0,0.0,39543558254,39533405431,207781162.0,22851.77,24146.19,51.32,7272340.67,0,0,0,0,yfinance_ETH-USD,yfinance_STETH-USD,beacon_formula_16632_sqrt_S,modelo_teorico_oficial,modelo_invariante_stableswap,31057413.14,0.5323,3.1477,203354442528,2.704,38927097363,19.44,0.0188,1,135.7225,relay_data_api_concorrente,31057413.14,0.1595
2025-08-17,Post-Shapella,4473.27,4474.14,1.000194,0.000194,0.0194,0.010583,0.013028,79.763,64.9595,80.3292,64.2088,3.5085,3.1403,0.3682,10.4945,0.001,1.3641,2.9904,2.638,2.6039,2.35,99.45,0,0.0,39044363361,39034133944,212489122.0,23546.94,23950.37,50.43,7437119.27,0,0,0,0,yfinance_ETH-USD,yfinance_STETH-USD,beacon_formula_16632_sqrt_S,modelo_teorico_oficial,modelo_invariante_stableswap,30934655.89,0.5181,3.1403,202284672798,2.638,39808694940,19.3,0.0161,0,115.7293,relay_data_api_concorrente,30934655.89,0.1365
2025-08-18,Post-Shapella,4312.5,4307.25,0.998783,-0.001217,-0.1217,-0.036601,-0.038013,85.6514,66.732,86.7378,66.1393,3.4905,3.1242,0.3663,10.4942,0.001,1.3651,2.9863,2.659,2.6244,2.26,99.45,0,0.0,39271348851,39261040916,205449977.0,23370.29,24299.87,50.94,7190749.2,0,0,0,0,yfinance_ETH-USD,yfinance_STETH-USD,beacon_formula_16632_sqrt_S,modelo_teorico_oficial,modelo_invariante_stableswap,31019776.18,0.5042,3.1242,202935922820,2.659,38579205794,19.35,0.0133,1,95.7361,relay_data_api_concorrente,31019776.18,0.1126
2025-08-19,Post-Shapella,4073.46,4062.9,0.997408,-0.002592,-0.2592,-0.057025,-0.058405,62.8986,68.7259,65.9967,68.1649,3.4489,3.087,0.3619,10.4932,0.001,1.3661,2.9582,2.648,2.6136,2.26,99.45,0,0.0,38140766274,38130829937,195075990.0,23251.71,24701.84,51.45,6827659.65,0,0,0,0,yfinance_ETH-USD,yfinance_STETH-USD,beacon_formula_16632_sqrt_S,modelo_teorico_oficial,modelo_invariante_stableswap,31612913.06,0.4908,3.087,198563415483,2.648,36437883738,19.2,0.0111,1,79.7235,relay_data_api_concorrente,31612913.06,0.092
2025-08-20,Post-Shapella,4334.5,4324.06,0.997591,-0.002409,-0.2409,0.062113,0.062298,77.6854,71.777,79.4478,71.2515,3.4416,3.0804,0.3612,10.4951,0.001,1.367,2.9635,2.613,2.5795,2.24,99.45,0,0.0,36237168339,36227580081,204205745.0,22906.05,24264.11,51.38,7147201.08,0,0,0,0,yfinance_ETH-USD,yfinance_STETH-USD,beacon_formula_16632_sqrt_S,modelo_teorico_oficial,modelo_invariante_stableswap,31498759.18,0.4781,3.0804,190022927321,2.613,38245331447,19.06,0.0114,0,82.1602,relay_data_api_concorrente,31498759.18,0.0952
2025-08-21,Post-Shapella,4223.21,4208.24,0.996455,-0.003545,-0.3545,-0.026011,-0.02715,74.1666,72.5228,76.1423,72.0469,3.4334,3.0731,0.3603,10.494,0.001,1.368,2.9672,2.659,2.6244,2.12,99.45,0,0.0,38337346198,38327189832,199910653.0,22818.92,24604.48,51.79,6996872.86,0,0,0,0,yfinance_ETH-USD,yfinance_STETH-USD,beacon_formula_16632_sqrt_S,modelo_teorico_oficial,modelo_invariante_stableswap,31420607.12,0.4662,3.0731,197509178855,2.659,37373119182,19.41,0.0118,1,84.5968,relay_data_api_concorrente,31420607.12,0.0983
2025-08-22,Post-Shapella,4831.35,4815.05,0.996626,-0.003374,-0.3374,0.13453,0.134702,126.552,84.3913,127.6353,84.1139,3.4553,3.0926,0.3627,10.4969,0.001,1.369,2.9997,2.76,2.7227,2.24,99.45,0,0.0,37500398830,37490566286,225608107.0,22539.79,24238.69,51.73,7896283.75,0,0,0,0,yfinance_ETH-USD,yfinance_STETH-USD,beacon_formula_16632_sqrt_S,modelo_teorico_oficial,modelo_invariante_stableswap,30742785.52,0.4555,3.0926,195034704825,2.76,42441513059,19.22,0.015,1,107.7563,relay_data_api_concorrente,30742785.52,0.1279
2025-08-23,Post-Shapella,4776.09,4761.59,0.996964,-0.003036,-0.3036,-0.011503,-0.011164,127.307,84.5902,128.4049,84.3041,3.4466,3.0849,0.3617,10.4944,0.001,1.37,3.0005,2.841,2.8015,2.51,99.45,0,0.0,42520243901,42509416858,223028663.0,22597.51,24172.8,51.61,7806003.21,0,0,0,0,yfinance_ETH-USD,yfinance_STETH-USD,beacon_formula_16632_sqrt_S,modelo_teorico_oficial,modelo_invariante_stableswap,30727104.28,0.4461,3.0849,214813757373,2.841,41634215940,19.79,0.0194,0,139.8066,relay_data_api_concorrente,30727104.28,0.1661
2025-08-24,Post-Shapella,4779.65,4774.68,0.99896,-0.00104,-0.104,0.000745,0.002745,127.5185,84.6259,128.5089,84.3236,3.437,3.0763,0.3607,10.4946,0.001,1.371,2.9988,2.598,2.5649,2.3,99.45,0,0.0,42048201995,42037069909,222888154.0,22906.36,23751.08,50.88,7801085.39,0,0,0,0,yfinance_ETH-USD,yfinance_STETH-USD,beacon_formula_16632_sqrt_S,modelo_teorico_oficial,modelo_invariante_stableswap,30761674.41,0.4382,3.0763,215452925825,2.598,41445697460,19.51,0.0239,0,171.857,relay_data_api_concorrente,30761674.41,0.2039
2025-08-25,Post-Shapella,4372.99,4370.86,0.999513,-0.000487,-0.0487,-0.08892,-0.088368,143.5985,91.1718,143.995,90.8246,3.4235,3.0642,0.3593,10.4951,0.001,1.372,2.9917,2.727,2.6906,2.15,99.45,0,0.0,41095111623,41084123340,206218907.0,23259.1,23909.97,50.68,7217661.75,0,0,0,0,yfinance_ETH-USD,yfinance_STETH-USD,beacon_formula_16632_sqrt_S,modelo_teorico_oficial,modelo_invariante_stableswap,30907582.24,0.4318,3.0642,211860903815,2.727,38363340938,19.39,0.0283,1,203.9073,relay_data_api_concorrente,30907582.24,0.2408
2025-08-26,Post-Shapella,4600.43,4592.47,0.99827,-0.00173,-0.173,0.050703,0.049458,137.6112,91.9727,137.3376,91.5961,3.444,3.0826,0.3614,10.4936,0.001,1.373,3.0169,2.798,2.7597,2.44,99.45,0,0.0,38353234496,38343125115,214646652.0,22801.07,23898.24,51.13,7512632.82,0,0,0,0,yfinance_ETH-USD,yfinance_STETH-USD,beacon_formula_16632_sqrt_S,modelo_teorico_oficial,modelo_invariante_stableswap,30393118.38,0.4271,3.0826,200830805904,2.798,40136530454,19.09,0.0257,0,185.1926,relay_data_api_concorrente,30393118.38,0.2224
2025-08-27,Post-Shapella,4503.39,4499.63,0.999165,-0.000835,-0.0835,-0.021318,-0.020423,134.2594,91.9115,133.8703,91.5451,3.4272,3.0675,0.3597,10.4954,0.001,1.374,3.003,2.618,2.5844,2.34,99.45,0,0.0,40180740353,40170192141,211351638.0,23087.97,23863.63,50.81,7397307.33,0,0,0,0,yfinance_ETH-USD,yfinance_STETH-USD,beacon_formula_16632_sqrt_S,modelo_teorico_oficial,modelo_invariante_stableswap,30674902.48,0.4242,3.0675,208201848208,2.618,39561012990,19.29,0.0231,0,166.478,relay_data_api_concorrente,30674902.48,0.1981
2025-08-28,Post-Shapella,4507.18,4495.4,0.997386,-0.002614,-0.2614,0.00084,-0.000939,131.8082,91.9161,131.2721,91.5552,3.4337,3.0733,0.3604,10.496,0.001,1.375,3.0107,2.658,2.6234,2.4,99.45,0,0.0,39514578742,39503553218,210798248.0,22704.98,24127.51,51.45,7377938.68,0,0,0,0,yfinance_ETH-USD,yfinance_STETH-USD,beacon_formula_16632_sqrt_S,modelo_teorico_oficial,modelo_invariante_stableswap,30519140.65,0.423,3.0733,205558319588,2.658,39184519025,19.22,0.0205,0,147.7633,relay_data_api_concorrente,30519140.65,0.1767
2025-08-29,Post-Shapella,4360.15,4351.37,0.997986,-0.002014,-0.2014,-0.033164,-0.032566,80.5326,92.9136,79.544,92.5247,3.4029,3.0458,0.3571,10.494,0.001,1.3759,2.9793,2.615,2.5815,2.16,99.45,0,0.0,39472356822,39460763976,203355580.0,22743.57,23944.23,51.24,7117445.3,0,0,0,0,yfinance_ETH-USD,yfinance_STETH-USD,beacon_formula_16632_sqrt_S,modelo_teorico_oficial,modelo_invariante_stableswap,31166305.13,0.4236,3.0458,205793252583,2.615,37969130880,19.18,0.0179,0,129.0487,relay_data_api_concorrente,31166305.13,0.1511
2025-08-30,Post-Shapella,4374.15,4361.48,0.997103,-0.002897,-0.2897,0.003206,0.002322,81.577,92.0933,80.4752,91.7947,3.41,3.0521,0.3579,10.4956,0.001,1.3769,2.984,2.632,2.5981,2.13,99.45,0,0.0,38081925572,38070909356,203058282.0,22488.36,24003.51,51.56,7107039.87,0,0,0,0,yfinance_ETH-USD,yfinance_STETH-USD,beacon_formula_16632_sqrt_S,modelo_teorico_oficial,modelo_invariante_stableswap,31067759.13,0.426,3.0521,200279118427,2.632,38075142811,19.01,0.0153,0,110.334,relay_data_api_concorrente,31067759.13,0.1296
2025-08-31,Post-Shapella,4390.02,4378.07,0.997278,-0.002722,-0.2722,0.003621,0.003795,81.8882,89.1983,80.6,88.807,3.415,3.0566,0.3584,10.4949,0.001,1.3779,2.9849,2.736,2.6993,2.13,99.45,0,0.0,38449491207,38438528898,208594301.0,23048.13,24534.23,51.49,7300800.54,0,0,0,0,yfinance_ETH-USD,yfinance_STETH-USD,beacon_formula_16632_sqrt_S,modelo_teorico_oficial,modelo_invariante_stableswap,31048233.93,0.4301,3.0566,201032658260,2.736,38683077568,19.12,0.0127,1,91.6194,relay_data_api_concorrente,31048233.93,0.1077
2025-09-01,Post-Shapella,4314.47,4298.48,0.996294,-0.003706,-0.3706,-0.017359,-0.018346,51.8807,88.7493,50.7938,88.5594,3.4326,3.0723,0.3603,10.4964,0.001,1.3789,2.9968,2.783,2.7451,2.27,99.45,0,0.0,38441349946,38430554950,203687329.0,22730.48,24570.86,51.85,7129056.52,0,0,0,0,yfinance_ETH-USD,yfinance_STETH-USD,beacon_formula_16632_sqrt_S,modelo_teorico_oficial,modelo_invariante_stableswap,30803813.0,0.4358,3.0723,200885187093,2.783,37110426917,19.13,0.0131,0,94.5639,relay_data_api_concorrente,30803813.0,0.1121
2025-09-02,Post-Shapella,4325.37,4315.27,0.997665,-0.002335,-0.2335,0.002522,0.003898,28.5841,88.3969,28.0822,88.215,3.432,3.0718,0.3602,10.4953,0.001,1.3799,2.989,2.774,2.7363,2.37,99.45,0,0.0,37440868326,37430226934,201699785.0,22685.31,24002.54,51.35,7059492.48,0,0,0,0,yfinance_ETH-USD,yfinance_STETH-USD,beacon_formula_16632_sqrt_S,modelo_teorico_oficial,modelo_invariante_stableswap,30963826.67,0.443,3.0718,197542448233,2.774,37532415195,18.95,0.0135,0,97.5084,relay_data_api_concorrente,30963826.67,0.1149
2025-09-03,Post-Shapella,4450.39,4446.05,0.999025,-0.000975,-0.0975,0.028495,0.029858,36.7787,86.5755,37.4376,86.7193,3.4529,3.0905,0.3624,10.4955,0.001,1.3809,3.0014,2.719,2.6828,2.23,99.45,0,0.0,37443404616,37432190753,207798444.0,22946.64,23768.73,50.86,7272945.54,0,0,0,0,yfinance_ETH-USD,yfinance_STETH-USD,beacon_formula_16632_sqrt_S,modelo_teorico_oficial,modelo_invariante_stableswap,30708778.53,0.4515,3.0905,197402216756,2.719,38655729077,18.96,0.014,0,100.4529,relay_data_api_concorrente,30708778.53,0.1194
2025-09-04,Post-Shapella,4298.74,4300.89,1.0005,0.0005,0.05,-0.034669,-0.033195,43.5977,86.8749,43.747,87.0017,3.4559,3.0932,0.3627,10.4951,0.001,1.3819,2.9947,2.594,2.561,2.27,99.45,0,0.0,38859993231,38848608144,201484208.0,23286.28,23572.46,50.32,7051947.28,0,0,0,0,yfinance_ETH-USD,yfinance_STETH-USD,beacon_formula_16632_sqrt_S,modelo_teorico_oficial,modelo_invariante_stableswap,30845534.11,0.4611,3.0932,203265025742,2.594,37474500276,19.11,0.0144,1,103.3974,relay_data_api_concorrente,30845534.11,0.1224
2025-09-05,Post-Shapella,4306.99,4297.46,0.997787,-0.002213,-0.2213,0.001916,-0.000797,37.6253,86.7373,37.7568,86.9092,3.4755,3.1107,0.3648,10.4963,0.001,1.3829,3.0037,2.709,2.6731,2.28,99.45,0,0.0,37401245701,37390346441,200990029.0,22722.9,23996.2,51.31,7034651.02,0,0,0,0,yfinance_ETH-USD,yfinance_STETH-USD,beacon_formula_16632_sqrt_S,modelo_teorico_oficial,modelo_invariante_stableswap,30660504.75,0.4718,3.1107,198252721180,2.709,37326699665,18.86,0.0133,0,95.9648,relay_data_api_concorrente,30660504.75,0.1142
2025-09-06,Post-Shapella,4274.24,4273.08,0.999729,-0.000271,-0.0271,-0.007632,-0.005689,37.5704,84.4834,37.6702,84.7689,3.4848,3.1191,0.3657,10.4941,0.001,1.3839,3.0017,2.616,2.5825,2.14,99.45,0,0.0,37566525756,37555542412,199014129.0,23001.78,23565.9,50.6,6965494.52,0,0,0,0,yfinance_ETH-USD,yfinance_STETH-USD,beacon_formula_16632_sqrt_S,modelo_teorico_oficial,modelo_invariante_stableswap,30702069.81,0.4831,3.1191,198657792455,2.616,36990779425,18.9,0.0123,0,88.5322,relay_data_api_concorrente,30702069.81,0.1053
2025-09-07,Post-Shapella,4305.35,4309.98,1.001075,0.001075,0.1075,0.007251,0.008599,38.0654,84.1555,38.3451,84.3326,3.5001,3.1327,0.3674,10.4968,0.001,1.3849,3.0051,2.575,2.5425,2.11,99.45,0,0.0,37121091517,37110281507,200173157.0,23197.33,23271.7,50.11,7006060.5,0,0,0,0,yfinance_ETH-USD,yfinance_STETH-USD,beacon_formula_16632_sqrt_S,modelo_teorico_oficial,modelo_invariante_stableswap,30633748.09,0.495,3.1327,197602408788,2.575,37320808672,18.78,0.0113,0,81.0997,relay_data_api_concorrente,30633748.09,0.0966
2025-09-08,Post-Shapella,4308.07,4300.71,0.998292,-0.001708,-0.1708,0.000633,-0.002153,36.0372,81.4192,35.913,81.6518,3.5175,3.1483,0.3692,10.4961,0.001,1.3859,3.0102,2.576,2.5435,2.19,99.45,0,0.0,37476831564,37465691798,200884992.0,22791.11,23879.61,51.12,7030974.72,0,0,0,0,yfinance_ETH-USD,yfinance_STETH-USD,beacon_formula_16632_sqrt_S,modelo_teorico_oficial,modelo_invariante_stableswap,30528159.08,0.5072,3.1483,199523714296,2.576,37402557149,18.78,0.0102,0,73.6671,relay_data_api_concorrente,30528159.08,0.0881
2025-09-09,Post-Shapella,4309.04,4304.94,0.999049,-0.000951,-0.0951,0.000225,0.000983,35.9693,81.414,35.7856,81.6414,3.5298,3.1593,0.3705,10.4963,0.001,1.3869,3.0103,2.602,2.5688,2.29,99.45,0,0.0,37289515156,37278033224,200719845.0,22895.96,23707.71,50.85,7025194.58,0,0,0,0,yfinance_ETH-USD,yfinance_STETH-USD,beacon_formula_16632_sqrt_S,modelo_teorico_oficial,modelo_invariante_stableswap,30526995.95,0.5195,3.1593,199311539992,2.602,37362860871,18.7,0.0092,0,66.2345,relay_data_api_concorrente,30526995.95,0.0792
2025-09-10,Post-Shapella,4349.15,4339.09,0.997687,-0.002313,-0.2313,0.009264,0.007902,28.4127,81.4318,26.9304,81.6567,3.5372,3.166,0.3712,10.4942,0.001,1.3879,3.0057,2.725,2.6886,2.14,99.45,0,0.0,37408519738,37396828771,202231783.0,22624.68,23929.82,51.34,7078112.4,0,0,0,0,yfinance_ETH-USD,yfinance_STETH-USD,beacon_formula_16632_sqrt_S,modelo_teorico_oficial,modelo_invariante_stableswap,30621146.11,0.5315,3.166,199254234540,2.725,37465954267,18.77,0.0082,1,58.802,relay_data_api_concorrente,30621146.11,0.0701
2025-09-11,Post-Shapella,4461.23,4455.15,0.998637,-0.001363,-0.1363,0.025446,0.026396,19.9096,76.5109,20.5521,76.9628,3.5643,3.1902,0.3741,10.4957,0.001,1.3889,3.0211,2.633,2.599,2.39,99.45,0,0.0,37554680642,37542652668,206439930.0,22675.53,23630.9,51.0,7225397.55,0,0,0,0,yfinance_ETH-USD,yfinance_STETH-USD,beacon_formula_16632_sqrt_S,modelo_teorico_oficial,modelo_invariante_stableswap,30309443.75,0.5432,3.1902,201655926105,2.633,38275003618,18.62,0.0103,1,73.8742,relay_data_api_concorrente,30309443.75,0.089
2025-09-12,Post-Shapella,4715.25,4699.19,0.996594,-0.003406,-0.3406,0.055376,0.053328,40.8226,78.0092,39.5717,78.1331,3.5881,3.2115,0.3766,10.4958,0.001,1.39,3.0338,2.631,2.5971,2.11,99.45,0,0.0,38563734898,38551407318,218043596.0,22315.02,24008.97,51.74,7631525.86,0,0,0,0,yfinance_ETH-USD,yfinance_STETH-USD,beacon_formula_16632_sqrt_S,modelo_teorico_oficial,modelo_invariante_stableswap,30056143.25,0.5543,3.2115,205566658945,2.631,40678579241,18.75,0.0152,1,109.5474,relay_data_api_concorrente,30056143.25,0.133
2025-09-13,Post-Shapella,4668.18,4654.84,0.997142,-0.002858,-0.2858,-0.010032,-0.009481,41.5878,76.4436,40.7255,76.5487,3.601,3.2231,0.3779,10.4943,0.001,1.391,3.0364,2.642,2.6078,2.0,99.45,0,0.0,40551405872,40538417950,221168262.0,22957.97,24489.85,51.54,7740889.17,0,0,0,0,yfinance_ETH-USD,yfinance_STETH-USD,beacon_formula_16632_sqrt_S,modelo_teorico_oficial,modelo_invariante_stableswap,30004873.11,0.5646,3.2231,214076167066,2.642,40018529436,18.94,0.014,0,100.6637,relay_data_api_concorrente,30004873.11,0.1225
2025-09-14,Post-Shapella,4609.6,4615.09,1.001191,0.001191,0.1191,-0.012629,-0.008577,45.4407,76.077,43.453,75.9613,3.6076,3.229,0.3786,10.4945,0.001,1.392,3.0337,2.599,2.5659,2.43,99.45,0,0.0,40228472823,40215477770,219614263.0,23790.47,23823.96,50.06,7686499.21,0,0,0,0,yfinance_ETH-USD,yfinance_STETH-USD,beacon_formula_16632_sqrt_S,modelo_teorico_oficial,modelo_invariante_stableswap,30057516.01,0.5739,3.229,213085172041,2.599,39742646814,18.87,0.0127,0,91.7801,relay_data_api_concorrente,30057516.01,0.1115
2025-09-15,Post-Shapella,4526.82,4520.46,0.998595,-0.001405,-0.1405,-0.018121,-0.020717,49.5618,76.3649,48.3444,76.3452,3.6138,3.2345,0.3793,10.4959,0.001,1.3931,3.0317,2.593,2.56,2.62,99.45,0,0.0,39734945808,39722012496,214860085.0,23251.35,24246.52,51.01,7520102.98,0,0,0,0,yfinance_ETH-USD,yfinance_STETH-USD,beacon_formula_16632_sqrt_S,modelo_teorico_oficial,modelo_invariante_stableswap,30096842.83,0.582,3.2345,210688999758,2.593,38814366250,18.85,0.0115,1,82.8965,relay_data_api_concorrente,30096842.83,0.1005
2025-09-16,Post-Shapella,4503.56,4501.65,0.999576,-0.000424,-0.0424,-0.005151,-0.004171,50.1622,76.3071,48.8826,76.2334,3.6208,3.2408,0.38,10.4949,0.001,1.3941,3.0319,2.599,2.5659,1.95,99.45,0,0.0,38937975267,38925445006,213147725.0,23354.12,23984.77,50.66,7460170.38,0,0,0,0,yfinance_ETH-USD,yfinance_STETH-USD,beacon_formula_16632_sqrt_S,modelo_teorico_oficial,modelo_invariante_stableswap,30092961.24,0.5889,3.2408,208670484130,2.599,38797632691,18.65,0.0091,1,65.5569,relay_data_api_concorrente,30092961.24,0.0795
2025-09-17,Post-Shapella,4592.73,4587.33,0.998824,-0.001176,-0.1176,0.019606,0.018855,51.0805,75.4062,49.7224,75.2192,3.6303,3.2493,0.381,10.495,0.001,1.3952,3.0359,2.582,2.5493,1.99,99.45,0,0.0,38782956799,38770278431,216032399.0,23081.69,23984.42,50.93,7561133.97,0,0,0,0,yfinance_ETH-USD,yfinance_STETH-USD,beacon_formula_16632_sqrt_S,modelo_teorico_oficial,modelo_invariante_stableswap,30014306.1,0.5944,3.2493,207867897041,2.582,39289200014,18.65,0.007,1,50.7176,relay_data_api_concorrente,30014306.1,0.0617
2025-09-18,Post-Shapella,4589.92,4588.44,0.999678,-0.000322,-0.0322,-0.000613,0.000243,49.0242,72.3444,47.349,71.9942,3.6287,3.2479,0.3808,10.4941,0.001,1.3962,3.0303,2.645,2.6107,2.04,99.45,0,0.0,39660668762,39647526457,217868258.0,23440.22,24034.21,50.62,7625389.03,0,0,0,0,yfinance_ETH-USD,yfinance_STETH-USD,beacon_formula_16632_sqrt_S,modelo_teorico_oficial,modelo_invariante_stableswap,30125989.68,0.5985,3.2479,211412502990,2.645,39454698418,18.75,0.0105,1,75.6667,relay_data_api_concorrente,30125989.68,0.0917
2025-09-19,Post-Shapella,4470.92,4464.83,0.998638,-0.001362,-0.1362,-0.026269,-0.027309,27.9635,69.9338,28.525,69.6156,3.6149,3.2355,0.3794,10.4954,0.001,1.3972,3.0139,2.73,2.6935,1.94,99.45,0,0.0,39502273515,39489062274,212289670.0,23267.87,24247.48,51.0,7430138.45,0,0,0,0,yfinance_ETH-USD,yfinance_STETH-USD,beacon_formula_16632_sqrt_S,modelo_teorico_oficial,modelo_invariante_stableswap,30455245.76,0.6011,3.2355,211887410742,2.73,38329527825,18.64,0.0098,0,70.7817,relay_data_api_concorrente,30455245.76,0.0848
2025-09-20,Post-Shapella,4482.27,4477.4,0.998913,-0.001087,-0.1087,0.002535,0.002811,28.76,69.2499,29.3253,68.8675,3.6191,3.2393,0.3798,10.4943,0.001,1.3983,3.0169,2.654,2.6195,1.99,99.45,0,0.0,38381071426,38368334203,212960790.0,23330.02,24208.1,50.9,7453627.65,0,0,0,0,yfinance_ETH-USD,yfinance_STETH-USD,beacon_formula_16632_sqrt_S,modelo_teorico_oficial,modelo_invariante_stableswap,30393137.84,0.6022,3.2393,207872063051,2.654,38368813120,18.46,0.0092,0,65.8966,relay_data_api_concorrente,30393137.84,0.0791
2025-09-21,Post-Shapella,4451.33,4448.9,0.999454,-0.000546,-0.0546,-0.006926,-0.006386,28.2269,50.104,29.2303,49.5383,3.6214,3.2413,0.3801,10.4959,0.001,1.3993,3.0196,2.538,2.5064,1.93,99.45,0,0.0,38370729354,38357963979,211724107.0,23449.51,24127.9,50.7,7410343.75,0,0,0,0,yfinance_ETH-USD,yfinance_STETH-USD,beacon_formula_16632_sqrt_S,modelo_teorico_oficial,modelo_invariante_stableswap,30339479.89,0.6018,3.2413,209254686804,2.538,38144499411,18.33,0.0085,1,61.0116,relay_data_api_concorrente,30339479.89,0.0734
2025-09-22,Post-Shapella,4202.88,4198.49,0.998955,-0.001045,-0.1045,-0.057433,-0.05793,47.2293,53.5583,47.7207,53.1086,3.6168,3.2372,0.3796,10.4955,0.001,1.4004,3.0167,2.645,2.6107,1.87,99.45,0,0.0,37372718265,37360286469,198499140.0,23198.71,24055.73,50.88,6947469.9,0,0,0,0,yfinance_ETH-USD,yfinance_STETH-USD,beacon_formula_16632_sqrt_S,modelo_teorico_oficial,modelo_invariante_stableswap,30396871.24,0.6001,3.2372,205965361971,2.645,35785105082,18.14,0.014,1,100.7028,relay_data_api_concorrente,30396871.24,0.1209
2025-09-23,Post-Shapella,4165.5,4164.13,0.999671,-0.000329,-0.0329,-0.008932,-0.008218,47.0421,53.5509,47.4802,53.0659,3.6143,3.235,0.3793,10.4944,0.001,1.4014,3.0173,2.667,2.6322,2.01,99.45,0,0.0,35924947593,35913197194,198004143.0,23472.23,24069.99,50.62,6930145.01,0,0,0,0,yfinance_ETH-USD,yfinance_STETH-USD,beacon_formula_16632_sqrt_S,modelo_teorico_oficial,modelo_invariante_stableswap,30386023.54,0.597,3.235,198149433878,2.667,35706192442,18.12,0.01,1,71.6579,relay_data_api_concorrente,30386023.54,0.0861
2025-09-24,Post-Shapella,4153.47,4149.21,0.998974,-0.001026,-0.1026,-0.002893,-0.00359,40.4359,44.0659,41.2082,43.6113,3.6069,3.2283,0.3786,10.4965,0.001,1.4024,3.0141,2.649,2.6146,1.84,99.45,0,0.0,35605657808,35594254119,197242255.0,23328.99,24184.36,50.87,6903478.93,0,0,0,0,yfinance_ETH-USD,yfinance_STETH-USD,beacon_formula_16632_sqrt_S,modelo_teorico_oficial,modelo_invariante_stableswap,30450226.7,0.5928,3.2283,195594064605,2.649,35454099306,18.2,0.0179,1,128.8039,relay_data_api_concorrente,30450226.7,0.1544
2025-09-25,Post-Shapella,3868.33,3862.44,0.998477,-0.001523,-0.1523,-0.07112,-0.071618,55.2069,46.2596,55.8192,46.1007,3.5883,3.2117,0.3766,10.4952,0.001,1.4035,3.0008,2.562,2.5298,1.9,99.45,0,0.0,35513492048,35502175798,186439516.0,23589.29,24644.62,51.06,6525383.06,0,0,0,0,yfinance_ETH-USD,yfinance_STETH-USD,beacon_formula_16632_sqrt_S,modelo_teorico_oficial,modelo_invariante_stableswap,30720780.78,0.5875,3.2117,193301393472,2.562,33168663350,18.37,0.016,1,115.5021,relay_data_api_concorrente,30720780.78,0.1372
2025-09-26,Post-Shapella,4035.89,4029.68,0.998461,-0.001539,-0.1539,0.042402,0.042387,73.1671,48.8332,73.6165,48.7195,3.5966,3.2191,0.3775,10.496,0.001,1.4045,3.0152,2.619,2.5854,1.83,99.45,0,0.0,33299962934,33289556931,190903650.0,23148.53,24190.19,51.06,6681627.75,0,0,0,0,yfinance_ETH-USD,yfinance_STETH-USD,beacon_formula_16632_sqrt_S,modelo_teorico_oficial,modelo_invariante_stableswap,30427838.33,0.5814,3.2191,179039160355,2.619,35044684596,18.59,0.0452,0,325.1518,relay_data_api_concorrente,30427838.33,0.39
2025-09-27,Post-Shapella,4018.66,4018.97,1.000077,7.7e-05,0.0077,-0.004278,-0.002661,72.356,48.8066,72.9298,48.711,3.586,3.2097,0.3763,10.4936,0.001,1.4055,3.0114,2.787,2.749,1.96,99.45,0,0.0,35021212393,35010275100,190482280.0,23476.05,23921.56,50.47,6666879.8,0,0,0,0,yfinance_ETH-USD,yfinance_STETH-USD,beacon_formula_16632_sqrt_S,modelo_teorico_oficial,modelo_invariante_stableswap,30503920.83,0.5746,3.2097,182680772065,2.787,34408453096,19.16,0.0743,0,534.8015,relay_data_api_concorrente,30503920.83,0.6399
2025-09-28,Post-Shapella,4141.48,4138.22,0.999213,-0.000787,-0.0787,0.030104,0.02924,79.6308,49.0085,79.8287,48.877,3.5862,3.2098,0.3764,10.4958,0.001,1.4066,3.0189,2.548,2.5162,1.8,99.45,0,0.0,34462033315,34451203570,194315024.0,23090.24,23847.76,50.79,6801025.84,0,0,0,0,yfinance_ETH-USD,yfinance_STETH-USD,beacon_formula_16632_sqrt_S,modelo_teorico_oficial,modelo_invariante_stableswap,30354110.52,0.5673,3.2098,181469955670,2.548,35100607582,18.98,0.1034,0,744.4511,relay_data_api_concorrente,30354110.52,0.8952
2025-09-29,Post-Shapella,4217.34,4218.11,1.000183,0.000183,0.0183,0.018153,0.019123,70.6134,49.4725,70.7609,49.3984,3.591,3.2141,0.3769,10.4957,0.001,1.4076,3.0312,2.545,2.5132,1.47,99.45,0,0.0,35430611177,35419375941,199229498.0,23415.46,23820.75,50.43,6973032.43,0,0,0,0,yfinance_ETH-USD,yfinance_STETH-USD,beacon_formula_16632_sqrt_S,modelo_teorico_oficial,modelo_invariante_stableswap,30107998.34,0.5598,3.2141,185734404813,2.545,36052891003,19.07,0.1325,1,954.1008,relay_data_api_concorrente,30107998.34,1.1567
2025-09-30,Post-Shapella,4145.96,4141.19,0.998849,-0.001151,-0.1151,-0.017071,-0.018405,71.513,49.7435,71.9118,49.7266,3.5819,3.206,0.3759,10.4944,0.001,1.4086,3.0297,2.598,2.5649,1.41,99.45,0,0.0,36006915312,35995533886,196859345.0,23304.39,24205.67,50.92,6890077.08,0,0,0,0,yfinance_ETH-USD,yfinance_STETH-USD,beacon_formula_16632_sqrt_S,modelo_teorico_oficial,modelo_invariante_stableswap,30138282.8,0.5522,3.206,187976733028,2.598,35373741194,19.15,0.0136,1,97.86,relay_data_api_concorrente,30138282.8,0.1185
2025-10-01,Post-Shapella,4351.11,4339.11,0.997242,-0.002758,-0.2758,0.048298,0.046687,79.6378,52.3786,79.4862,52.1279,3.5856,3.2093,0.3763,10.4948,0.001,1.4097,3.0407,2.559,2.5269,1.39,99.45,0,0.0,35406427268,35395346204,204074095.0,22744.33,24224.1,51.51,7142593.33,0,0,0,0,yfinance_ETH-USD,yfinance_STETH-USD,beacon_formula_16632_sqrt_S,modelo_teorico_oficial,modelo_invariante_stableswap,29920149.18,0.5449,3.2093,186007175333,2.559,36761103514,19.03,0.0117,0,84.0852,relay_data_api_concorrente,29920149.18,0.1026
2025-10-02,Post-Shapella,4487.92,4479.77,0.998184,-0.001816,-0.1816,0.030959,0.031901,46.0205,53.4597,45.6113,53.2729,3.6024,3.2243,0.3781,10.4958,0.001,1.4107,3.0643,2.575,2.5425,1.57,99.45,0,0.0,37080272912,37068497233,210504910.0,22906.79,24041.65,51.16,7367671.85,0,0,0,0,yfinance_ETH-USD,yfinance_STETH-USD,beacon_formula_16632_sqrt_S,modelo_teorico_oficial,modelo_invariante_stableswap,29459831.18,0.538,3.2243,193092825218,2.575,38046198156,19.2,0.0098,0,70.3103,relay_data_api_concorrente,29459831.18,0.0871
2025-10-03,Post-Shapella,4514.87,4514.73,0.999969,-3.1e-05,-0.0031,0.005986,0.007775,43.2554,52.5841,42.5687,52.3287,3.5905,3.2137,0.3768,10.4944,0.001,1.4117,3.0587,2.57,2.5376,1.57,99.45,0,0.0,38230648376,38218241377,213085713.0,23357.06,23840.1,50.51,7457999.96,0,0,0,0,yfinance_ETH-USD,yfinance_STETH-USD,beacon_formula_16632_sqrt_S,modelo_teorico_oficial,modelo_invariante_stableswap,29568482.57,0.5318,3.2137,198139086107,2.57,38592759202,19.29,0.0079,0,56.5355,relay_data_api_concorrente,29568482.57,0.0698
2025-10-04,Post-Shapella,4489.2,4485.75,0.999231,-0.000769,-0.0769,-0.005703,-0.00644,43.6722,51.0969,43.6628,50.9743,3.5894,3.2127,0.3767,10.4948,0.001,1.4128,3.063,2.582,2.5493,1.57,99.45,0,0.0,38383850159,38371519408,211235176.0,23159.87,23912.59,50.78,7393231.16,0,0,0,0,yfinance_ETH-USD,yfinance_STETH-USD,beacon_formula_16632_sqrt_S,modelo_teorico_oficial,modelo_invariante_stableswap,29486084.5,0.5264,3.2127,199457420985,2.582,38232676279,19.24,0.0059,1,42.7606,relay_data_api_concorrente,29486084.5,0.0529
2025-10-05,Post-Shapella,4515.42,4513.15,0.999497,-0.000503,-0.0503,0.005825,0.00609,42.3394,51.1196,42.4788,50.9935,3.5809,3.2051,0.3758,10.4946,0.001,1.4138,3.0589,2.562,2.5298,1.54,99.45,0,0.0,38286940686,38274797876,212214127.0,23177.55,23832.08,50.68,7427494.44,0,0,0,0,yfinance_ETH-USD,yfinance_STETH-USD,beacon_formula_16632_sqrt_S,modelo_teorico_oficial,modelo_invariante_stableswap,29565265.4,0.522,3.2051,198701921008,2.562,38461007494,19.26,0.015,0,108.0126,relay_data_api_concorrente,29565265.4,0.1333
2025-10-06,Post-Shapella,4687.77,4687.06,0.999849,-0.000151,-0.0151,0.037458,0.03781,46.079,52.4983,46.2559,52.4441,3.5824,3.2065,0.3759,10.493,0.001,1.4148,3.0635,2.551,2.5191,1.55,99.45,0,0.0,38547018514,38534837233,220786357.0,23287.57,23814.42,50.56,7727522.5,0,0,0,0,yfinance_ETH-USD,yfinance_STETH-USD,beacon_formula_16632_sqrt_S,modelo_teorico_oficial,modelo_invariante_stableswap,29475899.67,0.5189,3.2065,199477119191,2.551,40003469986,19.32,0.0241,1,173.2646,relay_data_api_concorrente,29475899.67,0.2146
2025-10-07,Post-Shapella,4451.15,4448.98,0.999512,-0.000488,-0.0488,-0.051794,-0.052131,64.1202,55.8411,64.0775,55.8102,3.5733,3.1983,0.375,10.4945,0.001,1.4158,3.0561,3.153,3.1044,1.97,99.45,0,0.0,39927385613,39915025456,211143871.0,23396.06,24051.47,50.68,7390035.48,0,0,0,0,yfinance_ETH-USD,yfinance_STETH-USD,beacon_formula_16632_sqrt_S,modelo_teorico_oficial,modelo_invariante_stableswap,29618911.36,0.5172,3.1983,206003122854,3.153,38341273318,19.38,0.0218,0,156.6413,relay_data_api_concorrente,29618911.36,0.193
2025-10-08,Post-Shapella,4527.65,4527.65,1.0,0.0,0.0,0.01704,0.017529,56.3025,56.116,57.064,56.0892,3.5663,3.192,0.3743,10.4955,0.001,1.4169,3.0494,2.614,2.5805,1.98,99.45,0,0.0,38027129060,38015406844,212637246.0,23247.43,23716.73,50.5,7442303.61,0,0,0,0,yfinance_ETH-USD,yfinance_STETH-USD,beacon_formula_16632_sqrt_S,modelo_teorico_oficial,modelo_invariante_stableswap,29750006.4,0.517,3.192,198940696668,2.614,38602886397,19.11,0.0194,0,140.018,relay_data_api_concorrente,29750006.4,0.1718
2025-10-09,Post-Shapella,4369.14,4368.12,0.999767,-0.000233,-0.0233,-0.035636,-0.035871,58.6035,57.6055,59.3448,57.6023,3.5532,3.1803,0.3729,10.4948,0.001,1.4179,3.0349,2.601,2.5678,1.65,99.45,0,0.0,38582334275,38570167516,205228163.0,23211.13,23766.63,50.59,7182985.71,0,0,0,0,yfinance_ETH-USD,yfinance_STETH-USD,beacon_formula_16632_sqrt_S,modelo_teorico_oficial,modelo_invariante_stableswap,30034922.25,0.5183,3.1803,200190049516,2.601,37170197003,19.27,0.0171,1,123.3947,relay_data_api_concorrente,30034922.25,0.15
2025-10-10,Post-Shapella,3843.01,3845.24,1.00058,0.00058,0.058,-0.128311,-0.127496,105.9931,72.9133,105.7831,72.7718,3.5262,3.1561,0.3701,10.4957,0.001,1.4189,3.0049,2.643,2.6088,1.65,99.45,0,0.0,37156434409,37144690749,182908128.0,23660.47,23920.67,50.29,6401784.48,0,0,0,0,yfinance_ETH-USD,yfinance_STETH-USD,beacon_formula_16632_sqrt_S,modelo_teorico_oficial,modelo_invariante_stableswap,30636855.84,0.5213,3.1561,195462947811,2.643,32690720846,19.0,0.0253,0,181.921,relay_data_api_concorrente,30636855.84,0.2167
2025-10-11,Post-Shapella,3750.61,3746.8,0.998984,-0.001016,-0.1016,-0.024337,-0.025934,104.9907,72.4384,104.8671,72.3059,3.5254,3.1554,0.37,10.4953,0.001,1.4199,2.9994,7.051,6.8142,1.64,99.45,0,0.0,32903697855,32893642686,175051982.0,22930.02,23767.06,50.87,6126819.37,0,0,0,0,yfinance_ETH-USD,yfinance_STETH-USD,beacon_formula_16632_sqrt_S,modelo_teorico_oficial,modelo_invariante_stableswap,30748448.45,0.526,3.1554,175422212031,7.051,31714688410,18.75,0.0334,1,240.4473,relay_data_api_concorrente,30748448.45,0.2854
2025-10-12,Post-Shapella,4164.43,4156.66,0.998134,-0.001866,-0.1866,0.10466,0.103809,141.0848,79.3825,140.5614,79.3043,3.5522,3.1794,0.3728,10.4949,0.001,1.4209,3.0199,2.624,2.5903,1.83,99.45,0,0.0,31865313101,31855856841,193228910.0,22651.9,23792.34,51.18,6763011.85,0,0,0,0,yfinance_ETH-USD,yfinance_STETH-USD,beacon_formula_16632_sqrt_S,modelo_teorico_oficial,modelo_invariante_stableswap,30333726.05,0.5323,3.1794,171693704244,2.624,35153335096,18.55,0.0255,0,183.3962,relay_data_api_concorrente,30333726.05,0.2207
2025-10-13,Post-Shapella,4245.47,4244.81,0.999845,-0.000155,-0.0155,0.019273,0.020986,137.8144,79.766,137.4429,79.7544,3.5575,3.1842,0.3733,10.4933,0.001,1.422,3.0172,2.673,2.638,1.66,99.45,0,0.0,35360768886,35350259642,198806036.0,23153.27,23678.21,50.56,6958211.26,0,0,0,0,yfinance_ETH-USD,yfinance_STETH-USD,beacon_formula_16632_sqrt_S,modelo_teorico_oficial,modelo_invariante_stableswap,30386943.29,0.5403,3.1842,186315234760,2.673,36190773979,18.97,0.0175,1,126.345,relay_data_api_concorrente,30386943.29,0.1518
2025-10-14,Post-Shapella,4125.41,4125.45,1.00001,1e-05,0.001,-0.028686,-0.028521,134.9558,80.2013,134.5006,80.2296,3.5728,3.1978,0.375,10.496,0.001,1.423,3.0229,2.657,2.6224,1.61,99.45,0,0.0,36060987752,36049866307,191688928.0,23002.08,23463.12,50.5,6709112.48,0,0,0,0,yfinance_ETH-USD,yfinance_STETH-USD,beacon_formula_16632_sqrt_S,modelo_teorico_oficial,modelo_invariante_stableswap,30272186.77,0.5499,3.1978,189636325531,2.657,34953239533,19.01,0.0127,0,91.3999,relay_data_api_concorrente,30272186.77,0.1102
2025-10-15,Post-Shapella,3987.46,3983.19,0.998929,-0.001071,-0.1071,-0.034012,-0.035093,133.564,80.7506,133.1221,80.7674,3.5759,3.2006,0.3753,10.4953,0.001,1.424,3.015,2.632,2.5981,1.62,99.45,0,0.0,34754797743,34744011844,185257397.0,22816.08,23669.27,50.89,6484008.9,0,0,0,0,yfinance_ETH-USD,yfinance_STETH-USD,beacon_formula_16632_sqrt_S,modelo_teorico_oficial,modelo_invariante_stableswap,30431162.91,0.5609,3.2006,185553989874,2.632,33601774576,18.72,0.0078,1,56.4548,relay_data_api_concorrente,30431162.91,0.0677
2025-10-16,Post-Shapella,3894.75,3887.35,0.9981,-0.0019,-0.19,-0.023524,-0.024355,132.884,81.0308,132.4556,81.0722,3.5918,3.2149,0.3769,10.4933,0.001,1.4251,3.0186,2.595,2.562,1.68,99.45,0,0.0,33839877600,33829542350,180636677.0,22636.06,23788.67,51.19,6322283.7,0,0,0,0,yfinance_ETH-USD,yfinance_STETH-USD,beacon_formula_16632_sqrt_S,modelo_teorico_oficial,modelo_invariante_stableswap,30359955.19,0.5732,3.2149,180731942183,2.595,32835312989,18.72,0.0081,1,58.0401,relay_data_api_concorrente,30359955.19,0.0698
2025-10-17,Post-Shapella,3832.56,3829.77,0.999272,-0.000728,-0.0728,-0.016098,-0.014924,94.5923,80.631,94.7183,80.6822,3.63,3.249,0.381,10.4959,0.001,1.4261,3.0432,2.674,2.639,1.81,99.45,0,0.0,33314779989,33304882900,180488847.0,23186.0,23924.97,50.77,6317109.64,0,0,0,0,yfinance_ETH-USD,yfinance_STETH-USD,beacon_formula_16632_sqrt_S,modelo_teorico_oficial,modelo_invariante_stableswap,29870727.0,0.5868,3.249,177280239605,2.674,32826883903,18.79,0.008,0,57.941,relay_data_api_concorrente,29870727.0,0.0708
2025-10-18,Post-Shapella,3890.35,3886.2,0.998933,-0.001067,-0.1067,0.014965,0.014628,92.7794,80.9453,92.6177,80.9782,3.6545,3.2709,0.3836,10.4966,0.0011,1.4271,3.0531,2.594,2.561,1.79,99.45,0,0.0,32621313470,32611560316,181335163.0,22891.35,23745.51,50.89,6346730.71,0,0,0,0,yfinance_ETH-USD,yfinance_STETH-USD,beacon_formula_16632_sqrt_S,modelo_teorico_oficial,modelo_invariante_stableswap,29676388.62,0.6013,3.2709,174210598678,2.594,33008634002,18.72,0.008,0,57.8418,relay_data_api_concorrente,29676388.62,0.0711
2025-10-19,Post-Shapella,3984.65,3978.46,0.998447,-0.001553,-0.1553,0.023951,0.023463,47.3343,81.2194,48.0265,81.1963,3.6535,3.2701,0.3834,10.494,0.0011,1.4282,3.0368,2.572,2.5396,1.69,99.45,0,0.0,33028481181,33018502420,186670383.0,22923.9,23960.7,51.07,6533463.4,0,0,0,0,yfinance_ETH-USD,yfinance_STETH-USD,beacon_formula_16632_sqrt_S,modelo_teorico_oficial,modelo_invariante_stableswap,29995760.27,0.6167,3.2701,176093445748,2.572,34130781600,18.75,0.008,0,57.7426,relay_data_api_concorrente,29995760.27,0.0703
2025-10-20,Post-Shapella,3980.76,3978.49,0.99943,-0.00057,-0.057,-0.000977,8e-06,42.7106,81.1939,42.9023,81.1732,3.6651,3.2805,0.3846,10.4936,0.0011,1.4293,3.0325,2.57,2.5376,1.73,99.45,0,0.0,33840526902,33830529233,185762240.0,23002.1,23676.42,50.71,6501678.4,0,0,0,0,yfinance_ETH-USD,yfinance_STETH-USD,beacon_formula_16632_sqrt_S,modelo_teorico_oficial,modelo_invariante_stableswap,30081957.23,0.6326,3.2805,178907695199,2.57,33710719906,18.91,0.008,0,57.6435,relay_data_api_concorrente,30081957.23,0.0699
2025-10-21,Post-Shapella,3876.76,3881.9,1.001326,0.001326,0.1326,-0.026472,-0.024578,42.1218,81.5693,41.908,81.4897,3.6823,3.2959,0.3864,10.4934,0.0011,1.4303,3.0334,2.591,2.5581,1.68,99.45,0,0.0,33749508412,33739413168,183166743.0,23615.95,23600.14,50.02,6410836.01,0,0,0,0,yfinance_ETH-USD,yfinance_STETH-USD,beacon_formula_16632_sqrt_S,modelo_teorico_oficial,modelo_invariante_stableswap,30064116.49,0.6489,3.2959,179447819429,2.591,33164735768,18.8,0.008,0,57.5443,relay_data_api_concorrente,30064116.49,0.0699
2025-10-22,Post-Shapella,3808.12,3798.27,0.997413,-0.002587,-0.2587,-0.017865,-0.021779,37.6363,79.485,37.6969,79.4592,3.701,3.3125,0.3885,10.4972,0.0011,1.4314,3.0356,2.651,2.6166,1.84,99.45,0,0.0,32856301516,32846438865,174892971.0,22300.04,23687.56,51.44,6121253.98,0,0,0,0,yfinance_ETH-USD,yfinance_STETH-USD,beacon_formula_16632_sqrt_S,modelo_teorico_oficial,modelo_invariante_stableswap,30019973.32,0.6653,3.3125,177217839633,2.651,31888007929,18.53,0.008,0,57.4451,relay_data_api_concorrente,30019973.32,0.0698
2025-10-23,Post-Shapella,3856.03,3857.28,1.000324,0.000324,0.0324,0.012501,0.015416,36.7462,79.6449,37.3618,79.7038,3.7247,3.3338,0.3909,10.4948,0.0011,1.4324,3.043,2.555,2.523,1.74,99.45,0,0.0,32379983381,32370370446,179228595.0,23062.78,23409.72,50.38,6273000.82,0,0,0,0,yfinance_ETH-USD,yfinance_STETH-USD,beacon_formula_16632_sqrt_S,modelo_teorico_oficial,modelo_invariante_stableswap,29873930.91,0.6816,3.3338,173765225284,2.555,32641983586,18.63,0.008,1,57.346,relay_data_api_concorrente,29873930.91,0.0701
2025-10-24,Post-Shapella,3934.57,3933.27,0.99967,-0.00033,-0.033,0.020164,0.019509,37.265,80.0383,37.8864,80.0723,3.7501,3.3566,0.3935,10.4931,0.0011,1.4335,3.0526,2.539,2.5074,1.8,99.45,0,0.0,32736909558,32726733008,183251867.0,22998.43,23584.17,50.62,6413815.35,0,0,0,0,yfinance_ETH-USD,yfinance_STETH-USD,beacon_formula_16632_sqrt_S,modelo_teorico_oficial,modelo_invariante_stableswap,29687345.11,0.6976,3.3566,174993704993,2.539,33787930710,18.7,0.0076,0,55.0635,relay_data_api_concorrente,29687345.11,0.0677
2025-10-25,Post-Shapella,3953.47,3953.91,1.000111,0.000111,0.0111,0.004793,0.005235,36.1091,76.0442,36.8476,76.0206,3.7612,3.3664,0.3948,10.4967,0.0011,1.4346,3.0482,2.544,2.5123,1.72,99.45,0,0.0,33820417575,33810141865,183697006.0,23019.05,23443.1,50.46,6429395.21,0,0,0,0,yfinance_ETH-USD,yfinance_STETH-USD,beacon_formula_16632_sqrt_S,modelo_teorico_oficial,modelo_invariante_stableswap,29772271.75,0.7129,3.3664,179587745707,2.544,33925852750,18.83,0.0073,1,52.781,relay_data_api_concorrente,29772271.75,0.0647
2025-10-26,Post-Shapella,4157.99,4159.73,1.000418,0.000418,0.0418,0.050438,0.050745,48.6559,76.6477,49.4242,76.6497,3.7789,3.3823,0.3966,10.4951,0.0011,1.4357,3.0514,2.511,2.4801,1.39,99.45,0,0.0,33946530563,33936232429,192282738.0,22961.75,23272.67,50.35,6729895.83,0,0,0,0,yfinance_ETH-USD,yfinance_STETH-USD,beacon_formula_16632_sqrt_S,modelo_teorico_oficial,modelo_invariante_stableswap,29709735.08,0.7275,3.3823,180495269346,2.511,35813182164,18.8,0.0092,1,66.0239,relay_data_api_concorrente,29709735.08,0.0811
2025-10-27,Post-Shapella,4120.12,4121.07,1.000231,0.000231,0.0231,-0.009149,-0.009339,49.7234,76.7087,50.6024,76.7259,3.7875,3.39,0.3975,10.495,0.0011,1.4368,3.0465,2.581,2.5483,1.41,99.45,0,0.0,35822389252,35811658004,192555485.0,23173.09,23556.89,50.42,6739441.98,0,0,0,0,yfinance_ETH-USD,yfinance_STETH-USD,beacon_formula_16632_sqrt_S,modelo_teorico_oficial,modelo_invariante_stableswap,29806717.44,0.741,3.39,188367373300,2.581,35441457875,19.01,0.0092,0,66.3979,relay_data_api_concorrente,29806717.44,0.0813
2025-10-28,Post-Shapella,3982.26,3982.15,0.999972,-2.8e-05,-0.0028,-0.034033,-0.034291,52.8295,76.8901,54.403,76.9655,3.7954,3.3971,0.3983,10.4943,0.0011,1.4379,3.042,2.529,2.4976,1.42,99.45,0,0.0,35367869568,35357251709,185748543.0,23083.84,23560.81,50.51,6501199.01,0,0,0,0,yfinance_ETH-USD,yfinance_STETH-USD,beacon_formula_16632_sqrt_S,modelo_teorico_oficial,modelo_invariante_stableswap,29894817.52,0.7534,3.3971,186714517753,2.529,34231758934,18.94,0.0093,0,66.7719,relay_data_api_concorrente,29894817.52,0.0815
2025-10-29,Post-Shapella,3903.35,3899.6,0.999039,-0.000961,-0.0961,-0.020014,-0.020947,53.3865,76.8269,54.1695,76.8975,3.8026,3.4035,0.3991,10.4955,0.0011,1.439,3.0381,2.529,2.4976,1.39,99.45,0,0.0,34265831930,34255484839,183910213.0,23156.98,23982.05,50.85,6436857.46,0,0,0,0,yfinance_ETH-USD,yfinance_STETH-USD,beacon_formula_16632_sqrt_S,modelo_teorico_oficial,modelo_invariante_stableswap,29970312.08,0.7644,3.4035,182299754384,2.529,33905176035,18.79,0.0093,1,67.1459,relay_data_api_concorrente,29970312.08,0.0818
2025-10-30,Post-Shapella,3804.38,3803.05,0.99965,-0.00035,-0.035,-0.025684,-0.025071,56.5116,77.0897,56.7007,77.1046,3.8009,3.402,0.3989,10.4949,0.0011,1.4401,3.0269,2.569,2.5366,1.34,99.45,0,0.0,33631549660,33621243628,175687168.0,22800.39,23388.02,50.63,6149050.88,0,0,0,0,yfinance_ETH-USD,yfinance_STETH-USD,beacon_formula_16632_sqrt_S,modelo_teorico_oficial,modelo_invariante_stableswap,30192359.71,0.774,3.402,180987222900,2.569,32444290216,18.58,0.0115,0,82.7445,relay_data_api_concorrente,30192359.71,0.1
2025-10-31,Post-Shapella,3847.08,3847.11,1.000008,8e-06,0.0008,0.011163,0.01152,54.7165,75.0488,55.1267,75.2141,3.8048,3.4055,0.3993,10.4946,0.0011,1.4412,3.0229,2.568,2.5357,1.39,99.45,0,0.0,32634669745,32624858714,179820574.0,23138.7,23603.21,50.5,6293720.09,0,0,0,0,yfinance_ETH-USD,yfinance_STETH-USD,beacon_formula_16632_sqrt_S,modelo_teorico_oficial,modelo_invariante_stableswap,30273885.67,0.782,3.4055,176940939245,2.568,33153029598,18.44,0.0137,1,98.343,relay_data_api_concorrente,30273885.67,0.1186
2025-11-01,Post-Shapella,3874.19,3871.61,0.999334,-0.000666,-0.0666,0.007022,0.006347,54.9381,74.0997,55.2356,74.1997,3.8113,3.4113,0.4,10.4951,0.0011,1.4422,3.023,2.534,2.5025,1.48,99.45,0,0.0,33122172813,33112212012,180080218.0,22895.61,23602.14,50.74,6302807.63,0,0,0,0,yfinance_ETH-USD,yfinance_STETH-USD,beacon_formula_16632_sqrt_S,modelo_teorico_oficial,modelo_invariante_stableswap,30271293.51,0.7883,3.4113,178934685790,2.534,33173687996,18.51,0.0059,1,42.2789,relay_data_api_concorrente,30271293.51,0.051
2025-11-02,Post-Shapella,3911.06,3911.78,1.000184,0.000184,0.0184,0.009473,0.010322,35.1445,74.1742,35.4892,74.2596,3.8078,3.4082,0.3996,10.4942,0.0011,1.4433,3.0149,2.496,2.4654,1.48,99.45,0,0.0,33200889327,33191041971,179792497.0,22785.99,23180.01,50.43,6292737.4,0,0,0,0,yfinance_ETH-USD,yfinance_STETH-USD,beacon_formula_16632_sqrt_S,modelo_teorico_oficial,modelo_invariante_stableswap,30434103.68,0.7929,3.4082,179113704942,2.496,33154154257,18.53,0.006,0,43.0788,relay_data_api_concorrente,30434103.68,0.0517
2025-11-03,Post-Shapella,3602.31,3603.64,1.000369,0.000369,0.0369,-0.082234,-0.082047,63.6881,78.9436,63.7611,79.0039,3.7986,3.3999,0.3987,10.496,0.0011,1.4444,3.0027,2.79,2.7519,1.7,99.45,0,0.0,33101166826,33091233850,168229352.0,23179.77,23511.96,50.36,5888027.32,0,0,0,0,yfinance_ETH-USD,yfinance_STETH-USD,beacon_formula_16632_sqrt_S,modelo_teorico_oficial,modelo_invariante_stableswap,30681908.66,0.7959,3.3999,179342826336,2.79,30838337796,18.45,0.0061,1,43.8787,relay_data_api_concorrente,30681908.66,0.0522
2025-11-04,Post-Shapella,3292.57,3286.01,0.998008,-0.001992,-0.1992,-0.089905,-0.09227,81.8114,83.8445,82.9771,84.1856,3.7876,3.3901,0.3975,10.4948,0.0011,1.4455,2.9905,2.671,2.636,1.78,99.45,0,0.0,30889305235,30880496792,151336863.0,22417.4,23592.75,51.23,5296790.2,0,0,0,0,yfinance_ETH-USD,yfinance_STETH-USD,beacon_formula_16632_sqrt_S,modelo_teorico_oficial,modelo_invariante_stableswap,30932616.41,0.7971,3.3901,168455594474,2.671,27859529316,18.33,0.0063,0,45.0507,relay_data_api_concorrente,30932616.41,0.0532
2025-11-05,Post-Shapella,3425.17,3423.48,0.999507,-0.000493,-0.0493,0.039482,0.040983,95.1668,83.9931,96.8247,84.4221,3.8,3.4012,0.3988,10.4947,0.0011,1.4466,3.0032,2.969,2.9259,2.05,99.45,0,0.0,28288390752,28280107009,159110833.0,22910.85,23554.19,50.68,5568879.16,0,0,0,0,yfinance_ETH-USD,yfinance_STETH-USD,beacon_formula_16632_sqrt_S,modelo_teorico_oficial,modelo_invariante_stableswap,30672167.3,0.7968,3.4012,155407292710,2.969,29646213918,18.2,0.0064,0,46.2227,relay_data_api_concorrente,30672167.3,0.055
2025-11-06,Post-Shapella,3312.26,3306.13,0.998149,-0.001851,-0.1851,-0.033521,-0.034879,95.6851,83.0984,97.4801,83.5607,3.7963,3.3979,0.3984,10.4944,0.0011,1.4477,3.0013,2.562,2.5298,2.15,99.45,0,0.0,29527626256,29519008585,153690236.0,22654.89,23789.56,51.18,5379158.26,0,0,0,0,yfinance_ETH-USD,yfinance_STETH-USD,beacon_formula_16632_sqrt_S,modelo_teorico_oficial,modelo_invariante_stableswap,30709474.56,0.7949,3.3979,157959358765,2.562,28569979158,18.69,0.0066,0,47.3947,relay_data_api_concorrente,30709474.56,0.0563
2025-11-07,Post-Shapella,3435.3,3430.56,0.99862,-0.00138,-0.138,0.036474,0.036945,102.1905,84.1597,103.9932,84.6303,3.7959,3.3975,0.3984,10.4955,0.0011,1.4488,3.0042,2.651,2.6166,2.17,99.45,0,0.0,28742486566,28734127533,159539829.0,22754.52,23719.51,51.0,5583894.02,0,0,0,0,yfinance_ETH-USD,yfinance_STETH-USD,beacon_formula_16632_sqrt_S,modelo_teorico_oficial,modelo_invariante_stableswap,30651245.97,0.7917,3.3975,154340187688,2.651,29764680664,18.62,0.0067,0,48.5667,relay_data_api_concorrente,30651245.97,0.0578
2025-11-08,Post-Shapella,3400.38,3397.33,0.999103,-0.000897,-0.0897,-0.010219,-0.009733,100.5553,83.6202,102.4936,84.0848,3.7873,3.3899,0.3974,10.493,0.0011,1.4499,3.0002,2.598,2.5649,1.73,99.45,0,0.0,29629451403,29620807745,157399519.0,22761.74,23548.18,50.83,5508983.17,0,0,0,0,yfinance_ETH-USD,yfinance_STETH-USD,beacon_formula_16632_sqrt_S,modelo_teorico_oficial,modelo_invariante_stableswap,30733514.67,0.7872,3.3899,157296803562,2.598,29312767255,18.83,0.0069,1,49.7386,relay_data_api_concorrente,30733514.67,0.0591
2025-11-09,Post-Shapella,3582.62,3576.88,0.998398,-0.001602,-0.1602,0.052209,0.051501,111.916,74.2039,113.3207,74.8414,3.7891,3.3914,0.3977,10.4959,0.0011,1.451,3.0075,2.508,2.4771,1.74,99.45,0,0.0,29339506059,29331066015,165322246.0,22572.26,23611.2,51.08,5786278.61,0,0,0,0,yfinance_ETH-USD,yfinance_STETH-USD,beacon_formula_16632_sqrt_S,modelo_teorico_oficial,modelo_invariante_stableswap,30583351.61,0.7816,3.3914,155652009474,2.508,30858958148,18.84,0.0065,1,47.0294,relay_data_api_concorrente,30583351.61,0.0561
2025-11-10,Post-Shapella,3568.46,3566.07,0.99933,-0.00067,-0.067,-0.003961,-0.003027,95.2982,73.7828,97.1525,74.3603,3.7927,3.3946,0.3981,10.4965,0.0011,1.4521,3.0176,2.58,2.5474,1.71,99.45,0,0.0,31343080912,31334158075,163872285.0,22619.29,23318.74,50.74,5735529.98,0,0,0,0,yfinance_ETH-USD,yfinance_STETH-USD,beacon_formula_16632_sqrt_S,modelo_teorico_oficial,modelo_invariante_stableswap,30380088.97,0.7751,3.3946,163071901766,2.58,30667169586,19.21,0.0086,0,61.9158,relay_data_api_concorrente,30380088.97,0.0744
2025-11-11,Post-Shapella,3415.28,3415.79,1.000149,0.000149,0.0149,-0.043874,-0.043056,72.2983,64.4432,72.5689,65.2307,3.7951,3.3968,0.3983,10.4951,0.0011,1.4532,3.0272,2.624,2.5903,1.77,99.45,0,0.0,30721585865,30712695928,157402823.0,22838.54,23245.81,50.45,5509098.81,0,0,0,0,yfinance_ETH-USD,yfinance_STETH-USD,beacon_formula_16632_sqrt_S,modelo_teorico_oficial,modelo_invariante_stableswap,30186513.18,0.7679,3.3968,161855384060,2.624,29629300927,18.98,0.0107,1,76.8022,relay_data_api_concorrente,30186513.18,0.0929
2025-11-12,Post-Shapella,3413.09,3407.43,0.998342,-0.001658,-0.1658,-0.000641,-0.002452,66.2894,63.8077,66.1558,64.4938,3.7778,3.3813,0.3965,10.4955,0.0011,1.4542,3.0175,2.537,2.5054,1.83,99.45,0,0.0,29513724269,29505460236,157818767.0,22608.1,23670.41,51.11,5523656.85,0,0,0,0,yfinance_ETH-USD,yfinance_STETH-USD,beacon_formula_16632_sqrt_S,modelo_teorico_oficial,modelo_invariante_stableswap,30381120.26,0.7603,3.3813,157046894727,2.537,29458035874,18.79,0.0122,0,88.1917,relay_data_api_concorrente,30381120.26,0.106
2025-11-13,Post-Shapella,3232.76,3237.76,1.001547,0.001547,0.1547,-0.054284,-0.051075,73.8451,65.4913,72.0236,65.8914,3.765,3.3699,0.3951,10.494,0.0011,1.4553,3.0126,2.55,2.5181,1.81,99.45,0,0.0,29456160632,29447988835,148865407.0,23054.45,22959.06,49.94,5210289.24,0,0,0,0,yfinance_ETH-USD,yfinance_STETH-USD,beacon_formula_16632_sqrt_S,modelo_teorico_oficial,modelo_invariante_stableswap,30479928.38,0.7524,3.3699,156979086041,2.55,27737219994,18.76,0.0138,0,99.5812,relay_data_api_concorrente,30479928.38,0.1192
2025-11-14,Post-Shapella,3103.79,3099.97,0.998769,-0.001231,-0.1231,-0.040713,-0.04349,69.3427,65.8653,68.2147,66.388,3.7444,3.3514,0.393,10.4957,0.0011,1.4564,2.9999,2.766,2.7285,1.69,99.45,0,0.0,27574485533,27566819867,145100718.0,22931.13,23847.74,50.95,5078525.13,0,0,0,0,yfinance_ETH-USD,yfinance_STETH-USD,beacon_formula_16632_sqrt_S,modelo_teorico_oficial,modelo_invariante_stableswap,30739240.85,0.7445,3.3514,151374423123,2.766,27340172593,18.21,0.0154,1,110.9707,relay_data_api_concorrente,30739240.85,0.1318
2025-11-15,Post-Shapella,3166.63,3166.22,0.999871,-0.000129,-0.0129,0.020046,0.021147,73.7805,66.3535,72.9978,66.9031,3.7404,3.3479,0.3925,10.4935,0.0011,1.4575,3.0036,2.618,2.5844,2.43,99.45,0,0.0,27114350510,27106812300,145543666.0,22729.4,23235.3,50.55,5094028.31,0,0,0,0,yfinance_ETH-USD,yfinance_STETH-USD,beacon_formula_16632_sqrt_S,modelo_teorico_oficial,modelo_invariante_stableswap,30663529.05,0.7368,3.3479,149024465502,2.618,27358729047,18.19,0.0125,0,90.0682,relay_data_api_concorrente,30663529.05,0.1072
2025-11-16,Post-Shapella,3092.85,3089.56,0.998936,-0.001064,-0.1064,-0.023576,-0.024512,51.8297,66.535,51.4564,67.1321,3.7169,3.3268,0.3901,10.4953,0.0011,1.4586,2.9873,2.545,2.5132,1.68,99.45,0,0.0,27392520883,27385064206,141649218.0,22492.61,23331.14,50.89,4957722.63,0,0,0,0,yfinance_ETH-USD,yfinance_STETH-USD,beacon_formula_16632_sqrt_S,modelo_teorico_oficial,modelo_invariante_stableswap,30998027.93,0.7296,3.3268,149430599782,2.545,26649050241,18.33,0.0096,0,69.1658,relay_data_api_concorrente,30998027.93,0.0814
2025-11-17,Post-Shapella,3024.54,3020.29,0.998595,-0.001405,-0.1405,-0.022334,-0.022674,49.814,66.2461,49.2062,66.8687,3.7075,3.3184,0.3891,10.4949,0.0011,1.4596,2.9845,2.657,2.6224,1.43,99.45,0,0.0,26923026340,26915660148,138935006.0,22502.87,23466.01,51.01,4862725.21,0,0,0,0,yfinance_ETH-USD,yfinance_STETH-USD,beacon_formula_16632_sqrt_S,modelo_teorico_oficial,modelo_invariante_stableswap,31057258.12,0.723,3.3184,146286454510,2.657,26028572158,18.4,0.0067,1,48.2633,relay_data_api_concorrente,31057258.12,0.0567
2025-11-18,Post-Shapella,3122.98,3118.49,0.998562,-0.001438,-0.1438,0.032029,0.031997,60.1294,66.8001,59.9475,67.4443,3.7169,3.3268,0.3901,10.4953,0.0011,1.4607,2.9997,2.768,2.7305,2.03,99.45,0,0.0,26141620431,26134605890,143600440.0,22520.01,23495.63,51.02,5026015.4,0,0,0,0,yfinance_ETH-USD,yfinance_STETH-USD,beacon_formula_16632_sqrt_S,modelo_teorico_oficial,modelo_invariante_stableswap,30744172.87,0.7172,3.3268,143490662596,2.768,26888972133,18.21,0.0055,1,39.4784,relay_data_api_concorrente,30744172.87,0.0469
2025-11-19,Post-Shapella,3023.07,3018.48,0.998482,-0.001518,-0.1518,-0.032514,-0.032598,60.6173,67.2795,60.6661,67.9072,3.7082,3.319,0.3892,10.4957,0.0011,1.4618,2.9958,2.598,2.5649,1.86,99.45,0,0.0,26624796649,26617316782,137011011.0,22182.85,23174.15,51.05,4795385.39,0,0,0,0,yfinance_ETH-USD,yfinance_STETH-USD,beacon_formula_16632_sqrt_S,modelo_teorico_oficial,modelo_invariante_stableswap,30824368.08,0.7125,3.319,146189397008,2.598,25562021647,18.21,0.0078,0,56.0203,relay_data_api_concorrente,30824368.08,0.0663
2025-11-20,Post-Shapella,2831.78,2829.53,0.999205,-0.000795,-0.0795,-0.065368,-0.064642,65.0908,69.8569,65.83,70.4394,3.702,3.3135,0.3885,10.4943,0.0011,1.4628,2.9931,2.988,2.9443,1.74,99.45,0,0.0,26105966390,26098646040,132253088.0,22982.72,23739.31,50.79,4628858.08,0,0,0,0,yfinance_ETH-USD,yfinance_STETH-USD,beacon_formula_16632_sqrt_S,modelo_teorico_oficial,modelo_invariante_stableswap,30878080.44,0.7089,3.3135,143545146481,2.988,24968339502,18.18,0.0101,1,72.5622,relay_data_api_concorrente,30878080.44,0.0858
2025-11-21,Post-Shapella,2765.7,2758.78,0.997498,-0.002502,-0.2502,-0.023611,-0.02532,62.7363,69.9621,63.0075,70.5213,3.6991,3.3108,0.3883,10.4971,0.0011,1.4639,2.9925,3.498,3.4384,2.02,99.45,0,0.0,24645798345,24638624127,126207530.0,22171.99,23519.98,51.41,4417263.55,0,0,0,0,yfinance_ETH-USD,yfinance_STETH-USD,beacon_formula_16632_sqrt_S,modelo_teorico_oficial,modelo_invariante_stableswap,30891664.25,0.7066,3.3108,137419475046,3.498,23463883416,17.93,0.0141,1,101.5936,relay_data_api_concorrente,30891664.25,0.12
2025-11-22,Post-Shapella,2767.61,2767.14,0.99983,-0.00017,-0.017,0.00069,0.003024,57.1938,69.5903,57.5118,70.0757,3.6965,3.3086,0.3879,10.4937,0.0011,1.4649,2.9909,2.697,2.6614,3.08,99.45,0,0.0,23881095913,23874235252,127035941.0,22692.66,23212.24,50.56,4446257.94,0,0,0,0,yfinance_ETH-USD,yfinance_STETH-USD,beacon_formula_16632_sqrt_S,modelo_teorico_oficial,modelo_invariante_stableswap,30924874.12,0.7056,3.3086,132961665922,2.697,24113964136,17.96,0.0128,0,91.9172,relay_data_api_concorrente,30924874.12,0.1085
2025-11-23,Post-Shapella,2801.68,2798.08,0.998715,-0.001285,-0.1285,0.012235,0.01112,61.2448,69.1964,61.1666,69.6749,3.7036,3.3149,0.3887,10.4952,0.0011,1.466,2.9974,2.544,2.5123,1.85,99.45,0,0.0,24057154724,24050310244,130243838.0,22793.74,23724.51,50.97,4558534.33,0,0,0,0,yfinance_ETH-USD,yfinance_STETH-USD,beacon_formula_16632_sqrt_S,modelo_teorico_oficial,modelo_invariante_stableswap,30789517.87,0.7062,3.3149,133012038337,2.544,24430964577,18.08,0.0114,0,82.2408,relay_data_api_concorrente,30789517.87,0.0975
2025-11-24,Post-Shapella,2952.71,2949.8,0.999014,-0.000986,-0.0986,0.052507,0.052805,76.9677,72.5166,77.0049,72.9967,3.7229,3.3321,0.3908,10.4972,0.0011,1.4671,3.0147,2.545,2.5132,1.8,99.45,0,0.0,24211648588,24204673917,136106476.0,22651.35,23467.22,50.86,4763726.66,0,0,0,0,yfinance_ETH-USD,yfinance_STETH-USD,beacon_formula_16632_sqrt_S,modelo_teorico_oficial,modelo_invariante_stableswap,30437777.61,0.7081,3.3321,133570156692,2.545,25667734292,18.12,0.0101,1,72.5644,relay_data_api_concorrente,30437777.61,0.087
2025-11-25,Post-Shapella,2957.94,2953.6,0.998533,-0.001467,-0.1467,0.001767,0.001285,71.3855,69.3522,71.4138,69.8053,3.7212,3.3306,0.3906,10.4966,0.0011,1.4681,3.0095,2.555,2.523,1.85,99.45,0,0.0,25377356235,25370010155,135501292.0,22430.34,23413.36,51.04,4742545.22,0,0,0,0,yfinance_ETH-USD,yfinance_STETH-USD,beacon_formula_16632_sqrt_S,modelo_teorico_oficial,modelo_invariante_stableswap,30542375.4,0.7116,3.3306,138767351081,2.555,25627609170,18.28,0.0053,1,38.4933,relay_data_api_concorrente,30542375.4,0.046
2025-11-26,Post-Shapella,3027.81,3026.14,0.999448,-0.000552,-0.0552,0.023348,0.024265,70.9957,70.4005,71.1873,70.9065,3.7355,3.3434,0.3921,10.4966,0.0011,1.4692,3.0189,2.556,2.524,1.92,99.45,0,0.0,25520309102,25512903014,135787244.0,22108.92,22750.32,50.7,4752553.54,0,0,0,0,yfinance_ETH-USD,yfinance_STETH-USD,beacon_formula_16632_sqrt_S,modelo_teorico_oficial,modelo_invariante_stableswap,30352616.72,0.7165,3.3434,138892506397,2.556,26082024487,18.37,0.0068,1,48.9308,relay_data_api_concorrente,30352616.72,0.0588
2025-11-27,Post-Shapella,3014.54,3013.04,0.999502,-0.000498,-0.0498,-0.004392,-0.004341,45.9669,69.8986,46.8461,70.3985,3.7563,3.3621,0.3942,10.4944,0.0011,1.4703,3.0335,2.649,2.6146,1.74,99.45,0,0.0,26037888453,26030325045,135295019.0,22134.26,22757.88,50.68,4735325.66,0,0,0,0,yfinance_ETH-USD,yfinance_STETH-USD,beacon_formula_16632_sqrt_S,modelo_teorico_oficial,modelo_invariante_stableswap,30061142.41,0.7228,3.3621,141206264579,2.649,26101588736,18.43,0.0138,1,99.029,relay_data_api_concorrente,30061142.41,0.1202
2025-11-28,Post-Shapella,3032.3,3027.8,0.998516,-0.001484,-0.1484,0.005875,0.004888,37.3996,69.9814,37.5478,70.4371,3.772,3.3761,0.3959,10.4958,0.0011,1.4714,3.0417,2.576,2.5435,1.79,99.45,0,0.0,26050087951,26042591743,136315111.0,22008.75,22979.72,51.04,4771028.89,0,0,0,0,yfinance_ETH-USD,yfinance_STETH-USD,beacon_formula_16632_sqrt_S,modelo_teorico_oficial,modelo_invariante_stableswap,29900558.05,0.7303,3.3761,140142332173,2.576,26104922000,18.58,0.0135,1,97.3986,relay_data_api_concorrente,29900558.05,0.1189
2025-11-29,Post-Shapella,2991.69,2989.74,0.999348,-0.000652,-0.0652,-0.013486,-0.012652,41.4531,69.7315,41.6389,70.2007,3.7774,3.381,0.3964,10.494,0.0011,1.4725,3.0384,2.567,2.5347,2.21,99.45,0,0.0,26200613956,26193310832,134059349.0,22074.59,22750.81,50.74,4692077.22,0,0,0,0,yfinance_ETH-USD,yfinance_STETH-USD,beacon_formula_16632_sqrt_S,modelo_teorico_oficial,modelo_invariante_stableswap,29965228.61,0.739,3.381,140316222139,2.567,25783141341,18.67,0.0065,1,46.4558,relay_data_api_concorrente,29965228.61,0.0566
2025-11-30,Post-Shapella,2992.11,2993.08,1.000324,0.000324,0.0324,0.000143,0.001118,42.1691,69.4556,42.2511,69.9295,3.7855,3.3882,0.3973,10.4953,0.0011,1.4736,3.0368,2.531,2.4996,1.62,99.45,0,0.0,25882628596,25875410189,135857943.0,22529.2,22868.78,50.38,4755028.01,0,0,0,0,yfinance_ETH-USD,yfinance_STETH-USD,beacon_formula_16632_sqrt_S,modelo_teorico_oficial,modelo_invariante_stableswap,29997110.4,0.7487,3.3882,138236559631,2.531,26140036491,18.72,0.0074,0,52.9919,relay_data_api_concorrente,29997110.4,0.0645
2025-12-01,Post-Shapella,2800.19,2800.97,1.000279,0.000279,0.0279,-0.066293,-0.066337,53.9065,72.0683,54.1059,72.5512,3.7707,3.375,0.3957,10.4941,0.0011,1.4746,3.0115,2.628,2.5942,1.48,99.45,0,0.0,25788980108,25781960262,125675448.0,22261.66,22613.09,50.4,4398640.68,0,0,0,0,yfinance_ETH-USD,yfinance_STETH-USD,beacon_formula_16632_sqrt_S,modelo_teorico_oficial,modelo_invariante_stableswap,30503335.61,0.7592,3.375,137166299458,2.628,24266045201,18.8,0.0083,0,59.528,relay_data_api_concorrente,30503335.61,0.0712
2025-12-02,Post-Shapella,2997.94,2997.64,0.9999,-0.0001,-0.01,0.068238,0.06786,77.2366,76.9039,77.0824,77.2803,3.7946,3.3963,0.3983,10.4965,0.0011,1.4757,3.0242,2.613,2.5795,2.16,99.45,0,0.0,24184394859,24177634260,134431165.0,22180.02,22663.43,50.54,4705090.78,0,0,0,0,yfinance_ETH-USD,yfinance_STETH-USD,beacon_formula_16632_sqrt_S,modelo_teorico_oficial,modelo_invariante_stableswap,30246494.68,0.7704,3.3963,131141883329,2.613,26076624899,18.44,0.0092,1,66.064,relay_data_api_concorrente,30246494.68,0.0797
2025-12-03,Post-Shapella,3191.57,3193.97,1.000752,0.000752,0.0752,0.062588,0.063438,88.2691,76.1,88.3038,76.6004,3.8135,3.4133,0.4002,10.4943,0.0011,1.4768,3.0316,2.654,2.6195,1.62,99.45,0,0.0,25967421077,25960073583,141988443.0,22143.64,22328.16,50.23,4969595.51,0,0,0,0,yfinance_ETH-USD,yfinance_STETH-USD,beacon_formula_16632_sqrt_S,modelo_teorico_oficial,modelo_invariante_stableswap,30099936.68,0.7819,3.4133,137306199140,2.654,27538013593,18.91,0.0096,0,68.8361,relay_data_api_concorrente,30099936.68,0.0835
2025-12-04,Post-Shapella,3134.32,3133.61,0.999773,-0.000227,-0.0227,-0.018102,-0.019077,89.9346,69.7598,90.1492,69.9536,3.8205,3.4195,0.401,10.496,0.0011,1.4779,3.0269,2.364,2.3366,1.4,99.45,0,0.0,27658243253,27650564664,141004950.0,22231.82,22760.75,50.58,4935173.25,0,0,0,0,yfinance_ETH-USD,yfinance_STETH-USD,beacon_formula_16632_sqrt_S,modelo_teorico_oficial,modelo_invariante_stableswap,30193614.27,0.7936,3.4195,144600232365,2.364,27218749901,19.12,0.0099,1,71.6082,relay_data_api_concorrente,30193614.27,0.0866
2025-12-05,Post-Shapella,3024.43,3023.86,0.999812,-0.000188,-0.0188,-0.035688,-0.03565,94.7278,69.1068,94.9692,69.1874,3.8229,3.4217,0.4012,10.4947,0.0011,1.479,3.0176,2.546,2.5142,1.58,99.45,0,0.0,27100328126,27092946707,135865410.0,22205.89,22721.05,50.57,4755289.35,0,0,0,0,yfinance_ETH-USD,yfinance_STETH-USD,beacon_formula_16632_sqrt_S,modelo_teorico_oficial,modelo_invariante_stableswap,30378880.9,0.8053,3.4217,142260800215,2.546,26241030112,19.04,0.0081,1,58.3767,relay_data_api_concorrente,30378880.9,0.0701
2025-12-06,Post-Shapella,3040.21,3039.15,0.999651,-0.000349,-0.0349,0.005202,0.005041,94.1131,68.3511,94.4142,68.351,3.8383,3.4355,0.4028,10.4942,0.0011,1.4801,3.0216,2.52,2.4889,1.41,99.45,0,0.0,26141320479,26134239273,136706702.0,22200.99,22773.15,50.63,4784734.57,0,0,0,0,yfinance_ETH-USD,yfinance_STETH-USD,beacon_formula_16632_sqrt_S,modelo_teorico_oficial,modelo_invariante_stableswap,30299045.07,0.8167,3.4355,139069346445,2.52,26374745386,18.79,0.0084,1,60.2235,relay_data_api_concorrente,30299045.07,0.0725
2025-12-07,Post-Shapella,3061.3,3057.13,0.998638,-0.001362,-0.1362,0.006914,0.005899,94.1457,66.974,94.4396,66.9213,3.8504,3.4463,0.4041,10.495,0.0011,1.4812,3.0228,2.519,2.4879,1.37,99.45,0,0.0,26339685200,26332654202,136728978.0,21886.33,22808.44,51.0,4785514.23,0,0,0,0,yfinance_ETH-USD,yfinance_STETH-USD,beacon_formula_16632_sqrt_S,modelo_teorico_oficial,modelo_invariante_stableswap,30275883.07,0.8276,3.4463,139748304362,2.519,26448109090,18.84,0.0091,0,65.7123,relay_data_api_concorrente,30275883.07,0.0792
2025-12-08,Post-Shapella,3125.2,3122.84,0.999245,-0.000755,-0.0755,0.020657,0.021267,73.804,67.4681,74.3476,67.4493,3.8789,3.4718,0.4071,10.4952,0.0011,1.4824,3.0411,2.573,2.5405,1.37,99.45,0,0.0,26510765126,26503744199,140386405.0,22111.99,22826.02,50.78,4913524.18,0,0,0,0,yfinance_ETH-USD,yfinance_STETH-USD,beacon_formula_16632_sqrt_S,modelo_teorico_oficial,modelo_invariante_stableswap,29911560.68,0.8378,3.4718,140140079177,2.573,27230130748,18.91,0.0099,1,71.2011,relay_data_api_concorrente,29911560.68,0.0869
2025-12-09,Post-Shapella,3321.11,3320.55,0.999831,-0.000169,-0.0169,0.060803,0.061387,70.7139,68.4103,71.6757,68.5308,3.8841,3.4765,0.4076,10.4941,0.0011,1.4835,3.0371,2.53,2.4986,1.36,99.45,0,0.0,27315525174,27308431237,148475488.0,22101.86,22608.54,50.56,5196642.08,0,0,0,0,yfinance_ETH-USD,yfinance_STETH-USD,beacon_formula_16632_sqrt_S,modelo_teorico_oficial,modelo_invariante_stableswap,29990665.27,0.847,3.4765,141909665629,2.53,29118157411,19.24,0.0086,0,61.9377,relay_data_api_concorrente,29990665.27,0.0754
2025-12-10,Post-Shapella,3325.39,3325.92,1.000159,0.000159,0.0159,0.001286,0.001616,58.1607,68.4209,58.8043,68.5452,3.8771,3.4702,0.4069,10.495,0.0011,1.4846,3.022,2.558,2.5259,1.47,99.45,0,0.0,29048323130,29040973278,149112022.0,22222.05,22614.81,50.44,5218920.77,0,0,0,0,yfinance_ETH-USD,yfinance_STETH-USD,beacon_formula_16632_sqrt_S,modelo_teorico_oficial,modelo_invariante_stableswap,30290946.06,0.8551,3.4702,148236748991,2.558,29159140538,19.59,0.0073,1,52.6744,relay_data_api_concorrente,30290946.06,0.0635
2025-12-11,Post-Shapella,3237.06,3237.96,1.000278,0.000278,0.0278,-0.026922,-0.026803,60.6667,67.3736,61.0144,67.557,3.8802,3.473,0.4072,10.4943,0.0011,1.4857,3.0183,2.538,2.5064,1.52,99.45,0,0.0,29040122551,29032880445,145378889.0,22276.41,22628.08,50.4,5088261.12,0,0,0,0,yfinance_ETH-USD,yfinance_STETH-USD,beacon_formula_16632_sqrt_S,modelo_teorico_oficial,modelo_invariante_stableswap,30364540.58,0.8619,3.473,148141526639,2.538,28406526897,19.6,0.0084,0,60.2863,relay_data_api_concorrente,30364540.58,0.0725
2025-12-12,Post-Shapella,3084.17,3084.02,0.999951,-4.9e-05,-0.0049,-0.048381,-0.048708,66.2328,69.3017,66.7263,69.5131,3.8797,3.4725,0.4072,10.4957,0.0011,1.4868,3.0125,2.525,2.4937,1.42,99.45,0,0.0,28360668737,28353720267,138660290.0,22246.52,22713.29,50.52,4853110.15,0,0,0,0,yfinance_ETH-USD,yfinance_STETH-USD,beacon_formula_16632_sqrt_S,modelo_teorico_oficial,modelo_invariante_stableswap,30482377.64,0.8672,3.4725,145913303814,2.525,27063847112,19.43,0.0094,1,67.8982,relay_data_api_concorrente,30482377.64,0.0813
2025-12-13,Post-Shapella,3116.7,3115.33,0.99956,-0.00044,-0.044,0.01049,0.010101,66.4594,66.9565,66.9287,67.469,3.8817,3.4743,0.4074,10.4954,0.0011,1.4879,3.0108,2.534,2.5025,1.37,99.45,0,0.0,27017964206,27011210317,139605839.0,22100.84,22701.97,50.66,4886204.36,0,0,0,0,yfinance_ETH-USD,yfinance_STETH-USD,beacon_formula_16632_sqrt_S,modelo_teorico_oficial,modelo_invariante_stableswap,30517589.77,0.8709,3.4743,141265871496,2.534,27225348497,19.12,0.0093,1,66.9206,relay_data_api_concorrente,30517589.77,0.08
2025-12-14,Post-Shapella,3060.59,3060.94,1.000114,0.000114,0.0114,-0.018164,-0.017612,68.1331,65.7332,68.5574,66.0198,3.8757,3.469,0.4067,10.4936,0.0011,1.4891,3.0028,2.499,2.4684,1.34,99.45,0,0.0,27328348243,27321555342,137647858.0,22280.99,22690.71,50.46,4817675.03,0,0,0,0,yfinance_ETH-USD,yfinance_STETH-USD,beacon_formula_16632_sqrt_S,modelo_teorico_oficial,modelo_invariante_stableswap,30680510.17,0.8729,3.469,142164973565,2.499,26983186934,19.22,0.015,0,108.3141,relay_data_api_concorrente,30680510.17,0.1289
2025-12-15,Post-Shapella,2964.18,2961.68,0.999157,-0.000843,-0.0843,-0.032008,-0.032968,69.0117,66.1947,69.5868,66.4913,3.861,3.4558,0.4052,10.4947,0.0011,1.4902,2.9878,2.506,2.4752,1.32,99.45,0,0.0,26969933558,26963315785,131859891.0,21882.43,22621.09,50.81,4615096.19,0,0,0,0,yfinance_ETH-USD,yfinance_STETH-USD,beacon_formula_16632_sqrt_S,modelo_teorico_oficial,modelo_invariante_stableswap,30989138.43,0.8732,3.4558,141550684341,2.506,25784180548,19.05,0.0208,0,149.7076,relay_data_api_concorrente,30989138.43,0.1763
2025-12-16,Post-Shapella,2964.18,2962.22,0.999339,-0.000661,-0.0661,-1e-06,0.000185,40.414,65.7459,40.7518,66.0057,3.846,3.4424,0.4036,10.494,0.0011,1.4913,2.9743,2.572,2.5396,1.34,99.45,0,0.0,26040051674,26033552809,132482062.0,22016.03,22693.31,50.74,4636872.17,0,0,0,0,yfinance_ETH-USD,yfinance_STETH-USD,beacon_formula_16632_sqrt_S,modelo_teorico_oficial,modelo_invariante_stableswap,31269885.84,0.8717,3.4424,137461019796,2.572,25911760027,18.94,0.0265,1,191.1011,relay_data_api_concorrente,31269885.84,0.2231
2025-12-17,Post-Shapella,2831.4,2829.02,0.999159,-0.000841,-0.0841,-0.045828,-0.046011,42.2602,67.1817,42.4803,67.4387,3.8327,3.4305,0.4022,10.4939,0.0011,1.4924,2.9643,2.54,2.5084,1.44,99.45,0,0.0,25931483877,25924964864,126791089.0,22028.49,22771.01,50.81,4437688.12,0,0,0,0,yfinance_ETH-USD,yfinance_STETH-USD,beacon_formula_16632_sqrt_S,modelo_teorico_oficial,modelo_invariante_stableswap,31482028.49,0.8684,3.4305,137910295565,2.54,24806562536,18.8,0.0075,1,54.2136,relay_data_api_concorrente,31482028.49,0.0629
2025-12-18,Post-Shapella,2827.07,2827.68,1.000216,0.000216,0.0216,-0.001532,-0.000471,44.7223,66.0398,45.255,66.3091,3.8319,3.4297,0.4022,10.4961,0.0011,1.4935,2.9685,2.569,2.5366,1.76,99.45,0,0.0,24863479799,24857220288,126649976.0,22211.0,22583.15,50.42,4432749.16,0,0,0,0,yfinance_ETH-USD,yfinance_STETH-USD,beacon_formula_16632_sqrt_S,modelo_teorico_oficial,modelo_invariante_stableswap,31393630.6,0.8634,3.4297,134569182684,2.569,24792991816,18.47,0.015,1,108.0018,relay_data_api_concorrente,31393630.6,0.1256
2025-12-19,Post-Shapella,2977.97,2976.87,0.999631,-0.000369,-0.0369,0.052002,0.051414,60.8956,67.8909,60.8223,68.0827,3.8456,3.442,0.4036,10.4951,0.0011,1.4946,2.989,2.784,2.7461,1.35,99.45,0,0.0,24834807142,24828751481,133857015.0,22188.93,22768.56,50.64,4684995.53,0,0,0,0,yfinance_ETH-USD,yfinance_STETH-USD,beacon_formula_16632_sqrt_S,modelo_teorico_oficial,modelo_invariante_stableswap,30964532.52,0.8567,3.442,134404796498,2.784,26090945582,18.47,0.0102,0,73.4636,relay_data_api_concorrente,30964532.52,0.0866
2025-12-20,Post-Shapella,2977.58,2974.15,0.998848,-0.001152,-0.1152,-0.00013,-0.000914,59.7232,63.7318,59.6619,64.0299,3.835,3.4325,0.4025,10.4954,0.0011,1.4957,2.9866,2.563,2.5308,1.47,99.45,0,0.0,26100119862,26093731868,133356892.0,21980.92,22832.39,50.92,4667491.22,0,0,0,0,yfinance_ETH-USD,yfinance_STETH-USD,beacon_formula_16632_sqrt_S,modelo_teorico_oficial,modelo_invariante_stableswap,31013041.3,0.8484,3.4325,139569223593,2.563,26069898424,18.7,0.0054,1,38.9254,relay_data_api_concorrente,31013041.3,0.0458
2025-12-21,Post-Shapella,3001.61,3002.1,1.000163,0.000163,0.0163,0.008038,0.009355,59.6133,63.1044,59.8185,63.3293,3.831,3.4289,0.4021,10.496,0.0011,1.4968,2.9924,2.529,2.4976,1.34,99.45,0,0.0,26089173880,26082801578,133826845.0,22095.95,22485.4,50.44,4683939.58,0,0,0,0,yfinance_ETH-USD,yfinance_STETH-USD,beacon_formula_16632_sqrt_S,modelo_teorico_oficial,modelo_invariante_stableswap,30894051.63,0.8386,3.4289,139836676096,2.529,26100437633,18.65,0.0065,0,46.4855,relay_data_api_concorrente,30894051.63,0.0549
2025-12-22,Post-Shapella,3006.07,3001.93,0.998623,-0.001377,-0.1377,0.001485,-5.5e-05,54.2922,63.1018,54.1661,63.3371,3.8265,3.4249,0.4016,10.4952,0.0011,1.4979,2.9989,2.55,2.5181,1.93,99.45,0,0.0,26542091330,26535662636,133857161.0,21818.03,22742.25,51.0,4685000.64,0,0,0,0,yfinance_ETH-USD,yfinance_STETH-USD,beacon_formula_16632_sqrt_S,modelo_teorico_oficial,modelo_invariante_stableswap,30759156.11,0.8275,3.4249,141319222947,2.55,26459353469,18.78,0.0075,0,54.0457,relay_data_api_concorrente,30759156.11,0.0641
2025-12-23,Post-Shapella,2963.37,2961.67,0.999426,-0.000574,-0.0574,-0.014306,-0.013504,55.5811,63.2788,55.3238,63.508,3.8111,3.4111,0.4,10.4957,0.0011,1.499,2.9958,2.56,2.5279,1.43,99.45,0,0.0,26415569672,26409202027,132722280.0,22075.71,22724.94,50.71,4645279.8,0,0,0,0,yfinance_ETH-USD,yfinance_STETH-USD,beacon_formula_16632_sqrt_S,modelo_teorico_oficial,modelo_invariante_stableswap,30823878.49,0.8153,3.4111,140895013749,2.56,26015256157,18.74,0.0086,1,61.6059,relay_data_api_concorrente,30823878.49,0.073
2025-12-24,Post-Shapella,2945.59,2946.22,1.000214,0.000214,0.0214,-0.006019,-0.00523,41.2046,60.6214,40.5746,60.8218,3.8061,3.4066,0.3995,10.4963,0.0011,1.5001,3.0038,2.54,2.5084,1.46,99.45,0,0.0,26004751520,25998489737,131596602.0,22149.26,22521.73,50.42,4605881.07,0,0,0,0,yfinance_ETH-USD,yfinance_STETH-USD,beacon_formula_16632_sqrt_S,modelo_teorico_oficial,modelo_invariante_stableswap,30658379.69,0.8022,3.4066,138167980270,2.54,25947240863,18.82,0.011,0,79.5124,relay_data_api_concorrente,30658379.69,0.0947
2025-12-25,Post-Shapella,2903.58,2901.17,0.99917,-0.00083,-0.083,-0.014365,-0.015409,43.5408,60.8204,43.3198,61.0544,3.7895,3.3918,0.3977,10.4948,0.0011,1.5012,3.0011,2.552,2.5201,1.42,99.45,0,0.0,25867664909,25861472429,131734403.0,22320.53,23068.27,50.8,4610704.11,0,0,0,0,yfinance_ETH-USD,yfinance_STETH-USD,beacon_formula_16632_sqrt_S,modelo_teorico_oficial,modelo_invariante_stableswap,30715572.23,0.7884,3.3918,138364075523,2.552,25740184420,18.69,0.0135,1,97.4189,relay_data_api_concorrente,30715572.23,0.1158
2025-12-26,Post-Shapella,2925.75,2924.51,0.999576,-0.000424,-0.0424,0.007605,0.008013,17.9086,60.2851,18.3699,60.4818,3.7646,3.3695,0.3951,10.4951,0.0011,1.5022,2.9905,2.556,2.524,1.39,99.45,0,0.0,25665780433,25659678362,131020557.0,22097.88,22693.6,50.65,4585719.5,0,0,0,0,yfinance_ETH-USD,yfinance_STETH-USD,beacon_formula_16632_sqrt_S,modelo_teorico_oficial,modelo_invariante_stableswap,30932548.48,0.7741,3.3695,137187388926,2.556,25684338500,18.7,0.0095,0,68.276,relay_data_api_concorrente,30932548.48,0.0806
2025-12-27,Post-Shapella,2948.0,2947.92,0.999973,-2.7e-05,-0.0027,0.007577,0.007973,19.3435,60.3485,19.9038,60.5523,3.751,3.3573,0.3937,10.4959,0.0011,1.5033,2.9914,2.531,2.4996,1.35,99.45,0,0.0,25728454954,25722285056,131787294.0,22123.89,22580.68,50.51,4612555.29,0,0,0,0,yfinance_ETH-USD,yfinance_STETH-USD,beacon_formula_16632_sqrt_S,modelo_teorico_oficial,modelo_invariante_stableswap,30913440.33,0.7595,3.3573,137408797985,2.531,25748098148,18.72,0.0054,1,39.133,relay_data_api_concorrente,30913440.33,0.0462
2025-12-28,Post-Shapella,2948.57,2947.27,0.999559,-0.000441,-0.0441,0.000193,-0.000219,17.7743,60.3025,17.8955,60.5188,3.7344,3.3424,0.392,10.497,0.0011,1.5044,2.9894,2.531,2.4996,1.34,99.45,0,0.0,25873869987,25867575807,131633692.0,22026.7,22626.5,50.66,4607179.22,0,0,0,0,yfinance_ETH-USD,yfinance_STETH-USD,beacon_formula_16632_sqrt_S,modelo_teorico_oficial,modelo_invariante_stableswap,30955209.92,0.745,3.3424,138007138829,2.531,25790012028,18.74,0.1704,1,1226.5296,relay_data_api_concorrente,30955209.92,1.4462
2025-12-29,Post-Shapella,2934.54,2933.69,0.99971,-0.00029,-0.029,-0.00477,-0.004617,17.4826,60.1506,17.7986,60.3872,3.7197,3.3293,0.3904,10.4955,0.0011,1.5055,2.9891,2.545,2.5132,1.35,99.45,0,0.0,25950070625,25943734623,131453615.0,22126.59,22675.29,50.61,4600876.53,0,0,0,0,yfinance_ETH-USD,yfinance_STETH-USD,beacon_formula_16632_sqrt_S,modelo_teorico_oficial,modelo_invariante_stableswap,30961966.08,0.7306,3.3293,138490386286,2.545,25817937700,18.73,0.0939,0,675.7239,relay_data_api_concorrente,30961966.08,0.7966
2025-12-30,Post-Shapella,2971.42,2969.22,0.99926,-0.00074,-0.074,0.012489,0.012037,18.0495,60.3248,18.4224,60.5469,3.7113,3.3218,0.3895,10.495,0.0011,1.5065,2.9946,2.544,2.5123,1.35,99.45,0,0.0,25810834242,25804616612,132719119.0,21988.8,22693.21,50.77,4645169.16,0,0,0,0,yfinance_ETH-USD,yfinance_STETH-USD,beacon_formula_16632_sqrt_S,modelo_teorico_oficial,modelo_invariante_stableswap,30847847.44,0.7167,3.3218,136670285430,2.544,26116659097,18.88,0.0174,1,124.9182,relay_data_api_concorrente,30847847.44,0.1478
2025-12-31,Post-Shapella,2967.04,2965.78,0.999575,-0.000425,-0.0425,-0.001475,-0.001161,17.3532,55.429,17.8976,55.6666,3.6989,3.3107,0.3882,10.495,0.0011,1.5076,2.9955,2.572,2.5396,1.35,99.45,0,0.0,26091672725,26085368796,133519075.0,22205.57,22804.88,50.66,4673167.62,0,0,0,0,yfinance_ETH-USD,yfinance_STETH-USD,beacon_formula_16632_sqrt_S,modelo_teorico_oficial,modelo_invariante_stableswap,30830539.94,0.7034,3.3107,136975667596,2.572,26190298274,19.04,0.0111,0,79.6725,relay_data_api_concorrente,30830539.94,0.0943
2026-01-01,Post-Shapella,3000.39,2997.65,0.999087,-0.000913,-0.0913,0.01118,0.010689,12.756,50.1606,12.4973,50.4706,3.6908,3.3034,0.3874,10.4964,0.0011,1.5087,2.9997,2.545,2.5132,1.34,99.45,0,0.0,26203169488,26196864364,133910292.0,21943.11,22708.59,50.83,4686860.22,0,0,0,0,yfinance_ETH-USD,yfinance_STETH-USD,beacon_formula_16632_sqrt_S,modelo_teorico_oficial,modelo_invariante_stableswap,30742503.81,0.691,3.3034,138039229203,2.545,26403576808,18.98,0.0048,1,34.4268,relay_data_api_concorrente,30742503.81,0.0409
2026-01-02,Post-Shapella,3124.42,3121.52,0.999072,-0.000928,-0.0928,0.040506,0.040493,29.0517,47.1981,28.9524,47.3806,3.6867,3.2998,0.3869,10.4945,0.0011,1.5097,3.007,2.549,2.5171,1.35,99.45,0,0.0,26477778323,26471371895,140203326.0,22060.17,22834.42,50.84,4907116.41,0,0,0,0,yfinance_ETH-USD,yfinance_STETH-USD,beacon_formula_16632_sqrt_S,modelo_teorico_oficial,modelo_invariante_stableswap,30593173.22,0.6797,3.2998,139997768266,2.549,27679953237,18.91,0.014,1,100.6217,relay_data_api_concorrente,30593173.22,0.12
2026-01-03,Post-Shapella,3125.92,3124.2,0.99945,-0.00055,-0.055,0.000478,0.000857,29.7641,46.7794,29.6016,46.9189,3.6735,3.288,0.3855,10.4941,0.0011,1.5108,3.004,2.549,2.5171,1.35,99.45,0,0.0,27667195525,27660476423,139607108.0,22017.6,22655.99,50.7,4886248.78,0,0,0,0,yfinance_ETH-USD,yfinance_STETH-USD,beacon_formula_16632_sqrt_S,modelo_teorico_oficial,modelo_invariante_stableswap,30655062.85,0.6695,3.288,144580005267,2.549,27569469165,19.13,0.0139,0,99.9873,relay_data_api_concorrente,30655062.85,0.1191
2026-01-04,Post-Shapella,3140.71,3137.82,0.99908,-0.00092,-0.092,0.004721,0.004352,29.1811,44.9986,28.9791,45.1453,3.6629,3.2785,0.3844,10.4944,0.0011,1.5118,3.0022,2.503,2.4723,1.32,99.45,0,0.0,27794390579,27787618577,140676261.0,22021.25,22790.95,50.84,4923669.14,0,0,0,0,yfinance_ETH-USD,yfinance_STETH-USD,beacon_formula_16632_sqrt_S,modelo_teorico_oficial,modelo_invariante_stableswap,30692485.72,0.6607,3.2785,145846104433,2.503,27747134849,19.05,0.0138,0,99.3529,relay_data_api_concorrente,30692485.72,0.1182
2026-01-05,Post-Shapella,3226.13,3227.31,1.000366,0.000366,0.0366,0.026834,0.028121,29.0202,45.8616,29.2957,46.098,3.6604,3.2762,0.3842,10.4961,0.0011,1.5129,3.0071,2.509,2.4781,1.33,99.45,0,0.0,27887010135,27880221358,144998654.0,22307.85,22628.94,50.37,5074952.89,0,0,0,0,yfinance_ETH-USD,yfinance_STETH-USD,beacon_formula_16632_sqrt_S,modelo_teorico_oficial,modelo_invariante_stableswap,30592800.93,0.6533,3.2762,146402689352,2.509,28714044884,19.04,0.0137,1,98.7185,relay_data_api_concorrente,30592800.93,0.1178
2026-01-06,Post-Shapella,3295.95,3295.62,0.9999,-0.0001,-0.01,0.02141,0.020944,29.5353,46.3343,29.7048,46.5545,3.656,3.2723,0.3837,10.4951,0.0011,1.5139,3.0086,2.538,2.5064,1.34,99.45,0,0.0,28422227166,28415312108,146444333.0,21977.42,22456.42,50.54,5125551.66,0,0,0,0,yfinance_ETH-USD,yfinance_STETH-USD,beacon_formula_16632_sqrt_S,modelo_teorico_oficial,modelo_invariante_stableswap,30561229.92,0.6474,3.2723,149683953848,2.538,29030844981,18.98,0.013,0,93.2722,relay_data_api_concorrente,30561229.92,0.1114
2026-01-07,Post-Shapella,3166.84,3163.35,0.998898,-0.001102,-0.1102,-0.039958,-0.040961,49.0603,48.1275,49.8601,48.4205,3.6432,3.2608,0.3824,10.4963,0.001,1.515,3.0001,2.54,2.5084,1.37,99.45,0,0.0,28947240293,28940170879,140937784.0,21850.59,22678.64,50.9,4932822.44,0,0,0,0,yfinance_ETH-USD,yfinance_STETH-USD,beacon_formula_16632_sqrt_S,modelo_teorico_oficial,modelo_invariante_stableswap,30735111.74,0.6431,3.2608,151709535207,2.54,27919771802,19.08,0.0122,1,87.8259,relay_data_api_concorrente,30735111.74,0.1043
2026-01-08,Post-Shapella,3104.38,3106.91,1.000815,0.000815,0.0815,-0.019921,-0.018005,53.2965,43.3881,53.5148,43.5108,3.6328,3.2515,0.3813,10.496,0.001,1.516,2.9925,2.512,2.4811,1.33,99.45,0,0.0,28081124611,28074221141,139262806.0,22338.87,22502.89,50.2,4874198.21,0,0,0,0,yfinance_ETH-USD,yfinance_STETH-USD,beacon_formula_16632_sqrt_S,modelo_teorico_oficial,modelo_invariante_stableswap,30891699.29,0.6403,3.2515,147489677307,2.512,27738340529,19.03,0.0111,1,79.7044,relay_data_api_concorrente,30891699.29,0.0942
2026-01-09,Post-Shapella,3083.05,3082.56,0.999841,-0.000159,-0.0159,-0.006896,-0.007867,44.2356,43.398,44.74,43.5314,3.6194,3.2396,0.3798,10.4935,0.001,1.5171,2.9804,2.512,2.4811,1.34,99.45,0,0.0,27667339617,27660326619,137408894.0,22036.02,22536.7,50.56,4809311.29,0,0,0,0,yfinance_ETH-USD,yfinance_STETH-USD,beacon_formula_16632_sqrt_S,modelo_teorico_oficial,modelo_invariante_stableswap,31142102.27,0.639,3.2396,144964421822,2.512,27419195610,19.08,0.0063,1,45.3512,relay_data_api_concorrente,31142102.27,0.0532
2026-01-10,Post-Shapella,3082.4,3081.16,0.999598,-0.000402,-0.0402,-0.000211,-0.000455,44.2158,42.4986,44.7028,42.6435,3.618,3.2383,0.3797,10.4947,0.001,1.5181,2.9788,2.501,2.4703,1.32,99.45,0,0.0,27489301646,27482425159,137730203.0,22052.58,22639.31,50.65,4820557.11,0,0,0,0,yfinance_ETH-USD,yfinance_STETH-USD,beacon_formula_16632_sqrt_S,modelo_teorico_oficial,modelo_invariante_stableswap,31175812.48,0.6392,3.2383,143670042825,2.501,27490833584,19.13,0.0062,1,44.8086,relay_data_api_concorrente,31175812.48,0.0525
2026-01-11,Post-Shapella,3118.89,3117.03,0.999404,-0.000596,-0.0596,0.011768,0.011576,45.1507,39.2235,45.6203,39.3267,3.6205,3.2405,0.38,10.4958,0.001,1.5191,2.9798,2.462,2.4323,1.3,99.45,0,0.0,27477892018,27471030657,138488598.0,21883.3,22533.31,50.72,4847100.93,0,0,0,0,yfinance_ETH-USD,yfinance_STETH-USD,beacon_formula_16632_sqrt_S,modelo_teorico_oficial,modelo_invariante_stableswap,31155980.58,0.6407,3.2405,144575412217,2.462,27717855529,19.0,0.0059,0,42.3104,relay_data_api_concorrente,31155980.58,0.0496
2026-01-12,Post-Shapella,3092.33,3090.22,0.999318,-0.000682,-0.0682,-0.008552,-0.008639,38.6435,39.1677,38.5443,39.2854,3.6148,3.2355,0.3793,10.493,0.001,1.5202,2.9714,2.462,2.4323,1.28,99.45,0,0.0,27818256501,27811227029,137898656.0,21963.07,22646.15,50.75,4826452.96,0,0,0,0,yfinance_ETH-USD,yfinance_STETH-USD,beacon_formula_16632_sqrt_S,modelo_teorico_oficial,modelo_invariante_stableswap,31332312.69,0.6435,3.2355,145779602422,2.462,27651395785,19.08,0.0055,1,39.8121,relay_data_api_concorrente,31332312.69,0.0464
2026-01-13,Post-Shapella,3322.1,3320.37,0.999479,-0.000521,-0.0521,0.071672,0.071834,67.0071,45.9476,67.2068,46.1115,3.6262,3.2456,0.3806,10.4958,0.001,1.5212,2.9789,2.473,2.443,1.25,99.45,0,0.0,27603662635,27596632540,146470487.0,21740.73,22360.64,50.69,5126467.05,0,0,0,0,yfinance_ETH-USD,yfinance_STETH-USD,beacon_formula_16632_sqrt_S,modelo_teorico_oficial,modelo_invariante_stableswap,31174779.41,0.6473,3.2456,144399700909,2.473,29516236822,19.11,0.0072,1,52.1387,relay_data_api_concorrente,31174779.41,0.061
2026-01-14,Post-Shapella,3354.72,3356.67,1.000581,0.000581,0.0581,0.009773,0.010874,57.3893,44.2515,57.1586,44.3437,3.6378,3.256,0.3818,10.4954,0.001,1.5223,2.9857,2.488,2.4576,1.28,99.45,0,0.0,29713729061,29706410142,149775970.0,22194.62,22438.68,50.29,5242158.95,0,0,0,0,yfinance_ETH-USD,yfinance_STETH-USD,beacon_formula_16632_sqrt_S,modelo_teorico_oficial,modelo_invariante_stableswap,31032702.67,0.6522,3.256,152153958531,2.488,30022626379,19.52,0.0105,1,75.3191,relay_data_api_concorrente,31032702.67,0.0886
2026-01-15,Post-Shapella,3317.1,3315.18,0.999421,-0.000579,-0.0579,-0.011278,-0.012439,55.1038,44.5576,55.7131,44.7037,3.6448,3.2622,0.3826,10.4971,0.001,1.5233,2.9871,2.47,2.4401,1.29,99.45,0,0.0,29816023320,29808663536,146996496.0,21841.83,22485.95,50.71,5144877.36,0,0,0,0,yfinance_ETH-USD,yfinance_STETH-USD,beacon_formula_16632_sqrt_S,modelo_teorico_oficial,modelo_invariante_stableswap,31004098.52,0.6577,3.2622,152836291821,2.47,29542296780,19.5,0.009,0,65.1229,relay_data_api_concorrente,31004098.52,0.0767
2026-01-16,Post-Shapella,3295.48,3295.09,0.999882,-0.000118,-0.0118,-0.006539,-0.006077,55.0397,41.0227,55.3923,41.1364,3.6504,3.2673,0.3831,10.4947,0.001,1.5244,2.9866,2.455,2.4254,1.5,99.45,0,0.0,29633488380,29626310631,146440369.0,21976.88,22462.51,50.54,5125412.92,0,0,0,0,yfinance_ETH-USD,yfinance_STETH-USD,beacon_formula_16632_sqrt_S,modelo_teorico_oficial,modelo_invariante_stableswap,31013194.07,0.6638,3.2673,151608442883,2.455,29433694645,19.54,0.0076,0,54.9267,relay_data_api_concorrente,31013194.07,0.0646
2026-01-17,Post-Shapella,3308.86,3306.18,0.99919,-0.00081,-0.081,0.004053,0.003361,54.666,40.956,55.0415,41.093,3.6571,3.2733,0.3838,10.4947,0.0011,1.5254,2.987,2.45,2.4205,1.48,99.45,0,0.0,29462348444,29455072741,147476980.0,21930.54,22658.14,50.8,5161694.3,0,0,0,0,yfinance_ETH-USD,yfinance_STETH-USD,beacon_formula_16632_sqrt_S,modelo_teorico_oficial,modelo_invariante_stableswap,31006141.21,0.6702,3.2733,151345239213,2.45,29689064107,19.46,0.0062,1,44.7305,relay_data_api_concorrente,31006141.21,0.0527
2026-01-18,Post-Shapella,3281.16,3281.58,1.000128,0.000128,0.0128,-0.008409,-0.007471,56.2173,37.5552,56.4254,37.7579,3.6578,3.2739,0.3839,10.4954,0.0011,1.5265,2.9812,2.433,2.404,1.25,99.45,0,0.0,29693261082,29686038442,149048275.0,22506.84,22915.71,50.45,5216689.63,0,0,0,0,yfinance_ETH-USD,yfinance_STETH-USD,beacon_formula_16632_sqrt_S,modelo_teorico_oficial,modelo_invariante_stableswap,31126177.29,0.6766,3.2739,152064376794,2.433,30131145687,19.52,0.0067,0,48.393,relay_data_api_concorrente,31126177.29,0.0567
2026-01-19,Post-Shapella,3186.62,3188.71,1.000656,0.000656,0.0656,-0.029235,-0.028707,61.4898,39.2185,61.5157,39.3543,3.6618,3.2775,0.3843,10.4948,0.0011,1.5275,2.9788,2.471,2.441,1.61,99.45,0,0.0,28982804284,28976070655,142989399.0,22318.99,22538.04,50.26,5004628.97,0,0,0,0,yfinance_ETH-USD,yfinance_STETH-USD,beacon_formula_16632_sqrt_S,modelo_teorico_oficial,modelo_invariante_stableswap,31175935.06,0.683,3.2775,148906492585,2.471,29113694251,19.46,0.0072,0,52.0554,relay_data_api_concorrente,31175935.06,0.0609
2026-01-20,Post-Shapella,2935.61,2935.56,0.999983,-1.7e-05,-0.0017,-0.082047,-0.08272,59.1624,48.9333,59.7883,49.1652,3.6303,3.2493,0.381,10.495,0.001,1.5286,2.9413,2.427,2.3981,1.3,99.45,0,0.0,29074391063,29067641909,132930307.0,22411.78,22870.61,50.51,4652560.74,0,0,0,0,yfinance_ETH-USD,yfinance_STETH-USD,beacon_formula_16632_sqrt_S,modelo_teorico_oficial,modelo_invariante_stableswap,31975402.17,0.689,3.2493,148379290745,2.427,27043461562,19.59,0.0077,0,55.7179,relay_data_api_concorrente,31975402.17,0.0636
2026-01-21,Post-Shapella,2978.9,2977.2,0.999429,-0.000571,-0.0571,0.014641,0.014087,60.6222,49.223,60.7564,49.437,3.6315,3.2504,0.3811,10.4943,0.001,1.5296,2.9372,2.43,2.401,1.35,99.45,0,0.0,26926177671,26919803527,135361872.0,22398.37,23055.01,50.71,4737665.52,0,0,0,0,yfinance_ETH-USD,yfinance_STETH-USD,beacon_formula_16632_sqrt_S,modelo_teorico_oficial,modelo_invariante_stableswap,32066467.97,0.6944,3.2504,138798793756,2.43,28027036631,19.39,0.0082,1,59.3803,relay_data_api_concorrente,32066467.97,0.0676
2026-01-22,Post-Shapella,2949.63,2947.42,0.999251,-0.000749,-0.0749,-0.009874,-0.010054,60.7109,49.0883,60.8929,49.3354,3.6283,3.2475,0.3808,10.4953,0.001,1.5307,2.9293,2.4,2.3717,1.28,99.45,0,0.0,27528984249,27522425716,131411782.0,21931.26,22637.66,50.77,4599412.37,0,0,0,0,yfinance_ETH-USD,yfinance_STETH-USD,beacon_formula_16632_sqrt_S,modelo_teorico_oficial,modelo_invariante_stableswap,32239123.75,0.699,3.2475,141114163568,2.4,27483361533,19.5,0.0133,1,95.6158,relay_data_api_concorrente,32239123.75,0.1083
2026-01-23,Post-Shapella,2953.26,2952.75,0.999827,-0.000173,-0.0173,0.001228,0.001806,61.7573,49.0444,61.9931,49.3054,3.6246,3.2442,0.3804,10.495,0.001,1.5317,2.922,2.357,2.3297,1.25,99.45,0,0.0,27508988372,27502494293,131432629.0,22001.67,22506.47,50.56,4600142.02,0,0,0,0,yfinance_ETH-USD,yfinance_STETH-USD,beacon_formula_16632_sqrt_S,modelo_teorico_oficial,modelo_invariante_stableswap,32400840.88,0.7026,3.2442,142035660170,2.357,27586760688,19.36,0.0135,1,97.124,relay_data_api_concorrente,32400840.88,0.1094
2026-01-24,Post-Shapella,2948.74,2949.73,1.000336,0.000336,0.0336,-0.00153,-0.001022,60.7972,48.772,61.2509,48.9912,3.6166,3.237,0.3796,10.496,0.001,1.5327,2.9114,2.327,2.3004,1.23,99.45,0,0.0,27635076733,27628630226,131671001.0,22158.15,22487.61,50.38,4608485.04,0,0,0,0,yfinance_ETH-USD,yfinance_STETH-USD,beacon_formula_16632_sqrt_S,modelo_teorico_oficial,modelo_invariante_stableswap,32635300.64,0.7051,3.237,142126900647,2.327,27704695386,19.44,0.0062,1,44.4977,relay_data_api_concorrente,32635300.64,0.0498
2026-01-25,Post-Shapella,2815.9,2813.2,0.999041,-0.000959,-0.0959,-0.046095,-0.047391,63.7782,51.3197,64.4511,51.6679,3.6008,3.2229,0.3779,10.4949,0.001,1.5338,2.8945,2.344,2.317,1.24,99.45,0,0.0,27641753018,27635317228,125062730.0,21828.84,22605.89,50.85,4377195.55,0,0,0,0,yfinance_ETH-USD,yfinance_STETH-USD,beacon_formula_16632_sqrt_S,modelo_teorico_oficial,modelo_invariante_stableswap,33019605.9,0.7063,3.2229,142951772255,2.344,26448027293,19.33,0.0066,1,47.1796,relay_data_api_concorrente,33019605.9,0.0522
2026-01-26,Post-Shapella,2926.46,2927.04,1.000198,0.000198,0.0198,0.03851,0.039668,76.4955,53.0948,77.6773,53.5325,3.6003,3.2224,0.3779,10.4963,0.001,1.5348,2.8942,2.386,2.3581,1.32,99.45,0,0.0,26649771928,26643716678,130179523.0,22051.54,22427.63,50.43,4556283.31,0,0,0,0,yfinance_ETH-USD,yfinance_STETH-USD,beacon_formula_16632_sqrt_S,modelo_teorico_oficial,modelo_invariante_stableswap,33025286.21,0.7061,3.2224,138168057043,2.386,27575465792,19.28,0.0073,0,52.3313,relay_data_api_concorrente,33025286.21,0.0578
2026-01-27,Post-Shapella,3022.21,3023.12,1.000301,0.000301,0.0301,0.032196,0.0323,54.2578,54.2881,55.3891,54.7223,3.6164,3.2369,0.3795,10.4939,0.001,1.5359,2.9121,2.352,2.3248,1.32,99.45,0,0.0,27495401950,27489120287,133772464.0,21959.04,22297.37,50.39,4682036.24,0,0,0,0,yfinance_ETH-USD,yfinance_STETH-USD,beacon_formula_16632_sqrt_S,modelo_teorico_oficial,modelo_invariante_stableswap,32621147.23,0.7044,3.2369,141954967165,2.352,28440779078,19.36,0.008,1,57.4831,relay_data_api_concorrente,32621147.23,0.0643
2026-01-28,Post-Shapella,3006.61,3006.16,0.99985,-0.00015,-0.015,-0.005176,-0.005629,53.8129,54.2935,55.0767,54.7362,3.603,3.2248,0.3782,10.4968,0.001,1.5369,2.9019,2.313,2.2867,1.23,99.45,0,0.0,28551817399,28545387751,134060930.0,22047.01,22545.1,50.55,4692132.55,0,0,0,0,yfinance_ETH-USD,yfinance_STETH-USD,beacon_formula_16632_sqrt_S,modelo_teorico_oficial,modelo_invariante_stableswap,32850411.51,0.7011,3.2248,145623065597,2.313,28589572430,19.6,0.0113,0,81.5913,relay_data_api_concorrente,32850411.51,0.0907
2026-01-29,Post-Shapella,2818.23,2817.53,0.999752,-0.000248,-0.0248,-0.064702,-0.064803,72.1819,58.7008,73.1996,59.1381,3.5807,3.2049,0.3758,10.4952,0.001,1.5379,2.8845,2.299,2.273,1.23,99.45,0,0.0,28543082749,28536777663,125221941.0,21953.54,22484.87,50.59,4382767.94,0,0,0,0,yfinance_ETH-USD,yfinance_STETH-USD,beacon_formula_16632_sqrt_S,modelo_teorico_oficial,modelo_invariante_stableswap,33248901.65,0.6962,3.2049,145725592716,2.299,26905181820,19.58,0.0147,1,105.6994,relay_data_api_concorrente,33248901.65,0.116
2026-01-30,Post-Shapella,2702.38,2700.31,0.999234,-0.000766,-0.0766,-0.041979,-0.042491,76.0057,60.3526,77.0521,60.8198,3.5592,3.1857,0.3735,10.4939,0.001,1.5389,2.8695,2.431,2.402,1.34,99.45,0,0.0,27049924851,27043982313,119699054.0,21802.14,22509.04,50.78,4189466.89,0,0,0,0,yfinance_ETH-USD,yfinance_STETH-USD,beacon_formula_16632_sqrt_S,modelo_teorico_oficial,modelo_invariante_stableswap,33597212.52,0.6897,3.1857,138689592320,2.431,25849834003,19.5,0.0094,1,68.0099,relay_data_api_concorrente,33597212.52,0.0739
2026-01-31,Post-Shapella,2445.09,2444.03,0.999566,-0.000434,-0.0434,-0.100048,-0.099718,97.4732,68.9017,98.0097,69.269,3.525,3.155,0.37,10.4965,0.001,1.54,2.8433,2.386,2.3581,1.96,99.45,0,0.0,25945545528,25939613956,107016006.0,21595.85,22181.49,50.66,3745560.21,0,0,0,0,yfinance_ETH-USD,yfinance_STETH-USD,beacon_formula_16632_sqrt_S,modelo_teorico_oficial,modelo_invariante_stableswap,34218495.21,0.6817,3.155,134370262345,2.386,23152356381,19.3,0.0053,1,38.1379,relay_data_api_concorrente,34218495.21,0.0407
2026-02-01,Post-Shapella,2267.96,2266.22,0.999233,-0.000767,-0.0767,-0.0752,-0.075535,103.0898,70.6953,103.5457,71.0961,3.5022,3.1346,0.3676,10.4963,0.001,1.541,2.83,3.617,3.5533,2.64,99.45,0,0.0,23722662579,23717284548,102983460.0,22349.66,23076.02,50.78,3604421.1,0,0,0,0,yfinance_ETH-USD,yfinance_STETH-USD,beacon_formula_16632_sqrt_S,modelo_teorico_oficial,modelo_invariante_stableswap,34541101.84,0.6722,3.1346,125001175061,3.617,22231466677,18.97,0.0131,0,94.2968,relay_data_api_concorrente,34541101.84,0.0996
2026-02-02,Post-Shapella,2344.36,2343.69,0.999714,-0.000286,-0.0286,0.033128,0.033613,100.9358,72.2442,101.099,72.6655,3.4845,3.1188,0.3657,10.495,0.001,1.542,2.8232,2.569,2.5366,2.27,99.45,0,0.0,22124035742,22118848237,103447263.0,21796.8,22335.6,50.6,3620654.21,0,0,0,0,yfinance_ETH-USD,yfinance_STETH-USD,beacon_formula_16632_sqrt_S,modelo_teorico_oficial,modelo_invariante_stableswap,34706838.54,0.6613,3.1188,118654875076,2.569,22489535437,18.64,0.0209,1,150.4557,relay_data_api_concorrente,34706838.54,0.1582
2026-02-03,Post-Shapella,2227.56,2226.66,0.999596,-0.000404,-0.0404,-0.051105,-0.051225,85.6279,73.4662,85.7299,73.8996,3.4529,3.0905,0.3624,10.4955,0.001,1.543,2.8037,2.331,2.3043,1.51,99.45,0,0.0,22422901673,22417620584,100374441.0,22238.55,22830.94,50.65,3513105.44,0,0,0,0,yfinance_ETH-USD,yfinance_STETH-USD,beacon_formula_16632_sqrt_S,modelo_teorico_oficial,modelo_invariante_stableswap,35192225.43,0.6492,3.0905,120297482255,2.331,21575519453,18.64,0.01,1,71.7119,relay_data_api_concorrente,35192225.43,0.0744
2026-02-04,Post-Shapella,2143.5,2145.78,1.001064,0.001064,0.1064,-0.038464,-0.037,79.7147,72.71,80.0642,72.9979,3.4297,3.0697,0.36,10.4965,0.001,1.5439,2.7937,2.454,2.4245,1.89,99.45,0,0.0,21432785743,21427815388,93727782.0,21813.96,21889.27,50.11,3280472.37,0,0,0,0,yfinance_ETH-USD,yfinance_STETH-USD,beacon_formula_16632_sqrt_S,modelo_teorico_oficial,modelo_invariante_stableswap,35444164.35,0.636,3.0697,117665974627,2.454,20332473382,18.21,0.0104,0,74.8055,relay_data_api_concorrente,35444164.35,0.077
2026-02-05,Post-Shapella,1821.68,1828.8,1.003908,0.003908,0.3908,-0.162681,-0.159843,115.3721,88.24,114.2099,87.9373,3.3928,3.0367,0.3561,10.4958,0.001,1.5449,2.7709,2.575,2.5425,2.64,99.45,0,0.0,20578432033,20573749629,82251128.0,22993.75,22071.23,49.07,2878789.48,0,0,0,0,yfinance_ETH-USD,yfinance_STETH-USD,beacon_formula_16632_sqrt_S,modelo_teorico_oficial,modelo_invariante_stableswap,36029821.41,0.6219,3.0367,113900253103,2.575,17987969919,18.06,0.0108,0,77.8992,relay_data_api_concorrente,36029821.41,0.0789
2026-02-06,Post-Shapella,2063.39,2059.84,0.99828,-0.00172,-0.172,0.124588,0.11897,178.6139,101.2129,174.4111,99.9311,3.4125,3.0544,0.3581,10.4938,0.001,1.5459,2.8055,3.878,3.8049,4.18,99.45,0,0.0,17021668592,17017877207,91155135.0,21590.93,22625.36,51.13,3190429.72,0,0,0,0,yfinance_ETH-USD,yfinance_STETH-USD,beacon_formula_16632_sqrt_S,modelo_teorico_oficial,modelo_invariante_stableswap,35147467.1,0.607,3.0544,99714543160,3.878,19839754263,17.07,0.0112,0,80.9929,relay_data_api_concorrente,35147467.1,0.0841
2026-02-07,Post-Shapella,2090.55,2087.92,0.998742,-0.001258,-0.1258,0.013078,0.013539,173.5228,101.635,169.4002,100.3886,3.4208,3.0618,0.359,10.4946,0.001,1.5469,2.8291,2.456,2.4264,1.86,99.45,0,0.0,19744031006,19739540277,92648408.0,21733.94,22612.23,50.96,3242694.28,0,0,0,0,yfinance_ETH-USD,yfinance_STETH-USD,beacon_formula_16632_sqrt_S,modelo_teorico_oficial,modelo_invariante_stableswap,34562572.34,0.5917,3.0618,108805525311,2.456,20022018681,18.14,0.0117,1,84.0866,relay_data_api_concorrente,34562572.34,0.0888
2026-02-08,Post-Shapella,2088.76,2089.28,1.000249,0.000249,0.0249,-0.000855,0.000652,167.9715,101.7038,163.7277,100.49,3.4238,3.0645,0.3593,10.4942,0.001,1.5479,2.8477,2.462,2.4323,1.8,99.45,0,0.0,19976782143,19972321411,92988165.0,22077.21,22435.56,50.41,3254585.78,0,0,0,0,yfinance_ETH-USD,yfinance_STETH-USD,beacon_formula_16632_sqrt_S,modelo_teorico_oficial,modelo_invariante_stableswap,34113465.08,0.5761,3.0645,111014833896,2.462,20029998886,17.99,0.0234,1,168.1351,relay_data_api_concorrente,34113465.08,0.1799
2026-02-09,Post-Shapella,2103.57,2101.06,0.998807,-0.001193,-0.1193,0.007063,0.005621,164.758,101.8503,160.2344,100.6075,3.4074,3.0498,0.3576,10.4948,0.001,1.5488,2.8469,2.326,2.2994,1.68,99.45,0,0.0,19929141311,19924708883,93727205.0,21861.49,22721.88,50.94,3280452.18,0,0,0,0,yfinance_ETH-USD,yfinance_STETH-USD,beacon_formula_16632_sqrt_S,modelo_teorico_oficial,modelo_invariante_stableswap,34131925.81,0.5605,3.0498,111360331351,2.326,20164931177,17.89,0.0161,0,116.0036,relay_data_api_concorrente,34131925.81,0.1241
2026-02-10,Post-Shapella,2019.5,2017.19,0.998856,-0.001144,-0.1144,-0.040786,-0.040738,163.5649,101.9085,158.9907,100.6695,3.3942,3.038,0.3562,10.4944,0.001,1.5498,2.8491,2.311,2.2848,1.69,99.45,0,0.0,20115342366,20110929695,89208968.0,21681.57,22517.97,50.92,3122313.88,0,0,0,0,yfinance_ETH-USD,yfinance_STETH-USD,beacon_formula_16632_sqrt_S,modelo_teorico_oficial,modelo_invariante_stableswap,34079007.93,0.5451,3.038,111764764100,2.311,19323305448,17.99,0.0089,1,63.8721,relay_data_api_concorrente,34079007.93,0.0684
2026-02-11,Post-Shapella,1940.62,1938.03,0.998665,-0.001335,-0.1335,-0.03984,-0.04003,163.6931,102.2629,159.2708,101.034,3.3793,3.0247,0.3546,10.4933,0.001,1.5508,2.8492,2.351,2.3239,1.79,99.45,0,0.0,19397045120,19392820110,86923263.0,21953.86,22868.15,50.99,3042314.2,0,0,0,0,yfinance_ETH-USD,yfinance_STETH-USD,beacon_formula_16632_sqrt_S,modelo_teorico_oficial,modelo_invariante_stableswap,34077161.07,0.5301,3.0247,108979105608,2.351,18697051768,17.8,0.0087,0,62.9425,relay_data_api_concorrente,34077161.07,0.0674
2026-02-12,Post-Shapella,1946.94,1945.22,0.999117,-0.000883,-0.0883,0.003251,0.003703,105.7221,97.598,101.9949,96.3013,3.402,3.0449,0.3571,10.4968,0.001,1.5518,2.8861,2.379,2.3512,1.52,99.45,0,0.0,18629554631,18625493966,85349529.0,21558.57,22298.91,50.82,2987233.52,0,0,0,0,yfinance_ETH-USD,yfinance_STETH-USD,beacon_formula_16632_sqrt_S,modelo_teorico_oficial,modelo_invariante_stableswap,33211110.85,0.5159,3.0449,106616872274,2.379,18550762032,17.47,0.0086,1,62.0129,relay_data_api_concorrente,33211110.85,0.0682
2026-02-13,Post-Shapella,2048.53,2047.48,0.999487,-0.000513,-0.0513,0.050862,0.051235,60.7289,100.0804,60.971,98.8114,3.3707,3.0169,0.3538,10.4963,0.001,1.5527,2.8682,2.326,2.2994,1.69,99.45,0,0.0,18594744318,18590729209,90544233.0,21796.69,22414.41,50.69,3169048.16,0,0,0,0,yfinance_ETH-USD,yfinance_STETH-USD,beacon_formula_16632_sqrt_S,modelo_teorico_oficial,modelo_invariante_stableswap,33626020.85,0.5025,3.0169,106011582427,2.326,19566998359,17.54,0.0141,0,101.8475,relay_data_api_concorrente,33626020.85,0.1106
2026-02-14,Post-Shapella,2086.01,2086.02,1.000005,5e-06,0.0005,0.018132,0.018647,61.5474,100.7946,61.8106,99.5634,3.3597,3.0071,0.3526,10.495,0.001,1.5537,2.8696,2.356,2.3287,1.64,99.45,0,0.0,19571083055,19566784785,92367180.0,21919.25,22360.0,50.5,3232851.3,0,0,0,0,yfinance_ETH-USD,yfinance_STETH-USD,beacon_formula_16632_sqrt_S,modelo_teorico_oficial,modelo_invariante_stableswap,33594765.9,0.4902,3.0071,109786584709,2.356,19910900407,17.82,0.0197,1,141.6822,relay_data_api_concorrente,33594765.9,0.1539
2026-02-15,Post-Shapella,1966.04,1961.79,0.997838,-0.002162,-0.2162,-0.05923,-0.061404,74.8572,101.8773,75.9573,100.7714,3.337,2.9867,0.3503,10.4975,0.001,1.5547,2.8578,2.283,2.2574,1.49,99.45,0,0.0,19886517559,19882019740,86824011.0,21511.15,22699.79,51.29,3038840.38,0,0,0,0,yfinance_ETH-USD,yfinance_STETH-USD,beacon_formula_16632_sqrt_S,modelo_teorico_oficial,modelo_invariante_stableswap,33870990.67,0.4791,2.9867,110640322717,2.283,18616693844,17.97,0.0066,1,47.653,relay_data_api_concorrente,33870990.67,0.0514
2026-02-16,Post-Shapella,1997.92,1995.96,0.999019,-0.000981,-0.0981,0.016083,0.017268,76.2788,102.2791,77.7648,101.2457,3.3297,2.9803,0.3494,10.4934,0.001,1.5556,2.8603,2.389,2.361,1.56,99.45,0,0.0,18701008432,18696631996,88126888.0,21676.01,22455.34,50.86,3084441.08,0,0,0,0,yfinance_ETH-USD,yfinance_STETH-USD,beacon_formula_16632_sqrt_S,modelo_teorico_oficial,modelo_invariante_stableswap,33813986.81,0.4695,2.9803,106862796483,2.389,18913263436,17.5,0.0072,1,51.783,relay_data_api_concorrente,33813986.81,0.0559
2026-02-17,Post-Shapella,1992.19,1990.97,0.999388,-0.000612,-0.0612,-0.002869,-0.002503,70.8953,102.3546,72.4955,101.3183,3.3313,2.9816,0.3497,10.4974,0.001,1.5566,2.8698,2.306,2.2799,2.01,99.45,0,0.0,18946769414,18942372800,88447566.0,21876.77,22534.19,50.72,3095664.81,0,0,0,0,yfinance_ETH-USD,yfinance_STETH-USD,beacon_formula_16632_sqrt_S,modelo_teorico_oficial,modelo_invariante_stableswap,33588406.63,0.4614,2.9816,107806615544,2.306,18924478031,17.57,0.0068,0,48.7998,relay_data_api_concorrente,33588406.63,0.053
2026-02-18,Post-Shapella,1953.97,1951.37,0.998669,-0.001331,-0.1331,-0.019371,-0.020089,65.5809,102.2595,67.3579,101.2338,3.3317,2.9821,0.3496,10.4931,0.001,1.5575,2.8767,2.316,2.2897,1.83,99.45,0,0.0,18904869556,18900577731,86144475.0,21608.35,22508.5,50.99,3015056.63,0,0,0,0,yfinance_ETH-USD,yfinance_STETH-USD,beacon_formula_16632_sqrt_S,modelo_teorico_oficial,modelo_invariante_stableswap,33427917.84,0.455,2.9821,107719878117,2.316,18391332987,17.55,0.0064,1,45.8167,relay_data_api_concorrente,33427917.84,0.05
2026-02-19,Post-Shapella,1948.2,1945.78,0.998758,-0.001242,-0.1242,-0.002959,-0.002867,65.6033,99.5448,67.3634,98.4398,3.3283,2.979,0.3493,10.4948,0.001,1.5585,2.878,2.319,2.2926,1.75,99.45,0,0.0,18526525601,18522410898,86115175.0,21679.82,22550.62,50.95,3014031.13,0,0,0,0,yfinance_ETH-USD,yfinance_STETH-USD,beacon_formula_16632_sqrt_S,modelo_teorico_oficial,modelo_invariante_stableswap,33398307.45,0.4503,2.979,105397783634,2.319,18396776323,17.57,0.0088,0,63.1367,relay_data_api_concorrente,33398307.45,0.069
2026-02-20,Post-Shapella,1969.02,1966.71,0.998827,-0.001173,-0.1173,0.010631,0.010699,51.6013,99.411,53.5706,98.3264,3.3189,2.9706,0.3483,10.4944,0.001,1.5595,2.8715,2.339,2.3121,1.81,99.45,0,0.0,18469475515,18465317570,87039264.0,21691.74,22539.06,50.93,3046374.24,0,0,0,0,yfinance_ETH-USD,yfinance_STETH-USD,beacon_formula_16632_sqrt_S,modelo_teorico_oficial,modelo_invariante_stableswap,33550146.32,0.4474,2.9706,105433616691,2.339,18630671295,17.51,0.0112,1,80.4566,relay_data_api_concorrente,33550146.32,0.0875
2026-02-21,Post-Shapella,1973.74,1971.98,0.999108,-0.000892,-0.0892,0.002392,0.002678,48.3358,99.564,50.2867,98.4879,3.3164,2.9683,0.3481,10.4963,0.001,1.5604,2.8702,2.306,2.2799,1.7,99.45,0,0.0,18639761626,18635494166,87198346.0,21725.53,22473.75,50.82,3051942.11,0,0,0,0,yfinance_ETH-USD,yfinance_STETH-USD,beacon_formula_16632_sqrt_S,modelo_teorico_oficial,modelo_invariante_stableswap,33581130.36,0.4462,2.9683,105291287270,2.306,18750315920,17.7,0.0106,0,76.1033,relay_data_api_concorrente,33581130.36,0.0827
2026-02-22,Post-Shapella,1957.81,1954.58,0.99835,-0.00165,-0.165,-0.008104,-0.008863,22.508,99.4446,23.5867,98.3509,3.3291,2.9797,0.3494,10.4953,0.001,1.5614,2.8824,2.302,2.276,1.67,99.45,0,0.0,18695553919,18691270113,86187474.0,21526.6,22532.96,51.1,3016561.59,0,0,0,0,yfinance_ETH-USD,yfinance_STETH-USD,beacon_formula_16632_sqrt_S,modelo_teorico_oficial,modelo_invariante_stableswap,33297524.36,0.4468,2.9797,105475870492,2.302,18425585415,17.72,0.01,1,71.75,relay_data_api_concorrente,33297524.36,0.0787
2026-02-23,Post-Shapella,1855.5,1852.36,0.998308,-0.001692,-0.1692,-0.053669,-0.053717,40.3454,100.3006,40.5833,99.2062,3.3183,2.97,0.3483,10.4963,0.001,1.5623,2.8693,2.32,2.2936,2.0,99.45,0,0.0,18494244937,18490087387,82393448.0,21705.91,22737.56,51.12,2883770.68,0,0,0,0,yfinance_ETH-USD,yfinance_STETH-USD,beacon_formula_16632_sqrt_S,modelo_teorico_oficial,modelo_invariante_stableswap,33601793.99,0.449,2.97,104984537686,2.32,17569402070,17.61,0.0081,1,58.5298,relay_data_api_concorrente,33601793.99,0.0636
2026-02-24,Post-Shapella,1852.97,1853.58,1.000329,0.000329,0.0329,-0.001366,0.000656,40.5339,99.7922,41.0315,98.6769,3.3225,2.9738,0.3487,10.4951,0.001,1.5633,2.8696,2.367,2.3395,1.89,99.45,0,0.0,17590287119,17586335836,80484041.0,21552.24,21875.71,50.38,2816941.44,0,0,0,0,yfinance_ETH-USD,yfinance_STETH-USD,beacon_formula_16632_sqrt_S,modelo_teorico_oficial,modelo_invariante_stableswap,33593021.98,0.4528,2.9738,101172542568,2.367,17508778309,17.38,0.0099,1,71.1907,relay_data_api_concorrente,33593021.98,0.0774
2026-02-25,Post-Shapella,2054.63,2051.98,0.99871,-0.00129,-0.129,0.103305,0.10169,90.2425,106.4187,89.1821,105.079,3.353,3.0011,0.3519,10.4951,0.001,1.5642,2.8949,2.334,2.3073,1.75,99.45,0,0.0,17484371341,17480379458,90592600.0,21618.38,22502.57,50.97,3170741.0,0,0,0,0,yfinance_ETH-USD,yfinance_STETH-USD,beacon_formula_16632_sqrt_S,modelo_teorico_oficial,modelo_invariante_stableswap,33008878.97,0.4581,3.0011,100764514669,2.334,19675878702,17.35,0.0322,1,231.9117,relay_data_api_concorrente,33008878.97,0.2564
2026-02-26,Post-Shapella,2026.79,2026.02,0.99962,-0.00038,-0.038,-0.01364,-0.012735,91.2957,105.2285,90.138,103.8652,3.3582,3.0058,0.3524,10.4937,0.001,1.5652,2.8936,2.393,2.3649,1.73,99.45,0,0.0,19396423891,19391972714,87370214.0,21278.2,21837.78,50.64,3057957.49,0,0,0,0,yfinance_ETH-USD,yfinance_STETH-USD,beacon_formula_16632_sqrt_S,modelo_teorico_oficial,modelo_invariante_stableswap,33039185.28,0.4646,3.0058,107825458956,2.393,19120221727,17.98,0.1248,0,898.5954,relay_data_api_concorrente,33039185.28,0.9927
2026-02-27,Post-Shapella,1930.76,1928.79,0.99898,-0.00102,-0.102,-0.04854,-0.049179,99.0047,105.8912,98.1606,104.5667,3.3546,3.0025,0.3521,10.496,0.001,1.5662,2.8823,2.326,2.2994,1.71,99.45,0,0.0,19114056392,19109720345,82892034.0,21091.51,21863.13,50.87,2901221.19,0,0,0,0,yfinance_ETH-USD,yfinance_STETH-USD,beacon_formula_16632_sqrt_S,modelo_teorico_oficial,modelo_invariante_stableswap,33299698.23,0.4723,3.0025,106969878200,2.326,18100072658,17.86,0.2174,1,1565.279,relay_data_api_concorrente,33299698.23,1.7157
2026-02-28,Post-Shapella,1965.05,1962.51,0.998707,-0.001293,-0.1293,0.017603,0.017332,100.0936,104.8928,99.221,103.5422,3.3675,3.014,0.3535,10.4974,0.001,1.5671,2.8865,2.363,2.3356,1.81,99.45,0,0.0,18174505188,18170379372,84800172.0,21157.98,22024.69,50.97,2968006.02,0,0,0,0,yfinance_ETH-USD,yfinance_STETH-USD,beacon_formula_16632_sqrt_S,modelo_teorico_oficial,modelo_invariante_stableswap,33201952.75,0.481,3.014,103673140685,2.363,18505994790,17.53,0.0089,1,64.1732,relay_data_api_concorrente,33201952.75,0.0705
2026-03-01,Post-Shapella,1939.07,1936.84,0.99885,-0.00115,-0.115,-0.013311,-0.013169,100.4002,104.3374,99.4853,102.9608,3.3775,3.023,0.3545,10.4959,0.001,1.5681,2.8872,2.356,2.3287,1.77,99.45,0,0.0,18456216069,18451939373,83150269.0,21046.36,21860.3,50.92,2910259.42,0,0,0,0,yfinance_ETH-USD,yfinance_STETH-USD,beacon_formula_16632_sqrt_S,modelo_teorico_oficial,modelo_invariante_stableswap,33186342.98,0.4903,3.023,104693962758,2.356,18213439986,17.62,0.0203,1,146.4915,relay_data_api_concorrente,33186342.98,0.1611
2026-03-02,Post-Shapella,2027.27,2031.74,1.002205,0.002205,0.2205,0.044483,0.047834,94.1201,100.9475,93.8013,99.7872,3.4081,3.0504,0.3577,10.4956,0.001,1.5691,2.9079,2.379,2.3512,1.7,99.45,0,0.0,18299842898,18295632398,88220778.0,21891.01,21578.45,49.7,3087727.23,0,0,0,0,yfinance_ETH-USD,yfinance_STETH-USD,beacon_formula_16632_sqrt_S,modelo_teorico_oficial,modelo_invariante_stableswap,32714956.37,0.5002,3.0504,103736393677,2.379,19254649842,17.64,0.0199,0,142.9346,relay_data_api_concorrente,32714956.37,0.1595
2026-03-03,Post-Shapella,1982.77,1983.06,1.000146,0.000146,0.0146,-0.022195,-0.024251,97.1594,98.0418,97.4803,96.86,3.4149,3.0565,0.3584,10.4952,0.001,1.5701,2.9046,2.501,2.4703,1.74,99.45,0,0.0,19117128438,19112767527,85262777.0,21308.83,21689.85,50.45,2984197.2,0,0,0,0,yfinance_ETH-USD,yfinance_STETH-USD,beacon_formula_16632_sqrt_S,modelo_teorico_oficial,modelo_invariante_stableswap,32789444.43,0.5103,3.0565,107181921628,2.501,18527131258,17.83,0.0194,1,139.3778,relay_data_api_concorrente,32789444.43,0.1552
2026-03-04,Post-Shapella,2126.51,2125.16,0.999365,-0.000635,-0.0635,0.069986,0.069209,78.8863,100.63,80.094,99.3835,3.4209,3.0618,0.3591,10.4972,0.001,1.5711,2.9004,2.519,2.4879,2.07,99.45,0,0.0,18499092314,18494716002,92763833.0,21492.7,22143.93,50.73,3246734.16,0,0,0,0,yfinance_ETH-USD,yfinance_STETH-USD,beacon_formula_16632_sqrt_S,modelo_teorico_oficial,modelo_invariante_stableswap,32884447.71,0.5205,3.0618,104868039750,2.519,19812278879,17.64,0.006,1,43.2927,relay_data_api_concorrente,32884447.71,0.0481
2026-03-05,Post-Shapella,2071.61,2072.26,1.000314,0.000314,0.0314,-0.026156,-0.025207,81.1618,99.5068,82.2519,98.2106,3.4315,3.0714,0.3601,10.494,0.001,1.572,2.9011,2.438,2.4088,1.68,99.45,0,0.0,19762266803,19757694950,89730989.0,21491.01,21816.76,50.38,3140584.62,0,0,0,0,yfinance_ETH-USD,yfinance_STETH-USD,beacon_formula_16632_sqrt_S,modelo_teorico_oficial,modelo_invariante_stableswap,32869183.36,0.5304,3.0714,110303803850,2.438,19226712087,17.91,0.0067,0,48.4809,relay_data_api_concorrente,32869183.36,0.0538
2026-03-06,Post-Shapella,1978.75,1981.22,1.001248,0.001248,0.1248,-0.045858,-0.044928,80.1399,99.8766,80.6458,98.6003,3.4456,3.0839,0.3617,10.4974,0.001,1.573,2.9055,2.34,2.3131,1.35,99.45,0,0.0,19189911209,19185450693,85559047.0,21600.39,21611.57,50.04,2994566.65,0,0,0,0,yfinance_ETH-USD,yfinance_STETH-USD,beacon_formula_16632_sqrt_S,modelo_teorico_oficial,modelo_invariante_stableswap,32768050.03,0.54,3.0839,109723024510,2.34,18302451735,17.49,0.0075,1,53.6692,relay_data_api_concorrente,32768050.03,0.0598
2026-03-07,Post-Shapella,1969.46,1968.78,0.999655,-0.000345,-0.0345,-0.004709,-0.006297,79.3684,81.5383,80.0422,80.7166,3.4538,3.0913,0.3625,10.4957,0.001,1.574,2.9048,2.332,2.3053,1.35,99.45,0,0.0,18277609683,18273353793,85673960.0,21478.97,22029.88,50.62,2998588.6,0,0,0,0,yfinance_ETH-USD,yfinance_STETH-USD,beacon_formula_16632_sqrt_S,modelo_teorico_oficial,modelo_invariante_stableswap,32783910.5,0.549,3.0913,106201139325,2.332,18177090725,17.21,0.0061,1,43.7056,relay_data_api_concorrente,32783910.5,0.0487
2026-03-08,Post-Shapella,1936.6,1939.98,1.001745,0.001745,0.1745,-0.016821,-0.014737,79.7744,68.8411,80.2123,69.0566,3.4647,3.1011,0.3636,10.4944,0.001,1.575,2.9076,2.338,2.3112,1.47,99.45,0,0.0,18193395444,18189209393,86092008.33,22288.49,22128.13,49.86,3013220.29,0,0,0,0,yfinance_ETH-USD,yfinance_STETH-USD,beacon_formula_16632_sqrt_S,modelo_teorico_oficial,modelo_invariante_stableswap,32721969.28,0.5571,3.1011,106349334684,2.338,17961033353,17.1,0.0037,1,26.9943,relay_data_api_concorrente,32721969.28,0.0301
2026-03-09,Post-Shapella,1992.94,1993.73,1.000396,0.000396,0.0396,0.028674,0.027325,75.0679,69.4862,73.9291,69.6122,3.472,3.1076,0.3644,10.4954,0.001,1.576,2.9077,2.371,2.3434,1.59,99.45,0,0.0,17978656961,17974495567,86510056.67,21549.67,21849.93,50.36,3027851.98,0,0,0,0,yfinance_ETH-USD,yfinance_STETH-USD,beacon_formula_16632_sqrt_S,modelo_teorico_oficial,modelo_invariante_stableswap,32719128.55,0.5643,3.1076,105471071632,2.371,18459971862,17.04,0.0068,0,48.7772,relay_data_api_concorrente,32719128.55,0.0544
2026-03-10,Post-Shapella,2037.12,2035.55,0.999229,-0.000771,-0.0771,0.021927,0.020762,74.7649,69.9694,73.0866,70.0439,3.4909,3.1245,0.3664,10.4959,0.001,1.577,2.9206,2.384,2.3561,1.71,99.45,0,0.0,18473289181,18468996646,86928105.0,21002.74,21686.03,50.78,3042483.68,0,0,0,0,yfinance_ETH-USD,yfinance_STETH-USD,beacon_formula_16632_sqrt_S,modelo_teorico_oficial,modelo_invariante_stableswap,32431764.85,0.5703,3.1245,107430879175,2.384,18678517241,17.19,0.0098,1,70.5601,relay_data_api_concorrente,32431764.85,0.0794
2026-03-11,Post-Shapella,2051.57,2052.55,1.000478,0.000478,0.0478,0.00707,0.008318,50.9147,69.9695,49.2362,70.0817,3.4848,3.1191,0.3657,10.4941,0.001,1.578,2.9097,2.43,2.401,1.56,99.45,0,0.0,18836554697,18832236115,88469863.0,21421.12,21691.52,50.33,3096445.2,0,0,0,0,yfinance_ETH-USD,yfinance_STETH-USD,beacon_formula_16632_sqrt_S,modelo_teorico_oficial,modelo_invariante_stableswap,32673498.16,0.575,3.1191,108219537872,2.43,19027269889,17.4,0.0181,1,130.3194,relay_data_api_concorrente,32673498.16,0.1456
2026-03-12,Post-Shapella,2073.14,2075.91,1.001336,0.001336,0.1336,0.010456,0.011317,48.5223,68.5556,47.1204,68.6842,3.4972,3.1302,0.367,10.4941,0.001,1.579,2.9187,2.464,2.4342,1.98,99.45,0,0.0,18944391298,18940033241,88354654.0,21304.73,21285.58,50.01,3092412.89,0,0,0,0,yfinance_ETH-USD,yfinance_STETH-USD,beacon_formula_16632_sqrt_S,modelo_teorico_oficial,modelo_invariante_stableswap,32472219.56,0.5784,3.1302,109491784811,2.464,18977173557,17.3,0.0138,0,99.585,relay_data_api_concorrente,32472219.56,0.1119
2026-03-13,Post-Shapella,2092.56,2087.52,0.997591,-0.002409,-0.2409,0.009327,0.005573,29.2626,67.0081,27.8249,67.0823,3.5094,3.1411,0.3683,10.4947,0.001,1.58,2.929,4.568,4.467,3.18,99.45,0,0.0,19347154063,19342664719,89178131.0,20720.11,21949.52,51.38,3121234.59,0,0,0,0,yfinance_ETH-USD,yfinance_STETH-USD,beacon_formula_16632_sqrt_S,modelo_teorico_oficial,modelo_invariante_stableswap,32245497.67,0.5804,3.1411,111649385588,4.568,19169047136,17.32,0.0096,0,68.8506,relay_data_api_concorrente,32245497.67,0.0779
2026-03-14,Post-Shapella,2097.09,2096.18,0.999566,-0.000434,-0.0434,0.002159,0.004141,27.835,67.0076,25.6173,67.0835,3.5121,3.1435,0.3686,10.4951,0.001,1.581,2.9312,2.412,2.3834,1.51,99.45,0,0.0,19259126693,19254707141,89201657.0,20988.21,21557.07,50.66,3122058.0,0,0,0,0,yfinance_ETH-USD,yfinance_STETH-USD,beacon_formula_16632_sqrt_S,modelo_teorico_oficial,modelo_invariante_stableswap,32196986.59,0.5809,3.1435,111308541904,2.412,19152262698,17.3,0.0053,1,38.1162,relay_data_api_concorrente,32196986.59,0.0432
2026-03-15,Post-Shapella,2177.48,2173.74,0.998282,-0.001718,-0.1718,0.037617,0.036333,24.7352,65.9549,23.323,65.9118,3.5243,3.1544,0.3699,10.4957,0.001,1.5821,2.9443,2.372,2.3444,1.48,99.45,0,0.0,19213325544,19208912307,92262327.0,20708.33,21700.09,51.13,3229181.44,0,0,0,0,yfinance_ETH-USD,yfinance_STETH-USD,beacon_formula_16632_sqrt_S,modelo_teorico_oficial,modelo_invariante_stableswap,31910845.45,0.5799,3.1544,111725301466,2.372,19962892307,17.19,0.0083,1,59.9608,relay_data_api_concorrente,31910845.45,0.0686
2026-03-16,Post-Shapella,2351.18,2349.18,0.999149,-0.000851,-0.0851,0.076749,0.077617,50.1456,70.7503,50.4015,70.8142,3.5344,3.1634,0.371,10.4968,0.001,1.5831,2.9568,2.512,2.4811,1.67,99.45,0,0.0,19946945318,19942334427,100865195.0,21102.47,21815.91,50.81,3530281.82,0,0,0,0,yfinance_ETH-USD,yfinance_STETH-USD,beacon_formula_16632_sqrt_S,modelo_teorico_oficial,modelo_invariante_stableswap,31641486.38,0.5776,3.1634,114645095708,2.512,21711206042,17.39,0.0084,1,60.2458,relay_data_api_concorrente,31641486.38,0.0695
2026-03-17,Post-Shapella,2318.05,2318.84,1.000341,0.000341,0.0341,-0.014188,-0.013,57.1738,67.3473,56.9612,67.1065,3.5242,3.1543,0.3699,10.496,0.001,1.5841,2.9503,2.408,2.3795,1.57,99.45,0,0.0,21663118328,21658293903,99573096.0,21315.99,21632.18,50.38,3485058.36,0,0,0,0,yfinance_ETH-USD,yfinance_STETH-USD,beacon_formula_16632_sqrt_S,modelo_teorico_oficial,modelo_invariante_stableswap,31780368.44,0.5738,3.1543,119878446969,2.408,21352820748,18.07,0.0083,1,59.5795,relay_data_api_concorrente,31780368.44,0.0684
2026-03-18,Post-Shapella,2203.67,2202.61,0.999519,-0.000481,-0.0481,-0.050603,-0.051424,76.1717,69.9921,76.5114,69.8223,3.5075,3.1394,0.3681,10.4947,0.001,1.5851,2.9387,2.387,2.359,1.32,99.45,0,0.0,21345683804,21340912878,94119539.0,21066.49,21654.29,50.68,3294183.86,0,0,0,0,yfinance_ETH-USD,yfinance_STETH-USD,beacon_formula_16632_sqrt_S,modelo_teorico_oficial,modelo_invariante_stableswap,32033447.78,0.5688,3.1394,118935396527,2.387,20199105328,17.94,0.0098,1,70.2163,relay_data_api_concorrente,32033447.78,0.08
2026-03-19,Post-Shapella,2137.42,2141.22,1.001778,0.001778,0.1778,-0.030524,-0.028267,81.6447,70.9554,81.3106,70.6643,3.4921,3.1256,0.3665,10.4951,0.001,1.5861,2.9295,2.456,2.4264,1.58,99.45,0,0.0,20389041084,20384523526,91774424.0,21532.15,21366.87,49.85,3212104.84,0,0,0,0,yfinance_ETH-USD,yfinance_STETH-USD,beacon_formula_16632_sqrt_S,modelo_teorico_oficial,modelo_invariante_stableswap,32234486.06,0.5626,3.1256,114210074356,2.456,19786603356,17.85,0.0092,1,66.0769,relay_data_api_concorrente,32234486.06,0.0748
2026-03-20,Post-Shapella,2146.5,2146.97,1.000219,0.000219,0.0219,0.004236,0.002684,81.539,70.5224,81.3125,70.196,3.4861,3.1203,0.3658,10.4931,0.001,1.5871,2.9306,2.447,2.4176,1.33,99.45,0,0.0,19738092918,19733612449,91958687.0,21241.12,21595.38,50.42,3218554.05,0,0,0,0,yfinance_ETH-USD,yfinance_STETH-USD,beacon_formula_16632_sqrt_S,modelo_teorico_oficial,modelo_invariante_stableswap,32209318.67,0.5555,3.1203,111416718190,2.447,19852582547,17.71,0.0107,0,77.2944,relay_data_api_concorrente,32209318.67,0.0876
2026-03-21,Post-Shapella,2076.69,2099.22,1.010849,0.010849,1.0849,-0.033062,-0.022491,85.783,71.6228,83.5308,70.7406,3.4704,3.1062,0.3642,10.4945,0.001,1.5881,2.9229,2.382,2.3541,1.27,99.45,0,0.0,19778104090,19773593922,91770966.0,23624.77,20345.48,46.54,3211983.81,0,0,0,0,yfinance_ETH-USD,yfinance_STETH-USD,beacon_formula_16632_sqrt_S,modelo_teorico_oficial,modelo_invariante_stableswap,32379805.34,0.5475,3.1062,112411195787,2.382,19743823926,17.59,0.0123,0,88.5118,relay_data_api_concorrente,32379805.34,0.0998
2026-03-22,Post-Shapella,2053.05,2053.8,1.000365,0.000365,0.0365,-0.01145,-0.021878,79.2783,71.707,78.6495,71.1784,3.4507,3.0885,0.3622,10.4964,0.001,1.5891,2.9117,2.928,2.8861,1.55,99.45,0,0.0,19135445843,19131083885,87483368.0,21149.26,21454.31,50.37,3061917.88,0,0,0,0,yfinance_ETH-USD,yfinance_STETH-USD,beacon_formula_16632_sqrt_S,modelo_teorico_oficial,modelo_invariante_stableswap,32628850.37,0.539,3.0885,110813673196,2.928,18763094759,17.26,0.0139,0,99.7292,relay_data_api_concorrente,32628850.37,0.1116
2026-03-23,Post-Shapella,2152.15,2151.76,0.999819,-0.000181,-0.0181,0.04714,0.046595,60.6178,73.4627,58.7531,72.9017,3.4355,3.075,0.3605,10.4934,0.001,1.5901,2.9056,2.499,2.4684,1.34,99.45,0,0.0,18855135858,18850808128,91689621.0,21060.7,21546.94,50.57,3209136.74,0,0,0,0,yfinance_ETH-USD,yfinance_STETH-USD,beacon_formula_16632_sqrt_S,modelo_teorico_oficial,modelo_invariante_stableswap,32767831.66,0.53,3.075,108301973727,2.499,19761025070,17.41,0.0154,1,110.9467,relay_data_api_concorrente,32767831.66,0.1236
2026-03-24,Post-Shapella,2155.7,2157.7,1.000928,0.000928,0.0928,0.001652,0.00276,61.4445,73.3577,59.7713,72.7781,3.431,3.0709,0.3601,10.4955,0.001,1.5911,2.9102,2.443,2.4137,1.29,99.45,0,0.0,19697635615,19693061744,91706365.0,21201.9,21319.66,50.16,3209722.78,0,0,0,0,yfinance_ETH-USD,yfinance_STETH-USD,beacon_formula_16632_sqrt_S,modelo_teorico_oficial,modelo_invariante_stableswap,32663601.13,0.5208,3.0709,111596706301,2.443,19717508855,17.65,0.0088,1,63.0348,relay_data_api_concorrente,32663601.13,0.0704
2026-03-25,Post-Shapella,2168.02,2167.1,0.999576,-0.000424,-0.0424,0.005697,0.004346,51.6963,70.4284,49.023,69.8107,3.4336,3.0732,0.3604,10.4963,0.001,1.5921,2.922,2.425,2.3961,1.3,99.45,0,0.0,19864241938,19859657228,92449394.0,21041.8,21609.69,50.66,3235728.79,0,0,0,0,yfinance_ETH-USD,yfinance_STETH-USD,beacon_formula_16632_sqrt_S,modelo_teorico_oficial,modelo_invariante_stableswap,32400926.38,0.5116,3.0732,111387745468,2.425,19842698181,17.83,0.0083,1,59.4297,relay_data_api_concorrente,32400926.38,0.0669
2026-03-26,Post-Shapella,2059.58,2058.15,0.999306,-0.000694,-0.0694,-0.051314,-0.051583,60.0919,73.1171,58.5043,72.5653,3.4222,3.063,0.3592,10.4962,0.001,1.593,2.9194,2.455,2.4254,1.3,99.45,0,0.0,19875845066,19871257950,88024520.0,21047.57,21706.56,50.75,3080858.2,0,0,0,0,yfinance_ETH-USD,yfinance_STETH-USD,beacon_formula_16632_sqrt_S,modelo_teorico_oficial,modelo_invariante_stableswap,32456739.09,0.5028,3.063,112073252019,2.455,18955321206,17.73,0.0062,1,44.5683,relay_data_api_concorrente,32456739.09,0.0501
2026-03-27,Post-Shapella,1991.27,1990.92,0.999824,-0.000176,-0.0176,-0.033728,-0.033208,62.6265,64.7213,61.0773,64.3828,3.408,3.0503,0.3577,10.4959,0.001,1.594,2.9136,2.462,2.4323,1.29,99.45,0,0.0,18827443963,18823125185,84642195.0,21013.64,21496.78,50.56,2962476.82,0,0,0,0,yfinance_ETH-USD,yfinance_STETH-USD,beacon_formula_16632_sqrt_S,modelo_teorico_oficial,modelo_invariante_stableswap,32586821.95,0.4944,3.0503,107755459706,2.462,18238284039,17.47,0.0086,1,62.0407,relay_data_api_concorrente,32586821.95,0.0695
2026-03-28,Post-Shapella,1992.69,1992.86,1.000085,8.5e-05,0.0085,0.000714,0.00097,59.9913,64.5632,60.689,64.2459,3.4078,3.0502,0.3576,10.4936,0.001,1.595,2.9211,2.406,2.3776,1.26,99.45,0,0.0,18311443686,18307283325,86046509.0,21387.4,21791.82,50.47,3011627.82,0,0,0,0,yfinance_ETH-USD,yfinance_STETH-USD,beacon_formula_16632_sqrt_S,modelo_teorico_oficial,modelo_invariante_stableswap,32419127.27,0.4867,3.0502,105652837123,2.406,18451341645,17.33,0.0084,0,60.4893,relay_data_api_concorrente,32419127.27,0.0681
2026-03-29,Post-Shapella,1982.56,1984.14,1.000797,0.000797,0.0797,-0.005099,-0.004384,59.8088,62.2367,59.4574,61.8331,3.4028,3.0457,0.3571,10.4943,0.001,1.596,2.9228,2.384,2.3561,1.27,99.45,0,0.0,18328731186,18324608857,85386376.0,21444.16,21607.37,50.21,2988523.16,0,0,0,0,yfinance_ETH-USD,yfinance_STETH-USD,beacon_formula_16632_sqrt_S,modelo_teorico_oficial,modelo_invariante_stableswap,32381275.19,0.48,3.0457,105734165828,2.384,18131957303,17.33,0.0082,0,58.9379,relay_data_api_concorrente,32381275.19,0.0664
2026-03-30,Post-Shapella,2023.51,2023.11,0.999802,-0.000198,-0.0198,0.020447,0.019453,47.4932,62.3406,47.0942,61.9083,3.3915,3.0356,0.3559,10.4939,0.001,1.597,2.9172,2.41,2.3815,1.27,99.45,0,0.0,18235284778,18231193439,86319770.0,21085.1,21577.6,50.57,3021191.95,0,0,0,0,yfinance_ETH-USD,yfinance_STETH-USD,beacon_formula_16632_sqrt_S,modelo_teorico_oficial,modelo_invariante_stableswap,32506909.36,0.4743,3.0356,105978135938,2.41,18726113839,17.2,0.008,0,57.3864,relay_data_api_concorrente,32506909.36,0.0644
2026-03-31,Post-Shapella,2104.71,2102.95,0.999164,-0.000836,-0.0836,0.039341,0.038702,58.9554,63.5159,58.2859,63.046,3.3938,3.0377,0.3561,10.4927,0.001,1.5979,2.9239,2.421,2.3922,1.27,99.45,0,0.0,18609641628,18605507730,88930651.0,20786.23,21484.9,50.81,3112572.78,0,0,0,0,yfinance_ETH-USD,yfinance_STETH-USD,beacon_formula_16632_sqrt_S,modelo_teorico_oficial,modelo_invariante_stableswap,32358757.44,0.47,3.0377,106778620209,2.421,19331329288,17.42,0.0078,1,55.835,relay_data_api_concorrente,32358757.44,0.063
2026-04-01,Post-Shapella,2138.74,2138.94,1.000094,9.4e-05,0.0094,0.016039,0.016973,60.3839,61.9174,60.0298,61.1586,3.3932,3.0371,0.3561,10.4945,0.001,1.5989,2.9261,2.434,2.4049,1.28,99.45,0,0.0,19385379185,19381197656,90937058.0,21061.95,21455.03,50.46,3182797.03,0,0,0,0,yfinance_ETH-USD,yfinance_STETH-USD,beacon_formula_16632_sqrt_S,modelo_teorico_oficial,modelo_invariante_stableswap,32309402.26,0.4671,3.0371,110157221099,2.434,19831173985,17.59,0.0101,0,72.6495,relay_data_api_concorrente,32309402.26,0.0821
2026-04-02,Post-Shapella,2056.85,2056.66,0.999908,-9.2e-05,-0.0092,-0.039039,-0.039231,54.6574,63.0076,54.1845,62.1738,3.3926,3.0365,0.3561,10.4964,0.001,1.5999,2.9268,2.521,2.4898,1.35,99.45,0,0.0,19784016607,19779927292,87471818.0,21036.16,21492.91,50.53,3061513.63,0,0,0,0,yfinance_ETH-USD,yfinance_STETH-USD,beacon_formula_16632_sqrt_S,modelo_teorico_oficial,modelo_invariante_stableswap,32293444.14,0.4657,3.0365,110678944114,2.521,19076234220,17.87,0.0124,0,89.4639,relay_data_api_concorrente,32293444.14,0.1011
2026-04-03,Post-Shapella,2053.39,2053.0,0.99981,-0.00019,-0.019,-0.001687,-0.001778,47.0671,57.9168,46.7455,57.1287,3.3973,3.0407,0.3566,10.4966,0.001,1.6009,2.9313,2.412,2.3834,1.27,99.45,0,0.0,19014927904,19010936793,87086917.0,20964.8,21450.57,50.57,3048042.1,0,0,0,0,yfinance_ETH-USD,yfinance_STETH-USD,beacon_formula_16632_sqrt_S,modelo_teorico_oficial,modelo_invariante_stableswap,32195834.25,0.466,3.0407,107938549917,2.412,19017515514,17.61,0.0148,0,106.2784,relay_data_api_concorrente,32195834.25,0.1205
2026-04-04,Post-Shapella,2065.35,2064.19,0.999438,-0.000562,-0.0562,0.005811,0.005432,46.9689,57.2503,46.6581,56.5011,3.3985,3.0419,0.3566,10.4929,0.001,1.6018,2.9305,2.367,2.3395,1.24,99.45,0,0.0,19047673754,19043623764,87448525.0,20871.52,21481.32,50.71,3060698.38,0,0,0,0,yfinance_ETH-USD,yfinance_STETH-USD,beacon_formula_16632_sqrt_S,modelo_teorico_oficial,modelo_invariante_stableswap,32212467.42,0.4681,3.0419,107445167445,2.367,19232967738,17.72,0.0171,1,123.0929,relay_data_api_concorrente,32212467.42,0.1395
2026-04-05,Post-Shapella,2109.0,2109.05,1.000024,2.4e-05,0.0024,0.020911,0.021504,47.2819,55.2353,47.224,54.591,3.4056,3.0482,0.3574,10.4945,0.001,1.6028,2.9338,2.366,2.3385,1.24,99.45,0,0.0,19193132001,19189061194,87417734.0,20521.91,20927.44,50.49,3059620.69,0,0,0,0,yfinance_ETH-USD,yfinance_STETH-USD,beacon_formula_16632_sqrt_S,modelo_teorico_oficial,modelo_invariante_stableswap,32140087.64,0.4718,3.0482,108057072686,2.366,19346858310,17.76,0.0142,0,102.0639,relay_data_api_concorrente,32140087.64,0.1159
2026-04-06,Post-Shapella,2107.76,2106.3,0.999307,-0.000693,-0.0693,-0.000585,-0.001306,46.5726,55.1898,46.7309,54.5223,3.4024,3.0454,0.357,10.4926,0.001,1.6038,2.9251,2.383,2.3551,1.25,99.45,0,0.0,19795123847,19790964500,90649354.0,21180.05,21842.51,50.75,3172727.39,0,0,0,0,yfinance_ETH-USD,yfinance_STETH-USD,beacon_formula_16632_sqrt_S,modelo_teorico_oficial,modelo_invariante_stableswap,32330481.48,0.4773,3.0454,110285434406,2.383,19740314124,17.95,0.0113,1,81.0348,relay_data_api_concorrente,32330481.48,0.0915
2026-04-07,Post-Shapella,2241.81,2242.12,1.000138,0.000138,0.0138,0.061656,0.062486,57.7801,58.4656,58.5843,58.0346,3.4105,3.0526,0.3579,10.4941,0.001,1.6048,2.926,2.401,2.3727,1.26,99.45,0,0.0,19737038477,19733014265,92089311.0,20354.5,20720.74,50.45,3223125.88,0,0,0,0,yfinance_ETH-USD,yfinance_STETH-USD,beacon_formula_16632_sqrt_S,modelo_teorico_oficial,modelo_invariante_stableswap,32311514.52,0.4845,3.0526,108294905826,2.401,20715088078,18.22,0.0065,1,46.6176,relay_data_api_concorrente,32311514.52,0.0527
2026-04-08,Post-Shapella,2190.34,2191.33,1.000452,0.000452,0.0452,-0.023227,-0.022914,61.7004,58.6096,62.3078,58.2284,3.4085,3.0508,0.3577,10.4944,0.001,1.6058,2.9152,2.423,2.3942,1.34,99.45,0,0.0,20901391598,20897128910,93100948.0,21110.22,21385.36,50.34,3258533.18,0,0,0,0,yfinance_ETH-USD,yfinance_STETH-USD,beacon_formula_16632_sqrt_S,modelo_teorico_oficial,modelo_invariante_stableswap,32551418.19,0.4933,3.0508,113332147734,2.423,20542820790,18.44,0.006,0,43.4351,relay_data_api_concorrente,32551418.19,0.0487
2026-04-09,Post-Shapella,2189.14,2189.57,1.000196,0.000196,0.0196,-0.000544,-0.0008,50.9091,58.2262,51.5408,57.8923,3.4249,3.0654,0.3595,10.4967,0.001,1.6067,2.9212,2.358,2.3307,1.24,99.45,0,0.0,20469602429,20465462415,93440746.0,21159.0,21520.54,50.43,3270426.11,0,0,0,0,yfinance_ETH-USD,yfinance_STETH-USD,beacon_formula_16632_sqrt_S,modelo_teorico_oficial,modelo_invariante_stableswap,32417043.61,0.5036,3.0654,111714908795,2.358,20883508263,18.32,0.0056,1,40.2526,relay_data_api_concorrente,32417043.61,0.0453
2026-04-10,Post-Shapella,2245.15,2245.33,1.00008,8e-05,0.008,0.025261,0.025147,51.2164,58.7532,51.7991,58.4031,3.438,3.0772,0.3608,10.4945,0.001,1.6077,2.9227,2.378,2.3502,1.27,99.45,0,0.0,20647874307,20643692086,94684611.0,20888.24,21283.01,50.47,3313961.38,0,0,0,0,yfinance_ETH-USD,yfinance_STETH-USD,beacon_formula_16632_sqrt_S,modelo_teorico_oficial,modelo_invariante_stableswap,32385161.73,0.5154,3.0772,112195026352,2.378,21085535262,18.4,0.0054,0,38.9555,relay_data_api_concorrente,32385161.73,0.0439
2026-04-11,Post-Shapella,2285.39,2285.82,1.000188,0.000188,0.0188,0.017765,0.017869,50.9573,58.925,51.5017,58.5651,3.451,3.0888,0.3622,10.4955,0.001,1.6087,2.9227,2.367,2.3395,1.25,99.45,0,0.0,21076937862,21072673536,97140377.0,21068.8,21432.11,50.43,3399913.2,0,0,0,0,yfinance_ETH-USD,yfinance_STETH-USD,beacon_formula_16632_sqrt_S,modelo_teorico_oficial,modelo_invariante_stableswap,32385150.1,0.5283,3.0888,113980956182,2.367,21509974947,18.49,0.0052,0,37.6585,relay_data_api_concorrente,32385150.1,0.0424
2026-04-12,Post-Shapella,2192.2,2192.54,1.000155,0.000155,0.0155,-0.041631,-0.041662,64.3854,60.9107,64.8073,60.6073,3.4493,3.0873,0.362,10.4949,0.001,1.6097,2.907,2.359,2.3317,1.24,99.45,0,0.0,21484367870,21480111929,92942959.0,21010.4,21383.4,50.44,3253003.57,0,0,0,0,yfinance_ETH-USD,yfinance_STETH-USD,beacon_formula_16632_sqrt_S,modelo_teorico_oficial,modelo_invariante_stableswap,32735919.2,0.5423,3.0873,115438456972,2.359,20591041646,18.61,0.005,0,36.3614,relay_data_api_concorrente,32735919.2,0.0405
2026-04-13,Post-Shapella,2370.71,2373.42,1.001143,0.001143,0.1143,0.078285,0.079271,82.4771,66.5347,83.1489,66.388,3.4782,3.1132,0.365,10.4939,0.001,1.6107,2.921,2.392,2.3639,1.26,99.45,0,0.0,20779074593,20774946598,98334614.0,20704.69,20750.57,50.08,3441711.49,0,0,0,0,yfinance_ETH-USD,yfinance_STETH-USD,beacon_formula_16632_sqrt_S,modelo_teorico_oficial,modelo_invariante_stableswap,32421819.35,0.5572,3.1132,112251144539,2.392,22147232348,18.51,0.0049,1,35.0643,relay_data_api_concorrente,32421819.35,0.0395
2026-04-14,Post-Shapella,2323.31,2319.61,0.998407,-0.001593,-0.1593,-0.020199,-0.022931,76.3445,65.921,77.4395,65.9881,3.4753,3.1106,0.3647,10.4941,0.001,1.6117,2.9026,2.411,2.3825,1.37,99.45,0,0.0,22370824465,22366494343,97945017.0,20623.32,21568.56,51.08,3428075.6,0,0,0,0,yfinance_ETH-USD,yfinance_STETH-USD,beacon_formula_16632_sqrt_S,modelo_teorico_oficial,modelo_invariante_stableswap,32835250.49,0.5727,3.1106,118190258138,2.411,21893434948,18.92,0.0056,0,40.2925,relay_data_api_concorrente,32835250.49,0.0448
2026-04-15,Post-Shapella,2359.44,2361.91,1.001047,0.001047,0.1047,0.015431,0.018071,72.6314,60.4297,74.0816,60.4554,3.4959,3.129,0.3669,10.4952,0.001,1.6127,2.9073,2.373,2.3454,1.3,99.45,0,0.0,22012225671,22008015990,99974408.0,21136.42,21213.46,50.12,3499104.28,0,0,0,0,yfinance_ETH-USD,yfinance_STETH-USD,beacon_formula_16632_sqrt_S,modelo_teorico_oficial,modelo_invariante_stableswap,32728430.99,0.5886,3.129,117128186696,2.373,22428279587,18.79,0.0063,0,45.5206,relay_data_api_concorrente,32728430.99,0.0508
2026-04-16,Post-Shapella,2348.65,2350.46,1.000771,0.000771,0.0771,-0.004584,-0.004861,73.0666,60.2361,74.5222,60.2986,3.5092,3.1409,0.3683,10.4953,0.001,1.6137,2.9044,2.374,2.3463,1.36,99.45,0,0.0,22264434722,22260178625,98823507.0,20946.54,21113.91,50.22,3458822.74,0,0,0,0,yfinance_ETH-USD,yfinance_STETH-USD,beacon_formula_16632_sqrt_S,modelo_teorico_oficial,modelo_invariante_stableswap,32793168.33,0.6047,3.1409,117924900102,2.374,22067983214,18.88,0.007,1,50.7488,relay_data_api_concorrente,32793168.33,0.0565
2026-04-17,Post-Shapella,2421.07,2420.83,0.999901,-9.9e-05,-0.0099,0.030372,0.0295,73.8034,58.1875,75.1197,58.1029,3.5267,3.1566,0.3701,10.4942,0.001,1.6147,2.9059,2.446,2.4166,1.32,99.45,0,0.0,22101841329,22097381490,102867710.0,21016.31,21474.35,50.54,3600369.85,0,0,0,0,yfinance_ETH-USD,yfinance_STETH-USD,beacon_formula_16632_sqrt_S,modelo_teorico_oficial,modelo_invariante_stableswap,32759232.99,0.6207,3.1566,117638536597,2.446,22888695246,18.78,0.0121,1,86.8455,relay_data_api_concorrente,32759232.99,0.0968
2026-04-18,Post-Shapella,2351.1,2339.58,0.9951,-0.0049,-0.49,-0.029327,-0.034139,78.7585,58.1018,81.2584,58.537,3.5317,3.1611,0.3706,10.4935,0.001,1.6158,2.8953,2.459,2.4293,1.46,99.45,0,0.0,22816462859,22812029218,99187344.0,20128.35,22167.9,52.29,3471557.04,0,0,0,0,yfinance_ETH-USD,yfinance_STETH-USD,beacon_formula_16632_sqrt_S,modelo_teorico_oficial,modelo_invariante_stableswap,33000898.05,0.6365,3.1611,119949851836,2.459,22130557281,19.02,0.0191,0,137.2171,relay_data_api_concorrente,33000898.05,0.1518
2026-04-19,Post-Shapella,2264.92,2252.37,0.994459,-0.005541,-0.5541,-0.037345,-0.037989,77.2937,59.7921,80.0558,60.2545,3.5475,3.1752,0.3723,10.4947,0.001,1.6168,2.8958,2.665,2.6302,5.93,99.45,0,0.0,22143077220,22138773233,95662271.0,20052.84,22307.25,52.52,3348179.49,0,0,0,0,yfinance_ETH-USD,yfinance_STETH-USD,beacon_formula_16632_sqrt_S,modelo_teorico_oficial,modelo_invariante_stableswap,32988953.1,0.6517,3.1752,113298628089,2.665,21230675911,19.54,0.0261,1,187.5886,relay_data_api_concorrente,32988953.1,0.2076
2026-04-20,Post-Shapella,2315.21,2300.57,0.993677,-0.006323,-0.6323,0.021963,0.021176,50.8262,58.828,53.2686,59.9818,3.5514,3.1787,0.3727,10.4945,0.001,1.6178,2.8853,2.829,2.7898,6.19,99.45,0,0.0,21401249344,21397073331,97184535.0,19809.47,22308.15,52.81,3401458.72,0,0,0,0,yfinance_ETH-USD,yfinance_STETH-USD,beacon_formula_16632_sqrt_S,modelo_teorico_oficial,modelo_invariante_stableswap,33228975.85,0.6661,3.1787,105511391240,2.829,21729203244,20.28,0.0396,1,284.873,relay_data_api_concorrente,33228975.85,0.3129
2026-04-21,Post-Shapella,2327.97,2317.19,0.995369,-0.004631,-0.4631,0.005495,0.0072,49.0091,58.5779,51.3183,59.3145,3.5704,3.1957,0.3747,10.4946,0.001,1.6188,2.8908,2.626,2.5922,5.9,99.45,0,0.0,21833714841,21829437049,96637830.0,19846.88,21765.54,52.19,3382324.05,0,0,0,0,yfinance_ETH-USD,yfinance_STETH-USD,beacon_formula_16632_sqrt_S,modelo_teorico_oficial,modelo_invariante_stableswap,33103665.23,0.6796,3.1957,106303804662,2.626,21602140175,20.54,0.059,0,424.8615,relay_data_api_concorrente,33103665.23,0.4685
2026-04-22,Post-Shapella,2376.09,2371.17,0.997929,-0.002071,-0.2071,0.020459,0.023027,50.0771,56.8288,52.4999,57.734,3.5861,3.2098,0.3763,10.4933,0.001,1.6199,2.8942,2.586,2.5532,3.13,99.45,0,0.0,21801017652,21796705556,100094669.0,20534.14,21636.45,51.26,3503313.42,0,0,0,0,yfinance_ETH-USD,yfinance_STETH-USD,beacon_formula_16632_sqrt_S,modelo_teorico_oficial,modelo_invariante_stableswap,33026340.37,0.692,3.2098,105981961516,2.586,22397742893,20.57,0.0785,1,564.85,relay_data_api_concorrente,33026340.37,0.6243
2026-04-23,Post-Shapella,2331.51,2321.37,0.995651,-0.004349,-0.4349,-0.018938,-0.021227,52.084,57.3553,54.8071,58.3618,3.5962,3.2188,0.3774,10.4944,0.001,1.6209,2.8931,2.613,2.5795,2.52,99.45,0,0.0,22211076930,22206736474,97567721.0,20049.9,21892.76,52.09,3414870.24,0,0,0,0,yfinance_ETH-USD,yfinance_STETH-USD,beacon_formula_16632_sqrt_S,modelo_teorico_oficial,modelo_invariante_stableswap,33049800.99,0.7031,3.2188,107596845358,2.613,21758150863,20.64,0.0219,1,157.4566,relay_data_api_concorrente,33049800.99,0.1739
2026-04-24,Post-Shapella,2315.69,2308.53,0.996908,-0.003092,-0.3092,-0.00681,-0.005544,44.8592,57.4365,48.0681,58.423,3.599,3.2213,0.3777,10.4946,0.001,1.6219,2.8862,2.639,2.6049,2.27,99.45,0,0.0,21871793896,21867482466,96774488.0,20215.1,21642.6,51.63,3387107.08,0,0,0,0,yfinance_ETH-USD,yfinance_STETH-USD,beacon_formula_16632_sqrt_S,modelo_teorico_oficial,modelo_invariante_stableswap,33208241.11,0.7127,3.2213,106129702165,2.639,21609650652,20.6,0.0687,1,494.6095,relay_data_api_concorrente,33208241.11,0.5436
2026-04-25,Post-Shapella,2318.83,2311.79,0.996964,-0.003036,-0.3036,0.001355,0.001411,40.5682,54.1019,42.2661,55.1244,3.6149,3.2355,0.3794,10.4954,0.001,1.623,2.8939,2.482,2.4518,2.11,99.45,0,0.0,21684192309,21679883703,96886187.0,20219.57,21628.46,51.61,3391016.55,0,0,0,0,yfinance_ETH-USD,yfinance_STETH-USD,beacon_formula_16632_sqrt_S,modelo_teorico_oficial,modelo_invariante_stableswap,33031178.48,0.7209,3.2355,104962730649,2.482,21619974358,20.65,0.0539,0,388.0846,relay_data_api_concorrente,33031178.48,0.4288
2026-04-26,Post-Shapella,2369.73,2368.98,0.999684,-0.000316,-0.0316,0.021713,0.024436,30.3794,52.6795,32.599,53.8972,3.6355,3.254,0.3815,10.4937,0.001,1.624,2.9081,2.523,2.4918,2.28,99.45,0,0.0,21656804884,21652504124,98593150.0,20546.6,21065.29,50.62,3450760.25,0,0,0,0,yfinance_ETH-USD,yfinance_STETH-USD,beacon_formula_16632_sqrt_S,modelo_teorico_oficial,modelo_invariante_stableswap,32711577.05,0.7275,3.254,105243233973,2.523,21976270313,20.57,0.0391,0,281.5597,relay_data_api_concorrente,32711577.05,0.3142
2026-04-27,Post-Shapella,2303.06,2292.47,0.995402,-0.004598,-0.4598,-0.028535,-0.032831,36.0588,54.0062,40.8164,55.5425,3.6321,3.2509,0.3812,10.4953,0.001,1.625,2.8997,2.508,2.4771,2.41,99.45,0,0.0,22160224251,22155889591,95786676.0,19889.1,21802.2,52.18,3352533.66,0,0,0,0,yfinance_ETH-USD,yfinance_STETH-USD,beacon_formula_16632_sqrt_S,modelo_teorico_oficial,modelo_invariante_stableswap,32901209.6,0.7324,3.2509,107107381788,2.508,21364493936,20.69,0.0243,1,175.0347,relay_data_api_concorrente,32901209.6,0.1942
2026-04-28,Post-Shapella,2289.42,2279.98,0.995877,-0.004123,-0.4123,-0.005942,-0.005462,35.7983,54.0265,40.3843,55.5659,3.6347,3.2532,0.3815,10.4961,0.001,1.6261,2.8989,2.543,2.5113,2.07,99.45,0,0.0,21546181742,21541951034,95843866.0,20092.58,21861.38,52.0,3354535.31,0,0,0,0,yfinance_ETH-USD,yfinance_STETH-USD,beacon_formula_16632_sqrt_S,modelo_teorico_oficial,modelo_invariante_stableswap,32917416.25,0.7357,3.2532,104572539074,2.543,21308071762,20.6,0.0111,1,80.1966,relay_data_api_concorrente,32917416.25,0.0889
2026-04-29,Post-Shapella,2253.42,2251.73,0.99925,-0.00075,-0.075,-0.015851,-0.012469,30.9804,54.1864,34.5475,55.6098,3.6297,3.2488,0.3809,10.494,0.001,1.6271,2.8922,2.8,2.7616,2.34,99.45,0,0.0,21361830662,21357629031,94065115.0,20548.8,21210.38,50.77,3292279.03,0,0,0,0,yfinance_ETH-USD,yfinance_STETH-USD,beacon_formula_16632_sqrt_S,modelo_teorico_oficial,modelo_invariante_stableswap,33070084.33,0.7375,3.2488,103929635549,2.8,20720864868,20.55,0.021,1,151.4153,relay_data_api_concorrente,33070084.33,0.1671
2026-04-30,Post-Shapella,2256.25,2253.98,0.998994,-0.001006,-0.1006,0.001257,0.000997,29.8864,52.6295,32.814,54.1477,3.6355,3.254,0.3815,10.4937,0.001,1.6282,2.8979,2.674,2.639,2.17,99.45,0,0.0,20915932502,20911736886,94588818.0,20597.65,21346.85,50.87,3310608.63,0,0,0,0,yfinance_ETH-USD,yfinance_STETH-USD,beacon_formula_16632_sqrt_S,modelo_teorico_oficial,modelo_invariante_stableswap,32941634.29,0.7377,3.254,102340014543,2.674,20548748101,20.43,0.0126,1,90.9213,relay_data_api_concorrente,32941634.29,0.1007
2026-05-01,Post-Shapella,2295.09,2286.88,0.996423,-0.003577,-0.3577,0.017069,0.014491,33.5985,52.6646,35.4049,54.0699,3.6445,3.2621,0.3824,10.4925,0.001,1.6292,2.9082,2.557,2.5249,1.97,99.45,0,0.0,20612767051,20608608628,95921032.0,20141.76,21729.99,51.81,3357236.12,0,0,0,0,yfinance_ETH-USD,yfinance_STETH-USD,beacon_formula_16632_sqrt_S,modelo_teorico_oficial,modelo_invariante_stableswap,32709153.91,0.7364,3.2621,103376245293,2.557,20836085149,19.94,0.0286,0,205.6719,relay_data_api_concorrente,32709153.91,0.2295
2026-05-02,Post-Shapella,2316.23,2314.53,0.999266,-0.000734,-0.0734,0.009168,0.01202,34.434,50.5374,36.7122,52.0409,3.65,3.267,0.383,10.4932,0.001,1.6303,2.9162,2.448,2.4186,1.77,99.45,0,0.0,20823231009,20819047197,97014143.0,20620.46,21279.66,50.77,3395495.01,0,0,0,0,yfinance_ETH-USD,yfinance_STETH-USD,beacon_formula_16632_sqrt_S,modelo_teorico_oficial,modelo_invariante_stableswap,32528095.76,0.7338,3.267,103930511440,2.448,21027995759,20.03,0.0445,0,320.4226,relay_data_api_concorrente,32528095.76,0.3595
2026-05-03,Post-Shapella,2321.64,2319.37,0.999022,-0.000978,-0.0978,0.00233,0.00209,29.424,50.5004,30.796,52.0049,3.6481,3.2653,0.3828,10.4931,0.001,1.6313,2.9181,2.375,2.3473,1.75,99.45,0,0.0,21024351160,21020134159,97832201.0,20708.97,21451.27,50.86,3424127.04,0,0,0,0,yfinance_ETH-USD,yfinance_STETH-USD,beacon_formula_16632_sqrt_S,modelo_teorico_oficial,modelo_invariante_stableswap,32486434.26,0.73,3.2653,106018258288,2.375,21234150325,19.83,0.0604,1,435.1732,relay_data_api_concorrente,32486434.26,0.4889
2026-05-04,Post-Shapella,2346.4,2342.59,0.998376,-0.001624,-0.1624,0.010609,0.009962,21.1006,50.5486,18.7436,52.0439,3.6579,3.274,0.3839,10.4951,0.0011,1.6324,2.9327,2.44,2.4108,1.82,99.45,0,0.0,21072424497,21068230154,98580731.0,20548.0,21500.52,51.09,3450325.59,0,0,0,0,yfinance_ETH-USD,yfinance_STETH-USD,beacon_formula_16632_sqrt_S,modelo_teorico_oficial,modelo_invariante_stableswap,32164964.75,0.7253,3.274,106132784856,2.44,21315690812,19.85,0.0635,0,457.3608,relay_data_api_concorrente,32164964.75,0.519
2026-05-05,Post-Shapella,2361.18,2358.85,0.999013,-0.000987,-0.0987,0.006282,0.006915,19.8789,50.1981,17.3903,51.6815,3.6612,3.277,0.3842,10.4938,0.0011,1.6334,2.9416,2.43,2.401,1.83,99.45,0,0.0,21304100288,21299893210,99197121.0,20644.12,21388.66,50.86,3471899.24,0,0,0,0,yfinance_ETH-USD,yfinance_STETH-USD,beacon_formula_16632_sqrt_S,modelo_teorico_oficial,modelo_invariante_stableswap,31970204.45,0.7197,3.277,106314432635,2.43,21331552268,20.03,0.0666,0,479.5484,relay_data_api_concorrente,31970204.45,0.5475
2026-05-06,Post-Shapella,2350.8,2344.49,0.997316,-0.002684,-0.2684,-0.004406,-0.006108,13.4667,50.2575,13.7632,51.7675,3.6636,3.2791,0.3845,10.4951,0.0011,1.6345,2.9502,2.535,2.5035,1.91,99.45,0,0.0,21413858435,21409542251,98266793.0,20281.74,21577.61,51.48,3439337.76,0,0,0,0,yfinance_ETH-USD,yfinance_STETH-USD,beacon_formula_16632_sqrt_S,modelo_teorico_oficial,modelo_invariante_stableswap,31784460.8,0.7135,3.2791,106672850623,2.535,21171703693,20.07,0.0697,0,501.736,relay_data_api_concorrente,31784460.8,0.5762
2026-05-07,Post-Shapella,2291.11,2288.93,0.999048,-0.000952,-0.0952,-0.025721,-0.023981,26.7953,46.6755,25.6848,48.0331,3.6574,3.2735,0.3839,10.4965,0.0011,1.6355,2.9505,3.232,3.181,2.29,99.45,0,0.0,21205758245,21201305951,95772844.0,20547.01,21275.17,50.85,3352049.54,0,0,0,0,yfinance_ETH-USD,yfinance_STETH-USD,beacon_formula_16632_sqrt_S,modelo_teorico_oficial,modelo_invariante_stableswap,31777167.91,0.7069,3.2735,105665281111,3.232,20139254536,20.06,0.0728,1,523.9236,relay_data_api_concorrente,31777167.91,0.6018
2026-05-08,Post-Shapella,2306.97,2305.26,0.999259,-0.000741,-0.0741,0.006901,0.007108,24.2452,45.9063,24.0357,47.3124,3.6555,3.2718,0.3837,10.4965,0.0011,1.6366,2.9554,2.599,2.5659,1.75,99.45,0,0.0,20239417960,20234996653,96842694.0,20665.42,21328.7,50.77,3389494.29,0,0,0,0,yfinance_ETH-USD,yfinance_STETH-USD,beacon_formula_16632_sqrt_S,modelo_teorico_oficial,modelo_invariante_stableswap,31672864.56,0.7001,3.2718,103897457317,2.599,20395616761,19.48,0.074,1,532.8424,relay_data_api_concorrente,31672864.56,0.6141
2026-05-09,Post-Shapella,2326.73,2325.39,0.999424,-0.000576,-0.0576,0.008527,0.008696,24.1136,45.9588,23.227,47.3655,3.6543,3.2707,0.3836,10.4972,0.0011,1.6376,2.9608,2.533,2.5015,1.7,99.45,0,0.0,20376089786,20371471460,97449722.0,20644.19,21250.75,50.71,3410740.27,0,0,0,0,yfinance_ETH-USD,yfinance_STETH-USD,beacon_formula_16632_sqrt_S,modelo_teorico_oficial,modelo_invariante_stableswap,31556199.77,0.6934,3.2707,102753159041,2.533,20493346604,19.83,0.0111,1,79.6627,relay_data_api_concorrente,31556199.77,0.0921
2026-05-10,Post-Shapella,2369.04,2372.88,1.001621,0.001621,0.1621,0.018024,0.020216,27.2406,45.566,27.2423,47.0927,3.6577,3.2738,0.3839,10.4957,0.0011,1.6387,2.9707,2.421,2.3922,1.45,99.45,0,0.0,20466751510,20462114274,98930043.0,20917.75,20808.07,49.91,3462551.51,0,0,0,0,yfinance_ETH-USD,yfinance_STETH-USD,beacon_formula_16632_sqrt_S,modelo_teorico_oficial,modelo_invariante_stableswap,31347398.15,0.687,3.2738,104952758788,2.421,20673584619,19.5,0.0083,1,60.013,relay_data_api_concorrente,31347398.15,0.0699
2026-05-11,Post-Shapella,2339.36,2339.6,1.000103,0.000103,0.0103,-0.012609,-0.014123,28.3729,45.4573,29.1234,47.0444,3.6544,3.2708,0.3836,10.4969,0.0011,1.6397,2.9732,2.481,2.4508,1.42,99.45,0,0.0,20755130633,20750349784,97892009.0,20729.47,21114.0,50.46,3426220.32,0,0,0,0,yfinance_ETH-USD,yfinance_STETH-USD,beacon_formula_16632_sqrt_S,modelo_teorico_oficial,modelo_invariante_stableswap,31292958.87,0.6811,3.2708,106092994728,2.481,20495953911,19.56,0.0109,1,78.6292,relay_data_api_concorrente,31292958.87,0.0917
2026-05-12,Post-Shapella,2274.64,2278.6,1.001741,0.001741,0.1741,-0.028054,-0.026421,33.7554,44.0893,33.7605,45.5919,3.6495,3.2665,0.383,10.4946,0.001,1.6408,2.9735,2.506,2.4752,1.43,99.45,0,0.0,20495733191,20490898300,94511364.0,20830.85,20683.18,49.87,3307897.74,0,0,0,0,yfinance_ETH-USD,yfinance_STETH-USD,beacon_formula_16632_sqrt_S,modelo_teorico_oficial,modelo_invariante_stableswap,31286888.45,0.6759,3.2665,105192893036,2.506,20006228588,19.48,0.0115,0,83.1415,relay_data_api_concorrente,31286888.45,0.097
2026-05-13,Post-Shapella,2257.58,2257.53,0.999978,-2.2e-05,-0.0022,-0.007532,-0.009289,33.7785,34.2831,33.905,35.9761,3.651,3.2678,0.3832,10.4958,0.001,1.6418,2.9793,2.452,2.4225,1.31,99.45,0,0.0,20015760669,20011065119,93380496.0,20471.56,20892.0,50.51,3268317.36,0,0,0,0,yfinance_ETH-USD,yfinance_STETH-USD,beacon_formula_16632_sqrt_S,modelo_teorico_oficial,modelo_invariante_stableswap,31165006.64,0.6717,3.2678,103394465738,2.452,19787887597,19.35,0.0122,0,87.6537,relay_data_api_concorrente,31165006.64,0.1027
2026-05-14,Post-Shapella,2280.93,2288.21,1.003192,0.003192,0.3192,0.010294,0.0135,30.7174,33.8515,32.1666,35.5074,3.6615,3.2773,0.3842,10.493,0.0011,1.6429,2.9931,2.47,2.4401,1.35,99.45,0,0.0,19810253674,19805712340,94880726.0,21075.05,20457.05,49.34,3320825.41,0,0,0,0,yfinance_ETH-USD,yfinance_STETH-USD,beacon_formula_16632_sqrt_S,modelo_teorico_oficial,modelo_invariante_stableswap,30879039.25,0.6684,3.2773,102680991919,2.47,20139999171,19.29,0.0128,1,92.1659,relay_data_api_concorrente,30879039.25,0.1089
2026-05-15,Post-Shapella,2223.33,2223.26,0.999969,-3.1e-05,-0.0031,-0.02558,-0.028796,34.5809,34.4227,37.3418,36.1865,3.6537,3.2702,0.3835,10.4962,0.0011,1.6439,2.9872,2.41,2.3815,1.62,99.45,0,0.0,20045016403,20040413353,91754505.0,20423.46,20846.15,50.51,3211407.68,0,0,0,0,yfinance_ETH-USD,yfinance_STETH-USD,beacon_formula_16632_sqrt_S,modelo_teorico_oficial,modelo_invariante_stableswap,31000644.55,0.6665,3.2702,103588408889,2.41,19434994742,19.35,0.0086,1,61.9397,relay_data_api_concorrente,31000644.55,0.0729
2026-05-16,Post-Shapella,2179.75,2180.55,1.000367,0.000367,0.0367,-0.019794,-0.019397,33.7412,34.9719,36.4945,36.6821,3.6483,3.2654,0.3829,10.4953,0.001,1.645,2.9825,2.427,2.3981,1.34,99.45,0,0.0,19515486957,19511040443,90117372.0,20520.16,20815.19,50.37,3154108.02,0,0,0,0,yfinance_ETH-USD,yfinance_STETH-USD,beacon_formula_16632_sqrt_S,modelo_teorico_oficial,modelo_invariante_stableswap,31098735.6,0.6658,3.2654,101418910981,2.427,19298443995,19.24,0.0081,0,58.5958,relay_data_api_concorrente,31098735.6,0.0688
2026-05-17,Post-Shapella,2127.65,2127.0,0.999694,-0.000306,-0.0306,-0.024195,-0.024865,25.7536,33.6743,27.9077,35.5983,3.639,3.2571,0.3819,10.4946,0.001,1.646,2.9725,2.369,2.3414,1.24,99.45,0,0.0,19275178512,19270881673,90302014.0,20961.92,21486.78,50.61,3160570.49,0,0,0,0,yfinance_ETH-USD,yfinance_STETH-USD,beacon_formula_16632_sqrt_S,modelo_teorico_oficial,modelo_invariante_stableswap,31309319.6,0.6666,3.2571,100212641125,2.369,19334113103,19.23,0.0077,0,55.2519,relay_data_api_concorrente,31309319.6,0.0644
2026-05-18,Post-Shapella,2128.52,2128.77,1.000117,0.000117,0.0117,0.000409,0.000832,28.1972,32.4693,30.3783,33.9629,3.643,3.2607,0.3823,10.4941,0.001,1.6471,2.9742,2.426,2.3971,1.4,99.45,0,0.0,18730971917,18726712464,88409505.0,20578.35,20954.86,50.46,3094332.68,0,0,0,0,yfinance_ETH-USD,yfinance_STETH-USD,beacon_formula_16632_sqrt_S,modelo_teorico_oficial,modelo_invariante_stableswap,31273157.98,0.6688,3.2607,98577539040,2.426,18953649370,19.0,0.0072,1,51.9081,relay_data_api_concorrente,31273157.98,0.0606
2026-05-19,Post-Shapella,2109.96,2110.78,1.000389,0.000389,0.0389,-0.008754,-0.008489,25.4438,30.1462,28.4325,31.6327,3.6481,3.2652,0.3829,10.4959,0.001,1.6481,2.9755,2.393,2.3649,1.37,99.45,0,0.0,18897816391,18893551229,87348132.0,20550.19,20839.72,50.36,3057184.62,0,0,0,0,yfinance_ETH-USD,yfinance_STETH-USD,beacon_formula_16632_sqrt_S,modelo_teorico_oficial,modelo_invariante_stableswap,31246061.01,0.6726,3.2652,98280651851,2.393,18666975969,19.22,0.0112,0,80.407,relay_data_api_concorrente,31246061.01,0.0939
2026-05-20,Post-Shapella,2126.98,2125.4,0.999257,-0.000743,-0.0743,0.008034,0.006903,28.8861,29.1051,31.2639,30.6848,3.6549,3.2713,0.3836,10.4955,0.0011,1.6492,2.977,2.379,2.3512,1.25,99.45,0,0.0,18720266657,18716060420,87946744.0,20354.91,21008.87,50.77,3078136.04,0,0,0,0,yfinance_ETH-USD,yfinance_STETH-USD,beacon_formula_16632_sqrt_S,modelo_teorico_oficial,modelo_invariante_stableswap,31213635.69,0.6779,3.2713,97235810299,2.379,18778193777,19.25,0.0151,1,108.906,relay_data_api_concorrente,31213635.69,0.1274
2026-05-21,Post-Shapella,2131.41,2132.8,1.000652,0.000652,0.0652,0.002079,0.003477,26.1083,29.0063,27.5704,30.5618,3.6577,3.2738,0.3839,10.4957,0.0011,1.6502,2.9731,2.412,2.3834,1.39,99.45,0,0.0,18863103053,18858803626,88270024.0,20598.44,20801.9,50.26,3089450.84,0,0,0,0,yfinance_ETH-USD,yfinance_STETH-USD,beacon_formula_16632_sqrt_S,modelo_teorico_oficial,modelo_invariante_stableswap,31296288.99,0.6846,3.2738,96995596315,2.412,18882931429,19.44,0.0086,1,61.7431,relay_data_api_concorrente,31296288.99,0.072
2026-05-22,Post-Shapella,2064.64,2064.59,0.999976,-2.4e-05,-0.0024,-0.03183,-0.032502,28.6857,29.4284,29.1862,30.8006,3.663,3.2786,0.3844,10.4941,0.0011,1.6513,2.9702,2.345,2.318,1.26,99.45,0,0.0,18860928751,18856578901,85785264.0,20563.94,20986.31,50.51,3002484.24,0,0,0,0,yfinance_ETH-USD,yfinance_STETH-USD,beacon_formula_16632_sqrt_S,modelo_teorico_oficial,modelo_invariante_stableswap,31356164.29,0.6928,3.2786,97089539588,2.345,18356177238,19.42,0.0058,1,42.0648,relay_data_api_concorrente,31356164.29,0.049
2026-05-23,Post-Shapella,2115.95,2116.4,1.000213,0.000213,0.0213,0.02455,0.024784,36.7562,30.6608,37.3571,31.8409,3.6796,3.2934,0.3862,10.4957,0.0011,1.6524,2.9773,2.355,2.3278,1.25,99.45,0,0.0,18313879753,18309671822,87276575.0,20449.33,20793.24,50.42,3054680.13,0,0,0,0,yfinance_ETH-USD,yfinance_STETH-USD,beacon_formula_16632_sqrt_S,modelo_teorico_oficial,modelo_invariante_stableswap,31206827.03,0.7023,3.2934,95087536567,2.355,18781582906,19.26,0.0066,0,47.65,relay_data_api_concorrente,31206827.03,0.0557
2026-05-24,Post-Shapella,2097.99,2099.32,1.000634,0.000634,0.0634,-0.008523,-0.008102,33.146,30.6917,33.4953,31.8783,3.693,3.3054,0.3876,10.4955,0.0011,1.6534,2.9801,2.363,2.3356,1.24,99.45,0,0.0,18762899492,18758620507,86174393.0,20427.05,20634.61,50.27,3016103.76,0,0,0,0,yfinance_ETH-USD,yfinance_STETH-USD,beacon_formula_16632_sqrt_S,modelo_teorico_oficial,modelo_invariante_stableswap,31148631.23,0.7129,3.3054,96671284563,2.363,18527161225,19.4,0.0074,0,53.2353,relay_data_api_concorrente,31148631.23,0.0624
2026-05-25,Post-Shapella,2111.37,2109.87,0.99929,-0.00071,-0.071,0.006356,0.005012,33.6832,30.8362,33.8348,31.968,3.7038,3.3151,0.3887,10.4946,0.0011,1.6545,2.9792,2.358,2.3307,1.26,99.45,0,0.0,18658829964,18654571407,87351374.0,20372.02,21014.8,50.76,3057298.09,0,0,0,0,yfinance_ETH-USD,yfinance_STETH-USD,beacon_formula_16632_sqrt_S,modelo_teorico_oficial,modelo_invariante_stableswap,31167333.65,0.7246,3.3151,96143092912,2.358,18723755999,19.4,0.0082,1,58.8205,relay_data_api_concorrente,31167333.65,0.0689
2026-05-26,Post-Shapella,2070.86,2070.6,0.999874,-0.000126,-0.0126,-0.019374,-0.018788,35.9381,29.9897,35.9236,30.826,3.7149,3.3251,0.3898,10.4929,0.0011,1.6555,2.9779,2.368,2.3405,1.27,99.45,0,0.0,18661365881,18657146825,85845101.0,20501.04,20955.43,50.54,3004578.54,0,0,0,0,yfinance_ETH-USD,yfinance_STETH-USD,beacon_formula_16632_sqrt_S,modelo_teorico_oficial,modelo_invariante_stableswap,31194866.4,0.737,3.3251,96573198511,2.368,18342825877,19.32,0.0457,1,329.2984,relay_data_api_concorrente,31194866.4,0.3853
2026-05-27,Post-Shapella,2022.2,2021.18,0.999496,-0.000504,-0.0504,-0.023778,-0.024157,37.4813,29.5524,37.8013,29.9585,3.7208,3.3303,0.3905,10.4951,0.0011,1.6566,2.9707,2.393,2.3649,1.49,99.45,0,0.0,18409014218,18404835814,84250177.0,20546.51,21126.78,50.68,2948756.2,0,0,0,0,yfinance_ETH-USD,yfinance_STETH-USD,beacon_formula_16632_sqrt_S,modelo_teorico_oficial,modelo_invariante_stableswap,31346306.12,0.7501,3.3303,94811678421,2.393,17971037204,19.41,0.0057,1,41.2596,relay_data_api_concorrente,31346306.12,0.048
2026-05-28,Post-Shapella,2007.55,2005.86,0.999158,-0.000842,-0.0842,-0.007269,-0.007608,36.6699,29.5651,36.7322,29.9792,3.7322,3.3405,0.3917,10.4952,0.0011,1.6577,2.9685,2.464,2.4342,1.61,99.45,0,0.0,17955088381,17950971319,83181236.0,20382.59,21069.35,50.81,2911343.26,0,0,0,0,yfinance_ETH-USD,yfinance_STETH-USD,beacon_formula_16632_sqrt_S,modelo_teorico_oficial,modelo_invariante_stableswap,31393285.06,0.7637,3.3405,93616923853,2.464,17838550893,19.17,0.0048,0,34.7309,relay_data_api_concorrente,31393285.06,0.0404
2026-05-29,Post-Shapella,2011.98,2010.07,0.999051,-0.000949,-0.0949,0.002202,0.002095,31.3812,29.3533,31.2128,29.9082,3.7524,3.3586,0.3938,10.4946,0.0011,1.6588,2.975,2.403,2.3747,1.41,99.45,0,0.0,17830570086,17826459393,83119343.0,20306.45,21025.73,50.85,2909177.01,0,0,0,0,yfinance_ETH-USD,yfinance_STETH-USD,beacon_formula_16632_sqrt_S,modelo_teorico_oficial,modelo_invariante_stableswap,31256436.04,0.7774,3.3586,93124275857,2.403,17870628834,19.14,0.0039,0,28.2022,relay_data_api_concorrente,31256436.04,0.0329
2026-05-30,Post-Shapella,2019.46,2020.13,1.000332,0.000332,0.0332,0.003711,0.004995,22.2528,29.4187,22.1283,30.0209,3.7613,3.3665,0.3948,10.4964,0.0011,1.6599,2.9702,2.391,2.3629,1.29,99.45,0,0.0,17883643782,17879548763,83610961.0,20544.93,20850.79,50.38,2926383.64,0,0,0,0,yfinance_ETH-USD,yfinance_STETH-USD,beacon_formula_16632_sqrt_S,modelo_teorico_oficial,modelo_invariante_stableswap,31356936.9,0.7911,3.3665,92504164046,2.391,17914493692,19.33,0.003,1,21.6735,relay_data_api_concorrente,31356936.9,0.0252
2026-05-31,Post-Shapella,2004.34,2003.43,0.999546,-0.000454,-0.0454,-0.007514,-0.008305,22.2135,28.4691,22.1369,29.3322,3.7749,3.3787,0.3962,10.4956,0.0011,1.6609,2.9704,2.365,2.3375,1.24,99.45,0,0.0,17907241355,17903121070,83179021.0,20473.01,21036.0,50.67,2911265.74,0,0,0,0,yfinance_ETH-USD,yfinance_STETH-USD,beacon_formula_16632_sqrt_S,modelo_teorico_oficial,modelo_invariante_stableswap,31352405.25,0.8045,3.3787,92818666671,2.365,17832800205,19.29,0.003,0,21.6735,relay_data_api_concorrente,31352405.25,0.0252
